date,y_true,y_pred,logit_tau15,logit_tau16,logit_tau17,p_tau15,p_tau16,p_tau17,fold
2021-10-10,15.100000381469727,0.34410035610198975,-0.3028375804424286,-0.012133769690990448,0.07284294813871384,0.4248639941215515,0.49696657061576843,0.5182026624679565,1
2021-10-11,11.350000381469727,0.40676432847976685,-0.15940892696380615,-0.14878401160240173,0.15729442238807678,0.4602319896221161,0.4628724753856659,0.5392427444458008,1
2021-10-12,11.579999923706055,0.2409019023180008,-0.12451477348804474,-0.20695461332798004,0.1668701320886612,0.46891143918037415,0.448445200920105,0.5416210293769836,1
2021-10-13,13.260000228881836,0.19306577742099762,-0.11408543586730957,-0.2296617478132248,0.1083301231265068,0.47150951623916626,0.44283559918403625,0.527056097984314,1
2021-10-14,14.130000114440918,0.4175218939781189,-0.1620929092168808,-0.11766707897186279,0.26295480132102966,0.45956525206565857,0.4706171154975891,0.5653625130653381,1
2021-10-15,17.010000228881836,0.28823423385620117,-0.050327375531196594,-0.0989384651184082,0.33022356033325195,0.48742082715034485,0.4752855896949768,0.5818137526512146,1
2021-10-16,14.109999656677246,0.19897104799747467,-0.08057446777820587,-0.0928526297211647,0.2538060247898102,0.47986727952957153,0.4768035113811493,0.5631130337715149,1
2021-10-17,13.319999694824219,0.31361860036849976,-0.02956504374742508,-0.23965740203857422,0.31166642904281616,0.49260929226875305,0.4403707683086395,0.5772919654846191,1
2021-10-18,14.239999771118164,0.25159770250320435,-0.03507161885499954,-0.20576336979866028,0.27619367837905884,0.4912329912185669,0.4487398564815521,0.568612813949585,1
2021-10-19,15.479999542236328,0.28978466987609863,-0.0036206506192684174,-0.08559874445199966,0.19009003043174744,0.49909481406211853,0.47861337661743164,0.5473799109458923,1
2021-10-20,19.600000381469727,0.14518803358078003,-0.10584589838981628,-0.06812718510627747,0.19724179804325104,0.47356322407722473,0.4829748272895813,0.5491511821746826,1
2021-10-21,15.5600004196167,0.16729705035686493,0.005677416920661926,-0.1113319993019104,0.27814286947250366,0.5014193058013916,0.47219571471214294,0.5690909028053284,1
2021-10-22,13.3100004196167,0.16673699021339417,-0.13747161626815796,-0.10554560273885727,0.19973571598529816,0.4656861126422882,0.4736380875110626,0.5497686266899109,1
2021-10-23,15.1899995803833,0.2260938137769699,-0.14975124597549438,-0.05119778960943222,0.10376724600791931,0.4626320004463196,0.48720329999923706,0.5259186029434204,1
2021-10-24,17.0,0.274955153465271,-0.15907986462116241,-0.010040141642093658,-0.021326035261154175,0.46031370759010315,0.49748995900154114,0.49466872215270996,1
2021-10-25,15.170000076293945,0.30058252811431885,-0.2724995017051697,-0.0043298229575157166,0.06795204430818558,0.432293564081192,0.4989175498485565,0.5169814825057983,1
2021-10-26,14.34000015258789,0.22866405546665192,-0.1778726428747177,-0.12315239012241364,0.13665440678596497,0.4556487202644348,0.46925073862075806,0.5341105461120605,1
2021-10-27,15.40999984741211,0.41364794969558716,-0.24031096696853638,-0.12599895894527435,0.16715624928474426,0.4402097165584564,0.46854183077812195,0.5416920185089111,1
2021-10-28,15.170000076293945,0.4868166446685791,-0.302965372800827,-0.16811944544315338,0.10326708108186722,0.4248327314853668,0.4580688774585724,0.5257938504219055,1
2021-10-29,13.399999618530273,0.5027763247489929,-0.16530701518058777,-0.16772587597370148,0.1103120967745781,0.4587671160697937,0.45816653966903687,0.5275501012802124,1
2021-10-30,15.119999885559082,0.531663179397583,-0.08683067560195923,-0.21131812036037445,0.2093038260936737,0.4783059358596802,0.4473661780357361,0.5521357655525208,1
2021-10-31,12.800000190734863,0.5184056162834167,-0.1250878870487213,-0.31405383348464966,0.21192055940628052,0.46876874566078186,0.42212557792663574,0.5527827739715576,1
2021-11-01,12.34000015258789,0.5322772264480591,-0.23840272426605225,-0.21880045533180237,0.27668946981430054,0.44067999720573425,0.44551706314086914,0.5687344074249268,1
2021-11-02,13.029999732971191,0.44784146547317505,-0.15514534711837769,-0.21665139496326447,0.18807366490364075,0.46129128336906433,0.4460480511188507,0.546880304813385,1
2021-11-03,13.199999809265137,0.4379308819770813,-0.07309234142303467,-0.1987263560295105,0.10009494423866272,0.4817350208759308,0.45048126578330994,0.5250028371810913,1
2021-11-04,14.390000343322754,0.38520002365112305,-0.18904715776443481,-0.18359294533729553,0.18516986072063446,0.452878475189209,0.45423024892807007,0.5461606383323669,1
2021-11-05,11.539999961853027,0.27847862243652344,-0.08442705869674683,-0.2653246521949768,0.14889952540397644,0.4789057672023773,0.43405529856681824,0.5371562242507935,1
2021-11-06,12.819999694824219,0.27213072776794434,-0.12094652652740479,-0.24496552348136902,0.10341858118772507,0.4698001742362976,0.43906301259994507,0.5258316397666931,1
2021-11-07,13.539999961853027,0.2282053381204605,-0.14763396978378296,-0.23168011009693146,0.0664801225066185,0.46315839886665344,0.44233766198158264,0.5166139006614685,1
2021-11-08,13.920000076293945,0.1927446871995926,-0.12022091448307037,-0.19638429582118988,0.11697042733430862,0.4699808955192566,0.45106109976768494,0.529209315776825,1
2021-11-09,15.800000190734863,0.19699405133724213,-0.04884310066699982,-0.31384778022766113,0.19573083519935608,0.48779165744781494,0.422175794839859,0.5487771034240723,1
2021-11-10,14.6899995803833,0.14733664691448212,-0.07644379138946533,-0.29535430669784546,0.21539127826690674,0.48089835047721863,0.4266935884952545,0.5536406636238098,1
2021-11-11,12.829999923706055,0.24504877626895905,-0.11681440472602844,-0.24247626960277557,0.21266162395477295,0.4708295464515686,0.4396762251853943,0.5529659390449524,1
2021-11-12,12.319999694824219,0.16559499502182007,-0.1089281439781189,-0.1549433022737503,0.22797690331935883,0.47279486060142517,0.4613414704799652,0.5567486882209778,1
2021-11-13,17.989999771118164,0.20099221169948578,-0.03469201922416687,-0.21754063665866852,0.1631704866886139,0.4913278818130493,0.4458283483982086,0.5407023429870605,1
2021-11-14,17.940000534057617,0.13425056636333466,-0.03991473466157913,-0.24777767062187195,0.06965196132659912,0.4900226891040802,0.43837055563926697,0.5174059867858887,1
2021-11-15,11.800000190734863,0.21981699764728546,0.04405617713928223,-0.23536978662014008,0.19512611627578735,0.5110122561454773,0.44142770767211914,0.5486273765563965,1
2021-11-16,11.890000343322754,0.20472456514835358,-0.01682904362678528,-0.18273195624351501,0.2170390784740448,0.49579280614852905,0.4544437527656555,0.5540477633476257,1
2021-11-17,12.220000267028809,0.2390548139810562,-0.1136033833026886,-0.10620611906051636,0.13996638357639313,0.47162964940071106,0.4734733998775482,0.5349345803260803,1
2021-11-18,13.130000114440918,0.1849253624677658,0.03388934209942818,-0.20747467875480652,0.058105386793613434,0.5084714889526367,0.4483166038990021,0.5145222544670105,1
2021-11-19,16.360000610351562,0.19383569061756134,0.07322493195533752,-0.16809993982315063,0.1842656284570694,0.5182980895042419,0.4580736756324768,0.5459365248680115,1
2021-11-20,12.850000381469727,0.17228475213050842,0.04424065351486206,-0.22235296666622162,0.16321375966072083,0.5110583305358887,0.444639652967453,0.5407131314277649,1
2021-11-21,11.65999984741211,0.23649908602237701,-0.02130049467086792,-0.19262292981147766,0.1189734935760498,0.49467501044273376,0.45199263095855713,0.5297083258628845,1
2021-11-22,13.699999809265137,0.20403195917606354,-0.03865252435207367,-0.16569137573242188,0.1672237366437912,0.4903380870819092,0.4586716890335083,0.5417088270187378,1
2021-11-23,13.180000305175781,0.17547738552093506,0.09852690994739532,-0.18148306012153625,0.017467588186264038,0.5246118307113647,0.4547533690929413,0.5043667554855347,1
2021-11-24,13.789999961853027,0.12238951027393341,0.049436502158641815,-0.17002660036087036,0.05548979341983795,0.5123565793037415,0.4575954079627991,0.5138689279556274,1
2021-11-25,12.220000267028809,0.05270584672689438,0.026421457529067993,-0.27561575174331665,0.1389872133731842,0.5066049695014954,0.4315289556980133,0.5346909761428833,1
2021-11-26,10.84000015258789,0.08781562745571136,0.028615668416023254,-0.2708738446235657,0.1666848510503769,0.5071534514427185,0.43269258737564087,0.541575014591217,1
2021-11-27,13.369999885559082,0.23558728396892548,0.10309404134750366,-0.17079082131385803,0.2610442638397217,0.5257506966590881,0.45740577578544617,0.5648930072784424,1
2021-11-28,10.739999771118164,0.18869967758655548,0.11025066673755646,-0.08378586173057556,0.15702122449874878,0.5275347828865051,0.47906574606895447,0.5391748547554016,1
2021-11-29,11.220000267028809,0.23203258216381073,0.17393362522125244,-0.10729740560054779,0.20541273057460785,0.5433741211891174,0.47320130467414856,0.5511733889579773,1
2021-11-30,8.75,0.14692698419094086,0.08837919682264328,-0.1417921483516693,0.16982680559158325,0.5220804214477539,0.4646112322807312,0.542354941368103,1
2021-12-01,9.90999984741211,0.1396961659193039,0.08149442076683044,-0.27150261402130127,0.1597415804862976,0.520362377166748,0.432538241147995,0.539850652217865,1
2021-12-02,10.34000015258789,0.16478215157985687,0.11808305978775024,-0.10228633880615234,0.12713007628917694,0.5294864773750305,0.4744506776332855,0.5317398309707642,1
2021-12-03,10.510000228881836,0.19652612507343292,0.15224722027778625,-0.074097640812397,0.16857075691223145,0.5379884243011475,0.481484055519104,0.542043149471283,1
2021-12-04,11.170000076293945,0.1462969034910202,0.143119677901268,-0.1401544213294983,0.0220213383436203,0.5357189774513245,0.465018630027771,0.5055051445960999,1
2021-12-05,11.520000457763672,0.1330847293138504,0.16145801544189453,-0.16616111993789673,0.1231297180056572,0.5402770638465881,0.4585550129413605,0.5307435989379883,1
2021-12-06,11.8100004196167,0.09082312881946564,0.1084512248635292,-0.2013946771621704,-0.017255038022994995,0.5270862579345703,0.4498208463191986,0.4956863522529602,1
2021-12-07,12.880000114440918,0.15790994465351105,0.2023918330669403,-0.07870784401893616,0.027571775019168854,0.5504259467124939,0.4803331792354584,0.5068925023078918,1
2021-12-08,11.170000076293945,0.13101957738399506,0.19440340995788574,-0.1356116235256195,-0.02963581681251526,0.548448383808136,0.4661489725112915,0.49259158968925476,1
2021-12-09,12.5600004196167,0.03673681616783142,0.10926877707242966,-0.1834648996591568,-0.03576606512069702,0.5272900462150574,0.45426201820373535,0.49105942249298096,1
2021-12-10,12.40999984741211,0.07876704633235931,0.2233608365058899,-0.18394094705581665,0.022379949688911438,0.5556091666221619,0.4541439712047577,0.5055947303771973,1
2021-12-11,12.3100004196167,0.02449796348810196,0.11704911291599274,-0.1826297640800476,-0.05970139801502228,0.529228925704956,0.45446905493736267,0.4850790500640869,1
2021-12-12,12.1899995803833,0.03277559578418732,0.10171163827180862,-0.14635422825813293,0.061323970556259155,0.525406002998352,0.46347662806510925,0.515326201915741,1
2021-12-13,13.130000114440918,-0.06056822091341019,0.1507936716079712,-0.15806549787521362,0.022699177265167236,0.5376271605491638,0.4605656862258911,0.5056745409965515,1
2021-12-14,13.100000381469727,0.010923348367214203,0.19623160362243652,-0.1789916455745697,0.07544087618589401,0.5489010810852051,0.4553712010383606,0.5188512802124023,1
2021-12-15,11.09000015258789,-0.05197902023792267,0.2079140841960907,-0.16360068321228027,0.06232668459415436,0.5517920851707458,0.45919081568717957,0.5155766010284424,1
2021-12-16,11.569999694824219,0.0355570912361145,0.2778300642967224,-0.16627851128578186,0.09341690689325333,0.5690141320228577,0.4585258662700653,0.5233373045921326,1
2021-12-17,12.640000343322754,0.029158592224121094,0.27279409766197205,-0.1521279215812683,0.11390214413404465,0.5677787661552429,0.4620412290096283,0.5284448266029358,1
2021-12-18,17.510000228881836,-0.014971718192100525,0.2677419185638428,-0.23069258034229279,0.1355109065771103,0.5665385127067566,0.44258129596710205,0.5338259935379028,1
2021-12-19,17.979999542236328,-0.019191555678844452,0.28430742025375366,-0.22391165792942047,0.10380563139915466,0.5706019401550293,0.4442547857761383,0.5259280800819397,1
2021-12-20,13.069999694824219,-0.03293620049953461,0.2598738670349121,-0.19953730702400208,0.09632820636034012,0.5646052956581116,0.4502805769443512,0.5240634679794312,1
2021-12-21,12.359999656677246,0.021242260932922363,0.25134119391441345,-0.17158426344394684,0.0049497634172439575,0.5625066161155701,0.45720887184143066,0.5012374520301819,1
2021-12-22,11.880000114440918,0.14327062666416168,0.3570590019226074,-0.06212177127599716,0.04471598565578461,0.5883282423019409,0.4844745993614197,0.511177122592926,1
2021-12-23,12.0600004196167,0.14230690896511078,0.3963189721107483,0.08318474888801575,-0.05688510835170746,0.5978029370307922,0.5207841992378235,0.48578256368637085,1
2021-12-24,11.479999542236328,0.09070490300655365,0.28903138637542725,-0.07416759431362152,0.11209098994731903,0.5717589855194092,0.4814665913581848,0.5279934406280518,1
2021-12-25,11.020000457763672,0.0941237360239029,0.20490328967571259,-0.052528299391269684,0.07525122910737991,0.5510473251342773,0.48687100410461426,0.5188039541244507,1
2021-12-26,12.369999885559082,0.17364664375782013,0.19380313158035278,-0.007601693272590637,0.05683615058660507,0.5482996702194214,0.49809953570365906,0.5142052173614502,1
2021-12-27,13.369999885559082,0.1981339007616043,0.1378043293952942,0.02481836825609207,-0.06787045300006866,0.5343966484069824,0.5062043070793152,0.48303890228271484,1
2021-12-28,12.34000015258789,0.26674193143844604,0.13021638989448547,-0.06679192185401917,-0.036634281277656555,0.532508134841919,0.48330816626548767,0.49084243178367615,1
2021-12-29,12.279999732971191,0.14113809168338776,0.10378244519233704,-0.11396034061908722,-0.20234136283397675,0.5259223580360413,0.4715406894683838,0.44958651065826416,1
2021-12-30,12.84000015258789,0.20326699316501617,0.14764496684074402,-0.25126999616622925,-0.0006927251815795898,0.5368443131446838,0.4375109374523163,0.4998268485069275,1
2021-12-31,12.520000457763672,0.13898088037967682,0.13575544953346252,-0.30217909812927246,-0.04180498421192169,0.5338868498802185,0.4250248372554779,0.48955026268959045,1
2022-01-01,12.789999961853027,0.07373814284801483,0.07973809540271759,-0.3014218807220459,-0.030742838978767395,0.5199239253997803,0.4252099394798279,0.4923148453235626,1
2022-01-02,13.930000305175781,0.015991434454917908,0.11395391821861267,-0.3073197603225708,-0.06835845112800598,0.5284576416015625,0.42376911640167236,0.48291704058647156,1
2022-01-03,14.050000190734863,-0.019038207828998566,0.005458459258079529,-0.2519667446613312,-0.016173318028450012,0.5013645887374878,0.4373394548892975,0.4959567189216614,1
2022-01-04,11.800000190734863,0.04787068068981171,0.17118601500988007,-0.28052544593811035,0.0016082674264907837,0.5426923036575317,0.4303249418735504,0.50040203332901,1
2022-01-05,12.130000114440918,0.03985480219125748,0.0980067104101181,-0.1650409698486328,-0.024852022528648376,0.5244820713996887,0.45883315801620483,0.49378731846809387,1
2022-01-06,11.100000381469727,0.09639962017536163,0.1755245327949524,-0.12432226538658142,0.01859159767627716,0.5437688231468201,0.46895942091941833,0.5046477317810059,1
2022-01-07,12.550000190734863,0.04590986669063568,0.1311650276184082,-0.22023171186447144,-0.04661032557487488,0.532744288444519,0.4451635181903839,0.4883494973182678,1
2022-01-08,15.3100004196167,0.09958338737487793,0.1549898236989975,-0.16251765191555023,0.05465100705623627,0.5386700630187988,0.4594597816467285,0.5136593580245972,1
2022-01-09,15.319999694824219,0.09200210869312286,0.12362856417894363,-0.12980030477046967,-0.019860342144966125,0.5308678150177002,0.4675954282283783,0.4950350821018219,1
2022-01-10,13.609999656677246,0.1627674549818039,0.11452782899141312,-0.11348558962345123,0.018399111926555634,0.5286006927490234,0.47165900468826294,0.5045996308326721,1
2022-01-11,10.989999771118164,0.12282393872737885,0.1885283887386322,-0.09744898229837418,-0.015485167503356934,0.5469930171966553,0.47565704584121704,0.49612879753112793,1
2022-01-12,12.859999656677246,0.09422068297863007,0.1416955292224884,-0.2092907428741455,-0.07668361067771912,0.5353647470474243,0.4478674829006195,0.48083847761154175,1
2022-01-13,11.890000343322754,0.13142184913158417,0.189926877617836,-0.18539196252822876,0.05102374404668808,0.5473395586013794,0.453784316778183,0.5127531886100769,1
2022-01-14,14.329999923706055,0.08991436660289764,0.2068272978067398,-0.24501633644104004,0.09804316610097885,0.5515233278274536,0.4390505254268646,0.5244911909103394,1
2022-01-15,12.260000228881836,0.08483536541461945,0.1190604716539383,-0.19561165571212769,0.12750102579593658,0.529729962348938,0.45125246047973633,0.5318321585655212,1
2022-01-16,13.069999694824219,0.03874851018190384,0.10859216749668121,-0.20073843002319336,0.11215709894895554,0.5271214246749878,0.44998326897621155,0.5280099511146545,1
2022-01-17,12.979999542236328,0.04287903010845184,0.12281982600688934,-0.17220555245876312,0.008812353014945984,0.5306664109230042,0.45705467462539673,0.5022030472755432,1
2022-01-18,13.619999885559082,0.0678471177816391,0.1326008141040802,-0.18670077621936798,0.004155442118644714,0.5331016778945923,0.4534599483013153,0.5010388493537903,1
2022-01-19,11.050000190734863,0.06529109179973602,0.11337710916996002,-0.18367880582809448,-0.08099456131458282,0.528313934803009,0.45420894026756287,0.4797624349594116,1
2022-01-20,11.050000190734863,0.12547394633293152,0.18863703310489655,-0.10210385173559189,0.06392988562583923,0.547019898891449,0.47449615597724915,0.5159770250320435,1
2022-01-21,15.600000381469727,0.07906235754489899,0.16204416751861572,-0.24889524281024933,0.006064549088478088,0.5404226183891296,0.43809542059898376,0.5015161633491516,1
2022-01-22,15.829999923706055,0.15400879085063934,0.23219330608844757,-0.10513271391391754,0.09219563752412796,0.5577889680862427,0.4737410247325897,0.5230326056480408,1
2022-01-23,17.56999969482422,0.11504052579402924,0.15783490240573883,-0.14682084321975708,0.024730488657951355,0.5393770337104797,0.46336060762405396,0.5061823129653931,1
2022-01-24,17.940000534057617,0.053695403039455414,0.15379078686237335,-0.1624312400817871,0.013035252690315247,0.5383720993995667,0.45948120951652527,0.5032587647438049,1
2022-01-25,15.819999694824219,0.16042256355285645,0.18798194825649261,-0.11604427546262741,0.06604819744825363,0.5468575358390808,0.47102147340774536,0.5165060758590698,1
2022-01-26,17.8799991607666,0.03163239359855652,0.13458693027496338,-0.24450086057186127,-0.017105042934417725,0.5335960388183594,0.4391774833202362,0.4957238435745239,1
2022-01-27,17.530000686645508,0.07253432273864746,0.19194810092449188,-0.1645565778017044,0.07007249444723129,0.5478402376174927,0.4589534401893616,0.5175109505653381,1
2022-01-28,16.850000381469727,0.1311672180891037,0.25585508346557617,-0.13456788659095764,0.151269793510437,0.5636171102523804,0.46640872955322266,0.537745475769043,1
2022-01-29,15.859999656677246,0.1759723573923111,0.3798757791519165,-0.12302149087190628,0.23305153846740723,0.5938431620597839,0.4692833423614502,0.5580006837844849,1
2022-01-30,14.949999809265137,0.2222411185503006,0.3940197825431824,-0.1520533263683319,0.2823778986930847,0.5972499847412109,0.46205976605415344,0.5701290965080261,1
2022-01-31,16.84000015258789,0.2526925206184387,0.46877574920654297,-0.09066065400838852,0.30011987686157227,0.6150939464569092,0.4773503839969635,0.5744718313217163,1
2022-02-01,16.399999618530273,0.3383176326751709,0.557722270488739,-0.05410613864660263,0.3447134494781494,0.6359253525733948,0.4864767789840698,0.5853350162506104,1
2022-02-02,16.34000015258789,0.2917443513870239,0.42831143736839294,-0.1373654305934906,0.3199514150619507,0.6054703593254089,0.4657125473022461,0.5793124437332153,1
2022-02-03,17.09000015258789,0.35331451892852783,0.3941384553909302,-0.11694815009832382,0.3443928360939026,0.5972785353660583,0.47079625725746155,0.5852572321891785,1
2022-02-04,16.299999237060547,0.3837299346923828,0.4314223527908325,-0.1624332070350647,0.3546617031097412,0.6062132716178894,0.45948076248168945,0.5877475142478943,1
2022-02-05,16.399999618530273,0.3997611403465271,0.4633501470088959,-0.08031630516052246,0.29987743496894836,0.6138086318969727,0.4799317419528961,0.5744125843048096,1
2022-02-06,15.289999961853027,0.40208548307418823,0.500296413898468,-0.05708388239145279,0.31157737970352173,0.6225289702415466,0.48573294281959534,0.5772702097892761,1
2022-02-07,16.079999923706055,0.40745794773101807,0.48469698429107666,-0.08461889624595642,0.3459621071815491,0.6188563704490662,0.4788579046726227,0.5856380462646484,1
2022-02-08,16.360000610351562,0.43766123056411743,0.42311859130859375,-0.053077489137649536,0.36771488189697266,0.6042292714118958,0.4867337644100189,0.5909066796302795,1
2022-02-09,14.5600004196167,0.386266827583313,0.3812801241874695,-0.07638264447450638,0.3373119831085205,0.5941818356513977,0.48091360926628113,0.5835374593734741,1
2022-02-10,14.229999542236328,0.37006598711013794,0.2564330995082855,-0.05224786698818207,0.2822708487510681,0.5637592673301697,0.48694097995758057,0.570102870464325,1
2022-02-11,15.739999771118164,0.3785024881362915,0.22690337896347046,-0.07447453588247299,0.2968042492866516,0.5564836859703064,0.48138996958732605,0.5736610889434814,1
2022-02-12,16.450000762939453,0.36072492599487305,0.1459367573261261,-0.013784416019916534,0.22746118903160095,0.5364195704460144,0.4965539574623108,0.5566213726997375,1
2022-02-13,14.239999771118164,0.38960736989974976,0.23896300792694092,-0.06538357585668564,0.254606693983078,0.5594580769538879,0.483659952878952,0.5633100271224976,1
2022-02-14,14.829999923706055,0.3246511220932007,0.18924367427825928,-0.009993702173233032,0.25190311670303345,0.5471702218055725,0.49750158190727234,0.562644898891449,1
2022-02-15,14.170000076293945,0.3563319444656372,0.2085151970386505,-0.09198164194822311,0.2746681869029999,0.5519407391548157,0.477020800113678,0.5682386159896851,1
2022-02-16,12.420000076293945,0.2974444031715393,0.16236282885074615,-0.11262300610542297,0.24708020687103271,0.5405017733573914,0.471873939037323,0.5614576935768127,1
2022-02-17,11.979999542236328,0.34436744451522827,0.2062893956899643,-0.032684020698070526,0.3538913428783417,0.5513902306556702,0.49182969331741333,0.5875608921051025,1
2022-02-18,13.84000015258789,0.31532925367355347,0.20701761543750763,-0.016928881406784058,0.23908063769340515,0.5515704154968262,0.49576783180236816,0.5594871044158936,1
2022-02-19,13.0600004196167,0.36942291259765625,0.18271028995513916,-0.09339094907045364,0.27257001399993896,0.5455509424209595,0.47666922211647034,0.5677237510681152,1
2022-02-20,14.65999984741211,0.3446234464645386,0.1838546246290207,-0.14496949315071106,0.26745468378067017,0.5458346009254456,0.4638209939002991,0.5664678812026978,1
2022-02-21,11.859999656677246,0.27206623554229736,0.15182314813137054,-0.16238871216773987,0.2124132215976715,0.5378830432891846,0.4594917893409729,0.5529045462608337,1
2022-02-22,12.229999542236328,0.2446034997701645,0.14636147022247314,-0.16824690997600555,0.17152811586856842,0.5365251898765564,0.45803719758987427,0.5427771806716919,1
2022-02-23,8.960000038146973,0.228995218873024,0.17927013337612152,-0.17644205689430237,0.18636158108711243,0.5446978807449341,0.4560035169124603,0.5464560389518738,1
2022-02-24,10.550000190734863,0.19265441596508026,0.1701560765504837,-0.1053285002708435,0.13562649488449097,0.5424366593360901,0.4736921787261963,0.5338547229766846,1
2022-02-25,10.09000015258789,0.2019699662923813,0.19552981853485107,-0.16714534163475037,0.09496915340423584,0.54872727394104,0.45831063389778137,0.5237244963645935,1
2022-02-26,9.890000343322754,0.20031724870204926,0.25747451186180115,-0.17865386605262756,0.15344490110874176,0.5640153884887695,0.4554549753665924,0.5382861495018005,1
2022-02-27,12.550000190734863,0.22815169394016266,0.2398705780506134,-0.2388460785150528,0.13051646947860718,0.55968177318573,0.44057074189186096,0.5325828790664673,1
2022-02-28,15.670000076293945,0.18391947448253632,0.14957976341247559,-0.11029604077339172,0.059714458882808685,0.537325382232666,0.47245389223098755,0.514924168586731,1
2022-03-01,14.470000267028809,0.24607448279857635,0.11266399919986725,-0.1705605685710907,-0.05068354308605194,0.5281362533569336,0.45746296644210815,0.4873318076133728,1
2022-03-02,15.59000015258789,0.14912308752536774,0.1532520055770874,-0.2138998955488205,-0.046654507517814636,0.5382381677627563,0.446727991104126,0.4883384704589844,1
2022-03-03,17.469999313354492,0.16967515647411346,0.09064272791147232,-0.2580450177192688,-0.10300372540950775,0.5226451754570007,0.4358443319797516,0.47427183389663696,1
2022-03-04,15.229999542236328,0.12236930429935455,0.13320881128311157,-0.20632615685462952,-0.09460660815238953,0.5332530736923218,0.4486006498336792,0.47636598348617554,1
2022-03-05,15.479999542236328,0.16211210191249847,0.17270220816135406,-0.11424845457077026,0.041670121252536774,0.5430685877799988,0.4714689254760742,0.5104160308837891,1
2022-03-06,16.8700008392334,0.11896546185016632,0.23285073041915894,-0.18162696063518524,0.09868653863668442,0.5579510927200317,0.4547176659107208,0.5246515870094299,1
2022-03-07,16.90999984741211,0.16196787357330322,0.3235706686973572,-0.12509042024612427,0.22484250366687775,0.5801942348480225,0.46876809000968933,0.5559750199317932,1
2022-03-08,16.700000762939453,0.12038455903530121,0.275825560092926,-0.07999613136053085,0.2078528106212616,0.5685225129127502,0.48001161217689514,0.5517769455909729,1
2022-03-09,17.600000381469727,0.13170598447322845,0.27473142743110657,-0.11936803162097931,0.25612741708755493,0.5682541131973267,0.47019335627555847,0.5636841058731079,1
2022-03-10,15.050000190734863,0.19791166484355927,0.16952744126319885,-0.05727585032582283,0.19465580582618713,0.5422806739807129,0.48568490147590637,0.5485108494758606,1
2022-03-11,14.65999984741211,0.18473614752292633,0.18164682388305664,-0.06551404297351837,0.2395153045654297,0.5452871918678284,0.4836273193359375,0.5595942139625549,1
2022-03-12,14.989999771118164,0.18852145969867706,0.14314621686935425,0.020256906747817993,0.2434539645910263,0.5357255935668945,0.505064070224762,0.5605646371841431,1
2022-03-13,16.389999389648438,0.2652222514152527,0.08674369752407074,0.11691108345985413,0.19956141710281372,0.5216723084449768,0.5291945338249207,0.5497254729270935,1
2022-03-14,14.390000343322754,0.2501586079597473,0.1472906470298767,0.019848346710205078,0.20168673992156982,0.5367562174797058,0.5049619078636169,0.5502514839172363,1
2022-03-15,14.15999984741211,0.2771662473678589,0.09910489618778229,0.07158176600933075,0.223038911819458,0.5247559547424316,0.5178878307342529,0.5555297136306763,1
2022-03-16,15.020000457763672,0.27409714460372925,0.05787903070449829,0.09734626114368439,0.22029085457324982,0.5144656896591187,0.5243173837661743,0.5548510551452637,1
2022-03-17,14.65999984741211,0.3653757572174072,0.05515959486365318,0.07009187340736389,0.33151155710220337,0.5137863755226135,0.5175157785415649,0.5821271538734436,1
2022-03-18,13.90999984741211,0.337100625038147,0.013586625456809998,0.0028778165578842163,0.32031893730163574,0.5033966302871704,0.500719428062439,0.5794020295143127,1
2022-03-19,15.359999656677246,0.3268698453903198,0.09807055443525314,-0.021926850080490112,0.24335791170597076,0.5244980454444885,0.4945184886455536,0.5605409741401672,1
2022-03-20,14.020000457763672,0.3383410573005676,0.08275719732046127,-0.08414417505264282,0.2855309247970581,0.5206775069236755,0.47897636890411377,0.5709016919136047,1
2022-03-21,12.34000015258789,0.3029974699020386,0.07165549695491791,-0.008038371801376343,0.30280327796936035,0.5179062485694885,0.4979904294013977,0.5751276612281799,1
2022-03-22,10.510000228881836,0.2725711464881897,0.03358171880245209,0.005424655973911285,0.26833200454711914,0.5083946585655212,0.5013561844825745,0.5666833519935608,1
2022-03-23,11.680000305175781,0.2503659725189209,0.006859928369522095,-0.02081407979130745,0.2601432204246521,0.5017149448394775,0.4947966933250427,0.564671516418457,1
2022-03-24,13.130000114440918,0.20762263238430023,0.028278306126594543,-0.0534638948738575,0.2191518247127533,0.5070690512657166,0.4866371750831604,0.5545697212219238,1
2022-03-25,9.489999771118164,0.20493094623088837,0.037672512233257294,-0.014639392495155334,0.20369991660118103,0.5094169974327087,0.49634018540382385,0.5507495999336243,1
2022-03-26,12.800000190734863,0.23516835272312164,-0.09413166344165802,-0.034065090119838715,0.1479966938495636,0.4764844477176666,0.49148455262184143,0.5369318127632141,1
2022-03-27,10.760000228881836,0.22928886115550995,-0.12795661389827728,-0.0635845959186554,0.19021445512771606,0.4680544137954712,0.48410922288894653,0.547410786151886,1
2022-03-28,9.760000228881836,0.2081492692232132,-0.042847901582717896,-0.11184211075305939,0.09680993854999542,0.48928967118263245,0.4720686078071594,0.5241836309432983,1
2022-03-29,11.40999984741211,0.18979348242282867,-0.013200454413890839,-0.12330235540866852,0.005056038498878479,0.4966999292373657,0.4692133665084839,0.5012639760971069,1
2022-03-30,12.770000457763672,0.25374776124954224,-0.10168437659740448,-0.1406400203704834,-0.017191827297210693,0.47460079193115234,0.46489787101745605,0.4957021474838257,1
2022-03-31,13.25,0.22100041806697845,-0.05667874962091446,-0.1295231580734253,-0.007321983575820923,0.48583412170410156,0.4676644206047058,0.498169481754303,1
2022-04-01,12.489999771118164,0.1763005405664444,-0.10487280786037445,-0.05354992672801018,0.12454604357481003,0.4738057851791382,0.48661568760871887,0.531096339225769,1
2022-04-02,14.949999809265137,0.2566778063774109,-0.12402988970279694,-0.1276921033859253,-0.048573628067970276,0.46903225779533386,0.4681202471256256,0.48785895109176636,1
2022-04-03,17.18000030517578,0.22538934648036957,-0.053112953901290894,-0.12526929378509521,-0.09949535131454468,0.4867248833179474,0.4687235653400421,0.47514668107032776,1
2022-04-04,15.300000190734863,0.2364891916513443,-0.04639875143766403,-0.07420086860656738,-0.07119415700435638,0.488402396440506,0.48145830631256104,0.4822089970111847,1
2022-04-05,14.350000381469727,0.2674332857131958,-0.028408847749233246,-0.10703587532043457,-0.158929243683815,0.49289825558662415,0.4732665419578552,0.4603511095046997,1
2022-04-06,14.050000190734863,0.2945755124092102,-0.11827227473258972,-0.18873046338558197,-0.05989058315753937,0.47046634554862976,0.4529569149017334,0.4850318133831024,1
2022-04-07,12.720000267028809,0.2206566482782364,-0.0856931209564209,-0.14011389017105103,-0.05745738744735718,0.47858986258506775,0.46502870321273804,0.4856396019458771,1
2022-04-08,14.569999694824219,0.21020223200321198,-0.041784293949604034,-0.23388560116291046,-0.059684425592422485,0.4895554482936859,0.44179368019104004,0.48508331179618835,1
2022-04-09,13.6899995803833,0.27146202325820923,-0.02755162864923477,-0.19059239327907562,0.024291902780532837,0.49311256408691406,0.45249560475349426,0.5060727000236511,1
2022-04-10,15.920000076293945,0.23314924538135529,-0.04059743881225586,-0.16811853647232056,0.07433050870895386,0.48985201120376587,0.4580690860748291,0.5185741186141968,1
2022-04-11,11.75,0.2184400111436844,0.046435512602329254,-0.15799102187156677,0.14363425970077515,0.5116068124771118,0.46058419346809387,0.5358469486236572,1
2022-04-12,11.920000076293945,0.2620149850845337,-0.012369371950626373,-0.13210931420326233,0.2530615031719208,0.49690771102905273,0.4670206308364868,0.5629299283027649,1
2022-04-13,13.100000381469727,0.19123338162899017,0.05424701049923897,-0.14015072584152222,0.06756027787923813,0.5135583877563477,0.4650195240974426,0.5168836712837219,1
2022-04-14,13.5,0.17429687082767487,0.13658426702022552,-0.1218993216753006,0.1383521854877472,0.5340930819511414,0.4695628583431244,0.5345329642295837,1
2022-04-15,13.239999771118164,0.19173841178417206,0.14809325337409973,-0.04836621135473251,0.20328977704048157,0.5369557738304138,0.48791083693504333,0.5506481528282166,1
2022-04-16,13.75,0.17856918275356293,0.07420501112937927,-0.07317778468132019,0.12252110242843628,0.5185427665710449,0.4817137122154236,0.5305920243263245,1
2022-04-17,17.639999389648438,0.19585277140140533,0.007053971290588379,-0.11586497724056244,0.07202287018299103,0.5017634630203247,0.47106611728668213,0.5179979801177979,1
2022-04-18,11.220000267028809,0.1503223329782486,0.056572943925857544,-0.06838981807231903,0.07319696247577667,0.5141394734382629,0.4829092025756836,0.5182910561561584,1
2022-04-19,11.229999542236328,0.20092566311359406,0.004413112998008728,-0.0930563434958458,0.07587431371212006,0.5011032819747925,0.47675272822380066,0.5189594626426697,1
2022-04-20,13.460000038146973,0.16951195895671844,-0.01569928228855133,-0.06792303919792175,0.06037621200084686,0.49607527256011963,0.48302575945854187,0.5150894522666931,1
2022-04-21,14.5,0.14814980328083038,0.05081009864807129,-0.05730385333299637,0.16097266972064972,0.5126997828483582,0.48567792773246765,0.5401565432548523,1
2022-04-22,11.6899995803833,0.14190936088562012,0.07560813426971436,-0.005590401589870453,0.2062603086233139,0.5188930630683899,0.49860236048698425,0.5513830184936523,1
2022-04-23,11.680000305175781,0.17400531470775604,0.08198025077581406,0.06457212567329407,0.19744005799293518,0.5204836130142212,0.516137421131134,0.5492002964019775,1
2022-04-24,11.09000015258789,0.21052037179470062,0.033775925636291504,0.07307344675064087,0.03576759994029999,0.5084431767463684,0.5182602405548096,0.5089409351348877,1
2022-04-25,8.229999542236328,0.1254763901233673,0.02321888692677021,0.06193752586841583,0.047184377908706665,0.5058044791221619,0.5154794454574585,0.5117939114570618,1
2022-04-26,7.599999904632568,0.1374746412038803,0.008228205144405365,0.05093394219875336,0.13887646794319153,0.5020570158958435,0.5127307176589966,0.5346634387969971,1
2022-04-27,10.039999961853027,0.19421471655368805,-0.07806552946567535,-0.027449920773506165,0.12600576877593994,0.48049354553222656,0.4931379556655884,0.5314598679542542,1
2022-04-28,9.170000076293945,0.1206173449754715,-0.07801038026809692,-0.06797351688146591,0.1242387518286705,0.4805072844028473,0.4830131530761719,0.5310198068618774,1
2022-04-29,10.489999771118164,0.09119611978530884,-0.037224747240543365,-0.01042330265045166,0.19094809889793396,0.49069491028785706,0.4973941445350647,0.5475925207138062,1
2022-04-30,9.1899995803833,0.1390310674905777,-0.02656448632478714,-0.07586099952459335,0.06664808839559555,0.4933592975139618,0.48104384541511536,0.5166558027267456,1
2022-05-01,9.34000015258789,0.19283367693424225,-0.02020280808210373,-0.039335642009973526,-0.030610233545303345,0.49494948983192444,0.4901673197746277,0.4923480153083801,1
2022-05-02,10.279999732971191,0.16789443790912628,-0.07666563987731934,-0.08911454677581787,-0.03176611661911011,0.4808430075645447,0.47773608565330505,0.4920591115951538,1
2022-05-03,10.579999923706055,0.18265463411808014,-0.02173171192407608,-0.0655256137251854,-0.04789242148399353,0.49456727504730225,0.48362448811531067,0.48802921175956726,1
2022-05-04,12.710000038146973,0.2726559638977051,-0.0947163999080658,-0.12172666192054749,-0.1765241175889969,0.47633856534957886,0.46960586309432983,0.4559831917285919,1
2022-05-05,12.640000343322754,0.22935648262500763,-0.03483566641807556,-0.17019063234329224,-0.0877799242734909,0.49129197001457214,0.45755478739738464,0.47806912660598755,1
2022-05-06,12.720000267028809,0.21553660929203033,-0.0087776780128479,-0.14306999742984772,-0.08734901249408722,0.4978056252002716,0.46429339051246643,0.4781765937805176,1
2022-05-07,13.369999885559082,0.45448070764541626,-0.21696728467941284,-0.053211845457553864,-0.20901353657245636,0.44596999883651733,0.4867001473903656,0.4479360282421112,1
2022-05-08,12.9399995803833,0.45876699686050415,-0.21101921796798706,-0.10436232388019562,-0.231215700507164,0.44744011759757996,0.47393307089805603,0.44245219230651855,1
2022-05-09,15.800000190734863,0.4527028203010559,-0.26927608251571655,-0.08990980684757233,-0.30223768949508667,0.43308478593826294,0.4775376617908478,0.4250105321407318,1
2022-05-10,13.319999694824219,0.40744084119796753,-0.2133599817752838,-0.19957175850868225,-0.2851163148880005,0.4468614459037781,0.45027199387550354,0.4291999340057373,1
2022-05-11,11.739999771118164,0.3572918772697449,-0.28853166103363037,-0.09905260801315308,-0.2575613856315613,0.4283634126186371,0.4752570390701294,0.4359632730484009,1
2022-05-12,11.899999618530273,0.5596232414245605,-0.36342746019363403,-0.26375246047973633,-0.18450646102428436,0.410130113363266,0.434441477060318,0.45400378108024597,1
2022-05-13,13.989999771118164,0.5437560677528381,-0.25719791650772095,-0.23466306924819946,-0.27135539054870605,0.4360526502132416,0.4416019916534424,0.43257439136505127,1
2022-05-14,13.140000343322754,0.467254102230072,-0.2724590599536896,-0.30536139011383057,-0.20793862640857697,0.4323035478591919,0.4242473840713501,0.4482018053531647,1
2022-05-15,13.199999809265137,0.45465409755706787,-0.1733020842075348,-0.3385928273200989,-0.13945432007312775,0.45678260922431946,0.41615134477615356,0.4651928246021271,1
2022-05-16,12.84000015258789,0.4280950427055359,-0.15780428051948547,-0.4019901752471924,-0.03546316921710968,0.4606305956840515,0.40083426237106323,0.4911351501941681,1
2022-05-17,12.779999732971191,0.4330849051475525,-0.17259159684181213,-0.3249632716178894,0.006160616874694824,0.4569588899612427,0.41946664452552795,0.5015401244163513,1
2022-05-18,13.420000076293945,0.42185986042022705,-0.18675526976585388,-0.30347567796707153,0.032577961683273315,0.4534464180469513,0.4247080385684967,0.5081437826156616,1
2022-05-19,12.90999984741211,0.41037970781326294,-0.11070108413696289,-0.33856648206710815,-0.008917286992073059,0.4723529815673828,0.41615772247314453,0.4977706968784332,1
2022-05-20,14.4399995803833,0.42982345819473267,-0.11707976460456848,-0.2698100805282593,0.046770721673965454,0.4707634449005127,0.43295371532440186,0.5116905570030212,1
2022-05-21,13.75,0.36907047033309937,-0.11550652980804443,-0.08247561752796173,0.09539057314395905,0.47115543484687805,0.47939273715019226,0.5238295793533325,1
2022-05-22,13.8100004196167,0.35943418741226196,-0.17587848007678986,-0.09970390051603317,-0.009411364793777466,0.4561433792114258,0.47509467601776123,0.4976471960544586,1
2022-05-23,16.479999542236328,0.3689047694206238,-0.1870444118976593,-0.09185300022363663,-0.046257004141807556,0.4533747434616089,0.4770528972148895,0.48843783140182495,1
2022-05-24,15.800000190734863,0.2445060759782791,-0.12754635512828827,-0.1707693189382553,-0.11482374370098114,0.4681565463542938,0.45741111040115356,0.471325546503067,1
2022-05-25,12.420000076293945,0.2608487010002136,-0.13612017035484314,-0.1023235097527504,-0.037529438734054565,0.4660223722457886,0.47444140911102295,0.4906187355518341,1
2022-05-26,13.5,0.2765960693359375,-0.12261524796485901,-0.1308940052986145,0.0204988494515419,0.4693845510482788,0.4673231244087219,0.5051245093345642,1
2022-05-27,12.920000076293945,0.31548482179641724,-0.278849720954895,-0.09270547330379486,-0.09513792395591736,0.4307357966899872,0.4768402576446533,0.47623342275619507,1
2022-05-28,13.510000228881836,0.25823378562927246,-0.18821921944618225,-0.14599266648292542,0.056979283690452576,0.4530836343765259,0.46356651186943054,0.5142409801483154,1
2022-05-29,12.239999771118164,0.24763788282871246,-0.11638343334197998,-0.04125439003109932,0.15919092297554016,0.47093695402145386,0.48968788981437683,0.5397139191627502,1
2022-05-30,10.239999771118164,0.2784198522567749,-0.0454866886138916,-0.05482315272092819,0.18301084637641907,0.4886302649974823,0.4862975776195526,0.5456254482269287,1
2022-05-31,9.779999732971191,0.21821315586566925,-0.08491891622543335,-0.06339997798204422,0.13075487315654755,0.4787830114364624,0.4841552674770355,0.5326422452926636,1
2022-06-01,8.760000228881836,0.3000059127807617,-0.08591094613075256,-0.06024842709302902,0.294198602437973,0.4785354733467102,0.4849424362182617,0.5730237364768982,1
2022-06-02,9.5,0.18909110128879547,-0.10404126346111298,-0.14076943695545197,0.12718087434768677,0.474013090133667,0.46486562490463257,0.5317524671554565,1
2022-06-03,13.8100004196167,0.16289743781089783,-0.03272527456283569,-0.13772782683372498,0.20943273603916168,0.49181944131851196,0.4656223654747009,0.5521676540374756,1
2022-06-04,13.989999771118164,0.11899329721927643,-0.06959588825702667,-0.13593453168869019,0.21047049760818481,0.48260805010795593,0.4660685658454895,0.5524242520332336,1
2022-06-05,13.15999984741211,0.11131073534488678,-0.029437176883220673,-0.0998954325914383,0.21716082096099854,0.4926412105560303,0.47504690289497375,0.5540778636932373,1
2022-06-06,11.899999618530273,0.06361520290374756,-0.015935711562633514,-0.256677508354187,0.1585509330034256,0.4960162043571472,0.43618062138557434,0.5395548939704895,1
2022-06-07,12.109999656677246,0.007026761770248413,-0.0895632654428482,-0.18338008224964142,0.04643984138965607,0.4776241183280945,0.4542830288410187,0.5116078853607178,1
2022-06-08,10.9399995803833,0.0919858068227768,-0.08025075495243073,-0.11413033306598663,0.01908767968416214,0.47994810342788696,0.4714983403682709,0.5047717690467834,1
2022-06-09,14.460000038146973,0.11890716850757599,-0.061018720269203186,-0.1028619110584259,0.04367869347333908,0.48475003242492676,0.47430717945098877,0.5109179615974426,1
2022-06-10,10.279999732971191,0.13735520839691162,-0.12447482347488403,-0.08405812829732895,0.034411266446113586,0.46892139315605164,0.4789978563785553,0.50860196352005,1
2022-06-11,9.3100004196167,0.08387067914009094,-0.040291666984558105,-0.07771813869476318,0.04754926264286041,0.4899284541606903,0.48058024048805237,0.5118851065635681,1
2022-06-12,11.399999618530273,0.16347606480121613,0.008701905608177185,-0.07349669188261032,0.04916702210903168,0.5021754503250122,0.48163411021232605,0.51228928565979,1
2022-06-13,10.920000076293945,0.2323526293039322,0.03976988047361374,-0.06912646442651749,0.05983104556798935,0.5099411606788635,0.48272523283958435,0.5149533152580261,1
2022-06-14,10.960000038146973,0.21085308492183685,-0.02124379575252533,-0.11898979544639587,0.08892062306404114,0.4946892559528351,0.47028759121894836,0.5222155451774597,1
2022-06-15,10.970000267028809,0.10053882002830505,0.04617086425423622,-0.12038640677928925,0.2682934105396271,0.5115406513214111,0.4699397087097168,0.5666738748550415,1
2022-06-16,11.960000038146973,0.15185602009296417,-0.2016504555940628,-0.10037754476070404,-0.14826911687850952,0.44975754618644714,0.4749266803264618,0.46300050616264343,2
2022-06-17,13.960000038146973,0.2690410315990448,-0.14214661717414856,-0.1158822551369667,-0.1309727132320404,0.464523047208786,0.4710617959499359,0.4673035442829132,2
2022-06-18,13.329999923706055,0.1667555868625641,-0.1832490861415863,-0.13177795708179474,-0.15882903337478638,0.4543154537677765,0.46710312366485596,0.46037596464157104,2
2022-06-19,13.069999694824219,0.2032957226037979,-0.10266485810279846,-0.1730358749628067,-0.037138499319553375,0.4743562936782837,0.4568486213684082,0.49071642756462097,2
2022-06-20,11.829999923706055,0.218855619430542,-0.17709457874298096,-0.22075459361076355,-0.060870975255966187,0.45584172010421753,0.445034384727478,0.4847869575023651,2
2022-06-21,11.710000038146973,0.2078867256641388,-0.15455052256584167,-0.2149481177330017,-0.0960729792714119,0.4614390730857849,0.44646891951560974,0.47600021958351135,2
2022-06-22,12.039999961853027,0.09397240728139877,-0.14147540926933289,-0.2574717402458191,-0.06597256660461426,0.4646899998188019,0.4359852969646454,0.483512818813324,2
2022-06-23,9.34000015258789,0.04446510225534439,-0.22598889470100403,-0.32089462876319885,-0.10609893500804901,0.4437420070171356,0.42045775055885315,0.47350013256073,2
2022-06-24,9.100000381469727,0.03673447668552399,-0.19178244471549988,-0.40142542123794556,-0.1184113621711731,0.4522008001804352,0.40096989274024963,0.47043168544769287,2
2022-06-25,12.710000038146973,0.06414129585027695,-0.16641315817832947,-0.3656806945800781,-0.06115264445543289,0.4584924578666687,0.4095851182937622,0.48471659421920776,2
2022-06-26,12.9399995803833,0.13809174299240112,-0.14291048049926758,-0.36928296089172363,-0.042903751134872437,0.46433308720588684,0.40871432423591614,0.48927566409111023,2
2022-06-27,10.069999694824219,0.019874855875968933,-0.12944966554641724,-0.31345927715301514,-0.13008034229278564,0.46768271923065186,0.42227059602737427,0.4675256907939911,2
2022-06-28,9.039999961853027,-0.05799431726336479,-0.11905840784311295,-0.2989327013492584,-0.06270914524793625,0.4702704846858978,0.42581844329833984,0.4843277931213379,2
2022-06-29,11.09000015258789,-0.18455858528614044,-0.28412169218063354,-0.3495413362979889,-0.20650391280651093,0.4294435679912567,0.41349366307258606,0.44855672121047974,2
2022-06-30,11.739999771118164,0.07239917665719986,-0.3024243116378784,-0.32976338267326355,-0.218919575214386,0.424964964389801,0.4182981848716736,0.4454876482486725,2
2022-07-01,11.619999885559082,0.017255201935768127,-0.23387187719345093,-0.2534436583518982,-0.19436675310134888,0.44179707765579224,0.4369760751724243,0.45156076550483704,2
2022-07-02,13.140000343322754,0.061524562537670135,-0.18972325325012207,-0.2938227951526642,-0.1363961547613144,0.45271095633506775,0.4270682632923126,0.4659537374973297,2
2022-07-03,10.84000015258789,0.1325303316116333,-0.2799181342124939,-0.29912546277046204,-0.1888643205165863,0.43047386407852173,0.4257713258266449,0.4529237449169159,2
2022-07-04,11.600000381469727,0.14588665962219238,-0.33407339453697205,-0.29475873708724976,-0.2789481580257416,0.41724979877471924,0.4268392324447632,0.43071168661117554,2
2022-07-05,11.350000381469727,0.12181936949491501,-0.2503471374511719,-0.27156582474708557,-0.22732383012771606,0.4377380609512329,0.4325226843357086,0.44341254234313965,2
2022-07-06,12.84000015258789,0.1568262279033661,-0.1638231873512268,-0.28970858454704285,-0.14627143740653992,0.4591355323791504,0.4280751943588257,0.46349722146987915,2
2022-07-07,10.850000381469727,0.14790505170822144,-0.21124818921089172,-0.34819015860557556,-0.11849962174892426,0.44738346338272095,0.41382136940956116,0.4704097509384155,2
2022-07-08,12.229999542236328,0.16678392887115479,-0.1679849773645401,-0.3283100724220276,-0.10979117453098297,0.45810219645500183,0.41865187883377075,0.4725797474384308,2
2022-07-09,13.619999885559082,0.2671593129634857,-0.13942965865135193,-0.32790055871009827,-0.10951550304889679,0.46519896388053894,0.4187515079975128,0.4726484417915344,2
2022-07-10,12.579999923706055,0.22063302993774414,-0.12892919778823853,-0.2875853180885315,-0.0999707281589508,0.46781229972839355,0.4285951256752014,0.4750281274318695,2
2022-07-11,12.600000381469727,0.16768774390220642,-0.17419885098934174,-0.2957308888435364,-0.1638639271259308,0.45656004548072815,0.42660143971443176,0.45912545919418335,2
2022-07-12,11.390000343322754,0.12649601697921753,-0.07670029252767563,-0.27127107977867126,-0.04578501731157303,0.48083433508872986,0.43259504437446594,0.48855575919151306,2
2022-07-13,12.109999656677246,0.11645866185426712,-0.18093816936016083,-0.298260360956192,-0.19039995968341827,0.4548884630203247,0.42598283290863037,0.45254331827163696,2
2022-07-14,9.710000038146973,0.11786027252674103,-0.13265123963356018,-0.3489817678928375,-0.11484493315219879,0.4668857455253601,0.413629412651062,0.4713203012943268,2
2022-07-15,12.020000457763672,0.0825175866484642,-0.1707809418439865,-0.31938254833221436,-0.1251315176486969,0.45740821957588196,0.4208261966705322,0.46875789761543274,2
2022-07-16,11.899999618530273,0.1773359328508377,-0.16886138916015625,-0.3787866532802582,-0.11144847422838211,0.45788463950157166,0.4064196050167084,0.47216668725013733,2
2022-07-17,11.050000190734863,0.12776952981948853,-0.19187968969345093,-0.3662252426147461,-0.13172554969787598,0.4521767199039459,0.40945348143577576,0.4671161472797394,2
2022-07-18,11.920000076293945,0.06414960324764252,-0.17780497670173645,-0.30784523487091064,-0.26443159580230713,0.4556655287742615,0.42364078760147095,0.4342746436595917,2
2022-07-19,11.479999542236328,0.005310944747179747,-0.20245954394340515,-0.27904921770095825,-0.15299682319164276,0.4495573043823242,0.43068692088127136,0.4618252217769623,2
2022-07-20,10.609999656677246,0.11851850897073746,-0.18137958645820618,-0.44292354583740234,-0.2664579153060913,0.4547789990901947,0.391044557094574,0.4337768852710724,2
2022-07-21,9.40999984741211,0.1635083556175232,-0.25849997997283936,-0.5049959421157837,-0.19957011938095093,0.43573251366615295,0.37636733055114746,0.4502723813056946,2
2022-07-22,10.84000015258789,0.153236985206604,-0.23603366315364838,-0.5126708745956421,-0.1526845395565033,0.4412640631198883,0.37456759810447693,0.46190282702445984,2
2022-07-23,10.359999656677246,0.1640455424785614,-0.21290385723114014,-0.38119956851005554,-0.16050297021865845,0.4469741880893707,0.4058375954627991,0.4599601626396179,2
2022-07-24,12.710000038146973,0.12510307133197784,-0.23593318462371826,-0.35553520917892456,-0.19665645062923431,0.4412887692451477,0.4120407700538635,0.45099374651908875,2
2022-07-25,11.0,0.06625916808843613,-0.16758477687835693,-0.37490811944007874,-0.16905391216278076,0.4582015872001648,0.4073556065559387,0.4578368663787842,2
2022-07-26,11.680000305175781,0.1649930477142334,-0.20582185685634613,-0.3793025612831116,-0.19263707101345062,0.4487254321575165,0.40629512071609497,0.451989084482193,2
2022-07-27,11.720000267028809,0.21794776618480682,-0.1981828212738037,-0.3866043984889984,-0.20559659600257874,0.450615793466568,0.4045350253582001,0.4487811326980591,2
2022-07-28,13.979999542236328,0.18565943837165833,-0.19505056738853455,-0.2953440546989441,-0.20621556043624878,0.451391339302063,0.4266960620880127,0.4486280083656311,2
2022-07-29,15.369999885559082,0.21145054697990417,-0.19002588093280792,-0.265547513961792,-0.21706800162792206,0.4526359438896179,0.43400049209594727,0.44594505429267883,2
2022-07-30,13.75,0.1961526870727539,-0.10095396637916565,-0.2797035574913025,-0.11155968904495239,0.47478291392326355,0.4305264353752136,0.4721389412879944,2
2022-07-31,12.579999923706055,0.14447644352912903,-0.17179948091506958,-0.3499435484409332,-0.18854333460330963,0.4571554660797119,0.41339609026908875,0.45300328731536865,2
2022-08-01,11.470000267028809,0.2080586552619934,-0.10206656903028488,-0.30657193064689636,-0.0711975172162056,0.4745054841041565,0.4239516854286194,0.48220816254615784,2
2022-08-02,10.789999961853027,0.2490312159061432,-0.162580668926239,-0.3678642809391022,-0.09499657154083252,0.459444135427475,0.4090571999549866,0.4762686789035797,2
2022-08-03,11.84000015258789,0.24604400992393494,-0.05481152981519699,-0.2739431858062744,-0.0022156983613967896,0.486300528049469,0.43193933367729187,0.4994460642337799,2
2022-08-04,11.920000076293945,0.18735456466674805,-0.08565635979175568,-0.3128884732723236,0.008001133799552917,0.47859901189804077,0.4224098324775696,0.5020002722740173,2
2022-08-05,9.100000381469727,0.28552836179733276,-0.03920257091522217,-0.33174386620521545,0.03618548810482025,0.49020060896873474,0.4178163707256317,0.509045422077179,2
2022-08-06,10.850000381469727,0.26141098141670227,-0.03217141330242157,-0.31907233595848083,-0.01458018273115158,0.49195781350135803,0.4209018349647522,0.49635499715805054,2
2022-08-07,10.130000114440918,0.15402287244796753,0.008339747786521912,-0.35670697689056396,0.03758285939693451,0.5020849108695984,0.4117569923400879,0.5093945860862732,2
2022-08-08,9.899999618530273,0.18776856362819672,-0.04401588439941406,-0.3068881630897522,-0.0005575269460678101,0.48899775743484497,0.42387446761131287,0.49986061453819275,2
2022-08-09,8.880000114440918,0.1725357472896576,-0.07171103358268738,-0.3228241503238678,-0.026048682630062103,0.48207998275756836,0.41998764872550964,0.4934881627559662,2
2022-08-10,7.510000228881836,0.12846750020980835,-0.0907927006483078,-0.279614120721817,-0.06999928504228592,0.4773174524307251,0.43054836988449097,0.4825073182582855,2
2022-08-11,7.96999979019165,0.13198275864124298,-0.2238418012857437,-0.30495527386665344,-0.17999829351902008,0.4442720413208008,0.42434653639793396,0.4551215171813965,2
2022-08-12,10.8100004196167,0.10432800650596619,-0.18089659512043,-0.3218325078487396,-0.13229310512542725,0.45489877462387085,0.4202292263507843,0.4669748842716217,2
2022-08-13,10.510000228881836,0.14725913107395172,-0.21386584639549255,-0.2725447714328766,-0.17399907112121582,0.4467363953590393,0.4322824478149414,0.45660966634750366,2
2022-08-14,8.859999656677246,0.1683809608221054,-0.22182485461235046,-0.3037340044975281,-0.169144406914711,0.44477006793022156,0.42464494705200195,0.45781442523002625,2
2022-08-15,9.420000076293945,0.15470311045646667,-0.2646407186985016,-0.3536118268966675,-0.18804535269737244,0.4342232644557953,0.4125068485736847,0.4531267285346985,2
2022-08-16,9.739999771118164,0.2337024211883545,-0.21321751177310944,-0.31911778450012207,-0.19683551788330078,0.44689667224884033,0.42089077830314636,0.45094937086105347,2
2022-08-17,10.25,0.22051730751991272,-0.24126307666301727,-0.42666324973106384,-0.16909877955913544,0.4399751126766205,0.3949234187602997,0.4578257203102112,2
2022-08-18,12.0,0.20569242537021637,-0.24167272448539734,-0.3484592139720917,-0.1850050836801529,0.43987417221069336,0.4137561619281769,0.4538801908493042,2
2022-08-19,9.619999885559082,0.24505206942558289,-0.27369290590286255,-0.38353231549263,-0.2045671045780182,0.4320007264614105,0.40527522563934326,0.4490358233451843,2
2022-08-20,9.979999542236328,0.24786916375160217,-0.2783374786376953,-0.42510029673576355,-0.26191651821136475,0.4308614134788513,0.39529696106910706,0.4348926544189453,2
2022-08-21,10.619999885559082,0.27779754996299744,-0.2698442339897156,-0.46900877356529236,-0.20362825691699982,0.4329453110694885,0.3848508596420288,0.449268102645874,2
2022-08-22,12.520000457763672,0.16927257180213928,-0.25876903533935547,-0.4608030617237091,-0.18915991485118866,0.4356662929058075,0.386795312166214,0.45285049080848694,2
2022-08-23,13.149999618530273,0.2408241480588913,-0.2751261591911316,-0.40057966113090515,-0.25474637746810913,0.4316490590572357,0.40117308497428894,0.43665558099746704,2
2022-08-24,11.300000190734863,0.12759563326835632,-0.3027403950691223,-0.3277831971645355,-0.3421732783317566,0.42488768696784973,0.418780118227005,0.41528165340423584,2
2022-08-25,11.579999923706055,0.24903371930122375,-0.31619882583618164,-0.30346038937568665,-0.30004918575286865,0.42160239815711975,0.42471176385879517,0.42554545402526855,2
2022-08-26,9.739999771118164,0.2863583266735077,-0.27239346504211426,-0.35057103633880615,-0.24775440990924835,0.4323195815086365,0.41324397921562195,0.4383762776851654,2
2022-08-27,6.860000133514404,0.24365761876106262,-0.26194968819618225,-0.45806923508644104,-0.26254498958587646,0.4348844885826111,0.3874439597129822,0.4347382187843323,2
2022-08-28,8.569999694824219,0.253480464220047,-0.206811785697937,-0.3925950825214386,-0.18899410963058472,0.4484805464744568,0.40309274196624756,0.45289161801338196,2
2022-08-29,11.5600004196167,0.2069404423236847,-0.27129659056663513,-0.3676551282405853,-0.2613852620124817,0.4325887858867645,0.4091077446937561,0.4350231885910034,2
2022-08-30,9.6899995803833,0.21107761561870575,-0.28394460678100586,-0.3278386890888214,-0.27350717782974243,0.4294869601726532,0.4187665581703186,0.4320463240146637,2
2022-08-31,11.270000457763672,0.2186194360256195,-0.24366798996925354,-0.24241244792938232,-0.2944580316543579,0.4393826425075531,0.4396919310092926,0.4269128143787384,2
2022-09-01,10.069999694824219,0.2375953495502472,-0.26978856325149536,-0.23539209365844727,-0.28584176301956177,0.4329589903354645,0.4414221942424774,0.4290221631526947,2
2022-09-02,10.800000190734863,0.3126560151576996,-0.24678397178649902,-0.25877538323402405,-0.29835113883018494,0.43861526250839233,0.43566474318504333,0.42596063017845154,2
2022-09-03,6.309999942779541,0.18817134201526642,-0.31901341676712036,-0.28114816546440125,-0.31591761112213135,0.42091622948646545,0.430172324180603,0.4216710031032562,2
2022-09-04,9.619999885559082,0.14656755328178406,-0.3249204754829407,-0.21558326482772827,-0.32528024911880493,0.41947704553604126,0.44631195068359375,0.4193894565105438,2
2022-09-05,11.6899995803833,0.2420981526374817,-0.3343026041984558,-0.25773322582244873,-0.3386838734149933,0.41719406843185425,0.4359210431575775,0.4161292016506195,2
2022-09-06,10.960000038146973,0.07213412970304489,-0.3471022844314575,0.017130695283412933,-0.42588865756988525,0.4140852987766266,0.5042825937271118,0.39510855078697205,2
2022-09-07,12.899999618530273,0.4696792960166931,-0.45295554399490356,-0.0836741179227829,-0.34314054250717163,0.3886583149433136,0.47909367084503174,0.4150468111038208,2
2022-09-08,15.260000228881836,0.4708232879638672,-0.47579872608184814,-0.291087806224823,-0.3421299457550049,0.38324466347694397,0.4277375638484955,0.4152921736240387,2
2022-09-09,10.699999809265137,0.6224608421325684,-0.37442073225975037,-0.41409942507743835,-0.22862723469734192,0.40747326612472534,0.3979295492172241,0.44309088587760925,2
2022-09-10,11.899999618530273,0.48337915539741516,-0.3340977430343628,-0.34108874201774597,-0.19918586313724518,0.41724392771720886,0.4155450165271759,0.4503674805164337,2
2022-09-11,14.329999923706055,0.3628726303577423,-0.3610568940639496,-0.37033289670944214,-0.22124174237251282,0.41070377826690674,0.4084606170654297,0.4449140429496765,2
2022-09-12,13.670000076293945,0.39867278933525085,-0.3530166745185852,-0.3129514157772064,-0.16378153860569,0.41265109181404114,0.4223945140838623,0.4591458737850189,2
2022-09-13,11.300000190734863,0.3539876639842987,-0.322555810213089,-0.28756386041641235,-0.281782329082489,0.42005300521850586,0.42860040068626404,0.4300169050693512,2
2022-09-14,11.329999923706055,0.3616819977760315,-0.2966309189796448,-0.33627527952194214,-0.21803833544254303,0.42638126015663147,0.41671454906463623,0.4457053542137146,2
2022-09-15,9.4399995803833,0.42693203687667847,-0.25813525915145874,-0.29957032203674316,-0.2241450697183609,0.43582218885421753,0.4256625175476074,0.4441971480846405,2
2022-09-16,10.380000114440918,0.37437042593955994,-0.2865014672279358,-0.36900851130485535,-0.1558619737625122,0.4288605749607086,0.40878063440322876,0.46111318469047546,2
2022-09-17,11.300000190734863,0.2599762976169586,-0.2301386594772339,-0.24501630663871765,-0.20227870345115662,0.44271793961524963,0.4390505254268646,0.44960203766822815,2
2022-09-18,13.420000076293945,0.2825174629688263,-0.27059048414230347,-0.18236733973026276,-0.20956215262413025,0.43276214599609375,0.45453405380249023,0.44780033826828003,2
2022-09-19,12.350000381469727,0.14721742272377014,-0.318652868270874,-0.01832890510559082,-0.3307512402534485,0.42100411653518677,0.49541789293289185,0.4180578291416168,2
2022-09-20,13.020000457763672,0.2664094865322113,-0.2681127190589905,-0.07722752541303635,-0.19821885228157043,0.433370441198349,0.4807026982307434,0.45060691237449646,2
2022-09-21,13.9399995803833,0.3425070345401764,-0.2690279185771942,-0.2297019362449646,-0.2039482295513153,0.43314579129219055,0.44282567501068115,0.4491889476776123,2
2022-09-22,13.920000076293945,0.4074542820453644,-0.30310356616973877,-0.20359346270561218,-0.21183688938617706,0.42479899525642395,0.44927674531936646,0.4472379684448242,2
2022-09-23,11.359999656677246,0.27429354190826416,-0.3715062737464905,-0.18396306037902832,-0.21439915895462036,0.40817710757255554,0.45413848757743835,0.44660457968711853,2
2022-09-24,12.050000190734863,0.2714892029762268,-0.35696667432785034,-0.2982730567455292,-0.1531171351671219,0.4116940498352051,0.4259796738624573,0.4617953300476074,2
2022-09-25,13.65999984741211,0.3579411208629608,-0.3521285653114319,-0.434723436832428,-0.10394660383462906,0.4128663241863251,0.3929990231990814,0.47403666377067566,2
2022-09-26,13.1899995803833,0.4143768846988678,-0.29501569271087646,-0.401676207780838,-0.04417641460895538,0.4267764091491699,0.4009096920490265,0.4889577031135559,2
2022-09-27,13.779999732971191,0.2349129319190979,-0.15192583203315735,-0.31695035099983215,-0.06526051461696625,0.4620914161205292,0.4214191734790802,0.48369064927101135,2
2022-09-28,14.420000076293945,0.2796919047832489,-0.23791125416755676,-0.3917376399040222,-0.01677347719669342,0.44080114364624023,0.40329909324645996,0.4958067536354065,2
2022-09-29,15.4399995803833,0.29091677069664,-0.21216219663619995,-0.3507431447505951,-0.06726235151290894,0.44715753197669983,0.41320228576660156,0.48319074511528015,2
2022-09-30,10.329999923706055,0.3647635281085968,-0.10174501687288284,-0.2629930377006531,0.010900869965553284,0.4745856523513794,0.43462806940078735,0.5027251839637756,2
2022-10-01,16.68000030517578,0.39434686303138733,-0.13164401054382324,-0.28617915511131287,-0.04622653126716614,0.467136412858963,0.4289395213127136,0.4884454011917114,2
2022-10-02,15.779999732971191,0.33322635293006897,-0.017097026109695435,-0.20251864194869995,0.04075852036476135,0.4957258999347687,0.4495426416397095,0.5101881623268127,2
2022-10-03,14.520000457763672,0.31093868613243103,-0.163225919008255,-0.21364882588386536,-0.06374267488718033,0.45928388833999634,0.44679003953933716,0.48406973481178284,2
2022-10-04,12.3100004196167,0.3021047115325928,-0.15809093415737152,-0.19144347310066223,-0.07609626650810242,0.4605593681335449,0.4522847831249237,0.4809851348400116,2
2022-10-05,15.420000076293945,0.3477543592453003,-0.1171235665678978,-0.11639487743377686,-0.082879438996315,0.4707525372505188,0.470934122800827,0.47929200530052185,2
2022-10-06,12.600000381469727,0.5046699643135071,-0.12728777527809143,-0.18964660167694092,0.009664759039878845,0.4682210087776184,0.4527299702167511,0.50241619348526,2
2022-10-07,13.869999885559082,0.44733574986457825,0.011888712644577026,-0.13275736570358276,0.04853843152523041,0.5029721856117249,0.46685928106307983,0.5121322274208069,2
2022-10-08,13.279999732971191,0.5423796772956848,-0.1380484253168106,-0.20167195796966553,0.03152310848236084,0.46554258465766907,0.44975221157073975,0.5078800916671753,2
2022-10-09,13.300000190734863,0.49636605381965637,-0.01183326542377472,-0.1317390501499176,0.0520777702331543,0.4970417320728302,0.46711280941963196,0.5130165219306946,2
2022-10-10,13.449999809265137,0.5389732718467712,-0.08910578489303589,-0.13984616100788116,0.0016514360904693604,0.47773826122283936,0.46509531140327454,0.5004128813743591,2
2022-10-11,13.3100004196167,0.4855763912200928,-0.03024105727672577,-0.14112971723079681,-0.0034479349851608276,0.49244028329849243,0.4647759795188904,0.4991380572319031,2
2022-10-12,13.039999961853027,0.4513859748840332,-0.033832818269729614,-0.10728290677070618,0.0332818478345871,0.49154260754585266,0.47320494055747986,0.5083196759223938,2
2022-10-13,13.210000038146973,0.43518245220184326,-0.06651264429092407,-0.08005176484584808,0.05206620693206787,0.48337796330451965,0.47999775409698486,0.5130136013031006,2
2022-10-14,14.930000305175781,0.3060826361179352,-0.12132248282432556,-0.07233916223049164,-0.10855753719806671,0.4697065055370331,0.48192310333251953,0.4728872776031494,2
2022-10-15,14.180000305175781,0.4717850983142853,-0.04835021495819092,-0.18243631720542908,0.015094980597496033,0.4879148006439209,0.45451703667640686,0.5037736296653748,2
2022-10-16,13.729999542236328,0.3674805462360382,-0.09523166716098785,-0.18312981724739075,-0.015141390264034271,0.4762100577354431,0.45434510707855225,0.49621471762657166,2
2022-10-17,15.15999984741211,0.5057769417762756,-0.0251806378364563,-0.1755570024251938,0.07387492060661316,0.4937051832675934,0.45622310042381287,0.5184603333473206,2
2022-10-18,13.210000038146973,0.38938239216804504,-0.05108562111854553,-0.09883734583854675,0.022515326738357544,0.48723137378692627,0.4753108024597168,0.5056285858154297,2
2022-10-19,14.569999694824219,0.44949105381965637,-0.11296302080154419,-0.18087473511695862,0.06856580078601837,0.47178924083709717,0.4549041986465454,0.5171347260475159,2
2022-10-20,16.81999969482422,0.32233479619026184,0.05392540991306305,-0.007646732032299042,0.08260750770568848,0.5134781002998352,0.4980883002281189,0.5206401348114014,2
2022-10-21,14.449999809265137,0.46564966440200806,-0.016944602131843567,-0.14233125746250153,0.0944618433713913,0.49576395750045776,0.4644771218299866,0.5235978960990906,2
2022-10-22,11.029999732971191,0.3675934672355652,0.04006902873516083,-0.09064444154500961,0.06311468780040741,0.5100159049034119,0.47735440731048584,0.5157734155654907,2
2022-10-23,10.850000381469727,0.39113518595695496,0.035846903920173645,-0.04461237043142319,0.09046056866645813,0.5089607834815979,0.4888487756252289,0.5225997567176819,2
2022-10-24,13.739999771118164,0.4476044774055481,0.04870811104774475,0.051057107746601105,0.11285082995891571,0.5121746063232422,0.5127615332603455,0.5281828045845032,2
2022-10-25,14.119999885559082,0.6917358040809631,0.1242717057466507,-0.11326185613870621,0.296639621257782,0.5310280323028564,0.4717147946357727,0.5736208558082581,2
2022-10-26,14.539999961853027,0.3489736020565033,0.08188889920711517,0.00481037050485611,0.12461070716381073,0.5204607844352722,0.5012025833129883,0.5311124324798584,2
2022-10-27,13.15999984741211,0.40806758403778076,0.052910417318344116,0.013674981892108917,0.08672304451465607,0.5132244825363159,0.5034186840057373,0.5216671824455261,2
2022-10-28,15.90999984741211,0.4854128062725067,0.028751999139785767,-0.037957847118377686,0.11509130895137787,0.5071874856948853,0.4905116856098175,0.5287411212921143,2
2022-10-29,14.390000343322754,0.4448581039905548,0.04066355526447296,-0.02115970104932785,0.11608202755451202,0.5101644992828369,0.4947102665901184,0.5289880037307739,2
2022-10-30,14.630000114440918,0.36407700181007385,-0.001190081238746643,-0.028110258281230927,0.08732445538043976,0.499702513217926,0.49297288060188293,0.5218172669410706,2
2022-10-31,8.380000114440918,0.31304439902305603,-0.07703009247779846,-0.09820859134197235,0.04161974787712097,0.48075199127197266,0.47546759247779846,0.5104034543037415,2
2022-11-01,12.90999984741211,0.33441224694252014,-0.06016779690980911,-0.019575797021389008,0.01428830623626709,0.4849626123905182,0.49510619044303894,0.5035719871520996,2
2022-11-02,11.0600004196167,0.3597699701786041,-0.05719355493783951,-0.10679666697978973,-0.0031047314405441284,0.48570549488067627,0.4733261466026306,0.49922382831573486,2
2022-11-03,15.020000457763672,0.26666614413261414,0.01388801634311676,-0.06948928534984589,0.06441164016723633,0.5034719705581665,0.48263469338417053,0.516097366809845,2
2022-11-04,12.579999923706055,0.2779267132282257,-0.009758085012435913,-0.033669598400592804,0.046190813183784485,0.4975605309009552,0.49158337712287903,0.5115456581115723,2
2022-11-05,12.520000457763672,0.3658478558063507,0.0681711882352829,0.015932194888591766,0.11015269160270691,0.5170361995697021,0.5039829611778259,0.5275103449821472,2
2022-11-06,13.760000228881836,0.517768919467926,-0.0375664085149765,-0.03679294139146805,0.07212488353252411,0.4906094968318939,0.4908028542995453,0.5180234313011169,2
2022-11-07,12.5600004196167,0.4065220355987549,0.11434152722358704,0.06869841367006302,0.10933949053287506,0.5285543203353882,0.5171678066253662,0.5273076891899109,2
2022-11-08,13.1899995803833,0.2932775914669037,-0.09086903929710388,0.05537835508584976,-0.03047579526901245,0.4772983491420746,0.5138410329818726,0.49238166213035583,2
2022-11-09,13.020000457763672,0.3518708646297455,0.06439317762851715,0.15747344493865967,0.08298413455486298,0.5160927176475525,0.5392872095108032,0.5207341313362122,2
2022-11-10,12.300000190734863,0.2852255403995514,-0.08417476713657379,0.03573419898748398,-0.04934236407279968,0.47896870970726013,0.5089325904846191,0.48766690492630005,2
2022-11-11,12.119999885559082,0.3695877194404602,0.03338056802749634,0.08242001384496689,0.05413950979709625,0.5083444118499756,0.5205933451652527,0.5135315656661987,2
2022-11-12,11.520000457763672,0.22504693269729614,-0.09923992305994034,-0.015490137040615082,-0.026539281010627747,0.47521039843559265,0.49612754583358765,0.4933655858039856,2
2022-11-13,13.180000305175781,0.27560994029045105,-0.11877980828285217,0.039308689534664154,-0.02152945101261139,0.47033989429473877,0.5098258852958679,0.49461784958839417,2
2022-11-14,12.039999961853027,0.30517181754112244,-0.029387928545475006,0.11869997531175613,0.06062161922454834,0.4926535487174988,0.5296401977539062,0.515150785446167,2
2022-11-15,11.289999961853027,0.3157419264316559,-0.032400667667388916,0.11446919292211533,0.06959880888462067,0.4919005334377289,0.5285860896110535,0.5173926949501038,2
2022-11-16,14.210000038146973,0.2885071933269501,-0.04832617938518524,0.10950180143117905,-1.4066696166992188e-05,0.4879208207130432,0.5273481607437134,0.4999964237213135,2
2022-11-17,12.130000114440918,0.33864882588386536,-0.07553236186504364,0.06615269929170609,0.013835743069648743,0.4811258316040039,0.5165321230888367,0.5034589171409607,2
2022-11-18,12.789999961853027,0.2671109437942505,-0.08226028084754944,0.0972752496600151,-0.07002640515565872,0.47944650053977966,0.524299681186676,0.4825005531311035,2
2022-11-19,14.640000343322754,0.31326308846473694,-0.10728352516889572,0.01001197099685669,0.010540589690208435,0.4732048213481903,0.502502977848053,0.50263512134552,2
2022-11-20,15.1899995803833,0.317062646150589,-0.09560707956552505,-0.003277987241744995,0.04555077850818634,0.47611644864082336,0.49918046593666077,0.5113857388496399,2
2022-11-21,11.859999656677246,0.34904566407203674,-0.10739005357027054,-0.021258771419525146,0.03404052555561066,0.4731782376766205,0.4946855306625366,0.5085092782974243,2
2022-11-22,10.899999618530273,0.28485503792762756,-0.11075958609580994,-0.042203374207019806,0.010900512337684631,0.47233837842941284,0.48945072293281555,0.5027250647544861,2
2022-11-23,13.079999923706055,0.3609224855899811,-0.07062961161136627,-0.033100515604019165,0.05383329093456268,0.4823499619960785,0.4917256236076355,0.5134550333023071,2
2022-11-24,11.4399995803833,0.2486523687839508,-0.04435492306947708,0.0013495609164237976,0.003201514482498169,0.48891305923461914,0.5003374218940735,0.500800371170044,2
2022-11-25,10.739999771118164,0.29075896739959717,-0.023272976279258728,-0.020884625613689423,0.044824063777923584,0.4941820502281189,0.4947790205478668,0.5112041234970093,2
2022-11-26,13.609999656677246,0.2761404514312744,0.03387293219566345,0.0004191100597381592,0.08880305290222168,0.508467435836792,0.5001047253608704,0.5221861600875854,2
2022-11-27,14.65999984741211,0.26494941115379333,-0.07665731012821198,0.012828268110752106,-0.02554963529109955,0.48084503412246704,0.5032070279121399,0.4936129152774811,2
2022-11-28,12.890000343322754,0.3093607723712921,-0.07250212132930756,-0.04430609941482544,-0.0488099604845047,0.4818824231624603,0.4889252483844757,0.4877999424934387,2
2022-11-29,15.40999984741211,0.15520159900188446,-0.048613518476486206,-0.08893539011478424,-0.0030618757009506226,0.4878489673137665,0.477780818939209,0.49923452734947205,2
2022-11-30,14.770000457763672,0.2518863081932068,-0.14280855655670166,0.09039817005395889,-0.07890495657920837,0.4643584191799164,0.5225841999053955,0.4802840054035187,2
2022-12-01,12.899999618530273,0.2677576243877411,-0.15833403170108795,0.0788164958357811,-0.10280318558216095,0.46049898862838745,0.519693911075592,0.47432175278663635,2
2022-12-02,14.59000015258789,0.22773359715938568,-0.1682453155517578,-0.0347343385219574,-0.10666774213314056,0.4580376148223877,0.4913173019886017,0.47335830330848694,2
2022-12-03,13.699999809265137,0.2394794076681137,-0.08929954469203949,0.033058203756809235,-0.058387868106365204,0.4776899516582489,0.5082637667655945,0.48540717363357544,2
2022-12-04,11.710000038146973,0.14841972291469574,-0.0791836529970169,0.04760148376226425,-0.06628843396902084,0.4802144169807434,0.5118981599807739,0.48343396186828613,2
2022-12-05,11.289999961853027,0.19168099761009216,-0.12034226208925247,0.07535187155008316,-0.08194370567798615,0.4699506461620331,0.5188290476799011,0.47952550649642944,2
2022-12-06,10.859999656677246,0.2283819019794464,-0.024102598428726196,0.16095057129859924,-0.0640353187918663,0.49397462606430054,0.5401510000228882,0.48399659991264343,2
2022-12-07,12.489999771118164,0.22135943174362183,-0.04798524081707001,0.18503546714782715,-0.05856950581073761,0.48800596594810486,0.5461273193359375,0.48536181449890137,2
2022-12-08,14.09000015258789,0.23657946288585663,-0.05648636072874069,0.18636605143547058,-0.05092985928058624,0.4858821630477905,0.5464571714401245,0.487270325422287,2
2022-12-09,14.640000343322754,0.26843276619911194,-0.07561562210321426,0.13380295038223267,-0.050400733947753906,0.48110508918762207,0.5334009528160095,0.48740246891975403,2
2022-12-10,11.760000228881836,0.32311561703681946,-0.06648439913988113,0.18096908926963806,-0.03628566861152649,0.4833850562572479,0.5451191663742065,0.49092957377433777,2
2022-12-11,12.109999656677246,0.3275516927242279,-0.10973864793777466,0.12189792841672897,0.03468690812587738,0.472592830657959,0.5304368138313293,0.5086708664894104,2
2022-12-12,14.600000381469727,0.3347264230251312,-0.10300980508327484,0.07484612613916397,0.01981845498085022,0.4742702841758728,0.5187028050422668,0.50495445728302,2
2022-12-13,14.220000267028809,0.378557950258255,-0.09268271923065186,0.10578840225934982,0.0794406533241272,0.4768458902835846,0.5264225006103516,0.5198497176170349,2
2022-12-14,13.270000457763672,0.3065113127231598,-0.0718943178653717,0.17981693148612976,0.047713980078697205,0.4820341467857361,0.5448334813117981,0.5119261741638184,2
2022-12-15,12.579999923706055,0.3320675194263458,-0.060340821743011475,0.1486181616783142,0.05484713613986969,0.48491939902305603,0.5370863080024719,0.5137083530426025,2
2022-12-16,12.9399995803833,0.4535798132419586,-0.09606122970581055,0.059711702167987823,0.12700490653514862,0.4760031998157501,0.5149234533309937,0.5317085981369019,2
2022-12-17,12.920000076293945,0.33099880814552307,-0.015145376324653625,0.13189706206321716,0.08221153914928436,0.4962137043476105,0.5329265594482422,0.5205413103103638,2
2022-12-18,14.039999961853027,0.24710246920585632,-0.019798576831817627,0.1473504602909088,0.07285033166408539,0.49505048990249634,0.5367711186408997,0.5182045102119446,2
2022-12-19,13.319999694824219,0.23748542368412018,0.0010859519243240356,0.2058049738407135,0.03051704168319702,0.5002714395523071,0.5512704253196716,0.5076286196708679,2
2022-12-20,12.680000305175781,0.31329530477523804,-0.05713175982236862,0.22453573346138,-0.027510911226272583,0.4857209026813507,0.5558992624282837,0.4931226968765259,2
2022-12-21,15.239999771118164,0.34549644589424133,-0.017412424087524414,0.16875550150871277,0.021403059363365173,0.49564704298973083,0.54208904504776,0.5053505301475525,2
2022-12-22,12.369999885559082,0.2488844096660614,-0.023130111396312714,0.224319726228714,-0.008386075496673584,0.4942176938056946,0.5558459162712097,0.4979034662246704,2
2022-12-23,10.220000267028809,0.26064786314964294,-0.05471786856651306,0.25263604521751404,-0.02076440304517746,0.4863239824771881,0.5628252625465393,0.4948090612888336,2
2022-12-24,10.449999809265137,0.2759665548801422,-0.05172617733478546,0.290992796421051,-0.04602156579494476,0.48707136511802673,0.5722391605377197,0.4884966313838959,2
2022-12-25,11.819999694824219,0.27095967531204224,-0.07369796931743622,0.2921870946884155,-0.03883844614028931,0.4815838634967804,0.572531521320343,0.49029165506362915,2
2022-12-26,13.510000228881836,0.2919515371322632,-0.060102447867393494,0.29927757382392883,-0.0319162979722023,0.48497888445854187,0.5742659568786621,0.4920215904712677,2
2022-12-27,12.289999961853027,0.1932191252708435,-0.060866571962833405,0.33398884534835815,-0.03992113471031189,0.48478806018829346,0.5827295780181885,0.49002107977867126,2
2022-12-28,13.670000076293945,0.26299598813056946,-0.08169936388731003,0.3263671398162842,-0.05952450633049011,0.47958651185035706,0.5808752179145813,0.48512327671051025,2
2022-12-29,12.9399995803833,0.3263682723045349,-0.12915530800819397,0.28963014483451843,-0.07067227363586426,0.4677559435367584,0.5719055533409119,0.4823392629623413,2
2022-12-30,13.739999771118164,0.3513951003551483,-0.1434168815612793,0.2534323036670685,-0.03186849504709244,0.46420711278915405,0.5630211234092712,0.49203360080718994,2
2022-12-31,10.819999694824219,0.3514787554740906,-0.0821775272488594,0.23706060647964478,0.044003382325172424,0.4794671833515167,0.5589891672134399,0.5109990835189819,2
2023-01-01,12.010000228881836,0.3218553364276886,-0.11138273030519485,0.18180635571479797,0.01564626395702362,0.47218307852745056,0.545326828956604,0.5039114952087402,2
2023-01-02,13.300000190734863,0.38537904620170593,-0.1487548053264618,0.1373777985572815,0.035598382353782654,0.4628797173500061,0.5342904925346375,0.5088986754417419,2
2023-01-03,11.75,0.3622489869594574,-0.05733790993690491,0.1495555341243744,0.06537722051143646,0.48566949367523193,0.5373193621635437,0.5163385272026062,2
2023-01-04,14.039999961853027,0.35642674565315247,-0.06581772863864899,0.16272810101509094,0.07767152786254883,0.4835515022277832,0.5405924916267395,0.519408106803894,2
2023-01-05,14.390000343322754,0.26365068554878235,-9.955465793609619e-05,0.19773483276367188,0.0526779443025589,0.4999750852584839,0.5492732524871826,0.5131664872169495,2
2023-01-06,10.3100004196167,0.4060421288013458,-0.09092079848051071,0.10648571699857712,0.10484230518341064,0.4772854149341583,0.5265963077545166,0.5261865854263306,2
2023-01-07,12.350000381469727,0.38724038004875183,0.013887226581573486,0.14057350158691406,0.07851822674274445,0.5034717917442322,0.5350856184959412,0.5196194648742676,2
2023-01-08,13.130000114440918,0.4179648160934448,-0.06153435260057449,0.1386130154132843,0.11748097836971283,0.4846212565898895,0.5345978736877441,0.5293365120887756,2
2023-01-09,6.710000038146973,0.4536561369895935,-0.0805104523897171,0.10532494634389877,0.10094700753688812,0.47988319396972656,0.5263069272041321,0.5252153277397156,2
2023-01-10,10.539999961853027,0.45168566703796387,-0.06935886293649673,0.09853091090917587,0.13951151072978973,0.4826672375202179,0.5246127843856812,0.5348213911056519,2
2023-01-11,10.5600004196167,0.41780897974967957,-0.03037995845079422,0.06422250717878342,0.08763642609119415,0.49240559339523315,0.5160501003265381,0.5218950510025024,2
2023-01-12,10.380000114440918,0.3239457309246063,-0.18585149943828583,-0.028065316379070282,-0.036435142159461975,0.4536704123020172,0.4929841160774231,0.490892231464386,2
2023-01-13,11.680000305175781,0.3239431381225586,-0.12542058527469635,0.049518339335918427,-0.003470093011856079,0.46868592500686646,0.5123770833015442,0.4991324841976166,2
2023-01-14,11.390000343322754,0.2717862129211426,-0.09242922067642212,0.054696016013622284,-0.02193717658519745,0.4769091010093689,0.5136706233024597,0.49451592564582825,2
2023-01-15,13.84000015258789,0.325090616941452,-0.1510133296251297,0.07670869678258896,-0.03916357457637787,0.4623182713985443,0.5191677808761597,0.4902103543281555,2
2023-01-16,9.609999656677246,0.2899026572704315,-0.10908972471952438,0.1271924376487732,-0.0785842090845108,0.472754567861557,0.5317553281784058,0.480364054441452,2
2023-01-17,11.470000267028809,0.28909480571746826,-0.2109852135181427,0.16463997960090637,-0.10939930379390717,0.4474484622478485,0.5410672426223755,0.47267740964889526,2
2023-01-18,9.529999732971191,0.2869817018508911,-0.1892034262418747,0.1845264434814453,-0.1286538988351822,0.452839732170105,0.5460011959075928,0.4678807556629181,2
2023-01-19,9.609999656677246,0.26752814650535583,-0.1988597810268402,0.08718233555555344,-0.07085069268941879,0.45044827461242676,0.5217817425727844,0.4822947084903717,2
2023-01-20,13.979999542236328,0.29953011870384216,-0.18295937776565552,0.10911298543214798,-0.09037349373102188,0.4543873369693756,0.5272512435913086,0.47742199897766113,2
2023-01-21,12.460000038146973,0.18832792341709137,-0.1591426283121109,0.1365697681903839,-0.033599853515625,0.460298091173172,0.5340895056724548,0.4916008412837982,2
2023-01-22,11.6899995803833,0.2883783280849457,-0.18373195827007294,0.10781098157167435,-0.02983197569847107,0.4541958272457123,0.5269266963005066,0.4925425350666046,2
2023-01-23,12.880000114440918,0.3248499035835266,-0.08756568282842636,0.16762861609458923,0.010908335447311401,0.4781225323677063,0.5418093204498291,0.5027270913124084,2
2023-01-24,12.010000228881836,0.3324437141418457,-0.15801629424095154,0.20311734080314636,0.05580846965312958,0.46057793498039246,0.5506054759025574,0.5139485001564026,2
2023-01-25,14.399999618530273,0.38471081852912903,-0.08550617843866348,0.2948044240474701,0.09920443594455719,0.4786365032196045,0.5731719136238098,0.5247807502746582,2
2023-01-26,14.680000305175781,0.23426930606365204,-0.07791700959205627,0.23139432072639465,0.07081468403339386,0.48053058981895447,0.5575918555259705,0.5176962614059448,2
2023-01-27,16.700000762939453,0.2544308304786682,-0.06712330877780914,0.2316601574420929,0.09415364265441895,0.48322543501853943,0.5576574206352234,0.5235210657119751,2
2023-01-28,11.449999809265137,0.27693626284599304,-0.1729227900505066,0.21190860867500305,0.06682707369327545,0.4568767547607422,0.5527797937393188,0.5167005658149719,2
2023-01-29,8.6899995803833,0.31665486097335815,-0.11278489977121353,0.20691800117492676,0.06876732409000397,0.47183361649513245,0.5515457391738892,0.5171850919723511,2
2023-01-30,16.0,0.1390988826751709,-0.045068852603435516,0.20641273260116577,0.05215193331241608,0.4887346923351288,0.5514207482337952,0.513034999370575,2
2023-01-31,17.450000762939453,0.3152579665184021,-0.10933028906583786,0.21274426579475403,0.06753018498420715,0.47269463539123535,0.5529863834381104,0.5168761014938354,2
2023-02-01,15.539999961853027,0.20181691646575928,0.05020098388195038,0.14788147807121277,0.015013173222541809,0.5125476121902466,0.5369031429290771,0.5037532448768616,2
2023-02-02,13.670000076293945,0.18682080507278442,0.04353703558444977,0.2661183178424835,-0.017548516392707825,0.510882556438446,0.5661397576332092,0.4956129491329193,2
2023-02-03,12.289999961853027,0.30674806237220764,-0.12969034910202026,0.23783394694328308,-0.05631343275308609,0.4676227569580078,0.5591797828674316,0.4859254062175751,2
2023-02-04,11.920000076293945,0.41486987471580505,-0.08482486754655838,0.26831576228141785,-0.03290887176990509,0.4788065254688263,0.5666794180870056,0.4917735457420349,2
2023-02-05,10.970000267028809,0.26889827847480774,0.016987130045890808,0.2400818169116974,0.0036934763193130493,0.504246711730957,0.5597338676452637,0.5009233951568604,2
2023-02-06,7.570000171661377,0.29919353127479553,0.046358540654182434,0.27541303634643555,0.016048923134803772,0.5115875601768494,0.5684213042259216,0.5040121674537659,2
2023-02-07,7.449999809265137,0.2929392158985138,0.03676675260066986,0.2889189124107361,-0.005200639367103577,0.5091906785964966,0.5717315077781677,0.4986998438835144,2
2023-02-08,8.880000114440918,0.3744082748889923,-0.017745941877365112,0.2965529263019562,0.01909296214580536,0.49556365609169006,0.573599636554718,0.5047730803489685,2
2023-02-09,11.270000457763672,0.47642776370048523,0.06658302247524261,0.3647576570510864,0.052994295954704285,0.5166395902633667,0.590191662311554,0.5132454633712769,2
2023-02-10,14.0,0.38485485315322876,0.004949331283569336,0.37623634934425354,0.07370217144489288,0.5012373328208923,0.5929650664329529,0.5184171795845032,2
2023-02-11,15.84000015258789,0.49798354506492615,0.04102510213851929,0.3142581582069397,0.07980667054653168,0.5102548599243164,0.5779243111610413,0.5199410915374756,2
2023-02-12,13.819999694824219,0.5520283579826355,-0.11258813738822937,0.3188704550266266,0.052942946553230286,0.471882700920105,0.5790489315986633,0.5132326483726501,2
2023-02-13,16.040000915527344,0.5504547953605652,-0.22441959381103516,0.23692068457603455,0.06623382866382599,0.44412940740585327,0.558954656124115,0.5165524482727051,2
2023-02-14,14.5,0.412859708070755,-0.2295377254486084,0.25592079758644104,0.026402577757835388,0.4428662061691284,0.5636332631111145,0.5066002607345581,2
2023-02-15,13.079999923706055,0.21931050717830658,-0.06420775502920151,0.16767510771751404,0.11637893319129944,0.4839536249637604,0.5418208241462708,0.5290619134902954,2
2023-02-16,10.579999923706055,0.27286356687545776,-0.16304336488246918,0.15258237719535828,0.06568820774555206,0.459329217672348,0.5380718111991882,0.5164161324501038,2
2023-02-17,13.9399995803833,0.31722673773765564,-0.06811775267124176,0.20134395360946655,0.07093589007854462,0.48297715187072754,0.5501666069030762,0.5177265405654907,2
2023-02-18,13.760000228881836,0.3053780496120453,-0.09870090335607529,0.20612069964408875,0.03938862681388855,0.47534483671188354,0.5513485074043274,0.5098458528518677,2
2023-02-19,16.56999969482422,0.1255255937576294,0.0863625556230545,0.26071810722351074,0.07211519777774811,0.5215772390365601,0.5648127794265747,0.5180209875106812,2
2023-02-20,12.140000343322754,0.15608903765678406,-0.10915185511112213,0.29245373606681824,0.03109942376613617,0.4727391004562378,0.5725967288017273,0.5077742338180542,3
2023-02-21,10.479999542236328,0.21706074476242065,-0.022373409941792488,0.38500574231147766,0.03809364140033722,0.49440690875053406,0.5950798392295837,0.5095222592353821,3
2023-02-22,11.170000076293945,0.17889170348644257,-0.05383157730102539,0.21416255831718445,-0.00458623468875885,0.4865453541278839,0.5533369183540344,0.4988534450531006,3
2023-02-23,9.760000228881836,0.13764873147010803,-0.06967906653881073,0.27066904306411743,0.03375951945781708,0.4825872778892517,0.5672571659088135,0.5084390640258789,3
2023-02-24,12.960000038146973,0.13703037798404694,-0.17515788972377777,0.2038620114326477,0.0022590607404708862,0.4563221335411072,0.5507897138595581,0.5005648136138916,3
2023-02-25,15.199999809265137,0.248319610953331,0.05150451511144638,0.2106809914112091,-0.039194270968437195,0.5128732919692993,0.5524762868881226,0.49020272493362427,3
2023-02-26,16.389999389648438,0.2292376011610031,-0.035330235958099365,0.0892660990357399,0.012705504894256592,0.4911683201789856,0.5223017334938049,0.5031762719154358,3
2023-02-27,15.399999618530273,0.3373987078666687,0.04451635479927063,0.08922507613897324,0.023930758237838745,0.511127233505249,0.5222914814949036,0.5059823989868164,3
2023-02-28,10.4399995803833,0.2697407603263855,-0.15209048986434937,0.3183295726776123,0.08063521981239319,0.46205049753189087,0.5789170861244202,0.5201478600502014,3
2023-03-01,15.140000343322754,0.3541305959224701,-0.07865819334983826,0.23357883095741272,0.03159143030643463,0.48034557700157166,0.55813068151474,0.5078971982002258,3
2023-03-02,13.920000076293945,0.3013049066066742,-0.11468741297721863,0.3205803632736206,0.020020008087158203,0.471359521150589,0.5794656872749329,0.5050048232078552,3
2023-03-03,13.869999885559082,0.2006531059741974,-0.1426732987165451,0.36205631494522095,0.04552757740020752,0.4643920361995697,0.5895380973815918,0.5113799571990967,3
2023-03-04,12.829999923706055,0.33145302534103394,0.04293355345726013,0.24776288866996765,0.0637904703617096,0.5107317566871643,0.5616257786750793,0.5159422159194946,3
2023-03-05,15.479999542236328,0.30614006519317627,0.006316272541880608,0.4014565944671631,0.08312691748142242,0.5015790462493896,0.5990375280380249,0.5207697153091431,3
2023-03-06,12.279999732971191,0.3704642057418823,0.10348443686962128,0.4423835277557373,0.05977608263492584,0.5258480310440063,0.6088268160820007,0.514939546585083,3
2023-03-07,9.800000190734863,0.3527263402938843,0.07313182950019836,0.2911377549171448,0.034072145819664,0.5182747840881348,0.5722746849060059,0.5085172057151794,3
2023-03-08,9.819999694824219,0.2759154438972473,-0.028316164389252663,0.2152787744998932,-0.004169635474681854,0.4929214417934418,0.5536128282546997,0.4989575445652008,3
2023-03-09,11.40999984741211,0.3783077895641327,0.02446541003882885,0.25502923130989075,-0.05403256416320801,0.5061160326004028,0.5634139776229858,0.48649510741233826,3
2023-03-10,14.0,0.307643324136734,-0.06825105845928192,-0.0026151612401008606,-0.005279615521430969,0.4829438328742981,0.49934616684913635,0.49868008494377136,3
2023-03-11,13.3100004196167,0.3492957651615143,0.04834365099668503,0.1984994113445282,-0.07073399424552917,0.5120835900306702,0.5494624972343445,0.48232388496398926,3
2023-03-12,14.640000343322754,0.3592016100883484,-0.034120216965675354,0.10516396909952164,-0.017757222056388855,0.4914707839488983,0.5262668132781982,0.49556082487106323,3
2023-03-13,10.029999732971191,0.29990988969802856,0.0069030653685331345,0.3428804874420166,-0.04724464565515518,0.5017257928848267,0.5848900675773621,0.48819103837013245,3
2023-03-14,10.020000457763672,0.2568527162075043,-0.03517092764377594,0.45964765548706055,-0.0060572028160095215,0.49120819568634033,0.6129305362701416,0.4984856843948364,3
2023-03-15,10.020000457763672,0.14613282680511475,-0.12690359354019165,0.16918927431106567,-0.0010091662406921387,0.46831655502319336,0.5421966910362244,0.49974769353866577,3
2023-03-16,13.569999694824219,0.2034374326467514,-0.061664022505283356,0.2428463101387024,-0.0004110857844352722,0.4845888912677765,0.5604149103164673,0.4998972713947296,3
2023-03-17,10.149999618530273,0.1716037094593048,-0.05523541569709778,0.37821149826049805,-0.0239376500248909,0.4861946403980255,0.5934416651725769,0.4940158724784851,3
2023-03-18,15.5,0.16188040375709534,-0.03762689232826233,0.19220098853111267,-0.023571692407131195,0.49059435725212097,0.5479028820991516,0.49410736560821533,3
2023-03-19,7.21999979019165,0.1955263763666153,-0.01965896226465702,0.11949194222688675,-0.013455532491207123,0.4950854480266571,0.5298374891281128,0.49663618206977844,3
2023-03-20,9.460000038146973,0.14640389382839203,0.007406776770949364,0.0918392762541771,0.03357720375061035,0.5018516778945923,0.5229437351226807,0.5083935260772705,3
2023-03-21,9.170000076293945,0.21045410633087158,-0.1030358374118805,-0.07924888283014297,0.009456612169742584,0.4742637872695923,0.48019811511039734,0.5023641586303711,3
2023-03-22,9.34000015258789,0.17242756485939026,-0.12572380900382996,0.25317466259002686,-0.04087677597999573,0.46861040592193604,0.562957763671875,0.4897822439670563,3
2023-03-23,8.569999694824219,0.37825390696525574,-0.044886477291584015,0.021708093583583832,-0.11610080301761627,0.48878031969070435,0.505426824092865,0.4710073471069336,3
2023-03-24,10.729999542236328,0.2236565202474594,-0.0361018180847168,0.3397911787033081,0.01378757506608963,0.490975558757782,0.5841398239135742,0.5034468173980713,3
2023-03-25,14.890000343322754,0.284481018781662,-0.11664081364870071,0.2131599485874176,0.06284556537866592,0.47087278962135315,0.5530891418457031,0.5157062411308289,3
2023-03-26,11.270000457763672,0.22991988062858582,0.07973360270261765,0.19823339581489563,0.004499644041061401,0.5199228525161743,0.5493966341018677,0.501124918460846,3
2023-03-27,11.9399995803833,0.1995285302400589,-0.24713529646396637,0.051650673151016235,-0.06147027015686035,0.43852871656417847,0.5129098296165466,0.4846372902393341,3
2023-03-28,10.819999694824219,0.1916218101978302,-0.13842056691646576,-0.20183899998664856,-0.03712344914674759,0.4654499888420105,0.449710875749588,0.49072015285491943,3
2023-03-29,12.710000038146973,0.19143840670585632,-0.243113175034523,-0.13003474473953247,-0.00944160670042038,0.4395192861557007,0.4675370752811432,0.49763965606689453,3
2023-03-30,15.489999771118164,0.21633589267730713,-0.09834849089384079,0.07933322340250015,-0.033645763993263245,0.4754326641559601,0.519822895526886,0.4915893077850342,3
2023-03-31,10.4399995803833,0.19082951545715332,-0.15534962713718414,-0.2341911494731903,0.038892120122909546,0.4612405002117157,0.44171836972236633,0.5097218155860901,3
2023-04-01,10.420000076293945,0.20713497698307037,-0.2287442982196808,0.018415190279483795,0.007624328136444092,0.4430620074272156,0.5046036839485168,0.5019060373306274,3
2023-04-02,13.699999809265137,0.25297242403030396,-0.16309092938899994,0.10503283888101578,0.03168176859617233,0.4593174457550049,0.5262340903282166,0.5079197883605957,3
2023-04-03,15.039999961853027,0.23667924106121063,-0.24992460012435913,-0.1357530951499939,0.030116703361272812,0.4378420412540436,0.46611374616622925,0.5075286030769348,3
2023-04-04,14.680000305175781,0.25333672761917114,-0.05404128134250641,0.009678773581981659,0.009780246764421463,0.48649296164512634,0.5024197101593018,0.5024450421333313,3
2023-04-05,13.149999618530273,0.15474465489387512,-0.21306514739990234,-0.03837971389293671,0.0212964229285717,0.4469342827796936,0.4904062747955322,0.5053238868713379,3
2023-04-06,16.979999542236328,0.13380903005599976,-0.15569457411766052,0.14560291171073914,0.08166766911745071,0.4611547589302063,0.5363365411758423,0.5204055905342102,3
2023-04-07,14.239999771118164,0.15261955559253693,-0.08726394921541214,0.09849011152982712,0.13748762011528015,0.47819784283638,0.5246026515960693,0.5343179106712341,3
2023-04-08,12.520000457763672,0.1841668337583542,-0.10893754661083221,0.019299663603305817,0.007160551846027374,0.47279250621795654,0.5048247575759888,0.5017901659011841,3
2023-04-09,14.829999923706055,0.15056920051574707,-0.08741588145494461,0.06472741812467575,-0.045089639723300934,0.47815990447998047,0.5161762237548828,0.4887295067310333,3
2023-04-10,9.899999618530273,0.16100290417671204,0.010745804756879807,0.2363542914390564,0.025731243193149567,0.5026864409446716,0.5588150024414062,0.5064324736595154,3
2023-04-11,10.09000015258789,0.13429471850395203,-0.0885767713189125,0.11825234442949295,-0.05264467000961304,0.47787031531333923,0.5295286774635315,0.4868418276309967,3
2023-04-12,9.65999984741211,0.13972191512584686,-0.0777350664138794,0.15607643127441406,0.0034796148538589478,0.4805760085582733,0.5389400720596313,0.500869870185852,3
2023-04-13,9.470000267028809,0.11192585527896881,-0.0832914412021637,0.09897927194833755,0.026546582579612732,0.4791891276836395,0.5247246623039246,0.5066362619400024,3
2023-04-14,16.0,0.12029223889112473,-0.042398251593112946,0.15622255206108093,0.0509633794426918,0.48940202593803406,0.5389763712882996,0.5127381086349487,3
2023-04-15,14.680000305175781,0.0794418528676033,-0.14445798099040985,0.07367274910211563,-0.002177707850933075,0.46394819021224976,0.5184099078178406,0.4994555711746216,3
2023-04-16,12.619999885559082,0.13040105998516083,-0.12910662591457367,0.07841292768716812,0.003590978682041168,0.4677681028842926,0.5195932388305664,0.5008977651596069,3
2023-04-17,11.220000267028809,0.14120760560035706,-0.10367977619171143,0.055396728217601776,0.01601915806531906,0.4741032123565674,0.513845682144165,0.504004716873169,3
2023-04-18,11.229999542236328,0.12315314263105392,-0.1992000937461853,-0.07790812849998474,0.000716187059879303,0.45036402344703674,0.48053279519081116,0.5001790523529053,3
2023-04-19,13.460000038146973,0.20060452818870544,-0.06615905463695526,0.1765832006931305,-0.008129261434078217,0.4834662973880768,0.5440314412117004,0.4979676604270935,3
2023-04-20,13.390000343322754,0.1610141545534134,-0.05981636047363281,0.15734952688217163,0.010835286229848862,0.48505035042762756,0.5392563939094543,0.5027087926864624,3
2023-04-21,9.760000228881836,0.16416987776756287,-0.03206828981637955,0.013564355671405792,-0.017957478761672974,0.4919836223125458,0.5033910274505615,0.4955107271671295,3
2023-04-22,14.4399995803833,0.2832747995853424,0.07647303491830826,0.24695611000061035,0.03378218784928322,0.5191089510917664,0.5614271759986877,0.5084447264671326,3
2023-04-23,13.680000305175781,0.23520871996879578,0.042776867747306824,0.16254788637161255,0.014932416379451752,0.5106925964355469,0.5405477285385132,0.5037330389022827,3
2023-04-24,11.829999923706055,0.2403721660375595,0.03249587118625641,-0.06499145925045013,-0.02793963998556137,0.5081232786178589,0.48375779390335083,0.4930155277252197,3
2023-04-25,12.789999961853027,0.2556096017360687,-0.00864617433398962,0.020044170320034027,-0.023017048835754395,0.49783846735954285,0.5050108432769775,0.4942460060119629,3
2023-04-26,12.880000114440918,0.22252993285655975,-0.12195117771625519,0.009373955428600311,-0.037301138043403625,0.4695499837398529,0.502343475818634,0.49067577719688416,3
2023-04-27,10.510000228881836,0.257739394903183,-0.05672226846218109,0.1376463770866394,0.03159652650356293,0.48582324385643005,0.5343573689460754,0.5078985095024109,3
2023-04-28,16.520000457763672,0.22761976718902588,-0.04012390226125717,0.07290404289960861,0.005136117339134216,0.4899703562259674,0.518217921257019,0.5012840032577515,3
2023-04-29,14.09000015258789,0.17797701060771942,-0.1774916648864746,0.09570764750242233,-0.019623734056949615,0.4557431936264038,0.5239086747169495,0.4950942099094391,3
2023-04-30,13.979999542236328,0.26524588465690613,-0.0652129203081131,0.01723417639732361,-0.011782556772232056,0.48370257019996643,0.5043084621429443,0.49705439805984497,3
2023-05-01,13.970000267028809,0.2220017910003662,-0.12579135596752167,0.2677916884422302,0.010263357311487198,0.4685935378074646,0.5665506720542908,0.5025658011436462,3
2023-05-02,14.0,0.2639889121055603,-0.04004160314798355,0.08927630633115768,-0.02563469111919403,0.4899909496307373,0.5223042368888855,0.49359166622161865,3
2023-05-03,13.9399995803833,0.23433268070220947,-0.003749481402337551,0.007734961807727814,0.015701502561569214,0.4990626275539398,0.501933753490448,0.5039252638816833,3
2023-05-04,14.020000457763672,0.16533182561397552,-0.024568229913711548,0.07353458553552628,-0.021155864000320435,0.4938582479953766,0.5183753371238708,0.4947112500667572,3
2023-05-05,14.880000114440918,0.20557360351085663,-0.10237045586109161,0.030820317566394806,-0.03513352572917938,0.4744296967983246,0.507704496383667,0.4912175238132477,3
2023-05-06,11.520000457763672,0.22699283063411713,-0.09423220157623291,-0.0197308287024498,-0.03395950049161911,0.4764593541622162,0.49506744742393494,0.4915109872817993,3
2023-05-07,13.0,0.07536923885345459,-0.1859026998281479,0.2778226435184479,0.2084643691778183,0.45365768671035767,0.5690123438835144,0.5519281625747681,3
2023-05-08,9.369999885559082,0.0947735533118248,-0.06418739259243011,0.1290663480758667,0.0723402127623558,0.4839586317539215,0.5322219133377075,0.5180771350860596,3
2023-05-09,12.59000015258789,0.14705778658390045,-0.023847393691539764,-0.014460843056440353,0.04934128373861313,0.4940384030342102,0.4963848292827606,0.5123328566551208,3
2023-05-10,12.670000076293945,0.09361764788627625,-0.0687348023056984,-0.035472795367240906,-0.008984029293060303,0.48282304406166077,0.4911327362060547,0.49775397777557373,3
2023-05-11,12.9399995803833,0.10887062549591064,-0.08942713588476181,0.01904558390378952,-0.029996395111083984,0.47765806317329407,0.5047612190246582,0.49250146746635437,3
2023-05-12,11.930000305175781,0.10170018672943115,-0.09381900727748871,0.0446670725941658,0.022017762064933777,0.47656241059303284,0.5111649036407471,0.5055042505264282,3
2023-05-13,12.829999923706055,0.1715475171804428,-0.02317633107304573,-0.09433254599571228,-0.01789073646068573,0.49420616030693054,0.4764343500137329,0.4955274760723114,3
2023-05-14,14.460000038146973,0.1726006716489792,-0.10088139772415161,-0.13415977358818054,-0.01627756655216217,0.47480103373527527,0.46651023626327515,0.49593067169189453,3
2023-05-15,13.25,0.2060610055923462,-0.06491702795028687,-0.1540139615535736,-0.006848983466625214,0.4837764501571655,0.46157243847846985,0.49828776717185974,3
2023-05-16,12.850000381469727,0.14536327123641968,-0.2212822437286377,-0.06696505844593048,0.036490052938461304,0.444904088973999,0.4832649528980255,0.5091214776039124,3
2023-05-17,14.510000228881836,0.26487651467323303,-0.03291277214884758,0.05277843028306961,0.0354621447622776,0.4917725622653961,0.5131915211677551,0.5088645815849304,3
2023-05-18,10.069999694824219,0.2581464350223541,-0.09214845299720764,-0.020404193550348282,0.011221058666706085,0.47697916626930237,0.4948991537094116,0.502805233001709,3
2023-05-19,12.90999984741211,0.236097052693367,-0.12478528171777725,-0.03352065756917,-0.016658589243888855,0.46884414553642273,0.49162065982818604,0.49583548307418823,3
2023-05-20,13.149999618530273,0.2194291204214096,-0.09019417315721512,-0.024776261299848557,0.040995482355356216,0.47746676206588745,0.49380627274513245,0.5102474689483643,3
2023-05-21,14.399999618530273,0.20173098146915436,-0.07738614827394485,-0.08609350770711899,0.014804661273956299,0.48066312074661255,0.4784899353981018,0.5037010908126831,3
2023-05-22,13.75,0.19347968697547913,-0.06983299553394318,-0.13295480608940125,0.013991713523864746,0.48254886269569397,0.4668101370334625,0.5034978985786438,3
2023-05-23,12.880000114440918,0.09348993003368378,-0.17675350606441498,0.011094413697719574,0.0628366470336914,0.4559262990951538,0.5027735829353333,0.5157039761543274,3
2023-05-24,12.199999809265137,0.20543773472309113,-0.136341854929924,-0.12461454421281815,0.047886282205581665,0.46596723794937134,0.4688865840435028,0.5119693279266357,3
2023-05-25,12.420000076293945,0.1680145412683487,-0.11376675963401794,-0.026153825223445892,0.0698709785938263,0.47158899903297424,0.493461936712265,0.5174606442451477,3
2023-05-26,7.989999771118164,0.1432933211326599,-0.218467578291893,-0.0986795574426651,0.05537449195981026,0.4455992877483368,0.47535011172294617,0.5138400793075562,3
2023-05-27,10.550000190734863,0.15589283406734467,-0.12485548108816147,0.038571685552597046,0.06987239420413971,0.46882662177085876,0.509641706943512,0.5174610018730164,3
2023-05-28,9.119999885559082,0.17902150750160217,-0.14301979541778564,0.06310320645570755,0.07943082600831985,0.4643058478832245,0.5157705545425415,0.5198472738265991,3
2023-05-29,9.1899995803833,0.16829520463943481,-0.1338871419429779,-0.0705898255109787,-0.013232186436653137,0.4665781259536743,0.4823598265647888,0.496692031621933,3
2023-05-30,9.289999961853027,0.20494358241558075,-0.11250030249357224,0.028397761285305023,0.12943026423454285,0.47190457582473755,0.5070989727973938,0.5323124527931213,3
2023-05-31,10.0,0.058948710560798645,-0.23075684905052185,0.07822922617197037,0.1104646623134613,0.4425654113292694,0.5195473432540894,0.5275881290435791,3
2023-06-01,13.260000228881836,0.20148766040802002,-0.11325553059577942,-0.21979430317878723,0.03546549379825592,0.47171634435653687,0.4452715516090393,0.5088654160499573,3
2023-06-02,12.5600004196167,0.16111399233341217,-0.16162286698818207,-0.18758758902549744,0.02217022329568863,0.45968198776245117,0.45324012637138367,0.5055423378944397,3
2023-06-03,13.640000343322754,0.14187058806419373,-0.21238788962364197,-0.14021536707878113,0.08244767785072327,0.4471017122268677,0.46500343084335327,0.5206002593040466,3
2023-06-04,15.850000381469727,0.19953273236751556,-0.16483783721923828,-0.16062231361865997,0.05551833659410477,0.4588836133480072,0.45993050932884216,0.5138760209083557,3
2023-06-05,11.119999885559082,0.2312716692686081,-0.2013006955385208,-0.10989484190940857,0.10407695174217224,0.449844092130661,0.47255387902259827,0.5259957909584045,3
2023-06-06,10.399999618530273,0.25287169218063354,-0.17770397663116455,-0.19700965285301208,0.038112036883831024,0.45569056272506714,0.45090627670288086,0.509526789188385,3
2023-06-07,11.399999618530273,0.30749982595443726,-0.15678732097148895,-0.14434248208999634,0.06639218330383301,0.4608832597732544,0.4639769196510315,0.5165919661521912,3
2023-06-08,13.15999984741211,0.2970903217792511,-0.11825519055128098,-0.12619300186634064,0.06628662347793579,0.4704706370830536,0.46849358081817627,0.5165656208992004,3
2023-06-09,16.860000610351562,0.35625627636909485,-0.06174739450216293,-0.0459740087389946,0.07219098508358002,0.4845680892467499,0.48850852251052856,0.5180399417877197,3
2023-06-10,10.779999732971191,0.35529446601867676,-0.04935075342655182,-0.3164626955986023,-0.022354871034622192,0.4876648485660553,0.4215380549430847,0.49441152811050415,3
2023-06-11,14.09000015258789,0.38477206230163574,-0.022415073588490486,-0.33046016097068787,0.00010959804058074951,0.49439647793769836,0.4181286692619324,0.5000274181365967,3
2023-06-12,11.399999618530273,0.3601798415184021,0.011396555230021477,-0.25083237886428833,0.008568435907363892,0.5028491020202637,0.437618613243103,0.502142071723938,3
2023-06-13,10.920000076293945,0.3768974542617798,-0.045044898986816406,-0.21208980679512024,0.05666494742035866,0.4887406826019287,0.44717538356781006,0.5141624808311462,3
2023-06-14,14.319999694824219,0.3390289545059204,-0.0550319105386734,-0.11808571964502335,0.058365002274513245,0.4862454831600189,0.47051283717155457,0.5145871043205261,3
2023-06-15,13.180000305175781,0.31686627864837646,-0.1093885600566864,-0.05416963994503021,0.01144077256321907,0.47268009185791016,0.48646092414855957,0.5028601288795471,3
2023-06-16,17.479999542236328,0.32352256774902344,-0.12855558097362518,-0.019893009215593338,0.04932631179690361,0.46790528297424316,0.4950268864631653,0.5123291015625,3
2023-06-17,11.5600004196167,0.3841596841812134,0.0032701026648283005,0.1036067083477974,0.09192860126495361,0.5008175373077393,0.5258785486221313,0.5229659676551819,3
2023-06-18,16.329999923706055,0.38771548867225647,-0.05241818726062775,-0.07523638755083084,0.06475076079368591,0.4868984520435333,0.48119980096817017,0.5161820650100708,3
2023-06-19,11.510000228881836,0.397777795791626,0.006831502541899681,0.02871735394001007,0.07804729044437408,0.501707911491394,0.5071788430213928,0.5195018649101257,3
2023-06-20,12.680000305175781,0.3696187138557434,-0.04817024618387222,-0.09959928691387177,0.03038867935538292,0.48795977234840393,0.4751207232475281,0.5075965523719788,3
2023-06-21,12.260000228881836,0.37411126494407654,-0.004216471686959267,-0.04014749825000763,0.03756925091147423,0.4989459216594696,0.4899645149707794,0.509391188621521,3
2023-06-22,11.739999771118164,0.3436865210533142,-0.0710281953215599,0.0410294309258461,0.05927203595638275,0.4822504222393036,0.5102559328079224,0.5148136615753174,3
2023-06-23,8.819999694824219,0.2887375056743622,-0.08790561556816101,0.017369188368320465,0.05421195924282074,0.4780377447605133,0.5043421983718872,0.5135496854782104,3
2023-06-24,10.619999885559082,0.2895391285419464,-0.03773457556962967,0.003959521651268005,-0.002553969621658325,0.49056750535964966,0.5009898543357849,0.49936148524284363,3
2023-06-25,9.680000305175781,0.2893698215484619,-0.13740794360637665,0.0029137134552001953,0.09644734114408493,0.46570199728012085,0.5007284283638,0.5240931510925293,3
2023-06-26,10.069999694824219,0.23435591161251068,-0.1520688235759735,0.09905453771352768,0.12818823754787445,0.46205589175224304,0.5247434377670288,0.5320032238960266,3
2023-06-27,9.039999961853027,0.3787537217140198,-0.007854344323277473,-0.2653200328350067,0.045222628861665726,0.49803638458251953,0.4340563714504242,0.511303722858429,3
2023-06-28,11.09000015258789,0.2745887041091919,-0.14852844178676605,0.11037874966859818,0.06411470472812653,0.46293601393699646,0.5275667309761047,0.5160231590270996,3
2023-06-29,11.899999618530273,0.3633747696876526,-0.07951156795024872,-0.0736241266131401,0.0851973444223404,0.4801326096057892,0.481602281332016,0.5212864279747009,3
2023-06-30,13.569999694824219,0.30239808559417725,-0.09895752370357513,-0.11187483370304108,0.026749122887849808,0.4752807915210724,0.4720604121685028,0.5066868662834167,3
2023-07-01,11.600000381469727,0.3374801278114319,-0.058449894189834595,-0.21081134676933289,0.09204550832509995,0.48539167642593384,0.44749152660369873,0.5229951739311218,3
2023-07-02,13.75,0.3235170245170593,-0.03888479620218277,-0.1890273094177246,0.05659809708595276,0.49028003215789795,0.45288336277008057,0.5141457915306091,3
2023-07-03,11.109999656677246,0.3388810157775879,-0.09728728234767914,-0.20345306396484375,0.027961939573287964,0.4756973683834076,0.4493114948272705,0.5069900155067444,3
2023-07-04,10.329999923706055,0.33174842596054077,-0.11248333752155304,-0.24303576350212097,0.020561523735523224,0.47190871834754944,0.4395383894443512,0.5051402449607849,3
2023-07-05,11.279999732971191,0.364305317401886,-0.102036252617836,-0.25946900248527527,0.04518186300992966,0.4745129942893982,0.43549421429634094,0.5112935304641724,3
2023-07-06,11.039999961853027,0.3715185523033142,-0.04690872132778168,-0.15721669793128967,0.075558602809906,0.4882749617099762,0.46077656745910645,0.5188806653022766,3
2023-07-07,13.0,0.3854983448982239,-0.06901980936527252,-0.21923518180847168,0.02023892104625702,0.48275190591812134,0.4454096853733063,0.505059540271759,3
2023-07-08,12.890000343322754,0.39043205976486206,-0.08725332468748093,-0.24190986156463623,-0.007925420999526978,0.4782004654407501,0.4398157596588135,0.49801865220069885,3
2023-07-09,14.050000190734863,0.4036082625389099,-0.08143878728151321,-0.23876339197158813,0.04766354709863663,0.4796515107154846,0.44059109687805176,0.5119136571884155,3
2023-07-10,11.640000343322754,0.4088554382324219,-0.03223615884780884,-0.27339842915534973,0.023224815726280212,0.4919416606426239,0.4320729374885559,0.5058059692382812,3
2023-07-11,14.520000457763672,0.3956189453601837,-0.07023747265338898,-0.29153692722320557,0.0061651915311813354,0.4824478328227997,0.4276276230812073,0.5015413165092468,3
2023-07-12,12.220000267028809,0.32695409655570984,-0.10205291211605072,-0.2489880919456482,0.05619055777788162,0.4745088815689087,0.4380725920200348,0.514043927192688,3
2023-07-13,11.6899995803833,0.3089377284049988,-0.11095880717039108,-0.146799698472023,0.08818192780017853,0.47228872776031494,0.4633658230304718,0.5220312476158142,3
2023-07-14,12.579999923706055,0.3621181845664978,-0.0922292023897171,-0.2989622950553894,0.015117838978767395,0.4769590497016907,0.42581117153167725,0.503779411315918,3
2023-07-15,11.800000190734863,0.38519543409347534,-0.10754220187664032,-0.21661880612373352,0.04241139441728592,0.4731403589248657,0.446056067943573,0.510601282119751,3
2023-07-16,13.079999923706055,0.3157138228416443,-0.1394348442554474,-0.25979796051979065,-0.010601282119750977,0.4651976525783539,0.4354133903980255,0.49734967947006226,3
2023-07-17,11.949999809265137,0.31910037994384766,-0.16388365626335144,-0.15325608849525452,0.01850001886487007,0.4591205418109894,0.4617607891559601,0.5046249032020569,3
2023-07-18,12.140000343322754,0.36624330282211304,-0.23072853684425354,-0.36781084537506104,-0.17476670444011688,0.4425724148750305,0.40907013416290283,0.4564191997051239,3
2023-07-19,12.479999542236328,0.350123792886734,-0.15812374651432037,-0.16196990013122559,0.026060082018375397,0.4605512320995331,0.45959579944610596,0.5065146684646606,3
2023-07-20,12.384448051452637,0.33541297912597656,-0.21439853310585022,-0.14625898003578186,0.06134868413209915,0.44660472869873047,0.4635002911090851,0.5153323411941528,3
2023-07-21,12.419676780700684,0.44731831550598145,-0.1365879327058792,-0.30905431509017944,-0.004148349165916443,0.465906023979187,0.4233455955982208,0.4989628791809082,3
2023-07-22,12.439343452453613,0.47824808955192566,-0.14837555587291718,-0.319606214761734,-0.022992968559265137,0.46297404170036316,0.4207717478275299,0.4942520558834076,3
2023-07-23,12.313671112060547,0.4488186240196228,-0.1481759399175644,-0.3372783362865448,-0.027759209275245667,0.46302366256713867,0.4164707362651825,0.4930606186389923,3
2023-07-24,12.470000267028809,0.5287416577339172,-0.12343454360961914,-0.32777631282806396,-0.022114187479019165,0.46918046474456787,0.4187817871570587,0.4944717288017273,3
2023-07-25,12.850000381469727,0.5181463956832886,-0.16212555766105652,-0.3738710880279541,0.03973126411437988,0.4595571756362915,0.40760600566864014,0.5099315047264099,3
2023-07-26,12.039999961853027,0.5103681683540344,-0.1487455666065216,-0.3791126012802124,0.012033149600028992,0.46288201212882996,0.40634092688560486,0.503008246421814,3
2023-07-27,12.850000381469727,0.4960545301437378,-0.14678525924682617,-0.4064154028892517,0.02608298510313034,0.4633693993091583,0.39977192878723145,0.5065203905105591,3
2023-07-28,16.850000381469727,0.4997926652431488,-0.13203871250152588,-0.38622361421585083,0.025431986898183823,0.46703821420669556,0.404626727104187,0.5063576698303223,3
2023-07-29,16.1299991607666,0.5333975553512573,-0.1330869346857071,-0.41714900732040405,0.035886991769075394,0.4667772948741913,0.3971991539001465,0.5089707970619202,3
2023-07-30,14.140000343322754,0.5486705899238586,-0.13946594297885895,-0.3585945665836334,0.022006653249263763,0.46518993377685547,0.41129982471466064,0.5055014491081238,3
2023-07-31,15.9399995803833,0.5599144697189331,-0.15864500403404236,-0.32423192262649536,0.024485383182764053,0.46042174100875854,0.4196447432041168,0.506121039390564,3
2023-08-01,15.739999771118164,0.5178236961364746,-0.1296907216310501,-0.07564578950405121,0.06564415991306305,0.46762269735336304,0.48109757900238037,0.5164051651954651,3
2023-08-02,15.479999542236328,0.5613759756088257,-0.09669579565525055,-0.17481520771980286,0.0327875092625618,0.4758448600769043,0.4564071297645569,0.5081961750984192,3
2023-08-03,14.319999694824219,0.5097059011459351,-0.13420122861862183,-0.11719977855682373,0.045812685042619705,0.4664999544620514,0.47073352336883545,0.5114511251449585,3
2023-08-04,15.960000038146973,0.49072265625,-0.17750945687294006,-0.1467801332473755,0.030824415385723114,0.45573878288269043,0.46337074041366577,0.5077055096626282,3
2023-08-05,10.210000038146973,0.4628559947013855,-0.16445156931877136,-0.01964031532406807,0.06563277542591095,0.45897945761680603,0.4950900673866272,0.5164023041725159,3
2023-08-06,9.229999542236328,0.44677868485450745,-0.19775761663913727,-0.0348324179649353,0.0713561624288559,0.4507210850715637,0.4912927746772766,0.5178315043449402,3
2023-08-07,13.100000381469727,0.44249898195266724,-0.23775321245193481,-0.049375198781490326,0.04150758683681488,0.44084009528160095,0.4876587390899658,0.510375440120697,3
2023-08-08,12.5,0.43402281403541565,-0.2119307816028595,0.06529448181390762,0.06943946331739426,0.44721469283103943,0.5163178443908691,0.5173528790473938,3
2023-08-09,13.279999732971191,0.31648316979408264,-0.2680748701095581,0.10398002713918686,0.06425262987613678,0.43337976932525635,0.5259715914726257,0.5160576701164246,3
2023-08-10,11.699999809265137,0.4095960855484009,-0.39249488711357117,-0.2680634558200836,-0.2801387310028076,0.403116911649704,0.4333825409412384,0.43041980266571045,3
2023-08-11,13.800000190734863,0.2671419680118561,-0.31068816781044006,0.12411621958017349,0.160827174782753,0.4229467809200287,0.5309892892837524,0.5401203632354736,3
2023-08-12,12.300000190734863,0.22444064915180206,-0.2737886309623718,0.27541109919548035,0.17298400402069092,0.43197721242904663,0.5684208273887634,0.5431385040283203,3
2023-08-13,15.819999694824219,0.30987656116485596,-0.2040107399225235,-0.2626006007194519,0.06269784271717072,0.4491735100746155,0.4347245395183563,0.5156693458557129,3
2023-08-14,11.880000114440918,0.2942105233669281,-0.26205894351005554,-0.17871439456939697,0.07023125141859055,0.43485766649246216,0.455439954996109,0.5175505876541138,3
2023-08-15,11.329999923706055,0.3485560417175293,-0.16892088949680328,-0.1192970871925354,0.03930794075131416,0.45786991715431213,0.4702110290527344,0.5098257064819336,3
2023-08-16,12.729999542236328,0.3324323892593384,-0.1893787980079651,-0.13702574372291565,0.06350702792406082,0.4527963399887085,0.4657970368862152,0.5158714056015015,3
2023-08-17,13.760000228881836,0.3836238980293274,-0.15793563425540924,-0.17595088481903076,0.06578248739242554,0.4605979919433594,0.456125408411026,0.51643967628479,3
2023-08-18,16.600000381469727,0.35219606757164,-0.19498027861118317,-0.17685484886169434,0.06740470230579376,0.4514087736606598,0.455901175737381,0.5168448090553284,3
2023-08-19,14.539999961853027,0.3338480293750763,-0.23699741065502167,-0.1346319615840912,-0.007806278765201569,0.4410264194011688,0.46639278531074524,0.49804845452308655,3
2023-08-20,10.6899995803833,0.290580153465271,-0.2564859688282013,-0.06070473790168762,0.10710053145885468,0.4362277090549469,0.48482847213745117,0.5267495512962341,3
2023-08-21,14.029999732971191,0.3644406795501709,-0.1734997183084488,-0.10527335852384567,0.07925233244895935,0.4567335546016693,0.473705917596817,0.5198027491569519,3
2023-08-22,14.140000343322754,0.40621182322502136,-0.25557947158813477,-0.20872321724891663,0.0534403920173645,0.43645066022872925,0.44800782203674316,0.5133569240570068,3
2023-08-23,14.380000114440918,0.3598421812057495,-0.21801067888736725,-0.21489399671554565,0.06502529978752136,0.4457121789455414,0.4464823305606842,0.5162506103515625,3
2023-08-24,17.299999237060547,0.47003138065338135,-0.26201045513153076,-0.4059862792491913,-0.24876146018505096,0.43486958742141724,0.3998749256134033,0.43812835216522217,3
2023-08-25,17.079999923706055,0.3499131202697754,-0.26489269733428955,-0.059602685272693634,0.043545857071876526,0.43416136503219604,0.4851037561893463,0.5108847618103027,3
2023-08-26,15.880000114440918,0.2958146631717682,-0.14993508160114288,0.08812687546014786,0.14223645627498627,0.46258628368377686,0.5220174789428711,0.5354992747306824,3
2023-08-27,13.380000114440918,0.3942077159881592,-0.12324650585651398,-0.08890434354543686,0.1089562475681305,0.4692273437976837,0.4777885377407074,0.5272121429443359,3
2023-08-28,12.420000076293945,0.2928406894207001,-0.21998342871665955,-0.14790689945220947,0.09627631306648254,0.4452248513698578,0.46309056878089905,0.5240505337715149,3
2023-08-29,12.65999984741211,0.33813712000846863,-0.15749028325080872,-0.09454599022865295,0.09019345045089722,0.4607085883617401,0.4763810932636261,0.5225330591201782,3
2023-08-30,14.930000305175781,0.311565637588501,-0.2120831310749054,-0.11540798097848892,0.05765775963664055,0.44717705249786377,0.4711799919605255,0.5144104361534119,3
2023-08-31,11.880000114440918,0.3281465768814087,-0.28491437435150146,-0.09088095277547836,0.06537968665361404,0.4292493462562561,0.4772953987121582,0.5163390636444092,3
2023-09-01,12.0600004196167,0.31008288264274597,-0.23724934458732605,-0.041157327592372894,0.06470578908920288,0.44096431136131287,0.489712119102478,0.5161707997322083,3
2023-09-02,13.739999771118164,0.24671658873558044,-0.24188385903835297,0.0823461040854454,0.09680400788784027,0.43982213735580444,0.5205748677253723,0.524182140827179,3
2023-09-03,14.079999923706055,0.3112545907497406,-0.16579490900039673,-0.06812620162963867,0.05673275887966156,0.4586459696292877,0.482975035905838,0.5141794085502625,3
2023-09-04,12.619999885559082,0.3269084692001343,-0.2427653670310974,-0.07903068512678146,0.07149249315261841,0.4396049678325653,0.48025256395339966,0.5178654789924622,3
2023-09-05,13.0600004196167,0.3317916989326477,-0.2397693246603012,-0.1733420193195343,0.026509691029787064,0.4403431713581085,0.45677265524864197,0.5066270232200623,3
2023-09-06,12.670000076293945,0.3029596507549286,-0.26409441232681274,-0.11964379996061325,0.06893038749694824,0.4343574345111847,0.4701246917247772,0.5172258019447327,3
2023-09-07,15.699999809265137,0.40225011110305786,-0.12199465185403824,-0.004087947309017181,0.07251125574111938,0.4695391058921814,0.4989779591560364,0.5181198716163635,3
2023-09-08,14.260000228881836,0.38255056738853455,-0.15801185369491577,-0.05299706012010574,0.04704888537526131,0.460578978061676,0.48675379157066345,0.5117600560188293,3
2023-09-09,12.279999732971191,0.3740123510360718,-0.14300012588500977,0.14444148540496826,0.08964108675718307,0.46431076526641846,0.5360476970672607,0.5223953127861023,3
2023-09-10,12.039999961853027,0.3270684480667114,-0.16138550639152527,0.16718730330467224,0.11258409917354584,0.45974093675613403,0.5416997671127319,0.5281162858009338,3
2023-09-11,9.1899995803833,0.3210793137550354,-0.1678924262523651,0.18198752403259277,0.08282538503408432,0.45812520384788513,0.5453717112541199,0.5206944942474365,3
2023-09-12,10.199999809265137,0.3356134295463562,-0.18320442736148834,0.0681987926363945,0.07353410124778748,0.4543265998363495,0.5170431137084961,0.5183752775192261,3
2023-09-13,7.150000095367432,0.3281390070915222,-0.16921426355838776,-0.04064779728651047,0.014663148671388626,0.4577970802783966,0.48983943462371826,0.5036657452583313,3
2023-09-14,12.170000076293945,0.253465861082077,-0.20996560156345367,0.005546756088733673,0.0628504529595375,0.4477005898952484,0.5013867020606995,0.5157074332237244,3
2023-09-15,11.050000190734863,0.22674275934696198,-0.14997078478336334,0.29780861735343933,0.14537537097930908,0.4625774025917053,0.5739067792892456,0.5362799763679504,3
2023-09-16,11.640000343322754,0.21494577825069427,-0.14959456026554108,0.10481109470129013,0.11309278756380081,0.4626709818840027,0.526178777217865,0.5282430648803711,3
2023-09-17,11.640000343322754,0.3046573996543884,-0.1434439718723297,-5.982816219329834e-06,0.002345055341720581,0.4642004072666168,0.4999985098838806,0.5005862712860107,3
2023-09-18,10.399999618530273,0.262056827545166,-0.13697052001953125,-0.10525114089250565,0.015960942953824997,0.4658108055591583,0.4737114906311035,0.503990113735199,3
2023-09-19,9.739999771118164,0.26339098811149597,-0.18486103415489197,-0.12100433558225632,0.05222117528319359,0.45391592383384705,0.46978580951690674,0.5130523443222046,3
2023-09-20,12.970000267028809,0.2734074592590332,-0.21065104007720947,-0.27731853723526,-0.037444353103637695,0.44753116369247437,0.43111127614974976,0.4906400442123413,3
2023-09-21,15.5600004196167,0.30405193567276,-0.29922160506248474,-0.32464703917503357,-0.09991364181041718,0.4257477819919586,0.41954362392425537,0.4750423729419708,3
2023-09-22,17.559999465942383,0.2741922438144684,-0.16917869448661804,-0.12587687373161316,0.02344413846731186,0.45780593156814575,0.4685722887516022,0.5058607459068298,3
2023-09-23,16.579999923706055,0.2659201920032501,-0.19854560494422913,-0.21693021059036255,0.02551395073533058,0.45052602887153625,0.44597914814949036,0.5063781142234802,3
2023-09-24,16.360000610351562,0.29861700534820557,-0.20608437061309814,-0.3668043911457062,0.007416032254695892,0.4486604928970337,0.409313440322876,0.5018540024757385,3
2023-09-25,15.979999542236328,0.2804984152317047,-0.21217012405395508,-0.22599035501480103,0.044536199420690536,0.44715556502342224,0.4437416195869446,0.5111322402954102,3
2023-09-26,10.130000114440918,0.24091625213623047,-0.24666589498519897,-0.3654208481311798,0.0024878382682800293,0.4386443495750427,0.40964800119400024,0.5006219744682312,3
2023-09-27,10.34000015258789,0.25414639711380005,-0.19305774569511414,-0.17948774993419647,0.07519029080867767,0.4518848955631256,0.4552481472492218,0.5187886953353882,3
2023-09-28,15.529999732971191,0.3137384057044983,-0.18859794735908508,-0.30501261353492737,0.008485175669193268,0.452989786863327,0.42433252930641174,0.5021212697029114,3
2023-09-29,17.110000610351562,0.30756086111068726,-0.14713799953460693,-0.23525887727737427,0.005715064704418182,0.4632817208766937,0.44145503640174866,0.5014287233352661,3
2023-09-30,17.09000015258789,0.2843453884124756,-0.13407637178897858,-0.14281904697418213,0.01043921709060669,0.46653100848197937,0.46435579657554626,0.5026097893714905,3
2023-10-01,14.600000381469727,0.2952752709388733,-0.15914665162563324,-0.19440358877182007,-0.024044126272201538,0.4602971076965332,0.451551616191864,0.4939892888069153,3
2023-10-02,15.720000267028809,0.3312504291534424,-0.13271042704582214,-0.25749048590660095,-0.05457480251789093,0.4668709933757782,0.4359807074069977,0.48635971546173096,3
2023-10-03,16.31999969482422,0.34644538164138794,-0.10494354367256165,-0.017965272068977356,-0.03760898858308792,0.47378823161125183,0.4955087900161743,0.4905988276004791,3
2023-10-04,13.670000076293945,0.34587591886520386,-0.21416135132312775,-0.0580584853887558,-0.06030367314815521,0.44666337966918945,0.48548945784568787,0.4849286377429962,3
2023-10-05,11.979999542236328,0.38840851187705994,-0.12984703481197357,0.40106064081192017,-0.02864333987236023,0.4675837755203247,0.5989424586296082,0.49283966422080994,3
2023-10-06,10.319999694824219,0.32552412152290344,-0.09946546703577042,0.2663942277431488,-0.04086655378341675,0.4751541018486023,0.5662074685096741,0.4897848069667816,3
2023-10-07,17.40999984741211,0.34708690643310547,-0.061012931168079376,0.4192425012588501,0.025081492960453033,0.48475149273872375,0.6033019423484802,0.5062700510025024,3
2023-10-08,17.690000534057617,0.37812745571136475,0.027042308822274208,0.37904176115989685,0.07254063338041306,0.5067601799964905,0.5936419367790222,0.5181272029876709,3
2023-10-09,16.43000030517578,0.31034114956855774,-0.16619236767292023,0.3495214581489563,0.025159846991300583,0.45854729413986206,0.5865015387535095,0.5062896013259888,3
2023-10-10,16.920000076293945,0.27364325523376465,-0.17734616994857788,0.3580959439277649,-0.015973784029483795,0.4557793140411377,0.5885794162750244,0.49600669741630554,3
2023-10-11,16.979999542236328,0.322196364402771,-0.1311049908399582,0.3375188112258911,-0.007199622690677643,0.4672705829143524,0.5835877060890198,0.49820011854171753,3
2023-10-12,16.639999389648438,0.32439902424812317,-0.14919450879096985,0.3509064018726349,-0.03381997346878052,0.4627704322338104,0.5868374109268188,0.49154576659202576,3
2023-10-13,16.399999618530273,0.23510999977588654,-0.18576008081436157,0.33466824889183044,0.000727236270904541,0.4536930322647095,0.5828948020935059,0.5001817941665649,3
2023-10-14,16.799999237060547,0.22258569300174713,-0.17241208255290985,0.3377295732498169,0.02208930253982544,0.4570033848285675,0.5836389064788818,0.5055220723152161,3
2023-10-15,17.81999969482422,0.2503293752670288,-0.05780452489852905,0.41696038842201233,0.06751689314842224,0.48555290699005127,0.6027556657791138,0.5168728232383728,3
2023-10-16,16.31999969482422,0.21365852653980255,-0.14231109619140625,0.6009069681167603,0.11626974493265152,0.4644821584224701,0.6458637714385986,0.5290347337722778,3
2023-10-17,13.300000190734863,0.22296877205371857,-0.09272995591163635,0.4854999780654907,-0.004054322838783264,0.4768340587615967,0.6190457940101624,0.4989863932132721,3
2023-10-18,15.789999961853027,0.22650747001171112,-0.11507242172956467,0.6909094452857971,0.12573102116584778,0.471263587474823,0.6661692261695862,0.5313913822174072,3
2023-10-19,15.180000305175781,0.22763459384441376,-0.13059231638908386,0.6041024327278137,0.058587446808815,0.4673982560634613,0.6465942859649658,0.5146427154541016,3
2023-10-20,17.229999542236328,0.28559738397598267,-0.083900585770607,0.806567370891571,0.14369891583919525,0.4790371358394623,0.6913775205612183,0.5358630418777466,3
2023-10-21,17.979999542236328,0.2321733981370926,-0.03265232592821121,0.6411638259887695,0.08186374604701996,0.49183765053749084,0.6550165414810181,0.520454466342926,3
2023-10-22,16.3700008392334,0.18399055302143097,-0.15342405438423157,0.7328230738639832,0.1349688172340393,0.4617190659046173,0.6754245162010193,0.5336910486221313,3
2023-10-23,16.440000534057617,0.18936799466609955,-0.08748269081115723,0.6651470065116882,0.1433972716331482,0.47814324498176575,0.6604156494140625,0.5357879996299744,3
2023-10-24,14.119999885559082,0.21162743866443634,-0.0874406099319458,0.47602325677871704,0.09261970221996307,0.4781537652015686,0.6168084144592285,0.5231384038925171,3
2023-10-25,15.59000015258789,0.21036462485790253,-0.09046199172735214,0.5550022125244141,0.15299582481384277,0.47739991545677185,0.6352953314781189,0.5381745100021362,3
2023-10-26,17.760000228881836,0.2111063450574875,-0.07705884426832199,0.632641613483429,0.15726442635059357,0.48074477910995483,0.6530882120132446,0.5392352938652039,3
