policy_type,policy_display_name,horizon_days,threshold_mg_L,nominal_budget_fraction,outer_fold_or_pooled,model,startup_dates,eligible_dates,event_count_eligible,candidate_alarms,issued_alarms,suppressed_candidates,unused_capacity,maximum_integer_capacity,realized_alarm_fraction,true_positives,false_positives,false_negatives,recall,precision,miss_rate,false_alarm_rate,cutoff_information_scope,quota_rule,causal,hard_prefix_capacity_enforced,prospective_field_validation,source_package,source_file,source_sha256
historical_quota_enforced_sequential_simulation,historical quota-enforced sequential simulation,5,15,0.05,1,BCR-TCN v1.1,30,219,48,34,5,29,,11,0.0228310502283105,2,3,46,0.0416666666666666,0.4,0.9583333333333334,0.0175438596491228,past_scores_only_then_prefix_quota_gate,A_j <= ceil(r * j) at every eligible-date prefix,True,True,False,sequential_quota_enforced,revision_2026/08_sequential_alarm_policy/h5/quota_enforced/quota_enforced_h5_metrics_by_fold.csv,8e8ddad3af2f6ec7f59f9ef6b214278d2777de47c342110c4c081196ddd1d245
historical_quota_enforced_sequential_simulation,historical quota-enforced sequential simulation,5,15,0.1,1,BCR-TCN v1.1,30,219,48,44,10,34,,22,0.045662100456621,6,4,42,0.125,0.6,0.875,0.023391812865497,past_scores_only_then_prefix_quota_gate,A_j <= ceil(r * j) at every eligible-date prefix,True,True,False,sequential_quota_enforced,revision_2026/08_sequential_alarm_policy/h5/quota_enforced/quota_enforced_h5_metrics_by_fold.csv,8e8ddad3af2f6ec7f59f9ef6b214278d2777de47c342110c4c081196ddd1d245
historical_quota_enforced_sequential_simulation,historical quota-enforced sequential simulation,5,16,0.05,1,BCR-TCN v1.1,30,219,28,25,9,16,,11,0.0410958904109589,1,8,27,0.0357142857142857,0.1111111111111111,0.9642857142857144,0.0418848167539267,past_scores_only_then_prefix_quota_gate,A_j <= ceil(r * j) at every eligible-date prefix,True,True,False,sequential_quota_enforced,revision_2026/08_sequential_alarm_policy/h5/quota_enforced/quota_enforced_h5_metrics_by_fold.csv,8e8ddad3af2f6ec7f59f9ef6b214278d2777de47c342110c4c081196ddd1d245
historical_quota_enforced_sequential_simulation,historical quota-enforced sequential simulation,5,16,0.1,1,BCR-TCN v1.1,30,219,28,38,18,20,,22,0.0821917808219178,5,13,23,0.1785714285714285,0.2777777777777778,0.8214285714285714,0.0680628272251308,past_scores_only_then_prefix_quota_gate,A_j <= ceil(r * j) at every eligible-date prefix,True,True,False,sequential_quota_enforced,revision_2026/08_sequential_alarm_policy/h5/quota_enforced/quota_enforced_h5_metrics_by_fold.csv,8e8ddad3af2f6ec7f59f9ef6b214278d2777de47c342110c4c081196ddd1d245
historical_quota_enforced_sequential_simulation,historical quota-enforced sequential simulation,5,17,0.05,1,BCR-TCN v1.1,30,219,13,6,6,0,,11,0.0273972602739726,0,6,13,0.0,0.0,1.0,0.029126213592233,past_scores_only_then_prefix_quota_gate,A_j <= ceil(r * j) at every eligible-date prefix,True,True,False,sequential_quota_enforced,revision_2026/08_sequential_alarm_policy/h5/quota_enforced/quota_enforced_h5_metrics_by_fold.csv,8e8ddad3af2f6ec7f59f9ef6b214278d2777de47c342110c4c081196ddd1d245
historical_quota_enforced_sequential_simulation,historical quota-enforced sequential simulation,5,17,0.1,1,BCR-TCN v1.1,30,219,13,14,14,0,,22,0.0639269406392694,1,13,12,0.0769230769230769,0.0714285714285714,0.9230769230769232,0.0631067961165048,past_scores_only_then_prefix_quota_gate,A_j <= ceil(r * j) at every eligible-date prefix,True,True,False,sequential_quota_enforced,revision_2026/08_sequential_alarm_policy/h5/quota_enforced/quota_enforced_h5_metrics_by_fold.csv,8e8ddad3af2f6ec7f59f9ef6b214278d2777de47c342110c4c081196ddd1d245
historical_quota_enforced_sequential_simulation,historical quota-enforced sequential simulation,5,15,0.05,2,BCR-TCN v1.1,30,219,20,58,9,49,,11,0.0410958904109589,0,9,20,0.0,0.0,1.0,0.0452261306532663,past_scores_only_then_prefix_quota_gate,A_j <= ceil(r * j) at every eligible-date prefix,True,True,False,sequential_quota_enforced,revision_2026/08_sequential_alarm_policy/h5/quota_enforced/quota_enforced_h5_metrics_by_fold.csv,8e8ddad3af2f6ec7f59f9ef6b214278d2777de47c342110c4c081196ddd1d245
historical_quota_enforced_sequential_simulation,historical quota-enforced sequential simulation,5,15,0.1,2,BCR-TCN v1.1,30,219,20,83,21,62,,22,0.0958904109589041,0,21,20,0.0,0.0,1.0,0.1055276381909547,past_scores_only_then_prefix_quota_gate,A_j <= ceil(r * j) at every eligible-date prefix,True,True,False,sequential_quota_enforced,revision_2026/08_sequential_alarm_policy/h5/quota_enforced/quota_enforced_h5_metrics_by_fold.csv,8e8ddad3af2f6ec7f59f9ef6b214278d2777de47c342110c4c081196ddd1d245
historical_quota_enforced_sequential_simulation,historical quota-enforced sequential simulation,5,16,0.05,2,BCR-TCN v1.1,30,219,7,59,10,49,,11,0.045662100456621,0,10,7,0.0,0.0,1.0,0.0471698113207547,past_scores_only_then_prefix_quota_gate,A_j <= ceil(r * j) at every eligible-date prefix,True,True,False,sequential_quota_enforced,revision_2026/08_sequential_alarm_policy/h5/quota_enforced/quota_enforced_h5_metrics_by_fold.csv,8e8ddad3af2f6ec7f59f9ef6b214278d2777de47c342110c4c081196ddd1d245
historical_quota_enforced_sequential_simulation,historical quota-enforced sequential simulation,5,16,0.1,2,BCR-TCN v1.1,30,219,7,79,19,60,,22,0.0867579908675799,0,19,7,0.0,0.0,1.0,0.0896226415094339,past_scores_only_then_prefix_quota_gate,A_j <= ceil(r * j) at every eligible-date prefix,True,True,False,sequential_quota_enforced,revision_2026/08_sequential_alarm_policy/h5/quota_enforced/quota_enforced_h5_metrics_by_fold.csv,8e8ddad3af2f6ec7f59f9ef6b214278d2777de47c342110c4c081196ddd1d245
historical_quota_enforced_sequential_simulation,historical quota-enforced sequential simulation,5,17,0.05,2,BCR-TCN v1.1,30,219,1,20,11,9,,11,0.0502283105022831,0,11,1,0.0,0.0,1.0,0.0504587155963302,past_scores_only_then_prefix_quota_gate,A_j <= ceil(r * j) at every eligible-date prefix,True,True,False,sequential_quota_enforced,revision_2026/08_sequential_alarm_policy/h5/quota_enforced/quota_enforced_h5_metrics_by_fold.csv,8e8ddad3af2f6ec7f59f9ef6b214278d2777de47c342110c4c081196ddd1d245
historical_quota_enforced_sequential_simulation,historical quota-enforced sequential simulation,5,17,0.1,2,BCR-TCN v1.1,30,219,1,35,22,13,,22,0.1004566210045662,0,22,1,0.0,0.0,1.0,0.1009174311926605,past_scores_only_then_prefix_quota_gate,A_j <= ceil(r * j) at every eligible-date prefix,True,True,False,sequential_quota_enforced,revision_2026/08_sequential_alarm_policy/h5/quota_enforced/quota_enforced_h5_metrics_by_fold.csv,8e8ddad3af2f6ec7f59f9ef6b214278d2777de47c342110c4c081196ddd1d245
historical_quota_enforced_sequential_simulation,historical quota-enforced sequential simulation,5,15,0.05,3,BCR-TCN v1.1,30,219,49,13,11,2,,11,0.0502283105022831,8,3,41,0.1632653061224489,0.7272727272727273,0.8367346938775511,0.0176470588235294,past_scores_only_then_prefix_quota_gate,A_j <= ceil(r * j) at every eligible-date prefix,True,True,False,sequential_quota_enforced,revision_2026/08_sequential_alarm_policy/h5/quota_enforced/quota_enforced_h5_metrics_by_fold.csv,8e8ddad3af2f6ec7f59f9ef6b214278d2777de47c342110c4c081196ddd1d245
historical_quota_enforced_sequential_simulation,historical quota-enforced sequential simulation,5,15,0.1,3,BCR-TCN v1.1,30,219,49,20,19,1,,22,0.0867579908675799,12,7,37,0.2448979591836734,0.631578947368421,0.7551020408163265,0.0411764705882352,past_scores_only_then_prefix_quota_gate,A_j <= ceil(r * j) at every eligible-date prefix,True,True,False,sequential_quota_enforced,revision_2026/08_sequential_alarm_policy/h5/quota_enforced/quota_enforced_h5_metrics_by_fold.csv,8e8ddad3af2f6ec7f59f9ef6b214278d2777de47c342110c4c081196ddd1d245
historical_quota_enforced_sequential_simulation,historical quota-enforced sequential simulation,5,16,0.05,3,BCR-TCN v1.1,30,219,32,3,3,0,,11,0.0136986301369863,1,2,31,0.03125,0.3333333333333333,0.96875,0.0106951871657754,past_scores_only_then_prefix_quota_gate,A_j <= ceil(r * j) at every eligible-date prefix,True,True,False,sequential_quota_enforced,revision_2026/08_sequential_alarm_policy/h5/quota_enforced/quota_enforced_h5_metrics_by_fold.csv,8e8ddad3af2f6ec7f59f9ef6b214278d2777de47c342110c4c081196ddd1d245
historical_quota_enforced_sequential_simulation,historical quota-enforced sequential simulation,5,16,0.1,3,BCR-TCN v1.1,30,219,32,10,10,0,,22,0.045662100456621,5,5,27,0.15625,0.5,0.84375,0.0267379679144385,past_scores_only_then_prefix_quota_gate,A_j <= ceil(r * j) at every eligible-date prefix,True,True,False,sequential_quota_enforced,revision_2026/08_sequential_alarm_policy/h5/quota_enforced/quota_enforced_h5_metrics_by_fold.csv,8e8ddad3af2f6ec7f59f9ef6b214278d2777de47c342110c4c081196ddd1d245
historical_quota_enforced_sequential_simulation,historical quota-enforced sequential simulation,5,17,0.05,3,BCR-TCN v1.1,30,219,12,31,11,20,,11,0.0502283105022831,0,11,12,0.0,0.0,1.0,0.0531400966183574,past_scores_only_then_prefix_quota_gate,A_j <= ceil(r * j) at every eligible-date prefix,True,True,False,sequential_quota_enforced,revision_2026/08_sequential_alarm_policy/h5/quota_enforced/quota_enforced_h5_metrics_by_fold.csv,8e8ddad3af2f6ec7f59f9ef6b214278d2777de47c342110c4c081196ddd1d245
historical_quota_enforced_sequential_simulation,historical quota-enforced sequential simulation,5,17,0.1,3,BCR-TCN v1.1,30,219,12,46,22,24,,22,0.1004566210045662,3,19,9,0.25,0.1363636363636363,0.75,0.0917874396135265,past_scores_only_then_prefix_quota_gate,A_j <= ceil(r * j) at every eligible-date prefix,True,True,False,sequential_quota_enforced,revision_2026/08_sequential_alarm_policy/h5/quota_enforced/quota_enforced_h5_metrics_by_fold.csv,8e8ddad3af2f6ec7f59f9ef6b214278d2777de47c342110c4c081196ddd1d245
historical_quota_enforced_sequential_simulation,historical quota-enforced sequential simulation,5,15,0.05,1,ElasticNet,30,219,48,0,0,0,,11,0.0,0,0,48,0.0,,1.0,0.0,past_scores_only_then_prefix_quota_gate,A_j <= ceil(r * j) at every eligible-date prefix,True,True,False,sequential_quota_enforced,revision_2026/08_sequential_alarm_policy/h5/quota_enforced/quota_enforced_h5_metrics_by_fold.csv,8e8ddad3af2f6ec7f59f9ef6b214278d2777de47c342110c4c081196ddd1d245
historical_quota_enforced_sequential_simulation,historical quota-enforced sequential simulation,5,15,0.1,1,ElasticNet,30,219,48,0,0,0,,22,0.0,0,0,48,0.0,,1.0,0.0,past_scores_only_then_prefix_quota_gate,A_j <= ceil(r * j) at every eligible-date prefix,True,True,False,sequential_quota_enforced,revision_2026/08_sequential_alarm_policy/h5/quota_enforced/quota_enforced_h5_metrics_by_fold.csv,8e8ddad3af2f6ec7f59f9ef6b214278d2777de47c342110c4c081196ddd1d245
historical_quota_enforced_sequential_simulation,historical quota-enforced sequential simulation,5,16,0.05,1,ElasticNet,30,219,28,0,0,0,,11,0.0,0,0,28,0.0,,1.0,0.0,past_scores_only_then_prefix_quota_gate,A_j <= ceil(r * j) at every eligible-date prefix,True,True,False,sequential_quota_enforced,revision_2026/08_sequential_alarm_policy/h5/quota_enforced/quota_enforced_h5_metrics_by_fold.csv,8e8ddad3af2f6ec7f59f9ef6b214278d2777de47c342110c4c081196ddd1d245
historical_quota_enforced_sequential_simulation,historical quota-enforced sequential simulation,5,16,0.1,1,ElasticNet,30,219,28,0,0,0,,22,0.0,0,0,28,0.0,,1.0,0.0,past_scores_only_then_prefix_quota_gate,A_j <= ceil(r * j) at every eligible-date prefix,True,True,False,sequential_quota_enforced,revision_2026/08_sequential_alarm_policy/h5/quota_enforced/quota_enforced_h5_metrics_by_fold.csv,8e8ddad3af2f6ec7f59f9ef6b214278d2777de47c342110c4c081196ddd1d245
historical_quota_enforced_sequential_simulation,historical quota-enforced sequential simulation,5,17,0.05,1,ElasticNet,30,219,13,0,0,0,,11,0.0,0,0,13,0.0,,1.0,0.0,past_scores_only_then_prefix_quota_gate,A_j <= ceil(r * j) at every eligible-date prefix,True,True,False,sequential_quota_enforced,revision_2026/08_sequential_alarm_policy/h5/quota_enforced/quota_enforced_h5_metrics_by_fold.csv,8e8ddad3af2f6ec7f59f9ef6b214278d2777de47c342110c4c081196ddd1d245
historical_quota_enforced_sequential_simulation,historical quota-enforced sequential simulation,5,17,0.1,1,ElasticNet,30,219,13,0,0,0,,22,0.0,0,0,13,0.0,,1.0,0.0,past_scores_only_then_prefix_quota_gate,A_j <= ceil(r * j) at every eligible-date prefix,True,True,False,sequential_quota_enforced,revision_2026/08_sequential_alarm_policy/h5/quota_enforced/quota_enforced_h5_metrics_by_fold.csv,8e8ddad3af2f6ec7f59f9ef6b214278d2777de47c342110c4c081196ddd1d245
historical_quota_enforced_sequential_simulation,historical quota-enforced sequential simulation,5,15,0.05,2,ElasticNet,30,219,20,38,11,27,,11,0.0502283105022831,2,9,18,0.1,0.1818181818181818,0.9,0.0452261306532663,past_scores_only_then_prefix_quota_gate,A_j <= ceil(r * j) at every eligible-date prefix,True,True,False,sequential_quota_enforced,revision_2026/08_sequential_alarm_policy/h5/quota_enforced/quota_enforced_h5_metrics_by_fold.csv,8e8ddad3af2f6ec7f59f9ef6b214278d2777de47c342110c4c081196ddd1d245
historical_quota_enforced_sequential_simulation,historical quota-enforced sequential simulation,5,15,0.1,2,ElasticNet,30,219,20,65,22,43,,22,0.1004566210045662,3,19,17,0.15,0.1363636363636363,0.85,0.0954773869346733,past_scores_only_then_prefix_quota_gate,A_j <= ceil(r * j) at every eligible-date prefix,True,True,False,sequential_quota_enforced,revision_2026/08_sequential_alarm_policy/h5/quota_enforced/quota_enforced_h5_metrics_by_fold.csv,8e8ddad3af2f6ec7f59f9ef6b214278d2777de47c342110c4c081196ddd1d245
historical_quota_enforced_sequential_simulation,historical quota-enforced sequential simulation,5,16,0.05,2,ElasticNet,30,219,7,38,11,27,,11,0.0502283105022831,1,10,6,0.1428571428571428,0.0909090909090909,0.8571428571428571,0.0471698113207547,past_scores_only_then_prefix_quota_gate,A_j <= ceil(r * j) at every eligible-date prefix,True,True,False,sequential_quota_enforced,revision_2026/08_sequential_alarm_policy/h5/quota_enforced/quota_enforced_h5_metrics_by_fold.csv,8e8ddad3af2f6ec7f59f9ef6b214278d2777de47c342110c4c081196ddd1d245
historical_quota_enforced_sequential_simulation,historical quota-enforced sequential simulation,5,16,0.1,2,ElasticNet,30,219,7,65,22,43,,22,0.1004566210045662,1,21,6,0.1428571428571428,0.0454545454545454,0.8571428571428571,0.0990566037735849,past_scores_only_then_prefix_quota_gate,A_j <= ceil(r * j) at every eligible-date prefix,True,True,False,sequential_quota_enforced,revision_2026/08_sequential_alarm_policy/h5/quota_enforced/quota_enforced_h5_metrics_by_fold.csv,8e8ddad3af2f6ec7f59f9ef6b214278d2777de47c342110c4c081196ddd1d245
historical_quota_enforced_sequential_simulation,historical quota-enforced sequential simulation,5,17,0.05,2,ElasticNet,30,219,1,38,11,27,,11,0.0502283105022831,1,10,0,1.0,0.0909090909090909,0.0,0.0458715596330275,past_scores_only_then_prefix_quota_gate,A_j <= ceil(r * j) at every eligible-date prefix,True,True,False,sequential_quota_enforced,revision_2026/08_sequential_alarm_policy/h5/quota_enforced/quota_enforced_h5_metrics_by_fold.csv,8e8ddad3af2f6ec7f59f9ef6b214278d2777de47c342110c4c081196ddd1d245
historical_quota_enforced_sequential_simulation,historical quota-enforced sequential simulation,5,17,0.1,2,ElasticNet,30,219,1,65,22,43,,22,0.1004566210045662,1,21,0,1.0,0.0454545454545454,0.0,0.0963302752293578,past_scores_only_then_prefix_quota_gate,A_j <= ceil(r * j) at every eligible-date prefix,True,True,False,sequential_quota_enforced,revision_2026/08_sequential_alarm_policy/h5/quota_enforced/quota_enforced_h5_metrics_by_fold.csv,8e8ddad3af2f6ec7f59f9ef6b214278d2777de47c342110c4c081196ddd1d245
historical_quota_enforced_sequential_simulation,historical quota-enforced sequential simulation,5,15,0.05,3,ElasticNet,30,219,49,33,11,22,,11,0.0502283105022831,2,9,47,0.0408163265306122,0.1818181818181818,0.9591836734693876,0.0529411764705882,past_scores_only_then_prefix_quota_gate,A_j <= ceil(r * j) at every eligible-date prefix,True,True,False,sequential_quota_enforced,revision_2026/08_sequential_alarm_policy/h5/quota_enforced/quota_enforced_h5_metrics_by_fold.csv,8e8ddad3af2f6ec7f59f9ef6b214278d2777de47c342110c4c081196ddd1d245
historical_quota_enforced_sequential_simulation,historical quota-enforced sequential simulation,5,15,0.1,3,ElasticNet,30,219,49,40,22,18,,22,0.1004566210045662,7,15,42,0.1428571428571428,0.3181818181818182,0.8571428571428571,0.088235294117647,past_scores_only_then_prefix_quota_gate,A_j <= ceil(r * j) at every eligible-date prefix,True,True,False,sequential_quota_enforced,revision_2026/08_sequential_alarm_policy/h5/quota_enforced/quota_enforced_h5_metrics_by_fold.csv,8e8ddad3af2f6ec7f59f9ef6b214278d2777de47c342110c4c081196ddd1d245
historical_quota_enforced_sequential_simulation,historical quota-enforced sequential simulation,5,16,0.05,3,ElasticNet,30,219,32,33,11,22,,11,0.0502283105022831,1,10,31,0.03125,0.0909090909090909,0.96875,0.053475935828877,past_scores_only_then_prefix_quota_gate,A_j <= ceil(r * j) at every eligible-date prefix,True,True,False,sequential_quota_enforced,revision_2026/08_sequential_alarm_policy/h5/quota_enforced/quota_enforced_h5_metrics_by_fold.csv,8e8ddad3af2f6ec7f59f9ef6b214278d2777de47c342110c4c081196ddd1d245
historical_quota_enforced_sequential_simulation,historical quota-enforced sequential simulation,5,16,0.1,3,ElasticNet,30,219,32,40,22,18,,22,0.1004566210045662,4,18,28,0.125,0.1818181818181818,0.875,0.0962566844919786,past_scores_only_then_prefix_quota_gate,A_j <= ceil(r * j) at every eligible-date prefix,True,True,False,sequential_quota_enforced,revision_2026/08_sequential_alarm_policy/h5/quota_enforced/quota_enforced_h5_metrics_by_fold.csv,8e8ddad3af2f6ec7f59f9ef6b214278d2777de47c342110c4c081196ddd1d245
historical_quota_enforced_sequential_simulation,historical quota-enforced sequential simulation,5,17,0.05,3,ElasticNet,30,219,12,33,11,22,,11,0.0502283105022831,1,10,11,0.0833333333333333,0.0909090909090909,0.9166666666666666,0.0483091787439613,past_scores_only_then_prefix_quota_gate,A_j <= ceil(r * j) at every eligible-date prefix,True,True,False,sequential_quota_enforced,revision_2026/08_sequential_alarm_policy/h5/quota_enforced/quota_enforced_h5_metrics_by_fold.csv,8e8ddad3af2f6ec7f59f9ef6b214278d2777de47c342110c4c081196ddd1d245
historical_quota_enforced_sequential_simulation,historical quota-enforced sequential simulation,5,17,0.1,3,ElasticNet,30,219,12,40,22,18,,22,0.1004566210045662,4,18,8,0.3333333333333333,0.1818181818181818,0.6666666666666666,0.0869565217391304,past_scores_only_then_prefix_quota_gate,A_j <= ceil(r * j) at every eligible-date prefix,True,True,False,sequential_quota_enforced,revision_2026/08_sequential_alarm_policy/h5/quota_enforced/quota_enforced_h5_metrics_by_fold.csv,8e8ddad3af2f6ec7f59f9ef6b214278d2777de47c342110c4c081196ddd1d245
historical_quota_enforced_sequential_simulation,historical quota-enforced sequential simulation,5,15,0.05,1,HGBR,30,219,48,2,1,1,,11,0.0045662100456621,0,1,48,0.0,0.0,1.0,0.0058479532163742,past_scores_only_then_prefix_quota_gate,A_j <= ceil(r * j) at every eligible-date prefix,True,True,False,sequential_quota_enforced,revision_2026/08_sequential_alarm_policy/h5/quota_enforced/quota_enforced_h5_metrics_by_fold.csv,8e8ddad3af2f6ec7f59f9ef6b214278d2777de47c342110c4c081196ddd1d245
historical_quota_enforced_sequential_simulation,historical quota-enforced sequential simulation,5,15,0.1,1,HGBR,30,219,48,2,1,1,,22,0.0045662100456621,0,1,48,0.0,0.0,1.0,0.0058479532163742,past_scores_only_then_prefix_quota_gate,A_j <= ceil(r * j) at every eligible-date prefix,True,True,False,sequential_quota_enforced,revision_2026/08_sequential_alarm_policy/h5/quota_enforced/quota_enforced_h5_metrics_by_fold.csv,8e8ddad3af2f6ec7f59f9ef6b214278d2777de47c342110c4c081196ddd1d245
historical_quota_enforced_sequential_simulation,historical quota-enforced sequential simulation,5,16,0.05,1,HGBR,30,219,28,2,1,1,,11,0.0045662100456621,0,1,28,0.0,0.0,1.0,0.0052356020942408,past_scores_only_then_prefix_quota_gate,A_j <= ceil(r * j) at every eligible-date prefix,True,True,False,sequential_quota_enforced,revision_2026/08_sequential_alarm_policy/h5/quota_enforced/quota_enforced_h5_metrics_by_fold.csv,8e8ddad3af2f6ec7f59f9ef6b214278d2777de47c342110c4c081196ddd1d245
historical_quota_enforced_sequential_simulation,historical quota-enforced sequential simulation,5,16,0.1,1,HGBR,30,219,28,2,1,1,,22,0.0045662100456621,0,1,28,0.0,0.0,1.0,0.0052356020942408,past_scores_only_then_prefix_quota_gate,A_j <= ceil(r * j) at every eligible-date prefix,True,True,False,sequential_quota_enforced,revision_2026/08_sequential_alarm_policy/h5/quota_enforced/quota_enforced_h5_metrics_by_fold.csv,8e8ddad3af2f6ec7f59f9ef6b214278d2777de47c342110c4c081196ddd1d245
historical_quota_enforced_sequential_simulation,historical quota-enforced sequential simulation,5,17,0.05,1,HGBR,30,219,13,2,1,1,,11,0.0045662100456621,0,1,13,0.0,0.0,1.0,0.0048543689320388,past_scores_only_then_prefix_quota_gate,A_j <= ceil(r * j) at every eligible-date prefix,True,True,False,sequential_quota_enforced,revision_2026/08_sequential_alarm_policy/h5/quota_enforced/quota_enforced_h5_metrics_by_fold.csv,8e8ddad3af2f6ec7f59f9ef6b214278d2777de47c342110c4c081196ddd1d245
historical_quota_enforced_sequential_simulation,historical quota-enforced sequential simulation,5,17,0.1,1,HGBR,30,219,13,2,1,1,,22,0.0045662100456621,0,1,13,0.0,0.0,1.0,0.0048543689320388,past_scores_only_then_prefix_quota_gate,A_j <= ceil(r * j) at every eligible-date prefix,True,True,False,sequential_quota_enforced,revision_2026/08_sequential_alarm_policy/h5/quota_enforced/quota_enforced_h5_metrics_by_fold.csv,8e8ddad3af2f6ec7f59f9ef6b214278d2777de47c342110c4c081196ddd1d245
historical_quota_enforced_sequential_simulation,historical quota-enforced sequential simulation,5,15,0.05,2,HGBR,30,219,20,28,8,20,,11,0.0365296803652968,1,7,19,0.05,0.125,0.95,0.0351758793969849,past_scores_only_then_prefix_quota_gate,A_j <= ceil(r * j) at every eligible-date prefix,True,True,False,sequential_quota_enforced,revision_2026/08_sequential_alarm_policy/h5/quota_enforced/quota_enforced_h5_metrics_by_fold.csv,8e8ddad3af2f6ec7f59f9ef6b214278d2777de47c342110c4c081196ddd1d245
historical_quota_enforced_sequential_simulation,historical quota-enforced sequential simulation,5,15,0.1,2,HGBR,30,219,20,47,19,28,,22,0.0867579908675799,4,15,16,0.2,0.2105263157894736,0.8,0.0753768844221105,past_scores_only_then_prefix_quota_gate,A_j <= ceil(r * j) at every eligible-date prefix,True,True,False,sequential_quota_enforced,revision_2026/08_sequential_alarm_policy/h5/quota_enforced/quota_enforced_h5_metrics_by_fold.csv,8e8ddad3af2f6ec7f59f9ef6b214278d2777de47c342110c4c081196ddd1d245
historical_quota_enforced_sequential_simulation,historical quota-enforced sequential simulation,5,16,0.05,2,HGBR,30,219,7,28,8,20,,11,0.0365296803652968,0,8,7,0.0,0.0,1.0,0.0377358490566037,past_scores_only_then_prefix_quota_gate,A_j <= ceil(r * j) at every eligible-date prefix,True,True,False,sequential_quota_enforced,revision_2026/08_sequential_alarm_policy/h5/quota_enforced/quota_enforced_h5_metrics_by_fold.csv,8e8ddad3af2f6ec7f59f9ef6b214278d2777de47c342110c4c081196ddd1d245
historical_quota_enforced_sequential_simulation,historical quota-enforced sequential simulation,5,16,0.1,2,HGBR,30,219,7,47,19,28,,22,0.0867579908675799,1,18,6,0.1428571428571428,0.0526315789473684,0.8571428571428571,0.0849056603773584,past_scores_only_then_prefix_quota_gate,A_j <= ceil(r * j) at every eligible-date prefix,True,True,False,sequential_quota_enforced,revision_2026/08_sequential_alarm_policy/h5/quota_enforced/quota_enforced_h5_metrics_by_fold.csv,8e8ddad3af2f6ec7f59f9ef6b214278d2777de47c342110c4c081196ddd1d245
historical_quota_enforced_sequential_simulation,historical quota-enforced sequential simulation,5,17,0.05,2,HGBR,30,219,1,28,8,20,,11,0.0365296803652968,0,8,1,0.0,0.0,1.0,0.036697247706422,past_scores_only_then_prefix_quota_gate,A_j <= ceil(r * j) at every eligible-date prefix,True,True,False,sequential_quota_enforced,revision_2026/08_sequential_alarm_policy/h5/quota_enforced/quota_enforced_h5_metrics_by_fold.csv,8e8ddad3af2f6ec7f59f9ef6b214278d2777de47c342110c4c081196ddd1d245
historical_quota_enforced_sequential_simulation,historical quota-enforced sequential simulation,5,17,0.1,2,HGBR,30,219,1,47,19,28,,22,0.0867579908675799,0,19,1,0.0,0.0,1.0,0.0871559633027523,past_scores_only_then_prefix_quota_gate,A_j <= ceil(r * j) at every eligible-date prefix,True,True,False,sequential_quota_enforced,revision_2026/08_sequential_alarm_policy/h5/quota_enforced/quota_enforced_h5_metrics_by_fold.csv,8e8ddad3af2f6ec7f59f9ef6b214278d2777de47c342110c4c081196ddd1d245
historical_quota_enforced_sequential_simulation,historical quota-enforced sequential simulation,5,15,0.05,3,HGBR,30,219,49,18,11,7,,11,0.0502283105022831,8,3,41,0.1632653061224489,0.7272727272727273,0.8367346938775511,0.0176470588235294,past_scores_only_then_prefix_quota_gate,A_j <= ceil(r * j) at every eligible-date prefix,True,True,False,sequential_quota_enforced,revision_2026/08_sequential_alarm_policy/h5/quota_enforced/quota_enforced_h5_metrics_by_fold.csv,8e8ddad3af2f6ec7f59f9ef6b214278d2777de47c342110c4c081196ddd1d245
historical_quota_enforced_sequential_simulation,historical quota-enforced sequential simulation,5,15,0.1,3,HGBR,30,219,49,23,22,1,,22,0.1004566210045662,17,5,32,0.3469387755102041,0.7727272727272727,0.6530612244897959,0.0294117647058823,past_scores_only_then_prefix_quota_gate,A_j <= ceil(r * j) at every eligible-date prefix,True,True,False,sequential_quota_enforced,revision_2026/08_sequential_alarm_policy/h5/quota_enforced/quota_enforced_h5_metrics_by_fold.csv,8e8ddad3af2f6ec7f59f9ef6b214278d2777de47c342110c4c081196ddd1d245
historical_quota_enforced_sequential_simulation,historical quota-enforced sequential simulation,5,16,0.05,3,HGBR,30,219,32,18,11,7,,11,0.0502283105022831,6,5,26,0.1875,0.5454545454545454,0.8125,0.0267379679144385,past_scores_only_then_prefix_quota_gate,A_j <= ceil(r * j) at every eligible-date prefix,True,True,False,sequential_quota_enforced,revision_2026/08_sequential_alarm_policy/h5/quota_enforced/quota_enforced_h5_metrics_by_fold.csv,8e8ddad3af2f6ec7f59f9ef6b214278d2777de47c342110c4c081196ddd1d245
historical_quota_enforced_sequential_simulation,historical quota-enforced sequential simulation,5,16,0.1,3,HGBR,30,219,32,23,22,1,,22,0.1004566210045662,13,9,19,0.40625,0.5909090909090909,0.59375,0.0481283422459893,past_scores_only_then_prefix_quota_gate,A_j <= ceil(r * j) at every eligible-date prefix,True,True,False,sequential_quota_enforced,revision_2026/08_sequential_alarm_policy/h5/quota_enforced/quota_enforced_h5_metrics_by_fold.csv,8e8ddad3af2f6ec7f59f9ef6b214278d2777de47c342110c4c081196ddd1d245
historical_quota_enforced_sequential_simulation,historical quota-enforced sequential simulation,5,17,0.05,3,HGBR,30,219,12,18,11,7,,11,0.0502283105022831,2,9,10,0.1666666666666666,0.1818181818181818,0.8333333333333334,0.0434782608695652,past_scores_only_then_prefix_quota_gate,A_j <= ceil(r * j) at every eligible-date prefix,True,True,False,sequential_quota_enforced,revision_2026/08_sequential_alarm_policy/h5/quota_enforced/quota_enforced_h5_metrics_by_fold.csv,8e8ddad3af2f6ec7f59f9ef6b214278d2777de47c342110c4c081196ddd1d245
historical_quota_enforced_sequential_simulation,historical quota-enforced sequential simulation,5,17,0.1,3,HGBR,30,219,12,23,22,1,,22,0.1004566210045662,5,17,7,0.4166666666666667,0.2272727272727272,0.5833333333333334,0.0821256038647343,past_scores_only_then_prefix_quota_gate,A_j <= ceil(r * j) at every eligible-date prefix,True,True,False,sequential_quota_enforced,revision_2026/08_sequential_alarm_policy/h5/quota_enforced/quota_enforced_h5_metrics_by_fold.csv,8e8ddad3af2f6ec7f59f9ef6b214278d2777de47c342110c4c081196ddd1d245
historical_quota_enforced_sequential_simulation,historical quota-enforced sequential simulation,5,15,0.05,1,Persistence,30,219,48,8,7,1,,11,0.0319634703196347,2,5,46,0.0416666666666666,0.2857142857142857,0.9583333333333334,0.0292397660818713,past_scores_only_then_prefix_quota_gate,A_j <= ceil(r * j) at every eligible-date prefix,True,True,False,sequential_quota_enforced,revision_2026/08_sequential_alarm_policy/h5/quota_enforced/quota_enforced_h5_metrics_by_fold.csv,8e8ddad3af2f6ec7f59f9ef6b214278d2777de47c342110c4c081196ddd1d245
historical_quota_enforced_sequential_simulation,historical quota-enforced sequential simulation,5,15,0.1,1,Persistence,30,219,48,18,16,2,,22,0.0730593607305936,8,8,40,0.1666666666666666,0.5,0.8333333333333334,0.0467836257309941,past_scores_only_then_prefix_quota_gate,A_j <= ceil(r * j) at every eligible-date prefix,True,True,False,sequential_quota_enforced,revision_2026/08_sequential_alarm_policy/h5/quota_enforced/quota_enforced_h5_metrics_by_fold.csv,8e8ddad3af2f6ec7f59f9ef6b214278d2777de47c342110c4c081196ddd1d245
historical_quota_enforced_sequential_simulation,historical quota-enforced sequential simulation,5,16,0.05,1,Persistence,30,219,28,8,7,1,,11,0.0319634703196347,1,6,27,0.0357142857142857,0.1428571428571428,0.9642857142857144,0.031413612565445,past_scores_only_then_prefix_quota_gate,A_j <= ceil(r * j) at every eligible-date prefix,True,True,False,sequential_quota_enforced,revision_2026/08_sequential_alarm_policy/h5/quota_enforced/quota_enforced_h5_metrics_by_fold.csv,8e8ddad3af2f6ec7f59f9ef6b214278d2777de47c342110c4c081196ddd1d245
historical_quota_enforced_sequential_simulation,historical quota-enforced sequential simulation,5,16,0.1,1,Persistence,30,219,28,18,16,2,,22,0.0730593607305936,7,9,21,0.25,0.4375,0.75,0.0471204188481675,past_scores_only_then_prefix_quota_gate,A_j <= ceil(r * j) at every eligible-date prefix,True,True,False,sequential_quota_enforced,revision_2026/08_sequential_alarm_policy/h5/quota_enforced/quota_enforced_h5_metrics_by_fold.csv,8e8ddad3af2f6ec7f59f9ef6b214278d2777de47c342110c4c081196ddd1d245
historical_quota_enforced_sequential_simulation,historical quota-enforced sequential simulation,5,17,0.05,1,Persistence,30,219,13,8,7,1,,11,0.0319634703196347,0,7,13,0.0,0.0,1.0,0.0339805825242718,past_scores_only_then_prefix_quota_gate,A_j <= ceil(r * j) at every eligible-date prefix,True,True,False,sequential_quota_enforced,revision_2026/08_sequential_alarm_policy/h5/quota_enforced/quota_enforced_h5_metrics_by_fold.csv,8e8ddad3af2f6ec7f59f9ef6b214278d2777de47c342110c4c081196ddd1d245
historical_quota_enforced_sequential_simulation,historical quota-enforced sequential simulation,5,17,0.1,1,Persistence,30,219,13,18,16,2,,22,0.0730593607305936,2,14,11,0.1538461538461538,0.125,0.8461538461538461,0.0679611650485436,past_scores_only_then_prefix_quota_gate,A_j <= ceil(r * j) at every eligible-date prefix,True,True,False,sequential_quota_enforced,revision_2026/08_sequential_alarm_policy/h5/quota_enforced/quota_enforced_h5_metrics_by_fold.csv,8e8ddad3af2f6ec7f59f9ef6b214278d2777de47c342110c4c081196ddd1d245
historical_quota_enforced_sequential_simulation,historical quota-enforced sequential simulation,5,15,0.05,2,Persistence,30,219,20,24,11,13,,11,0.0502283105022831,1,10,19,0.05,0.0909090909090909,0.95,0.050251256281407,past_scores_only_then_prefix_quota_gate,A_j <= ceil(r * j) at every eligible-date prefix,True,True,False,sequential_quota_enforced,revision_2026/08_sequential_alarm_policy/h5/quota_enforced/quota_enforced_h5_metrics_by_fold.csv,8e8ddad3af2f6ec7f59f9ef6b214278d2777de47c342110c4c081196ddd1d245
historical_quota_enforced_sequential_simulation,historical quota-enforced sequential simulation,5,15,0.1,2,Persistence,30,219,20,44,22,22,,22,0.1004566210045662,2,20,18,0.1,0.0909090909090909,0.9,0.100502512562814,past_scores_only_then_prefix_quota_gate,A_j <= ceil(r * j) at every eligible-date prefix,True,True,False,sequential_quota_enforced,revision_2026/08_sequential_alarm_policy/h5/quota_enforced/quota_enforced_h5_metrics_by_fold.csv,8e8ddad3af2f6ec7f59f9ef6b214278d2777de47c342110c4c081196ddd1d245
historical_quota_enforced_sequential_simulation,historical quota-enforced sequential simulation,5,16,0.05,2,Persistence,30,219,7,24,11,13,,11,0.0502283105022831,0,11,7,0.0,0.0,1.0,0.0518867924528301,past_scores_only_then_prefix_quota_gate,A_j <= ceil(r * j) at every eligible-date prefix,True,True,False,sequential_quota_enforced,revision_2026/08_sequential_alarm_policy/h5/quota_enforced/quota_enforced_h5_metrics_by_fold.csv,8e8ddad3af2f6ec7f59f9ef6b214278d2777de47c342110c4c081196ddd1d245
historical_quota_enforced_sequential_simulation,historical quota-enforced sequential simulation,5,16,0.1,2,Persistence,30,219,7,44,22,22,,22,0.1004566210045662,1,21,6,0.1428571428571428,0.0454545454545454,0.8571428571428571,0.0990566037735849,past_scores_only_then_prefix_quota_gate,A_j <= ceil(r * j) at every eligible-date prefix,True,True,False,sequential_quota_enforced,revision_2026/08_sequential_alarm_policy/h5/quota_enforced/quota_enforced_h5_metrics_by_fold.csv,8e8ddad3af2f6ec7f59f9ef6b214278d2777de47c342110c4c081196ddd1d245
historical_quota_enforced_sequential_simulation,historical quota-enforced sequential simulation,5,17,0.05,2,Persistence,30,219,1,24,11,13,,11,0.0502283105022831,0,11,1,0.0,0.0,1.0,0.0504587155963302,past_scores_only_then_prefix_quota_gate,A_j <= ceil(r * j) at every eligible-date prefix,True,True,False,sequential_quota_enforced,revision_2026/08_sequential_alarm_policy/h5/quota_enforced/quota_enforced_h5_metrics_by_fold.csv,8e8ddad3af2f6ec7f59f9ef6b214278d2777de47c342110c4c081196ddd1d245
historical_quota_enforced_sequential_simulation,historical quota-enforced sequential simulation,5,17,0.1,2,Persistence,30,219,1,44,22,22,,22,0.1004566210045662,1,21,0,1.0,0.0454545454545454,0.0,0.0963302752293578,past_scores_only_then_prefix_quota_gate,A_j <= ceil(r * j) at every eligible-date prefix,True,True,False,sequential_quota_enforced,revision_2026/08_sequential_alarm_policy/h5/quota_enforced/quota_enforced_h5_metrics_by_fold.csv,8e8ddad3af2f6ec7f59f9ef6b214278d2777de47c342110c4c081196ddd1d245
historical_quota_enforced_sequential_simulation,historical quota-enforced sequential simulation,5,15,0.05,3,Persistence,30,219,49,22,11,11,,11,0.0502283105022831,3,8,46,0.0612244897959183,0.2727272727272727,0.9387755102040816,0.0470588235294117,past_scores_only_then_prefix_quota_gate,A_j <= ceil(r * j) at every eligible-date prefix,True,True,False,sequential_quota_enforced,revision_2026/08_sequential_alarm_policy/h5/quota_enforced/quota_enforced_h5_metrics_by_fold.csv,8e8ddad3af2f6ec7f59f9ef6b214278d2777de47c342110c4c081196ddd1d245
historical_quota_enforced_sequential_simulation,historical quota-enforced sequential simulation,5,15,0.1,3,Persistence,30,219,49,40,22,18,,22,0.1004566210045662,6,16,43,0.1224489795918367,0.2727272727272727,0.8775510204081632,0.0941176470588235,past_scores_only_then_prefix_quota_gate,A_j <= ceil(r * j) at every eligible-date prefix,True,True,False,sequential_quota_enforced,revision_2026/08_sequential_alarm_policy/h5/quota_enforced/quota_enforced_h5_metrics_by_fold.csv,8e8ddad3af2f6ec7f59f9ef6b214278d2777de47c342110c4c081196ddd1d245
historical_quota_enforced_sequential_simulation,historical quota-enforced sequential simulation,5,16,0.05,3,Persistence,30,219,32,22,11,11,,11,0.0502283105022831,2,9,30,0.0625,0.1818181818181818,0.9375,0.0481283422459893,past_scores_only_then_prefix_quota_gate,A_j <= ceil(r * j) at every eligible-date prefix,True,True,False,sequential_quota_enforced,revision_2026/08_sequential_alarm_policy/h5/quota_enforced/quota_enforced_h5_metrics_by_fold.csv,8e8ddad3af2f6ec7f59f9ef6b214278d2777de47c342110c4c081196ddd1d245
historical_quota_enforced_sequential_simulation,historical quota-enforced sequential simulation,5,16,0.1,3,Persistence,30,219,32,40,22,18,,22,0.1004566210045662,3,19,29,0.09375,0.1363636363636363,0.90625,0.1016042780748663,past_scores_only_then_prefix_quota_gate,A_j <= ceil(r * j) at every eligible-date prefix,True,True,False,sequential_quota_enforced,revision_2026/08_sequential_alarm_policy/h5/quota_enforced/quota_enforced_h5_metrics_by_fold.csv,8e8ddad3af2f6ec7f59f9ef6b214278d2777de47c342110c4c081196ddd1d245
historical_quota_enforced_sequential_simulation,historical quota-enforced sequential simulation,5,17,0.05,3,Persistence,30,219,12,22,11,11,,11,0.0502283105022831,0,11,12,0.0,0.0,1.0,0.0531400966183574,past_scores_only_then_prefix_quota_gate,A_j <= ceil(r * j) at every eligible-date prefix,True,True,False,sequential_quota_enforced,revision_2026/08_sequential_alarm_policy/h5/quota_enforced/quota_enforced_h5_metrics_by_fold.csv,8e8ddad3af2f6ec7f59f9ef6b214278d2777de47c342110c4c081196ddd1d245
historical_quota_enforced_sequential_simulation,historical quota-enforced sequential simulation,5,17,0.1,3,Persistence,30,219,12,40,22,18,,22,0.1004566210045662,1,21,11,0.0833333333333333,0.0454545454545454,0.9166666666666666,0.1014492753623188,past_scores_only_then_prefix_quota_gate,A_j <= ceil(r * j) at every eligible-date prefix,True,True,False,sequential_quota_enforced,revision_2026/08_sequential_alarm_policy/h5/quota_enforced/quota_enforced_h5_metrics_by_fold.csv,8e8ddad3af2f6ec7f59f9ef6b214278d2777de47c342110c4c081196ddd1d245
historical_quota_enforced_sequential_simulation,historical quota-enforced sequential simulation,5,15,0.05,1,Ridge,30,219,48,0,0,0,,11,0.0,0,0,48,0.0,,1.0,0.0,past_scores_only_then_prefix_quota_gate,A_j <= ceil(r * j) at every eligible-date prefix,True,True,False,sequential_quota_enforced,revision_2026/08_sequential_alarm_policy/h5/quota_enforced/quota_enforced_h5_metrics_by_fold.csv,8e8ddad3af2f6ec7f59f9ef6b214278d2777de47c342110c4c081196ddd1d245
historical_quota_enforced_sequential_simulation,historical quota-enforced sequential simulation,5,15,0.1,1,Ridge,30,219,48,0,0,0,,22,0.0,0,0,48,0.0,,1.0,0.0,past_scores_only_then_prefix_quota_gate,A_j <= ceil(r * j) at every eligible-date prefix,True,True,False,sequential_quota_enforced,revision_2026/08_sequential_alarm_policy/h5/quota_enforced/quota_enforced_h5_metrics_by_fold.csv,8e8ddad3af2f6ec7f59f9ef6b214278d2777de47c342110c4c081196ddd1d245
historical_quota_enforced_sequential_simulation,historical quota-enforced sequential simulation,5,16,0.05,1,Ridge,30,219,28,0,0,0,,11,0.0,0,0,28,0.0,,1.0,0.0,past_scores_only_then_prefix_quota_gate,A_j <= ceil(r * j) at every eligible-date prefix,True,True,False,sequential_quota_enforced,revision_2026/08_sequential_alarm_policy/h5/quota_enforced/quota_enforced_h5_metrics_by_fold.csv,8e8ddad3af2f6ec7f59f9ef6b214278d2777de47c342110c4c081196ddd1d245
historical_quota_enforced_sequential_simulation,historical quota-enforced sequential simulation,5,16,0.1,1,Ridge,30,219,28,0,0,0,,22,0.0,0,0,28,0.0,,1.0,0.0,past_scores_only_then_prefix_quota_gate,A_j <= ceil(r * j) at every eligible-date prefix,True,True,False,sequential_quota_enforced,revision_2026/08_sequential_alarm_policy/h5/quota_enforced/quota_enforced_h5_metrics_by_fold.csv,8e8ddad3af2f6ec7f59f9ef6b214278d2777de47c342110c4c081196ddd1d245
historical_quota_enforced_sequential_simulation,historical quota-enforced sequential simulation,5,17,0.05,1,Ridge,30,219,13,0,0,0,,11,0.0,0,0,13,0.0,,1.0,0.0,past_scores_only_then_prefix_quota_gate,A_j <= ceil(r * j) at every eligible-date prefix,True,True,False,sequential_quota_enforced,revision_2026/08_sequential_alarm_policy/h5/quota_enforced/quota_enforced_h5_metrics_by_fold.csv,8e8ddad3af2f6ec7f59f9ef6b214278d2777de47c342110c4c081196ddd1d245
historical_quota_enforced_sequential_simulation,historical quota-enforced sequential simulation,5,17,0.1,1,Ridge,30,219,13,0,0,0,,22,0.0,0,0,13,0.0,,1.0,0.0,past_scores_only_then_prefix_quota_gate,A_j <= ceil(r * j) at every eligible-date prefix,True,True,False,sequential_quota_enforced,revision_2026/08_sequential_alarm_policy/h5/quota_enforced/quota_enforced_h5_metrics_by_fold.csv,8e8ddad3af2f6ec7f59f9ef6b214278d2777de47c342110c4c081196ddd1d245
historical_quota_enforced_sequential_simulation,historical quota-enforced sequential simulation,5,15,0.05,2,Ridge,30,219,20,51,11,40,,11,0.0502283105022831,2,9,18,0.1,0.1818181818181818,0.9,0.0452261306532663,past_scores_only_then_prefix_quota_gate,A_j <= ceil(r * j) at every eligible-date prefix,True,True,False,sequential_quota_enforced,revision_2026/08_sequential_alarm_policy/h5/quota_enforced/quota_enforced_h5_metrics_by_fold.csv,8e8ddad3af2f6ec7f59f9ef6b214278d2777de47c342110c4c081196ddd1d245
historical_quota_enforced_sequential_simulation,historical quota-enforced sequential simulation,5,15,0.1,2,Ridge,30,219,20,79,22,57,,22,0.1004566210045662,3,19,17,0.15,0.1363636363636363,0.85,0.0954773869346733,past_scores_only_then_prefix_quota_gate,A_j <= ceil(r * j) at every eligible-date prefix,True,True,False,sequential_quota_enforced,revision_2026/08_sequential_alarm_policy/h5/quota_enforced/quota_enforced_h5_metrics_by_fold.csv,8e8ddad3af2f6ec7f59f9ef6b214278d2777de47c342110c4c081196ddd1d245
historical_quota_enforced_sequential_simulation,historical quota-enforced sequential simulation,5,16,0.05,2,Ridge,30,219,7,51,11,40,,11,0.0502283105022831,0,11,7,0.0,0.0,1.0,0.0518867924528301,past_scores_only_then_prefix_quota_gate,A_j <= ceil(r * j) at every eligible-date prefix,True,True,False,sequential_quota_enforced,revision_2026/08_sequential_alarm_policy/h5/quota_enforced/quota_enforced_h5_metrics_by_fold.csv,8e8ddad3af2f6ec7f59f9ef6b214278d2777de47c342110c4c081196ddd1d245
historical_quota_enforced_sequential_simulation,historical quota-enforced sequential simulation,5,16,0.1,2,Ridge,30,219,7,79,22,57,,22,0.1004566210045662,1,21,6,0.1428571428571428,0.0454545454545454,0.8571428571428571,0.0990566037735849,past_scores_only_then_prefix_quota_gate,A_j <= ceil(r * j) at every eligible-date prefix,True,True,False,sequential_quota_enforced,revision_2026/08_sequential_alarm_policy/h5/quota_enforced/quota_enforced_h5_metrics_by_fold.csv,8e8ddad3af2f6ec7f59f9ef6b214278d2777de47c342110c4c081196ddd1d245
historical_quota_enforced_sequential_simulation,historical quota-enforced sequential simulation,5,17,0.05,2,Ridge,30,219,1,51,11,40,,11,0.0502283105022831,0,11,1,0.0,0.0,1.0,0.0504587155963302,past_scores_only_then_prefix_quota_gate,A_j <= ceil(r * j) at every eligible-date prefix,True,True,False,sequential_quota_enforced,revision_2026/08_sequential_alarm_policy/h5/quota_enforced/quota_enforced_h5_metrics_by_fold.csv,8e8ddad3af2f6ec7f59f9ef6b214278d2777de47c342110c4c081196ddd1d245
historical_quota_enforced_sequential_simulation,historical quota-enforced sequential simulation,5,17,0.1,2,Ridge,30,219,1,79,22,57,,22,0.1004566210045662,0,22,1,0.0,0.0,1.0,0.1009174311926605,past_scores_only_then_prefix_quota_gate,A_j <= ceil(r * j) at every eligible-date prefix,True,True,False,sequential_quota_enforced,revision_2026/08_sequential_alarm_policy/h5/quota_enforced/quota_enforced_h5_metrics_by_fold.csv,8e8ddad3af2f6ec7f59f9ef6b214278d2777de47c342110c4c081196ddd1d245
historical_quota_enforced_sequential_simulation,historical quota-enforced sequential simulation,5,15,0.05,3,Ridge,30,219,49,21,11,10,,11,0.0502283105022831,8,3,41,0.1632653061224489,0.7272727272727273,0.8367346938775511,0.0176470588235294,past_scores_only_then_prefix_quota_gate,A_j <= ceil(r * j) at every eligible-date prefix,True,True,False,sequential_quota_enforced,revision_2026/08_sequential_alarm_policy/h5/quota_enforced/quota_enforced_h5_metrics_by_fold.csv,8e8ddad3af2f6ec7f59f9ef6b214278d2777de47c342110c4c081196ddd1d245
historical_quota_enforced_sequential_simulation,historical quota-enforced sequential simulation,5,15,0.1,3,Ridge,30,219,49,30,22,8,,22,0.1004566210045662,13,9,36,0.2653061224489796,0.5909090909090909,0.7346938775510204,0.0529411764705882,past_scores_only_then_prefix_quota_gate,A_j <= ceil(r * j) at every eligible-date prefix,True,True,False,sequential_quota_enforced,revision_2026/08_sequential_alarm_policy/h5/quota_enforced/quota_enforced_h5_metrics_by_fold.csv,8e8ddad3af2f6ec7f59f9ef6b214278d2777de47c342110c4c081196ddd1d245
historical_quota_enforced_sequential_simulation,historical quota-enforced sequential simulation,5,16,0.05,3,Ridge,30,219,32,21,11,10,,11,0.0502283105022831,8,3,24,0.25,0.7272727272727273,0.75,0.0160427807486631,past_scores_only_then_prefix_quota_gate,A_j <= ceil(r * j) at every eligible-date prefix,True,True,False,sequential_quota_enforced,revision_2026/08_sequential_alarm_policy/h5/quota_enforced/quota_enforced_h5_metrics_by_fold.csv,8e8ddad3af2f6ec7f59f9ef6b214278d2777de47c342110c4c081196ddd1d245
historical_quota_enforced_sequential_simulation,historical quota-enforced sequential simulation,5,16,0.1,3,Ridge,30,219,32,30,22,8,,22,0.1004566210045662,11,11,21,0.34375,0.5,0.65625,0.0588235294117647,past_scores_only_then_prefix_quota_gate,A_j <= ceil(r * j) at every eligible-date prefix,True,True,False,sequential_quota_enforced,revision_2026/08_sequential_alarm_policy/h5/quota_enforced/quota_enforced_h5_metrics_by_fold.csv,8e8ddad3af2f6ec7f59f9ef6b214278d2777de47c342110c4c081196ddd1d245
historical_quota_enforced_sequential_simulation,historical quota-enforced sequential simulation,5,17,0.05,3,Ridge,30,219,12,21,11,10,,11,0.0502283105022831,2,9,10,0.1666666666666666,0.1818181818181818,0.8333333333333334,0.0434782608695652,past_scores_only_then_prefix_quota_gate,A_j <= ceil(r * j) at every eligible-date prefix,True,True,False,sequential_quota_enforced,revision_2026/08_sequential_alarm_policy/h5/quota_enforced/quota_enforced_h5_metrics_by_fold.csv,8e8ddad3af2f6ec7f59f9ef6b214278d2777de47c342110c4c081196ddd1d245
historical_quota_enforced_sequential_simulation,historical quota-enforced sequential simulation,5,17,0.1,3,Ridge,30,219,12,30,22,8,,22,0.1004566210045662,5,17,7,0.4166666666666667,0.2272727272727272,0.5833333333333334,0.0821256038647343,past_scores_only_then_prefix_quota_gate,A_j <= ceil(r * j) at every eligible-date prefix,True,True,False,sequential_quota_enforced,revision_2026/08_sequential_alarm_policy/h5/quota_enforced/quota_enforced_h5_metrics_by_fold.csv,8e8ddad3af2f6ec7f59f9ef6b214278d2777de47c342110c4c081196ddd1d245
historical_quota_enforced_sequential_simulation,historical quota-enforced sequential simulation,5,15,0.05,1,fixed rank ensemble,30,219,48,4,4,0,,11,0.0182648401826484,3,1,45,0.0625,0.75,0.9375,0.0058479532163742,past_scores_only_then_prefix_quota_gate,A_j <= ceil(r * j) at every eligible-date prefix,True,True,False,sequential_quota_enforced,revision_2026/08_sequential_alarm_policy/h5/quota_enforced/quota_enforced_h5_metrics_by_fold.csv,8e8ddad3af2f6ec7f59f9ef6b214278d2777de47c342110c4c081196ddd1d245
historical_quota_enforced_sequential_simulation,historical quota-enforced sequential simulation,5,15,0.1,1,fixed rank ensemble,30,219,48,8,8,0,,22,0.0365296803652968,6,2,42,0.125,0.75,0.875,0.0116959064327485,past_scores_only_then_prefix_quota_gate,A_j <= ceil(r * j) at every eligible-date prefix,True,True,False,sequential_quota_enforced,revision_2026/08_sequential_alarm_policy/h5/quota_enforced/quota_enforced_h5_metrics_by_fold.csv,8e8ddad3af2f6ec7f59f9ef6b214278d2777de47c342110c4c081196ddd1d245
historical_quota_enforced_sequential_simulation,historical quota-enforced sequential simulation,5,16,0.05,1,fixed rank ensemble,30,219,28,3,3,0,,11,0.0136986301369863,2,1,26,0.0714285714285714,0.6666666666666666,0.9285714285714286,0.0052356020942408,past_scores_only_then_prefix_quota_gate,A_j <= ceil(r * j) at every eligible-date prefix,True,True,False,sequential_quota_enforced,revision_2026/08_sequential_alarm_policy/h5/quota_enforced/quota_enforced_h5_metrics_by_fold.csv,8e8ddad3af2f6ec7f59f9ef6b214278d2777de47c342110c4c081196ddd1d245
historical_quota_enforced_sequential_simulation,historical quota-enforced sequential simulation,5,16,0.1,1,fixed rank ensemble,30,219,28,13,11,2,,22,0.0502283105022831,6,5,22,0.2142857142857142,0.5454545454545454,0.7857142857142857,0.0261780104712041,past_scores_only_then_prefix_quota_gate,A_j <= ceil(r * j) at every eligible-date prefix,True,True,False,sequential_quota_enforced,revision_2026/08_sequential_alarm_policy/h5/quota_enforced/quota_enforced_h5_metrics_by_fold.csv,8e8ddad3af2f6ec7f59f9ef6b214278d2777de47c342110c4c081196ddd1d245
historical_quota_enforced_sequential_simulation,historical quota-enforced sequential simulation,5,17,0.05,1,fixed rank ensemble,30,219,13,7,6,1,,11,0.0273972602739726,0,6,13,0.0,0.0,1.0,0.029126213592233,past_scores_only_then_prefix_quota_gate,A_j <= ceil(r * j) at every eligible-date prefix,True,True,False,sequential_quota_enforced,revision_2026/08_sequential_alarm_policy/h5/quota_enforced/quota_enforced_h5_metrics_by_fold.csv,8e8ddad3af2f6ec7f59f9ef6b214278d2777de47c342110c4c081196ddd1d245
historical_quota_enforced_sequential_simulation,historical quota-enforced sequential simulation,5,17,0.1,1,fixed rank ensemble,30,219,13,12,11,1,,22,0.0502283105022831,1,10,12,0.0769230769230769,0.0909090909090909,0.9230769230769232,0.0485436893203883,past_scores_only_then_prefix_quota_gate,A_j <= ceil(r * j) at every eligible-date prefix,True,True,False,sequential_quota_enforced,revision_2026/08_sequential_alarm_policy/h5/quota_enforced/quota_enforced_h5_metrics_by_fold.csv,8e8ddad3af2f6ec7f59f9ef6b214278d2777de47c342110c4c081196ddd1d245
historical_quota_enforced_sequential_simulation,historical quota-enforced sequential simulation,5,15,0.05,2,fixed rank ensemble,30,219,20,20,6,14,,11,0.0273972602739726,0,6,20,0.0,0.0,1.0,0.0301507537688442,past_scores_only_then_prefix_quota_gate,A_j <= ceil(r * j) at every eligible-date prefix,True,True,False,sequential_quota_enforced,revision_2026/08_sequential_alarm_policy/h5/quota_enforced/quota_enforced_h5_metrics_by_fold.csv,8e8ddad3af2f6ec7f59f9ef6b214278d2777de47c342110c4c081196ddd1d245
historical_quota_enforced_sequential_simulation,historical quota-enforced sequential simulation,5,15,0.1,2,fixed rank ensemble,30,219,20,31,13,18,,22,0.0593607305936073,0,13,20,0.0,0.0,1.0,0.0653266331658291,past_scores_only_then_prefix_quota_gate,A_j <= ceil(r * j) at every eligible-date prefix,True,True,False,sequential_quota_enforced,revision_2026/08_sequential_alarm_policy/h5/quota_enforced/quota_enforced_h5_metrics_by_fold.csv,8e8ddad3af2f6ec7f59f9ef6b214278d2777de47c342110c4c081196ddd1d245
historical_quota_enforced_sequential_simulation,historical quota-enforced sequential simulation,5,16,0.05,2,fixed rank ensemble,30,219,7,18,6,12,,11,0.0273972602739726,0,6,7,0.0,0.0,1.0,0.0283018867924528,past_scores_only_then_prefix_quota_gate,A_j <= ceil(r * j) at every eligible-date prefix,True,True,False,sequential_quota_enforced,revision_2026/08_sequential_alarm_policy/h5/quota_enforced/quota_enforced_h5_metrics_by_fold.csv,8e8ddad3af2f6ec7f59f9ef6b214278d2777de47c342110c4c081196ddd1d245
historical_quota_enforced_sequential_simulation,historical quota-enforced sequential simulation,5,16,0.1,2,fixed rank ensemble,30,219,7,32,12,20,,22,0.0547945205479452,0,12,7,0.0,0.0,1.0,0.0566037735849056,past_scores_only_then_prefix_quota_gate,A_j <= ceil(r * j) at every eligible-date prefix,True,True,False,sequential_quota_enforced,revision_2026/08_sequential_alarm_policy/h5/quota_enforced/quota_enforced_h5_metrics_by_fold.csv,8e8ddad3af2f6ec7f59f9ef6b214278d2777de47c342110c4c081196ddd1d245
historical_quota_enforced_sequential_simulation,historical quota-enforced sequential simulation,5,17,0.05,2,fixed rank ensemble,30,219,1,17,11,6,,11,0.0502283105022831,0,11,1,0.0,0.0,1.0,0.0504587155963302,past_scores_only_then_prefix_quota_gate,A_j <= ceil(r * j) at every eligible-date prefix,True,True,False,sequential_quota_enforced,revision_2026/08_sequential_alarm_policy/h5/quota_enforced/quota_enforced_h5_metrics_by_fold.csv,8e8ddad3af2f6ec7f59f9ef6b214278d2777de47c342110c4c081196ddd1d245
historical_quota_enforced_sequential_simulation,historical quota-enforced sequential simulation,5,17,0.1,2,fixed rank ensemble,30,219,1,32,22,10,,22,0.1004566210045662,0,22,1,0.0,0.0,1.0,0.1009174311926605,past_scores_only_then_prefix_quota_gate,A_j <= ceil(r * j) at every eligible-date prefix,True,True,False,sequential_quota_enforced,revision_2026/08_sequential_alarm_policy/h5/quota_enforced/quota_enforced_h5_metrics_by_fold.csv,8e8ddad3af2f6ec7f59f9ef6b214278d2777de47c342110c4c081196ddd1d245
historical_quota_enforced_sequential_simulation,historical quota-enforced sequential simulation,5,15,0.05,3,fixed rank ensemble,30,219,49,39,11,28,,11,0.0502283105022831,2,9,47,0.0408163265306122,0.1818181818181818,0.9591836734693876,0.0529411764705882,past_scores_only_then_prefix_quota_gate,A_j <= ceil(r * j) at every eligible-date prefix,True,True,False,sequential_quota_enforced,revision_2026/08_sequential_alarm_policy/h5/quota_enforced/quota_enforced_h5_metrics_by_fold.csv,8e8ddad3af2f6ec7f59f9ef6b214278d2777de47c342110c4c081196ddd1d245
historical_quota_enforced_sequential_simulation,historical quota-enforced sequential simulation,5,15,0.1,3,fixed rank ensemble,30,219,49,50,22,28,,22,0.1004566210045662,6,16,43,0.1224489795918367,0.2727272727272727,0.8775510204081632,0.0941176470588235,past_scores_only_then_prefix_quota_gate,A_j <= ceil(r * j) at every eligible-date prefix,True,True,False,sequential_quota_enforced,revision_2026/08_sequential_alarm_policy/h5/quota_enforced/quota_enforced_h5_metrics_by_fold.csv,8e8ddad3af2f6ec7f59f9ef6b214278d2777de47c342110c4c081196ddd1d245
historical_quota_enforced_sequential_simulation,historical quota-enforced sequential simulation,5,16,0.05,3,fixed rank ensemble,30,219,32,37,11,26,,11,0.0502283105022831,1,10,31,0.03125,0.0909090909090909,0.96875,0.053475935828877,past_scores_only_then_prefix_quota_gate,A_j <= ceil(r * j) at every eligible-date prefix,True,True,False,sequential_quota_enforced,revision_2026/08_sequential_alarm_policy/h5/quota_enforced/quota_enforced_h5_metrics_by_fold.csv,8e8ddad3af2f6ec7f59f9ef6b214278d2777de47c342110c4c081196ddd1d245
historical_quota_enforced_sequential_simulation,historical quota-enforced sequential simulation,5,16,0.1,3,fixed rank ensemble,30,219,32,49,22,27,,22,0.1004566210045662,2,20,30,0.0625,0.0909090909090909,0.9375,0.106951871657754,past_scores_only_then_prefix_quota_gate,A_j <= ceil(r * j) at every eligible-date prefix,True,True,False,sequential_quota_enforced,revision_2026/08_sequential_alarm_policy/h5/quota_enforced/quota_enforced_h5_metrics_by_fold.csv,8e8ddad3af2f6ec7f59f9ef6b214278d2777de47c342110c4c081196ddd1d245
historical_quota_enforced_sequential_simulation,historical quota-enforced sequential simulation,5,17,0.05,3,fixed rank ensemble,30,219,12,37,11,26,,11,0.0502283105022831,1,10,11,0.0833333333333333,0.0909090909090909,0.9166666666666666,0.0483091787439613,past_scores_only_then_prefix_quota_gate,A_j <= ceil(r * j) at every eligible-date prefix,True,True,False,sequential_quota_enforced,revision_2026/08_sequential_alarm_policy/h5/quota_enforced/quota_enforced_h5_metrics_by_fold.csv,8e8ddad3af2f6ec7f59f9ef6b214278d2777de47c342110c4c081196ddd1d245
historical_quota_enforced_sequential_simulation,historical quota-enforced sequential simulation,5,17,0.1,3,fixed rank ensemble,30,219,12,53,22,31,,22,0.1004566210045662,3,19,9,0.25,0.1363636363636363,0.75,0.0917874396135265,past_scores_only_then_prefix_quota_gate,A_j <= ceil(r * j) at every eligible-date prefix,True,True,False,sequential_quota_enforced,revision_2026/08_sequential_alarm_policy/h5/quota_enforced/quota_enforced_h5_metrics_by_fold.csv,8e8ddad3af2f6ec7f59f9ef6b214278d2777de47c342110c4c081196ddd1d245
past_only_sequential_threshold_simulation,past-only sequential threshold simulation,5,15,0.05,1,BCR-TCN v1.1,30,219,48,34,34,0,,11,0.1552511415525114,11,23,37,0.2291666666666666,0.3235294117647059,0.7708333333333334,0.1345029239766081,past_scores_only_within_outer_fold_excluding_current_date,not_applicable,True,False,False,sequential_past_only,revision_2026/08_sequential_alarm_policy/h5/sequential_h5_metrics_by_fold.csv,fa50d920cd23a62124a96909e6c8aad93211615659a709c22e6ad5a4b0114b39
past_only_sequential_threshold_simulation,past-only sequential threshold simulation,5,15,0.1,1,BCR-TCN v1.1,30,219,48,44,44,0,,22,0.2009132420091324,15,29,33,0.3125,0.3409090909090909,0.6875,0.1695906432748538,past_scores_only_within_outer_fold_excluding_current_date,not_applicable,True,False,False,sequential_past_only,revision_2026/08_sequential_alarm_policy/h5/sequential_h5_metrics_by_fold.csv,fa50d920cd23a62124a96909e6c8aad93211615659a709c22e6ad5a4b0114b39
past_only_sequential_threshold_simulation,past-only sequential threshold simulation,5,16,0.05,1,BCR-TCN v1.1,30,219,28,25,25,0,,11,0.1141552511415525,4,21,24,0.1428571428571428,0.16,0.8571428571428571,0.1099476439790576,past_scores_only_within_outer_fold_excluding_current_date,not_applicable,True,False,False,sequential_past_only,revision_2026/08_sequential_alarm_policy/h5/sequential_h5_metrics_by_fold.csv,fa50d920cd23a62124a96909e6c8aad93211615659a709c22e6ad5a4b0114b39
past_only_sequential_threshold_simulation,past-only sequential threshold simulation,5,16,0.1,1,BCR-TCN v1.1,30,219,28,38,38,0,,22,0.1735159817351598,7,31,21,0.25,0.1842105263157894,0.75,0.1623036649214659,past_scores_only_within_outer_fold_excluding_current_date,not_applicable,True,False,False,sequential_past_only,revision_2026/08_sequential_alarm_policy/h5/sequential_h5_metrics_by_fold.csv,fa50d920cd23a62124a96909e6c8aad93211615659a709c22e6ad5a4b0114b39
past_only_sequential_threshold_simulation,past-only sequential threshold simulation,5,17,0.05,1,BCR-TCN v1.1,30,219,13,6,6,0,,11,0.0273972602739726,0,6,13,0.0,0.0,1.0,0.029126213592233,past_scores_only_within_outer_fold_excluding_current_date,not_applicable,True,False,False,sequential_past_only,revision_2026/08_sequential_alarm_policy/h5/sequential_h5_metrics_by_fold.csv,fa50d920cd23a62124a96909e6c8aad93211615659a709c22e6ad5a4b0114b39
past_only_sequential_threshold_simulation,past-only sequential threshold simulation,5,17,0.1,1,BCR-TCN v1.1,30,219,13,14,14,0,,22,0.0639269406392694,1,13,12,0.0769230769230769,0.0714285714285714,0.9230769230769232,0.0631067961165048,past_scores_only_within_outer_fold_excluding_current_date,not_applicable,True,False,False,sequential_past_only,revision_2026/08_sequential_alarm_policy/h5/sequential_h5_metrics_by_fold.csv,fa50d920cd23a62124a96909e6c8aad93211615659a709c22e6ad5a4b0114b39
past_only_sequential_threshold_simulation,past-only sequential threshold simulation,5,15,0.05,2,BCR-TCN v1.1,30,219,20,58,58,0,,11,0.2648401826484018,5,53,15,0.25,0.0862068965517241,0.75,0.2663316582914573,past_scores_only_within_outer_fold_excluding_current_date,not_applicable,True,False,False,sequential_past_only,revision_2026/08_sequential_alarm_policy/h5/sequential_h5_metrics_by_fold.csv,fa50d920cd23a62124a96909e6c8aad93211615659a709c22e6ad5a4b0114b39
past_only_sequential_threshold_simulation,past-only sequential threshold simulation,5,15,0.1,2,BCR-TCN v1.1,30,219,20,83,83,0,,22,0.3789954337899543,7,76,13,0.35,0.0843373493975903,0.65,0.3819095477386934,past_scores_only_within_outer_fold_excluding_current_date,not_applicable,True,False,False,sequential_past_only,revision_2026/08_sequential_alarm_policy/h5/sequential_h5_metrics_by_fold.csv,fa50d920cd23a62124a96909e6c8aad93211615659a709c22e6ad5a4b0114b39
past_only_sequential_threshold_simulation,past-only sequential threshold simulation,5,16,0.05,2,BCR-TCN v1.1,30,219,7,59,59,0,,11,0.2694063926940639,2,57,5,0.2857142857142857,0.0338983050847457,0.7142857142857143,0.2688679245283019,past_scores_only_within_outer_fold_excluding_current_date,not_applicable,True,False,False,sequential_past_only,revision_2026/08_sequential_alarm_policy/h5/sequential_h5_metrics_by_fold.csv,fa50d920cd23a62124a96909e6c8aad93211615659a709c22e6ad5a4b0114b39
past_only_sequential_threshold_simulation,past-only sequential threshold simulation,5,16,0.1,2,BCR-TCN v1.1,30,219,7,79,79,0,,22,0.3607305936073059,2,77,5,0.2857142857142857,0.0253164556962025,0.7142857142857143,0.3632075471698113,past_scores_only_within_outer_fold_excluding_current_date,not_applicable,True,False,False,sequential_past_only,revision_2026/08_sequential_alarm_policy/h5/sequential_h5_metrics_by_fold.csv,fa50d920cd23a62124a96909e6c8aad93211615659a709c22e6ad5a4b0114b39
past_only_sequential_threshold_simulation,past-only sequential threshold simulation,5,17,0.05,2,BCR-TCN v1.1,30,219,1,20,20,0,,11,0.091324200913242,0,20,1,0.0,0.0,1.0,0.091743119266055,past_scores_only_within_outer_fold_excluding_current_date,not_applicable,True,False,False,sequential_past_only,revision_2026/08_sequential_alarm_policy/h5/sequential_h5_metrics_by_fold.csv,fa50d920cd23a62124a96909e6c8aad93211615659a709c22e6ad5a4b0114b39
past_only_sequential_threshold_simulation,past-only sequential threshold simulation,5,17,0.1,2,BCR-TCN v1.1,30,219,1,35,35,0,,22,0.1598173515981735,0,35,1,0.0,0.0,1.0,0.1605504587155963,past_scores_only_within_outer_fold_excluding_current_date,not_applicable,True,False,False,sequential_past_only,revision_2026/08_sequential_alarm_policy/h5/sequential_h5_metrics_by_fold.csv,fa50d920cd23a62124a96909e6c8aad93211615659a709c22e6ad5a4b0114b39
past_only_sequential_threshold_simulation,past-only sequential threshold simulation,5,15,0.05,3,BCR-TCN v1.1,30,219,49,13,13,0,,11,0.0593607305936073,10,3,39,0.2040816326530612,0.7692307692307693,0.7959183673469388,0.0176470588235294,past_scores_only_within_outer_fold_excluding_current_date,not_applicable,True,False,False,sequential_past_only,revision_2026/08_sequential_alarm_policy/h5/sequential_h5_metrics_by_fold.csv,fa50d920cd23a62124a96909e6c8aad93211615659a709c22e6ad5a4b0114b39
past_only_sequential_threshold_simulation,past-only sequential threshold simulation,5,15,0.1,3,BCR-TCN v1.1,30,219,49,20,20,0,,22,0.091324200913242,13,7,36,0.2653061224489796,0.65,0.7346938775510204,0.0411764705882352,past_scores_only_within_outer_fold_excluding_current_date,not_applicable,True,False,False,sequential_past_only,revision_2026/08_sequential_alarm_policy/h5/sequential_h5_metrics_by_fold.csv,fa50d920cd23a62124a96909e6c8aad93211615659a709c22e6ad5a4b0114b39
past_only_sequential_threshold_simulation,past-only sequential threshold simulation,5,16,0.05,3,BCR-TCN v1.1,30,219,32,3,3,0,,11,0.0136986301369863,1,2,31,0.03125,0.3333333333333333,0.96875,0.0106951871657754,past_scores_only_within_outer_fold_excluding_current_date,not_applicable,True,False,False,sequential_past_only,revision_2026/08_sequential_alarm_policy/h5/sequential_h5_metrics_by_fold.csv,fa50d920cd23a62124a96909e6c8aad93211615659a709c22e6ad5a4b0114b39
past_only_sequential_threshold_simulation,past-only sequential threshold simulation,5,16,0.1,3,BCR-TCN v1.1,30,219,32,10,10,0,,22,0.045662100456621,5,5,27,0.15625,0.5,0.84375,0.0267379679144385,past_scores_only_within_outer_fold_excluding_current_date,not_applicable,True,False,False,sequential_past_only,revision_2026/08_sequential_alarm_policy/h5/sequential_h5_metrics_by_fold.csv,fa50d920cd23a62124a96909e6c8aad93211615659a709c22e6ad5a4b0114b39
past_only_sequential_threshold_simulation,past-only sequential threshold simulation,5,17,0.05,3,BCR-TCN v1.1,30,219,12,31,31,0,,11,0.1415525114155251,7,24,5,0.5833333333333334,0.2258064516129032,0.4166666666666667,0.1159420289855072,past_scores_only_within_outer_fold_excluding_current_date,not_applicable,True,False,False,sequential_past_only,revision_2026/08_sequential_alarm_policy/h5/sequential_h5_metrics_by_fold.csv,fa50d920cd23a62124a96909e6c8aad93211615659a709c22e6ad5a4b0114b39
past_only_sequential_threshold_simulation,past-only sequential threshold simulation,5,17,0.1,3,BCR-TCN v1.1,30,219,12,46,46,0,,22,0.2100456621004566,8,38,4,0.6666666666666666,0.1739130434782608,0.3333333333333333,0.1835748792270531,past_scores_only_within_outer_fold_excluding_current_date,not_applicable,True,False,False,sequential_past_only,revision_2026/08_sequential_alarm_policy/h5/sequential_h5_metrics_by_fold.csv,fa50d920cd23a62124a96909e6c8aad93211615659a709c22e6ad5a4b0114b39
past_only_sequential_threshold_simulation,past-only sequential threshold simulation,5,15,0.05,1,ElasticNet,30,219,48,0,0,0,,11,0.0,0,0,48,0.0,,1.0,0.0,past_scores_only_within_outer_fold_excluding_current_date,not_applicable,True,False,False,sequential_past_only,revision_2026/08_sequential_alarm_policy/h5/sequential_h5_metrics_by_fold.csv,fa50d920cd23a62124a96909e6c8aad93211615659a709c22e6ad5a4b0114b39
past_only_sequential_threshold_simulation,past-only sequential threshold simulation,5,15,0.1,1,ElasticNet,30,219,48,0,0,0,,22,0.0,0,0,48,0.0,,1.0,0.0,past_scores_only_within_outer_fold_excluding_current_date,not_applicable,True,False,False,sequential_past_only,revision_2026/08_sequential_alarm_policy/h5/sequential_h5_metrics_by_fold.csv,fa50d920cd23a62124a96909e6c8aad93211615659a709c22e6ad5a4b0114b39
past_only_sequential_threshold_simulation,past-only sequential threshold simulation,5,16,0.05,1,ElasticNet,30,219,28,0,0,0,,11,0.0,0,0,28,0.0,,1.0,0.0,past_scores_only_within_outer_fold_excluding_current_date,not_applicable,True,False,False,sequential_past_only,revision_2026/08_sequential_alarm_policy/h5/sequential_h5_metrics_by_fold.csv,fa50d920cd23a62124a96909e6c8aad93211615659a709c22e6ad5a4b0114b39
past_only_sequential_threshold_simulation,past-only sequential threshold simulation,5,16,0.1,1,ElasticNet,30,219,28,0,0,0,,22,0.0,0,0,28,0.0,,1.0,0.0,past_scores_only_within_outer_fold_excluding_current_date,not_applicable,True,False,False,sequential_past_only,revision_2026/08_sequential_alarm_policy/h5/sequential_h5_metrics_by_fold.csv,fa50d920cd23a62124a96909e6c8aad93211615659a709c22e6ad5a4b0114b39
past_only_sequential_threshold_simulation,past-only sequential threshold simulation,5,17,0.05,1,ElasticNet,30,219,13,0,0,0,,11,0.0,0,0,13,0.0,,1.0,0.0,past_scores_only_within_outer_fold_excluding_current_date,not_applicable,True,False,False,sequential_past_only,revision_2026/08_sequential_alarm_policy/h5/sequential_h5_metrics_by_fold.csv,fa50d920cd23a62124a96909e6c8aad93211615659a709c22e6ad5a4b0114b39
past_only_sequential_threshold_simulation,past-only sequential threshold simulation,5,17,0.1,1,ElasticNet,30,219,13,0,0,0,,22,0.0,0,0,13,0.0,,1.0,0.0,past_scores_only_within_outer_fold_excluding_current_date,not_applicable,True,False,False,sequential_past_only,revision_2026/08_sequential_alarm_policy/h5/sequential_h5_metrics_by_fold.csv,fa50d920cd23a62124a96909e6c8aad93211615659a709c22e6ad5a4b0114b39
past_only_sequential_threshold_simulation,past-only sequential threshold simulation,5,15,0.05,2,ElasticNet,30,219,20,38,38,0,,11,0.1735159817351598,8,30,12,0.4,0.2105263157894736,0.6,0.1507537688442211,past_scores_only_within_outer_fold_excluding_current_date,not_applicable,True,False,False,sequential_past_only,revision_2026/08_sequential_alarm_policy/h5/sequential_h5_metrics_by_fold.csv,fa50d920cd23a62124a96909e6c8aad93211615659a709c22e6ad5a4b0114b39
past_only_sequential_threshold_simulation,past-only sequential threshold simulation,5,15,0.1,2,ElasticNet,30,219,20,65,65,0,,22,0.2968036529680365,10,55,10,0.5,0.1538461538461538,0.5,0.2763819095477386,past_scores_only_within_outer_fold_excluding_current_date,not_applicable,True,False,False,sequential_past_only,revision_2026/08_sequential_alarm_policy/h5/sequential_h5_metrics_by_fold.csv,fa50d920cd23a62124a96909e6c8aad93211615659a709c22e6ad5a4b0114b39
past_only_sequential_threshold_simulation,past-only sequential threshold simulation,5,16,0.05,2,ElasticNet,30,219,7,38,38,0,,11,0.1735159817351598,4,34,3,0.5714285714285714,0.1052631578947368,0.4285714285714285,0.160377358490566,past_scores_only_within_outer_fold_excluding_current_date,not_applicable,True,False,False,sequential_past_only,revision_2026/08_sequential_alarm_policy/h5/sequential_h5_metrics_by_fold.csv,fa50d920cd23a62124a96909e6c8aad93211615659a709c22e6ad5a4b0114b39
past_only_sequential_threshold_simulation,past-only sequential threshold simulation,5,16,0.1,2,ElasticNet,30,219,7,65,65,0,,22,0.2968036529680365,4,61,3,0.5714285714285714,0.0615384615384615,0.4285714285714285,0.2877358490566037,past_scores_only_within_outer_fold_excluding_current_date,not_applicable,True,False,False,sequential_past_only,revision_2026/08_sequential_alarm_policy/h5/sequential_h5_metrics_by_fold.csv,fa50d920cd23a62124a96909e6c8aad93211615659a709c22e6ad5a4b0114b39
past_only_sequential_threshold_simulation,past-only sequential threshold simulation,5,17,0.05,2,ElasticNet,30,219,1,38,38,0,,11,0.1735159817351598,1,37,0,1.0,0.0263157894736842,0.0,0.1697247706422018,past_scores_only_within_outer_fold_excluding_current_date,not_applicable,True,False,False,sequential_past_only,revision_2026/08_sequential_alarm_policy/h5/sequential_h5_metrics_by_fold.csv,fa50d920cd23a62124a96909e6c8aad93211615659a709c22e6ad5a4b0114b39
past_only_sequential_threshold_simulation,past-only sequential threshold simulation,5,17,0.1,2,ElasticNet,30,219,1,65,65,0,,22,0.2968036529680365,1,64,0,1.0,0.0153846153846153,0.0,0.2935779816513761,past_scores_only_within_outer_fold_excluding_current_date,not_applicable,True,False,False,sequential_past_only,revision_2026/08_sequential_alarm_policy/h5/sequential_h5_metrics_by_fold.csv,fa50d920cd23a62124a96909e6c8aad93211615659a709c22e6ad5a4b0114b39
past_only_sequential_threshold_simulation,past-only sequential threshold simulation,5,15,0.05,3,ElasticNet,30,219,49,33,33,0,,11,0.1506849315068493,17,16,32,0.3469387755102041,0.5151515151515151,0.6530612244897959,0.0941176470588235,past_scores_only_within_outer_fold_excluding_current_date,not_applicable,True,False,False,sequential_past_only,revision_2026/08_sequential_alarm_policy/h5/sequential_h5_metrics_by_fold.csv,fa50d920cd23a62124a96909e6c8aad93211615659a709c22e6ad5a4b0114b39
past_only_sequential_threshold_simulation,past-only sequential threshold simulation,5,15,0.1,3,ElasticNet,30,219,49,40,40,0,,22,0.182648401826484,21,19,28,0.4285714285714285,0.525,0.5714285714285714,0.1117647058823529,past_scores_only_within_outer_fold_excluding_current_date,not_applicable,True,False,False,sequential_past_only,revision_2026/08_sequential_alarm_policy/h5/sequential_h5_metrics_by_fold.csv,fa50d920cd23a62124a96909e6c8aad93211615659a709c22e6ad5a4b0114b39
past_only_sequential_threshold_simulation,past-only sequential threshold simulation,5,16,0.05,3,ElasticNet,30,219,32,33,33,0,,11,0.1506849315068493,13,20,19,0.40625,0.3939393939393939,0.59375,0.106951871657754,past_scores_only_within_outer_fold_excluding_current_date,not_applicable,True,False,False,sequential_past_only,revision_2026/08_sequential_alarm_policy/h5/sequential_h5_metrics_by_fold.csv,fa50d920cd23a62124a96909e6c8aad93211615659a709c22e6ad5a4b0114b39
past_only_sequential_threshold_simulation,past-only sequential threshold simulation,5,16,0.1,3,ElasticNet,30,219,32,40,40,0,,22,0.182648401826484,16,24,16,0.5,0.4,0.5,0.1283422459893048,past_scores_only_within_outer_fold_excluding_current_date,not_applicable,True,False,False,sequential_past_only,revision_2026/08_sequential_alarm_policy/h5/sequential_h5_metrics_by_fold.csv,fa50d920cd23a62124a96909e6c8aad93211615659a709c22e6ad5a4b0114b39
past_only_sequential_threshold_simulation,past-only sequential threshold simulation,5,17,0.05,3,ElasticNet,30,219,12,33,33,0,,11,0.1506849315068493,7,26,5,0.5833333333333334,0.2121212121212121,0.4166666666666667,0.1256038647342995,past_scores_only_within_outer_fold_excluding_current_date,not_applicable,True,False,False,sequential_past_only,revision_2026/08_sequential_alarm_policy/h5/sequential_h5_metrics_by_fold.csv,fa50d920cd23a62124a96909e6c8aad93211615659a709c22e6ad5a4b0114b39
past_only_sequential_threshold_simulation,past-only sequential threshold simulation,5,17,0.1,3,ElasticNet,30,219,12,40,40,0,,22,0.182648401826484,9,31,3,0.75,0.225,0.25,0.1497584541062802,past_scores_only_within_outer_fold_excluding_current_date,not_applicable,True,False,False,sequential_past_only,revision_2026/08_sequential_alarm_policy/h5/sequential_h5_metrics_by_fold.csv,fa50d920cd23a62124a96909e6c8aad93211615659a709c22e6ad5a4b0114b39
past_only_sequential_threshold_simulation,past-only sequential threshold simulation,5,15,0.05,1,HGBR,30,219,48,2,2,0,,11,0.0091324200913242,0,2,48,0.0,0.0,1.0,0.0116959064327485,past_scores_only_within_outer_fold_excluding_current_date,not_applicable,True,False,False,sequential_past_only,revision_2026/08_sequential_alarm_policy/h5/sequential_h5_metrics_by_fold.csv,fa50d920cd23a62124a96909e6c8aad93211615659a709c22e6ad5a4b0114b39
past_only_sequential_threshold_simulation,past-only sequential threshold simulation,5,15,0.1,1,HGBR,30,219,48,2,2,0,,22,0.0091324200913242,0,2,48,0.0,0.0,1.0,0.0116959064327485,past_scores_only_within_outer_fold_excluding_current_date,not_applicable,True,False,False,sequential_past_only,revision_2026/08_sequential_alarm_policy/h5/sequential_h5_metrics_by_fold.csv,fa50d920cd23a62124a96909e6c8aad93211615659a709c22e6ad5a4b0114b39
past_only_sequential_threshold_simulation,past-only sequential threshold simulation,5,16,0.05,1,HGBR,30,219,28,2,2,0,,11,0.0091324200913242,0,2,28,0.0,0.0,1.0,0.0104712041884816,past_scores_only_within_outer_fold_excluding_current_date,not_applicable,True,False,False,sequential_past_only,revision_2026/08_sequential_alarm_policy/h5/sequential_h5_metrics_by_fold.csv,fa50d920cd23a62124a96909e6c8aad93211615659a709c22e6ad5a4b0114b39
past_only_sequential_threshold_simulation,past-only sequential threshold simulation,5,16,0.1,1,HGBR,30,219,28,2,2,0,,22,0.0091324200913242,0,2,28,0.0,0.0,1.0,0.0104712041884816,past_scores_only_within_outer_fold_excluding_current_date,not_applicable,True,False,False,sequential_past_only,revision_2026/08_sequential_alarm_policy/h5/sequential_h5_metrics_by_fold.csv,fa50d920cd23a62124a96909e6c8aad93211615659a709c22e6ad5a4b0114b39
past_only_sequential_threshold_simulation,past-only sequential threshold simulation,5,17,0.05,1,HGBR,30,219,13,2,2,0,,11,0.0091324200913242,0,2,13,0.0,0.0,1.0,0.0097087378640776,past_scores_only_within_outer_fold_excluding_current_date,not_applicable,True,False,False,sequential_past_only,revision_2026/08_sequential_alarm_policy/h5/sequential_h5_metrics_by_fold.csv,fa50d920cd23a62124a96909e6c8aad93211615659a709c22e6ad5a4b0114b39
past_only_sequential_threshold_simulation,past-only sequential threshold simulation,5,17,0.1,1,HGBR,30,219,13,2,2,0,,22,0.0091324200913242,0,2,13,0.0,0.0,1.0,0.0097087378640776,past_scores_only_within_outer_fold_excluding_current_date,not_applicable,True,False,False,sequential_past_only,revision_2026/08_sequential_alarm_policy/h5/sequential_h5_metrics_by_fold.csv,fa50d920cd23a62124a96909e6c8aad93211615659a709c22e6ad5a4b0114b39
past_only_sequential_threshold_simulation,past-only sequential threshold simulation,5,15,0.05,2,HGBR,30,219,20,28,28,0,,11,0.1278538812785388,5,23,15,0.25,0.1785714285714285,0.75,0.1155778894472361,past_scores_only_within_outer_fold_excluding_current_date,not_applicable,True,False,False,sequential_past_only,revision_2026/08_sequential_alarm_policy/h5/sequential_h5_metrics_by_fold.csv,fa50d920cd23a62124a96909e6c8aad93211615659a709c22e6ad5a4b0114b39
past_only_sequential_threshold_simulation,past-only sequential threshold simulation,5,15,0.1,2,HGBR,30,219,20,47,47,0,,22,0.2146118721461187,8,39,12,0.4,0.1702127659574468,0.6,0.1959798994974874,past_scores_only_within_outer_fold_excluding_current_date,not_applicable,True,False,False,sequential_past_only,revision_2026/08_sequential_alarm_policy/h5/sequential_h5_metrics_by_fold.csv,fa50d920cd23a62124a96909e6c8aad93211615659a709c22e6ad5a4b0114b39
past_only_sequential_threshold_simulation,past-only sequential threshold simulation,5,16,0.05,2,HGBR,30,219,7,28,28,0,,11,0.1278538812785388,2,26,5,0.2857142857142857,0.0714285714285714,0.7142857142857143,0.1226415094339622,past_scores_only_within_outer_fold_excluding_current_date,not_applicable,True,False,False,sequential_past_only,revision_2026/08_sequential_alarm_policy/h5/sequential_h5_metrics_by_fold.csv,fa50d920cd23a62124a96909e6c8aad93211615659a709c22e6ad5a4b0114b39
past_only_sequential_threshold_simulation,past-only sequential threshold simulation,5,16,0.1,2,HGBR,30,219,7,47,47,0,,22,0.2146118721461187,2,45,5,0.2857142857142857,0.0425531914893617,0.7142857142857143,0.2122641509433962,past_scores_only_within_outer_fold_excluding_current_date,not_applicable,True,False,False,sequential_past_only,revision_2026/08_sequential_alarm_policy/h5/sequential_h5_metrics_by_fold.csv,fa50d920cd23a62124a96909e6c8aad93211615659a709c22e6ad5a4b0114b39
past_only_sequential_threshold_simulation,past-only sequential threshold simulation,5,17,0.05,2,HGBR,30,219,1,28,28,0,,11,0.1278538812785388,0,28,1,0.0,0.0,1.0,0.128440366972477,past_scores_only_within_outer_fold_excluding_current_date,not_applicable,True,False,False,sequential_past_only,revision_2026/08_sequential_alarm_policy/h5/sequential_h5_metrics_by_fold.csv,fa50d920cd23a62124a96909e6c8aad93211615659a709c22e6ad5a4b0114b39
past_only_sequential_threshold_simulation,past-only sequential threshold simulation,5,17,0.1,2,HGBR,30,219,1,47,47,0,,22,0.2146118721461187,0,47,1,0.0,0.0,1.0,0.2155963302752293,past_scores_only_within_outer_fold_excluding_current_date,not_applicable,True,False,False,sequential_past_only,revision_2026/08_sequential_alarm_policy/h5/sequential_h5_metrics_by_fold.csv,fa50d920cd23a62124a96909e6c8aad93211615659a709c22e6ad5a4b0114b39
past_only_sequential_threshold_simulation,past-only sequential threshold simulation,5,15,0.05,3,HGBR,30,219,49,18,18,0,,11,0.0821917808219178,14,4,35,0.2857142857142857,0.7777777777777778,0.7142857142857143,0.0235294117647058,past_scores_only_within_outer_fold_excluding_current_date,not_applicable,True,False,False,sequential_past_only,revision_2026/08_sequential_alarm_policy/h5/sequential_h5_metrics_by_fold.csv,fa50d920cd23a62124a96909e6c8aad93211615659a709c22e6ad5a4b0114b39
past_only_sequential_threshold_simulation,past-only sequential threshold simulation,5,15,0.1,3,HGBR,30,219,49,23,23,0,,22,0.1050228310502283,18,5,31,0.3673469387755102,0.782608695652174,0.6326530612244898,0.0294117647058823,past_scores_only_within_outer_fold_excluding_current_date,not_applicable,True,False,False,sequential_past_only,revision_2026/08_sequential_alarm_policy/h5/sequential_h5_metrics_by_fold.csv,fa50d920cd23a62124a96909e6c8aad93211615659a709c22e6ad5a4b0114b39
past_only_sequential_threshold_simulation,past-only sequential threshold simulation,5,16,0.05,3,HGBR,30,219,32,18,18,0,,11,0.0821917808219178,11,7,21,0.34375,0.6111111111111112,0.65625,0.0374331550802139,past_scores_only_within_outer_fold_excluding_current_date,not_applicable,True,False,False,sequential_past_only,revision_2026/08_sequential_alarm_policy/h5/sequential_h5_metrics_by_fold.csv,fa50d920cd23a62124a96909e6c8aad93211615659a709c22e6ad5a4b0114b39
past_only_sequential_threshold_simulation,past-only sequential threshold simulation,5,16,0.1,3,HGBR,30,219,32,23,23,0,,22,0.1050228310502283,14,9,18,0.4375,0.6086956521739131,0.5625,0.0481283422459893,past_scores_only_within_outer_fold_excluding_current_date,not_applicable,True,False,False,sequential_past_only,revision_2026/08_sequential_alarm_policy/h5/sequential_h5_metrics_by_fold.csv,fa50d920cd23a62124a96909e6c8aad93211615659a709c22e6ad5a4b0114b39
past_only_sequential_threshold_simulation,past-only sequential threshold simulation,5,17,0.05,3,HGBR,30,219,12,18,18,0,,11,0.0821917808219178,5,13,7,0.4166666666666667,0.2777777777777778,0.5833333333333334,0.0628019323671497,past_scores_only_within_outer_fold_excluding_current_date,not_applicable,True,False,False,sequential_past_only,revision_2026/08_sequential_alarm_policy/h5/sequential_h5_metrics_by_fold.csv,fa50d920cd23a62124a96909e6c8aad93211615659a709c22e6ad5a4b0114b39
past_only_sequential_threshold_simulation,past-only sequential threshold simulation,5,17,0.1,3,HGBR,30,219,12,23,23,0,,22,0.1050228310502283,6,17,6,0.5,0.2608695652173913,0.5,0.0821256038647343,past_scores_only_within_outer_fold_excluding_current_date,not_applicable,True,False,False,sequential_past_only,revision_2026/08_sequential_alarm_policy/h5/sequential_h5_metrics_by_fold.csv,fa50d920cd23a62124a96909e6c8aad93211615659a709c22e6ad5a4b0114b39
past_only_sequential_threshold_simulation,past-only sequential threshold simulation,5,15,0.05,1,Persistence,30,219,48,8,8,0,,11,0.0365296803652968,3,5,45,0.0625,0.375,0.9375,0.0292397660818713,past_scores_only_within_outer_fold_excluding_current_date,not_applicable,True,False,False,sequential_past_only,revision_2026/08_sequential_alarm_policy/h5/sequential_h5_metrics_by_fold.csv,fa50d920cd23a62124a96909e6c8aad93211615659a709c22e6ad5a4b0114b39
past_only_sequential_threshold_simulation,past-only sequential threshold simulation,5,15,0.1,1,Persistence,30,219,48,18,18,0,,22,0.0821917808219178,9,9,39,0.1875,0.5,0.8125,0.0526315789473684,past_scores_only_within_outer_fold_excluding_current_date,not_applicable,True,False,False,sequential_past_only,revision_2026/08_sequential_alarm_policy/h5/sequential_h5_metrics_by_fold.csv,fa50d920cd23a62124a96909e6c8aad93211615659a709c22e6ad5a4b0114b39
past_only_sequential_threshold_simulation,past-only sequential threshold simulation,5,16,0.05,1,Persistence,30,219,28,8,8,0,,11,0.0365296803652968,2,6,26,0.0714285714285714,0.25,0.9285714285714286,0.031413612565445,past_scores_only_within_outer_fold_excluding_current_date,not_applicable,True,False,False,sequential_past_only,revision_2026/08_sequential_alarm_policy/h5/sequential_h5_metrics_by_fold.csv,fa50d920cd23a62124a96909e6c8aad93211615659a709c22e6ad5a4b0114b39
past_only_sequential_threshold_simulation,past-only sequential threshold simulation,5,16,0.1,1,Persistence,30,219,28,18,18,0,,22,0.0821917808219178,8,10,20,0.2857142857142857,0.4444444444444444,0.7142857142857143,0.0523560209424083,past_scores_only_within_outer_fold_excluding_current_date,not_applicable,True,False,False,sequential_past_only,revision_2026/08_sequential_alarm_policy/h5/sequential_h5_metrics_by_fold.csv,fa50d920cd23a62124a96909e6c8aad93211615659a709c22e6ad5a4b0114b39
past_only_sequential_threshold_simulation,past-only sequential threshold simulation,5,17,0.05,1,Persistence,30,219,13,8,8,0,,11,0.0365296803652968,0,8,13,0.0,0.0,1.0,0.0388349514563106,past_scores_only_within_outer_fold_excluding_current_date,not_applicable,True,False,False,sequential_past_only,revision_2026/08_sequential_alarm_policy/h5/sequential_h5_metrics_by_fold.csv,fa50d920cd23a62124a96909e6c8aad93211615659a709c22e6ad5a4b0114b39
past_only_sequential_threshold_simulation,past-only sequential threshold simulation,5,17,0.1,1,Persistence,30,219,13,18,18,0,,22,0.0821917808219178,2,16,11,0.1538461538461538,0.1111111111111111,0.8461538461538461,0.0776699029126213,past_scores_only_within_outer_fold_excluding_current_date,not_applicable,True,False,False,sequential_past_only,revision_2026/08_sequential_alarm_policy/h5/sequential_h5_metrics_by_fold.csv,fa50d920cd23a62124a96909e6c8aad93211615659a709c22e6ad5a4b0114b39
past_only_sequential_threshold_simulation,past-only sequential threshold simulation,5,15,0.05,2,Persistence,30,219,20,24,24,0,,11,0.1095890410958904,1,23,19,0.05,0.0416666666666666,0.95,0.1155778894472361,past_scores_only_within_outer_fold_excluding_current_date,not_applicable,True,False,False,sequential_past_only,revision_2026/08_sequential_alarm_policy/h5/sequential_h5_metrics_by_fold.csv,fa50d920cd23a62124a96909e6c8aad93211615659a709c22e6ad5a4b0114b39
past_only_sequential_threshold_simulation,past-only sequential threshold simulation,5,15,0.1,2,Persistence,30,219,20,44,44,0,,22,0.2009132420091324,4,40,16,0.2,0.0909090909090909,0.8,0.2010050251256281,past_scores_only_within_outer_fold_excluding_current_date,not_applicable,True,False,False,sequential_past_only,revision_2026/08_sequential_alarm_policy/h5/sequential_h5_metrics_by_fold.csv,fa50d920cd23a62124a96909e6c8aad93211615659a709c22e6ad5a4b0114b39
past_only_sequential_threshold_simulation,past-only sequential threshold simulation,5,16,0.05,2,Persistence,30,219,7,24,24,0,,11,0.1095890410958904,0,24,7,0.0,0.0,1.0,0.1132075471698113,past_scores_only_within_outer_fold_excluding_current_date,not_applicable,True,False,False,sequential_past_only,revision_2026/08_sequential_alarm_policy/h5/sequential_h5_metrics_by_fold.csv,fa50d920cd23a62124a96909e6c8aad93211615659a709c22e6ad5a4b0114b39
past_only_sequential_threshold_simulation,past-only sequential threshold simulation,5,16,0.1,2,Persistence,30,219,7,44,44,0,,22,0.2009132420091324,2,42,5,0.2857142857142857,0.0454545454545454,0.7142857142857143,0.1981132075471698,past_scores_only_within_outer_fold_excluding_current_date,not_applicable,True,False,False,sequential_past_only,revision_2026/08_sequential_alarm_policy/h5/sequential_h5_metrics_by_fold.csv,fa50d920cd23a62124a96909e6c8aad93211615659a709c22e6ad5a4b0114b39
past_only_sequential_threshold_simulation,past-only sequential threshold simulation,5,17,0.05,2,Persistence,30,219,1,24,24,0,,11,0.1095890410958904,0,24,1,0.0,0.0,1.0,0.110091743119266,past_scores_only_within_outer_fold_excluding_current_date,not_applicable,True,False,False,sequential_past_only,revision_2026/08_sequential_alarm_policy/h5/sequential_h5_metrics_by_fold.csv,fa50d920cd23a62124a96909e6c8aad93211615659a709c22e6ad5a4b0114b39
past_only_sequential_threshold_simulation,past-only sequential threshold simulation,5,17,0.1,2,Persistence,30,219,1,44,44,0,,22,0.2009132420091324,1,43,0,1.0,0.0227272727272727,0.0,0.1972477064220183,past_scores_only_within_outer_fold_excluding_current_date,not_applicable,True,False,False,sequential_past_only,revision_2026/08_sequential_alarm_policy/h5/sequential_h5_metrics_by_fold.csv,fa50d920cd23a62124a96909e6c8aad93211615659a709c22e6ad5a4b0114b39
past_only_sequential_threshold_simulation,past-only sequential threshold simulation,5,15,0.05,3,Persistence,30,219,49,22,22,0,,11,0.1004566210045662,10,12,39,0.2040816326530612,0.4545454545454545,0.7959183673469388,0.0705882352941176,past_scores_only_within_outer_fold_excluding_current_date,not_applicable,True,False,False,sequential_past_only,revision_2026/08_sequential_alarm_policy/h5/sequential_h5_metrics_by_fold.csv,fa50d920cd23a62124a96909e6c8aad93211615659a709c22e6ad5a4b0114b39
past_only_sequential_threshold_simulation,past-only sequential threshold simulation,5,15,0.1,3,Persistence,30,219,49,40,40,0,,22,0.182648401826484,17,23,32,0.3469387755102041,0.425,0.6530612244897959,0.1352941176470588,past_scores_only_within_outer_fold_excluding_current_date,not_applicable,True,False,False,sequential_past_only,revision_2026/08_sequential_alarm_policy/h5/sequential_h5_metrics_by_fold.csv,fa50d920cd23a62124a96909e6c8aad93211615659a709c22e6ad5a4b0114b39
past_only_sequential_threshold_simulation,past-only sequential threshold simulation,5,16,0.05,3,Persistence,30,219,32,22,22,0,,11,0.1004566210045662,7,15,25,0.21875,0.3181818181818182,0.78125,0.0802139037433155,past_scores_only_within_outer_fold_excluding_current_date,not_applicable,True,False,False,sequential_past_only,revision_2026/08_sequential_alarm_policy/h5/sequential_h5_metrics_by_fold.csv,fa50d920cd23a62124a96909e6c8aad93211615659a709c22e6ad5a4b0114b39
past_only_sequential_threshold_simulation,past-only sequential threshold simulation,5,16,0.1,3,Persistence,30,219,32,40,40,0,,22,0.182648401826484,12,28,20,0.375,0.3,0.625,0.1497326203208556,past_scores_only_within_outer_fold_excluding_current_date,not_applicable,True,False,False,sequential_past_only,revision_2026/08_sequential_alarm_policy/h5/sequential_h5_metrics_by_fold.csv,fa50d920cd23a62124a96909e6c8aad93211615659a709c22e6ad5a4b0114b39
past_only_sequential_threshold_simulation,past-only sequential threshold simulation,5,17,0.05,3,Persistence,30,219,12,22,22,0,,11,0.1004566210045662,3,19,9,0.25,0.1363636363636363,0.75,0.0917874396135265,past_scores_only_within_outer_fold_excluding_current_date,not_applicable,True,False,False,sequential_past_only,revision_2026/08_sequential_alarm_policy/h5/sequential_h5_metrics_by_fold.csv,fa50d920cd23a62124a96909e6c8aad93211615659a709c22e6ad5a4b0114b39
past_only_sequential_threshold_simulation,past-only sequential threshold simulation,5,17,0.1,3,Persistence,30,219,12,40,40,0,,22,0.182648401826484,6,34,6,0.5,0.15,0.5,0.1642512077294686,past_scores_only_within_outer_fold_excluding_current_date,not_applicable,True,False,False,sequential_past_only,revision_2026/08_sequential_alarm_policy/h5/sequential_h5_metrics_by_fold.csv,fa50d920cd23a62124a96909e6c8aad93211615659a709c22e6ad5a4b0114b39
past_only_sequential_threshold_simulation,past-only sequential threshold simulation,5,15,0.05,1,Ridge,30,219,48,0,0,0,,11,0.0,0,0,48,0.0,,1.0,0.0,past_scores_only_within_outer_fold_excluding_current_date,not_applicable,True,False,False,sequential_past_only,revision_2026/08_sequential_alarm_policy/h5/sequential_h5_metrics_by_fold.csv,fa50d920cd23a62124a96909e6c8aad93211615659a709c22e6ad5a4b0114b39
past_only_sequential_threshold_simulation,past-only sequential threshold simulation,5,15,0.1,1,Ridge,30,219,48,0,0,0,,22,0.0,0,0,48,0.0,,1.0,0.0,past_scores_only_within_outer_fold_excluding_current_date,not_applicable,True,False,False,sequential_past_only,revision_2026/08_sequential_alarm_policy/h5/sequential_h5_metrics_by_fold.csv,fa50d920cd23a62124a96909e6c8aad93211615659a709c22e6ad5a4b0114b39
past_only_sequential_threshold_simulation,past-only sequential threshold simulation,5,16,0.05,1,Ridge,30,219,28,0,0,0,,11,0.0,0,0,28,0.0,,1.0,0.0,past_scores_only_within_outer_fold_excluding_current_date,not_applicable,True,False,False,sequential_past_only,revision_2026/08_sequential_alarm_policy/h5/sequential_h5_metrics_by_fold.csv,fa50d920cd23a62124a96909e6c8aad93211615659a709c22e6ad5a4b0114b39
past_only_sequential_threshold_simulation,past-only sequential threshold simulation,5,16,0.1,1,Ridge,30,219,28,0,0,0,,22,0.0,0,0,28,0.0,,1.0,0.0,past_scores_only_within_outer_fold_excluding_current_date,not_applicable,True,False,False,sequential_past_only,revision_2026/08_sequential_alarm_policy/h5/sequential_h5_metrics_by_fold.csv,fa50d920cd23a62124a96909e6c8aad93211615659a709c22e6ad5a4b0114b39
past_only_sequential_threshold_simulation,past-only sequential threshold simulation,5,17,0.05,1,Ridge,30,219,13,0,0,0,,11,0.0,0,0,13,0.0,,1.0,0.0,past_scores_only_within_outer_fold_excluding_current_date,not_applicable,True,False,False,sequential_past_only,revision_2026/08_sequential_alarm_policy/h5/sequential_h5_metrics_by_fold.csv,fa50d920cd23a62124a96909e6c8aad93211615659a709c22e6ad5a4b0114b39
past_only_sequential_threshold_simulation,past-only sequential threshold simulation,5,17,0.1,1,Ridge,30,219,13,0,0,0,,22,0.0,0,0,13,0.0,,1.0,0.0,past_scores_only_within_outer_fold_excluding_current_date,not_applicable,True,False,False,sequential_past_only,revision_2026/08_sequential_alarm_policy/h5/sequential_h5_metrics_by_fold.csv,fa50d920cd23a62124a96909e6c8aad93211615659a709c22e6ad5a4b0114b39
past_only_sequential_threshold_simulation,past-only sequential threshold simulation,5,15,0.05,2,Ridge,30,219,20,51,51,0,,11,0.2328767123287671,9,42,11,0.45,0.1764705882352941,0.55,0.2110552763819095,past_scores_only_within_outer_fold_excluding_current_date,not_applicable,True,False,False,sequential_past_only,revision_2026/08_sequential_alarm_policy/h5/sequential_h5_metrics_by_fold.csv,fa50d920cd23a62124a96909e6c8aad93211615659a709c22e6ad5a4b0114b39
past_only_sequential_threshold_simulation,past-only sequential threshold simulation,5,15,0.1,2,Ridge,30,219,20,79,79,0,,22,0.3607305936073059,14,65,6,0.7,0.1772151898734177,0.3,0.3266331658291457,past_scores_only_within_outer_fold_excluding_current_date,not_applicable,True,False,False,sequential_past_only,revision_2026/08_sequential_alarm_policy/h5/sequential_h5_metrics_by_fold.csv,fa50d920cd23a62124a96909e6c8aad93211615659a709c22e6ad5a4b0114b39
past_only_sequential_threshold_simulation,past-only sequential threshold simulation,5,16,0.05,2,Ridge,30,219,7,51,51,0,,11,0.2328767123287671,6,45,1,0.8571428571428571,0.1176470588235294,0.1428571428571428,0.2122641509433962,past_scores_only_within_outer_fold_excluding_current_date,not_applicable,True,False,False,sequential_past_only,revision_2026/08_sequential_alarm_policy/h5/sequential_h5_metrics_by_fold.csv,fa50d920cd23a62124a96909e6c8aad93211615659a709c22e6ad5a4b0114b39
past_only_sequential_threshold_simulation,past-only sequential threshold simulation,5,16,0.1,2,Ridge,30,219,7,79,79,0,,22,0.3607305936073059,6,73,1,0.8571428571428571,0.0759493670886076,0.1428571428571428,0.3443396226415094,past_scores_only_within_outer_fold_excluding_current_date,not_applicable,True,False,False,sequential_past_only,revision_2026/08_sequential_alarm_policy/h5/sequential_h5_metrics_by_fold.csv,fa50d920cd23a62124a96909e6c8aad93211615659a709c22e6ad5a4b0114b39
past_only_sequential_threshold_simulation,past-only sequential threshold simulation,5,17,0.05,2,Ridge,30,219,1,51,51,0,,11,0.2328767123287671,1,50,0,1.0,0.0196078431372549,0.0,0.2293577981651376,past_scores_only_within_outer_fold_excluding_current_date,not_applicable,True,False,False,sequential_past_only,revision_2026/08_sequential_alarm_policy/h5/sequential_h5_metrics_by_fold.csv,fa50d920cd23a62124a96909e6c8aad93211615659a709c22e6ad5a4b0114b39
past_only_sequential_threshold_simulation,past-only sequential threshold simulation,5,17,0.1,2,Ridge,30,219,1,79,79,0,,22,0.3607305936073059,1,78,0,1.0,0.0126582278481012,0.0,0.3577981651376147,past_scores_only_within_outer_fold_excluding_current_date,not_applicable,True,False,False,sequential_past_only,revision_2026/08_sequential_alarm_policy/h5/sequential_h5_metrics_by_fold.csv,fa50d920cd23a62124a96909e6c8aad93211615659a709c22e6ad5a4b0114b39
past_only_sequential_threshold_simulation,past-only sequential threshold simulation,5,15,0.05,3,Ridge,30,219,49,21,21,0,,11,0.0958904109589041,16,5,33,0.3265306122448979,0.7619047619047619,0.673469387755102,0.0294117647058823,past_scores_only_within_outer_fold_excluding_current_date,not_applicable,True,False,False,sequential_past_only,revision_2026/08_sequential_alarm_policy/h5/sequential_h5_metrics_by_fold.csv,fa50d920cd23a62124a96909e6c8aad93211615659a709c22e6ad5a4b0114b39
past_only_sequential_threshold_simulation,past-only sequential threshold simulation,5,15,0.1,3,Ridge,30,219,49,30,30,0,,22,0.136986301369863,20,10,29,0.4081632653061224,0.6666666666666666,0.5918367346938775,0.0588235294117647,past_scores_only_within_outer_fold_excluding_current_date,not_applicable,True,False,False,sequential_past_only,revision_2026/08_sequential_alarm_policy/h5/sequential_h5_metrics_by_fold.csv,fa50d920cd23a62124a96909e6c8aad93211615659a709c22e6ad5a4b0114b39
past_only_sequential_threshold_simulation,past-only sequential threshold simulation,5,16,0.05,3,Ridge,30,219,32,21,21,0,,11,0.0958904109589041,13,8,19,0.40625,0.6190476190476191,0.59375,0.0427807486631016,past_scores_only_within_outer_fold_excluding_current_date,not_applicable,True,False,False,sequential_past_only,revision_2026/08_sequential_alarm_policy/h5/sequential_h5_metrics_by_fold.csv,fa50d920cd23a62124a96909e6c8aad93211615659a709c22e6ad5a4b0114b39
past_only_sequential_threshold_simulation,past-only sequential threshold simulation,5,16,0.1,3,Ridge,30,219,32,30,30,0,,22,0.136986301369863,16,14,16,0.5,0.5333333333333333,0.5,0.0748663101604278,past_scores_only_within_outer_fold_excluding_current_date,not_applicable,True,False,False,sequential_past_only,revision_2026/08_sequential_alarm_policy/h5/sequential_h5_metrics_by_fold.csv,fa50d920cd23a62124a96909e6c8aad93211615659a709c22e6ad5a4b0114b39
past_only_sequential_threshold_simulation,past-only sequential threshold simulation,5,17,0.05,3,Ridge,30,219,12,21,21,0,,11,0.0958904109589041,5,16,7,0.4166666666666667,0.238095238095238,0.5833333333333334,0.0772946859903381,past_scores_only_within_outer_fold_excluding_current_date,not_applicable,True,False,False,sequential_past_only,revision_2026/08_sequential_alarm_policy/h5/sequential_h5_metrics_by_fold.csv,fa50d920cd23a62124a96909e6c8aad93211615659a709c22e6ad5a4b0114b39
past_only_sequential_threshold_simulation,past-only sequential threshold simulation,5,17,0.1,3,Ridge,30,219,12,30,30,0,,22,0.136986301369863,8,22,4,0.6666666666666666,0.2666666666666666,0.3333333333333333,0.1062801932367149,past_scores_only_within_outer_fold_excluding_current_date,not_applicable,True,False,False,sequential_past_only,revision_2026/08_sequential_alarm_policy/h5/sequential_h5_metrics_by_fold.csv,fa50d920cd23a62124a96909e6c8aad93211615659a709c22e6ad5a4b0114b39
past_only_sequential_threshold_simulation,past-only sequential threshold simulation,5,15,0.05,1,fixed rank ensemble,30,219,48,4,4,0,,11,0.0182648401826484,3,1,45,0.0625,0.75,0.9375,0.0058479532163742,past_scores_only_within_outer_fold_excluding_current_date,not_applicable,True,False,False,sequential_past_only,revision_2026/08_sequential_alarm_policy/h5/sequential_h5_metrics_by_fold.csv,fa50d920cd23a62124a96909e6c8aad93211615659a709c22e6ad5a4b0114b39
past_only_sequential_threshold_simulation,past-only sequential threshold simulation,5,15,0.1,1,fixed rank ensemble,30,219,48,8,8,0,,22,0.0365296803652968,6,2,42,0.125,0.75,0.875,0.0116959064327485,past_scores_only_within_outer_fold_excluding_current_date,not_applicable,True,False,False,sequential_past_only,revision_2026/08_sequential_alarm_policy/h5/sequential_h5_metrics_by_fold.csv,fa50d920cd23a62124a96909e6c8aad93211615659a709c22e6ad5a4b0114b39
past_only_sequential_threshold_simulation,past-only sequential threshold simulation,5,16,0.05,1,fixed rank ensemble,30,219,28,3,3,0,,11,0.0136986301369863,2,1,26,0.0714285714285714,0.6666666666666666,0.9285714285714286,0.0052356020942408,past_scores_only_within_outer_fold_excluding_current_date,not_applicable,True,False,False,sequential_past_only,revision_2026/08_sequential_alarm_policy/h5/sequential_h5_metrics_by_fold.csv,fa50d920cd23a62124a96909e6c8aad93211615659a709c22e6ad5a4b0114b39
past_only_sequential_threshold_simulation,past-only sequential threshold simulation,5,16,0.1,1,fixed rank ensemble,30,219,28,13,13,0,,22,0.0593607305936073,6,7,22,0.2142857142857142,0.4615384615384615,0.7857142857142857,0.0366492146596858,past_scores_only_within_outer_fold_excluding_current_date,not_applicable,True,False,False,sequential_past_only,revision_2026/08_sequential_alarm_policy/h5/sequential_h5_metrics_by_fold.csv,fa50d920cd23a62124a96909e6c8aad93211615659a709c22e6ad5a4b0114b39
past_only_sequential_threshold_simulation,past-only sequential threshold simulation,5,17,0.05,1,fixed rank ensemble,30,219,13,7,7,0,,11,0.0319634703196347,1,6,12,0.0769230769230769,0.1428571428571428,0.9230769230769232,0.029126213592233,past_scores_only_within_outer_fold_excluding_current_date,not_applicable,True,False,False,sequential_past_only,revision_2026/08_sequential_alarm_policy/h5/sequential_h5_metrics_by_fold.csv,fa50d920cd23a62124a96909e6c8aad93211615659a709c22e6ad5a4b0114b39
past_only_sequential_threshold_simulation,past-only sequential threshold simulation,5,17,0.1,1,fixed rank ensemble,30,219,13,12,12,0,,22,0.0547945205479452,1,11,12,0.0769230769230769,0.0833333333333333,0.9230769230769232,0.0533980582524271,past_scores_only_within_outer_fold_excluding_current_date,not_applicable,True,False,False,sequential_past_only,revision_2026/08_sequential_alarm_policy/h5/sequential_h5_metrics_by_fold.csv,fa50d920cd23a62124a96909e6c8aad93211615659a709c22e6ad5a4b0114b39
past_only_sequential_threshold_simulation,past-only sequential threshold simulation,5,15,0.05,2,fixed rank ensemble,30,219,20,20,20,0,,11,0.091324200913242,2,18,18,0.1,0.1,0.9,0.0904522613065326,past_scores_only_within_outer_fold_excluding_current_date,not_applicable,True,False,False,sequential_past_only,revision_2026/08_sequential_alarm_policy/h5/sequential_h5_metrics_by_fold.csv,fa50d920cd23a62124a96909e6c8aad93211615659a709c22e6ad5a4b0114b39
past_only_sequential_threshold_simulation,past-only sequential threshold simulation,5,15,0.1,2,fixed rank ensemble,30,219,20,31,31,0,,22,0.1415525114155251,3,28,17,0.15,0.0967741935483871,0.85,0.1407035175879397,past_scores_only_within_outer_fold_excluding_current_date,not_applicable,True,False,False,sequential_past_only,revision_2026/08_sequential_alarm_policy/h5/sequential_h5_metrics_by_fold.csv,fa50d920cd23a62124a96909e6c8aad93211615659a709c22e6ad5a4b0114b39
past_only_sequential_threshold_simulation,past-only sequential threshold simulation,5,16,0.05,2,fixed rank ensemble,30,219,7,18,18,0,,11,0.0821917808219178,1,17,6,0.1428571428571428,0.0555555555555555,0.8571428571428571,0.080188679245283,past_scores_only_within_outer_fold_excluding_current_date,not_applicable,True,False,False,sequential_past_only,revision_2026/08_sequential_alarm_policy/h5/sequential_h5_metrics_by_fold.csv,fa50d920cd23a62124a96909e6c8aad93211615659a709c22e6ad5a4b0114b39
past_only_sequential_threshold_simulation,past-only sequential threshold simulation,5,16,0.1,2,fixed rank ensemble,30,219,7,32,32,0,,22,0.1461187214611872,2,30,5,0.2857142857142857,0.0625,0.7142857142857143,0.1415094339622641,past_scores_only_within_outer_fold_excluding_current_date,not_applicable,True,False,False,sequential_past_only,revision_2026/08_sequential_alarm_policy/h5/sequential_h5_metrics_by_fold.csv,fa50d920cd23a62124a96909e6c8aad93211615659a709c22e6ad5a4b0114b39
past_only_sequential_threshold_simulation,past-only sequential threshold simulation,5,17,0.05,2,fixed rank ensemble,30,219,1,17,17,0,,11,0.0776255707762557,0,17,1,0.0,0.0,1.0,0.0779816513761468,past_scores_only_within_outer_fold_excluding_current_date,not_applicable,True,False,False,sequential_past_only,revision_2026/08_sequential_alarm_policy/h5/sequential_h5_metrics_by_fold.csv,fa50d920cd23a62124a96909e6c8aad93211615659a709c22e6ad5a4b0114b39
past_only_sequential_threshold_simulation,past-only sequential threshold simulation,5,17,0.1,2,fixed rank ensemble,30,219,1,32,32,0,,22,0.1461187214611872,0,32,1,0.0,0.0,1.0,0.146788990825688,past_scores_only_within_outer_fold_excluding_current_date,not_applicable,True,False,False,sequential_past_only,revision_2026/08_sequential_alarm_policy/h5/sequential_h5_metrics_by_fold.csv,fa50d920cd23a62124a96909e6c8aad93211615659a709c22e6ad5a4b0114b39
past_only_sequential_threshold_simulation,past-only sequential threshold simulation,5,15,0.05,3,fixed rank ensemble,30,219,49,39,39,0,,11,0.1780821917808219,18,21,31,0.3673469387755102,0.4615384615384615,0.6326530612244898,0.1235294117647058,past_scores_only_within_outer_fold_excluding_current_date,not_applicable,True,False,False,sequential_past_only,revision_2026/08_sequential_alarm_policy/h5/sequential_h5_metrics_by_fold.csv,fa50d920cd23a62124a96909e6c8aad93211615659a709c22e6ad5a4b0114b39
past_only_sequential_threshold_simulation,past-only sequential threshold simulation,5,15,0.1,3,fixed rank ensemble,30,219,49,50,50,0,,22,0.228310502283105,22,28,27,0.4489795918367347,0.44,0.5510204081632653,0.1647058823529411,past_scores_only_within_outer_fold_excluding_current_date,not_applicable,True,False,False,sequential_past_only,revision_2026/08_sequential_alarm_policy/h5/sequential_h5_metrics_by_fold.csv,fa50d920cd23a62124a96909e6c8aad93211615659a709c22e6ad5a4b0114b39
past_only_sequential_threshold_simulation,past-only sequential threshold simulation,5,16,0.05,3,fixed rank ensemble,30,219,32,37,37,0,,11,0.1689497716894977,16,21,16,0.5,0.4324324324324324,0.5,0.1122994652406417,past_scores_only_within_outer_fold_excluding_current_date,not_applicable,True,False,False,sequential_past_only,revision_2026/08_sequential_alarm_policy/h5/sequential_h5_metrics_by_fold.csv,fa50d920cd23a62124a96909e6c8aad93211615659a709c22e6ad5a4b0114b39
past_only_sequential_threshold_simulation,past-only sequential threshold simulation,5,16,0.1,3,fixed rank ensemble,30,219,32,49,49,0,,22,0.2237442922374429,17,32,15,0.53125,0.3469387755102041,0.46875,0.1711229946524064,past_scores_only_within_outer_fold_excluding_current_date,not_applicable,True,False,False,sequential_past_only,revision_2026/08_sequential_alarm_policy/h5/sequential_h5_metrics_by_fold.csv,fa50d920cd23a62124a96909e6c8aad93211615659a709c22e6ad5a4b0114b39
past_only_sequential_threshold_simulation,past-only sequential threshold simulation,5,17,0.05,3,fixed rank ensemble,30,219,12,37,37,0,,11,0.1689497716894977,7,30,5,0.5833333333333334,0.1891891891891892,0.4166666666666667,0.144927536231884,past_scores_only_within_outer_fold_excluding_current_date,not_applicable,True,False,False,sequential_past_only,revision_2026/08_sequential_alarm_policy/h5/sequential_h5_metrics_by_fold.csv,fa50d920cd23a62124a96909e6c8aad93211615659a709c22e6ad5a4b0114b39
past_only_sequential_threshold_simulation,past-only sequential threshold simulation,5,17,0.1,3,fixed rank ensemble,30,219,12,53,53,0,,22,0.2420091324200913,8,45,4,0.6666666666666666,0.1509433962264151,0.3333333333333333,0.217391304347826,past_scores_only_within_outer_fold_excluding_current_date,not_applicable,True,False,False,sequential_past_only,revision_2026/08_sequential_alarm_policy/h5/sequential_h5_metrics_by_fold.csv,fa50d920cd23a62124a96909e6c8aad93211615659a709c22e6ad5a4b0114b39
