date,fold,y_true,y_pred_hybrid_point,y_pred_enet,y_pred_persist,y_pred_hgbr,p_tau15,s_tau15_hybrid,p_tau16,s_tau16_hybrid,p_tau17,s_tau17_hybrid
2021-10-10,1,15.100000381469728,12.73124763634586,12.330208,13.130000114440918,12.983040988187424,0.4248639941215515,0.7274305555555555,0.4969665706157684,0.7072916666666665,0.5182026624679565,0.6661458333333333
2021-10-11,1,11.350000381469728,13.189393824842995,12.358739,14.649999618530272,13.393577605947732,0.4602319896221161,0.8291666666666666,0.4628724753856659,0.7444444444444442,0.5392427444458008,0.80625
2021-10-12,1,11.579999923706056,12.895175938935207,12.429152,12.770000457763672,13.482040610823082,0.4689114391803741,0.8045138888888888,0.448445200920105,0.670486111111111,0.5416210293769836,0.7463541666666667
2021-10-13,1,13.260000228881836,13.203151145150631,12.204826,14.229999542236328,13.812842734902246,0.4715095162391662,0.7906249999999999,0.4428355991840362,0.732986111111111,0.527056097984314,0.8234375
2021-10-14,1,14.130000114440918,13.790531307868513,12.40847,16.940000534057617,13.77061566612604,0.4595652520656585,0.922222222222222,0.4706171154975891,0.8687499999999999,0.5653625130653381,0.9291666666666667
2021-10-15,1,17.010000228881836,13.61945224391837,12.642881,15.100000381469728,13.977820824550864,0.4874208271503448,0.9381944444444443,0.4752855896949768,0.8944444444444444,0.5818137526512146,0.928125
2021-10-16,1,14.109999656677246,12.91471792244969,12.444281,11.350000381469728,14.22631823069557,0.4798672795295715,0.8229166666666665,0.4768035113811493,0.79375,0.5631130337715149,0.7718750000000001
2021-10-17,1,13.31999969482422,12.724139238654738,12.161839,11.579999923706056,13.928796664615662,0.492609292268753,0.6944444444444443,0.4403707683086395,0.6548611111111109,0.5772919654846191,0.7062499999999999
2021-10-18,1,14.239999771118164,12.856576629881461,12.021235,13.260000228881836,13.594624163997915,0.4912329912185669,0.6381944444444443,0.4487398564815521,0.6590277777777777,0.568612813949585,0.7093750000000001
2021-10-19,1,15.479999542236328,13.180888897351528,12.305205,14.130000114440918,13.691477673327304,0.4990948140621185,0.8347222222222221,0.4786133766174316,0.8270833333333332,0.5473799109458923,0.8333333333333334
2021-10-20,1,19.600000381469727,13.816412566045873,12.403713,17.010000228881836,13.808905746429504,0.4735632240772247,0.9256944444444444,0.4829748272895813,0.911111111111111,0.5491511821746826,0.9364583333333333
2021-10-21,1,15.5600004196167,13.121007070521681,12.498498,14.109999656677246,13.326833481780795,0.5014193058013916,0.8388888888888888,0.4721957147121429,0.754861111111111,0.5690909028053284,0.7875000000000001
2021-10-22,1,13.3100004196167,13.05554729825747,12.243288,13.31999969482422,13.83711281051375,0.4656861126422882,0.8059027777777776,0.4736380875110626,0.8059027777777776,0.5497686266899109,0.8130208333333333
2021-10-23,1,15.1899995803833,13.20708468422906,12.202548,14.239999771118164,13.8207309105422,0.4626320004463196,0.7913194444444444,0.487203299999237,0.8545138888888888,0.5259186029434204,0.8265625000000001
2021-10-24,1,17.0,13.444809062716644,12.444538,15.479999542236328,13.552518768513025,0.4603137075901031,0.8947916666666665,0.4974899590015411,0.8857638888888888,0.4946687221527099,0.8776041666666666
2021-10-25,1,15.170000076293944,14.469917817968943,12.762833,19.600000381469727,13.825346956433616,0.432293564081192,0.9749999999999999,0.4989175498485565,0.9673611111111109,0.5169814825057983,0.9750000000000001
2021-10-26,1,14.34000015258789,13.637997612581358,12.919288,15.5600004196167,13.48554452321772,0.4556487202644348,0.9166666666666665,0.469250738620758,0.8152777777777775,0.5341105461120605,0.8770833333333333
2021-10-27,1,15.40999984741211,13.165553917747093,12.79052,13.3100004196167,13.51524382427777,0.4402097165584564,0.8611111111111109,0.4685418307781219,0.7631944444444443,0.5416920185089111,0.8020833333333333
2021-10-28,1,15.170000076293944,13.54604821153505,12.688782,15.1899995803833,13.688497015087856,0.4248327314853668,0.9201388888888888,0.4580688774585724,0.8083333333333331,0.5257938504219055,0.896875
2021-10-29,1,13.399999618530272,13.804176513233102,12.816563,17.0,13.317329972236893,0.4587671160697937,0.9069444444444443,0.4581665396690368,0.7652777777777777,0.5275501012802124,0.8666666666666667
2021-10-30,1,15.119999885559082,13.568888412582501,13.055693,15.170000076293944,13.345677419882096,0.4783059358596802,0.8982638888888888,0.4473661780357361,0.7302083333333332,0.5521357655525208,0.8473958333333333
2021-10-31,1,12.800000190734863,13.310436600259035,12.892682,14.34000015258789,13.26562874938602,0.4687687456607818,0.85625,0.4221255779266357,0.6520833333333333,0.5527827739715576,0.7885416666666667
2021-11-01,1,12.34000015258789,13.47989982312852,12.794102,15.40999984741211,13.286372362006311,0.4406799972057342,0.8791666666666665,0.4455170631408691,0.7055555555555554,0.5687344074249268,0.8270833333333333
2021-11-02,1,13.029999732971191,13.55093534767596,12.694269,15.170000076293944,13.705152624502425,0.4612912833690643,0.9239583333333332,0.4460480511188507,0.7843749999999998,0.546880304813385,0.9005208333333333
2021-11-03,1,13.199999809265137,13.275818009762926,12.619349,13.399999618530272,13.952254841362546,0.4817350208759308,0.898611111111111,0.4504812657833099,0.7833333333333332,0.5250028371810913,0.8708333333333333
2021-11-04,1,14.390000343322754,13.391507011032857,12.454732,15.119999885559082,13.58113246118171,0.452878475189209,0.8916666666666666,0.45423024892807,0.773611111111111,0.5461606383323669,0.8708333333333333
2021-11-05,1,11.539999961853027,12.897353282315425,12.423225,12.800000190734863,13.479424145710563,0.4789057672023773,0.8038194444444443,0.4340552985668182,0.6496527777777776,0.5371562242507935,0.7473958333333333
2021-11-06,1,12.81999969482422,12.600159096868456,12.168349,12.34000015258789,13.216024927985751,0.4698001742362976,0.6347222222222222,0.439063012599945,0.5458333333333333,0.5258316397666931,0.6104166666666666
2021-11-07,1,13.539999961853027,12.75588777184999,12.132343,13.029999732971191,13.320319659620628,0.4631583988666534,0.6520833333333332,0.4423376619815826,0.592361111111111,0.5166139006614685,0.659375
2021-11-08,1,13.920000076293944,12.835709192651148,12.236731,13.199999809265137,13.327414351076696,0.4699808955192566,0.7357638888888887,0.4510610997676849,0.645486111111111,0.529209315776825,0.7140625
2021-11-09,1,15.800000190734863,13.00465044054079,12.250608,14.390000343322754,13.160273234758195,0.4877916574478149,0.7461805555555554,0.422175794839859,0.6010416666666665,0.5487771034240723,0.7213541666666666
2021-11-10,1,14.6899995803833,12.571211028187108,12.360417,11.539999961853027,13.323959843064642,0.4808983504772186,0.7291666666666665,0.4266935884952545,0.573611111111111,0.5536406636238098,0.6541666666666667
2021-11-11,1,12.829999923706056,12.892812596836752,12.236284,12.81999969482422,13.667813719284366,0.4708295464515686,0.7583333333333332,0.4396762251853943,0.6736111111111109,0.5529659390449524,0.7520833333333333
2021-11-12,1,12.31999969482422,13.118605231913236,12.341647,13.539999961853027,13.781985877845734,0.4727948606014251,0.8374999999999999,0.4613414704799652,0.7791666666666666,0.5567486882209778,0.8291666666666666
2021-11-13,1,17.989999771118164,13.134054454917948,12.415066,13.920000076293944,13.549943656012644,0.4913278818130493,0.8520833333333332,0.4458283483982086,0.7229166666666665,0.5407023429870605,0.821875
2021-11-14,1,17.940000534057617,13.587626274580138,12.354147,15.800000190734863,13.869103500405432,0.4900226891040802,0.8979166666666665,0.4383705556392669,0.7874999999999999,0.5174059867858887,0.9135416666666667
2021-11-15,1,11.800000190734863,13.387690557294999,12.462607,14.6899995803833,13.77725504770772,0.5110122561454773,0.904861111111111,0.4414277076721191,0.7708333333333333,0.5486273765563965,0.8885416666666667
2021-11-16,1,11.890000343322754,12.839063571721677,12.361293,12.829999923706056,13.38108728891638,0.495792806148529,0.7805555555555554,0.4544437527656555,0.6680555555555554,0.5540477633476257,0.7291666666666666
2021-11-17,1,12.220000267028809,12.818271220280987,12.363513,12.31999969482422,13.57900998082548,0.471629649400711,0.7895833333333331,0.4734733998775482,0.7437499999999999,0.5349345803260803,0.740625
2021-11-18,1,13.130000114440918,13.930888604914346,12.27062,17.989999771118164,13.769135202341078,0.5084714889526367,0.8791666666666665,0.4483166038990021,0.7986111111111109,0.5145222544670105,0.9166666666666667
2021-11-19,1,16.360000610351562,14.148336295589406,12.650615,17.940000534057617,13.937440633893386,0.5182980895042419,0.9746527777777776,0.4580736756324768,0.8767361111111109,0.5459365248680115,0.9807291666666667
2021-11-20,1,12.850000381469728,12.769689095070042,12.554478,11.800000190734863,13.496646029191432,0.5110583305358887,0.7927083333333332,0.444639652967453,0.645486111111111,0.5407131314277649,0.7161458333333333
2021-11-21,1,11.65999984741211,12.472124268748146,12.111773,11.890000343322754,13.168581408802511,0.4946750104427337,0.582986111111111,0.4519926309585571,0.5343749999999999,0.5297083258628845,0.5661458333333333
2021-11-22,1,13.699999809265137,12.424916236201344,12.081582,12.220000267028809,12.913625236514122,0.4903380870819092,0.546875,0.4586716890335083,0.5239583333333333,0.5417088270187378,0.5328125
2021-11-23,1,13.18000030517578,12.676732995202894,12.051671,13.130000114440918,13.153294180187135,0.5246118307113647,0.5732638888888888,0.4547533690929413,0.5621527777777777,0.5043667554855347,0.5973958333333333
2021-11-24,1,13.789999961853027,13.257621400659843,12.012892,16.360000610351562,13.10675237155631,0.5123565793037415,0.6211805555555554,0.4575954079627991,0.6267361111111109,0.5138689279556274,0.6859375
2021-11-25,1,12.220000267028809,12.58034851405359,12.133396,12.850000381469728,12.948344158655813,0.5066049695014954,0.6118055555555555,0.4315289556980133,0.517361111111111,0.5346909761428833,0.596875
2021-11-26,1,10.84000015258789,12.042194875313537,11.849385,11.65999984741211,12.450203498991982,0.5071534514427185,0.3430555555555555,0.4326925873756408,0.3437499999999999,0.541575014591217,0.3729166666666667
2021-11-27,1,13.369999885559082,12.44445205409608,11.811862,13.699999809265137,12.528341987369645,0.5257506966590881,0.39722222222222214,0.4574057757854461,0.461111111111111,0.5648930072784424,0.4770833333333333
2021-11-28,1,10.739999771118164,12.714473920847214,12.096056,13.18000030517578,13.177430889636046,0.5275347828865051,0.6124999999999999,0.4790657460689544,0.6541666666666666,0.5391748547554016,0.625
2021-11-29,1,11.220000267028809,12.966129971209417,12.104734,13.789999961853027,13.523265443498207,0.5433741211891174,0.6895833333333332,0.4732013046741485,0.7326388888888888,0.5511733889579773,0.7322916666666667
2021-11-30,1,8.75,12.673956064320386,12.112578,12.220000267028809,13.532484285326616,0.5220804214477539,0.6447916666666667,0.4646112322807312,0.6572916666666666,0.542354941368103,0.6567708333333333
2021-12-01,1,9.90999984741211,12.01393282919098,11.93074,10.84000015258789,12.694491100332378,0.520362377166748,0.41597222222222213,0.432538241147995,0.39374999999999993,0.539850652217865,0.42604166666666665
2021-12-02,1,10.34000015258789,12.674057887815056,11.891877,13.369999885559082,13.206040387734989,0.5294864773750305,0.4944444444444444,0.4744506776332855,0.611111111111111,0.5317398309707642,0.5770833333333334
2021-12-03,1,10.510000228881836,12.062463153158406,12.078205,10.739999771118164,12.705985266481736,0.5379884243011475,0.5034722222222221,0.481484055519104,0.5402777777777776,0.542043149471283,0.4697916666666666
2021-12-04,1,11.170000076293944,11.95645358888589,11.875951,11.220000267028809,12.415245662311053,0.5357189774513245,0.3461805555555555,0.465018630027771,0.4038194444444444,0.5055051445960999,0.3651041666666667
2021-12-05,1,11.520000457763672,11.39926862944862,11.890548,8.75,12.171213652302631,0.5402770638465881,0.29722222222222217,0.4585550129413605,0.3166666666666666,0.5307435989379883,0.2833333333333333
2021-12-06,1,11.8100004196167,11.367691764891926,11.5918,9.90999984741211,11.844415959135254,0.5270862579345703,0.13194444444444445,0.4498208463191986,0.19166666666666665,0.4956863522529602,0.16666666666666669
2021-12-07,1,12.880000114440918,11.71657864650053,11.799634,10.34000015258789,12.31143062076995,0.5504259467124939,0.28194444444444444,0.4803331792354584,0.40763888888888883,0.5068925023078918,0.3104166666666667
2021-12-08,1,11.170000076293944,11.824804339918671,11.770488,10.510000228881836,12.543312277845592,0.548448383808136,0.28506944444444443,0.4661489725112915,0.39965277777777775,0.4925915896892547,0.34010416666666665
2021-12-09,1,12.5600004196167,12.088672690218058,11.761099,11.170000076293944,12.91652939867543,0.5272900462150574,0.3246527777777778,0.4542620182037353,0.42048611111111106,0.4910594224929809,0.40156250000000004
2021-12-10,1,12.40999984741211,12.151518944194152,11.732636,11.520000457763672,12.938521499627813,0.5556091666221619,0.32152777777777775,0.4541439712047577,0.4256944444444444,0.5055947303771973,0.409375
2021-12-11,1,12.3100004196167,11.955733441723904,11.693239,11.8100004196167,12.323906199716903,0.529228925704956,0.26041666666666663,0.4544690549373626,0.34374999999999994,0.4850790500640869,0.3260416666666667
2021-12-12,1,12.1899995803833,12.045698774386242,11.6912,12.880000114440918,12.027359225543425,0.525406002998352,0.24652777777777773,0.4634766280651092,0.33333333333333326,0.515326201915741,0.3072916666666667
2021-12-13,1,13.130000114440918,12.009590477985299,11.774025,11.170000076293944,12.69439684156444,0.5376271605491638,0.31423611111111105,0.4605656862258911,0.41979166666666656,0.5056745409965515,0.37968749999999996
2021-12-14,1,13.100000381469728,12.035605186042005,11.686158,12.5600004196167,12.166535653551914,0.5489010810852051,0.24999999999999997,0.4553712010383606,0.3243055555555555,0.5188512802124023,0.3145833333333333
2021-12-15,1,11.09000015258789,12.229180840255157,11.775069,12.40999984741211,12.649647156963734,0.5517920851707458,0.3458333333333333,0.4591908156871795,0.44375,0.5155766010284424,0.4229166666666667
2021-12-16,1,11.56999969482422,12.192864869238994,11.79491,12.3100004196167,12.58199632194401,0.5690141320228577,0.3458333333333333,0.4585258662700653,0.4256944444444444,0.5233373045921326,0.4083333333333333
2021-12-17,1,12.640000343322754,12.203739090017363,11.816061,12.1899995803833,12.64674669610393,0.5677787661552429,0.3604166666666666,0.4620412290096283,0.4444444444444444,0.5284448266029358,0.41770833333333335
2021-12-18,1,17.510000228881836,12.263044420801391,11.784963,13.130000114440918,12.367408172383197,0.5665385127067566,0.34548611111111105,0.442581295967102,0.3809027777777777,0.5338259935379028,0.4140625
2021-12-19,1,17.979999542236328,12.369768747826647,11.830068,13.100000381469728,12.611816272310085,0.5706019401550293,0.4038194444444444,0.4442547857761383,0.43437499999999996,0.5259280800819397,0.47031249999999997
2021-12-20,1,13.06999969482422,11.760177804436326,11.794753,11.09000015258789,12.056369535351411,0.5646052956581116,0.2440972222222222,0.4502805769443512,0.265625,0.5240634679794312,0.2578125
2021-12-21,1,12.359999656677246,11.733722438605376,11.570481,11.56999969482422,11.999230428927005,0.5625066161155701,0.16319444444444442,0.4572088718414306,0.24999999999999994,0.5012374520301819,0.21770833333333334
2021-12-22,1,11.880000114440918,12.051138201667534,11.730348,12.640000343322754,12.1175961077159,0.5883282423019409,0.25312499999999993,0.4844745993614197,0.40173611111111107,0.511177122592926,0.30885416666666665
2021-12-23,1,12.0600004196167,13.079769043704289,11.92026,17.510000228881836,12.16910112528284,0.5978029370307922,0.4729166666666666,0.5207841992378235,0.5833333333333333,0.4857825636863708,0.528125
2021-12-24,1,11.479999542236328,13.266807798304836,12.13755,17.979999542236328,12.18062694943203,0.5717589855194092,0.6284722222222221,0.4814665913581848,0.6041666666666666,0.5279934406280518,0.6156250000000001
2021-12-25,1,11.020000457763672,12.907205351267047,12.270725,13.06999969482422,13.541848574663888,0.5510473251342773,0.7718749999999999,0.4868710041046142,0.7902777777777776,0.5188039541244507,0.7536458333333333
2021-12-26,1,12.369999885559082,12.63358624876286,11.947836,12.359999656677246,13.541848574663888,0.5482996702194214,0.5541666666666666,0.498099535703659,0.7149305555555554,0.5142052173614502,0.6208333333333333
2021-12-27,1,13.369999885559082,12.407637135116106,11.911101,11.880000114440918,13.23005879745932,0.5343966484069824,0.45486111111111105,0.5062043070793152,0.6215277777777777,0.4830389022827148,0.5093749999999999
2021-12-28,1,12.34000015258789,12.339772238835195,11.958085,12.0600004196167,12.90905629213404,0.532508134841919,0.47222222222222215,0.4833081662654876,0.5645833333333332,0.4908424317836761,0.49166666666666664
2021-12-29,1,12.279999732971191,12.279853098146788,11.996396,11.479999542236328,12.998669111517156,0.5259223580360413,0.4916666666666666,0.4715406894683838,0.5402777777777776,0.4495865106582641,0.4979166666666667
2021-12-30,1,12.84000015258789,12.292930606765658,12.000794,11.020000457763672,13.25804936387802,0.5368443131446838,0.5069444444444444,0.4375109374523163,0.4840277777777777,0.4998268485069275,0.51875
2021-12-31,1,12.520000457763672,12.547578102464769,11.971424,12.369999885559082,13.284540576190476,0.5338868498802185,0.5340277777777778,0.4250248372554779,0.5131944444444443,0.4895502626895904,0.571875
2022-01-01,1,12.789999961853027,12.735629737575506,12.076914,13.369999885559082,13.15949986835616,0.5199239253997803,0.6027777777777776,0.4252099394798279,0.5381944444444444,0.4923148453235626,0.6229166666666667
2022-01-02,1,13.93000030517578,12.670923411649362,12.136729,12.34000015258789,13.437353754285628,0.5284576416015625,0.6506944444444445,0.4237691164016723,0.5777777777777777,0.4829170405864715,0.6531250000000001
2022-01-03,1,14.050000190734863,12.567660263285527,12.070387,12.279999732971191,13.270922949638914,0.5013645887374878,0.5701388888888888,0.4373394548892975,0.5270833333333332,0.4959567189216614,0.5822916666666667
2022-01-04,1,11.800000190734863,12.85932168451694,11.970167,12.84000015258789,13.869281470563026,0.5426923036575317,0.6211805555555554,0.4303249418735504,0.6406249999999999,0.50040203332901,0.7046875
2022-01-05,1,12.130000114440918,12.834993551000768,12.055587,12.520000457763672,13.86932246749518,0.5244820713996887,0.6479166666666666,0.4588331580162048,0.6972222222222221,0.4937873184680938,0.7072916666666667
2022-01-06,1,11.100000381469728,12.679846970252317,11.966017,12.789999961853027,13.427829190985817,0.5437688231468201,0.5618055555555554,0.4689594209194183,0.6381944444444443,0.5046477317810059,0.6197916666666666
2022-01-07,1,12.550000190734863,12.53753235896594,11.821259,13.93000030517578,12.647105914697702,0.532744288444519,0.42499999999999993,0.4451635181903839,0.4645833333333333,0.4883494973182678,0.5104166666666667
2022-01-08,1,15.3100004196167,12.361843698435116,11.922396,14.050000190734863,12.012144113024751,0.5386700630187988,0.39756944444444436,0.4594597816467285,0.3940972222222222,0.5136593580245972,0.4130208333333333
2022-01-09,1,15.31999969482422,11.981368523777554,11.944211,11.800000190734863,12.113854904548653,0.5308678150177002,0.36006944444444433,0.4675954282283783,0.3677083333333333,0.4950350821018219,0.3359375
2022-01-10,1,13.609999656677246,11.969869091339177,11.852824,12.130000114440918,12.02147930754488,0.5286006927490234,0.30277777777777776,0.4716590046882629,0.3569444444444444,0.5045996308326721,0.30625
2022-01-11,1,10.989999771118164,11.945502902775086,11.957519,11.100000381469728,12.354736054049738,0.5469930171966553,0.39722222222222214,0.475657045841217,0.4444444444444444,0.4961287975311279,0.38125
2022-01-12,1,12.859999656677246,12.258540168587903,11.78407,12.550000190734863,12.646589097175818,0.5353647470474243,0.3496527777777777,0.4478674829006195,0.4100694444444444,0.4808384776115417,0.42447916666666663
2022-01-13,1,11.890000343322754,12.757538006576329,11.902242,15.3100004196167,12.44351480745452,0.5473395586013794,0.46944444444444433,0.453784316778183,0.4833333333333332,0.5127531886100769,0.5354166666666667
2022-01-14,1,14.329999923706056,13.025812126028285,12.098238,15.31999969482422,12.922239233412135,0.5515233278274536,0.6493055555555555,0.4390505254268646,0.5770833333333333,0.5244911909103394,0.6760416666666667
2022-01-15,1,12.260000228881836,12.62653608587495,12.096337,13.609999656677246,12.731278272083124,0.529729962348938,0.5972222222222221,0.4512524604797363,0.5416666666666666,0.5318321585655212,0.6
2022-01-16,1,13.06999969482422,12.122678741002288,11.972754,10.989999771118164,12.857683559571925,0.5271214246749878,0.461111111111111,0.4499832689762115,0.44791666666666663,0.5280099511146545,0.4604166666666667
2022-01-17,1,12.979999542236328,12.23818202555227,11.749482,12.859999656677246,12.477060738736087,0.5306664109230042,0.32152777777777775,0.4570546746253967,0.4083333333333333,0.5022030472755432,0.40520833333333334
2022-01-18,1,13.619999885559082,12.218735355809232,11.871918,11.890000343322754,12.773272387337856,0.5331016778945923,0.40173611111111107,0.4534599483013153,0.4468749999999999,0.5010388493537903,0.4505208333333333
2022-01-19,1,11.050000190734863,12.526011575409166,11.8282585,14.329999923706056,12.408989611096036,0.528313934803009,0.4111111111111111,0.4542089402675628,0.44861111111111107,0.4797624349594116,0.48333333333333334
2022-01-20,1,11.050000190734863,12.572615018176414,12.107027,12.260000228881836,13.252708933272167,0.547019898891449,0.5965277777777777,0.4744961559772491,0.6229166666666666,0.5159770250320435,0.590625
2022-01-21,1,15.600000381469728,12.404465997408895,11.856111,13.06999969482422,12.688598520786238,0.5404226183891296,0.4239583333333333,0.4380954205989837,0.4385416666666666,0.5015161633491516,0.4859375
2022-01-22,1,15.829999923706056,12.738099350842303,11.973106,12.979999542236328,13.477766774842884,0.5577889680862427,0.5854166666666667,0.4737410247325897,0.6729166666666666,0.5230326056480408,0.6447916666666667
2022-01-23,1,17.56999969482422,12.732277440055768,11.923899,13.619999885559082,13.197841962366848,0.5393770337104797,0.5215277777777777,0.4633606076240539,0.5868055555555556,0.5061823129653931,0.5947916666666667
2022-01-24,1,17.940000534057617,12.079865500187115,11.956301,11.050000190734863,12.733808217623748,0.5383720993995667,0.4413194444444444,0.4594812095165252,0.4697916666666666,0.5032587647438049,0.44947916666666665
2022-01-25,1,15.81999969482422,12.244270964980966,11.847612,11.050000190734863,13.28764768770761,0.5468575358390808,0.4142361111111111,0.4710214734077453,0.5427083333333331,0.5165060758590698,0.4817708333333333
2022-01-26,1,17.8799991607666,13.07990868835795,11.724846,15.600000381469728,13.344308366204755,0.5335960388183594,0.47222222222222215,0.4391774833202362,0.5777777777777777,0.4957238435745239,0.6395833333333334
2022-01-27,1,17.530000686645508,13.024016657112707,12.041751,15.829999923706056,12.72607388806783,0.5478402376174927,0.6055555555555555,0.4589534401893616,0.598611111111111,0.5175109505653381,0.65
2022-01-28,1,16.850000381469727,13.7009300575234,12.14199,17.56999969482422,13.52020280358682,0.5636171102523804,0.7763888888888888,0.4664087295532226,0.7819444444444443,0.537745475769043,0.8354166666666667
2022-01-29,1,15.859999656677246,13.7302132089704,12.257504,17.940000534057617,13.28211740651849,0.5938431620597839,0.814236111111111,0.4692833423614502,0.7628472222222221,0.5580006837844849,0.8213541666666667
2022-01-30,1,14.949999809265137,13.268316413829258,12.289633,15.81999969482422,13.093493613889692,0.5972499847412109,0.7833333333333332,0.4620597660541534,0.6902777777777778,0.5701290965080261,0.7604166666666667
2022-01-31,1,16.84000015258789,13.80317720342429,12.17716,17.8799991607666,13.594035578605466,0.6150939464569092,0.8159722222222221,0.4773503839969635,0.8468749999999998,0.5744718313217163,0.871875
2022-02-01,1,16.399999618530273,13.819576541686938,12.37098,17.530000686645508,13.594035578605466,0.6359253525733948,0.9069444444444443,0.4864767789840698,0.8989583333333332,0.5853350162506104,0.9145833333333333
2022-02-02,1,16.34000015258789,13.577351901627491,12.34361,16.850000381469727,13.328987301037303,0.6054703593254089,0.8465277777777775,0.4657125473022461,0.7722222222222221,0.5793124437332153,0.840625
2022-02-03,1,17.09000015258789,13.367185631752822,12.279436,15.859999656677246,13.344496955012538,0.5972785353660583,0.8194444444444444,0.4707962572574615,0.7746527777777776,0.5852572321891785,0.8208333333333333
2022-02-04,1,16.299999237060547,13.144569184626707,12.164442,14.949999809265137,13.344496955012538,0.6062132716178894,0.7309027777777777,0.4594807624816894,0.703472222222222,0.5877475142478943,0.7567708333333334
2022-02-05,1,16.399999618530273,13.584086011390252,12.128169,16.84000015258789,13.594035578605466,0.6138086318969727,0.7680555555555555,0.4799317419528961,0.8295138888888888,0.5744125843048096,0.8375
2022-02-06,1,15.289999961853027,13.537203814426896,12.214333,16.399999618530273,13.594035578605466,0.6225289702415466,0.8190972222222221,0.4857329428195953,0.8611111111111109,0.5772702097892761,0.8598958333333333
2022-02-07,1,16.079999923706055,13.409598297539038,12.196896,16.34000015258789,13.308687454746028,0.6188563704490662,0.7604166666666665,0.4788579046726227,0.7673611111111109,0.5856380462646484,0.7822916666666666
2022-02-08,1,16.360000610351562,13.459875581205377,12.231814,17.09000015258789,13.026382574370176,0.6042292714118958,0.7597222222222221,0.4867337644100189,0.7625,0.5909066796302795,0.7625
2022-02-09,1,14.5600004196167,13.46281545468472,12.232607,16.299999237060547,13.428208075017118,0.5941818356513977,0.802083333333333,0.4809136092662811,0.8083333333333331,0.5835374593734741,0.8218749999999999
2022-02-10,1,14.229999542236328,13.329604263855789,12.131981,16.399999618530273,13.14173275835631,0.5637592673301697,0.695486111111111,0.4869409799575805,0.7420138888888888,0.570102870464325,0.7265625
2022-02-11,1,15.739999771118164,12.780037139545666,12.122298,15.289999961853027,12.26501226038086,0.5564836859703064,0.5951388888888888,0.481389969587326,0.5868055555555555,0.5736610889434814,0.5802083333333333
2022-02-12,1,16.450000762939453,13.293634209808816,12.1371975,16.079999923706055,13.201442651395118,0.5364195704460144,0.7090277777777777,0.4965539574623108,0.7631944444444443,0.5566213726997375,0.7385416666666667
2022-02-13,1,14.239999771118164,13.177936788980531,12.175919,16.360000610351562,12.714174890898114,0.5594580769538879,0.6982638888888888,0.483659952878952,0.700347222222222,0.5633100271224976,0.6994791666666667
2022-02-14,1,14.829999923706056,12.802606472978766,12.235644,14.5600004196167,12.561742281760909,0.5471702218055725,0.686111111111111,0.4975015819072723,0.6770833333333333,0.562644898891449,0.6458333333333334
2022-02-15,1,14.170000076293944,12.077500053700373,12.089684,14.229999542236328,10.98754336984532,0.5519407391548157,0.4350694444444444,0.477020800113678,0.37118055555555557,0.5682386159896851,0.36093749999999997
2022-02-16,1,12.420000076293944,12.585586676754227,12.088459,15.739999771118164,11.567648765920763,0.5405017733573914,0.4972222222222222,0.471873939037323,0.4361111111111111,0.5614576935768127,0.45625000000000004
2022-02-17,1,11.979999542236328,13.021525308938001,12.326334,16.450000762939453,12.089377804492528,0.5513902306556702,0.6902777777777777,0.4918296933174133,0.6138888888888888,0.5875608921051025,0.6125
2022-02-18,1,13.84000015258789,12.540625718243895,12.402123,14.239999771118164,11.846754249831143,0.5515704154968262,0.6545138888888887,0.4957678318023681,0.5510416666666667,0.5594871044158936,0.5317708333333333
2022-02-19,1,13.0600004196167,12.631130429650376,12.242534,14.829999923706056,11.968866665979215,0.5455509424209595,0.6194444444444444,0.4766692221164703,0.5194444444444444,0.5677237510681152,0.5354166666666667
2022-02-20,1,14.65999984741211,12.55211622076681,12.240028,14.170000076293944,12.09427354136591,0.5458346009254456,0.6187499999999999,0.4638209939002991,0.49027777777777776,0.5664678812026978,0.5364583333333334
2022-02-21,1,11.859999656677246,12.055799557458052,12.1100645,12.420000076293944,11.812651237680418,0.5378830432891846,0.45034722222222223,0.4594917893409729,0.3572916666666667,0.5529045462608337,0.3692708333333333
2022-02-22,1,12.229999542236328,11.526091315959441,11.929843,11.979999542236328,10.844916558275372,0.5365251898765564,0.2666666666666666,0.4580371975898742,0.20902777777777776,0.5427771806716919,0.20625
2022-02-23,1,8.960000038146973,12.320555206134948,11.944314,13.84000015258789,11.984104089810293,0.5446978807449341,0.4118055555555554,0.4560035169124603,0.3770833333333333,0.5464560389518738,0.4114583333333333
2022-02-24,1,10.550000190734863,11.995971833741054,12.024571,13.0600004196167,11.43178347876192,0.5424366593360901,0.38888888888888884,0.4736921787261963,0.35486111111111107,0.5338547229766846,0.33125
2022-02-25,1,10.09000015258789,12.118901320398976,11.88724,14.65999984741211,11.108971042341263,0.54872727394104,0.31805555555555554,0.4583106338977813,0.29166666666666663,0.5237244963645935,0.31875
2022-02-26,1,9.890000343322754,11.757556582829526,11.964766,11.859999656677246,11.473224451588884,0.5640153884887695,0.3229166666666666,0.4554549753665924,0.25763888888888886,0.5382861495018005,0.2635416666666667
2022-02-27,1,12.550000190734863,11.747835183487044,11.771345,12.229999542236328,11.480304460535327,0.55968177318573,0.20138888888888887,0.4405707418918609,0.19513888888888886,0.5325828790664673,0.21250000000000002
2022-02-28,1,15.670000076293944,11.208162205155588,11.774757,8.960000038146973,11.694824144459934,0.537325382232666,0.17291666666666664,0.4724538922309875,0.24861111111111106,0.514924168586731,0.165625
2022-03-01,1,14.470000267028809,11.067963619417444,11.515949,10.550000190734863,10.82296178060336,0.5281362533569336,0.06319444444444443,0.4574629664421081,0.11944444444444444,0.4873318076133728,0.07604166666666666
2022-03-02,1,15.59000015258789,10.95574685973938,11.602043,10.09000015258789,10.66153705552193,0.5382381677627563,0.06944444444444443,0.446727991104126,0.0875,0.4883384704589844,0.06875
2022-03-03,1,17.469999313354492,10.92724154771698,11.449791,9.890000343322754,10.857994016095695,0.5226451754570007,0.05277777777777777,0.4358443319797516,0.0736111111111111,0.4742718338966369,0.06666666666666668
2022-03-04,1,15.229999542236328,11.044978404346894,11.405212,12.550000190734863,9.887204716043168,0.5332530736923218,0.06909722222222221,0.4486006498336792,0.103125,0.4763659834861755,0.09947916666666667
2022-03-05,1,15.479999542236328,11.61267729284307,11.66478,15.670000076293944,9.525400355566088,0.5430685877799988,0.19652777777777777,0.4714689254760742,0.25555555555555554,0.5104160308837891,0.23854166666666668
2022-03-06,1,16.8700008392334,11.479136117956351,11.895626,14.470000267028809,9.51515292612102,0.5579510927200317,0.28333333333333327,0.4547176659107208,0.22013888888888888,0.5246515870094299,0.2583333333333333
2022-03-07,1,16.90999984741211,12.00843472379986,11.924049,15.59000015258789,10.312585948680692,0.5801942348480225,0.3409722222222222,0.4687680900096893,0.30902777777777773,0.5559750199317932,0.32187499999999997
2022-03-08,1,16.700000762939453,12.552298638583139,11.961193,17.469999313354492,10.758442144603498,0.5685225129127502,0.4055555555555555,0.4800116121768951,0.3951388888888888,0.5517769455909729,0.38958333333333334
2022-03-09,1,17.600000381469727,12.113104320547862,12.0663,15.229999542236328,10.607311570319975,0.5682541131973267,0.4208333333333332,0.4701933562755584,0.3423611111111111,0.5636841058731079,0.36041666666666666
2022-03-10,1,15.050000190734863,12.133373836301626,11.99159,15.479999542236328,10.619567799173607,0.5422806739807129,0.39409722222222215,0.4856849014759063,0.3829861111111111,0.5485108494758606,0.3536458333333333
2022-03-11,1,14.65999984741211,13.056762473916429,12.065239,16.8700008392334,12.265607199413932,0.5452871918678284,0.5756944444444444,0.4836273193359375,0.6048611111111111,0.5595942139625549,0.5947916666666666
2022-03-12,1,14.989999771118164,13.2407826847715,12.232359,16.90999984741211,12.540650748819134,0.5357255935668945,0.715972222222222,0.505064070224762,0.7138888888888888,0.5605646371841431,0.6947916666666667
2022-03-13,1,16.389999389648438,13.167974917427212,12.288965,16.700000762939453,12.390848151776712,0.5216723084449768,0.7284722222222221,0.5291945338249207,0.7020833333333332,0.5497254729270935,0.6802083333333333
2022-03-14,1,14.390000343322754,13.200649620232678,12.169224,17.600000381469727,12.16132806237592,0.5367562174797058,0.6333333333333333,0.5049619078636169,0.6270833333333332,0.5502514839172363,0.60625
2022-03-15,1,14.15999984741211,12.980239333061885,12.280122,15.050000190734863,12.732990903920015,0.5247559547424316,0.7437499999999999,0.5178878307342529,0.7374999999999998,0.5555297136306763,0.7052083333333333
2022-03-16,1,15.020000457763672,12.484627748953383,12.072667,14.65999984741211,11.860397542296576,0.5144656896591187,0.4902777777777777,0.5243173837661743,0.5201388888888888,0.5548510551452637,0.46041666666666664
2022-03-17,1,14.65999984741211,12.521400861920307,12.077803,14.989999771118164,11.786149001981729,0.5137863755226135,0.49305555555555547,0.5175157785415649,0.5097222222222222,0.5821271538734436,0.45625
2022-03-18,1,13.90999984741211,12.938044238382885,12.225219,16.389999389648438,12.01399505593086,0.5033966302871704,0.6333333333333333,0.500719428062439,0.5958333333333333,0.5794020295143127,0.575
2022-03-19,1,15.359999656677246,12.70451195192496,12.34913,14.390000343322754,12.261572452141644,0.5244980454444885,0.6961805555555555,0.4945184886455536,0.6322916666666666,0.5605409741401672,0.6130208333333333
2022-03-20,1,14.020000457763672,12.524359184289,12.1618395,14.15999984741211,12.114373497552574,0.5206775069236755,0.5666666666666667,0.4789763689041137,0.5208333333333333,0.5709016919136047,0.5125000000000001
2022-03-21,1,12.34000015258789,12.786183423831812,12.148031,15.020000457763672,12.387196383676672,0.5179062485694885,0.6194444444444444,0.4979904294013977,0.6347222222222222,0.5751276612281799,0.5979166666666667
2022-03-22,1,10.510000228881836,12.703310933503225,12.211423,14.65999984741211,12.27834040173991,0.5083946585655212,0.6395833333333333,0.5013561844825745,0.6319444444444444,0.5666833519935608,0.5947916666666666
2022-03-23,1,11.68000030517578,12.503110378266445,12.183107,13.90999984741211,12.159669444243365,0.5017149448394775,0.5847222222222221,0.4947966933250427,0.5597222222222222,0.564671516418457,0.5208333333333334
2022-03-24,1,13.130000114440918,12.844762170090789,12.037835,15.359999656677246,12.494936493149703,0.5070690512657166,0.5680555555555555,0.4866371750831604,0.6263888888888888,0.5545697212219238,0.5958333333333333
2022-03-25,1,9.489999771118164,12.597584869548632,12.06161,14.020000457763672,12.489348803683322,0.5094169974327087,0.5465277777777777,0.4963401854038238,0.6069444444444444,0.5507495999336243,0.5531250000000001
2022-03-26,1,12.800000190734863,11.931481630733696,11.917264,12.34000015258789,11.743217204382006,0.4764844477176666,0.3097222222222222,0.4914845526218414,0.38125,0.5369318127632141,0.2895833333333333
2022-03-27,1,10.760000228881836,11.579550489860065,11.837716,10.510000228881836,11.823889421441754,0.4680544137954712,0.24201388888888886,0.4841092228889465,0.32881944444444444,0.547410786151886,0.22552083333333334
2022-03-28,1,9.760000228881836,11.908560116863622,11.754765,11.68000030517578,12.195859529179115,0.4892896711826324,0.24965277777777772,0.4720686078071594,0.36423611111111104,0.5241836309432983,0.2953125
2022-03-29,1,11.40999984741211,12.074656324640333,11.74721,13.130000114440918,11.915361544960414,0.4966999292373657,0.2510416666666666,0.4692133665084839,0.3378472222222222,0.5012639760971069,0.30156249999999996
2022-03-30,1,12.770000457763672,11.409073684689417,11.785625,9.489999771118164,11.94499041175064,0.4746007919311523,0.20902777777777776,0.464897871017456,0.2631944444444444,0.4957021474838257,0.20729166666666668
2022-03-31,1,13.25,12.023763512907443,11.56467,12.800000190734863,12.152125376014606,0.4858341217041015,0.21631944444444443,0.4676644206047058,0.34687499999999993,0.498169481754303,0.29947916666666663
2022-04-01,1,12.489999771118164,11.828914885255848,11.922435,10.760000228881836,12.258162084355687,0.4738057851791382,0.35138888888888886,0.4866156876087188,0.44166666666666665,0.531096339225769,0.3416666666666667
2022-04-02,1,14.949999809265137,11.576888727100567,11.784527,9.760000228881836,12.251739919198068,0.4690322577953338,0.2534722222222222,0.4681202471256256,0.3430555555555555,0.4878589510917663,0.278125
2022-04-03,1,17.18000030517578,11.488838270984658,11.607401,11.40999984741211,11.394874412628674,0.4867248833179474,0.1222222222222222,0.4687235653400421,0.21249999999999997,0.4751466810703277,0.14583333333333331
2022-04-04,1,15.300000190734863,11.797422703990012,11.756907,12.770000457763672,11.35671399409195,0.488402396440506,0.19618055555555552,0.481458306312561,0.29270833333333335,0.4822089970111847,0.21302083333333333
2022-04-05,1,14.350000381469728,11.923723563619685,11.827805,13.25,11.368493729501674,0.4928982555866241,0.27083333333333326,0.4732665419578552,0.3118055555555555,0.4603511095046997,0.27499999999999997
2022-04-06,1,14.050000190734863,11.812008829813248,11.876534,12.489999771118164,11.4004225427007,0.4704663455486297,0.2722222222222222,0.4529569149017334,0.23888888888888887,0.4850318133831024,0.2520833333333333
2022-04-07,1,12.720000267028809,12.3111390202551,11.985345,14.949999809265137,11.358226898537067,0.4785898625850677,0.4121527777777777,0.465028703212738,0.36006944444444444,0.4856396019458771,0.3828125
2022-04-08,1,14.56999969482422,12.70023967233216,12.073435,17.18000030517578,11.165514612284031,0.4895554482936859,0.48124999999999996,0.44179368019104,0.3423611111111111,0.4850833117961883,0.4447916666666667
2022-04-09,1,13.6899995803833,12.516387022225274,12.290324,15.300000190734863,11.378901337973918,0.493112564086914,0.6041666666666665,0.4524956047534942,0.39444444444444443,0.5060727000236511,0.4895833333333333
2022-04-10,1,15.920000076293944,12.386416708558235,12.219436,14.350000381469728,11.592478169230503,0.4898520112037658,0.5576388888888888,0.4580690860748291,0.4020833333333333,0.5185741186141968,0.4635416666666667
2022-04-11,1,11.75,12.805401917175299,12.148936,14.050000190734863,12.921626937217727,0.5116068124771118,0.6559027777777777,0.4605841934680938,0.6100694444444443,0.5358469486236572,0.6505208333333333
2022-04-12,1,11.920000076293944,12.400610386782207,12.211731,12.720000267028809,12.453404756788888,0.4969077110290527,0.5996527777777777,0.4670206308364868,0.5232638888888888,0.5629299283027649,0.5328124999999999
2022-04-13,1,13.100000381469728,12.689253643985595,11.927922,14.56999969482422,12.605378718050073,0.5135583877563477,0.4993055555555555,0.4650195240974426,0.54375,0.5168836712837219,0.5572916666666667
2022-04-14,1,13.5,12.389806047289945,11.942578,13.6899995803833,12.24284083394446,0.5340930819511414,0.4402777777777777,0.4695628583431244,0.46944444444444433,0.5345329642295837,0.4604166666666667
2022-04-15,1,13.239999771118164,12.783639093043947,11.930631,15.920000076293944,12.17509270609339,0.5369557738304138,0.47499999999999987,0.4879108369350433,0.5562499999999999,0.5506481528282166,0.5166666666666666
2022-04-16,1,13.75,11.686474605975615,11.917269,11.75,11.395068215685988,0.5185427665710449,0.2708333333333333,0.4817137122154236,0.30902777777777773,0.5305920243263245,0.22916666666666666
2022-04-17,1,17.639999389648438,11.687746977734973,11.576393,11.920000076293944,11.696893653407331,0.5017634630203247,0.1486111111111111,0.4710661172866821,0.2631944444444444,0.5179979801177979,0.19375
2022-04-18,1,11.220000267028809,11.920901295156142,11.59233,13.100000381469728,11.700994459050012,0.5141394734382629,0.190625,0.4829092025756836,0.33576388888888886,0.5182910561561584,0.25260416666666663
2022-04-19,1,11.229999542236328,11.770375408224513,11.622743,13.5,11.071649571589347,0.5011032819747925,0.17465277777777777,0.4767527282238006,0.27604166666666663,0.5189594626426697,0.21822916666666667
2022-04-20,1,13.460000038146973,11.729132827475782,11.65988,13.239999771118164,11.051608786564849,0.4960752725601196,0.175,0.4830257594585418,0.2868055555555555,0.5150894522666931,0.20833333333333334
2022-04-21,1,14.5,11.808175130975993,11.648686,13.75,11.016687968811986,0.5126997828483582,0.1857638888888889,0.4856779277324676,0.30451388888888886,0.5401565432548523,0.2265625
2022-04-22,1,11.6899995803833,12.845042039300708,11.809667,17.639999389648438,11.612360283340143,0.5188930630683899,0.3506944444444444,0.4986023604869842,0.467361111111111,0.5513830184936523,0.4114583333333333
2022-04-23,1,11.68000030517578,11.572182533104236,12.098917,11.220000267028809,11.155697390884216,0.5204836130142212,0.36840277777777775,0.516137421131134,0.3524305555555555,0.5492002964019775,0.2526041666666667
2022-04-24,1,11.09000015258789,11.178150703273868,11.614867,11.229999542236328,10.660920449975745,0.5084431767463684,0.09027777777777776,0.5182602405548096,0.23819444444444443,0.5089409351348877,0.09375
2022-04-25,1,8.229999542236328,11.373820046217062,11.541668,13.460000038146973,10.141901102246305,0.5058044791221619,0.1277777777777778,0.5154794454574585,0.2805555555555555,0.5117939114570618,0.16874999999999998
2022-04-26,1,7.599999904632568,11.70890971905142,11.682269,14.5,10.343335387509976,0.5020570158958435,0.1909722222222222,0.5127307176589966,0.32083333333333325,0.5346634387969971,0.22812500000000002
2022-04-27,1,10.039999961853027,11.02832143730371,11.810535,11.6899995803833,9.817492107730592,0.4804935455322265,0.1548611111111111,0.4931379556655884,0.2270833333333333,0.5314598679542542,0.115625
2022-04-28,1,9.170000076293944,10.985544128074459,11.64825,11.68000030517578,9.892771933607564,0.4805072844028473,0.09131944444444443,0.4830131530761719,0.19131944444444443,0.5310198068618774,0.08697916666666666
2022-04-29,1,10.489999771118164,11.206152195927787,11.704826,11.09000015258789,10.703220188016497,0.490694910287857,0.11493055555555554,0.4973941445350647,0.23645833333333333,0.5475925207138062,0.10572916666666667
2022-04-30,1,9.1899995803833,10.580462296587447,11.631181,8.229999542236328,10.573635132423888,0.4933592975139618,0.06458333333333333,0.4810438454151153,0.16666666666666666,0.5166558027267456,0.051041666666666666
2022-05-01,1,9.34000015258789,10.014670789093639,11.441548,7.599999904632568,9.616769369054524,0.4949494898319244,0.013194444444444443,0.4901673197746277,0.15347222222222218,0.4923480153083801,0.009375
2022-05-02,1,10.279999732971191,10.539013869934426,11.372715,10.039999961853027,9.850607052651355,0.4808430075645447,0.017361111111111112,0.477736085653305,0.13541666666666666,0.4920591115951538,0.02395833333333333
2022-05-03,1,10.579999923706056,10.569583281825999,11.645566,9.170000076293944,10.058894326646278,0.4945672750473022,0.0611111111111111,0.4836244881153106,0.16527777777777775,0.4880292117595672,0.04375
2022-05-04,1,12.710000038146973,10.779649006010557,11.488904,10.489999771118164,10.126561755218631,0.4763385653495788,0.040972222222222215,0.4696058630943298,0.12708333333333333,0.4559831917285919,0.04479166666666666
2022-05-05,1,12.640000343322754,10.62296130909743,11.473452,9.1899995803833,10.382640146189106,0.4912919700145721,0.035416666666666666,0.4575547873973846,0.08888888888888888,0.4780691266059875,0.03854166666666667
2022-05-06,1,12.720000267028809,10.696249042146679,11.326561,9.34000015258789,10.665272534341089,0.4978056252002716,0.02986111111111111,0.4642933905124664,0.11666666666666665,0.4781765937805176,0.04479166666666667
2022-05-07,1,13.369999885559082,11.506948125231931,11.437462,10.279999732971191,12.198594212248228,0.4459699988365173,0.15902777777777777,0.4867001473903656,0.3638888888888888,0.4479360282421112,0.23020833333333335
2022-05-08,1,12.9399995803833,11.643579745114529,11.614119,10.579999923706056,12.208512994072612,0.4474401175975799,0.19652777777777777,0.473933070898056,0.34548611111111105,0.4424521923065185,0.2552083333333333
2022-05-09,1,15.800000190734863,12.151168052627085,11.851825,12.710000038146973,12.208512994072612,0.4330847859382629,0.34583333333333327,0.4775376617908478,0.4364583333333333,0.4250105321407318,0.375
2022-05-10,1,13.31999969482422,12.156558234276034,11.852504,12.640000343322754,12.256898193313216,0.4468614459037781,0.35312499999999997,0.4502719938755035,0.3656249999999999,0.4291999340057373,0.38385416666666666
2022-05-11,1,11.739999771118164,12.171915696391732,11.946839,12.720000267028809,12.15108469451389,0.4283634126186371,0.3940972222222222,0.4752570390701294,0.42604166666666665,0.4359632730484009,0.3828125
2022-05-12,1,11.899999618530272,12.333142801327064,11.943902,13.369999885559082,12.252610160704004,0.410130113363266,0.43749999999999994,0.434441477060318,0.3881944444444444,0.4540037810802459,0.45416666666666666
2022-05-13,1,13.989999771118164,12.361853884979464,12.178961,12.9399995803833,12.278535532879443,0.4360526502132416,0.5833333333333333,0.4416019916534424,0.4472222222222222,0.4325743913650512,0.5208333333333333
2022-05-14,1,13.140000343322754,13.05345413123336,12.358665,15.800000190734863,12.46181887412014,0.4323035478591919,0.7486111111111111,0.4242473840713501,0.5493055555555555,0.4482018053531647,0.6875
2022-05-15,1,13.199999809265137,12.49046206130049,12.6034155,13.31999969482422,11.94862062600168,0.4567826092243194,0.6614583333333331,0.4161513447761535,0.39479166666666665,0.4651928246021271,0.5171875
2022-05-16,1,12.84000015258789,11.99716619403786,12.381428,11.739999771118164,11.6934548737903,0.4606305956840515,0.5576388888888888,0.4008342623710632,0.2965277777777778,0.4911351501941681,0.3885416666666667
2022-05-17,1,12.779999732971191,11.91832532507528,12.2717705,11.899999618530272,11.529862356557478,0.4569588899612427,0.5138888888888887,0.4194666445255279,0.2784722222222222,0.5015401244163513,0.36458333333333337
2022-05-18,1,13.420000076293944,12.54061041955894,12.321292,13.989999771118164,12.062648965783138,0.4534464180469513,0.6402777777777777,0.4247080385684967,0.4229166666666666,0.5081437826156616,0.5395833333333333
2022-05-19,1,12.90999984741211,12.241280183274576,12.236599,13.140000343322754,11.797186434434384,0.4723529815673828,0.5569444444444444,0.4161577224731445,0.34374999999999994,0.4977706968784332,0.44791666666666663
2022-05-20,1,14.4399995803833,12.212177458518028,12.001727,13.199999809265137,11.955023048977257,0.4707634449005127,0.4274305555555555,0.4329537153244018,0.3260416666666666,0.5116905570030212,0.3973958333333333
2022-05-21,1,13.75,12.039605957959186,11.905719,12.84000015258789,11.79003168834892,0.471155434846878,0.3260416666666667,0.4793927371501922,0.37534722222222217,0.5238295793533325,0.3182291666666667
2022-05-22,1,13.8100004196167,12.256728249704498,11.812611,12.779999732971191,12.494724413988711,0.4561433792114258,0.3618055555555555,0.4750946760177612,0.47777777777777775,0.4976471960544586,0.421875
2022-05-23,1,16.479999542236328,12.419717369219425,11.825373,13.420000076293944,12.58821343105402,0.4533747434616089,0.4083333333333333,0.4770528972148895,0.5305555555555554,0.4884378314018249,0.48333333333333334
2022-05-24,1,15.800000190734863,12.078187300310173,11.777104,12.90999984741211,12.000999739608153,0.4681565463542938,0.2770833333333333,0.4574111104011535,0.31875,0.471325546503067,0.31770833333333337
2022-05-25,1,12.420000076293944,12.280101103335692,11.820688,14.4399995803833,11.71699160606454,0.4660223722457886,0.32152777777777775,0.4744414091110229,0.3840277777777777,0.4906187355518341,0.3572916666666667
2022-05-26,1,13.5,12.383061781524267,11.96953,13.75,12.164815926501204,0.4693845510482788,0.45312499999999994,0.4673231244087219,0.45104166666666656,0.5051245093345642,0.4546875
2022-05-27,1,12.920000076293944,12.267802294035615,12.051163,13.8100004196167,11.740422437035138,0.4307357966899872,0.4430555555555555,0.4768402576446533,0.42361111111111105,0.476233422756195,0.4041666666666667
2022-05-28,1,13.510000228881836,12.532804222603684,12.026101,16.479999542236328,11.129247688216507,0.4530836343765259,0.44722222222222213,0.4635665118694305,0.3715277777777778,0.5142409801483154,0.41666666666666663
2022-05-29,1,12.239999771118164,12.66017596547781,12.217002,15.800000190734863,11.58883456401182,0.4709369540214538,0.5812499999999999,0.4896878898143768,0.5138888888888888,0.5397139191627502,0.5010416666666666
2022-05-30,1,10.239999771118164,11.886654828096686,12.174105,12.420000076293944,11.29660076060683,0.4886302649974823,0.44826388888888885,0.4862975776195526,0.3795138888888888,0.5456254482269287,0.3265625
2022-05-31,1,9.779999732971191,11.899563420110212,11.888868,13.5,11.11137747778931,0.4787830114364624,0.29409722222222223,0.4841552674770355,0.34131944444444445,0.5326422452926636,0.2807291666666667
2022-06-01,1,8.760000228881836,12.049666342828019,12.177004,12.920000076293944,11.471244611776577,0.4785354733467102,0.4854166666666666,0.4849424362182617,0.41874999999999996,0.5730237364768982,0.378125
2022-06-02,1,9.5,12.065092850375219,12.074577,13.510000228881836,11.331969492794036,0.474013090133667,0.42361111111111105,0.4648656249046325,0.33819444444444446,0.5317524671554565,0.35625
2022-06-03,1,13.8100004196167,11.789490361589152,12.024073,12.239999771118164,11.300330188612442,0.4918194413185119,0.34583333333333327,0.4656223654747009,0.2826388888888889,0.5521676540374756,0.26875
2022-06-04,1,13.989999771118164,11.481296251472372,11.919748,10.239999771118164,11.608686274555897,0.4826080501079559,0.26249999999999996,0.4660685658454895,0.2597222222222222,0.5524242520332336,0.21458333333333335
2022-06-05,1,13.15999984741211,11.663503395414867,11.75864,9.779999732971191,12.498226546478431,0.4926412105560303,0.2701388888888888,0.4750469028949737,0.41180555555555554,0.5540778636932373,0.32187499999999997
2022-06-06,1,11.899999618530272,10.860103516938214,11.52439,8.760000228881836,11.162832867521894,0.4960162043571472,0.0673611111111111,0.4361806213855743,0.08958333333333332,0.5395548939704895,0.08020833333333333
2022-06-07,1,12.109999656677246,11.267434688871436,11.432354,9.5,11.965617808287524,0.4776241183280945,0.11388888888888887,0.4542830288410187,0.20624999999999996,0.5116078853607178,0.16458333333333333
2022-06-16,2,11.960000038146973,10.639864010130857,11.90863,9.3100004196167,11.264857606273267,0.4497575461864471,0.10618479880774964,0.4749266803264618,0.15163934426229508,0.4630005061626434,0.11721311475409836
2022-06-17,2,13.960000038146973,11.959966997417535,11.773899,11.399999618530272,12.623305485981207,0.464523047208786,0.3375558867362146,0.4710617959499359,0.37880562060889933,0.4673035442829132,0.3795081967213115
2022-06-18,2,13.329999923706056,11.739364856443686,12.009766,10.920000076293944,12.408506779062144,0.4543154537677765,0.2682563338301044,0.4671031236648559,0.310304449648712,0.460375964641571,0.3114754098360656
2022-06-19,2,13.06999969482422,11.703824734286837,12.017198,10.960000038146973,12.273553171697166,0.4743562936782837,0.2911698956780924,0.4568486213684082,0.30620608899297425,0.4907164275646209,0.3040983606557377
2022-06-20,2,11.829999923706056,11.229111117910978,12.072802,10.970000267028809,11.019504812077024,0.4558417201042175,0.23304769001490314,0.445034384727478,0.22950819672131148,0.4847869575023651,0.15491803278688523
2022-06-21,2,11.710000038146973,11.564015664578374,12.089738,11.960000038146973,10.875963326886652,0.4614390730857849,0.3617734724292102,0.4464689195156097,0.33723653395784553,0.4760002195835113,0.21967213114754103
2022-06-22,2,12.039999961853027,12.697851616053274,12.189539,13.960000038146973,11.718099091766948,0.4646899998188019,0.6266766020864382,0.4359852969646454,0.5843091334894615,0.483512818813324,0.4663934426229508
2022-06-23,2,9.34000015258789,12.047944686162584,12.54049,13.329999923706056,10.492253163153876,0.4437420070171356,0.5283159463487332,0.4204577505588531,0.44847775175644033,0.47350013256073,0.2991803278688525
2022-06-24,2,9.100000381469728,11.932788818765816,12.534375,13.06999969482422,10.461363397577308,0.4522008001804352,0.4880774962742176,0.4009698927402496,0.3834894613583139,0.4704316854476928,0.2639344262295082
2022-06-25,2,12.710000038146973,11.453560844159963,12.551251,11.829999923706056,10.46729390025829,0.4584924578666687,0.3524590163934426,0.4095851182937622,0.2640515222482436,0.4847165942192077,0.17704918032786884
2022-06-26,2,12.9399995803833,11.422954920784095,12.419964,11.710000038146973,10.58201587052349,0.4643330872058868,0.3343889716840536,0.4087143242359161,0.24824355971896958,0.4892756640911102,0.17131147540983604
2022-06-27,2,10.06999969482422,11.453453825644765,12.182896,12.039999961853027,10.461662037016929,0.4676827192306518,0.3768628912071535,0.4222705960273742,0.30971896955503514,0.4675256907939911,0.19672131147540986
2022-06-28,2,9.039999961853027,10.632651929339527,12.362464,9.34000015258789,10.964297000168674,0.4702704846858978,0.13636363636363638,0.4258184432983398,0.09836065573770492,0.4843277931213379,0.0721311475409836
2022-06-29,2,11.09000015258789,10.792536989109452,11.978809,9.100000381469728,11.82603359069887,0.4294435679912567,0.10823397913561848,0.413493663072586,0.12646370023419207,0.4485567212104797,0.1762295081967213
2022-06-30,2,11.739999771118164,12.06354328124382,11.85735,12.710000038146973,11.531638347253896,0.424964964389801,0.4320044709388972,0.4182981848716736,0.4197892271662764,0.4454876482486725,0.35409836065573774
2022-07-01,2,11.619999885559082,12.349011222746325,12.26734,12.9399995803833,11.803395766635084,0.4417970776557922,0.5,0.4369760751724243,0.487704918032787,0.451560765504837,0.4032786885245902
2022-07-02,2,13.140000343322754,11.003542054874382,12.290599,10.06999969482422,11.222052778743643,0.4527109563350677,0.16859165424739198,0.4270682632923126,0.15690866510538642,0.4659537374973297,0.13688524590163934
2022-07-03,2,10.84000015258789,10.432595031588097,11.934057,9.039999961853027,10.991044563316551,0.4304738640785217,0.07041728763040238,0.4257713258266449,0.08957845433255271,0.4529237449169159,0.0680327868852459
2022-07-04,2,11.600000381469728,11.457717690303248,11.831776,11.09000015258789,11.617625055964853,0.4172497987747192,0.23248882265275708,0.4268392324447632,0.26288056206088994,0.4307116866111755,0.23770491803278687
2022-07-05,2,11.350000381469728,11.758738560042023,12.070468,11.739999771118164,11.604294326767,0.4377380609512329,0.33383010432190763,0.4325226843357086,0.34192037470726,0.4434125423431396,0.2860655737704918
2022-07-06,2,12.84000015258789,11.538448887345215,12.178253,11.619999885559082,11.101451159878684,0.4591355323791504,0.32078986587183306,0.4280751943588257,0.29156908665105385,0.4634972214698791,0.21885245901639344
2022-07-07,2,10.850000381469728,12.16466995296933,12.277779,13.140000343322754,11.126501203154422,0.4473834633827209,0.5022354694485842,0.4138213694095611,0.4396955503512881,0.4704097509384155,0.3401639344262295
2022-07-08,2,12.229999542236328,11.259794995015529,12.407602,10.84000015258789,11.04191927911846,0.4581021964550018,0.22671385991058124,0.4186518788337707,0.17798594847775176,0.4725797474384308,0.14344262295081966
2022-07-09,2,13.619999885559082,11.533496097453394,12.155995,11.600000381469728,11.121159089800056,0.4651989638805389,0.3241430700447094,0.4187515079975128,0.2734192037470726,0.4726484417915344,0.219672131147541
2022-07-10,2,12.579999923706056,11.444934419914498,12.287388,11.350000381469728,11.071838691645098,0.4678122997283935,0.29880774962742185,0.4285951256752014,0.2570257611241218,0.4750281274318695,0.19098360655737706
2022-07-11,2,12.600000381469728,12.050717571003702,12.201501,12.84000015258789,11.177666417754898,0.4565600454807281,0.466467958271237,0.4266014397144317,0.42213114754098363,0.4591254591941833,0.3188524590163935
2022-07-12,2,11.390000343322754,11.328126488998889,12.351932,10.850000381469728,11.237471757082986,0.4808343350887298,0.2690014903129657,0.4325950443744659,0.22423887587822017,0.488555759191513,0.1819672131147541
2022-07-13,2,12.109999656677246,11.788457214626007,12.103344,12.229999542236328,11.171977784030132,0.4548884630203247,0.3986587183308495,0.4259828329086303,0.36651053864168615,0.4525433182716369,0.2786885245901639
2022-07-14,2,9.710000038146973,12.545476465475605,12.28027,13.619999885559082,11.61828997065635,0.4668857455253601,0.587183308494784,0.413629412651062,0.5087822014051523,0.4713203012943268,0.4254098360655738
2022-07-15,2,12.020000457763672,11.828776756033745,12.431905,12.579999923706056,10.742482341713512,0.4574082195758819,0.440946348733234,0.4208261966705322,0.36826697892271665,0.4687578976154327,0.2557377049180328
2022-07-16,2,11.899999618530272,12.125526534220008,12.294643,12.600000381469728,11.557099094870292,0.4578846395015716,0.4722429210134128,0.4064196050167084,0.4010538641686183,0.4721666872501373,0.35163934426229504
2022-07-17,2,11.050000190734863,11.380940967008264,12.294005,11.390000343322754,10.864623794587253,0.4521767199039459,0.2799925484351714,0.4094534814357757,0.2213114754098361,0.4671161472797394,0.16557377049180327
2022-07-18,2,11.920000076293944,11.53890321267195,11.946071,12.109999656677246,10.74160244237329,0.4556655287742615,0.36903874813710885,0.4236407876014709,0.32903981264637006,0.4342746436595917,0.2237704918032787
2022-07-19,2,11.479999542236328,10.602181297330938,12.226596,9.710000038146973,10.591909943920978,0.4495573043823242,0.12518628912071536,0.4306869208812713,0.11533957845433257,0.4618252217769623,0.05655737704918033
2022-07-20,2,10.609999656677246,11.525545645436999,11.978891,12.020000457763672,10.77923230279755,0.4547789990901947,0.3591654247391952,0.391044557094574,0.2909836065573771,0.4337768852710724,0.22131147540983606
2022-07-21,2,9.40999984741211,11.523682428683804,12.261323,11.899999618530272,10.737564921439446,0.4357325136661529,0.3325260804769002,0.3763673305511474,0.26405152224824363,0.4502723813056946,0.1975409836065574
2022-07-22,2,10.84000015258789,11.17785010393538,12.245529,11.050000190734863,10.712545074877776,0.4412640631198883,0.22876304023845007,0.3745675981044769,0.1674473067915691,0.4619028270244598,0.12868852459016394
2022-07-23,2,10.359999656677246,11.495521755732351,12.091926,11.920000076293944,10.73970774391095,0.4469741880893707,0.33792846497764534,0.4058375954627991,0.28044496487119447,0.4599601626396179,0.20409836065573772
2022-07-24,2,12.710000038146973,11.299474091391154,12.1159,11.479999542236328,10.66537869131884,0.4412887692451477,0.27384500745156487,0.4120407700538635,0.23009367681498832,0.4509937465190887,0.15901639344262297
2022-07-25,2,11.0,11.110636397121638,12.070072,10.609999656677246,11.078253358189158,0.4582015872001648,0.19113263785394935,0.4073556065559387,0.14988290398126464,0.4578368663787842,0.13934426229508196
2022-07-26,2,11.68000030517578,10.570025133796033,12.049455,9.40999984741211,10.908144938955529,0.4487254321575165,0.10096870342771984,0.4062951207160949,0.07259953161592506,0.451989084482193,0.07131147540983607
2022-07-27,2,11.720000267028809,11.23128296408496,11.938585,10.84000015258789,11.22962020007367,0.450615793466568,0.2073397913561848,0.4045350253582001,0.17740046838407497,0.4487811326980591,0.17540983606557375
2022-07-28,2,13.979999542236328,11.068954662935152,11.971235,10.359999656677246,11.27664281526814,0.451391339302063,0.17138599105812222,0.4266960620880127,0.17681498829039816,0.4486280083656311,0.1598360655737705
2022-07-29,2,15.369999885559082,11.821928362183005,11.873376,12.710000038146973,10.905274665209594,0.4526359438896179,0.4286512667660209,0.4340004920959472,0.4086651053864169,0.4459450542926788,0.27786885245901644
2022-07-30,2,13.75,11.52639746250556,12.172849,11.0,11.693655181958649,0.4747829139232635,0.28763040238450077,0.4305264353752136,0.26405152224824363,0.4721389412879944,0.24344262295081967
2022-07-31,2,12.579999923706056,11.499355879747167,12.005435,11.68000030517578,11.037556387511424,0.4571554660797119,0.3101713859910581,0.4133960902690887,0.26522248243559726,0.4530032873153686,0.20655737704918034
2022-08-01,2,11.470000267028809,11.772769215712499,12.119894,11.720000267028809,11.63269106201424,0.4745054841041565,0.37220566318926973,0.4239516854286194,0.32903981264637006,0.4822081625461578,0.2918032786885246
2022-08-02,2,10.789999961853027,12.711262235778086,12.180526,13.979999542236328,11.737378393641006,0.459444135427475,0.6253725782414308,0.4090571999549866,0.5515222482435598,0.4762686789035797,0.4713114754098361
2022-08-03,2,11.84000015258789,13.454209771449214,12.416602,15.369999885559082,12.114868419255572,0.486300528049469,0.7649031296572281,0.4319393336772918,0.6756440281030446,0.4994460642337799,0.5565573770491803
2022-08-04,2,11.920000076293944,12.83357797971603,12.698081,13.75,11.992432059274298,0.4785990118980407,0.65424739195231,0.4224098324775696,0.560304449648712,0.5020002722740173,0.4795081967213115
2022-08-05,2,9.100000381469728,12.24665152039358,12.619769,12.579999923706056,11.706015628410867,0.4902006089687347,0.5244038748137109,0.4178163707256317,0.4156908665105387,0.509045422077179,0.3663934426229508
2022-08-06,2,10.850000381469728,11.818660034575402,12.468439,11.470000267028809,11.80633148799722,0.491957813501358,0.38468703427719825,0.4209018349647522,0.303864168618267,0.4963549971580505,0.29180327868852457
2022-08-07,2,10.130000114440918,11.161040181589026,12.310286,10.789999961853027,10.893610502207814,0.5020849108695984,0.25670640834575265,0.4117569923400879,0.1510538641686183,0.5093945860862732,0.11885245901639345
2022-08-08,2,9.899999618530272,11.876409849738835,12.181189,11.84000015258789,11.74349779674469,0.4889977574348449,0.41766020864381515,0.4238744676113128,0.35070257611241223,0.4998606145381927,0.3188524590163935
2022-08-09,2,8.880000114440918,11.892329458959868,12.265063,11.920000076293944,11.657584652159054,0.4820799827575683,0.42138599105812224,0.4199876487255096,0.34894613583138184,0.4934881627559662,0.3122950819672131
2022-08-10,2,7.510000228881836,10.93787969086636,12.228955,9.100000381469728,12.058494939633189,0.4773174524307251,0.17194485842026827,0.4305483698844909,0.16159250585480095,0.4825073182582855,0.1959016393442623
2022-08-11,2,7.96999979019165,11.21501431147998,11.77137,10.850000381469728,11.270941747867994,0.4442720413208008,0.20417287630402386,0.4243465363979339,0.2125292740046839,0.4551215171813965,0.18688524590163935
2022-08-12,2,10.8100004196167,11.04091439484067,11.901345,10.130000114440918,11.473811672374124,0.4548987746238708,0.161698956780924,0.4202292263507843,0.1563231850117096,0.4669748842716217,0.15901639344262294
2022-08-13,2,10.510000228881836,10.933936097703732,11.7550335,9.899999618530272,11.511707353379265,0.4467363953590393,0.1389716840536513,0.4322824478149414,0.17037470725995318,0.4566096663475036,0.1598360655737705
2022-08-14,2,8.859999656677246,10.34257155646711,11.6982355,8.880000114440918,11.051996363197253,0.4447700679302215,0.07283904619970194,0.4246449470520019,0.09016393442622953,0.4578144252300262,0.0778688524590164
2022-08-15,2,9.420000076293944,9.984054323636418,11.667241,7.510000228881836,11.52300470930012,0.4342232644557953,0.06184798807749628,0.4125068485736847,0.08079625292740047,0.4531267285346985,0.11967213114754097
2022-08-16,2,9.739999771118164,10.077865434964378,11.344574,7.96999979019165,11.48200409916176,0.4468966722488403,0.06967213114754099,0.4208907783031463,0.09484777517564405,0.4509493708610534,0.1180327868852459
2022-08-17,2,10.25,11.20563337162699,11.422857,10.8100004196167,11.480586530096714,0.4399751126766205,0.1855439642324888,0.3949234187602997,0.1762295081967213,0.4578257203102112,0.19098360655737706
2022-08-18,2,12.0,11.044749823934328,11.765308,10.510000228881836,11.179189321172558,0.4398741722106933,0.15909090909090912,0.4137561619281769,0.15925058548009371,0.4538801908493042,0.14918032786885246
2022-08-19,2,9.619999885559082,10.450422184628339,11.720886,8.859999656677246,11.335031481817396,0.4320007264614105,0.0730253353204173,0.4052752256393432,0.08079625292740047,0.4490358233451843,0.11721311475409836
2022-08-20,2,9.979999542236328,10.506607538941159,11.494749,9.420000076293944,11.044247523222351,0.4308614134788513,0.07824143070044709,0.395296961069107,0.07611241217798595,0.4348926544189453,0.08770491803278688
2022-08-21,2,10.619999885559082,10.715030277800489,11.6265135,9.739999771118164,11.183681216594197,0.4329453110694885,0.11382265275707901,0.3848508596420288,0.10655737704918036,0.449268102645874,0.1278688524590164
2022-08-22,2,12.520000457763672,10.962900812203294,11.643883,10.25,11.297478186741753,0.4356662929058075,0.14120715350223548,0.386795312166214,0.132903981264637,0.4528504908084869,0.15737704918032785
2022-08-23,2,13.149999618530272,12.035160228198917,11.773881,12.0,12.215475583175008,0.4316490590572357,0.3714605067064084,0.4011730849742889,0.36299765807962536,0.436655580997467,0.3737704918032787
2022-08-24,2,11.300000190734863,10.910210696864713,11.853651,9.619999885559082,11.676288006428514,0.4248876869678497,0.1205290611028316,0.418780118227005,0.14695550351288056,0.4152816534042358,0.17295081967213113
2022-08-25,2,11.579999923706056,11.141649943755871,11.671818,9.979999542236328,12.008762536250895,0.4216023981571197,0.14157973174366617,0.4247117638587951,0.18793911007025763,0.4255454540252685,0.21803278688524588
2022-08-26,2,9.739999771118164,11.371779527266835,11.712374,10.619999885559082,11.934340017456163,0.4323195815086365,0.18554396423248884,0.4132439792156219,0.202576112412178,0.4383762776851654,0.2319672131147541
2022-08-27,2,6.860000133514404,12.256760093174123,11.850367,12.520000457763672,12.219293669236862,0.4348844885826111,0.43386736214605065,0.3874439597129822,0.4098360655737705,0.4347382187843323,0.41147540983606556
2022-08-28,2,8.569999694824219,12.571499053876481,12.125008,13.149999618530272,12.241049074709624,0.4484805464744568,0.5357675111773472,0.4030927419662475,0.487704918032787,0.4528916180133819,0.4672131147540983
2022-08-29,2,11.5600004196167,11.990782014471481,12.199038,11.300000190734863,12.565866068470031,0.4325887858867645,0.30700447093889716,0.4091077446937561,0.30503512880562067,0.4350231885910034,0.360655737704918
2022-08-30,2,9.6899995803833,11.826362382837058,11.935141,11.579999923706056,12.012292276877533,0.4294869601726532,0.3111028315946349,0.4187665581703186,0.319672131147541,0.4320463240146637,0.3188524590163934
2022-08-31,2,11.270000457763672,11.077054321906871,11.896462,9.739999771118164,11.958882384866063,0.4393826425075531,0.15108047690014903,0.4396919310092926,0.1973067915690867,0.4269128143787384,0.20901639344262296
2022-09-01,2,10.06999969482422,9.988200231838,11.780071,6.860000133514404,12.120916570071593,0.4329589903354645,0.07935916542473921,0.4414221942424774,0.14285714285714288,0.4290221631526947,0.180327868852459
2022-09-02,2,10.800000190734863,10.63321869761577,11.37104,8.569999694824219,12.286536976860525,0.4386152625083923,0.09910581222056633,0.4356647431850433,0.16627634660421547,0.4259606301784515,0.21721311475409835
2022-09-03,2,6.309999942779541,11.949211365951978,11.556408,11.5600004196167,12.556646404482798,0.4209162294864654,0.31222056631892703,0.430172324180603,0.3653395784543326,0.4216710031032562,0.37868852459016394
2022-09-04,2,9.619999885559082,11.05059674426209,11.884132,9.6899995803833,11.94811876606426,0.4194770455360412,0.13152011922503726,0.4463119506835937,0.19203747072599534,0.4193894565105438,0.2012295081967213
2022-09-05,2,11.6899995803833,11.701038816148088,11.618003,11.270000457763672,12.17820818350366,0.4171940684318542,0.24683308494783907,0.4359210431575775,0.30386416861826704,0.4161292016506195,0.2967213114754098
2022-09-06,2,10.960000038146973,11.108179397738972,11.465012,10.06999969482422,11.94811876606426,0.4140852987766266,0.13729508196721313,0.5042825937271118,0.24297423887587824,0.395108550786972,0.21188524590163935
2022-09-07,2,12.899999618530272,11.556211654864537,11.70968,10.800000190734863,12.227162927252282,0.3886583149433136,0.19709388971684055,0.4790936708450317,0.2857142857142858,0.4150468111038208,0.2778688524590164
2022-09-08,2,15.260000228881836,9.946326730938042,11.908408,6.309999942779541,12.492608369617676,0.3832446634769439,0.07935916542473921,0.4277375638484955,0.1469555035128806,0.4152921736240387,0.22131147540983606
2022-09-09,2,10.699999809265137,11.05210402490083,11.371031,9.619999885559082,12.307026511409704,0.4074732661247253,0.1276080476900149,0.3979295492172241,0.16100702576112413,0.4430908858776092,0.24672131147540982
2022-09-10,2,11.899999618530272,12.02539241093061,11.714425,11.6899995803833,12.53354491421715,0.4172439277172088,0.3295454545454546,0.4155450165271759,0.3559718969555036,0.4503674805164337,0.3844262295081967
2022-09-11,2,14.329999923706056,11.801848863707738,11.93757,10.960000038146973,12.568297057995023,0.4107037782669067,0.25055886736214605,0.4084606170654297,0.272248243559719,0.4449140429496765,0.34098360655737703
2022-09-12,2,13.670000076293944,12.390320713620014,11.846831,12.899999618530272,12.182580538498652,0.4126510918140411,0.4614381520119225,0.4223945140838623,0.4730679156908666,0.4591458737850189,0.430327868852459
2022-09-13,2,11.300000190734863,13.47630892374615,12.103461,15.260000228881836,12.455310909580543,0.4200530052185058,0.6959761549925484,0.428600400686264,0.6885245901639345,0.4300169050693512,0.5942622950819672
2022-09-14,2,11.329999923706056,11.806970195235717,12.443811,10.699999809265137,12.560140134115027,0.4263812601566314,0.24180327868852458,0.4167145490646362,0.24648711943793913,0.4457053542137146,0.3122950819672131
2022-09-15,2,9.4399995803833,12.231347780578968,11.857241,11.899999618530272,12.770533042949308,0.4358221888542175,0.38543219076005963,0.4256625175476074,0.4121779859484778,0.4441971480846405,0.4336065573770492
2022-09-16,2,10.380000114440918,13.389825697805033,12.21069,14.329999923706056,13.10472685957347,0.4288605749607086,0.6706408345752608,0.4087806344032287,0.6434426229508198,0.4611131846904754,0.6344262295081967
2022-09-17,2,11.300000190734863,13.43484466564756,12.523779,13.670000076293944,13.705836847027594,0.4427179396152496,0.6736214605067063,0.4390505254268646,0.6896955503512882,0.4496020376682281,0.7278688524590164
2022-09-18,2,13.420000076293944,12.390558735999731,12.435306,11.300000190734863,13.456257690153334,0.4327621459960937,0.3543219076005961,0.4545340538024902,0.4086651053864169,0.44780033826828,0.4786885245901639
2022-09-19,2,12.350000381469728,12.210815167104304,12.019899,11.329999923706056,13.19769494778272,0.4210041165351867,0.3166915052160954,0.4954178929328918,0.40925058548009374,0.4180578291416168,0.42540983606557375
2022-09-20,2,13.020000457763672,11.618311313460797,12.191767,9.4399995803833,13.47803655401651,0.433370441198349,0.20119225037257826,0.4807026982307434,0.2950819672131148,0.4506069123744964,0.3967213114754098
2022-09-21,2,13.9399995803833,11.904628098888619,11.959751,10.380000114440918,13.398632249385548,0.4331457912921905,0.23528315946348738,0.4428256750106811,0.3097189695550352,0.4491889476776123,0.40327868852459015
2022-09-22,2,13.920000076293944,12.457537782361364,12.071304,11.300000190734863,13.829649697521956,0.4247989952564239,0.3643815201192251,0.4492767453193664,0.45667447306791575,0.4472379684448242,0.589344262295082
2022-09-23,2,11.359999656677246,13.313693166955085,12.105874,13.420000076293944,13.878396905924603,0.4081771075725555,0.6333830104321908,0.4541384875774383,0.7055035128805621,0.4466045796871185,0.7680327868852459
2022-09-24,2,12.050000190734863,12.996526927033385,12.512497,12.350000381469728,13.911958987615586,0.4116940498352051,0.531855439642325,0.4259796738624573,0.5766978922716628,0.4617953300476074,0.7032786885245901
2022-09-25,2,13.65999984741211,13.198046326252786,12.505364,13.020000457763672,13.76091570932678,0.4128663241863251,0.5888599105812221,0.3929990231990814,0.5831381733021078,0.4740366637706756,0.6975409836065574
2022-09-26,2,13.1899995803833,13.606282977365634,12.743255,13.9399995803833,13.75202636177332,0.4267764091491699,0.7075260804769001,0.4009096920490265,0.6768149882903982,0.4889577031135559,0.7598360655737705
2022-09-27,2,13.779999732971191,13.685823423962894,12.797049,13.920000076293944,13.945410340500112,0.4620914161205292,0.757451564828614,0.4214191734790802,0.7295081967213115,0.4836906492710113,0.8221311475409836
2022-09-28,2,14.420000076293944,12.728656213370453,12.975561,11.359999656677246,13.960143444158351,0.4408011436462402,0.45268256333830104,0.4032990932464599,0.4355971896955504,0.4958067536354065,0.6352459016393442
2022-09-29,2,15.4399995803833,12.819544733779825,12.709138,12.050000190734863,13.65042635114691,0.4471575319766998,0.507451564828614,0.4132022857666015,0.4923887587822015,0.4831907451152801,0.6024590163934427
2022-09-30,2,10.329999923706056,13.412047168447561,12.83883,13.65999984741211,13.482548471953882,0.4745856523513794,0.7030551415797317,0.4346280694007873,0.655152224824356,0.5027251839637756,0.6680327868852458
2022-10-01,2,16.68000030517578,13.536924929536166,12.975689,13.1899995803833,14.19564801732023,0.467136412858963,0.7185171385991058,0.4289395213127136,0.6949648711943794,0.4884454011917114,0.8147540983606557
2022-10-02,2,15.779999732971191,13.877901829905747,12.839241,13.779999732971191,14.552837721232386,0.4957258999347687,0.8252608047690015,0.4495426416397095,0.7933255269320845,0.5101881623268127,0.9081967213114754
2022-10-03,2,14.520000457763672,14.079771064415178,12.800383,14.420000076293944,14.450313199433731,0.4592838883399963,0.8245156482861401,0.4467900395393371,0.8331381733021077,0.4840697348117828,0.9286885245901639
2022-10-04,2,12.3100004196167,14.361105574087755,12.889599,15.4399995803833,14.099715220063183,0.4605593681335449,0.8777943368107303,0.4522847831249237,0.8624121779859486,0.4809851348400116,0.9131147540983606
2022-10-05,2,15.420000076293944,12.581561724937483,13.00256,10.329999923706056,14.59923559557862,0.4707525372505188,0.39977645305514165,0.470934122800827,0.4391100702576113,0.4792920053005218,0.6549180327868852
2022-10-06,2,12.600000381469728,14.652128309154484,12.510473,16.68000030517578,13.814064818219013,0.4682210087776184,0.8502235469448585,0.4527299702167511,0.8407494145199065,0.50241619348526,0.8500000000000001
2022-10-07,2,13.869999885559082,14.780009561146311,13.233431,15.779999732971191,14.639229701069375,0.5029721856117249,0.9716840536512668,0.4668592810630798,0.9069086651053866,0.5121322274208069,0.9852459016393442
2022-10-08,2,13.279999732971191,14.164714082095143,13.174465,14.520000457763672,14.359566085368357,0.465542584657669,0.8587928464977646,0.4497522115707397,0.8290398126463701,0.5078800916671753,0.9098360655737705
2022-10-09,2,13.300000190734863,13.13418276463298,13.036587,12.3100004196167,14.012584978889802,0.4970417320728302,0.6508941877794338,0.4671128094196319,0.6153395784543326,0.5130165219306946,0.7278688524590163
2022-10-10,2,13.449999809265137,14.26340533974993,12.798907,15.420000076293944,13.920420791955872,0.4777382612228393,0.8736959761549925,0.4650953114032745,0.851288056206089,0.5004128813743591,0.8795081967213114
2022-10-11,2,13.3100004196167,13.370555284598531,13.158708,12.600000381469728,14.258803123615404,0.4924402832984924,0.6980253353204173,0.4647759795188904,0.658665105386417,0.4991380572319031,0.7795081967213114
2022-10-12,2,13.039999961853027,13.669818846315192,12.8227005,13.869999885559082,13.940259110579737,0.4915426075458526,0.7950819672131147,0.4732049405574798,0.7652224824355973,0.5083196759223938,0.8180327868852459
2022-10-13,2,13.210000038146973,13.508284897933985,12.92235,13.279999732971191,14.06208945063788,0.4833779633045196,0.7440387481371088,0.4799977540969848,0.7289227166276347,0.5130136013031006,0.8073770491803278
2022-10-14,2,14.93000030517578,13.497667206043921,12.756389,13.300000190734863,14.107155446932934,0.4697065055370331,0.7118107302533532,0.4819231033325195,0.7359484777517565,0.4728872776031494,0.8147540983606557
2022-10-15,2,14.18000030517578,13.490741697599589,12.813819,13.449999809265137,13.907551751267144,0.4879148006439209,0.7455290611028317,0.4545170366764068,0.7137002341920375,0.5037736296653748,0.7795081967213116
2022-10-16,2,13.729999542236328,13.534726149859507,12.8558445,13.3100004196167,14.136608352246483,0.4762100577354431,0.7354694485842027,0.4543451070785522,0.7259953161592507,0.4962147176265716,0.819672131147541
2022-10-17,2,15.15999984741211,13.403756212809917,12.876886,13.039999961853027,14.060218137550091,0.4937051832675934,0.7153502235469449,0.4562231004238128,0.6861826697892273,0.5184603333473206,0.7836065573770492
2022-10-18,2,13.210000038146973,13.49082328542842,12.800077,13.210000038146973,14.155394469058985,0.4872313737869262,0.7326751117734724,0.4753108024597168,0.7248243559718971,0.5056285858154297,0.8131147540983608
2022-10-19,2,14.56999969482422,14.121264958608887,12.919924,14.93000030517578,13.979941255713598,0.4717892408370971,0.8617734724292101,0.4549041986465454,0.8366510538641687,0.5171347260475159,0.8811475409836066
2022-10-20,2,16.81999969482422,13.742575867835534,13.07303,14.18000030517578,13.677121357070584,0.5134781002998352,0.8345752608047692,0.4980883002281189,0.7675644028103045,0.5206401348114014,0.7524590163934426
2022-10-21,2,14.449999809265137,13.619083164892555,13.114949,13.729999542236328,13.7882413236002,0.4957639575004577,0.7921013412816692,0.4644771218299866,0.7224824355971898,0.5235978960990906,0.7622950819672131
2022-10-22,2,11.029999732971191,14.010631328594823,13.01236,15.15999984741211,13.41585799233021,0.5100159049034119,0.8628912071535023,0.4773544073104858,0.7716627634660422,0.5157734155654907,0.7172131147540983
2022-10-23,2,10.850000381469728,13.403036789285956,13.1544485,13.210000038146973,13.734178145583805,0.5089607834815979,0.7449701937406855,0.4888487756252289,0.6809133489461359,0.5225997567176819,0.7098360655737705
2022-10-24,2,13.739999771118164,13.957928290591838,12.926517,14.56999969482422,13.918863158910476,0.5121746063232422,0.8759314456035768,0.5127615332603455,0.8395784543325527,0.5281828045845032,0.8491803278688524
2022-10-25,2,14.119999885559082,15.018951329904013,13.295167,16.81999969482422,14.175560926041587,0.5310280323028564,0.9761549925484352,0.4717147946357727,0.8934426229508197,0.5736208558082581,0.9344262295081968
2022-10-26,2,14.539999961853027,14.226381753501924,13.418177,14.449999809265137,14.45176633857311,0.5204607844352722,0.9161698956780925,0.5012025833129883,0.8682669789227169,0.5311124324798584,0.9327868852459017
2022-10-27,2,13.15999984741211,12.59746857958596,13.191789,11.029999732971191,13.834759414859594,0.5132244825363159,0.4918032786885247,0.5034186840057373,0.4695550351288057,0.5216671824455261,0.5770491803278688
2022-10-28,2,15.90999984741211,12.641504652599927,12.815095,10.850000381469728,14.336569841841197,0.5071874856948853,0.4582712369597616,0.4905116856098175,0.4742388758782203,0.5287411212921143,0.6442622950819672
2022-10-29,2,14.390000343322754,13.534339772950272,12.717039,13.739999771118164,13.782735759754752,0.5101644992828369,0.7688152011922504,0.4947102665901184,0.7423887587822015,0.5289880037307739,0.7598360655737706
2022-10-30,2,14.630000114440918,13.82380332432103,13.010693,14.119999885559082,13.979334721039104,0.499702513217926,0.8472429210134129,0.4929728806018829,0.8050351288056208,0.5218172669410706,0.8442622950819673
2022-10-31,2,8.380000114440918,13.868541726356796,13.049169,14.539999961853027,13.65229056105878,0.4807519912719726,0.828614008941878,0.4754675924777984,0.7745901639344264,0.5104034543037415,0.7639344262295082
2022-11-01,2,12.90999984741211,13.211387002303892,12.979642,13.15999984741211,13.391521380697837,0.4849626123905182,0.6751117734724291,0.4951061904430389,0.6311475409836067,0.5035719871520996,0.6040983606557377
2022-11-02,2,11.0600004196167,14.096973504958822,12.832729,15.90999984741211,12.986305220815986,0.4857054948806762,0.8338301043219076,0.4733261466026306,0.7587822014051523,0.4992238283157348,0.6622950819672131
2022-11-03,2,15.020000457763672,13.752453698326029,13.147814,14.390000343322754,13.45081799684376,0.5034719705581665,0.8247019374068556,0.4826346933841705,0.737704918032787,0.516097366809845,0.6959016393442623
2022-11-04,2,12.579999923706056,13.732480514406532,12.947362,14.630000114440918,13.27113786682022,0.4975605309009552,0.8241430700447094,0.491583377122879,0.7476580796252928,0.5115456581115723,0.6770491803278689
2022-11-05,2,12.520000457763672,11.24357882358498,13.043159,8.380000114440918,13.107390768054026,0.5170361995697021,0.2753353204172877,0.5039829611778259,0.24648711943793913,0.5275103449821472,0.3040983606557377
2022-11-06,2,13.760000228881836,12.721422457833363,12.377727,12.90999984741211,12.723786989273147,0.4906094968318939,0.5819672131147542,0.4908028542995453,0.5556206088992974,0.5180234313011169,0.49918032786885247
2022-11-07,2,12.5600004196167,12.307531634719284,12.871146,11.0600004196167,13.241943757999248,0.5285543203353882,0.42809239940387483,0.5171678066253662,0.40749414519906324,0.5273076891899109,0.4229508196721311
2022-11-08,2,13.1899995803833,13.850538248372796,12.56222,15.020000457763672,13.39680839918903,0.4772983491420746,0.7939642324888228,0.5138410329818726,0.7892271662763468,0.4923816621303558,0.7081967213114754
2022-11-09,2,13.020000457763672,12.941734616006258,13.028795,12.579999923706056,13.255102428309936,0.5160927176475525,0.6253725782414308,0.5392872095108032,0.5913348946135832,0.5207341313362122,0.540983606557377
2022-11-10,2,12.300000190734863,12.960743638466772,12.725229,12.520000457763672,13.53232828498474,0.4789687097072601,0.5743293591654247,0.5089325904846191,0.5878220140515222,0.4876669049263,0.5959016393442623
2022-11-11,2,12.119999885559082,13.585540758125862,12.753001,13.760000228881836,13.873603375217588,0.5083444118499756,0.7827868852459017,0.5205933451652527,0.7781030444964873,0.5135315656661987,0.7885245901639344
2022-11-12,2,11.520000457763672,13.040657459704978,12.890013,12.5600004196167,13.605005866296016,0.4752103984355926,0.5927719821162445,0.4961275458335876,0.5901639344262296,0.4933655858039856,0.610655737704918
2022-11-13,2,13.18000030517578,13.091883590538231,12.705649,13.1899995803833,13.208342373214396,0.4703398942947387,0.6246274217585692,0.5098258852958679,0.6317330210772834,0.4946178495883941,0.5786885245901638
2022-11-14,2,12.039999961853027,13.207173883791967,12.851467,13.020000457763672,13.591962245260245,0.4926535487174988,0.6671013412816693,0.5296401977539062,0.6610070257611242,0.515150785446167,0.6409836065573771
2022-11-15,2,11.289999961853027,12.944801997721022,12.8969345,12.300000190734863,13.61619685899664,0.4919005334377289,0.5950074515648287,0.5285860896110535,0.5948477751756441,0.5173926949501038,0.6032786885245901
2022-11-16,2,14.210000038146973,12.849786774016476,12.7612915,12.119999885559082,13.628737703594132,0.4879208207130432,0.565946348733234,0.5273481607437134,0.5848946135831382,0.4999964237213135,0.6
2022-11-17,2,12.130000114440918,12.647580319157335,12.766746,11.520000457763672,13.708957024527294,0.4811258316040039,0.4757824143070045,0.5165321230888367,0.5087822014051523,0.5034589171409607,0.5713114754098361
2022-11-18,2,12.789999961853027,13.136326638626695,12.598619,13.18000030517578,13.39137943798133,0.4794465005397796,0.6382265275707899,0.524299681186676,0.6510538641686184,0.4825005531311035,0.6032786885245902
2022-11-19,2,14.640000343322754,12.946135429283872,12.850384,12.039999961853027,13.905466135205756,0.4732048213481903,0.5665052160953801,0.502502977848053,0.5960187353629978,0.50263512134552,0.6762295081967213
2022-11-20,2,15.1899995803833,12.581795636877576,12.809257,11.289999961853027,13.74722388794522,0.4761164486408233,0.4327496274217586,0.4991804659366607,0.4648711943793912,0.5113857388496399,0.5532786885245902
2022-11-21,2,11.859999656677246,13.780607944054356,12.704148,14.210000038146973,13.94924915221416,0.4731782376766205,0.7913561847988078,0.4946855306625366,0.8085480093676816,0.5085092782974243,0.8426229508196721
2022-11-22,2,10.899999618530272,12.826311004036903,13.024448,12.130000114440918,13.4125457847645,0.4723383784294128,0.551043219076006,0.4894507229328155,0.5298594847775175,0.5027250647544861,0.542622950819672
2022-11-23,2,13.079999923706056,13.197393192214722,12.804985,12.789999961853027,13.822790973806816,0.4823499619960785,0.6423248882265276,0.4917256236076355,0.6428571428571429,0.5134550333023071,0.6983606557377049
2022-11-24,2,11.4399995803833,13.730561236382577,12.831569,14.640000343322754,13.32056226076605,0.4889130592346191,0.8105439642324888,0.5003374218940735,0.7622950819672132,0.500800371170044,0.6868852459016394
2022-11-25,2,10.739999771118164,14.15505393743813,13.111899,15.1899995803833,13.699638815291918,0.4941820502281189,0.8859910581222057,0.4947790205478668,0.8214285714285716,0.5112041234970093,0.7950819672131147
2022-11-26,2,13.609999656677246,12.551171006055881,13.182397,11.859999656677246,12.89166124768778,0.508467435836792,0.5301788375558868,0.5001047253608704,0.46311475409836067,0.5221861600875854,0.4385245901639344
2022-11-27,2,14.65999984741211,11.910038107957636,12.697202,10.899999618530272,12.482763324028133,0.480845034122467,0.3304769001490313,0.5032070279121399,0.3343091334894614,0.4936129152774811,0.31721311475409836
2022-11-28,2,12.890000343322754,12.646286503852867,12.571318,13.079999923706056,12.254222252806825,0.4818824231624603,0.5894187779433682,0.4889252483844757,0.5515222482435598,0.4877999424934387,0.46475409836065573
2022-11-29,2,15.40999984741211,12.118568542652117,12.695323,11.4399995803833,12.476718361949883,0.4878489673137665,0.4020119225037258,0.477780818939209,0.3729508196721312,0.499234527349472,0.35409836065573774
2022-11-30,2,14.770000457763672,11.914729935993304,12.511694,10.739999771118164,12.7578133986425,0.4643584191799164,0.28464977645305517,0.5225841999053955,0.3378220140515223,0.4802840054035187,0.3336065573770492
2022-12-01,2,12.899999618530272,13.015704385245582,12.44217,13.609999656677246,12.74003932783924,0.4604989886283874,0.624441132637854,0.519693911075592,0.6463700234192039,0.4743217527866363,0.5491803278688525
2022-12-02,2,14.59000015258789,13.457077755961908,12.803971,14.65999984741211,12.616992751157213,0.4580376148223877,0.7470193740685545,0.4913173019886017,0.7189695550351289,0.4733583033084869,0.6081967213114754
2022-12-03,2,13.699999809265137,13.055731706627657,12.959803,12.890000343322754,13.274756795836815,0.4776899516582489,0.6151266766020864,0.5082637667655945,0.5942622950819673,0.4854071736335754,0.5631147540983606
2022-12-04,2,11.710000038146973,14.073053230533782,12.759127,15.40999984741211,13.466065630618663,0.4802144169807434,0.8301043219076008,0.5118981599807739,0.8114754098360657,0.4834339618682861,0.7401639344262295
2022-12-05,2,11.289999961853027,14.067812345623409,13.124841,14.770000457763672,13.889497203273926,0.4699506461620331,0.8617734724292102,0.5188290476799011,0.8559718969555037,0.4795255064964294,0.8475409836065574
2022-12-06,2,10.859999656677246,13.287766424654128,13.085448,12.899999618530272,13.78793235558583,0.4939746260643005,0.6894560357675111,0.5401510000228882,0.6855971896955504,0.4839965999126434,0.6983606557377049
2022-12-07,2,12.489999771118164,13.923461469941738,12.904755,14.59000015258789,13.822870826152103,0.4880059659481048,0.8509687034277199,0.5461273193359375,0.8542154566744732,0.4853618144989013,0.8188524590163935
2022-12-08,2,14.09000015258789,13.588418372046974,13.13525,13.699999809265137,13.72859714152157,0.4858821630477905,0.772354694485842,0.5464571714401245,0.7669789227166277,0.487270325422287,0.7360655737704918
2022-12-09,2,14.640000343322754,12.578133083498606,13.02097,11.710000038146973,13.2002456196828,0.481105089187622,0.48565573770491804,0.5334009528160095,0.48419203747072603,0.487402468919754,0.46147540983606555
2022-12-10,2,11.760000228881836,12.281219429527734,12.705914,11.289999961853027,13.036497469162292,0.4833850562572479,0.38990312965722806,0.5451191663742065,0.42622950819672134,0.4909295737743377,0.40081967213114755
2022-12-11,2,12.109999656677246,12.140036941254406,12.727698,10.859999656677246,13.093595859861791,0.472592830657959,0.3397913561847988,0.5304368138313293,0.38407494145199067,0.5086708664894104,0.3844262295081967
2022-12-12,2,14.600000381469728,12.727652030066444,12.620031,12.489999771118164,13.025093750162748,0.4742702841758728,0.5294336810730254,0.5187028050422668,0.5450819672131149,0.50495445728302,0.4975409836065574
2022-12-13,2,14.220000267028809,13.462810053916439,12.790133,14.09000015258789,13.20932942964301,0.4768458902835846,0.7347242921013413,0.5264225006103516,0.7300936768149884,0.5198497176170349,0.6409836065573771
2022-12-14,2,13.270000457763672,13.972016208570842,12.971269,14.640000343322754,13.860002745247174,0.4820341467857361,0.8586065573770492,0.5448334813117981,0.8647540983606558,0.5119261741638184,0.8344262295081968
2022-12-15,2,12.579999923706056,12.88918937156997,13.084198,11.760000228881836,13.91004038735253,0.484919399023056,0.5637108792846499,0.5370863080024719,0.5878220140515223,0.5137083530426025,0.6557377049180328
2022-12-16,2,12.9399995803833,12.919046349243937,12.838385,12.109999656677246,13.7729049025017,0.4760031998157501,0.5646423248882266,0.5149234533309937,0.5930913348946136,0.5317085981369019,0.6442622950819672
2022-12-17,2,12.920000076293944,13.832723193596458,12.858484,14.600000381469728,13.60669000216566,0.4962137043476105,0.8342026825633384,0.5329265594482422,0.8103044496487122,0.5205413103103638,0.7491803278688525
2022-12-18,2,14.039999961853027,13.6143605589439,13.109271,14.220000267028809,13.289326161383377,0.4950504899024963,0.8017883755588674,0.5367711186408997,0.7552693208430915,0.5182045102119446,0.6622950819672131
2022-12-19,2,13.31999969482422,12.99976275186397,13.053555,13.270000457763672,12.699640463666476,0.5002714395523071,0.684053651266766,0.5512704253196716,0.6446135831381734,0.5076286196708679,0.5278688524590164
2022-12-20,2,12.68000030517578,12.826199211539503,12.954999,12.579999923706056,13.00084306133934,0.4857209026813507,0.5873695976154993,0.5558992624282837,0.5848946135831383,0.4931226968765259,0.5016393442622951
2022-12-21,2,15.239999771118164,12.90135526635845,12.908049,12.9399995803833,12.858992211421628,0.4956470429897308,0.6333830104321908,0.54208904504776,0.6088992974238877,0.5053505301475525,0.5163934426229508
2022-12-22,2,12.369999885559082,12.86033553957575,12.886144,12.920000076293944,12.786332969288528,0.4942176938056946,0.6229508196721312,0.5558459162712097,0.611241217798595,0.4979034662246704,0.510655737704918
2022-12-23,2,10.220000267028809,13.62180660024023,12.889328,14.039999961853027,13.610545794316447,0.4863239824771881,0.7848360655737705,0.5628252625465393,0.7950819672131149,0.4948090612888336,0.7245901639344262
2022-12-24,2,10.449999809265137,13.349562841490506,13.020582,13.31999969482422,13.561893122318182,0.4870713651180267,0.722801788375559,0.5722391605377197,0.7318501170960188,0.4884966313838959,0.6688524590163935
2022-12-25,2,11.81999969482422,13.135077888196356,12.93259,12.68000030517578,13.702648742437129,0.4815838634967804,0.635618479880775,0.572531521320343,0.6750585480093677,0.4902916550636291,0.6565573770491803
2022-12-26,2,13.510000228881836,14.08383536193137,12.877395,15.239999771118164,13.597915598262006,0.4849788844585418,0.8502235469448584,0.5742659568786621,0.8629976580796255,0.4920215904712677,0.7622950819672132
2022-12-27,2,12.289999961853027,13.04556345262634,13.150961,12.369999885559082,13.662572826708226,0.4847880601882934,0.6192250372578242,0.5827295780181885,0.6463700234192038,0.4900210797786712,0.6270491803278688
2022-12-28,2,13.670000076293944,12.04393464485285,12.75177,10.220000267028809,13.474627158706252,0.479586511850357,0.3107302533532042,0.5808752179145813,0.39519906323185017,0.4851232767105102,0.4188524590163934
2022-12-29,2,12.9399995803833,12.146282043631341,12.497246,10.449999809265137,13.64758430223718,0.4677559435367584,0.31333830104321914,0.5719055533409119,0.4256440281030446,0.4823392629623413,0.469672131147541
2022-12-30,2,13.739999771118164,12.61655449098334,12.473952,11.81999969482422,13.49233289324431,0.464207112789154,0.46087928464977646,0.5630211234092712,0.5521077283372366,0.4920336008071899,0.5393442622950819
2022-12-31,2,10.81999969482422,13.182290298307468,12.663371,13.510000228881836,13.142868866792806,0.4794671833515167,0.6657973174366618,0.5589891672134399,0.6949648711943794,0.5109990835189819,0.5918032786885246
2023-01-01,2,12.010000228881836,12.516118814265099,12.878828,12.289999961853027,12.540732563491112,0.4721830785274505,0.5113636363636365,0.545326828956604,0.5263466042154568,0.5039114952087402,0.4360655737704918
2023-01-02,2,13.300000190734863,13.300478790884725,12.797866,13.670000076293944,13.210186833744796,0.4628797173500061,0.6717585692995529,0.5342904925346375,0.6937939110070259,0.5088986754417419,0.612295081967213
2023-01-03,2,11.75,13.143417394227622,12.998364,12.9399995803833,13.427420427087291,0.4856694936752319,0.6538748137108793,0.5373193621635437,0.6446135831381734,0.5163385272026062,0.6000000000000001
2023-01-04,2,14.039999961853027,13.473532872535708,12.937105,13.739999771118164,13.505081458695312,0.4835515022277832,0.745715350223547,0.5405924916267395,0.7400468384074942,0.519408106803894,0.6836065573770491
2023-01-05,2,14.390000343322754,12.374303459498993,13.04457,10.81999969482422,13.556236923895426,0.4999750852584839,0.4120715350223547,0.5492732524871826,0.4268149882903982,0.5131664872169495,0.46311475409836067
2023-01-06,2,10.3100004196167,12.714999271293582,12.824424,12.010000228881836,13.359206797757317,0.4772854149341583,0.5139716840536512,0.5265963077545166,0.531615925058548,0.5261865854263306,0.5163934426229508
2023-01-07,2,12.350000381469728,13.337480160780244,12.899668,13.300000190734863,13.618189109036868,0.5034717917442322,0.7263412816691506,0.5350856184959412,0.7101873536299768,0.5196194648742676,0.6819672131147541
2023-01-08,2,13.130000114440918,12.798665669933705,13.097174,11.75,13.68149337871947,0.4846212565898895,0.5394932935916543,0.5345978736877441,0.5491803278688525,0.5293365120887756,0.5827868852459017
2023-01-09,2,6.710000038146973,13.530838026573848,12.946972,14.039999961853027,13.346046106057916,0.4798831939697265,0.7595007451564828,0.5263069272041321,0.7353629976580798,0.5252153277397156,0.6581967213114754
2023-01-10,2,10.539999961853027,13.766260158609823,13.229211,14.390000343322754,13.440880617569013,0.4826672375202179,0.807935916542474,0.5246127843856812,0.7640515222482437,0.5348213911056519,0.6934426229508197
2023-01-11,2,10.5600004196167,12.252788625478976,13.236417,10.3100004196167,13.649116623274017,0.4924055933952331,0.3822652757078987,0.5160501003265381,0.3758782201405153,0.5218950510025024,0.4639344262295082
2023-01-12,2,10.380000114440918,12.686040009855983,12.707868,12.350000381469728,13.00995297705112,0.4536704123020172,0.5005588673621462,0.4929841160774231,0.5187353629976582,0.490892231464386,0.489344262295082
2023-01-13,2,11.68000030517578,12.77106755248223,12.787533,13.130000114440918,12.402987519680336,0.4686859250068664,0.5864381520119226,0.5123770833015442,0.5755269320843093,0.4991324841976166,0.4762295081967213
2023-01-14,2,11.390000343322754,10.22660173259762,12.965112,6.710000038146973,12.221808834046946,0.4769091010093689,0.18740685543964236,0.5136706233024597,0.18911007025761128,0.4945159256458282,0.19344262295081968
2023-01-15,2,13.84000015258789,11.529372322259455,12.103045,10.539999961853027,12.20003763947669,0.4623182713985443,0.2287630402384501,0.5191677808761597,0.2909836065573771,0.4902103543281555,0.25655737704918036
2023-01-16,2,9.609999656677246,11.728106022228673,12.42842,10.5600004196167,12.507148303856573,0.472754567861557,0.26974664679582716,0.5317553281784058,0.3214285714285715,0.480364054441452,0.2975409836065574
2023-01-17,2,11.470000267028809,11.802503394313005,12.298636,10.380000114440918,12.949377448803425,0.4474484622478485,0.24161698956780925,0.5410672426223755,0.33899297423887587,0.4726774096488952,0.3319672131147541
2023-01-18,2,9.529999732971191,12.352397611114789,12.26307,11.68000030517578,13.074421367673123,0.452839732170105,0.38953055141579734,0.5460011959075928,0.47892271662763475,0.4678807556629181,0.4401639344262295
2023-01-19,2,9.609999656677246,12.269422622152122,12.466279,11.390000343322754,13.039480246621554,0.4504482746124267,0.3615871833084948,0.5217817425727844,0.427400468384075,0.4822947084903717,0.4163934426229508
2023-01-20,2,13.979999542236328,13.200889356411981,12.441095,13.84000015258789,12.983886536020506,0.4543873369693756,0.6561102831594635,0.5272512435913086,0.6908665105386419,0.4774219989776611,0.5877049180327869
2023-01-21,2,12.460000038146973,11.817590152969137,12.8125,9.609999656677246,13.472452956466103,0.460298091173172,0.2609910581222057,0.5340895056724548,0.3348946135831382,0.4916008412837982,0.39590163934426226
2023-01-22,2,11.6899995803833,12.578203983490113,12.430814,11.470000267028809,13.768291024112589,0.4541958272457123,0.42418032786885246,0.5269266963005066,0.519320843091335,0.4925425350666046,0.5844262295081967
2023-01-23,2,12.880000114440918,12.128398598038142,12.711877,9.529999732971191,14.4026427953485,0.4781225323677063,0.33010432190760064,0.5418093204498291,0.4344262295081968,0.5027270913124084,0.5950819672131148
2023-01-24,2,12.010000228881836,12.092253855715935,12.548998,9.609999656677246,14.320761307930145,0.4605779349803924,0.304210134128167,0.5506054759025574,0.43793911007025765,0.5139485001564026,0.5852459016393442
2023-01-25,2,14.399999618530272,13.85311903205683,12.594676,13.979999542236328,14.425373539686678,0.4786365032196045,0.7963859910581224,0.5731719136238098,0.8782201405152226,0.5247807502746582,0.8967213114754098
2023-01-26,2,14.68000030517578,13.366947912117734,13.064446,12.460000038146973,14.441952403931676,0.4805305898189544,0.6594634873323397,0.5575918555259705,0.7119437939110072,0.5176962614059448,0.7885245901639344
2023-01-27,2,16.700000762939453,13.021537364443397,12.899233,11.6899995803833,14.421022017638707,0.4832254350185394,0.554210134128167,0.5576574206352234,0.623536299765808,0.5235210657119751,0.7213114754098361
2023-01-28,2,11.449999809265137,13.476110048369819,12.777653,12.880000114440918,14.460251675837505,0.4568767547607422,0.6512667660208644,0.5527797937393188,0.7540983606557377,0.5167005658149719,0.8295081967213114
2023-01-29,2,8.6899995803833,13.16711607326295,12.922735,12.010000228881836,14.459999180567925,0.4718336164951324,0.5944485842026825,0.5515457391738892,0.6738875878220141,0.5171850919723511,0.7721311475409836
2023-01-30,2,16.0,14.080298866698488,12.819192,14.399999618530272,14.461213040810303,0.4887346923351288,0.8647540983606559,0.5514207482337952,0.9039812646370025,0.513034999370575,0.9368852459016395
2023-01-31,2,17.450000762939453,14.258417389264544,13.157783,14.68000030517578,14.448298022944716,0.4726946353912353,0.8938152011922504,0.5529863834381104,0.9268149882903982,0.5168761014938354,0.9418032786885246
2023-02-01,2,15.539999961853027,15.032775702285445,13.168006,16.700000762939453,14.401533809567796,0.5125476121902466,0.9742921013412817,0.5369031429290771,0.94672131147541,0.5037532448768616,0.9549180327868851
2023-02-02,2,13.670000076293944,13.06126497909663,13.462738,11.449999809265137,14.449489581759588,0.510882556438446,0.573397913561848,0.5661397576332092,0.6071428571428572,0.4956129491329193,0.7147540983606557
2023-02-03,2,12.289999961853027,11.464938024687472,12.877789,8.6899995803833,13.454959260484683,0.4676227569580078,0.23658718330849482,0.5591797828674316,0.31967213114754106,0.4859254062175751,0.3663934426229508
2023-02-04,2,11.920000076293944,14.37443605751156,12.552151,16.0,13.76125270252954,0.4788065254688263,0.859538002980626,0.5666794180870056,0.9063231850117097,0.4917735457420349,0.8336065573770491
2023-02-05,2,10.970000267028809,15.32814415579923,13.446384,17.450000762939453,14.251709857436351,0.504246711730957,0.9746646795827124,0.5597338676452637,0.9619437939110072,0.5009233951568604,0.9434426229508196
2023-02-06,2,7.570000171661377,14.865096990834992,13.663847,15.539999961853027,14.857555125836395,0.5115875601768494,0.9780178837555888,0.5684213042259216,0.9759953161592507,0.5040121674537659,0.9885245901639345
2023-02-07,2,7.449999809265137,14.042211957317999,13.424223,13.670000076293944,14.75775103685205,0.5091906785964966,0.8412816691505216,0.5717315077781677,0.8559718969555037,0.4986998438835144,0.9024590163934426
2023-02-08,2,8.880000114440918,13.294629853497014,13.205656,12.289999961853027,14.348689663750454,0.49556365609169,0.6630029806259315,0.573599636554718,0.6984777517564404,0.5047730803489685,0.760655737704918
2023-02-09,2,11.270000457763672,13.067051008478678,13.05518,11.920000076293944,14.220696945373785,0.5166395902633667,0.6229508196721313,0.590191662311554,0.6598360655737706,0.5132454633712769,0.722950819672131
2023-02-10,2,14.0,12.50452435410239,12.891426,10.970000267028809,13.824103082343964,0.5012373328208923,0.45733979135618485,0.5929650664329529,0.5140515222482436,0.5184171795845032,0.5680327868852458
2023-02-11,2,15.84000015258789,11.202441473105651,12.883196,7.570000171661377,13.901130259608614,0.5102548599243164,0.31035767511177353,0.5779243111610413,0.379976580796253,0.5199410915374756,0.4877049180327869
2023-02-12,2,13.81999969482422,11.251524531336713,12.381927,7.449999809265137,14.425047881928682,0.471882700920105,0.2604321907600597,0.5790489315986633,0.4168618266978924,0.5132326483726501,0.5704918032786885
2023-02-13,2,16.040000915527344,11.610306602363387,12.241727,8.880000114440918,13.989823980487738,0.4441294074058532,0.23304769001490316,0.558954656124115,0.4004683840749415,0.5165524482727051,0.530327868852459
2023-02-14,2,14.5,12.559217101042364,12.239209,11.270000457763672,14.026216022677923,0.4428662061691284,0.3906482861400895,0.5636332631111145,0.548009367681499,0.5066002607345581,0.6360655737704918
2023-02-15,2,13.079999923706056,13.687310024524042,12.564404,14.0,13.998456729339212,0.4839536249637604,0.7921013412816693,0.5418208241462708,0.8366510538641687,0.5290619134902954,0.8450819672131147
2023-02-20,3,12.140000343322754,12.735409617991646,12.974507,13.079999923706056,12.436030565294118,0.4727391004562378,0.5820564516129032,0.5725967288017273,0.5793010752688171,0.5077742338180542,0.6323924731182795
2023-02-21,3,10.479999542236328,11.79430205452332,12.965453,10.579999923706056,11.986267152643176,0.494406908750534,0.46048387096774196,0.5950798392295837,0.3916666666666666,0.5095222592353821,0.471774193548387
2023-02-22,3,11.170000076293944,13.436217716026686,12.720233,13.9399995803833,13.455192957548627,0.4865453541278839,0.7256048387096774,0.5533369183540344,0.7155913978494624,0.4988534450531006,0.719758064516129
2023-02-23,3,9.760000228881836,12.785387639058264,12.949951,13.760000228881836,12.157939004469766,0.4825872778892517,0.5913306451612904,0.5672571659088135,0.5814516129032258,0.5084390640258789,0.6323924731182795
2023-02-24,3,12.960000038146973,14.283713256252582,12.8752985,16.56999969482422,13.580870186891325,0.4563221335411072,0.7754032258064516,0.5507897138595581,0.8408602150537634,0.5005648136138916,0.8454301075268816
2023-02-25,3,15.199999809265137,13.378734729343275,13.151897,12.140000343322754,14.183799119644975,0.5128732919692993,0.761491935483871,0.5524762868881226,0.6908602150537634,0.4902027249336242,0.7372311827956988
2023-02-26,3,16.389999389648438,12.971799829354879,12.782379,10.479999542236328,14.476866063146142,0.4911683201789856,0.6858870967741936,0.5223017334938049,0.6083333333333333,0.5031762719154358,0.6505376344086021
2023-02-27,3,15.399999618530272,13.577612784039118,12.622576,11.170000076293944,15.362692953053124,0.511127233505249,0.7000000000000001,0.5222914814949036,0.6258064516129032,0.5059823989868164,0.6330645161290323
2023-02-28,3,10.4399995803833,12.70585598054901,12.659076,9.760000228881836,14.409250687451255,0.4620504975318908,0.5796370967741936,0.5789170861244202,0.5658602150537635,0.5201478600502014,0.5786290322580645
2023-03-01,3,15.140000343322754,13.003835911957808,12.569358,12.960000038146973,13.215089802117342,0.4803455770015716,0.630241935483871,0.55813068151474,0.625,0.5078971982002258,0.6169354838709677
2023-03-02,3,13.920000076293944,13.699232413645484,12.85072,15.199999809265137,13.205299221996604,0.471359521150589,0.7379032258064516,0.5794656872749329,0.768010752688172,0.5050048232078552,0.7782258064516128
2023-03-03,3,13.869999885559082,14.083176909955125,13.105456,16.389999389648438,13.184015882968284,0.4643920361995697,0.7625,0.5895380973815918,0.8134408602150537,0.5113799571990967,0.829301075268817
2023-03-04,3,12.829999923706056,14.78469349451191,13.248947,15.399999618530272,15.09126706414938,0.5107317566871643,0.9241935483870968,0.5616257786750793,0.900268817204301,0.5159422159194946,0.9153225806451613
2023-03-05,3,15.479999542236328,12.551382996825998,13.246834,10.4399995803833,13.459837376290109,0.5015790462493896,0.6296370967741935,0.5990375280380249,0.5526881720430107,0.5207697153091431,0.6189516129032258
2023-03-06,3,12.279999732971191,13.63438070732466,12.8838,15.140000343322754,13.095704075607742,0.5258480310440063,0.7741935483870968,0.6088268160820007,0.7602150537634409,0.514939546585083,0.771505376344086
2023-03-07,3,9.800000190734863,13.13777366193661,13.280369,13.920000076293944,12.62967485170525,0.5182747840881348,0.7008064516129032,0.5722746849060059,0.6610215053763441,0.5085172057151794,0.7177419354838709
2023-03-08,3,9.81999969482422,12.915983973881177,13.184433,13.869999885559082,12.255782441728591,0.4929214417934418,0.6350806451612904,0.5536128282546997,0.6043010752688172,0.4989575445652008,0.6653225806451611
2023-03-09,3,11.40999984741211,12.627649878776932,13.117744,12.829999923706056,12.301980944007544,0.5061160326004028,0.5953629032258065,0.5634139776229858,0.5435483870967741,0.4864951074123382,0.6095430107526881
2023-03-10,3,14.0,13.835929068729305,12.907932,15.479999542236328,13.294173256180708,0.4829438328742981,0.7752016129032258,0.4993461668491363,0.7594086021505376,0.4986800849437713,0.7977150537634409
2023-03-11,3,13.3100004196167,13.427627517319987,13.046028,12.279999732971191,14.246957472942148,0.5120835900306702,0.7675403225806452,0.5494624972343445,0.7010752688172043,0.4823238849639892,0.7399193548387095
2023-03-12,3,14.640000343322754,12.602756169341967,12.685817,9.800000190734863,14.168733515406869,0.4914707839488983,0.6254032258064517,0.5262668132781982,0.5467741935483871,0.4955608248710632,0.5779569892473118
2023-03-13,3,10.029999732971191,11.732470921620692,12.441355,9.81999969482422,12.521504160484684,0.5017257928848267,0.41895161290322586,0.5848900675773621,0.3596774193548387,0.4881910383701324,0.364247311827957
2023-03-14,3,10.020000457763672,12.950131354476971,12.403453,11.40999984741211,14.064497224718451,0.4912081956863403,0.6125,0.6129305362701416,0.5852150537634409,0.4984856843948364,0.5403225806451613
2023-03-15,3,10.020000457763672,13.677451901464519,12.472539,14.0,14.009529945786175,0.4683165550231933,0.7070564516129032,0.5421966910362244,0.7422043010752688,0.4997476935386657,0.6955645161290323
2023-03-16,3,13.56999969482422,13.560773486843694,12.731836,13.3100004196167,14.059331305334984,0.4845888912677765,0.7552419354838711,0.5604149103164673,0.7422043010752688,0.4998972713947296,0.7419354838709677
2023-03-17,3,10.149999618530272,13.710132160935217,12.746685,14.640000343322754,13.591684839971718,0.4861946403980255,0.772983870967742,0.5934416651725769,0.7803763440860214,0.4940158724784851,0.7728494623655914
2023-03-18,3,15.5,13.175185793772481,12.820857,10.029999732971191,15.12429016870428,0.4905943572521209,0.6778225806451613,0.5479028820991516,0.6013440860215054,0.4941073656082153,0.6411290322580645
2023-03-19,3,7.21999979019165,13.30322435298553,12.402224,10.020000457763672,15.565495301534677,0.4950854480266571,0.6159274193548387,0.5298374891281128,0.5526881720430108,0.4966361820697784,0.5248655913978495
2023-03-20,3,9.460000038146973,13.120665419348413,12.363662,10.020000457763672,15.21690400568901,0.5018516778945923,0.6074596774193549,0.5229437351226807,0.5403225806451613,0.5083935260772705,0.5073924731182795
2023-03-21,3,9.170000076293944,13.673415106625235,12.2925005,13.56999969482422,14.324330173350916,0.4742637872695923,0.6877016129032258,0.4801981151103973,0.6919354838709677,0.5023641586303711,0.6350806451612903
2023-03-22,3,9.34000015258789,12.587055346700287,12.619461,10.149999618530272,13.965770482811848,0.468610405921936,0.5629032258064517,0.562957763671875,0.5381720430107526,0.4897822439670563,0.5497311827956989
2023-03-23,3,8.569999694824219,13.923761127880647,12.28629,15.5,13.72482654147558,0.4887803196907043,0.7278225806451614,0.505426824092865,0.7435483870967742,0.4710073471069336,0.6653225806451613
2023-03-24,3,10.729999542236328,11.565784102075213,12.747447,7.21999979019165,13.542662466898054,0.490975558757782,0.5451612903225806,0.5841398239135742,0.468010752688172,0.5034468173980713,0.5147849462365591
2023-03-25,3,14.890000343322754,11.955668034560201,12.009698,9.460000038146973,13.358608333036416,0.4708727896213531,0.3766129032258065,0.5530891418457031,0.3763440860215054,0.5157062411308289,0.29301075268817206
2023-03-26,3,11.270000457763672,11.62030626797163,12.226814,9.170000076293944,12.760549349489576,0.5199228525161743,0.3879032258064516,0.5493966341018677,0.3247311827956989,0.501124918460846,0.29032258064516125
2023-03-27,3,11.9399995803833,11.523808290897366,12.224291,9.34000015258789,12.471491780315937,0.4385287165641784,0.2633064516129032,0.5129098296165466,0.2846774193548387,0.4846372902393341,0.2661290322580645
2023-03-28,3,10.81999969482422,11.736190536065845,12.198634,8.569999694824219,13.347252389374994,0.4654499888420105,0.3814516129032258,0.449710875749588,0.33602150537634407,0.4907201528549194,0.3279569892473118
2023-03-29,3,12.710000038146973,12.098547815325034,12.034742,10.729999542236328,12.907920749372163,0.4395192861557007,0.32903225806451614,0.4675370752811432,0.35268817204301073,0.4976396560668945,0.31048387096774194
2023-03-30,3,15.489999771118164,13.08307125113795,12.229109,14.890000343322754,12.416524163234325,0.4754326641559601,0.5362903225806452,0.519822895526886,0.5782258064516128,0.4915893077850342,0.510752688172043
2023-03-31,3,10.4399995803833,12.468875205031576,12.528368,11.270000457763672,13.128449577055337,0.4612405002117157,0.48951612903225805,0.4417183697223663,0.45134408602150533,0.5097218155860901,0.49999999999999994
2023-04-01,3,10.420000076293944,12.471709769634725,12.248678,11.9399995803833,12.87112920762185,0.4430620074272156,0.4020161290322581,0.5046036839485168,0.443010752688172,0.5019060373306274,0.40591397849462363
2023-04-02,3,13.699999809265137,12.357824168048491,12.273941,10.81999969482422,13.272530939054567,0.4593174457550049,0.4370967741935484,0.5262340903282166,0.4551075268817204,0.5079197883605957,0.4139784946236559
2023-04-03,3,15.039999961853027,12.765720828732466,12.160873,12.710000038146973,13.056781778523805,0.4378420412540436,0.44879032258064516,0.4661137461662292,0.4940860215053763,0.5075286030769348,0.4489247311827957
2023-04-04,3,14.68000030517578,14.09602141265691,12.410176,15.489999771118164,14.02196752753201,0.4864929616451263,0.7705645161290322,0.5024197101593018,0.7776881720430107,0.5024450421333313,0.7244623655913978
2023-04-05,3,13.149999618530272,12.417271370371733,12.684874,10.4399995803833,13.432454123381577,0.4469342827796936,0.4997983870967742,0.4904062747955322,0.48655913978494625,0.5053238868713379,0.540994623655914
2023-04-06,3,16.979999542236328,12.220734452374522,12.203611,10.420000076293944,13.25706414686679,0.4611547589302063,0.4137096774193548,0.5363365411758423,0.4295698924731183,0.5204055905342102,0.3763440860215054
2023-04-07,3,14.239999771118164,13.251186152097695,12.13485,13.699999809265137,13.473150984615312,0.47819784283638,0.5983870967741935,0.5246026515960693,0.6244623655913978,0.5343179106712341,0.532258064516129
2023-04-08,3,12.520000457763672,13.755073400548225,12.478074,15.039999961853027,13.568115108609003,0.4727925062179565,0.7084677419354839,0.5048247575759888,0.7327956989247311,0.5017901659011841,0.7016129032258064
2023-04-09,3,14.829999923706056,13.70353137755827,12.651183,14.68000030517578,13.596555580730378,0.4781599044799804,0.7477822580645161,0.5161762237548828,0.753763440860215,0.4887295067310333,0.7466397849462365
2023-04-10,3,9.899999618530272,13.334962943302015,12.757165,13.149999618530272,13.688283961729589,0.5026864409446716,0.7453629032258065,0.5588150024414062,0.7083333333333333,0.5064324736595154,0.7211021505376344
2023-04-11,3,10.09000015258789,14.92342177046375,12.605719,16.979999542236328,14.7415356596496,0.4778703153133392,0.8731854838709678,0.5295286774635315,0.9083333333333332,0.4868418276309967,0.8608870967741935
2023-04-12,3,9.65999984741211,14.07392885967754,12.93305,14.239999771118164,14.467979278716127,0.4805760085582733,0.8443548387096775,0.5389400720596313,0.8379032258064516,0.500869870185852,0.8508064516129032
2023-04-13,3,9.470000267028809,13.000927536223436,12.769264,12.520000457763672,13.3750273822962,0.4791891276836395,0.6471774193548387,0.5247246623039246,0.614516129032258,0.5066362619400024,0.6518817204301075
2023-04-14,3,16.0,13.78980444246973,12.657677,14.829999923706056,13.680604499964568,0.489402025938034,0.778225806451613,0.5389763712882996,0.7774193548387096,0.5127381086349487,0.760752688172043
2023-04-15,3,14.68000030517578,12.478641091130472,12.827545,9.899999618530272,13.8026202573865,0.4639481902122497,0.5645161290322581,0.5184099078178406,0.5231182795698925,0.4994555711746216,0.5846774193548386
2023-04-16,3,12.619999885559082,12.062220352662592,12.349892,10.09000015258789,13.06591547527496,0.4677681028842926,0.4241935483870968,0.5195932388305664,0.40430107526881714,0.5008977651596069,0.39381720430107525
2023-04-17,3,11.220000267028809,12.187927307479004,12.218637,9.65999984741211,13.619295987865373,0.4741032123565674,0.44556451612903225,0.513845682144165,0.4169354838709677,0.504004716873169,0.375
2023-04-18,3,11.229999542236328,11.80995703839135,12.115671,9.470000267028809,13.016054924194806,0.4503640234470367,0.32741935483870965,0.4805327951908111,0.32876344086021503,0.5001790523529053,0.2997311827956989
2023-04-19,3,13.460000038146973,13.637656294810533,12.087009,16.0,12.952308732478206,0.4834662973880768,0.6161290322580646,0.5440314412117004,0.6690860215053762,0.4979676604270935,0.5564516129032258
2023-04-20,3,13.390000343322754,13.45285588896771,12.6801195,14.68000030517578,13.0828032464064,0.4850503504276275,0.7110887096774194,0.5392563939094543,0.7139784946236558,0.5027087926864624,0.7130376344086021
2023-04-21,3,9.760000228881836,12.85922166104335,12.631869,12.619999885559082,13.093356673195794,0.4919836223125458,0.6187499999999999,0.5033910274505615,0.5677419354838709,0.4955107271671295,0.5920698924731183
2023-04-22,3,14.4399995803833,11.630346173636495,12.521772,11.220000267028809,11.482789908970812,0.5191089510917664,0.3560483870967742,0.5614271759986877,0.2967741935483871,0.5084447264671326,0.33198924731182794
2023-04-23,3,13.68000030517578,11.676497088870171,12.459674,11.229999542236328,11.59599129646244,0.5106925964355469,0.36612903225806454,0.5405477285385132,0.30967741935483867,0.5037330389022827,0.33198924731182794
2023-04-24,3,11.829999923706056,12.335814296103795,12.482435,13.460000038146973,11.630584998980748,0.5081232786178589,0.4887096774193548,0.4837577939033508,0.44301075268817197,0.4930155277252197,0.4704301075268817
2023-04-25,3,12.789999961853027,12.400721128419725,12.740886,13.390000343322754,11.689633774940733,0.4978384673595428,0.5306451612903226,0.5050108432769775,0.48629032258064514,0.4942460060119629,0.5443548387096774
2023-04-26,3,12.880000114440918,11.508602074911758,12.688877,9.760000228881836,12.001971019033896,0.4695499837398529,0.36068548387096777,0.502343475818634,0.30403225806451617,0.4906757771968841,0.3864247311827957
2023-04-27,3,10.510000228881836,13.156656215526848,12.297117,14.4399995803833,12.791691099406094,0.48582324385643,0.6,0.5343573689460754,0.6209677419354839,0.5078985095024109,0.5577956989247312
2023-04-28,3,16.520000457763672,13.30262217185102,12.643753,13.68000030517578,13.369350026458738,0.4899703562259674,0.6935483870967742,0.518217921257019,0.6693548387096774,0.5012840032577515,0.6747311827956989
2023-04-29,3,14.09000015258789,12.645601473184724,12.505075,11.829999923706056,13.17188513282313,0.4557431936264038,0.49838709677419357,0.5239086747169495,0.5155913978494623,0.4950942099094391,0.5188172043010753
2023-04-30,3,13.979999542236328,12.760026633111998,12.316849,12.789999961853027,12.932832288022263,0.4837025701999664,0.5346774193548387,0.5043084621429443,0.5188172043010753,0.4970543980598449,0.48924731182795694
2023-05-01,3,13.970000267028809,13.140956803232521,12.42996,12.880000114440918,13.594787826784517,0.4685935378074646,0.6094758064516129,0.5665506720542908,0.6349462365591398,0.5025658011436462,0.5920698924731183
2023-05-02,3,14.0,12.514006202330357,12.4340515,10.510000228881836,13.693418773871093,0.4899909496307373,0.5625,0.5223042368888855,0.5086021505376344,0.4935916662216186,0.49731182795698925
2023-05-03,3,13.9399995803833,14.150067865751977,12.227717,16.520000457763672,13.619685327067568,0.4990626275539398,0.739516129032258,0.501933753490448,0.7551075268817203,0.5039252638816833,0.6639784946236559
2023-05-04,3,14.020000457763672,13.701723178149528,12.746086,14.09000015258789,13.889409411963117,0.4938582479953766,0.7925403225806452,0.5183753371238708,0.7650537634408602,0.4947112500667572,0.7748655913978494
2023-05-05,3,14.880000114440918,12.684263239101451,12.51793,13.979999542236328,12.01512816835357,0.4744296967983246,0.5185483870967742,0.507704496383667,0.5282258064516129,0.4912175238132477,0.5362903225806451
2023-05-06,3,11.520000457763672,12.37446837751669,12.519886,13.970000267028809,11.400414031016917,0.4764593541622162,0.4379032258064516,0.4950674474239349,0.43682795698924726,0.4915109872817993,0.46639784946236557
2023-05-07,3,13.0,12.452662053279816,12.619427,14.0,11.496998249416771,0.4536576867103576,0.4264112903225807,0.5690123438835144,0.48844086021505373,0.5519281625747681,0.5060483870967742
2023-05-08,3,9.369999885559082,12.321987146973198,12.632271,13.9399995803833,11.264429819441652,0.4839586317539215,0.45342741935483877,0.5322219133377075,0.4483870967741935,0.5180771350860596,0.48319892473118276
2023-05-09,3,12.59000015258789,12.630239345926947,12.633458,14.020000457763672,11.834710715988937,0.4940384030342102,0.5568548387096774,0.4963848292827606,0.5247311827956989,0.5123328566551208,0.5604838709677419
2023-05-10,3,12.670000076293944,12.453885400712535,12.665357,14.880000114440918,10.976903450315971,0.4828230440616607,0.4717741935483871,0.4911327362060547,0.46075268817204296,0.4977539777755737,0.5147849462365591
2023-05-11,3,12.9399995803833,11.861554601720798,12.695667,11.520000457763672,11.69925165614807,0.477658063173294,0.4060483870967742,0.5047612190246582,0.357258064516129,0.4925014674663543,0.4301075268817204
2023-05-12,3,11.93000030517578,11.92891154204525,12.368483,13.0,11.128473226947644,0.4765624105930328,0.3405241935483871,0.5111649036407471,0.342741935483871,0.5055042505264282,0.34879032258064513
2023-05-13,3,12.829999923706056,11.47699618123977,12.460275,9.369999885559082,12.259588856445776,0.4942061603069305,0.3770161290322581,0.4764343500137329,0.28198924731182795,0.4955274760723114,0.33198924731182794
2023-05-14,3,14.460000038146973,12.90635574234986,12.081881,12.59000015258789,13.440476683220924,0.4748010337352752,0.5233870967741936,0.4665102362632751,0.5150537634408602,0.4959306716918945,0.4543010752688172
2023-05-15,3,13.25,13.161909164380052,12.298848,12.670000076293944,13.81288342802071,0.4837764501571655,0.6215725806451613,0.4615724384784698,0.5841397849462365,0.4982877671718597,0.555779569892473
2023-05-16,3,12.850000381469728,13.153756524340691,12.261774,12.9399995803833,13.658181574176638,0.444904088973999,0.55,0.4832649528980255,0.5981182795698925,0.5091214776039124,0.5470430107526881
2023-05-17,3,14.510000228881836,12.387503485741146,12.372247,11.93000030517578,12.6554723685247,0.4917725622653961,0.49153225806451617,0.5131915211677551,0.4494623655913978,0.5088645815849304,0.43817204301075263
2023-05-18,3,10.06999969482422,12.826524462701025,12.305698,12.829999923706056,13.047749826141445,0.4769791662693023,0.5401209677419354,0.4948991537094116,0.5317204301075268,0.502805233001709,0.502016129032258
2023-05-19,3,12.90999984741211,13.280046407088328,12.379072,14.460000038146973,12.99191907809267,0.4688441455364227,0.6100806451612903,0.491620659828186,0.6365591397849462,0.4958354830741882,0.603494623655914
2023-05-20,3,13.149999618530272,13.309456297102194,12.530305,13.25,13.6773533084901,0.4774667620658874,0.6774193548387097,0.4938062727451324,0.6623655913978495,0.5102474689483643,0.6586021505376344
2023-05-21,3,14.399999618530272,13.427110190249778,12.467256,12.850000381469728,14.168253305373993,0.4806631207466125,0.6919354838709677,0.4784899353981018,0.6607526881720429,0.5037010908126831,0.6478494623655913
2023-05-22,3,13.75,13.927316048626583,12.427734,14.510000228881836,14.237031680749256,0.4825488626956939,0.7665322580645162,0.4668101370334625,0.7561827956989247,0.5034978985786438,0.7231182795698924
2023-05-23,3,12.880000114440918,12.338250434079786,12.571174,10.06999969482422,13.534569328260014,0.4559262990951538,0.4852822580645162,0.5027735829353333,0.46801075268817205,0.5157039761543274,0.502016129032258
2023-05-24,3,12.199999809265137,12.399983076695696,12.078265,12.90999984741211,12.246424097727328,0.4659672379493713,0.39475806451612905,0.4688865840435028,0.41209677419354834,0.5119693279266357,0.3655913978494624
2023-05-25,3,12.420000076293944,12.40556155415211,12.251123,13.149999618530272,12.04635632628692,0.4715889990329742,0.42681451612903226,0.493461936712265,0.4403225806451613,0.5174606442451477,0.4092741935483871
2023-05-26,3,7.989999771118164,12.94010408371604,12.262072,14.399999618530272,12.39646324255764,0.4455992877483368,0.4766129032258065,0.4753501117229461,0.5416666666666667,0.5138400793075562,0.5040322580645161
2023-05-27,3,10.550000190734863,13.093507069628018,12.376843,13.75,13.025509996398894,0.4688266217708587,0.5804435483870969,0.509641706943512,0.6045698924731182,0.5174610018730164,0.5692204301075268
2023-05-28,3,9.119999885559082,12.931772152787897,12.367388,12.880000114440918,13.203235097323835,0.4643058478832245,0.5497983870967742,0.5157705545425415,0.5739247311827956,0.5198472738265991,0.5396505376344085
2023-05-29,3,9.1899995803833,12.368222382499493,12.284181,12.199999809265137,12.500367302561765,0.4665781259536743,0.4145161290322581,0.4823598265647888,0.4115591397849462,0.496692031621933,0.396505376344086
2023-05-30,3,9.289999961853027,12.40590839038489,12.236868,12.420000076293944,12.470301880030384,0.4719045758247375,0.4223790322580645,0.5070989727973938,0.4279569892473118,0.5323124527931213,0.39045698924731176
2023-05-31,3,10.0,11.1131221560655,12.285957,7.989999771118164,12.395120014349194,0.4425654113292694,0.25806451612903225,0.5195473432540894,0.2701612903225806,0.5275881290435791,0.2661290322580645
2023-06-01,3,13.260000228881836,11.12033353285832,11.865842,10.550000190734863,11.126734671011002,0.4717163443565368,0.14314516129032256,0.4452715516090393,0.11532258064516128,0.5088654160499573,0.09408602150537634
2023-06-02,3,12.5600004196167,10.760956158600088,12.008743,9.119999885559082,11.163879668309272,0.4596819877624511,0.0907258064516129,0.4532401263713836,0.07096774193548386,0.5055423378944397,0.07123655913978494
2023-06-03,3,13.640000343322754,10.833514292697235,11.800468,9.1899995803833,11.358256825175438,0.4471017122268677,0.07883064516129032,0.4650034308433532,0.0868279569892473,0.5206002593040466,0.05981182795698924
2023-06-04,3,15.850000381469728,10.502800072788984,11.711773,9.289999961853027,10.677697453090524,0.4588836133480072,0.046370967741935484,0.4599305093288421,0.03924731182795699,0.5138760209083557,0.021505376344086023
2023-06-05,3,11.119999885559082,10.982607240186223,11.675834,10.0,11.246999908943872,0.449844092130661,0.08629032258064515,0.4725538790225982,0.10241935483870966,0.5259957909584045,0.06720430107526881
2023-06-06,3,10.399999618530272,12.071710850262246,11.674884,13.260000228881836,11.562756998306297,0.4556905627250671,0.2810483870967742,0.4509062767028808,0.3303763440860215,0.509526789188385,0.2647849462365591
2023-06-07,3,11.399999618530272,11.875542631408788,11.921461,12.5600004196167,11.464744594465174,0.4608832597732544,0.23669354838709677,0.4639769196510315,0.2629032258064516,0.5165919661521912,0.2150537634408602
2023-06-08,3,13.15999984741211,12.003794688615342,11.925701,13.640000343322754,11.102288752474823,0.4704706370830536,0.2737903225806452,0.4684935808181762,0.2997311827956989,0.5165656208992004,0.24462365591397847
2023-06-09,3,16.860000610351562,13.498005923587003,12.103352,15.850000381469728,12.751717914905589,0.4845680892467499,0.5955645161290322,0.4885085225105285,0.621774193548387,0.5180399417877197,0.5389784946236559
2023-06-10,3,10.779999732971191,11.736850884127813,12.351911,11.119999885559082,11.82573997650758,0.4876648485660553,0.3584677419354839,0.4215380549430847,0.2768817204301075,0.4944115281105041,0.3212365591397849
2023-06-11,3,14.09000015258789,11.843292314057367,11.995003,10.399999618530272,12.60301213181172,0.4943964779376983,0.35665322580645165,0.4181286692619324,0.27956989247311825,0.5000274181365967,0.24932795698924728
2023-06-12,3,11.399999618530272,11.33104434898613,11.893196,11.399999618530272,11.050719201669246,0.5028491020202637,0.20625000000000002,0.437618613243103,0.14247311827956988,0.502142071723938,0.12029569892473117
2023-06-13,3,10.920000076293944,12.126347316575108,11.997831,13.15999984741211,11.590767148914724,0.4887406826019287,0.3584677419354839,0.44717538356781,0.33817204301075265,0.5141624808311462,0.293010752688172
2023-06-14,3,14.31999969482422,13.842761676318055,12.188918,16.860000610351562,12.827415289578076,0.4862454831600189,0.642741935483871,0.4705128371715545,0.6626344086021505,0.5145871043205261,0.5913978494623655
2023-06-15,3,13.18000030517578,11.724052924552227,12.557194,10.779999732971191,11.906451430263772,0.4726800918579101,0.3717741935483871,0.4864609241485595,0.3236559139784946,0.5028601288795471,0.3844086021505376
2023-06-16,3,17.479999542236328,12.013805347781322,11.9995165,14.09000015258789,10.833532108369562,0.4679052829742431,0.2913306451612903,0.4950268864631653,0.3400537634408602,0.5123291015625,0.2775537634408602
2023-06-17,3,11.5600004196167,11.703395610476274,12.293428,11.399999618530272,11.623893724649536,0.5008175373077393,0.34173387096774194,0.5258785486221313,0.2975806451612903,0.5229659676551819,0.28965053763440857
2023-06-18,3,16.329999923706055,11.422650817497413,12.124603,10.920000076293944,11.409043162826858,0.4868984520435333,0.2463709677419355,0.4811998009681701,0.1991935483870968,0.5161820650100708,0.1922043010752688
2023-06-19,3,11.510000228881836,12.35802958710522,12.163248,14.31999969482422,11.320381634310884,0.501707911491394,0.41028225806451607,0.5071788430213928,0.41263440860215045,0.5195018649101257,0.3649193548387097
2023-06-20,3,12.68000030517578,12.318330481249044,12.475251,13.18000030517578,11.758696073826211,0.4879597723484039,0.47661290322580646,0.4751207232475281,0.4397849462365591,0.5075965523719788,0.467741935483871
2023-06-21,3,12.260000228881836,13.433347853709607,12.414264,17.479999542236328,11.557725683284168,0.4989459216594696,0.5693548387096774,0.4899645149707794,0.5741935483870967,0.509391188621521,0.560483870967742
2023-06-22,3,11.739999771118164,12.129818924339318,12.782848,11.5600004196167,12.17555989461195,0.4822504222393036,0.47338709677419355,0.5102559328079224,0.41532258064516125,0.5148136615753174,0.49462365591397844
2023-06-23,3,8.819999694824219,13.114865319045919,12.33802,16.329999923706055,11.610579253116946,0.4780377447605133,0.5100806451612904,0.5043421983718872,0.5438172043010752,0.5135496854782104,0.5134408602150538
2023-06-24,3,10.619999885559082,12.227151240485496,12.702232,11.510000228881836,12.433345778752798,0.4905675053596496,0.4967741935483871,0.5009898543357849,0.42499999999999993,0.4993614852428436,0.4905913978494623
2023-06-25,3,9.68000030517578,11.730283182853782,12.287506,12.68000030517578,10.948777905607118,0.4657019972801208,0.2725806451612903,0.5007284283638,0.2887096774193548,0.5240931510925293,0.29032258064516125
2023-06-26,3,10.06999969482422,11.788076545268815,12.382637,12.260000228881836,11.263594245462292,0.462055891752243,0.27983870967741936,0.5247434377670288,0.30026881720430104,0.5320032238960266,0.31182795698924726
2023-06-27,3,9.039999961853027,11.957459185750322,12.340613,11.739999771118164,11.917512930861692,0.4980363845825195,0.3987903225806452,0.4340563714504242,0.31666666666666665,0.511303722858429,0.3508064516129032
2023-06-28,3,11.09000015258789,10.799527150508013,12.251335,8.819999694824219,11.308482332545044,0.4629360139369964,0.1524193548387097,0.5275667309761047,0.14489247311827957,0.5160231590270996,0.15053763440860213
2023-06-29,3,11.899999618530272,11.06101010439206,11.895597,10.619999885559082,10.955335845607504,0.4801326096057892,0.15524193548387097,0.481602281332016,0.12903225806451613,0.5212864279747009,0.09408602150537634
2023-06-30,3,13.56999969482422,10.805732294618462,12.024031,9.68000030517578,10.926879700565047,0.4752807915210724,0.12379032258064517,0.4720604121685028,0.08440860215053764,0.5066868662834167,0.0793010752688172
2023-07-01,3,11.600000381469728,11.207502283721965,11.915566,10.06999969482422,11.55404788468723,0.4853916764259338,0.20463709677419356,0.4474915266036987,0.14731182795698922,0.5229951739311218,0.12298387096774192
2023-07-02,3,13.75,11.150354632182086,11.955818,9.039999961853027,12.011073000448157,0.4902800321578979,0.24233870967741938,0.4528833627700805,0.1696236559139785,0.5141457915306091,0.14381720430107528
2023-07-03,3,11.109999656677246,11.482230445054817,11.841695,11.09000015258789,11.552305802916552,0.4756973683834076,0.2149193548387097,0.4493114948272705,0.18629032258064515,0.5069900155067444,0.15053763440860213
2023-07-04,3,10.329999923706056,11.55953877678716,11.977388,11.899999618530272,11.185911485842736,0.4719087183475494,0.20120967741935483,0.4395383894443512,0.18306451612903224,0.5051402449607849,0.15994623655913978
2023-07-05,3,11.279999732971191,11.762945797670671,11.988635,13.56999969482422,10.63361962687036,0.4745129942893982,0.2574596774193548,0.4354942142963409,0.2612903225806451,0.5112935304641724,0.22782258064516128
2023-07-06,3,11.039999961853027,12.289612591131903,12.20783,11.600000381469728,12.718726392852531,0.4882749617099762,0.4403225806451613,0.4607765674591064,0.3846774193548387,0.5188806653022766,0.3682795698924731
2023-07-07,3,13.0,12.483290945158565,12.093217,13.75,11.926631747459986,0.4827519059181213,0.4368951612903226,0.4454096853733063,0.4244623655913978,0.505059540271759,0.3891129032258065
2023-07-08,3,12.890000343322754,12.129821732965384,12.277581,11.109999656677246,12.64925180497234,0.4782004654407501,0.41774193548387095,0.4398157596588135,0.35860215053763433,0.4980186522006988,0.3669354838709677
2023-07-09,3,14.050000190734863,11.858068298713281,12.036744,10.329999923706056,12.654674926737387,0.4796515107154846,0.3592741935483871,0.4405910968780517,0.30349462365591395,0.5119136571884155,0.27956989247311825
2023-07-10,3,11.640000343322754,12.055383742186473,11.935986,11.279999732971191,12.549630779817978,0.4919416606426239,0.3705645161290323,0.4320729374885559,0.31021505376344083,0.5058059692382812,0.2661290322580645
2023-07-11,3,14.520000457763672,11.393390097496848,12.011731,11.039999961853027,11.330324073934824,0.4824478328227997,0.21008064516129032,0.4276276230812073,0.1575268817204301,0.5015413165092468,0.1518817204301075
2023-07-12,3,12.220000267028809,12.519670816790276,11.989672,13.0,12.472339347866264,0.4745088815689087,0.42318548387096777,0.4380725920200348,0.42069892473118276,0.514043927192688,0.36088709677419356
2023-07-13,3,11.6899995803833,12.527889352734578,12.103632,12.890000343322754,12.50279336642758,0.4722887277603149,0.4443548387096774,0.4633658230304718,0.4432795698924731,0.5220312476158142,0.4018817204301075
2023-07-14,3,12.579999923706056,12.625983383594107,12.058703,14.050000190734863,12.055379658196864,0.4769590497016907,0.4528225806451613,0.4258111715316772,0.45241935483870965,0.503779411315918,0.4112903225806452
2023-07-15,3,11.800000190734863,11.696888179529797,12.164075,11.640000343322754,11.52917259144659,0.4731403589248657,0.2689516129032258,0.446056067943573,0.23548387096774193,0.510601282119751,0.24193548387096775
2023-07-16,3,13.079999923706056,12.22788098580023,11.995989,14.520000457763672,11.01748071002122,0.4651976525783539,0.3092741935483871,0.4354133903980255,0.3446236559139784,0.4973496794700622,0.30107526881720426
2023-07-17,3,11.949999809265137,12.10093223703763,12.302262,12.220000267028809,11.946609178630226,0.4591205418109894,0.3512096774193548,0.4617607891559601,0.3524193548387097,0.5046249032020569,0.364247311827957
2023-07-18,3,12.140000343322754,11.697515589226999,12.080476,11.6899995803833,11.537684561092108,0.4425724148750305,0.21411290322580648,0.4090701341629028,0.22419354838709676,0.4564191997051239,0.22580645161290322
2023-07-19,3,12.479999542236328,11.98296724951945,12.050332,12.579999923706056,11.612935114064014,0.4605512320995331,0.29274193548387095,0.4595957994461059,0.3104838709677419,0.5065146684646606,0.2836021505376344
2023-07-20,3,12.384448051452637,11.798231624741009,12.099213,11.800000190734863,11.668228997633523,0.4466047286987304,0.24838709677419352,0.4635002911090851,0.27177419354838706,0.5153323411941528,0.2567204301075269
2023-07-21,3,12.419676780700684,12.014362829377083,12.033053,13.079999923706056,11.397417273779276,0.465906023979187,0.29133064516129037,0.4233455955982208,0.2983870967741935,0.4989628791809082,0.27620967741935487
2023-07-22,3,12.439343452453612,11.705991180857655,12.127045,11.949999809265137,11.386106042135228,0.4629740417003631,0.23750000000000002,0.4207717478275299,0.22392473118279568,0.4942520558834076,0.23252688172043007
2023-07-23,3,12.313671112060549,11.418716356956788,12.003495,12.140000343322754,10.755934660586286,0.4630236625671386,0.1719758064516129,0.4164707362651825,0.1669354838709677,0.4930606186389923,0.1592741935483871
2023-07-24,3,12.470000267028809,11.5286810987334,11.989809,12.479999542236328,10.7874443161889,0.4691804647445678,0.2032258064516129,0.4187817871570587,0.19301075268817203,0.4944717288017273,0.17607526881720428
2023-07-25,3,12.850000381469728,11.382300740086132,12.026275,12.384448051452637,10.53365616505647,0.4595571756362915,0.17379032258064514,0.4076060056686401,0.1782258064516129,0.5099315047264099,0.17607526881720428
2023-07-26,3,12.039999961853027,11.558771591718628,12.033706,12.419676780700684,10.863282451608292,0.4628820121288299,0.20040322580645162,0.4063409268856048,0.19623655913978494,0.503008246421814,0.19489247311827956
2023-07-27,3,12.850000381469728,11.463398435753064,12.022553,12.439343452453612,10.666077898675493,0.4633693993091583,0.1899193548387097,0.3997719287872314,0.18575268817204302,0.5065203905105591,0.18145161290322578
2023-07-28,3,16.850000381469727,11.506472751320505,12.028553,12.313671112060549,10.821467867177835,0.4670382142066955,0.20201612903225805,0.404626727104187,0.1879032258064516,0.5063576698303223,0.1854838709677419
2023-07-29,3,16.1299991607666,11.789788897700722,12.015172,12.470000267028809,11.30450392852784,0.4667772948741913,0.2407258064516129,0.3971991539001465,0.23010752688172043,0.5089707970619202,0.21774193548387094
2023-07-30,3,14.140000343322754,12.110183260076568,12.040519,12.850000381469728,11.71728673074186,0.4651899337768554,0.3338709677419355,0.4112998247146606,0.3346774193548387,0.5055014491081238,0.31182795698924726
2023-07-31,3,15.9399995803833,11.877113208420987,12.087735,12.039999961853027,11.693768581497384,0.4604217410087585,0.28125,0.4196447432041168,0.2771505376344086,0.506121039390564,0.2708333333333333
2023-08-01,3,15.739999771118164,12.150339986369726,12.0449705,12.850000381469728,11.795692397613893,0.467622697353363,0.35,0.4810975790023803,0.36774193548387096,0.5164051651954651,0.3212365591397849
2023-08-02,3,15.479999542236328,13.301200444981625,12.147583,16.850000381469727,11.76772224340912,0.4758448600769043,0.5096774193548387,0.4564071297645569,0.5411290322580645,0.5081961750984192,0.4905913978494624
2023-08-03,3,14.31999969482422,13.385558138688923,12.555611,16.1299991607666,12.172997756939786,0.4664999544620514,0.5850806451612903,0.4707335233688354,0.610752688172043,0.5114511251449585,0.6276881720430108
2023-08-04,3,15.960000038146973,12.822337750635398,12.565241,14.140000343322754,12.17957201937208,0.4557387828826904,0.5179435483870968,0.4633707404136657,0.542741935483871,0.5077055096626282,0.5786290322580645
2023-08-05,3,10.210000038146973,12.973217346752897,12.449216,15.9399995803833,11.502485219001048,0.458979457616806,0.4637096774193548,0.4950900673866272,0.5220430107526881,0.5164023041725159,0.5228494623655913
2023-08-06,3,9.229999542236328,12.977156984794544,12.665426,15.739999771118164,11.531988671807277,0.4507210850715637,0.4907258064516129,0.4912927746772766,0.5422043010752688,0.5178315043449402,0.5833333333333333
2023-08-07,3,13.100000381469728,12.76196380818842,12.717725,15.479999542236328,11.227760020813225,0.4408400952816009,0.44213709677419355,0.4876587390899658,0.49543010752688166,0.510375440120697,0.555779569892473
2023-08-08,3,12.5,12.907230341886606,12.762938,14.31999969482422,12.161773143873654,0.4472146928310394,0.54375,0.5163178443908691,0.5911290322580645,0.5173528790473938,0.6350806451612903
2023-08-09,3,13.279999732971191,13.160737034160327,12.698978,15.960000038146973,11.75905490366524,0.4333797693252563,0.5294354838709678,0.5259715914726257,0.6120967741935484,0.5160576701164246,0.635752688172043
2023-08-10,3,11.699999809265137,11.526313828785664,12.778164,10.210000038146973,11.74198592148734,0.403116911649704,0.317741935483871,0.4333825409412384,0.2836021505376344,0.4304198026657104,0.41129032258064513
2023-08-11,3,13.800000190734863,10.65553343328487,12.303261,9.229999542236328,10.763955271006123,0.4229467809200287,0.0971774193548387,0.5309892892837524,0.12419354838709679,0.5401203632354736,0.14784946236559138
2023-08-12,3,12.300000190734863,12.089443240670317,12.199107,13.100000381469728,11.464983263357931,0.4319772124290466,0.28669354838709676,0.5684208273887634,0.3798387096774193,0.5431385040283203,0.3279569892473118
2023-08-13,3,15.81999969482422,12.051695690297691,12.482134,12.5,11.61104823773824,0.4491735100746155,0.3504032258064516,0.4347245395183563,0.3470430107526881,0.5156693458557129,0.40725806451612895
2023-08-14,3,11.880000114440918,12.382148334038192,12.422861,13.279999732971191,11.851642106378558,0.4348576664924621,0.40403225806451615,0.455439954996109,0.4403225806451613,0.5175505876541138,0.46370967741935487
2023-08-15,3,11.329999923706056,12.171339273101738,12.470429,11.699999809265137,12.312494798051969,0.4578699171543121,0.3955645161290323,0.4702110290527344,0.3865591397849462,0.5098257064819336,0.4233870967741935
2023-08-16,3,12.729999542236328,12.730019800964193,12.313375,13.800000190734863,12.297164492937036,0.4527963399887085,0.46088709677419354,0.4657970368862152,0.49973118279569884,0.5158714056015015,0.48790322580645157
2023-08-17,3,13.760000228881836,12.252987693494685,12.434687,12.300000190734863,12.148252277998017,0.4605979919433594,0.3975806451612903,0.456125408411026,0.3865591397849462,0.51643967628479,0.42204301075268813
2023-08-18,3,16.600000381469727,13.001298772020174,12.330018,15.81999969482422,11.67830428985508,0.4514087736606598,0.45967741935483875,0.455901175737381,0.5147849462365591,0.5168448090553284,0.5067204301075269
2023-08-19,3,14.539999961853027,12.222907561485837,12.668537,11.880000114440918,12.227870629005436,0.4410264194011688,0.4070564516129032,0.4663927853107452,0.40215053763440856,0.4980484545230865,0.47782258064516125
2023-08-20,3,10.6899995803833,12.157210774966693,12.336875,11.329999923706056,12.552903736387064,0.4362277090549469,0.36008064516129035,0.4848284721374511,0.3825268817204301,0.5267495512962341,0.385752688172043
2023-08-21,3,14.029999732971191,12.562744325880455,12.245089,12.729999542236328,12.603307913340153,0.4567335546016693,0.4314516129032258,0.473705917596817,0.4586021505376344,0.5198027491569519,0.4301075268817204
2023-08-22,3,14.140000343322754,12.89058553593965,12.321029,13.760000228881836,12.637872798232536,0.4364506602287292,0.4901209677419355,0.4480078220367431,0.5352150537634408,0.5133569240570068,0.5248655913978494
2023-08-23,3,14.380000114440918,13.321571533738124,12.39876,16.600000381469727,11.843674278064976,0.4457121789455414,0.510483870967742,0.4464823305606842,0.571774193548387,0.5162506103515625,0.5712365591397849
2023-08-24,3,17.299999237060547,12.627902852817517,12.613999,14.539999961853027,11.5412347274333,0.4348695874214172,0.44233870967741934,0.3998749256134033,0.471505376344086,0.4381283521652221,0.5376344086021505
2023-08-25,3,17.079999923706055,11.447851966079256,12.491993,10.6899995803833,11.433421457653766,0.434161365032196,0.23548387096774193,0.4851037561893463,0.24301075268817202,0.5108847618103027,0.30510752688172044
2023-08-26,3,15.880000114440918,12.366929516617223,12.136676,14.029999732971191,11.515283757250907,0.4625862836837768,0.36169354838709683,0.5220174789428711,0.42500000000000004,0.5354992747306824,0.3682795698924731
2023-08-27,3,13.380000114440918,12.308712891315025,12.4363985,14.140000343322754,11.20754051501705,0.4692273437976837,0.40302419354838714,0.4777885377407074,0.4145161290322581,0.5272121429443359,0.4375
2023-08-28,3,12.420000076293944,12.244614335601174,12.487679,14.380000114440918,10.920223320093248,0.4452248513698578,0.3596774193548387,0.463090568780899,0.4016129032258064,0.5240505337715149,0.44623655913978494
2023-08-29,3,12.65999984741211,14.049746048465494,12.575163,17.299999237060547,12.824422675753532,0.4607085883617401,0.6806451612903226,0.4763810932636261,0.7279569892473118,0.5225330591201782,0.7298387096774193
2023-08-30,3,14.93000030517578,14.099187084663546,12.8637905,17.079999923706055,12.925321141495058,0.4471770524978637,0.7064516129032258,0.4711799919605255,0.7545698924731182,0.5144104361534119,0.7983870967741935
2023-08-31,3,11.880000114440918,13.095232624886126,12.890487,15.880000114440918,11.591685041520297,0.4292493462562561,0.5229838709677419,0.4772953987121582,0.575268817204301,0.5163390636444092,0.650537634408602
2023-09-01,3,12.0600004196167,12.15623805662241,12.841018,13.380000114440918,11.163468333564294,0.4409643113613128,0.3858870967741935,0.489712119102478,0.41129032258064513,0.5161707997322083,0.5040322580645161
2023-09-02,3,13.739999771118164,12.289984423374742,12.670701,12.420000076293944,12.052525517438657,0.4398221373558044,0.4183467741935484,0.5205748677253723,0.4486559139784946,0.524182140827179,0.49663978494623656
2023-09-03,3,14.079999923706056,12.61121234141114,12.55737,12.65999984741211,12.60640905572964,0.4586459696292877,0.4951612903225806,0.482975035905838,0.49999999999999994,0.5141794085502625,0.5336021505376344
2023-09-04,3,12.619999885559082,13.136273806652365,12.555353,14.93000030517578,12.360253296061424,0.4396049678325653,0.5403225806451613,0.4802525639533996,0.5978494623655913,0.5178654789924622,0.6129032258064515
2023-09-05,3,13.0600004196167,12.368472975063735,12.710102,11.880000114440918,12.501187884732657,0.4403431713581085,0.44536290322580646,0.4567726552486419,0.43521505376344083,0.5066270232200623,0.5168010752688171
2023-09-06,3,12.670000076293944,12.236546674218925,12.387354,12.0600004196167,12.272798537228304,0.4343574345111847,0.36895161290322587,0.4701246917247772,0.3922043010752688,0.5172258019447327,0.41129032258064513
2023-09-07,3,15.699999809265137,12.688995350374718,12.300891,13.739999771118164,12.254751831539052,0.4695391058921814,0.47782258064516137,0.4989779591560364,0.49865591397849457,0.5181198716163635,0.4704301075268817
2023-09-08,3,14.260000228881836,12.978013093392551,12.436563,14.079999923706056,12.580356373238784,0.460578978061676,0.5423387096774194,0.4867537915706634,0.5766129032258065,0.5117600560188293,0.5698924731182795
2023-09-09,3,12.279999732971191,12.600704190509543,12.531331,12.619999885559082,12.619409446413894,0.4643107652664184,0.5050403225806451,0.5360476970672607,0.5198924731182795,0.5223953127861023,0.5262096774193548
2023-09-10,3,12.039999961853027,12.7100998119274,12.477629,13.0600004196167,12.6097869555024,0.459740936756134,0.5088709677419354,0.5416997671127319,0.5486559139784946,0.5281162858009338,0.5362903225806451
2023-09-11,3,9.1899995803833,12.788723273778803,12.556641,12.670000076293944,12.956028932532494,0.4581252038478851,0.5300403225806452,0.5453717112541199,0.5615591397849462,0.5206944942474365,0.5625
2023-09-12,3,10.199999809265137,13.469886882617281,12.529866,15.699999809265137,12.59840273136877,0.4543265998363495,0.5931451612903226,0.5170431137084961,0.6588709677419354,0.5183752775192261,0.646505376344086
2023-09-13,3,7.150000095367432,13.204155070612414,12.818303,14.260000228881836,12.766180153292348,0.4577970802783966,0.6294354838709677,0.4898394346237182,0.6529569892473117,0.5036657452583313,0.7016129032258064
2023-09-14,3,12.170000076293944,12.346468598499062,12.739733,12.279999732971191,12.215908921014584,0.4477005898952484,0.44173387096774197,0.5013867020606995,0.4497311827956989,0.5157074332237244,0.5154569892473118
2023-09-15,3,11.050000190734863,12.740388635094243,12.614947,12.039999961853027,13.194371434843898,0.4625774025917053,0.5413306451612903,0.5739067792892456,0.5564516129032258,0.5362799763679504,0.5611559139784945
2023-09-16,3,11.640000343322754,11.5074773712021,12.544406,9.1899995803833,12.387352410756598,0.4626709818840027,0.3429435483870968,0.526178777217865,0.318010752688172,0.5282430648803711,0.3608870967741935
2023-09-17,3,11.640000343322754,12.08523092813152,12.262547,10.199999809265137,13.086513250968675,0.4642004072666168,0.4044354838709678,0.4999985098838806,0.3916666666666666,0.5005862712860107,0.3709677419354838
2023-09-18,3,10.399999618530272,11.16564309518088,12.259931,7.150000095367432,12.991315707294651,0.4658108055591583,0.3512096774193548,0.4737114906311035,0.3110215053763441,0.503990113735199,0.3104838709677419
2023-09-19,3,9.739999771118164,12.634537700761257,11.886675,12.170000076293944,13.220500357925973,0.453915923833847,0.4141129032258065,0.4697858095169067,0.44946236559139785,0.5130523443222046,0.364247311827957
2023-09-20,3,12.970000267028809,11.51087030677383,12.17775,11.050000190734863,11.48841907598488,0.4475311636924743,0.20000000000000004,0.4311112761497497,0.19596774193548383,0.4906400442123413,0.2150537634408602
2023-09-21,3,15.5600004196167,11.549744080463023,12.042613,11.640000343322754,11.286939536170186,0.4257477819919586,0.1653225806451613,0.4195436239242553,0.18629032258064518,0.4750423729419708,0.18817204301075266
2023-09-22,3,17.559999465942383,11.735606666131357,12.028608,11.640000343322754,11.664666850363998,0.4578059315681457,0.2407258064516129,0.4685722887516022,0.2564516129032258,0.5058607459068298,0.22715053763440857
2023-09-23,3,16.579999923706055,11.385606359971884,11.979345,10.399999618530272,11.694350795069326,0.4505260288715362,0.18689516129032258,0.4459791481494903,0.19139784946236557,0.5063781142234802,0.16599462365591394
2023-09-24,3,16.360000610351562,11.21839348744911,11.813116,9.739999771118164,11.808308819973554,0.4486604928970337,0.16370967741935485,0.409313440322876,0.15618279569892474,0.5018540024757385,0.13306451612903225
2023-09-25,3,15.979999542236328,11.954094104125598,11.810146,12.970000267028809,11.43526834137759,0.4471555650234222,0.23790322580645162,0.4437416195869446,0.2860215053763441,0.5111322402954102,0.23387096774193544
2023-09-26,3,10.130000114440918,13.543250841740104,12.171504,15.5600004196167,12.978714015127808,0.4386443495750427,0.5495967741935485,0.4096480011940002,0.6129032258064515,0.5006219744682312,0.564516129032258
2023-09-27,3,10.34000015258789,14.74580502845986,12.513518,17.559999465942383,14.0943883620955,0.4518848955631256,0.7862903225806452,0.4552481472492218,0.8422043010752687,0.5187886953353882,0.8185483870967741
2023-09-28,3,15.529999732971191,14.517362615741735,12.7565565,16.579999923706055,14.09334391793715,0.452989786863327,0.8088709677419355,0.4243325293064117,0.8344086021505375,0.5021212697029114,0.8669354838709676
2023-09-29,3,17.110000610351562,14.463500106033907,12.772119,16.360000610351562,14.104663149009776,0.4632817208766937,0.8266129032258065,0.4414550364017486,0.8344086021505375,0.5014287233352661,0.8669354838709676
2023-09-30,3,17.09000015258789,14.100970767134067,12.836949,15.979999542236328,13.56896365299023,0.4665310084819793,0.778225806451613,0.4643557965755462,0.7841397849462365,0.5026097893714905,0.8239247311827956
2023-10-01,3,14.600000381469728,12.965358623554671,12.895914,10.130000114440918,14.61532546742882,0.4602971076965332,0.6306451612903227,0.451551616191864,0.5688172043010753,0.4939892888069153,0.6559139784946236
2023-10-02,3,15.720000267028809,12.613241595046704,12.390373,10.34000015258789,14.00775181718604,0.4668709933757782,0.5278225806451613,0.4359807074069977,0.47419354838709676,0.4863597154617309,0.4919354838709677
2023-10-03,3,16.31999969482422,13.663559710383797,12.383361,15.529999732971191,13.145679144784056,0.4737882316112518,0.6637096774193548,0.4955087900161743,0.692741935483871,0.4905988276004791,0.650537634408602
2023-10-04,3,13.670000076293944,14.069695048163398,12.745549,17.110000610351562,12.899868747554471,0.4466633796691894,0.6895161290322581,0.4854894578456878,0.7513440860215054,0.4849286377429962,0.7741935483870968
2023-10-05,3,11.979999542236328,14.478776459711337,12.998116,17.09000015258789,13.621217403658164,0.4675837755203247,0.8310483870967742,0.5989424586296082,0.8833333333333333,0.4928396642208099,0.8830645161290323
2023-10-06,3,10.31999969482422,14.008690938837827,13.054391,14.600000381469728,14.079785516835807,0.4751541018486023,0.8225806451612904,0.5662074685096741,0.8349462365591398,0.4897848069667816,0.8494623655913978
2023-10-07,3,17.40999984741211,13.724525183857224,12.881467,15.720000267028809,12.9455643579837,0.4847514927387237,0.7391129032258066,0.6033019423484802,0.7529569892473118,0.5062700510025024,0.764784946236559
2023-10-08,3,17.690000534057617,14.42183327622017,13.064058,16.31999969482422,13.919070441112211,0.5067601799964905,0.8828629032258065,0.5936419367790222,0.8771505376344086,0.5181272029876709,0.8810483870967741
2023-10-09,3,16.43000030517578,13.923254760398752,13.2705555,13.670000076293944,14.347699977200964,0.458547294139862,0.7842741935483872,0.5865015387535095,0.8163978494623656,0.5062896013259888,0.8440860215053763
2023-10-10,3,16.920000076293945,13.120128692360018,13.130074,11.979999542236328,13.767368789156418,0.4557793140411377,0.6379032258064516,0.5885794162750244,0.6497311827956989,0.4960066974163055,0.6948924731182795
2023-10-11,3,16.979999542236328,12.536444546747411,12.958285,10.31999969482422,13.622195696452408,0.4672705829143524,0.5826612903225807,0.5835877060890198,0.5513440860215053,0.4982001185417175,0.6061827956989247
2023-10-12,3,16.639999389648438,14.192895776227267,12.656362,17.40999984741211,13.013065068219044,0.4627704322338104,0.7165322580645161,0.5868374109268188,0.7935483870967741,0.4915457665920257,0.7647849462365592
2023-10-13,3,16.399999618530273,14.955838861041459,13.199792,17.690000534057617,14.14605227404999,0.4536930322647095,0.8673387096774193,0.5828948020935059,0.943548387096774,0.5001817941665649,0.9448924731182794
2023-10-14,3,16.799999237060547,14.53680421431376,13.261368,16.43000030517578,14.0015933970985,0.4570033848285675,0.8326612903225807,0.5836389064788818,0.8956989247311826,0.5055220723152161,0.9099462365591396
2023-10-15,3,17.81999969482422,14.624515115953088,13.141999,16.920000076293945,13.94817347402392,0.4855529069900512,0.8870967741935485,0.6027556657791138,0.9053763440860214,0.5168728232383728,0.9072580645161289
2023-10-16,3,16.31999969482422,14.60581754693207,13.214224,16.979999542236328,13.845539355443378,0.4644821584224701,0.8497983870967742,0.6458637714385986,0.906989247311828,0.5290347337722778,0.9106182795698925
2023-10-17,3,13.300000190734863,14.765369085230521,13.253677,16.639999389648438,14.342019804947649,0.4768340587615967,0.9125000000000001,0.6190457940101624,0.9432795698924731,0.4989863932132721,0.9448924731182795
2023-10-18,3,15.789999961853027,14.705058738947557,13.292334,16.399999618530273,14.341974553020668,0.471263587474823,0.896774193548387,0.6661692261695862,0.9360215053763441,0.5313913822174072,0.9408602150537633
2023-10-19,3,15.18000030517578,14.71444325580721,13.322195,16.799999237060547,14.119374804722677,0.4673982560634613,0.8818548387096774,0.6465942859649658,0.9290322580645161,0.5146427154541016,0.9368279569892471
2023-10-20,3,17.229999542236328,15.225356936793936,13.476029,17.81999969482422,14.492415905116886,0.4790371358394623,0.9532258064516128,0.6913775205612183,0.9854838709677418,0.5358630418777466,0.9852150537634408
2023-10-21,3,17.979999542236328,14.819905338357561,13.58674,16.31999969482422,14.491207993958422,0.4918376505374908,0.9401209677419355,0.6550165414810181,0.9411290322580644,0.520454466342926,0.9509408602150538
2023-10-22,3,16.3700008392334,13.757956505649691,13.502275,13.300000190734863,14.129223616593746,0.4617190659046173,0.7681451612903226,0.6754245162010193,0.7938172043010752,0.5336910486221313,0.8266129032258064
2023-10-23,3,16.440000534057617,14.238603668531159,13.22201,15.789999961853027,13.787774501717731,0.4781432449817657,0.840725806451613,0.6604156494140625,0.8626344086021505,0.5357879996299744,0.8736559139784946
2023-10-24,3,14.119999885559082,14.333222399989335,13.413382,15.18000030517578,14.24356662559251,0.4781537652015686,0.8766129032258064,0.6168084144592285,0.8887096774193548,0.5231384038925171,0.9059139784946236
2023-10-25,3,15.59000015258789,14.476457146007165,13.369729,17.229999542236328,13.377316410736428,0.4773999154567718,0.8419354838709678,0.6352953314781189,0.8741935483870967,0.5381745100021362,0.8924731182795699
2023-10-26,3,17.760000228881836,15.132776321735573,13.60801,17.979999542236328,14.159262905050385,0.4807447791099548,0.935483870967742,0.6530882120132446,0.9631720430107527,0.5392352938652039,0.9704301075268816
