date,fold,y_true,p_tau15,p_tau16,p_tau17,s_tau15_hybrid,s_tau16_hybrid,s_tau17_hybrid
2021-10-10,1,15.100000381469728,0.4248639941215515,0.4969665706157684,0.5182026624679565,0.8364415322580645,0.8364415322580645,0.8254032258064516
2021-10-11,1,11.350000381469728,0.4602319896221161,0.4628724753856659,0.5392427444458008,0.8686995967741936,0.8686995967741936,0.8830645161290323
2021-10-12,1,11.579999923706056,0.4689114391803741,0.448445200920105,0.5416210293769836,0.826108870967742,0.826108870967742,0.802016129032258
2021-10-13,1,13.260000228881836,0.4715095162391662,0.4428355991840362,0.527056097984314,0.8314012096774195,0.8314012096774195,0.8286290322580645
2021-10-14,1,14.130000114440918,0.4595652520656585,0.4706171154975891,0.5653625130653381,0.9125504032258065,0.9125504032258065,0.9346774193548387
2021-10-15,1,17.010000228881836,0.4874208271503448,0.4752855896949768,0.5818137526512146,0.8901209677419355,0.8901209677419355,0.8975806451612903
2021-10-16,1,14.109999656677246,0.4798672795295715,0.4768035113811493,0.5631130337715149,0.7730594758064517,0.7730594758064517,0.7326612903225806
2021-10-17,1,13.31999969482422,0.492609292268753,0.4403707683086395,0.5772919654846191,0.8016633064516129,0.8016633064516129,0.7661290322580645
2021-10-18,1,14.239999771118164,0.4912329912185669,0.4487398564815521,0.568612813949585,0.7988911290322581,0.7988911290322581,0.7830645161290322
2021-10-19,1,15.479999542236328,0.4990948140621185,0.4786133766174316,0.5473799109458923,0.8384576612903226,0.8384576612903226,0.8282258064516128
2021-10-20,1,19.600000381469727,0.4735632240772247,0.4829748272895813,0.5491511821746826,0.890625,0.890625,0.9
2021-10-21,1,15.5600004196167,0.5014193058013916,0.4721957147121429,0.5690909028053284,0.8838205645161291,0.8838205645161291,0.8758064516129033
2021-10-22,1,13.3100004196167,0.4656861126422882,0.4736380875110626,0.5497686266899109,0.858366935483871,0.858366935483871,0.8310483870967742
2021-10-23,1,15.1899995803833,0.4626320004463196,0.487203299999237,0.5259186029434204,0.9082661290322581,0.9082661290322581,0.8891129032258065
2021-10-24,1,17.0,0.4603137075901031,0.4974899590015411,0.4946687221527099,0.94140625,0.94140625,0.9403225806451613
2021-10-25,1,15.170000076293944,0.432293564081192,0.4989175498485565,0.5169814825057983,0.97265625,0.97265625,0.980241935483871
2021-10-26,1,14.34000015258789,0.4556487202644348,0.469250738620758,0.5341105461120605,0.913936491935484,0.913936491935484,0.8963709677419356
2021-10-27,1,15.40999984741211,0.4402097165584564,0.4685418307781219,0.5416920185089111,0.9272933467741935,0.9272933467741935,0.8915322580645162
2021-10-28,1,15.170000076293944,0.4248327314853668,0.4580688774585724,0.5257938504219055,0.9565272177419355,0.9565272177419355,0.9358870967741935
2021-10-29,1,13.399999618530272,0.4587671160697937,0.4581665396690368,0.5275501012802124,0.9686239919354839,0.9686239919354839,0.969758064516129
2021-10-30,1,15.119999885559082,0.4783059358596802,0.4473661780357361,0.5521357655525208,0.906376008064516,0.906376008064516,0.8717741935483871
2021-10-31,1,12.800000190734863,0.4687687456607818,0.4221255779266357,0.5527827739715576,0.8980594758064515,0.8980594758064515,0.8544354838709677
2021-11-01,1,12.34000015258789,0.4406799972057342,0.4455170631408691,0.5687344074249268,0.9080141129032258,0.9080141129032258,0.8685483870967742
2021-11-02,1,13.029999732971191,0.4612912833690643,0.4460480511188507,0.546880304813385,0.8949092741935485,0.8949092741935485,0.8576612903225806
2021-11-03,1,13.199999809265137,0.4817350208759308,0.4504812657833099,0.5250028371810913,0.8571068548387097,0.8571068548387097,0.807258064516129
2021-11-04,1,14.390000343322754,0.452878475189209,0.45423024892807,0.5461606383323669,0.901209677419355,0.901209677419355,0.8709677419354839
2021-11-05,1,11.539999961853027,0.4789057672023773,0.4340552985668182,0.5371562242507935,0.838709677419355,0.838709677419355,0.7826612903225807
2021-11-06,1,12.81999969482422,0.4698001742362976,0.439063012599945,0.5258316397666931,0.806703629032258,0.806703629032258,0.7475806451612903
2021-11-07,1,13.539999961853027,0.4631583988666534,0.4423376619815826,0.5166139006614685,0.866179435483871,0.866179435483871,0.8282258064516128
2021-11-08,1,13.920000076293944,0.4699808955192566,0.4510610997676849,0.529209315776825,0.8782762096774194,0.8782762096774194,0.8721774193548387
2021-11-09,1,15.800000190734863,0.4877916574478149,0.422175794839859,0.5487771034240723,0.8772681451612903,0.8772681451612903,0.8713709677419355
2021-11-10,1,14.6899995803833,0.4808983504772186,0.4266935884952545,0.5536406636238098,0.80859375,0.80859375,0.7512096774193548
2021-11-11,1,12.829999923706056,0.4708295464515686,0.4396762251853943,0.5529659390449524,0.8553427419354839,0.8553427419354839,0.825
2021-11-12,1,12.31999969482422,0.4727948606014251,0.4613414704799652,0.5567486882209778,0.9148185483870968,0.9148185483870968,0.9
2021-11-13,1,17.989999771118164,0.4913278818130493,0.4458283483982086,0.5407023429870605,0.8679435483870968,0.8679435483870968,0.85
2021-11-14,1,17.940000534057617,0.4900226891040802,0.4383705556392669,0.5174059867858887,0.8931451612903226,0.8931451612903226,0.8959677419354839
2021-11-15,1,11.800000190734863,0.5110122561454773,0.4414277076721191,0.5486273765563965,0.8742439516129032,0.8742439516129032,0.8556451612903226
2021-11-16,1,11.890000343322754,0.495792806148529,0.4544437527656555,0.5540477633476257,0.849672379032258,0.849672379032258,0.8076612903225807
2021-11-17,1,12.220000267028809,0.471629649400711,0.4734733998775482,0.5349345803260803,0.8947832661290323,0.8947832661290323,0.8455645161290323
2021-11-18,1,13.130000114440918,0.5084714889526367,0.4483166038990021,0.5145222544670105,0.9598034274193549,0.9598034274193549,0.9673387096774193
2021-11-19,1,16.360000610351562,0.5182980895042419,0.4580736756324768,0.5459365248680115,0.9779485887096775,0.9779485887096775,0.9806451612903226
2021-11-20,1,12.850000381469728,0.5110583305358887,0.444639652967453,0.5407131314277649,0.8001512096774194,0.8001512096774194,0.7375
2021-11-21,1,11.65999984741211,0.4946750104427337,0.4519926309585571,0.5297083258628845,0.6712449596774195,0.6712449596774195,0.5709677419354838
2021-11-22,1,13.699999809265137,0.4903380870819092,0.4586716890335083,0.5417088270187378,0.6692288306451613,0.6692288306451613,0.5758064516129032
2021-11-23,1,13.18000030517578,0.5246118307113647,0.4547533690929413,0.5043667554855347,0.6212197580645161,0.6212197580645161,0.5528225806451612
2021-11-24,1,13.789999961853027,0.5123565793037415,0.4575954079627991,0.5138689279556274,0.6262600806451614,0.6262600806451614,0.569758064516129
2021-11-25,1,12.220000267028809,0.5066049695014954,0.4315289556980133,0.5346909761428833,0.45161290322580644,0.45161290322580644,0.3491935483870968
2021-11-26,1,10.84000015258789,0.5071534514427185,0.4326925873756408,0.541575014591217,0.3893649193548387,0.3893649193548387,0.36693548387096775
2021-11-27,1,13.369999885559082,0.5257506966590881,0.4574057757854461,0.5648930072784424,0.47492439516129037,0.47492439516129037,0.4310483870967742
2021-11-28,1,10.739999771118164,0.5275347828865051,0.4790657460689544,0.5391748547554016,0.656123991935484,0.656123991935484,0.6237903225806452
2021-11-29,1,11.220000267028809,0.5433741211891174,0.4732013046741485,0.5511733889579773,0.584929435483871,0.584929435483871,0.5306451612903226
2021-11-30,1,8.75,0.5220804214477539,0.4646112322807312,0.542354941368103,0.6559979838709677,0.6559979838709677,0.630241935483871
2021-12-01,1,9.90999984741211,0.520362377166748,0.432538241147995,0.539850652217865,0.3787802419354839,0.3787802419354839,0.33225806451612905
2021-12-02,1,10.34000015258789,0.5294864773750305,0.4744506776332855,0.5317398309707642,0.6126512096774194,0.6126512096774194,0.6459677419354839
2021-12-03,1,10.510000228881836,0.5379884243011475,0.481484055519104,0.542043149471283,0.4342237903225806,0.4342237903225806,0.39354838709677414
2021-12-04,1,11.170000076293944,0.5357189774513245,0.465018630027771,0.5055051445960999,0.41103830645161293,0.41103830645161293,0.3745967741935484
2021-12-05,1,11.520000457763672,0.5402770638465881,0.4585550129413605,0.5307435989379883,0.6078629032258065,0.6078629032258065,0.5741935483870968
2021-12-06,1,11.8100004196167,0.5270862579345703,0.4498208463191986,0.4956863522529602,0.20766129032258063,0.20766129032258063,0.15564516129032258
2021-12-07,1,12.880000114440918,0.5504259467124939,0.4803331792354584,0.5068925023078918,0.5,0.5,0.4330645161290323
2021-12-08,1,11.170000076293944,0.548448383808136,0.4661489725112915,0.4925915896892547,0.3389616935483871,0.3389616935483871,0.3221774193548387
2021-12-09,1,12.5600004196167,0.5272900462150574,0.4542620182037353,0.4910594224929809,0.39238911290322587,0.39238911290322587,0.3407258064516129
2021-12-10,1,12.40999984741211,0.5556091666221619,0.4541439712047577,0.5055947303771973,0.46849798387096775,0.46849798387096775,0.42983870967741933
2021-12-11,1,12.3100004196167,0.529228925704956,0.4544690549373626,0.4850790500640869,0.3404737903225806,0.3404737903225806,0.310483870967742
2021-12-12,1,12.1899995803833,0.525406002998352,0.4634766280651092,0.515326201915741,0.3326612903225807,0.3326612903225807,0.3024193548387097
2021-12-13,1,13.130000114440918,0.5376271605491638,0.4605656862258911,0.5056745409965515,0.32182459677419356,0.32182459677419356,0.2778225806451613
2021-12-14,1,13.100000381469728,0.5489010810852051,0.4553712010383606,0.5188512802124023,0.3377016129032258,0.3377016129032258,0.28951612903225804
2021-12-15,1,11.09000015258789,0.5517920851707458,0.4591908156871795,0.5155766010284424,0.5105846774193549,0.5105846774193549,0.4693548387096774
2021-12-16,1,11.56999969482422,0.5690141320228577,0.4585258662700653,0.5233373045921326,0.44354838709677424,0.44354838709677424,0.4217741935483871
2021-12-17,1,12.640000343322754,0.5677787661552429,0.4620412290096283,0.5284448266029358,0.6675907258064517,0.6675907258064517,0.675
2021-12-18,1,17.510000228881836,0.5665385127067566,0.442581295967102,0.5338259935379028,0.5277217741935484,0.5277217741935484,0.5149193548387097
2021-12-19,1,17.979999542236328,0.5706019401550293,0.4442547857761383,0.5259280800819397,0.5720766129032258,0.5720766129032258,0.5770161290322581
2021-12-20,1,13.06999969482422,0.5646052956581116,0.4502805769443512,0.5240634679794312,0.2717993951612903,0.2717993951612903,0.23629032258064517
2021-12-21,1,12.359999656677246,0.5625066161155701,0.4572088718414306,0.5012374520301819,0.2622227822580645,0.2622227822580645,0.2762096774193548
2021-12-22,1,11.880000114440918,0.5883282423019409,0.4844745993614197,0.511177122592926,0.4266633064516129,0.4266633064516129,0.4568548387096774
2021-12-23,1,12.0600004196167,0.5978029370307922,0.5207841992378235,0.4857825636863708,0.529233870967742,0.529233870967742,0.582258064516129
2021-12-24,1,11.479999542236328,0.5717589855194092,0.4814665913581848,0.5279934406280518,0.5059223790322581,0.5059223790322581,0.5705645161290323
2021-12-25,1,11.020000457763672,0.5510473251342773,0.4868710041046142,0.5188039541244507,0.6019405241935484,0.6019405241935484,0.6274193548387097
2021-12-26,1,12.369999885559082,0.5482996702194214,0.498099535703659,0.5142052173614502,0.6004284274193549,0.6004284274193549,0.6068548387096774
2021-12-27,1,13.369999885559082,0.5343966484069824,0.5062043070793152,0.4830389022827148,0.666960685483871,0.666960685483871,0.6649193548387097
2021-12-28,1,12.34000015258789,0.532508134841919,0.4833081662654876,0.4908424317836761,0.3697076612903226,0.3697076612903226,0.39032258064516123
2021-12-29,1,12.279999732971191,0.5259223580360413,0.4715406894683838,0.4495865106582641,0.4380040322580645,0.4380040322580645,0.44758064516129026
2021-12-30,1,12.84000015258789,0.5368443131446838,0.4375109374523163,0.4998268485069275,0.3441280241935484,0.3441280241935484,0.32056451612903225
2021-12-31,1,12.520000457763672,0.5338868498802185,0.4250248372554779,0.4895502626895904,0.37689012096774194,0.37689012096774194,0.3649193548387097
2022-01-01,1,12.789999961853027,0.5199239253997803,0.4252099394798279,0.4923148453235626,0.3824344758064516,0.3824344758064516,0.3657258064516129
2022-01-02,1,13.93000030517578,0.5284576416015625,0.4237691164016723,0.4829170405864715,0.3489163306451613,0.3489163306451613,0.31814516129032255
2022-01-03,1,14.050000190734863,0.5013645887374878,0.4373394548892975,0.4959567189216614,0.4359879032258065,0.4359879032258065,0.39999999999999997
2022-01-04,1,11.800000190734863,0.5426923036575317,0.4303249418735504,0.50040203332901,0.6272681451612904,0.6272681451612904,0.5931451612903227
2022-01-05,1,12.130000114440918,0.5244820713996887,0.4588331580162048,0.4937873184680938,0.7075352822580645,0.7075352822580645,0.6947580645161291
2022-01-06,1,11.100000381469728,0.5437688231468201,0.4689594209194183,0.5046477317810059,0.7118195564516129,0.7118195564516129,0.7036290322580645
2022-01-07,1,12.550000190734863,0.532744288444519,0.4451635181903839,0.4883494973182678,0.6832157258064516,0.6832157258064516,0.6935483870967742
2022-01-08,1,15.3100004196167,0.5386700630187988,0.4594597816467285,0.5136593580245972,0.7348790322580645,0.7348790322580645,0.7213709677419355
2022-01-09,1,15.31999969482422,0.5308678150177002,0.4675954282283783,0.4950350821018219,0.6625504032258065,0.6625504032258065,0.6116935483870968
2022-01-10,1,13.609999656677246,0.5286006927490234,0.4716590046882629,0.5045996308326721,0.6370967741935484,0.6370967741935484,0.575
2022-01-11,1,10.989999771118164,0.5469930171966553,0.475657045841217,0.4961287975311279,0.7135836693548387,0.7135836693548387,0.6729838709677419
2022-01-12,1,12.859999656677246,0.5353647470474243,0.4478674829006195,0.4808384776115417,0.44455645161290325,0.44455645161290325,0.4068548387096774
2022-01-13,1,11.890000343322754,0.5473395586013794,0.453784316778183,0.5127531886100769,0.5942540322580645,0.5942540322580645,0.6056451612903225
2022-01-14,1,14.329999923706056,0.5515233278274536,0.4390505254268646,0.5244911909103394,0.4571572580645162,0.4571572580645162,0.4725806451612903
2022-01-15,1,12.260000228881836,0.529729962348938,0.4512524604797363,0.5318321585655212,0.5960181451612904,0.5960181451612904,0.6338709677419355
2022-01-16,1,13.06999969482422,0.5271214246749878,0.4499832689762115,0.5280099511146545,0.49092741935483875,0.49092741935483875,0.4266129032258064
2022-01-17,1,12.979999542236328,0.5306664109230042,0.4570546746253967,0.5022030472755432,0.4785786290322581,0.4785786290322581,0.42177419354838713
2022-01-18,1,13.619999885559082,0.5331016778945923,0.4534599483013153,0.5010388493537903,0.5186491935483871,0.5186491935483871,0.45040322580645165
2022-01-19,1,11.050000190734863,0.528313934803009,0.4542089402675628,0.4797624349594116,0.37273185483870963,0.37273185483870963,0.34516129032258064
2022-01-20,1,11.050000190734863,0.547019898891449,0.4744961559772491,0.5159770250320435,0.653351814516129,0.653351814516129,0.5931451612903226
2022-01-21,1,15.600000381469728,0.5404226183891296,0.4380954205989837,0.5015161633491516,0.38936491935483875,0.38936491935483875,0.31975806451612904
2022-01-22,1,15.829999923706056,0.5577889680862427,0.4737410247325897,0.5230326056480408,0.6663306451612903,0.6663306451612903,0.6185483870967743
2022-01-23,1,17.56999969482422,0.5393770337104797,0.4633606076240539,0.5061823129653931,0.5797631048387096,0.5797631048387096,0.5455645161290323
2022-01-24,1,17.940000534057617,0.5383720993995667,0.4594812095165252,0.5032587647438049,0.4780745967741935,0.4780745967741935,0.44314516129032255
2022-01-25,1,15.81999969482422,0.5468575358390808,0.4710214734077453,0.5165060758590698,0.5609879032258064,0.5609879032258064,0.5858870967741936
2022-01-26,1,17.8799991607666,0.5335960388183594,0.4391774833202362,0.4957238435745239,0.4889112903225806,0.4889112903225806,0.557258064516129
2022-01-27,1,17.530000686645508,0.5478402376174927,0.4589534401893616,0.5175109505653381,0.36983366935483875,0.36983366935483875,0.38508064516129037
2022-01-28,1,16.850000381469727,0.5636171102523804,0.4664087295532226,0.537745475769043,0.530241935483871,0.530241935483871,0.5403225806451613
2022-01-29,1,15.859999656677246,0.5938431620597839,0.4692833423614502,0.5580006837844849,0.6965725806451613,0.6965725806451613,0.6673387096774193
2022-01-30,1,14.949999809265137,0.5972499847412109,0.4620597660541534,0.5701290965080261,0.700100806451613,0.700100806451613,0.6669354838709678
2022-01-31,1,16.84000015258789,0.6150939464569092,0.4773503839969635,0.5744718313217163,0.819304435483871,0.819304435483871,0.8306451612903225
2022-02-01,1,16.399999618530273,0.6359253525733948,0.4864767789840698,0.5853350162506104,0.8314012096774194,0.8314012096774194,0.8338709677419355
2022-02-02,1,16.34000015258789,0.6054703593254089,0.4657125473022461,0.5793124437332153,0.7716733870967742,0.7716733870967742,0.7846774193548387
2022-02-03,1,17.09000015258789,0.5972785353660583,0.4707962572574615,0.5852572321891785,0.7575604838709677,0.7575604838709677,0.7701612903225806
2022-02-04,1,16.299999237060547,0.6062132716178894,0.4594807624816894,0.5877475142478943,0.7043850806451613,0.7043850806451613,0.7294354838709677
2022-02-05,1,16.399999618530273,0.6138086318969727,0.4799317419528961,0.5744125843048096,0.7111895161290323,0.7111895161290323,0.7725806451612902
2022-02-06,1,15.289999961853027,0.6225289702415466,0.4857329428195953,0.5772702097892761,0.6736391129032258,0.6736391129032258,0.7528225806451613
2022-02-07,1,16.079999923706055,0.6188563704490662,0.4788579046726227,0.5856380462646484,0.6360887096774195,0.6360887096774195,0.7330645161290322
2022-02-08,1,16.360000610351562,0.6042292714118958,0.4867337644100189,0.5909066796302795,0.6732610887096775,0.6732610887096775,0.769758064516129
2022-02-09,1,14.5600004196167,0.5941818356513977,0.4809136092662811,0.5835374593734741,0.6294102822580645,0.6294102822580645,0.7399193548387096
2022-02-10,1,14.229999542236328,0.5637592673301697,0.4869409799575805,0.570102870464325,0.5695564516129032,0.5695564516129032,0.6923387096774194
2022-02-11,1,15.739999771118164,0.5564836859703064,0.481389969587326,0.5736610889434814,0.43623991935483875,0.43623991935483875,0.5338709677419354
2022-02-12,1,16.450000762939453,0.5364195704460144,0.4965539574623108,0.5566213726997375,0.5345262096774194,0.5345262096774194,0.6387096774193548
2022-02-13,1,14.239999771118164,0.5594580769538879,0.483659952878952,0.5633100271224976,0.5186491935483871,0.5186491935483871,0.6237903225806452
2022-02-14,1,14.829999923706056,0.5471702218055725,0.4975015819072723,0.562644898891449,0.5219254032258065,0.5219254032258065,0.6104838709677419
2022-02-15,1,14.170000076293944,0.5519407391548157,0.477020800113678,0.5682386159896851,0.4291834677419355,0.4291834677419355,0.4786290322580645
2022-02-16,1,12.420000076293944,0.5405017733573914,0.471873939037323,0.5614576935768127,0.5410786290322581,0.5410786290322581,0.6096774193548388
2022-02-17,1,11.979999542236328,0.5513902306556702,0.4918296933174133,0.5875608921051025,0.7079133064516129,0.7079133064516129,0.7225806451612903
2022-02-18,1,13.84000015258789,0.5515704154968262,0.4957678318023681,0.5594871044158936,0.7468497983870968,0.7468497983870968,0.7467741935483871
2022-02-19,1,13.0600004196167,0.5455509424209595,0.4766692221164703,0.5677237510681152,0.7503780241935485,0.7503780241935485,0.755241935483871
2022-02-20,1,14.65999984741211,0.5458346009254456,0.4638209939002991,0.5664678812026978,0.7662550403225806,0.7662550403225806,0.7504032258064517
2022-02-21,1,11.859999656677246,0.5378830432891846,0.4594917893409729,0.5529045462608337,0.590725806451613,0.590725806451613,0.5439516129032258
2022-02-22,1,12.229999542236328,0.5365251898765564,0.4580371975898742,0.5427771806716919,0.47769657258064524,0.47769657258064524,0.4237903225806452
2022-02-23,1,8.960000038146973,0.5446978807449341,0.4560035169124603,0.5464560389518738,0.6746471774193548,0.6746471774193548,0.6556451612903225
2022-02-24,1,10.550000190734863,0.5424366593360901,0.4736921787261963,0.5338547229766846,0.6779233870967741,0.6779233870967741,0.6443548387096774
2022-02-25,1,10.09000015258789,0.54872727394104,0.4583106338977813,0.5237244963645935,0.5662802419354839,0.5662802419354839,0.5266129032258065
2022-02-26,1,9.890000343322754,0.5640153884887695,0.4554549753665924,0.5382861495018005,0.6320564516129032,0.6320564516129032,0.5814516129032258
2022-02-27,1,12.550000190734863,0.55968177318573,0.4405707418918609,0.5325828790664673,0.5350302419354838,0.5350302419354838,0.49838709677419357
2022-02-28,1,15.670000076293944,0.537325382232666,0.4724538922309875,0.514924168586731,0.5841733870967741,0.5841733870967741,0.5387096774193548
2022-03-01,1,14.470000267028809,0.5281362533569336,0.4574629664421081,0.4873318076133728,0.2620967741935484,0.2620967741935484,0.2540322580645161
2022-03-02,1,15.59000015258789,0.5382381677627563,0.446727991104126,0.4883384704589844,0.28629032258064513,0.28629032258064513,0.2588709677419355
2022-03-03,1,17.469999313354492,0.5226451754570007,0.4358443319797516,0.4742718338966369,0.12512600806451613,0.12512600806451613,0.1310483870967742
2022-03-04,1,15.229999542236328,0.5332530736923218,0.4486006498336792,0.4763659834861755,0.17552923387096775,0.17552923387096775,0.1975806451612903
2022-03-05,1,15.479999542236328,0.5430685877799988,0.4714689254760742,0.5104160308837891,0.2953629032258065,0.2953629032258065,0.3612903225806452
2022-03-06,1,16.8700008392334,0.5579510927200317,0.4547176659107208,0.5246515870094299,0.2404233870967742,0.2404233870967742,0.25806451612903225
2022-03-07,1,16.90999984741211,0.5801942348480225,0.4687680900096893,0.5559750199317932,0.5166330645161291,0.5166330645161291,0.55
2022-03-08,1,16.700000762939453,0.5685225129127502,0.4800116121768951,0.5517769455909729,0.6328125,0.6328125,0.6419354838709677
2022-03-09,1,17.600000381469727,0.5682541131973267,0.4701933562755584,0.5636841058731079,0.44191028225806456,0.44191028225806456,0.4399193548387097
2022-03-10,1,15.050000190734863,0.5422806739807129,0.4856849014759063,0.5485108494758606,0.4139364919354839,0.4139364919354839,0.4314516129032258
2022-03-11,1,14.65999984741211,0.5452871918678284,0.4836273193359375,0.5595942139625549,0.4722782258064516,0.4722782258064516,0.47580645161290325
2022-03-12,1,14.989999771118164,0.5357255935668945,0.505064070224762,0.5605646371841431,0.6862399193548387,0.6862399193548387,0.7161290322580645
2022-03-13,1,16.389999389648438,0.5216723084449768,0.5291945338249207,0.5497254729270935,0.6771673387096774,0.6771673387096774,0.7096774193548387
2022-03-14,1,14.390000343322754,0.5367562174797058,0.5049619078636169,0.5502514839172363,0.4981098790322581,0.4981098790322581,0.5350806451612904
2022-03-15,1,14.15999984741211,0.5247559547424316,0.5178878307342529,0.5555297136306763,0.515625,0.515625,0.5870967741935484
2022-03-16,1,15.020000457763672,0.5144656896591187,0.5243173837661743,0.5548510551452637,0.4427923387096775,0.4427923387096775,0.5491935483870968
2022-03-17,1,14.65999984741211,0.5137863755226135,0.5175157785415649,0.5821271538734436,0.377898185483871,0.377898185483871,0.4495967741935484
2022-03-18,1,13.90999984741211,0.5033966302871704,0.500719428062439,0.5794020295143127,0.44531250000000006,0.44531250000000006,0.5588709677419355
2022-03-19,1,15.359999656677246,0.5244980454444885,0.4945184886455536,0.5605409741401672,0.579133064516129,0.579133064516129,0.6963709677419355
2022-03-20,1,14.020000457763672,0.5206775069236755,0.4789763689041137,0.5709016919136047,0.4790826612903226,0.4790826612903226,0.5693548387096774
2022-03-21,1,12.34000015258789,0.5179062485694885,0.4979904294013977,0.5751276612281799,0.501008064516129,0.501008064516129,0.592741935483871
2022-03-22,1,10.510000228881836,0.5083946585655212,0.5013561844825745,0.5666833519935608,0.520413306451613,0.520413306451613,0.6233870967741936
2022-03-23,1,11.68000030517578,0.5017149448394775,0.4947966933250427,0.564671516418457,0.45463709677419356,0.45463709677419356,0.5314516129032258
2022-03-24,1,13.130000114440918,0.5070690512657166,0.4866371750831604,0.5545697212219238,0.491179435483871,0.491179435483871,0.5741935483870968
2022-03-25,1,9.489999771118164,0.5094169974327087,0.4963401854038238,0.5507495999336243,0.5418346774193548,0.5418346774193548,0.6080645161290322
2022-03-26,1,12.800000190734863,0.4764844477176666,0.4914845526218414,0.5369318127632141,0.3092237903225806,0.3092237903225806,0.3685483870967742
2022-03-27,1,10.760000228881836,0.4680544137954712,0.4841092228889465,0.547410786151886,0.3089717741935484,0.3089717741935484,0.3278225806451613
2022-03-28,1,9.760000228881836,0.4892896711826324,0.4720686078071594,0.5241836309432983,0.376008064516129,0.376008064516129,0.41814516129032253
2022-03-29,1,11.40999984741211,0.4966999292373657,0.4692133665084839,0.5012639760971069,0.3054435483870968,0.3054435483870968,0.3471774193548387
2022-03-30,1,12.770000457763672,0.4746007919311523,0.464897871017456,0.4957021474838257,0.17515120967741937,0.17515120967741937,0.1814516129032258
2022-03-31,1,13.25,0.4858341217041015,0.4676644206047058,0.498169481754303,0.18775201612903225,0.18775201612903225,0.2221774193548387
2022-04-01,1,12.489999771118164,0.4738057851791382,0.4866156876087188,0.531096339225769,0.34299395161290325,0.34299395161290325,0.37338709677419357
2022-04-02,1,14.949999809265137,0.4690322577953338,0.4681202471256256,0.4878589510917663,0.21232358870967744,0.21232358870967744,0.21975806451612906
2022-04-03,1,17.18000030517578,0.4867248833179474,0.4687235653400421,0.4751466810703277,0.38457661290322587,0.38457661290322587,0.4370967741935484
2022-04-04,1,15.300000190734863,0.488402396440506,0.481458306312561,0.4822089970111847,0.315398185483871,0.315398185483871,0.31612903225806455
2022-04-05,1,14.350000381469728,0.4928982555866241,0.4732665419578552,0.4603511095046997,0.38029233870967744,0.38029233870967744,0.43951612903225806
2022-04-06,1,14.050000190734863,0.4704663455486297,0.4529569149017334,0.4850318133831024,0.2527721774193548,0.2527721774193548,0.25161290322580643
2022-04-07,1,12.720000267028809,0.4785898625850677,0.465028703212738,0.4856396019458771,0.5826612903225807,0.5826612903225807,0.6125
2022-04-08,1,14.56999969482422,0.4895554482936859,0.44179368019104,0.4850833117961883,0.6305443548387097,0.6305443548387097,0.6564516129032258
2022-04-09,1,13.6899995803833,0.493112564086914,0.4524956047534942,0.5060727000236511,0.7075352822580645,0.7075352822580645,0.7205645161290322
2022-04-10,1,15.920000076293944,0.4898520112037658,0.4580690860748291,0.5185741186141968,0.6515877016129032,0.6515877016129032,0.6794354838709677
2022-04-11,1,11.75,0.5116068124771118,0.4605841934680938,0.5358469486236572,0.6502016129032258,0.6502016129032258,0.6858870967741935
2022-04-12,1,11.920000076293944,0.4969077110290527,0.4670206308364868,0.5629299283027649,0.6372227822580645,0.6372227822580645,0.6540322580645161
2022-04-13,1,13.100000381469728,0.5135583877563477,0.4650195240974426,0.5168836712837219,0.4783266129032258,0.4783266129032258,0.5330645161290323
2022-04-14,1,13.5,0.5340930819511414,0.4695628583431244,0.5345329642295837,0.4038558467741936,0.4038558467741936,0.4366935483870968
2022-04-15,1,13.239999771118164,0.5369557738304138,0.4879108369350433,0.5506481528282166,0.5357862903225806,0.5357862903225806,0.6387096774193548
2022-04-16,1,13.75,0.5185427665710449,0.4817137122154236,0.5305920243263245,0.30367943548387094,0.30367943548387094,0.3419354838709677
2022-04-17,1,17.639999389648438,0.5017634630203247,0.4710661172866821,0.5179979801177979,0.21963205645161288,0.21963205645161288,0.2729838709677419
2022-04-18,1,11.220000267028809,0.5141394734382629,0.4829092025756836,0.5182910561561584,0.2501260080645161,0.2501260080645161,0.317741935483871
2022-04-19,1,11.229999542236328,0.5011032819747925,0.4767527282238006,0.5189594626426697,0.10206653225806453,0.10206653225806453,0.13185483870967743
2022-04-20,1,13.460000038146973,0.4960752725601196,0.4830257594585418,0.5150894522666931,0.0763608870967742,0.0763608870967742,0.11129032258064515
2022-04-21,1,14.5,0.5126997828483582,0.4856779277324676,0.5401565432548523,0.08845766129032259,0.08845766129032259,0.13669354838709677
2022-04-22,1,11.6899995803833,0.5188930630683899,0.4986023604869842,0.5513830184936523,0.1890120967741936,0.1890120967741936,0.2774193548387097
2022-04-23,1,11.68000030517578,0.5204836130142212,0.516137421131134,0.5492002964019775,0.09879032258064517,0.09879032258064517,0.12379032258064518
2022-04-24,1,11.09000015258789,0.5084431767463684,0.5182602405548096,0.5089409351348877,0.08896169354838711,0.08896169354838711,0.12338709677419354
2022-04-25,1,8.229999542236328,0.5058044791221619,0.5154794454574585,0.5117939114570618,0.12424395161290322,0.12424395161290322,0.17983870967741933
2022-04-26,1,7.599999904632568,0.5020570158958435,0.5127307176589966,0.5346634387969971,0.11567540322580647,0.11567540322580647,0.17903225806451614
2022-04-27,1,10.039999961853027,0.4804935455322265,0.4931379556655884,0.5314598679542542,0.04863911290322581,0.04863911290322581,0.06774193548387097
2022-04-28,1,9.170000076293944,0.4805072844028473,0.4830131530761719,0.5310198068618774,0.06199596774193549,0.06199596774193549,0.07943548387096774
2022-04-29,1,10.489999771118164,0.490694910287857,0.4973941445350647,0.5475925207138062,0.0768649193548387,0.0768649193548387,0.09475806451612903
2022-04-30,1,9.1899995803833,0.4933592975139618,0.4810438454151153,0.5166558027267456,0.04725302419354838,0.04725302419354838,0.04233870967741935
2022-05-01,1,9.34000015258789,0.4949494898319244,0.4901673197746277,0.4923480153083801,0.04145665322580645,0.04145665322580645,0.03911290322580645
2022-05-02,1,10.279999732971191,0.4808430075645447,0.477736085653305,0.4920591115951538,0.02116935483870968,0.02116935483870968,0.017741935483870968
2022-05-03,1,10.579999923706056,0.4945672750473022,0.4836244881153106,0.4880292117595672,0.04838709677419355,0.04838709677419355,0.03790322580645161
2022-05-04,1,12.710000038146973,0.4763385653495788,0.4696058630943298,0.4559831917285919,0.06476814516129033,0.06476814516129033,0.07016129032258064
2022-05-05,1,12.640000343322754,0.4912919700145721,0.4575547873973846,0.4780691266059875,0.07006048387096775,0.07006048387096775,0.07096774193548387
2022-05-06,1,12.720000267028809,0.4978056252002716,0.4642933905124664,0.4781765937805176,0.031754032258064516,0.031754032258064516,0.025
2022-05-07,1,13.369999885559082,0.4459699988365173,0.4867001473903656,0.4479360282421112,0.11113911290322581,0.11113911290322581,0.1060483870967742
2022-05-08,1,12.9399995803833,0.4474401175975799,0.473933070898056,0.4424521923065185,0.14175907258064518,0.14175907258064518,0.1278225806451613
2022-05-09,1,15.800000190734863,0.4330847859382629,0.4775376617908478,0.4250105321407318,0.3101058467741935,0.3101058467741935,0.2439516129032258
2022-05-10,1,13.31999969482422,0.4468614459037781,0.4502719938755035,0.4291999340057373,0.2864163306451613,0.2864163306451613,0.2532258064516129
2022-05-11,1,11.739999771118164,0.4283634126186371,0.4752570390701294,0.4359632730484009,0.38848286290322587,0.38848286290322587,0.3016129032258065
2022-05-12,1,11.899999618530272,0.410130113363266,0.434441477060318,0.4540037810802459,0.36038306451612906,0.36038306451612906,0.3064516129032258
2022-05-13,1,13.989999771118164,0.4360526502132416,0.4416019916534424,0.4325743913650512,0.4135584677419355,0.4135584677419355,0.3153225806451613
2022-05-14,1,13.140000343322754,0.4323035478591919,0.4242473840713501,0.4482018053531647,0.6241179435483871,0.6241179435483871,0.5576612903225806
2022-05-15,1,13.199999809265137,0.4567826092243194,0.4161513447761535,0.4651928246021271,0.5999243951612904,0.5999243951612904,0.5008064516129033
2022-05-16,1,12.84000015258789,0.4606305956840515,0.4008342623710632,0.4911351501941681,0.47605846774193555,0.47605846774193555,0.3330645161290323
2022-05-17,1,12.779999732971191,0.4569588899612427,0.4194666445255279,0.5015401244163513,0.45262096774193544,0.45262096774193544,0.30362903225806454
2022-05-18,1,13.420000076293944,0.4534464180469513,0.4247080385684967,0.5081437826156616,0.48991935483870974,0.48991935483870974,0.3883064516129032
2022-05-19,1,12.90999984741211,0.4723529815673828,0.4161577224731445,0.4977706968784332,0.3860887096774193,0.3860887096774193,0.27419354838709675
2022-05-20,1,14.4399995803833,0.4707634449005127,0.4329537153244018,0.5116905570030212,0.3455141129032258,0.3455141129032258,0.26895161290322583
2022-05-21,1,13.75,0.471155434846878,0.4793927371501922,0.5238295793533325,0.47379032258064524,0.47379032258064524,0.38104838709677424
2022-05-22,1,13.8100004196167,0.4561433792114258,0.4750946760177612,0.4976471960544586,0.3902469758064516,0.3902469758064516,0.36733870967741933
2022-05-23,1,16.479999542236328,0.4533747434616089,0.4770528972148895,0.4884378314018249,0.3592489919354839,0.3592489919354839,0.37620967741935485
2022-05-24,1,15.800000190734863,0.4681565463542938,0.4574111104011535,0.471325546503067,0.21673387096774194,0.21673387096774194,0.2161290322580645
2022-05-25,1,12.420000076293944,0.4660223722457886,0.4744414091110229,0.4906187355518341,0.28704637096774194,0.28704637096774194,0.3120967741935484
2022-05-26,1,13.5,0.4693845510482788,0.4673231244087219,0.5051245093345642,0.2842741935483871,0.2842741935483871,0.32298387096774195
2022-05-27,1,12.920000076293944,0.4307357966899872,0.4768402576446533,0.476233422756195,0.25579637096774194,0.25579637096774194,0.3068548387096774
2022-05-28,1,13.510000228881836,0.4530836343765259,0.4635665118694305,0.5142409801483154,0.2585685483870968,0.2585685483870968,0.34354838709677415
2022-05-29,1,12.239999771118164,0.4709369540214538,0.4896878898143768,0.5397139191627502,0.27041330645161293,0.27041330645161293,0.34516129032258064
2022-05-30,1,10.239999771118164,0.4886302649974823,0.4862975776195526,0.5456254482269287,0.18850806451612903,0.18850806451612903,0.22459677419354837
2022-05-31,1,9.779999732971191,0.4787830114364624,0.4841552674770355,0.5326422452926636,0.16733870967741937,0.16733870967741937,0.2149193548387097
2022-06-01,1,8.760000228881836,0.4785354733467102,0.4849424362182617,0.5730237364768982,0.24546370967741937,0.24546370967741937,0.275
2022-06-02,1,9.5,0.474013090133667,0.4648656249046325,0.5317524671554565,0.24042338709677422,0.24042338709677422,0.2911290322580645
2022-06-03,1,13.8100004196167,0.4918194413185119,0.4656223654747009,0.5521676540374756,0.14566532258064518,0.14566532258064518,0.15000000000000002
2022-06-04,1,13.989999771118164,0.4826080501079559,0.4660685658454895,0.5524242520332336,0.1491935483870968,0.1491935483870968,0.15
2022-06-05,1,13.15999984741211,0.4926412105560303,0.4750469028949737,0.5540778636932373,0.16431451612903225,0.16431451612903225,0.19274193548387092
2022-06-06,1,11.899999618530272,0.4960162043571472,0.4361806213855743,0.5395548939704895,0.042086693548387094,0.042086693548387094,0.03064516129032258
2022-06-07,1,12.109999656677246,0.4776241183280945,0.4542830288410187,0.5116078853607178,0.0751008064516129,0.0751008064516129,0.0717741935483871
2022-06-08,1,10.9399995803833,0.4799481034278869,0.4714983403682709,0.5047717690467834,0.15347782258064516,0.15347782258064516,0.1875
2022-06-09,1,14.460000038146973,0.4847500324249267,0.4743071794509887,0.5109179615974426,0.15473790322580647,0.15473790322580647,0.17862903225806454
2022-06-10,1,10.279999732971191,0.4689213931560516,0.4789978563785553,0.50860196352005,0.13256048387096775,0.13256048387096775,0.13306451612903225
2022-06-11,1,9.3100004196167,0.4899284541606903,0.4805802404880523,0.5118851065635681,0.14919354838709678,0.14919354838709678,0.12943548387096773
2022-06-12,1,11.399999618530272,0.5021754503250122,0.481634110212326,0.51228928565979,0.11441532258064516,0.11441532258064516,0.09838709677419355
2022-06-13,1,10.920000076293944,0.5099411606788635,0.4827252328395843,0.5149533152580261,0.1323084677419355,0.1323084677419355,0.11370967741935484
2022-06-14,1,10.960000038146973,0.4946892559528351,0.4702875912189483,0.5222155451774597,0.15347782258064518,0.15347782258064518,0.18548387096774194
2022-06-15,1,10.970000267028809,0.5115406513214111,0.4699397087097168,0.5666738748550415,0.12878024193548387,0.12878024193548387,0.10282258064516128
2022-06-16,2,11.960000038146973,0.4497575461864471,0.4749266803264618,0.4630005061626434,0.12313895781637717,0.26900921658986177,0.1373089983022071
2022-06-17,2,13.960000038146973,0.464523047208786,0.4710617959499359,0.4673035442829132,0.2952853598014888,0.3404377880184332,0.21095076400679114
2022-06-18,2,13.329999923706056,0.4543154537677765,0.4671031236648559,0.460375964641571,0.2627171215880893,0.3467741935483871,0.2629456706281833
2022-06-19,2,13.06999969482422,0.4743562936782837,0.4568486213684082,0.4907164275646209,0.28675558312655086,0.32373271889400923,0.2431027164685908
2022-06-20,2,11.829999923706056,0.4558417201042175,0.445034384727478,0.4847869575023651,0.21417493796526052,0.24135944700460835,0.1403862478777589
2022-06-21,2,11.710000038146973,0.4614390730857849,0.4464689195156097,0.4760002195835113,0.32661290322580644,0.2972350230414747,0.1784804753820034
2022-06-22,2,12.039999961853027,0.4646899998188019,0.4359852969646454,0.483512818813324,0.5403225806451613,0.39976958525345624,0.3176994906621392
2022-06-23,2,9.34000015258789,0.4437420070171356,0.4204577505588531,0.47350013256073,0.45657568238213403,0.28801843317972353,0.2845925297113752
2022-06-24,2,9.100000381469728,0.4522008001804352,0.4009698927402496,0.4704316854476928,0.43641439205955335,0.21716589861751154,0.2784380305602716
2022-06-25,2,12.710000038146973,0.4584924578666687,0.4095851182937622,0.4847165942192077,0.3501861042183623,0.2044930875576037,0.2763157894736842
2022-06-26,2,12.9399995803833,0.4643330872058868,0.4087143242359161,0.4892756640911102,0.3357630272952853,0.18375576036866362,0.2530772495755518
2022-06-27,2,10.06999969482422,0.4676827192306518,0.4222705960273742,0.4675256907939911,0.36429900744416877,0.2511520737327189,0.219758064516129
2022-06-28,2,9.039999961853027,0.4702704846858978,0.4258184432983398,0.4843277931213379,0.18672456575682383,0.18433179723502308,0.2043718166383701
2022-06-29,2,11.09000015258789,0.4294435679912567,0.413493663072586,0.4485567212104797,0.12143300248138958,0.146889400921659,0.19068336162988114
2022-06-30,2,11.739999771118164,0.424964964389801,0.4182981848716736,0.4454876482486725,0.3965570719602977,0.3029953917050691,0.3131366723259762
2022-07-01,2,11.619999885559082,0.4417970776557922,0.4369760751724243,0.451560765504837,0.46557071960297763,0.4095622119815669,0.38688455008488964
2022-07-02,2,13.140000343322754,0.4527109563350677,0.4270682632923126,0.4659537374973297,0.2247208436724566,0.24251152073732724,0.2891553480475382
2022-07-03,2,10.84000015258789,0.4304738640785217,0.4257713258266449,0.4529237449169159,0.13430521091811415,0.2044930875576037,0.22495755517826826
2022-07-04,2,11.600000381469728,0.4172497987747192,0.4268392324447632,0.4307116866111755,0.24131513647642683,0.2747695852534563,0.2601867572156197
2022-07-05,2,11.350000381469728,0.4377380609512329,0.4325226843357086,0.4434125423431396,0.3287841191066998,0.3271889400921659,0.29732597623089985
2022-07-06,2,12.84000015258789,0.4591355323791504,0.4280751943588257,0.4634972214698791,0.32320099255583123,0.2753456221198157,0.2527589134125637
2022-07-07,2,10.850000381469728,0.4473834633827209,0.4138213694095611,0.4704097509384155,0.4727047146401985,0.3093317972350231,0.3633276740237691
2022-07-08,2,12.229999542236328,0.4581021964550018,0.4186518788337707,0.4725797474384308,0.2724875930521092,0.2079493087557604,0.2912775891341256
2022-07-09,2,13.619999885559082,0.4651989638805389,0.4187515079975128,0.4726484417915344,0.3511166253101737,0.2471198156682028,0.29902376910016976
2022-07-10,2,12.579999923706056,0.4678122997283935,0.4285951256752014,0.4750281274318695,0.3216501240694789,0.2747695852534563,0.27355687606112056
2022-07-11,2,12.600000381469728,0.4565600454807281,0.4266014397144317,0.4591254591941833,0.406637717121588,0.3012672811059908,0.24151103565365029
2022-07-12,2,11.390000343322754,0.4808343350887298,0.4325950443744659,0.488555759191513,0.282258064516129,0.24711981566820276,0.21095076400679116
2022-07-13,2,12.109999656677246,0.4548884630203247,0.4259828329086303,0.4525433182716369,0.3619727047146402,0.2926267281105991,0.23408319185059423
2022-07-14,2,9.710000038146973,0.4668857455253601,0.413629412651062,0.4713203012943268,0.5424937965260546,0.3335253456221199,0.37860780984719866
2022-07-15,2,12.020000457763672,0.4574082195758819,0.4208261966705322,0.4687578976154327,0.394075682382134,0.2557603686635945,0.24331494057724956
2022-07-16,2,11.899999618530272,0.4578846395015716,0.4064196050167084,0.4721666872501373,0.43160669975186106,0.25230414746543783,0.3182300509337861
2022-07-17,2,11.050000190734863,0.4521767199039459,0.4094534814357757,0.4671161472797394,0.2656637717121588,0.1653225806451613,0.20044567062818336
2022-07-18,2,11.920000076293944,0.4556655287742615,0.4236407876014709,0.4342746436595917,0.3329714640198511,0.2482718894009217,0.1732809847198642
2022-07-19,2,11.479999542236328,0.4495573043823242,0.4306869208812713,0.4618252217769623,0.13740694789081886,0.1860599078341014,0.12584889643463495
2022-07-20,2,10.609999656677246,0.4547789990901947,0.391044557094574,0.4337768852710724,0.33529776674937967,0.15956221198156686,0.19779286926994907
2022-07-21,2,9.40999984741211,0.4357325136661529,0.3763673305511474,0.4502723813056946,0.301333746898263,0.14631336405529957,0.212330220713073
2022-07-22,2,10.84000015258789,0.4412640631198883,0.3745675981044769,0.4619028270244598,0.20719602977667492,0.08640552995391707,0.149830220713073
2022-07-23,2,10.359999656677246,0.4469741880893707,0.4058375954627991,0.4599601626396179,0.2990074441687345,0.16071428571428573,0.17635823429541594
2022-07-24,2,12.710000038146973,0.4412887692451477,0.4120407700538635,0.4509937465190887,0.24937965260545905,0.1653225806451613,0.16362478777589132
2022-07-25,2,11.0,0.4582015872001648,0.4073556065559387,0.4578368663787842,0.20502481389578164,0.12327188940092168,0.16871816638370118
2022-07-26,2,11.68000030517578,0.4487254321575165,0.4062951207160949,0.451989084482193,0.13337468982630274,0.09216589861751154,0.14940577249575554
2022-07-27,2,11.720000267028809,0.450615793466568,0.4045350253582001,0.4487811326980591,0.22441066997518608,0.14746543778801846,0.20829796264855688
2022-07-28,2,13.979999542236328,0.451391339302063,0.4266960620880127,0.4486280083656311,0.15880893300248136,0.18317972350230416,0.1177843803056027
2022-07-29,2,15.369999885559082,0.4526359438896179,0.4340004920959472,0.4459450542926788,0.4114454094292804,0.3611751152073733,0.27493633276740237
2022-07-30,2,13.75,0.4747829139232635,0.4305264353752136,0.4721389412879944,0.3002481389578164,0.26900921658986177,0.24405772495755518
2022-07-31,2,12.579999923706056,0.4571554660797119,0.4133960902690887,0.4530032873153686,0.3143610421836228,0.2154377880184332,0.23588709677419356
2022-08-01,2,11.470000267028809,0.4745054841041565,0.4239516854286194,0.4822081625461578,0.3573200992555831,0.26152073732718895,0.24978777589134124
2022-08-02,2,10.789999961853027,0.459444135427475,0.4090571999549866,0.4762686789035797,0.5429590570719603,0.3047235023041475,0.33414685908319186
2022-08-03,2,11.84000015258789,0.486300528049469,0.4319393336772918,0.4994460642337799,0.684863523573201,0.44815668202764986,0.40810696095076393
2022-08-04,2,11.920000076293944,0.4785990118980407,0.4224098324775696,0.5020002722740173,0.5635856079404467,0.3415898617511521,0.3497453310696095
2022-08-05,2,9.100000381469728,0.4902006089687347,0.4178163707256317,0.509045422077179,0.4558002481389578,0.23214285714285715,0.24755942275042445
2022-08-06,2,10.850000381469728,0.491957813501358,0.4209018349647522,0.4963549971580505,0.3522022332506204,0.20967741935483875,0.20575127334465196
2022-08-07,2,10.130000114440918,0.5020849108695984,0.4117569923400879,0.5093945860862732,0.26736972704714634,0.11175115207373273,0.13497453310696095
2022-08-08,2,9.899999618530272,0.4889977574348449,0.4238744676113128,0.4998606145381927,0.3718982630272953,0.22983870967741937,0.18569609507640067
2022-08-09,2,8.880000114440918,0.4820799827575683,0.4199876487255096,0.4934881627559662,0.36507444168734493,0.21428571428571427,0.18654499151103565
2022-08-10,2,7.510000228881836,0.4773174524307251,0.4305483698844909,0.4825073182582855,0.1549317617866005,0.17569124423963134,0.10621816638370118
2022-08-11,2,7.96999979019165,0.4442720413208008,0.4243465363979339,0.4551215171813965,0.20347394540942926,0.21947004608294934,0.1761460101867572
2022-08-12,2,10.8100004196167,0.4548987746238708,0.4202292263507843,0.4669748842716217,0.17555831265508684,0.17108294930875578,0.16702037351443122
2022-08-13,2,10.510000228881836,0.4467363953590393,0.4322824478149414,0.4566096663475036,0.1445409429280397,0.21947004608294934,0.14325127334465193
2022-08-14,2,8.859999656677246,0.4447700679302215,0.4246449470520019,0.4578144252300262,0.10220223325062033,0.1641705069124424,0.12107385398981323
2022-08-15,2,9.420000076293944,0.4342232644557953,0.4125068485736847,0.4531267285346985,0.09057071960297766,0.12672811059907835,0.1502546689303905
2022-08-16,2,9.739999771118164,0.4468966722488403,0.4208907783031463,0.4509493708610534,0.1020471464019851,0.15898617511520738,0.13752122241086587
2022-08-17,2,10.25,0.4399751126766205,0.3949234187602997,0.4578257203102112,0.16997518610421836,0.1054147465437788,0.13306451612903225
2022-08-18,2,12.0,0.4398741722106933,0.4137561619281769,0.4538801908493042,0.14981389578163773,0.13940092165898618,0.1216044142614601
2022-08-19,2,9.619999885559082,0.4320007264614105,0.4052752256393432,0.4490358233451843,0.06916873449131514,0.06912442396313365,0.08531409168081494
2022-08-20,2,9.979999542236328,0.4308614134788513,0.395296961069107,0.4348926544189453,0.08250620347394541,0.06451612903225808,0.08085738539898132
2022-08-21,2,10.619999885559082,0.4329453110694885,0.3848508596420288,0.449268102645874,0.12763647642679898,0.0892857142857143,0.14208404074702885
2022-08-22,2,12.520000457763672,0.4356662929058075,0.386795312166214,0.4528504908084869,0.15725806451612903,0.10771889400921661,0.17338709677419353
2022-08-23,2,13.149999618530272,0.4316490590572357,0.4011730849742889,0.436655580997467,0.3312655086848635,0.22580645161290325,0.2763157894736842
2022-08-24,2,11.300000190734863,0.4248876869678497,0.418780118227005,0.4152816534042358,0.12298387096774194,0.17396313364055302,0.15927419354838707
2022-08-25,2,11.579999923706056,0.4216023981571197,0.4247117638587951,0.4255454540252685,0.146712158808933,0.22292626728110604,0.19227504244482174
2022-08-26,2,9.739999771118164,0.4323195815086365,0.4132439792156219,0.4383762776851654,0.18703473945409427,0.18663594470046085,0.20606960950764006
2022-08-27,2,6.860000133514404,0.4348844885826111,0.3874439597129822,0.4347382187843323,0.39779776674937967,0.2517281105990784,0.3292657045840407
2022-08-28,2,8.569999694824219,0.4484805464744568,0.4030927419662475,0.4528916180133819,0.48573200992555826,0.3070276497695853,0.3853989813242784
2022-08-29,2,11.5600004196167,0.4325887858867645,0.4091077446937561,0.4350231885910034,0.2704714640198511,0.22177419354838712,0.2797113752122241
2022-08-30,2,9.6899995803833,0.4294869601726532,0.4187665581703186,0.4320463240146637,0.29094292803970223,0.2672811059907835,0.27652801358234297
2022-08-31,2,11.270000457763672,0.4393826425075531,0.4396919310092926,0.4269128143787384,0.17385235732009927,0.28917050691244245,0.22570033955857385
2022-09-01,2,10.06999969482422,0.4329589903354645,0.4414221942424774,0.4290221631526947,0.1042183622828784,0.25460829493087556,0.18463497453310695
2022-09-02,2,10.800000190734863,0.4386152625083923,0.4356647431850433,0.4259606301784515,0.13492555831265507,0.2707373271889401,0.21901528013582341
2022-09-03,2,6.309999942779541,0.4209162294864654,0.430172324180603,0.4216710031032562,0.3076923076923077,0.36175115207373276,0.3329796264855687
2022-09-04,2,9.619999885559082,0.4194770455360412,0.4463119506835937,0.4193894565105438,0.1481079404466501,0.2903225806451613,0.21943972835314088
2022-09-05,2,11.6899995803833,0.4171940684318542,0.4359210431575775,0.4161292016506195,0.24333126550868486,0.33294930875576045,0.26453735144312396
2022-09-06,2,10.960000038146973,0.4140852987766266,0.5042825937271118,0.395108550786972,0.15322580645161288,0.4032258064516129,0.21169354838709675
2022-09-07,2,12.899999618530272,0.3886583149433136,0.4790936708450317,0.4150468111038208,0.19851116625310172,0.37442396313364057,0.25127334465195245
2022-09-08,2,15.260000228881836,0.3832446634769439,0.4277375638484955,0.4152921736240387,0.09739454094292803,0.2286866359447005,0.22007640067911713
2022-09-09,2,10.699999809265137,0.4074732661247253,0.3979295492172241,0.4430908858776092,0.13818238213399503,0.14631336405529954,0.221455857385399
2022-09-10,2,11.899999618530272,0.4172439277172088,0.4155450165271759,0.4503674805164337,0.3047456575682382,0.27822580645161293,0.31228777589134127
2022-09-11,2,14.329999923706056,0.4107037782669067,0.4084606170654297,0.4449140429496765,0.2374379652605459,0.217741935483871,0.29552207130730046
2022-09-12,2,13.670000076293944,0.4126510918140411,0.4223945140838623,0.4591458737850189,0.4297456575682381,0.37500000000000006,0.3922962648556876
2022-09-13,2,11.300000190734863,0.4200530052185058,0.428600400686264,0.4300169050693512,0.629652605459057,0.5207373271889402,0.506578947368421
2022-09-14,2,11.329999923706056,0.4263812601566314,0.4167145490646362,0.4457053542137146,0.28970223325062033,0.30817972350230416,0.4460950764006791
2022-09-15,2,9.4399995803833,0.4358221888542175,0.4256625175476074,0.4441971480846405,0.3661600496277916,0.3508064516129033,0.3591893039049236
2022-09-16,2,10.380000114440918,0.4288605749607086,0.4087806344032287,0.4611131846904754,0.6138337468982631,0.4395161290322581,0.5575127334465195
2022-09-17,2,11.300000190734863,0.4427179396152496,0.4390505254268646,0.4496020376682281,0.6346153846153846,0.5921658986175116,0.6564091680814941
2022-09-18,2,13.420000076293944,0.4327621459960937,0.4545340538024902,0.44780033826828,0.33126550868486354,0.43433179723502313,0.41914261460101865
2022-09-19,2,12.350000381469728,0.4210041165351867,0.4954178929328918,0.4180578291416168,0.2853598014888337,0.4694700460829494,0.3266129032258064
2022-09-20,2,13.020000457763672,0.433370441198349,0.4807026982307434,0.4506069123744964,0.18424317617866004,0.3801843317972351,0.2994482173174872
2022-09-21,2,13.9399995803833,0.4331457912921905,0.4428256750106811,0.4491889476776123,0.24395161290322578,0.3675115207373272,0.3570670628183361
2022-09-22,2,13.920000076293944,0.4247989952564239,0.4492767453193664,0.4472379684448242,0.31358560794044665,0.41820276497695863,0.4000424448217318
2022-09-23,2,11.359999656677246,0.4081771075725555,0.4541384875774383,0.4466045796871185,0.5161290322580645,0.5270737327188941,0.48026315789473684
2022-09-24,2,12.050000190734863,0.4116940498352051,0.4259796738624573,0.4617953300476074,0.4530086848635236,0.44124423963133647,0.5266341256366722
2022-09-25,2,13.65999984741211,0.4128663241863251,0.3929990231990814,0.4740366637706756,0.49426178660049624,0.34735023041474655,0.5141129032258064
2022-09-26,2,13.1899995803833,0.4267764091491699,0.4009096920490265,0.4889577031135559,0.6156947890818858,0.42050691244239635,0.6192699490662139
2022-09-27,2,13.779999732971191,0.4620914161205292,0.4214191734790802,0.4836906492710113,0.6653225806451613,0.4942396313364056,0.6194821731748726
2022-09-28,2,14.420000076293944,0.4408011436462402,0.4032990932464599,0.4958067536354065,0.40353598014888337,0.32142857142857145,0.5664261460101867
2022-09-29,2,15.4399995803833,0.4471575319766998,0.4132022857666015,0.4831907451152801,0.47642679900744417,0.38306451612903225,0.5522071307300509
2022-09-30,2,10.329999923706056,0.4745856523513794,0.4346280694007873,0.5027251839637756,0.6197270471464019,0.49020737327188946,0.5316213921901528
2022-10-01,2,16.68000030517578,0.467136412858963,0.4289395213127136,0.4884454011917114,0.5721153846153846,0.4447004608294931,0.5071095076400679
2022-10-02,2,15.779999732971191,0.4957258999347687,0.4495426416397095,0.5101881623268127,0.6919975186104218,0.5167050691244239,0.5509337860780984
2022-10-03,2,14.520000457763672,0.4592838883399963,0.4467900395393371,0.4840697348117828,0.6988213399503722,0.5881336405529956,0.6404923599320883
2022-10-04,2,12.3100004196167,0.4605593681335449,0.4522847831249237,0.4809851348400116,0.8185483870967741,0.7044930875576038,0.8147283531409167
2022-10-05,2,15.420000076293944,0.4707525372505188,0.470934122800827,0.4792920053005218,0.4094292803970223,0.49884792626728114,0.6211799660441426
2022-10-06,2,12.600000381469728,0.4682210087776184,0.4527299702167511,0.50241619348526,0.8213399503722084,0.6923963133640554,0.7820458404074703
2022-10-07,2,13.869999885559082,0.5029721856117249,0.4668592810630798,0.5121322274208069,0.9401364764267991,0.7402073732718895,0.919779286926995
2022-10-08,2,13.279999732971191,0.465542584657669,0.4497522115707397,0.5078800916671753,0.8101736972704715,0.6900921658986177,0.8692699490662139
2022-10-09,2,13.300000190734863,0.4970417320728302,0.4671128094196319,0.5130165219306946,0.673076923076923,0.6065668202764978,0.7561544991511036
2022-10-10,2,13.449999809265137,0.4777382612228393,0.4650953114032745,0.5004128813743591,0.8216501240694789,0.6900921658986177,0.7650679117147707
2022-10-11,2,13.3100004196167,0.4924402832984924,0.4647759795188904,0.4991380572319031,0.7082816377171215,0.6232718894009217,0.7900042444821731
2022-10-12,2,13.039999961853027,0.4915426075458526,0.4732049405574798,0.5083196759223938,0.765198511166253,0.6503456221198157,0.7236842105263157
2022-10-13,2,13.210000038146973,0.4833779633045196,0.4799977540969848,0.5130136013031006,0.6758684863523573,0.6054147465437789,0.6523769100169778
2022-10-14,2,14.93000030517578,0.4697065055370331,0.4819231033325195,0.4728872776031494,0.6459367245657568,0.6278801843317974,0.636990662139219
2022-10-15,2,14.18000030517578,0.4879148006439209,0.4545170366764068,0.5037736296653748,0.7205334987593052,0.5996543778801844,0.6965195246179965
2022-10-16,2,13.729999542236328,0.4762100577354431,0.4543451070785522,0.4962147176265716,0.6764888337468983,0.5921658986175116,0.6782682512733447
2022-10-17,2,15.15999984741211,0.4937051832675934,0.4562231004238128,0.5184603333473206,0.6702853598014888,0.565668202764977,0.6515280135823429
2022-10-18,2,13.210000038146973,0.4872313737869262,0.4753108024597168,0.5056285858154297,0.6831575682382134,0.6077188940092167,0.6539685908319185
2022-10-19,2,14.56999969482422,0.4717892408370971,0.4549041986465454,0.5171347260475159,0.7990074441687345,0.6768433179723503,0.791383701188455
2022-10-20,2,16.81999969482422,0.5134781002998352,0.4980883002281189,0.5206401348114014,0.8449131513647643,0.7425115207373273,0.8149405772495755
2022-10-21,2,14.449999809265137,0.4957639575004577,0.4644771218299866,0.5235978960990906,0.7859801488833746,0.6509216589861753,0.79223259762309
2022-10-22,2,11.029999732971191,0.5100159049034119,0.4773544073104858,0.5157734155654907,0.8244416873449132,0.6486175115207374,0.6854838709677419
2022-10-23,2,10.850000381469728,0.5089607834815979,0.4888487756252289,0.5225997567176819,0.7641129032258064,0.6705069124423964,0.7902164685908319
2022-10-24,2,13.739999771118164,0.5121746063232422,0.5127615332603455,0.5281828045845032,0.8498759305210917,0.7580645161290324,0.7867147707979626
2022-10-25,2,14.119999885559082,0.5310280323028564,0.4717147946357727,0.5736208558082581,0.9609181141439205,0.7384792626728112,0.9165959252971138
2022-10-26,2,14.539999961853027,0.5204607844352722,0.5012025833129883,0.5311124324798584,0.8861662531017369,0.7551843317972351,0.8707555178268251
2022-10-27,2,13.15999984741211,0.5132244825363159,0.5034186840057373,0.5216671824455261,0.5521091811414393,0.587557603686636,0.6935483870967741
2022-10-28,2,15.90999984741211,0.5071874856948853,0.4905116856098175,0.5287411212921143,0.488833746898263,0.5126728110599079,0.6103565365025467
2022-10-29,2,14.390000343322754,0.5101644992828369,0.4947102665901184,0.5289880037307739,0.7879962779156326,0.6975806451612905,0.7668718166383701
2022-10-30,2,14.630000114440918,0.499702513217926,0.4929728806018829,0.5218172669410706,0.7866004962779156,0.6618663594470047,0.715195246179966
2022-10-31,2,8.380000114440918,0.4807519912719726,0.4754675924777984,0.5104034543037415,0.771712158808933,0.6399769585253456,0.7058573853989814
2022-11-01,2,12.90999984741211,0.4849626123905182,0.4951061904430389,0.5035719871520996,0.7047146401985112,0.6589861751152074,0.7266553480475382
2022-11-02,2,11.0600004196167,0.4857054948806762,0.4733261466026306,0.4992238283157348,0.7617866004962779,0.5737327188940093,0.5545415959252971
2022-11-03,2,15.020000457763672,0.5034719705581665,0.4826346933841705,0.516097366809845,0.8286290322580645,0.6687788018433181,0.7717529711375212
2022-11-04,2,12.579999923706056,0.4975605309009552,0.491583377122879,0.5115456581115723,0.7906327543424317,0.6388248847926268,0.6551358234295415
2022-11-05,2,12.520000457763672,0.5170361995697021,0.5039829611778259,0.5275103449821472,0.3613523573200993,0.4429723502304148,0.48875212224108655
2022-11-06,2,13.760000228881836,0.4906094968318939,0.4908028542995453,0.5180234313011169,0.5576923076923077,0.5017281105990784,0.43357385398981324
2022-11-07,2,12.5600004196167,0.5285543203353882,0.5171678066253662,0.5273076891899109,0.4497518610421837,0.48963133640553,0.44694397283531406
2022-11-08,2,13.1899995803833,0.4772983491420746,0.5138410329818726,0.4923816621303558,0.7267369727047146,0.6831797235023042,0.5768251273344652
2022-11-09,2,13.020000457763672,0.5160927176475525,0.5392872095108032,0.5207341313362122,0.6043734491315137,0.6221198156682027,0.528544142614601
2022-11-10,2,12.300000190734863,0.4789687097072601,0.5089325904846191,0.4876669049263,0.5209367245657568,0.5455069124423964,0.45808573853989815
2022-11-11,2,12.119999885559082,0.5083444118499756,0.5205933451652527,0.5135315656661987,0.7118486352357319,0.658410138248848,0.581918505942275
2022-11-12,2,11.520000457763672,0.4752103984355926,0.4961275458335876,0.4933655858039856,0.5362903225806451,0.5437788018433181,0.5123089983022071
2022-11-13,2,13.18000030517578,0.4703398942947387,0.5098258852958679,0.4946178495883941,0.5826612903225806,0.6013824884792627,0.5228140916808149
2022-11-14,2,12.039999961853027,0.4926535487174988,0.5296401977539062,0.515150785446167,0.6242245657568238,0.6324884792626728,0.5478565365025467
2022-11-15,2,11.289999961853027,0.4919005334377289,0.5285860896110535,0.5173926949501038,0.5446650124069479,0.5806451612903226,0.49257215619694394
2022-11-16,2,14.210000038146973,0.4879208207130432,0.5273481607437134,0.4999964237213135,0.5496277915632753,0.6042626728110599,0.5233446519524618
2022-11-17,2,12.130000114440918,0.4811258316040039,0.5165321230888367,0.5034589171409607,0.462468982630273,0.5408986175115208,0.49830220713073003
2022-11-18,2,12.789999961853027,0.4794465005397796,0.524299681186676,0.4825005531311035,0.6125930521091811,0.6382488479262673,0.5390492359932089
2022-11-19,2,14.640000343322754,0.4732048213481903,0.502502977848053,0.50263512134552,0.5044975186104219,0.5374423963133641,0.5234507640067911
2022-11-20,2,15.1899995803833,0.4761164486408233,0.4991804659366607,0.5113857388496399,0.3990384615384615,0.4683179723502304,0.452355687606112
2022-11-21,2,11.859999656677246,0.4731782376766205,0.4946855306625366,0.5085092782974243,0.6926178660049627,0.6250000000000001,0.6078098471986417
2022-11-22,2,10.899999618530272,0.4723383784294128,0.4894507229328155,0.5027250647544861,0.5902605459057071,0.5996543778801844,0.7037351443123938
2022-11-23,2,13.079999923706056,0.4823499619960785,0.4917256236076355,0.5134550333023071,0.5732009925558312,0.533410138248848,0.5250424448217317
2022-11-24,2,11.4399995803833,0.4889130592346191,0.5003374218940735,0.500800371170044,0.7873759305210918,0.6768433179723503,0.6656409168081493
2022-11-25,2,10.739999771118164,0.4941820502281189,0.4947790205478668,0.5112041234970093,0.8635235732009925,0.7263824884792627,0.7975382003395586
2022-11-26,2,13.609999656677246,0.508467435836792,0.5001047253608704,0.5221861600875854,0.5626550868486352,0.5316820276497697,0.5755517826825127
2022-11-27,2,14.65999984741211,0.480845034122467,0.5032070279121399,0.4936129152774811,0.3632133995037221,0.44182027649769595,0.38242784380305606
2022-11-28,2,12.890000343322754,0.4818824231624603,0.4889252483844757,0.4877999424934387,0.5781637717121588,0.5184331797235023,0.46689303904923596
2022-11-29,2,15.40999984741211,0.4878489673137665,0.477780818939209,0.499234527349472,0.41066997518610415,0.39573732718894017,0.36078098471986414
2022-11-30,2,14.770000457763672,0.4643584191799164,0.5225841999053955,0.4802840054035187,0.26767990074441683,0.43721198156682034,0.28247028862478774
2022-12-01,2,12.899999618530272,0.4604989886283874,0.519693911075592,0.4743217527866363,0.55924317617866,0.5967741935483871,0.4414261460101867
2022-12-02,2,14.59000015258789,0.4580376148223877,0.4913173019886017,0.4733583033084869,0.6643920595533498,0.5806451612903226,0.5178268251273345
2022-12-03,2,13.699999809265137,0.4776899516582489,0.5082637667655945,0.4854071736335754,0.5660669975186104,0.5547235023041475,0.5072156196943973
2022-12-04,2,11.710000038146973,0.4802144169807434,0.5118981599807739,0.4834339618682861,0.7441066997518611,0.653225806451613,0.5634550084889643
2022-12-05,2,11.289999961853027,0.4699506461620331,0.5188290476799011,0.4795255064964294,0.7475186104218362,0.695852534562212,0.6528013582342954
2022-12-06,2,10.859999656677246,0.4939746260643005,0.5401510000228882,0.4839965999126434,0.6673387096774193,0.7021889400921659,0.6465407470288624
2022-12-07,2,12.489999771118164,0.4880059659481048,0.5461273193359375,0.4853618144989013,0.7425558312655086,0.7292626728110599,0.5698217317487266
2022-12-08,2,14.09000015258789,0.4858821630477905,0.5464571714401245,0.487270325422287,0.7304590570719602,0.7620967741935485,0.6806027164685908
2022-12-09,2,14.640000343322754,0.481105089187622,0.5334009528160095,0.487402468919754,0.4610732009925558,0.554147465437788,0.44747453310696095
2022-12-10,2,11.760000228881836,0.4833850562572479,0.5451191663742065,0.4909295737743377,0.4074131513647643,0.566820276497696,0.41288200339558573
2022-12-11,2,12.109999656677246,0.472592830657959,0.5304368138313293,0.5086708664894104,0.36569478908188585,0.5380184331797235,0.45161290322580644
2022-12-12,2,14.600000381469728,0.4742702841758728,0.5187028050422668,0.50495445728302,0.5409429280397022,0.6123271889400922,0.5517826825127334
2022-12-13,2,14.220000267028809,0.4768458902835846,0.5264225006103516,0.5198497176170349,0.694789081885856,0.6906682027649771,0.6171477079796264
2022-12-14,2,13.270000457763672,0.4820341467857361,0.5448334813117981,0.5119261741638184,0.8258374689826302,0.8450460829493088,0.8006154499151104
2022-12-15,2,12.579999923706056,0.484919399023056,0.5370863080024719,0.5137083530426025,0.5859181141439206,0.6981566820276499,0.7094651952461799
2022-12-16,2,12.9399995803833,0.4760031998157501,0.5149234533309937,0.5317085981369019,0.524348635235732,0.5829493087557605,0.5654711375212224
2022-12-17,2,12.920000076293944,0.4962137043476105,0.5329265594482422,0.5205413103103638,0.7878411910669976,0.7361751152073733,0.664685908319185
2022-12-18,2,14.039999961853027,0.4950504899024963,0.5367711186408997,0.5182045102119446,0.799937965260546,0.7695852534562213,0.7419354838709676
2022-12-19,2,13.31999969482422,0.5002714395523071,0.5512704253196716,0.5076286196708679,0.7127791563275435,0.7494239631336406,0.6680814940577249
2022-12-20,2,12.68000030517578,0.4857209026813507,0.5558992624282837,0.4931226968765259,0.6301178660049628,0.7425115207373273,0.6482385398981324
2022-12-21,2,15.239999771118164,0.4956470429897308,0.54208904504776,0.5053505301475525,0.6470223325062034,0.6872119815668203,0.5921052631578947
2022-12-22,2,12.369999885559082,0.4942176938056946,0.5558459162712097,0.4979034662246704,0.6597394540942928,0.7298387096774195,0.6264855687606112
2022-12-23,2,10.220000267028809,0.4863239824771881,0.5628252625465393,0.4948090612888336,0.7821029776674937,0.8283410138248849,0.7367359932088285
2022-12-24,2,10.449999809265137,0.4870713651180267,0.5722391605377197,0.4884966313838959,0.7326302729528535,0.8179723502304148,0.7236842105263158
2022-12-25,2,11.81999969482422,0.4815838634967804,0.572531521320343,0.4902916550636291,0.658498759305211,0.7989631336405532,0.7173174872665534
2022-12-26,2,13.510000228881836,0.4849788844585418,0.5742659568786621,0.4920215904712677,0.8551488833746897,0.8997695852534563,0.7983870967741935
2022-12-27,2,12.289999961853027,0.4847880601882934,0.5827295780181885,0.4900210797786712,0.6805210918114144,0.8410138248847927,0.7943548387096773
2022-12-28,2,13.670000076293944,0.479586511850357,0.5808752179145813,0.4851232767105102,0.41904466501240695,0.6952764976958525,0.6063242784380305
2022-12-29,2,12.9399995803833,0.4677559435367584,0.5719055533409119,0.4823392629623413,0.38244416873449133,0.6722350230414748,0.5564516129032258
2022-12-30,2,13.739999771118164,0.464207112789154,0.5630211234092712,0.4920336008071899,0.483560794044665,0.7016129032258065,0.5691850594227504
2022-12-31,2,10.81999969482422,0.4794671833515167,0.5589891672134399,0.5109990835189819,0.6972704714640198,0.7868663594470047,0.6910016977928692
2023-01-01,2,12.010000228881836,0.4721830785274505,0.545326828956604,0.5039114952087402,0.5550558312655087,0.6745391705069126,0.6151315789473684
2023-01-02,2,13.300000190734863,0.4628797173500061,0.5342904925346375,0.5088986754417419,0.6460918114143921,0.691820276497696,0.629032258064516
2023-01-03,2,11.75,0.4856694936752319,0.5373193621635437,0.5163385272026062,0.6746277915632755,0.7102534562211982,0.699490662139219
2023-01-04,2,14.039999961853027,0.4835515022277832,0.5405924916267395,0.519408106803894,0.7752791563275434,0.8029953917050693,0.8095288624787775
2023-01-05,2,14.390000343322754,0.4999750852584839,0.5492732524871826,0.5131664872169495,0.49162531017369726,0.6440092165898619,0.6305178268251272
2023-01-06,2,10.3100004196167,0.4772854149341583,0.5265963077545166,0.5261865854263306,0.5600186104218362,0.6514976958525347,0.6599108658743633
2023-01-07,2,12.350000381469728,0.5034717917442322,0.5350856184959412,0.5196194648742676,0.709212158808933,0.6970046082949309,0.6537563667232598
2023-01-08,2,13.130000114440918,0.4846212565898895,0.5345978736877441,0.5293365120887756,0.5673076923076923,0.6578341013824885,0.680390492359932
2023-01-09,2,6.710000038146973,0.4798831939697265,0.5263069272041321,0.5252153277397156,0.7433312655086848,0.7148617511520738,0.710632427843803
2023-01-10,2,10.539999961853027,0.4826672375202179,0.5246127843856812,0.5348213911056519,0.7960607940446649,0.7465437788018434,0.7819397283531409
2023-01-11,2,10.5600004196167,0.4924055933952331,0.5160501003265381,0.5218950510025024,0.46991315136476425,0.5691244239631337,0.6721137521222411
2023-01-12,2,10.380000114440918,0.4536704123020172,0.4929841160774231,0.490892231464386,0.5739764267990075,0.627304147465438,0.7112691001697793
2023-01-13,2,11.68000030517578,0.4686859250068664,0.5123770833015442,0.4991324841976166,0.6619106699751861,0.6872119815668204,0.7272920203735144
2023-01-14,2,11.390000343322754,0.4769091010093689,0.5136706233024597,0.4945159256458282,0.3033498759305211,0.4602534562211982,0.49702886247877753
2023-01-15,2,13.84000015258789,0.4623182713985443,0.5191677808761597,0.4902103543281555,0.3570099255583127,0.5478110599078342,0.5171901528013583
2023-01-16,2,9.609999656677246,0.472754567861557,0.5317553281784058,0.480364054441452,0.36879652605459057,0.5397465437788019,0.4879032258064516
2023-01-17,2,11.470000267028809,0.4474484622478485,0.5410672426223755,0.4726774096488952,0.3270781637717121,0.5846774193548387,0.5083828522920203
2023-01-18,2,9.529999732971191,0.452839732170105,0.5460011959075928,0.4678807556629181,0.4254032258064516,0.6221198156682028,0.5028650254668929
2023-01-19,2,9.609999656677246,0.4504482746124267,0.5217817425727844,0.4822947084903717,0.44835607940446653,0.6008064516129032,0.6183149405772496
2023-01-20,2,13.979999542236328,0.4543873369693756,0.5272512435913086,0.4774219989776611,0.6910669975186103,0.7338709677419356,0.7098896434634974
2023-01-21,2,12.460000038146973,0.460298091173172,0.5340895056724548,0.4916008412837982,0.38694168734491313,0.6111751152073732,0.6705220713073005
2023-01-22,2,11.6899995803833,0.4541958272457123,0.5269266963005066,0.4925425350666046,0.47751240694789077,0.6382488479262673,0.6611842105263157
2023-01-23,2,12.880000114440918,0.4781225323677063,0.5418093204498291,0.5027270913124084,0.41811414392059554,0.6353686635944701,0.6774193548387096
2023-01-24,2,12.010000228881836,0.4605779349803924,0.5506054759025574,0.5139485001564026,0.37732630272952855,0.646889400921659,0.6611842105263158
2023-01-25,2,14.399999618530272,0.4786365032196045,0.5731719136238098,0.5247807502746582,0.8121898263027295,0.909562211981567,0.8863539898132428
2023-01-26,2,14.68000030517578,0.4805305898189544,0.5575918555259705,0.5176962614059448,0.685483870967742,0.8162442396313365,0.8469864176570459
2023-01-27,2,16.700000762939453,0.4832254350185394,0.5576574206352234,0.5235210657119751,0.5966191066997518,0.756336405529954,0.7723896434634974
2023-01-28,2,11.449999809265137,0.4568767547607422,0.5527797937393188,0.5167005658149719,0.6693548387096774,0.8266129032258065,0.8563242784380306
2023-01-29,2,8.6899995803833,0.4718336164951324,0.5515457391738892,0.5171850919723511,0.62825682382134,0.7920506912442398,0.8352079796264855
2023-01-30,2,16.0,0.4887346923351288,0.5514207482337952,0.513034999370575,0.8836848635235732,0.9003456221198158,0.9303904923599321
2023-01-31,2,17.450000762939453,0.4726946353912353,0.5529863834381104,0.5168761014938354,0.8781017369727047,0.9262672811059908,0.9630730050933786
2023-02-01,2,15.539999961853027,0.5125476121902466,0.5369031429290771,0.5037532448768616,0.9863523573200992,0.9038018433179725,0.972623089983022
2023-02-02,2,13.670000076293944,0.510882556438446,0.5661397576332092,0.4956129491329193,0.6299627791563276,0.7759216589861753,0.7850169779286927
2023-02-03,2,12.289999961853027,0.4676227569580078,0.5591797828674316,0.4859254062175751,0.3815136476426799,0.6733870967741936,0.6827249575551783
2023-02-04,2,11.920000076293944,0.4788065254688263,0.5666794180870056,0.4917735457420349,0.9044665012406947,0.9458525345622121,0.9112903225806451
2023-02-05,2,10.970000267028809,0.504246711730957,0.5597338676452637,0.5009233951568604,0.9761166253101736,0.9527649769585254,0.9562818336162987
2023-02-06,2,7.570000171661377,0.5115875601768494,0.5684213042259216,0.5040121674537659,0.968982630272953,0.9614055299539173,0.9632852292020374
2023-02-07,2,7.449999809265137,0.5091906785964966,0.5717315077781677,0.4986998438835144,0.8542183622828784,0.9078341013824887,0.9104414261460101
2023-02-08,2,8.880000114440918,0.49556365609169,0.573599636554718,0.5047730803489685,0.7017679900744417,0.836405529953917,0.8277801358234295
2023-02-09,2,11.270000457763672,0.5166395902633667,0.590191662311554,0.5132454633712769,0.6923076923076923,0.8358294930875576,0.8285229202037352
2023-02-10,2,14.0,0.5012373328208923,0.5929650664329529,0.5184171795845032,0.5690136476426799,0.7747695852534563,0.7628395585738539
2023-02-11,2,15.84000015258789,0.5102548599243164,0.5779243111610413,0.5199410915374756,0.4472704714640199,0.6952764976958526,0.6990662139219016
2023-02-12,2,13.81999969482422,0.471882700920105,0.5790489315986633,0.5132326483726501,0.3660049627791563,0.6900921658986177,0.671264855687606
2023-02-13,2,16.040000915527344,0.4441294074058532,0.558954656124115,0.5165524482727051,0.31591191066997515,0.6440092165898618,0.6306239388794567
2023-02-14,2,14.5,0.4428662061691284,0.5636332631111145,0.5066002607345581,0.4536290322580645,0.7338709677419356,0.7070246179966044
2023-02-15,2,13.079999923706056,0.4839536249637604,0.5418208241462708,0.5290619134902954,0.8272332506203475,0.8398617511520738,0.8803056027164685
2023-02-16,2,10.579999923706056,0.459329217672348,0.5380718111991882,0.5164161324501038,0.8411910669975187,0.849078341013825,0.8747877758913412
2023-02-17,2,13.9399995803833,0.4829771518707275,0.5501666069030762,0.5177265405654907,0.8052109181141439,0.8392857142857144,0.8614176570458403
2023-02-18,2,13.760000228881836,0.4753448367118835,0.5513485074043274,0.5098458528518677,0.8821339950372209,0.891705069124424,0.8866723259762309
2023-02-19,2,16.56999969482422,0.5215772390365601,0.5648127794265747,0.5180209875106812,0.8923697270471463,0.8894009216589862,0.8713921901528013
2023-02-20,3,12.140000343322754,0.4727391004562378,0.5725967288017273,0.5077742338180542,0.6474654377880183,0.669758064516129,0.7439516129032258
2023-02-21,3,10.479999542236328,0.494406908750534,0.5950798392295837,0.5095222592353821,0.6906682027649769,0.4486559139784946,0.6129032258064515
2023-02-22,3,11.170000076293944,0.4865453541278839,0.5533369183540344,0.4988534450531006,0.7718894009216589,0.7391129032258065,0.7936827956989246
2023-02-23,3,9.760000228881836,0.4825872778892517,0.5672571659088135,0.5084390640258789,0.7171658986175113,0.6616935483870967,0.6444892473118279
2023-02-24,3,12.960000038146973,0.4563221335411072,0.5507897138595581,0.5005648136138916,0.6088709677419354,0.8983870967741934,0.8844086021505375
2023-02-25,3,15.199999809265137,0.5128732919692993,0.5524762868881226,0.4902027249336242,0.7649769585253454,0.5211021505376344,0.601478494623656
2023-02-26,3,16.389999389648438,0.4911683201789856,0.5223017334938049,0.5031762719154358,0.6313364055299538,0.39919354838709675,0.5443548387096775
2023-02-27,3,15.399999618530272,0.511127233505249,0.5222914814949036,0.5059823989868164,0.7258064516129031,0.4935483870967742,0.6801075268817203
2023-02-28,3,10.4399995803833,0.4620504975318908,0.5789170861244202,0.5201478600502014,0.358294930875576,0.3100806451612903,0.45900537634408595
2023-03-01,3,15.140000343322754,0.4803455770015716,0.55813068151474,0.5078971982002258,0.6117511520737327,0.5260752688172042,0.5134408602150538
2023-03-02,3,13.920000076293944,0.471359521150589,0.5794656872749329,0.5050048232078552,0.6543778801843316,0.7397849462365591,0.6801075268817204
2023-03-03,3,13.869999885559082,0.4643920361995697,0.5895380973815918,0.5113799571990967,0.6203917050691243,0.7709677419354838,0.650537634408602
2023-03-04,3,12.829999923706056,0.5107317566871643,0.5616257786750793,0.5159422159194946,0.8951612903225805,0.8123655913978494,0.7970430107526881
2023-03-05,3,15.479999542236328,0.5015790462493896,0.5990375280380249,0.5207697153091431,0.6722350230414745,0.3904569892473118,0.5181451612903226
2023-03-06,3,12.279999732971191,0.5258480310440063,0.6088268160820007,0.514939546585083,0.8554147465437787,0.7405913978494623,0.6881720430107526
2023-03-07,3,9.800000190734863,0.5182747840881348,0.5722746849060059,0.5085172057151794,0.8421658986175113,0.6817204301075268,0.668010752688172
2023-03-08,3,9.81999969482422,0.4929214417934418,0.5536128282546997,0.4989575445652008,0.769585253456221,0.6422043010752687,0.6048387096774193
2023-03-09,3,11.40999984741211,0.5061160326004028,0.5634139776229858,0.4864951074123382,0.7557603686635943,0.551747311827957,0.5705645161290323
2023-03-10,3,14.0,0.4829438328742981,0.4993461668491363,0.4986800849437713,0.7344470046082948,0.759005376344086,0.7291666666666665
2023-03-11,3,13.3100004196167,0.5120835900306702,0.5494624972343445,0.4823238849639892,0.7793778801843316,0.5829301075268817,0.7170698924731183
2023-03-12,3,14.640000343322754,0.4914707839488983,0.5262668132781982,0.4955608248710632,0.5852534562211981,0.3314516129032258,0.5067204301075269
2023-03-13,3,10.029999732971191,0.5017257928848267,0.5848900675773621,0.4881910383701324,0.6094470046082949,0.325,0.49731182795698925
2023-03-14,3,10.020000457763672,0.4912081956863403,0.6129305362701416,0.4984856843948364,0.622695852534562,0.432258064516129,0.5618279569892474
2023-03-15,3,10.020000457763672,0.4683165550231933,0.5421966910362244,0.4997476935386657,0.5835253456221198,0.676478494623656,0.6861559139784946
2023-03-16,3,13.56999969482422,0.4845888912677765,0.5604149103164673,0.4998972713947296,0.7108294930875574,0.6626344086021505,0.717741935483871
2023-03-17,3,10.149999618530272,0.4861946403980255,0.5934416651725769,0.4940158724784851,0.7407834101382488,0.7126344086021505,0.6720430107526881
2023-03-18,3,15.5,0.4905943572521209,0.5479028820991516,0.4941073656082153,0.6111751152073732,0.37849462365591396,0.5658602150537634
2023-03-19,3,7.21999979019165,0.4950854480266571,0.5298374891281128,0.4966361820697784,0.5875576036866359,0.3428763440860215,0.5396505376344086
2023-03-20,3,9.460000038146973,0.5018516778945923,0.5229437351226807,0.5083935260772705,0.6008064516129031,0.3493279569892473,0.5584677419354839
2023-03-21,3,9.170000076293944,0.4742637872695923,0.4801981151103973,0.5023641586303711,0.5656682027649769,0.6063172043010752,0.6404569892473118
2023-03-22,3,9.34000015258789,0.468610405921936,0.562957763671875,0.4897822439670563,0.41301843317972353,0.31048387096774194,0.4327956989247312
2023-03-23,3,8.569999694824219,0.4887803196907043,0.505426824092865,0.4710073471069336,0.663594470046083,0.6438172043010753,0.5577956989247311
2023-03-24,3,10.729999542236328,0.490975558757782,0.5841398239135742,0.5034468173980713,0.5069124423963133,0.1478494623655914,0.20026881720430106
2023-03-25,3,14.890000343322754,0.4708727896213531,0.5530891418457031,0.5157062411308289,0.2966589861751151,0.13844086021505375,0.2150537634408602
2023-03-26,3,11.270000457763672,0.5199228525161743,0.5493966341018677,0.501124918460846,0.5397465437788017,0.16155913978494624,0.24865591397849462
2023-03-27,3,11.9399995803833,0.4385287165641784,0.5129098296165466,0.4846372902393341,0.1324884792626728,0.1836021505376344,0.29032258064516125
2023-03-28,3,10.81999969482422,0.4654499888420105,0.449710875749588,0.4907201528549194,0.33640552995391704,0.2612903225806451,0.45833333333333326
2023-03-29,3,12.710000038146973,0.4395192861557007,0.4675370752811432,0.4976396560668945,0.17281105990783407,0.30591397849462365,0.428763440860215
2023-03-30,3,15.489999771118164,0.4754326641559601,0.519822895526886,0.4915893077850342,0.5812211981566819,0.6163978494623655,0.5120967741935484
2023-03-31,3,10.4399995803833,0.4612405002117157,0.4417183697223663,0.5097218155860901,0.4014976958525345,0.4271505376344086,0.5577956989247312
2023-04-01,3,10.420000076293944,0.4430620074272156,0.5046036839485168,0.5019060373306274,0.2626728110599078,0.4067204301075268,0.47983870967741926
2023-04-02,3,13.699999809265137,0.4593174457550049,0.5262340903282166,0.5079197883605957,0.33813364055299533,0.40349462365591393,0.581989247311828
2023-04-03,3,15.039999961853027,0.4378420412540436,0.4661137461662292,0.5075286030769348,0.298963133640553,0.5381720430107527,0.6276881720430108
2023-04-04,3,14.68000030517578,0.4864929616451263,0.5024197101593018,0.5024450421333313,0.7632488479262671,0.7747311827956989,0.7580645161290323
2023-04-05,3,13.149999618530272,0.4469342827796936,0.4904062747955322,0.5053238868713379,0.282258064516129,0.3848118279569892,0.5557795698924731
2023-04-06,3,16.979999542236328,0.4611547589302063,0.5363365411758423,0.5204055905342102,0.2857142857142857,0.31182795698924726,0.47311827956989244
2023-04-07,3,14.239999771118164,0.47819784283638,0.5246026515960693,0.5343179106712341,0.5622119815668202,0.578494623655914,0.6061827956989247
2023-04-08,3,12.520000457763672,0.4727925062179565,0.5048247575759888,0.5017901659011841,0.6664746543778801,0.7870967741935483,0.8104838709677419
2023-04-09,3,14.829999923706056,0.4781599044799804,0.5161762237548828,0.4887295067310333,0.7263824884792626,0.7869623655913979,0.8111559139784945
2023-04-10,3,9.899999618530272,0.5026864409446716,0.5588150024414062,0.5064324736595154,0.7574884792626727,0.6288978494623656,0.6969086021505376
2023-04-11,3,10.09000015258789,0.4778703153133392,0.5295286774635315,0.4868418276309967,0.7269585253456221,0.869758064516129,0.8581989247311828
2023-04-12,3,9.65999984741211,0.4805760085582733,0.5389400720596313,0.500869870185852,0.7292626728110599,0.760752688172043,0.803763440860215
2023-04-13,3,9.470000267028809,0.4791891276836395,0.5247246623039246,0.5066362619400024,0.601958525345622,0.5408602150537634,0.6330645161290323
2023-04-14,3,16.0,0.489402025938034,0.5389763712882996,0.5127381086349487,0.7511520737327189,0.7473118279569892,0.7567204301075269
2023-04-15,3,14.68000030517578,0.4639481902122497,0.5184099078178406,0.4994555711746216,0.39573732718894006,0.38897849462365586,0.6249999999999999
2023-04-16,3,12.619999885559082,0.4677681028842926,0.5195932388305664,0.5008977651596069,0.38824884792626724,0.35,0.5591397849462365
2023-04-17,3,11.220000267028809,0.4741032123565674,0.513845682144165,0.504004716873169,0.36347926267281094,0.23279569892473115,0.3924731182795698
2023-04-18,3,11.229999542236328,0.4503640234470367,0.4805327951908111,0.5001790523529053,0.15668202764976957,0.18870967741935482,0.3212365591397849
2023-04-19,3,13.460000038146973,0.4834662973880768,0.5440314412117004,0.4979676604270935,0.6635944700460829,0.7231182795698925,0.6720430107526881
2023-04-20,3,13.390000343322754,0.4850503504276275,0.5392563939094543,0.5027087926864624,0.6860599078341012,0.6608870967741935,0.5934139784946236
2023-04-21,3,9.760000228881836,0.4919836223125458,0.5033910274505615,0.4955107271671295,0.6105990783410138,0.42540322580645157,0.41599462365591394
2023-04-22,3,14.4399995803833,0.5191089510917664,0.5614271759986877,0.5084447264671326,0.5754608294930874,0.2704301075268817,0.30241935483870963
2023-04-23,3,13.68000030517578,0.5106925964355469,0.5405477285385132,0.5037330389022827,0.5587557603686635,0.271505376344086,0.3091397849462365
2023-04-24,3,11.829999923706056,0.5081232786178589,0.4837577939033508,0.4930155277252197,0.662442396313364,0.44731182795698926,0.32661290322580644
2023-04-25,3,12.789999961853027,0.4978384673595428,0.5050108432769775,0.4942460060119629,0.6670506912442395,0.4720430107526882,0.3602150537634409
2023-04-26,3,12.880000114440918,0.4695499837398529,0.502343475818634,0.4906757771968841,0.336405529953917,0.15174731182795698,0.17943548387096772
2023-04-27,3,10.510000228881836,0.48582324385643,0.5343573689460754,0.5078985095024109,0.5731566820276497,0.4637096774193548,0.26344086021505375
2023-04-28,3,16.520000457763672,0.4899703562259674,0.518217921257019,0.5012840032577515,0.6434331797235022,0.489516129032258,0.3709677419354839
2023-04-29,3,14.09000015258789,0.4557431936264038,0.5239086747169495,0.4950942099094391,0.2574884792626728,0.25887096774193546,0.1935483870967742
2023-04-30,3,13.979999542236328,0.4837025701999664,0.5043084621429443,0.4970543980598449,0.5662442396313363,0.4626344086021505,0.46908602150537626
2023-05-01,3,13.970000267028809,0.4685935378074646,0.5665506720542908,0.5025658011436462,0.4487327188940092,0.46196236559139786,0.4536290322580645
2023-05-02,3,14.0,0.4899909496307373,0.5223042368888855,0.4935916662216186,0.5506912442396312,0.31048387096774194,0.4032258064516129
2023-05-03,3,13.9399995803833,0.4990626275539398,0.501933753490448,0.5039252638816833,0.7845622119815667,0.7688172043010753,0.7056451612903225
2023-05-04,3,14.020000457763672,0.4938582479953766,0.5183753371238708,0.4947112500667572,0.7465437788018432,0.6487903225806452,0.6081989247311828
2023-05-05,3,14.880000114440918,0.4744296967983246,0.507704496383667,0.4912175238132477,0.5432027649769584,0.5486559139784946,0.4690860215053763
2023-05-06,3,11.520000457763672,0.4764593541622162,0.4950674474239349,0.4915109872817993,0.5449308755760367,0.5478494623655914,0.4865591397849462
2023-05-07,3,13.0,0.4536576867103576,0.5690123438835144,0.5519281625747681,0.37615207373271886,0.5216397849462365,0.3958333333333333
2023-05-08,3,9.369999885559082,0.4839586317539215,0.5322219133377075,0.5180771350860596,0.662442396313364,0.5764784946236559,0.4926075268817204
2023-05-09,3,12.59000015258789,0.4940384030342102,0.4963848292827606,0.5123328566551208,0.726958525345622,0.5981182795698925,0.521505376344086
2023-05-10,3,12.670000076293944,0.4828230440616607,0.4911327362060547,0.4977539777755737,0.6716589861751151,0.6263440860215054,0.49731182795698925
2023-05-11,3,12.9399995803833,0.477658063173294,0.5047612190246582,0.4925014674663543,0.5057603686635944,0.3524193548387096,0.3870967741935483
2023-05-12,3,11.93000030517578,0.4765624105930328,0.5111649036407471,0.5055042505264282,0.5034562211981566,0.43239247311827955,0.3608870967741935
2023-05-13,3,12.829999923706056,0.4942061603069305,0.4764343500137329,0.4955274760723114,0.5247695852534562,0.1913978494623656,0.2701612903225806
2023-05-14,3,14.460000038146973,0.4748010337352752,0.4665102362632751,0.4959306716918945,0.48329493087557596,0.4443548387096774,0.4758064516129032
2023-05-15,3,13.25,0.4837764501571655,0.4615724384784698,0.4982877671718597,0.5829493087557603,0.45900537634408595,0.45766129032258057
2023-05-16,3,12.850000381469728,0.444904088973999,0.4832649528980255,0.5091214776039124,0.2891705069124424,0.4833333333333333,0.4879032258064516
2023-05-17,3,14.510000228881836,0.4917725622653961,0.5131915211677551,0.5088645815849304,0.6203917050691243,0.42741935483870963,0.5026881720430108
2023-05-18,3,10.06999969482422,0.4769791662693023,0.4948991537094116,0.502805233001709,0.5334101382488479,0.491263440860215,0.5194892473118279
2023-05-19,3,12.90999984741211,0.4688441455364227,0.491620659828186,0.4958354830741882,0.5512672811059908,0.6376344086021505,0.5793010752688172
2023-05-20,3,13.149999618530272,0.4774667620658874,0.4938062727451324,0.5102474689483643,0.619815668202765,0.6241935483870968,0.6827956989247312
2023-05-21,3,14.399999618530272,0.4806631207466125,0.4784899353981018,0.5037010908126831,0.608294930875576,0.5720430107526882,0.6599462365591398
2023-05-22,3,13.75,0.4825488626956939,0.4668101370334625,0.5034978985786438,0.6935483870967741,0.7486559139784945,0.7983870967741935
2023-05-23,3,12.880000114440918,0.4559262990951538,0.5027735829353333,0.5157039761543274,0.2793778801843318,0.3173387096774193,0.48454301075268813
2023-05-24,3,12.199999809265137,0.4659672379493713,0.4688865840435028,0.5119693279266357,0.4349078341013824,0.5080645161290323,0.5483870967741935
2023-05-25,3,12.420000076293944,0.4715889990329742,0.493461936712265,0.5174606442451477,0.4971198156682026,0.5186827956989247,0.519489247311828
2023-05-26,3,7.989999771118164,0.4455992877483368,0.4753501117229461,0.5138400793075562,0.3680875576036866,0.6405913978494624,0.6115591397849462
2023-05-27,3,10.550000190734863,0.4688266217708587,0.509641706943512,0.5174610018730164,0.5334101382488479,0.5901881720430108,0.5719086021505376
2023-05-28,3,9.119999885559082,0.4643058478832245,0.5157705545425415,0.5198472738265991,0.4429723502304147,0.5259408602150537,0.5719086021505376
2023-05-29,3,9.1899995803833,0.4665781259536743,0.4823598265647888,0.496692031621933,0.37154377880184325,0.35994623655913977,0.3790322580645161
2023-05-30,3,9.289999961853027,0.4719045758247375,0.5070989727973938,0.5323124527931213,0.45103686635944695,0.37432795698924737,0.3407258064516129
2023-05-31,3,10.0,0.4425654113292694,0.5195473432540894,0.5275881290435791,0.12096774193548386,0.09731182795698924,0.13978494623655913
2023-06-01,3,13.260000228881836,0.4717163443565368,0.4452715516090393,0.5088654160499573,0.3047235023041474,0.14784946236559138,0.13306451612903225
2023-06-02,3,12.5600004196167,0.4596819877624511,0.4532401263713836,0.5055423378944397,0.17453917050691242,0.08709677419354839,0.13709677419354838
2023-06-03,3,13.640000343322754,0.4471017122268677,0.4650034308433532,0.5206002593040466,0.11635944700460828,0.13158602150537632,0.22916666666666663
2023-06-04,3,15.850000381469728,0.4588836133480072,0.4599305093288421,0.5138760209083557,0.19066820276497692,0.16075268817204302,0.27553763440860213
2023-06-05,3,11.119999885559082,0.449844092130661,0.4725538790225982,0.5259957909584045,0.17511520737327185,0.23655913978494622,0.3870967741935484
2023-06-06,3,10.399999618530272,0.4556905627250671,0.4509062767028808,0.509526789188385,0.3127880184331797,0.47204301075268823,0.43951612903225806
2023-06-07,3,11.399999618530272,0.4608832597732544,0.4639769196510315,0.5165919661521912,0.2972350230414746,0.3180107526881721,0.24462365591397847
2023-06-08,3,13.15999984741211,0.4704706370830536,0.4684935808181762,0.5165656208992004,0.42223502304147464,0.40698924731182795,0.27419354838709675
2023-06-09,3,16.860000610351562,0.4845680892467499,0.4885085225105285,0.5180399417877197,0.6209677419354838,0.5862903225806451,0.40456989247311825
2023-06-10,3,10.779999732971191,0.4876648485660553,0.4215380549430847,0.4944115281105041,0.46486175115207357,0.17473118279569888,0.10618279569892472
2023-06-11,3,14.09000015258789,0.4943964779376983,0.4181286692619324,0.5000274181365967,0.48329493087557596,0.18911290322580643,0.22916666666666663
2023-06-12,3,11.399999618530272,0.5028491020202637,0.437618613243103,0.502142071723938,0.5167050691244239,0.23561827956989245,0.2452956989247312
2023-06-13,3,10.920000076293944,0.4887406826019287,0.44717538356781,0.5141624808311462,0.5167050691244239,0.34623655913978496,0.20161290322580644
2023-06-14,3,14.31999969482422,0.4862454831600189,0.4705128371715545,0.5145871043205261,0.6710829493087557,0.6728494623655914,0.5080645161290323
2023-06-15,3,13.18000030517578,0.4726800918579101,0.4864609241485595,0.5028601288795471,0.34158986175115197,0.15833333333333333,0.1075268817204301
2023-06-16,3,17.479999542236328,0.4679052829742431,0.4950268864631653,0.5123291015625,0.40725806451612895,0.4235215053763441,0.2372311827956989
2023-06-17,3,11.5600004196167,0.5008175373077393,0.5258785486221313,0.5229659676551819,0.4850230414746543,0.16438172043010751,0.09206989247311827
2023-06-18,3,16.329999923706055,0.4868984520435333,0.4811998009681701,0.5161820650100708,0.41417050691244234,0.14462365591397847,0.10483870967741934
2023-06-19,3,11.510000228881836,0.501707911491394,0.5071788430213928,0.5195018649101257,0.6330645161290323,0.47379032258064513,0.3071236559139785
2023-06-20,3,12.68000030517578,0.4879597723484039,0.4751207232475281,0.5075965523719788,0.5282258064516128,0.35295698924731184,0.1975806451612903
2023-06-21,3,12.260000228881836,0.4989459216594696,0.4899645149707794,0.509391188621521,0.705069124423963,0.613978494623656,0.35215053763440857
2023-06-22,3,11.739999771118164,0.4822504222393036,0.5102559328079224,0.5148136615753174,0.45449308755760365,0.20672043010752683,0.11155913978494622
2023-06-23,3,8.819999694824219,0.4780377447605133,0.5043421983718872,0.5135496854782104,0.5437788018433178,0.5400537634408602,0.2983870967741935
2023-06-24,3,10.619999885559082,0.4905675053596496,0.5009898543357849,0.4993614852428436,0.5305299539170506,0.24166666666666664,0.18145161290322578
2023-06-25,3,9.68000030517578,0.4657019972801208,0.5007284283638,0.5240931510925293,0.33755760368663595,0.33064516129032256,0.25268817204301075
2023-06-26,3,10.06999969482422,0.462055891752243,0.5247434377670288,0.5320032238960266,0.2851382488479262,0.25725806451612904,0.1639784946236559
2023-06-27,3,9.039999961853027,0.4980363845825195,0.4340563714504242,0.511303722858429,0.5086405529953917,0.20161290322580644,0.11290322580645161
2023-06-28,3,11.09000015258789,0.4629360139369964,0.5275667309761047,0.5160231590270996,0.1900921658986175,0.034408602150537634,0.03225806451612903
2023-06-29,3,11.899999618530272,0.4801326096057892,0.481602281332016,0.5212864279747009,0.35714285714285715,0.125,0.0846774193548387
2023-06-30,3,13.56999969482422,0.4752807915210724,0.4720604121685028,0.5066868662834167,0.2932027649769585,0.060752688172043004,0.05510752688172042
2023-07-01,3,11.600000381469728,0.4853916764259338,0.4474915266036987,0.5229951739311218,0.41071428571428564,0.14637096774193548,0.17809139784946235
2023-07-02,3,13.75,0.4902800321578979,0.4528833627700805,0.5141457915306091,0.39746543778801835,0.050806451612903224,0.06586021505376344
2023-07-03,3,11.109999656677246,0.4756973683834076,0.4493114948272705,0.5069900155067444,0.3490783410138248,0.17069892473118278,0.1411290322580645
2023-07-04,3,10.329999923706056,0.4719087183475494,0.4395383894443512,0.5051402449607849,0.3680875576036866,0.23494623655913977,0.15994623655913975
2023-07-05,3,11.279999732971191,0.4745129942893982,0.4354942142963409,0.5112935304641724,0.45564516129032256,0.3944892473118279,0.24529569892473116
2023-07-06,3,11.039999961853027,0.4882749617099762,0.4607765674591064,0.5188806653022766,0.53110599078341,0.3016129032258065,0.30645161290322576
2023-07-07,3,13.0,0.4827519059181213,0.4454096853733063,0.505059540271759,0.5432027649769584,0.4576612903225806,0.3461021505376344
2023-07-08,3,12.890000343322754,0.4782004654407501,0.4398157596588135,0.4980186522006988,0.4579493087557603,0.22768817204301073,0.1854838709677419
2023-07-09,3,14.050000190734863,0.4796515107154846,0.4405910968780517,0.5119136571884155,0.42223502304147464,0.18924731182795698,0.2043010752688172
2023-07-10,3,11.640000343322754,0.4919416606426239,0.4320729374885559,0.5058059692382812,0.5046082949308756,0.22661290322580643,0.20698924731182794
2023-07-11,3,14.520000457763672,0.4824478328227997,0.4276276230812073,0.5015413165092468,0.40783410138248843,0.16908602150537635,0.12768817204301075
2023-07-12,3,12.220000267028809,0.4745088815689087,0.4380725920200348,0.514043927192688,0.4700460829493087,0.4100806451612903,0.32594086021505375
2023-07-13,3,11.6899995803833,0.4722887277603149,0.4633658230304718,0.5220312476158142,0.4746543778801843,0.4661290322580645,0.461021505376344
2023-07-14,3,12.579999923706056,0.4769590497016907,0.4258111715316772,0.503779411315918,0.5414746543778801,0.5325268817204301,0.4381720430107527
2023-07-15,3,11.800000190734863,0.4731403589248657,0.446056067943573,0.510601282119751,0.3899769585253456,0.2360215053763441,0.1774193548387097
2023-07-16,3,13.079999923706056,0.4651976525783539,0.4354133903980255,0.4973496794700622,0.41532258064516125,0.4946236559139785,0.3293010752688172
2023-07-17,3,11.949999809265137,0.4591205418109894,0.4617607891559601,0.5046249032020569,0.3110599078341013,0.3029569892473118,0.21908602150537634
2023-07-18,3,12.140000343322754,0.4425724148750305,0.4090701341629028,0.4564191997051239,0.17338709677419353,0.2586021505376344,0.24193548387096772
2023-07-19,3,12.479999542236328,0.4605512320995331,0.4595957994461059,0.5065146684646606,0.33294930875576034,0.3301075268817204,0.22177419354838707
2023-07-20,3,12.384448051452637,0.4466047286987304,0.4635002911090851,0.5153323411941528,0.2096774193548387,0.24086021505376343,0.157258064516129
2023-07-21,3,12.419676780700684,0.465906023979187,0.4233455955982208,0.4989628791809082,0.40898617511520735,0.38508064516129037,0.2439516129032258
2023-07-22,3,12.439343452453612,0.4629740417003631,0.4207717478275299,0.4942520558834076,0.3548387096774193,0.31908602150537635,0.28494623655913975
2023-07-23,3,12.313671112060549,0.4630236625671386,0.4164707362651825,0.4930606186389923,0.3220046082949308,0.2853494623655914,0.22244623655913978
2023-07-24,3,12.470000267028809,0.4691804647445678,0.4187817871570587,0.4944717288017273,0.4182027649769585,0.35215053763440857,0.29166666666666663
2023-07-25,3,12.850000381469728,0.4595571756362915,0.4076060056686401,0.5099315047264099,0.3191244239631336,0.36263440860215046,0.34274193548387094
2023-07-26,3,12.039999961853027,0.4628820121288299,0.4063409268856048,0.503008246421814,0.3335253456221198,0.3172043010752688,0.24731182795698922
2023-07-27,3,12.850000381469728,0.4633693993091583,0.3997719287872314,0.5065203905105591,0.36693548387096775,0.3827956989247312,0.37231182795698925
2023-07-28,3,16.850000381469727,0.4670382142066955,0.404626727104187,0.5063576698303223,0.37211981566820274,0.32499999999999996,0.2768817204301075
2023-07-29,3,16.1299991607666,0.4667772948741913,0.3971991539001465,0.5089707970619202,0.3911290322580645,0.360752688172043,0.3198924731182795
2023-07-30,3,14.140000343322754,0.4651899337768554,0.4112998247146606,0.5055014491081238,0.38536866359447003,0.4061827956989247,0.35618279569892475
2023-07-31,3,15.9399995803833,0.4604217410087585,0.4196447432041168,0.506121039390564,0.3156682027649769,0.3407258064516129,0.34206989247311825
2023-08-01,3,15.739999771118164,0.467622697353363,0.4810975790023803,0.5164051651954651,0.39804147465437784,0.40349462365591393,0.36693548387096775
2023-08-02,3,15.479999542236328,0.4758448600769043,0.4564071297645569,0.5081961750984192,0.6054147465437788,0.6900537634408602,0.5443548387096775
2023-08-03,3,14.31999969482422,0.4664999544620514,0.4707335233688354,0.5114511251449585,0.5673963133640553,0.7048387096774192,0.5819892473118279
2023-08-04,3,15.960000038146973,0.4557387828826904,0.4633707404136657,0.5077055096626282,0.41820276497695846,0.5920698924731183,0.5060483870967741
2023-08-05,3,10.210000038146973,0.458979457616806,0.4950900673866272,0.5164023041725159,0.4487327188940091,0.6341397849462366,0.47446236559139776
2023-08-06,3,9.229999542236328,0.4507210850715637,0.4912927746772766,0.5178315043449402,0.4245391705069124,0.628494623655914,0.4569892473118279
2023-08-07,3,13.100000381469728,0.4408400952816009,0.4876587390899658,0.510375440120697,0.42569124423963134,0.6944892473118278,0.5974462365591398
2023-08-08,3,12.5,0.4472146928310394,0.5163178443908691,0.5173528790473938,0.439516129032258,0.6552419354838709,0.5893817204301075
2023-08-09,3,13.279999732971191,0.4333797693252563,0.5259715914726257,0.5160576701164246,0.3865207373271889,0.710752688172043,0.6102150537634408
2023-08-10,3,11.699999809265137,0.403116911649704,0.4333825409412384,0.4304198026657104,0.1261520737327189,0.21962365591397848,0.28763440860215056
2023-08-11,3,13.800000190734863,0.4229467809200287,0.5309892892837524,0.5401203632354736,0.10311059907834103,0.10806451612903226,0.11827956989247311
2023-08-12,3,12.300000190734863,0.4319772124290466,0.5684208273887634,0.5431385040283203,0.27419354838709675,0.45779569892473115,0.37231182795698925
2023-08-13,3,15.81999969482422,0.4491735100746155,0.4347245395183563,0.5156693458557129,0.31854838709677413,0.36935483870967745,0.27419354838709675
2023-08-14,3,11.880000114440918,0.4348576664924621,0.455439954996109,0.5175505876541138,0.298963133640553,0.4470430107526882,0.30107526881720426
2023-08-15,3,11.329999923706056,0.4578699171543121,0.4702110290527344,0.5098257064819336,0.2949308755760368,0.2481182795698925,0.14919354838709675
2023-08-16,3,12.729999542236328,0.4527963399887085,0.4657970368862152,0.5158714056015015,0.35311059907834097,0.44892473118279563,0.2620967741935484
2023-08-17,3,13.760000228881836,0.4605979919433594,0.456125408411026,0.51643967628479,0.4003456221198156,0.39327956989247304,0.3454301075268817
2023-08-18,3,16.600000381469727,0.4514087736606598,0.455901175737381,0.5168448090553284,0.4683179723502304,0.6938172043010753,0.564516129032258
2023-08-19,3,14.539999961853027,0.4410264194011688,0.4663927853107452,0.4980484545230865,0.32315668202764974,0.4200268817204301,0.448252688172043
2023-08-20,3,10.6899995803833,0.4362277090549469,0.4848284721374511,0.5267495512962341,0.26324884792626724,0.35806451612903223,0.39650537634408595
2023-08-21,3,14.029999732971191,0.4567335546016693,0.473705917596817,0.5198027491569519,0.41417050691244234,0.49543010752688166,0.47580645161290325
2023-08-22,3,14.140000343322754,0.4364506602287292,0.4480078220367431,0.5133569240570068,0.3824884792626728,0.5923387096774193,0.5208333333333333
2023-08-23,3,14.380000114440918,0.4457121789455414,0.4464823305606842,0.5162506103515625,0.45737327188940086,0.6698924731182796,0.4247311827956989
2023-08-24,3,17.299999237060547,0.4348695874214172,0.3998749256134033,0.4381283521652221,0.3726958525345622,0.6397849462365591,0.5510752688172043
2023-08-25,3,17.079999923706055,0.434161365032196,0.4851037561893463,0.5108847618103027,0.18433179723502302,0.21989247311827956,0.18548387096774194
2023-08-26,3,15.880000114440918,0.4625862836837768,0.5220174789428711,0.5354992747306824,0.44239631336405527,0.49220430107526886,0.3131720430107527
2023-08-27,3,13.380000114440918,0.4692273437976837,0.4777885377407074,0.5272121429443359,0.5639400921658985,0.5603494623655914,0.40389784946236557
2023-08-28,3,12.420000076293944,0.4452248513698578,0.463090568780899,0.5240505337715149,0.3882488479262672,0.5370967741935484,0.33064516129032256
2023-08-29,3,12.65999984741211,0.4607085883617401,0.4763810932636261,0.5225330591201782,0.5938940092165897,0.7803763440860214,0.6021505376344085
2023-08-30,3,14.93000030517578,0.4471770524978637,0.4711799919605255,0.5144104361534119,0.5126728110599078,0.7629032258064516,0.5779569892473118
2023-08-31,3,11.880000114440918,0.4292493462562561,0.4772953987121582,0.5163390636444092,0.47062211981566815,0.7897849462365591,0.7123655913978494
2023-09-01,3,12.0600004196167,0.4409643113613128,0.489712119102478,0.5161707997322083,0.4256912442396313,0.635483870967742,0.6384408602150538
2023-09-02,3,13.739999771118164,0.4398221373558044,0.5205748677253723,0.524182140827179,0.3415898617511521,0.494758064516129,0.5315860215053763
2023-09-03,3,14.079999923706056,0.4586459696292877,0.482975035905838,0.5141794085502625,0.40437788018433174,0.4370967741935483,0.3723118279569892
2023-09-04,3,12.619999885559082,0.4396049678325653,0.4802525639533996,0.5178654789924622,0.4383640552995391,0.689516129032258,0.586021505376344
2023-09-05,3,13.0600004196167,0.4403431713581085,0.4567726552486419,0.5066270232200623,0.3352534562211982,0.45389784946236555,0.512768817204301
2023-09-06,3,12.670000076293944,0.4343574345111847,0.4701246917247772,0.5172258019447327,0.28686635944700456,0.4346774193548387,0.4704301075268817
2023-09-07,3,15.699999809265137,0.4695391058921814,0.4989779591560364,0.5181198716163635,0.5570276497695852,0.6048387096774193,0.5940860215053763
2023-09-08,3,14.260000228881836,0.460578978061676,0.4867537915706634,0.5117600560188293,0.5213133640552995,0.6817204301075268,0.668010752688172
2023-09-09,3,12.279999732971191,0.4643107652664184,0.5360476970672607,0.5223953127861023,0.5074884792626728,0.5482526881720429,0.6014784946236558
2023-09-10,3,12.039999961853027,0.459740936756134,0.5416997671127319,0.5281162858009338,0.4838709677419354,0.6263440860215053,0.6962365591397849
2023-09-11,3,9.1899995803833,0.4581252038478851,0.5453717112541199,0.5206944942474365,0.4591013824884792,0.5961021505376344,0.6969086021505375
2023-09-12,3,10.199999809265137,0.4543265998363495,0.5170431137084961,0.5183752775192261,0.5420506912442397,0.8064516129032258,0.7876344086021505
2023-09-13,3,7.150000095367432,0.4577970802783966,0.4898394346237182,0.5036657452583313,0.5420506912442395,0.7564516129032257,0.7782258064516129
2023-09-14,3,12.170000076293944,0.4477005898952484,0.5013867020606995,0.5157074332237244,0.39746543778801835,0.5493279569892473,0.6633064516129032
2023-09-15,3,11.050000190734863,0.4625774025917053,0.5739067792892456,0.5362799763679504,0.48559907834101373,0.5552419354838709,0.702284946236559
2023-09-16,3,11.640000343322754,0.4626709818840027,0.526178777217865,0.5282430648803711,0.37499999999999994,0.34448924731182795,0.5705645161290323
2023-09-17,3,11.640000343322754,0.4642004072666168,0.4999985098838806,0.5005862712860107,0.39919354838709675,0.3989247311827957,0.6142473118279569
2023-09-18,3,10.399999618530272,0.4658108055591583,0.4737114906311035,0.503990113735199,0.4095622119815668,0.3365591397849462,0.575268817204301
2023-09-19,3,9.739999771118164,0.453915923833847,0.4697858095169067,0.5130523443222046,0.38536866359447,0.543010752688172,0.7029569892473118
2023-09-20,3,12.970000267028809,0.4475311636924743,0.4311112761497497,0.4906400442123413,0.31336405529953915,0.39623655913978495,0.5161290322580645
2023-09-21,3,15.5600004196167,0.4257477819919586,0.4195436239242553,0.4750423729419708,0.25115207373271886,0.41666666666666663,0.510752688172043
2023-09-22,3,17.559999465942383,0.4578059315681457,0.4685722887516022,0.5058607459068298,0.37615207373271886,0.4145161290322581,0.478494623655914
2023-09-23,3,16.579999923706055,0.4505260288715362,0.4459791481494903,0.5063781142234802,0.3076036866359447,0.3530913978494623,0.47916666666666663
2023-09-24,3,16.360000610351562,0.4486604928970337,0.409313440322876,0.5018540024757385,0.287442396313364,0.33844086021505376,0.5268817204301075
2023-09-25,3,15.979999542236328,0.4471555650234222,0.4437416195869446,0.5111322402954102,0.3997695852534562,0.5924731182795699,0.6411290322580645
2023-09-26,3,10.130000114440918,0.4386443495750427,0.4096480011940002,0.5006219744682312,0.49711981566820274,0.8231182795698925,0.8104838709677419
2023-09-27,3,10.34000015258789,0.4518848955631256,0.4552481472492218,0.5187886953353882,0.6105990783410138,0.932258064516129,0.885752688172043
2023-09-28,3,15.529999732971191,0.452989786863327,0.4243325293064117,0.5021212697029114,0.6048387096774193,0.9118279569892472,0.8991935483870966
2023-09-29,3,17.110000610351562,0.4632817208766937,0.4414550364017486,0.5014287233352661,0.6710829493087558,0.8911290322580644,0.8830645161290321
2023-09-30,3,17.09000015258789,0.4665310084819793,0.4643557965755462,0.5026097893714905,0.6993087557603686,0.8919354838709677,0.9045698924731181
2023-10-01,3,14.600000381469728,0.4602971076965332,0.451551616191864,0.4939892888069153,0.4222350230414746,0.44596774193548383,0.6653225806451611
2023-10-02,3,15.720000267028809,0.4668709933757782,0.4359807074069977,0.4863597154617309,0.4521889400921658,0.4301075268817204,0.6491935483870966
2023-10-03,3,16.31999969482422,0.4737882316112518,0.4955087900161743,0.4905988276004791,0.6889400921658986,0.821505376344086,0.8440860215053763
2023-10-04,3,13.670000076293944,0.4466633796691894,0.4854894578456878,0.4849286377429962,0.5789170506912442,0.9438172043010753,0.9381720430107525
2023-10-05,3,11.979999542236328,0.4675837755203247,0.5989424586296082,0.4928396642208099,0.7263824884792627,0.9338709677419355,0.918010752688172
2023-10-06,3,10.31999969482422,0.4751541018486023,0.5662074685096741,0.4897848069667816,0.7258064516129032,0.8215053763440859,0.8723118279569891
2023-10-07,3,17.40999984741211,0.4847514927387237,0.6033019423484802,0.5062700510025024,0.8018433179723502,0.8561827956989246,0.8857526881720429
2023-10-08,3,17.690000534057617,0.5067601799964905,0.5936419367790222,0.5181272029876709,0.9308755760368663,0.9122311827956988,0.9334677419354839
2023-10-09,3,16.43000030517578,0.458547294139862,0.5865015387535095,0.5062896013259888,0.5564516129032258,0.7465053763440861,0.831989247311828
2023-10-10,3,16.920000076293945,0.4557793140411377,0.5885794162750244,0.4960066974163055,0.45103686635944695,0.5744623655913978,0.7352150537634408
2023-10-11,3,16.979999542236328,0.4672705829143524,0.5835877060890198,0.4982001185417175,0.47983870967741926,0.4408602150537634,0.6545698924731181
2023-10-12,3,16.639999389648438,0.4627704322338104,0.5868374109268188,0.4915457665920257,0.6641705069124423,0.9403225806451613,0.9368279569892473
2023-10-13,3,16.399999618530273,0.4536930322647095,0.5828948020935059,0.5001817941665649,0.6417050691244239,0.978763440860215,0.9704301075268817
2023-10-14,3,16.799999237060547,0.4570033848285675,0.5836389064788818,0.5055220723152161,0.6342165898617511,0.9274193548387097,0.9381720430107526
2023-10-15,3,17.81999969482422,0.4855529069900512,0.6027556657791138,0.5168728232383728,0.8715437788018433,0.9459677419354839,0.9475806451612903
2023-10-16,3,16.31999969482422,0.4644821584224701,0.6458637714385986,0.5290347337722778,0.7137096774193548,0.9490591397849462,0.9469086021505376
2023-10-17,3,13.300000190734863,0.4768340587615967,0.6190457940101624,0.4989863932132721,0.8173963133640552,0.9559139784946236,0.9744623655913978
2023-10-18,3,15.789999961853027,0.471263587474823,0.6661692261695862,0.5313913822174072,0.7672811059907834,0.9424731182795698,0.9690860215053763
2023-10-19,3,15.18000030517578,0.4673982560634613,0.6465942859649658,0.5146427154541016,0.7448156682027649,0.9548387096774194,0.9704301075268816
2023-10-20,3,17.229999542236328,0.4790371358394623,0.6913775205612183,0.5358630418777466,0.8582949308755758,0.9913978494623654,0.9879032258064515
2023-10-21,3,17.979999542236328,0.4918376505374908,0.6550165414810181,0.520454466342926,0.911290322580645,0.930510752688172,0.9576612903225806
2023-10-22,3,16.3700008392334,0.4617190659046173,0.6754245162010193,0.5336910486221313,0.5889976958525345,0.7401881720430108,0.8413978494623655
2023-10-23,3,16.440000534057617,0.4781432449817657,0.6604156494140625,0.5357879996299744,0.8041474654377879,0.900268817204301,0.9341397849462365
2023-10-24,3,14.119999885559082,0.4781537652015686,0.6168084144592285,0.5231384038925171,0.7943548387096773,0.8733870967741935,0.9206989247311828
2023-10-25,3,15.59000015258789,0.4773999154567718,0.6352953314781189,0.5381745100021362,0.8306451612903225,0.9698924731182794,0.9663978494623655
2023-10-26,3,17.760000228881836,0.4807447791099548,0.6530882120132446,0.5392352938652039,0.8712557603686635,0.9899193548387096,0.9798387096774193
