date,fold,y_true,y_pred_hybrid_point,y_pred_enet,y_pred_persist,y_pred_hgbr,p_tau15,s_tau15_hybrid,p_tau16,s_tau16_hybrid,p_tau17,s_tau17_hybrid
2021-10-10,1,15.100000381469728,13.338743131905296,13.33338,13.130000114440918,13.421714503871575,0.4248639941215515,0.8364415322580645,0.4969665706157684,0.849798387096774,0.5182026624679565,0.8254032258064516
2021-10-11,1,11.350000381469728,13.577487869550847,13.16827,14.649999618530272,13.533361599540552,0.4602319896221161,0.8686995967741936,0.4628724753856659,0.6451612903225805,0.5392427444458008,0.8830645161290323
2021-10-12,1,11.579999923706056,13.320468505661484,13.467744,12.770000457763672,13.398027966076963,0.4689114391803741,0.826108870967742,0.448445200920105,0.4667338709677419,0.5416210293769836,0.802016129032258
2021-10-13,1,13.260000228881836,13.392381007458482,13.231643,14.229999542236328,13.218919813442964,0.4715095162391662,0.8314012096774195,0.4428355991840362,0.47815860215053757,0.527056097984314,0.8286290322580645
2021-10-14,1,14.130000114440918,14.125316260401302,13.527982,16.940000534057617,13.592477135631324,0.4595652520656585,0.9125504032258065,0.4706171154975891,0.7499999999999999,0.5653625130653381,0.9346774193548387
2021-10-15,1,17.010000228881836,13.81300336103593,13.585518,15.100000381469728,13.529429169279696,0.4874208271503448,0.8901209677419355,0.4752855896949768,0.7721774193548386,0.5818137526512146,0.8975806451612903
2021-10-16,1,14.109999656677246,12.92247313556512,13.253344,11.350000381469728,13.222638411970374,0.4798672795295715,0.7730594758064517,0.4768035113811493,0.6586021505376343,0.5631130337715149,0.7326612903225806
2021-10-17,1,13.31999969482422,13.113891766327313,13.41973,11.579999923706056,13.421492752846683,0.492609292268753,0.8016633064516129,0.4403707683086395,0.4005376344086021,0.5772919654846191,0.7661290322580645
2021-10-18,1,14.239999771118164,13.06702861224508,13.057337,13.260000228881836,13.003144416720742,0.4912329912185669,0.7988911290322581,0.4487398564815521,0.471774193548387,0.568612813949585,0.7830645161290322
2021-10-19,1,15.479999542236328,13.428875342666352,13.439387,14.130000114440918,13.15675585308395,0.4990948140621185,0.8384576612903226,0.4786133766174316,0.7506720430107526,0.5473799109458923,0.8282258064516128
2021-10-20,1,19.600000381469727,14.024395922248257,13.610767,17.010000228881836,13.266719614227888,0.4735632240772247,0.890625,0.4829748272895813,0.8447580645161289,0.5491511821746826,0.9
2021-10-21,1,15.5600004196167,13.739665035298412,13.874738,14.109999656677246,13.482600708167457,0.5014193058013916,0.8838205645161291,0.4721957147121429,0.7184139784946235,0.5690909028053284,0.8758064516129033
2021-10-22,1,13.3100004196167,13.544971865150401,13.934435,13.31999969482422,13.288556186029323,0.4656861126422882,0.858366935483871,0.4736380875110626,0.6952284946236558,0.5497686266899109,0.8310483870967742
2021-10-23,1,15.1899995803833,13.845731205526345,14.126326,14.239999771118164,13.452360048264968,0.4626320004463196,0.9082661290322581,0.487203299999237,0.860551075268817,0.5259186029434204,0.8891129032258065
2021-10-24,1,17.0,14.125831010551874,14.093389,15.479999542236328,13.646404570403098,0.4603137075901031,0.94140625,0.4974899590015411,0.9257392473118278,0.4946687221527099,0.9403225806451613
2021-10-25,1,15.170000076293944,14.955580150424108,14.461315,19.600000381469727,13.646404570403098,0.432293564081192,0.97265625,0.4989175498485565,0.9657258064516128,0.5169814825057983,0.980241935483871
2021-10-26,1,14.34000015258789,14.089953390710402,14.389519,15.5600004196167,13.276565846742146,0.4556487202644348,0.913936491935484,0.469250738620758,0.698252688172043,0.5341105461120605,0.8963709677419356
2021-10-27,1,15.40999984741211,14.014546323448602,14.737228,13.3100004196167,13.646404570403098,0.4402097165584564,0.9272933467741935,0.4685418307781219,0.6646505376344085,0.5416920185089111,0.8915322580645162
2021-10-28,1,15.170000076293944,14.447718806453079,15.049636,15.1899995803833,13.642685971875688,0.4248327314853668,0.9565272177419355,0.4580688774585724,0.618279569892473,0.5257938504219055,0.9358870967741935
2021-10-29,1,13.399999618530272,14.547106475734708,14.52524,17.0,13.646404570403098,0.4587671160697937,0.9686239919354839,0.4581665396690368,0.6552419354838709,0.5275501012802124,0.969758064516129
2021-10-30,1,15.119999885559082,14.008928730214391,14.64102,15.170000076293944,13.020447114372155,0.4783059358596802,0.906376008064516,0.4473661780357361,0.5070564516129032,0.5521357655525208,0.8717741935483871
2021-10-31,1,12.800000190734863,13.93373774293005,14.803386,14.34000015258789,13.020447114372155,0.4687687456607818,0.8980594758064515,0.4221255779266357,0.4106182795698924,0.5527827739715576,0.8544354838709677
2021-11-01,1,12.34000015258789,14.116953389283896,15.266319,15.40999984741211,12.62636605810923,0.4406799972057342,0.9080141129032258,0.4455170631408691,0.4973118279569892,0.5687344074249268,0.8685483870967742
2021-11-02,1,13.029999732971191,13.825172760764204,14.618883,15.170000076293944,12.62636605810923,0.4612912833690643,0.8949092741935485,0.4460480511188507,0.4956317204301075,0.546880304813385,0.8576612903225806
2021-11-03,1,13.199999809265137,13.481862767803591,14.4946575,13.399999618530272,12.62636605810923,0.4817350208759308,0.8571068548387097,0.4504812657833099,0.48118279569892464,0.5250028371810913,0.807258064516129
2021-11-04,1,14.390000343322754,13.99292154458153,14.5492325,15.119999885559082,13.083495080723786,0.452878475189209,0.901209677419355,0.45423024892807,0.5483870967741935,0.5461606383323669,0.8709677419354839
2021-11-05,1,11.539999961853027,13.366897579372626,14.356415,12.800000190734863,12.713656357062836,0.4789057672023773,0.838709677419355,0.4340552985668182,0.3860887096774193,0.5371562242507935,0.7826612903225807
2021-11-06,1,12.81999969482422,13.097970459393434,14.004774,12.34000015258789,12.588756226414766,0.4698001742362976,0.806703629032258,0.439063012599945,0.38306451612903225,0.5258316397666931,0.7475806451612903
2021-11-07,1,13.539999961853027,13.590582470976113,14.089593,13.029999732971191,13.364166784832056,0.4631583988666534,0.866179435483871,0.4423376619815826,0.450268817204301,0.5166139006614685,0.8282258064516128
2021-11-08,1,13.920000076293944,13.576760644555417,13.594595,13.199999809265137,13.702440896775263,0.4699808955192566,0.8782762096774194,0.4510610997676849,0.5272177419354838,0.529209315776825,0.8721774193548387
2021-11-09,1,15.800000190734863,13.738633530377957,13.84449,14.390000343322754,13.401746564604371,0.4877916574478149,0.8772681451612903,0.422175794839859,0.4351478494623655,0.5487771034240723,0.8713709677419355
2021-11-10,1,14.6899995803833,13.221163676740115,13.939977,11.539999961853027,13.222638411970374,0.4808983504772186,0.80859375,0.4266935884952545,0.3487903225806452,0.5536406636238098,0.7512096774193548
2021-11-11,1,12.829999923706056,13.511550605303633,13.906603,12.81999969482422,13.425211351374092,0.4708295464515686,0.8553427419354839,0.4396762251853943,0.4375,0.5529659390449524,0.825
2021-11-12,1,12.31999969482422,13.863274827239257,14.085784,13.539999961853027,13.789807375593442,0.4727948606014251,0.9148185483870968,0.4613414704799652,0.6283602150537633,0.5567486882209778,0.9
2021-11-13,1,17.989999771118164,13.642678430760125,13.889452,13.920000076293944,13.322755940600054,0.4913278818130493,0.8679435483870968,0.4458283483982086,0.48991935483870963,0.5407023429870605,0.85
2021-11-14,1,17.940000534057617,13.942873953827768,13.848666,15.800000190734863,13.328883574586902,0.4900226891040802,0.8931451612903226,0.4383705556392669,0.49529569892473113,0.5174059867858887,0.8959677419354839
2021-11-15,1,11.800000190734863,13.708639379387925,13.973309,14.6899995803833,13.109043385979094,0.5110122561454773,0.8742439516129032,0.4414277076721191,0.47782258064516125,0.5486273765563965,0.8556451612903226
2021-11-16,1,11.890000343322754,13.487898863614184,14.011379,12.829999923706056,13.276565846742146,0.495792806148529,0.849672379032258,0.4544437527656555,0.5040322580645161,0.5540477633476257,0.8076612903225807
2021-11-17,1,12.220000267028809,13.79994653598319,14.609686,12.31999969482422,13.646404570403098,0.471629649400711,0.8947832661290323,0.4734733998775482,0.680779569892473,0.5349345803260803,0.8455645161290323
2021-11-18,1,13.130000114440918,14.599270004908888,14.239339,17.989999771118164,13.642685971875688,0.5084714889526367,0.9598034274193549,0.4483166038990021,0.5806451612903225,0.5145222544670105,0.9673387096774193
2021-11-19,1,16.360000610351562,14.718669620299867,14.563545,17.940000534057617,13.646404570403098,0.5182980895042419,0.9779485887096775,0.4580736756324768,0.6609543010752688,0.5459365248680115,0.9806451612903226
2021-11-20,1,12.850000381469728,13.055220146693777,13.98778,11.800000190734863,12.709937758535425,0.5110583305358887,0.8001512096774194,0.444639652967453,0.3968413978494623,0.5407131314277649,0.7375
2021-11-21,1,11.65999984741211,12.75260285730537,13.880394,11.890000343322754,12.089261550191049,0.4946750104427337,0.6712449596774195,0.4519926309585571,0.34643817204301075,0.5297083258628845,0.5709677419354838
2021-11-22,1,13.699999809265137,12.712498122367489,13.635839,12.220000267028809,12.089261550191049,0.4903380870819092,0.6692288306451613,0.4586716890335083,0.41767473118279563,0.5417088270187378,0.5758064516129032
2021-11-23,1,13.18000030517578,12.493921180604268,12.797696,13.130000114440918,11.98958861344426,0.5246118307113647,0.6212197580645161,0.4547533690929413,0.3881048387096774,0.5043667554855347,0.5528225806451612
2021-11-24,1,13.789999961853027,12.95034858928506,12.808351,16.360000610351562,11.795976972009552,0.5123565793037415,0.6262600806451614,0.4575954079627991,0.4398521505376344,0.5138689279556274,0.569758064516129
2021-11-25,1,12.220000267028809,12.038812132649298,12.515008,12.850000381469728,11.31794515540977,0.5066049695014954,0.45161290322580644,0.4315289556980133,0.16532258064516125,0.5346909761428833,0.3491935483870968
2021-11-26,1,10.84000015258789,11.872168690726742,12.030806,11.65999984741211,11.812924361355632,0.5071534514427185,0.3893649193548387,0.4326925873756408,0.19690860215053763,0.541575014591217,0.36693548387096775
2021-11-27,1,13.369999885559082,12.251266446921257,12.322504,13.699999809265137,11.6456585770984,0.5257506966590881,0.47492439516129037,0.4574057757854461,0.35954301075268813,0.5648930072784424,0.4310483870967742
2021-11-28,1,10.739999771118164,12.52790124354885,12.638624,13.18000030517578,12.186481683543994,0.5275347828865051,0.656123991935484,0.4790657460689544,0.6505376344086021,0.5391748547554016,0.6237903225806452
2021-11-29,1,11.220000267028809,12.47290431134607,12.614261,13.789999961853027,11.855306339833774,0.5433741211891174,0.584929435483871,0.4732013046741485,0.5463709677419354,0.5511733889579773,0.5306451612903226
2021-11-30,1,8.75,12.350695654451977,12.4749,12.220000267028809,12.291027622381147,0.5220804214477539,0.6559979838709677,0.4646112322807312,0.5063844086021505,0.542354941368103,0.630241935483871
2021-12-01,1,9.90999984741211,11.705013225650049,12.075569,10.84000015258789,11.705156825492155,0.520362377166748,0.3787802419354839,0.432538241147995,0.16599462365591397,0.539850652217865,0.33225806451612905
2021-12-02,1,10.34000015258789,12.41387291009142,12.165579,13.369999885559082,12.272582465621044,0.5294864773750305,0.6126512096774194,0.4744506776332855,0.6471774193548386,0.5317398309707642,0.6459677419354839
2021-12-03,1,10.510000228881836,11.790734725044246,12.134039,10.739999771118164,11.884369092180243,0.5379884243011475,0.4342237903225806,0.481484055519104,0.5463709677419353,0.542043149471283,0.39354838709677414
2021-12-04,1,11.170000076293944,11.833944341435558,12.101743,11.220000267028809,11.829849543094204,0.5357189774513245,0.41103830645161293,0.465018630027771,0.386760752688172,0.5055051445960999,0.3745967741935484
2021-12-05,1,11.520000457763672,11.764995168852213,12.406348,8.75,12.334434629917482,0.5402770638465881,0.6078629032258065,0.4585550129413605,0.4247311827956989,0.5307435989379883,0.5741935483870968
2021-12-06,1,11.8100004196167,11.128587542416337,11.725766,9.90999984741211,11.063026777657218,0.5270862579345703,0.20766129032258063,0.4498208463191986,0.15389784946236554,0.4956863522529602,0.15564516129032258
2021-12-07,1,12.880000114440918,11.83889498001323,12.370614,10.34000015258789,11.935726397809304,0.5504259467124939,0.5,0.4803331792354584,0.5389784946236559,0.5068925023078918,0.4330645161290323
2021-12-08,1,11.170000076293944,11.578246285563425,11.831337,10.510000228881836,11.75738418168702,0.548448383808136,0.3389616935483871,0.4661489725112915,0.37936827956989244,0.4925915896892547,0.3221774193548387
2021-12-09,1,12.5600004196167,11.773014574370931,12.124085,11.170000076293944,11.691958388724368,0.5272900462150574,0.39238911290322587,0.4542620182037353,0.272513440860215,0.4910594224929809,0.3407258064516129
2021-12-10,1,12.40999984741211,11.958459517284073,12.189708,11.520000457763672,11.92053924222779,0.5556091666221619,0.46849798387096775,0.4541439712047577,0.31317204301075263,0.5055947303771973,0.42983870967741933
2021-12-11,1,12.3100004196167,11.771289507677658,11.934746,11.8100004196167,11.61374848491847,0.529228925704956,0.3404737903225806,0.4544690549373626,0.2768817204301075,0.4850790500640869,0.310483870967742
2021-12-12,1,12.1899995803833,11.876550917486348,11.976617,12.880000114440918,11.412699646428942,0.525406002998352,0.3326612903225807,0.4634766280651092,0.35551075268817195,0.515326201915741,0.3024193548387097
2021-12-13,1,13.130000114440918,11.654912320813962,12.003825,11.170000076293944,11.531455818221184,0.5376271605491638,0.32182459677419356,0.4605656862258911,0.3114919354838709,0.5056745409965515,0.2778225806451613
2021-12-14,1,13.100000381469728,11.82914466836454,12.0472975,12.5600004196167,11.364190033963952,0.5489010810852051,0.3377016129032258,0.4553712010383606,0.2728494623655914,0.5188512802124023,0.28951612903225804
2021-12-15,1,11.09000015258789,12.15825281874486,12.332775,12.40999984741211,11.911140774396394,0.5517920851707458,0.5105846774193549,0.4591908156871795,0.3978494623655914,0.5155766010284424,0.4693548387096774
2021-12-16,1,11.56999969482422,12.021710536184079,12.103581,12.3100004196167,11.841965174057917,0.5690141320228577,0.44354838709677424,0.4585258662700653,0.3723118279569892,0.5233373045921326,0.4217741935483871
2021-12-17,1,12.640000343322754,12.366834312416323,12.353536,12.1899995803833,12.444783360292988,0.5677787661552429,0.6675907258064517,0.4620412290096283,0.5228494623655913,0.5284448266029358,0.675
2021-12-18,1,17.510000228881836,12.268699944317436,12.199434,13.130000114440918,12.00632008179889,0.5665385127067566,0.5277217741935484,0.442581295967102,0.32157258064516125,0.5338259935379028,0.5149193548387097
2021-12-19,1,17.979999542236328,12.336463205371412,12.199335,13.100000381469728,12.170123944034533,0.5706019401550293,0.5720766129032258,0.4442547857761383,0.3598790322580645,0.5259280800819397,0.5770161290322581
2021-12-20,1,13.06999969482422,11.520861538844837,11.805656,11.09000015258789,11.433239405180425,0.5646052956581116,0.2717993951612903,0.4502805769443512,0.20665322580645157,0.5240634679794312,0.23629032258064517
2021-12-21,1,12.359999656677246,11.547310205625548,11.425188,11.56999969482422,11.6456585770984,0.5625066161155701,0.2622227822580645,0.4572088718414306,0.29032258064516125,0.5012374520301819,0.2762096774193548
2021-12-22,1,11.880000114440918,12.034338068014574,11.792051,12.640000343322754,12.01921589928676,0.5883282423019409,0.4266633064516129,0.4844745993614197,0.6428091397849461,0.511177122592926,0.4568548387096774
2021-12-23,1,12.0600004196167,12.928194245849594,12.02064,17.510000228881836,12.0041269673309,0.5978029370307922,0.529233870967742,0.5207841992378235,0.8252688172043009,0.4857825636863708,0.582258064516129
2021-12-24,1,11.479999542236328,12.92176991237569,11.870497,17.979999542236328,11.94479759950668,0.5717589855194092,0.5059223790322581,0.4814665913581848,0.7069892473118279,0.5279934406280518,0.5705645161290323
2021-12-25,1,11.020000457763672,12.364589026353128,12.172066,13.06999969482422,12.268517673735458,0.5510473251342773,0.6019405241935484,0.4868710041046142,0.7449596774193546,0.5188039541244507,0.6274193548387097
2021-12-26,1,12.369999885559082,12.273965575550855,12.24332,12.359999656677246,12.268517673735458,0.5482996702194214,0.6004284274193549,0.498099535703659,0.7600806451612901,0.5142052173614502,0.6068548387096774
2021-12-27,1,13.369999885559082,12.321448257282864,12.383928,11.880000114440918,12.4323215359711,0.5343966484069824,0.666960685483871,0.5062043070793152,0.793010752688172,0.4830389022827148,0.6649193548387097
2021-12-28,1,12.34000015258789,11.822104205280787,11.640841,12.0600004196167,11.891498429525509,0.532508134841919,0.3697076612903226,0.4833081662654876,0.5920698924731181,0.4908424317836761,0.39032258064516123
2021-12-29,1,12.279999732971191,11.904148840288341,11.904974,11.479999542236328,12.062482812310147,0.5259223580360413,0.4380040322580645,0.4715406894683838,0.5006720430107526,0.4495865106582641,0.44758064516129026
2021-12-30,1,12.84000015258789,11.664648240955469,11.893829,11.020000457763672,11.705857995488428,0.5368443131446838,0.3441280241935484,0.4375109374523163,0.18615591397849462,0.4998268485069275,0.32056451612903225
2021-12-31,1,12.520000457763672,11.90340509003248,11.929204,12.369999885559082,11.705857995488428,0.5338868498802185,0.37689012096774194,0.4250248372554779,0.19422043010752688,0.4895502626895904,0.3649193548387097
2022-01-01,1,12.789999961853027,12.05419508420698,12.031514,13.369999885559082,11.580614232381048,0.5199239253997803,0.3824344758064516,0.4252099394798279,0.20497311827956988,0.4923148453235626,0.3657258064516129
2022-01-02,1,13.93000030517578,11.872449628711781,12.005597,12.34000015258789,11.580614232381048,0.5284576416015625,0.3489163306451613,0.4237691164016723,0.1592741935483871,0.4829170405864715,0.31814516129032255
2022-01-03,1,14.050000190734863,12.017673422094319,12.153773,12.279999732971191,11.800213924848023,0.5013645887374878,0.4359879032258065,0.4373394548892975,0.22379032258064513,0.4959567189216614,0.39999999999999997
2022-01-04,1,11.800000190734863,12.410556269867566,12.50562,12.84000015258789,12.166334049981565,0.5426923036575317,0.6272681451612904,0.4303249418735504,0.29939516129032256,0.50040203332901,0.5931451612903227
2022-01-05,1,12.130000114440918,12.500753162137105,12.574467,12.520000457763672,12.429035818147112,0.5244820713996887,0.7075352822580645,0.4588331580162048,0.5073924731182795,0.4937873184680938,0.6947580645161291
2022-01-06,1,11.100000381469728,12.535859551707553,12.5490265,12.789999961853027,12.429035818147112,0.5437688231468201,0.7118195564516129,0.4689594209194183,0.5900537634408601,0.5046477317810059,0.7036290322580645
2022-01-07,1,12.550000190734863,12.6192875744757,12.422306,13.93000030517578,12.300129178129408,0.532744288444519,0.6832157258064516,0.4451635181903839,0.42607526881720426,0.4883494973182678,0.6935483870967742
2022-01-08,1,15.3100004196167,12.777048500981095,12.748716,14.050000190734863,12.32448255568189,0.5386700630187988,0.7348790322580645,0.4594597816467285,0.5393145161290323,0.5136593580245972,0.7213709677419355
2022-01-09,1,15.31999969482422,12.369678493652179,12.744501,11.800000190734863,12.255338164191828,0.5308678150177002,0.6625504032258065,0.4675954282283783,0.511760752688172,0.4950350821018219,0.6116935483870968
2022-01-10,1,13.609999656677246,12.388490917484447,12.763586,12.130000114440918,12.157216771424658,0.5286006927490234,0.6370967741935484,0.4716590046882629,0.5376344086021505,0.5045996308326721,0.575
2022-01-11,1,10.989999771118164,12.340045079565444,12.766034,11.100000381469728,12.4323215359711,0.5469930171966553,0.7135836693548387,0.475657045841217,0.6243279569892473,0.4961287975311279,0.6729838709677419
2022-01-12,1,12.859999656677246,12.050646781876686,12.176602,12.550000190734863,11.753178437696969,0.5353647470474243,0.44455645161290325,0.4478674829006195,0.2772177419354839,0.4808384776115417,0.4068548387096774
2022-01-13,1,11.890000343322754,12.681155172722107,12.277064,15.3100004196167,12.04891798126848,0.5473395586013794,0.5942540322580645,0.453784316778183,0.439516129032258,0.5127531886100769,0.6056451612903225
2022-01-14,1,14.329999923706056,12.439642079141821,12.039857,15.31999969482422,11.709319917510015,0.5515233278274536,0.4571572580645162,0.4390505254268646,0.3084677419354839,0.5244911909103394,0.4725806451612903
2022-01-15,1,12.260000228881836,12.429167063645444,12.1203985,13.609999656677246,12.25652733444828,0.529729962348938,0.5960181451612904,0.4512524604797363,0.4415322580645161,0.5318321585655212,0.6338709677419355
2022-01-16,1,13.06999969482422,11.924765620631035,12.358948,10.989999771118164,11.89539323225052,0.5271214246749878,0.49092741935483875,0.4499832689762115,0.2768817204301075,0.5280099511146545,0.4266129032258064
2022-01-17,1,12.979999542236328,12.145573181931008,12.351032,12.859999656677246,11.6978867880908,0.5306664109230042,0.4785786290322581,0.4570546746253967,0.3387096774193548,0.5022030472755432,0.42177419354838713
2022-01-18,1,13.619999885559082,12.090299589375139,12.433453,11.890000343322754,11.865152572348032,0.5331016778945923,0.5186491935483871,0.4534599483013153,0.3101478494623655,0.5010388493537903,0.45040322580645165
2022-01-19,1,11.050000190734863,12.086474473706833,12.058429,14.329999923706056,11.2696922194506,0.528313934803009,0.37273185483870963,0.4542089402675628,0.3051075268817204,0.4797624349594116,0.34516129032258064
2022-01-20,1,11.050000190734863,12.43390650861097,12.791209,12.260000228881836,12.186481683543994,0.547019898891449,0.653351814516129,0.4744961559772491,0.5779569892473118,0.5159770250320435,0.5931451612903226
2022-01-21,1,15.600000381469728,11.95122419044616,12.250936,13.06999969482422,11.26943554294478,0.5404226183891296,0.38936491935483875,0.4380954205989837,0.18649193548387094,0.5015161633491516,0.31975806451612904
2022-01-22,1,15.829999923706056,12.542324961491202,12.765678,12.979999542236328,12.182763085016584,0.5577889680862427,0.6663306451612903,0.4737410247325897,0.5913978494623655,0.5230326056480408,0.6185483870967743
2022-01-23,1,17.56999969482422,12.411768858485038,12.427637,13.619999885559082,11.94479759950668,0.5393770337104797,0.5797631048387096,0.4633606076240539,0.46908602150537626,0.5061823129653931,0.5455645161290323
2022-01-24,1,17.940000534057617,11.91709813237481,12.182247,11.050000190734863,12.01025460131775,0.5383720993995667,0.4780745967741935,0.4594812095165252,0.3847446236559139,0.5032587647438049,0.44314516129032255
2022-01-25,1,15.81999969482422,12.050889492405592,12.068755,11.050000190734863,12.410590661387008,0.5468575358390808,0.5609879032258064,0.4710214734077453,0.5588037634408601,0.5165060758590698,0.5858870967741936
2022-01-26,1,17.8799991607666,12.522343547666576,11.757988,15.600000381469728,12.037033339198649,0.5335960388183594,0.4889112903225806,0.4391774833202362,0.3723118279569892,0.4957238435745239,0.557258064516129
2022-01-27,1,17.530000686645508,12.321291111808975,11.832475,15.829999923706056,11.433239405180425,0.5478402376174927,0.36983366935483875,0.4589534401893616,0.40456989247311825,0.5175109505653381,0.38508064516129037
2022-01-28,1,16.850000381469727,12.912061883523496,12.178963,17.56999969482422,11.806796727368784,0.5636171102523804,0.530241935483871,0.4664087295532226,0.532258064516129,0.537745475769043,0.5403225806451613
2022-01-29,1,15.859999656677246,13.315359188023354,12.81497,17.940000534057617,12.01895922278094,0.5938431620597839,0.6965725806451613,0.4692833423614502,0.5997983870967741,0.5580006837844849,0.6673387096774193
2022-01-30,1,14.949999809265137,13.01313876480223,12.890964,15.81999969482422,12.067468835245933,0.5972499847412109,0.700100806451613,0.4620597660541534,0.5336021505376343,0.5701290965080261,0.6669354838709678
2022-01-31,1,16.84000015258789,13.537300943436074,12.943228,17.8799991607666,12.42860293744369,0.6150939464569092,0.819304435483871,0.4773503839969635,0.7694892473118279,0.5744718313217163,0.8306451612903225
2022-02-01,1,16.399999618530273,13.607884531082558,13.274728,17.530000686645508,12.42860293744369,0.6359253525733948,0.8314012096774194,0.4864767789840698,0.8434139784946235,0.5853350162506104,0.8338709677419355
2022-02-02,1,16.34000015258789,13.25616926118694,12.729551,16.850000381469727,12.36927356961947,0.6054703593254089,0.7716733870967742,0.4657125473022461,0.6357526881720429,0.5793124437332153,0.7846774193548387
2022-02-03,1,17.09000015258789,13.069147529277082,12.672924,15.859999656677246,12.36927356961947,0.5972785353660583,0.7575604838709677,0.4707962572574615,0.6706989247311828,0.5852572321891785,0.7701612903225806
2022-02-04,1,16.299999237060547,12.80690538804173,12.388587,14.949999809265137,12.36927356961947,0.6062132716178894,0.7043850806451613,0.4594807624816894,0.5648521505376344,0.5877475142478943,0.7294354838709677
2022-02-05,1,16.399999618530273,13.100412330961845,12.265514,16.84000015258789,12.42860293744369,0.6138086318969727,0.7111895161290323,0.4799317419528961,0.7775537634408601,0.5744125843048096,0.7725806451612902
2022-02-06,1,15.289999961853027,12.96512113084113,12.106194,16.399999618530273,12.42860293744369,0.6225289702415466,0.6736391129032258,0.4857329428195953,0.8289650537634408,0.5772702097892761,0.7528225806451613
2022-02-07,1,16.079999923706055,12.900011386517399,11.964483,16.34000015258789,12.42860293744369,0.6188563704490662,0.6360887096774195,0.4788579046726227,0.7614247311827956,0.5856380462646484,0.7330645161290322
2022-02-08,1,16.360000610351562,13.058102263640693,12.045324,17.09000015258789,12.4323215359711,0.6042292714118958,0.6732610887096775,0.4867337644100189,0.85752688172043,0.5909066796302795,0.769758064516129
2022-02-09,1,14.5600004196167,12.852931555497246,11.856314,16.299999237060547,12.4323215359711,0.5941818356513977,0.6294102822580645,0.4809136092662811,0.7876344086021505,0.5835374593734741,0.7399193548387096
2022-02-10,1,14.229999542236328,12.746696566709215,11.608086,16.399999618530273,12.37299216814688,0.5637592673301697,0.5695564516129032,0.4869409799575805,0.8343413978494623,0.570102870464325,0.6923387096774194
2022-02-11,1,15.739999771118164,12.349401533101167,11.421302,15.289999961853027,12.05876421378274,0.5564836859703064,0.43623991935483875,0.481389969587326,0.689516129032258,0.5736610889434814,0.5338709677419354
2022-02-12,1,16.450000762939453,12.622670332441452,11.619221,16.079999923706055,12.204189901603495,0.5364195704460144,0.5345262096774194,0.4965539574623108,0.8259408602150535,0.5566213726997375,0.6387096774193548
2022-02-13,1,14.239999771118164,12.659130791981298,11.597226,16.360000610351562,12.200471303076084,0.5594580769538879,0.5186491935483871,0.483659952878952,0.765793010752688,0.5633100271224976,0.6237903225806452
2022-02-14,1,14.829999923706056,12.37911024842656,11.644352,14.5600004196167,12.204189901603495,0.5471702218055725,0.5219254032258065,0.4975015819072723,0.807795698924731,0.562644898891449,0.6104838709677419
2022-02-15,1,14.170000076293944,12.214059021886142,11.709264,14.229999542236328,11.899776970905195,0.5519407391548157,0.4291834677419355,0.477020800113678,0.6058467741935483,0.5682386159896851,0.4786290322580645
2022-02-16,1,12.420000076293944,12.65064919908826,11.904686,15.739999771118164,12.144860533779276,0.5405017733573914,0.5410786290322581,0.471873939037323,0.6323924731182795,0.5614576935768127,0.6096774193548388
2022-02-17,1,11.979999542236328,13.009993472313685,12.456623,16.450000762939453,12.204189901603495,0.5513902306556702,0.7079133064516129,0.4918296933174133,0.8192204301075268,0.5875608921051025,0.7225806451612903
2022-02-18,1,13.84000015258789,12.828434427960415,12.715135,14.239999771118164,12.398234423741624,0.5515704154968262,0.7468497983870968,0.4957678318023681,0.8215725806451613,0.5594871044158936,0.7467741935483871
2022-02-19,1,13.0600004196167,12.923239854046216,12.710313,14.829999923706056,12.394515825214215,0.5455509424209595,0.7503780241935485,0.4766692221164703,0.7096774193548386,0.5677237510681152,0.755241935483871
2022-02-20,1,14.65999984741211,12.893731323921976,12.917291,14.170000076293944,12.394515825214215,0.5458346009254456,0.7662550403225806,0.4638209939002991,0.5786290322580645,0.5664678812026978,0.7504032258064517
2022-02-21,1,11.859999656677246,12.280520309943125,12.459055,12.420000076293944,12.071997543761803,0.5378830432891846,0.590725806451613,0.4594917893409729,0.43783602150537626,0.5529045462608337,0.5439516129032258
2022-02-22,1,12.229999542236328,12.049721042335001,12.3299885,11.979999542236328,11.830632579415134,0.5365251898765564,0.47769657258064524,0.4580371975898742,0.346774193548387,0.5427771806716919,0.4237903225806452
2022-02-23,1,8.960000038146973,12.620109993465128,12.576887,13.84000015258789,12.200471303076084,0.5446978807449341,0.6746471774193548,0.4560035169124603,0.4657258064516129,0.5464560389518738,0.6556451612903225
2022-02-24,1,10.550000190734863,12.54669097064878,12.718131,13.0600004196167,12.204189901603495,0.5424366593360901,0.6779233870967741,0.4736921787261963,0.6068548387096773,0.5338547229766846,0.6443548387096774
2022-02-25,1,10.09000015258789,12.537700394759035,12.443224,14.65999984741211,11.824504945428286,0.54872727394104,0.5662802419354839,0.4583106338977813,0.43145161290322576,0.5237244963645935,0.5266129032258065
2022-02-26,1,9.890000343322754,12.319050633035577,12.651306,11.859999656677246,12.200471303076084,0.5640153884887695,0.6320564516129032,0.4554549753665924,0.3998655913978494,0.5382861495018005,0.5814516129032258
2022-02-27,1,12.550000190734863,12.184238209847766,12.337235,12.229999542236328,12.033205518818852,0.55968177318573,0.5350302419354838,0.4405707418918609,0.28561827956989244,0.5325828790664673,0.49838709677419357
2022-02-28,1,15.670000076293944,11.748967851514937,12.423986,8.960000038146973,12.204189901603495,0.537325382232666,0.5841733870967741,0.4724538922309875,0.523521505376344,0.514924168586731,0.5387096774193548
2022-03-01,1,14.470000267028809,11.418085662165513,11.584609,10.550000190734863,11.597909793346831,0.5281362533569336,0.2620967741935484,0.4574629664421081,0.273521505376344,0.4873318076133728,0.2540322580645161
2022-03-02,1,15.59000015258789,11.405986473128836,11.7548895,10.09000015258789,11.594191194819423,0.5382381677627563,0.28629032258064513,0.446727991104126,0.19623655913978494,0.4883384704589844,0.2588709677419355
2022-03-03,1,17.469999313354492,10.82431996014499,10.808534,9.890000343322754,11.188502531580196,0.5226451754570007,0.12512600806451613,0.4358443319797516,0.1021505376344086,0.4742718338966369,0.1310483870967742
2022-03-04,1,15.229999542236328,11.315734712491452,10.932172,12.550000190734863,11.188502531580196,0.5332530736923218,0.17552923387096775,0.4486006498336792,0.21135752688172038,0.4763659834861755,0.1975806451612903
2022-03-05,1,15.479999542236328,12.088726805144958,11.219649,15.670000076293944,11.506192407965926,0.5430685877799988,0.2953629032258065,0.4714689254760742,0.510752688172043,0.5104160308837891,0.3612903225806452
2022-03-06,1,16.8700008392334,11.751802195011319,11.452195,14.470000267028809,10.994634213639667,0.5579510927200317,0.2404233870967742,0.4547176659107208,0.2963709677419354,0.5246515870094299,0.25806451612903225
2022-03-07,1,16.90999984741211,12.588513599037519,12.045375,15.59000015258789,11.93820241561396,0.5801942348480225,0.5166330645161291,0.4687680900096893,0.5551075268817204,0.5559750199317932,0.55
2022-03-08,1,16.700000762939453,13.073358958611461,12.369625,17.469999313354492,12.040386039367853,0.5685225129127502,0.6328125,0.4800116121768951,0.702284946236559,0.5517769455909729,0.6419354838709677
2022-03-09,1,17.600000381469727,12.402792241240729,12.070549,15.229999542236328,11.633302339453016,0.5682541131973267,0.44191028225806456,0.4701933562755584,0.5060483870967741,0.5636841058731079,0.4399193548387097
2022-03-10,1,15.050000190734863,12.387177519018506,11.923254,15.479999542236328,11.633302339453016,0.5422806739807129,0.4139364919354839,0.4856849014759063,0.6542338709677418,0.5485108494758606,0.4314516129032258
2022-03-11,1,14.65999984741211,12.69474222341909,12.11417,16.8700008392334,11.637020937980427,0.5452871918678284,0.4722782258064516,0.4836273193359375,0.6599462365591396,0.5595942139625549,0.47580645161290325
2022-03-12,1,14.989999771118164,13.049603930836906,12.361336,16.90999984741211,12.204189901603495,0.5357255935668945,0.6862399193548387,0.505064070224762,0.859543010752688,0.5605646371841431,0.7161290322580645
2022-03-13,1,16.389999389648438,13.006774194535906,12.341202,16.700000762939453,12.204189901603495,0.5216723084449768,0.6771673387096774,0.5291945338249207,0.8770161290322578,0.5497254729270935,0.7096774193548387
2022-03-14,1,14.390000343322754,12.872327321096126,12.03669,17.600000381469727,11.830632579415134,0.5367562174797058,0.4981098790322581,0.5049619078636169,0.7802419354838708,0.5502514839172363,0.5350806451612904
2022-03-15,1,14.15999984741211,12.497777324579932,11.807301,15.050000190734863,12.144860533779276,0.5247559547424316,0.515625,0.5178878307342529,0.8212365591397848,0.5555297136306763,0.5870967741935484
2022-03-16,1,15.020000457763672,12.233092156248365,11.293825,14.65999984741211,12.144860533779276,0.5144656896591187,0.4427923387096775,0.5243173837661743,0.8219086021505375,0.5548510551452637,0.5491935483870968
2022-03-17,1,14.65999984741211,12.203667219370864,11.43585,14.989999771118164,11.830632579415134,0.5137863755226135,0.377898185483871,0.5175157785415649,0.7567204301075268,0.5821271538734436,0.4495967741935484
2022-03-18,1,13.90999984741211,12.488045921797152,11.281303,16.389999389648438,12.08071342792543,0.5033966302871704,0.44531250000000006,0.500719428062439,0.8124999999999998,0.5794020295143127,0.5588709677419355
2022-03-19,1,15.359999656677246,12.451628890604365,11.617879,14.390000343322754,12.45427075011379,0.5244980454444885,0.579133064516129,0.4945184886455536,0.8403897849462364,0.5605409741401672,0.6963709677419355
2022-03-20,1,14.020000457763672,12.285649204491996,11.582971,14.15999984741211,12.197611142327451,0.5206775069236755,0.4790826612903226,0.4789763689041137,0.6760752688172043,0.5709016919136047,0.5693548387096774
2022-03-21,1,12.34000015258789,12.437406040205076,11.608881,15.020000457763672,12.193892543800043,0.5179062485694885,0.501008064516129,0.4979904294013977,0.8051075268817203,0.5751276612281799,0.592741935483871
2022-03-22,1,10.510000228881836,12.399792645747207,11.594392,14.65999984741211,12.256940510151674,0.5083946585655212,0.520413306451613,0.5013561844825745,0.8319892473118279,0.5666833519935608,0.6233870967741936
2022-03-23,1,11.68000030517578,12.215273530496415,11.58817,13.90999984741211,12.128466750837392,0.5017149448394775,0.45463709677419356,0.4947966933250427,0.7486559139784945,0.564671516418457,0.5314516129032258
2022-03-24,1,13.130000114440918,12.470892788250644,11.628298,15.359999656677246,12.124748152309982,0.5070690512657166,0.491179435483871,0.4866371750831604,0.7533602150537633,0.5545697212219238,0.5741935483870968
2022-03-25,1,9.489999771118164,12.384124754784388,11.888675,14.020000457763672,12.204189901603495,0.5094169974327087,0.5418346774193548,0.4963401854038238,0.784274193548387,0.5507495999336243,0.6080645161290322
2022-03-26,1,12.800000190734863,11.688928138460074,11.179658,12.34000015258789,11.89038750431471,0.4764844477176666,0.3092237903225806,0.4914845526218414,0.6458333333333333,0.5369318127632141,0.3685483870967742
2022-03-27,1,10.760000228881836,11.495555337713965,11.525894,10.510000228881836,11.838592174025733,0.4680544137954712,0.3089717741935484,0.4841092228889465,0.5628360215053763,0.547410786151886,0.3278225806451613
2022-03-28,1,9.760000228881836,11.796358379053498,11.566447,11.68000030517578,12.041165113429452,0.4892896711826324,0.376008064516129,0.4720686078071594,0.5070564516129031,0.5241836309432983,0.41814516129032253
2022-03-29,1,11.40999984741211,11.802135259625082,11.386796,13.130000114440918,11.66760779124109,0.4966999292373657,0.3054435483870968,0.4692133665084839,0.4539650537634408,0.5012639760971069,0.3471774193548387
2022-03-30,1,12.770000457763672,10.981465792663299,11.079268,9.489999771118164,11.455188619323112,0.4746007919311523,0.17515120967741937,0.464897871017456,0.30779569892473113,0.4957021474838257,0.1814516129032258
2022-03-31,1,13.25,11.372597613386162,10.853375,12.800000190734863,11.291641433593291,0.4858341217041015,0.18775201612903225,0.4676644206047058,0.3786962365591397,0.498169481754303,0.2221774193548387
2022-04-01,1,12.489999771118164,11.615924022819655,11.546139,10.760000228881836,11.997957340513535,0.4738057851791382,0.34299395161290325,0.4866156876087188,0.6068548387096773,0.531096339225769,0.37338709677419357
2022-04-02,1,14.949999809265137,11.15017232200077,11.240671,9.760000228881836,11.592300513671043,0.4690322577953338,0.21232358870967744,0.4681202471256256,0.3521505376344085,0.4878589510917663,0.21975806451612906
2022-04-03,1,17.18000030517578,11.756560066605083,11.471681,11.40999984741211,12.135789332081895,0.4867248833179474,0.38457661290322587,0.4687235653400421,0.4778225806451612,0.4751466810703277,0.4370967741935484
2022-04-04,1,15.300000190734863,11.814533415703297,11.659028,12.770000457763672,11.592300513671043,0.488402396440506,0.315398185483871,0.481458306312561,0.5366263440860214,0.4822089970111847,0.31612903225806455
2022-04-05,1,14.350000381469728,11.974717293406187,11.48685,13.25,11.92337016016392,0.4928982555866241,0.38029233870967744,0.4732665419578552,0.5463709677419354,0.4603511095046997,0.43951612903225806
2022-04-06,1,14.050000190734863,11.644768228848545,11.578251,12.489999771118164,11.386008975739916,0.4704663455486297,0.2527721774193548,0.4529569149017334,0.24865591397849457,0.4850318133831024,0.25161290322580643
2022-04-07,1,12.720000267028809,12.615864247812405,12.160221,14.949999809265137,12.139251254103486,0.4785898625850677,0.5826612903225807,0.465028703212738,0.5520833333333333,0.4856396019458771,0.6125
2022-04-08,1,14.56999969482422,13.03249641915787,12.318147,17.18000030517578,12.10223820366429,0.4895554482936859,0.6305443548387097,0.44179368019104,0.4186827956989247,0.4850833117961883,0.6564516129032258
2022-04-09,1,13.6899995803833,12.843464561078001,12.450575,15.300000190734863,12.266042065899931,0.493112564086914,0.7075352822580645,0.4524956047534942,0.4858870967741935,0.5060727000236511,0.7205645161290322
2022-04-10,1,15.920000076293944,12.63065492620048,12.310493,14.350000381469728,12.266042065899931,0.4898520112037658,0.6515877016129032,0.4580690860748291,0.5181451612903225,0.5185741186141968,0.6794354838709677
2022-04-11,1,11.75,12.581395012851363,12.233374,14.050000190734863,12.335186457389996,0.5116068124771118,0.6502016129032258,0.4605841934680938,0.5520833333333333,0.5358469486236572,0.6858870967741935
2022-04-12,1,11.920000076293944,12.404657010612189,12.27685,12.720000267028809,12.398234423741624,0.4969077110290527,0.6372227822580645,0.4670206308364868,0.5601478494623655,0.5629299283027649,0.6540322580645161
2022-04-13,1,13.100000381469728,12.372718438716598,11.828788,14.56999969482422,12.024677101553264,0.5135583877563477,0.4783266129032258,0.4650195240974426,0.5221774193548386,0.5168836712837219,0.5330645161290323
2022-04-14,1,13.5,12.103305520915054,11.73492,13.6899995803833,11.830632579415134,0.5340930819511414,0.4038558467741936,0.4695628583431244,0.502016129032258,0.5345329642295837,0.4366935483870968
2022-04-15,1,13.239999771118164,12.598938635650544,11.626768,15.920000076293944,12.204189901603495,0.5369557738304138,0.5357862903225806,0.4879108369350433,0.8051075268817203,0.5506481528282166,0.6387096774193548
2022-04-16,1,13.75,11.623539690196687,11.328415,11.75,11.834351177942544,0.5185427665710449,0.30367943548387094,0.4817137122154236,0.5624999999999999,0.5305920243263245,0.3419354838709677
2022-04-17,1,17.639999389648438,11.307444755008058,10.638153,11.920000076293944,11.663366795157902,0.5017634630203247,0.21963205645161288,0.4710661172866821,0.4361559139784945,0.5179979801177979,0.2729838709677419
2022-04-18,1,11.220000267028809,11.537134361426244,10.723069,13.100000381469728,11.663366795157902,0.5141394734382629,0.2501260080645161,0.4829092025756836,0.5789650537634408,0.5182910561561584,0.317741935483871
2022-04-19,1,11.229999542236328,10.850128574979783,10.290025,13.5,10.346517418704511,0.5011032819747925,0.10206653225806453,0.4767527282238006,0.4304435483870967,0.5189594626426697,0.13185483870967743
2022-04-20,1,13.460000038146973,10.625742320181704,9.8799,13.239999771118164,10.298007806239523,0.4960752725601196,0.0763608870967742,0.4830257594585418,0.4811827956989246,0.5150894522666931,0.11129032258064515
2022-04-21,1,14.5,10.661292316746263,9.5060215,13.75,10.51388890017909,0.5126997828483582,0.08845766129032259,0.4856779277324676,0.5198252688172041,0.5401565432548523,0.13669354838709677
2022-04-22,1,11.6899995803833,11.71923738032056,9.945182,17.639999389648438,11.051250084603094,0.5188930630683899,0.1890120967741936,0.4986023604869842,0.6754032258064515,0.5513830184936523,0.2774193548387097
2022-04-23,1,11.68000030517578,10.744623632090615,10.135021,11.220000267028809,11.099759697068084,0.5204836130142212,0.09879032258064517,0.516137421131134,0.5608198924731181,0.5492002964019775,0.12379032258064518
2022-04-24,1,11.09000015258789,10.525931102716264,9.534024,11.229999542236328,11.129824152772969,0.5084431767463684,0.08896169354838711,0.5182602405548096,0.5705645161290321,0.5089409351348877,0.12338709677419354
2022-04-25,1,8.229999542236328,10.906248961612311,9.740334,13.460000038146973,10.968767899322586,0.5058044791221619,0.12424395161290322,0.5154794454574585,0.6149193548387095,0.5117939114570618,0.17983870967741933
2022-04-26,1,7.599999904632568,10.545141550040565,8.759807,14.5,10.624237362591275,0.5020570158958435,0.11567540322580647,0.5127307176589966,0.6229838709677419,0.5346634387969971,0.17903225806451614
2022-04-27,1,10.039999961853027,10.422972083886647,9.728965,11.6899995803833,10.555092971101216,0.4804935455322265,0.04863911290322581,0.4931379556655884,0.493279569892473,0.5314598679542542,0.06774193548387097
2022-04-28,1,9.170000076293944,10.540129508988652,9.978952,11.68000030517578,10.60370828078355,0.4805072844028473,0.06199596774193549,0.4830131530761719,0.4432123655913977,0.5310198068618774,0.07943548387096774
2022-04-29,1,10.489999771118164,10.616661919484773,10.073739,11.09000015258789,10.91421763662028,0.490694910287857,0.0768649193548387,0.4973941445350647,0.515793010752688,0.5475925207138062,0.09475806451612903
2022-04-30,1,9.1899995803833,10.080765153685713,10.280686,8.229999542236328,10.59987151745423,0.4933592975139618,0.04725302419354838,0.4810438454151153,0.3884408602150537,0.5166558027267456,0.04233870967741935
2022-05-01,1,9.34000015258789,9.940983380751753,10.191247,7.599999904632568,10.59987151745423,0.4949494898319244,0.04145665322580645,0.4901673197746277,0.45631720430107514,0.4923480153083801,0.03911290322580645
2022-05-02,1,10.279999732971191,10.086822960034109,10.062621,10.039999961853027,10.125558299381858,0.4808430075645447,0.02116935483870968,0.477736085653305,0.3561827956989247,0.4920591115951538,0.017741935483870968
2022-05-03,1,10.579999923706056,10.294539906274679,10.491495,9.170000076293944,10.5439066355078,0.4945672750473022,0.04838709677419355,0.4836244881153106,0.411290322580645,0.4880292117595672,0.03790322580645161
2022-05-04,1,12.710000038146973,10.48682190969556,10.262505,10.489999771118164,10.681907507645697,0.4763385653495788,0.06476814516129033,0.4696058630943298,0.30376344086021495,0.4559831917285919,0.07016129032258064
2022-05-05,1,12.640000343322754,10.357943740490754,10.4391365,9.1899995803833,10.724879135960457,0.4912919700145721,0.07006048387096775,0.4575547873973846,0.19287634408602147,0.4780691266059875,0.07096774193548387
2022-05-06,1,12.720000267028809,10.178334111931836,10.202559,9.34000015258789,10.471512569626173,0.4978056252002716,0.031754032258064516,0.4642933905124664,0.22580645161290316,0.4781765937805176,0.025
2022-05-07,1,13.369999885559082,10.82857357518927,10.874743,10.279999732971191,10.99389051931166,0.4459699988365173,0.11113911290322581,0.4867001473903656,0.47479838709677413,0.4479360282421112,0.1060483870967742
2022-05-08,1,12.9399995803833,11.039853823629521,11.234024,10.579999923706056,11.04240013177665,0.4474401175975799,0.14175907258064518,0.473933070898056,0.3676075268817204,0.4424521923065185,0.1278225806451613
2022-05-09,1,15.800000190734863,11.722497009369672,12.076535,12.710000038146973,11.04240013177665,0.4330847859382629,0.3101058467741935,0.4775376617908478,0.4475806451612903,0.4250105321407318,0.2439516129032258
2022-05-10,1,13.31999969482422,11.700838631013296,11.859681,12.640000343322754,11.209665916033885,0.4468614459037781,0.2864163306451613,0.4502719938755035,0.2241263440860215,0.4291999340057373,0.2532258064516129
2022-05-11,1,11.739999771118164,11.898875896075417,12.334634,12.720000267028809,11.209665916033885,0.4283634126186371,0.38848286290322587,0.4752570390701294,0.4459005376344085,0.4359632730484009,0.3016129032258065
2022-05-12,1,11.899999618530272,11.906100041551536,12.129442,13.369999885559082,11.1617133864063,0.410130113363266,0.36038306451612906,0.434441477060318,0.18010752688172044,0.4540037810802459,0.3064516129032258
2022-05-13,1,13.989999771118164,11.947923224676725,12.425523,12.9399995803833,11.157994787878891,0.4360526502132416,0.4135584677419355,0.4416019916534424,0.19086021505376344,0.4325743913650512,0.3153225806451613
2022-05-14,1,13.140000343322754,12.880179393279704,12.94619,15.800000190734863,11.72748731335376,0.4323035478591919,0.6241179435483871,0.4242473840713501,0.2815860215053763,0.4482018053531647,0.5576612903225806
2022-05-15,1,13.199999809265137,12.627734366183486,13.359903,13.31999969482422,11.72748731335376,0.4567826092243194,0.5999243951612904,0.4161513447761535,0.21606182795698925,0.4651928246021271,0.5008064516129033
2022-05-16,1,12.84000015258789,12.086135842152965,13.052592,11.739999771118164,11.37028773067486,0.4606305956840515,0.47605846774193555,0.4008342623710632,0.10618279569892472,0.4911351501941681,0.3330645161290323
2022-05-17,1,12.779999732971191,12.006777671290589,13.04589,11.899999618530272,11.137596153454975,0.4569588899612427,0.45262096774193544,0.4194666445255279,0.09845430107526881,0.5015401244163513,0.30362903225806454
2022-05-18,1,13.420000076293944,12.29282042308381,12.738887,13.989999771118164,11.26606991276926,0.4534464180469513,0.48991935483870974,0.4247080385684967,0.18313172043010753,0.5081437826156616,0.3883064516129032
2022-05-19,1,12.90999984741211,11.77276246551509,12.435568,13.140000343322754,10.68009341866292,0.4723529815673828,0.3860887096774193,0.4161577224731445,0.10887096774193547,0.4977706968784332,0.27419354838709675
2022-05-20,1,14.4399995803833,11.78979849177998,12.192939,13.199999809265137,10.908225053030526,0.4707634449005127,0.3455141129032258,0.4329537153244018,0.14885752688172044,0.5116905570030212,0.26895161290322583
2022-05-21,1,13.75,12.115494622835072,12.511085,12.84000015258789,11.497663469158454,0.471155434846878,0.47379032258064524,0.4793927371501922,0.5157930107526881,0.5238295793533325,0.38104838709677424
2022-05-22,1,13.8100004196167,11.995647213892575,12.041416,12.779999732971191,11.661467331394096,0.4561433792114258,0.3902469758064516,0.4750946760177612,0.4986559139784945,0.4976471960544586,0.36733870967741933
2022-05-23,1,16.479999542236328,11.979668493335256,11.726042,13.420000076293944,11.661467331394096,0.4533747434616089,0.3592489919354839,0.4770528972148895,0.5436827956989246,0.4884378314018249,0.37620967741935485
2022-05-24,1,15.800000190734863,11.542035746598732,11.46796,12.90999984741211,11.093865487067603,0.4681565463542938,0.21673387096774194,0.4574111104011535,0.27352150537634407,0.471325546503067,0.2161290322580645
2022-05-25,1,12.420000076293944,11.923126701418845,11.554255,14.4399995803833,11.302062110548665,0.4660223722457886,0.28704637096774194,0.4744414091110229,0.49865591397849457,0.4906187355518341,0.3120967741935484
2022-05-26,1,13.5,11.828515960467735,11.3470125,13.75,11.529274973552404,0.4693845510482788,0.2842741935483871,0.4673231244087219,0.4311155913978494,0.5051245093345642,0.32298387096774195
2022-05-27,1,12.920000076293944,11.72729957335247,11.098934,13.8100004196167,11.496106632686796,0.4307357966899872,0.25579637096774194,0.4768402576446533,0.5238575268817204,0.476233422756195,0.3068548387096774
2022-05-28,1,13.510000228881836,11.997198708089421,10.71648,16.479999542236328,11.436777264862574,0.4530836343765259,0.2585685483870968,0.4635665118694305,0.44287634408602145,0.5142409801483154,0.34354838709677415
2022-05-29,1,12.239999771118164,11.97769471363776,10.8942,15.800000190734863,11.492388034159385,0.4709369540214538,0.27041330645161293,0.4896878898143768,0.6626344086021504,0.5397139191627502,0.34516129032258064
2022-05-30,1,10.239999771118164,11.357279864420175,10.815224,12.420000076293944,11.433058666335164,0.4886302649974823,0.18850806451612903,0.4862975776195526,0.5487231182795698,0.5456254482269287,0.22459677419354837
2022-05-31,1,9.779999732971191,11.302246749110413,10.565721,13.5,11.122549310498432,0.4787830114364624,0.16733870967741937,0.4841552674770355,0.5473790322580644,0.5326422452926636,0.2149193548387097
2022-06-01,1,8.760000228881836,11.633494694564272,11.2434,12.920000076293944,11.492388034159385,0.4785354733467102,0.24546370967741937,0.4849424362182617,0.5658602150537634,0.5730237364768982,0.275
2022-06-02,1,9.5,11.616081497773365,10.945766,13.510000228881836,11.492388034159385,0.474013090133667,0.24042338709677422,0.4648656249046325,0.3978494623655913,0.5317524671554565,0.2911290322580645
2022-06-03,1,13.8100004196167,11.185902326535833,11.03207,12.239999771118164,10.925219070536317,0.4918194413185119,0.14566532258064518,0.4656223654747009,0.31317204301075263,0.5521676540374756,0.15000000000000002
2022-06-04,1,13.989999771118164,10.96971230625323,10.974178,10.239999771118164,11.239447024900455,0.4826080501079559,0.1491935483870968,0.4660685658454895,0.3051075268817204,0.5524242520332336,0.15
2022-06-05,1,13.15999984741211,10.876349677054767,10.576056,9.779999732971191,11.55023787350903,0.4926412105560303,0.16431451612903225,0.4750469028949737,0.4206989247311827,0.5540778636932373,0.19274193548387092
2022-06-06,1,11.899999618530272,10.19740350382735,10.462482,8.760000228881836,10.504486047780846,0.4960162043571472,0.042086693548387094,0.4361806213855743,0.0504032258064516,0.5395548939704895,0.03064516129032258
2022-06-07,1,12.109999656677246,10.451962338342387,10.570149,9.5,10.705534886270373,0.4776241183280945,0.0751008064516129,0.4542830288410187,0.16599462365591394,0.5116078853607178,0.0717741935483871
2022-06-08,1,10.9399995803833,11.23395816897215,10.758465,13.8100004196167,10.683998847831075,0.4799481034278869,0.15347782258064516,0.4714983403682709,0.41095430107526876,0.5047717690467834,0.1875
2022-06-09,1,14.460000038146973,11.265765355425643,10.905983,13.989999771118164,10.558987010538385,0.4847500324249267,0.15473790322580647,0.4743071794509887,0.43245967741935476,0.5109179615974426,0.17862903225806454
2022-06-10,1,10.279999732971191,11.09193727844723,11.145996,13.15999984741211,10.269112433726724,0.4689213931560516,0.13256048387096775,0.4789978563785553,0.4388440860215053,0.50860196352005,0.13306451612903225
2022-06-11,1,9.3100004196167,11.121023732588167,11.331114,11.899999618530272,10.645078791374525,0.4899284541606903,0.14919354838709678,0.4805802404880523,0.429771505376344,0.5118851065635681,0.12943548387096773
2022-06-12,1,11.399999618530272,11.027975501498338,11.193008,12.109999656677246,10.477813007117293,0.5021754503250122,0.11441532258064516,0.481634110212326,0.4321236559139784,0.51228928565979,0.09838709677419355
2022-06-13,1,10.920000076293944,10.971872908836328,11.235849,10.9399995803833,10.752846327238002,0.5099411606788635,0.1323084677419355,0.4827252328395843,0.43481182795698914,0.5149533152580261,0.11370967741935484
2022-06-14,1,10.960000038146973,11.310263447565983,10.827928,14.460000038146973,10.551155742718352,0.4946892559528351,0.15347782258064518,0.4702875912189483,0.40188172043010745,0.5222155451774597,0.18548387096774194
2022-06-15,1,10.970000267028809,10.860181995262124,11.2708435,10.279999732971191,10.718421526975584,0.5115406513214111,0.12878024193548387,0.4699397087097168,0.30813172043010745,0.5666738748550415,0.10282258064516128
2022-06-16,2,11.960000038146973,10.472104477323116,11.165176,9.3100004196167,11.236901666712964,0.4497575461864471,0.1423891129032258,0.4749266803264618,0.16341256366723259,0.4630005061626434,0.1373089983022071
2022-06-17,2,13.960000038146973,11.265447597756054,11.149711,11.399999618530272,11.25675090115874,0.464523047208786,0.2331149193548387,0.4710617959499359,0.2898981324278438,0.4673035442829132,0.21095076400679114
2022-06-18,2,13.329999923706056,11.311714002107912,11.413482,10.920000076293944,11.866163858478654,0.4543154537677765,0.2716733870967742,0.4671031236648559,0.2898981324278438,0.460375964641571,0.2629456706281833
2022-06-19,2,13.06999969482422,11.219263397647646,11.305662,10.960000038146973,11.543393261356192,0.4743562936782837,0.2689012096774194,0.4568486213684082,0.2698429541595926,0.4907164275646209,0.2431027164685908
2022-06-20,2,11.829999923706056,11.096328849628122,11.431408,10.970000267028809,10.595057926490028,0.4558417201042175,0.13130040322580644,0.445034384727478,0.20150679117147707,0.4847869575023651,0.1403862478777589
2022-06-21,2,11.710000038146973,11.403931794457666,11.386568,11.960000038146973,10.3308638446088,0.4614390730857849,0.1814516129032258,0.4464689195156097,0.2907470288624788,0.4760002195835113,0.1784804753820034
2022-06-22,2,12.039999961853027,12.419329605945759,11.7139015,13.960000038146973,10.925201979921292,0.4646899998188019,0.3104838709677419,0.4359852969646454,0.474320882852292,0.483512818813324,0.3176994906621392
2022-06-23,2,9.34000015258789,12.294727425896005,12.248533,13.329999923706056,10.328119888541917,0.4437420070171356,0.23639112903225806,0.4204577505588531,0.39643463497453313,0.47350013256073,0.2845925297113752
2022-06-24,2,9.100000381469728,12.231002469225043,12.103013,13.06999969482422,10.84098432378304,0.4522008001804352,0.2494959677419355,0.4009698927402496,0.3512308998302207,0.4704316854476928,0.2784380305602716
2022-06-25,2,12.710000038146973,11.853917739809074,12.18036,11.829999923706056,11.167258286585527,0.4584924578666687,0.2535282258064516,0.4095851182937622,0.28310696095076404,0.4847165942192077,0.2763157894736842
2022-06-26,2,12.9399995803833,11.711045770590493,11.971875,11.710000038146973,11.126271469306149,0.4643330872058868,0.24067540322580647,0.4087143242359161,0.25880730050933787,0.4892756640911102,0.2530772495755518
2022-06-27,2,10.06999969482422,11.548095652880482,11.355056,12.039999961853027,10.99862625391648,0.4676827192306518,0.2366431451612903,0.4222705960273742,0.297644312393888,0.4675256907939911,0.219758064516129
2022-06-28,2,9.039999961853027,10.872386971436796,12.008699,9.34000015258789,11.380458544867404,0.4702704846858978,0.20992943548387094,0.4258184432983398,0.1542869269949066,0.4843277931213379,0.2043718166383701
2022-06-29,2,11.09000015258789,10.582905980707439,11.377665,9.100000381469728,11.760509385774604,0.4294435679912567,0.1814516129032258,0.413493663072586,0.14059847198641764,0.4485567212104797,0.19068336162988114
2022-06-30,2,11.739999771118164,11.906357022339428,11.3427725,12.710000038146973,11.56713616598805,0.424964964389801,0.296875,0.4182981848716736,0.3867784380305603,0.4454876482486725,0.3131366723259762
2022-07-01,2,11.619999885559082,12.38290743046587,12.134512,12.9399995803833,11.827612849179216,0.4417970776557922,0.36013104838709675,0.4369760751724243,0.4626485568760611,0.451560765504837,0.38688455008488964
2022-07-02,2,13.140000343322754,11.40528426717301,12.345673,10.06999969482422,11.959978763009865,0.4527109563350677,0.26839717741935487,0.4270682632923126,0.22803480475382004,0.4659537374973297,0.2891553480475382
2022-07-03,2,10.84000015258789,10.741087457645996,11.751851,9.039999961853027,11.869044478935416,0.4304738640785217,0.20514112903225806,0.4257713258266449,0.17147707979626486,0.4529237449169159,0.22495755517826826
2022-07-04,2,11.600000381469728,11.407291337044697,11.5112505,11.09000015258789,11.80796558930887,0.4172497987747192,0.24143145161290325,0.4268392324447632,0.27546689303904925,0.4307116866111755,0.2601867572156197
2022-07-05,2,11.350000381469728,11.783308584958457,11.870631,11.739999771118164,11.673450778795578,0.4377380609512329,0.28150201612903225,0.4325226843357086,0.3408319185059423,0.4434125423431396,0.29732597623089985
2022-07-06,2,12.84000015258789,11.674523393868114,11.907507,11.619999885559082,11.25935729668943,0.4591355323791504,0.24974798387096775,0.4280751943588257,0.29159592529711376,0.4634972214698791,0.2527589134125637
2022-07-07,2,10.850000381469728,12.378314738976254,12.114035,13.140000343322754,11.449572942979833,0.4473834633827209,0.3341733870967742,0.4138213694095611,0.42232597623089985,0.4704097509384155,0.3633276740237691
2022-07-08,2,12.229999542236328,11.649368997979959,12.3121605,10.84000015258789,11.776825809219009,0.4581021964550018,0.27545362903225806,0.4186518788337707,0.23864601018675724,0.4725797474384308,0.2912775891341256
2022-07-09,2,13.619999885559082,11.758954490566287,11.946972,11.600000381469728,11.653823312533554,0.4651989638805389,0.3034274193548387,0.4187515079975128,0.29732597623089985,0.4726484417915344,0.29902376910016976
2022-07-10,2,12.579999923706056,11.672978258170623,12.05586,11.350000381469728,11.45745009245632,0.4678122997283935,0.2772177419354839,0.4285951256752014,0.2826825127334465,0.4750281274318695,0.27355687606112056
2022-07-11,2,12.600000381469728,11.896685508095599,11.510305,12.84000015258789,10.87941236232612,0.4565600454807281,0.23815524193548387,0.4266014397144317,0.35674872665534807,0.4591254591941833,0.24151103565365029
2022-07-12,2,11.390000343322754,11.31290372223749,11.785728,10.850000381469728,11.174855778807364,0.4808343350887298,0.2361391129032258,0.4325950443744659,0.2219864176570458,0.488555759191513,0.21095076400679116
2022-07-13,2,12.109999656677246,11.5496291273049,11.123164,12.229999542236328,11.14843483387808,0.4548884630203247,0.24495967741935484,0.4259828329086303,0.32831069609507646,0.4525433182716369,0.23408319185059423
2022-07-14,2,9.710000038146973,12.421649882479887,11.752591,13.619999885559082,11.530332361901236,0.4668857455253601,0.3840725806451613,0.413629412651062,0.4584040747028863,0.4713203012943268,0.37860780984719866
2022-07-15,2,12.020000457763672,11.960206559421952,11.927547,12.579999923706056,10.794103839553127,0.4574082195758819,0.2283266129032258,0.4208261966705322,0.3292657045840408,0.4687578976154327,0.24331494057724956
2022-07-16,2,11.899999618530272,11.968130048120564,11.65556,12.600000381469728,11.407671989693505,0.4578846395015716,0.3155241935483871,0.4064196050167084,0.3615237691001698,0.4721666872501373,0.3182300509337861
2022-07-17,2,11.050000190734863,11.453463620089062,11.680611,11.390000343322754,11.069308568822072,0.4521767199039459,0.18901209677419356,0.4094534814357757,0.21827249575551783,0.4671161472797394,0.20044567062818336
2022-07-18,2,11.920000076293944,11.23466842480002,10.642671,12.109999656677246,10.816000166845622,0.4556655287742615,0.19380040322580644,0.4236407876014709,0.2870331069609508,0.4342746436595917,0.1732809847198642
2022-07-19,2,11.479999542236328,10.786233735208127,11.672184,9.710000038146973,10.945313033548722,0.4495573043823242,0.11542338709677419,0.4306869208812713,0.13879456706281834,0.4618252217769623,0.12584889643463495
2022-07-20,2,10.609999656677246,11.55982987719742,11.436087,12.020000457763672,10.917910189759102,0.4547789990901947,0.20514112903225806,0.391044557094574,0.25806451612903225,0.4337768852710724,0.19779286926994907
2022-07-21,2,9.40999984741211,11.656712529777298,11.751926,11.899999618530272,10.955908044270284,0.4357325136661529,0.18850806451612906,0.3763673305511474,0.24713497453310695,0.4502723813056946,0.212330220713073
2022-07-22,2,10.84000015258789,11.254755516210933,11.656117,11.050000190734863,10.761202828637671,0.4412640631198883,0.12752016129032256,0.3745675981044769,0.1551358234295416,0.4619028270244598,0.149830220713073
2022-07-23,2,10.359999656677246,11.423955779031063,11.416714,11.920000076293944,10.448161187325193,0.4469741880893707,0.16355846774193547,0.4058375954627991,0.23981324278438032,0.4599601626396179,0.17635823429541594
2022-07-24,2,12.710000038146973,11.306752750385954,11.354486,11.479999542236328,10.852859355053594,0.4412887692451477,0.15423387096774194,0.4120407700538635,0.21370967741935487,0.4509937465190887,0.16362478777589132
2022-07-25,2,11.0,11.082155485383703,11.46888,10.609999656677246,11.156336984909952,0.4582015872001648,0.17867943548387097,0.4073556065559387,0.1540747028862479,0.4578368663787842,0.16871816638370118
2022-07-26,2,11.68000030517578,10.70130898033586,11.624036,9.40999984741211,11.20779145193905,0.4487254321575165,0.14768145161290325,0.4062951207160949,0.10589983022071309,0.451989084482193,0.14940577249575554
2022-07-27,2,11.720000267028809,11.174700527537068,11.344082,10.84000015258789,11.462992964393822,0.450615793466568,0.2182459677419355,0.4045350253582001,0.19025891341256368,0.4487811326980591,0.20829796264855688
2022-07-28,2,13.979999542236328,10.836679537880512,11.202909,10.359999656677246,10.9660230105182,0.451391339302063,0.1267641129032258,0.4266960620880127,0.15110356536502545,0.4486280083656311,0.1177843803056027
2022-07-29,2,15.369999885559082,11.739650986134516,11.07423,12.710000038146973,11.296150100912264,0.4526359438896179,0.2878024193548387,0.4340004920959472,0.3933573853989813,0.4459450542926788,0.27493633276740237
2022-07-30,2,13.75,11.375044942909383,11.643991,11.0,11.520006200274263,0.4747829139232635,0.27268145161290325,0.4305264353752136,0.25700339558573854,0.4721389412879944,0.24405772495755518
2022-07-31,2,12.579999923706056,11.46171320867523,11.3147335,11.68000030517578,11.3558433601934,0.4571554660797119,0.24899193548387097,0.4133960902690887,0.26750848896434637,0.4530032873153686,0.23588709677419356
2022-08-01,2,11.470000267028809,11.49830361367362,11.400273,11.720000267028809,11.275479187728893,0.4745054841041565,0.27520161290322576,0.4239516854286194,0.29159592529711376,0.4822081625461578,0.24978777589134124
2022-08-02,2,10.789999961853027,12.373803199947323,11.510118,13.979999542236328,11.10470221525079,0.459444135427475,0.32963709677419356,0.4090571999549866,0.4491723259762309,0.4762686789035797,0.33414685908319186
2022-08-03,2,11.84000015258789,13.031058278849184,11.772149,15.369999885559082,11.18572094284005,0.486300528049469,0.4301915322580645,0.4319393336772918,0.5611205432937182,0.4994460642337799,0.40810696095076393
2022-08-04,2,11.920000076293944,12.518113684386343,12.068662,13.75,11.065607343028296,0.4785990118980407,0.34601814516129037,0.4224098324775696,0.45161290322580644,0.5020002722740173,0.3497453310696095
2022-08-05,2,9.100000381469728,11.844746653244473,11.814798,12.579999923706056,10.441624582121367,0.4902006089687347,0.2678931451612903,0.4178163707256317,0.31334889643463504,0.509045422077179,0.24755942275042445
2022-08-06,2,10.850000381469728,11.3871261236062,11.490454,11.470000267028809,10.98889011487493,0.491957813501358,0.2494959677419355,0.4209018349647522,0.23609932088285232,0.4963549971580505,0.20575127334465196
2022-08-07,2,10.130000114440918,10.99392579536968,11.301004,10.789999961853027,10.71085150198478,0.5020849108695984,0.1869959677419355,0.4117569923400879,0.13051782682512733,0.5093945860862732,0.13497453310696095
2022-08-08,2,9.899999618530272,11.256415292512408,10.948578,11.84000015258789,10.781879480514355,0.4889977574348449,0.23412298387096775,0.4238744676113128,0.2567911714770798,0.4998606145381927,0.18569609507640067
2022-08-09,2,8.880000114440918,11.339098743355258,11.096421,11.920000076293944,10.723321000027228,0.4820799827575683,0.2217741935483871,0.4199876487255096,0.2578522920203735,0.4934881627559662,0.18654499151103565
2022-08-10,2,7.510000228881836,10.276978524657235,10.994891,9.100000381469728,11.015631741511031,0.4773174524307251,0.1466733870967742,0.4305483698844909,0.11237266553480474,0.4825073182582855,0.10621816638370118
2022-08-11,2,7.96999979019165,10.746991020703977,10.374794,10.850000381469728,11.378415595756415,0.4442720413208008,0.19027217741935482,0.4243465363979339,0.20670628183361628,0.4551215171813965,0.1761460101867572
2022-08-12,2,10.8100004196167,10.685777547019313,10.872378,10.130000114440918,11.377481392969557,0.4548987746238708,0.18346774193548387,0.4202292263507843,0.1585314091680815,0.4669748842716217,0.16702037351443122
2022-08-13,2,10.510000228881836,10.437129729194904,10.548609,9.899999618530272,11.260561591212698,0.4467363953590393,0.15372983870967744,0.4322824478149414,0.16426146010186757,0.4566096663475036,0.14325127334465193
2022-08-14,2,8.859999656677246,9.985614078433493,10.392602,8.880000114440918,11.281119182894004,0.4447700679302215,0.13634072580645162,0.4246449470520019,0.11576825127334464,0.4578144252300262,0.12107385398981323
2022-08-15,2,9.420000076293944,9.483686869828164,10.25425,7.510000228881836,11.697293108834188,0.4342232644557953,0.16280241935483872,0.4125068485736847,0.10632427843803055,0.4531267285346985,0.1502546689303905
2022-08-16,2,9.739999771118164,9.39608405264476,9.692848,7.96999979019165,11.580533696001693,0.4468966722488403,0.1645665322580645,0.4208907783031463,0.1162988115449915,0.4509493708610534,0.13752122241086587
2022-08-17,2,10.25,10.565973176424857,10.099941,10.8100004196167,11.126491086997104,0.4399751126766205,0.14264112903225806,0.3949234187602997,0.14219015280135824,0.4578257203102112,0.13306451612903225
2022-08-18,2,12.0,10.622645102129253,10.512997,10.510000228881836,11.09464307841491,0.4398741722106933,0.12550403225806453,0.4137561619281769,0.14028013582342957,0.4538801908493042,0.1216044142614601
2022-08-19,2,9.619999885559082,9.960023765856668,10.430901,8.859999656677246,11.100598207393013,0.4320007264614105,0.08795362903225806,0.4052752256393432,0.06642614601018676,0.4490358233451843,0.08531409168081494
2022-08-20,2,9.979999542236328,10.005950243879768,10.042095,9.420000076293944,11.096524877780896,0.4308614134788513,0.09047379032258064,0.395296961069107,0.07449066213921901,0.4348926544189453,0.08085738539898132
2022-08-21,2,10.619999885559082,10.274997704319958,10.260002,9.739999771118164,11.378733905443452,0.4329453110694885,0.15171370967741937,0.3848508596420288,0.11640492359932088,0.449268102645874,0.14208404074702885
2022-08-22,2,12.520000457763672,10.577077044394859,10.444564,10.25,11.529385483073012,0.4356662929058075,0.18069556451612903,0.386795312166214,0.142402376910017,0.4528504908084869,0.17338709677419353
2022-08-23,2,13.149999618530272,11.325371734825987,10.523156,12.0,11.781100607836434,0.4316490590572357,0.27973790322580644,0.4011730849742889,0.3119694397283531,0.436655580997467,0.2763157894736842
2022-08-24,2,11.300000190734863,10.326692620745533,10.35916,9.619999885559082,11.667026487795884,0.4248876869678497,0.1706149193548387,0.418780118227005,0.1531196943972835,0.4152816534042358,0.15927419354838707
2022-08-25,2,11.579999923706056,10.488767368638147,10.299519,9.979999542236328,11.93211185087762,0.4216023981571197,0.203125,0.4247117638587951,0.19078947368421054,0.4255454540252685,0.19227504244482174
2022-08-26,2,9.739999771118164,10.757263175009381,10.390225,10.619999885559082,11.857625647681097,0.4323195815086365,0.21774193548387094,0.4132439792156219,0.19864176570458403,0.4383762776851654,0.20606960950764006
2022-08-27,2,6.860000133514404,11.600437638822582,10.606181,12.520000457763672,11.998389438291214,0.4348844885826111,0.3371975806451613,0.3874439597129822,0.36555602716468594,0.4347382187843323,0.3292657045840407
2022-08-28,2,8.569999694824219,12.074793002268283,11.079045,13.149999618530272,12.164812774847949,0.4484805464744568,0.3939012096774193,0.4030927419662475,0.43654499151103565,0.4528916180133819,0.3853989813242784
2022-08-29,2,11.5600004196167,11.364204649611063,11.105181,11.300000190734863,12.07541677898836,0.4325887858867645,0.2817540322580645,0.4091077446937561,0.2707979626485569,0.4350231885910034,0.2797113752122241
2022-08-30,2,9.6899995803833,11.22739755747969,10.57527,11.579999923706056,11.989479829356265,0.4294869601726532,0.28099798387096775,0.4187665581703186,0.30326825127334467,0.4320463240146637,0.27652801358234297
2022-08-31,2,11.270000457763672,10.503532130608122,10.399453,9.739999771118164,12.26477489345632,0.4393826425075531,0.24974798387096775,0.4396919310092926,0.22548811544991512,0.4269128143787384,0.22570033955857385
2022-09-01,2,10.06999969482422,9.364680131267903,10.365812,6.860000133514404,12.12149342212768,0.4329589903354645,0.20564516129032256,0.4414221942424774,0.16829371816638367,0.4290221631526947,0.18463497453310695
2022-09-02,2,10.800000190734863,9.806737057764085,9.664422,8.569999694824219,12.600420663613011,0.4386152625083923,0.2517641129032258,0.4356647431850433,0.1950339558573854,0.4259606301784515,0.21901528013582341
2022-09-03,2,6.309999942779541,11.080446111473288,9.8933935,11.5600004196167,12.792205871001356,0.4209162294864654,0.3482862903225806,0.430172324180603,0.36120543293718166,0.4216710031032562,0.3329796264855687
2022-09-04,2,9.619999885559082,10.514694988823537,10.510975,9.6899995803833,12.172455780556964,0.4194770455360412,0.22694052419354838,0.4463119506835937,0.2209252971137521,0.4193894565105438,0.21943972835314088
2022-09-05,2,11.6899995803833,10.872708981879747,9.900487,11.270000457763672,12.265625489341325,0.4171940684318542,0.2752016129032258,0.4359210431575775,0.30379881154499155,0.4161292016506195,0.26453735144312396
2022-09-06,2,10.960000038146973,10.081996794324839,9.163568,10.06999969482422,12.172455780556964,0.4140852987766266,0.22618447580645162,0.5042825937271118,0.26772071307300505,0.395108550786972,0.21169354838709675
2022-09-07,2,12.899999618530272,10.962798810221843,10.53991,10.800000190734863,12.239895872194955,0.3886583149433136,0.25126008064516125,0.4790936708450317,0.291383701188455,0.4150468111038208,0.25127334465195245
2022-09-08,2,15.260000228881836,9.463429376039748,10.954625,6.309999942779541,12.415098088649604,0.3832446634769439,0.2182459677419355,0.4277375638484955,0.17041595925297115,0.4152921736240387,0.22007640067911713
2022-09-09,2,10.699999809265137,10.24342982223388,9.859915,9.619999885559082,12.353198045609709,0.4074732661247253,0.2283266129032258,0.3979295492172241,0.1664898132427844,0.4430908858776092,0.221455857385399
2022-09-10,2,11.899999618530272,11.307121340153987,10.514139,11.6899995803833,12.325575125041832,0.4172439277172088,0.3077116935483871,0.4155450165271759,0.3254456706281834,0.4503674805164337,0.31228777589134127
2022-09-11,2,14.329999923706056,11.197446581180523,10.814255,10.960000038146973,12.534520724903814,0.4107037782669067,0.28931451612903225,0.4084606170654297,0.26114176570458403,0.4449140429496765,0.29552207130730046
2022-09-12,2,13.670000076293944,11.8868426788046,10.739941,12.899999618530272,12.441057576663605,0.4126510918140411,0.37525201612903225,0.4223945140838623,0.44938455008488964,0.4591458737850189,0.3922962648556876
2022-09-13,2,11.300000190734863,13.013759323697663,11.146311,15.260000228881836,12.723036241649057,0.4200530052185058,0.4964717741935484,0.428600400686264,0.6398556876061121,0.4300169050693512,0.506578947368421
2022-09-14,2,11.329999923706056,11.600879083640859,11.650084,10.699999809265137,13.29192657058424,0.4263812601566314,0.44254032258064513,0.4167145490646362,0.33743633276740237,0.4457053542137146,0.4460950764006791
2022-09-15,2,9.4399995803833,11.521513778297413,10.660751,11.899999618530272,12.701258349000874,0.4358221888542175,0.3712197580645161,0.4256625175476074,0.38465619694397285,0.4441971480846405,0.3591893039049236
2022-09-16,2,10.380000114440918,12.780808912565275,11.277173,14.329999923706056,13.065607693555584,0.4288605749607086,0.544858870967742,0.4087806344032287,0.6014431239388794,0.4611131846904754,0.5575127334465195
2022-09-17,2,11.300000190734863,12.688695104768414,11.450839,13.670000076293944,13.511261397446292,0.4427179396152496,0.6668346774193548,0.4390505254268646,0.6721137521222411,0.4496020376682281,0.6564091680814941
2022-09-18,2,13.420000076293944,11.591463125592014,11.179654,11.300000190734863,13.10095952788835,0.4327621459960937,0.4264112903225806,0.4545340538024902,0.40365025466893045,0.44780033826828,0.41914261460101865
2022-09-19,2,12.350000381469728,11.089720838725695,10.115594,11.329999923706056,12.80094805589779,0.4210041165351867,0.34223790322580644,0.4954178929328918,0.38561120543293714,0.4180578291416168,0.3266129032258064
2022-09-20,2,13.020000457763672,10.603398244087956,10.632185,9.4399995803833,12.865425370695167,0.433370441198349,0.3130040322580645,0.4807026982307434,0.2763157894736842,0.4506069123744964,0.2994482173174872
2022-09-21,2,13.9399995803833,10.915332804552897,10.42661,10.380000114440918,13.085624495020872,0.4331457912921905,0.3777721774193548,0.4428256750106811,0.31738115449915105,0.4491889476776123,0.3570670628183361
2022-09-22,2,13.920000076293944,11.314249659793598,10.539263,11.300000190734863,13.086468582446656,0.4247989952564239,0.40902217741935487,0.4492767453193664,0.3911290322580645,0.4472379684448242,0.4000424448217318
2022-09-23,2,11.359999656677246,12.14126914945652,10.664194,13.420000076293944,12.907226382058845,0.4081771075725555,0.47152217741935487,0.4541384875774383,0.5723684210526316,0.4466045796871185,0.48026315789473684
2022-09-24,2,12.050000190734863,12.162516018187425,11.517813,12.350000381469728,13.238129082544528,0.4116940498352051,0.5037802419354839,0.4259796738624573,0.5032894736842106,0.4617953300476074,0.5266341256366722
2022-09-25,2,13.65999984741211,12.371069291672068,11.495269,13.020000457763672,13.043757615751025,0.4128663241863251,0.484375,0.3929990231990814,0.4916171477079796,0.4740366637706756,0.5141129032258064
2022-09-26,2,13.1899995803833,12.951498040446232,11.956722,13.9399995803833,13.212741051576128,0.4267764091491699,0.578125,0.4009096920490265,0.599320882852292,0.4889577031135559,0.6192699490662139
2022-09-27,2,13.779999732971191,12.951072215627736,11.971285,13.920000076293944,13.217737729457726,0.4620914161205292,0.6222278225806452,0.4214191734790802,0.6269100169779287,0.4836906492710113,0.6194821731748726
2022-09-28,2,14.420000076293944,12.095558582787945,12.178089,11.359999656677246,13.380982996282224,0.4408011436462402,0.5365423387096775,0.4032990932464599,0.41277589134125636,0.4958067536354065,0.5664261460101867
2022-09-29,2,15.4399995803833,12.141719867063664,11.698014,12.050000190734863,13.323497420614505,0.4471575319766998,0.5473790322580645,0.4132022857666015,0.47729202037351437,0.4831907451152801,0.5522071307300509
2022-09-30,2,10.329999923706056,12.75550994489003,11.927201,13.65999984741211,12.810225265848434,0.4745856523513794,0.5367943548387096,0.4346280694007873,0.5706706281833617,0.5027251839637756,0.5316213921901528
2022-10-01,2,16.68000030517578,12.7024872593033,12.262433,13.1899995803833,12.71758470057573,0.467136412858963,0.4962197580645161,0.4289395213127136,0.5300297113752123,0.4884454011917114,0.5071095076400679
2022-10-02,2,15.779999732971191,12.928243717791208,12.263915,13.779999732971191,12.719471302461464,0.4957258999347687,0.5758568548387097,0.4495426416397095,0.5955008488964346,0.5101881623268127,0.5509337860780984
2022-10-03,2,14.520000457763672,13.207292277571067,12.132678,14.420000076293944,13.19975880466022,0.4592838883399963,0.6320564516129032,0.4467900395393371,0.6871816638370118,0.4840697348117828,0.6404923599320883
2022-10-04,2,12.3100004196167,13.738744292987029,12.123733,15.4399995803833,13.9700091274153,0.4605593681335449,0.8208165322580645,0.4522847831249237,0.8251273344651953,0.4809851348400116,0.8147283531409167
2022-10-05,2,15.420000076293944,11.968927185732298,12.539902,10.329999923706056,13.962088377682456,0.4707525372505188,0.6381048387096774,0.470934122800827,0.458616298811545,0.4792920053005218,0.6211799660441426
2022-10-06,2,12.600000381469728,14.026690189208932,11.837429,16.68000030517578,13.645907632995325,0.4682210087776184,0.7890625,0.4527299702167511,0.810483870967742,0.50241619348526,0.7820458404074703
2022-10-07,2,13.869999885559082,14.327909929509753,13.100648,15.779999732971191,14.185069663983825,0.5029721856117249,0.9347278225806452,0.4668592810630798,0.8703310696095077,0.5121322274208069,0.919779286926995
2022-10-08,2,13.279999732971191,13.722613162490292,12.814774,14.520000457763672,14.170476687546694,0.465542584657669,0.842741935483871,0.4497522115707397,0.8109083191850595,0.5078800916671753,0.8692699490662139
2022-10-09,2,13.300000190734863,12.77960259361301,12.6464205,12.3100004196167,14.01846665223491,0.4970417320728302,0.7895665322580645,0.4671128094196319,0.6396434634974533,0.5130165219306946,0.7561544991511036
2022-10-10,2,13.449999809265137,13.640472964346896,12.114006,15.420000076293944,13.515969410233328,0.4777382612228393,0.7817540322580645,0.4650953114032745,0.7939303904923599,0.5004128813743591,0.7650679117147707
2022-10-11,2,13.3100004196167,13.011895465121745,12.861773,12.600000381469728,14.173461178949708,0.4924402832984924,0.8185483870967741,0.4647759795188904,0.6764643463497453,0.4991380572319031,0.7900042444821731
2022-10-12,2,13.039999961853027,13.07959941256996,12.2076,13.869999885559082,13.460797144874132,0.4915426075458526,0.7585685483870968,0.4732049405574798,0.7179541595925297,0.5083196759223938,0.7236842105263157
2022-10-13,2,13.210000038146973,12.872883986011797,12.322458,13.279999732971191,13.297110960619555,0.4833779633045196,0.6633064516129032,0.4799977540969848,0.6455857385398982,0.5130136013031006,0.6523769100169778
2022-10-14,2,14.93000030517578,12.701928037479185,11.873442,13.300000190734863,13.369877315295996,0.4697065055370331,0.6605342741935484,0.4819231033325195,0.6603353140916808,0.4728872776031494,0.636990662139219
2022-10-15,2,14.18000030517578,12.935992829880066,12.266723,13.449999809265137,13.413835988340075,0.4879148006439209,0.7260584677419355,0.4545170366764068,0.6708404074702886,0.5037736296653748,0.6965195246179965
2022-10-16,2,13.729999542236328,12.842721135988445,12.183043,13.3100004196167,13.39243837470594,0.4762100577354431,0.6917842741935485,0.4543451070785522,0.6589558573853991,0.4962147176265716,0.6782682512733447
2022-10-17,2,15.15999984741211,12.746545124930446,12.226559,13.039999961853027,13.329604232178788,0.4937051832675934,0.6791834677419355,0.4562231004238128,0.615025466893039,0.5184603333473206,0.6515280135823429
2022-10-18,2,13.210000038146973,12.753972859784758,12.0770445,13.210000038146973,13.365007312576044,0.4872313737869262,0.6892641129032258,0.4753108024597168,0.6471774193548387,0.5056285858154297,0.6539685908319185
2022-10-19,2,14.56999969482422,13.554777422048776,12.314351,14.93000030517578,13.59529110540452,0.4717892408370971,0.775453629032258,0.4549041986465454,0.7854414261460102,0.5171347260475159,0.791383701188455
2022-10-20,2,16.81999969482422,13.376150756970453,12.436271,14.18000030517578,13.88318111374333,0.5134781002998352,0.8558467741935485,0.4980883002281189,0.7952037351443124,0.5206401348114014,0.8149405772495755
2022-10-21,2,14.449999809265137,13.239484847812589,12.561245,13.729999542236328,13.78449511654344,0.4957639575004577,0.8147681451612903,0.4644771218299866,0.7311120543293719,0.5235978960990906,0.79223259762309
2022-10-22,2,11.029999732971191,13.599754619911817,12.429291,15.15999984741211,13.11280730971282,0.5100159049034119,0.7159778225806452,0.4773544073104858,0.735144312393888,0.5157734155654907,0.6854838709677419
2022-10-23,2,10.850000381469728,13.134249169304482,12.73542,13.210000038146973,13.88011306255459,0.5089607834815979,0.8170362903225806,0.4888487756252289,0.7174235993208828,0.5225997567176819,0.7902164685908319
2022-10-24,2,13.739999771118164,13.45611730518986,12.437211,14.56999969482422,13.520891712598326,0.5121746063232422,0.8190524193548387,0.5127615332603455,0.8011460101867572,0.5281828045845032,0.7867147707979626
2022-10-25,2,14.119999885559082,14.856265815914233,13.538007,16.81999969482422,13.894880393901284,0.5310280323028564,0.9221270161290323,0.4717147946357727,0.8703310696095077,0.5736208558082581,0.9165959252971138
2022-10-26,2,14.539999961853027,13.854467935444598,13.338671,14.449999809265137,13.823947292553871,0.5204607844352722,0.8787802419354839,0.5012025833129883,0.8257640067911713,0.5311124324798584,0.8707555178268251
2022-10-27,2,13.15999984741211,12.404146224186976,13.012066,11.029999732971191,13.78461971103925,0.5132244825363159,0.7184979838709677,0.5034186840057373,0.5373514431239389,0.5216671824455261,0.6935483870967741
2022-10-28,2,15.90999984741211,12.130745851114614,12.6788845,10.850000381469728,13.458924830412272,0.5071874856948853,0.6368447580645161,0.4905116856098175,0.46625636672325976,0.5287411212921143,0.6103565365025467
2022-10-29,2,14.390000343322754,13.118771906965248,12.333963,13.739999771118164,13.642136219331226,0.5101644992828369,0.801663306451613,0.4947102665901184,0.739707130730051,0.5289880037307739,0.7668718166383701
2022-10-30,2,14.630000114440918,13.390053114713794,12.796663,14.119999885559082,13.265287331129263,0.499702513217926,0.7230342741935484,0.4929728806018829,0.7228353140916808,0.5218172669410706,0.715195246179966
2022-10-31,2,8.380000114440918,13.55529199960563,12.830693,14.539999961853027,13.216223824223515,0.4807519912719726,0.691280241935484,0.4754675924777984,0.7272920203735145,0.5104034543037415,0.7058573853989814
2022-11-01,2,12.90999984741211,13.083043525399278,12.836618,13.15999984741211,13.483588313521988,0.4849626123905182,0.734375,0.4951061904430389,0.6880305602716469,0.5035719871520996,0.7266553480475382
2022-11-02,2,11.0600004196167,13.804158169856965,12.737579,15.90999984741211,11.992277946924856,0.4857054948806762,0.5509072580645161,0.4733261466026306,0.6702037351443125,0.4992238283157348,0.5545415959252971
2022-11-03,2,15.020000457763672,13.71360544218496,13.271192,14.390000343322754,13.356245884825531,0.5034719705581665,0.7741935483870968,0.4826346933841705,0.7541383701188454,0.516097366809845,0.7717529711375212
2022-11-04,2,12.579999923706056,13.532113597889161,12.815213,14.630000114440918,12.94936691003626,0.4975605309009552,0.6643145161290323,0.491583377122879,0.7105263157894738,0.5115456581115723,0.6551358234295415
2022-11-05,2,12.520000457763672,11.26055140428447,12.998197,8.380000114440918,13.111951393611642,0.5170361995697021,0.5075604838709677,0.5039829611778259,0.3376485568760611,0.5275103449821472,0.48875212224108655
2022-11-06,2,13.760000228881836,12.28057972350117,11.8051605,12.90999984741211,12.091432728556931,0.4906094968318939,0.45841733870967744,0.4908028542995453,0.49851443123938877,0.5180234313011169,0.43357385398981324
2022-11-07,2,12.5600004196167,12.075684448126257,12.700089,11.0600004196167,12.702142263429453,0.5285543203353882,0.4705141129032258,0.5171678066253662,0.4053480475382003,0.5273076891899109,0.44694397283531406
2022-11-08,2,13.1899995803833,13.227837936946433,11.811428,15.020000457763672,12.830435253441422,0.4772983491420746,0.5934979838709677,0.5138410329818726,0.7113752122241087,0.4923816621303558,0.5768251273344652
2022-11-09,2,13.020000457763672,12.723632915952095,12.862753,12.579999923706056,12.69787871133638,0.5160927176475525,0.5398185483870968,0.5392872095108032,0.5616511035653651,0.5207341313362122,0.528544142614601
2022-11-10,2,12.300000190734863,12.409381404742149,12.187381,12.520000457763672,12.68764420936894,0.4789687097072601,0.4735383064516129,0.5089325904846191,0.5130517826825127,0.4876669049263,0.45808573853989815
2022-11-11,2,12.119999885559082,12.962933475821718,12.290413,13.760000228881836,12.881971040300355,0.5083444118499756,0.612399193548387,0.5205933451652527,0.6576825127334465,0.5135315656661987,0.581918505942275
2022-11-12,2,11.520000457763672,12.598783610674754,12.532059,12.5600004196167,12.826480366809069,0.4752103984355926,0.5075604838709677,0.4961275458335876,0.5328947368421052,0.4933655858039856,0.5123089983022071
2022-11-13,2,13.18000030517578,12.658104643169315,12.115467,13.1899995803833,12.8152494658723,0.4703398942947387,0.5199092741935484,0.5098258852958679,0.5928480475382004,0.4946178495883941,0.5228140916808149
2022-11-14,2,12.039999961853027,12.801957255801335,12.605654,13.020000457763672,12.807553177429666,0.4926535487174988,0.5582157258064516,0.5296401977539062,0.5966680814940577,0.515150785446167,0.5478565365025467
2022-11-15,2,11.289999961853027,12.513989887387226,12.62998,12.300000190734863,12.680991527313214,0.4919005334377289,0.4969758064516129,0.5285860896110535,0.5220713073005093,0.5173926949501038,0.49257215619694394
2022-11-16,2,14.210000038146973,12.446518774333244,12.5073185,12.119999885559082,12.96275716913137,0.4879208207130432,0.5456149193548387,0.5273481607437134,0.5432937181663837,0.4999964237213135,0.5233446519524618
2022-11-17,2,12.130000114440918,12.244156249656324,12.557804,11.520000457763672,12.986760395168348,0.4811258316040039,0.5050403225806451,0.5165321230888367,0.4728353140916808,0.5034589171409607,0.49830220713073003
2022-11-18,2,12.789999961853027,12.73290112776737,12.260572,13.18000030517578,12.901443310427137,0.4794465005397796,0.5574596774193548,0.524299681186676,0.6141765704584041,0.4825005531311035,0.5390492359932089
2022-11-19,2,14.640000343322754,12.516397235261763,12.777192,12.039999961853027,12.882403561418204,0.4732048213481903,0.5017641129032259,0.502502977848053,0.5122028862478778,0.50263512134552,0.5234507640067911
2022-11-20,2,15.1899995803833,12.150140077394344,12.628723,11.289999961853027,12.793608732614254,0.4761164486408233,0.436491935483871,0.4991804659366607,0.40884974533106966,0.5113857388496399,0.452355687606112
2022-11-21,2,11.859999656677246,13.20497805255825,12.451215,14.210000038146973,12.890900949636872,0.4731782376766205,0.5892137096774194,0.4946855306625366,0.6740237691001698,0.5085092782974243,0.6078098471986417
2022-11-22,2,10.899999618530272,12.75861754681992,12.977449,12.130000114440918,13.52348164192274,0.4723383784294128,0.683719758064516,0.4894507229328155,0.6122665534804753,0.5027250647544861,0.7037351443123938
2022-11-23,2,13.079999923706056,12.695578139721432,12.579683,12.789999961853027,12.767498559831466,0.4823499619960785,0.5194052419354839,0.4917256236076355,0.5392614601018676,0.5134550333023071,0.5250424448217317
2022-11-24,2,11.4399995803833,13.496619829053238,12.663541,14.640000343322754,13.084286165883988,0.4889130592346191,0.678679435483871,0.5003374218940735,0.7337648556876061,0.500800371170044,0.6656409168081493
2022-11-25,2,10.739999771118164,13.915468391966293,12.99115,15.1899995803833,13.44612239705644,0.4941820502281189,0.8044354838709677,0.4947790205478668,0.808786078098472,0.5112041234970093,0.7975382003395586
2022-11-26,2,13.609999656677246,12.676197218658507,13.260905,11.859999656677246,12.992999834602674,0.508467435836792,0.5743447580645161,0.5001047253608704,0.5110356536502547,0.5221861600875854,0.5755517826825127
2022-11-27,2,14.65999984741211,11.868379450802188,12.453131,10.899999618530272,12.48944812965095,0.480845034122467,0.39188508064516125,0.5032070279121399,0.3616298811544991,0.4936129152774811,0.38242784380305606
2022-11-28,2,12.890000343322754,12.593453852022822,12.260244,13.079999923706056,12.3700838757077,0.4818824231624603,0.483366935483871,0.4889252483844757,0.5343803056027164,0.4877999424934387,0.46689303904923596
2022-11-29,2,15.40999984741211,11.956646611872575,12.424989,11.4399995803833,11.936170301564422,0.4878489673137665,0.3790322580645161,0.477780818939209,0.36056876061120546,0.499234527349472,0.36078098471986414
2022-11-30,2,14.770000457763672,11.52662181212145,12.076076,10.739999771118164,11.86359397140129,0.4643584191799164,0.28326612903225806,0.5225841999053955,0.3136672325976231,0.4802840054035187,0.28247028862478774
2022-12-01,2,12.899999618530272,12.63206259132658,12.029524,13.609999656677246,12.031900291110054,0.4604989886283874,0.43472782258064513,0.519693911075592,0.5778862478777589,0.4743217527866363,0.4414261460101867
2022-12-02,2,14.59000015258789,13.31997756776689,12.729841,14.65999984741211,11.967740285951956,0.4580376148223877,0.4808467741935484,0.4913173019886017,0.6468590831918506,0.4733583033084869,0.5178268251273345
2022-12-03,2,13.699999809265137,12.860677054881428,12.9791,12.890000343322754,12.535578851481995,0.4776899516582489,0.4916834677419355,0.5082637667655945,0.548811544991511,0.4854071736335754,0.5072156196943973
2022-12-04,2,11.710000038146973,13.6465120516789,12.627276,15.40999984741211,12.412817576490015,0.4802144169807434,0.5637600806451613,0.5118981599807739,0.7011884550084889,0.4834339618682861,0.5634550084889643
2022-12-05,2,11.289999961853027,13.748258148336221,13.222025,14.770000457763672,12.88879811323783,0.4699506461620331,0.6179435483870968,0.5188290476799011,0.742572156196944,0.4795255064964294,0.6528013582342954
2022-12-06,2,10.859999656677246,13.045322336730806,13.079155,12.899999618530272,13.25984428077619,0.4939746260643005,0.6665826612903225,0.5401510000228882,0.6605475382003395,0.4839965999126434,0.6465407470288624
2022-12-07,2,12.489999771118164,13.421900933199309,12.756816,14.59000015258789,12.58214359412059,0.4880059659481048,0.5829133064516129,0.5461273193359375,0.7145585738539898,0.4853618144989013,0.5698217317487266
2022-12-08,2,14.09000015258789,13.315295009177351,13.000069,13.699999809265137,13.25514392965082,0.4858821630477905,0.6887600806451613,0.5464571714401245,0.7345076400679117,0.487270325422287,0.6806027164685908
2022-12-09,2,14.640000343322754,12.346001663229275,12.77631,11.710000038146973,12.649811155659751,0.481105089187622,0.4498487903225806,0.5334009528160095,0.470606960950764,0.487402468919754,0.44747453310696095
2022-12-10,2,11.760000228881836,11.978481736612634,12.252308,11.289999961853027,12.739336193510278,0.4833850562572479,0.4387600806451613,0.5451191663742065,0.43580220713073003,0.4909295737743377,0.41288200339558573
2022-12-11,2,12.109999656677246,11.852729319979051,12.23665,10.859999656677246,12.974367116535545,0.472592830657959,0.44758064516129037,0.5304368138313293,0.42105263157894735,0.5086708664894104,0.45161290322580644
2022-12-12,2,14.600000381469728,12.438673978467314,12.094135,12.489999771118164,13.111235094717069,0.4742702841758728,0.5559475806451613,0.5187028050422668,0.5693972835314092,0.50495445728302,0.5517826825127334
2022-12-13,2,14.220000267028809,13.153695193382635,12.421489,14.09000015258789,12.928549210083062,0.4768458902835846,0.5977822580645161,0.5264225006103516,0.6952461799660441,0.5198497176170349,0.6171477079796264
2022-12-14,2,13.270000457763672,13.579548953165048,12.621759,14.640000343322754,13.613673567470986,0.4820341467857361,0.803679435483871,0.5448334813117981,0.8470925297113752,0.5119261741638184,0.8006154499151104
2022-12-15,2,12.579999923706056,12.605209020790072,12.855762,11.760000228881836,13.731882401384206,0.484919399023056,0.7142137096774194,0.5370863080024719,0.6256366723259762,0.5137083530426025,0.7094651952461799
2022-12-16,2,12.9399995803833,12.48619741687921,12.559927,12.109999656677246,13.072701375261362,0.4760031998157501,0.5413306451612903,0.5149234533309937,0.5427631578947368,0.5317085981369019,0.5654711375212224
2022-12-17,2,12.920000076293944,13.437636473988125,12.576877,14.600000381469728,13.049617475498197,0.4962137043476105,0.6764112903225806,0.5329265594482422,0.7472410865874364,0.5205413103103638,0.664685908319185
2022-12-18,2,14.039999961853027,13.500375185330832,12.938477,14.220000267028809,13.325395938929251,0.4950504899024963,0.7436995967741935,0.5367711186408997,0.7767402376910016,0.5182045102119446,0.7419354838709676
2022-12-19,2,13.31999969482422,13.105770650296344,12.90001,13.270000457763672,13.240272498528466,0.5002714395523071,0.6849798387096775,0.5512704253196716,0.7030984719864177,0.5076286196708679,0.6680814940577249
2022-12-20,2,12.68000030517578,12.805538714280164,12.761719,12.579999923706056,13.355210652558757,0.4857209026813507,0.6665826612903226,0.5558992624282837,0.6622453310696095,0.4931226968765259,0.6482385398981324
2022-12-21,2,15.239999771118164,12.88470049115875,12.769126,12.9399995803833,13.034144917816835,0.4956470429897308,0.6088709677419355,0.54208904504776,0.6337011884550084,0.5053505301475525,0.5921052631578947
2022-12-22,2,12.369999885559082,12.967682608052987,12.928598,12.920000076293944,13.150988039690304,0.4942176938056946,0.6433971774193549,0.5558459162712097,0.6625636672325976,0.4979034662246704,0.6264855687606112
2022-12-23,2,10.220000267028809,13.493300678757148,13.070384,14.039999961853027,13.35146463976897,0.4863239824771881,0.7394153225806452,0.5628252625465393,0.7963709677419355,0.4948090612888336,0.7367359932088285
2022-12-24,2,10.449999809265137,13.326789398910261,13.313775,13.31999969482422,13.36965120463042,0.4870713651180267,0.727570564516129,0.5722391605377197,0.7593378607809848,0.4884966313838959,0.7236842105263158
2022-12-25,2,11.81999969482422,13.03411011334212,13.142393,12.68000030517578,13.498693234694574,0.4815838634967804,0.7149697580645161,0.572531521320343,0.7145585738539899,0.4902916550636291,0.7173174872665534
2022-12-26,2,13.510000228881836,13.983667856946017,13.102779,15.239999771118164,13.453003956730258,0.4849788844585418,0.7983870967741935,0.5742659568786621,0.8781833616298811,0.4920215904712677,0.7983870967741935
2022-12-27,2,12.289999961853027,13.215872124724076,13.585949,12.369999885559082,14.074943633683244,0.4847880601882934,0.7993951612903225,0.5827295780181885,0.7476655348047537,0.4900210797786712,0.7943548387096773
2022-12-28,2,13.670000076293944,12.035044006032791,12.94228,10.220000267028809,13.623850497614535,0.479586511850357,0.6179435483870968,0.5808752179145813,0.5184634974533107,0.4851232767105102,0.6063242784380305
2022-12-29,2,12.9399995803833,11.940727732884305,12.592644,10.449999809265137,13.455371979112336,0.4677559435367584,0.5602318548387096,0.5719055533409119,0.5,0.4823392629623413,0.5564516129032258
2022-12-30,2,13.739999771118164,12.393811348501462,12.515816,11.81999969482422,13.266924189984234,0.464207112789154,0.5561995967741935,0.5630211234092712,0.5791595925297113,0.4920336008071899,0.5691850594227504
2022-12-31,2,10.81999969482422,13.187050233634585,12.845984,13.510000228881836,13.3085492688179,0.4794671833515167,0.6761592741935484,0.5589891672134399,0.7349320882852293,0.5109990835189819,0.6910016977928692
2023-01-01,2,12.010000228881836,12.83148567965672,13.173916,12.289999961853027,13.14398889449172,0.4721830785274505,0.5776209677419355,0.545326828956604,0.605581494057725,0.5039114952087402,0.6151315789473684
2023-01-02,2,13.300000190734863,13.246270455846595,12.991509,13.670000076293944,12.972024490606744,0.4628797173500061,0.5778729838709677,0.5342904925346375,0.6803904923599321,0.5088986754417419,0.629032258064516
2023-01-03,2,11.75,13.2026669424995,13.384729,12.9399995803833,13.31836203735578,0.4856694936752319,0.6796875,0.5373193621635437,0.6801782682512734,0.5163385272026062,0.699490662139219
2023-01-04,2,14.039999961853027,13.434021460263928,13.056591,13.739999771118164,13.6712833741493,0.4835515022277832,0.795866935483871,0.5405924916267395,0.7946731748726656,0.519408106803894,0.8095288624787775
2023-01-05,2,14.390000343322754,12.339146626567768,13.191132,10.81999969482422,13.460473399832347,0.4999750852584839,0.6436491935483871,0.5492732524871826,0.5201612903225806,0.5131664872169495,0.6305178268251272
2023-01-06,2,10.3100004196167,12.584085234676587,12.738396,12.010000228881836,13.38505602428841,0.4772854149341583,0.6398689516129032,0.5265963077545166,0.5994269949066213,0.5261865854263306,0.6599108658743633
2023-01-07,2,12.350000381469728,13.129803288216053,12.994584,13.300000190734863,13.093652881664564,0.5034717917442322,0.6575100806451613,0.5350856184959412,0.6764643463497453,0.5196194648742676,0.6537563667232598
2023-01-08,2,13.130000114440918,12.725963882128502,13.297882,11.75,13.39107588117464,0.4846212565898895,0.6575100806451613,0.5345978736877441,0.5929541595925297,0.5293365120887756,0.680390492359932
2023-01-09,2,6.710000038146973,13.463969753775315,13.0724745,14.039999961853027,13.192773658614357,0.4798831939697265,0.6746471774193548,0.5263069272041321,0.7360993208828523,0.5252153277397156,0.710632427843803
2023-01-10,2,10.539999961853027,13.870304852477057,13.645988,14.390000343322754,13.335626788859042,0.4826672375202179,0.743195564516129,0.5246127843856812,0.7827886247877759,0.5348213911056519,0.7819397283531409
2023-01-11,2,10.5600004196167,12.390220020908679,13.6442585,10.3100004196167,13.729072645537167,0.4924055933952331,0.6683467741935484,0.5160501003265381,0.48875212224108655,0.5218950510025024,0.6721137521222411
2023-01-12,2,10.380000114440918,12.809911244145034,12.844484,12.350000381469728,13.651944268821978,0.4536704123020172,0.6761592741935484,0.4929841160774231,0.6357173174872666,0.490892231464386,0.7112691001697793
2023-01-13,2,11.68000030517578,13.086695060771703,12.86271,13.130000114440918,13.50405134016962,0.4686859250068664,0.7048891129032258,0.5123770833015442,0.6967317487266553,0.4991324841976166,0.7272920203735144
2023-01-14,2,11.390000343322754,10.812445444210235,13.384564,6.710000038146973,13.23006950580979,0.4769091010093689,0.4785786290322581,0.5136706233024597,0.3482597623089983,0.4945159256458282,0.49702886247877753
2023-01-15,2,13.84000015258789,11.77519645473192,12.164654,10.539999961853027,13.369309963636525,0.4623182713985443,0.521421370967742,0.5191677808761597,0.4399405772495756,0.4902103543281555,0.5171901528013583
2023-01-16,2,9.609999656677246,12.037203709099376,12.873445,10.5600004196167,13.110067383538322,0.472754567861557,0.48185483870967744,0.5317553281784058,0.4259337860780985,0.480364054441452,0.4879032258064516
2023-01-17,2,11.470000267028809,11.904926133736797,12.634788,10.380000114440918,13.312588973236346,0.4474484622478485,0.4831149193548387,0.5410672426223755,0.44811120543293714,0.4726774096488952,0.5083828522920203
2023-01-18,2,9.529999732971191,12.399637739989343,12.769107,11.68000030517578,13.007606774592492,0.452839732170105,0.47379032258064513,0.5460011959075928,0.5172962648556876,0.4678807556629181,0.5028650254668929
2023-01-19,2,9.609999656677246,12.50540051690732,13.106514,11.390000343322754,13.383695527117926,0.4504482746124267,0.5733366935483871,0.5217817425727844,0.5380942275042445,0.4822947084903717,0.6183149405772496
2023-01-20,2,13.979999542236328,13.40678653069733,13.056682,13.84000015258789,13.328094480985197,0.4543873369693756,0.6673387096774193,0.5272512435913086,0.7461799660441426,0.4774219989776611,0.7098896434634974
2023-01-21,2,12.460000038146973,12.240796255173242,13.798848,9.609999656677246,13.996773026305036,0.460298091173172,0.6345766129032258,0.5340895056724548,0.49649830220713076,0.4916008412837982,0.6705220713073005
2023-01-22,2,11.6899995803833,12.528944997732673,13.028847,11.470000267028809,13.522054954038907,0.4541958272457123,0.6189516129032258,0.5269266963005066,0.571625636672326,0.4925425350666046,0.6611842105263157
2023-01-23,2,12.880000114440918,12.109354989010383,13.534159,9.529999732971191,14.062256476362128,0.4781225323677063,0.6655745967741935,0.5418093204498291,0.5040322580645161,0.5027270913124084,0.6774193548387096
2023-01-24,2,12.010000228881836,11.942152531741083,13.131021,9.609999656677246,13.931504228286196,0.4605779349803924,0.619203629032258,0.5506054759025574,0.5007427843803056,0.5139485001564026,0.6611842105263158
2023-01-25,2,14.399999618530272,13.7375922021746,13.375696,13.979999542236328,14.06704397694399,0.4786365032196045,0.8523185483870968,0.5731719136238098,0.8742572156196944,0.5247807502746582,0.8863539898132428
2023-01-26,2,14.68000030517578,13.52104624312884,14.038302,12.460000038146973,14.479313200132472,0.4805305898189544,0.8208165322580645,0.5575918555259705,0.7525466893039049,0.5176962614059448,0.8469864176570459
2023-01-27,2,16.700000762939453,13.015314018770356,13.7484,11.6899995803833,14.016499437777773,0.4832254350185394,0.7505040322580645,0.5576574206352234,0.6605475382003395,0.5235210657119751,0.7723896434634974
2023-01-28,2,11.449999809265137,13.5461084682049,13.732049,12.880000114440918,14.4599589791939,0.4568767547607422,0.7941028225806452,0.5527797937393188,0.7778013582342954,0.5167005658149719,0.8563242784380306
2023-01-29,2,8.6899995803833,13.314763816552261,13.900325,12.010000228881836,14.60677832913571,0.4718336164951324,0.7935987903225806,0.5515457391738892,0.7206069609507639,0.5171850919723511,0.8352079796264855
2023-01-30,2,16.0,14.238642962488681,13.977253,14.399999618530272,14.504057066005046,0.4887346923351288,0.9221270161290323,0.5514207482337952,0.9044991511035654,0.513034999370575,0.9303904923599321
2023-01-31,2,17.450000762939453,14.643982120055433,14.561378,14.68000030517578,14.757805019939472,0.4726946353912353,0.9153225806451613,0.5529863834381104,0.9393039049235994,0.5168761014938354,0.9630730050933786
2023-02-01,2,15.539999961853027,15.430948652637232,14.612254,16.700000762939453,14.73490740046656,0.5125476121902466,0.9873991935483871,0.5369031429290771,0.958616298811545,0.5037532448768616,0.972623089983022
2023-02-02,2,13.670000076293944,13.616525399945171,15.16995,11.449999809265137,14.454371231181876,0.510882556438446,0.8089717741935485,0.5661397576332092,0.6674448217317488,0.4956129491329193,0.7850169779286927
2023-02-03,2,12.289999961853027,12.111515182008313,14.141356,8.6899995803833,14.387404544777043,0.4676227569580078,0.6585181451612904,0.5591797828674316,0.5110356536502547,0.4859254062175751,0.6827249575551783
2023-02-04,2,11.920000076293944,14.65082286882871,13.712882,16.0,14.062835561350733,0.4788065254688263,0.8944052419354839,0.5666794180870056,0.9501273344651953,0.4917735457420349,0.9112903225806451
2023-02-05,2,10.970000267028809,15.855046144496884,15.066826,17.450000762939453,14.43863223272974,0.504246711730957,0.9639616935483871,0.5597338676452637,0.9728353140916808,0.5009233951568604,0.9562818336162987
2023-02-06,2,7.570000171661377,15.208585914714785,15.20495,15.539999961853027,14.553938628546575,0.5115875601768494,0.9740423387096774,0.5684213042259216,0.9681663837011885,0.5040121674537659,0.9632852292020374
2023-02-07,2,7.449999809265137,14.400789639376768,14.852786,13.670000076293944,14.845376954140152,0.5091906785964966,0.9284274193548387,0.5717315077781677,0.8730899830220713,0.4986998438835144,0.9104414261460101
2023-02-08,2,8.880000114440918,13.58878120244432,14.36345,12.289999961853027,14.443338889126624,0.49556365609169,0.8344254032258065,0.573599636554718,0.7488327674023769,0.5047730803489685,0.8277801358234295
2023-02-09,2,11.270000457763672,13.399035159729287,14.200384,11.920000076293944,14.554070435990871,0.5166395902633667,0.847530241935484,0.590191662311554,0.7302631578947368,0.5132454633712769,0.8285229202037352
2023-02-10,2,14.0,12.873188437173766,13.879358,10.970000267028809,14.415683261104666,0.5012373328208923,0.7704133064516129,0.5929650664329529,0.6306239388794568,0.5184171795845032,0.7628395585738539
2023-02-11,2,15.84000015258789,11.646046932174649,14.115695,7.570000171661377,14.24143230059416,0.5102548599243164,0.7134576612903226,0.5779243111610413,0.5120967741935484,0.5199410915374756,0.6990662139219016
2023-02-12,2,13.81999969482422,11.252321333429155,13.3723955,7.449999809265137,14.08679750697279,0.471882700920105,0.6428931451612903,0.5790489315986633,0.5,0.5132326483726501,0.671264855687606
2023-02-13,2,16.040000915527344,11.609996304660926,13.082091,8.880000114440918,13.75777562058803,0.4441294074058532,0.5655241935483871,0.558954656124115,0.4754881154499151,0.5165524482727051,0.6306239388794567
2023-02-14,2,14.5,12.558540590657763,13.091154,11.270000457763672,13.937240685425913,0.4428662061691284,0.6456653225806451,0.5636332631111145,0.6055814940577249,0.5066002607345581,0.7070246179966044
2023-02-15,2,13.079999923706056,13.909054195561978,13.811441,14.0,13.946792276700398,0.4839536249637604,0.8513104838709677,0.5418208241462708,0.8465619694397284,0.5290619134902954,0.8803056027164685
2023-02-16,2,10.579999923706056,14.787310199480775,14.375027,15.84000015258789,13.609567492098297,0.459329217672348,0.8021673387096775,0.5380718111991882,0.890704584040747,0.5164161324501038,0.8747877758913412
2023-02-17,2,13.9399995803833,14.229900649981193,14.754235,13.81999969482422,13.869950272752828,0.4829771518707275,0.8303931451612903,0.5501666069030762,0.8321307300509337,0.5177265405654907,0.8614176570458403
2023-02-18,2,13.760000228881836,14.85870466014195,14.326592,16.040000915527344,13.69336563469054,0.4753448367118835,0.84375,0.5513485074043274,0.916383701188455,0.5098458528518677,0.8866723259762309
2023-02-19,2,16.56999969482422,14.565999704268437,15.003356,14.5,13.713947447409293,0.5215772390365601,0.873991935483871,0.5648127794265747,0.8777589134125637,0.5180209875106812,0.8713921901528013
2023-02-20,3,12.140000343322754,13.438338504074306,13.88857,13.079999923706056,13.501338277512048,0.4727391004562378,0.5579178885630498,0.5725967288017273,0.6649193548387098,0.5077742338180542,0.768649193548387
2023-02-21,3,10.479999542236328,12.563348292782276,13.904451,10.579999923706056,13.405267396171984,0.494406908750534,0.7727272727272726,0.5950798392295837,0.44193548387096776,0.5095222592353821,0.6663306451612903
2023-02-22,3,11.170000076293944,13.649580243248785,13.395783,13.9399995803833,13.5509081066879,0.4865453541278839,0.7738269794721406,0.5533369183540344,0.7415322580645162,0.4988534450531006,0.8099798387096773
2023-02-23,3,9.760000228881836,13.32043105359834,13.869403,13.760000228881836,12.771179379937989,0.4825872778892517,0.7107771260997068,0.5672571659088135,0.6439516129032259,0.5084390640258789,0.644657258064516
2023-02-24,3,12.960000038146973,14.577349997119935,13.616345,16.56999969482422,13.56588806895399,0.4563221335411072,0.35520527859237533,0.5507897138595581,0.8983870967741935,0.5005648136138916,0.8800403225806451
2023-02-25,3,15.199999809265137,12.978550514319888,14.112234,12.140000343322754,13.091650571169223,0.5128732919692993,0.8706011730205279,0.5524762868881226,0.505241935483871,0.4902027249336242,0.6315524193548386
2023-02-26,3,16.389999389648438,12.271402884477322,13.24683,10.479999542236328,13.132936507996885,0.4911683201789856,0.7309384164222873,0.5223017334938049,0.3959677419354839,0.5031762719154358,0.5907258064516129
2023-02-27,3,15.399999618530272,12.836248461048385,13.24918,11.170000076293944,13.849455219179442,0.511127233505249,0.8409090909090908,0.5222914814949036,0.5016129032258065,0.5059823989868164,0.7358870967741934
2023-02-28,3,10.4399995803833,11.81732211242386,13.003519,9.760000228881836,12.77846764884982,0.4620504975318908,0.2881231671554252,0.5789170861244202,0.30685483870967745,0.5201478600502014,0.5065524193548386
2023-03-01,3,15.140000343322754,12.595068040214755,12.864796,12.960000038146973,12.218804630355214,0.4803455770015716,0.6660557184750734,0.55813068151474,0.517741935483871,0.5078971982002258,0.5120967741935483
2023-03-02,3,13.920000076293944,13.579348295073526,13.159764,15.199999809265137,12.601561911396749,0.471359521150589,0.5821114369501466,0.5794656872749329,0.7306451612903225,0.5050048232078552,0.6643145161290323
2023-03-03,3,13.869999885559082,13.892282530054782,13.38739,16.389999389648438,12.32458157179708,0.4643920361995697,0.4908357771260996,0.5895380973815918,0.7516129032258064,0.5113799571990967,0.6189516129032258
2023-03-04,3,12.829999923706056,14.13433819242639,13.992647,15.399999618530272,13.291019113392071,0.5107317566871643,0.9424486803519061,0.5616257786750793,0.8024193548387096,0.5159422159194946,0.7953629032258064
2023-03-05,3,15.479999542236328,12.25950722481306,13.679043,10.4399995803833,12.950783067182773,0.5015790462493896,0.7925219941348972,0.5990375280380249,0.37782258064516133,0.5207697153091431,0.5619959677419355
2023-03-06,3,12.279999732971191,13.616255446615176,13.186775,15.140000343322754,12.711929283230557,0.5258480310440063,0.9633431085043987,0.6088268160820007,0.732258064516129,0.514939546585083,0.6743951612903225
2023-03-07,3,9.800000190734863,13.4498319918991,14.002773,13.920000076293944,12.877022928145257,0.5182747840881348,0.9277859237536656,0.5722746849060059,0.6637096774193548,0.5085172057151794,0.6693548387096773
2023-03-08,3,9.81999969482422,13.159598770485037,13.508047,13.869999885559082,12.502834447068594,0.4929214417934418,0.8412756598240468,0.5536128282546997,0.6241935483870968,0.4989575445652008,0.5987903225806451
2023-03-09,3,11.40999984741211,12.844448217413195,13.448949,12.829999923706056,12.595696663238236,0.5061160326004028,0.8702346041055719,0.5634139776229858,0.5366935483870967,0.4864951074123382,0.581149193548387
2023-03-10,3,14.0,13.748531842977934,12.824783,15.479999542236328,12.90766156192677,0.4829438328742981,0.7521994134897361,0.4993461668491363,0.7641129032258064,0.4986800849437713,0.7182459677419354
2023-03-11,3,13.3100004196167,13.170006705472268,13.590959,12.279999732971191,13.625317845318294,0.5120835900306702,0.8717008797653959,0.5494624972343445,0.584274193548387,0.4823238849639892,0.7585685483870968
2023-03-12,3,14.640000343322754,11.937931808972394,12.836751,9.800000190734863,13.079817597273085,0.4914707839488983,0.721407624633431,0.5262668132781982,0.3379032258064516,0.4955608248710632,0.5594758064516128
2023-03-13,3,10.029999732971191,11.862897442252686,12.65389,9.81999969482422,12.983113308524173,0.5017257928848267,0.7848240469208211,0.5848900675773621,0.33387096774193553,0.4881910383701324,0.5483870967741935
2023-03-14,3,10.020000457763672,12.415968823923333,12.573044,11.40999984741211,13.06720016025564,0.4912081956863403,0.7510997067448679,0.6129305362701416,0.4435483870967742,0.4984856843948364,0.5987903225806451
2023-03-15,3,10.020000457763672,13.240315012583574,12.719202,14.0,12.921017026964805,0.4683165550231933,0.5194281524926686,0.5421966910362244,0.6834677419354839,0.4997476935386657,0.6869959677419355
2023-03-16,3,13.56999969482422,13.245886401136325,13.104043,13.3100004196167,13.26088070270877,0.4845888912677765,0.7305718475073313,0.5604149103164673,0.6661290322580645,0.4998972713947296,0.7338709677419354
2023-03-17,3,10.149999618530272,13.369170344758984,12.938774,14.640000343322754,12.645890207824428,0.4861946403980255,0.7826246334310849,0.5934416651725769,0.7096774193548387,0.4940158724784851,0.660282258064516
2023-03-18,3,15.5,12.169653172583313,13.076239,10.029999732971191,13.309440274841966,0.4905943572521209,0.7126099706744867,0.5479028820991516,0.38306451612903225,0.4941073656082153,0.6229838709677418
2023-03-19,3,7.21999979019165,11.966367264302995,12.359788,10.020000457763672,13.188020382246656,0.4950854480266571,0.7609970674486802,0.5298374891281128,0.3649193548387097,0.4966361820697784,0.5942540322580645
2023-03-20,3,9.460000038146973,11.987001231856386,12.25299,10.020000457763672,13.278006598432494,0.5018516778945923,0.7906891495601173,0.5229437351226807,0.37620967741935485,0.5083935260772705,0.6154233870967741
2023-03-21,3,9.170000076293944,12.927438926173327,12.149429,13.56999969482422,12.801899774068405,0.4742637872695923,0.5854105571847508,0.4801981151103973,0.627016129032258,0.5023641586303711,0.644657258064516
2023-03-22,3,9.34000015258789,11.760747544196725,12.65784,10.149999618530272,12.52681358147136,0.468610405921936,0.4259530791788856,0.562957763671875,0.31129032258064515,0.4897822439670563,0.470766129032258
2023-03-23,3,8.569999694824219,13.067577379497166,11.613307,15.5,11.95339138463679,0.4887803196907043,0.8233137829912023,0.505426824092865,0.6653225806451613,0.4710073471069336,0.5241935483870968
2023-03-24,3,10.729999542236328,10.433595791968967,12.983211,7.21999979019165,11.636329275510896,0.490975558757782,0.6968475073313782,0.5841398239135742,0.12177419354838712,0.5034468173980713,0.22479838709677416
2023-03-25,3,14.890000343322754,10.90544733534336,11.6115,9.460000038146973,11.63531569134508,0.4708727896213531,0.439149560117302,0.5530891418457031,0.15161290322580645,0.5157062411308289,0.23487903225806447
2023-03-26,3,11.270000457763672,11.000494841013609,12.246211,9.170000076293944,11.774112747676345,0.5199228525161743,0.8200146627565982,0.5493966341018677,0.16048387096774194,0.501124918460846,0.2762096774193548
2023-03-27,3,11.9399995803833,11.086897455633439,12.010925,9.34000015258789,11.938669438794593,0.4385287165641784,0.05168621700879765,0.5129098296165466,0.19354838709677422,0.4846372902393341,0.3205645161290322
2023-03-28,3,10.81999969482422,11.333053398747902,12.29183,8.569999694824219,12.89575892958535,0.4654499888420105,0.3420087976539589,0.449710875749588,0.27983870967741936,0.4907201528549194,0.5141129032258064
2023-03-29,3,12.710000038146973,11.66657579165091,11.58348,10.729999542236328,12.371171309083149,0.4395192861557007,0.08541055718475074,0.4675370752811432,0.3362903225806452,0.4976396560668945,0.4576612903225805
2023-03-30,3,15.489999771118164,12.917849393608492,12.090449,14.890000343322754,11.863770312501948,0.4754326641559601,0.6411290322580645,0.519822895526886,0.6217741935483871,0.4915893077850342,0.47782258064516125
2023-03-31,3,10.4399995803833,12.423301674487096,12.841367,11.270000457763672,13.067917404069725,0.4612405002117157,0.311950146627566,0.4417183697223663,0.4330645161290323,0.5097218155860901,0.5967741935483871
2023-04-01,3,10.420000076293944,12.19537479295831,12.135994,11.9399995803833,12.403234570351165,0.4430620074272156,0.14002932551319647,0.5046036839485168,0.4217741935483871,0.5019060373306274,0.4979838709677418
2023-04-02,3,13.699999809265137,12.20589155726811,12.15017,10.81999969482422,13.219694983557224,0.4593174457550049,0.26502932551319647,0.5262340903282166,0.43145161290322587,0.5079197883605957,0.629032258064516
2023-04-03,3,15.039999961853027,12.744557479001175,12.091363,12.710000038146973,13.049181856326111,0.4378420412540436,0.125366568914956,0.4661137461662292,0.5653225806451614,0.5075286030769348,0.6471774193548386
2023-04-04,3,14.68000030517578,13.837869893350573,12.765184,15.489999771118164,13.117499649238257,0.4864929616451263,0.7994868035190614,0.5024197101593018,0.7838709677419355,0.5024450421333313,0.75
2023-04-05,3,13.149999618530272,12.135305170677622,12.516863,10.4399995803833,13.182712951178264,0.4469342827796936,0.13269794721407624,0.4904062747955322,0.40040322580645166,0.5053238868713379,0.6043346774193548
2023-04-06,3,16.979999542236328,11.703999472695436,11.571343,10.420000076293944,12.677994672708833,0.4611547589302063,0.29325513196480935,0.5363365411758423,0.34838709677419355,0.5204055905342102,0.5120967741935483
2023-04-07,3,14.239999771118164,12.746166587549492,11.525828,13.699999809265137,12.587859395273812,0.47819784283638,0.6645894428152492,0.5246026515960693,0.6137096774193549,0.5343179106712341,0.6038306451612903
2023-04-08,3,12.520000457763672,13.777796312627466,12.641674,15.039999961853027,13.363131840020978,0.4727925062179565,0.6063049853372434,0.5048247575759888,0.8040322580645161,0.5017901659011841,0.8125
2023-04-09,3,14.829999923706056,13.751607003277378,13.00829,14.68000030517578,13.40703336046883,0.4781599044799804,0.688049853372434,0.5161762237548828,0.7955645161290323,0.4887295067310333,0.8160282258064515
2023-04-10,3,9.899999618530272,13.078730344093774,12.681989,13.149999618530272,13.197855724107894,0.5026864409446716,0.8768328445747801,0.5588150024414062,0.6415322580645162,0.5064324736595154,0.7142137096774193
2023-04-11,3,10.09000015258789,14.351952159290994,12.300784,16.979999542236328,13.353847525454754,0.4778703153133392,0.7078445747800586,0.5295286774635315,0.8963709677419355,0.4868418276309967,0.8462701612903224
2023-04-12,3,9.65999984741211,13.655358206382632,13.038866,14.239999771118164,13.501968034306952,0.4805760085582733,0.7045454545454546,0.5389400720596313,0.7693548387096775,0.500869870185852,0.814516129032258
2023-04-13,3,9.470000267028809,12.839541116213233,12.638391,12.520000457763672,13.153991636340024,0.4791891276836395,0.6392961876832844,0.5247246623039246,0.5524193548387097,0.5066362619400024,0.658266129032258
2023-04-14,3,16.0,13.584881325489087,12.450264,14.829999923706056,13.181775466258006,0.489402025938034,0.8178152492668621,0.5389763712882996,0.7653225806451613,0.5127381086349487,0.7540322580645161
2023-04-15,3,14.68000030517578,12.195090861822315,12.586077,9.899999618530272,13.66687626209763,0.4639481902122497,0.3302785923753665,0.5184099078178406,0.4120967741935484,0.4994555711746216,0.691532258064516
2023-04-16,3,12.619999885559082,11.946038829129375,12.019892,10.09000015258789,13.240129382000168,0.4677681028842926,0.41129032258064513,0.5195932388305664,0.38387096774193546,0.5008977651596069,0.6139112903225805
2023-04-17,3,11.220000267028809,11.354242125728081,11.686612,9.65999984741211,12.421970949837243,0.4741032123565674,0.4835043988269795,0.513845682144165,0.26129032258064516,0.504004716873169,0.43346774193548376
2023-04-18,3,11.229999542236328,11.044299606787488,11.380676,9.470000267028809,12.024637823809757,0.4503640234470367,0.14626099706744866,0.4805327951908111,0.21693548387096775,0.5001790523529053,0.35383064516129026
2023-04-19,3,13.460000038146973,13.46338623679943,11.585986,16.0,12.45611936457021,0.4834662973880768,0.7668621700879765,0.5440314412117004,0.7548387096774193,0.4979676604270935,0.6461693548387096
2023-04-20,3,13.390000343322754,13.066925048069386,12.387037,14.68000030517578,12.206109027880276,0.4850503504276275,0.7705278592375365,0.5392563939094543,0.6649193548387097,0.5027087926864624,0.5710685483870968
2023-04-21,3,9.760000228881836,12.194656515116407,12.145885,12.619999885559082,11.911741899850105,0.4919836223125458,0.8009530791788856,0.5033910274505615,0.4294354838709677,0.4955107271671295,0.41179435483870963
2023-04-22,3,14.4399995803833,11.608482778941768,12.000301,11.220000267028809,11.718048192711786,0.5191089510917664,0.8548387096774193,0.5614271759986877,0.27661290322580645,0.5084447264671326,0.3104838709677419
2023-04-23,3,13.68000030517578,11.594651638742304,11.817704,11.229999542236328,11.75952355285042,0.5106925964355469,0.8357771260997067,0.5405477285385132,0.282258064516129,0.5037330389022827,0.31754032258064513
2023-04-24,3,11.829999923706056,12.240348797511706,12.190407,13.460000038146973,11.390572967420104,0.5081232786178589,0.8977272727272727,0.4837577939033508,0.43629032258064515,0.4930155277252197,0.2923387096774194
2023-04-25,3,12.789999961853027,12.328189489261547,12.494739,13.390000343322754,11.498374803187062,0.4978384673595428,0.8541055718475072,0.5050108432769775,0.4548387096774194,0.4942460060119629,0.33064516129032256
2023-04-26,3,12.880000114440918,11.085168951629218,12.338159,9.760000228881836,11.494722304289873,0.4695499837398529,0.4365835777126099,0.502343475818634,0.13911290322580644,0.4906757771968841,0.1920362903225806
2023-04-27,3,10.510000228881836,12.233429759186642,11.752888,14.4399995803833,10.863254926554736,0.48582324385643,0.7749266862170087,0.5343573689460754,0.45483870967741935,0.5078985095024109,0.2036290322580645
2023-04-28,3,16.520000457763672,12.439789021609425,12.546496,13.68000030517578,11.508192256894644,0.4899703562259674,0.7925219941348973,0.518217921257019,0.47096774193548385,0.5012840032577515,0.3397177419354839
2023-04-29,3,14.09000015258789,11.675469980118173,12.261572,11.829999923706056,11.31390486903462,0.4557431936264038,0.23533724340175952,0.5239086747169495,0.24193548387096772,0.4950942099094391,0.1784274193548387
2023-04-30,3,13.979999542236328,12.31213248678818,12.1021595,12.789999961853027,12.060786998936791,0.4837025701999664,0.6975806451612904,0.5043084621429443,0.47338709677419355,0.4970543980598449,0.4677419354838709
2023-05-01,3,13.970000267028809,12.281882840424334,11.995013,12.880000114440918,11.97760043345149,0.4685935378074646,0.4912023460410557,0.5665506720542908,0.4745967741935484,0.5025658011436462,0.44707661290322576
2023-05-02,3,14.0,11.741950902903284,12.455396,10.510000228881836,12.316153485591444,0.4899909496307373,0.7151759530791788,0.5223042368888855,0.31290322580645163,0.4935916662216186,0.43145161290322576
2023-05-03,3,13.9399995803833,13.798658900363145,12.088108,16.520000457763672,12.58793674523269,0.4990626275539398,0.9219208211143693,0.501933753490448,0.7895161290322581,0.5039252638816833,0.6794354838709677
2023-05-04,3,14.020000457763672,13.05832084175168,12.774546,14.09000015258789,12.443024837619392,0.4938582479953766,0.8537390029325512,0.5183753371238708,0.6463709677419355,0.4947112500667572,0.5962701612903225
2023-05-05,3,14.880000114440918,12.609475375051073,12.141442,13.979999542236328,11.831115273512069,0.4744296967983246,0.6008064516129032,0.507704496383667,0.5508064516129032,0.4912175238132477,0.44354838709677413
2023-05-06,3,11.520000457763672,12.603185372552243,11.955644,13.970000267028809,11.904406750448516,0.4764593541622162,0.6297653958944281,0.4950674474239349,0.5596774193548386,0.4915109872817993,0.46370967741935476
2023-05-07,3,13.0,12.516326501887292,12.385581,14.0,11.5125935040442,0.4536576867103576,0.281891495601173,0.5690123438835144,0.5092741935483871,0.5519281625747681,0.360383064516129
2023-05-08,3,9.369999885559082,12.791662622752671,12.882395,13.9399995803833,11.932536634196223,0.4839586317539215,0.7375366568914955,0.5322219133377075,0.5608870967741936,0.5180771350860596,0.47127016129032256
2023-05-09,3,12.59000015258789,12.83066219735785,12.804655,14.020000457763672,11.992280810221342,0.4940384030342102,0.8537390029325512,0.4963848292827606,0.5870967741935483,0.5123328566551208,0.501008064516129
2023-05-10,3,12.670000076293944,12.996177589722992,12.711159,14.880000114440918,11.772740896234328,0.4828230440616607,0.7426686217008798,0.4911327362060547,0.6112903225806451,0.4977539777755737,0.46169354838709675
2023-05-11,3,12.9399995803833,11.993877205185381,12.785229,11.520000457763672,11.993209826994626,0.477658063173294,0.5810117302052785,0.5047612190246582,0.3419354838709677,0.4925014674663543,0.40120967741935476
2023-05-12,3,11.93000030517578,12.149456872864965,12.115867,13.0,11.556321727567784,0.4765624105930328,0.6085043988269795,0.5111649036407471,0.43024193548387096,0.5055042505264282,0.3392137096774193
2023-05-13,3,12.829999923706056,11.161166161729758,12.496672,9.369999885559082,11.868210999735854,0.4942061603069305,0.7419354838709676,0.4764343500137329,0.18306451612903224,0.4955274760723114,0.2973790322580645
2023-05-14,3,14.460000038146973,12.261850839174883,11.921915,12.59000015258789,12.173145260669113,0.4748010337352752,0.5689149560117303,0.4665102362632751,0.4629032258064516,0.4959306716918945,0.4798387096774193
2023-05-15,3,13.25,12.319747301725442,12.395272,12.670000076293944,12.037199020630275,0.4837764501571655,0.6975806451612903,0.4615724384784698,0.45927419354838706,0.4982877671718597,0.45715725806451607
2023-05-16,3,12.850000381469728,12.330558131202242,11.905698,12.9399995803833,12.077325723731024,0.444904088973999,0.17705278592375365,0.4832649528980255,0.5008064516129032,0.5091214776039124,0.4838709677419355
2023-05-17,3,14.510000228881836,12.340053061564566,12.482708,11.93000030517578,12.571810056798515,0.4917725622653961,0.7694281524926685,0.5131915211677551,0.43387096774193545,0.5088645815849304,0.5241935483870968
2023-05-18,3,10.06999969482422,12.464223902241933,12.12606,12.829999923706056,12.34788270215696,0.4769791662693023,0.6096041055718475,0.4948991537094116,0.5060483870967741,0.502805233001709,0.5236895161290321
2023-05-19,3,12.90999984741211,12.952306216781952,12.233826,14.460000038146973,12.183302151570636,0.4688441455364227,0.5447214076246334,0.491620659828186,0.6459677419354839,0.4958354830741882,0.5584677419354839
2023-05-20,3,13.149999618530272,13.06355478058122,12.5209,13.25,13.162945958388333,0.4774667620658874,0.6319648093841642,0.4938062727451324,0.6387096774193548,0.5102474689483643,0.6965725806451613
2023-05-21,3,14.399999618530272,12.889200803860842,12.293828,12.850000381469728,13.172360878652,0.4806631207466125,0.6675219941348974,0.4784899353981018,0.5943548387096774,0.5037010908126831,0.6804435483870968
2023-05-22,3,13.75,13.531958401467177,12.203454,14.510000228881836,13.402716125371212,0.4825488626956939,0.7269061583577713,0.4668101370334625,0.7790322580645161,0.5034978985786438,0.8044354838709676
2023-05-23,3,12.880000114440918,11.813955698040271,12.248094,10.06999969482422,12.873579285211855,0.4559262990951538,0.20564516129032256,0.5027735829353333,0.33669354838709675,0.5157039761543274,0.5307459677419354
2023-05-24,3,12.199999809265137,12.460158538396428,11.733476,12.90999984741211,12.450278691269412,0.4659672379493713,0.44684750733137824,0.4688865840435028,0.5354838709677419,0.5119693279266357,0.5524193548387096
2023-05-25,3,12.420000076293944,12.480482834748162,12.006246,13.149999618530272,12.2055009183673,0.4715889990329742,0.5403225806451613,0.493461936712265,0.5350806451612904,0.5174606442451477,0.5146169354838709
2023-05-26,3,7.989999771118164,12.983977115782817,11.989257,14.399999618530272,12.398841092012988,0.4455992877483368,0.2232404692082111,0.4753501117229461,0.6620967741935484,0.5138400793075562,0.595766129032258
2023-05-27,3,10.550000190734863,12.831647395104863,12.376491,13.75,12.37074827522471,0.4688266217708587,0.5212609970674487,0.509641706943512,0.5971774193548387,0.5174610018730164,0.5640120967741935
2023-05-28,3,9.119999885559082,12.593619623947475,12.1218,12.880000114440918,12.591270541001077,0.4643058478832245,0.41202346041055715,0.5157705545425415,0.5455645161290323,0.5198472738265991,0.580141129032258
2023-05-29,3,9.1899995803833,11.952820695607734,11.71214,12.199999809265137,11.879413055398617,0.4665781259536743,0.4303519061583577,0.4823598265647888,0.3758064516129032,0.496692031621933,0.38004032258064513
2023-05-30,3,9.289999961853027,12.041821163473898,12.289824,12.420000076293944,11.66540643866268,0.4719045758247375,0.5197947214076246,0.5070989727973938,0.3681451612903226,0.5323124527931213,0.3321572580645161
2023-05-31,3,10.0,10.426400267111651,12.194504,7.989999771118164,11.408927593011995,0.4425654113292694,0.07404692082111437,0.5195473432540894,0.0870967741935484,0.5275881290435791,0.15624999999999997
2023-06-01,3,13.260000228881836,11.053310564748628,11.468634,10.550000190734863,11.234822216793589,0.4717163443565368,0.4750733137829911,0.4452715516090393,0.15241935483870966,0.5088654160499573,0.12701612903225806
2023-06-02,3,12.5600004196167,10.688696633303342,11.658038,9.119999885559082,11.393762295964962,0.4596819877624511,0.23863636363636365,0.4532401263713836,0.09193548387096774,0.5055423378944397,0.15120967741935482
2023-06-03,3,13.640000343322754,10.817157540958462,11.44762,9.1899995803833,11.709215030351494,0.4471017122268677,0.11180351906158356,0.4650034308433532,0.15120967741935484,0.5206002593040466,0.25352822580645157
2023-06-04,3,15.850000381469728,10.94868291707909,11.489151,9.289999961853027,11.901827278131602,0.4588836133480072,0.2258064516129032,0.4599305093288421,0.18306451612903227,0.5138760209083557,0.3044354838709677
2023-06-05,3,11.119999885559082,11.337010462824804,11.228312,10.0,12.338602991767438,0.449844092130661,0.1495601173020528,0.4725538790225982,0.27096774193548384,0.5259957909584045,0.42338709677419345
2023-06-06,3,10.399999618530272,12.240130618199846,11.456979,13.260000228881836,11.847288732655503,0.4556905627250671,0.2763929618768328,0.4509062767028808,0.49435483870967745,0.509526789188385,0.4223790322580645
2023-06-07,3,11.399999618530272,11.804224638195764,11.633193,12.5600004196167,11.33768406783614,0.4608832597732544,0.33980938416422285,0.4639769196510315,0.3209677419354839,0.5165919661521912,0.22076612903225806
2023-06-08,3,13.15999984741211,12.090765261932923,11.5180435,13.640000343322754,11.229620958911443,0.4704706370830536,0.5370234604105572,0.4684935808181762,0.4096774193548387,0.5165656208992004,0.2318548387096774
2023-06-09,3,16.860000610351562,12.953629675484102,11.805268,15.850000381469728,11.37694846070184,0.4845680892467499,0.7763929618768327,0.4885085225105285,0.5862903225806451,0.5180399417877197,0.3477822580645161
2023-06-10,3,10.779999732971191,11.246379221451921,12.138859,11.119999885559082,10.954158841997632,0.4876648485660553,0.7016129032258063,0.4215380549430847,0.15564516129032255,0.4944115281105041,0.0907258064516129
2023-06-11,3,14.09000015258789,11.18054527458401,11.645309,10.399999618530272,11.53889343230126,0.4943964779376983,0.7639296187683283,0.4181286692619324,0.19959677419354838,0.5000274181365967,0.2384072580645161
2023-06-12,3,11.399999618530272,11.379202215282351,11.068379,11.399999618530272,11.497556876654846,0.5028491020202637,0.8258797653958944,0.437618613243103,0.25120967741935485,0.502142071723938,0.24344758064516125
2023-06-13,3,10.920000076293944,11.641190765473418,11.2083,13.15999984741211,10.741851749291536,0.4887406826019287,0.7723607038123167,0.44717538356781,0.3467741935483871,0.5141624808311462,0.15625
2023-06-14,3,14.31999969482422,13.393406999569526,11.729104,16.860000610351562,11.630541420255016,0.4862454831600189,0.8181818181818181,0.4705128371715545,0.6822580645161291,0.5145871043205261,0.4536290322580645
2023-06-15,3,13.18000030517578,11.144280988283938,12.007106,10.779999732971191,11.03469973705759,0.4726800918579101,0.4919354838709677,0.4864609241485595,0.14516129032258063,0.5028601288795471,0.09576612903225806
2023-06-16,3,17.479999542236328,11.778757514537256,10.842098,14.09000015258789,10.529295422159914,0.4679052829742431,0.5205278592375366,0.4950268864631653,0.42379032258064514,0.5123291015625,0.17893145161290322
2023-06-17,3,11.5600004196167,11.044645105464319,11.572086,11.399999618530272,10.564774355616205,0.5008175373077393,0.8060850439882696,0.5258785486221313,0.1592741935483871,0.5229659676551819,0.07106854838709677
2023-06-18,3,16.329999923706055,11.020905084795514,11.24871,10.920000076293944,10.995349412923286,0.4868984520435333,0.6946480938416421,0.4811998009681701,0.14677419354838708,0.5161820650100708,0.09173387096774194
2023-06-19,3,11.510000228881836,12.296198887922305,11.534538,14.31999969482422,11.177052977816212,0.501707911491394,0.8977272727272726,0.5071788430213928,0.47540322580645156,0.5195018649101257,0.2545362903225806
2023-06-20,3,12.68000030517578,11.701476269941503,11.652962,13.18000030517578,10.666179503320524,0.4879597723484039,0.7664956011730204,0.4751207232475281,0.34596774193548385,0.5075965523719788,0.15120967741935484
2023-06-21,3,12.260000228881836,13.276064767926027,11.796627,17.479999542236328,10.907298972529826,0.4989459216594696,0.9310850439882696,0.4899645149707794,0.6048387096774194,0.509391188621521,0.27318548387096775
2023-06-22,3,11.739999771118164,11.403745012360663,12.397818,11.5600004196167,10.866102726760923,0.4822504222393036,0.6345307917888563,0.5102559328079224,0.17822580645161287,0.5148136615753174,0.09072580645161289
2023-06-23,3,8.819999694824219,12.56201882049156,11.470513,16.329999923706055,10.338391955549016,0.4780377447605133,0.7005131964809383,0.5043421983718872,0.5370967741935484,0.5135496854782104,0.22379032258064516
2023-06-24,3,10.619999885559082,11.618412188301448,12.501663,11.510000228881836,11.31731324001608,0.4905675053596496,0.7386363636363635,0.5009898543357849,0.21693548387096773,0.4993614852428436,0.17036290322580644
2023-06-25,3,9.68000030517578,11.788419288091859,11.358028,12.68000030517578,11.336029113642716,0.4657019972801208,0.42815249266862165,0.5007284283638,0.33870967741935487,0.5240931510925293,0.2258064516129032
2023-06-26,3,10.06999969482422,11.584421113989382,11.776433,12.260000228881836,11.019573795061651,0.462055891752243,0.34604105571847504,0.5247434377670288,0.25,0.5320032238960266,0.13709677419354838
2023-06-27,3,9.039999961853027,11.274693603694075,11.822878,11.739999771118164,10.707395885688618,0.4980363845825195,0.8046187683284456,0.4340563714504242,0.19032258064516128,0.511303722858429,0.08870967741935484
2023-06-28,3,11.09000015258789,10.394748213316413,11.787232,8.819999694824219,10.922789817946446,0.4629360139369964,0.2998533724340176,0.5275667309761047,0.025806451612903222,0.5160231590270996,0.034274193548387094
2023-06-29,3,11.899999618530272,10.841043162269225,11.144123,10.619999885559082,10.86903985803471,0.4801326096057892,0.6019061583577713,0.481602281332016,0.12661290322580646,0.5212864279747009,0.07157258064516128
2023-06-30,3,13.56999969482422,10.652429344688654,11.484263,9.68000030517578,10.990521377778704,0.4752807915210724,0.5073313782991202,0.4720604121685028,0.06048387096774193,0.5066868662834167,0.053427419354838704
2023-07-01,3,11.600000381469728,11.014632670934642,11.652857,10.06999969482422,11.415845798556935,0.4853916764259338,0.6543255131964808,0.4474915266036987,0.1528225806451613,0.5229951739311218,0.1859879032258064
2023-07-02,3,13.75,10.554737931748006,11.7011175,9.039999961853027,11.14538809527928,0.4902800321578979,0.689882697947214,0.4528833627700805,0.04758064516129032,0.5141457915306091,0.07157258064516128
2023-07-03,3,11.109999656677246,11.215925516162674,11.495651,11.09000015258789,11.185989854214377,0.4756973683834076,0.5417888563049853,0.4493114948272705,0.17338709677419353,0.5069900155067444,0.1310483870967742
2023-07-04,3,10.329999923706056,11.524807183085688,11.901114,11.899999618530272,11.095538236233423,0.4719087183475494,0.5080645161290323,0.4395383894443512,0.22661290322580643,0.5051402449607849,0.13911290322580644
2023-07-05,3,11.279999732971191,12.015267031022894,11.700815,13.56999969482422,11.039508855888904,0.4745129942893982,0.5953079178885631,0.4354942142963409,0.38991935483870965,0.5112935304641724,0.20010080645161288
2023-07-06,3,11.039999961853027,11.773093979918084,12.280547,11.600000381469728,11.679252398774658,0.4882749617099762,0.7177419354838709,0.4607765674591064,0.2967741935483871,0.5188806653022766,0.3094758064516129
2023-07-07,3,13.0,12.249478298103188,11.71006,13.75,11.408856353078262,0.4827519059181213,0.7126099706744868,0.4454096853733063,0.46169354838709675,0.505059540271759,0.3099798387096774
2023-07-08,3,12.890000343322754,11.528933816354488,12.620726,11.109999656677246,11.36026156599016,0.4782004654407501,0.595307917888563,0.4398157596588135,0.20161290322580644,0.4980186522006988,0.18044354838709675
2023-07-09,3,14.050000190734863,11.24830169160502,12.197346,10.329999923706056,11.497498250792148,0.4796515107154846,0.5905425219941349,0.4405910968780517,0.1806451612903226,0.5119136571884155,0.21169354838709672
2023-07-10,3,11.640000343322754,11.47014133545523,11.984141,11.279999732971191,11.385671195281788,0.4919416606426239,0.7613636363636362,0.4320729374885559,0.22419354838709676,0.5058059692382812,0.20161290322580644
2023-07-11,3,14.520000457763672,11.239041958485977,11.846901,11.039999961853027,11.120703795432078,0.4824478328227997,0.626099706744868,0.4276276230812073,0.1620967741935484,0.5015413165092468,0.11693548387096772
2023-07-12,3,12.220000267028809,12.071168224072206,11.992408,13.0,11.441471337297587,0.4745088815689087,0.5788123167155426,0.4380725920200348,0.4092741935483871,0.514043927192688,0.29989919354838707
2023-07-13,3,11.6899995803833,12.273920298367004,11.905513,12.890000343322754,11.9917519655559,0.4722887277603149,0.5450879765395894,0.4633658230304718,0.4814516129032258,0.5220312476158142,0.4546370967741935
2023-07-14,3,12.579999923706056,12.504870503890352,11.874974,14.050000190734863,11.671162086382996,0.4769590497016907,0.6440615835777126,0.4258111715316772,0.5403225806451613,0.503779411315918,0.40625
2023-07-15,3,11.800000190734863,11.56129198977133,12.132762,11.640000343322754,11.260156018565173,0.4731403589248657,0.5179618768328446,0.446056067943573,0.22258064516129034,0.510601282119751,0.16330645161290322
2023-07-16,3,13.079999923706056,12.385206594729254,11.478795,14.520000457763672,11.24881594744578,0.4651976525783539,0.4736070381231672,0.4354133903980255,0.49919354838709673,0.4973496794700622,0.2762096774193548
2023-07-17,3,11.949999809265137,11.839615310041168,12.414246,12.220000267028809,11.321641473639067,0.4591205418109894,0.2925219941348973,0.4617607891559601,0.2814516129032258,0.5046249032020569,0.19959677419354838
2023-07-18,3,12.140000343322754,11.56363546754594,11.684851,11.6899995803833,11.421425873038944,0.4425724148750305,0.13013196480938416,0.4090701341629028,0.2645161290322581,0.4564191997051239,0.2348790322580645
2023-07-19,3,12.479999542236328,11.908495203759347,12.359898,12.579999923706056,11.235390633979993,0.4605512320995331,0.32734604105571846,0.4595957994461059,0.30887096774193545,0.5065146684646606,0.1945564516129032
2023-07-20,3,12.384448051452637,11.580363246327597,12.335202,11.800000190734863,11.099977391605664,0.4466047286987304,0.15212609970674484,0.4635002911090851,0.21854838709677418,0.5153323411941528,0.1381048387096774
2023-07-21,3,12.419676780700684,12.027371663770147,12.28951,13.079999923706056,11.163149334003135,0.465906023979187,0.44904692082111436,0.4233455955982208,0.3649193548387097,0.4989628791809082,0.2061491935483871
2023-07-22,3,12.439343452453612,11.834856186616346,12.387618,11.949999809265137,11.515712821845645,0.4629740417003631,0.3618035190615836,0.4207717478275299,0.3064516129032258,0.4942520558834076,0.2782258064516129
2023-07-23,3,12.313671112060549,11.741195296244308,12.015323,12.140000343322754,11.338851246721552,0.4630236625671386,0.3691348973607038,0.4164707362651825,0.2778225806451613,0.4930606186389923,0.20514112903225806
2023-07-24,3,12.470000267028809,11.931130806445116,12.148823,12.479999542236328,11.44578505507073,0.4691804647445678,0.4893695014662756,0.4187817871570587,0.3443548387096774,0.4944717288017273,0.27520161290322576
2023-07-25,3,12.850000381469728,11.986228092050718,12.044512,12.384448051452637,11.676806446213943,0.4595571756362915,0.3035190615835777,0.4076060056686401,0.3653225806451613,0.5099315047264099,0.3356854838709677
2023-07-26,3,12.039999961853027,11.85718249798353,12.071433,12.419676780700684,11.363579223749936,0.4628820121288299,0.36693548387096775,0.4063409268856048,0.30967741935483867,0.503008246421814,0.22782258064516125
2023-07-27,3,12.850000381469728,12.039136753939328,12.004978,12.439343452453612,11.767914292403123,0.4633693993091583,0.3856304985337243,0.3997719287872314,0.3895161290322581,0.5065203905105591,0.3669354838709677
2023-07-28,3,16.850000381469727,11.8385352594929,11.990753,12.313671112060549,11.433916333155825,0.4670382142066955,0.44464809384164217,0.404626727104187,0.32419354838709674,0.5063576698303223,0.2620967741935484
2023-07-29,3,16.1299991607666,11.963027459356644,12.084911,12.470000267028809,11.548668222172232,0.4667772948741913,0.4424486803519061,0.3971991539001465,0.35967741935483866,0.5089707970619202,0.3074596774193548
2023-07-30,3,14.140000343322754,12.078496785946282,11.879798,12.850000381469728,11.612579411692227,0.4651899337768554,0.4233870967741935,0.4112998247146606,0.4120967741935484,0.5055014491081238,0.3387096774193548
2023-07-31,3,15.9399995803833,11.911121409390418,12.051106,12.039999961853027,11.75907190451302,0.4604217410087585,0.30755131964809385,0.4196447432041168,0.344758064516129,0.506121039390564,0.3412298387096774
2023-08-01,3,15.739999771118164,12.030197219819836,11.570613,12.850000381469728,11.64158819856413,0.467622697353363,0.47617302052785926,0.4810975790023803,0.41854838709677417,0.5164051651954651,0.3508064516129032
2023-08-02,3,15.479999542236328,13.459340052799782,11.766987,16.850000381469727,11.762733983521157,0.4758448600769043,0.6755865102639296,0.4564071297645569,0.7024193548387097,0.5081961750984192,0.49495967741935487
2023-08-03,3,14.31999969482422,13.458336549086889,12.431877,16.1299991607666,11.989917347495762,0.4664999544620514,0.5168621700879765,0.4707335233688354,0.7024193548387097,0.5114511251449585,0.5443548387096774
2023-08-04,3,15.960000038146973,12.755936589022692,12.410737,14.140000343322754,11.915262302675233,0.4557387828826904,0.3042521994134897,0.4633707404136657,0.5883064516129032,0.5077055096626282,0.4803427419354838
2023-08-05,3,10.210000038146973,13.132012615927502,12.127372,15.9399995803833,11.55686790528515,0.458979457616806,0.3786656891495601,0.4950900673866272,0.6314516129032258,0.5164023041725159,0.42540322580645157
2023-08-06,3,9.229999542236328,13.122735977329096,12.488504,15.739999771118164,11.525075543477946,0.4507210850715637,0.2958211143695015,0.4912927746772766,0.6129032258064516,0.5178315043449402,0.408266129032258
2023-08-07,3,13.100000381469728,13.396128754214985,12.841812,15.479999542236328,12.14521394314902,0.4408400952816009,0.21114369501466276,0.4876587390899658,0.6850806451612903,0.510375440120697,0.5700604838709677
2023-08-08,3,12.5,13.114025990531886,12.947195,14.31999969482422,12.324115197693889,0.4472146928310394,0.24780058651026393,0.5163178443908691,0.644758064516129,0.5173528790473938,0.5720766129032258
2023-08-09,3,13.279999732971191,13.435169377158612,12.340903,15.960000038146973,12.10069020952062,0.4333797693252563,0.1748533724340176,0.5259715914726257,0.7145161290322581,0.5160576701164246,0.5776209677419355
2023-08-10,3,11.699999809265137,11.31759312681379,12.001291,10.210000038146973,11.815717673067429,0.403116911649704,0.024926686217008796,0.4333825409412384,0.22741935483870968,0.4304198026657104,0.30645161290322576
2023-08-11,3,13.800000190734863,10.861547382679426,12.44608,9.229999542236328,11.347853289858536,0.4229467809200287,0.010630498533724341,0.5309892892837524,0.08709677419354839,0.5401203632354736,0.12802419354838707
2023-08-12,3,12.300000190734863,12.26831440639057,12.458727,13.100000381469728,11.59264759835856,0.4319772124290466,0.11363636363636363,0.5684208273887634,0.4443548387096774,0.5431385040283203,0.34979838709677413
2023-08-13,3,15.81999969482422,12.09027378664928,13.011595,12.5,11.402760257105603,0.4491735100746155,0.2063782991202346,0.4347245395183563,0.33548387096774196,0.5156693458557129,0.25504032258064513
2023-08-14,3,11.880000114440918,12.310904183887445,12.940312,13.279999732971191,11.348946870493675,0.4348576664924621,0.13196480938416422,0.455439954996109,0.4129032258064516,0.5175505876541138,0.2661290322580645
2023-08-15,3,11.329999923706056,11.649138143208155,12.865111,11.699999809265137,11.091677157399522,0.4578699171543121,0.2595307917888563,0.4702110290527344,0.21048387096774196,0.5098257064819336,0.13004032258064516
2023-08-16,3,12.729999542236328,12.293773245298603,12.594782,13.800000190734863,11.088893103686392,0.4527963399887085,0.2697947214076246,0.4657970368862152,0.4169354838709677,0.5158714056015015,0.21370967741935482
2023-08-17,3,13.760000228881836,12.19491386822127,13.200481,12.300000190734863,11.688894867092106,0.4605979919433594,0.3251466275659824,0.456125408411026,0.3637096774193548,0.51643967628479,0.3397177419354838
2023-08-18,3,16.600000381469727,13.413431028367626,12.832249,15.81999969482422,11.943531421627616,0.4514087736606598,0.30058651026392963,0.455901175737381,0.6806451612903226,0.5168448090553284,0.5282258064516129
2023-08-19,3,14.539999961853027,12.407450278367913,13.537679,11.880000114440918,12.2998166576163,0.4410264194011688,0.12756598240469208,0.4663927853107452,0.3971774193548387,0.4980484545230865,0.46421370967741926
2023-08-20,3,10.6899995803833,12.040228781620643,13.154522,11.329999923706056,12.069980872254195,0.4362277090549469,0.07917888563049853,0.4848284721374511,0.33951612903225803,0.5267495512962341,0.41431451612903214
2023-08-21,3,14.029999732971191,12.526105827824779,13.219883,12.729999542236328,12.08313438659858,0.4567335546016693,0.27785923753665687,0.473705917596817,0.47580645161290325,0.5198027491569519,0.4758064516129032
2023-08-22,3,14.140000343322754,12.873007808173936,13.31428,13.760000228881836,12.05032513974284,0.4364506602287292,0.1532258064516129,0.4480078220367431,0.5697580645161291,0.5133569240570068,0.5055443548387096
2023-08-23,3,14.380000114440918,13.525216005265197,13.429993,16.600000381469727,11.369751310232765,0.4457121789455414,0.26099706744868034,0.4464823305606842,0.6258064516129032,0.5162506103515625,0.36189516129032256
2023-08-24,3,17.299999237060547,12.96041356967153,12.571132,14.539999961853027,11.998972533686835,0.4348695874214172,0.16752199413489738,0.3998749256134033,0.6338709677419355,0.4381283521652221,0.5252016129032258
2023-08-25,3,17.079999923706055,11.458189406513696,12.918328,10.6899995803833,11.381122742255569,0.434161365032196,0.05498533724340176,0.4851037561893463,0.18870967741935485,0.5108847618103027,0.18447580645161288
2023-08-26,3,15.880000114440918,12.455882884373796,12.612261,14.029999732971191,11.264494514392998,0.4625862836837768,0.4090909090909091,0.5220174789428711,0.46370967741935487,0.5354992747306824,0.2661290322580645
2023-08-27,3,13.380000114440918,12.715996916725198,13.155785,14.140000343322754,11.510371004894887,0.4692273437976837,0.5450879765395894,0.4777885377407074,0.527016129032258,0.5272121429443359,0.36542338709677413
2023-08-28,3,12.420000076293944,12.724240900785766,13.324605,14.380000114440918,11.284256848511705,0.4452248513698578,0.219208211143695,0.463090568780899,0.49193548387096775,0.5240505337715149,0.28024193548387094
2023-08-29,3,12.65999984741211,14.03479871456119,13.482771,17.299999237060547,11.93909593330216,0.4607085883617401,0.4347507331378299,0.4763810932636261,0.7516129032258064,0.5225330591201782,0.5554435483870968
2023-08-30,3,14.93000030517578,13.968403563839445,13.640862,17.079999923706055,11.886209691294486,0.4471770524978637,0.28665689149560114,0.4711799919605255,0.7306451612903226,0.5144104361534119,0.530241935483871
2023-08-31,3,11.880000114440918,13.993903902637324,13.756153,15.880000114440918,12.748585566765046,0.4292493462562561,0.16678885630498533,0.4772953987121582,0.7725806451612902,0.5163390636444092,0.6935483870967741
2023-09-01,3,12.0600004196167,13.179449914424278,13.695209,13.380000114440918,12.815160163451369,0.4409643113613128,0.17375366568914957,0.489712119102478,0.6201612903225806,0.5161707997322083,0.6441532258064515
2023-09-02,3,13.739999771118164,12.659441910204125,13.237015,12.420000076293944,12.582940467370308,0.4398221373558044,0.13049853372434017,0.5205748677253723,0.48266129032258065,0.524182140827179,0.546875
2023-09-03,3,14.079999923706056,12.3483680106104,13.316983,12.65999984741211,11.710653131727922,0.4586459696292877,0.29728739002932547,0.482975035905838,0.4056451612903226,0.5141794085502625,0.3618951612903225
2023-09-04,3,12.619999885559082,13.303259857507681,13.363276,14.93000030517578,12.115581190962336,0.4396049678325653,0.19648093841642228,0.4802525639533996,0.667741935483871,0.5178654789924622,0.5604838709677419
2023-09-05,3,13.0600004196167,12.567810368532633,13.651307,11.880000114440918,12.594747707969272,0.4403431713581085,0.11766862170087977,0.4567726552486419,0.43588709677419357,0.5066270232200623,0.5367943548387096
2023-09-06,3,12.670000076293944,12.371292599198075,12.970392,12.0600004196167,12.33688726998395,0.4343574345111847,0.0876099706744868,0.4701246917247772,0.4241935483870968,0.5172258019447327,0.4848790322580644
2023-09-07,3,15.699999809265137,12.922677148062373,12.553454,13.739999771118164,12.497113766477826,0.4695391058921814,0.533357771260997,0.4989779591560364,0.6080645161290322,0.5181198716163635,0.5897177419354839
2023-09-08,3,14.260000228881836,13.25871327499709,12.969347,14.079999923706056,12.796094072346584,0.460578978061676,0.3775659824046921,0.4867537915706634,0.6798387096774194,0.5117600560188293,0.6643145161290321
2023-09-09,3,12.279999732971191,12.87211113148291,13.259699,12.619999885559082,12.886081506349754,0.4643107652664184,0.4050586510263929,0.5360476970672607,0.5407258064516128,0.5223953127861023,0.6204637096774193
2023-09-10,3,12.039999961853027,13.117732334616882,12.931325,13.0600004196167,13.238858274452822,0.459740936756134,0.3357771260997068,0.5416997671127319,0.6338709677419354,0.5281162858009338,0.7157258064516128
2023-09-11,3,9.1899995803833,13.064618790924728,13.0277,12.670000076293944,13.362311640343032,0.4581252038478851,0.2917888563049853,0.5453717112541199,0.6028225806451613,0.5206944942474365,0.7263104838709677
2023-09-12,3,10.199999809265137,14.012397836169228,13.116449,15.699999809265137,13.190945928030391,0.4543265998363495,0.32074780058651026,0.5170431137084961,0.8080645161290323,0.5183752775192261,0.7812499999999999
2023-09-13,3,7.150000095367432,13.66006879962735,13.389263,14.260000228881836,13.347605978571586,0.4577970802783966,0.3291788856304985,0.4898394346237182,0.7556451612903226,0.5036657452583313,0.785282258064516
2023-09-14,3,12.170000076293944,12.959563849644972,13.189631,12.279999732971191,13.346366582831232,0.4477005898952484,0.19208211143695014,0.5013867020606995,0.552016129032258,0.5157074332237244,0.6980846774193548
2023-09-15,3,11.050000190734863,13.018825191347851,13.291608,12.039999961853027,13.601079151564663,0.4625774025917053,0.343841642228739,0.5739067792892456,0.5608870967741936,0.5362799763679504,0.7464717741935483
2023-09-16,3,11.640000343322754,11.921906153992769,12.93308,9.1899995803833,13.439907772567862,0.4626709818840027,0.2932551319648094,0.526178777217865,0.3560483870967742,0.5282430648803711,0.6376008064516128
2023-09-17,3,11.640000343322754,12.222531146408729,12.512857,10.199999809265137,13.542771021400752,0.4642004072666168,0.34090909090909083,0.4999985098838806,0.42177419354838713,0.5005862712860107,0.6743951612903225
2023-09-18,3,10.399999618530272,11.331206475180991,13.1046505,7.150000095367432,13.557735021553958,0.4658108055591583,0.34640762463343105,0.4737114906311035,0.3451612903225807,0.503990113735199,0.6471774193548386
2023-09-19,3,9.739999771118164,12.882984972210037,12.474541,12.170000076293944,13.56730731452584,0.453915923833847,0.23167155425219937,0.4697858095169067,0.5685483870967742,0.5130523443222046,0.7449596774193548
2023-09-20,3,12.970000267028809,12.26054071956312,12.929294,11.050000190734863,12.838603977110358,0.4475311636924743,0.15835777126099707,0.4311112761497497,0.39677419354838706,0.4906400442123413,0.5534274193548386
2023-09-21,3,15.5600004196167,12.292899429830793,12.570151,11.640000343322754,12.64043381869259,0.4257477819919586,0.0593841642228739,0.4195436239242553,0.42258064516129035,0.4750423729419708,0.5383064516129031
2023-09-22,3,17.559999465942383,12.335191801406708,13.152298,11.640000343322754,12.481568757783837,0.4578059315681457,0.2540322580645161,0.4685722887516022,0.40322580645161293,0.5058607459068298,0.502016129032258
2023-09-23,3,16.579999923706055,12.019173326497818,13.002376,10.399999618530272,12.754353400687991,0.4505260288715362,0.16678885630498533,0.4459791481494903,0.3495967741935484,0.5063781142234802,0.519657258064516
2023-09-24,3,16.360000610351562,11.983828340612353,12.924908,9.739999771118164,13.183243179084927,0.4486604928970337,0.13856304985337242,0.409313440322876,0.3451612903225807,0.5018540024757385,0.5836693548387096
2023-09-25,3,15.979999542236328,12.95555690650346,12.907957,12.970000267028809,12.965640180343984,0.4471555650234222,0.20491202346041054,0.4437416195869446,0.5959677419354839,0.5111322402954102,0.655241935483871
2023-09-26,3,10.130000114440918,14.098416109490831,13.461948,15.5600004196167,13.327199363468427,0.4386443495750427,0.19794721407624633,0.4096480011940002,0.8201612903225807,0.5006219744682312,0.8074596774193548
2023-09-27,3,10.34000015258789,14.897501177546067,13.890741,17.559999465942383,13.427185333354156,0.4518848955631256,0.32807917888563054,0.4552481472492218,0.9266129032258066,0.5187886953353882,0.8729838709677419
2023-09-28,3,15.529999732971191,14.672507189063053,13.907811,16.579999923706055,13.637739316773647,0.452989786863327,0.32294721407624627,0.4243325293064117,0.9088709677419354,0.5021212697029114,0.8961693548387095
2023-09-29,3,17.110000610351562,14.553549708229486,13.780781,16.360000610351562,13.594414224526355,0.4632817208766937,0.47030791788856297,0.4414550364017486,0.889516129032258,0.5014287233352661,0.881048387096774
2023-09-30,3,17.09000015258789,14.595004850224377,13.855745,15.979999542236328,13.922548577454863,0.4665310084819793,0.5186950146627566,0.4643557965755462,0.892741935483871,0.5026097893714905,0.9082661290322579
2023-10-01,3,14.600000381469728,12.723971545496358,13.692505,10.130000114440918,14.161722515748686,0.4602971076965332,0.2635630498533724,0.451551616191864,0.4491935483870968,0.4939892888069153,0.7328629032258063
2023-10-02,3,15.720000267028809,12.427953798176764,12.824854,10.34000015258789,13.749249172816004,0.4668709933757782,0.3966275659824046,0.4359807074069977,0.4491935483870968,0.4863597154617309,0.7116935483870968
2023-10-03,3,16.31999969482422,14.03220880752249,12.7727585,15.529999732971191,13.502122563997345,0.4737882316112518,0.6195014662756598,0.4955087900161743,0.8387096774193549,0.4905988276004791,0.845766129032258
2023-10-04,3,13.670000076293944,14.903611316237022,13.410452,17.110000610351562,13.967544384542505,0.4466633796691894,0.2749266862170088,0.4854894578456878,0.9500000000000001,0.4849286377429962,0.9344758064516128
2023-10-05,3,11.979999542236328,14.800375211857654,13.569972,17.09000015258789,13.692244487846478,0.4675837755203247,0.5579178885630498,0.5989424586296082,0.9362903225806452,0.4928396642208099,0.9122983870967741
2023-10-06,3,10.31999969482422,14.110611096630562,13.405885,14.600000381469728,14.063072791729972,0.4751541018486023,0.6301319648093842,0.5662074685096741,0.8282258064516128,0.4897848069667816,0.8860887096774193
2023-10-07,3,17.40999984741211,14.322717528168408,13.052854,15.720000267028809,13.868885655340296,0.4847514927387237,0.7800586510263928,0.6033019423484802,0.8685483870967742,0.5062700510025024,0.8911290322580644
2023-10-08,3,17.690000534057617,14.849136206042147,13.825736,16.31999969482422,14.237119516644446,0.5067601799964905,0.9468475073313782,0.5936419367790222,0.915725806451613,0.5181272029876709,0.9390120967741935
2023-10-09,3,16.43000030517578,13.985879754047556,14.025174,13.670000076293944,14.194667704177665,0.458547294139862,0.32331378299120234,0.5865015387535095,0.745967741935484,0.5062896013259888,0.8588709677419355
2023-10-10,3,16.920000076293945,13.295569002392108,13.642574,11.979999542236328,14.086545046385714,0.4557793140411377,0.24376832844574778,0.5885794162750244,0.5782258064516128,0.4960066974163055,0.784274193548387
2023-10-11,3,16.979999542236328,12.567169393123596,13.249302,10.31999969482422,13.879948060390404,0.4672705829143524,0.4017595307917888,0.5835877060890198,0.4491935483870968,0.4982001185417175,0.7187499999999999
2023-10-12,3,16.639999389648438,14.889430097729536,13.016581,17.40999984741211,13.891672746983213,0.4627704322338104,0.468475073313783,0.5868374109268188,0.9540322580645162,0.4915457665920257,0.9314516129032258
2023-10-13,3,16.399999618530273,15.405268026181997,14.051313,17.690000534057617,14.35358267463455,0.4536930322647095,0.3420087976539589,0.5828948020935059,0.9790322580645161,0.5001817941665649,0.967741935483871
2023-10-14,3,16.799999237060547,14.925906718713659,14.032381,16.43000030517578,14.23449375068943,0.4570033848285675,0.36033724340175954,0.5836389064788818,0.9274193548387097,0.5055220723152161,0.941532258064516
2023-10-15,3,17.81999969482422,15.060702958988449,13.8977995,16.920000076293945,14.23102078619386,0.4855529069900512,0.8090175953079177,0.6027556657791138,0.9475806451612905,0.5168728232383728,0.9475806451612903
2023-10-16,3,16.31999969482422,15.090115208498558,13.945985,16.979999542236328,14.23053934518525,0.4644821584224701,0.503299120234604,0.6458637714385986,0.9495967741935484,0.5290347337722778,0.9460685483870968
2023-10-17,3,13.300000190734863,15.390930241399568,14.388334,16.639999389648438,14.928422096107337,0.4768340587615967,0.6840175953079178,0.6190457940101624,0.957258064516129,0.4989863932132721,0.9798387096774193
2023-10-18,3,15.789999961853027,15.309378397595747,14.27652,16.399999618530273,14.973016838754983,0.471263587474823,0.597140762463343,0.6661692261695862,0.9443548387096774,0.5313913822174072,0.9768145161290321
2023-10-19,3,15.18000030517578,15.336451891954802,14.113965,16.799999237060547,14.8149838848599,0.4673982560634613,0.5494868035190615,0.6465942859649658,0.9564516129032259,0.5146427154541016,0.9747983870967741
2023-10-20,3,17.229999542236328,15.777284766180937,14.6417,17.81999969482422,14.804881859799,0.4790371358394623,0.7386363636363635,0.6913775205612183,0.9911290322580645,0.5358630418777466,0.9868951612903225
2023-10-21,3,17.979999542236328,15.337846927787249,14.901737,16.31999969482422,14.82321349181252,0.4918376505374908,0.874266862170088,0.6550165414810181,0.9302419354838709,0.520454466342926,0.9662298387096774
2023-10-22,3,16.3700008392334,14.206748486406742,14.662346,13.300000190734863,14.65916976320383,0.4617190659046173,0.37683284457478006,0.6754245162010193,0.7387096774193549,0.5336910486221313,0.8734879032258063
2023-10-23,3,16.440000534057617,14.9579888977097,14.179758,15.789999961853027,14.69722280805434,0.4781432449817657,0.6957478005865102,0.6604156494140625,0.9008064516129033,0.5357879996299744,0.9445564516129032
2023-10-24,3,14.119999885559082,14.836314274489894,14.570619,15.18000030517578,14.704693655924215,0.4781537652015686,0.69024926686217,0.6168084144592285,0.8733870967741935,0.5231384038925171,0.9354838709677418
2023-10-25,3,15.59000015258789,15.496148731639686,14.626341,17.229999542236328,14.63045860905909,0.4773999154567718,0.7012463343108504,0.6352953314781189,0.9685483870967742,0.5381745100021362,0.9657258064516128
2023-10-26,3,17.760000228881836,15.854790670240561,15.102558,17.979999542236328,14.65916976320383,0.4807447791099548,0.7624633431085044,0.6530882120132446,0.9879032258064516,0.5392352938652039,0.9773185483870966
