outer_fold,feature_date,target_date,nested_role,included,exclusion_reason,component_validation_start,hybrid_validation_start,outer_test_start,dataset_sha256,split_sha256,nested_split_id
1,2021-02-03,2021-02-08,component_subtrain,True,,2021-07-26,2021-08-30,2021-10-10,6ed147cd585e5e8083292683f9be3cf585e97e4d46fa0e3224d24a4e2b42cbbb,f83baf5732ffbf88b9a448a3d9ab9fa270f7495fe44d1559c1ac49795a30881a,h5_fold1_fully_nested_v1
1,2021-02-04,2021-02-09,component_subtrain,True,,2021-07-26,2021-08-30,2021-10-10,6ed147cd585e5e8083292683f9be3cf585e97e4d46fa0e3224d24a4e2b42cbbb,f83baf5732ffbf88b9a448a3d9ab9fa270f7495fe44d1559c1ac49795a30881a,h5_fold1_fully_nested_v1
1,2021-02-05,2021-02-10,component_subtrain,True,,2021-07-26,2021-08-30,2021-10-10,6ed147cd585e5e8083292683f9be3cf585e97e4d46fa0e3224d24a4e2b42cbbb,f83baf5732ffbf88b9a448a3d9ab9fa270f7495fe44d1559c1ac49795a30881a,h5_fold1_fully_nested_v1
1,2021-02-06,2021-02-11,component_subtrain,True,,2021-07-26,2021-08-30,2021-10-10,6ed147cd585e5e8083292683f9be3cf585e97e4d46fa0e3224d24a4e2b42cbbb,f83baf5732ffbf88b9a448a3d9ab9fa270f7495fe44d1559c1ac49795a30881a,h5_fold1_fully_nested_v1
1,2021-02-07,2021-02-12,component_subtrain,True,,2021-07-26,2021-08-30,2021-10-10,6ed147cd585e5e8083292683f9be3cf585e97e4d46fa0e3224d24a4e2b42cbbb,f83baf5732ffbf88b9a448a3d9ab9fa270f7495fe44d1559c1ac49795a30881a,h5_fold1_fully_nested_v1
1,2021-02-08,2021-02-13,component_subtrain,True,,2021-07-26,2021-08-30,2021-10-10,6ed147cd585e5e8083292683f9be3cf585e97e4d46fa0e3224d24a4e2b42cbbb,f83baf5732ffbf88b9a448a3d9ab9fa270f7495fe44d1559c1ac49795a30881a,h5_fold1_fully_nested_v1
1,2021-02-09,2021-02-14,component_subtrain,True,,2021-07-26,2021-08-30,2021-10-10,6ed147cd585e5e8083292683f9be3cf585e97e4d46fa0e3224d24a4e2b42cbbb,f83baf5732ffbf88b9a448a3d9ab9fa270f7495fe44d1559c1ac49795a30881a,h5_fold1_fully_nested_v1
1,2021-02-10,2021-02-15,component_subtrain,True,,2021-07-26,2021-08-30,2021-10-10,6ed147cd585e5e8083292683f9be3cf585e97e4d46fa0e3224d24a4e2b42cbbb,f83baf5732ffbf88b9a448a3d9ab9fa270f7495fe44d1559c1ac49795a30881a,h5_fold1_fully_nested_v1
1,2021-02-11,2021-02-16,component_subtrain,True,,2021-07-26,2021-08-30,2021-10-10,6ed147cd585e5e8083292683f9be3cf585e97e4d46fa0e3224d24a4e2b42cbbb,f83baf5732ffbf88b9a448a3d9ab9fa270f7495fe44d1559c1ac49795a30881a,h5_fold1_fully_nested_v1
1,2021-02-12,2021-02-17,component_subtrain,True,,2021-07-26,2021-08-30,2021-10-10,6ed147cd585e5e8083292683f9be3cf585e97e4d46fa0e3224d24a4e2b42cbbb,f83baf5732ffbf88b9a448a3d9ab9fa270f7495fe44d1559c1ac49795a30881a,h5_fold1_fully_nested_v1
1,2021-02-13,2021-02-18,component_subtrain,True,,2021-07-26,2021-08-30,2021-10-10,6ed147cd585e5e8083292683f9be3cf585e97e4d46fa0e3224d24a4e2b42cbbb,f83baf5732ffbf88b9a448a3d9ab9fa270f7495fe44d1559c1ac49795a30881a,h5_fold1_fully_nested_v1
1,2021-02-14,2021-02-19,component_subtrain,True,,2021-07-26,2021-08-30,2021-10-10,6ed147cd585e5e8083292683f9be3cf585e97e4d46fa0e3224d24a4e2b42cbbb,f83baf5732ffbf88b9a448a3d9ab9fa270f7495fe44d1559c1ac49795a30881a,h5_fold1_fully_nested_v1
1,2021-02-15,2021-02-20,component_subtrain,True,,2021-07-26,2021-08-30,2021-10-10,6ed147cd585e5e8083292683f9be3cf585e97e4d46fa0e3224d24a4e2b42cbbb,f83baf5732ffbf88b9a448a3d9ab9fa270f7495fe44d1559c1ac49795a30881a,h5_fold1_fully_nested_v1
1,2021-02-16,2021-02-21,component_subtrain,True,,2021-07-26,2021-08-30,2021-10-10,6ed147cd585e5e8083292683f9be3cf585e97e4d46fa0e3224d24a4e2b42cbbb,f83baf5732ffbf88b9a448a3d9ab9fa270f7495fe44d1559c1ac49795a30881a,h5_fold1_fully_nested_v1
1,2021-02-17,2021-02-22,component_subtrain,True,,2021-07-26,2021-08-30,2021-10-10,6ed147cd585e5e8083292683f9be3cf585e97e4d46fa0e3224d24a4e2b42cbbb,f83baf5732ffbf88b9a448a3d9ab9fa270f7495fe44d1559c1ac49795a30881a,h5_fold1_fully_nested_v1
1,2021-02-18,2021-02-23,component_subtrain,True,,2021-07-26,2021-08-30,2021-10-10,6ed147cd585e5e8083292683f9be3cf585e97e4d46fa0e3224d24a4e2b42cbbb,f83baf5732ffbf88b9a448a3d9ab9fa270f7495fe44d1559c1ac49795a30881a,h5_fold1_fully_nested_v1
1,2021-02-19,2021-02-24,component_subtrain,True,,2021-07-26,2021-08-30,2021-10-10,6ed147cd585e5e8083292683f9be3cf585e97e4d46fa0e3224d24a4e2b42cbbb,f83baf5732ffbf88b9a448a3d9ab9fa270f7495fe44d1559c1ac49795a30881a,h5_fold1_fully_nested_v1
1,2021-02-20,2021-02-25,component_subtrain,True,,2021-07-26,2021-08-30,2021-10-10,6ed147cd585e5e8083292683f9be3cf585e97e4d46fa0e3224d24a4e2b42cbbb,f83baf5732ffbf88b9a448a3d9ab9fa270f7495fe44d1559c1ac49795a30881a,h5_fold1_fully_nested_v1
1,2021-02-21,2021-02-26,component_subtrain,True,,2021-07-26,2021-08-30,2021-10-10,6ed147cd585e5e8083292683f9be3cf585e97e4d46fa0e3224d24a4e2b42cbbb,f83baf5732ffbf88b9a448a3d9ab9fa270f7495fe44d1559c1ac49795a30881a,h5_fold1_fully_nested_v1
1,2021-02-22,2021-02-27,component_subtrain,True,,2021-07-26,2021-08-30,2021-10-10,6ed147cd585e5e8083292683f9be3cf585e97e4d46fa0e3224d24a4e2b42cbbb,f83baf5732ffbf88b9a448a3d9ab9fa270f7495fe44d1559c1ac49795a30881a,h5_fold1_fully_nested_v1
1,2021-02-23,2021-02-28,component_subtrain,True,,2021-07-26,2021-08-30,2021-10-10,6ed147cd585e5e8083292683f9be3cf585e97e4d46fa0e3224d24a4e2b42cbbb,f83baf5732ffbf88b9a448a3d9ab9fa270f7495fe44d1559c1ac49795a30881a,h5_fold1_fully_nested_v1
1,2021-02-24,2021-03-01,component_subtrain,True,,2021-07-26,2021-08-30,2021-10-10,6ed147cd585e5e8083292683f9be3cf585e97e4d46fa0e3224d24a4e2b42cbbb,f83baf5732ffbf88b9a448a3d9ab9fa270f7495fe44d1559c1ac49795a30881a,h5_fold1_fully_nested_v1
1,2021-02-25,2021-03-02,component_subtrain,True,,2021-07-26,2021-08-30,2021-10-10,6ed147cd585e5e8083292683f9be3cf585e97e4d46fa0e3224d24a4e2b42cbbb,f83baf5732ffbf88b9a448a3d9ab9fa270f7495fe44d1559c1ac49795a30881a,h5_fold1_fully_nested_v1
1,2021-02-26,2021-03-03,component_subtrain,True,,2021-07-26,2021-08-30,2021-10-10,6ed147cd585e5e8083292683f9be3cf585e97e4d46fa0e3224d24a4e2b42cbbb,f83baf5732ffbf88b9a448a3d9ab9fa270f7495fe44d1559c1ac49795a30881a,h5_fold1_fully_nested_v1
1,2021-02-27,2021-03-04,component_subtrain,True,,2021-07-26,2021-08-30,2021-10-10,6ed147cd585e5e8083292683f9be3cf585e97e4d46fa0e3224d24a4e2b42cbbb,f83baf5732ffbf88b9a448a3d9ab9fa270f7495fe44d1559c1ac49795a30881a,h5_fold1_fully_nested_v1
1,2021-02-28,2021-03-05,component_subtrain,True,,2021-07-26,2021-08-30,2021-10-10,6ed147cd585e5e8083292683f9be3cf585e97e4d46fa0e3224d24a4e2b42cbbb,f83baf5732ffbf88b9a448a3d9ab9fa270f7495fe44d1559c1ac49795a30881a,h5_fold1_fully_nested_v1
1,2021-03-01,2021-03-06,component_subtrain,True,,2021-07-26,2021-08-30,2021-10-10,6ed147cd585e5e8083292683f9be3cf585e97e4d46fa0e3224d24a4e2b42cbbb,f83baf5732ffbf88b9a448a3d9ab9fa270f7495fe44d1559c1ac49795a30881a,h5_fold1_fully_nested_v1
1,2021-03-02,2021-03-07,component_subtrain,True,,2021-07-26,2021-08-30,2021-10-10,6ed147cd585e5e8083292683f9be3cf585e97e4d46fa0e3224d24a4e2b42cbbb,f83baf5732ffbf88b9a448a3d9ab9fa270f7495fe44d1559c1ac49795a30881a,h5_fold1_fully_nested_v1
1,2021-03-03,2021-03-08,component_subtrain,True,,2021-07-26,2021-08-30,2021-10-10,6ed147cd585e5e8083292683f9be3cf585e97e4d46fa0e3224d24a4e2b42cbbb,f83baf5732ffbf88b9a448a3d9ab9fa270f7495fe44d1559c1ac49795a30881a,h5_fold1_fully_nested_v1
1,2021-03-04,2021-03-09,component_subtrain,True,,2021-07-26,2021-08-30,2021-10-10,6ed147cd585e5e8083292683f9be3cf585e97e4d46fa0e3224d24a4e2b42cbbb,f83baf5732ffbf88b9a448a3d9ab9fa270f7495fe44d1559c1ac49795a30881a,h5_fold1_fully_nested_v1
1,2021-03-05,2021-03-10,component_subtrain,True,,2021-07-26,2021-08-30,2021-10-10,6ed147cd585e5e8083292683f9be3cf585e97e4d46fa0e3224d24a4e2b42cbbb,f83baf5732ffbf88b9a448a3d9ab9fa270f7495fe44d1559c1ac49795a30881a,h5_fold1_fully_nested_v1
1,2021-03-06,2021-03-11,component_subtrain,True,,2021-07-26,2021-08-30,2021-10-10,6ed147cd585e5e8083292683f9be3cf585e97e4d46fa0e3224d24a4e2b42cbbb,f83baf5732ffbf88b9a448a3d9ab9fa270f7495fe44d1559c1ac49795a30881a,h5_fold1_fully_nested_v1
1,2021-03-07,2021-03-12,component_subtrain,True,,2021-07-26,2021-08-30,2021-10-10,6ed147cd585e5e8083292683f9be3cf585e97e4d46fa0e3224d24a4e2b42cbbb,f83baf5732ffbf88b9a448a3d9ab9fa270f7495fe44d1559c1ac49795a30881a,h5_fold1_fully_nested_v1
1,2021-03-08,2021-03-13,component_subtrain,True,,2021-07-26,2021-08-30,2021-10-10,6ed147cd585e5e8083292683f9be3cf585e97e4d46fa0e3224d24a4e2b42cbbb,f83baf5732ffbf88b9a448a3d9ab9fa270f7495fe44d1559c1ac49795a30881a,h5_fold1_fully_nested_v1
1,2021-03-09,2021-03-14,component_subtrain,True,,2021-07-26,2021-08-30,2021-10-10,6ed147cd585e5e8083292683f9be3cf585e97e4d46fa0e3224d24a4e2b42cbbb,f83baf5732ffbf88b9a448a3d9ab9fa270f7495fe44d1559c1ac49795a30881a,h5_fold1_fully_nested_v1
1,2021-03-10,2021-03-15,component_subtrain,True,,2021-07-26,2021-08-30,2021-10-10,6ed147cd585e5e8083292683f9be3cf585e97e4d46fa0e3224d24a4e2b42cbbb,f83baf5732ffbf88b9a448a3d9ab9fa270f7495fe44d1559c1ac49795a30881a,h5_fold1_fully_nested_v1
1,2021-03-11,2021-03-16,component_subtrain,True,,2021-07-26,2021-08-30,2021-10-10,6ed147cd585e5e8083292683f9be3cf585e97e4d46fa0e3224d24a4e2b42cbbb,f83baf5732ffbf88b9a448a3d9ab9fa270f7495fe44d1559c1ac49795a30881a,h5_fold1_fully_nested_v1
1,2021-03-12,2021-03-17,component_subtrain,True,,2021-07-26,2021-08-30,2021-10-10,6ed147cd585e5e8083292683f9be3cf585e97e4d46fa0e3224d24a4e2b42cbbb,f83baf5732ffbf88b9a448a3d9ab9fa270f7495fe44d1559c1ac49795a30881a,h5_fold1_fully_nested_v1
1,2021-03-13,2021-03-18,component_subtrain,True,,2021-07-26,2021-08-30,2021-10-10,6ed147cd585e5e8083292683f9be3cf585e97e4d46fa0e3224d24a4e2b42cbbb,f83baf5732ffbf88b9a448a3d9ab9fa270f7495fe44d1559c1ac49795a30881a,h5_fold1_fully_nested_v1
1,2021-03-14,2021-03-19,component_subtrain,True,,2021-07-26,2021-08-30,2021-10-10,6ed147cd585e5e8083292683f9be3cf585e97e4d46fa0e3224d24a4e2b42cbbb,f83baf5732ffbf88b9a448a3d9ab9fa270f7495fe44d1559c1ac49795a30881a,h5_fold1_fully_nested_v1
1,2021-03-15,2021-03-20,component_subtrain,True,,2021-07-26,2021-08-30,2021-10-10,6ed147cd585e5e8083292683f9be3cf585e97e4d46fa0e3224d24a4e2b42cbbb,f83baf5732ffbf88b9a448a3d9ab9fa270f7495fe44d1559c1ac49795a30881a,h5_fold1_fully_nested_v1
1,2021-03-16,2021-03-21,component_subtrain,True,,2021-07-26,2021-08-30,2021-10-10,6ed147cd585e5e8083292683f9be3cf585e97e4d46fa0e3224d24a4e2b42cbbb,f83baf5732ffbf88b9a448a3d9ab9fa270f7495fe44d1559c1ac49795a30881a,h5_fold1_fully_nested_v1
1,2021-03-17,2021-03-22,component_subtrain,True,,2021-07-26,2021-08-30,2021-10-10,6ed147cd585e5e8083292683f9be3cf585e97e4d46fa0e3224d24a4e2b42cbbb,f83baf5732ffbf88b9a448a3d9ab9fa270f7495fe44d1559c1ac49795a30881a,h5_fold1_fully_nested_v1
1,2021-03-18,2021-03-23,component_subtrain,True,,2021-07-26,2021-08-30,2021-10-10,6ed147cd585e5e8083292683f9be3cf585e97e4d46fa0e3224d24a4e2b42cbbb,f83baf5732ffbf88b9a448a3d9ab9fa270f7495fe44d1559c1ac49795a30881a,h5_fold1_fully_nested_v1
1,2021-03-19,2021-03-24,component_subtrain,True,,2021-07-26,2021-08-30,2021-10-10,6ed147cd585e5e8083292683f9be3cf585e97e4d46fa0e3224d24a4e2b42cbbb,f83baf5732ffbf88b9a448a3d9ab9fa270f7495fe44d1559c1ac49795a30881a,h5_fold1_fully_nested_v1
1,2021-03-20,2021-03-25,component_subtrain,True,,2021-07-26,2021-08-30,2021-10-10,6ed147cd585e5e8083292683f9be3cf585e97e4d46fa0e3224d24a4e2b42cbbb,f83baf5732ffbf88b9a448a3d9ab9fa270f7495fe44d1559c1ac49795a30881a,h5_fold1_fully_nested_v1
1,2021-03-21,2021-03-26,component_subtrain,True,,2021-07-26,2021-08-30,2021-10-10,6ed147cd585e5e8083292683f9be3cf585e97e4d46fa0e3224d24a4e2b42cbbb,f83baf5732ffbf88b9a448a3d9ab9fa270f7495fe44d1559c1ac49795a30881a,h5_fold1_fully_nested_v1
1,2021-03-22,2021-03-27,component_subtrain,True,,2021-07-26,2021-08-30,2021-10-10,6ed147cd585e5e8083292683f9be3cf585e97e4d46fa0e3224d24a4e2b42cbbb,f83baf5732ffbf88b9a448a3d9ab9fa270f7495fe44d1559c1ac49795a30881a,h5_fold1_fully_nested_v1
1,2021-03-23,2021-03-28,component_subtrain,True,,2021-07-26,2021-08-30,2021-10-10,6ed147cd585e5e8083292683f9be3cf585e97e4d46fa0e3224d24a4e2b42cbbb,f83baf5732ffbf88b9a448a3d9ab9fa270f7495fe44d1559c1ac49795a30881a,h5_fold1_fully_nested_v1
1,2021-03-24,2021-03-29,component_subtrain,True,,2021-07-26,2021-08-30,2021-10-10,6ed147cd585e5e8083292683f9be3cf585e97e4d46fa0e3224d24a4e2b42cbbb,f83baf5732ffbf88b9a448a3d9ab9fa270f7495fe44d1559c1ac49795a30881a,h5_fold1_fully_nested_v1
1,2021-03-25,2021-03-30,component_subtrain,True,,2021-07-26,2021-08-30,2021-10-10,6ed147cd585e5e8083292683f9be3cf585e97e4d46fa0e3224d24a4e2b42cbbb,f83baf5732ffbf88b9a448a3d9ab9fa270f7495fe44d1559c1ac49795a30881a,h5_fold1_fully_nested_v1
1,2021-03-26,2021-03-31,component_subtrain,True,,2021-07-26,2021-08-30,2021-10-10,6ed147cd585e5e8083292683f9be3cf585e97e4d46fa0e3224d24a4e2b42cbbb,f83baf5732ffbf88b9a448a3d9ab9fa270f7495fe44d1559c1ac49795a30881a,h5_fold1_fully_nested_v1
1,2021-03-27,2021-04-01,component_subtrain,True,,2021-07-26,2021-08-30,2021-10-10,6ed147cd585e5e8083292683f9be3cf585e97e4d46fa0e3224d24a4e2b42cbbb,f83baf5732ffbf88b9a448a3d9ab9fa270f7495fe44d1559c1ac49795a30881a,h5_fold1_fully_nested_v1
1,2021-03-28,2021-04-02,component_subtrain,True,,2021-07-26,2021-08-30,2021-10-10,6ed147cd585e5e8083292683f9be3cf585e97e4d46fa0e3224d24a4e2b42cbbb,f83baf5732ffbf88b9a448a3d9ab9fa270f7495fe44d1559c1ac49795a30881a,h5_fold1_fully_nested_v1
1,2021-03-29,2021-04-03,component_subtrain,True,,2021-07-26,2021-08-30,2021-10-10,6ed147cd585e5e8083292683f9be3cf585e97e4d46fa0e3224d24a4e2b42cbbb,f83baf5732ffbf88b9a448a3d9ab9fa270f7495fe44d1559c1ac49795a30881a,h5_fold1_fully_nested_v1
1,2021-03-30,2021-04-04,component_subtrain,True,,2021-07-26,2021-08-30,2021-10-10,6ed147cd585e5e8083292683f9be3cf585e97e4d46fa0e3224d24a4e2b42cbbb,f83baf5732ffbf88b9a448a3d9ab9fa270f7495fe44d1559c1ac49795a30881a,h5_fold1_fully_nested_v1
1,2021-03-31,2021-04-05,component_subtrain,True,,2021-07-26,2021-08-30,2021-10-10,6ed147cd585e5e8083292683f9be3cf585e97e4d46fa0e3224d24a4e2b42cbbb,f83baf5732ffbf88b9a448a3d9ab9fa270f7495fe44d1559c1ac49795a30881a,h5_fold1_fully_nested_v1
1,2021-04-01,2021-04-06,component_subtrain,True,,2021-07-26,2021-08-30,2021-10-10,6ed147cd585e5e8083292683f9be3cf585e97e4d46fa0e3224d24a4e2b42cbbb,f83baf5732ffbf88b9a448a3d9ab9fa270f7495fe44d1559c1ac49795a30881a,h5_fold1_fully_nested_v1
1,2021-04-02,2021-04-07,component_subtrain,True,,2021-07-26,2021-08-30,2021-10-10,6ed147cd585e5e8083292683f9be3cf585e97e4d46fa0e3224d24a4e2b42cbbb,f83baf5732ffbf88b9a448a3d9ab9fa270f7495fe44d1559c1ac49795a30881a,h5_fold1_fully_nested_v1
1,2021-04-03,2021-04-08,component_subtrain,True,,2021-07-26,2021-08-30,2021-10-10,6ed147cd585e5e8083292683f9be3cf585e97e4d46fa0e3224d24a4e2b42cbbb,f83baf5732ffbf88b9a448a3d9ab9fa270f7495fe44d1559c1ac49795a30881a,h5_fold1_fully_nested_v1
1,2021-04-04,2021-04-09,component_subtrain,True,,2021-07-26,2021-08-30,2021-10-10,6ed147cd585e5e8083292683f9be3cf585e97e4d46fa0e3224d24a4e2b42cbbb,f83baf5732ffbf88b9a448a3d9ab9fa270f7495fe44d1559c1ac49795a30881a,h5_fold1_fully_nested_v1
1,2021-04-05,2021-04-10,component_subtrain,True,,2021-07-26,2021-08-30,2021-10-10,6ed147cd585e5e8083292683f9be3cf585e97e4d46fa0e3224d24a4e2b42cbbb,f83baf5732ffbf88b9a448a3d9ab9fa270f7495fe44d1559c1ac49795a30881a,h5_fold1_fully_nested_v1
1,2021-04-06,2021-04-11,component_subtrain,True,,2021-07-26,2021-08-30,2021-10-10,6ed147cd585e5e8083292683f9be3cf585e97e4d46fa0e3224d24a4e2b42cbbb,f83baf5732ffbf88b9a448a3d9ab9fa270f7495fe44d1559c1ac49795a30881a,h5_fold1_fully_nested_v1
1,2021-04-07,2021-04-12,component_subtrain,True,,2021-07-26,2021-08-30,2021-10-10,6ed147cd585e5e8083292683f9be3cf585e97e4d46fa0e3224d24a4e2b42cbbb,f83baf5732ffbf88b9a448a3d9ab9fa270f7495fe44d1559c1ac49795a30881a,h5_fold1_fully_nested_v1
1,2021-04-08,2021-04-13,component_subtrain,True,,2021-07-26,2021-08-30,2021-10-10,6ed147cd585e5e8083292683f9be3cf585e97e4d46fa0e3224d24a4e2b42cbbb,f83baf5732ffbf88b9a448a3d9ab9fa270f7495fe44d1559c1ac49795a30881a,h5_fold1_fully_nested_v1
1,2021-04-09,2021-04-14,component_subtrain,True,,2021-07-26,2021-08-30,2021-10-10,6ed147cd585e5e8083292683f9be3cf585e97e4d46fa0e3224d24a4e2b42cbbb,f83baf5732ffbf88b9a448a3d9ab9fa270f7495fe44d1559c1ac49795a30881a,h5_fold1_fully_nested_v1
1,2021-04-10,2021-04-15,component_subtrain,True,,2021-07-26,2021-08-30,2021-10-10,6ed147cd585e5e8083292683f9be3cf585e97e4d46fa0e3224d24a4e2b42cbbb,f83baf5732ffbf88b9a448a3d9ab9fa270f7495fe44d1559c1ac49795a30881a,h5_fold1_fully_nested_v1
1,2021-04-11,2021-04-16,component_subtrain,True,,2021-07-26,2021-08-30,2021-10-10,6ed147cd585e5e8083292683f9be3cf585e97e4d46fa0e3224d24a4e2b42cbbb,f83baf5732ffbf88b9a448a3d9ab9fa270f7495fe44d1559c1ac49795a30881a,h5_fold1_fully_nested_v1
1,2021-04-12,2021-04-17,component_subtrain,True,,2021-07-26,2021-08-30,2021-10-10,6ed147cd585e5e8083292683f9be3cf585e97e4d46fa0e3224d24a4e2b42cbbb,f83baf5732ffbf88b9a448a3d9ab9fa270f7495fe44d1559c1ac49795a30881a,h5_fold1_fully_nested_v1
1,2021-04-13,2021-04-18,component_subtrain,True,,2021-07-26,2021-08-30,2021-10-10,6ed147cd585e5e8083292683f9be3cf585e97e4d46fa0e3224d24a4e2b42cbbb,f83baf5732ffbf88b9a448a3d9ab9fa270f7495fe44d1559c1ac49795a30881a,h5_fold1_fully_nested_v1
1,2021-04-14,2021-04-19,component_subtrain,True,,2021-07-26,2021-08-30,2021-10-10,6ed147cd585e5e8083292683f9be3cf585e97e4d46fa0e3224d24a4e2b42cbbb,f83baf5732ffbf88b9a448a3d9ab9fa270f7495fe44d1559c1ac49795a30881a,h5_fold1_fully_nested_v1
1,2021-04-15,2021-04-20,component_subtrain,True,,2021-07-26,2021-08-30,2021-10-10,6ed147cd585e5e8083292683f9be3cf585e97e4d46fa0e3224d24a4e2b42cbbb,f83baf5732ffbf88b9a448a3d9ab9fa270f7495fe44d1559c1ac49795a30881a,h5_fold1_fully_nested_v1
1,2021-04-16,2021-04-21,component_subtrain,True,,2021-07-26,2021-08-30,2021-10-10,6ed147cd585e5e8083292683f9be3cf585e97e4d46fa0e3224d24a4e2b42cbbb,f83baf5732ffbf88b9a448a3d9ab9fa270f7495fe44d1559c1ac49795a30881a,h5_fold1_fully_nested_v1
1,2021-04-17,2021-04-22,component_subtrain,True,,2021-07-26,2021-08-30,2021-10-10,6ed147cd585e5e8083292683f9be3cf585e97e4d46fa0e3224d24a4e2b42cbbb,f83baf5732ffbf88b9a448a3d9ab9fa270f7495fe44d1559c1ac49795a30881a,h5_fold1_fully_nested_v1
1,2021-04-18,2021-04-23,component_subtrain,True,,2021-07-26,2021-08-30,2021-10-10,6ed147cd585e5e8083292683f9be3cf585e97e4d46fa0e3224d24a4e2b42cbbb,f83baf5732ffbf88b9a448a3d9ab9fa270f7495fe44d1559c1ac49795a30881a,h5_fold1_fully_nested_v1
1,2021-04-19,2021-04-24,component_subtrain,True,,2021-07-26,2021-08-30,2021-10-10,6ed147cd585e5e8083292683f9be3cf585e97e4d46fa0e3224d24a4e2b42cbbb,f83baf5732ffbf88b9a448a3d9ab9fa270f7495fe44d1559c1ac49795a30881a,h5_fold1_fully_nested_v1
1,2021-04-20,2021-04-25,component_subtrain,True,,2021-07-26,2021-08-30,2021-10-10,6ed147cd585e5e8083292683f9be3cf585e97e4d46fa0e3224d24a4e2b42cbbb,f83baf5732ffbf88b9a448a3d9ab9fa270f7495fe44d1559c1ac49795a30881a,h5_fold1_fully_nested_v1
1,2021-04-21,2021-04-26,component_subtrain,True,,2021-07-26,2021-08-30,2021-10-10,6ed147cd585e5e8083292683f9be3cf585e97e4d46fa0e3224d24a4e2b42cbbb,f83baf5732ffbf88b9a448a3d9ab9fa270f7495fe44d1559c1ac49795a30881a,h5_fold1_fully_nested_v1
1,2021-04-22,2021-04-27,component_subtrain,True,,2021-07-26,2021-08-30,2021-10-10,6ed147cd585e5e8083292683f9be3cf585e97e4d46fa0e3224d24a4e2b42cbbb,f83baf5732ffbf88b9a448a3d9ab9fa270f7495fe44d1559c1ac49795a30881a,h5_fold1_fully_nested_v1
1,2021-04-23,2021-04-28,component_subtrain,True,,2021-07-26,2021-08-30,2021-10-10,6ed147cd585e5e8083292683f9be3cf585e97e4d46fa0e3224d24a4e2b42cbbb,f83baf5732ffbf88b9a448a3d9ab9fa270f7495fe44d1559c1ac49795a30881a,h5_fold1_fully_nested_v1
1,2021-04-24,2021-04-29,component_subtrain,True,,2021-07-26,2021-08-30,2021-10-10,6ed147cd585e5e8083292683f9be3cf585e97e4d46fa0e3224d24a4e2b42cbbb,f83baf5732ffbf88b9a448a3d9ab9fa270f7495fe44d1559c1ac49795a30881a,h5_fold1_fully_nested_v1
1,2021-04-25,2021-04-30,component_subtrain,True,,2021-07-26,2021-08-30,2021-10-10,6ed147cd585e5e8083292683f9be3cf585e97e4d46fa0e3224d24a4e2b42cbbb,f83baf5732ffbf88b9a448a3d9ab9fa270f7495fe44d1559c1ac49795a30881a,h5_fold1_fully_nested_v1
1,2021-04-26,2021-05-01,component_subtrain,True,,2021-07-26,2021-08-30,2021-10-10,6ed147cd585e5e8083292683f9be3cf585e97e4d46fa0e3224d24a4e2b42cbbb,f83baf5732ffbf88b9a448a3d9ab9fa270f7495fe44d1559c1ac49795a30881a,h5_fold1_fully_nested_v1
1,2021-04-27,2021-05-02,component_subtrain,True,,2021-07-26,2021-08-30,2021-10-10,6ed147cd585e5e8083292683f9be3cf585e97e4d46fa0e3224d24a4e2b42cbbb,f83baf5732ffbf88b9a448a3d9ab9fa270f7495fe44d1559c1ac49795a30881a,h5_fold1_fully_nested_v1
1,2021-04-28,2021-05-03,component_subtrain,True,,2021-07-26,2021-08-30,2021-10-10,6ed147cd585e5e8083292683f9be3cf585e97e4d46fa0e3224d24a4e2b42cbbb,f83baf5732ffbf88b9a448a3d9ab9fa270f7495fe44d1559c1ac49795a30881a,h5_fold1_fully_nested_v1
1,2021-04-29,2021-05-04,component_subtrain,True,,2021-07-26,2021-08-30,2021-10-10,6ed147cd585e5e8083292683f9be3cf585e97e4d46fa0e3224d24a4e2b42cbbb,f83baf5732ffbf88b9a448a3d9ab9fa270f7495fe44d1559c1ac49795a30881a,h5_fold1_fully_nested_v1
1,2021-04-30,2021-05-05,component_subtrain,True,,2021-07-26,2021-08-30,2021-10-10,6ed147cd585e5e8083292683f9be3cf585e97e4d46fa0e3224d24a4e2b42cbbb,f83baf5732ffbf88b9a448a3d9ab9fa270f7495fe44d1559c1ac49795a30881a,h5_fold1_fully_nested_v1
1,2021-05-01,2021-05-06,component_subtrain,True,,2021-07-26,2021-08-30,2021-10-10,6ed147cd585e5e8083292683f9be3cf585e97e4d46fa0e3224d24a4e2b42cbbb,f83baf5732ffbf88b9a448a3d9ab9fa270f7495fe44d1559c1ac49795a30881a,h5_fold1_fully_nested_v1
1,2021-05-02,2021-05-07,component_subtrain,True,,2021-07-26,2021-08-30,2021-10-10,6ed147cd585e5e8083292683f9be3cf585e97e4d46fa0e3224d24a4e2b42cbbb,f83baf5732ffbf88b9a448a3d9ab9fa270f7495fe44d1559c1ac49795a30881a,h5_fold1_fully_nested_v1
1,2021-05-03,2021-05-08,component_subtrain,True,,2021-07-26,2021-08-30,2021-10-10,6ed147cd585e5e8083292683f9be3cf585e97e4d46fa0e3224d24a4e2b42cbbb,f83baf5732ffbf88b9a448a3d9ab9fa270f7495fe44d1559c1ac49795a30881a,h5_fold1_fully_nested_v1
1,2021-05-04,2021-05-09,component_subtrain,True,,2021-07-26,2021-08-30,2021-10-10,6ed147cd585e5e8083292683f9be3cf585e97e4d46fa0e3224d24a4e2b42cbbb,f83baf5732ffbf88b9a448a3d9ab9fa270f7495fe44d1559c1ac49795a30881a,h5_fold1_fully_nested_v1
1,2021-05-05,2021-05-10,component_subtrain,True,,2021-07-26,2021-08-30,2021-10-10,6ed147cd585e5e8083292683f9be3cf585e97e4d46fa0e3224d24a4e2b42cbbb,f83baf5732ffbf88b9a448a3d9ab9fa270f7495fe44d1559c1ac49795a30881a,h5_fold1_fully_nested_v1
1,2021-05-06,2021-05-11,component_subtrain,True,,2021-07-26,2021-08-30,2021-10-10,6ed147cd585e5e8083292683f9be3cf585e97e4d46fa0e3224d24a4e2b42cbbb,f83baf5732ffbf88b9a448a3d9ab9fa270f7495fe44d1559c1ac49795a30881a,h5_fold1_fully_nested_v1
1,2021-05-07,2021-05-12,component_subtrain,True,,2021-07-26,2021-08-30,2021-10-10,6ed147cd585e5e8083292683f9be3cf585e97e4d46fa0e3224d24a4e2b42cbbb,f83baf5732ffbf88b9a448a3d9ab9fa270f7495fe44d1559c1ac49795a30881a,h5_fold1_fully_nested_v1
1,2021-05-08,2021-05-13,component_subtrain,True,,2021-07-26,2021-08-30,2021-10-10,6ed147cd585e5e8083292683f9be3cf585e97e4d46fa0e3224d24a4e2b42cbbb,f83baf5732ffbf88b9a448a3d9ab9fa270f7495fe44d1559c1ac49795a30881a,h5_fold1_fully_nested_v1
1,2021-05-09,2021-05-14,component_subtrain,True,,2021-07-26,2021-08-30,2021-10-10,6ed147cd585e5e8083292683f9be3cf585e97e4d46fa0e3224d24a4e2b42cbbb,f83baf5732ffbf88b9a448a3d9ab9fa270f7495fe44d1559c1ac49795a30881a,h5_fold1_fully_nested_v1
1,2021-05-10,2021-05-15,component_subtrain,True,,2021-07-26,2021-08-30,2021-10-10,6ed147cd585e5e8083292683f9be3cf585e97e4d46fa0e3224d24a4e2b42cbbb,f83baf5732ffbf88b9a448a3d9ab9fa270f7495fe44d1559c1ac49795a30881a,h5_fold1_fully_nested_v1
1,2021-05-11,2021-05-16,component_subtrain,True,,2021-07-26,2021-08-30,2021-10-10,6ed147cd585e5e8083292683f9be3cf585e97e4d46fa0e3224d24a4e2b42cbbb,f83baf5732ffbf88b9a448a3d9ab9fa270f7495fe44d1559c1ac49795a30881a,h5_fold1_fully_nested_v1
1,2021-05-12,2021-05-17,component_subtrain,True,,2021-07-26,2021-08-30,2021-10-10,6ed147cd585e5e8083292683f9be3cf585e97e4d46fa0e3224d24a4e2b42cbbb,f83baf5732ffbf88b9a448a3d9ab9fa270f7495fe44d1559c1ac49795a30881a,h5_fold1_fully_nested_v1
1,2021-05-13,2021-05-18,component_subtrain,True,,2021-07-26,2021-08-30,2021-10-10,6ed147cd585e5e8083292683f9be3cf585e97e4d46fa0e3224d24a4e2b42cbbb,f83baf5732ffbf88b9a448a3d9ab9fa270f7495fe44d1559c1ac49795a30881a,h5_fold1_fully_nested_v1
1,2021-05-14,2021-05-19,component_subtrain,True,,2021-07-26,2021-08-30,2021-10-10,6ed147cd585e5e8083292683f9be3cf585e97e4d46fa0e3224d24a4e2b42cbbb,f83baf5732ffbf88b9a448a3d9ab9fa270f7495fe44d1559c1ac49795a30881a,h5_fold1_fully_nested_v1
1,2021-05-15,2021-05-20,component_subtrain,True,,2021-07-26,2021-08-30,2021-10-10,6ed147cd585e5e8083292683f9be3cf585e97e4d46fa0e3224d24a4e2b42cbbb,f83baf5732ffbf88b9a448a3d9ab9fa270f7495fe44d1559c1ac49795a30881a,h5_fold1_fully_nested_v1
1,2021-05-16,2021-05-21,component_subtrain,True,,2021-07-26,2021-08-30,2021-10-10,6ed147cd585e5e8083292683f9be3cf585e97e4d46fa0e3224d24a4e2b42cbbb,f83baf5732ffbf88b9a448a3d9ab9fa270f7495fe44d1559c1ac49795a30881a,h5_fold1_fully_nested_v1
1,2021-05-17,2021-05-22,component_subtrain,True,,2021-07-26,2021-08-30,2021-10-10,6ed147cd585e5e8083292683f9be3cf585e97e4d46fa0e3224d24a4e2b42cbbb,f83baf5732ffbf88b9a448a3d9ab9fa270f7495fe44d1559c1ac49795a30881a,h5_fold1_fully_nested_v1
1,2021-05-18,2021-05-23,component_subtrain,True,,2021-07-26,2021-08-30,2021-10-10,6ed147cd585e5e8083292683f9be3cf585e97e4d46fa0e3224d24a4e2b42cbbb,f83baf5732ffbf88b9a448a3d9ab9fa270f7495fe44d1559c1ac49795a30881a,h5_fold1_fully_nested_v1
1,2021-05-19,2021-05-24,component_subtrain,True,,2021-07-26,2021-08-30,2021-10-10,6ed147cd585e5e8083292683f9be3cf585e97e4d46fa0e3224d24a4e2b42cbbb,f83baf5732ffbf88b9a448a3d9ab9fa270f7495fe44d1559c1ac49795a30881a,h5_fold1_fully_nested_v1
1,2021-05-20,2021-05-25,component_subtrain,True,,2021-07-26,2021-08-30,2021-10-10,6ed147cd585e5e8083292683f9be3cf585e97e4d46fa0e3224d24a4e2b42cbbb,f83baf5732ffbf88b9a448a3d9ab9fa270f7495fe44d1559c1ac49795a30881a,h5_fold1_fully_nested_v1
1,2021-05-21,2021-05-26,component_subtrain,True,,2021-07-26,2021-08-30,2021-10-10,6ed147cd585e5e8083292683f9be3cf585e97e4d46fa0e3224d24a4e2b42cbbb,f83baf5732ffbf88b9a448a3d9ab9fa270f7495fe44d1559c1ac49795a30881a,h5_fold1_fully_nested_v1
1,2021-05-22,2021-05-27,component_subtrain,True,,2021-07-26,2021-08-30,2021-10-10,6ed147cd585e5e8083292683f9be3cf585e97e4d46fa0e3224d24a4e2b42cbbb,f83baf5732ffbf88b9a448a3d9ab9fa270f7495fe44d1559c1ac49795a30881a,h5_fold1_fully_nested_v1
1,2021-05-23,2021-05-28,component_subtrain,True,,2021-07-26,2021-08-30,2021-10-10,6ed147cd585e5e8083292683f9be3cf585e97e4d46fa0e3224d24a4e2b42cbbb,f83baf5732ffbf88b9a448a3d9ab9fa270f7495fe44d1559c1ac49795a30881a,h5_fold1_fully_nested_v1
1,2021-05-24,2021-05-29,component_subtrain,True,,2021-07-26,2021-08-30,2021-10-10,6ed147cd585e5e8083292683f9be3cf585e97e4d46fa0e3224d24a4e2b42cbbb,f83baf5732ffbf88b9a448a3d9ab9fa270f7495fe44d1559c1ac49795a30881a,h5_fold1_fully_nested_v1
1,2021-05-25,2021-05-30,component_subtrain,True,,2021-07-26,2021-08-30,2021-10-10,6ed147cd585e5e8083292683f9be3cf585e97e4d46fa0e3224d24a4e2b42cbbb,f83baf5732ffbf88b9a448a3d9ab9fa270f7495fe44d1559c1ac49795a30881a,h5_fold1_fully_nested_v1
1,2021-05-26,2021-05-31,component_subtrain,True,,2021-07-26,2021-08-30,2021-10-10,6ed147cd585e5e8083292683f9be3cf585e97e4d46fa0e3224d24a4e2b42cbbb,f83baf5732ffbf88b9a448a3d9ab9fa270f7495fe44d1559c1ac49795a30881a,h5_fold1_fully_nested_v1
1,2021-05-27,2021-06-01,component_subtrain,True,,2021-07-26,2021-08-30,2021-10-10,6ed147cd585e5e8083292683f9be3cf585e97e4d46fa0e3224d24a4e2b42cbbb,f83baf5732ffbf88b9a448a3d9ab9fa270f7495fe44d1559c1ac49795a30881a,h5_fold1_fully_nested_v1
1,2021-05-28,2021-06-02,component_subtrain,True,,2021-07-26,2021-08-30,2021-10-10,6ed147cd585e5e8083292683f9be3cf585e97e4d46fa0e3224d24a4e2b42cbbb,f83baf5732ffbf88b9a448a3d9ab9fa270f7495fe44d1559c1ac49795a30881a,h5_fold1_fully_nested_v1
1,2021-05-29,2021-06-03,component_subtrain,True,,2021-07-26,2021-08-30,2021-10-10,6ed147cd585e5e8083292683f9be3cf585e97e4d46fa0e3224d24a4e2b42cbbb,f83baf5732ffbf88b9a448a3d9ab9fa270f7495fe44d1559c1ac49795a30881a,h5_fold1_fully_nested_v1
1,2021-05-30,2021-06-04,component_subtrain,True,,2021-07-26,2021-08-30,2021-10-10,6ed147cd585e5e8083292683f9be3cf585e97e4d46fa0e3224d24a4e2b42cbbb,f83baf5732ffbf88b9a448a3d9ab9fa270f7495fe44d1559c1ac49795a30881a,h5_fold1_fully_nested_v1
1,2021-05-31,2021-06-05,component_subtrain,True,,2021-07-26,2021-08-30,2021-10-10,6ed147cd585e5e8083292683f9be3cf585e97e4d46fa0e3224d24a4e2b42cbbb,f83baf5732ffbf88b9a448a3d9ab9fa270f7495fe44d1559c1ac49795a30881a,h5_fold1_fully_nested_v1
1,2021-06-01,2021-06-06,component_subtrain,True,,2021-07-26,2021-08-30,2021-10-10,6ed147cd585e5e8083292683f9be3cf585e97e4d46fa0e3224d24a4e2b42cbbb,f83baf5732ffbf88b9a448a3d9ab9fa270f7495fe44d1559c1ac49795a30881a,h5_fold1_fully_nested_v1
1,2021-06-02,2021-06-07,component_subtrain,True,,2021-07-26,2021-08-30,2021-10-10,6ed147cd585e5e8083292683f9be3cf585e97e4d46fa0e3224d24a4e2b42cbbb,f83baf5732ffbf88b9a448a3d9ab9fa270f7495fe44d1559c1ac49795a30881a,h5_fold1_fully_nested_v1
1,2021-06-03,2021-06-08,component_subtrain,True,,2021-07-26,2021-08-30,2021-10-10,6ed147cd585e5e8083292683f9be3cf585e97e4d46fa0e3224d24a4e2b42cbbb,f83baf5732ffbf88b9a448a3d9ab9fa270f7495fe44d1559c1ac49795a30881a,h5_fold1_fully_nested_v1
1,2021-06-04,2021-06-09,component_subtrain,True,,2021-07-26,2021-08-30,2021-10-10,6ed147cd585e5e8083292683f9be3cf585e97e4d46fa0e3224d24a4e2b42cbbb,f83baf5732ffbf88b9a448a3d9ab9fa270f7495fe44d1559c1ac49795a30881a,h5_fold1_fully_nested_v1
1,2021-06-05,2021-06-10,component_subtrain,True,,2021-07-26,2021-08-30,2021-10-10,6ed147cd585e5e8083292683f9be3cf585e97e4d46fa0e3224d24a4e2b42cbbb,f83baf5732ffbf88b9a448a3d9ab9fa270f7495fe44d1559c1ac49795a30881a,h5_fold1_fully_nested_v1
1,2021-06-06,2021-06-11,component_subtrain,True,,2021-07-26,2021-08-30,2021-10-10,6ed147cd585e5e8083292683f9be3cf585e97e4d46fa0e3224d24a4e2b42cbbb,f83baf5732ffbf88b9a448a3d9ab9fa270f7495fe44d1559c1ac49795a30881a,h5_fold1_fully_nested_v1
1,2021-06-07,2021-06-12,component_subtrain,True,,2021-07-26,2021-08-30,2021-10-10,6ed147cd585e5e8083292683f9be3cf585e97e4d46fa0e3224d24a4e2b42cbbb,f83baf5732ffbf88b9a448a3d9ab9fa270f7495fe44d1559c1ac49795a30881a,h5_fold1_fully_nested_v1
1,2021-06-08,2021-06-13,component_subtrain,True,,2021-07-26,2021-08-30,2021-10-10,6ed147cd585e5e8083292683f9be3cf585e97e4d46fa0e3224d24a4e2b42cbbb,f83baf5732ffbf88b9a448a3d9ab9fa270f7495fe44d1559c1ac49795a30881a,h5_fold1_fully_nested_v1
1,2021-06-09,2021-06-14,component_subtrain,True,,2021-07-26,2021-08-30,2021-10-10,6ed147cd585e5e8083292683f9be3cf585e97e4d46fa0e3224d24a4e2b42cbbb,f83baf5732ffbf88b9a448a3d9ab9fa270f7495fe44d1559c1ac49795a30881a,h5_fold1_fully_nested_v1
1,2021-06-10,2021-06-15,component_subtrain,True,,2021-07-26,2021-08-30,2021-10-10,6ed147cd585e5e8083292683f9be3cf585e97e4d46fa0e3224d24a4e2b42cbbb,f83baf5732ffbf88b9a448a3d9ab9fa270f7495fe44d1559c1ac49795a30881a,h5_fold1_fully_nested_v1
1,2021-06-11,2021-06-16,component_subtrain,True,,2021-07-26,2021-08-30,2021-10-10,6ed147cd585e5e8083292683f9be3cf585e97e4d46fa0e3224d24a4e2b42cbbb,f83baf5732ffbf88b9a448a3d9ab9fa270f7495fe44d1559c1ac49795a30881a,h5_fold1_fully_nested_v1
1,2021-06-12,2021-06-17,component_subtrain,True,,2021-07-26,2021-08-30,2021-10-10,6ed147cd585e5e8083292683f9be3cf585e97e4d46fa0e3224d24a4e2b42cbbb,f83baf5732ffbf88b9a448a3d9ab9fa270f7495fe44d1559c1ac49795a30881a,h5_fold1_fully_nested_v1
1,2021-06-13,2021-06-18,component_subtrain,True,,2021-07-26,2021-08-30,2021-10-10,6ed147cd585e5e8083292683f9be3cf585e97e4d46fa0e3224d24a4e2b42cbbb,f83baf5732ffbf88b9a448a3d9ab9fa270f7495fe44d1559c1ac49795a30881a,h5_fold1_fully_nested_v1
1,2021-06-14,2021-06-19,component_subtrain,True,,2021-07-26,2021-08-30,2021-10-10,6ed147cd585e5e8083292683f9be3cf585e97e4d46fa0e3224d24a4e2b42cbbb,f83baf5732ffbf88b9a448a3d9ab9fa270f7495fe44d1559c1ac49795a30881a,h5_fold1_fully_nested_v1
1,2021-06-15,2021-06-20,component_subtrain,True,,2021-07-26,2021-08-30,2021-10-10,6ed147cd585e5e8083292683f9be3cf585e97e4d46fa0e3224d24a4e2b42cbbb,f83baf5732ffbf88b9a448a3d9ab9fa270f7495fe44d1559c1ac49795a30881a,h5_fold1_fully_nested_v1
1,2021-06-16,2021-06-21,component_subtrain,True,,2021-07-26,2021-08-30,2021-10-10,6ed147cd585e5e8083292683f9be3cf585e97e4d46fa0e3224d24a4e2b42cbbb,f83baf5732ffbf88b9a448a3d9ab9fa270f7495fe44d1559c1ac49795a30881a,h5_fold1_fully_nested_v1
1,2021-06-17,2021-06-22,component_subtrain,True,,2021-07-26,2021-08-30,2021-10-10,6ed147cd585e5e8083292683f9be3cf585e97e4d46fa0e3224d24a4e2b42cbbb,f83baf5732ffbf88b9a448a3d9ab9fa270f7495fe44d1559c1ac49795a30881a,h5_fold1_fully_nested_v1
1,2021-06-18,2021-06-23,component_subtrain,True,,2021-07-26,2021-08-30,2021-10-10,6ed147cd585e5e8083292683f9be3cf585e97e4d46fa0e3224d24a4e2b42cbbb,f83baf5732ffbf88b9a448a3d9ab9fa270f7495fe44d1559c1ac49795a30881a,h5_fold1_fully_nested_v1
1,2021-06-19,2021-06-24,component_subtrain,True,,2021-07-26,2021-08-30,2021-10-10,6ed147cd585e5e8083292683f9be3cf585e97e4d46fa0e3224d24a4e2b42cbbb,f83baf5732ffbf88b9a448a3d9ab9fa270f7495fe44d1559c1ac49795a30881a,h5_fold1_fully_nested_v1
1,2021-06-20,2021-06-25,component_subtrain,True,,2021-07-26,2021-08-30,2021-10-10,6ed147cd585e5e8083292683f9be3cf585e97e4d46fa0e3224d24a4e2b42cbbb,f83baf5732ffbf88b9a448a3d9ab9fa270f7495fe44d1559c1ac49795a30881a,h5_fold1_fully_nested_v1
1,2021-06-21,2021-06-26,component_subtrain,True,,2021-07-26,2021-08-30,2021-10-10,6ed147cd585e5e8083292683f9be3cf585e97e4d46fa0e3224d24a4e2b42cbbb,f83baf5732ffbf88b9a448a3d9ab9fa270f7495fe44d1559c1ac49795a30881a,h5_fold1_fully_nested_v1
1,2021-06-22,2021-06-27,component_subtrain,True,,2021-07-26,2021-08-30,2021-10-10,6ed147cd585e5e8083292683f9be3cf585e97e4d46fa0e3224d24a4e2b42cbbb,f83baf5732ffbf88b9a448a3d9ab9fa270f7495fe44d1559c1ac49795a30881a,h5_fold1_fully_nested_v1
1,2021-06-23,2021-06-28,component_subtrain,True,,2021-07-26,2021-08-30,2021-10-10,6ed147cd585e5e8083292683f9be3cf585e97e4d46fa0e3224d24a4e2b42cbbb,f83baf5732ffbf88b9a448a3d9ab9fa270f7495fe44d1559c1ac49795a30881a,h5_fold1_fully_nested_v1
1,2021-06-24,2021-06-29,component_subtrain,True,,2021-07-26,2021-08-30,2021-10-10,6ed147cd585e5e8083292683f9be3cf585e97e4d46fa0e3224d24a4e2b42cbbb,f83baf5732ffbf88b9a448a3d9ab9fa270f7495fe44d1559c1ac49795a30881a,h5_fold1_fully_nested_v1
1,2021-06-25,2021-06-30,component_subtrain,True,,2021-07-26,2021-08-30,2021-10-10,6ed147cd585e5e8083292683f9be3cf585e97e4d46fa0e3224d24a4e2b42cbbb,f83baf5732ffbf88b9a448a3d9ab9fa270f7495fe44d1559c1ac49795a30881a,h5_fold1_fully_nested_v1
1,2021-06-26,2021-07-01,component_subtrain,True,,2021-07-26,2021-08-30,2021-10-10,6ed147cd585e5e8083292683f9be3cf585e97e4d46fa0e3224d24a4e2b42cbbb,f83baf5732ffbf88b9a448a3d9ab9fa270f7495fe44d1559c1ac49795a30881a,h5_fold1_fully_nested_v1
1,2021-06-27,2021-07-02,component_subtrain,True,,2021-07-26,2021-08-30,2021-10-10,6ed147cd585e5e8083292683f9be3cf585e97e4d46fa0e3224d24a4e2b42cbbb,f83baf5732ffbf88b9a448a3d9ab9fa270f7495fe44d1559c1ac49795a30881a,h5_fold1_fully_nested_v1
1,2021-06-28,2021-07-03,component_subtrain,True,,2021-07-26,2021-08-30,2021-10-10,6ed147cd585e5e8083292683f9be3cf585e97e4d46fa0e3224d24a4e2b42cbbb,f83baf5732ffbf88b9a448a3d9ab9fa270f7495fe44d1559c1ac49795a30881a,h5_fold1_fully_nested_v1
1,2021-06-29,2021-07-04,component_subtrain,True,,2021-07-26,2021-08-30,2021-10-10,6ed147cd585e5e8083292683f9be3cf585e97e4d46fa0e3224d24a4e2b42cbbb,f83baf5732ffbf88b9a448a3d9ab9fa270f7495fe44d1559c1ac49795a30881a,h5_fold1_fully_nested_v1
1,2021-06-30,2021-07-05,component_subtrain,True,,2021-07-26,2021-08-30,2021-10-10,6ed147cd585e5e8083292683f9be3cf585e97e4d46fa0e3224d24a4e2b42cbbb,f83baf5732ffbf88b9a448a3d9ab9fa270f7495fe44d1559c1ac49795a30881a,h5_fold1_fully_nested_v1
1,2021-07-01,2021-07-06,component_subtrain,True,,2021-07-26,2021-08-30,2021-10-10,6ed147cd585e5e8083292683f9be3cf585e97e4d46fa0e3224d24a4e2b42cbbb,f83baf5732ffbf88b9a448a3d9ab9fa270f7495fe44d1559c1ac49795a30881a,h5_fold1_fully_nested_v1
1,2021-07-02,2021-07-07,component_subtrain,True,,2021-07-26,2021-08-30,2021-10-10,6ed147cd585e5e8083292683f9be3cf585e97e4d46fa0e3224d24a4e2b42cbbb,f83baf5732ffbf88b9a448a3d9ab9fa270f7495fe44d1559c1ac49795a30881a,h5_fold1_fully_nested_v1
1,2021-07-03,2021-07-08,component_subtrain,True,,2021-07-26,2021-08-30,2021-10-10,6ed147cd585e5e8083292683f9be3cf585e97e4d46fa0e3224d24a4e2b42cbbb,f83baf5732ffbf88b9a448a3d9ab9fa270f7495fe44d1559c1ac49795a30881a,h5_fold1_fully_nested_v1
1,2021-07-04,2021-07-09,component_subtrain,True,,2021-07-26,2021-08-30,2021-10-10,6ed147cd585e5e8083292683f9be3cf585e97e4d46fa0e3224d24a4e2b42cbbb,f83baf5732ffbf88b9a448a3d9ab9fa270f7495fe44d1559c1ac49795a30881a,h5_fold1_fully_nested_v1
1,2021-07-05,2021-07-10,component_subtrain,True,,2021-07-26,2021-08-30,2021-10-10,6ed147cd585e5e8083292683f9be3cf585e97e4d46fa0e3224d24a4e2b42cbbb,f83baf5732ffbf88b9a448a3d9ab9fa270f7495fe44d1559c1ac49795a30881a,h5_fold1_fully_nested_v1
1,2021-07-06,2021-07-11,component_subtrain,True,,2021-07-26,2021-08-30,2021-10-10,6ed147cd585e5e8083292683f9be3cf585e97e4d46fa0e3224d24a4e2b42cbbb,f83baf5732ffbf88b9a448a3d9ab9fa270f7495fe44d1559c1ac49795a30881a,h5_fold1_fully_nested_v1
1,2021-07-07,2021-07-12,component_subtrain,True,,2021-07-26,2021-08-30,2021-10-10,6ed147cd585e5e8083292683f9be3cf585e97e4d46fa0e3224d24a4e2b42cbbb,f83baf5732ffbf88b9a448a3d9ab9fa270f7495fe44d1559c1ac49795a30881a,h5_fold1_fully_nested_v1
1,2021-07-08,2021-07-13,component_subtrain,True,,2021-07-26,2021-08-30,2021-10-10,6ed147cd585e5e8083292683f9be3cf585e97e4d46fa0e3224d24a4e2b42cbbb,f83baf5732ffbf88b9a448a3d9ab9fa270f7495fe44d1559c1ac49795a30881a,h5_fold1_fully_nested_v1
1,2021-07-09,2021-07-14,component_subtrain,True,,2021-07-26,2021-08-30,2021-10-10,6ed147cd585e5e8083292683f9be3cf585e97e4d46fa0e3224d24a4e2b42cbbb,f83baf5732ffbf88b9a448a3d9ab9fa270f7495fe44d1559c1ac49795a30881a,h5_fold1_fully_nested_v1
1,2021-07-10,2021-07-15,component_subtrain,True,,2021-07-26,2021-08-30,2021-10-10,6ed147cd585e5e8083292683f9be3cf585e97e4d46fa0e3224d24a4e2b42cbbb,f83baf5732ffbf88b9a448a3d9ab9fa270f7495fe44d1559c1ac49795a30881a,h5_fold1_fully_nested_v1
1,2021-07-11,2021-07-16,component_subtrain,True,,2021-07-26,2021-08-30,2021-10-10,6ed147cd585e5e8083292683f9be3cf585e97e4d46fa0e3224d24a4e2b42cbbb,f83baf5732ffbf88b9a448a3d9ab9fa270f7495fe44d1559c1ac49795a30881a,h5_fold1_fully_nested_v1
1,2021-07-12,2021-07-17,component_subtrain,True,,2021-07-26,2021-08-30,2021-10-10,6ed147cd585e5e8083292683f9be3cf585e97e4d46fa0e3224d24a4e2b42cbbb,f83baf5732ffbf88b9a448a3d9ab9fa270f7495fe44d1559c1ac49795a30881a,h5_fold1_fully_nested_v1
1,2021-07-13,2021-07-18,component_subtrain,True,,2021-07-26,2021-08-30,2021-10-10,6ed147cd585e5e8083292683f9be3cf585e97e4d46fa0e3224d24a4e2b42cbbb,f83baf5732ffbf88b9a448a3d9ab9fa270f7495fe44d1559c1ac49795a30881a,h5_fold1_fully_nested_v1
1,2021-07-14,2021-07-19,component_subtrain,True,,2021-07-26,2021-08-30,2021-10-10,6ed147cd585e5e8083292683f9be3cf585e97e4d46fa0e3224d24a4e2b42cbbb,f83baf5732ffbf88b9a448a3d9ab9fa270f7495fe44d1559c1ac49795a30881a,h5_fold1_fully_nested_v1
1,2021-07-15,2021-07-20,component_subtrain,True,,2021-07-26,2021-08-30,2021-10-10,6ed147cd585e5e8083292683f9be3cf585e97e4d46fa0e3224d24a4e2b42cbbb,f83baf5732ffbf88b9a448a3d9ab9fa270f7495fe44d1559c1ac49795a30881a,h5_fold1_fully_nested_v1
1,2021-07-16,2021-07-21,component_subtrain,True,,2021-07-26,2021-08-30,2021-10-10,6ed147cd585e5e8083292683f9be3cf585e97e4d46fa0e3224d24a4e2b42cbbb,f83baf5732ffbf88b9a448a3d9ab9fa270f7495fe44d1559c1ac49795a30881a,h5_fold1_fully_nested_v1
1,2021-07-17,2021-07-22,component_subtrain,True,,2021-07-26,2021-08-30,2021-10-10,6ed147cd585e5e8083292683f9be3cf585e97e4d46fa0e3224d24a4e2b42cbbb,f83baf5732ffbf88b9a448a3d9ab9fa270f7495fe44d1559c1ac49795a30881a,h5_fold1_fully_nested_v1
1,2021-07-18,2021-07-23,component_subtrain,True,,2021-07-26,2021-08-30,2021-10-10,6ed147cd585e5e8083292683f9be3cf585e97e4d46fa0e3224d24a4e2b42cbbb,f83baf5732ffbf88b9a448a3d9ab9fa270f7495fe44d1559c1ac49795a30881a,h5_fold1_fully_nested_v1
1,2021-07-19,2021-07-24,component_subtrain,True,,2021-07-26,2021-08-30,2021-10-10,6ed147cd585e5e8083292683f9be3cf585e97e4d46fa0e3224d24a4e2b42cbbb,f83baf5732ffbf88b9a448a3d9ab9fa270f7495fe44d1559c1ac49795a30881a,h5_fold1_fully_nested_v1
1,2021-07-20,2021-07-25,component_subtrain,True,,2021-07-26,2021-08-30,2021-10-10,6ed147cd585e5e8083292683f9be3cf585e97e4d46fa0e3224d24a4e2b42cbbb,f83baf5732ffbf88b9a448a3d9ab9fa270f7495fe44d1559c1ac49795a30881a,h5_fold1_fully_nested_v1
1,2021-07-21,2021-07-26,inner_embargo_excluded,False,target_date_not_before_component_validation_start,2021-07-26,2021-08-30,2021-10-10,6ed147cd585e5e8083292683f9be3cf585e97e4d46fa0e3224d24a4e2b42cbbb,f83baf5732ffbf88b9a448a3d9ab9fa270f7495fe44d1559c1ac49795a30881a,h5_fold1_fully_nested_v1
1,2021-07-22,2021-07-27,inner_embargo_excluded,False,target_date_not_before_component_validation_start,2021-07-26,2021-08-30,2021-10-10,6ed147cd585e5e8083292683f9be3cf585e97e4d46fa0e3224d24a4e2b42cbbb,f83baf5732ffbf88b9a448a3d9ab9fa270f7495fe44d1559c1ac49795a30881a,h5_fold1_fully_nested_v1
1,2021-07-23,2021-07-28,inner_embargo_excluded,False,target_date_not_before_component_validation_start,2021-07-26,2021-08-30,2021-10-10,6ed147cd585e5e8083292683f9be3cf585e97e4d46fa0e3224d24a4e2b42cbbb,f83baf5732ffbf88b9a448a3d9ab9fa270f7495fe44d1559c1ac49795a30881a,h5_fold1_fully_nested_v1
1,2021-07-24,2021-07-29,inner_embargo_excluded,False,target_date_not_before_component_validation_start,2021-07-26,2021-08-30,2021-10-10,6ed147cd585e5e8083292683f9be3cf585e97e4d46fa0e3224d24a4e2b42cbbb,f83baf5732ffbf88b9a448a3d9ab9fa270f7495fe44d1559c1ac49795a30881a,h5_fold1_fully_nested_v1
1,2021-07-25,2021-07-30,inner_embargo_excluded,False,target_date_not_before_component_validation_start,2021-07-26,2021-08-30,2021-10-10,6ed147cd585e5e8083292683f9be3cf585e97e4d46fa0e3224d24a4e2b42cbbb,f83baf5732ffbf88b9a448a3d9ab9fa270f7495fe44d1559c1ac49795a30881a,h5_fold1_fully_nested_v1
1,2021-07-26,2021-07-31,component_validation,True,,2021-07-26,2021-08-30,2021-10-10,6ed147cd585e5e8083292683f9be3cf585e97e4d46fa0e3224d24a4e2b42cbbb,f83baf5732ffbf88b9a448a3d9ab9fa270f7495fe44d1559c1ac49795a30881a,h5_fold1_fully_nested_v1
1,2021-07-27,2021-08-01,component_validation,True,,2021-07-26,2021-08-30,2021-10-10,6ed147cd585e5e8083292683f9be3cf585e97e4d46fa0e3224d24a4e2b42cbbb,f83baf5732ffbf88b9a448a3d9ab9fa270f7495fe44d1559c1ac49795a30881a,h5_fold1_fully_nested_v1
1,2021-07-28,2021-08-02,component_validation,True,,2021-07-26,2021-08-30,2021-10-10,6ed147cd585e5e8083292683f9be3cf585e97e4d46fa0e3224d24a4e2b42cbbb,f83baf5732ffbf88b9a448a3d9ab9fa270f7495fe44d1559c1ac49795a30881a,h5_fold1_fully_nested_v1
1,2021-07-29,2021-08-03,component_validation,True,,2021-07-26,2021-08-30,2021-10-10,6ed147cd585e5e8083292683f9be3cf585e97e4d46fa0e3224d24a4e2b42cbbb,f83baf5732ffbf88b9a448a3d9ab9fa270f7495fe44d1559c1ac49795a30881a,h5_fold1_fully_nested_v1
1,2021-07-30,2021-08-04,component_validation,True,,2021-07-26,2021-08-30,2021-10-10,6ed147cd585e5e8083292683f9be3cf585e97e4d46fa0e3224d24a4e2b42cbbb,f83baf5732ffbf88b9a448a3d9ab9fa270f7495fe44d1559c1ac49795a30881a,h5_fold1_fully_nested_v1
1,2021-07-31,2021-08-05,component_validation,True,,2021-07-26,2021-08-30,2021-10-10,6ed147cd585e5e8083292683f9be3cf585e97e4d46fa0e3224d24a4e2b42cbbb,f83baf5732ffbf88b9a448a3d9ab9fa270f7495fe44d1559c1ac49795a30881a,h5_fold1_fully_nested_v1
1,2021-08-01,2021-08-06,component_validation,True,,2021-07-26,2021-08-30,2021-10-10,6ed147cd585e5e8083292683f9be3cf585e97e4d46fa0e3224d24a4e2b42cbbb,f83baf5732ffbf88b9a448a3d9ab9fa270f7495fe44d1559c1ac49795a30881a,h5_fold1_fully_nested_v1
1,2021-08-02,2021-08-07,component_validation,True,,2021-07-26,2021-08-30,2021-10-10,6ed147cd585e5e8083292683f9be3cf585e97e4d46fa0e3224d24a4e2b42cbbb,f83baf5732ffbf88b9a448a3d9ab9fa270f7495fe44d1559c1ac49795a30881a,h5_fold1_fully_nested_v1
1,2021-08-03,2021-08-08,component_validation,True,,2021-07-26,2021-08-30,2021-10-10,6ed147cd585e5e8083292683f9be3cf585e97e4d46fa0e3224d24a4e2b42cbbb,f83baf5732ffbf88b9a448a3d9ab9fa270f7495fe44d1559c1ac49795a30881a,h5_fold1_fully_nested_v1
1,2021-08-04,2021-08-09,component_validation,True,,2021-07-26,2021-08-30,2021-10-10,6ed147cd585e5e8083292683f9be3cf585e97e4d46fa0e3224d24a4e2b42cbbb,f83baf5732ffbf88b9a448a3d9ab9fa270f7495fe44d1559c1ac49795a30881a,h5_fold1_fully_nested_v1
1,2021-08-05,2021-08-10,component_validation,True,,2021-07-26,2021-08-30,2021-10-10,6ed147cd585e5e8083292683f9be3cf585e97e4d46fa0e3224d24a4e2b42cbbb,f83baf5732ffbf88b9a448a3d9ab9fa270f7495fe44d1559c1ac49795a30881a,h5_fold1_fully_nested_v1
1,2021-08-06,2021-08-11,component_validation,True,,2021-07-26,2021-08-30,2021-10-10,6ed147cd585e5e8083292683f9be3cf585e97e4d46fa0e3224d24a4e2b42cbbb,f83baf5732ffbf88b9a448a3d9ab9fa270f7495fe44d1559c1ac49795a30881a,h5_fold1_fully_nested_v1
1,2021-08-07,2021-08-12,component_validation,True,,2021-07-26,2021-08-30,2021-10-10,6ed147cd585e5e8083292683f9be3cf585e97e4d46fa0e3224d24a4e2b42cbbb,f83baf5732ffbf88b9a448a3d9ab9fa270f7495fe44d1559c1ac49795a30881a,h5_fold1_fully_nested_v1
1,2021-08-08,2021-08-13,component_validation,True,,2021-07-26,2021-08-30,2021-10-10,6ed147cd585e5e8083292683f9be3cf585e97e4d46fa0e3224d24a4e2b42cbbb,f83baf5732ffbf88b9a448a3d9ab9fa270f7495fe44d1559c1ac49795a30881a,h5_fold1_fully_nested_v1
1,2021-08-09,2021-08-14,component_validation,True,,2021-07-26,2021-08-30,2021-10-10,6ed147cd585e5e8083292683f9be3cf585e97e4d46fa0e3224d24a4e2b42cbbb,f83baf5732ffbf88b9a448a3d9ab9fa270f7495fe44d1559c1ac49795a30881a,h5_fold1_fully_nested_v1
1,2021-08-10,2021-08-15,component_validation,True,,2021-07-26,2021-08-30,2021-10-10,6ed147cd585e5e8083292683f9be3cf585e97e4d46fa0e3224d24a4e2b42cbbb,f83baf5732ffbf88b9a448a3d9ab9fa270f7495fe44d1559c1ac49795a30881a,h5_fold1_fully_nested_v1
1,2021-08-11,2021-08-16,component_validation,True,,2021-07-26,2021-08-30,2021-10-10,6ed147cd585e5e8083292683f9be3cf585e97e4d46fa0e3224d24a4e2b42cbbb,f83baf5732ffbf88b9a448a3d9ab9fa270f7495fe44d1559c1ac49795a30881a,h5_fold1_fully_nested_v1
1,2021-08-12,2021-08-17,component_validation,True,,2021-07-26,2021-08-30,2021-10-10,6ed147cd585e5e8083292683f9be3cf585e97e4d46fa0e3224d24a4e2b42cbbb,f83baf5732ffbf88b9a448a3d9ab9fa270f7495fe44d1559c1ac49795a30881a,h5_fold1_fully_nested_v1
1,2021-08-13,2021-08-18,component_validation,True,,2021-07-26,2021-08-30,2021-10-10,6ed147cd585e5e8083292683f9be3cf585e97e4d46fa0e3224d24a4e2b42cbbb,f83baf5732ffbf88b9a448a3d9ab9fa270f7495fe44d1559c1ac49795a30881a,h5_fold1_fully_nested_v1
1,2021-08-14,2021-08-19,component_validation,True,,2021-07-26,2021-08-30,2021-10-10,6ed147cd585e5e8083292683f9be3cf585e97e4d46fa0e3224d24a4e2b42cbbb,f83baf5732ffbf88b9a448a3d9ab9fa270f7495fe44d1559c1ac49795a30881a,h5_fold1_fully_nested_v1
1,2021-08-15,2021-08-20,component_validation,True,,2021-07-26,2021-08-30,2021-10-10,6ed147cd585e5e8083292683f9be3cf585e97e4d46fa0e3224d24a4e2b42cbbb,f83baf5732ffbf88b9a448a3d9ab9fa270f7495fe44d1559c1ac49795a30881a,h5_fold1_fully_nested_v1
1,2021-08-16,2021-08-21,component_validation,True,,2021-07-26,2021-08-30,2021-10-10,6ed147cd585e5e8083292683f9be3cf585e97e4d46fa0e3224d24a4e2b42cbbb,f83baf5732ffbf88b9a448a3d9ab9fa270f7495fe44d1559c1ac49795a30881a,h5_fold1_fully_nested_v1
1,2021-08-17,2021-08-22,component_validation,True,,2021-07-26,2021-08-30,2021-10-10,6ed147cd585e5e8083292683f9be3cf585e97e4d46fa0e3224d24a4e2b42cbbb,f83baf5732ffbf88b9a448a3d9ab9fa270f7495fe44d1559c1ac49795a30881a,h5_fold1_fully_nested_v1
1,2021-08-18,2021-08-23,component_validation,True,,2021-07-26,2021-08-30,2021-10-10,6ed147cd585e5e8083292683f9be3cf585e97e4d46fa0e3224d24a4e2b42cbbb,f83baf5732ffbf88b9a448a3d9ab9fa270f7495fe44d1559c1ac49795a30881a,h5_fold1_fully_nested_v1
1,2021-08-19,2021-08-24,component_validation,True,,2021-07-26,2021-08-30,2021-10-10,6ed147cd585e5e8083292683f9be3cf585e97e4d46fa0e3224d24a4e2b42cbbb,f83baf5732ffbf88b9a448a3d9ab9fa270f7495fe44d1559c1ac49795a30881a,h5_fold1_fully_nested_v1
1,2021-08-20,2021-08-25,component_validation,True,,2021-07-26,2021-08-30,2021-10-10,6ed147cd585e5e8083292683f9be3cf585e97e4d46fa0e3224d24a4e2b42cbbb,f83baf5732ffbf88b9a448a3d9ab9fa270f7495fe44d1559c1ac49795a30881a,h5_fold1_fully_nested_v1
1,2021-08-21,2021-08-26,component_validation,True,,2021-07-26,2021-08-30,2021-10-10,6ed147cd585e5e8083292683f9be3cf585e97e4d46fa0e3224d24a4e2b42cbbb,f83baf5732ffbf88b9a448a3d9ab9fa270f7495fe44d1559c1ac49795a30881a,h5_fold1_fully_nested_v1
1,2021-08-22,2021-08-27,component_validation,True,,2021-07-26,2021-08-30,2021-10-10,6ed147cd585e5e8083292683f9be3cf585e97e4d46fa0e3224d24a4e2b42cbbb,f83baf5732ffbf88b9a448a3d9ab9fa270f7495fe44d1559c1ac49795a30881a,h5_fold1_fully_nested_v1
1,2021-08-23,2021-08-28,component_validation,True,,2021-07-26,2021-08-30,2021-10-10,6ed147cd585e5e8083292683f9be3cf585e97e4d46fa0e3224d24a4e2b42cbbb,f83baf5732ffbf88b9a448a3d9ab9fa270f7495fe44d1559c1ac49795a30881a,h5_fold1_fully_nested_v1
1,2021-08-24,2021-08-29,component_validation,True,,2021-07-26,2021-08-30,2021-10-10,6ed147cd585e5e8083292683f9be3cf585e97e4d46fa0e3224d24a4e2b42cbbb,f83baf5732ffbf88b9a448a3d9ab9fa270f7495fe44d1559c1ac49795a30881a,h5_fold1_fully_nested_v1
1,2021-08-25,2021-08-30,hybrid_embargo_excluded,False,target_date_not_before_hybrid_validation_start,2021-07-26,2021-08-30,2021-10-10,6ed147cd585e5e8083292683f9be3cf585e97e4d46fa0e3224d24a4e2b42cbbb,f83baf5732ffbf88b9a448a3d9ab9fa270f7495fe44d1559c1ac49795a30881a,h5_fold1_fully_nested_v1
1,2021-08-26,2021-08-31,hybrid_embargo_excluded,False,target_date_not_before_hybrid_validation_start,2021-07-26,2021-08-30,2021-10-10,6ed147cd585e5e8083292683f9be3cf585e97e4d46fa0e3224d24a4e2b42cbbb,f83baf5732ffbf88b9a448a3d9ab9fa270f7495fe44d1559c1ac49795a30881a,h5_fold1_fully_nested_v1
1,2021-08-27,2021-09-01,hybrid_embargo_excluded,False,target_date_not_before_hybrid_validation_start,2021-07-26,2021-08-30,2021-10-10,6ed147cd585e5e8083292683f9be3cf585e97e4d46fa0e3224d24a4e2b42cbbb,f83baf5732ffbf88b9a448a3d9ab9fa270f7495fe44d1559c1ac49795a30881a,h5_fold1_fully_nested_v1
1,2021-08-28,2021-09-02,hybrid_embargo_excluded,False,target_date_not_before_hybrid_validation_start,2021-07-26,2021-08-30,2021-10-10,6ed147cd585e5e8083292683f9be3cf585e97e4d46fa0e3224d24a4e2b42cbbb,f83baf5732ffbf88b9a448a3d9ab9fa270f7495fe44d1559c1ac49795a30881a,h5_fold1_fully_nested_v1
1,2021-08-29,2021-09-03,hybrid_embargo_excluded,False,target_date_not_before_hybrid_validation_start,2021-07-26,2021-08-30,2021-10-10,6ed147cd585e5e8083292683f9be3cf585e97e4d46fa0e3224d24a4e2b42cbbb,f83baf5732ffbf88b9a448a3d9ab9fa270f7495fe44d1559c1ac49795a30881a,h5_fold1_fully_nested_v1
1,2021-08-30,2021-09-04,hybrid_validation,True,,2021-07-26,2021-08-30,2021-10-10,6ed147cd585e5e8083292683f9be3cf585e97e4d46fa0e3224d24a4e2b42cbbb,f83baf5732ffbf88b9a448a3d9ab9fa270f7495fe44d1559c1ac49795a30881a,h5_fold1_fully_nested_v1
1,2021-08-31,2021-09-05,hybrid_validation,True,,2021-07-26,2021-08-30,2021-10-10,6ed147cd585e5e8083292683f9be3cf585e97e4d46fa0e3224d24a4e2b42cbbb,f83baf5732ffbf88b9a448a3d9ab9fa270f7495fe44d1559c1ac49795a30881a,h5_fold1_fully_nested_v1
1,2021-09-01,2021-09-06,hybrid_validation,True,,2021-07-26,2021-08-30,2021-10-10,6ed147cd585e5e8083292683f9be3cf585e97e4d46fa0e3224d24a4e2b42cbbb,f83baf5732ffbf88b9a448a3d9ab9fa270f7495fe44d1559c1ac49795a30881a,h5_fold1_fully_nested_v1
1,2021-09-02,2021-09-07,hybrid_validation,True,,2021-07-26,2021-08-30,2021-10-10,6ed147cd585e5e8083292683f9be3cf585e97e4d46fa0e3224d24a4e2b42cbbb,f83baf5732ffbf88b9a448a3d9ab9fa270f7495fe44d1559c1ac49795a30881a,h5_fold1_fully_nested_v1
1,2021-09-03,2021-09-08,hybrid_validation,True,,2021-07-26,2021-08-30,2021-10-10,6ed147cd585e5e8083292683f9be3cf585e97e4d46fa0e3224d24a4e2b42cbbb,f83baf5732ffbf88b9a448a3d9ab9fa270f7495fe44d1559c1ac49795a30881a,h5_fold1_fully_nested_v1
1,2021-09-04,2021-09-09,hybrid_validation,True,,2021-07-26,2021-08-30,2021-10-10,6ed147cd585e5e8083292683f9be3cf585e97e4d46fa0e3224d24a4e2b42cbbb,f83baf5732ffbf88b9a448a3d9ab9fa270f7495fe44d1559c1ac49795a30881a,h5_fold1_fully_nested_v1
1,2021-09-05,2021-09-10,hybrid_validation,True,,2021-07-26,2021-08-30,2021-10-10,6ed147cd585e5e8083292683f9be3cf585e97e4d46fa0e3224d24a4e2b42cbbb,f83baf5732ffbf88b9a448a3d9ab9fa270f7495fe44d1559c1ac49795a30881a,h5_fold1_fully_nested_v1
1,2021-09-06,2021-09-11,hybrid_validation,True,,2021-07-26,2021-08-30,2021-10-10,6ed147cd585e5e8083292683f9be3cf585e97e4d46fa0e3224d24a4e2b42cbbb,f83baf5732ffbf88b9a448a3d9ab9fa270f7495fe44d1559c1ac49795a30881a,h5_fold1_fully_nested_v1
1,2021-09-07,2021-09-12,hybrid_validation,True,,2021-07-26,2021-08-30,2021-10-10,6ed147cd585e5e8083292683f9be3cf585e97e4d46fa0e3224d24a4e2b42cbbb,f83baf5732ffbf88b9a448a3d9ab9fa270f7495fe44d1559c1ac49795a30881a,h5_fold1_fully_nested_v1
1,2021-09-08,2021-09-13,hybrid_validation,True,,2021-07-26,2021-08-30,2021-10-10,6ed147cd585e5e8083292683f9be3cf585e97e4d46fa0e3224d24a4e2b42cbbb,f83baf5732ffbf88b9a448a3d9ab9fa270f7495fe44d1559c1ac49795a30881a,h5_fold1_fully_nested_v1
1,2021-09-09,2021-09-14,hybrid_validation,True,,2021-07-26,2021-08-30,2021-10-10,6ed147cd585e5e8083292683f9be3cf585e97e4d46fa0e3224d24a4e2b42cbbb,f83baf5732ffbf88b9a448a3d9ab9fa270f7495fe44d1559c1ac49795a30881a,h5_fold1_fully_nested_v1
1,2021-09-10,2021-09-15,hybrid_validation,True,,2021-07-26,2021-08-30,2021-10-10,6ed147cd585e5e8083292683f9be3cf585e97e4d46fa0e3224d24a4e2b42cbbb,f83baf5732ffbf88b9a448a3d9ab9fa270f7495fe44d1559c1ac49795a30881a,h5_fold1_fully_nested_v1
1,2021-09-11,2021-09-16,hybrid_validation,True,,2021-07-26,2021-08-30,2021-10-10,6ed147cd585e5e8083292683f9be3cf585e97e4d46fa0e3224d24a4e2b42cbbb,f83baf5732ffbf88b9a448a3d9ab9fa270f7495fe44d1559c1ac49795a30881a,h5_fold1_fully_nested_v1
1,2021-09-12,2021-09-17,hybrid_validation,True,,2021-07-26,2021-08-30,2021-10-10,6ed147cd585e5e8083292683f9be3cf585e97e4d46fa0e3224d24a4e2b42cbbb,f83baf5732ffbf88b9a448a3d9ab9fa270f7495fe44d1559c1ac49795a30881a,h5_fold1_fully_nested_v1
1,2021-09-13,2021-09-18,hybrid_validation,True,,2021-07-26,2021-08-30,2021-10-10,6ed147cd585e5e8083292683f9be3cf585e97e4d46fa0e3224d24a4e2b42cbbb,f83baf5732ffbf88b9a448a3d9ab9fa270f7495fe44d1559c1ac49795a30881a,h5_fold1_fully_nested_v1
1,2021-09-14,2021-09-19,hybrid_validation,True,,2021-07-26,2021-08-30,2021-10-10,6ed147cd585e5e8083292683f9be3cf585e97e4d46fa0e3224d24a4e2b42cbbb,f83baf5732ffbf88b9a448a3d9ab9fa270f7495fe44d1559c1ac49795a30881a,h5_fold1_fully_nested_v1
1,2021-09-15,2021-09-20,hybrid_validation,True,,2021-07-26,2021-08-30,2021-10-10,6ed147cd585e5e8083292683f9be3cf585e97e4d46fa0e3224d24a4e2b42cbbb,f83baf5732ffbf88b9a448a3d9ab9fa270f7495fe44d1559c1ac49795a30881a,h5_fold1_fully_nested_v1
1,2021-09-16,2021-09-21,hybrid_validation,True,,2021-07-26,2021-08-30,2021-10-10,6ed147cd585e5e8083292683f9be3cf585e97e4d46fa0e3224d24a4e2b42cbbb,f83baf5732ffbf88b9a448a3d9ab9fa270f7495fe44d1559c1ac49795a30881a,h5_fold1_fully_nested_v1
1,2021-09-17,2021-09-22,hybrid_validation,True,,2021-07-26,2021-08-30,2021-10-10,6ed147cd585e5e8083292683f9be3cf585e97e4d46fa0e3224d24a4e2b42cbbb,f83baf5732ffbf88b9a448a3d9ab9fa270f7495fe44d1559c1ac49795a30881a,h5_fold1_fully_nested_v1
1,2021-09-18,2021-09-23,hybrid_validation,True,,2021-07-26,2021-08-30,2021-10-10,6ed147cd585e5e8083292683f9be3cf585e97e4d46fa0e3224d24a4e2b42cbbb,f83baf5732ffbf88b9a448a3d9ab9fa270f7495fe44d1559c1ac49795a30881a,h5_fold1_fully_nested_v1
1,2021-09-19,2021-09-24,hybrid_validation,True,,2021-07-26,2021-08-30,2021-10-10,6ed147cd585e5e8083292683f9be3cf585e97e4d46fa0e3224d24a4e2b42cbbb,f83baf5732ffbf88b9a448a3d9ab9fa270f7495fe44d1559c1ac49795a30881a,h5_fold1_fully_nested_v1
1,2021-09-20,2021-09-25,hybrid_validation,True,,2021-07-26,2021-08-30,2021-10-10,6ed147cd585e5e8083292683f9be3cf585e97e4d46fa0e3224d24a4e2b42cbbb,f83baf5732ffbf88b9a448a3d9ab9fa270f7495fe44d1559c1ac49795a30881a,h5_fold1_fully_nested_v1
1,2021-09-21,2021-09-26,hybrid_validation,True,,2021-07-26,2021-08-30,2021-10-10,6ed147cd585e5e8083292683f9be3cf585e97e4d46fa0e3224d24a4e2b42cbbb,f83baf5732ffbf88b9a448a3d9ab9fa270f7495fe44d1559c1ac49795a30881a,h5_fold1_fully_nested_v1
1,2021-09-22,2021-09-27,hybrid_validation,True,,2021-07-26,2021-08-30,2021-10-10,6ed147cd585e5e8083292683f9be3cf585e97e4d46fa0e3224d24a4e2b42cbbb,f83baf5732ffbf88b9a448a3d9ab9fa270f7495fe44d1559c1ac49795a30881a,h5_fold1_fully_nested_v1
1,2021-09-23,2021-09-28,hybrid_validation,True,,2021-07-26,2021-08-30,2021-10-10,6ed147cd585e5e8083292683f9be3cf585e97e4d46fa0e3224d24a4e2b42cbbb,f83baf5732ffbf88b9a448a3d9ab9fa270f7495fe44d1559c1ac49795a30881a,h5_fold1_fully_nested_v1
1,2021-09-24,2021-09-29,hybrid_validation,True,,2021-07-26,2021-08-30,2021-10-10,6ed147cd585e5e8083292683f9be3cf585e97e4d46fa0e3224d24a4e2b42cbbb,f83baf5732ffbf88b9a448a3d9ab9fa270f7495fe44d1559c1ac49795a30881a,h5_fold1_fully_nested_v1
1,2021-09-25,2021-09-30,hybrid_validation,True,,2021-07-26,2021-08-30,2021-10-10,6ed147cd585e5e8083292683f9be3cf585e97e4d46fa0e3224d24a4e2b42cbbb,f83baf5732ffbf88b9a448a3d9ab9fa270f7495fe44d1559c1ac49795a30881a,h5_fold1_fully_nested_v1
1,2021-09-26,2021-10-01,hybrid_validation,True,,2021-07-26,2021-08-30,2021-10-10,6ed147cd585e5e8083292683f9be3cf585e97e4d46fa0e3224d24a4e2b42cbbb,f83baf5732ffbf88b9a448a3d9ab9fa270f7495fe44d1559c1ac49795a30881a,h5_fold1_fully_nested_v1
1,2021-09-27,2021-10-02,hybrid_validation,True,,2021-07-26,2021-08-30,2021-10-10,6ed147cd585e5e8083292683f9be3cf585e97e4d46fa0e3224d24a4e2b42cbbb,f83baf5732ffbf88b9a448a3d9ab9fa270f7495fe44d1559c1ac49795a30881a,h5_fold1_fully_nested_v1
1,2021-09-28,2021-10-03,hybrid_validation,True,,2021-07-26,2021-08-30,2021-10-10,6ed147cd585e5e8083292683f9be3cf585e97e4d46fa0e3224d24a4e2b42cbbb,f83baf5732ffbf88b9a448a3d9ab9fa270f7495fe44d1559c1ac49795a30881a,h5_fold1_fully_nested_v1
1,2021-09-29,2021-10-04,hybrid_validation,True,,2021-07-26,2021-08-30,2021-10-10,6ed147cd585e5e8083292683f9be3cf585e97e4d46fa0e3224d24a4e2b42cbbb,f83baf5732ffbf88b9a448a3d9ab9fa270f7495fe44d1559c1ac49795a30881a,h5_fold1_fully_nested_v1
1,2021-09-30,2021-10-05,hybrid_validation,True,,2021-07-26,2021-08-30,2021-10-10,6ed147cd585e5e8083292683f9be3cf585e97e4d46fa0e3224d24a4e2b42cbbb,f83baf5732ffbf88b9a448a3d9ab9fa270f7495fe44d1559c1ac49795a30881a,h5_fold1_fully_nested_v1
1,2021-10-01,2021-10-06,hybrid_validation,True,,2021-07-26,2021-08-30,2021-10-10,6ed147cd585e5e8083292683f9be3cf585e97e4d46fa0e3224d24a4e2b42cbbb,f83baf5732ffbf88b9a448a3d9ab9fa270f7495fe44d1559c1ac49795a30881a,h5_fold1_fully_nested_v1
1,2021-10-02,2021-10-07,hybrid_validation,True,,2021-07-26,2021-08-30,2021-10-10,6ed147cd585e5e8083292683f9be3cf585e97e4d46fa0e3224d24a4e2b42cbbb,f83baf5732ffbf88b9a448a3d9ab9fa270f7495fe44d1559c1ac49795a30881a,h5_fold1_fully_nested_v1
1,2021-10-03,2021-10-08,hybrid_validation,True,,2021-07-26,2021-08-30,2021-10-10,6ed147cd585e5e8083292683f9be3cf585e97e4d46fa0e3224d24a4e2b42cbbb,f83baf5732ffbf88b9a448a3d9ab9fa270f7495fe44d1559c1ac49795a30881a,h5_fold1_fully_nested_v1
1,2021-10-04,2021-10-09,hybrid_validation,True,,2021-07-26,2021-08-30,2021-10-10,6ed147cd585e5e8083292683f9be3cf585e97e4d46fa0e3224d24a4e2b42cbbb,f83baf5732ffbf88b9a448a3d9ab9fa270f7495fe44d1559c1ac49795a30881a,h5_fold1_fully_nested_v1
1,2021-10-05,2021-10-10,outer_embargo_excluded,False,outer_target_date_not_before_outer_test_start,2021-07-26,2021-08-30,2021-10-10,6ed147cd585e5e8083292683f9be3cf585e97e4d46fa0e3224d24a4e2b42cbbb,f83baf5732ffbf88b9a448a3d9ab9fa270f7495fe44d1559c1ac49795a30881a,h5_fold1_fully_nested_v1
1,2021-10-06,2021-10-11,outer_embargo_excluded,False,outer_target_date_not_before_outer_test_start,2021-07-26,2021-08-30,2021-10-10,6ed147cd585e5e8083292683f9be3cf585e97e4d46fa0e3224d24a4e2b42cbbb,f83baf5732ffbf88b9a448a3d9ab9fa270f7495fe44d1559c1ac49795a30881a,h5_fold1_fully_nested_v1
1,2021-10-07,2021-10-12,outer_embargo_excluded,False,outer_target_date_not_before_outer_test_start,2021-07-26,2021-08-30,2021-10-10,6ed147cd585e5e8083292683f9be3cf585e97e4d46fa0e3224d24a4e2b42cbbb,f83baf5732ffbf88b9a448a3d9ab9fa270f7495fe44d1559c1ac49795a30881a,h5_fold1_fully_nested_v1
1,2021-10-08,2021-10-13,outer_embargo_excluded,False,outer_target_date_not_before_outer_test_start,2021-07-26,2021-08-30,2021-10-10,6ed147cd585e5e8083292683f9be3cf585e97e4d46fa0e3224d24a4e2b42cbbb,f83baf5732ffbf88b9a448a3d9ab9fa270f7495fe44d1559c1ac49795a30881a,h5_fold1_fully_nested_v1
1,2021-10-09,2021-10-14,outer_embargo_excluded,False,outer_target_date_not_before_outer_test_start,2021-07-26,2021-08-30,2021-10-10,6ed147cd585e5e8083292683f9be3cf585e97e4d46fa0e3224d24a4e2b42cbbb,f83baf5732ffbf88b9a448a3d9ab9fa270f7495fe44d1559c1ac49795a30881a,h5_fold1_fully_nested_v1
1,2021-10-10,2021-10-15,outer_test,True,,2021-07-26,2021-08-30,2021-10-10,6ed147cd585e5e8083292683f9be3cf585e97e4d46fa0e3224d24a4e2b42cbbb,f83baf5732ffbf88b9a448a3d9ab9fa270f7495fe44d1559c1ac49795a30881a,h5_fold1_fully_nested_v1
1,2021-10-11,2021-10-16,outer_test,True,,2021-07-26,2021-08-30,2021-10-10,6ed147cd585e5e8083292683f9be3cf585e97e4d46fa0e3224d24a4e2b42cbbb,f83baf5732ffbf88b9a448a3d9ab9fa270f7495fe44d1559c1ac49795a30881a,h5_fold1_fully_nested_v1
1,2021-10-12,2021-10-17,outer_test,True,,2021-07-26,2021-08-30,2021-10-10,6ed147cd585e5e8083292683f9be3cf585e97e4d46fa0e3224d24a4e2b42cbbb,f83baf5732ffbf88b9a448a3d9ab9fa270f7495fe44d1559c1ac49795a30881a,h5_fold1_fully_nested_v1
1,2021-10-13,2021-10-18,outer_test,True,,2021-07-26,2021-08-30,2021-10-10,6ed147cd585e5e8083292683f9be3cf585e97e4d46fa0e3224d24a4e2b42cbbb,f83baf5732ffbf88b9a448a3d9ab9fa270f7495fe44d1559c1ac49795a30881a,h5_fold1_fully_nested_v1
1,2021-10-14,2021-10-19,outer_test,True,,2021-07-26,2021-08-30,2021-10-10,6ed147cd585e5e8083292683f9be3cf585e97e4d46fa0e3224d24a4e2b42cbbb,f83baf5732ffbf88b9a448a3d9ab9fa270f7495fe44d1559c1ac49795a30881a,h5_fold1_fully_nested_v1
1,2021-10-15,2021-10-20,outer_test,True,,2021-07-26,2021-08-30,2021-10-10,6ed147cd585e5e8083292683f9be3cf585e97e4d46fa0e3224d24a4e2b42cbbb,f83baf5732ffbf88b9a448a3d9ab9fa270f7495fe44d1559c1ac49795a30881a,h5_fold1_fully_nested_v1
1,2021-10-16,2021-10-21,outer_test,True,,2021-07-26,2021-08-30,2021-10-10,6ed147cd585e5e8083292683f9be3cf585e97e4d46fa0e3224d24a4e2b42cbbb,f83baf5732ffbf88b9a448a3d9ab9fa270f7495fe44d1559c1ac49795a30881a,h5_fold1_fully_nested_v1
1,2021-10-17,2021-10-22,outer_test,True,,2021-07-26,2021-08-30,2021-10-10,6ed147cd585e5e8083292683f9be3cf585e97e4d46fa0e3224d24a4e2b42cbbb,f83baf5732ffbf88b9a448a3d9ab9fa270f7495fe44d1559c1ac49795a30881a,h5_fold1_fully_nested_v1
1,2021-10-18,2021-10-23,outer_test,True,,2021-07-26,2021-08-30,2021-10-10,6ed147cd585e5e8083292683f9be3cf585e97e4d46fa0e3224d24a4e2b42cbbb,f83baf5732ffbf88b9a448a3d9ab9fa270f7495fe44d1559c1ac49795a30881a,h5_fold1_fully_nested_v1
1,2021-10-19,2021-10-24,outer_test,True,,2021-07-26,2021-08-30,2021-10-10,6ed147cd585e5e8083292683f9be3cf585e97e4d46fa0e3224d24a4e2b42cbbb,f83baf5732ffbf88b9a448a3d9ab9fa270f7495fe44d1559c1ac49795a30881a,h5_fold1_fully_nested_v1
1,2021-10-20,2021-10-25,outer_test,True,,2021-07-26,2021-08-30,2021-10-10,6ed147cd585e5e8083292683f9be3cf585e97e4d46fa0e3224d24a4e2b42cbbb,f83baf5732ffbf88b9a448a3d9ab9fa270f7495fe44d1559c1ac49795a30881a,h5_fold1_fully_nested_v1
1,2021-10-21,2021-10-26,outer_test,True,,2021-07-26,2021-08-30,2021-10-10,6ed147cd585e5e8083292683f9be3cf585e97e4d46fa0e3224d24a4e2b42cbbb,f83baf5732ffbf88b9a448a3d9ab9fa270f7495fe44d1559c1ac49795a30881a,h5_fold1_fully_nested_v1
1,2021-10-22,2021-10-27,outer_test,True,,2021-07-26,2021-08-30,2021-10-10,6ed147cd585e5e8083292683f9be3cf585e97e4d46fa0e3224d24a4e2b42cbbb,f83baf5732ffbf88b9a448a3d9ab9fa270f7495fe44d1559c1ac49795a30881a,h5_fold1_fully_nested_v1
1,2021-10-23,2021-10-28,outer_test,True,,2021-07-26,2021-08-30,2021-10-10,6ed147cd585e5e8083292683f9be3cf585e97e4d46fa0e3224d24a4e2b42cbbb,f83baf5732ffbf88b9a448a3d9ab9fa270f7495fe44d1559c1ac49795a30881a,h5_fold1_fully_nested_v1
1,2021-10-24,2021-10-29,outer_test,True,,2021-07-26,2021-08-30,2021-10-10,6ed147cd585e5e8083292683f9be3cf585e97e4d46fa0e3224d24a4e2b42cbbb,f83baf5732ffbf88b9a448a3d9ab9fa270f7495fe44d1559c1ac49795a30881a,h5_fold1_fully_nested_v1
1,2021-10-25,2021-10-30,outer_test,True,,2021-07-26,2021-08-30,2021-10-10,6ed147cd585e5e8083292683f9be3cf585e97e4d46fa0e3224d24a4e2b42cbbb,f83baf5732ffbf88b9a448a3d9ab9fa270f7495fe44d1559c1ac49795a30881a,h5_fold1_fully_nested_v1
1,2021-10-26,2021-10-31,outer_test,True,,2021-07-26,2021-08-30,2021-10-10,6ed147cd585e5e8083292683f9be3cf585e97e4d46fa0e3224d24a4e2b42cbbb,f83baf5732ffbf88b9a448a3d9ab9fa270f7495fe44d1559c1ac49795a30881a,h5_fold1_fully_nested_v1
1,2021-10-27,2021-11-01,outer_test,True,,2021-07-26,2021-08-30,2021-10-10,6ed147cd585e5e8083292683f9be3cf585e97e4d46fa0e3224d24a4e2b42cbbb,f83baf5732ffbf88b9a448a3d9ab9fa270f7495fe44d1559c1ac49795a30881a,h5_fold1_fully_nested_v1
1,2021-10-28,2021-11-02,outer_test,True,,2021-07-26,2021-08-30,2021-10-10,6ed147cd585e5e8083292683f9be3cf585e97e4d46fa0e3224d24a4e2b42cbbb,f83baf5732ffbf88b9a448a3d9ab9fa270f7495fe44d1559c1ac49795a30881a,h5_fold1_fully_nested_v1
1,2021-10-29,2021-11-03,outer_test,True,,2021-07-26,2021-08-30,2021-10-10,6ed147cd585e5e8083292683f9be3cf585e97e4d46fa0e3224d24a4e2b42cbbb,f83baf5732ffbf88b9a448a3d9ab9fa270f7495fe44d1559c1ac49795a30881a,h5_fold1_fully_nested_v1
1,2021-10-30,2021-11-04,outer_test,True,,2021-07-26,2021-08-30,2021-10-10,6ed147cd585e5e8083292683f9be3cf585e97e4d46fa0e3224d24a4e2b42cbbb,f83baf5732ffbf88b9a448a3d9ab9fa270f7495fe44d1559c1ac49795a30881a,h5_fold1_fully_nested_v1
1,2021-10-31,2021-11-05,outer_test,True,,2021-07-26,2021-08-30,2021-10-10,6ed147cd585e5e8083292683f9be3cf585e97e4d46fa0e3224d24a4e2b42cbbb,f83baf5732ffbf88b9a448a3d9ab9fa270f7495fe44d1559c1ac49795a30881a,h5_fold1_fully_nested_v1
1,2021-11-01,2021-11-06,outer_test,True,,2021-07-26,2021-08-30,2021-10-10,6ed147cd585e5e8083292683f9be3cf585e97e4d46fa0e3224d24a4e2b42cbbb,f83baf5732ffbf88b9a448a3d9ab9fa270f7495fe44d1559c1ac49795a30881a,h5_fold1_fully_nested_v1
1,2021-11-02,2021-11-07,outer_test,True,,2021-07-26,2021-08-30,2021-10-10,6ed147cd585e5e8083292683f9be3cf585e97e4d46fa0e3224d24a4e2b42cbbb,f83baf5732ffbf88b9a448a3d9ab9fa270f7495fe44d1559c1ac49795a30881a,h5_fold1_fully_nested_v1
1,2021-11-03,2021-11-08,outer_test,True,,2021-07-26,2021-08-30,2021-10-10,6ed147cd585e5e8083292683f9be3cf585e97e4d46fa0e3224d24a4e2b42cbbb,f83baf5732ffbf88b9a448a3d9ab9fa270f7495fe44d1559c1ac49795a30881a,h5_fold1_fully_nested_v1
1,2021-11-04,2021-11-09,outer_test,True,,2021-07-26,2021-08-30,2021-10-10,6ed147cd585e5e8083292683f9be3cf585e97e4d46fa0e3224d24a4e2b42cbbb,f83baf5732ffbf88b9a448a3d9ab9fa270f7495fe44d1559c1ac49795a30881a,h5_fold1_fully_nested_v1
1,2021-11-05,2021-11-10,outer_test,True,,2021-07-26,2021-08-30,2021-10-10,6ed147cd585e5e8083292683f9be3cf585e97e4d46fa0e3224d24a4e2b42cbbb,f83baf5732ffbf88b9a448a3d9ab9fa270f7495fe44d1559c1ac49795a30881a,h5_fold1_fully_nested_v1
1,2021-11-06,2021-11-11,outer_test,True,,2021-07-26,2021-08-30,2021-10-10,6ed147cd585e5e8083292683f9be3cf585e97e4d46fa0e3224d24a4e2b42cbbb,f83baf5732ffbf88b9a448a3d9ab9fa270f7495fe44d1559c1ac49795a30881a,h5_fold1_fully_nested_v1
1,2021-11-07,2021-11-12,outer_test,True,,2021-07-26,2021-08-30,2021-10-10,6ed147cd585e5e8083292683f9be3cf585e97e4d46fa0e3224d24a4e2b42cbbb,f83baf5732ffbf88b9a448a3d9ab9fa270f7495fe44d1559c1ac49795a30881a,h5_fold1_fully_nested_v1
1,2021-11-08,2021-11-13,outer_test,True,,2021-07-26,2021-08-30,2021-10-10,6ed147cd585e5e8083292683f9be3cf585e97e4d46fa0e3224d24a4e2b42cbbb,f83baf5732ffbf88b9a448a3d9ab9fa270f7495fe44d1559c1ac49795a30881a,h5_fold1_fully_nested_v1
1,2021-11-09,2021-11-14,outer_test,True,,2021-07-26,2021-08-30,2021-10-10,6ed147cd585e5e8083292683f9be3cf585e97e4d46fa0e3224d24a4e2b42cbbb,f83baf5732ffbf88b9a448a3d9ab9fa270f7495fe44d1559c1ac49795a30881a,h5_fold1_fully_nested_v1
1,2021-11-10,2021-11-15,outer_test,True,,2021-07-26,2021-08-30,2021-10-10,6ed147cd585e5e8083292683f9be3cf585e97e4d46fa0e3224d24a4e2b42cbbb,f83baf5732ffbf88b9a448a3d9ab9fa270f7495fe44d1559c1ac49795a30881a,h5_fold1_fully_nested_v1
1,2021-11-11,2021-11-16,outer_test,True,,2021-07-26,2021-08-30,2021-10-10,6ed147cd585e5e8083292683f9be3cf585e97e4d46fa0e3224d24a4e2b42cbbb,f83baf5732ffbf88b9a448a3d9ab9fa270f7495fe44d1559c1ac49795a30881a,h5_fold1_fully_nested_v1
1,2021-11-12,2021-11-17,outer_test,True,,2021-07-26,2021-08-30,2021-10-10,6ed147cd585e5e8083292683f9be3cf585e97e4d46fa0e3224d24a4e2b42cbbb,f83baf5732ffbf88b9a448a3d9ab9fa270f7495fe44d1559c1ac49795a30881a,h5_fold1_fully_nested_v1
1,2021-11-13,2021-11-18,outer_test,True,,2021-07-26,2021-08-30,2021-10-10,6ed147cd585e5e8083292683f9be3cf585e97e4d46fa0e3224d24a4e2b42cbbb,f83baf5732ffbf88b9a448a3d9ab9fa270f7495fe44d1559c1ac49795a30881a,h5_fold1_fully_nested_v1
1,2021-11-14,2021-11-19,outer_test,True,,2021-07-26,2021-08-30,2021-10-10,6ed147cd585e5e8083292683f9be3cf585e97e4d46fa0e3224d24a4e2b42cbbb,f83baf5732ffbf88b9a448a3d9ab9fa270f7495fe44d1559c1ac49795a30881a,h5_fold1_fully_nested_v1
1,2021-11-15,2021-11-20,outer_test,True,,2021-07-26,2021-08-30,2021-10-10,6ed147cd585e5e8083292683f9be3cf585e97e4d46fa0e3224d24a4e2b42cbbb,f83baf5732ffbf88b9a448a3d9ab9fa270f7495fe44d1559c1ac49795a30881a,h5_fold1_fully_nested_v1
1,2021-11-16,2021-11-21,outer_test,True,,2021-07-26,2021-08-30,2021-10-10,6ed147cd585e5e8083292683f9be3cf585e97e4d46fa0e3224d24a4e2b42cbbb,f83baf5732ffbf88b9a448a3d9ab9fa270f7495fe44d1559c1ac49795a30881a,h5_fold1_fully_nested_v1
1,2021-11-17,2021-11-22,outer_test,True,,2021-07-26,2021-08-30,2021-10-10,6ed147cd585e5e8083292683f9be3cf585e97e4d46fa0e3224d24a4e2b42cbbb,f83baf5732ffbf88b9a448a3d9ab9fa270f7495fe44d1559c1ac49795a30881a,h5_fold1_fully_nested_v1
1,2021-11-18,2021-11-23,outer_test,True,,2021-07-26,2021-08-30,2021-10-10,6ed147cd585e5e8083292683f9be3cf585e97e4d46fa0e3224d24a4e2b42cbbb,f83baf5732ffbf88b9a448a3d9ab9fa270f7495fe44d1559c1ac49795a30881a,h5_fold1_fully_nested_v1
1,2021-11-19,2021-11-24,outer_test,True,,2021-07-26,2021-08-30,2021-10-10,6ed147cd585e5e8083292683f9be3cf585e97e4d46fa0e3224d24a4e2b42cbbb,f83baf5732ffbf88b9a448a3d9ab9fa270f7495fe44d1559c1ac49795a30881a,h5_fold1_fully_nested_v1
1,2021-11-20,2021-11-25,outer_test,True,,2021-07-26,2021-08-30,2021-10-10,6ed147cd585e5e8083292683f9be3cf585e97e4d46fa0e3224d24a4e2b42cbbb,f83baf5732ffbf88b9a448a3d9ab9fa270f7495fe44d1559c1ac49795a30881a,h5_fold1_fully_nested_v1
1,2021-11-21,2021-11-26,outer_test,True,,2021-07-26,2021-08-30,2021-10-10,6ed147cd585e5e8083292683f9be3cf585e97e4d46fa0e3224d24a4e2b42cbbb,f83baf5732ffbf88b9a448a3d9ab9fa270f7495fe44d1559c1ac49795a30881a,h5_fold1_fully_nested_v1
1,2021-11-22,2021-11-27,outer_test,True,,2021-07-26,2021-08-30,2021-10-10,6ed147cd585e5e8083292683f9be3cf585e97e4d46fa0e3224d24a4e2b42cbbb,f83baf5732ffbf88b9a448a3d9ab9fa270f7495fe44d1559c1ac49795a30881a,h5_fold1_fully_nested_v1
1,2021-11-23,2021-11-28,outer_test,True,,2021-07-26,2021-08-30,2021-10-10,6ed147cd585e5e8083292683f9be3cf585e97e4d46fa0e3224d24a4e2b42cbbb,f83baf5732ffbf88b9a448a3d9ab9fa270f7495fe44d1559c1ac49795a30881a,h5_fold1_fully_nested_v1
1,2021-11-24,2021-11-29,outer_test,True,,2021-07-26,2021-08-30,2021-10-10,6ed147cd585e5e8083292683f9be3cf585e97e4d46fa0e3224d24a4e2b42cbbb,f83baf5732ffbf88b9a448a3d9ab9fa270f7495fe44d1559c1ac49795a30881a,h5_fold1_fully_nested_v1
1,2021-11-25,2021-11-30,outer_test,True,,2021-07-26,2021-08-30,2021-10-10,6ed147cd585e5e8083292683f9be3cf585e97e4d46fa0e3224d24a4e2b42cbbb,f83baf5732ffbf88b9a448a3d9ab9fa270f7495fe44d1559c1ac49795a30881a,h5_fold1_fully_nested_v1
1,2021-11-26,2021-12-01,outer_test,True,,2021-07-26,2021-08-30,2021-10-10,6ed147cd585e5e8083292683f9be3cf585e97e4d46fa0e3224d24a4e2b42cbbb,f83baf5732ffbf88b9a448a3d9ab9fa270f7495fe44d1559c1ac49795a30881a,h5_fold1_fully_nested_v1
1,2021-11-27,2021-12-02,outer_test,True,,2021-07-26,2021-08-30,2021-10-10,6ed147cd585e5e8083292683f9be3cf585e97e4d46fa0e3224d24a4e2b42cbbb,f83baf5732ffbf88b9a448a3d9ab9fa270f7495fe44d1559c1ac49795a30881a,h5_fold1_fully_nested_v1
1,2021-11-28,2021-12-03,outer_test,True,,2021-07-26,2021-08-30,2021-10-10,6ed147cd585e5e8083292683f9be3cf585e97e4d46fa0e3224d24a4e2b42cbbb,f83baf5732ffbf88b9a448a3d9ab9fa270f7495fe44d1559c1ac49795a30881a,h5_fold1_fully_nested_v1
1,2021-11-29,2021-12-04,outer_test,True,,2021-07-26,2021-08-30,2021-10-10,6ed147cd585e5e8083292683f9be3cf585e97e4d46fa0e3224d24a4e2b42cbbb,f83baf5732ffbf88b9a448a3d9ab9fa270f7495fe44d1559c1ac49795a30881a,h5_fold1_fully_nested_v1
1,2021-11-30,2021-12-05,outer_test,True,,2021-07-26,2021-08-30,2021-10-10,6ed147cd585e5e8083292683f9be3cf585e97e4d46fa0e3224d24a4e2b42cbbb,f83baf5732ffbf88b9a448a3d9ab9fa270f7495fe44d1559c1ac49795a30881a,h5_fold1_fully_nested_v1
1,2021-12-01,2021-12-06,outer_test,True,,2021-07-26,2021-08-30,2021-10-10,6ed147cd585e5e8083292683f9be3cf585e97e4d46fa0e3224d24a4e2b42cbbb,f83baf5732ffbf88b9a448a3d9ab9fa270f7495fe44d1559c1ac49795a30881a,h5_fold1_fully_nested_v1
1,2021-12-02,2021-12-07,outer_test,True,,2021-07-26,2021-08-30,2021-10-10,6ed147cd585e5e8083292683f9be3cf585e97e4d46fa0e3224d24a4e2b42cbbb,f83baf5732ffbf88b9a448a3d9ab9fa270f7495fe44d1559c1ac49795a30881a,h5_fold1_fully_nested_v1
1,2021-12-03,2021-12-08,outer_test,True,,2021-07-26,2021-08-30,2021-10-10,6ed147cd585e5e8083292683f9be3cf585e97e4d46fa0e3224d24a4e2b42cbbb,f83baf5732ffbf88b9a448a3d9ab9fa270f7495fe44d1559c1ac49795a30881a,h5_fold1_fully_nested_v1
1,2021-12-04,2021-12-09,outer_test,True,,2021-07-26,2021-08-30,2021-10-10,6ed147cd585e5e8083292683f9be3cf585e97e4d46fa0e3224d24a4e2b42cbbb,f83baf5732ffbf88b9a448a3d9ab9fa270f7495fe44d1559c1ac49795a30881a,h5_fold1_fully_nested_v1
1,2021-12-05,2021-12-10,outer_test,True,,2021-07-26,2021-08-30,2021-10-10,6ed147cd585e5e8083292683f9be3cf585e97e4d46fa0e3224d24a4e2b42cbbb,f83baf5732ffbf88b9a448a3d9ab9fa270f7495fe44d1559c1ac49795a30881a,h5_fold1_fully_nested_v1
1,2021-12-06,2021-12-11,outer_test,True,,2021-07-26,2021-08-30,2021-10-10,6ed147cd585e5e8083292683f9be3cf585e97e4d46fa0e3224d24a4e2b42cbbb,f83baf5732ffbf88b9a448a3d9ab9fa270f7495fe44d1559c1ac49795a30881a,h5_fold1_fully_nested_v1
1,2021-12-07,2021-12-12,outer_test,True,,2021-07-26,2021-08-30,2021-10-10,6ed147cd585e5e8083292683f9be3cf585e97e4d46fa0e3224d24a4e2b42cbbb,f83baf5732ffbf88b9a448a3d9ab9fa270f7495fe44d1559c1ac49795a30881a,h5_fold1_fully_nested_v1
1,2021-12-08,2021-12-13,outer_test,True,,2021-07-26,2021-08-30,2021-10-10,6ed147cd585e5e8083292683f9be3cf585e97e4d46fa0e3224d24a4e2b42cbbb,f83baf5732ffbf88b9a448a3d9ab9fa270f7495fe44d1559c1ac49795a30881a,h5_fold1_fully_nested_v1
1,2021-12-09,2021-12-14,outer_test,True,,2021-07-26,2021-08-30,2021-10-10,6ed147cd585e5e8083292683f9be3cf585e97e4d46fa0e3224d24a4e2b42cbbb,f83baf5732ffbf88b9a448a3d9ab9fa270f7495fe44d1559c1ac49795a30881a,h5_fold1_fully_nested_v1
1,2021-12-10,2021-12-15,outer_test,True,,2021-07-26,2021-08-30,2021-10-10,6ed147cd585e5e8083292683f9be3cf585e97e4d46fa0e3224d24a4e2b42cbbb,f83baf5732ffbf88b9a448a3d9ab9fa270f7495fe44d1559c1ac49795a30881a,h5_fold1_fully_nested_v1
1,2021-12-11,2021-12-16,outer_test,True,,2021-07-26,2021-08-30,2021-10-10,6ed147cd585e5e8083292683f9be3cf585e97e4d46fa0e3224d24a4e2b42cbbb,f83baf5732ffbf88b9a448a3d9ab9fa270f7495fe44d1559c1ac49795a30881a,h5_fold1_fully_nested_v1
1,2021-12-12,2021-12-17,outer_test,True,,2021-07-26,2021-08-30,2021-10-10,6ed147cd585e5e8083292683f9be3cf585e97e4d46fa0e3224d24a4e2b42cbbb,f83baf5732ffbf88b9a448a3d9ab9fa270f7495fe44d1559c1ac49795a30881a,h5_fold1_fully_nested_v1
1,2021-12-13,2021-12-18,outer_test,True,,2021-07-26,2021-08-30,2021-10-10,6ed147cd585e5e8083292683f9be3cf585e97e4d46fa0e3224d24a4e2b42cbbb,f83baf5732ffbf88b9a448a3d9ab9fa270f7495fe44d1559c1ac49795a30881a,h5_fold1_fully_nested_v1
1,2021-12-14,2021-12-19,outer_test,True,,2021-07-26,2021-08-30,2021-10-10,6ed147cd585e5e8083292683f9be3cf585e97e4d46fa0e3224d24a4e2b42cbbb,f83baf5732ffbf88b9a448a3d9ab9fa270f7495fe44d1559c1ac49795a30881a,h5_fold1_fully_nested_v1
1,2021-12-15,2021-12-20,outer_test,True,,2021-07-26,2021-08-30,2021-10-10,6ed147cd585e5e8083292683f9be3cf585e97e4d46fa0e3224d24a4e2b42cbbb,f83baf5732ffbf88b9a448a3d9ab9fa270f7495fe44d1559c1ac49795a30881a,h5_fold1_fully_nested_v1
1,2021-12-16,2021-12-21,outer_test,True,,2021-07-26,2021-08-30,2021-10-10,6ed147cd585e5e8083292683f9be3cf585e97e4d46fa0e3224d24a4e2b42cbbb,f83baf5732ffbf88b9a448a3d9ab9fa270f7495fe44d1559c1ac49795a30881a,h5_fold1_fully_nested_v1
1,2021-12-17,2021-12-22,outer_test,True,,2021-07-26,2021-08-30,2021-10-10,6ed147cd585e5e8083292683f9be3cf585e97e4d46fa0e3224d24a4e2b42cbbb,f83baf5732ffbf88b9a448a3d9ab9fa270f7495fe44d1559c1ac49795a30881a,h5_fold1_fully_nested_v1
1,2021-12-18,2021-12-23,outer_test,True,,2021-07-26,2021-08-30,2021-10-10,6ed147cd585e5e8083292683f9be3cf585e97e4d46fa0e3224d24a4e2b42cbbb,f83baf5732ffbf88b9a448a3d9ab9fa270f7495fe44d1559c1ac49795a30881a,h5_fold1_fully_nested_v1
1,2021-12-19,2021-12-24,outer_test,True,,2021-07-26,2021-08-30,2021-10-10,6ed147cd585e5e8083292683f9be3cf585e97e4d46fa0e3224d24a4e2b42cbbb,f83baf5732ffbf88b9a448a3d9ab9fa270f7495fe44d1559c1ac49795a30881a,h5_fold1_fully_nested_v1
1,2021-12-20,2021-12-25,outer_test,True,,2021-07-26,2021-08-30,2021-10-10,6ed147cd585e5e8083292683f9be3cf585e97e4d46fa0e3224d24a4e2b42cbbb,f83baf5732ffbf88b9a448a3d9ab9fa270f7495fe44d1559c1ac49795a30881a,h5_fold1_fully_nested_v1
1,2021-12-21,2021-12-26,outer_test,True,,2021-07-26,2021-08-30,2021-10-10,6ed147cd585e5e8083292683f9be3cf585e97e4d46fa0e3224d24a4e2b42cbbb,f83baf5732ffbf88b9a448a3d9ab9fa270f7495fe44d1559c1ac49795a30881a,h5_fold1_fully_nested_v1
1,2021-12-22,2021-12-27,outer_test,True,,2021-07-26,2021-08-30,2021-10-10,6ed147cd585e5e8083292683f9be3cf585e97e4d46fa0e3224d24a4e2b42cbbb,f83baf5732ffbf88b9a448a3d9ab9fa270f7495fe44d1559c1ac49795a30881a,h5_fold1_fully_nested_v1
1,2021-12-23,2021-12-28,outer_test,True,,2021-07-26,2021-08-30,2021-10-10,6ed147cd585e5e8083292683f9be3cf585e97e4d46fa0e3224d24a4e2b42cbbb,f83baf5732ffbf88b9a448a3d9ab9fa270f7495fe44d1559c1ac49795a30881a,h5_fold1_fully_nested_v1
1,2021-12-24,2021-12-29,outer_test,True,,2021-07-26,2021-08-30,2021-10-10,6ed147cd585e5e8083292683f9be3cf585e97e4d46fa0e3224d24a4e2b42cbbb,f83baf5732ffbf88b9a448a3d9ab9fa270f7495fe44d1559c1ac49795a30881a,h5_fold1_fully_nested_v1
1,2021-12-25,2021-12-30,outer_test,True,,2021-07-26,2021-08-30,2021-10-10,6ed147cd585e5e8083292683f9be3cf585e97e4d46fa0e3224d24a4e2b42cbbb,f83baf5732ffbf88b9a448a3d9ab9fa270f7495fe44d1559c1ac49795a30881a,h5_fold1_fully_nested_v1
1,2021-12-26,2021-12-31,outer_test,True,,2021-07-26,2021-08-30,2021-10-10,6ed147cd585e5e8083292683f9be3cf585e97e4d46fa0e3224d24a4e2b42cbbb,f83baf5732ffbf88b9a448a3d9ab9fa270f7495fe44d1559c1ac49795a30881a,h5_fold1_fully_nested_v1
1,2021-12-27,2022-01-01,outer_test,True,,2021-07-26,2021-08-30,2021-10-10,6ed147cd585e5e8083292683f9be3cf585e97e4d46fa0e3224d24a4e2b42cbbb,f83baf5732ffbf88b9a448a3d9ab9fa270f7495fe44d1559c1ac49795a30881a,h5_fold1_fully_nested_v1
1,2021-12-28,2022-01-02,outer_test,True,,2021-07-26,2021-08-30,2021-10-10,6ed147cd585e5e8083292683f9be3cf585e97e4d46fa0e3224d24a4e2b42cbbb,f83baf5732ffbf88b9a448a3d9ab9fa270f7495fe44d1559c1ac49795a30881a,h5_fold1_fully_nested_v1
1,2021-12-29,2022-01-03,outer_test,True,,2021-07-26,2021-08-30,2021-10-10,6ed147cd585e5e8083292683f9be3cf585e97e4d46fa0e3224d24a4e2b42cbbb,f83baf5732ffbf88b9a448a3d9ab9fa270f7495fe44d1559c1ac49795a30881a,h5_fold1_fully_nested_v1
1,2021-12-30,2022-01-04,outer_test,True,,2021-07-26,2021-08-30,2021-10-10,6ed147cd585e5e8083292683f9be3cf585e97e4d46fa0e3224d24a4e2b42cbbb,f83baf5732ffbf88b9a448a3d9ab9fa270f7495fe44d1559c1ac49795a30881a,h5_fold1_fully_nested_v1
1,2021-12-31,2022-01-05,outer_test,True,,2021-07-26,2021-08-30,2021-10-10,6ed147cd585e5e8083292683f9be3cf585e97e4d46fa0e3224d24a4e2b42cbbb,f83baf5732ffbf88b9a448a3d9ab9fa270f7495fe44d1559c1ac49795a30881a,h5_fold1_fully_nested_v1
1,2022-01-01,2022-01-06,outer_test,True,,2021-07-26,2021-08-30,2021-10-10,6ed147cd585e5e8083292683f9be3cf585e97e4d46fa0e3224d24a4e2b42cbbb,f83baf5732ffbf88b9a448a3d9ab9fa270f7495fe44d1559c1ac49795a30881a,h5_fold1_fully_nested_v1
1,2022-01-02,2022-01-07,outer_test,True,,2021-07-26,2021-08-30,2021-10-10,6ed147cd585e5e8083292683f9be3cf585e97e4d46fa0e3224d24a4e2b42cbbb,f83baf5732ffbf88b9a448a3d9ab9fa270f7495fe44d1559c1ac49795a30881a,h5_fold1_fully_nested_v1
1,2022-01-03,2022-01-08,outer_test,True,,2021-07-26,2021-08-30,2021-10-10,6ed147cd585e5e8083292683f9be3cf585e97e4d46fa0e3224d24a4e2b42cbbb,f83baf5732ffbf88b9a448a3d9ab9fa270f7495fe44d1559c1ac49795a30881a,h5_fold1_fully_nested_v1
1,2022-01-04,2022-01-09,outer_test,True,,2021-07-26,2021-08-30,2021-10-10,6ed147cd585e5e8083292683f9be3cf585e97e4d46fa0e3224d24a4e2b42cbbb,f83baf5732ffbf88b9a448a3d9ab9fa270f7495fe44d1559c1ac49795a30881a,h5_fold1_fully_nested_v1
1,2022-01-05,2022-01-10,outer_test,True,,2021-07-26,2021-08-30,2021-10-10,6ed147cd585e5e8083292683f9be3cf585e97e4d46fa0e3224d24a4e2b42cbbb,f83baf5732ffbf88b9a448a3d9ab9fa270f7495fe44d1559c1ac49795a30881a,h5_fold1_fully_nested_v1
1,2022-01-06,2022-01-11,outer_test,True,,2021-07-26,2021-08-30,2021-10-10,6ed147cd585e5e8083292683f9be3cf585e97e4d46fa0e3224d24a4e2b42cbbb,f83baf5732ffbf88b9a448a3d9ab9fa270f7495fe44d1559c1ac49795a30881a,h5_fold1_fully_nested_v1
1,2022-01-07,2022-01-12,outer_test,True,,2021-07-26,2021-08-30,2021-10-10,6ed147cd585e5e8083292683f9be3cf585e97e4d46fa0e3224d24a4e2b42cbbb,f83baf5732ffbf88b9a448a3d9ab9fa270f7495fe44d1559c1ac49795a30881a,h5_fold1_fully_nested_v1
1,2022-01-08,2022-01-13,outer_test,True,,2021-07-26,2021-08-30,2021-10-10,6ed147cd585e5e8083292683f9be3cf585e97e4d46fa0e3224d24a4e2b42cbbb,f83baf5732ffbf88b9a448a3d9ab9fa270f7495fe44d1559c1ac49795a30881a,h5_fold1_fully_nested_v1
1,2022-01-09,2022-01-14,outer_test,True,,2021-07-26,2021-08-30,2021-10-10,6ed147cd585e5e8083292683f9be3cf585e97e4d46fa0e3224d24a4e2b42cbbb,f83baf5732ffbf88b9a448a3d9ab9fa270f7495fe44d1559c1ac49795a30881a,h5_fold1_fully_nested_v1
1,2022-01-10,2022-01-15,outer_test,True,,2021-07-26,2021-08-30,2021-10-10,6ed147cd585e5e8083292683f9be3cf585e97e4d46fa0e3224d24a4e2b42cbbb,f83baf5732ffbf88b9a448a3d9ab9fa270f7495fe44d1559c1ac49795a30881a,h5_fold1_fully_nested_v1
1,2022-01-11,2022-01-16,outer_test,True,,2021-07-26,2021-08-30,2021-10-10,6ed147cd585e5e8083292683f9be3cf585e97e4d46fa0e3224d24a4e2b42cbbb,f83baf5732ffbf88b9a448a3d9ab9fa270f7495fe44d1559c1ac49795a30881a,h5_fold1_fully_nested_v1
1,2022-01-12,2022-01-17,outer_test,True,,2021-07-26,2021-08-30,2021-10-10,6ed147cd585e5e8083292683f9be3cf585e97e4d46fa0e3224d24a4e2b42cbbb,f83baf5732ffbf88b9a448a3d9ab9fa270f7495fe44d1559c1ac49795a30881a,h5_fold1_fully_nested_v1
1,2022-01-13,2022-01-18,outer_test,True,,2021-07-26,2021-08-30,2021-10-10,6ed147cd585e5e8083292683f9be3cf585e97e4d46fa0e3224d24a4e2b42cbbb,f83baf5732ffbf88b9a448a3d9ab9fa270f7495fe44d1559c1ac49795a30881a,h5_fold1_fully_nested_v1
1,2022-01-14,2022-01-19,outer_test,True,,2021-07-26,2021-08-30,2021-10-10,6ed147cd585e5e8083292683f9be3cf585e97e4d46fa0e3224d24a4e2b42cbbb,f83baf5732ffbf88b9a448a3d9ab9fa270f7495fe44d1559c1ac49795a30881a,h5_fold1_fully_nested_v1
1,2022-01-15,2022-01-20,outer_test,True,,2021-07-26,2021-08-30,2021-10-10,6ed147cd585e5e8083292683f9be3cf585e97e4d46fa0e3224d24a4e2b42cbbb,f83baf5732ffbf88b9a448a3d9ab9fa270f7495fe44d1559c1ac49795a30881a,h5_fold1_fully_nested_v1
1,2022-01-16,2022-01-21,outer_test,True,,2021-07-26,2021-08-30,2021-10-10,6ed147cd585e5e8083292683f9be3cf585e97e4d46fa0e3224d24a4e2b42cbbb,f83baf5732ffbf88b9a448a3d9ab9fa270f7495fe44d1559c1ac49795a30881a,h5_fold1_fully_nested_v1
1,2022-01-17,2022-01-22,outer_test,True,,2021-07-26,2021-08-30,2021-10-10,6ed147cd585e5e8083292683f9be3cf585e97e4d46fa0e3224d24a4e2b42cbbb,f83baf5732ffbf88b9a448a3d9ab9fa270f7495fe44d1559c1ac49795a30881a,h5_fold1_fully_nested_v1
1,2022-01-18,2022-01-23,outer_test,True,,2021-07-26,2021-08-30,2021-10-10,6ed147cd585e5e8083292683f9be3cf585e97e4d46fa0e3224d24a4e2b42cbbb,f83baf5732ffbf88b9a448a3d9ab9fa270f7495fe44d1559c1ac49795a30881a,h5_fold1_fully_nested_v1
1,2022-01-19,2022-01-24,outer_test,True,,2021-07-26,2021-08-30,2021-10-10,6ed147cd585e5e8083292683f9be3cf585e97e4d46fa0e3224d24a4e2b42cbbb,f83baf5732ffbf88b9a448a3d9ab9fa270f7495fe44d1559c1ac49795a30881a,h5_fold1_fully_nested_v1
1,2022-01-20,2022-01-25,outer_test,True,,2021-07-26,2021-08-30,2021-10-10,6ed147cd585e5e8083292683f9be3cf585e97e4d46fa0e3224d24a4e2b42cbbb,f83baf5732ffbf88b9a448a3d9ab9fa270f7495fe44d1559c1ac49795a30881a,h5_fold1_fully_nested_v1
1,2022-01-21,2022-01-26,outer_test,True,,2021-07-26,2021-08-30,2021-10-10,6ed147cd585e5e8083292683f9be3cf585e97e4d46fa0e3224d24a4e2b42cbbb,f83baf5732ffbf88b9a448a3d9ab9fa270f7495fe44d1559c1ac49795a30881a,h5_fold1_fully_nested_v1
1,2022-01-22,2022-01-27,outer_test,True,,2021-07-26,2021-08-30,2021-10-10,6ed147cd585e5e8083292683f9be3cf585e97e4d46fa0e3224d24a4e2b42cbbb,f83baf5732ffbf88b9a448a3d9ab9fa270f7495fe44d1559c1ac49795a30881a,h5_fold1_fully_nested_v1
1,2022-01-23,2022-01-28,outer_test,True,,2021-07-26,2021-08-30,2021-10-10,6ed147cd585e5e8083292683f9be3cf585e97e4d46fa0e3224d24a4e2b42cbbb,f83baf5732ffbf88b9a448a3d9ab9fa270f7495fe44d1559c1ac49795a30881a,h5_fold1_fully_nested_v1
1,2022-01-24,2022-01-29,outer_test,True,,2021-07-26,2021-08-30,2021-10-10,6ed147cd585e5e8083292683f9be3cf585e97e4d46fa0e3224d24a4e2b42cbbb,f83baf5732ffbf88b9a448a3d9ab9fa270f7495fe44d1559c1ac49795a30881a,h5_fold1_fully_nested_v1
1,2022-01-25,2022-01-30,outer_test,True,,2021-07-26,2021-08-30,2021-10-10,6ed147cd585e5e8083292683f9be3cf585e97e4d46fa0e3224d24a4e2b42cbbb,f83baf5732ffbf88b9a448a3d9ab9fa270f7495fe44d1559c1ac49795a30881a,h5_fold1_fully_nested_v1
1,2022-01-26,2022-01-31,outer_test,True,,2021-07-26,2021-08-30,2021-10-10,6ed147cd585e5e8083292683f9be3cf585e97e4d46fa0e3224d24a4e2b42cbbb,f83baf5732ffbf88b9a448a3d9ab9fa270f7495fe44d1559c1ac49795a30881a,h5_fold1_fully_nested_v1
1,2022-01-27,2022-02-01,outer_test,True,,2021-07-26,2021-08-30,2021-10-10,6ed147cd585e5e8083292683f9be3cf585e97e4d46fa0e3224d24a4e2b42cbbb,f83baf5732ffbf88b9a448a3d9ab9fa270f7495fe44d1559c1ac49795a30881a,h5_fold1_fully_nested_v1
1,2022-01-28,2022-02-02,outer_test,True,,2021-07-26,2021-08-30,2021-10-10,6ed147cd585e5e8083292683f9be3cf585e97e4d46fa0e3224d24a4e2b42cbbb,f83baf5732ffbf88b9a448a3d9ab9fa270f7495fe44d1559c1ac49795a30881a,h5_fold1_fully_nested_v1
1,2022-01-29,2022-02-03,outer_test,True,,2021-07-26,2021-08-30,2021-10-10,6ed147cd585e5e8083292683f9be3cf585e97e4d46fa0e3224d24a4e2b42cbbb,f83baf5732ffbf88b9a448a3d9ab9fa270f7495fe44d1559c1ac49795a30881a,h5_fold1_fully_nested_v1
1,2022-01-30,2022-02-04,outer_test,True,,2021-07-26,2021-08-30,2021-10-10,6ed147cd585e5e8083292683f9be3cf585e97e4d46fa0e3224d24a4e2b42cbbb,f83baf5732ffbf88b9a448a3d9ab9fa270f7495fe44d1559c1ac49795a30881a,h5_fold1_fully_nested_v1
1,2022-01-31,2022-02-05,outer_test,True,,2021-07-26,2021-08-30,2021-10-10,6ed147cd585e5e8083292683f9be3cf585e97e4d46fa0e3224d24a4e2b42cbbb,f83baf5732ffbf88b9a448a3d9ab9fa270f7495fe44d1559c1ac49795a30881a,h5_fold1_fully_nested_v1
1,2022-02-01,2022-02-06,outer_test,True,,2021-07-26,2021-08-30,2021-10-10,6ed147cd585e5e8083292683f9be3cf585e97e4d46fa0e3224d24a4e2b42cbbb,f83baf5732ffbf88b9a448a3d9ab9fa270f7495fe44d1559c1ac49795a30881a,h5_fold1_fully_nested_v1
1,2022-02-02,2022-02-07,outer_test,True,,2021-07-26,2021-08-30,2021-10-10,6ed147cd585e5e8083292683f9be3cf585e97e4d46fa0e3224d24a4e2b42cbbb,f83baf5732ffbf88b9a448a3d9ab9fa270f7495fe44d1559c1ac49795a30881a,h5_fold1_fully_nested_v1
1,2022-02-03,2022-02-08,outer_test,True,,2021-07-26,2021-08-30,2021-10-10,6ed147cd585e5e8083292683f9be3cf585e97e4d46fa0e3224d24a4e2b42cbbb,f83baf5732ffbf88b9a448a3d9ab9fa270f7495fe44d1559c1ac49795a30881a,h5_fold1_fully_nested_v1
1,2022-02-04,2022-02-09,outer_test,True,,2021-07-26,2021-08-30,2021-10-10,6ed147cd585e5e8083292683f9be3cf585e97e4d46fa0e3224d24a4e2b42cbbb,f83baf5732ffbf88b9a448a3d9ab9fa270f7495fe44d1559c1ac49795a30881a,h5_fold1_fully_nested_v1
1,2022-02-05,2022-02-10,outer_test,True,,2021-07-26,2021-08-30,2021-10-10,6ed147cd585e5e8083292683f9be3cf585e97e4d46fa0e3224d24a4e2b42cbbb,f83baf5732ffbf88b9a448a3d9ab9fa270f7495fe44d1559c1ac49795a30881a,h5_fold1_fully_nested_v1
1,2022-02-06,2022-02-11,outer_test,True,,2021-07-26,2021-08-30,2021-10-10,6ed147cd585e5e8083292683f9be3cf585e97e4d46fa0e3224d24a4e2b42cbbb,f83baf5732ffbf88b9a448a3d9ab9fa270f7495fe44d1559c1ac49795a30881a,h5_fold1_fully_nested_v1
1,2022-02-07,2022-02-12,outer_test,True,,2021-07-26,2021-08-30,2021-10-10,6ed147cd585e5e8083292683f9be3cf585e97e4d46fa0e3224d24a4e2b42cbbb,f83baf5732ffbf88b9a448a3d9ab9fa270f7495fe44d1559c1ac49795a30881a,h5_fold1_fully_nested_v1
1,2022-02-08,2022-02-13,outer_test,True,,2021-07-26,2021-08-30,2021-10-10,6ed147cd585e5e8083292683f9be3cf585e97e4d46fa0e3224d24a4e2b42cbbb,f83baf5732ffbf88b9a448a3d9ab9fa270f7495fe44d1559c1ac49795a30881a,h5_fold1_fully_nested_v1
1,2022-02-09,2022-02-14,outer_test,True,,2021-07-26,2021-08-30,2021-10-10,6ed147cd585e5e8083292683f9be3cf585e97e4d46fa0e3224d24a4e2b42cbbb,f83baf5732ffbf88b9a448a3d9ab9fa270f7495fe44d1559c1ac49795a30881a,h5_fold1_fully_nested_v1
1,2022-02-10,2022-02-15,outer_test,True,,2021-07-26,2021-08-30,2021-10-10,6ed147cd585e5e8083292683f9be3cf585e97e4d46fa0e3224d24a4e2b42cbbb,f83baf5732ffbf88b9a448a3d9ab9fa270f7495fe44d1559c1ac49795a30881a,h5_fold1_fully_nested_v1
1,2022-02-11,2022-02-16,outer_test,True,,2021-07-26,2021-08-30,2021-10-10,6ed147cd585e5e8083292683f9be3cf585e97e4d46fa0e3224d24a4e2b42cbbb,f83baf5732ffbf88b9a448a3d9ab9fa270f7495fe44d1559c1ac49795a30881a,h5_fold1_fully_nested_v1
1,2022-02-12,2022-02-17,outer_test,True,,2021-07-26,2021-08-30,2021-10-10,6ed147cd585e5e8083292683f9be3cf585e97e4d46fa0e3224d24a4e2b42cbbb,f83baf5732ffbf88b9a448a3d9ab9fa270f7495fe44d1559c1ac49795a30881a,h5_fold1_fully_nested_v1
1,2022-02-13,2022-02-18,outer_test,True,,2021-07-26,2021-08-30,2021-10-10,6ed147cd585e5e8083292683f9be3cf585e97e4d46fa0e3224d24a4e2b42cbbb,f83baf5732ffbf88b9a448a3d9ab9fa270f7495fe44d1559c1ac49795a30881a,h5_fold1_fully_nested_v1
1,2022-02-14,2022-02-19,outer_test,True,,2021-07-26,2021-08-30,2021-10-10,6ed147cd585e5e8083292683f9be3cf585e97e4d46fa0e3224d24a4e2b42cbbb,f83baf5732ffbf88b9a448a3d9ab9fa270f7495fe44d1559c1ac49795a30881a,h5_fold1_fully_nested_v1
1,2022-02-15,2022-02-20,outer_test,True,,2021-07-26,2021-08-30,2021-10-10,6ed147cd585e5e8083292683f9be3cf585e97e4d46fa0e3224d24a4e2b42cbbb,f83baf5732ffbf88b9a448a3d9ab9fa270f7495fe44d1559c1ac49795a30881a,h5_fold1_fully_nested_v1
1,2022-02-16,2022-02-21,outer_test,True,,2021-07-26,2021-08-30,2021-10-10,6ed147cd585e5e8083292683f9be3cf585e97e4d46fa0e3224d24a4e2b42cbbb,f83baf5732ffbf88b9a448a3d9ab9fa270f7495fe44d1559c1ac49795a30881a,h5_fold1_fully_nested_v1
1,2022-02-17,2022-02-22,outer_test,True,,2021-07-26,2021-08-30,2021-10-10,6ed147cd585e5e8083292683f9be3cf585e97e4d46fa0e3224d24a4e2b42cbbb,f83baf5732ffbf88b9a448a3d9ab9fa270f7495fe44d1559c1ac49795a30881a,h5_fold1_fully_nested_v1
1,2022-02-18,2022-02-23,outer_test,True,,2021-07-26,2021-08-30,2021-10-10,6ed147cd585e5e8083292683f9be3cf585e97e4d46fa0e3224d24a4e2b42cbbb,f83baf5732ffbf88b9a448a3d9ab9fa270f7495fe44d1559c1ac49795a30881a,h5_fold1_fully_nested_v1
1,2022-02-19,2022-02-24,outer_test,True,,2021-07-26,2021-08-30,2021-10-10,6ed147cd585e5e8083292683f9be3cf585e97e4d46fa0e3224d24a4e2b42cbbb,f83baf5732ffbf88b9a448a3d9ab9fa270f7495fe44d1559c1ac49795a30881a,h5_fold1_fully_nested_v1
1,2022-02-20,2022-02-25,outer_test,True,,2021-07-26,2021-08-30,2021-10-10,6ed147cd585e5e8083292683f9be3cf585e97e4d46fa0e3224d24a4e2b42cbbb,f83baf5732ffbf88b9a448a3d9ab9fa270f7495fe44d1559c1ac49795a30881a,h5_fold1_fully_nested_v1
1,2022-02-21,2022-02-26,outer_test,True,,2021-07-26,2021-08-30,2021-10-10,6ed147cd585e5e8083292683f9be3cf585e97e4d46fa0e3224d24a4e2b42cbbb,f83baf5732ffbf88b9a448a3d9ab9fa270f7495fe44d1559c1ac49795a30881a,h5_fold1_fully_nested_v1
1,2022-02-22,2022-02-27,outer_test,True,,2021-07-26,2021-08-30,2021-10-10,6ed147cd585e5e8083292683f9be3cf585e97e4d46fa0e3224d24a4e2b42cbbb,f83baf5732ffbf88b9a448a3d9ab9fa270f7495fe44d1559c1ac49795a30881a,h5_fold1_fully_nested_v1
1,2022-02-23,2022-02-28,outer_test,True,,2021-07-26,2021-08-30,2021-10-10,6ed147cd585e5e8083292683f9be3cf585e97e4d46fa0e3224d24a4e2b42cbbb,f83baf5732ffbf88b9a448a3d9ab9fa270f7495fe44d1559c1ac49795a30881a,h5_fold1_fully_nested_v1
1,2022-02-24,2022-03-01,outer_test,True,,2021-07-26,2021-08-30,2021-10-10,6ed147cd585e5e8083292683f9be3cf585e97e4d46fa0e3224d24a4e2b42cbbb,f83baf5732ffbf88b9a448a3d9ab9fa270f7495fe44d1559c1ac49795a30881a,h5_fold1_fully_nested_v1
1,2022-02-25,2022-03-02,outer_test,True,,2021-07-26,2021-08-30,2021-10-10,6ed147cd585e5e8083292683f9be3cf585e97e4d46fa0e3224d24a4e2b42cbbb,f83baf5732ffbf88b9a448a3d9ab9fa270f7495fe44d1559c1ac49795a30881a,h5_fold1_fully_nested_v1
1,2022-02-26,2022-03-03,outer_test,True,,2021-07-26,2021-08-30,2021-10-10,6ed147cd585e5e8083292683f9be3cf585e97e4d46fa0e3224d24a4e2b42cbbb,f83baf5732ffbf88b9a448a3d9ab9fa270f7495fe44d1559c1ac49795a30881a,h5_fold1_fully_nested_v1
1,2022-02-27,2022-03-04,outer_test,True,,2021-07-26,2021-08-30,2021-10-10,6ed147cd585e5e8083292683f9be3cf585e97e4d46fa0e3224d24a4e2b42cbbb,f83baf5732ffbf88b9a448a3d9ab9fa270f7495fe44d1559c1ac49795a30881a,h5_fold1_fully_nested_v1
1,2022-02-28,2022-03-05,outer_test,True,,2021-07-26,2021-08-30,2021-10-10,6ed147cd585e5e8083292683f9be3cf585e97e4d46fa0e3224d24a4e2b42cbbb,f83baf5732ffbf88b9a448a3d9ab9fa270f7495fe44d1559c1ac49795a30881a,h5_fold1_fully_nested_v1
1,2022-03-01,2022-03-06,outer_test,True,,2021-07-26,2021-08-30,2021-10-10,6ed147cd585e5e8083292683f9be3cf585e97e4d46fa0e3224d24a4e2b42cbbb,f83baf5732ffbf88b9a448a3d9ab9fa270f7495fe44d1559c1ac49795a30881a,h5_fold1_fully_nested_v1
1,2022-03-02,2022-03-07,outer_test,True,,2021-07-26,2021-08-30,2021-10-10,6ed147cd585e5e8083292683f9be3cf585e97e4d46fa0e3224d24a4e2b42cbbb,f83baf5732ffbf88b9a448a3d9ab9fa270f7495fe44d1559c1ac49795a30881a,h5_fold1_fully_nested_v1
1,2022-03-03,2022-03-08,outer_test,True,,2021-07-26,2021-08-30,2021-10-10,6ed147cd585e5e8083292683f9be3cf585e97e4d46fa0e3224d24a4e2b42cbbb,f83baf5732ffbf88b9a448a3d9ab9fa270f7495fe44d1559c1ac49795a30881a,h5_fold1_fully_nested_v1
1,2022-03-04,2022-03-09,outer_test,True,,2021-07-26,2021-08-30,2021-10-10,6ed147cd585e5e8083292683f9be3cf585e97e4d46fa0e3224d24a4e2b42cbbb,f83baf5732ffbf88b9a448a3d9ab9fa270f7495fe44d1559c1ac49795a30881a,h5_fold1_fully_nested_v1
1,2022-03-05,2022-03-10,outer_test,True,,2021-07-26,2021-08-30,2021-10-10,6ed147cd585e5e8083292683f9be3cf585e97e4d46fa0e3224d24a4e2b42cbbb,f83baf5732ffbf88b9a448a3d9ab9fa270f7495fe44d1559c1ac49795a30881a,h5_fold1_fully_nested_v1
1,2022-03-06,2022-03-11,outer_test,True,,2021-07-26,2021-08-30,2021-10-10,6ed147cd585e5e8083292683f9be3cf585e97e4d46fa0e3224d24a4e2b42cbbb,f83baf5732ffbf88b9a448a3d9ab9fa270f7495fe44d1559c1ac49795a30881a,h5_fold1_fully_nested_v1
1,2022-03-07,2022-03-12,outer_test,True,,2021-07-26,2021-08-30,2021-10-10,6ed147cd585e5e8083292683f9be3cf585e97e4d46fa0e3224d24a4e2b42cbbb,f83baf5732ffbf88b9a448a3d9ab9fa270f7495fe44d1559c1ac49795a30881a,h5_fold1_fully_nested_v1
1,2022-03-08,2022-03-13,outer_test,True,,2021-07-26,2021-08-30,2021-10-10,6ed147cd585e5e8083292683f9be3cf585e97e4d46fa0e3224d24a4e2b42cbbb,f83baf5732ffbf88b9a448a3d9ab9fa270f7495fe44d1559c1ac49795a30881a,h5_fold1_fully_nested_v1
1,2022-03-09,2022-03-14,outer_test,True,,2021-07-26,2021-08-30,2021-10-10,6ed147cd585e5e8083292683f9be3cf585e97e4d46fa0e3224d24a4e2b42cbbb,f83baf5732ffbf88b9a448a3d9ab9fa270f7495fe44d1559c1ac49795a30881a,h5_fold1_fully_nested_v1
1,2022-03-10,2022-03-15,outer_test,True,,2021-07-26,2021-08-30,2021-10-10,6ed147cd585e5e8083292683f9be3cf585e97e4d46fa0e3224d24a4e2b42cbbb,f83baf5732ffbf88b9a448a3d9ab9fa270f7495fe44d1559c1ac49795a30881a,h5_fold1_fully_nested_v1
1,2022-03-11,2022-03-16,outer_test,True,,2021-07-26,2021-08-30,2021-10-10,6ed147cd585e5e8083292683f9be3cf585e97e4d46fa0e3224d24a4e2b42cbbb,f83baf5732ffbf88b9a448a3d9ab9fa270f7495fe44d1559c1ac49795a30881a,h5_fold1_fully_nested_v1
1,2022-03-12,2022-03-17,outer_test,True,,2021-07-26,2021-08-30,2021-10-10,6ed147cd585e5e8083292683f9be3cf585e97e4d46fa0e3224d24a4e2b42cbbb,f83baf5732ffbf88b9a448a3d9ab9fa270f7495fe44d1559c1ac49795a30881a,h5_fold1_fully_nested_v1
1,2022-03-13,2022-03-18,outer_test,True,,2021-07-26,2021-08-30,2021-10-10,6ed147cd585e5e8083292683f9be3cf585e97e4d46fa0e3224d24a4e2b42cbbb,f83baf5732ffbf88b9a448a3d9ab9fa270f7495fe44d1559c1ac49795a30881a,h5_fold1_fully_nested_v1
1,2022-03-14,2022-03-19,outer_test,True,,2021-07-26,2021-08-30,2021-10-10,6ed147cd585e5e8083292683f9be3cf585e97e4d46fa0e3224d24a4e2b42cbbb,f83baf5732ffbf88b9a448a3d9ab9fa270f7495fe44d1559c1ac49795a30881a,h5_fold1_fully_nested_v1
1,2022-03-15,2022-03-20,outer_test,True,,2021-07-26,2021-08-30,2021-10-10,6ed147cd585e5e8083292683f9be3cf585e97e4d46fa0e3224d24a4e2b42cbbb,f83baf5732ffbf88b9a448a3d9ab9fa270f7495fe44d1559c1ac49795a30881a,h5_fold1_fully_nested_v1
1,2022-03-16,2022-03-21,outer_test,True,,2021-07-26,2021-08-30,2021-10-10,6ed147cd585e5e8083292683f9be3cf585e97e4d46fa0e3224d24a4e2b42cbbb,f83baf5732ffbf88b9a448a3d9ab9fa270f7495fe44d1559c1ac49795a30881a,h5_fold1_fully_nested_v1
1,2022-03-17,2022-03-22,outer_test,True,,2021-07-26,2021-08-30,2021-10-10,6ed147cd585e5e8083292683f9be3cf585e97e4d46fa0e3224d24a4e2b42cbbb,f83baf5732ffbf88b9a448a3d9ab9fa270f7495fe44d1559c1ac49795a30881a,h5_fold1_fully_nested_v1
1,2022-03-18,2022-03-23,outer_test,True,,2021-07-26,2021-08-30,2021-10-10,6ed147cd585e5e8083292683f9be3cf585e97e4d46fa0e3224d24a4e2b42cbbb,f83baf5732ffbf88b9a448a3d9ab9fa270f7495fe44d1559c1ac49795a30881a,h5_fold1_fully_nested_v1
1,2022-03-19,2022-03-24,outer_test,True,,2021-07-26,2021-08-30,2021-10-10,6ed147cd585e5e8083292683f9be3cf585e97e4d46fa0e3224d24a4e2b42cbbb,f83baf5732ffbf88b9a448a3d9ab9fa270f7495fe44d1559c1ac49795a30881a,h5_fold1_fully_nested_v1
1,2022-03-20,2022-03-25,outer_test,True,,2021-07-26,2021-08-30,2021-10-10,6ed147cd585e5e8083292683f9be3cf585e97e4d46fa0e3224d24a4e2b42cbbb,f83baf5732ffbf88b9a448a3d9ab9fa270f7495fe44d1559c1ac49795a30881a,h5_fold1_fully_nested_v1
1,2022-03-21,2022-03-26,outer_test,True,,2021-07-26,2021-08-30,2021-10-10,6ed147cd585e5e8083292683f9be3cf585e97e4d46fa0e3224d24a4e2b42cbbb,f83baf5732ffbf88b9a448a3d9ab9fa270f7495fe44d1559c1ac49795a30881a,h5_fold1_fully_nested_v1
1,2022-03-22,2022-03-27,outer_test,True,,2021-07-26,2021-08-30,2021-10-10,6ed147cd585e5e8083292683f9be3cf585e97e4d46fa0e3224d24a4e2b42cbbb,f83baf5732ffbf88b9a448a3d9ab9fa270f7495fe44d1559c1ac49795a30881a,h5_fold1_fully_nested_v1
1,2022-03-23,2022-03-28,outer_test,True,,2021-07-26,2021-08-30,2021-10-10,6ed147cd585e5e8083292683f9be3cf585e97e4d46fa0e3224d24a4e2b42cbbb,f83baf5732ffbf88b9a448a3d9ab9fa270f7495fe44d1559c1ac49795a30881a,h5_fold1_fully_nested_v1
1,2022-03-24,2022-03-29,outer_test,True,,2021-07-26,2021-08-30,2021-10-10,6ed147cd585e5e8083292683f9be3cf585e97e4d46fa0e3224d24a4e2b42cbbb,f83baf5732ffbf88b9a448a3d9ab9fa270f7495fe44d1559c1ac49795a30881a,h5_fold1_fully_nested_v1
1,2022-03-25,2022-03-30,outer_test,True,,2021-07-26,2021-08-30,2021-10-10,6ed147cd585e5e8083292683f9be3cf585e97e4d46fa0e3224d24a4e2b42cbbb,f83baf5732ffbf88b9a448a3d9ab9fa270f7495fe44d1559c1ac49795a30881a,h5_fold1_fully_nested_v1
1,2022-03-26,2022-03-31,outer_test,True,,2021-07-26,2021-08-30,2021-10-10,6ed147cd585e5e8083292683f9be3cf585e97e4d46fa0e3224d24a4e2b42cbbb,f83baf5732ffbf88b9a448a3d9ab9fa270f7495fe44d1559c1ac49795a30881a,h5_fold1_fully_nested_v1
1,2022-03-27,2022-04-01,outer_test,True,,2021-07-26,2021-08-30,2021-10-10,6ed147cd585e5e8083292683f9be3cf585e97e4d46fa0e3224d24a4e2b42cbbb,f83baf5732ffbf88b9a448a3d9ab9fa270f7495fe44d1559c1ac49795a30881a,h5_fold1_fully_nested_v1
1,2022-03-28,2022-04-02,outer_test,True,,2021-07-26,2021-08-30,2021-10-10,6ed147cd585e5e8083292683f9be3cf585e97e4d46fa0e3224d24a4e2b42cbbb,f83baf5732ffbf88b9a448a3d9ab9fa270f7495fe44d1559c1ac49795a30881a,h5_fold1_fully_nested_v1
1,2022-03-29,2022-04-03,outer_test,True,,2021-07-26,2021-08-30,2021-10-10,6ed147cd585e5e8083292683f9be3cf585e97e4d46fa0e3224d24a4e2b42cbbb,f83baf5732ffbf88b9a448a3d9ab9fa270f7495fe44d1559c1ac49795a30881a,h5_fold1_fully_nested_v1
1,2022-03-30,2022-04-04,outer_test,True,,2021-07-26,2021-08-30,2021-10-10,6ed147cd585e5e8083292683f9be3cf585e97e4d46fa0e3224d24a4e2b42cbbb,f83baf5732ffbf88b9a448a3d9ab9fa270f7495fe44d1559c1ac49795a30881a,h5_fold1_fully_nested_v1
1,2022-03-31,2022-04-05,outer_test,True,,2021-07-26,2021-08-30,2021-10-10,6ed147cd585e5e8083292683f9be3cf585e97e4d46fa0e3224d24a4e2b42cbbb,f83baf5732ffbf88b9a448a3d9ab9fa270f7495fe44d1559c1ac49795a30881a,h5_fold1_fully_nested_v1
1,2022-04-01,2022-04-06,outer_test,True,,2021-07-26,2021-08-30,2021-10-10,6ed147cd585e5e8083292683f9be3cf585e97e4d46fa0e3224d24a4e2b42cbbb,f83baf5732ffbf88b9a448a3d9ab9fa270f7495fe44d1559c1ac49795a30881a,h5_fold1_fully_nested_v1
1,2022-04-02,2022-04-07,outer_test,True,,2021-07-26,2021-08-30,2021-10-10,6ed147cd585e5e8083292683f9be3cf585e97e4d46fa0e3224d24a4e2b42cbbb,f83baf5732ffbf88b9a448a3d9ab9fa270f7495fe44d1559c1ac49795a30881a,h5_fold1_fully_nested_v1
1,2022-04-03,2022-04-08,outer_test,True,,2021-07-26,2021-08-30,2021-10-10,6ed147cd585e5e8083292683f9be3cf585e97e4d46fa0e3224d24a4e2b42cbbb,f83baf5732ffbf88b9a448a3d9ab9fa270f7495fe44d1559c1ac49795a30881a,h5_fold1_fully_nested_v1
1,2022-04-04,2022-04-09,outer_test,True,,2021-07-26,2021-08-30,2021-10-10,6ed147cd585e5e8083292683f9be3cf585e97e4d46fa0e3224d24a4e2b42cbbb,f83baf5732ffbf88b9a448a3d9ab9fa270f7495fe44d1559c1ac49795a30881a,h5_fold1_fully_nested_v1
1,2022-04-05,2022-04-10,outer_test,True,,2021-07-26,2021-08-30,2021-10-10,6ed147cd585e5e8083292683f9be3cf585e97e4d46fa0e3224d24a4e2b42cbbb,f83baf5732ffbf88b9a448a3d9ab9fa270f7495fe44d1559c1ac49795a30881a,h5_fold1_fully_nested_v1
1,2022-04-06,2022-04-11,outer_test,True,,2021-07-26,2021-08-30,2021-10-10,6ed147cd585e5e8083292683f9be3cf585e97e4d46fa0e3224d24a4e2b42cbbb,f83baf5732ffbf88b9a448a3d9ab9fa270f7495fe44d1559c1ac49795a30881a,h5_fold1_fully_nested_v1
1,2022-04-07,2022-04-12,outer_test,True,,2021-07-26,2021-08-30,2021-10-10,6ed147cd585e5e8083292683f9be3cf585e97e4d46fa0e3224d24a4e2b42cbbb,f83baf5732ffbf88b9a448a3d9ab9fa270f7495fe44d1559c1ac49795a30881a,h5_fold1_fully_nested_v1
1,2022-04-08,2022-04-13,outer_test,True,,2021-07-26,2021-08-30,2021-10-10,6ed147cd585e5e8083292683f9be3cf585e97e4d46fa0e3224d24a4e2b42cbbb,f83baf5732ffbf88b9a448a3d9ab9fa270f7495fe44d1559c1ac49795a30881a,h5_fold1_fully_nested_v1
1,2022-04-09,2022-04-14,outer_test,True,,2021-07-26,2021-08-30,2021-10-10,6ed147cd585e5e8083292683f9be3cf585e97e4d46fa0e3224d24a4e2b42cbbb,f83baf5732ffbf88b9a448a3d9ab9fa270f7495fe44d1559c1ac49795a30881a,h5_fold1_fully_nested_v1
1,2022-04-10,2022-04-15,outer_test,True,,2021-07-26,2021-08-30,2021-10-10,6ed147cd585e5e8083292683f9be3cf585e97e4d46fa0e3224d24a4e2b42cbbb,f83baf5732ffbf88b9a448a3d9ab9fa270f7495fe44d1559c1ac49795a30881a,h5_fold1_fully_nested_v1
1,2022-04-11,2022-04-16,outer_test,True,,2021-07-26,2021-08-30,2021-10-10,6ed147cd585e5e8083292683f9be3cf585e97e4d46fa0e3224d24a4e2b42cbbb,f83baf5732ffbf88b9a448a3d9ab9fa270f7495fe44d1559c1ac49795a30881a,h5_fold1_fully_nested_v1
1,2022-04-12,2022-04-17,outer_test,True,,2021-07-26,2021-08-30,2021-10-10,6ed147cd585e5e8083292683f9be3cf585e97e4d46fa0e3224d24a4e2b42cbbb,f83baf5732ffbf88b9a448a3d9ab9fa270f7495fe44d1559c1ac49795a30881a,h5_fold1_fully_nested_v1
1,2022-04-13,2022-04-18,outer_test,True,,2021-07-26,2021-08-30,2021-10-10,6ed147cd585e5e8083292683f9be3cf585e97e4d46fa0e3224d24a4e2b42cbbb,f83baf5732ffbf88b9a448a3d9ab9fa270f7495fe44d1559c1ac49795a30881a,h5_fold1_fully_nested_v1
1,2022-04-14,2022-04-19,outer_test,True,,2021-07-26,2021-08-30,2021-10-10,6ed147cd585e5e8083292683f9be3cf585e97e4d46fa0e3224d24a4e2b42cbbb,f83baf5732ffbf88b9a448a3d9ab9fa270f7495fe44d1559c1ac49795a30881a,h5_fold1_fully_nested_v1
1,2022-04-15,2022-04-20,outer_test,True,,2021-07-26,2021-08-30,2021-10-10,6ed147cd585e5e8083292683f9be3cf585e97e4d46fa0e3224d24a4e2b42cbbb,f83baf5732ffbf88b9a448a3d9ab9fa270f7495fe44d1559c1ac49795a30881a,h5_fold1_fully_nested_v1
1,2022-04-16,2022-04-21,outer_test,True,,2021-07-26,2021-08-30,2021-10-10,6ed147cd585e5e8083292683f9be3cf585e97e4d46fa0e3224d24a4e2b42cbbb,f83baf5732ffbf88b9a448a3d9ab9fa270f7495fe44d1559c1ac49795a30881a,h5_fold1_fully_nested_v1
1,2022-04-17,2022-04-22,outer_test,True,,2021-07-26,2021-08-30,2021-10-10,6ed147cd585e5e8083292683f9be3cf585e97e4d46fa0e3224d24a4e2b42cbbb,f83baf5732ffbf88b9a448a3d9ab9fa270f7495fe44d1559c1ac49795a30881a,h5_fold1_fully_nested_v1
1,2022-04-18,2022-04-23,outer_test,True,,2021-07-26,2021-08-30,2021-10-10,6ed147cd585e5e8083292683f9be3cf585e97e4d46fa0e3224d24a4e2b42cbbb,f83baf5732ffbf88b9a448a3d9ab9fa270f7495fe44d1559c1ac49795a30881a,h5_fold1_fully_nested_v1
1,2022-04-19,2022-04-24,outer_test,True,,2021-07-26,2021-08-30,2021-10-10,6ed147cd585e5e8083292683f9be3cf585e97e4d46fa0e3224d24a4e2b42cbbb,f83baf5732ffbf88b9a448a3d9ab9fa270f7495fe44d1559c1ac49795a30881a,h5_fold1_fully_nested_v1
1,2022-04-20,2022-04-25,outer_test,True,,2021-07-26,2021-08-30,2021-10-10,6ed147cd585e5e8083292683f9be3cf585e97e4d46fa0e3224d24a4e2b42cbbb,f83baf5732ffbf88b9a448a3d9ab9fa270f7495fe44d1559c1ac49795a30881a,h5_fold1_fully_nested_v1
1,2022-04-21,2022-04-26,outer_test,True,,2021-07-26,2021-08-30,2021-10-10,6ed147cd585e5e8083292683f9be3cf585e97e4d46fa0e3224d24a4e2b42cbbb,f83baf5732ffbf88b9a448a3d9ab9fa270f7495fe44d1559c1ac49795a30881a,h5_fold1_fully_nested_v1
1,2022-04-22,2022-04-27,outer_test,True,,2021-07-26,2021-08-30,2021-10-10,6ed147cd585e5e8083292683f9be3cf585e97e4d46fa0e3224d24a4e2b42cbbb,f83baf5732ffbf88b9a448a3d9ab9fa270f7495fe44d1559c1ac49795a30881a,h5_fold1_fully_nested_v1
1,2022-04-23,2022-04-28,outer_test,True,,2021-07-26,2021-08-30,2021-10-10,6ed147cd585e5e8083292683f9be3cf585e97e4d46fa0e3224d24a4e2b42cbbb,f83baf5732ffbf88b9a448a3d9ab9fa270f7495fe44d1559c1ac49795a30881a,h5_fold1_fully_nested_v1
1,2022-04-24,2022-04-29,outer_test,True,,2021-07-26,2021-08-30,2021-10-10,6ed147cd585e5e8083292683f9be3cf585e97e4d46fa0e3224d24a4e2b42cbbb,f83baf5732ffbf88b9a448a3d9ab9fa270f7495fe44d1559c1ac49795a30881a,h5_fold1_fully_nested_v1
1,2022-04-25,2022-04-30,outer_test,True,,2021-07-26,2021-08-30,2021-10-10,6ed147cd585e5e8083292683f9be3cf585e97e4d46fa0e3224d24a4e2b42cbbb,f83baf5732ffbf88b9a448a3d9ab9fa270f7495fe44d1559c1ac49795a30881a,h5_fold1_fully_nested_v1
1,2022-04-26,2022-05-01,outer_test,True,,2021-07-26,2021-08-30,2021-10-10,6ed147cd585e5e8083292683f9be3cf585e97e4d46fa0e3224d24a4e2b42cbbb,f83baf5732ffbf88b9a448a3d9ab9fa270f7495fe44d1559c1ac49795a30881a,h5_fold1_fully_nested_v1
1,2022-04-27,2022-05-02,outer_test,True,,2021-07-26,2021-08-30,2021-10-10,6ed147cd585e5e8083292683f9be3cf585e97e4d46fa0e3224d24a4e2b42cbbb,f83baf5732ffbf88b9a448a3d9ab9fa270f7495fe44d1559c1ac49795a30881a,h5_fold1_fully_nested_v1
1,2022-04-28,2022-05-03,outer_test,True,,2021-07-26,2021-08-30,2021-10-10,6ed147cd585e5e8083292683f9be3cf585e97e4d46fa0e3224d24a4e2b42cbbb,f83baf5732ffbf88b9a448a3d9ab9fa270f7495fe44d1559c1ac49795a30881a,h5_fold1_fully_nested_v1
1,2022-04-29,2022-05-04,outer_test,True,,2021-07-26,2021-08-30,2021-10-10,6ed147cd585e5e8083292683f9be3cf585e97e4d46fa0e3224d24a4e2b42cbbb,f83baf5732ffbf88b9a448a3d9ab9fa270f7495fe44d1559c1ac49795a30881a,h5_fold1_fully_nested_v1
1,2022-04-30,2022-05-05,outer_test,True,,2021-07-26,2021-08-30,2021-10-10,6ed147cd585e5e8083292683f9be3cf585e97e4d46fa0e3224d24a4e2b42cbbb,f83baf5732ffbf88b9a448a3d9ab9fa270f7495fe44d1559c1ac49795a30881a,h5_fold1_fully_nested_v1
1,2022-05-01,2022-05-06,outer_test,True,,2021-07-26,2021-08-30,2021-10-10,6ed147cd585e5e8083292683f9be3cf585e97e4d46fa0e3224d24a4e2b42cbbb,f83baf5732ffbf88b9a448a3d9ab9fa270f7495fe44d1559c1ac49795a30881a,h5_fold1_fully_nested_v1
1,2022-05-02,2022-05-07,outer_test,True,,2021-07-26,2021-08-30,2021-10-10,6ed147cd585e5e8083292683f9be3cf585e97e4d46fa0e3224d24a4e2b42cbbb,f83baf5732ffbf88b9a448a3d9ab9fa270f7495fe44d1559c1ac49795a30881a,h5_fold1_fully_nested_v1
1,2022-05-03,2022-05-08,outer_test,True,,2021-07-26,2021-08-30,2021-10-10,6ed147cd585e5e8083292683f9be3cf585e97e4d46fa0e3224d24a4e2b42cbbb,f83baf5732ffbf88b9a448a3d9ab9fa270f7495fe44d1559c1ac49795a30881a,h5_fold1_fully_nested_v1
1,2022-05-04,2022-05-09,outer_test,True,,2021-07-26,2021-08-30,2021-10-10,6ed147cd585e5e8083292683f9be3cf585e97e4d46fa0e3224d24a4e2b42cbbb,f83baf5732ffbf88b9a448a3d9ab9fa270f7495fe44d1559c1ac49795a30881a,h5_fold1_fully_nested_v1
1,2022-05-05,2022-05-10,outer_test,True,,2021-07-26,2021-08-30,2021-10-10,6ed147cd585e5e8083292683f9be3cf585e97e4d46fa0e3224d24a4e2b42cbbb,f83baf5732ffbf88b9a448a3d9ab9fa270f7495fe44d1559c1ac49795a30881a,h5_fold1_fully_nested_v1
1,2022-05-06,2022-05-11,outer_test,True,,2021-07-26,2021-08-30,2021-10-10,6ed147cd585e5e8083292683f9be3cf585e97e4d46fa0e3224d24a4e2b42cbbb,f83baf5732ffbf88b9a448a3d9ab9fa270f7495fe44d1559c1ac49795a30881a,h5_fold1_fully_nested_v1
1,2022-05-07,2022-05-12,outer_test,True,,2021-07-26,2021-08-30,2021-10-10,6ed147cd585e5e8083292683f9be3cf585e97e4d46fa0e3224d24a4e2b42cbbb,f83baf5732ffbf88b9a448a3d9ab9fa270f7495fe44d1559c1ac49795a30881a,h5_fold1_fully_nested_v1
1,2022-05-08,2022-05-13,outer_test,True,,2021-07-26,2021-08-30,2021-10-10,6ed147cd585e5e8083292683f9be3cf585e97e4d46fa0e3224d24a4e2b42cbbb,f83baf5732ffbf88b9a448a3d9ab9fa270f7495fe44d1559c1ac49795a30881a,h5_fold1_fully_nested_v1
1,2022-05-09,2022-05-14,outer_test,True,,2021-07-26,2021-08-30,2021-10-10,6ed147cd585e5e8083292683f9be3cf585e97e4d46fa0e3224d24a4e2b42cbbb,f83baf5732ffbf88b9a448a3d9ab9fa270f7495fe44d1559c1ac49795a30881a,h5_fold1_fully_nested_v1
1,2022-05-10,2022-05-15,outer_test,True,,2021-07-26,2021-08-30,2021-10-10,6ed147cd585e5e8083292683f9be3cf585e97e4d46fa0e3224d24a4e2b42cbbb,f83baf5732ffbf88b9a448a3d9ab9fa270f7495fe44d1559c1ac49795a30881a,h5_fold1_fully_nested_v1
1,2022-05-11,2022-05-16,outer_test,True,,2021-07-26,2021-08-30,2021-10-10,6ed147cd585e5e8083292683f9be3cf585e97e4d46fa0e3224d24a4e2b42cbbb,f83baf5732ffbf88b9a448a3d9ab9fa270f7495fe44d1559c1ac49795a30881a,h5_fold1_fully_nested_v1
1,2022-05-12,2022-05-17,outer_test,True,,2021-07-26,2021-08-30,2021-10-10,6ed147cd585e5e8083292683f9be3cf585e97e4d46fa0e3224d24a4e2b42cbbb,f83baf5732ffbf88b9a448a3d9ab9fa270f7495fe44d1559c1ac49795a30881a,h5_fold1_fully_nested_v1
1,2022-05-13,2022-05-18,outer_test,True,,2021-07-26,2021-08-30,2021-10-10,6ed147cd585e5e8083292683f9be3cf585e97e4d46fa0e3224d24a4e2b42cbbb,f83baf5732ffbf88b9a448a3d9ab9fa270f7495fe44d1559c1ac49795a30881a,h5_fold1_fully_nested_v1
1,2022-05-14,2022-05-19,outer_test,True,,2021-07-26,2021-08-30,2021-10-10,6ed147cd585e5e8083292683f9be3cf585e97e4d46fa0e3224d24a4e2b42cbbb,f83baf5732ffbf88b9a448a3d9ab9fa270f7495fe44d1559c1ac49795a30881a,h5_fold1_fully_nested_v1
1,2022-05-15,2022-05-20,outer_test,True,,2021-07-26,2021-08-30,2021-10-10,6ed147cd585e5e8083292683f9be3cf585e97e4d46fa0e3224d24a4e2b42cbbb,f83baf5732ffbf88b9a448a3d9ab9fa270f7495fe44d1559c1ac49795a30881a,h5_fold1_fully_nested_v1
1,2022-05-16,2022-05-21,outer_test,True,,2021-07-26,2021-08-30,2021-10-10,6ed147cd585e5e8083292683f9be3cf585e97e4d46fa0e3224d24a4e2b42cbbb,f83baf5732ffbf88b9a448a3d9ab9fa270f7495fe44d1559c1ac49795a30881a,h5_fold1_fully_nested_v1
1,2022-05-17,2022-05-22,outer_test,True,,2021-07-26,2021-08-30,2021-10-10,6ed147cd585e5e8083292683f9be3cf585e97e4d46fa0e3224d24a4e2b42cbbb,f83baf5732ffbf88b9a448a3d9ab9fa270f7495fe44d1559c1ac49795a30881a,h5_fold1_fully_nested_v1
1,2022-05-18,2022-05-23,outer_test,True,,2021-07-26,2021-08-30,2021-10-10,6ed147cd585e5e8083292683f9be3cf585e97e4d46fa0e3224d24a4e2b42cbbb,f83baf5732ffbf88b9a448a3d9ab9fa270f7495fe44d1559c1ac49795a30881a,h5_fold1_fully_nested_v1
1,2022-05-19,2022-05-24,outer_test,True,,2021-07-26,2021-08-30,2021-10-10,6ed147cd585e5e8083292683f9be3cf585e97e4d46fa0e3224d24a4e2b42cbbb,f83baf5732ffbf88b9a448a3d9ab9fa270f7495fe44d1559c1ac49795a30881a,h5_fold1_fully_nested_v1
1,2022-05-20,2022-05-25,outer_test,True,,2021-07-26,2021-08-30,2021-10-10,6ed147cd585e5e8083292683f9be3cf585e97e4d46fa0e3224d24a4e2b42cbbb,f83baf5732ffbf88b9a448a3d9ab9fa270f7495fe44d1559c1ac49795a30881a,h5_fold1_fully_nested_v1
1,2022-05-21,2022-05-26,outer_test,True,,2021-07-26,2021-08-30,2021-10-10,6ed147cd585e5e8083292683f9be3cf585e97e4d46fa0e3224d24a4e2b42cbbb,f83baf5732ffbf88b9a448a3d9ab9fa270f7495fe44d1559c1ac49795a30881a,h5_fold1_fully_nested_v1
1,2022-05-22,2022-05-27,outer_test,True,,2021-07-26,2021-08-30,2021-10-10,6ed147cd585e5e8083292683f9be3cf585e97e4d46fa0e3224d24a4e2b42cbbb,f83baf5732ffbf88b9a448a3d9ab9fa270f7495fe44d1559c1ac49795a30881a,h5_fold1_fully_nested_v1
1,2022-05-23,2022-05-28,outer_test,True,,2021-07-26,2021-08-30,2021-10-10,6ed147cd585e5e8083292683f9be3cf585e97e4d46fa0e3224d24a4e2b42cbbb,f83baf5732ffbf88b9a448a3d9ab9fa270f7495fe44d1559c1ac49795a30881a,h5_fold1_fully_nested_v1
1,2022-05-24,2022-05-29,outer_test,True,,2021-07-26,2021-08-30,2021-10-10,6ed147cd585e5e8083292683f9be3cf585e97e4d46fa0e3224d24a4e2b42cbbb,f83baf5732ffbf88b9a448a3d9ab9fa270f7495fe44d1559c1ac49795a30881a,h5_fold1_fully_nested_v1
1,2022-05-25,2022-05-30,outer_test,True,,2021-07-26,2021-08-30,2021-10-10,6ed147cd585e5e8083292683f9be3cf585e97e4d46fa0e3224d24a4e2b42cbbb,f83baf5732ffbf88b9a448a3d9ab9fa270f7495fe44d1559c1ac49795a30881a,h5_fold1_fully_nested_v1
1,2022-05-26,2022-05-31,outer_test,True,,2021-07-26,2021-08-30,2021-10-10,6ed147cd585e5e8083292683f9be3cf585e97e4d46fa0e3224d24a4e2b42cbbb,f83baf5732ffbf88b9a448a3d9ab9fa270f7495fe44d1559c1ac49795a30881a,h5_fold1_fully_nested_v1
1,2022-05-27,2022-06-01,outer_test,True,,2021-07-26,2021-08-30,2021-10-10,6ed147cd585e5e8083292683f9be3cf585e97e4d46fa0e3224d24a4e2b42cbbb,f83baf5732ffbf88b9a448a3d9ab9fa270f7495fe44d1559c1ac49795a30881a,h5_fold1_fully_nested_v1
1,2022-05-28,2022-06-02,outer_test,True,,2021-07-26,2021-08-30,2021-10-10,6ed147cd585e5e8083292683f9be3cf585e97e4d46fa0e3224d24a4e2b42cbbb,f83baf5732ffbf88b9a448a3d9ab9fa270f7495fe44d1559c1ac49795a30881a,h5_fold1_fully_nested_v1
1,2022-05-29,2022-06-03,outer_test,True,,2021-07-26,2021-08-30,2021-10-10,6ed147cd585e5e8083292683f9be3cf585e97e4d46fa0e3224d24a4e2b42cbbb,f83baf5732ffbf88b9a448a3d9ab9fa270f7495fe44d1559c1ac49795a30881a,h5_fold1_fully_nested_v1
1,2022-05-30,2022-06-04,outer_test,True,,2021-07-26,2021-08-30,2021-10-10,6ed147cd585e5e8083292683f9be3cf585e97e4d46fa0e3224d24a4e2b42cbbb,f83baf5732ffbf88b9a448a3d9ab9fa270f7495fe44d1559c1ac49795a30881a,h5_fold1_fully_nested_v1
1,2022-05-31,2022-06-05,outer_test,True,,2021-07-26,2021-08-30,2021-10-10,6ed147cd585e5e8083292683f9be3cf585e97e4d46fa0e3224d24a4e2b42cbbb,f83baf5732ffbf88b9a448a3d9ab9fa270f7495fe44d1559c1ac49795a30881a,h5_fold1_fully_nested_v1
1,2022-06-01,2022-06-06,outer_test,True,,2021-07-26,2021-08-30,2021-10-10,6ed147cd585e5e8083292683f9be3cf585e97e4d46fa0e3224d24a4e2b42cbbb,f83baf5732ffbf88b9a448a3d9ab9fa270f7495fe44d1559c1ac49795a30881a,h5_fold1_fully_nested_v1
1,2022-06-02,2022-06-07,outer_test,True,,2021-07-26,2021-08-30,2021-10-10,6ed147cd585e5e8083292683f9be3cf585e97e4d46fa0e3224d24a4e2b42cbbb,f83baf5732ffbf88b9a448a3d9ab9fa270f7495fe44d1559c1ac49795a30881a,h5_fold1_fully_nested_v1
1,2022-06-03,2022-06-08,outer_test,True,,2021-07-26,2021-08-30,2021-10-10,6ed147cd585e5e8083292683f9be3cf585e97e4d46fa0e3224d24a4e2b42cbbb,f83baf5732ffbf88b9a448a3d9ab9fa270f7495fe44d1559c1ac49795a30881a,h5_fold1_fully_nested_v1
1,2022-06-04,2022-06-09,outer_test,True,,2021-07-26,2021-08-30,2021-10-10,6ed147cd585e5e8083292683f9be3cf585e97e4d46fa0e3224d24a4e2b42cbbb,f83baf5732ffbf88b9a448a3d9ab9fa270f7495fe44d1559c1ac49795a30881a,h5_fold1_fully_nested_v1
1,2022-06-05,2022-06-10,outer_test,True,,2021-07-26,2021-08-30,2021-10-10,6ed147cd585e5e8083292683f9be3cf585e97e4d46fa0e3224d24a4e2b42cbbb,f83baf5732ffbf88b9a448a3d9ab9fa270f7495fe44d1559c1ac49795a30881a,h5_fold1_fully_nested_v1
1,2022-06-06,2022-06-11,outer_test,True,,2021-07-26,2021-08-30,2021-10-10,6ed147cd585e5e8083292683f9be3cf585e97e4d46fa0e3224d24a4e2b42cbbb,f83baf5732ffbf88b9a448a3d9ab9fa270f7495fe44d1559c1ac49795a30881a,h5_fold1_fully_nested_v1
1,2022-06-07,2022-06-12,outer_test,True,,2021-07-26,2021-08-30,2021-10-10,6ed147cd585e5e8083292683f9be3cf585e97e4d46fa0e3224d24a4e2b42cbbb,f83baf5732ffbf88b9a448a3d9ab9fa270f7495fe44d1559c1ac49795a30881a,h5_fold1_fully_nested_v1
1,2022-06-08,2022-06-13,outer_test,True,,2021-07-26,2021-08-30,2021-10-10,6ed147cd585e5e8083292683f9be3cf585e97e4d46fa0e3224d24a4e2b42cbbb,f83baf5732ffbf88b9a448a3d9ab9fa270f7495fe44d1559c1ac49795a30881a,h5_fold1_fully_nested_v1
1,2022-06-09,2022-06-14,outer_test,True,,2021-07-26,2021-08-30,2021-10-10,6ed147cd585e5e8083292683f9be3cf585e97e4d46fa0e3224d24a4e2b42cbbb,f83baf5732ffbf88b9a448a3d9ab9fa270f7495fe44d1559c1ac49795a30881a,h5_fold1_fully_nested_v1
1,2022-06-10,2022-06-15,outer_test,True,,2021-07-26,2021-08-30,2021-10-10,6ed147cd585e5e8083292683f9be3cf585e97e4d46fa0e3224d24a4e2b42cbbb,f83baf5732ffbf88b9a448a3d9ab9fa270f7495fe44d1559c1ac49795a30881a,h5_fold1_fully_nested_v1
1,2022-06-11,2022-06-16,outer_test,True,,2021-07-26,2021-08-30,2021-10-10,6ed147cd585e5e8083292683f9be3cf585e97e4d46fa0e3224d24a4e2b42cbbb,f83baf5732ffbf88b9a448a3d9ab9fa270f7495fe44d1559c1ac49795a30881a,h5_fold1_fully_nested_v1
1,2022-06-12,2022-06-17,outer_test,True,,2021-07-26,2021-08-30,2021-10-10,6ed147cd585e5e8083292683f9be3cf585e97e4d46fa0e3224d24a4e2b42cbbb,f83baf5732ffbf88b9a448a3d9ab9fa270f7495fe44d1559c1ac49795a30881a,h5_fold1_fully_nested_v1
1,2022-06-13,2022-06-18,outer_test,True,,2021-07-26,2021-08-30,2021-10-10,6ed147cd585e5e8083292683f9be3cf585e97e4d46fa0e3224d24a4e2b42cbbb,f83baf5732ffbf88b9a448a3d9ab9fa270f7495fe44d1559c1ac49795a30881a,h5_fold1_fully_nested_v1
1,2022-06-14,2022-06-19,outer_test,True,,2021-07-26,2021-08-30,2021-10-10,6ed147cd585e5e8083292683f9be3cf585e97e4d46fa0e3224d24a4e2b42cbbb,f83baf5732ffbf88b9a448a3d9ab9fa270f7495fe44d1559c1ac49795a30881a,h5_fold1_fully_nested_v1
1,2022-06-15,2022-06-20,outer_test,True,,2021-07-26,2021-08-30,2021-10-10,6ed147cd585e5e8083292683f9be3cf585e97e4d46fa0e3224d24a4e2b42cbbb,f83baf5732ffbf88b9a448a3d9ab9fa270f7495fe44d1559c1ac49795a30881a,h5_fold1_fully_nested_v1
2,2021-02-03,2021-02-08,component_subtrain,True,,2022-01-22,2022-03-30,2022-06-16,6ed147cd585e5e8083292683f9be3cf585e97e4d46fa0e3224d24a4e2b42cbbb,f83baf5732ffbf88b9a448a3d9ab9fa270f7495fe44d1559c1ac49795a30881a,h5_fold2_fully_nested_v1
2,2021-02-04,2021-02-09,component_subtrain,True,,2022-01-22,2022-03-30,2022-06-16,6ed147cd585e5e8083292683f9be3cf585e97e4d46fa0e3224d24a4e2b42cbbb,f83baf5732ffbf88b9a448a3d9ab9fa270f7495fe44d1559c1ac49795a30881a,h5_fold2_fully_nested_v1
2,2021-02-05,2021-02-10,component_subtrain,True,,2022-01-22,2022-03-30,2022-06-16,6ed147cd585e5e8083292683f9be3cf585e97e4d46fa0e3224d24a4e2b42cbbb,f83baf5732ffbf88b9a448a3d9ab9fa270f7495fe44d1559c1ac49795a30881a,h5_fold2_fully_nested_v1
2,2021-02-06,2021-02-11,component_subtrain,True,,2022-01-22,2022-03-30,2022-06-16,6ed147cd585e5e8083292683f9be3cf585e97e4d46fa0e3224d24a4e2b42cbbb,f83baf5732ffbf88b9a448a3d9ab9fa270f7495fe44d1559c1ac49795a30881a,h5_fold2_fully_nested_v1
2,2021-02-07,2021-02-12,component_subtrain,True,,2022-01-22,2022-03-30,2022-06-16,6ed147cd585e5e8083292683f9be3cf585e97e4d46fa0e3224d24a4e2b42cbbb,f83baf5732ffbf88b9a448a3d9ab9fa270f7495fe44d1559c1ac49795a30881a,h5_fold2_fully_nested_v1
2,2021-02-08,2021-02-13,component_subtrain,True,,2022-01-22,2022-03-30,2022-06-16,6ed147cd585e5e8083292683f9be3cf585e97e4d46fa0e3224d24a4e2b42cbbb,f83baf5732ffbf88b9a448a3d9ab9fa270f7495fe44d1559c1ac49795a30881a,h5_fold2_fully_nested_v1
2,2021-02-09,2021-02-14,component_subtrain,True,,2022-01-22,2022-03-30,2022-06-16,6ed147cd585e5e8083292683f9be3cf585e97e4d46fa0e3224d24a4e2b42cbbb,f83baf5732ffbf88b9a448a3d9ab9fa270f7495fe44d1559c1ac49795a30881a,h5_fold2_fully_nested_v1
2,2021-02-10,2021-02-15,component_subtrain,True,,2022-01-22,2022-03-30,2022-06-16,6ed147cd585e5e8083292683f9be3cf585e97e4d46fa0e3224d24a4e2b42cbbb,f83baf5732ffbf88b9a448a3d9ab9fa270f7495fe44d1559c1ac49795a30881a,h5_fold2_fully_nested_v1
2,2021-02-11,2021-02-16,component_subtrain,True,,2022-01-22,2022-03-30,2022-06-16,6ed147cd585e5e8083292683f9be3cf585e97e4d46fa0e3224d24a4e2b42cbbb,f83baf5732ffbf88b9a448a3d9ab9fa270f7495fe44d1559c1ac49795a30881a,h5_fold2_fully_nested_v1
2,2021-02-12,2021-02-17,component_subtrain,True,,2022-01-22,2022-03-30,2022-06-16,6ed147cd585e5e8083292683f9be3cf585e97e4d46fa0e3224d24a4e2b42cbbb,f83baf5732ffbf88b9a448a3d9ab9fa270f7495fe44d1559c1ac49795a30881a,h5_fold2_fully_nested_v1
2,2021-02-13,2021-02-18,component_subtrain,True,,2022-01-22,2022-03-30,2022-06-16,6ed147cd585e5e8083292683f9be3cf585e97e4d46fa0e3224d24a4e2b42cbbb,f83baf5732ffbf88b9a448a3d9ab9fa270f7495fe44d1559c1ac49795a30881a,h5_fold2_fully_nested_v1
2,2021-02-14,2021-02-19,component_subtrain,True,,2022-01-22,2022-03-30,2022-06-16,6ed147cd585e5e8083292683f9be3cf585e97e4d46fa0e3224d24a4e2b42cbbb,f83baf5732ffbf88b9a448a3d9ab9fa270f7495fe44d1559c1ac49795a30881a,h5_fold2_fully_nested_v1
2,2021-02-15,2021-02-20,component_subtrain,True,,2022-01-22,2022-03-30,2022-06-16,6ed147cd585e5e8083292683f9be3cf585e97e4d46fa0e3224d24a4e2b42cbbb,f83baf5732ffbf88b9a448a3d9ab9fa270f7495fe44d1559c1ac49795a30881a,h5_fold2_fully_nested_v1
2,2021-02-16,2021-02-21,component_subtrain,True,,2022-01-22,2022-03-30,2022-06-16,6ed147cd585e5e8083292683f9be3cf585e97e4d46fa0e3224d24a4e2b42cbbb,f83baf5732ffbf88b9a448a3d9ab9fa270f7495fe44d1559c1ac49795a30881a,h5_fold2_fully_nested_v1
2,2021-02-17,2021-02-22,component_subtrain,True,,2022-01-22,2022-03-30,2022-06-16,6ed147cd585e5e8083292683f9be3cf585e97e4d46fa0e3224d24a4e2b42cbbb,f83baf5732ffbf88b9a448a3d9ab9fa270f7495fe44d1559c1ac49795a30881a,h5_fold2_fully_nested_v1
2,2021-02-18,2021-02-23,component_subtrain,True,,2022-01-22,2022-03-30,2022-06-16,6ed147cd585e5e8083292683f9be3cf585e97e4d46fa0e3224d24a4e2b42cbbb,f83baf5732ffbf88b9a448a3d9ab9fa270f7495fe44d1559c1ac49795a30881a,h5_fold2_fully_nested_v1
2,2021-02-19,2021-02-24,component_subtrain,True,,2022-01-22,2022-03-30,2022-06-16,6ed147cd585e5e8083292683f9be3cf585e97e4d46fa0e3224d24a4e2b42cbbb,f83baf5732ffbf88b9a448a3d9ab9fa270f7495fe44d1559c1ac49795a30881a,h5_fold2_fully_nested_v1
2,2021-02-20,2021-02-25,component_subtrain,True,,2022-01-22,2022-03-30,2022-06-16,6ed147cd585e5e8083292683f9be3cf585e97e4d46fa0e3224d24a4e2b42cbbb,f83baf5732ffbf88b9a448a3d9ab9fa270f7495fe44d1559c1ac49795a30881a,h5_fold2_fully_nested_v1
2,2021-02-21,2021-02-26,component_subtrain,True,,2022-01-22,2022-03-30,2022-06-16,6ed147cd585e5e8083292683f9be3cf585e97e4d46fa0e3224d24a4e2b42cbbb,f83baf5732ffbf88b9a448a3d9ab9fa270f7495fe44d1559c1ac49795a30881a,h5_fold2_fully_nested_v1
2,2021-02-22,2021-02-27,component_subtrain,True,,2022-01-22,2022-03-30,2022-06-16,6ed147cd585e5e8083292683f9be3cf585e97e4d46fa0e3224d24a4e2b42cbbb,f83baf5732ffbf88b9a448a3d9ab9fa270f7495fe44d1559c1ac49795a30881a,h5_fold2_fully_nested_v1
2,2021-02-23,2021-02-28,component_subtrain,True,,2022-01-22,2022-03-30,2022-06-16,6ed147cd585e5e8083292683f9be3cf585e97e4d46fa0e3224d24a4e2b42cbbb,f83baf5732ffbf88b9a448a3d9ab9fa270f7495fe44d1559c1ac49795a30881a,h5_fold2_fully_nested_v1
2,2021-02-24,2021-03-01,component_subtrain,True,,2022-01-22,2022-03-30,2022-06-16,6ed147cd585e5e8083292683f9be3cf585e97e4d46fa0e3224d24a4e2b42cbbb,f83baf5732ffbf88b9a448a3d9ab9fa270f7495fe44d1559c1ac49795a30881a,h5_fold2_fully_nested_v1
2,2021-02-25,2021-03-02,component_subtrain,True,,2022-01-22,2022-03-30,2022-06-16,6ed147cd585e5e8083292683f9be3cf585e97e4d46fa0e3224d24a4e2b42cbbb,f83baf5732ffbf88b9a448a3d9ab9fa270f7495fe44d1559c1ac49795a30881a,h5_fold2_fully_nested_v1
2,2021-02-26,2021-03-03,component_subtrain,True,,2022-01-22,2022-03-30,2022-06-16,6ed147cd585e5e8083292683f9be3cf585e97e4d46fa0e3224d24a4e2b42cbbb,f83baf5732ffbf88b9a448a3d9ab9fa270f7495fe44d1559c1ac49795a30881a,h5_fold2_fully_nested_v1
2,2021-02-27,2021-03-04,component_subtrain,True,,2022-01-22,2022-03-30,2022-06-16,6ed147cd585e5e8083292683f9be3cf585e97e4d46fa0e3224d24a4e2b42cbbb,f83baf5732ffbf88b9a448a3d9ab9fa270f7495fe44d1559c1ac49795a30881a,h5_fold2_fully_nested_v1
2,2021-02-28,2021-03-05,component_subtrain,True,,2022-01-22,2022-03-30,2022-06-16,6ed147cd585e5e8083292683f9be3cf585e97e4d46fa0e3224d24a4e2b42cbbb,f83baf5732ffbf88b9a448a3d9ab9fa270f7495fe44d1559c1ac49795a30881a,h5_fold2_fully_nested_v1
2,2021-03-01,2021-03-06,component_subtrain,True,,2022-01-22,2022-03-30,2022-06-16,6ed147cd585e5e8083292683f9be3cf585e97e4d46fa0e3224d24a4e2b42cbbb,f83baf5732ffbf88b9a448a3d9ab9fa270f7495fe44d1559c1ac49795a30881a,h5_fold2_fully_nested_v1
2,2021-03-02,2021-03-07,component_subtrain,True,,2022-01-22,2022-03-30,2022-06-16,6ed147cd585e5e8083292683f9be3cf585e97e4d46fa0e3224d24a4e2b42cbbb,f83baf5732ffbf88b9a448a3d9ab9fa270f7495fe44d1559c1ac49795a30881a,h5_fold2_fully_nested_v1
2,2021-03-03,2021-03-08,component_subtrain,True,,2022-01-22,2022-03-30,2022-06-16,6ed147cd585e5e8083292683f9be3cf585e97e4d46fa0e3224d24a4e2b42cbbb,f83baf5732ffbf88b9a448a3d9ab9fa270f7495fe44d1559c1ac49795a30881a,h5_fold2_fully_nested_v1
2,2021-03-04,2021-03-09,component_subtrain,True,,2022-01-22,2022-03-30,2022-06-16,6ed147cd585e5e8083292683f9be3cf585e97e4d46fa0e3224d24a4e2b42cbbb,f83baf5732ffbf88b9a448a3d9ab9fa270f7495fe44d1559c1ac49795a30881a,h5_fold2_fully_nested_v1
2,2021-03-05,2021-03-10,component_subtrain,True,,2022-01-22,2022-03-30,2022-06-16,6ed147cd585e5e8083292683f9be3cf585e97e4d46fa0e3224d24a4e2b42cbbb,f83baf5732ffbf88b9a448a3d9ab9fa270f7495fe44d1559c1ac49795a30881a,h5_fold2_fully_nested_v1
2,2021-03-06,2021-03-11,component_subtrain,True,,2022-01-22,2022-03-30,2022-06-16,6ed147cd585e5e8083292683f9be3cf585e97e4d46fa0e3224d24a4e2b42cbbb,f83baf5732ffbf88b9a448a3d9ab9fa270f7495fe44d1559c1ac49795a30881a,h5_fold2_fully_nested_v1
2,2021-03-07,2021-03-12,component_subtrain,True,,2022-01-22,2022-03-30,2022-06-16,6ed147cd585e5e8083292683f9be3cf585e97e4d46fa0e3224d24a4e2b42cbbb,f83baf5732ffbf88b9a448a3d9ab9fa270f7495fe44d1559c1ac49795a30881a,h5_fold2_fully_nested_v1
2,2021-03-08,2021-03-13,component_subtrain,True,,2022-01-22,2022-03-30,2022-06-16,6ed147cd585e5e8083292683f9be3cf585e97e4d46fa0e3224d24a4e2b42cbbb,f83baf5732ffbf88b9a448a3d9ab9fa270f7495fe44d1559c1ac49795a30881a,h5_fold2_fully_nested_v1
2,2021-03-09,2021-03-14,component_subtrain,True,,2022-01-22,2022-03-30,2022-06-16,6ed147cd585e5e8083292683f9be3cf585e97e4d46fa0e3224d24a4e2b42cbbb,f83baf5732ffbf88b9a448a3d9ab9fa270f7495fe44d1559c1ac49795a30881a,h5_fold2_fully_nested_v1
2,2021-03-10,2021-03-15,component_subtrain,True,,2022-01-22,2022-03-30,2022-06-16,6ed147cd585e5e8083292683f9be3cf585e97e4d46fa0e3224d24a4e2b42cbbb,f83baf5732ffbf88b9a448a3d9ab9fa270f7495fe44d1559c1ac49795a30881a,h5_fold2_fully_nested_v1
2,2021-03-11,2021-03-16,component_subtrain,True,,2022-01-22,2022-03-30,2022-06-16,6ed147cd585e5e8083292683f9be3cf585e97e4d46fa0e3224d24a4e2b42cbbb,f83baf5732ffbf88b9a448a3d9ab9fa270f7495fe44d1559c1ac49795a30881a,h5_fold2_fully_nested_v1
2,2021-03-12,2021-03-17,component_subtrain,True,,2022-01-22,2022-03-30,2022-06-16,6ed147cd585e5e8083292683f9be3cf585e97e4d46fa0e3224d24a4e2b42cbbb,f83baf5732ffbf88b9a448a3d9ab9fa270f7495fe44d1559c1ac49795a30881a,h5_fold2_fully_nested_v1
2,2021-03-13,2021-03-18,component_subtrain,True,,2022-01-22,2022-03-30,2022-06-16,6ed147cd585e5e8083292683f9be3cf585e97e4d46fa0e3224d24a4e2b42cbbb,f83baf5732ffbf88b9a448a3d9ab9fa270f7495fe44d1559c1ac49795a30881a,h5_fold2_fully_nested_v1
2,2021-03-14,2021-03-19,component_subtrain,True,,2022-01-22,2022-03-30,2022-06-16,6ed147cd585e5e8083292683f9be3cf585e97e4d46fa0e3224d24a4e2b42cbbb,f83baf5732ffbf88b9a448a3d9ab9fa270f7495fe44d1559c1ac49795a30881a,h5_fold2_fully_nested_v1
2,2021-03-15,2021-03-20,component_subtrain,True,,2022-01-22,2022-03-30,2022-06-16,6ed147cd585e5e8083292683f9be3cf585e97e4d46fa0e3224d24a4e2b42cbbb,f83baf5732ffbf88b9a448a3d9ab9fa270f7495fe44d1559c1ac49795a30881a,h5_fold2_fully_nested_v1
2,2021-03-16,2021-03-21,component_subtrain,True,,2022-01-22,2022-03-30,2022-06-16,6ed147cd585e5e8083292683f9be3cf585e97e4d46fa0e3224d24a4e2b42cbbb,f83baf5732ffbf88b9a448a3d9ab9fa270f7495fe44d1559c1ac49795a30881a,h5_fold2_fully_nested_v1
2,2021-03-17,2021-03-22,component_subtrain,True,,2022-01-22,2022-03-30,2022-06-16,6ed147cd585e5e8083292683f9be3cf585e97e4d46fa0e3224d24a4e2b42cbbb,f83baf5732ffbf88b9a448a3d9ab9fa270f7495fe44d1559c1ac49795a30881a,h5_fold2_fully_nested_v1
2,2021-03-18,2021-03-23,component_subtrain,True,,2022-01-22,2022-03-30,2022-06-16,6ed147cd585e5e8083292683f9be3cf585e97e4d46fa0e3224d24a4e2b42cbbb,f83baf5732ffbf88b9a448a3d9ab9fa270f7495fe44d1559c1ac49795a30881a,h5_fold2_fully_nested_v1
2,2021-03-19,2021-03-24,component_subtrain,True,,2022-01-22,2022-03-30,2022-06-16,6ed147cd585e5e8083292683f9be3cf585e97e4d46fa0e3224d24a4e2b42cbbb,f83baf5732ffbf88b9a448a3d9ab9fa270f7495fe44d1559c1ac49795a30881a,h5_fold2_fully_nested_v1
2,2021-03-20,2021-03-25,component_subtrain,True,,2022-01-22,2022-03-30,2022-06-16,6ed147cd585e5e8083292683f9be3cf585e97e4d46fa0e3224d24a4e2b42cbbb,f83baf5732ffbf88b9a448a3d9ab9fa270f7495fe44d1559c1ac49795a30881a,h5_fold2_fully_nested_v1
2,2021-03-21,2021-03-26,component_subtrain,True,,2022-01-22,2022-03-30,2022-06-16,6ed147cd585e5e8083292683f9be3cf585e97e4d46fa0e3224d24a4e2b42cbbb,f83baf5732ffbf88b9a448a3d9ab9fa270f7495fe44d1559c1ac49795a30881a,h5_fold2_fully_nested_v1
2,2021-03-22,2021-03-27,component_subtrain,True,,2022-01-22,2022-03-30,2022-06-16,6ed147cd585e5e8083292683f9be3cf585e97e4d46fa0e3224d24a4e2b42cbbb,f83baf5732ffbf88b9a448a3d9ab9fa270f7495fe44d1559c1ac49795a30881a,h5_fold2_fully_nested_v1
2,2021-03-23,2021-03-28,component_subtrain,True,,2022-01-22,2022-03-30,2022-06-16,6ed147cd585e5e8083292683f9be3cf585e97e4d46fa0e3224d24a4e2b42cbbb,f83baf5732ffbf88b9a448a3d9ab9fa270f7495fe44d1559c1ac49795a30881a,h5_fold2_fully_nested_v1
2,2021-03-24,2021-03-29,component_subtrain,True,,2022-01-22,2022-03-30,2022-06-16,6ed147cd585e5e8083292683f9be3cf585e97e4d46fa0e3224d24a4e2b42cbbb,f83baf5732ffbf88b9a448a3d9ab9fa270f7495fe44d1559c1ac49795a30881a,h5_fold2_fully_nested_v1
2,2021-03-25,2021-03-30,component_subtrain,True,,2022-01-22,2022-03-30,2022-06-16,6ed147cd585e5e8083292683f9be3cf585e97e4d46fa0e3224d24a4e2b42cbbb,f83baf5732ffbf88b9a448a3d9ab9fa270f7495fe44d1559c1ac49795a30881a,h5_fold2_fully_nested_v1
2,2021-03-26,2021-03-31,component_subtrain,True,,2022-01-22,2022-03-30,2022-06-16,6ed147cd585e5e8083292683f9be3cf585e97e4d46fa0e3224d24a4e2b42cbbb,f83baf5732ffbf88b9a448a3d9ab9fa270f7495fe44d1559c1ac49795a30881a,h5_fold2_fully_nested_v1
2,2021-03-27,2021-04-01,component_subtrain,True,,2022-01-22,2022-03-30,2022-06-16,6ed147cd585e5e8083292683f9be3cf585e97e4d46fa0e3224d24a4e2b42cbbb,f83baf5732ffbf88b9a448a3d9ab9fa270f7495fe44d1559c1ac49795a30881a,h5_fold2_fully_nested_v1
2,2021-03-28,2021-04-02,component_subtrain,True,,2022-01-22,2022-03-30,2022-06-16,6ed147cd585e5e8083292683f9be3cf585e97e4d46fa0e3224d24a4e2b42cbbb,f83baf5732ffbf88b9a448a3d9ab9fa270f7495fe44d1559c1ac49795a30881a,h5_fold2_fully_nested_v1
2,2021-03-29,2021-04-03,component_subtrain,True,,2022-01-22,2022-03-30,2022-06-16,6ed147cd585e5e8083292683f9be3cf585e97e4d46fa0e3224d24a4e2b42cbbb,f83baf5732ffbf88b9a448a3d9ab9fa270f7495fe44d1559c1ac49795a30881a,h5_fold2_fully_nested_v1
2,2021-03-30,2021-04-04,component_subtrain,True,,2022-01-22,2022-03-30,2022-06-16,6ed147cd585e5e8083292683f9be3cf585e97e4d46fa0e3224d24a4e2b42cbbb,f83baf5732ffbf88b9a448a3d9ab9fa270f7495fe44d1559c1ac49795a30881a,h5_fold2_fully_nested_v1
2,2021-03-31,2021-04-05,component_subtrain,True,,2022-01-22,2022-03-30,2022-06-16,6ed147cd585e5e8083292683f9be3cf585e97e4d46fa0e3224d24a4e2b42cbbb,f83baf5732ffbf88b9a448a3d9ab9fa270f7495fe44d1559c1ac49795a30881a,h5_fold2_fully_nested_v1
2,2021-04-01,2021-04-06,component_subtrain,True,,2022-01-22,2022-03-30,2022-06-16,6ed147cd585e5e8083292683f9be3cf585e97e4d46fa0e3224d24a4e2b42cbbb,f83baf5732ffbf88b9a448a3d9ab9fa270f7495fe44d1559c1ac49795a30881a,h5_fold2_fully_nested_v1
2,2021-04-02,2021-04-07,component_subtrain,True,,2022-01-22,2022-03-30,2022-06-16,6ed147cd585e5e8083292683f9be3cf585e97e4d46fa0e3224d24a4e2b42cbbb,f83baf5732ffbf88b9a448a3d9ab9fa270f7495fe44d1559c1ac49795a30881a,h5_fold2_fully_nested_v1
2,2021-04-03,2021-04-08,component_subtrain,True,,2022-01-22,2022-03-30,2022-06-16,6ed147cd585e5e8083292683f9be3cf585e97e4d46fa0e3224d24a4e2b42cbbb,f83baf5732ffbf88b9a448a3d9ab9fa270f7495fe44d1559c1ac49795a30881a,h5_fold2_fully_nested_v1
2,2021-04-04,2021-04-09,component_subtrain,True,,2022-01-22,2022-03-30,2022-06-16,6ed147cd585e5e8083292683f9be3cf585e97e4d46fa0e3224d24a4e2b42cbbb,f83baf5732ffbf88b9a448a3d9ab9fa270f7495fe44d1559c1ac49795a30881a,h5_fold2_fully_nested_v1
2,2021-04-05,2021-04-10,component_subtrain,True,,2022-01-22,2022-03-30,2022-06-16,6ed147cd585e5e8083292683f9be3cf585e97e4d46fa0e3224d24a4e2b42cbbb,f83baf5732ffbf88b9a448a3d9ab9fa270f7495fe44d1559c1ac49795a30881a,h5_fold2_fully_nested_v1
2,2021-04-06,2021-04-11,component_subtrain,True,,2022-01-22,2022-03-30,2022-06-16,6ed147cd585e5e8083292683f9be3cf585e97e4d46fa0e3224d24a4e2b42cbbb,f83baf5732ffbf88b9a448a3d9ab9fa270f7495fe44d1559c1ac49795a30881a,h5_fold2_fully_nested_v1
2,2021-04-07,2021-04-12,component_subtrain,True,,2022-01-22,2022-03-30,2022-06-16,6ed147cd585e5e8083292683f9be3cf585e97e4d46fa0e3224d24a4e2b42cbbb,f83baf5732ffbf88b9a448a3d9ab9fa270f7495fe44d1559c1ac49795a30881a,h5_fold2_fully_nested_v1
2,2021-04-08,2021-04-13,component_subtrain,True,,2022-01-22,2022-03-30,2022-06-16,6ed147cd585e5e8083292683f9be3cf585e97e4d46fa0e3224d24a4e2b42cbbb,f83baf5732ffbf88b9a448a3d9ab9fa270f7495fe44d1559c1ac49795a30881a,h5_fold2_fully_nested_v1
2,2021-04-09,2021-04-14,component_subtrain,True,,2022-01-22,2022-03-30,2022-06-16,6ed147cd585e5e8083292683f9be3cf585e97e4d46fa0e3224d24a4e2b42cbbb,f83baf5732ffbf88b9a448a3d9ab9fa270f7495fe44d1559c1ac49795a30881a,h5_fold2_fully_nested_v1
2,2021-04-10,2021-04-15,component_subtrain,True,,2022-01-22,2022-03-30,2022-06-16,6ed147cd585e5e8083292683f9be3cf585e97e4d46fa0e3224d24a4e2b42cbbb,f83baf5732ffbf88b9a448a3d9ab9fa270f7495fe44d1559c1ac49795a30881a,h5_fold2_fully_nested_v1
2,2021-04-11,2021-04-16,component_subtrain,True,,2022-01-22,2022-03-30,2022-06-16,6ed147cd585e5e8083292683f9be3cf585e97e4d46fa0e3224d24a4e2b42cbbb,f83baf5732ffbf88b9a448a3d9ab9fa270f7495fe44d1559c1ac49795a30881a,h5_fold2_fully_nested_v1
2,2021-04-12,2021-04-17,component_subtrain,True,,2022-01-22,2022-03-30,2022-06-16,6ed147cd585e5e8083292683f9be3cf585e97e4d46fa0e3224d24a4e2b42cbbb,f83baf5732ffbf88b9a448a3d9ab9fa270f7495fe44d1559c1ac49795a30881a,h5_fold2_fully_nested_v1
2,2021-04-13,2021-04-18,component_subtrain,True,,2022-01-22,2022-03-30,2022-06-16,6ed147cd585e5e8083292683f9be3cf585e97e4d46fa0e3224d24a4e2b42cbbb,f83baf5732ffbf88b9a448a3d9ab9fa270f7495fe44d1559c1ac49795a30881a,h5_fold2_fully_nested_v1
2,2021-04-14,2021-04-19,component_subtrain,True,,2022-01-22,2022-03-30,2022-06-16,6ed147cd585e5e8083292683f9be3cf585e97e4d46fa0e3224d24a4e2b42cbbb,f83baf5732ffbf88b9a448a3d9ab9fa270f7495fe44d1559c1ac49795a30881a,h5_fold2_fully_nested_v1
2,2021-04-15,2021-04-20,component_subtrain,True,,2022-01-22,2022-03-30,2022-06-16,6ed147cd585e5e8083292683f9be3cf585e97e4d46fa0e3224d24a4e2b42cbbb,f83baf5732ffbf88b9a448a3d9ab9fa270f7495fe44d1559c1ac49795a30881a,h5_fold2_fully_nested_v1
2,2021-04-16,2021-04-21,component_subtrain,True,,2022-01-22,2022-03-30,2022-06-16,6ed147cd585e5e8083292683f9be3cf585e97e4d46fa0e3224d24a4e2b42cbbb,f83baf5732ffbf88b9a448a3d9ab9fa270f7495fe44d1559c1ac49795a30881a,h5_fold2_fully_nested_v1
2,2021-04-17,2021-04-22,component_subtrain,True,,2022-01-22,2022-03-30,2022-06-16,6ed147cd585e5e8083292683f9be3cf585e97e4d46fa0e3224d24a4e2b42cbbb,f83baf5732ffbf88b9a448a3d9ab9fa270f7495fe44d1559c1ac49795a30881a,h5_fold2_fully_nested_v1
2,2021-04-18,2021-04-23,component_subtrain,True,,2022-01-22,2022-03-30,2022-06-16,6ed147cd585e5e8083292683f9be3cf585e97e4d46fa0e3224d24a4e2b42cbbb,f83baf5732ffbf88b9a448a3d9ab9fa270f7495fe44d1559c1ac49795a30881a,h5_fold2_fully_nested_v1
2,2021-04-19,2021-04-24,component_subtrain,True,,2022-01-22,2022-03-30,2022-06-16,6ed147cd585e5e8083292683f9be3cf585e97e4d46fa0e3224d24a4e2b42cbbb,f83baf5732ffbf88b9a448a3d9ab9fa270f7495fe44d1559c1ac49795a30881a,h5_fold2_fully_nested_v1
2,2021-04-20,2021-04-25,component_subtrain,True,,2022-01-22,2022-03-30,2022-06-16,6ed147cd585e5e8083292683f9be3cf585e97e4d46fa0e3224d24a4e2b42cbbb,f83baf5732ffbf88b9a448a3d9ab9fa270f7495fe44d1559c1ac49795a30881a,h5_fold2_fully_nested_v1
2,2021-04-21,2021-04-26,component_subtrain,True,,2022-01-22,2022-03-30,2022-06-16,6ed147cd585e5e8083292683f9be3cf585e97e4d46fa0e3224d24a4e2b42cbbb,f83baf5732ffbf88b9a448a3d9ab9fa270f7495fe44d1559c1ac49795a30881a,h5_fold2_fully_nested_v1
2,2021-04-22,2021-04-27,component_subtrain,True,,2022-01-22,2022-03-30,2022-06-16,6ed147cd585e5e8083292683f9be3cf585e97e4d46fa0e3224d24a4e2b42cbbb,f83baf5732ffbf88b9a448a3d9ab9fa270f7495fe44d1559c1ac49795a30881a,h5_fold2_fully_nested_v1
2,2021-04-23,2021-04-28,component_subtrain,True,,2022-01-22,2022-03-30,2022-06-16,6ed147cd585e5e8083292683f9be3cf585e97e4d46fa0e3224d24a4e2b42cbbb,f83baf5732ffbf88b9a448a3d9ab9fa270f7495fe44d1559c1ac49795a30881a,h5_fold2_fully_nested_v1
2,2021-04-24,2021-04-29,component_subtrain,True,,2022-01-22,2022-03-30,2022-06-16,6ed147cd585e5e8083292683f9be3cf585e97e4d46fa0e3224d24a4e2b42cbbb,f83baf5732ffbf88b9a448a3d9ab9fa270f7495fe44d1559c1ac49795a30881a,h5_fold2_fully_nested_v1
2,2021-04-25,2021-04-30,component_subtrain,True,,2022-01-22,2022-03-30,2022-06-16,6ed147cd585e5e8083292683f9be3cf585e97e4d46fa0e3224d24a4e2b42cbbb,f83baf5732ffbf88b9a448a3d9ab9fa270f7495fe44d1559c1ac49795a30881a,h5_fold2_fully_nested_v1
2,2021-04-26,2021-05-01,component_subtrain,True,,2022-01-22,2022-03-30,2022-06-16,6ed147cd585e5e8083292683f9be3cf585e97e4d46fa0e3224d24a4e2b42cbbb,f83baf5732ffbf88b9a448a3d9ab9fa270f7495fe44d1559c1ac49795a30881a,h5_fold2_fully_nested_v1
2,2021-04-27,2021-05-02,component_subtrain,True,,2022-01-22,2022-03-30,2022-06-16,6ed147cd585e5e8083292683f9be3cf585e97e4d46fa0e3224d24a4e2b42cbbb,f83baf5732ffbf88b9a448a3d9ab9fa270f7495fe44d1559c1ac49795a30881a,h5_fold2_fully_nested_v1
2,2021-04-28,2021-05-03,component_subtrain,True,,2022-01-22,2022-03-30,2022-06-16,6ed147cd585e5e8083292683f9be3cf585e97e4d46fa0e3224d24a4e2b42cbbb,f83baf5732ffbf88b9a448a3d9ab9fa270f7495fe44d1559c1ac49795a30881a,h5_fold2_fully_nested_v1
2,2021-04-29,2021-05-04,component_subtrain,True,,2022-01-22,2022-03-30,2022-06-16,6ed147cd585e5e8083292683f9be3cf585e97e4d46fa0e3224d24a4e2b42cbbb,f83baf5732ffbf88b9a448a3d9ab9fa270f7495fe44d1559c1ac49795a30881a,h5_fold2_fully_nested_v1
2,2021-04-30,2021-05-05,component_subtrain,True,,2022-01-22,2022-03-30,2022-06-16,6ed147cd585e5e8083292683f9be3cf585e97e4d46fa0e3224d24a4e2b42cbbb,f83baf5732ffbf88b9a448a3d9ab9fa270f7495fe44d1559c1ac49795a30881a,h5_fold2_fully_nested_v1
2,2021-05-01,2021-05-06,component_subtrain,True,,2022-01-22,2022-03-30,2022-06-16,6ed147cd585e5e8083292683f9be3cf585e97e4d46fa0e3224d24a4e2b42cbbb,f83baf5732ffbf88b9a448a3d9ab9fa270f7495fe44d1559c1ac49795a30881a,h5_fold2_fully_nested_v1
2,2021-05-02,2021-05-07,component_subtrain,True,,2022-01-22,2022-03-30,2022-06-16,6ed147cd585e5e8083292683f9be3cf585e97e4d46fa0e3224d24a4e2b42cbbb,f83baf5732ffbf88b9a448a3d9ab9fa270f7495fe44d1559c1ac49795a30881a,h5_fold2_fully_nested_v1
2,2021-05-03,2021-05-08,component_subtrain,True,,2022-01-22,2022-03-30,2022-06-16,6ed147cd585e5e8083292683f9be3cf585e97e4d46fa0e3224d24a4e2b42cbbb,f83baf5732ffbf88b9a448a3d9ab9fa270f7495fe44d1559c1ac49795a30881a,h5_fold2_fully_nested_v1
2,2021-05-04,2021-05-09,component_subtrain,True,,2022-01-22,2022-03-30,2022-06-16,6ed147cd585e5e8083292683f9be3cf585e97e4d46fa0e3224d24a4e2b42cbbb,f83baf5732ffbf88b9a448a3d9ab9fa270f7495fe44d1559c1ac49795a30881a,h5_fold2_fully_nested_v1
2,2021-05-05,2021-05-10,component_subtrain,True,,2022-01-22,2022-03-30,2022-06-16,6ed147cd585e5e8083292683f9be3cf585e97e4d46fa0e3224d24a4e2b42cbbb,f83baf5732ffbf88b9a448a3d9ab9fa270f7495fe44d1559c1ac49795a30881a,h5_fold2_fully_nested_v1
2,2021-05-06,2021-05-11,component_subtrain,True,,2022-01-22,2022-03-30,2022-06-16,6ed147cd585e5e8083292683f9be3cf585e97e4d46fa0e3224d24a4e2b42cbbb,f83baf5732ffbf88b9a448a3d9ab9fa270f7495fe44d1559c1ac49795a30881a,h5_fold2_fully_nested_v1
2,2021-05-07,2021-05-12,component_subtrain,True,,2022-01-22,2022-03-30,2022-06-16,6ed147cd585e5e8083292683f9be3cf585e97e4d46fa0e3224d24a4e2b42cbbb,f83baf5732ffbf88b9a448a3d9ab9fa270f7495fe44d1559c1ac49795a30881a,h5_fold2_fully_nested_v1
2,2021-05-08,2021-05-13,component_subtrain,True,,2022-01-22,2022-03-30,2022-06-16,6ed147cd585e5e8083292683f9be3cf585e97e4d46fa0e3224d24a4e2b42cbbb,f83baf5732ffbf88b9a448a3d9ab9fa270f7495fe44d1559c1ac49795a30881a,h5_fold2_fully_nested_v1
2,2021-05-09,2021-05-14,component_subtrain,True,,2022-01-22,2022-03-30,2022-06-16,6ed147cd585e5e8083292683f9be3cf585e97e4d46fa0e3224d24a4e2b42cbbb,f83baf5732ffbf88b9a448a3d9ab9fa270f7495fe44d1559c1ac49795a30881a,h5_fold2_fully_nested_v1
2,2021-05-10,2021-05-15,component_subtrain,True,,2022-01-22,2022-03-30,2022-06-16,6ed147cd585e5e8083292683f9be3cf585e97e4d46fa0e3224d24a4e2b42cbbb,f83baf5732ffbf88b9a448a3d9ab9fa270f7495fe44d1559c1ac49795a30881a,h5_fold2_fully_nested_v1
2,2021-05-11,2021-05-16,component_subtrain,True,,2022-01-22,2022-03-30,2022-06-16,6ed147cd585e5e8083292683f9be3cf585e97e4d46fa0e3224d24a4e2b42cbbb,f83baf5732ffbf88b9a448a3d9ab9fa270f7495fe44d1559c1ac49795a30881a,h5_fold2_fully_nested_v1
2,2021-05-12,2021-05-17,component_subtrain,True,,2022-01-22,2022-03-30,2022-06-16,6ed147cd585e5e8083292683f9be3cf585e97e4d46fa0e3224d24a4e2b42cbbb,f83baf5732ffbf88b9a448a3d9ab9fa270f7495fe44d1559c1ac49795a30881a,h5_fold2_fully_nested_v1
2,2021-05-13,2021-05-18,component_subtrain,True,,2022-01-22,2022-03-30,2022-06-16,6ed147cd585e5e8083292683f9be3cf585e97e4d46fa0e3224d24a4e2b42cbbb,f83baf5732ffbf88b9a448a3d9ab9fa270f7495fe44d1559c1ac49795a30881a,h5_fold2_fully_nested_v1
2,2021-05-14,2021-05-19,component_subtrain,True,,2022-01-22,2022-03-30,2022-06-16,6ed147cd585e5e8083292683f9be3cf585e97e4d46fa0e3224d24a4e2b42cbbb,f83baf5732ffbf88b9a448a3d9ab9fa270f7495fe44d1559c1ac49795a30881a,h5_fold2_fully_nested_v1
2,2021-05-15,2021-05-20,component_subtrain,True,,2022-01-22,2022-03-30,2022-06-16,6ed147cd585e5e8083292683f9be3cf585e97e4d46fa0e3224d24a4e2b42cbbb,f83baf5732ffbf88b9a448a3d9ab9fa270f7495fe44d1559c1ac49795a30881a,h5_fold2_fully_nested_v1
2,2021-05-16,2021-05-21,component_subtrain,True,,2022-01-22,2022-03-30,2022-06-16,6ed147cd585e5e8083292683f9be3cf585e97e4d46fa0e3224d24a4e2b42cbbb,f83baf5732ffbf88b9a448a3d9ab9fa270f7495fe44d1559c1ac49795a30881a,h5_fold2_fully_nested_v1
2,2021-05-17,2021-05-22,component_subtrain,True,,2022-01-22,2022-03-30,2022-06-16,6ed147cd585e5e8083292683f9be3cf585e97e4d46fa0e3224d24a4e2b42cbbb,f83baf5732ffbf88b9a448a3d9ab9fa270f7495fe44d1559c1ac49795a30881a,h5_fold2_fully_nested_v1
2,2021-05-18,2021-05-23,component_subtrain,True,,2022-01-22,2022-03-30,2022-06-16,6ed147cd585e5e8083292683f9be3cf585e97e4d46fa0e3224d24a4e2b42cbbb,f83baf5732ffbf88b9a448a3d9ab9fa270f7495fe44d1559c1ac49795a30881a,h5_fold2_fully_nested_v1
2,2021-05-19,2021-05-24,component_subtrain,True,,2022-01-22,2022-03-30,2022-06-16,6ed147cd585e5e8083292683f9be3cf585e97e4d46fa0e3224d24a4e2b42cbbb,f83baf5732ffbf88b9a448a3d9ab9fa270f7495fe44d1559c1ac49795a30881a,h5_fold2_fully_nested_v1
2,2021-05-20,2021-05-25,component_subtrain,True,,2022-01-22,2022-03-30,2022-06-16,6ed147cd585e5e8083292683f9be3cf585e97e4d46fa0e3224d24a4e2b42cbbb,f83baf5732ffbf88b9a448a3d9ab9fa270f7495fe44d1559c1ac49795a30881a,h5_fold2_fully_nested_v1
2,2021-05-21,2021-05-26,component_subtrain,True,,2022-01-22,2022-03-30,2022-06-16,6ed147cd585e5e8083292683f9be3cf585e97e4d46fa0e3224d24a4e2b42cbbb,f83baf5732ffbf88b9a448a3d9ab9fa270f7495fe44d1559c1ac49795a30881a,h5_fold2_fully_nested_v1
2,2021-05-22,2021-05-27,component_subtrain,True,,2022-01-22,2022-03-30,2022-06-16,6ed147cd585e5e8083292683f9be3cf585e97e4d46fa0e3224d24a4e2b42cbbb,f83baf5732ffbf88b9a448a3d9ab9fa270f7495fe44d1559c1ac49795a30881a,h5_fold2_fully_nested_v1
2,2021-05-23,2021-05-28,component_subtrain,True,,2022-01-22,2022-03-30,2022-06-16,6ed147cd585e5e8083292683f9be3cf585e97e4d46fa0e3224d24a4e2b42cbbb,f83baf5732ffbf88b9a448a3d9ab9fa270f7495fe44d1559c1ac49795a30881a,h5_fold2_fully_nested_v1
2,2021-05-24,2021-05-29,component_subtrain,True,,2022-01-22,2022-03-30,2022-06-16,6ed147cd585e5e8083292683f9be3cf585e97e4d46fa0e3224d24a4e2b42cbbb,f83baf5732ffbf88b9a448a3d9ab9fa270f7495fe44d1559c1ac49795a30881a,h5_fold2_fully_nested_v1
2,2021-05-25,2021-05-30,component_subtrain,True,,2022-01-22,2022-03-30,2022-06-16,6ed147cd585e5e8083292683f9be3cf585e97e4d46fa0e3224d24a4e2b42cbbb,f83baf5732ffbf88b9a448a3d9ab9fa270f7495fe44d1559c1ac49795a30881a,h5_fold2_fully_nested_v1
2,2021-05-26,2021-05-31,component_subtrain,True,,2022-01-22,2022-03-30,2022-06-16,6ed147cd585e5e8083292683f9be3cf585e97e4d46fa0e3224d24a4e2b42cbbb,f83baf5732ffbf88b9a448a3d9ab9fa270f7495fe44d1559c1ac49795a30881a,h5_fold2_fully_nested_v1
2,2021-05-27,2021-06-01,component_subtrain,True,,2022-01-22,2022-03-30,2022-06-16,6ed147cd585e5e8083292683f9be3cf585e97e4d46fa0e3224d24a4e2b42cbbb,f83baf5732ffbf88b9a448a3d9ab9fa270f7495fe44d1559c1ac49795a30881a,h5_fold2_fully_nested_v1
2,2021-05-28,2021-06-02,component_subtrain,True,,2022-01-22,2022-03-30,2022-06-16,6ed147cd585e5e8083292683f9be3cf585e97e4d46fa0e3224d24a4e2b42cbbb,f83baf5732ffbf88b9a448a3d9ab9fa270f7495fe44d1559c1ac49795a30881a,h5_fold2_fully_nested_v1
2,2021-05-29,2021-06-03,component_subtrain,True,,2022-01-22,2022-03-30,2022-06-16,6ed147cd585e5e8083292683f9be3cf585e97e4d46fa0e3224d24a4e2b42cbbb,f83baf5732ffbf88b9a448a3d9ab9fa270f7495fe44d1559c1ac49795a30881a,h5_fold2_fully_nested_v1
2,2021-05-30,2021-06-04,component_subtrain,True,,2022-01-22,2022-03-30,2022-06-16,6ed147cd585e5e8083292683f9be3cf585e97e4d46fa0e3224d24a4e2b42cbbb,f83baf5732ffbf88b9a448a3d9ab9fa270f7495fe44d1559c1ac49795a30881a,h5_fold2_fully_nested_v1
2,2021-05-31,2021-06-05,component_subtrain,True,,2022-01-22,2022-03-30,2022-06-16,6ed147cd585e5e8083292683f9be3cf585e97e4d46fa0e3224d24a4e2b42cbbb,f83baf5732ffbf88b9a448a3d9ab9fa270f7495fe44d1559c1ac49795a30881a,h5_fold2_fully_nested_v1
2,2021-06-01,2021-06-06,component_subtrain,True,,2022-01-22,2022-03-30,2022-06-16,6ed147cd585e5e8083292683f9be3cf585e97e4d46fa0e3224d24a4e2b42cbbb,f83baf5732ffbf88b9a448a3d9ab9fa270f7495fe44d1559c1ac49795a30881a,h5_fold2_fully_nested_v1
2,2021-06-02,2021-06-07,component_subtrain,True,,2022-01-22,2022-03-30,2022-06-16,6ed147cd585e5e8083292683f9be3cf585e97e4d46fa0e3224d24a4e2b42cbbb,f83baf5732ffbf88b9a448a3d9ab9fa270f7495fe44d1559c1ac49795a30881a,h5_fold2_fully_nested_v1
2,2021-06-03,2021-06-08,component_subtrain,True,,2022-01-22,2022-03-30,2022-06-16,6ed147cd585e5e8083292683f9be3cf585e97e4d46fa0e3224d24a4e2b42cbbb,f83baf5732ffbf88b9a448a3d9ab9fa270f7495fe44d1559c1ac49795a30881a,h5_fold2_fully_nested_v1
2,2021-06-04,2021-06-09,component_subtrain,True,,2022-01-22,2022-03-30,2022-06-16,6ed147cd585e5e8083292683f9be3cf585e97e4d46fa0e3224d24a4e2b42cbbb,f83baf5732ffbf88b9a448a3d9ab9fa270f7495fe44d1559c1ac49795a30881a,h5_fold2_fully_nested_v1
2,2021-06-05,2021-06-10,component_subtrain,True,,2022-01-22,2022-03-30,2022-06-16,6ed147cd585e5e8083292683f9be3cf585e97e4d46fa0e3224d24a4e2b42cbbb,f83baf5732ffbf88b9a448a3d9ab9fa270f7495fe44d1559c1ac49795a30881a,h5_fold2_fully_nested_v1
2,2021-06-06,2021-06-11,component_subtrain,True,,2022-01-22,2022-03-30,2022-06-16,6ed147cd585e5e8083292683f9be3cf585e97e4d46fa0e3224d24a4e2b42cbbb,f83baf5732ffbf88b9a448a3d9ab9fa270f7495fe44d1559c1ac49795a30881a,h5_fold2_fully_nested_v1
2,2021-06-07,2021-06-12,component_subtrain,True,,2022-01-22,2022-03-30,2022-06-16,6ed147cd585e5e8083292683f9be3cf585e97e4d46fa0e3224d24a4e2b42cbbb,f83baf5732ffbf88b9a448a3d9ab9fa270f7495fe44d1559c1ac49795a30881a,h5_fold2_fully_nested_v1
2,2021-06-08,2021-06-13,component_subtrain,True,,2022-01-22,2022-03-30,2022-06-16,6ed147cd585e5e8083292683f9be3cf585e97e4d46fa0e3224d24a4e2b42cbbb,f83baf5732ffbf88b9a448a3d9ab9fa270f7495fe44d1559c1ac49795a30881a,h5_fold2_fully_nested_v1
2,2021-06-09,2021-06-14,component_subtrain,True,,2022-01-22,2022-03-30,2022-06-16,6ed147cd585e5e8083292683f9be3cf585e97e4d46fa0e3224d24a4e2b42cbbb,f83baf5732ffbf88b9a448a3d9ab9fa270f7495fe44d1559c1ac49795a30881a,h5_fold2_fully_nested_v1
2,2021-06-10,2021-06-15,component_subtrain,True,,2022-01-22,2022-03-30,2022-06-16,6ed147cd585e5e8083292683f9be3cf585e97e4d46fa0e3224d24a4e2b42cbbb,f83baf5732ffbf88b9a448a3d9ab9fa270f7495fe44d1559c1ac49795a30881a,h5_fold2_fully_nested_v1
2,2021-06-11,2021-06-16,component_subtrain,True,,2022-01-22,2022-03-30,2022-06-16,6ed147cd585e5e8083292683f9be3cf585e97e4d46fa0e3224d24a4e2b42cbbb,f83baf5732ffbf88b9a448a3d9ab9fa270f7495fe44d1559c1ac49795a30881a,h5_fold2_fully_nested_v1
2,2021-06-12,2021-06-17,component_subtrain,True,,2022-01-22,2022-03-30,2022-06-16,6ed147cd585e5e8083292683f9be3cf585e97e4d46fa0e3224d24a4e2b42cbbb,f83baf5732ffbf88b9a448a3d9ab9fa270f7495fe44d1559c1ac49795a30881a,h5_fold2_fully_nested_v1
2,2021-06-13,2021-06-18,component_subtrain,True,,2022-01-22,2022-03-30,2022-06-16,6ed147cd585e5e8083292683f9be3cf585e97e4d46fa0e3224d24a4e2b42cbbb,f83baf5732ffbf88b9a448a3d9ab9fa270f7495fe44d1559c1ac49795a30881a,h5_fold2_fully_nested_v1
2,2021-06-14,2021-06-19,component_subtrain,True,,2022-01-22,2022-03-30,2022-06-16,6ed147cd585e5e8083292683f9be3cf585e97e4d46fa0e3224d24a4e2b42cbbb,f83baf5732ffbf88b9a448a3d9ab9fa270f7495fe44d1559c1ac49795a30881a,h5_fold2_fully_nested_v1
2,2021-06-15,2021-06-20,component_subtrain,True,,2022-01-22,2022-03-30,2022-06-16,6ed147cd585e5e8083292683f9be3cf585e97e4d46fa0e3224d24a4e2b42cbbb,f83baf5732ffbf88b9a448a3d9ab9fa270f7495fe44d1559c1ac49795a30881a,h5_fold2_fully_nested_v1
2,2021-06-16,2021-06-21,component_subtrain,True,,2022-01-22,2022-03-30,2022-06-16,6ed147cd585e5e8083292683f9be3cf585e97e4d46fa0e3224d24a4e2b42cbbb,f83baf5732ffbf88b9a448a3d9ab9fa270f7495fe44d1559c1ac49795a30881a,h5_fold2_fully_nested_v1
2,2021-06-17,2021-06-22,component_subtrain,True,,2022-01-22,2022-03-30,2022-06-16,6ed147cd585e5e8083292683f9be3cf585e97e4d46fa0e3224d24a4e2b42cbbb,f83baf5732ffbf88b9a448a3d9ab9fa270f7495fe44d1559c1ac49795a30881a,h5_fold2_fully_nested_v1
2,2021-06-18,2021-06-23,component_subtrain,True,,2022-01-22,2022-03-30,2022-06-16,6ed147cd585e5e8083292683f9be3cf585e97e4d46fa0e3224d24a4e2b42cbbb,f83baf5732ffbf88b9a448a3d9ab9fa270f7495fe44d1559c1ac49795a30881a,h5_fold2_fully_nested_v1
2,2021-06-19,2021-06-24,component_subtrain,True,,2022-01-22,2022-03-30,2022-06-16,6ed147cd585e5e8083292683f9be3cf585e97e4d46fa0e3224d24a4e2b42cbbb,f83baf5732ffbf88b9a448a3d9ab9fa270f7495fe44d1559c1ac49795a30881a,h5_fold2_fully_nested_v1
2,2021-06-20,2021-06-25,component_subtrain,True,,2022-01-22,2022-03-30,2022-06-16,6ed147cd585e5e8083292683f9be3cf585e97e4d46fa0e3224d24a4e2b42cbbb,f83baf5732ffbf88b9a448a3d9ab9fa270f7495fe44d1559c1ac49795a30881a,h5_fold2_fully_nested_v1
2,2021-06-21,2021-06-26,component_subtrain,True,,2022-01-22,2022-03-30,2022-06-16,6ed147cd585e5e8083292683f9be3cf585e97e4d46fa0e3224d24a4e2b42cbbb,f83baf5732ffbf88b9a448a3d9ab9fa270f7495fe44d1559c1ac49795a30881a,h5_fold2_fully_nested_v1
2,2021-06-22,2021-06-27,component_subtrain,True,,2022-01-22,2022-03-30,2022-06-16,6ed147cd585e5e8083292683f9be3cf585e97e4d46fa0e3224d24a4e2b42cbbb,f83baf5732ffbf88b9a448a3d9ab9fa270f7495fe44d1559c1ac49795a30881a,h5_fold2_fully_nested_v1
2,2021-06-23,2021-06-28,component_subtrain,True,,2022-01-22,2022-03-30,2022-06-16,6ed147cd585e5e8083292683f9be3cf585e97e4d46fa0e3224d24a4e2b42cbbb,f83baf5732ffbf88b9a448a3d9ab9fa270f7495fe44d1559c1ac49795a30881a,h5_fold2_fully_nested_v1
2,2021-06-24,2021-06-29,component_subtrain,True,,2022-01-22,2022-03-30,2022-06-16,6ed147cd585e5e8083292683f9be3cf585e97e4d46fa0e3224d24a4e2b42cbbb,f83baf5732ffbf88b9a448a3d9ab9fa270f7495fe44d1559c1ac49795a30881a,h5_fold2_fully_nested_v1
2,2021-06-25,2021-06-30,component_subtrain,True,,2022-01-22,2022-03-30,2022-06-16,6ed147cd585e5e8083292683f9be3cf585e97e4d46fa0e3224d24a4e2b42cbbb,f83baf5732ffbf88b9a448a3d9ab9fa270f7495fe44d1559c1ac49795a30881a,h5_fold2_fully_nested_v1
2,2021-06-26,2021-07-01,component_subtrain,True,,2022-01-22,2022-03-30,2022-06-16,6ed147cd585e5e8083292683f9be3cf585e97e4d46fa0e3224d24a4e2b42cbbb,f83baf5732ffbf88b9a448a3d9ab9fa270f7495fe44d1559c1ac49795a30881a,h5_fold2_fully_nested_v1
2,2021-06-27,2021-07-02,component_subtrain,True,,2022-01-22,2022-03-30,2022-06-16,6ed147cd585e5e8083292683f9be3cf585e97e4d46fa0e3224d24a4e2b42cbbb,f83baf5732ffbf88b9a448a3d9ab9fa270f7495fe44d1559c1ac49795a30881a,h5_fold2_fully_nested_v1
2,2021-06-28,2021-07-03,component_subtrain,True,,2022-01-22,2022-03-30,2022-06-16,6ed147cd585e5e8083292683f9be3cf585e97e4d46fa0e3224d24a4e2b42cbbb,f83baf5732ffbf88b9a448a3d9ab9fa270f7495fe44d1559c1ac49795a30881a,h5_fold2_fully_nested_v1
2,2021-06-29,2021-07-04,component_subtrain,True,,2022-01-22,2022-03-30,2022-06-16,6ed147cd585e5e8083292683f9be3cf585e97e4d46fa0e3224d24a4e2b42cbbb,f83baf5732ffbf88b9a448a3d9ab9fa270f7495fe44d1559c1ac49795a30881a,h5_fold2_fully_nested_v1
2,2021-06-30,2021-07-05,component_subtrain,True,,2022-01-22,2022-03-30,2022-06-16,6ed147cd585e5e8083292683f9be3cf585e97e4d46fa0e3224d24a4e2b42cbbb,f83baf5732ffbf88b9a448a3d9ab9fa270f7495fe44d1559c1ac49795a30881a,h5_fold2_fully_nested_v1
2,2021-07-01,2021-07-06,component_subtrain,True,,2022-01-22,2022-03-30,2022-06-16,6ed147cd585e5e8083292683f9be3cf585e97e4d46fa0e3224d24a4e2b42cbbb,f83baf5732ffbf88b9a448a3d9ab9fa270f7495fe44d1559c1ac49795a30881a,h5_fold2_fully_nested_v1
2,2021-07-02,2021-07-07,component_subtrain,True,,2022-01-22,2022-03-30,2022-06-16,6ed147cd585e5e8083292683f9be3cf585e97e4d46fa0e3224d24a4e2b42cbbb,f83baf5732ffbf88b9a448a3d9ab9fa270f7495fe44d1559c1ac49795a30881a,h5_fold2_fully_nested_v1
2,2021-07-03,2021-07-08,component_subtrain,True,,2022-01-22,2022-03-30,2022-06-16,6ed147cd585e5e8083292683f9be3cf585e97e4d46fa0e3224d24a4e2b42cbbb,f83baf5732ffbf88b9a448a3d9ab9fa270f7495fe44d1559c1ac49795a30881a,h5_fold2_fully_nested_v1
2,2021-07-04,2021-07-09,component_subtrain,True,,2022-01-22,2022-03-30,2022-06-16,6ed147cd585e5e8083292683f9be3cf585e97e4d46fa0e3224d24a4e2b42cbbb,f83baf5732ffbf88b9a448a3d9ab9fa270f7495fe44d1559c1ac49795a30881a,h5_fold2_fully_nested_v1
2,2021-07-05,2021-07-10,component_subtrain,True,,2022-01-22,2022-03-30,2022-06-16,6ed147cd585e5e8083292683f9be3cf585e97e4d46fa0e3224d24a4e2b42cbbb,f83baf5732ffbf88b9a448a3d9ab9fa270f7495fe44d1559c1ac49795a30881a,h5_fold2_fully_nested_v1
2,2021-07-06,2021-07-11,component_subtrain,True,,2022-01-22,2022-03-30,2022-06-16,6ed147cd585e5e8083292683f9be3cf585e97e4d46fa0e3224d24a4e2b42cbbb,f83baf5732ffbf88b9a448a3d9ab9fa270f7495fe44d1559c1ac49795a30881a,h5_fold2_fully_nested_v1
2,2021-07-07,2021-07-12,component_subtrain,True,,2022-01-22,2022-03-30,2022-06-16,6ed147cd585e5e8083292683f9be3cf585e97e4d46fa0e3224d24a4e2b42cbbb,f83baf5732ffbf88b9a448a3d9ab9fa270f7495fe44d1559c1ac49795a30881a,h5_fold2_fully_nested_v1
2,2021-07-08,2021-07-13,component_subtrain,True,,2022-01-22,2022-03-30,2022-06-16,6ed147cd585e5e8083292683f9be3cf585e97e4d46fa0e3224d24a4e2b42cbbb,f83baf5732ffbf88b9a448a3d9ab9fa270f7495fe44d1559c1ac49795a30881a,h5_fold2_fully_nested_v1
2,2021-07-09,2021-07-14,component_subtrain,True,,2022-01-22,2022-03-30,2022-06-16,6ed147cd585e5e8083292683f9be3cf585e97e4d46fa0e3224d24a4e2b42cbbb,f83baf5732ffbf88b9a448a3d9ab9fa270f7495fe44d1559c1ac49795a30881a,h5_fold2_fully_nested_v1
2,2021-07-10,2021-07-15,component_subtrain,True,,2022-01-22,2022-03-30,2022-06-16,6ed147cd585e5e8083292683f9be3cf585e97e4d46fa0e3224d24a4e2b42cbbb,f83baf5732ffbf88b9a448a3d9ab9fa270f7495fe44d1559c1ac49795a30881a,h5_fold2_fully_nested_v1
2,2021-07-11,2021-07-16,component_subtrain,True,,2022-01-22,2022-03-30,2022-06-16,6ed147cd585e5e8083292683f9be3cf585e97e4d46fa0e3224d24a4e2b42cbbb,f83baf5732ffbf88b9a448a3d9ab9fa270f7495fe44d1559c1ac49795a30881a,h5_fold2_fully_nested_v1
2,2021-07-12,2021-07-17,component_subtrain,True,,2022-01-22,2022-03-30,2022-06-16,6ed147cd585e5e8083292683f9be3cf585e97e4d46fa0e3224d24a4e2b42cbbb,f83baf5732ffbf88b9a448a3d9ab9fa270f7495fe44d1559c1ac49795a30881a,h5_fold2_fully_nested_v1
2,2021-07-13,2021-07-18,component_subtrain,True,,2022-01-22,2022-03-30,2022-06-16,6ed147cd585e5e8083292683f9be3cf585e97e4d46fa0e3224d24a4e2b42cbbb,f83baf5732ffbf88b9a448a3d9ab9fa270f7495fe44d1559c1ac49795a30881a,h5_fold2_fully_nested_v1
2,2021-07-14,2021-07-19,component_subtrain,True,,2022-01-22,2022-03-30,2022-06-16,6ed147cd585e5e8083292683f9be3cf585e97e4d46fa0e3224d24a4e2b42cbbb,f83baf5732ffbf88b9a448a3d9ab9fa270f7495fe44d1559c1ac49795a30881a,h5_fold2_fully_nested_v1
2,2021-07-15,2021-07-20,component_subtrain,True,,2022-01-22,2022-03-30,2022-06-16,6ed147cd585e5e8083292683f9be3cf585e97e4d46fa0e3224d24a4e2b42cbbb,f83baf5732ffbf88b9a448a3d9ab9fa270f7495fe44d1559c1ac49795a30881a,h5_fold2_fully_nested_v1
2,2021-07-16,2021-07-21,component_subtrain,True,,2022-01-22,2022-03-30,2022-06-16,6ed147cd585e5e8083292683f9be3cf585e97e4d46fa0e3224d24a4e2b42cbbb,f83baf5732ffbf88b9a448a3d9ab9fa270f7495fe44d1559c1ac49795a30881a,h5_fold2_fully_nested_v1
2,2021-07-17,2021-07-22,component_subtrain,True,,2022-01-22,2022-03-30,2022-06-16,6ed147cd585e5e8083292683f9be3cf585e97e4d46fa0e3224d24a4e2b42cbbb,f83baf5732ffbf88b9a448a3d9ab9fa270f7495fe44d1559c1ac49795a30881a,h5_fold2_fully_nested_v1
2,2021-07-18,2021-07-23,component_subtrain,True,,2022-01-22,2022-03-30,2022-06-16,6ed147cd585e5e8083292683f9be3cf585e97e4d46fa0e3224d24a4e2b42cbbb,f83baf5732ffbf88b9a448a3d9ab9fa270f7495fe44d1559c1ac49795a30881a,h5_fold2_fully_nested_v1
2,2021-07-19,2021-07-24,component_subtrain,True,,2022-01-22,2022-03-30,2022-06-16,6ed147cd585e5e8083292683f9be3cf585e97e4d46fa0e3224d24a4e2b42cbbb,f83baf5732ffbf88b9a448a3d9ab9fa270f7495fe44d1559c1ac49795a30881a,h5_fold2_fully_nested_v1
2,2021-07-20,2021-07-25,component_subtrain,True,,2022-01-22,2022-03-30,2022-06-16,6ed147cd585e5e8083292683f9be3cf585e97e4d46fa0e3224d24a4e2b42cbbb,f83baf5732ffbf88b9a448a3d9ab9fa270f7495fe44d1559c1ac49795a30881a,h5_fold2_fully_nested_v1
2,2021-07-21,2021-07-26,component_subtrain,True,,2022-01-22,2022-03-30,2022-06-16,6ed147cd585e5e8083292683f9be3cf585e97e4d46fa0e3224d24a4e2b42cbbb,f83baf5732ffbf88b9a448a3d9ab9fa270f7495fe44d1559c1ac49795a30881a,h5_fold2_fully_nested_v1
2,2021-07-22,2021-07-27,component_subtrain,True,,2022-01-22,2022-03-30,2022-06-16,6ed147cd585e5e8083292683f9be3cf585e97e4d46fa0e3224d24a4e2b42cbbb,f83baf5732ffbf88b9a448a3d9ab9fa270f7495fe44d1559c1ac49795a30881a,h5_fold2_fully_nested_v1
2,2021-07-23,2021-07-28,component_subtrain,True,,2022-01-22,2022-03-30,2022-06-16,6ed147cd585e5e8083292683f9be3cf585e97e4d46fa0e3224d24a4e2b42cbbb,f83baf5732ffbf88b9a448a3d9ab9fa270f7495fe44d1559c1ac49795a30881a,h5_fold2_fully_nested_v1
2,2021-07-24,2021-07-29,component_subtrain,True,,2022-01-22,2022-03-30,2022-06-16,6ed147cd585e5e8083292683f9be3cf585e97e4d46fa0e3224d24a4e2b42cbbb,f83baf5732ffbf88b9a448a3d9ab9fa270f7495fe44d1559c1ac49795a30881a,h5_fold2_fully_nested_v1
2,2021-07-25,2021-07-30,component_subtrain,True,,2022-01-22,2022-03-30,2022-06-16,6ed147cd585e5e8083292683f9be3cf585e97e4d46fa0e3224d24a4e2b42cbbb,f83baf5732ffbf88b9a448a3d9ab9fa270f7495fe44d1559c1ac49795a30881a,h5_fold2_fully_nested_v1
2,2021-07-26,2021-07-31,component_subtrain,True,,2022-01-22,2022-03-30,2022-06-16,6ed147cd585e5e8083292683f9be3cf585e97e4d46fa0e3224d24a4e2b42cbbb,f83baf5732ffbf88b9a448a3d9ab9fa270f7495fe44d1559c1ac49795a30881a,h5_fold2_fully_nested_v1
2,2021-07-27,2021-08-01,component_subtrain,True,,2022-01-22,2022-03-30,2022-06-16,6ed147cd585e5e8083292683f9be3cf585e97e4d46fa0e3224d24a4e2b42cbbb,f83baf5732ffbf88b9a448a3d9ab9fa270f7495fe44d1559c1ac49795a30881a,h5_fold2_fully_nested_v1
2,2021-07-28,2021-08-02,component_subtrain,True,,2022-01-22,2022-03-30,2022-06-16,6ed147cd585e5e8083292683f9be3cf585e97e4d46fa0e3224d24a4e2b42cbbb,f83baf5732ffbf88b9a448a3d9ab9fa270f7495fe44d1559c1ac49795a30881a,h5_fold2_fully_nested_v1
2,2021-07-29,2021-08-03,component_subtrain,True,,2022-01-22,2022-03-30,2022-06-16,6ed147cd585e5e8083292683f9be3cf585e97e4d46fa0e3224d24a4e2b42cbbb,f83baf5732ffbf88b9a448a3d9ab9fa270f7495fe44d1559c1ac49795a30881a,h5_fold2_fully_nested_v1
2,2021-07-30,2021-08-04,component_subtrain,True,,2022-01-22,2022-03-30,2022-06-16,6ed147cd585e5e8083292683f9be3cf585e97e4d46fa0e3224d24a4e2b42cbbb,f83baf5732ffbf88b9a448a3d9ab9fa270f7495fe44d1559c1ac49795a30881a,h5_fold2_fully_nested_v1
2,2021-07-31,2021-08-05,component_subtrain,True,,2022-01-22,2022-03-30,2022-06-16,6ed147cd585e5e8083292683f9be3cf585e97e4d46fa0e3224d24a4e2b42cbbb,f83baf5732ffbf88b9a448a3d9ab9fa270f7495fe44d1559c1ac49795a30881a,h5_fold2_fully_nested_v1
2,2021-08-01,2021-08-06,component_subtrain,True,,2022-01-22,2022-03-30,2022-06-16,6ed147cd585e5e8083292683f9be3cf585e97e4d46fa0e3224d24a4e2b42cbbb,f83baf5732ffbf88b9a448a3d9ab9fa270f7495fe44d1559c1ac49795a30881a,h5_fold2_fully_nested_v1
2,2021-08-02,2021-08-07,component_subtrain,True,,2022-01-22,2022-03-30,2022-06-16,6ed147cd585e5e8083292683f9be3cf585e97e4d46fa0e3224d24a4e2b42cbbb,f83baf5732ffbf88b9a448a3d9ab9fa270f7495fe44d1559c1ac49795a30881a,h5_fold2_fully_nested_v1
2,2021-08-03,2021-08-08,component_subtrain,True,,2022-01-22,2022-03-30,2022-06-16,6ed147cd585e5e8083292683f9be3cf585e97e4d46fa0e3224d24a4e2b42cbbb,f83baf5732ffbf88b9a448a3d9ab9fa270f7495fe44d1559c1ac49795a30881a,h5_fold2_fully_nested_v1
2,2021-08-04,2021-08-09,component_subtrain,True,,2022-01-22,2022-03-30,2022-06-16,6ed147cd585e5e8083292683f9be3cf585e97e4d46fa0e3224d24a4e2b42cbbb,f83baf5732ffbf88b9a448a3d9ab9fa270f7495fe44d1559c1ac49795a30881a,h5_fold2_fully_nested_v1
2,2021-08-05,2021-08-10,component_subtrain,True,,2022-01-22,2022-03-30,2022-06-16,6ed147cd585e5e8083292683f9be3cf585e97e4d46fa0e3224d24a4e2b42cbbb,f83baf5732ffbf88b9a448a3d9ab9fa270f7495fe44d1559c1ac49795a30881a,h5_fold2_fully_nested_v1
2,2021-08-06,2021-08-11,component_subtrain,True,,2022-01-22,2022-03-30,2022-06-16,6ed147cd585e5e8083292683f9be3cf585e97e4d46fa0e3224d24a4e2b42cbbb,f83baf5732ffbf88b9a448a3d9ab9fa270f7495fe44d1559c1ac49795a30881a,h5_fold2_fully_nested_v1
2,2021-08-07,2021-08-12,component_subtrain,True,,2022-01-22,2022-03-30,2022-06-16,6ed147cd585e5e8083292683f9be3cf585e97e4d46fa0e3224d24a4e2b42cbbb,f83baf5732ffbf88b9a448a3d9ab9fa270f7495fe44d1559c1ac49795a30881a,h5_fold2_fully_nested_v1
2,2021-08-08,2021-08-13,component_subtrain,True,,2022-01-22,2022-03-30,2022-06-16,6ed147cd585e5e8083292683f9be3cf585e97e4d46fa0e3224d24a4e2b42cbbb,f83baf5732ffbf88b9a448a3d9ab9fa270f7495fe44d1559c1ac49795a30881a,h5_fold2_fully_nested_v1
2,2021-08-09,2021-08-14,component_subtrain,True,,2022-01-22,2022-03-30,2022-06-16,6ed147cd585e5e8083292683f9be3cf585e97e4d46fa0e3224d24a4e2b42cbbb,f83baf5732ffbf88b9a448a3d9ab9fa270f7495fe44d1559c1ac49795a30881a,h5_fold2_fully_nested_v1
2,2021-08-10,2021-08-15,component_subtrain,True,,2022-01-22,2022-03-30,2022-06-16,6ed147cd585e5e8083292683f9be3cf585e97e4d46fa0e3224d24a4e2b42cbbb,f83baf5732ffbf88b9a448a3d9ab9fa270f7495fe44d1559c1ac49795a30881a,h5_fold2_fully_nested_v1
2,2021-08-11,2021-08-16,component_subtrain,True,,2022-01-22,2022-03-30,2022-06-16,6ed147cd585e5e8083292683f9be3cf585e97e4d46fa0e3224d24a4e2b42cbbb,f83baf5732ffbf88b9a448a3d9ab9fa270f7495fe44d1559c1ac49795a30881a,h5_fold2_fully_nested_v1
2,2021-08-12,2021-08-17,component_subtrain,True,,2022-01-22,2022-03-30,2022-06-16,6ed147cd585e5e8083292683f9be3cf585e97e4d46fa0e3224d24a4e2b42cbbb,f83baf5732ffbf88b9a448a3d9ab9fa270f7495fe44d1559c1ac49795a30881a,h5_fold2_fully_nested_v1
2,2021-08-13,2021-08-18,component_subtrain,True,,2022-01-22,2022-03-30,2022-06-16,6ed147cd585e5e8083292683f9be3cf585e97e4d46fa0e3224d24a4e2b42cbbb,f83baf5732ffbf88b9a448a3d9ab9fa270f7495fe44d1559c1ac49795a30881a,h5_fold2_fully_nested_v1
2,2021-08-14,2021-08-19,component_subtrain,True,,2022-01-22,2022-03-30,2022-06-16,6ed147cd585e5e8083292683f9be3cf585e97e4d46fa0e3224d24a4e2b42cbbb,f83baf5732ffbf88b9a448a3d9ab9fa270f7495fe44d1559c1ac49795a30881a,h5_fold2_fully_nested_v1
2,2021-08-15,2021-08-20,component_subtrain,True,,2022-01-22,2022-03-30,2022-06-16,6ed147cd585e5e8083292683f9be3cf585e97e4d46fa0e3224d24a4e2b42cbbb,f83baf5732ffbf88b9a448a3d9ab9fa270f7495fe44d1559c1ac49795a30881a,h5_fold2_fully_nested_v1
2,2021-08-16,2021-08-21,component_subtrain,True,,2022-01-22,2022-03-30,2022-06-16,6ed147cd585e5e8083292683f9be3cf585e97e4d46fa0e3224d24a4e2b42cbbb,f83baf5732ffbf88b9a448a3d9ab9fa270f7495fe44d1559c1ac49795a30881a,h5_fold2_fully_nested_v1
2,2021-08-17,2021-08-22,component_subtrain,True,,2022-01-22,2022-03-30,2022-06-16,6ed147cd585e5e8083292683f9be3cf585e97e4d46fa0e3224d24a4e2b42cbbb,f83baf5732ffbf88b9a448a3d9ab9fa270f7495fe44d1559c1ac49795a30881a,h5_fold2_fully_nested_v1
2,2021-08-18,2021-08-23,component_subtrain,True,,2022-01-22,2022-03-30,2022-06-16,6ed147cd585e5e8083292683f9be3cf585e97e4d46fa0e3224d24a4e2b42cbbb,f83baf5732ffbf88b9a448a3d9ab9fa270f7495fe44d1559c1ac49795a30881a,h5_fold2_fully_nested_v1
2,2021-08-19,2021-08-24,component_subtrain,True,,2022-01-22,2022-03-30,2022-06-16,6ed147cd585e5e8083292683f9be3cf585e97e4d46fa0e3224d24a4e2b42cbbb,f83baf5732ffbf88b9a448a3d9ab9fa270f7495fe44d1559c1ac49795a30881a,h5_fold2_fully_nested_v1
2,2021-08-20,2021-08-25,component_subtrain,True,,2022-01-22,2022-03-30,2022-06-16,6ed147cd585e5e8083292683f9be3cf585e97e4d46fa0e3224d24a4e2b42cbbb,f83baf5732ffbf88b9a448a3d9ab9fa270f7495fe44d1559c1ac49795a30881a,h5_fold2_fully_nested_v1
2,2021-08-21,2021-08-26,component_subtrain,True,,2022-01-22,2022-03-30,2022-06-16,6ed147cd585e5e8083292683f9be3cf585e97e4d46fa0e3224d24a4e2b42cbbb,f83baf5732ffbf88b9a448a3d9ab9fa270f7495fe44d1559c1ac49795a30881a,h5_fold2_fully_nested_v1
2,2021-08-22,2021-08-27,component_subtrain,True,,2022-01-22,2022-03-30,2022-06-16,6ed147cd585e5e8083292683f9be3cf585e97e4d46fa0e3224d24a4e2b42cbbb,f83baf5732ffbf88b9a448a3d9ab9fa270f7495fe44d1559c1ac49795a30881a,h5_fold2_fully_nested_v1
2,2021-08-23,2021-08-28,component_subtrain,True,,2022-01-22,2022-03-30,2022-06-16,6ed147cd585e5e8083292683f9be3cf585e97e4d46fa0e3224d24a4e2b42cbbb,f83baf5732ffbf88b9a448a3d9ab9fa270f7495fe44d1559c1ac49795a30881a,h5_fold2_fully_nested_v1
2,2021-08-24,2021-08-29,component_subtrain,True,,2022-01-22,2022-03-30,2022-06-16,6ed147cd585e5e8083292683f9be3cf585e97e4d46fa0e3224d24a4e2b42cbbb,f83baf5732ffbf88b9a448a3d9ab9fa270f7495fe44d1559c1ac49795a30881a,h5_fold2_fully_nested_v1
2,2021-08-25,2021-08-30,component_subtrain,True,,2022-01-22,2022-03-30,2022-06-16,6ed147cd585e5e8083292683f9be3cf585e97e4d46fa0e3224d24a4e2b42cbbb,f83baf5732ffbf88b9a448a3d9ab9fa270f7495fe44d1559c1ac49795a30881a,h5_fold2_fully_nested_v1
2,2021-08-26,2021-08-31,component_subtrain,True,,2022-01-22,2022-03-30,2022-06-16,6ed147cd585e5e8083292683f9be3cf585e97e4d46fa0e3224d24a4e2b42cbbb,f83baf5732ffbf88b9a448a3d9ab9fa270f7495fe44d1559c1ac49795a30881a,h5_fold2_fully_nested_v1
2,2021-08-27,2021-09-01,component_subtrain,True,,2022-01-22,2022-03-30,2022-06-16,6ed147cd585e5e8083292683f9be3cf585e97e4d46fa0e3224d24a4e2b42cbbb,f83baf5732ffbf88b9a448a3d9ab9fa270f7495fe44d1559c1ac49795a30881a,h5_fold2_fully_nested_v1
2,2021-08-28,2021-09-02,component_subtrain,True,,2022-01-22,2022-03-30,2022-06-16,6ed147cd585e5e8083292683f9be3cf585e97e4d46fa0e3224d24a4e2b42cbbb,f83baf5732ffbf88b9a448a3d9ab9fa270f7495fe44d1559c1ac49795a30881a,h5_fold2_fully_nested_v1
2,2021-08-29,2021-09-03,component_subtrain,True,,2022-01-22,2022-03-30,2022-06-16,6ed147cd585e5e8083292683f9be3cf585e97e4d46fa0e3224d24a4e2b42cbbb,f83baf5732ffbf88b9a448a3d9ab9fa270f7495fe44d1559c1ac49795a30881a,h5_fold2_fully_nested_v1
2,2021-08-30,2021-09-04,component_subtrain,True,,2022-01-22,2022-03-30,2022-06-16,6ed147cd585e5e8083292683f9be3cf585e97e4d46fa0e3224d24a4e2b42cbbb,f83baf5732ffbf88b9a448a3d9ab9fa270f7495fe44d1559c1ac49795a30881a,h5_fold2_fully_nested_v1
2,2021-08-31,2021-09-05,component_subtrain,True,,2022-01-22,2022-03-30,2022-06-16,6ed147cd585e5e8083292683f9be3cf585e97e4d46fa0e3224d24a4e2b42cbbb,f83baf5732ffbf88b9a448a3d9ab9fa270f7495fe44d1559c1ac49795a30881a,h5_fold2_fully_nested_v1
2,2021-09-01,2021-09-06,component_subtrain,True,,2022-01-22,2022-03-30,2022-06-16,6ed147cd585e5e8083292683f9be3cf585e97e4d46fa0e3224d24a4e2b42cbbb,f83baf5732ffbf88b9a448a3d9ab9fa270f7495fe44d1559c1ac49795a30881a,h5_fold2_fully_nested_v1
2,2021-09-02,2021-09-07,component_subtrain,True,,2022-01-22,2022-03-30,2022-06-16,6ed147cd585e5e8083292683f9be3cf585e97e4d46fa0e3224d24a4e2b42cbbb,f83baf5732ffbf88b9a448a3d9ab9fa270f7495fe44d1559c1ac49795a30881a,h5_fold2_fully_nested_v1
2,2021-09-03,2021-09-08,component_subtrain,True,,2022-01-22,2022-03-30,2022-06-16,6ed147cd585e5e8083292683f9be3cf585e97e4d46fa0e3224d24a4e2b42cbbb,f83baf5732ffbf88b9a448a3d9ab9fa270f7495fe44d1559c1ac49795a30881a,h5_fold2_fully_nested_v1
2,2021-09-04,2021-09-09,component_subtrain,True,,2022-01-22,2022-03-30,2022-06-16,6ed147cd585e5e8083292683f9be3cf585e97e4d46fa0e3224d24a4e2b42cbbb,f83baf5732ffbf88b9a448a3d9ab9fa270f7495fe44d1559c1ac49795a30881a,h5_fold2_fully_nested_v1
2,2021-09-05,2021-09-10,component_subtrain,True,,2022-01-22,2022-03-30,2022-06-16,6ed147cd585e5e8083292683f9be3cf585e97e4d46fa0e3224d24a4e2b42cbbb,f83baf5732ffbf88b9a448a3d9ab9fa270f7495fe44d1559c1ac49795a30881a,h5_fold2_fully_nested_v1
2,2021-09-06,2021-09-11,component_subtrain,True,,2022-01-22,2022-03-30,2022-06-16,6ed147cd585e5e8083292683f9be3cf585e97e4d46fa0e3224d24a4e2b42cbbb,f83baf5732ffbf88b9a448a3d9ab9fa270f7495fe44d1559c1ac49795a30881a,h5_fold2_fully_nested_v1
2,2021-09-07,2021-09-12,component_subtrain,True,,2022-01-22,2022-03-30,2022-06-16,6ed147cd585e5e8083292683f9be3cf585e97e4d46fa0e3224d24a4e2b42cbbb,f83baf5732ffbf88b9a448a3d9ab9fa270f7495fe44d1559c1ac49795a30881a,h5_fold2_fully_nested_v1
2,2021-09-08,2021-09-13,component_subtrain,True,,2022-01-22,2022-03-30,2022-06-16,6ed147cd585e5e8083292683f9be3cf585e97e4d46fa0e3224d24a4e2b42cbbb,f83baf5732ffbf88b9a448a3d9ab9fa270f7495fe44d1559c1ac49795a30881a,h5_fold2_fully_nested_v1
2,2021-09-09,2021-09-14,component_subtrain,True,,2022-01-22,2022-03-30,2022-06-16,6ed147cd585e5e8083292683f9be3cf585e97e4d46fa0e3224d24a4e2b42cbbb,f83baf5732ffbf88b9a448a3d9ab9fa270f7495fe44d1559c1ac49795a30881a,h5_fold2_fully_nested_v1
2,2021-09-10,2021-09-15,component_subtrain,True,,2022-01-22,2022-03-30,2022-06-16,6ed147cd585e5e8083292683f9be3cf585e97e4d46fa0e3224d24a4e2b42cbbb,f83baf5732ffbf88b9a448a3d9ab9fa270f7495fe44d1559c1ac49795a30881a,h5_fold2_fully_nested_v1
2,2021-09-11,2021-09-16,component_subtrain,True,,2022-01-22,2022-03-30,2022-06-16,6ed147cd585e5e8083292683f9be3cf585e97e4d46fa0e3224d24a4e2b42cbbb,f83baf5732ffbf88b9a448a3d9ab9fa270f7495fe44d1559c1ac49795a30881a,h5_fold2_fully_nested_v1
2,2021-09-12,2021-09-17,component_subtrain,True,,2022-01-22,2022-03-30,2022-06-16,6ed147cd585e5e8083292683f9be3cf585e97e4d46fa0e3224d24a4e2b42cbbb,f83baf5732ffbf88b9a448a3d9ab9fa270f7495fe44d1559c1ac49795a30881a,h5_fold2_fully_nested_v1
2,2021-09-13,2021-09-18,component_subtrain,True,,2022-01-22,2022-03-30,2022-06-16,6ed147cd585e5e8083292683f9be3cf585e97e4d46fa0e3224d24a4e2b42cbbb,f83baf5732ffbf88b9a448a3d9ab9fa270f7495fe44d1559c1ac49795a30881a,h5_fold2_fully_nested_v1
2,2021-09-14,2021-09-19,component_subtrain,True,,2022-01-22,2022-03-30,2022-06-16,6ed147cd585e5e8083292683f9be3cf585e97e4d46fa0e3224d24a4e2b42cbbb,f83baf5732ffbf88b9a448a3d9ab9fa270f7495fe44d1559c1ac49795a30881a,h5_fold2_fully_nested_v1
2,2021-09-15,2021-09-20,component_subtrain,True,,2022-01-22,2022-03-30,2022-06-16,6ed147cd585e5e8083292683f9be3cf585e97e4d46fa0e3224d24a4e2b42cbbb,f83baf5732ffbf88b9a448a3d9ab9fa270f7495fe44d1559c1ac49795a30881a,h5_fold2_fully_nested_v1
2,2021-09-16,2021-09-21,component_subtrain,True,,2022-01-22,2022-03-30,2022-06-16,6ed147cd585e5e8083292683f9be3cf585e97e4d46fa0e3224d24a4e2b42cbbb,f83baf5732ffbf88b9a448a3d9ab9fa270f7495fe44d1559c1ac49795a30881a,h5_fold2_fully_nested_v1
2,2021-09-17,2021-09-22,component_subtrain,True,,2022-01-22,2022-03-30,2022-06-16,6ed147cd585e5e8083292683f9be3cf585e97e4d46fa0e3224d24a4e2b42cbbb,f83baf5732ffbf88b9a448a3d9ab9fa270f7495fe44d1559c1ac49795a30881a,h5_fold2_fully_nested_v1
2,2021-09-18,2021-09-23,component_subtrain,True,,2022-01-22,2022-03-30,2022-06-16,6ed147cd585e5e8083292683f9be3cf585e97e4d46fa0e3224d24a4e2b42cbbb,f83baf5732ffbf88b9a448a3d9ab9fa270f7495fe44d1559c1ac49795a30881a,h5_fold2_fully_nested_v1
2,2021-09-19,2021-09-24,component_subtrain,True,,2022-01-22,2022-03-30,2022-06-16,6ed147cd585e5e8083292683f9be3cf585e97e4d46fa0e3224d24a4e2b42cbbb,f83baf5732ffbf88b9a448a3d9ab9fa270f7495fe44d1559c1ac49795a30881a,h5_fold2_fully_nested_v1
2,2021-09-20,2021-09-25,component_subtrain,True,,2022-01-22,2022-03-30,2022-06-16,6ed147cd585e5e8083292683f9be3cf585e97e4d46fa0e3224d24a4e2b42cbbb,f83baf5732ffbf88b9a448a3d9ab9fa270f7495fe44d1559c1ac49795a30881a,h5_fold2_fully_nested_v1
2,2021-09-21,2021-09-26,component_subtrain,True,,2022-01-22,2022-03-30,2022-06-16,6ed147cd585e5e8083292683f9be3cf585e97e4d46fa0e3224d24a4e2b42cbbb,f83baf5732ffbf88b9a448a3d9ab9fa270f7495fe44d1559c1ac49795a30881a,h5_fold2_fully_nested_v1
2,2021-09-22,2021-09-27,component_subtrain,True,,2022-01-22,2022-03-30,2022-06-16,6ed147cd585e5e8083292683f9be3cf585e97e4d46fa0e3224d24a4e2b42cbbb,f83baf5732ffbf88b9a448a3d9ab9fa270f7495fe44d1559c1ac49795a30881a,h5_fold2_fully_nested_v1
2,2021-09-23,2021-09-28,component_subtrain,True,,2022-01-22,2022-03-30,2022-06-16,6ed147cd585e5e8083292683f9be3cf585e97e4d46fa0e3224d24a4e2b42cbbb,f83baf5732ffbf88b9a448a3d9ab9fa270f7495fe44d1559c1ac49795a30881a,h5_fold2_fully_nested_v1
2,2021-09-24,2021-09-29,component_subtrain,True,,2022-01-22,2022-03-30,2022-06-16,6ed147cd585e5e8083292683f9be3cf585e97e4d46fa0e3224d24a4e2b42cbbb,f83baf5732ffbf88b9a448a3d9ab9fa270f7495fe44d1559c1ac49795a30881a,h5_fold2_fully_nested_v1
2,2021-09-25,2021-09-30,component_subtrain,True,,2022-01-22,2022-03-30,2022-06-16,6ed147cd585e5e8083292683f9be3cf585e97e4d46fa0e3224d24a4e2b42cbbb,f83baf5732ffbf88b9a448a3d9ab9fa270f7495fe44d1559c1ac49795a30881a,h5_fold2_fully_nested_v1
2,2021-09-26,2021-10-01,component_subtrain,True,,2022-01-22,2022-03-30,2022-06-16,6ed147cd585e5e8083292683f9be3cf585e97e4d46fa0e3224d24a4e2b42cbbb,f83baf5732ffbf88b9a448a3d9ab9fa270f7495fe44d1559c1ac49795a30881a,h5_fold2_fully_nested_v1
2,2021-09-27,2021-10-02,component_subtrain,True,,2022-01-22,2022-03-30,2022-06-16,6ed147cd585e5e8083292683f9be3cf585e97e4d46fa0e3224d24a4e2b42cbbb,f83baf5732ffbf88b9a448a3d9ab9fa270f7495fe44d1559c1ac49795a30881a,h5_fold2_fully_nested_v1
2,2021-09-28,2021-10-03,component_subtrain,True,,2022-01-22,2022-03-30,2022-06-16,6ed147cd585e5e8083292683f9be3cf585e97e4d46fa0e3224d24a4e2b42cbbb,f83baf5732ffbf88b9a448a3d9ab9fa270f7495fe44d1559c1ac49795a30881a,h5_fold2_fully_nested_v1
2,2021-09-29,2021-10-04,component_subtrain,True,,2022-01-22,2022-03-30,2022-06-16,6ed147cd585e5e8083292683f9be3cf585e97e4d46fa0e3224d24a4e2b42cbbb,f83baf5732ffbf88b9a448a3d9ab9fa270f7495fe44d1559c1ac49795a30881a,h5_fold2_fully_nested_v1
2,2021-09-30,2021-10-05,component_subtrain,True,,2022-01-22,2022-03-30,2022-06-16,6ed147cd585e5e8083292683f9be3cf585e97e4d46fa0e3224d24a4e2b42cbbb,f83baf5732ffbf88b9a448a3d9ab9fa270f7495fe44d1559c1ac49795a30881a,h5_fold2_fully_nested_v1
2,2021-10-01,2021-10-06,component_subtrain,True,,2022-01-22,2022-03-30,2022-06-16,6ed147cd585e5e8083292683f9be3cf585e97e4d46fa0e3224d24a4e2b42cbbb,f83baf5732ffbf88b9a448a3d9ab9fa270f7495fe44d1559c1ac49795a30881a,h5_fold2_fully_nested_v1
2,2021-10-02,2021-10-07,component_subtrain,True,,2022-01-22,2022-03-30,2022-06-16,6ed147cd585e5e8083292683f9be3cf585e97e4d46fa0e3224d24a4e2b42cbbb,f83baf5732ffbf88b9a448a3d9ab9fa270f7495fe44d1559c1ac49795a30881a,h5_fold2_fully_nested_v1
2,2021-10-03,2021-10-08,component_subtrain,True,,2022-01-22,2022-03-30,2022-06-16,6ed147cd585e5e8083292683f9be3cf585e97e4d46fa0e3224d24a4e2b42cbbb,f83baf5732ffbf88b9a448a3d9ab9fa270f7495fe44d1559c1ac49795a30881a,h5_fold2_fully_nested_v1
2,2021-10-04,2021-10-09,component_subtrain,True,,2022-01-22,2022-03-30,2022-06-16,6ed147cd585e5e8083292683f9be3cf585e97e4d46fa0e3224d24a4e2b42cbbb,f83baf5732ffbf88b9a448a3d9ab9fa270f7495fe44d1559c1ac49795a30881a,h5_fold2_fully_nested_v1
2,2021-10-05,2021-10-10,component_subtrain,True,,2022-01-22,2022-03-30,2022-06-16,6ed147cd585e5e8083292683f9be3cf585e97e4d46fa0e3224d24a4e2b42cbbb,f83baf5732ffbf88b9a448a3d9ab9fa270f7495fe44d1559c1ac49795a30881a,h5_fold2_fully_nested_v1
2,2021-10-06,2021-10-11,component_subtrain,True,,2022-01-22,2022-03-30,2022-06-16,6ed147cd585e5e8083292683f9be3cf585e97e4d46fa0e3224d24a4e2b42cbbb,f83baf5732ffbf88b9a448a3d9ab9fa270f7495fe44d1559c1ac49795a30881a,h5_fold2_fully_nested_v1
2,2021-10-07,2021-10-12,component_subtrain,True,,2022-01-22,2022-03-30,2022-06-16,6ed147cd585e5e8083292683f9be3cf585e97e4d46fa0e3224d24a4e2b42cbbb,f83baf5732ffbf88b9a448a3d9ab9fa270f7495fe44d1559c1ac49795a30881a,h5_fold2_fully_nested_v1
2,2021-10-08,2021-10-13,component_subtrain,True,,2022-01-22,2022-03-30,2022-06-16,6ed147cd585e5e8083292683f9be3cf585e97e4d46fa0e3224d24a4e2b42cbbb,f83baf5732ffbf88b9a448a3d9ab9fa270f7495fe44d1559c1ac49795a30881a,h5_fold2_fully_nested_v1
2,2021-10-09,2021-10-14,component_subtrain,True,,2022-01-22,2022-03-30,2022-06-16,6ed147cd585e5e8083292683f9be3cf585e97e4d46fa0e3224d24a4e2b42cbbb,f83baf5732ffbf88b9a448a3d9ab9fa270f7495fe44d1559c1ac49795a30881a,h5_fold2_fully_nested_v1
2,2021-10-10,2021-10-15,component_subtrain,True,,2022-01-22,2022-03-30,2022-06-16,6ed147cd585e5e8083292683f9be3cf585e97e4d46fa0e3224d24a4e2b42cbbb,f83baf5732ffbf88b9a448a3d9ab9fa270f7495fe44d1559c1ac49795a30881a,h5_fold2_fully_nested_v1
2,2021-10-11,2021-10-16,component_subtrain,True,,2022-01-22,2022-03-30,2022-06-16,6ed147cd585e5e8083292683f9be3cf585e97e4d46fa0e3224d24a4e2b42cbbb,f83baf5732ffbf88b9a448a3d9ab9fa270f7495fe44d1559c1ac49795a30881a,h5_fold2_fully_nested_v1
2,2021-10-12,2021-10-17,component_subtrain,True,,2022-01-22,2022-03-30,2022-06-16,6ed147cd585e5e8083292683f9be3cf585e97e4d46fa0e3224d24a4e2b42cbbb,f83baf5732ffbf88b9a448a3d9ab9fa270f7495fe44d1559c1ac49795a30881a,h5_fold2_fully_nested_v1
2,2021-10-13,2021-10-18,component_subtrain,True,,2022-01-22,2022-03-30,2022-06-16,6ed147cd585e5e8083292683f9be3cf585e97e4d46fa0e3224d24a4e2b42cbbb,f83baf5732ffbf88b9a448a3d9ab9fa270f7495fe44d1559c1ac49795a30881a,h5_fold2_fully_nested_v1
2,2021-10-14,2021-10-19,component_subtrain,True,,2022-01-22,2022-03-30,2022-06-16,6ed147cd585e5e8083292683f9be3cf585e97e4d46fa0e3224d24a4e2b42cbbb,f83baf5732ffbf88b9a448a3d9ab9fa270f7495fe44d1559c1ac49795a30881a,h5_fold2_fully_nested_v1
2,2021-10-15,2021-10-20,component_subtrain,True,,2022-01-22,2022-03-30,2022-06-16,6ed147cd585e5e8083292683f9be3cf585e97e4d46fa0e3224d24a4e2b42cbbb,f83baf5732ffbf88b9a448a3d9ab9fa270f7495fe44d1559c1ac49795a30881a,h5_fold2_fully_nested_v1
2,2021-10-16,2021-10-21,component_subtrain,True,,2022-01-22,2022-03-30,2022-06-16,6ed147cd585e5e8083292683f9be3cf585e97e4d46fa0e3224d24a4e2b42cbbb,f83baf5732ffbf88b9a448a3d9ab9fa270f7495fe44d1559c1ac49795a30881a,h5_fold2_fully_nested_v1
2,2021-10-17,2021-10-22,component_subtrain,True,,2022-01-22,2022-03-30,2022-06-16,6ed147cd585e5e8083292683f9be3cf585e97e4d46fa0e3224d24a4e2b42cbbb,f83baf5732ffbf88b9a448a3d9ab9fa270f7495fe44d1559c1ac49795a30881a,h5_fold2_fully_nested_v1
2,2021-10-18,2021-10-23,component_subtrain,True,,2022-01-22,2022-03-30,2022-06-16,6ed147cd585e5e8083292683f9be3cf585e97e4d46fa0e3224d24a4e2b42cbbb,f83baf5732ffbf88b9a448a3d9ab9fa270f7495fe44d1559c1ac49795a30881a,h5_fold2_fully_nested_v1
2,2021-10-19,2021-10-24,component_subtrain,True,,2022-01-22,2022-03-30,2022-06-16,6ed147cd585e5e8083292683f9be3cf585e97e4d46fa0e3224d24a4e2b42cbbb,f83baf5732ffbf88b9a448a3d9ab9fa270f7495fe44d1559c1ac49795a30881a,h5_fold2_fully_nested_v1
2,2021-10-20,2021-10-25,component_subtrain,True,,2022-01-22,2022-03-30,2022-06-16,6ed147cd585e5e8083292683f9be3cf585e97e4d46fa0e3224d24a4e2b42cbbb,f83baf5732ffbf88b9a448a3d9ab9fa270f7495fe44d1559c1ac49795a30881a,h5_fold2_fully_nested_v1
2,2021-10-21,2021-10-26,component_subtrain,True,,2022-01-22,2022-03-30,2022-06-16,6ed147cd585e5e8083292683f9be3cf585e97e4d46fa0e3224d24a4e2b42cbbb,f83baf5732ffbf88b9a448a3d9ab9fa270f7495fe44d1559c1ac49795a30881a,h5_fold2_fully_nested_v1
2,2021-10-22,2021-10-27,component_subtrain,True,,2022-01-22,2022-03-30,2022-06-16,6ed147cd585e5e8083292683f9be3cf585e97e4d46fa0e3224d24a4e2b42cbbb,f83baf5732ffbf88b9a448a3d9ab9fa270f7495fe44d1559c1ac49795a30881a,h5_fold2_fully_nested_v1
2,2021-10-23,2021-10-28,component_subtrain,True,,2022-01-22,2022-03-30,2022-06-16,6ed147cd585e5e8083292683f9be3cf585e97e4d46fa0e3224d24a4e2b42cbbb,f83baf5732ffbf88b9a448a3d9ab9fa270f7495fe44d1559c1ac49795a30881a,h5_fold2_fully_nested_v1
2,2021-10-24,2021-10-29,component_subtrain,True,,2022-01-22,2022-03-30,2022-06-16,6ed147cd585e5e8083292683f9be3cf585e97e4d46fa0e3224d24a4e2b42cbbb,f83baf5732ffbf88b9a448a3d9ab9fa270f7495fe44d1559c1ac49795a30881a,h5_fold2_fully_nested_v1
2,2021-10-25,2021-10-30,component_subtrain,True,,2022-01-22,2022-03-30,2022-06-16,6ed147cd585e5e8083292683f9be3cf585e97e4d46fa0e3224d24a4e2b42cbbb,f83baf5732ffbf88b9a448a3d9ab9fa270f7495fe44d1559c1ac49795a30881a,h5_fold2_fully_nested_v1
2,2021-10-26,2021-10-31,component_subtrain,True,,2022-01-22,2022-03-30,2022-06-16,6ed147cd585e5e8083292683f9be3cf585e97e4d46fa0e3224d24a4e2b42cbbb,f83baf5732ffbf88b9a448a3d9ab9fa270f7495fe44d1559c1ac49795a30881a,h5_fold2_fully_nested_v1
2,2021-10-27,2021-11-01,component_subtrain,True,,2022-01-22,2022-03-30,2022-06-16,6ed147cd585e5e8083292683f9be3cf585e97e4d46fa0e3224d24a4e2b42cbbb,f83baf5732ffbf88b9a448a3d9ab9fa270f7495fe44d1559c1ac49795a30881a,h5_fold2_fully_nested_v1
2,2021-10-28,2021-11-02,component_subtrain,True,,2022-01-22,2022-03-30,2022-06-16,6ed147cd585e5e8083292683f9be3cf585e97e4d46fa0e3224d24a4e2b42cbbb,f83baf5732ffbf88b9a448a3d9ab9fa270f7495fe44d1559c1ac49795a30881a,h5_fold2_fully_nested_v1
2,2021-10-29,2021-11-03,component_subtrain,True,,2022-01-22,2022-03-30,2022-06-16,6ed147cd585e5e8083292683f9be3cf585e97e4d46fa0e3224d24a4e2b42cbbb,f83baf5732ffbf88b9a448a3d9ab9fa270f7495fe44d1559c1ac49795a30881a,h5_fold2_fully_nested_v1
2,2021-10-30,2021-11-04,component_subtrain,True,,2022-01-22,2022-03-30,2022-06-16,6ed147cd585e5e8083292683f9be3cf585e97e4d46fa0e3224d24a4e2b42cbbb,f83baf5732ffbf88b9a448a3d9ab9fa270f7495fe44d1559c1ac49795a30881a,h5_fold2_fully_nested_v1
2,2021-10-31,2021-11-05,component_subtrain,True,,2022-01-22,2022-03-30,2022-06-16,6ed147cd585e5e8083292683f9be3cf585e97e4d46fa0e3224d24a4e2b42cbbb,f83baf5732ffbf88b9a448a3d9ab9fa270f7495fe44d1559c1ac49795a30881a,h5_fold2_fully_nested_v1
2,2021-11-01,2021-11-06,component_subtrain,True,,2022-01-22,2022-03-30,2022-06-16,6ed147cd585e5e8083292683f9be3cf585e97e4d46fa0e3224d24a4e2b42cbbb,f83baf5732ffbf88b9a448a3d9ab9fa270f7495fe44d1559c1ac49795a30881a,h5_fold2_fully_nested_v1
2,2021-11-02,2021-11-07,component_subtrain,True,,2022-01-22,2022-03-30,2022-06-16,6ed147cd585e5e8083292683f9be3cf585e97e4d46fa0e3224d24a4e2b42cbbb,f83baf5732ffbf88b9a448a3d9ab9fa270f7495fe44d1559c1ac49795a30881a,h5_fold2_fully_nested_v1
2,2021-11-03,2021-11-08,component_subtrain,True,,2022-01-22,2022-03-30,2022-06-16,6ed147cd585e5e8083292683f9be3cf585e97e4d46fa0e3224d24a4e2b42cbbb,f83baf5732ffbf88b9a448a3d9ab9fa270f7495fe44d1559c1ac49795a30881a,h5_fold2_fully_nested_v1
2,2021-11-04,2021-11-09,component_subtrain,True,,2022-01-22,2022-03-30,2022-06-16,6ed147cd585e5e8083292683f9be3cf585e97e4d46fa0e3224d24a4e2b42cbbb,f83baf5732ffbf88b9a448a3d9ab9fa270f7495fe44d1559c1ac49795a30881a,h5_fold2_fully_nested_v1
2,2021-11-05,2021-11-10,component_subtrain,True,,2022-01-22,2022-03-30,2022-06-16,6ed147cd585e5e8083292683f9be3cf585e97e4d46fa0e3224d24a4e2b42cbbb,f83baf5732ffbf88b9a448a3d9ab9fa270f7495fe44d1559c1ac49795a30881a,h5_fold2_fully_nested_v1
2,2021-11-06,2021-11-11,component_subtrain,True,,2022-01-22,2022-03-30,2022-06-16,6ed147cd585e5e8083292683f9be3cf585e97e4d46fa0e3224d24a4e2b42cbbb,f83baf5732ffbf88b9a448a3d9ab9fa270f7495fe44d1559c1ac49795a30881a,h5_fold2_fully_nested_v1
2,2021-11-07,2021-11-12,component_subtrain,True,,2022-01-22,2022-03-30,2022-06-16,6ed147cd585e5e8083292683f9be3cf585e97e4d46fa0e3224d24a4e2b42cbbb,f83baf5732ffbf88b9a448a3d9ab9fa270f7495fe44d1559c1ac49795a30881a,h5_fold2_fully_nested_v1
2,2021-11-08,2021-11-13,component_subtrain,True,,2022-01-22,2022-03-30,2022-06-16,6ed147cd585e5e8083292683f9be3cf585e97e4d46fa0e3224d24a4e2b42cbbb,f83baf5732ffbf88b9a448a3d9ab9fa270f7495fe44d1559c1ac49795a30881a,h5_fold2_fully_nested_v1
2,2021-11-09,2021-11-14,component_subtrain,True,,2022-01-22,2022-03-30,2022-06-16,6ed147cd585e5e8083292683f9be3cf585e97e4d46fa0e3224d24a4e2b42cbbb,f83baf5732ffbf88b9a448a3d9ab9fa270f7495fe44d1559c1ac49795a30881a,h5_fold2_fully_nested_v1
2,2021-11-10,2021-11-15,component_subtrain,True,,2022-01-22,2022-03-30,2022-06-16,6ed147cd585e5e8083292683f9be3cf585e97e4d46fa0e3224d24a4e2b42cbbb,f83baf5732ffbf88b9a448a3d9ab9fa270f7495fe44d1559c1ac49795a30881a,h5_fold2_fully_nested_v1
2,2021-11-11,2021-11-16,component_subtrain,True,,2022-01-22,2022-03-30,2022-06-16,6ed147cd585e5e8083292683f9be3cf585e97e4d46fa0e3224d24a4e2b42cbbb,f83baf5732ffbf88b9a448a3d9ab9fa270f7495fe44d1559c1ac49795a30881a,h5_fold2_fully_nested_v1
2,2021-11-12,2021-11-17,component_subtrain,True,,2022-01-22,2022-03-30,2022-06-16,6ed147cd585e5e8083292683f9be3cf585e97e4d46fa0e3224d24a4e2b42cbbb,f83baf5732ffbf88b9a448a3d9ab9fa270f7495fe44d1559c1ac49795a30881a,h5_fold2_fully_nested_v1
2,2021-11-13,2021-11-18,component_subtrain,True,,2022-01-22,2022-03-30,2022-06-16,6ed147cd585e5e8083292683f9be3cf585e97e4d46fa0e3224d24a4e2b42cbbb,f83baf5732ffbf88b9a448a3d9ab9fa270f7495fe44d1559c1ac49795a30881a,h5_fold2_fully_nested_v1
2,2021-11-14,2021-11-19,component_subtrain,True,,2022-01-22,2022-03-30,2022-06-16,6ed147cd585e5e8083292683f9be3cf585e97e4d46fa0e3224d24a4e2b42cbbb,f83baf5732ffbf88b9a448a3d9ab9fa270f7495fe44d1559c1ac49795a30881a,h5_fold2_fully_nested_v1
2,2021-11-15,2021-11-20,component_subtrain,True,,2022-01-22,2022-03-30,2022-06-16,6ed147cd585e5e8083292683f9be3cf585e97e4d46fa0e3224d24a4e2b42cbbb,f83baf5732ffbf88b9a448a3d9ab9fa270f7495fe44d1559c1ac49795a30881a,h5_fold2_fully_nested_v1
2,2021-11-16,2021-11-21,component_subtrain,True,,2022-01-22,2022-03-30,2022-06-16,6ed147cd585e5e8083292683f9be3cf585e97e4d46fa0e3224d24a4e2b42cbbb,f83baf5732ffbf88b9a448a3d9ab9fa270f7495fe44d1559c1ac49795a30881a,h5_fold2_fully_nested_v1
2,2021-11-17,2021-11-22,component_subtrain,True,,2022-01-22,2022-03-30,2022-06-16,6ed147cd585e5e8083292683f9be3cf585e97e4d46fa0e3224d24a4e2b42cbbb,f83baf5732ffbf88b9a448a3d9ab9fa270f7495fe44d1559c1ac49795a30881a,h5_fold2_fully_nested_v1
2,2021-11-18,2021-11-23,component_subtrain,True,,2022-01-22,2022-03-30,2022-06-16,6ed147cd585e5e8083292683f9be3cf585e97e4d46fa0e3224d24a4e2b42cbbb,f83baf5732ffbf88b9a448a3d9ab9fa270f7495fe44d1559c1ac49795a30881a,h5_fold2_fully_nested_v1
2,2021-11-19,2021-11-24,component_subtrain,True,,2022-01-22,2022-03-30,2022-06-16,6ed147cd585e5e8083292683f9be3cf585e97e4d46fa0e3224d24a4e2b42cbbb,f83baf5732ffbf88b9a448a3d9ab9fa270f7495fe44d1559c1ac49795a30881a,h5_fold2_fully_nested_v1
2,2021-11-20,2021-11-25,component_subtrain,True,,2022-01-22,2022-03-30,2022-06-16,6ed147cd585e5e8083292683f9be3cf585e97e4d46fa0e3224d24a4e2b42cbbb,f83baf5732ffbf88b9a448a3d9ab9fa270f7495fe44d1559c1ac49795a30881a,h5_fold2_fully_nested_v1
2,2021-11-21,2021-11-26,component_subtrain,True,,2022-01-22,2022-03-30,2022-06-16,6ed147cd585e5e8083292683f9be3cf585e97e4d46fa0e3224d24a4e2b42cbbb,f83baf5732ffbf88b9a448a3d9ab9fa270f7495fe44d1559c1ac49795a30881a,h5_fold2_fully_nested_v1
2,2021-11-22,2021-11-27,component_subtrain,True,,2022-01-22,2022-03-30,2022-06-16,6ed147cd585e5e8083292683f9be3cf585e97e4d46fa0e3224d24a4e2b42cbbb,f83baf5732ffbf88b9a448a3d9ab9fa270f7495fe44d1559c1ac49795a30881a,h5_fold2_fully_nested_v1
2,2021-11-23,2021-11-28,component_subtrain,True,,2022-01-22,2022-03-30,2022-06-16,6ed147cd585e5e8083292683f9be3cf585e97e4d46fa0e3224d24a4e2b42cbbb,f83baf5732ffbf88b9a448a3d9ab9fa270f7495fe44d1559c1ac49795a30881a,h5_fold2_fully_nested_v1
2,2021-11-24,2021-11-29,component_subtrain,True,,2022-01-22,2022-03-30,2022-06-16,6ed147cd585e5e8083292683f9be3cf585e97e4d46fa0e3224d24a4e2b42cbbb,f83baf5732ffbf88b9a448a3d9ab9fa270f7495fe44d1559c1ac49795a30881a,h5_fold2_fully_nested_v1
2,2021-11-25,2021-11-30,component_subtrain,True,,2022-01-22,2022-03-30,2022-06-16,6ed147cd585e5e8083292683f9be3cf585e97e4d46fa0e3224d24a4e2b42cbbb,f83baf5732ffbf88b9a448a3d9ab9fa270f7495fe44d1559c1ac49795a30881a,h5_fold2_fully_nested_v1
2,2021-11-26,2021-12-01,component_subtrain,True,,2022-01-22,2022-03-30,2022-06-16,6ed147cd585e5e8083292683f9be3cf585e97e4d46fa0e3224d24a4e2b42cbbb,f83baf5732ffbf88b9a448a3d9ab9fa270f7495fe44d1559c1ac49795a30881a,h5_fold2_fully_nested_v1
2,2021-11-27,2021-12-02,component_subtrain,True,,2022-01-22,2022-03-30,2022-06-16,6ed147cd585e5e8083292683f9be3cf585e97e4d46fa0e3224d24a4e2b42cbbb,f83baf5732ffbf88b9a448a3d9ab9fa270f7495fe44d1559c1ac49795a30881a,h5_fold2_fully_nested_v1
2,2021-11-28,2021-12-03,component_subtrain,True,,2022-01-22,2022-03-30,2022-06-16,6ed147cd585e5e8083292683f9be3cf585e97e4d46fa0e3224d24a4e2b42cbbb,f83baf5732ffbf88b9a448a3d9ab9fa270f7495fe44d1559c1ac49795a30881a,h5_fold2_fully_nested_v1
2,2021-11-29,2021-12-04,component_subtrain,True,,2022-01-22,2022-03-30,2022-06-16,6ed147cd585e5e8083292683f9be3cf585e97e4d46fa0e3224d24a4e2b42cbbb,f83baf5732ffbf88b9a448a3d9ab9fa270f7495fe44d1559c1ac49795a30881a,h5_fold2_fully_nested_v1
2,2021-11-30,2021-12-05,component_subtrain,True,,2022-01-22,2022-03-30,2022-06-16,6ed147cd585e5e8083292683f9be3cf585e97e4d46fa0e3224d24a4e2b42cbbb,f83baf5732ffbf88b9a448a3d9ab9fa270f7495fe44d1559c1ac49795a30881a,h5_fold2_fully_nested_v1
2,2021-12-01,2021-12-06,component_subtrain,True,,2022-01-22,2022-03-30,2022-06-16,6ed147cd585e5e8083292683f9be3cf585e97e4d46fa0e3224d24a4e2b42cbbb,f83baf5732ffbf88b9a448a3d9ab9fa270f7495fe44d1559c1ac49795a30881a,h5_fold2_fully_nested_v1
2,2021-12-02,2021-12-07,component_subtrain,True,,2022-01-22,2022-03-30,2022-06-16,6ed147cd585e5e8083292683f9be3cf585e97e4d46fa0e3224d24a4e2b42cbbb,f83baf5732ffbf88b9a448a3d9ab9fa270f7495fe44d1559c1ac49795a30881a,h5_fold2_fully_nested_v1
2,2021-12-03,2021-12-08,component_subtrain,True,,2022-01-22,2022-03-30,2022-06-16,6ed147cd585e5e8083292683f9be3cf585e97e4d46fa0e3224d24a4e2b42cbbb,f83baf5732ffbf88b9a448a3d9ab9fa270f7495fe44d1559c1ac49795a30881a,h5_fold2_fully_nested_v1
2,2021-12-04,2021-12-09,component_subtrain,True,,2022-01-22,2022-03-30,2022-06-16,6ed147cd585e5e8083292683f9be3cf585e97e4d46fa0e3224d24a4e2b42cbbb,f83baf5732ffbf88b9a448a3d9ab9fa270f7495fe44d1559c1ac49795a30881a,h5_fold2_fully_nested_v1
2,2021-12-05,2021-12-10,component_subtrain,True,,2022-01-22,2022-03-30,2022-06-16,6ed147cd585e5e8083292683f9be3cf585e97e4d46fa0e3224d24a4e2b42cbbb,f83baf5732ffbf88b9a448a3d9ab9fa270f7495fe44d1559c1ac49795a30881a,h5_fold2_fully_nested_v1
2,2021-12-06,2021-12-11,component_subtrain,True,,2022-01-22,2022-03-30,2022-06-16,6ed147cd585e5e8083292683f9be3cf585e97e4d46fa0e3224d24a4e2b42cbbb,f83baf5732ffbf88b9a448a3d9ab9fa270f7495fe44d1559c1ac49795a30881a,h5_fold2_fully_nested_v1
2,2021-12-07,2021-12-12,component_subtrain,True,,2022-01-22,2022-03-30,2022-06-16,6ed147cd585e5e8083292683f9be3cf585e97e4d46fa0e3224d24a4e2b42cbbb,f83baf5732ffbf88b9a448a3d9ab9fa270f7495fe44d1559c1ac49795a30881a,h5_fold2_fully_nested_v1
2,2021-12-08,2021-12-13,component_subtrain,True,,2022-01-22,2022-03-30,2022-06-16,6ed147cd585e5e8083292683f9be3cf585e97e4d46fa0e3224d24a4e2b42cbbb,f83baf5732ffbf88b9a448a3d9ab9fa270f7495fe44d1559c1ac49795a30881a,h5_fold2_fully_nested_v1
2,2021-12-09,2021-12-14,component_subtrain,True,,2022-01-22,2022-03-30,2022-06-16,6ed147cd585e5e8083292683f9be3cf585e97e4d46fa0e3224d24a4e2b42cbbb,f83baf5732ffbf88b9a448a3d9ab9fa270f7495fe44d1559c1ac49795a30881a,h5_fold2_fully_nested_v1
2,2021-12-10,2021-12-15,component_subtrain,True,,2022-01-22,2022-03-30,2022-06-16,6ed147cd585e5e8083292683f9be3cf585e97e4d46fa0e3224d24a4e2b42cbbb,f83baf5732ffbf88b9a448a3d9ab9fa270f7495fe44d1559c1ac49795a30881a,h5_fold2_fully_nested_v1
2,2021-12-11,2021-12-16,component_subtrain,True,,2022-01-22,2022-03-30,2022-06-16,6ed147cd585e5e8083292683f9be3cf585e97e4d46fa0e3224d24a4e2b42cbbb,f83baf5732ffbf88b9a448a3d9ab9fa270f7495fe44d1559c1ac49795a30881a,h5_fold2_fully_nested_v1
2,2021-12-12,2021-12-17,component_subtrain,True,,2022-01-22,2022-03-30,2022-06-16,6ed147cd585e5e8083292683f9be3cf585e97e4d46fa0e3224d24a4e2b42cbbb,f83baf5732ffbf88b9a448a3d9ab9fa270f7495fe44d1559c1ac49795a30881a,h5_fold2_fully_nested_v1
2,2021-12-13,2021-12-18,component_subtrain,True,,2022-01-22,2022-03-30,2022-06-16,6ed147cd585e5e8083292683f9be3cf585e97e4d46fa0e3224d24a4e2b42cbbb,f83baf5732ffbf88b9a448a3d9ab9fa270f7495fe44d1559c1ac49795a30881a,h5_fold2_fully_nested_v1
2,2021-12-14,2021-12-19,component_subtrain,True,,2022-01-22,2022-03-30,2022-06-16,6ed147cd585e5e8083292683f9be3cf585e97e4d46fa0e3224d24a4e2b42cbbb,f83baf5732ffbf88b9a448a3d9ab9fa270f7495fe44d1559c1ac49795a30881a,h5_fold2_fully_nested_v1
2,2021-12-15,2021-12-20,component_subtrain,True,,2022-01-22,2022-03-30,2022-06-16,6ed147cd585e5e8083292683f9be3cf585e97e4d46fa0e3224d24a4e2b42cbbb,f83baf5732ffbf88b9a448a3d9ab9fa270f7495fe44d1559c1ac49795a30881a,h5_fold2_fully_nested_v1
2,2021-12-16,2021-12-21,component_subtrain,True,,2022-01-22,2022-03-30,2022-06-16,6ed147cd585e5e8083292683f9be3cf585e97e4d46fa0e3224d24a4e2b42cbbb,f83baf5732ffbf88b9a448a3d9ab9fa270f7495fe44d1559c1ac49795a30881a,h5_fold2_fully_nested_v1
2,2021-12-17,2021-12-22,component_subtrain,True,,2022-01-22,2022-03-30,2022-06-16,6ed147cd585e5e8083292683f9be3cf585e97e4d46fa0e3224d24a4e2b42cbbb,f83baf5732ffbf88b9a448a3d9ab9fa270f7495fe44d1559c1ac49795a30881a,h5_fold2_fully_nested_v1
2,2021-12-18,2021-12-23,component_subtrain,True,,2022-01-22,2022-03-30,2022-06-16,6ed147cd585e5e8083292683f9be3cf585e97e4d46fa0e3224d24a4e2b42cbbb,f83baf5732ffbf88b9a448a3d9ab9fa270f7495fe44d1559c1ac49795a30881a,h5_fold2_fully_nested_v1
2,2021-12-19,2021-12-24,component_subtrain,True,,2022-01-22,2022-03-30,2022-06-16,6ed147cd585e5e8083292683f9be3cf585e97e4d46fa0e3224d24a4e2b42cbbb,f83baf5732ffbf88b9a448a3d9ab9fa270f7495fe44d1559c1ac49795a30881a,h5_fold2_fully_nested_v1
2,2021-12-20,2021-12-25,component_subtrain,True,,2022-01-22,2022-03-30,2022-06-16,6ed147cd585e5e8083292683f9be3cf585e97e4d46fa0e3224d24a4e2b42cbbb,f83baf5732ffbf88b9a448a3d9ab9fa270f7495fe44d1559c1ac49795a30881a,h5_fold2_fully_nested_v1
2,2021-12-21,2021-12-26,component_subtrain,True,,2022-01-22,2022-03-30,2022-06-16,6ed147cd585e5e8083292683f9be3cf585e97e4d46fa0e3224d24a4e2b42cbbb,f83baf5732ffbf88b9a448a3d9ab9fa270f7495fe44d1559c1ac49795a30881a,h5_fold2_fully_nested_v1
2,2021-12-22,2021-12-27,component_subtrain,True,,2022-01-22,2022-03-30,2022-06-16,6ed147cd585e5e8083292683f9be3cf585e97e4d46fa0e3224d24a4e2b42cbbb,f83baf5732ffbf88b9a448a3d9ab9fa270f7495fe44d1559c1ac49795a30881a,h5_fold2_fully_nested_v1
2,2021-12-23,2021-12-28,component_subtrain,True,,2022-01-22,2022-03-30,2022-06-16,6ed147cd585e5e8083292683f9be3cf585e97e4d46fa0e3224d24a4e2b42cbbb,f83baf5732ffbf88b9a448a3d9ab9fa270f7495fe44d1559c1ac49795a30881a,h5_fold2_fully_nested_v1
2,2021-12-24,2021-12-29,component_subtrain,True,,2022-01-22,2022-03-30,2022-06-16,6ed147cd585e5e8083292683f9be3cf585e97e4d46fa0e3224d24a4e2b42cbbb,f83baf5732ffbf88b9a448a3d9ab9fa270f7495fe44d1559c1ac49795a30881a,h5_fold2_fully_nested_v1
2,2021-12-25,2021-12-30,component_subtrain,True,,2022-01-22,2022-03-30,2022-06-16,6ed147cd585e5e8083292683f9be3cf585e97e4d46fa0e3224d24a4e2b42cbbb,f83baf5732ffbf88b9a448a3d9ab9fa270f7495fe44d1559c1ac49795a30881a,h5_fold2_fully_nested_v1
2,2021-12-26,2021-12-31,component_subtrain,True,,2022-01-22,2022-03-30,2022-06-16,6ed147cd585e5e8083292683f9be3cf585e97e4d46fa0e3224d24a4e2b42cbbb,f83baf5732ffbf88b9a448a3d9ab9fa270f7495fe44d1559c1ac49795a30881a,h5_fold2_fully_nested_v1
2,2021-12-27,2022-01-01,component_subtrain,True,,2022-01-22,2022-03-30,2022-06-16,6ed147cd585e5e8083292683f9be3cf585e97e4d46fa0e3224d24a4e2b42cbbb,f83baf5732ffbf88b9a448a3d9ab9fa270f7495fe44d1559c1ac49795a30881a,h5_fold2_fully_nested_v1
2,2021-12-28,2022-01-02,component_subtrain,True,,2022-01-22,2022-03-30,2022-06-16,6ed147cd585e5e8083292683f9be3cf585e97e4d46fa0e3224d24a4e2b42cbbb,f83baf5732ffbf88b9a448a3d9ab9fa270f7495fe44d1559c1ac49795a30881a,h5_fold2_fully_nested_v1
2,2021-12-29,2022-01-03,component_subtrain,True,,2022-01-22,2022-03-30,2022-06-16,6ed147cd585e5e8083292683f9be3cf585e97e4d46fa0e3224d24a4e2b42cbbb,f83baf5732ffbf88b9a448a3d9ab9fa270f7495fe44d1559c1ac49795a30881a,h5_fold2_fully_nested_v1
2,2021-12-30,2022-01-04,component_subtrain,True,,2022-01-22,2022-03-30,2022-06-16,6ed147cd585e5e8083292683f9be3cf585e97e4d46fa0e3224d24a4e2b42cbbb,f83baf5732ffbf88b9a448a3d9ab9fa270f7495fe44d1559c1ac49795a30881a,h5_fold2_fully_nested_v1
2,2021-12-31,2022-01-05,component_subtrain,True,,2022-01-22,2022-03-30,2022-06-16,6ed147cd585e5e8083292683f9be3cf585e97e4d46fa0e3224d24a4e2b42cbbb,f83baf5732ffbf88b9a448a3d9ab9fa270f7495fe44d1559c1ac49795a30881a,h5_fold2_fully_nested_v1
2,2022-01-01,2022-01-06,component_subtrain,True,,2022-01-22,2022-03-30,2022-06-16,6ed147cd585e5e8083292683f9be3cf585e97e4d46fa0e3224d24a4e2b42cbbb,f83baf5732ffbf88b9a448a3d9ab9fa270f7495fe44d1559c1ac49795a30881a,h5_fold2_fully_nested_v1
2,2022-01-02,2022-01-07,component_subtrain,True,,2022-01-22,2022-03-30,2022-06-16,6ed147cd585e5e8083292683f9be3cf585e97e4d46fa0e3224d24a4e2b42cbbb,f83baf5732ffbf88b9a448a3d9ab9fa270f7495fe44d1559c1ac49795a30881a,h5_fold2_fully_nested_v1
2,2022-01-03,2022-01-08,component_subtrain,True,,2022-01-22,2022-03-30,2022-06-16,6ed147cd585e5e8083292683f9be3cf585e97e4d46fa0e3224d24a4e2b42cbbb,f83baf5732ffbf88b9a448a3d9ab9fa270f7495fe44d1559c1ac49795a30881a,h5_fold2_fully_nested_v1
2,2022-01-04,2022-01-09,component_subtrain,True,,2022-01-22,2022-03-30,2022-06-16,6ed147cd585e5e8083292683f9be3cf585e97e4d46fa0e3224d24a4e2b42cbbb,f83baf5732ffbf88b9a448a3d9ab9fa270f7495fe44d1559c1ac49795a30881a,h5_fold2_fully_nested_v1
2,2022-01-05,2022-01-10,component_subtrain,True,,2022-01-22,2022-03-30,2022-06-16,6ed147cd585e5e8083292683f9be3cf585e97e4d46fa0e3224d24a4e2b42cbbb,f83baf5732ffbf88b9a448a3d9ab9fa270f7495fe44d1559c1ac49795a30881a,h5_fold2_fully_nested_v1
2,2022-01-06,2022-01-11,component_subtrain,True,,2022-01-22,2022-03-30,2022-06-16,6ed147cd585e5e8083292683f9be3cf585e97e4d46fa0e3224d24a4e2b42cbbb,f83baf5732ffbf88b9a448a3d9ab9fa270f7495fe44d1559c1ac49795a30881a,h5_fold2_fully_nested_v1
2,2022-01-07,2022-01-12,component_subtrain,True,,2022-01-22,2022-03-30,2022-06-16,6ed147cd585e5e8083292683f9be3cf585e97e4d46fa0e3224d24a4e2b42cbbb,f83baf5732ffbf88b9a448a3d9ab9fa270f7495fe44d1559c1ac49795a30881a,h5_fold2_fully_nested_v1
2,2022-01-08,2022-01-13,component_subtrain,True,,2022-01-22,2022-03-30,2022-06-16,6ed147cd585e5e8083292683f9be3cf585e97e4d46fa0e3224d24a4e2b42cbbb,f83baf5732ffbf88b9a448a3d9ab9fa270f7495fe44d1559c1ac49795a30881a,h5_fold2_fully_nested_v1
2,2022-01-09,2022-01-14,component_subtrain,True,,2022-01-22,2022-03-30,2022-06-16,6ed147cd585e5e8083292683f9be3cf585e97e4d46fa0e3224d24a4e2b42cbbb,f83baf5732ffbf88b9a448a3d9ab9fa270f7495fe44d1559c1ac49795a30881a,h5_fold2_fully_nested_v1
2,2022-01-10,2022-01-15,component_subtrain,True,,2022-01-22,2022-03-30,2022-06-16,6ed147cd585e5e8083292683f9be3cf585e97e4d46fa0e3224d24a4e2b42cbbb,f83baf5732ffbf88b9a448a3d9ab9fa270f7495fe44d1559c1ac49795a30881a,h5_fold2_fully_nested_v1
2,2022-01-11,2022-01-16,component_subtrain,True,,2022-01-22,2022-03-30,2022-06-16,6ed147cd585e5e8083292683f9be3cf585e97e4d46fa0e3224d24a4e2b42cbbb,f83baf5732ffbf88b9a448a3d9ab9fa270f7495fe44d1559c1ac49795a30881a,h5_fold2_fully_nested_v1
2,2022-01-12,2022-01-17,component_subtrain,True,,2022-01-22,2022-03-30,2022-06-16,6ed147cd585e5e8083292683f9be3cf585e97e4d46fa0e3224d24a4e2b42cbbb,f83baf5732ffbf88b9a448a3d9ab9fa270f7495fe44d1559c1ac49795a30881a,h5_fold2_fully_nested_v1
2,2022-01-13,2022-01-18,component_subtrain,True,,2022-01-22,2022-03-30,2022-06-16,6ed147cd585e5e8083292683f9be3cf585e97e4d46fa0e3224d24a4e2b42cbbb,f83baf5732ffbf88b9a448a3d9ab9fa270f7495fe44d1559c1ac49795a30881a,h5_fold2_fully_nested_v1
2,2022-01-14,2022-01-19,component_subtrain,True,,2022-01-22,2022-03-30,2022-06-16,6ed147cd585e5e8083292683f9be3cf585e97e4d46fa0e3224d24a4e2b42cbbb,f83baf5732ffbf88b9a448a3d9ab9fa270f7495fe44d1559c1ac49795a30881a,h5_fold2_fully_nested_v1
2,2022-01-15,2022-01-20,component_subtrain,True,,2022-01-22,2022-03-30,2022-06-16,6ed147cd585e5e8083292683f9be3cf585e97e4d46fa0e3224d24a4e2b42cbbb,f83baf5732ffbf88b9a448a3d9ab9fa270f7495fe44d1559c1ac49795a30881a,h5_fold2_fully_nested_v1
2,2022-01-16,2022-01-21,component_subtrain,True,,2022-01-22,2022-03-30,2022-06-16,6ed147cd585e5e8083292683f9be3cf585e97e4d46fa0e3224d24a4e2b42cbbb,f83baf5732ffbf88b9a448a3d9ab9fa270f7495fe44d1559c1ac49795a30881a,h5_fold2_fully_nested_v1
2,2022-01-17,2022-01-22,inner_embargo_excluded,False,target_date_not_before_component_validation_start,2022-01-22,2022-03-30,2022-06-16,6ed147cd585e5e8083292683f9be3cf585e97e4d46fa0e3224d24a4e2b42cbbb,f83baf5732ffbf88b9a448a3d9ab9fa270f7495fe44d1559c1ac49795a30881a,h5_fold2_fully_nested_v1
2,2022-01-18,2022-01-23,inner_embargo_excluded,False,target_date_not_before_component_validation_start,2022-01-22,2022-03-30,2022-06-16,6ed147cd585e5e8083292683f9be3cf585e97e4d46fa0e3224d24a4e2b42cbbb,f83baf5732ffbf88b9a448a3d9ab9fa270f7495fe44d1559c1ac49795a30881a,h5_fold2_fully_nested_v1
2,2022-01-19,2022-01-24,inner_embargo_excluded,False,target_date_not_before_component_validation_start,2022-01-22,2022-03-30,2022-06-16,6ed147cd585e5e8083292683f9be3cf585e97e4d46fa0e3224d24a4e2b42cbbb,f83baf5732ffbf88b9a448a3d9ab9fa270f7495fe44d1559c1ac49795a30881a,h5_fold2_fully_nested_v1
2,2022-01-20,2022-01-25,inner_embargo_excluded,False,target_date_not_before_component_validation_start,2022-01-22,2022-03-30,2022-06-16,6ed147cd585e5e8083292683f9be3cf585e97e4d46fa0e3224d24a4e2b42cbbb,f83baf5732ffbf88b9a448a3d9ab9fa270f7495fe44d1559c1ac49795a30881a,h5_fold2_fully_nested_v1
2,2022-01-21,2022-01-26,inner_embargo_excluded,False,target_date_not_before_component_validation_start,2022-01-22,2022-03-30,2022-06-16,6ed147cd585e5e8083292683f9be3cf585e97e4d46fa0e3224d24a4e2b42cbbb,f83baf5732ffbf88b9a448a3d9ab9fa270f7495fe44d1559c1ac49795a30881a,h5_fold2_fully_nested_v1
2,2022-01-22,2022-01-27,component_validation,True,,2022-01-22,2022-03-30,2022-06-16,6ed147cd585e5e8083292683f9be3cf585e97e4d46fa0e3224d24a4e2b42cbbb,f83baf5732ffbf88b9a448a3d9ab9fa270f7495fe44d1559c1ac49795a30881a,h5_fold2_fully_nested_v1
2,2022-01-23,2022-01-28,component_validation,True,,2022-01-22,2022-03-30,2022-06-16,6ed147cd585e5e8083292683f9be3cf585e97e4d46fa0e3224d24a4e2b42cbbb,f83baf5732ffbf88b9a448a3d9ab9fa270f7495fe44d1559c1ac49795a30881a,h5_fold2_fully_nested_v1
2,2022-01-24,2022-01-29,component_validation,True,,2022-01-22,2022-03-30,2022-06-16,6ed147cd585e5e8083292683f9be3cf585e97e4d46fa0e3224d24a4e2b42cbbb,f83baf5732ffbf88b9a448a3d9ab9fa270f7495fe44d1559c1ac49795a30881a,h5_fold2_fully_nested_v1
2,2022-01-25,2022-01-30,component_validation,True,,2022-01-22,2022-03-30,2022-06-16,6ed147cd585e5e8083292683f9be3cf585e97e4d46fa0e3224d24a4e2b42cbbb,f83baf5732ffbf88b9a448a3d9ab9fa270f7495fe44d1559c1ac49795a30881a,h5_fold2_fully_nested_v1
2,2022-01-26,2022-01-31,component_validation,True,,2022-01-22,2022-03-30,2022-06-16,6ed147cd585e5e8083292683f9be3cf585e97e4d46fa0e3224d24a4e2b42cbbb,f83baf5732ffbf88b9a448a3d9ab9fa270f7495fe44d1559c1ac49795a30881a,h5_fold2_fully_nested_v1
2,2022-01-27,2022-02-01,component_validation,True,,2022-01-22,2022-03-30,2022-06-16,6ed147cd585e5e8083292683f9be3cf585e97e4d46fa0e3224d24a4e2b42cbbb,f83baf5732ffbf88b9a448a3d9ab9fa270f7495fe44d1559c1ac49795a30881a,h5_fold2_fully_nested_v1
2,2022-01-28,2022-02-02,component_validation,True,,2022-01-22,2022-03-30,2022-06-16,6ed147cd585e5e8083292683f9be3cf585e97e4d46fa0e3224d24a4e2b42cbbb,f83baf5732ffbf88b9a448a3d9ab9fa270f7495fe44d1559c1ac49795a30881a,h5_fold2_fully_nested_v1
2,2022-01-29,2022-02-03,component_validation,True,,2022-01-22,2022-03-30,2022-06-16,6ed147cd585e5e8083292683f9be3cf585e97e4d46fa0e3224d24a4e2b42cbbb,f83baf5732ffbf88b9a448a3d9ab9fa270f7495fe44d1559c1ac49795a30881a,h5_fold2_fully_nested_v1
2,2022-01-30,2022-02-04,component_validation,True,,2022-01-22,2022-03-30,2022-06-16,6ed147cd585e5e8083292683f9be3cf585e97e4d46fa0e3224d24a4e2b42cbbb,f83baf5732ffbf88b9a448a3d9ab9fa270f7495fe44d1559c1ac49795a30881a,h5_fold2_fully_nested_v1
2,2022-01-31,2022-02-05,component_validation,True,,2022-01-22,2022-03-30,2022-06-16,6ed147cd585e5e8083292683f9be3cf585e97e4d46fa0e3224d24a4e2b42cbbb,f83baf5732ffbf88b9a448a3d9ab9fa270f7495fe44d1559c1ac49795a30881a,h5_fold2_fully_nested_v1
2,2022-02-01,2022-02-06,component_validation,True,,2022-01-22,2022-03-30,2022-06-16,6ed147cd585e5e8083292683f9be3cf585e97e4d46fa0e3224d24a4e2b42cbbb,f83baf5732ffbf88b9a448a3d9ab9fa270f7495fe44d1559c1ac49795a30881a,h5_fold2_fully_nested_v1
2,2022-02-02,2022-02-07,component_validation,True,,2022-01-22,2022-03-30,2022-06-16,6ed147cd585e5e8083292683f9be3cf585e97e4d46fa0e3224d24a4e2b42cbbb,f83baf5732ffbf88b9a448a3d9ab9fa270f7495fe44d1559c1ac49795a30881a,h5_fold2_fully_nested_v1
2,2022-02-03,2022-02-08,component_validation,True,,2022-01-22,2022-03-30,2022-06-16,6ed147cd585e5e8083292683f9be3cf585e97e4d46fa0e3224d24a4e2b42cbbb,f83baf5732ffbf88b9a448a3d9ab9fa270f7495fe44d1559c1ac49795a30881a,h5_fold2_fully_nested_v1
2,2022-02-04,2022-02-09,component_validation,True,,2022-01-22,2022-03-30,2022-06-16,6ed147cd585e5e8083292683f9be3cf585e97e4d46fa0e3224d24a4e2b42cbbb,f83baf5732ffbf88b9a448a3d9ab9fa270f7495fe44d1559c1ac49795a30881a,h5_fold2_fully_nested_v1
2,2022-02-05,2022-02-10,component_validation,True,,2022-01-22,2022-03-30,2022-06-16,6ed147cd585e5e8083292683f9be3cf585e97e4d46fa0e3224d24a4e2b42cbbb,f83baf5732ffbf88b9a448a3d9ab9fa270f7495fe44d1559c1ac49795a30881a,h5_fold2_fully_nested_v1
2,2022-02-06,2022-02-11,component_validation,True,,2022-01-22,2022-03-30,2022-06-16,6ed147cd585e5e8083292683f9be3cf585e97e4d46fa0e3224d24a4e2b42cbbb,f83baf5732ffbf88b9a448a3d9ab9fa270f7495fe44d1559c1ac49795a30881a,h5_fold2_fully_nested_v1
2,2022-02-07,2022-02-12,component_validation,True,,2022-01-22,2022-03-30,2022-06-16,6ed147cd585e5e8083292683f9be3cf585e97e4d46fa0e3224d24a4e2b42cbbb,f83baf5732ffbf88b9a448a3d9ab9fa270f7495fe44d1559c1ac49795a30881a,h5_fold2_fully_nested_v1
2,2022-02-08,2022-02-13,component_validation,True,,2022-01-22,2022-03-30,2022-06-16,6ed147cd585e5e8083292683f9be3cf585e97e4d46fa0e3224d24a4e2b42cbbb,f83baf5732ffbf88b9a448a3d9ab9fa270f7495fe44d1559c1ac49795a30881a,h5_fold2_fully_nested_v1
2,2022-02-09,2022-02-14,component_validation,True,,2022-01-22,2022-03-30,2022-06-16,6ed147cd585e5e8083292683f9be3cf585e97e4d46fa0e3224d24a4e2b42cbbb,f83baf5732ffbf88b9a448a3d9ab9fa270f7495fe44d1559c1ac49795a30881a,h5_fold2_fully_nested_v1
2,2022-02-10,2022-02-15,component_validation,True,,2022-01-22,2022-03-30,2022-06-16,6ed147cd585e5e8083292683f9be3cf585e97e4d46fa0e3224d24a4e2b42cbbb,f83baf5732ffbf88b9a448a3d9ab9fa270f7495fe44d1559c1ac49795a30881a,h5_fold2_fully_nested_v1
2,2022-02-11,2022-02-16,component_validation,True,,2022-01-22,2022-03-30,2022-06-16,6ed147cd585e5e8083292683f9be3cf585e97e4d46fa0e3224d24a4e2b42cbbb,f83baf5732ffbf88b9a448a3d9ab9fa270f7495fe44d1559c1ac49795a30881a,h5_fold2_fully_nested_v1
2,2022-02-12,2022-02-17,component_validation,True,,2022-01-22,2022-03-30,2022-06-16,6ed147cd585e5e8083292683f9be3cf585e97e4d46fa0e3224d24a4e2b42cbbb,f83baf5732ffbf88b9a448a3d9ab9fa270f7495fe44d1559c1ac49795a30881a,h5_fold2_fully_nested_v1
2,2022-02-13,2022-02-18,component_validation,True,,2022-01-22,2022-03-30,2022-06-16,6ed147cd585e5e8083292683f9be3cf585e97e4d46fa0e3224d24a4e2b42cbbb,f83baf5732ffbf88b9a448a3d9ab9fa270f7495fe44d1559c1ac49795a30881a,h5_fold2_fully_nested_v1
2,2022-02-14,2022-02-19,component_validation,True,,2022-01-22,2022-03-30,2022-06-16,6ed147cd585e5e8083292683f9be3cf585e97e4d46fa0e3224d24a4e2b42cbbb,f83baf5732ffbf88b9a448a3d9ab9fa270f7495fe44d1559c1ac49795a30881a,h5_fold2_fully_nested_v1
2,2022-02-15,2022-02-20,component_validation,True,,2022-01-22,2022-03-30,2022-06-16,6ed147cd585e5e8083292683f9be3cf585e97e4d46fa0e3224d24a4e2b42cbbb,f83baf5732ffbf88b9a448a3d9ab9fa270f7495fe44d1559c1ac49795a30881a,h5_fold2_fully_nested_v1
2,2022-02-16,2022-02-21,component_validation,True,,2022-01-22,2022-03-30,2022-06-16,6ed147cd585e5e8083292683f9be3cf585e97e4d46fa0e3224d24a4e2b42cbbb,f83baf5732ffbf88b9a448a3d9ab9fa270f7495fe44d1559c1ac49795a30881a,h5_fold2_fully_nested_v1
2,2022-02-17,2022-02-22,component_validation,True,,2022-01-22,2022-03-30,2022-06-16,6ed147cd585e5e8083292683f9be3cf585e97e4d46fa0e3224d24a4e2b42cbbb,f83baf5732ffbf88b9a448a3d9ab9fa270f7495fe44d1559c1ac49795a30881a,h5_fold2_fully_nested_v1
2,2022-02-18,2022-02-23,component_validation,True,,2022-01-22,2022-03-30,2022-06-16,6ed147cd585e5e8083292683f9be3cf585e97e4d46fa0e3224d24a4e2b42cbbb,f83baf5732ffbf88b9a448a3d9ab9fa270f7495fe44d1559c1ac49795a30881a,h5_fold2_fully_nested_v1
2,2022-02-19,2022-02-24,component_validation,True,,2022-01-22,2022-03-30,2022-06-16,6ed147cd585e5e8083292683f9be3cf585e97e4d46fa0e3224d24a4e2b42cbbb,f83baf5732ffbf88b9a448a3d9ab9fa270f7495fe44d1559c1ac49795a30881a,h5_fold2_fully_nested_v1
2,2022-02-20,2022-02-25,component_validation,True,,2022-01-22,2022-03-30,2022-06-16,6ed147cd585e5e8083292683f9be3cf585e97e4d46fa0e3224d24a4e2b42cbbb,f83baf5732ffbf88b9a448a3d9ab9fa270f7495fe44d1559c1ac49795a30881a,h5_fold2_fully_nested_v1
2,2022-02-21,2022-02-26,component_validation,True,,2022-01-22,2022-03-30,2022-06-16,6ed147cd585e5e8083292683f9be3cf585e97e4d46fa0e3224d24a4e2b42cbbb,f83baf5732ffbf88b9a448a3d9ab9fa270f7495fe44d1559c1ac49795a30881a,h5_fold2_fully_nested_v1
2,2022-02-22,2022-02-27,component_validation,True,,2022-01-22,2022-03-30,2022-06-16,6ed147cd585e5e8083292683f9be3cf585e97e4d46fa0e3224d24a4e2b42cbbb,f83baf5732ffbf88b9a448a3d9ab9fa270f7495fe44d1559c1ac49795a30881a,h5_fold2_fully_nested_v1
2,2022-02-23,2022-02-28,component_validation,True,,2022-01-22,2022-03-30,2022-06-16,6ed147cd585e5e8083292683f9be3cf585e97e4d46fa0e3224d24a4e2b42cbbb,f83baf5732ffbf88b9a448a3d9ab9fa270f7495fe44d1559c1ac49795a30881a,h5_fold2_fully_nested_v1
2,2022-02-24,2022-03-01,component_validation,True,,2022-01-22,2022-03-30,2022-06-16,6ed147cd585e5e8083292683f9be3cf585e97e4d46fa0e3224d24a4e2b42cbbb,f83baf5732ffbf88b9a448a3d9ab9fa270f7495fe44d1559c1ac49795a30881a,h5_fold2_fully_nested_v1
2,2022-02-25,2022-03-02,component_validation,True,,2022-01-22,2022-03-30,2022-06-16,6ed147cd585e5e8083292683f9be3cf585e97e4d46fa0e3224d24a4e2b42cbbb,f83baf5732ffbf88b9a448a3d9ab9fa270f7495fe44d1559c1ac49795a30881a,h5_fold2_fully_nested_v1
2,2022-02-26,2022-03-03,component_validation,True,,2022-01-22,2022-03-30,2022-06-16,6ed147cd585e5e8083292683f9be3cf585e97e4d46fa0e3224d24a4e2b42cbbb,f83baf5732ffbf88b9a448a3d9ab9fa270f7495fe44d1559c1ac49795a30881a,h5_fold2_fully_nested_v1
2,2022-02-27,2022-03-04,component_validation,True,,2022-01-22,2022-03-30,2022-06-16,6ed147cd585e5e8083292683f9be3cf585e97e4d46fa0e3224d24a4e2b42cbbb,f83baf5732ffbf88b9a448a3d9ab9fa270f7495fe44d1559c1ac49795a30881a,h5_fold2_fully_nested_v1
2,2022-02-28,2022-03-05,component_validation,True,,2022-01-22,2022-03-30,2022-06-16,6ed147cd585e5e8083292683f9be3cf585e97e4d46fa0e3224d24a4e2b42cbbb,f83baf5732ffbf88b9a448a3d9ab9fa270f7495fe44d1559c1ac49795a30881a,h5_fold2_fully_nested_v1
2,2022-03-01,2022-03-06,component_validation,True,,2022-01-22,2022-03-30,2022-06-16,6ed147cd585e5e8083292683f9be3cf585e97e4d46fa0e3224d24a4e2b42cbbb,f83baf5732ffbf88b9a448a3d9ab9fa270f7495fe44d1559c1ac49795a30881a,h5_fold2_fully_nested_v1
2,2022-03-02,2022-03-07,component_validation,True,,2022-01-22,2022-03-30,2022-06-16,6ed147cd585e5e8083292683f9be3cf585e97e4d46fa0e3224d24a4e2b42cbbb,f83baf5732ffbf88b9a448a3d9ab9fa270f7495fe44d1559c1ac49795a30881a,h5_fold2_fully_nested_v1
2,2022-03-03,2022-03-08,component_validation,True,,2022-01-22,2022-03-30,2022-06-16,6ed147cd585e5e8083292683f9be3cf585e97e4d46fa0e3224d24a4e2b42cbbb,f83baf5732ffbf88b9a448a3d9ab9fa270f7495fe44d1559c1ac49795a30881a,h5_fold2_fully_nested_v1
2,2022-03-04,2022-03-09,component_validation,True,,2022-01-22,2022-03-30,2022-06-16,6ed147cd585e5e8083292683f9be3cf585e97e4d46fa0e3224d24a4e2b42cbbb,f83baf5732ffbf88b9a448a3d9ab9fa270f7495fe44d1559c1ac49795a30881a,h5_fold2_fully_nested_v1
2,2022-03-05,2022-03-10,component_validation,True,,2022-01-22,2022-03-30,2022-06-16,6ed147cd585e5e8083292683f9be3cf585e97e4d46fa0e3224d24a4e2b42cbbb,f83baf5732ffbf88b9a448a3d9ab9fa270f7495fe44d1559c1ac49795a30881a,h5_fold2_fully_nested_v1
2,2022-03-06,2022-03-11,component_validation,True,,2022-01-22,2022-03-30,2022-06-16,6ed147cd585e5e8083292683f9be3cf585e97e4d46fa0e3224d24a4e2b42cbbb,f83baf5732ffbf88b9a448a3d9ab9fa270f7495fe44d1559c1ac49795a30881a,h5_fold2_fully_nested_v1
2,2022-03-07,2022-03-12,component_validation,True,,2022-01-22,2022-03-30,2022-06-16,6ed147cd585e5e8083292683f9be3cf585e97e4d46fa0e3224d24a4e2b42cbbb,f83baf5732ffbf88b9a448a3d9ab9fa270f7495fe44d1559c1ac49795a30881a,h5_fold2_fully_nested_v1
2,2022-03-08,2022-03-13,component_validation,True,,2022-01-22,2022-03-30,2022-06-16,6ed147cd585e5e8083292683f9be3cf585e97e4d46fa0e3224d24a4e2b42cbbb,f83baf5732ffbf88b9a448a3d9ab9fa270f7495fe44d1559c1ac49795a30881a,h5_fold2_fully_nested_v1
2,2022-03-09,2022-03-14,component_validation,True,,2022-01-22,2022-03-30,2022-06-16,6ed147cd585e5e8083292683f9be3cf585e97e4d46fa0e3224d24a4e2b42cbbb,f83baf5732ffbf88b9a448a3d9ab9fa270f7495fe44d1559c1ac49795a30881a,h5_fold2_fully_nested_v1
2,2022-03-10,2022-03-15,component_validation,True,,2022-01-22,2022-03-30,2022-06-16,6ed147cd585e5e8083292683f9be3cf585e97e4d46fa0e3224d24a4e2b42cbbb,f83baf5732ffbf88b9a448a3d9ab9fa270f7495fe44d1559c1ac49795a30881a,h5_fold2_fully_nested_v1
2,2022-03-11,2022-03-16,component_validation,True,,2022-01-22,2022-03-30,2022-06-16,6ed147cd585e5e8083292683f9be3cf585e97e4d46fa0e3224d24a4e2b42cbbb,f83baf5732ffbf88b9a448a3d9ab9fa270f7495fe44d1559c1ac49795a30881a,h5_fold2_fully_nested_v1
2,2022-03-12,2022-03-17,component_validation,True,,2022-01-22,2022-03-30,2022-06-16,6ed147cd585e5e8083292683f9be3cf585e97e4d46fa0e3224d24a4e2b42cbbb,f83baf5732ffbf88b9a448a3d9ab9fa270f7495fe44d1559c1ac49795a30881a,h5_fold2_fully_nested_v1
2,2022-03-13,2022-03-18,component_validation,True,,2022-01-22,2022-03-30,2022-06-16,6ed147cd585e5e8083292683f9be3cf585e97e4d46fa0e3224d24a4e2b42cbbb,f83baf5732ffbf88b9a448a3d9ab9fa270f7495fe44d1559c1ac49795a30881a,h5_fold2_fully_nested_v1
2,2022-03-14,2022-03-19,component_validation,True,,2022-01-22,2022-03-30,2022-06-16,6ed147cd585e5e8083292683f9be3cf585e97e4d46fa0e3224d24a4e2b42cbbb,f83baf5732ffbf88b9a448a3d9ab9fa270f7495fe44d1559c1ac49795a30881a,h5_fold2_fully_nested_v1
2,2022-03-15,2022-03-20,component_validation,True,,2022-01-22,2022-03-30,2022-06-16,6ed147cd585e5e8083292683f9be3cf585e97e4d46fa0e3224d24a4e2b42cbbb,f83baf5732ffbf88b9a448a3d9ab9fa270f7495fe44d1559c1ac49795a30881a,h5_fold2_fully_nested_v1
2,2022-03-16,2022-03-21,component_validation,True,,2022-01-22,2022-03-30,2022-06-16,6ed147cd585e5e8083292683f9be3cf585e97e4d46fa0e3224d24a4e2b42cbbb,f83baf5732ffbf88b9a448a3d9ab9fa270f7495fe44d1559c1ac49795a30881a,h5_fold2_fully_nested_v1
2,2022-03-17,2022-03-22,component_validation,True,,2022-01-22,2022-03-30,2022-06-16,6ed147cd585e5e8083292683f9be3cf585e97e4d46fa0e3224d24a4e2b42cbbb,f83baf5732ffbf88b9a448a3d9ab9fa270f7495fe44d1559c1ac49795a30881a,h5_fold2_fully_nested_v1
2,2022-03-18,2022-03-23,component_validation,True,,2022-01-22,2022-03-30,2022-06-16,6ed147cd585e5e8083292683f9be3cf585e97e4d46fa0e3224d24a4e2b42cbbb,f83baf5732ffbf88b9a448a3d9ab9fa270f7495fe44d1559c1ac49795a30881a,h5_fold2_fully_nested_v1
2,2022-03-19,2022-03-24,component_validation,True,,2022-01-22,2022-03-30,2022-06-16,6ed147cd585e5e8083292683f9be3cf585e97e4d46fa0e3224d24a4e2b42cbbb,f83baf5732ffbf88b9a448a3d9ab9fa270f7495fe44d1559c1ac49795a30881a,h5_fold2_fully_nested_v1
2,2022-03-20,2022-03-25,component_validation,True,,2022-01-22,2022-03-30,2022-06-16,6ed147cd585e5e8083292683f9be3cf585e97e4d46fa0e3224d24a4e2b42cbbb,f83baf5732ffbf88b9a448a3d9ab9fa270f7495fe44d1559c1ac49795a30881a,h5_fold2_fully_nested_v1
2,2022-03-21,2022-03-26,component_validation,True,,2022-01-22,2022-03-30,2022-06-16,6ed147cd585e5e8083292683f9be3cf585e97e4d46fa0e3224d24a4e2b42cbbb,f83baf5732ffbf88b9a448a3d9ab9fa270f7495fe44d1559c1ac49795a30881a,h5_fold2_fully_nested_v1
2,2022-03-22,2022-03-27,component_validation,True,,2022-01-22,2022-03-30,2022-06-16,6ed147cd585e5e8083292683f9be3cf585e97e4d46fa0e3224d24a4e2b42cbbb,f83baf5732ffbf88b9a448a3d9ab9fa270f7495fe44d1559c1ac49795a30881a,h5_fold2_fully_nested_v1
2,2022-03-23,2022-03-28,component_validation,True,,2022-01-22,2022-03-30,2022-06-16,6ed147cd585e5e8083292683f9be3cf585e97e4d46fa0e3224d24a4e2b42cbbb,f83baf5732ffbf88b9a448a3d9ab9fa270f7495fe44d1559c1ac49795a30881a,h5_fold2_fully_nested_v1
2,2022-03-24,2022-03-29,component_validation,True,,2022-01-22,2022-03-30,2022-06-16,6ed147cd585e5e8083292683f9be3cf585e97e4d46fa0e3224d24a4e2b42cbbb,f83baf5732ffbf88b9a448a3d9ab9fa270f7495fe44d1559c1ac49795a30881a,h5_fold2_fully_nested_v1
2,2022-03-25,2022-03-30,hybrid_embargo_excluded,False,target_date_not_before_hybrid_validation_start,2022-01-22,2022-03-30,2022-06-16,6ed147cd585e5e8083292683f9be3cf585e97e4d46fa0e3224d24a4e2b42cbbb,f83baf5732ffbf88b9a448a3d9ab9fa270f7495fe44d1559c1ac49795a30881a,h5_fold2_fully_nested_v1
2,2022-03-26,2022-03-31,hybrid_embargo_excluded,False,target_date_not_before_hybrid_validation_start,2022-01-22,2022-03-30,2022-06-16,6ed147cd585e5e8083292683f9be3cf585e97e4d46fa0e3224d24a4e2b42cbbb,f83baf5732ffbf88b9a448a3d9ab9fa270f7495fe44d1559c1ac49795a30881a,h5_fold2_fully_nested_v1
2,2022-03-27,2022-04-01,hybrid_embargo_excluded,False,target_date_not_before_hybrid_validation_start,2022-01-22,2022-03-30,2022-06-16,6ed147cd585e5e8083292683f9be3cf585e97e4d46fa0e3224d24a4e2b42cbbb,f83baf5732ffbf88b9a448a3d9ab9fa270f7495fe44d1559c1ac49795a30881a,h5_fold2_fully_nested_v1
2,2022-03-28,2022-04-02,hybrid_embargo_excluded,False,target_date_not_before_hybrid_validation_start,2022-01-22,2022-03-30,2022-06-16,6ed147cd585e5e8083292683f9be3cf585e97e4d46fa0e3224d24a4e2b42cbbb,f83baf5732ffbf88b9a448a3d9ab9fa270f7495fe44d1559c1ac49795a30881a,h5_fold2_fully_nested_v1
2,2022-03-29,2022-04-03,hybrid_embargo_excluded,False,target_date_not_before_hybrid_validation_start,2022-01-22,2022-03-30,2022-06-16,6ed147cd585e5e8083292683f9be3cf585e97e4d46fa0e3224d24a4e2b42cbbb,f83baf5732ffbf88b9a448a3d9ab9fa270f7495fe44d1559c1ac49795a30881a,h5_fold2_fully_nested_v1
2,2022-03-30,2022-04-04,hybrid_validation,True,,2022-01-22,2022-03-30,2022-06-16,6ed147cd585e5e8083292683f9be3cf585e97e4d46fa0e3224d24a4e2b42cbbb,f83baf5732ffbf88b9a448a3d9ab9fa270f7495fe44d1559c1ac49795a30881a,h5_fold2_fully_nested_v1
2,2022-03-31,2022-04-05,hybrid_validation,True,,2022-01-22,2022-03-30,2022-06-16,6ed147cd585e5e8083292683f9be3cf585e97e4d46fa0e3224d24a4e2b42cbbb,f83baf5732ffbf88b9a448a3d9ab9fa270f7495fe44d1559c1ac49795a30881a,h5_fold2_fully_nested_v1
2,2022-04-01,2022-04-06,hybrid_validation,True,,2022-01-22,2022-03-30,2022-06-16,6ed147cd585e5e8083292683f9be3cf585e97e4d46fa0e3224d24a4e2b42cbbb,f83baf5732ffbf88b9a448a3d9ab9fa270f7495fe44d1559c1ac49795a30881a,h5_fold2_fully_nested_v1
2,2022-04-02,2022-04-07,hybrid_validation,True,,2022-01-22,2022-03-30,2022-06-16,6ed147cd585e5e8083292683f9be3cf585e97e4d46fa0e3224d24a4e2b42cbbb,f83baf5732ffbf88b9a448a3d9ab9fa270f7495fe44d1559c1ac49795a30881a,h5_fold2_fully_nested_v1
2,2022-04-03,2022-04-08,hybrid_validation,True,,2022-01-22,2022-03-30,2022-06-16,6ed147cd585e5e8083292683f9be3cf585e97e4d46fa0e3224d24a4e2b42cbbb,f83baf5732ffbf88b9a448a3d9ab9fa270f7495fe44d1559c1ac49795a30881a,h5_fold2_fully_nested_v1
2,2022-04-04,2022-04-09,hybrid_validation,True,,2022-01-22,2022-03-30,2022-06-16,6ed147cd585e5e8083292683f9be3cf585e97e4d46fa0e3224d24a4e2b42cbbb,f83baf5732ffbf88b9a448a3d9ab9fa270f7495fe44d1559c1ac49795a30881a,h5_fold2_fully_nested_v1
2,2022-04-05,2022-04-10,hybrid_validation,True,,2022-01-22,2022-03-30,2022-06-16,6ed147cd585e5e8083292683f9be3cf585e97e4d46fa0e3224d24a4e2b42cbbb,f83baf5732ffbf88b9a448a3d9ab9fa270f7495fe44d1559c1ac49795a30881a,h5_fold2_fully_nested_v1
2,2022-04-06,2022-04-11,hybrid_validation,True,,2022-01-22,2022-03-30,2022-06-16,6ed147cd585e5e8083292683f9be3cf585e97e4d46fa0e3224d24a4e2b42cbbb,f83baf5732ffbf88b9a448a3d9ab9fa270f7495fe44d1559c1ac49795a30881a,h5_fold2_fully_nested_v1
2,2022-04-07,2022-04-12,hybrid_validation,True,,2022-01-22,2022-03-30,2022-06-16,6ed147cd585e5e8083292683f9be3cf585e97e4d46fa0e3224d24a4e2b42cbbb,f83baf5732ffbf88b9a448a3d9ab9fa270f7495fe44d1559c1ac49795a30881a,h5_fold2_fully_nested_v1
2,2022-04-08,2022-04-13,hybrid_validation,True,,2022-01-22,2022-03-30,2022-06-16,6ed147cd585e5e8083292683f9be3cf585e97e4d46fa0e3224d24a4e2b42cbbb,f83baf5732ffbf88b9a448a3d9ab9fa270f7495fe44d1559c1ac49795a30881a,h5_fold2_fully_nested_v1
2,2022-04-09,2022-04-14,hybrid_validation,True,,2022-01-22,2022-03-30,2022-06-16,6ed147cd585e5e8083292683f9be3cf585e97e4d46fa0e3224d24a4e2b42cbbb,f83baf5732ffbf88b9a448a3d9ab9fa270f7495fe44d1559c1ac49795a30881a,h5_fold2_fully_nested_v1
2,2022-04-10,2022-04-15,hybrid_validation,True,,2022-01-22,2022-03-30,2022-06-16,6ed147cd585e5e8083292683f9be3cf585e97e4d46fa0e3224d24a4e2b42cbbb,f83baf5732ffbf88b9a448a3d9ab9fa270f7495fe44d1559c1ac49795a30881a,h5_fold2_fully_nested_v1
2,2022-04-11,2022-04-16,hybrid_validation,True,,2022-01-22,2022-03-30,2022-06-16,6ed147cd585e5e8083292683f9be3cf585e97e4d46fa0e3224d24a4e2b42cbbb,f83baf5732ffbf88b9a448a3d9ab9fa270f7495fe44d1559c1ac49795a30881a,h5_fold2_fully_nested_v1
2,2022-04-12,2022-04-17,hybrid_validation,True,,2022-01-22,2022-03-30,2022-06-16,6ed147cd585e5e8083292683f9be3cf585e97e4d46fa0e3224d24a4e2b42cbbb,f83baf5732ffbf88b9a448a3d9ab9fa270f7495fe44d1559c1ac49795a30881a,h5_fold2_fully_nested_v1
2,2022-04-13,2022-04-18,hybrid_validation,True,,2022-01-22,2022-03-30,2022-06-16,6ed147cd585e5e8083292683f9be3cf585e97e4d46fa0e3224d24a4e2b42cbbb,f83baf5732ffbf88b9a448a3d9ab9fa270f7495fe44d1559c1ac49795a30881a,h5_fold2_fully_nested_v1
2,2022-04-14,2022-04-19,hybrid_validation,True,,2022-01-22,2022-03-30,2022-06-16,6ed147cd585e5e8083292683f9be3cf585e97e4d46fa0e3224d24a4e2b42cbbb,f83baf5732ffbf88b9a448a3d9ab9fa270f7495fe44d1559c1ac49795a30881a,h5_fold2_fully_nested_v1
2,2022-04-15,2022-04-20,hybrid_validation,True,,2022-01-22,2022-03-30,2022-06-16,6ed147cd585e5e8083292683f9be3cf585e97e4d46fa0e3224d24a4e2b42cbbb,f83baf5732ffbf88b9a448a3d9ab9fa270f7495fe44d1559c1ac49795a30881a,h5_fold2_fully_nested_v1
2,2022-04-16,2022-04-21,hybrid_validation,True,,2022-01-22,2022-03-30,2022-06-16,6ed147cd585e5e8083292683f9be3cf585e97e4d46fa0e3224d24a4e2b42cbbb,f83baf5732ffbf88b9a448a3d9ab9fa270f7495fe44d1559c1ac49795a30881a,h5_fold2_fully_nested_v1
2,2022-04-17,2022-04-22,hybrid_validation,True,,2022-01-22,2022-03-30,2022-06-16,6ed147cd585e5e8083292683f9be3cf585e97e4d46fa0e3224d24a4e2b42cbbb,f83baf5732ffbf88b9a448a3d9ab9fa270f7495fe44d1559c1ac49795a30881a,h5_fold2_fully_nested_v1
2,2022-04-18,2022-04-23,hybrid_validation,True,,2022-01-22,2022-03-30,2022-06-16,6ed147cd585e5e8083292683f9be3cf585e97e4d46fa0e3224d24a4e2b42cbbb,f83baf5732ffbf88b9a448a3d9ab9fa270f7495fe44d1559c1ac49795a30881a,h5_fold2_fully_nested_v1
2,2022-04-19,2022-04-24,hybrid_validation,True,,2022-01-22,2022-03-30,2022-06-16,6ed147cd585e5e8083292683f9be3cf585e97e4d46fa0e3224d24a4e2b42cbbb,f83baf5732ffbf88b9a448a3d9ab9fa270f7495fe44d1559c1ac49795a30881a,h5_fold2_fully_nested_v1
2,2022-04-20,2022-04-25,hybrid_validation,True,,2022-01-22,2022-03-30,2022-06-16,6ed147cd585e5e8083292683f9be3cf585e97e4d46fa0e3224d24a4e2b42cbbb,f83baf5732ffbf88b9a448a3d9ab9fa270f7495fe44d1559c1ac49795a30881a,h5_fold2_fully_nested_v1
2,2022-04-21,2022-04-26,hybrid_validation,True,,2022-01-22,2022-03-30,2022-06-16,6ed147cd585e5e8083292683f9be3cf585e97e4d46fa0e3224d24a4e2b42cbbb,f83baf5732ffbf88b9a448a3d9ab9fa270f7495fe44d1559c1ac49795a30881a,h5_fold2_fully_nested_v1
2,2022-04-22,2022-04-27,hybrid_validation,True,,2022-01-22,2022-03-30,2022-06-16,6ed147cd585e5e8083292683f9be3cf585e97e4d46fa0e3224d24a4e2b42cbbb,f83baf5732ffbf88b9a448a3d9ab9fa270f7495fe44d1559c1ac49795a30881a,h5_fold2_fully_nested_v1
2,2022-04-23,2022-04-28,hybrid_validation,True,,2022-01-22,2022-03-30,2022-06-16,6ed147cd585e5e8083292683f9be3cf585e97e4d46fa0e3224d24a4e2b42cbbb,f83baf5732ffbf88b9a448a3d9ab9fa270f7495fe44d1559c1ac49795a30881a,h5_fold2_fully_nested_v1
2,2022-04-24,2022-04-29,hybrid_validation,True,,2022-01-22,2022-03-30,2022-06-16,6ed147cd585e5e8083292683f9be3cf585e97e4d46fa0e3224d24a4e2b42cbbb,f83baf5732ffbf88b9a448a3d9ab9fa270f7495fe44d1559c1ac49795a30881a,h5_fold2_fully_nested_v1
2,2022-04-25,2022-04-30,hybrid_validation,True,,2022-01-22,2022-03-30,2022-06-16,6ed147cd585e5e8083292683f9be3cf585e97e4d46fa0e3224d24a4e2b42cbbb,f83baf5732ffbf88b9a448a3d9ab9fa270f7495fe44d1559c1ac49795a30881a,h5_fold2_fully_nested_v1
2,2022-04-26,2022-05-01,hybrid_validation,True,,2022-01-22,2022-03-30,2022-06-16,6ed147cd585e5e8083292683f9be3cf585e97e4d46fa0e3224d24a4e2b42cbbb,f83baf5732ffbf88b9a448a3d9ab9fa270f7495fe44d1559c1ac49795a30881a,h5_fold2_fully_nested_v1
2,2022-04-27,2022-05-02,hybrid_validation,True,,2022-01-22,2022-03-30,2022-06-16,6ed147cd585e5e8083292683f9be3cf585e97e4d46fa0e3224d24a4e2b42cbbb,f83baf5732ffbf88b9a448a3d9ab9fa270f7495fe44d1559c1ac49795a30881a,h5_fold2_fully_nested_v1
2,2022-04-28,2022-05-03,hybrid_validation,True,,2022-01-22,2022-03-30,2022-06-16,6ed147cd585e5e8083292683f9be3cf585e97e4d46fa0e3224d24a4e2b42cbbb,f83baf5732ffbf88b9a448a3d9ab9fa270f7495fe44d1559c1ac49795a30881a,h5_fold2_fully_nested_v1
2,2022-04-29,2022-05-04,hybrid_validation,True,,2022-01-22,2022-03-30,2022-06-16,6ed147cd585e5e8083292683f9be3cf585e97e4d46fa0e3224d24a4e2b42cbbb,f83baf5732ffbf88b9a448a3d9ab9fa270f7495fe44d1559c1ac49795a30881a,h5_fold2_fully_nested_v1
2,2022-04-30,2022-05-05,hybrid_validation,True,,2022-01-22,2022-03-30,2022-06-16,6ed147cd585e5e8083292683f9be3cf585e97e4d46fa0e3224d24a4e2b42cbbb,f83baf5732ffbf88b9a448a3d9ab9fa270f7495fe44d1559c1ac49795a30881a,h5_fold2_fully_nested_v1
2,2022-05-01,2022-05-06,hybrid_validation,True,,2022-01-22,2022-03-30,2022-06-16,6ed147cd585e5e8083292683f9be3cf585e97e4d46fa0e3224d24a4e2b42cbbb,f83baf5732ffbf88b9a448a3d9ab9fa270f7495fe44d1559c1ac49795a30881a,h5_fold2_fully_nested_v1
2,2022-05-02,2022-05-07,hybrid_validation,True,,2022-01-22,2022-03-30,2022-06-16,6ed147cd585e5e8083292683f9be3cf585e97e4d46fa0e3224d24a4e2b42cbbb,f83baf5732ffbf88b9a448a3d9ab9fa270f7495fe44d1559c1ac49795a30881a,h5_fold2_fully_nested_v1
2,2022-05-03,2022-05-08,hybrid_validation,True,,2022-01-22,2022-03-30,2022-06-16,6ed147cd585e5e8083292683f9be3cf585e97e4d46fa0e3224d24a4e2b42cbbb,f83baf5732ffbf88b9a448a3d9ab9fa270f7495fe44d1559c1ac49795a30881a,h5_fold2_fully_nested_v1
2,2022-05-04,2022-05-09,hybrid_validation,True,,2022-01-22,2022-03-30,2022-06-16,6ed147cd585e5e8083292683f9be3cf585e97e4d46fa0e3224d24a4e2b42cbbb,f83baf5732ffbf88b9a448a3d9ab9fa270f7495fe44d1559c1ac49795a30881a,h5_fold2_fully_nested_v1
2,2022-05-05,2022-05-10,hybrid_validation,True,,2022-01-22,2022-03-30,2022-06-16,6ed147cd585e5e8083292683f9be3cf585e97e4d46fa0e3224d24a4e2b42cbbb,f83baf5732ffbf88b9a448a3d9ab9fa270f7495fe44d1559c1ac49795a30881a,h5_fold2_fully_nested_v1
2,2022-05-06,2022-05-11,hybrid_validation,True,,2022-01-22,2022-03-30,2022-06-16,6ed147cd585e5e8083292683f9be3cf585e97e4d46fa0e3224d24a4e2b42cbbb,f83baf5732ffbf88b9a448a3d9ab9fa270f7495fe44d1559c1ac49795a30881a,h5_fold2_fully_nested_v1
2,2022-05-07,2022-05-12,hybrid_validation,True,,2022-01-22,2022-03-30,2022-06-16,6ed147cd585e5e8083292683f9be3cf585e97e4d46fa0e3224d24a4e2b42cbbb,f83baf5732ffbf88b9a448a3d9ab9fa270f7495fe44d1559c1ac49795a30881a,h5_fold2_fully_nested_v1
2,2022-05-08,2022-05-13,hybrid_validation,True,,2022-01-22,2022-03-30,2022-06-16,6ed147cd585e5e8083292683f9be3cf585e97e4d46fa0e3224d24a4e2b42cbbb,f83baf5732ffbf88b9a448a3d9ab9fa270f7495fe44d1559c1ac49795a30881a,h5_fold2_fully_nested_v1
2,2022-05-09,2022-05-14,hybrid_validation,True,,2022-01-22,2022-03-30,2022-06-16,6ed147cd585e5e8083292683f9be3cf585e97e4d46fa0e3224d24a4e2b42cbbb,f83baf5732ffbf88b9a448a3d9ab9fa270f7495fe44d1559c1ac49795a30881a,h5_fold2_fully_nested_v1
2,2022-05-10,2022-05-15,hybrid_validation,True,,2022-01-22,2022-03-30,2022-06-16,6ed147cd585e5e8083292683f9be3cf585e97e4d46fa0e3224d24a4e2b42cbbb,f83baf5732ffbf88b9a448a3d9ab9fa270f7495fe44d1559c1ac49795a30881a,h5_fold2_fully_nested_v1
2,2022-05-11,2022-05-16,hybrid_validation,True,,2022-01-22,2022-03-30,2022-06-16,6ed147cd585e5e8083292683f9be3cf585e97e4d46fa0e3224d24a4e2b42cbbb,f83baf5732ffbf88b9a448a3d9ab9fa270f7495fe44d1559c1ac49795a30881a,h5_fold2_fully_nested_v1
2,2022-05-12,2022-05-17,hybrid_validation,True,,2022-01-22,2022-03-30,2022-06-16,6ed147cd585e5e8083292683f9be3cf585e97e4d46fa0e3224d24a4e2b42cbbb,f83baf5732ffbf88b9a448a3d9ab9fa270f7495fe44d1559c1ac49795a30881a,h5_fold2_fully_nested_v1
2,2022-05-13,2022-05-18,hybrid_validation,True,,2022-01-22,2022-03-30,2022-06-16,6ed147cd585e5e8083292683f9be3cf585e97e4d46fa0e3224d24a4e2b42cbbb,f83baf5732ffbf88b9a448a3d9ab9fa270f7495fe44d1559c1ac49795a30881a,h5_fold2_fully_nested_v1
2,2022-05-14,2022-05-19,hybrid_validation,True,,2022-01-22,2022-03-30,2022-06-16,6ed147cd585e5e8083292683f9be3cf585e97e4d46fa0e3224d24a4e2b42cbbb,f83baf5732ffbf88b9a448a3d9ab9fa270f7495fe44d1559c1ac49795a30881a,h5_fold2_fully_nested_v1
2,2022-05-15,2022-05-20,hybrid_validation,True,,2022-01-22,2022-03-30,2022-06-16,6ed147cd585e5e8083292683f9be3cf585e97e4d46fa0e3224d24a4e2b42cbbb,f83baf5732ffbf88b9a448a3d9ab9fa270f7495fe44d1559c1ac49795a30881a,h5_fold2_fully_nested_v1
2,2022-05-16,2022-05-21,hybrid_validation,True,,2022-01-22,2022-03-30,2022-06-16,6ed147cd585e5e8083292683f9be3cf585e97e4d46fa0e3224d24a4e2b42cbbb,f83baf5732ffbf88b9a448a3d9ab9fa270f7495fe44d1559c1ac49795a30881a,h5_fold2_fully_nested_v1
2,2022-05-17,2022-05-22,hybrid_validation,True,,2022-01-22,2022-03-30,2022-06-16,6ed147cd585e5e8083292683f9be3cf585e97e4d46fa0e3224d24a4e2b42cbbb,f83baf5732ffbf88b9a448a3d9ab9fa270f7495fe44d1559c1ac49795a30881a,h5_fold2_fully_nested_v1
2,2022-05-18,2022-05-23,hybrid_validation,True,,2022-01-22,2022-03-30,2022-06-16,6ed147cd585e5e8083292683f9be3cf585e97e4d46fa0e3224d24a4e2b42cbbb,f83baf5732ffbf88b9a448a3d9ab9fa270f7495fe44d1559c1ac49795a30881a,h5_fold2_fully_nested_v1
2,2022-05-19,2022-05-24,hybrid_validation,True,,2022-01-22,2022-03-30,2022-06-16,6ed147cd585e5e8083292683f9be3cf585e97e4d46fa0e3224d24a4e2b42cbbb,f83baf5732ffbf88b9a448a3d9ab9fa270f7495fe44d1559c1ac49795a30881a,h5_fold2_fully_nested_v1
2,2022-05-20,2022-05-25,hybrid_validation,True,,2022-01-22,2022-03-30,2022-06-16,6ed147cd585e5e8083292683f9be3cf585e97e4d46fa0e3224d24a4e2b42cbbb,f83baf5732ffbf88b9a448a3d9ab9fa270f7495fe44d1559c1ac49795a30881a,h5_fold2_fully_nested_v1
2,2022-05-21,2022-05-26,hybrid_validation,True,,2022-01-22,2022-03-30,2022-06-16,6ed147cd585e5e8083292683f9be3cf585e97e4d46fa0e3224d24a4e2b42cbbb,f83baf5732ffbf88b9a448a3d9ab9fa270f7495fe44d1559c1ac49795a30881a,h5_fold2_fully_nested_v1
2,2022-05-22,2022-05-27,hybrid_validation,True,,2022-01-22,2022-03-30,2022-06-16,6ed147cd585e5e8083292683f9be3cf585e97e4d46fa0e3224d24a4e2b42cbbb,f83baf5732ffbf88b9a448a3d9ab9fa270f7495fe44d1559c1ac49795a30881a,h5_fold2_fully_nested_v1
2,2022-05-23,2022-05-28,hybrid_validation,True,,2022-01-22,2022-03-30,2022-06-16,6ed147cd585e5e8083292683f9be3cf585e97e4d46fa0e3224d24a4e2b42cbbb,f83baf5732ffbf88b9a448a3d9ab9fa270f7495fe44d1559c1ac49795a30881a,h5_fold2_fully_nested_v1
2,2022-05-24,2022-05-29,hybrid_validation,True,,2022-01-22,2022-03-30,2022-06-16,6ed147cd585e5e8083292683f9be3cf585e97e4d46fa0e3224d24a4e2b42cbbb,f83baf5732ffbf88b9a448a3d9ab9fa270f7495fe44d1559c1ac49795a30881a,h5_fold2_fully_nested_v1
2,2022-05-25,2022-05-30,hybrid_validation,True,,2022-01-22,2022-03-30,2022-06-16,6ed147cd585e5e8083292683f9be3cf585e97e4d46fa0e3224d24a4e2b42cbbb,f83baf5732ffbf88b9a448a3d9ab9fa270f7495fe44d1559c1ac49795a30881a,h5_fold2_fully_nested_v1
2,2022-05-26,2022-05-31,hybrid_validation,True,,2022-01-22,2022-03-30,2022-06-16,6ed147cd585e5e8083292683f9be3cf585e97e4d46fa0e3224d24a4e2b42cbbb,f83baf5732ffbf88b9a448a3d9ab9fa270f7495fe44d1559c1ac49795a30881a,h5_fold2_fully_nested_v1
2,2022-05-27,2022-06-01,hybrid_validation,True,,2022-01-22,2022-03-30,2022-06-16,6ed147cd585e5e8083292683f9be3cf585e97e4d46fa0e3224d24a4e2b42cbbb,f83baf5732ffbf88b9a448a3d9ab9fa270f7495fe44d1559c1ac49795a30881a,h5_fold2_fully_nested_v1
2,2022-05-28,2022-06-02,hybrid_validation,True,,2022-01-22,2022-03-30,2022-06-16,6ed147cd585e5e8083292683f9be3cf585e97e4d46fa0e3224d24a4e2b42cbbb,f83baf5732ffbf88b9a448a3d9ab9fa270f7495fe44d1559c1ac49795a30881a,h5_fold2_fully_nested_v1
2,2022-05-29,2022-06-03,hybrid_validation,True,,2022-01-22,2022-03-30,2022-06-16,6ed147cd585e5e8083292683f9be3cf585e97e4d46fa0e3224d24a4e2b42cbbb,f83baf5732ffbf88b9a448a3d9ab9fa270f7495fe44d1559c1ac49795a30881a,h5_fold2_fully_nested_v1
2,2022-05-30,2022-06-04,hybrid_validation,True,,2022-01-22,2022-03-30,2022-06-16,6ed147cd585e5e8083292683f9be3cf585e97e4d46fa0e3224d24a4e2b42cbbb,f83baf5732ffbf88b9a448a3d9ab9fa270f7495fe44d1559c1ac49795a30881a,h5_fold2_fully_nested_v1
2,2022-05-31,2022-06-05,hybrid_validation,True,,2022-01-22,2022-03-30,2022-06-16,6ed147cd585e5e8083292683f9be3cf585e97e4d46fa0e3224d24a4e2b42cbbb,f83baf5732ffbf88b9a448a3d9ab9fa270f7495fe44d1559c1ac49795a30881a,h5_fold2_fully_nested_v1
2,2022-06-01,2022-06-06,hybrid_validation,True,,2022-01-22,2022-03-30,2022-06-16,6ed147cd585e5e8083292683f9be3cf585e97e4d46fa0e3224d24a4e2b42cbbb,f83baf5732ffbf88b9a448a3d9ab9fa270f7495fe44d1559c1ac49795a30881a,h5_fold2_fully_nested_v1
2,2022-06-02,2022-06-07,hybrid_validation,True,,2022-01-22,2022-03-30,2022-06-16,6ed147cd585e5e8083292683f9be3cf585e97e4d46fa0e3224d24a4e2b42cbbb,f83baf5732ffbf88b9a448a3d9ab9fa270f7495fe44d1559c1ac49795a30881a,h5_fold2_fully_nested_v1
2,2022-06-03,2022-06-08,hybrid_validation,True,,2022-01-22,2022-03-30,2022-06-16,6ed147cd585e5e8083292683f9be3cf585e97e4d46fa0e3224d24a4e2b42cbbb,f83baf5732ffbf88b9a448a3d9ab9fa270f7495fe44d1559c1ac49795a30881a,h5_fold2_fully_nested_v1
2,2022-06-04,2022-06-09,hybrid_validation,True,,2022-01-22,2022-03-30,2022-06-16,6ed147cd585e5e8083292683f9be3cf585e97e4d46fa0e3224d24a4e2b42cbbb,f83baf5732ffbf88b9a448a3d9ab9fa270f7495fe44d1559c1ac49795a30881a,h5_fold2_fully_nested_v1
2,2022-06-05,2022-06-10,hybrid_validation,True,,2022-01-22,2022-03-30,2022-06-16,6ed147cd585e5e8083292683f9be3cf585e97e4d46fa0e3224d24a4e2b42cbbb,f83baf5732ffbf88b9a448a3d9ab9fa270f7495fe44d1559c1ac49795a30881a,h5_fold2_fully_nested_v1
2,2022-06-06,2022-06-11,hybrid_validation,True,,2022-01-22,2022-03-30,2022-06-16,6ed147cd585e5e8083292683f9be3cf585e97e4d46fa0e3224d24a4e2b42cbbb,f83baf5732ffbf88b9a448a3d9ab9fa270f7495fe44d1559c1ac49795a30881a,h5_fold2_fully_nested_v1
2,2022-06-07,2022-06-12,hybrid_validation,True,,2022-01-22,2022-03-30,2022-06-16,6ed147cd585e5e8083292683f9be3cf585e97e4d46fa0e3224d24a4e2b42cbbb,f83baf5732ffbf88b9a448a3d9ab9fa270f7495fe44d1559c1ac49795a30881a,h5_fold2_fully_nested_v1
2,2022-06-08,2022-06-13,hybrid_validation,True,,2022-01-22,2022-03-30,2022-06-16,6ed147cd585e5e8083292683f9be3cf585e97e4d46fa0e3224d24a4e2b42cbbb,f83baf5732ffbf88b9a448a3d9ab9fa270f7495fe44d1559c1ac49795a30881a,h5_fold2_fully_nested_v1
2,2022-06-09,2022-06-14,hybrid_validation,True,,2022-01-22,2022-03-30,2022-06-16,6ed147cd585e5e8083292683f9be3cf585e97e4d46fa0e3224d24a4e2b42cbbb,f83baf5732ffbf88b9a448a3d9ab9fa270f7495fe44d1559c1ac49795a30881a,h5_fold2_fully_nested_v1
2,2022-06-10,2022-06-15,hybrid_validation,True,,2022-01-22,2022-03-30,2022-06-16,6ed147cd585e5e8083292683f9be3cf585e97e4d46fa0e3224d24a4e2b42cbbb,f83baf5732ffbf88b9a448a3d9ab9fa270f7495fe44d1559c1ac49795a30881a,h5_fold2_fully_nested_v1
2,2022-06-11,2022-06-16,outer_embargo_excluded,False,outer_target_date_not_before_outer_test_start,2022-01-22,2022-03-30,2022-06-16,6ed147cd585e5e8083292683f9be3cf585e97e4d46fa0e3224d24a4e2b42cbbb,f83baf5732ffbf88b9a448a3d9ab9fa270f7495fe44d1559c1ac49795a30881a,h5_fold2_fully_nested_v1
2,2022-06-12,2022-06-17,outer_embargo_excluded,False,outer_target_date_not_before_outer_test_start,2022-01-22,2022-03-30,2022-06-16,6ed147cd585e5e8083292683f9be3cf585e97e4d46fa0e3224d24a4e2b42cbbb,f83baf5732ffbf88b9a448a3d9ab9fa270f7495fe44d1559c1ac49795a30881a,h5_fold2_fully_nested_v1
2,2022-06-13,2022-06-18,outer_embargo_excluded,False,outer_target_date_not_before_outer_test_start,2022-01-22,2022-03-30,2022-06-16,6ed147cd585e5e8083292683f9be3cf585e97e4d46fa0e3224d24a4e2b42cbbb,f83baf5732ffbf88b9a448a3d9ab9fa270f7495fe44d1559c1ac49795a30881a,h5_fold2_fully_nested_v1
2,2022-06-14,2022-06-19,outer_embargo_excluded,False,outer_target_date_not_before_outer_test_start,2022-01-22,2022-03-30,2022-06-16,6ed147cd585e5e8083292683f9be3cf585e97e4d46fa0e3224d24a4e2b42cbbb,f83baf5732ffbf88b9a448a3d9ab9fa270f7495fe44d1559c1ac49795a30881a,h5_fold2_fully_nested_v1
2,2022-06-15,2022-06-20,outer_embargo_excluded,False,outer_target_date_not_before_outer_test_start,2022-01-22,2022-03-30,2022-06-16,6ed147cd585e5e8083292683f9be3cf585e97e4d46fa0e3224d24a4e2b42cbbb,f83baf5732ffbf88b9a448a3d9ab9fa270f7495fe44d1559c1ac49795a30881a,h5_fold2_fully_nested_v1
2,2022-06-16,2022-06-21,outer_test,True,,2022-01-22,2022-03-30,2022-06-16,6ed147cd585e5e8083292683f9be3cf585e97e4d46fa0e3224d24a4e2b42cbbb,f83baf5732ffbf88b9a448a3d9ab9fa270f7495fe44d1559c1ac49795a30881a,h5_fold2_fully_nested_v1
2,2022-06-17,2022-06-22,outer_test,True,,2022-01-22,2022-03-30,2022-06-16,6ed147cd585e5e8083292683f9be3cf585e97e4d46fa0e3224d24a4e2b42cbbb,f83baf5732ffbf88b9a448a3d9ab9fa270f7495fe44d1559c1ac49795a30881a,h5_fold2_fully_nested_v1
2,2022-06-18,2022-06-23,outer_test,True,,2022-01-22,2022-03-30,2022-06-16,6ed147cd585e5e8083292683f9be3cf585e97e4d46fa0e3224d24a4e2b42cbbb,f83baf5732ffbf88b9a448a3d9ab9fa270f7495fe44d1559c1ac49795a30881a,h5_fold2_fully_nested_v1
2,2022-06-19,2022-06-24,outer_test,True,,2022-01-22,2022-03-30,2022-06-16,6ed147cd585e5e8083292683f9be3cf585e97e4d46fa0e3224d24a4e2b42cbbb,f83baf5732ffbf88b9a448a3d9ab9fa270f7495fe44d1559c1ac49795a30881a,h5_fold2_fully_nested_v1
2,2022-06-20,2022-06-25,outer_test,True,,2022-01-22,2022-03-30,2022-06-16,6ed147cd585e5e8083292683f9be3cf585e97e4d46fa0e3224d24a4e2b42cbbb,f83baf5732ffbf88b9a448a3d9ab9fa270f7495fe44d1559c1ac49795a30881a,h5_fold2_fully_nested_v1
2,2022-06-21,2022-06-26,outer_test,True,,2022-01-22,2022-03-30,2022-06-16,6ed147cd585e5e8083292683f9be3cf585e97e4d46fa0e3224d24a4e2b42cbbb,f83baf5732ffbf88b9a448a3d9ab9fa270f7495fe44d1559c1ac49795a30881a,h5_fold2_fully_nested_v1
2,2022-06-22,2022-06-27,outer_test,True,,2022-01-22,2022-03-30,2022-06-16,6ed147cd585e5e8083292683f9be3cf585e97e4d46fa0e3224d24a4e2b42cbbb,f83baf5732ffbf88b9a448a3d9ab9fa270f7495fe44d1559c1ac49795a30881a,h5_fold2_fully_nested_v1
2,2022-06-23,2022-06-28,outer_test,True,,2022-01-22,2022-03-30,2022-06-16,6ed147cd585e5e8083292683f9be3cf585e97e4d46fa0e3224d24a4e2b42cbbb,f83baf5732ffbf88b9a448a3d9ab9fa270f7495fe44d1559c1ac49795a30881a,h5_fold2_fully_nested_v1
2,2022-06-24,2022-06-29,outer_test,True,,2022-01-22,2022-03-30,2022-06-16,6ed147cd585e5e8083292683f9be3cf585e97e4d46fa0e3224d24a4e2b42cbbb,f83baf5732ffbf88b9a448a3d9ab9fa270f7495fe44d1559c1ac49795a30881a,h5_fold2_fully_nested_v1
2,2022-06-25,2022-06-30,outer_test,True,,2022-01-22,2022-03-30,2022-06-16,6ed147cd585e5e8083292683f9be3cf585e97e4d46fa0e3224d24a4e2b42cbbb,f83baf5732ffbf88b9a448a3d9ab9fa270f7495fe44d1559c1ac49795a30881a,h5_fold2_fully_nested_v1
2,2022-06-26,2022-07-01,outer_test,True,,2022-01-22,2022-03-30,2022-06-16,6ed147cd585e5e8083292683f9be3cf585e97e4d46fa0e3224d24a4e2b42cbbb,f83baf5732ffbf88b9a448a3d9ab9fa270f7495fe44d1559c1ac49795a30881a,h5_fold2_fully_nested_v1
2,2022-06-27,2022-07-02,outer_test,True,,2022-01-22,2022-03-30,2022-06-16,6ed147cd585e5e8083292683f9be3cf585e97e4d46fa0e3224d24a4e2b42cbbb,f83baf5732ffbf88b9a448a3d9ab9fa270f7495fe44d1559c1ac49795a30881a,h5_fold2_fully_nested_v1
2,2022-06-28,2022-07-03,outer_test,True,,2022-01-22,2022-03-30,2022-06-16,6ed147cd585e5e8083292683f9be3cf585e97e4d46fa0e3224d24a4e2b42cbbb,f83baf5732ffbf88b9a448a3d9ab9fa270f7495fe44d1559c1ac49795a30881a,h5_fold2_fully_nested_v1
2,2022-06-29,2022-07-04,outer_test,True,,2022-01-22,2022-03-30,2022-06-16,6ed147cd585e5e8083292683f9be3cf585e97e4d46fa0e3224d24a4e2b42cbbb,f83baf5732ffbf88b9a448a3d9ab9fa270f7495fe44d1559c1ac49795a30881a,h5_fold2_fully_nested_v1
2,2022-06-30,2022-07-05,outer_test,True,,2022-01-22,2022-03-30,2022-06-16,6ed147cd585e5e8083292683f9be3cf585e97e4d46fa0e3224d24a4e2b42cbbb,f83baf5732ffbf88b9a448a3d9ab9fa270f7495fe44d1559c1ac49795a30881a,h5_fold2_fully_nested_v1
2,2022-07-01,2022-07-06,outer_test,True,,2022-01-22,2022-03-30,2022-06-16,6ed147cd585e5e8083292683f9be3cf585e97e4d46fa0e3224d24a4e2b42cbbb,f83baf5732ffbf88b9a448a3d9ab9fa270f7495fe44d1559c1ac49795a30881a,h5_fold2_fully_nested_v1
2,2022-07-02,2022-07-07,outer_test,True,,2022-01-22,2022-03-30,2022-06-16,6ed147cd585e5e8083292683f9be3cf585e97e4d46fa0e3224d24a4e2b42cbbb,f83baf5732ffbf88b9a448a3d9ab9fa270f7495fe44d1559c1ac49795a30881a,h5_fold2_fully_nested_v1
2,2022-07-03,2022-07-08,outer_test,True,,2022-01-22,2022-03-30,2022-06-16,6ed147cd585e5e8083292683f9be3cf585e97e4d46fa0e3224d24a4e2b42cbbb,f83baf5732ffbf88b9a448a3d9ab9fa270f7495fe44d1559c1ac49795a30881a,h5_fold2_fully_nested_v1
2,2022-07-04,2022-07-09,outer_test,True,,2022-01-22,2022-03-30,2022-06-16,6ed147cd585e5e8083292683f9be3cf585e97e4d46fa0e3224d24a4e2b42cbbb,f83baf5732ffbf88b9a448a3d9ab9fa270f7495fe44d1559c1ac49795a30881a,h5_fold2_fully_nested_v1
2,2022-07-05,2022-07-10,outer_test,True,,2022-01-22,2022-03-30,2022-06-16,6ed147cd585e5e8083292683f9be3cf585e97e4d46fa0e3224d24a4e2b42cbbb,f83baf5732ffbf88b9a448a3d9ab9fa270f7495fe44d1559c1ac49795a30881a,h5_fold2_fully_nested_v1
2,2022-07-06,2022-07-11,outer_test,True,,2022-01-22,2022-03-30,2022-06-16,6ed147cd585e5e8083292683f9be3cf585e97e4d46fa0e3224d24a4e2b42cbbb,f83baf5732ffbf88b9a448a3d9ab9fa270f7495fe44d1559c1ac49795a30881a,h5_fold2_fully_nested_v1
2,2022-07-07,2022-07-12,outer_test,True,,2022-01-22,2022-03-30,2022-06-16,6ed147cd585e5e8083292683f9be3cf585e97e4d46fa0e3224d24a4e2b42cbbb,f83baf5732ffbf88b9a448a3d9ab9fa270f7495fe44d1559c1ac49795a30881a,h5_fold2_fully_nested_v1
2,2022-07-08,2022-07-13,outer_test,True,,2022-01-22,2022-03-30,2022-06-16,6ed147cd585e5e8083292683f9be3cf585e97e4d46fa0e3224d24a4e2b42cbbb,f83baf5732ffbf88b9a448a3d9ab9fa270f7495fe44d1559c1ac49795a30881a,h5_fold2_fully_nested_v1
2,2022-07-09,2022-07-14,outer_test,True,,2022-01-22,2022-03-30,2022-06-16,6ed147cd585e5e8083292683f9be3cf585e97e4d46fa0e3224d24a4e2b42cbbb,f83baf5732ffbf88b9a448a3d9ab9fa270f7495fe44d1559c1ac49795a30881a,h5_fold2_fully_nested_v1
2,2022-07-10,2022-07-15,outer_test,True,,2022-01-22,2022-03-30,2022-06-16,6ed147cd585e5e8083292683f9be3cf585e97e4d46fa0e3224d24a4e2b42cbbb,f83baf5732ffbf88b9a448a3d9ab9fa270f7495fe44d1559c1ac49795a30881a,h5_fold2_fully_nested_v1
2,2022-07-11,2022-07-16,outer_test,True,,2022-01-22,2022-03-30,2022-06-16,6ed147cd585e5e8083292683f9be3cf585e97e4d46fa0e3224d24a4e2b42cbbb,f83baf5732ffbf88b9a448a3d9ab9fa270f7495fe44d1559c1ac49795a30881a,h5_fold2_fully_nested_v1
2,2022-07-12,2022-07-17,outer_test,True,,2022-01-22,2022-03-30,2022-06-16,6ed147cd585e5e8083292683f9be3cf585e97e4d46fa0e3224d24a4e2b42cbbb,f83baf5732ffbf88b9a448a3d9ab9fa270f7495fe44d1559c1ac49795a30881a,h5_fold2_fully_nested_v1
2,2022-07-13,2022-07-18,outer_test,True,,2022-01-22,2022-03-30,2022-06-16,6ed147cd585e5e8083292683f9be3cf585e97e4d46fa0e3224d24a4e2b42cbbb,f83baf5732ffbf88b9a448a3d9ab9fa270f7495fe44d1559c1ac49795a30881a,h5_fold2_fully_nested_v1
2,2022-07-14,2022-07-19,outer_test,True,,2022-01-22,2022-03-30,2022-06-16,6ed147cd585e5e8083292683f9be3cf585e97e4d46fa0e3224d24a4e2b42cbbb,f83baf5732ffbf88b9a448a3d9ab9fa270f7495fe44d1559c1ac49795a30881a,h5_fold2_fully_nested_v1
2,2022-07-15,2022-07-20,outer_test,True,,2022-01-22,2022-03-30,2022-06-16,6ed147cd585e5e8083292683f9be3cf585e97e4d46fa0e3224d24a4e2b42cbbb,f83baf5732ffbf88b9a448a3d9ab9fa270f7495fe44d1559c1ac49795a30881a,h5_fold2_fully_nested_v1
2,2022-07-16,2022-07-21,outer_test,True,,2022-01-22,2022-03-30,2022-06-16,6ed147cd585e5e8083292683f9be3cf585e97e4d46fa0e3224d24a4e2b42cbbb,f83baf5732ffbf88b9a448a3d9ab9fa270f7495fe44d1559c1ac49795a30881a,h5_fold2_fully_nested_v1
2,2022-07-17,2022-07-22,outer_test,True,,2022-01-22,2022-03-30,2022-06-16,6ed147cd585e5e8083292683f9be3cf585e97e4d46fa0e3224d24a4e2b42cbbb,f83baf5732ffbf88b9a448a3d9ab9fa270f7495fe44d1559c1ac49795a30881a,h5_fold2_fully_nested_v1
2,2022-07-18,2022-07-23,outer_test,True,,2022-01-22,2022-03-30,2022-06-16,6ed147cd585e5e8083292683f9be3cf585e97e4d46fa0e3224d24a4e2b42cbbb,f83baf5732ffbf88b9a448a3d9ab9fa270f7495fe44d1559c1ac49795a30881a,h5_fold2_fully_nested_v1
2,2022-07-19,2022-07-24,outer_test,True,,2022-01-22,2022-03-30,2022-06-16,6ed147cd585e5e8083292683f9be3cf585e97e4d46fa0e3224d24a4e2b42cbbb,f83baf5732ffbf88b9a448a3d9ab9fa270f7495fe44d1559c1ac49795a30881a,h5_fold2_fully_nested_v1
2,2022-07-20,2022-07-25,outer_test,True,,2022-01-22,2022-03-30,2022-06-16,6ed147cd585e5e8083292683f9be3cf585e97e4d46fa0e3224d24a4e2b42cbbb,f83baf5732ffbf88b9a448a3d9ab9fa270f7495fe44d1559c1ac49795a30881a,h5_fold2_fully_nested_v1
2,2022-07-21,2022-07-26,outer_test,True,,2022-01-22,2022-03-30,2022-06-16,6ed147cd585e5e8083292683f9be3cf585e97e4d46fa0e3224d24a4e2b42cbbb,f83baf5732ffbf88b9a448a3d9ab9fa270f7495fe44d1559c1ac49795a30881a,h5_fold2_fully_nested_v1
2,2022-07-22,2022-07-27,outer_test,True,,2022-01-22,2022-03-30,2022-06-16,6ed147cd585e5e8083292683f9be3cf585e97e4d46fa0e3224d24a4e2b42cbbb,f83baf5732ffbf88b9a448a3d9ab9fa270f7495fe44d1559c1ac49795a30881a,h5_fold2_fully_nested_v1
2,2022-07-23,2022-07-28,outer_test,True,,2022-01-22,2022-03-30,2022-06-16,6ed147cd585e5e8083292683f9be3cf585e97e4d46fa0e3224d24a4e2b42cbbb,f83baf5732ffbf88b9a448a3d9ab9fa270f7495fe44d1559c1ac49795a30881a,h5_fold2_fully_nested_v1
2,2022-07-24,2022-07-29,outer_test,True,,2022-01-22,2022-03-30,2022-06-16,6ed147cd585e5e8083292683f9be3cf585e97e4d46fa0e3224d24a4e2b42cbbb,f83baf5732ffbf88b9a448a3d9ab9fa270f7495fe44d1559c1ac49795a30881a,h5_fold2_fully_nested_v1
2,2022-07-25,2022-07-30,outer_test,True,,2022-01-22,2022-03-30,2022-06-16,6ed147cd585e5e8083292683f9be3cf585e97e4d46fa0e3224d24a4e2b42cbbb,f83baf5732ffbf88b9a448a3d9ab9fa270f7495fe44d1559c1ac49795a30881a,h5_fold2_fully_nested_v1
2,2022-07-26,2022-07-31,outer_test,True,,2022-01-22,2022-03-30,2022-06-16,6ed147cd585e5e8083292683f9be3cf585e97e4d46fa0e3224d24a4e2b42cbbb,f83baf5732ffbf88b9a448a3d9ab9fa270f7495fe44d1559c1ac49795a30881a,h5_fold2_fully_nested_v1
2,2022-07-27,2022-08-01,outer_test,True,,2022-01-22,2022-03-30,2022-06-16,6ed147cd585e5e8083292683f9be3cf585e97e4d46fa0e3224d24a4e2b42cbbb,f83baf5732ffbf88b9a448a3d9ab9fa270f7495fe44d1559c1ac49795a30881a,h5_fold2_fully_nested_v1
2,2022-07-28,2022-08-02,outer_test,True,,2022-01-22,2022-03-30,2022-06-16,6ed147cd585e5e8083292683f9be3cf585e97e4d46fa0e3224d24a4e2b42cbbb,f83baf5732ffbf88b9a448a3d9ab9fa270f7495fe44d1559c1ac49795a30881a,h5_fold2_fully_nested_v1
2,2022-07-29,2022-08-03,outer_test,True,,2022-01-22,2022-03-30,2022-06-16,6ed147cd585e5e8083292683f9be3cf585e97e4d46fa0e3224d24a4e2b42cbbb,f83baf5732ffbf88b9a448a3d9ab9fa270f7495fe44d1559c1ac49795a30881a,h5_fold2_fully_nested_v1
2,2022-07-30,2022-08-04,outer_test,True,,2022-01-22,2022-03-30,2022-06-16,6ed147cd585e5e8083292683f9be3cf585e97e4d46fa0e3224d24a4e2b42cbbb,f83baf5732ffbf88b9a448a3d9ab9fa270f7495fe44d1559c1ac49795a30881a,h5_fold2_fully_nested_v1
2,2022-07-31,2022-08-05,outer_test,True,,2022-01-22,2022-03-30,2022-06-16,6ed147cd585e5e8083292683f9be3cf585e97e4d46fa0e3224d24a4e2b42cbbb,f83baf5732ffbf88b9a448a3d9ab9fa270f7495fe44d1559c1ac49795a30881a,h5_fold2_fully_nested_v1
2,2022-08-01,2022-08-06,outer_test,True,,2022-01-22,2022-03-30,2022-06-16,6ed147cd585e5e8083292683f9be3cf585e97e4d46fa0e3224d24a4e2b42cbbb,f83baf5732ffbf88b9a448a3d9ab9fa270f7495fe44d1559c1ac49795a30881a,h5_fold2_fully_nested_v1
2,2022-08-02,2022-08-07,outer_test,True,,2022-01-22,2022-03-30,2022-06-16,6ed147cd585e5e8083292683f9be3cf585e97e4d46fa0e3224d24a4e2b42cbbb,f83baf5732ffbf88b9a448a3d9ab9fa270f7495fe44d1559c1ac49795a30881a,h5_fold2_fully_nested_v1
2,2022-08-03,2022-08-08,outer_test,True,,2022-01-22,2022-03-30,2022-06-16,6ed147cd585e5e8083292683f9be3cf585e97e4d46fa0e3224d24a4e2b42cbbb,f83baf5732ffbf88b9a448a3d9ab9fa270f7495fe44d1559c1ac49795a30881a,h5_fold2_fully_nested_v1
2,2022-08-04,2022-08-09,outer_test,True,,2022-01-22,2022-03-30,2022-06-16,6ed147cd585e5e8083292683f9be3cf585e97e4d46fa0e3224d24a4e2b42cbbb,f83baf5732ffbf88b9a448a3d9ab9fa270f7495fe44d1559c1ac49795a30881a,h5_fold2_fully_nested_v1
2,2022-08-05,2022-08-10,outer_test,True,,2022-01-22,2022-03-30,2022-06-16,6ed147cd585e5e8083292683f9be3cf585e97e4d46fa0e3224d24a4e2b42cbbb,f83baf5732ffbf88b9a448a3d9ab9fa270f7495fe44d1559c1ac49795a30881a,h5_fold2_fully_nested_v1
2,2022-08-06,2022-08-11,outer_test,True,,2022-01-22,2022-03-30,2022-06-16,6ed147cd585e5e8083292683f9be3cf585e97e4d46fa0e3224d24a4e2b42cbbb,f83baf5732ffbf88b9a448a3d9ab9fa270f7495fe44d1559c1ac49795a30881a,h5_fold2_fully_nested_v1
2,2022-08-07,2022-08-12,outer_test,True,,2022-01-22,2022-03-30,2022-06-16,6ed147cd585e5e8083292683f9be3cf585e97e4d46fa0e3224d24a4e2b42cbbb,f83baf5732ffbf88b9a448a3d9ab9fa270f7495fe44d1559c1ac49795a30881a,h5_fold2_fully_nested_v1
2,2022-08-08,2022-08-13,outer_test,True,,2022-01-22,2022-03-30,2022-06-16,6ed147cd585e5e8083292683f9be3cf585e97e4d46fa0e3224d24a4e2b42cbbb,f83baf5732ffbf88b9a448a3d9ab9fa270f7495fe44d1559c1ac49795a30881a,h5_fold2_fully_nested_v1
2,2022-08-09,2022-08-14,outer_test,True,,2022-01-22,2022-03-30,2022-06-16,6ed147cd585e5e8083292683f9be3cf585e97e4d46fa0e3224d24a4e2b42cbbb,f83baf5732ffbf88b9a448a3d9ab9fa270f7495fe44d1559c1ac49795a30881a,h5_fold2_fully_nested_v1
2,2022-08-10,2022-08-15,outer_test,True,,2022-01-22,2022-03-30,2022-06-16,6ed147cd585e5e8083292683f9be3cf585e97e4d46fa0e3224d24a4e2b42cbbb,f83baf5732ffbf88b9a448a3d9ab9fa270f7495fe44d1559c1ac49795a30881a,h5_fold2_fully_nested_v1
2,2022-08-11,2022-08-16,outer_test,True,,2022-01-22,2022-03-30,2022-06-16,6ed147cd585e5e8083292683f9be3cf585e97e4d46fa0e3224d24a4e2b42cbbb,f83baf5732ffbf88b9a448a3d9ab9fa270f7495fe44d1559c1ac49795a30881a,h5_fold2_fully_nested_v1
2,2022-08-12,2022-08-17,outer_test,True,,2022-01-22,2022-03-30,2022-06-16,6ed147cd585e5e8083292683f9be3cf585e97e4d46fa0e3224d24a4e2b42cbbb,f83baf5732ffbf88b9a448a3d9ab9fa270f7495fe44d1559c1ac49795a30881a,h5_fold2_fully_nested_v1
2,2022-08-13,2022-08-18,outer_test,True,,2022-01-22,2022-03-30,2022-06-16,6ed147cd585e5e8083292683f9be3cf585e97e4d46fa0e3224d24a4e2b42cbbb,f83baf5732ffbf88b9a448a3d9ab9fa270f7495fe44d1559c1ac49795a30881a,h5_fold2_fully_nested_v1
2,2022-08-14,2022-08-19,outer_test,True,,2022-01-22,2022-03-30,2022-06-16,6ed147cd585e5e8083292683f9be3cf585e97e4d46fa0e3224d24a4e2b42cbbb,f83baf5732ffbf88b9a448a3d9ab9fa270f7495fe44d1559c1ac49795a30881a,h5_fold2_fully_nested_v1
2,2022-08-15,2022-08-20,outer_test,True,,2022-01-22,2022-03-30,2022-06-16,6ed147cd585e5e8083292683f9be3cf585e97e4d46fa0e3224d24a4e2b42cbbb,f83baf5732ffbf88b9a448a3d9ab9fa270f7495fe44d1559c1ac49795a30881a,h5_fold2_fully_nested_v1
2,2022-08-16,2022-08-21,outer_test,True,,2022-01-22,2022-03-30,2022-06-16,6ed147cd585e5e8083292683f9be3cf585e97e4d46fa0e3224d24a4e2b42cbbb,f83baf5732ffbf88b9a448a3d9ab9fa270f7495fe44d1559c1ac49795a30881a,h5_fold2_fully_nested_v1
2,2022-08-17,2022-08-22,outer_test,True,,2022-01-22,2022-03-30,2022-06-16,6ed147cd585e5e8083292683f9be3cf585e97e4d46fa0e3224d24a4e2b42cbbb,f83baf5732ffbf88b9a448a3d9ab9fa270f7495fe44d1559c1ac49795a30881a,h5_fold2_fully_nested_v1
2,2022-08-18,2022-08-23,outer_test,True,,2022-01-22,2022-03-30,2022-06-16,6ed147cd585e5e8083292683f9be3cf585e97e4d46fa0e3224d24a4e2b42cbbb,f83baf5732ffbf88b9a448a3d9ab9fa270f7495fe44d1559c1ac49795a30881a,h5_fold2_fully_nested_v1
2,2022-08-19,2022-08-24,outer_test,True,,2022-01-22,2022-03-30,2022-06-16,6ed147cd585e5e8083292683f9be3cf585e97e4d46fa0e3224d24a4e2b42cbbb,f83baf5732ffbf88b9a448a3d9ab9fa270f7495fe44d1559c1ac49795a30881a,h5_fold2_fully_nested_v1
2,2022-08-20,2022-08-25,outer_test,True,,2022-01-22,2022-03-30,2022-06-16,6ed147cd585e5e8083292683f9be3cf585e97e4d46fa0e3224d24a4e2b42cbbb,f83baf5732ffbf88b9a448a3d9ab9fa270f7495fe44d1559c1ac49795a30881a,h5_fold2_fully_nested_v1
2,2022-08-21,2022-08-26,outer_test,True,,2022-01-22,2022-03-30,2022-06-16,6ed147cd585e5e8083292683f9be3cf585e97e4d46fa0e3224d24a4e2b42cbbb,f83baf5732ffbf88b9a448a3d9ab9fa270f7495fe44d1559c1ac49795a30881a,h5_fold2_fully_nested_v1
2,2022-08-22,2022-08-27,outer_test,True,,2022-01-22,2022-03-30,2022-06-16,6ed147cd585e5e8083292683f9be3cf585e97e4d46fa0e3224d24a4e2b42cbbb,f83baf5732ffbf88b9a448a3d9ab9fa270f7495fe44d1559c1ac49795a30881a,h5_fold2_fully_nested_v1
2,2022-08-23,2022-08-28,outer_test,True,,2022-01-22,2022-03-30,2022-06-16,6ed147cd585e5e8083292683f9be3cf585e97e4d46fa0e3224d24a4e2b42cbbb,f83baf5732ffbf88b9a448a3d9ab9fa270f7495fe44d1559c1ac49795a30881a,h5_fold2_fully_nested_v1
2,2022-08-24,2022-08-29,outer_test,True,,2022-01-22,2022-03-30,2022-06-16,6ed147cd585e5e8083292683f9be3cf585e97e4d46fa0e3224d24a4e2b42cbbb,f83baf5732ffbf88b9a448a3d9ab9fa270f7495fe44d1559c1ac49795a30881a,h5_fold2_fully_nested_v1
2,2022-08-25,2022-08-30,outer_test,True,,2022-01-22,2022-03-30,2022-06-16,6ed147cd585e5e8083292683f9be3cf585e97e4d46fa0e3224d24a4e2b42cbbb,f83baf5732ffbf88b9a448a3d9ab9fa270f7495fe44d1559c1ac49795a30881a,h5_fold2_fully_nested_v1
2,2022-08-26,2022-08-31,outer_test,True,,2022-01-22,2022-03-30,2022-06-16,6ed147cd585e5e8083292683f9be3cf585e97e4d46fa0e3224d24a4e2b42cbbb,f83baf5732ffbf88b9a448a3d9ab9fa270f7495fe44d1559c1ac49795a30881a,h5_fold2_fully_nested_v1
2,2022-08-27,2022-09-01,outer_test,True,,2022-01-22,2022-03-30,2022-06-16,6ed147cd585e5e8083292683f9be3cf585e97e4d46fa0e3224d24a4e2b42cbbb,f83baf5732ffbf88b9a448a3d9ab9fa270f7495fe44d1559c1ac49795a30881a,h5_fold2_fully_nested_v1
2,2022-08-28,2022-09-02,outer_test,True,,2022-01-22,2022-03-30,2022-06-16,6ed147cd585e5e8083292683f9be3cf585e97e4d46fa0e3224d24a4e2b42cbbb,f83baf5732ffbf88b9a448a3d9ab9fa270f7495fe44d1559c1ac49795a30881a,h5_fold2_fully_nested_v1
2,2022-08-29,2022-09-03,outer_test,True,,2022-01-22,2022-03-30,2022-06-16,6ed147cd585e5e8083292683f9be3cf585e97e4d46fa0e3224d24a4e2b42cbbb,f83baf5732ffbf88b9a448a3d9ab9fa270f7495fe44d1559c1ac49795a30881a,h5_fold2_fully_nested_v1
2,2022-08-30,2022-09-04,outer_test,True,,2022-01-22,2022-03-30,2022-06-16,6ed147cd585e5e8083292683f9be3cf585e97e4d46fa0e3224d24a4e2b42cbbb,f83baf5732ffbf88b9a448a3d9ab9fa270f7495fe44d1559c1ac49795a30881a,h5_fold2_fully_nested_v1
2,2022-08-31,2022-09-05,outer_test,True,,2022-01-22,2022-03-30,2022-06-16,6ed147cd585e5e8083292683f9be3cf585e97e4d46fa0e3224d24a4e2b42cbbb,f83baf5732ffbf88b9a448a3d9ab9fa270f7495fe44d1559c1ac49795a30881a,h5_fold2_fully_nested_v1
2,2022-09-01,2022-09-06,outer_test,True,,2022-01-22,2022-03-30,2022-06-16,6ed147cd585e5e8083292683f9be3cf585e97e4d46fa0e3224d24a4e2b42cbbb,f83baf5732ffbf88b9a448a3d9ab9fa270f7495fe44d1559c1ac49795a30881a,h5_fold2_fully_nested_v1
2,2022-09-02,2022-09-07,outer_test,True,,2022-01-22,2022-03-30,2022-06-16,6ed147cd585e5e8083292683f9be3cf585e97e4d46fa0e3224d24a4e2b42cbbb,f83baf5732ffbf88b9a448a3d9ab9fa270f7495fe44d1559c1ac49795a30881a,h5_fold2_fully_nested_v1
2,2022-09-03,2022-09-08,outer_test,True,,2022-01-22,2022-03-30,2022-06-16,6ed147cd585e5e8083292683f9be3cf585e97e4d46fa0e3224d24a4e2b42cbbb,f83baf5732ffbf88b9a448a3d9ab9fa270f7495fe44d1559c1ac49795a30881a,h5_fold2_fully_nested_v1
2,2022-09-04,2022-09-09,outer_test,True,,2022-01-22,2022-03-30,2022-06-16,6ed147cd585e5e8083292683f9be3cf585e97e4d46fa0e3224d24a4e2b42cbbb,f83baf5732ffbf88b9a448a3d9ab9fa270f7495fe44d1559c1ac49795a30881a,h5_fold2_fully_nested_v1
2,2022-09-05,2022-09-10,outer_test,True,,2022-01-22,2022-03-30,2022-06-16,6ed147cd585e5e8083292683f9be3cf585e97e4d46fa0e3224d24a4e2b42cbbb,f83baf5732ffbf88b9a448a3d9ab9fa270f7495fe44d1559c1ac49795a30881a,h5_fold2_fully_nested_v1
2,2022-09-06,2022-09-11,outer_test,True,,2022-01-22,2022-03-30,2022-06-16,6ed147cd585e5e8083292683f9be3cf585e97e4d46fa0e3224d24a4e2b42cbbb,f83baf5732ffbf88b9a448a3d9ab9fa270f7495fe44d1559c1ac49795a30881a,h5_fold2_fully_nested_v1
2,2022-09-07,2022-09-12,outer_test,True,,2022-01-22,2022-03-30,2022-06-16,6ed147cd585e5e8083292683f9be3cf585e97e4d46fa0e3224d24a4e2b42cbbb,f83baf5732ffbf88b9a448a3d9ab9fa270f7495fe44d1559c1ac49795a30881a,h5_fold2_fully_nested_v1
2,2022-09-08,2022-09-13,outer_test,True,,2022-01-22,2022-03-30,2022-06-16,6ed147cd585e5e8083292683f9be3cf585e97e4d46fa0e3224d24a4e2b42cbbb,f83baf5732ffbf88b9a448a3d9ab9fa270f7495fe44d1559c1ac49795a30881a,h5_fold2_fully_nested_v1
2,2022-09-09,2022-09-14,outer_test,True,,2022-01-22,2022-03-30,2022-06-16,6ed147cd585e5e8083292683f9be3cf585e97e4d46fa0e3224d24a4e2b42cbbb,f83baf5732ffbf88b9a448a3d9ab9fa270f7495fe44d1559c1ac49795a30881a,h5_fold2_fully_nested_v1
2,2022-09-10,2022-09-15,outer_test,True,,2022-01-22,2022-03-30,2022-06-16,6ed147cd585e5e8083292683f9be3cf585e97e4d46fa0e3224d24a4e2b42cbbb,f83baf5732ffbf88b9a448a3d9ab9fa270f7495fe44d1559c1ac49795a30881a,h5_fold2_fully_nested_v1
2,2022-09-11,2022-09-16,outer_test,True,,2022-01-22,2022-03-30,2022-06-16,6ed147cd585e5e8083292683f9be3cf585e97e4d46fa0e3224d24a4e2b42cbbb,f83baf5732ffbf88b9a448a3d9ab9fa270f7495fe44d1559c1ac49795a30881a,h5_fold2_fully_nested_v1
2,2022-09-12,2022-09-17,outer_test,True,,2022-01-22,2022-03-30,2022-06-16,6ed147cd585e5e8083292683f9be3cf585e97e4d46fa0e3224d24a4e2b42cbbb,f83baf5732ffbf88b9a448a3d9ab9fa270f7495fe44d1559c1ac49795a30881a,h5_fold2_fully_nested_v1
2,2022-09-13,2022-09-18,outer_test,True,,2022-01-22,2022-03-30,2022-06-16,6ed147cd585e5e8083292683f9be3cf585e97e4d46fa0e3224d24a4e2b42cbbb,f83baf5732ffbf88b9a448a3d9ab9fa270f7495fe44d1559c1ac49795a30881a,h5_fold2_fully_nested_v1
2,2022-09-14,2022-09-19,outer_test,True,,2022-01-22,2022-03-30,2022-06-16,6ed147cd585e5e8083292683f9be3cf585e97e4d46fa0e3224d24a4e2b42cbbb,f83baf5732ffbf88b9a448a3d9ab9fa270f7495fe44d1559c1ac49795a30881a,h5_fold2_fully_nested_v1
2,2022-09-15,2022-09-20,outer_test,True,,2022-01-22,2022-03-30,2022-06-16,6ed147cd585e5e8083292683f9be3cf585e97e4d46fa0e3224d24a4e2b42cbbb,f83baf5732ffbf88b9a448a3d9ab9fa270f7495fe44d1559c1ac49795a30881a,h5_fold2_fully_nested_v1
2,2022-09-16,2022-09-21,outer_test,True,,2022-01-22,2022-03-30,2022-06-16,6ed147cd585e5e8083292683f9be3cf585e97e4d46fa0e3224d24a4e2b42cbbb,f83baf5732ffbf88b9a448a3d9ab9fa270f7495fe44d1559c1ac49795a30881a,h5_fold2_fully_nested_v1
2,2022-09-17,2022-09-22,outer_test,True,,2022-01-22,2022-03-30,2022-06-16,6ed147cd585e5e8083292683f9be3cf585e97e4d46fa0e3224d24a4e2b42cbbb,f83baf5732ffbf88b9a448a3d9ab9fa270f7495fe44d1559c1ac49795a30881a,h5_fold2_fully_nested_v1
2,2022-09-18,2022-09-23,outer_test,True,,2022-01-22,2022-03-30,2022-06-16,6ed147cd585e5e8083292683f9be3cf585e97e4d46fa0e3224d24a4e2b42cbbb,f83baf5732ffbf88b9a448a3d9ab9fa270f7495fe44d1559c1ac49795a30881a,h5_fold2_fully_nested_v1
2,2022-09-19,2022-09-24,outer_test,True,,2022-01-22,2022-03-30,2022-06-16,6ed147cd585e5e8083292683f9be3cf585e97e4d46fa0e3224d24a4e2b42cbbb,f83baf5732ffbf88b9a448a3d9ab9fa270f7495fe44d1559c1ac49795a30881a,h5_fold2_fully_nested_v1
2,2022-09-20,2022-09-25,outer_test,True,,2022-01-22,2022-03-30,2022-06-16,6ed147cd585e5e8083292683f9be3cf585e97e4d46fa0e3224d24a4e2b42cbbb,f83baf5732ffbf88b9a448a3d9ab9fa270f7495fe44d1559c1ac49795a30881a,h5_fold2_fully_nested_v1
2,2022-09-21,2022-09-26,outer_test,True,,2022-01-22,2022-03-30,2022-06-16,6ed147cd585e5e8083292683f9be3cf585e97e4d46fa0e3224d24a4e2b42cbbb,f83baf5732ffbf88b9a448a3d9ab9fa270f7495fe44d1559c1ac49795a30881a,h5_fold2_fully_nested_v1
2,2022-09-22,2022-09-27,outer_test,True,,2022-01-22,2022-03-30,2022-06-16,6ed147cd585e5e8083292683f9be3cf585e97e4d46fa0e3224d24a4e2b42cbbb,f83baf5732ffbf88b9a448a3d9ab9fa270f7495fe44d1559c1ac49795a30881a,h5_fold2_fully_nested_v1
2,2022-09-23,2022-09-28,outer_test,True,,2022-01-22,2022-03-30,2022-06-16,6ed147cd585e5e8083292683f9be3cf585e97e4d46fa0e3224d24a4e2b42cbbb,f83baf5732ffbf88b9a448a3d9ab9fa270f7495fe44d1559c1ac49795a30881a,h5_fold2_fully_nested_v1
2,2022-09-24,2022-09-29,outer_test,True,,2022-01-22,2022-03-30,2022-06-16,6ed147cd585e5e8083292683f9be3cf585e97e4d46fa0e3224d24a4e2b42cbbb,f83baf5732ffbf88b9a448a3d9ab9fa270f7495fe44d1559c1ac49795a30881a,h5_fold2_fully_nested_v1
2,2022-09-25,2022-09-30,outer_test,True,,2022-01-22,2022-03-30,2022-06-16,6ed147cd585e5e8083292683f9be3cf585e97e4d46fa0e3224d24a4e2b42cbbb,f83baf5732ffbf88b9a448a3d9ab9fa270f7495fe44d1559c1ac49795a30881a,h5_fold2_fully_nested_v1
2,2022-09-26,2022-10-01,outer_test,True,,2022-01-22,2022-03-30,2022-06-16,6ed147cd585e5e8083292683f9be3cf585e97e4d46fa0e3224d24a4e2b42cbbb,f83baf5732ffbf88b9a448a3d9ab9fa270f7495fe44d1559c1ac49795a30881a,h5_fold2_fully_nested_v1
2,2022-09-27,2022-10-02,outer_test,True,,2022-01-22,2022-03-30,2022-06-16,6ed147cd585e5e8083292683f9be3cf585e97e4d46fa0e3224d24a4e2b42cbbb,f83baf5732ffbf88b9a448a3d9ab9fa270f7495fe44d1559c1ac49795a30881a,h5_fold2_fully_nested_v1
2,2022-09-28,2022-10-03,outer_test,True,,2022-01-22,2022-03-30,2022-06-16,6ed147cd585e5e8083292683f9be3cf585e97e4d46fa0e3224d24a4e2b42cbbb,f83baf5732ffbf88b9a448a3d9ab9fa270f7495fe44d1559c1ac49795a30881a,h5_fold2_fully_nested_v1
2,2022-09-29,2022-10-04,outer_test,True,,2022-01-22,2022-03-30,2022-06-16,6ed147cd585e5e8083292683f9be3cf585e97e4d46fa0e3224d24a4e2b42cbbb,f83baf5732ffbf88b9a448a3d9ab9fa270f7495fe44d1559c1ac49795a30881a,h5_fold2_fully_nested_v1
2,2022-09-30,2022-10-05,outer_test,True,,2022-01-22,2022-03-30,2022-06-16,6ed147cd585e5e8083292683f9be3cf585e97e4d46fa0e3224d24a4e2b42cbbb,f83baf5732ffbf88b9a448a3d9ab9fa270f7495fe44d1559c1ac49795a30881a,h5_fold2_fully_nested_v1
2,2022-10-01,2022-10-06,outer_test,True,,2022-01-22,2022-03-30,2022-06-16,6ed147cd585e5e8083292683f9be3cf585e97e4d46fa0e3224d24a4e2b42cbbb,f83baf5732ffbf88b9a448a3d9ab9fa270f7495fe44d1559c1ac49795a30881a,h5_fold2_fully_nested_v1
2,2022-10-02,2022-10-07,outer_test,True,,2022-01-22,2022-03-30,2022-06-16,6ed147cd585e5e8083292683f9be3cf585e97e4d46fa0e3224d24a4e2b42cbbb,f83baf5732ffbf88b9a448a3d9ab9fa270f7495fe44d1559c1ac49795a30881a,h5_fold2_fully_nested_v1
2,2022-10-03,2022-10-08,outer_test,True,,2022-01-22,2022-03-30,2022-06-16,6ed147cd585e5e8083292683f9be3cf585e97e4d46fa0e3224d24a4e2b42cbbb,f83baf5732ffbf88b9a448a3d9ab9fa270f7495fe44d1559c1ac49795a30881a,h5_fold2_fully_nested_v1
2,2022-10-04,2022-10-09,outer_test,True,,2022-01-22,2022-03-30,2022-06-16,6ed147cd585e5e8083292683f9be3cf585e97e4d46fa0e3224d24a4e2b42cbbb,f83baf5732ffbf88b9a448a3d9ab9fa270f7495fe44d1559c1ac49795a30881a,h5_fold2_fully_nested_v1
2,2022-10-05,2022-10-10,outer_test,True,,2022-01-22,2022-03-30,2022-06-16,6ed147cd585e5e8083292683f9be3cf585e97e4d46fa0e3224d24a4e2b42cbbb,f83baf5732ffbf88b9a448a3d9ab9fa270f7495fe44d1559c1ac49795a30881a,h5_fold2_fully_nested_v1
2,2022-10-06,2022-10-11,outer_test,True,,2022-01-22,2022-03-30,2022-06-16,6ed147cd585e5e8083292683f9be3cf585e97e4d46fa0e3224d24a4e2b42cbbb,f83baf5732ffbf88b9a448a3d9ab9fa270f7495fe44d1559c1ac49795a30881a,h5_fold2_fully_nested_v1
2,2022-10-07,2022-10-12,outer_test,True,,2022-01-22,2022-03-30,2022-06-16,6ed147cd585e5e8083292683f9be3cf585e97e4d46fa0e3224d24a4e2b42cbbb,f83baf5732ffbf88b9a448a3d9ab9fa270f7495fe44d1559c1ac49795a30881a,h5_fold2_fully_nested_v1
2,2022-10-08,2022-10-13,outer_test,True,,2022-01-22,2022-03-30,2022-06-16,6ed147cd585e5e8083292683f9be3cf585e97e4d46fa0e3224d24a4e2b42cbbb,f83baf5732ffbf88b9a448a3d9ab9fa270f7495fe44d1559c1ac49795a30881a,h5_fold2_fully_nested_v1
2,2022-10-09,2022-10-14,outer_test,True,,2022-01-22,2022-03-30,2022-06-16,6ed147cd585e5e8083292683f9be3cf585e97e4d46fa0e3224d24a4e2b42cbbb,f83baf5732ffbf88b9a448a3d9ab9fa270f7495fe44d1559c1ac49795a30881a,h5_fold2_fully_nested_v1
2,2022-10-10,2022-10-15,outer_test,True,,2022-01-22,2022-03-30,2022-06-16,6ed147cd585e5e8083292683f9be3cf585e97e4d46fa0e3224d24a4e2b42cbbb,f83baf5732ffbf88b9a448a3d9ab9fa270f7495fe44d1559c1ac49795a30881a,h5_fold2_fully_nested_v1
2,2022-10-11,2022-10-16,outer_test,True,,2022-01-22,2022-03-30,2022-06-16,6ed147cd585e5e8083292683f9be3cf585e97e4d46fa0e3224d24a4e2b42cbbb,f83baf5732ffbf88b9a448a3d9ab9fa270f7495fe44d1559c1ac49795a30881a,h5_fold2_fully_nested_v1
2,2022-10-12,2022-10-17,outer_test,True,,2022-01-22,2022-03-30,2022-06-16,6ed147cd585e5e8083292683f9be3cf585e97e4d46fa0e3224d24a4e2b42cbbb,f83baf5732ffbf88b9a448a3d9ab9fa270f7495fe44d1559c1ac49795a30881a,h5_fold2_fully_nested_v1
2,2022-10-13,2022-10-18,outer_test,True,,2022-01-22,2022-03-30,2022-06-16,6ed147cd585e5e8083292683f9be3cf585e97e4d46fa0e3224d24a4e2b42cbbb,f83baf5732ffbf88b9a448a3d9ab9fa270f7495fe44d1559c1ac49795a30881a,h5_fold2_fully_nested_v1
2,2022-10-14,2022-10-19,outer_test,True,,2022-01-22,2022-03-30,2022-06-16,6ed147cd585e5e8083292683f9be3cf585e97e4d46fa0e3224d24a4e2b42cbbb,f83baf5732ffbf88b9a448a3d9ab9fa270f7495fe44d1559c1ac49795a30881a,h5_fold2_fully_nested_v1
2,2022-10-15,2022-10-20,outer_test,True,,2022-01-22,2022-03-30,2022-06-16,6ed147cd585e5e8083292683f9be3cf585e97e4d46fa0e3224d24a4e2b42cbbb,f83baf5732ffbf88b9a448a3d9ab9fa270f7495fe44d1559c1ac49795a30881a,h5_fold2_fully_nested_v1
2,2022-10-16,2022-10-21,outer_test,True,,2022-01-22,2022-03-30,2022-06-16,6ed147cd585e5e8083292683f9be3cf585e97e4d46fa0e3224d24a4e2b42cbbb,f83baf5732ffbf88b9a448a3d9ab9fa270f7495fe44d1559c1ac49795a30881a,h5_fold2_fully_nested_v1
2,2022-10-17,2022-10-22,outer_test,True,,2022-01-22,2022-03-30,2022-06-16,6ed147cd585e5e8083292683f9be3cf585e97e4d46fa0e3224d24a4e2b42cbbb,f83baf5732ffbf88b9a448a3d9ab9fa270f7495fe44d1559c1ac49795a30881a,h5_fold2_fully_nested_v1
2,2022-10-18,2022-10-23,outer_test,True,,2022-01-22,2022-03-30,2022-06-16,6ed147cd585e5e8083292683f9be3cf585e97e4d46fa0e3224d24a4e2b42cbbb,f83baf5732ffbf88b9a448a3d9ab9fa270f7495fe44d1559c1ac49795a30881a,h5_fold2_fully_nested_v1
2,2022-10-19,2022-10-24,outer_test,True,,2022-01-22,2022-03-30,2022-06-16,6ed147cd585e5e8083292683f9be3cf585e97e4d46fa0e3224d24a4e2b42cbbb,f83baf5732ffbf88b9a448a3d9ab9fa270f7495fe44d1559c1ac49795a30881a,h5_fold2_fully_nested_v1
2,2022-10-20,2022-10-25,outer_test,True,,2022-01-22,2022-03-30,2022-06-16,6ed147cd585e5e8083292683f9be3cf585e97e4d46fa0e3224d24a4e2b42cbbb,f83baf5732ffbf88b9a448a3d9ab9fa270f7495fe44d1559c1ac49795a30881a,h5_fold2_fully_nested_v1
2,2022-10-21,2022-10-26,outer_test,True,,2022-01-22,2022-03-30,2022-06-16,6ed147cd585e5e8083292683f9be3cf585e97e4d46fa0e3224d24a4e2b42cbbb,f83baf5732ffbf88b9a448a3d9ab9fa270f7495fe44d1559c1ac49795a30881a,h5_fold2_fully_nested_v1
2,2022-10-22,2022-10-27,outer_test,True,,2022-01-22,2022-03-30,2022-06-16,6ed147cd585e5e8083292683f9be3cf585e97e4d46fa0e3224d24a4e2b42cbbb,f83baf5732ffbf88b9a448a3d9ab9fa270f7495fe44d1559c1ac49795a30881a,h5_fold2_fully_nested_v1
2,2022-10-23,2022-10-28,outer_test,True,,2022-01-22,2022-03-30,2022-06-16,6ed147cd585e5e8083292683f9be3cf585e97e4d46fa0e3224d24a4e2b42cbbb,f83baf5732ffbf88b9a448a3d9ab9fa270f7495fe44d1559c1ac49795a30881a,h5_fold2_fully_nested_v1
2,2022-10-24,2022-10-29,outer_test,True,,2022-01-22,2022-03-30,2022-06-16,6ed147cd585e5e8083292683f9be3cf585e97e4d46fa0e3224d24a4e2b42cbbb,f83baf5732ffbf88b9a448a3d9ab9fa270f7495fe44d1559c1ac49795a30881a,h5_fold2_fully_nested_v1
2,2022-10-25,2022-10-30,outer_test,True,,2022-01-22,2022-03-30,2022-06-16,6ed147cd585e5e8083292683f9be3cf585e97e4d46fa0e3224d24a4e2b42cbbb,f83baf5732ffbf88b9a448a3d9ab9fa270f7495fe44d1559c1ac49795a30881a,h5_fold2_fully_nested_v1
2,2022-10-26,2022-10-31,outer_test,True,,2022-01-22,2022-03-30,2022-06-16,6ed147cd585e5e8083292683f9be3cf585e97e4d46fa0e3224d24a4e2b42cbbb,f83baf5732ffbf88b9a448a3d9ab9fa270f7495fe44d1559c1ac49795a30881a,h5_fold2_fully_nested_v1
2,2022-10-27,2022-11-01,outer_test,True,,2022-01-22,2022-03-30,2022-06-16,6ed147cd585e5e8083292683f9be3cf585e97e4d46fa0e3224d24a4e2b42cbbb,f83baf5732ffbf88b9a448a3d9ab9fa270f7495fe44d1559c1ac49795a30881a,h5_fold2_fully_nested_v1
2,2022-10-28,2022-11-02,outer_test,True,,2022-01-22,2022-03-30,2022-06-16,6ed147cd585e5e8083292683f9be3cf585e97e4d46fa0e3224d24a4e2b42cbbb,f83baf5732ffbf88b9a448a3d9ab9fa270f7495fe44d1559c1ac49795a30881a,h5_fold2_fully_nested_v1
2,2022-10-29,2022-11-03,outer_test,True,,2022-01-22,2022-03-30,2022-06-16,6ed147cd585e5e8083292683f9be3cf585e97e4d46fa0e3224d24a4e2b42cbbb,f83baf5732ffbf88b9a448a3d9ab9fa270f7495fe44d1559c1ac49795a30881a,h5_fold2_fully_nested_v1
2,2022-10-30,2022-11-04,outer_test,True,,2022-01-22,2022-03-30,2022-06-16,6ed147cd585e5e8083292683f9be3cf585e97e4d46fa0e3224d24a4e2b42cbbb,f83baf5732ffbf88b9a448a3d9ab9fa270f7495fe44d1559c1ac49795a30881a,h5_fold2_fully_nested_v1
2,2022-10-31,2022-11-05,outer_test,True,,2022-01-22,2022-03-30,2022-06-16,6ed147cd585e5e8083292683f9be3cf585e97e4d46fa0e3224d24a4e2b42cbbb,f83baf5732ffbf88b9a448a3d9ab9fa270f7495fe44d1559c1ac49795a30881a,h5_fold2_fully_nested_v1
2,2022-11-01,2022-11-06,outer_test,True,,2022-01-22,2022-03-30,2022-06-16,6ed147cd585e5e8083292683f9be3cf585e97e4d46fa0e3224d24a4e2b42cbbb,f83baf5732ffbf88b9a448a3d9ab9fa270f7495fe44d1559c1ac49795a30881a,h5_fold2_fully_nested_v1
2,2022-11-02,2022-11-07,outer_test,True,,2022-01-22,2022-03-30,2022-06-16,6ed147cd585e5e8083292683f9be3cf585e97e4d46fa0e3224d24a4e2b42cbbb,f83baf5732ffbf88b9a448a3d9ab9fa270f7495fe44d1559c1ac49795a30881a,h5_fold2_fully_nested_v1
2,2022-11-03,2022-11-08,outer_test,True,,2022-01-22,2022-03-30,2022-06-16,6ed147cd585e5e8083292683f9be3cf585e97e4d46fa0e3224d24a4e2b42cbbb,f83baf5732ffbf88b9a448a3d9ab9fa270f7495fe44d1559c1ac49795a30881a,h5_fold2_fully_nested_v1
2,2022-11-04,2022-11-09,outer_test,True,,2022-01-22,2022-03-30,2022-06-16,6ed147cd585e5e8083292683f9be3cf585e97e4d46fa0e3224d24a4e2b42cbbb,f83baf5732ffbf88b9a448a3d9ab9fa270f7495fe44d1559c1ac49795a30881a,h5_fold2_fully_nested_v1
2,2022-11-05,2022-11-10,outer_test,True,,2022-01-22,2022-03-30,2022-06-16,6ed147cd585e5e8083292683f9be3cf585e97e4d46fa0e3224d24a4e2b42cbbb,f83baf5732ffbf88b9a448a3d9ab9fa270f7495fe44d1559c1ac49795a30881a,h5_fold2_fully_nested_v1
2,2022-11-06,2022-11-11,outer_test,True,,2022-01-22,2022-03-30,2022-06-16,6ed147cd585e5e8083292683f9be3cf585e97e4d46fa0e3224d24a4e2b42cbbb,f83baf5732ffbf88b9a448a3d9ab9fa270f7495fe44d1559c1ac49795a30881a,h5_fold2_fully_nested_v1
2,2022-11-07,2022-11-12,outer_test,True,,2022-01-22,2022-03-30,2022-06-16,6ed147cd585e5e8083292683f9be3cf585e97e4d46fa0e3224d24a4e2b42cbbb,f83baf5732ffbf88b9a448a3d9ab9fa270f7495fe44d1559c1ac49795a30881a,h5_fold2_fully_nested_v1
2,2022-11-08,2022-11-13,outer_test,True,,2022-01-22,2022-03-30,2022-06-16,6ed147cd585e5e8083292683f9be3cf585e97e4d46fa0e3224d24a4e2b42cbbb,f83baf5732ffbf88b9a448a3d9ab9fa270f7495fe44d1559c1ac49795a30881a,h5_fold2_fully_nested_v1
2,2022-11-09,2022-11-14,outer_test,True,,2022-01-22,2022-03-30,2022-06-16,6ed147cd585e5e8083292683f9be3cf585e97e4d46fa0e3224d24a4e2b42cbbb,f83baf5732ffbf88b9a448a3d9ab9fa270f7495fe44d1559c1ac49795a30881a,h5_fold2_fully_nested_v1
2,2022-11-10,2022-11-15,outer_test,True,,2022-01-22,2022-03-30,2022-06-16,6ed147cd585e5e8083292683f9be3cf585e97e4d46fa0e3224d24a4e2b42cbbb,f83baf5732ffbf88b9a448a3d9ab9fa270f7495fe44d1559c1ac49795a30881a,h5_fold2_fully_nested_v1
2,2022-11-11,2022-11-16,outer_test,True,,2022-01-22,2022-03-30,2022-06-16,6ed147cd585e5e8083292683f9be3cf585e97e4d46fa0e3224d24a4e2b42cbbb,f83baf5732ffbf88b9a448a3d9ab9fa270f7495fe44d1559c1ac49795a30881a,h5_fold2_fully_nested_v1
2,2022-11-12,2022-11-17,outer_test,True,,2022-01-22,2022-03-30,2022-06-16,6ed147cd585e5e8083292683f9be3cf585e97e4d46fa0e3224d24a4e2b42cbbb,f83baf5732ffbf88b9a448a3d9ab9fa270f7495fe44d1559c1ac49795a30881a,h5_fold2_fully_nested_v1
2,2022-11-13,2022-11-18,outer_test,True,,2022-01-22,2022-03-30,2022-06-16,6ed147cd585e5e8083292683f9be3cf585e97e4d46fa0e3224d24a4e2b42cbbb,f83baf5732ffbf88b9a448a3d9ab9fa270f7495fe44d1559c1ac49795a30881a,h5_fold2_fully_nested_v1
2,2022-11-14,2022-11-19,outer_test,True,,2022-01-22,2022-03-30,2022-06-16,6ed147cd585e5e8083292683f9be3cf585e97e4d46fa0e3224d24a4e2b42cbbb,f83baf5732ffbf88b9a448a3d9ab9fa270f7495fe44d1559c1ac49795a30881a,h5_fold2_fully_nested_v1
2,2022-11-15,2022-11-20,outer_test,True,,2022-01-22,2022-03-30,2022-06-16,6ed147cd585e5e8083292683f9be3cf585e97e4d46fa0e3224d24a4e2b42cbbb,f83baf5732ffbf88b9a448a3d9ab9fa270f7495fe44d1559c1ac49795a30881a,h5_fold2_fully_nested_v1
2,2022-11-16,2022-11-21,outer_test,True,,2022-01-22,2022-03-30,2022-06-16,6ed147cd585e5e8083292683f9be3cf585e97e4d46fa0e3224d24a4e2b42cbbb,f83baf5732ffbf88b9a448a3d9ab9fa270f7495fe44d1559c1ac49795a30881a,h5_fold2_fully_nested_v1
2,2022-11-17,2022-11-22,outer_test,True,,2022-01-22,2022-03-30,2022-06-16,6ed147cd585e5e8083292683f9be3cf585e97e4d46fa0e3224d24a4e2b42cbbb,f83baf5732ffbf88b9a448a3d9ab9fa270f7495fe44d1559c1ac49795a30881a,h5_fold2_fully_nested_v1
2,2022-11-18,2022-11-23,outer_test,True,,2022-01-22,2022-03-30,2022-06-16,6ed147cd585e5e8083292683f9be3cf585e97e4d46fa0e3224d24a4e2b42cbbb,f83baf5732ffbf88b9a448a3d9ab9fa270f7495fe44d1559c1ac49795a30881a,h5_fold2_fully_nested_v1
2,2022-11-19,2022-11-24,outer_test,True,,2022-01-22,2022-03-30,2022-06-16,6ed147cd585e5e8083292683f9be3cf585e97e4d46fa0e3224d24a4e2b42cbbb,f83baf5732ffbf88b9a448a3d9ab9fa270f7495fe44d1559c1ac49795a30881a,h5_fold2_fully_nested_v1
2,2022-11-20,2022-11-25,outer_test,True,,2022-01-22,2022-03-30,2022-06-16,6ed147cd585e5e8083292683f9be3cf585e97e4d46fa0e3224d24a4e2b42cbbb,f83baf5732ffbf88b9a448a3d9ab9fa270f7495fe44d1559c1ac49795a30881a,h5_fold2_fully_nested_v1
2,2022-11-21,2022-11-26,outer_test,True,,2022-01-22,2022-03-30,2022-06-16,6ed147cd585e5e8083292683f9be3cf585e97e4d46fa0e3224d24a4e2b42cbbb,f83baf5732ffbf88b9a448a3d9ab9fa270f7495fe44d1559c1ac49795a30881a,h5_fold2_fully_nested_v1
2,2022-11-22,2022-11-27,outer_test,True,,2022-01-22,2022-03-30,2022-06-16,6ed147cd585e5e8083292683f9be3cf585e97e4d46fa0e3224d24a4e2b42cbbb,f83baf5732ffbf88b9a448a3d9ab9fa270f7495fe44d1559c1ac49795a30881a,h5_fold2_fully_nested_v1
2,2022-11-23,2022-11-28,outer_test,True,,2022-01-22,2022-03-30,2022-06-16,6ed147cd585e5e8083292683f9be3cf585e97e4d46fa0e3224d24a4e2b42cbbb,f83baf5732ffbf88b9a448a3d9ab9fa270f7495fe44d1559c1ac49795a30881a,h5_fold2_fully_nested_v1
2,2022-11-24,2022-11-29,outer_test,True,,2022-01-22,2022-03-30,2022-06-16,6ed147cd585e5e8083292683f9be3cf585e97e4d46fa0e3224d24a4e2b42cbbb,f83baf5732ffbf88b9a448a3d9ab9fa270f7495fe44d1559c1ac49795a30881a,h5_fold2_fully_nested_v1
2,2022-11-25,2022-11-30,outer_test,True,,2022-01-22,2022-03-30,2022-06-16,6ed147cd585e5e8083292683f9be3cf585e97e4d46fa0e3224d24a4e2b42cbbb,f83baf5732ffbf88b9a448a3d9ab9fa270f7495fe44d1559c1ac49795a30881a,h5_fold2_fully_nested_v1
2,2022-11-26,2022-12-01,outer_test,True,,2022-01-22,2022-03-30,2022-06-16,6ed147cd585e5e8083292683f9be3cf585e97e4d46fa0e3224d24a4e2b42cbbb,f83baf5732ffbf88b9a448a3d9ab9fa270f7495fe44d1559c1ac49795a30881a,h5_fold2_fully_nested_v1
2,2022-11-27,2022-12-02,outer_test,True,,2022-01-22,2022-03-30,2022-06-16,6ed147cd585e5e8083292683f9be3cf585e97e4d46fa0e3224d24a4e2b42cbbb,f83baf5732ffbf88b9a448a3d9ab9fa270f7495fe44d1559c1ac49795a30881a,h5_fold2_fully_nested_v1
2,2022-11-28,2022-12-03,outer_test,True,,2022-01-22,2022-03-30,2022-06-16,6ed147cd585e5e8083292683f9be3cf585e97e4d46fa0e3224d24a4e2b42cbbb,f83baf5732ffbf88b9a448a3d9ab9fa270f7495fe44d1559c1ac49795a30881a,h5_fold2_fully_nested_v1
2,2022-11-29,2022-12-04,outer_test,True,,2022-01-22,2022-03-30,2022-06-16,6ed147cd585e5e8083292683f9be3cf585e97e4d46fa0e3224d24a4e2b42cbbb,f83baf5732ffbf88b9a448a3d9ab9fa270f7495fe44d1559c1ac49795a30881a,h5_fold2_fully_nested_v1
2,2022-11-30,2022-12-05,outer_test,True,,2022-01-22,2022-03-30,2022-06-16,6ed147cd585e5e8083292683f9be3cf585e97e4d46fa0e3224d24a4e2b42cbbb,f83baf5732ffbf88b9a448a3d9ab9fa270f7495fe44d1559c1ac49795a30881a,h5_fold2_fully_nested_v1
2,2022-12-01,2022-12-06,outer_test,True,,2022-01-22,2022-03-30,2022-06-16,6ed147cd585e5e8083292683f9be3cf585e97e4d46fa0e3224d24a4e2b42cbbb,f83baf5732ffbf88b9a448a3d9ab9fa270f7495fe44d1559c1ac49795a30881a,h5_fold2_fully_nested_v1
2,2022-12-02,2022-12-07,outer_test,True,,2022-01-22,2022-03-30,2022-06-16,6ed147cd585e5e8083292683f9be3cf585e97e4d46fa0e3224d24a4e2b42cbbb,f83baf5732ffbf88b9a448a3d9ab9fa270f7495fe44d1559c1ac49795a30881a,h5_fold2_fully_nested_v1
2,2022-12-03,2022-12-08,outer_test,True,,2022-01-22,2022-03-30,2022-06-16,6ed147cd585e5e8083292683f9be3cf585e97e4d46fa0e3224d24a4e2b42cbbb,f83baf5732ffbf88b9a448a3d9ab9fa270f7495fe44d1559c1ac49795a30881a,h5_fold2_fully_nested_v1
2,2022-12-04,2022-12-09,outer_test,True,,2022-01-22,2022-03-30,2022-06-16,6ed147cd585e5e8083292683f9be3cf585e97e4d46fa0e3224d24a4e2b42cbbb,f83baf5732ffbf88b9a448a3d9ab9fa270f7495fe44d1559c1ac49795a30881a,h5_fold2_fully_nested_v1
2,2022-12-05,2022-12-10,outer_test,True,,2022-01-22,2022-03-30,2022-06-16,6ed147cd585e5e8083292683f9be3cf585e97e4d46fa0e3224d24a4e2b42cbbb,f83baf5732ffbf88b9a448a3d9ab9fa270f7495fe44d1559c1ac49795a30881a,h5_fold2_fully_nested_v1
2,2022-12-06,2022-12-11,outer_test,True,,2022-01-22,2022-03-30,2022-06-16,6ed147cd585e5e8083292683f9be3cf585e97e4d46fa0e3224d24a4e2b42cbbb,f83baf5732ffbf88b9a448a3d9ab9fa270f7495fe44d1559c1ac49795a30881a,h5_fold2_fully_nested_v1
2,2022-12-07,2022-12-12,outer_test,True,,2022-01-22,2022-03-30,2022-06-16,6ed147cd585e5e8083292683f9be3cf585e97e4d46fa0e3224d24a4e2b42cbbb,f83baf5732ffbf88b9a448a3d9ab9fa270f7495fe44d1559c1ac49795a30881a,h5_fold2_fully_nested_v1
2,2022-12-08,2022-12-13,outer_test,True,,2022-01-22,2022-03-30,2022-06-16,6ed147cd585e5e8083292683f9be3cf585e97e4d46fa0e3224d24a4e2b42cbbb,f83baf5732ffbf88b9a448a3d9ab9fa270f7495fe44d1559c1ac49795a30881a,h5_fold2_fully_nested_v1
2,2022-12-09,2022-12-14,outer_test,True,,2022-01-22,2022-03-30,2022-06-16,6ed147cd585e5e8083292683f9be3cf585e97e4d46fa0e3224d24a4e2b42cbbb,f83baf5732ffbf88b9a448a3d9ab9fa270f7495fe44d1559c1ac49795a30881a,h5_fold2_fully_nested_v1
2,2022-12-10,2022-12-15,outer_test,True,,2022-01-22,2022-03-30,2022-06-16,6ed147cd585e5e8083292683f9be3cf585e97e4d46fa0e3224d24a4e2b42cbbb,f83baf5732ffbf88b9a448a3d9ab9fa270f7495fe44d1559c1ac49795a30881a,h5_fold2_fully_nested_v1
2,2022-12-11,2022-12-16,outer_test,True,,2022-01-22,2022-03-30,2022-06-16,6ed147cd585e5e8083292683f9be3cf585e97e4d46fa0e3224d24a4e2b42cbbb,f83baf5732ffbf88b9a448a3d9ab9fa270f7495fe44d1559c1ac49795a30881a,h5_fold2_fully_nested_v1
2,2022-12-12,2022-12-17,outer_test,True,,2022-01-22,2022-03-30,2022-06-16,6ed147cd585e5e8083292683f9be3cf585e97e4d46fa0e3224d24a4e2b42cbbb,f83baf5732ffbf88b9a448a3d9ab9fa270f7495fe44d1559c1ac49795a30881a,h5_fold2_fully_nested_v1
2,2022-12-13,2022-12-18,outer_test,True,,2022-01-22,2022-03-30,2022-06-16,6ed147cd585e5e8083292683f9be3cf585e97e4d46fa0e3224d24a4e2b42cbbb,f83baf5732ffbf88b9a448a3d9ab9fa270f7495fe44d1559c1ac49795a30881a,h5_fold2_fully_nested_v1
2,2022-12-14,2022-12-19,outer_test,True,,2022-01-22,2022-03-30,2022-06-16,6ed147cd585e5e8083292683f9be3cf585e97e4d46fa0e3224d24a4e2b42cbbb,f83baf5732ffbf88b9a448a3d9ab9fa270f7495fe44d1559c1ac49795a30881a,h5_fold2_fully_nested_v1
2,2022-12-15,2022-12-20,outer_test,True,,2022-01-22,2022-03-30,2022-06-16,6ed147cd585e5e8083292683f9be3cf585e97e4d46fa0e3224d24a4e2b42cbbb,f83baf5732ffbf88b9a448a3d9ab9fa270f7495fe44d1559c1ac49795a30881a,h5_fold2_fully_nested_v1
2,2022-12-16,2022-12-21,outer_test,True,,2022-01-22,2022-03-30,2022-06-16,6ed147cd585e5e8083292683f9be3cf585e97e4d46fa0e3224d24a4e2b42cbbb,f83baf5732ffbf88b9a448a3d9ab9fa270f7495fe44d1559c1ac49795a30881a,h5_fold2_fully_nested_v1
2,2022-12-17,2022-12-22,outer_test,True,,2022-01-22,2022-03-30,2022-06-16,6ed147cd585e5e8083292683f9be3cf585e97e4d46fa0e3224d24a4e2b42cbbb,f83baf5732ffbf88b9a448a3d9ab9fa270f7495fe44d1559c1ac49795a30881a,h5_fold2_fully_nested_v1
2,2022-12-18,2022-12-23,outer_test,True,,2022-01-22,2022-03-30,2022-06-16,6ed147cd585e5e8083292683f9be3cf585e97e4d46fa0e3224d24a4e2b42cbbb,f83baf5732ffbf88b9a448a3d9ab9fa270f7495fe44d1559c1ac49795a30881a,h5_fold2_fully_nested_v1
2,2022-12-19,2022-12-24,outer_test,True,,2022-01-22,2022-03-30,2022-06-16,6ed147cd585e5e8083292683f9be3cf585e97e4d46fa0e3224d24a4e2b42cbbb,f83baf5732ffbf88b9a448a3d9ab9fa270f7495fe44d1559c1ac49795a30881a,h5_fold2_fully_nested_v1
2,2022-12-20,2022-12-25,outer_test,True,,2022-01-22,2022-03-30,2022-06-16,6ed147cd585e5e8083292683f9be3cf585e97e4d46fa0e3224d24a4e2b42cbbb,f83baf5732ffbf88b9a448a3d9ab9fa270f7495fe44d1559c1ac49795a30881a,h5_fold2_fully_nested_v1
2,2022-12-21,2022-12-26,outer_test,True,,2022-01-22,2022-03-30,2022-06-16,6ed147cd585e5e8083292683f9be3cf585e97e4d46fa0e3224d24a4e2b42cbbb,f83baf5732ffbf88b9a448a3d9ab9fa270f7495fe44d1559c1ac49795a30881a,h5_fold2_fully_nested_v1
2,2022-12-22,2022-12-27,outer_test,True,,2022-01-22,2022-03-30,2022-06-16,6ed147cd585e5e8083292683f9be3cf585e97e4d46fa0e3224d24a4e2b42cbbb,f83baf5732ffbf88b9a448a3d9ab9fa270f7495fe44d1559c1ac49795a30881a,h5_fold2_fully_nested_v1
2,2022-12-23,2022-12-28,outer_test,True,,2022-01-22,2022-03-30,2022-06-16,6ed147cd585e5e8083292683f9be3cf585e97e4d46fa0e3224d24a4e2b42cbbb,f83baf5732ffbf88b9a448a3d9ab9fa270f7495fe44d1559c1ac49795a30881a,h5_fold2_fully_nested_v1
2,2022-12-24,2022-12-29,outer_test,True,,2022-01-22,2022-03-30,2022-06-16,6ed147cd585e5e8083292683f9be3cf585e97e4d46fa0e3224d24a4e2b42cbbb,f83baf5732ffbf88b9a448a3d9ab9fa270f7495fe44d1559c1ac49795a30881a,h5_fold2_fully_nested_v1
2,2022-12-25,2022-12-30,outer_test,True,,2022-01-22,2022-03-30,2022-06-16,6ed147cd585e5e8083292683f9be3cf585e97e4d46fa0e3224d24a4e2b42cbbb,f83baf5732ffbf88b9a448a3d9ab9fa270f7495fe44d1559c1ac49795a30881a,h5_fold2_fully_nested_v1
2,2022-12-26,2022-12-31,outer_test,True,,2022-01-22,2022-03-30,2022-06-16,6ed147cd585e5e8083292683f9be3cf585e97e4d46fa0e3224d24a4e2b42cbbb,f83baf5732ffbf88b9a448a3d9ab9fa270f7495fe44d1559c1ac49795a30881a,h5_fold2_fully_nested_v1
2,2022-12-27,2023-01-01,outer_test,True,,2022-01-22,2022-03-30,2022-06-16,6ed147cd585e5e8083292683f9be3cf585e97e4d46fa0e3224d24a4e2b42cbbb,f83baf5732ffbf88b9a448a3d9ab9fa270f7495fe44d1559c1ac49795a30881a,h5_fold2_fully_nested_v1
2,2022-12-28,2023-01-02,outer_test,True,,2022-01-22,2022-03-30,2022-06-16,6ed147cd585e5e8083292683f9be3cf585e97e4d46fa0e3224d24a4e2b42cbbb,f83baf5732ffbf88b9a448a3d9ab9fa270f7495fe44d1559c1ac49795a30881a,h5_fold2_fully_nested_v1
2,2022-12-29,2023-01-03,outer_test,True,,2022-01-22,2022-03-30,2022-06-16,6ed147cd585e5e8083292683f9be3cf585e97e4d46fa0e3224d24a4e2b42cbbb,f83baf5732ffbf88b9a448a3d9ab9fa270f7495fe44d1559c1ac49795a30881a,h5_fold2_fully_nested_v1
2,2022-12-30,2023-01-04,outer_test,True,,2022-01-22,2022-03-30,2022-06-16,6ed147cd585e5e8083292683f9be3cf585e97e4d46fa0e3224d24a4e2b42cbbb,f83baf5732ffbf88b9a448a3d9ab9fa270f7495fe44d1559c1ac49795a30881a,h5_fold2_fully_nested_v1
2,2022-12-31,2023-01-05,outer_test,True,,2022-01-22,2022-03-30,2022-06-16,6ed147cd585e5e8083292683f9be3cf585e97e4d46fa0e3224d24a4e2b42cbbb,f83baf5732ffbf88b9a448a3d9ab9fa270f7495fe44d1559c1ac49795a30881a,h5_fold2_fully_nested_v1
2,2023-01-01,2023-01-06,outer_test,True,,2022-01-22,2022-03-30,2022-06-16,6ed147cd585e5e8083292683f9be3cf585e97e4d46fa0e3224d24a4e2b42cbbb,f83baf5732ffbf88b9a448a3d9ab9fa270f7495fe44d1559c1ac49795a30881a,h5_fold2_fully_nested_v1
2,2023-01-02,2023-01-07,outer_test,True,,2022-01-22,2022-03-30,2022-06-16,6ed147cd585e5e8083292683f9be3cf585e97e4d46fa0e3224d24a4e2b42cbbb,f83baf5732ffbf88b9a448a3d9ab9fa270f7495fe44d1559c1ac49795a30881a,h5_fold2_fully_nested_v1
2,2023-01-03,2023-01-08,outer_test,True,,2022-01-22,2022-03-30,2022-06-16,6ed147cd585e5e8083292683f9be3cf585e97e4d46fa0e3224d24a4e2b42cbbb,f83baf5732ffbf88b9a448a3d9ab9fa270f7495fe44d1559c1ac49795a30881a,h5_fold2_fully_nested_v1
2,2023-01-04,2023-01-09,outer_test,True,,2022-01-22,2022-03-30,2022-06-16,6ed147cd585e5e8083292683f9be3cf585e97e4d46fa0e3224d24a4e2b42cbbb,f83baf5732ffbf88b9a448a3d9ab9fa270f7495fe44d1559c1ac49795a30881a,h5_fold2_fully_nested_v1
2,2023-01-05,2023-01-10,outer_test,True,,2022-01-22,2022-03-30,2022-06-16,6ed147cd585e5e8083292683f9be3cf585e97e4d46fa0e3224d24a4e2b42cbbb,f83baf5732ffbf88b9a448a3d9ab9fa270f7495fe44d1559c1ac49795a30881a,h5_fold2_fully_nested_v1
2,2023-01-06,2023-01-11,outer_test,True,,2022-01-22,2022-03-30,2022-06-16,6ed147cd585e5e8083292683f9be3cf585e97e4d46fa0e3224d24a4e2b42cbbb,f83baf5732ffbf88b9a448a3d9ab9fa270f7495fe44d1559c1ac49795a30881a,h5_fold2_fully_nested_v1
2,2023-01-07,2023-01-12,outer_test,True,,2022-01-22,2022-03-30,2022-06-16,6ed147cd585e5e8083292683f9be3cf585e97e4d46fa0e3224d24a4e2b42cbbb,f83baf5732ffbf88b9a448a3d9ab9fa270f7495fe44d1559c1ac49795a30881a,h5_fold2_fully_nested_v1
2,2023-01-08,2023-01-13,outer_test,True,,2022-01-22,2022-03-30,2022-06-16,6ed147cd585e5e8083292683f9be3cf585e97e4d46fa0e3224d24a4e2b42cbbb,f83baf5732ffbf88b9a448a3d9ab9fa270f7495fe44d1559c1ac49795a30881a,h5_fold2_fully_nested_v1
2,2023-01-09,2023-01-14,outer_test,True,,2022-01-22,2022-03-30,2022-06-16,6ed147cd585e5e8083292683f9be3cf585e97e4d46fa0e3224d24a4e2b42cbbb,f83baf5732ffbf88b9a448a3d9ab9fa270f7495fe44d1559c1ac49795a30881a,h5_fold2_fully_nested_v1
2,2023-01-10,2023-01-15,outer_test,True,,2022-01-22,2022-03-30,2022-06-16,6ed147cd585e5e8083292683f9be3cf585e97e4d46fa0e3224d24a4e2b42cbbb,f83baf5732ffbf88b9a448a3d9ab9fa270f7495fe44d1559c1ac49795a30881a,h5_fold2_fully_nested_v1
2,2023-01-11,2023-01-16,outer_test,True,,2022-01-22,2022-03-30,2022-06-16,6ed147cd585e5e8083292683f9be3cf585e97e4d46fa0e3224d24a4e2b42cbbb,f83baf5732ffbf88b9a448a3d9ab9fa270f7495fe44d1559c1ac49795a30881a,h5_fold2_fully_nested_v1
2,2023-01-12,2023-01-17,outer_test,True,,2022-01-22,2022-03-30,2022-06-16,6ed147cd585e5e8083292683f9be3cf585e97e4d46fa0e3224d24a4e2b42cbbb,f83baf5732ffbf88b9a448a3d9ab9fa270f7495fe44d1559c1ac49795a30881a,h5_fold2_fully_nested_v1
2,2023-01-13,2023-01-18,outer_test,True,,2022-01-22,2022-03-30,2022-06-16,6ed147cd585e5e8083292683f9be3cf585e97e4d46fa0e3224d24a4e2b42cbbb,f83baf5732ffbf88b9a448a3d9ab9fa270f7495fe44d1559c1ac49795a30881a,h5_fold2_fully_nested_v1
2,2023-01-14,2023-01-19,outer_test,True,,2022-01-22,2022-03-30,2022-06-16,6ed147cd585e5e8083292683f9be3cf585e97e4d46fa0e3224d24a4e2b42cbbb,f83baf5732ffbf88b9a448a3d9ab9fa270f7495fe44d1559c1ac49795a30881a,h5_fold2_fully_nested_v1
2,2023-01-15,2023-01-20,outer_test,True,,2022-01-22,2022-03-30,2022-06-16,6ed147cd585e5e8083292683f9be3cf585e97e4d46fa0e3224d24a4e2b42cbbb,f83baf5732ffbf88b9a448a3d9ab9fa270f7495fe44d1559c1ac49795a30881a,h5_fold2_fully_nested_v1
2,2023-01-16,2023-01-21,outer_test,True,,2022-01-22,2022-03-30,2022-06-16,6ed147cd585e5e8083292683f9be3cf585e97e4d46fa0e3224d24a4e2b42cbbb,f83baf5732ffbf88b9a448a3d9ab9fa270f7495fe44d1559c1ac49795a30881a,h5_fold2_fully_nested_v1
2,2023-01-17,2023-01-22,outer_test,True,,2022-01-22,2022-03-30,2022-06-16,6ed147cd585e5e8083292683f9be3cf585e97e4d46fa0e3224d24a4e2b42cbbb,f83baf5732ffbf88b9a448a3d9ab9fa270f7495fe44d1559c1ac49795a30881a,h5_fold2_fully_nested_v1
2,2023-01-18,2023-01-23,outer_test,True,,2022-01-22,2022-03-30,2022-06-16,6ed147cd585e5e8083292683f9be3cf585e97e4d46fa0e3224d24a4e2b42cbbb,f83baf5732ffbf88b9a448a3d9ab9fa270f7495fe44d1559c1ac49795a30881a,h5_fold2_fully_nested_v1
2,2023-01-19,2023-01-24,outer_test,True,,2022-01-22,2022-03-30,2022-06-16,6ed147cd585e5e8083292683f9be3cf585e97e4d46fa0e3224d24a4e2b42cbbb,f83baf5732ffbf88b9a448a3d9ab9fa270f7495fe44d1559c1ac49795a30881a,h5_fold2_fully_nested_v1
2,2023-01-20,2023-01-25,outer_test,True,,2022-01-22,2022-03-30,2022-06-16,6ed147cd585e5e8083292683f9be3cf585e97e4d46fa0e3224d24a4e2b42cbbb,f83baf5732ffbf88b9a448a3d9ab9fa270f7495fe44d1559c1ac49795a30881a,h5_fold2_fully_nested_v1
2,2023-01-21,2023-01-26,outer_test,True,,2022-01-22,2022-03-30,2022-06-16,6ed147cd585e5e8083292683f9be3cf585e97e4d46fa0e3224d24a4e2b42cbbb,f83baf5732ffbf88b9a448a3d9ab9fa270f7495fe44d1559c1ac49795a30881a,h5_fold2_fully_nested_v1
2,2023-01-22,2023-01-27,outer_test,True,,2022-01-22,2022-03-30,2022-06-16,6ed147cd585e5e8083292683f9be3cf585e97e4d46fa0e3224d24a4e2b42cbbb,f83baf5732ffbf88b9a448a3d9ab9fa270f7495fe44d1559c1ac49795a30881a,h5_fold2_fully_nested_v1
2,2023-01-23,2023-01-28,outer_test,True,,2022-01-22,2022-03-30,2022-06-16,6ed147cd585e5e8083292683f9be3cf585e97e4d46fa0e3224d24a4e2b42cbbb,f83baf5732ffbf88b9a448a3d9ab9fa270f7495fe44d1559c1ac49795a30881a,h5_fold2_fully_nested_v1
2,2023-01-24,2023-01-29,outer_test,True,,2022-01-22,2022-03-30,2022-06-16,6ed147cd585e5e8083292683f9be3cf585e97e4d46fa0e3224d24a4e2b42cbbb,f83baf5732ffbf88b9a448a3d9ab9fa270f7495fe44d1559c1ac49795a30881a,h5_fold2_fully_nested_v1
2,2023-01-25,2023-01-30,outer_test,True,,2022-01-22,2022-03-30,2022-06-16,6ed147cd585e5e8083292683f9be3cf585e97e4d46fa0e3224d24a4e2b42cbbb,f83baf5732ffbf88b9a448a3d9ab9fa270f7495fe44d1559c1ac49795a30881a,h5_fold2_fully_nested_v1
2,2023-01-26,2023-01-31,outer_test,True,,2022-01-22,2022-03-30,2022-06-16,6ed147cd585e5e8083292683f9be3cf585e97e4d46fa0e3224d24a4e2b42cbbb,f83baf5732ffbf88b9a448a3d9ab9fa270f7495fe44d1559c1ac49795a30881a,h5_fold2_fully_nested_v1
2,2023-01-27,2023-02-01,outer_test,True,,2022-01-22,2022-03-30,2022-06-16,6ed147cd585e5e8083292683f9be3cf585e97e4d46fa0e3224d24a4e2b42cbbb,f83baf5732ffbf88b9a448a3d9ab9fa270f7495fe44d1559c1ac49795a30881a,h5_fold2_fully_nested_v1
2,2023-01-28,2023-02-02,outer_test,True,,2022-01-22,2022-03-30,2022-06-16,6ed147cd585e5e8083292683f9be3cf585e97e4d46fa0e3224d24a4e2b42cbbb,f83baf5732ffbf88b9a448a3d9ab9fa270f7495fe44d1559c1ac49795a30881a,h5_fold2_fully_nested_v1
2,2023-01-29,2023-02-03,outer_test,True,,2022-01-22,2022-03-30,2022-06-16,6ed147cd585e5e8083292683f9be3cf585e97e4d46fa0e3224d24a4e2b42cbbb,f83baf5732ffbf88b9a448a3d9ab9fa270f7495fe44d1559c1ac49795a30881a,h5_fold2_fully_nested_v1
2,2023-01-30,2023-02-04,outer_test,True,,2022-01-22,2022-03-30,2022-06-16,6ed147cd585e5e8083292683f9be3cf585e97e4d46fa0e3224d24a4e2b42cbbb,f83baf5732ffbf88b9a448a3d9ab9fa270f7495fe44d1559c1ac49795a30881a,h5_fold2_fully_nested_v1
2,2023-01-31,2023-02-05,outer_test,True,,2022-01-22,2022-03-30,2022-06-16,6ed147cd585e5e8083292683f9be3cf585e97e4d46fa0e3224d24a4e2b42cbbb,f83baf5732ffbf88b9a448a3d9ab9fa270f7495fe44d1559c1ac49795a30881a,h5_fold2_fully_nested_v1
2,2023-02-01,2023-02-06,outer_test,True,,2022-01-22,2022-03-30,2022-06-16,6ed147cd585e5e8083292683f9be3cf585e97e4d46fa0e3224d24a4e2b42cbbb,f83baf5732ffbf88b9a448a3d9ab9fa270f7495fe44d1559c1ac49795a30881a,h5_fold2_fully_nested_v1
2,2023-02-02,2023-02-07,outer_test,True,,2022-01-22,2022-03-30,2022-06-16,6ed147cd585e5e8083292683f9be3cf585e97e4d46fa0e3224d24a4e2b42cbbb,f83baf5732ffbf88b9a448a3d9ab9fa270f7495fe44d1559c1ac49795a30881a,h5_fold2_fully_nested_v1
2,2023-02-03,2023-02-08,outer_test,True,,2022-01-22,2022-03-30,2022-06-16,6ed147cd585e5e8083292683f9be3cf585e97e4d46fa0e3224d24a4e2b42cbbb,f83baf5732ffbf88b9a448a3d9ab9fa270f7495fe44d1559c1ac49795a30881a,h5_fold2_fully_nested_v1
2,2023-02-04,2023-02-09,outer_test,True,,2022-01-22,2022-03-30,2022-06-16,6ed147cd585e5e8083292683f9be3cf585e97e4d46fa0e3224d24a4e2b42cbbb,f83baf5732ffbf88b9a448a3d9ab9fa270f7495fe44d1559c1ac49795a30881a,h5_fold2_fully_nested_v1
2,2023-02-05,2023-02-10,outer_test,True,,2022-01-22,2022-03-30,2022-06-16,6ed147cd585e5e8083292683f9be3cf585e97e4d46fa0e3224d24a4e2b42cbbb,f83baf5732ffbf88b9a448a3d9ab9fa270f7495fe44d1559c1ac49795a30881a,h5_fold2_fully_nested_v1
2,2023-02-06,2023-02-11,outer_test,True,,2022-01-22,2022-03-30,2022-06-16,6ed147cd585e5e8083292683f9be3cf585e97e4d46fa0e3224d24a4e2b42cbbb,f83baf5732ffbf88b9a448a3d9ab9fa270f7495fe44d1559c1ac49795a30881a,h5_fold2_fully_nested_v1
2,2023-02-07,2023-02-12,outer_test,True,,2022-01-22,2022-03-30,2022-06-16,6ed147cd585e5e8083292683f9be3cf585e97e4d46fa0e3224d24a4e2b42cbbb,f83baf5732ffbf88b9a448a3d9ab9fa270f7495fe44d1559c1ac49795a30881a,h5_fold2_fully_nested_v1
2,2023-02-08,2023-02-13,outer_test,True,,2022-01-22,2022-03-30,2022-06-16,6ed147cd585e5e8083292683f9be3cf585e97e4d46fa0e3224d24a4e2b42cbbb,f83baf5732ffbf88b9a448a3d9ab9fa270f7495fe44d1559c1ac49795a30881a,h5_fold2_fully_nested_v1
2,2023-02-09,2023-02-14,outer_test,True,,2022-01-22,2022-03-30,2022-06-16,6ed147cd585e5e8083292683f9be3cf585e97e4d46fa0e3224d24a4e2b42cbbb,f83baf5732ffbf88b9a448a3d9ab9fa270f7495fe44d1559c1ac49795a30881a,h5_fold2_fully_nested_v1
2,2023-02-10,2023-02-15,outer_test,True,,2022-01-22,2022-03-30,2022-06-16,6ed147cd585e5e8083292683f9be3cf585e97e4d46fa0e3224d24a4e2b42cbbb,f83baf5732ffbf88b9a448a3d9ab9fa270f7495fe44d1559c1ac49795a30881a,h5_fold2_fully_nested_v1
2,2023-02-11,2023-02-16,outer_test,True,,2022-01-22,2022-03-30,2022-06-16,6ed147cd585e5e8083292683f9be3cf585e97e4d46fa0e3224d24a4e2b42cbbb,f83baf5732ffbf88b9a448a3d9ab9fa270f7495fe44d1559c1ac49795a30881a,h5_fold2_fully_nested_v1
2,2023-02-12,2023-02-17,outer_test,True,,2022-01-22,2022-03-30,2022-06-16,6ed147cd585e5e8083292683f9be3cf585e97e4d46fa0e3224d24a4e2b42cbbb,f83baf5732ffbf88b9a448a3d9ab9fa270f7495fe44d1559c1ac49795a30881a,h5_fold2_fully_nested_v1
2,2023-02-13,2023-02-18,outer_test,True,,2022-01-22,2022-03-30,2022-06-16,6ed147cd585e5e8083292683f9be3cf585e97e4d46fa0e3224d24a4e2b42cbbb,f83baf5732ffbf88b9a448a3d9ab9fa270f7495fe44d1559c1ac49795a30881a,h5_fold2_fully_nested_v1
2,2023-02-14,2023-02-19,outer_test,True,,2022-01-22,2022-03-30,2022-06-16,6ed147cd585e5e8083292683f9be3cf585e97e4d46fa0e3224d24a4e2b42cbbb,f83baf5732ffbf88b9a448a3d9ab9fa270f7495fe44d1559c1ac49795a30881a,h5_fold2_fully_nested_v1
2,2023-02-15,2023-02-20,outer_test,True,,2022-01-22,2022-03-30,2022-06-16,6ed147cd585e5e8083292683f9be3cf585e97e4d46fa0e3224d24a4e2b42cbbb,f83baf5732ffbf88b9a448a3d9ab9fa270f7495fe44d1559c1ac49795a30881a,h5_fold2_fully_nested_v1
2,2023-02-16,2023-02-21,outer_test,True,,2022-01-22,2022-03-30,2022-06-16,6ed147cd585e5e8083292683f9be3cf585e97e4d46fa0e3224d24a4e2b42cbbb,f83baf5732ffbf88b9a448a3d9ab9fa270f7495fe44d1559c1ac49795a30881a,h5_fold2_fully_nested_v1
2,2023-02-17,2023-02-22,outer_test,True,,2022-01-22,2022-03-30,2022-06-16,6ed147cd585e5e8083292683f9be3cf585e97e4d46fa0e3224d24a4e2b42cbbb,f83baf5732ffbf88b9a448a3d9ab9fa270f7495fe44d1559c1ac49795a30881a,h5_fold2_fully_nested_v1
2,2023-02-18,2023-02-23,outer_test,True,,2022-01-22,2022-03-30,2022-06-16,6ed147cd585e5e8083292683f9be3cf585e97e4d46fa0e3224d24a4e2b42cbbb,f83baf5732ffbf88b9a448a3d9ab9fa270f7495fe44d1559c1ac49795a30881a,h5_fold2_fully_nested_v1
2,2023-02-19,2023-02-24,outer_test,True,,2022-01-22,2022-03-30,2022-06-16,6ed147cd585e5e8083292683f9be3cf585e97e4d46fa0e3224d24a4e2b42cbbb,f83baf5732ffbf88b9a448a3d9ab9fa270f7495fe44d1559c1ac49795a30881a,h5_fold2_fully_nested_v1
3,2021-02-03,2021-02-08,component_subtrain,True,,2022-07-21,2022-10-27,2023-02-20,6ed147cd585e5e8083292683f9be3cf585e97e4d46fa0e3224d24a4e2b42cbbb,f83baf5732ffbf88b9a448a3d9ab9fa270f7495fe44d1559c1ac49795a30881a,h5_fold3_fully_nested_v1
3,2021-02-04,2021-02-09,component_subtrain,True,,2022-07-21,2022-10-27,2023-02-20,6ed147cd585e5e8083292683f9be3cf585e97e4d46fa0e3224d24a4e2b42cbbb,f83baf5732ffbf88b9a448a3d9ab9fa270f7495fe44d1559c1ac49795a30881a,h5_fold3_fully_nested_v1
3,2021-02-05,2021-02-10,component_subtrain,True,,2022-07-21,2022-10-27,2023-02-20,6ed147cd585e5e8083292683f9be3cf585e97e4d46fa0e3224d24a4e2b42cbbb,f83baf5732ffbf88b9a448a3d9ab9fa270f7495fe44d1559c1ac49795a30881a,h5_fold3_fully_nested_v1
3,2021-02-06,2021-02-11,component_subtrain,True,,2022-07-21,2022-10-27,2023-02-20,6ed147cd585e5e8083292683f9be3cf585e97e4d46fa0e3224d24a4e2b42cbbb,f83baf5732ffbf88b9a448a3d9ab9fa270f7495fe44d1559c1ac49795a30881a,h5_fold3_fully_nested_v1
3,2021-02-07,2021-02-12,component_subtrain,True,,2022-07-21,2022-10-27,2023-02-20,6ed147cd585e5e8083292683f9be3cf585e97e4d46fa0e3224d24a4e2b42cbbb,f83baf5732ffbf88b9a448a3d9ab9fa270f7495fe44d1559c1ac49795a30881a,h5_fold3_fully_nested_v1
3,2021-02-08,2021-02-13,component_subtrain,True,,2022-07-21,2022-10-27,2023-02-20,6ed147cd585e5e8083292683f9be3cf585e97e4d46fa0e3224d24a4e2b42cbbb,f83baf5732ffbf88b9a448a3d9ab9fa270f7495fe44d1559c1ac49795a30881a,h5_fold3_fully_nested_v1
3,2021-02-09,2021-02-14,component_subtrain,True,,2022-07-21,2022-10-27,2023-02-20,6ed147cd585e5e8083292683f9be3cf585e97e4d46fa0e3224d24a4e2b42cbbb,f83baf5732ffbf88b9a448a3d9ab9fa270f7495fe44d1559c1ac49795a30881a,h5_fold3_fully_nested_v1
3,2021-02-10,2021-02-15,component_subtrain,True,,2022-07-21,2022-10-27,2023-02-20,6ed147cd585e5e8083292683f9be3cf585e97e4d46fa0e3224d24a4e2b42cbbb,f83baf5732ffbf88b9a448a3d9ab9fa270f7495fe44d1559c1ac49795a30881a,h5_fold3_fully_nested_v1
3,2021-02-11,2021-02-16,component_subtrain,True,,2022-07-21,2022-10-27,2023-02-20,6ed147cd585e5e8083292683f9be3cf585e97e4d46fa0e3224d24a4e2b42cbbb,f83baf5732ffbf88b9a448a3d9ab9fa270f7495fe44d1559c1ac49795a30881a,h5_fold3_fully_nested_v1
3,2021-02-12,2021-02-17,component_subtrain,True,,2022-07-21,2022-10-27,2023-02-20,6ed147cd585e5e8083292683f9be3cf585e97e4d46fa0e3224d24a4e2b42cbbb,f83baf5732ffbf88b9a448a3d9ab9fa270f7495fe44d1559c1ac49795a30881a,h5_fold3_fully_nested_v1
3,2021-02-13,2021-02-18,component_subtrain,True,,2022-07-21,2022-10-27,2023-02-20,6ed147cd585e5e8083292683f9be3cf585e97e4d46fa0e3224d24a4e2b42cbbb,f83baf5732ffbf88b9a448a3d9ab9fa270f7495fe44d1559c1ac49795a30881a,h5_fold3_fully_nested_v1
3,2021-02-14,2021-02-19,component_subtrain,True,,2022-07-21,2022-10-27,2023-02-20,6ed147cd585e5e8083292683f9be3cf585e97e4d46fa0e3224d24a4e2b42cbbb,f83baf5732ffbf88b9a448a3d9ab9fa270f7495fe44d1559c1ac49795a30881a,h5_fold3_fully_nested_v1
3,2021-02-15,2021-02-20,component_subtrain,True,,2022-07-21,2022-10-27,2023-02-20,6ed147cd585e5e8083292683f9be3cf585e97e4d46fa0e3224d24a4e2b42cbbb,f83baf5732ffbf88b9a448a3d9ab9fa270f7495fe44d1559c1ac49795a30881a,h5_fold3_fully_nested_v1
3,2021-02-16,2021-02-21,component_subtrain,True,,2022-07-21,2022-10-27,2023-02-20,6ed147cd585e5e8083292683f9be3cf585e97e4d46fa0e3224d24a4e2b42cbbb,f83baf5732ffbf88b9a448a3d9ab9fa270f7495fe44d1559c1ac49795a30881a,h5_fold3_fully_nested_v1
3,2021-02-17,2021-02-22,component_subtrain,True,,2022-07-21,2022-10-27,2023-02-20,6ed147cd585e5e8083292683f9be3cf585e97e4d46fa0e3224d24a4e2b42cbbb,f83baf5732ffbf88b9a448a3d9ab9fa270f7495fe44d1559c1ac49795a30881a,h5_fold3_fully_nested_v1
3,2021-02-18,2021-02-23,component_subtrain,True,,2022-07-21,2022-10-27,2023-02-20,6ed147cd585e5e8083292683f9be3cf585e97e4d46fa0e3224d24a4e2b42cbbb,f83baf5732ffbf88b9a448a3d9ab9fa270f7495fe44d1559c1ac49795a30881a,h5_fold3_fully_nested_v1
3,2021-02-19,2021-02-24,component_subtrain,True,,2022-07-21,2022-10-27,2023-02-20,6ed147cd585e5e8083292683f9be3cf585e97e4d46fa0e3224d24a4e2b42cbbb,f83baf5732ffbf88b9a448a3d9ab9fa270f7495fe44d1559c1ac49795a30881a,h5_fold3_fully_nested_v1
3,2021-02-20,2021-02-25,component_subtrain,True,,2022-07-21,2022-10-27,2023-02-20,6ed147cd585e5e8083292683f9be3cf585e97e4d46fa0e3224d24a4e2b42cbbb,f83baf5732ffbf88b9a448a3d9ab9fa270f7495fe44d1559c1ac49795a30881a,h5_fold3_fully_nested_v1
3,2021-02-21,2021-02-26,component_subtrain,True,,2022-07-21,2022-10-27,2023-02-20,6ed147cd585e5e8083292683f9be3cf585e97e4d46fa0e3224d24a4e2b42cbbb,f83baf5732ffbf88b9a448a3d9ab9fa270f7495fe44d1559c1ac49795a30881a,h5_fold3_fully_nested_v1
3,2021-02-22,2021-02-27,component_subtrain,True,,2022-07-21,2022-10-27,2023-02-20,6ed147cd585e5e8083292683f9be3cf585e97e4d46fa0e3224d24a4e2b42cbbb,f83baf5732ffbf88b9a448a3d9ab9fa270f7495fe44d1559c1ac49795a30881a,h5_fold3_fully_nested_v1
3,2021-02-23,2021-02-28,component_subtrain,True,,2022-07-21,2022-10-27,2023-02-20,6ed147cd585e5e8083292683f9be3cf585e97e4d46fa0e3224d24a4e2b42cbbb,f83baf5732ffbf88b9a448a3d9ab9fa270f7495fe44d1559c1ac49795a30881a,h5_fold3_fully_nested_v1
3,2021-02-24,2021-03-01,component_subtrain,True,,2022-07-21,2022-10-27,2023-02-20,6ed147cd585e5e8083292683f9be3cf585e97e4d46fa0e3224d24a4e2b42cbbb,f83baf5732ffbf88b9a448a3d9ab9fa270f7495fe44d1559c1ac49795a30881a,h5_fold3_fully_nested_v1
3,2021-02-25,2021-03-02,component_subtrain,True,,2022-07-21,2022-10-27,2023-02-20,6ed147cd585e5e8083292683f9be3cf585e97e4d46fa0e3224d24a4e2b42cbbb,f83baf5732ffbf88b9a448a3d9ab9fa270f7495fe44d1559c1ac49795a30881a,h5_fold3_fully_nested_v1
3,2021-02-26,2021-03-03,component_subtrain,True,,2022-07-21,2022-10-27,2023-02-20,6ed147cd585e5e8083292683f9be3cf585e97e4d46fa0e3224d24a4e2b42cbbb,f83baf5732ffbf88b9a448a3d9ab9fa270f7495fe44d1559c1ac49795a30881a,h5_fold3_fully_nested_v1
3,2021-02-27,2021-03-04,component_subtrain,True,,2022-07-21,2022-10-27,2023-02-20,6ed147cd585e5e8083292683f9be3cf585e97e4d46fa0e3224d24a4e2b42cbbb,f83baf5732ffbf88b9a448a3d9ab9fa270f7495fe44d1559c1ac49795a30881a,h5_fold3_fully_nested_v1
3,2021-02-28,2021-03-05,component_subtrain,True,,2022-07-21,2022-10-27,2023-02-20,6ed147cd585e5e8083292683f9be3cf585e97e4d46fa0e3224d24a4e2b42cbbb,f83baf5732ffbf88b9a448a3d9ab9fa270f7495fe44d1559c1ac49795a30881a,h5_fold3_fully_nested_v1
3,2021-03-01,2021-03-06,component_subtrain,True,,2022-07-21,2022-10-27,2023-02-20,6ed147cd585e5e8083292683f9be3cf585e97e4d46fa0e3224d24a4e2b42cbbb,f83baf5732ffbf88b9a448a3d9ab9fa270f7495fe44d1559c1ac49795a30881a,h5_fold3_fully_nested_v1
3,2021-03-02,2021-03-07,component_subtrain,True,,2022-07-21,2022-10-27,2023-02-20,6ed147cd585e5e8083292683f9be3cf585e97e4d46fa0e3224d24a4e2b42cbbb,f83baf5732ffbf88b9a448a3d9ab9fa270f7495fe44d1559c1ac49795a30881a,h5_fold3_fully_nested_v1
3,2021-03-03,2021-03-08,component_subtrain,True,,2022-07-21,2022-10-27,2023-02-20,6ed147cd585e5e8083292683f9be3cf585e97e4d46fa0e3224d24a4e2b42cbbb,f83baf5732ffbf88b9a448a3d9ab9fa270f7495fe44d1559c1ac49795a30881a,h5_fold3_fully_nested_v1
3,2021-03-04,2021-03-09,component_subtrain,True,,2022-07-21,2022-10-27,2023-02-20,6ed147cd585e5e8083292683f9be3cf585e97e4d46fa0e3224d24a4e2b42cbbb,f83baf5732ffbf88b9a448a3d9ab9fa270f7495fe44d1559c1ac49795a30881a,h5_fold3_fully_nested_v1
3,2021-03-05,2021-03-10,component_subtrain,True,,2022-07-21,2022-10-27,2023-02-20,6ed147cd585e5e8083292683f9be3cf585e97e4d46fa0e3224d24a4e2b42cbbb,f83baf5732ffbf88b9a448a3d9ab9fa270f7495fe44d1559c1ac49795a30881a,h5_fold3_fully_nested_v1
3,2021-03-06,2021-03-11,component_subtrain,True,,2022-07-21,2022-10-27,2023-02-20,6ed147cd585e5e8083292683f9be3cf585e97e4d46fa0e3224d24a4e2b42cbbb,f83baf5732ffbf88b9a448a3d9ab9fa270f7495fe44d1559c1ac49795a30881a,h5_fold3_fully_nested_v1
3,2021-03-07,2021-03-12,component_subtrain,True,,2022-07-21,2022-10-27,2023-02-20,6ed147cd585e5e8083292683f9be3cf585e97e4d46fa0e3224d24a4e2b42cbbb,f83baf5732ffbf88b9a448a3d9ab9fa270f7495fe44d1559c1ac49795a30881a,h5_fold3_fully_nested_v1
3,2021-03-08,2021-03-13,component_subtrain,True,,2022-07-21,2022-10-27,2023-02-20,6ed147cd585e5e8083292683f9be3cf585e97e4d46fa0e3224d24a4e2b42cbbb,f83baf5732ffbf88b9a448a3d9ab9fa270f7495fe44d1559c1ac49795a30881a,h5_fold3_fully_nested_v1
3,2021-03-09,2021-03-14,component_subtrain,True,,2022-07-21,2022-10-27,2023-02-20,6ed147cd585e5e8083292683f9be3cf585e97e4d46fa0e3224d24a4e2b42cbbb,f83baf5732ffbf88b9a448a3d9ab9fa270f7495fe44d1559c1ac49795a30881a,h5_fold3_fully_nested_v1
3,2021-03-10,2021-03-15,component_subtrain,True,,2022-07-21,2022-10-27,2023-02-20,6ed147cd585e5e8083292683f9be3cf585e97e4d46fa0e3224d24a4e2b42cbbb,f83baf5732ffbf88b9a448a3d9ab9fa270f7495fe44d1559c1ac49795a30881a,h5_fold3_fully_nested_v1
3,2021-03-11,2021-03-16,component_subtrain,True,,2022-07-21,2022-10-27,2023-02-20,6ed147cd585e5e8083292683f9be3cf585e97e4d46fa0e3224d24a4e2b42cbbb,f83baf5732ffbf88b9a448a3d9ab9fa270f7495fe44d1559c1ac49795a30881a,h5_fold3_fully_nested_v1
3,2021-03-12,2021-03-17,component_subtrain,True,,2022-07-21,2022-10-27,2023-02-20,6ed147cd585e5e8083292683f9be3cf585e97e4d46fa0e3224d24a4e2b42cbbb,f83baf5732ffbf88b9a448a3d9ab9fa270f7495fe44d1559c1ac49795a30881a,h5_fold3_fully_nested_v1
3,2021-03-13,2021-03-18,component_subtrain,True,,2022-07-21,2022-10-27,2023-02-20,6ed147cd585e5e8083292683f9be3cf585e97e4d46fa0e3224d24a4e2b42cbbb,f83baf5732ffbf88b9a448a3d9ab9fa270f7495fe44d1559c1ac49795a30881a,h5_fold3_fully_nested_v1
3,2021-03-14,2021-03-19,component_subtrain,True,,2022-07-21,2022-10-27,2023-02-20,6ed147cd585e5e8083292683f9be3cf585e97e4d46fa0e3224d24a4e2b42cbbb,f83baf5732ffbf88b9a448a3d9ab9fa270f7495fe44d1559c1ac49795a30881a,h5_fold3_fully_nested_v1
3,2021-03-15,2021-03-20,component_subtrain,True,,2022-07-21,2022-10-27,2023-02-20,6ed147cd585e5e8083292683f9be3cf585e97e4d46fa0e3224d24a4e2b42cbbb,f83baf5732ffbf88b9a448a3d9ab9fa270f7495fe44d1559c1ac49795a30881a,h5_fold3_fully_nested_v1
3,2021-03-16,2021-03-21,component_subtrain,True,,2022-07-21,2022-10-27,2023-02-20,6ed147cd585e5e8083292683f9be3cf585e97e4d46fa0e3224d24a4e2b42cbbb,f83baf5732ffbf88b9a448a3d9ab9fa270f7495fe44d1559c1ac49795a30881a,h5_fold3_fully_nested_v1
3,2021-03-17,2021-03-22,component_subtrain,True,,2022-07-21,2022-10-27,2023-02-20,6ed147cd585e5e8083292683f9be3cf585e97e4d46fa0e3224d24a4e2b42cbbb,f83baf5732ffbf88b9a448a3d9ab9fa270f7495fe44d1559c1ac49795a30881a,h5_fold3_fully_nested_v1
3,2021-03-18,2021-03-23,component_subtrain,True,,2022-07-21,2022-10-27,2023-02-20,6ed147cd585e5e8083292683f9be3cf585e97e4d46fa0e3224d24a4e2b42cbbb,f83baf5732ffbf88b9a448a3d9ab9fa270f7495fe44d1559c1ac49795a30881a,h5_fold3_fully_nested_v1
3,2021-03-19,2021-03-24,component_subtrain,True,,2022-07-21,2022-10-27,2023-02-20,6ed147cd585e5e8083292683f9be3cf585e97e4d46fa0e3224d24a4e2b42cbbb,f83baf5732ffbf88b9a448a3d9ab9fa270f7495fe44d1559c1ac49795a30881a,h5_fold3_fully_nested_v1
3,2021-03-20,2021-03-25,component_subtrain,True,,2022-07-21,2022-10-27,2023-02-20,6ed147cd585e5e8083292683f9be3cf585e97e4d46fa0e3224d24a4e2b42cbbb,f83baf5732ffbf88b9a448a3d9ab9fa270f7495fe44d1559c1ac49795a30881a,h5_fold3_fully_nested_v1
3,2021-03-21,2021-03-26,component_subtrain,True,,2022-07-21,2022-10-27,2023-02-20,6ed147cd585e5e8083292683f9be3cf585e97e4d46fa0e3224d24a4e2b42cbbb,f83baf5732ffbf88b9a448a3d9ab9fa270f7495fe44d1559c1ac49795a30881a,h5_fold3_fully_nested_v1
3,2021-03-22,2021-03-27,component_subtrain,True,,2022-07-21,2022-10-27,2023-02-20,6ed147cd585e5e8083292683f9be3cf585e97e4d46fa0e3224d24a4e2b42cbbb,f83baf5732ffbf88b9a448a3d9ab9fa270f7495fe44d1559c1ac49795a30881a,h5_fold3_fully_nested_v1
3,2021-03-23,2021-03-28,component_subtrain,True,,2022-07-21,2022-10-27,2023-02-20,6ed147cd585e5e8083292683f9be3cf585e97e4d46fa0e3224d24a4e2b42cbbb,f83baf5732ffbf88b9a448a3d9ab9fa270f7495fe44d1559c1ac49795a30881a,h5_fold3_fully_nested_v1
3,2021-03-24,2021-03-29,component_subtrain,True,,2022-07-21,2022-10-27,2023-02-20,6ed147cd585e5e8083292683f9be3cf585e97e4d46fa0e3224d24a4e2b42cbbb,f83baf5732ffbf88b9a448a3d9ab9fa270f7495fe44d1559c1ac49795a30881a,h5_fold3_fully_nested_v1
3,2021-03-25,2021-03-30,component_subtrain,True,,2022-07-21,2022-10-27,2023-02-20,6ed147cd585e5e8083292683f9be3cf585e97e4d46fa0e3224d24a4e2b42cbbb,f83baf5732ffbf88b9a448a3d9ab9fa270f7495fe44d1559c1ac49795a30881a,h5_fold3_fully_nested_v1
3,2021-03-26,2021-03-31,component_subtrain,True,,2022-07-21,2022-10-27,2023-02-20,6ed147cd585e5e8083292683f9be3cf585e97e4d46fa0e3224d24a4e2b42cbbb,f83baf5732ffbf88b9a448a3d9ab9fa270f7495fe44d1559c1ac49795a30881a,h5_fold3_fully_nested_v1
3,2021-03-27,2021-04-01,component_subtrain,True,,2022-07-21,2022-10-27,2023-02-20,6ed147cd585e5e8083292683f9be3cf585e97e4d46fa0e3224d24a4e2b42cbbb,f83baf5732ffbf88b9a448a3d9ab9fa270f7495fe44d1559c1ac49795a30881a,h5_fold3_fully_nested_v1
3,2021-03-28,2021-04-02,component_subtrain,True,,2022-07-21,2022-10-27,2023-02-20,6ed147cd585e5e8083292683f9be3cf585e97e4d46fa0e3224d24a4e2b42cbbb,f83baf5732ffbf88b9a448a3d9ab9fa270f7495fe44d1559c1ac49795a30881a,h5_fold3_fully_nested_v1
3,2021-03-29,2021-04-03,component_subtrain,True,,2022-07-21,2022-10-27,2023-02-20,6ed147cd585e5e8083292683f9be3cf585e97e4d46fa0e3224d24a4e2b42cbbb,f83baf5732ffbf88b9a448a3d9ab9fa270f7495fe44d1559c1ac49795a30881a,h5_fold3_fully_nested_v1
3,2021-03-30,2021-04-04,component_subtrain,True,,2022-07-21,2022-10-27,2023-02-20,6ed147cd585e5e8083292683f9be3cf585e97e4d46fa0e3224d24a4e2b42cbbb,f83baf5732ffbf88b9a448a3d9ab9fa270f7495fe44d1559c1ac49795a30881a,h5_fold3_fully_nested_v1
3,2021-03-31,2021-04-05,component_subtrain,True,,2022-07-21,2022-10-27,2023-02-20,6ed147cd585e5e8083292683f9be3cf585e97e4d46fa0e3224d24a4e2b42cbbb,f83baf5732ffbf88b9a448a3d9ab9fa270f7495fe44d1559c1ac49795a30881a,h5_fold3_fully_nested_v1
3,2021-04-01,2021-04-06,component_subtrain,True,,2022-07-21,2022-10-27,2023-02-20,6ed147cd585e5e8083292683f9be3cf585e97e4d46fa0e3224d24a4e2b42cbbb,f83baf5732ffbf88b9a448a3d9ab9fa270f7495fe44d1559c1ac49795a30881a,h5_fold3_fully_nested_v1
3,2021-04-02,2021-04-07,component_subtrain,True,,2022-07-21,2022-10-27,2023-02-20,6ed147cd585e5e8083292683f9be3cf585e97e4d46fa0e3224d24a4e2b42cbbb,f83baf5732ffbf88b9a448a3d9ab9fa270f7495fe44d1559c1ac49795a30881a,h5_fold3_fully_nested_v1
3,2021-04-03,2021-04-08,component_subtrain,True,,2022-07-21,2022-10-27,2023-02-20,6ed147cd585e5e8083292683f9be3cf585e97e4d46fa0e3224d24a4e2b42cbbb,f83baf5732ffbf88b9a448a3d9ab9fa270f7495fe44d1559c1ac49795a30881a,h5_fold3_fully_nested_v1
3,2021-04-04,2021-04-09,component_subtrain,True,,2022-07-21,2022-10-27,2023-02-20,6ed147cd585e5e8083292683f9be3cf585e97e4d46fa0e3224d24a4e2b42cbbb,f83baf5732ffbf88b9a448a3d9ab9fa270f7495fe44d1559c1ac49795a30881a,h5_fold3_fully_nested_v1
3,2021-04-05,2021-04-10,component_subtrain,True,,2022-07-21,2022-10-27,2023-02-20,6ed147cd585e5e8083292683f9be3cf585e97e4d46fa0e3224d24a4e2b42cbbb,f83baf5732ffbf88b9a448a3d9ab9fa270f7495fe44d1559c1ac49795a30881a,h5_fold3_fully_nested_v1
3,2021-04-06,2021-04-11,component_subtrain,True,,2022-07-21,2022-10-27,2023-02-20,6ed147cd585e5e8083292683f9be3cf585e97e4d46fa0e3224d24a4e2b42cbbb,f83baf5732ffbf88b9a448a3d9ab9fa270f7495fe44d1559c1ac49795a30881a,h5_fold3_fully_nested_v1
3,2021-04-07,2021-04-12,component_subtrain,True,,2022-07-21,2022-10-27,2023-02-20,6ed147cd585e5e8083292683f9be3cf585e97e4d46fa0e3224d24a4e2b42cbbb,f83baf5732ffbf88b9a448a3d9ab9fa270f7495fe44d1559c1ac49795a30881a,h5_fold3_fully_nested_v1
3,2021-04-08,2021-04-13,component_subtrain,True,,2022-07-21,2022-10-27,2023-02-20,6ed147cd585e5e8083292683f9be3cf585e97e4d46fa0e3224d24a4e2b42cbbb,f83baf5732ffbf88b9a448a3d9ab9fa270f7495fe44d1559c1ac49795a30881a,h5_fold3_fully_nested_v1
3,2021-04-09,2021-04-14,component_subtrain,True,,2022-07-21,2022-10-27,2023-02-20,6ed147cd585e5e8083292683f9be3cf585e97e4d46fa0e3224d24a4e2b42cbbb,f83baf5732ffbf88b9a448a3d9ab9fa270f7495fe44d1559c1ac49795a30881a,h5_fold3_fully_nested_v1
3,2021-04-10,2021-04-15,component_subtrain,True,,2022-07-21,2022-10-27,2023-02-20,6ed147cd585e5e8083292683f9be3cf585e97e4d46fa0e3224d24a4e2b42cbbb,f83baf5732ffbf88b9a448a3d9ab9fa270f7495fe44d1559c1ac49795a30881a,h5_fold3_fully_nested_v1
3,2021-04-11,2021-04-16,component_subtrain,True,,2022-07-21,2022-10-27,2023-02-20,6ed147cd585e5e8083292683f9be3cf585e97e4d46fa0e3224d24a4e2b42cbbb,f83baf5732ffbf88b9a448a3d9ab9fa270f7495fe44d1559c1ac49795a30881a,h5_fold3_fully_nested_v1
3,2021-04-12,2021-04-17,component_subtrain,True,,2022-07-21,2022-10-27,2023-02-20,6ed147cd585e5e8083292683f9be3cf585e97e4d46fa0e3224d24a4e2b42cbbb,f83baf5732ffbf88b9a448a3d9ab9fa270f7495fe44d1559c1ac49795a30881a,h5_fold3_fully_nested_v1
3,2021-04-13,2021-04-18,component_subtrain,True,,2022-07-21,2022-10-27,2023-02-20,6ed147cd585e5e8083292683f9be3cf585e97e4d46fa0e3224d24a4e2b42cbbb,f83baf5732ffbf88b9a448a3d9ab9fa270f7495fe44d1559c1ac49795a30881a,h5_fold3_fully_nested_v1
3,2021-04-14,2021-04-19,component_subtrain,True,,2022-07-21,2022-10-27,2023-02-20,6ed147cd585e5e8083292683f9be3cf585e97e4d46fa0e3224d24a4e2b42cbbb,f83baf5732ffbf88b9a448a3d9ab9fa270f7495fe44d1559c1ac49795a30881a,h5_fold3_fully_nested_v1
3,2021-04-15,2021-04-20,component_subtrain,True,,2022-07-21,2022-10-27,2023-02-20,6ed147cd585e5e8083292683f9be3cf585e97e4d46fa0e3224d24a4e2b42cbbb,f83baf5732ffbf88b9a448a3d9ab9fa270f7495fe44d1559c1ac49795a30881a,h5_fold3_fully_nested_v1
3,2021-04-16,2021-04-21,component_subtrain,True,,2022-07-21,2022-10-27,2023-02-20,6ed147cd585e5e8083292683f9be3cf585e97e4d46fa0e3224d24a4e2b42cbbb,f83baf5732ffbf88b9a448a3d9ab9fa270f7495fe44d1559c1ac49795a30881a,h5_fold3_fully_nested_v1
3,2021-04-17,2021-04-22,component_subtrain,True,,2022-07-21,2022-10-27,2023-02-20,6ed147cd585e5e8083292683f9be3cf585e97e4d46fa0e3224d24a4e2b42cbbb,f83baf5732ffbf88b9a448a3d9ab9fa270f7495fe44d1559c1ac49795a30881a,h5_fold3_fully_nested_v1
3,2021-04-18,2021-04-23,component_subtrain,True,,2022-07-21,2022-10-27,2023-02-20,6ed147cd585e5e8083292683f9be3cf585e97e4d46fa0e3224d24a4e2b42cbbb,f83baf5732ffbf88b9a448a3d9ab9fa270f7495fe44d1559c1ac49795a30881a,h5_fold3_fully_nested_v1
3,2021-04-19,2021-04-24,component_subtrain,True,,2022-07-21,2022-10-27,2023-02-20,6ed147cd585e5e8083292683f9be3cf585e97e4d46fa0e3224d24a4e2b42cbbb,f83baf5732ffbf88b9a448a3d9ab9fa270f7495fe44d1559c1ac49795a30881a,h5_fold3_fully_nested_v1
3,2021-04-20,2021-04-25,component_subtrain,True,,2022-07-21,2022-10-27,2023-02-20,6ed147cd585e5e8083292683f9be3cf585e97e4d46fa0e3224d24a4e2b42cbbb,f83baf5732ffbf88b9a448a3d9ab9fa270f7495fe44d1559c1ac49795a30881a,h5_fold3_fully_nested_v1
3,2021-04-21,2021-04-26,component_subtrain,True,,2022-07-21,2022-10-27,2023-02-20,6ed147cd585e5e8083292683f9be3cf585e97e4d46fa0e3224d24a4e2b42cbbb,f83baf5732ffbf88b9a448a3d9ab9fa270f7495fe44d1559c1ac49795a30881a,h5_fold3_fully_nested_v1
3,2021-04-22,2021-04-27,component_subtrain,True,,2022-07-21,2022-10-27,2023-02-20,6ed147cd585e5e8083292683f9be3cf585e97e4d46fa0e3224d24a4e2b42cbbb,f83baf5732ffbf88b9a448a3d9ab9fa270f7495fe44d1559c1ac49795a30881a,h5_fold3_fully_nested_v1
3,2021-04-23,2021-04-28,component_subtrain,True,,2022-07-21,2022-10-27,2023-02-20,6ed147cd585e5e8083292683f9be3cf585e97e4d46fa0e3224d24a4e2b42cbbb,f83baf5732ffbf88b9a448a3d9ab9fa270f7495fe44d1559c1ac49795a30881a,h5_fold3_fully_nested_v1
3,2021-04-24,2021-04-29,component_subtrain,True,,2022-07-21,2022-10-27,2023-02-20,6ed147cd585e5e8083292683f9be3cf585e97e4d46fa0e3224d24a4e2b42cbbb,f83baf5732ffbf88b9a448a3d9ab9fa270f7495fe44d1559c1ac49795a30881a,h5_fold3_fully_nested_v1
3,2021-04-25,2021-04-30,component_subtrain,True,,2022-07-21,2022-10-27,2023-02-20,6ed147cd585e5e8083292683f9be3cf585e97e4d46fa0e3224d24a4e2b42cbbb,f83baf5732ffbf88b9a448a3d9ab9fa270f7495fe44d1559c1ac49795a30881a,h5_fold3_fully_nested_v1
3,2021-04-26,2021-05-01,component_subtrain,True,,2022-07-21,2022-10-27,2023-02-20,6ed147cd585e5e8083292683f9be3cf585e97e4d46fa0e3224d24a4e2b42cbbb,f83baf5732ffbf88b9a448a3d9ab9fa270f7495fe44d1559c1ac49795a30881a,h5_fold3_fully_nested_v1
3,2021-04-27,2021-05-02,component_subtrain,True,,2022-07-21,2022-10-27,2023-02-20,6ed147cd585e5e8083292683f9be3cf585e97e4d46fa0e3224d24a4e2b42cbbb,f83baf5732ffbf88b9a448a3d9ab9fa270f7495fe44d1559c1ac49795a30881a,h5_fold3_fully_nested_v1
3,2021-04-28,2021-05-03,component_subtrain,True,,2022-07-21,2022-10-27,2023-02-20,6ed147cd585e5e8083292683f9be3cf585e97e4d46fa0e3224d24a4e2b42cbbb,f83baf5732ffbf88b9a448a3d9ab9fa270f7495fe44d1559c1ac49795a30881a,h5_fold3_fully_nested_v1
3,2021-04-29,2021-05-04,component_subtrain,True,,2022-07-21,2022-10-27,2023-02-20,6ed147cd585e5e8083292683f9be3cf585e97e4d46fa0e3224d24a4e2b42cbbb,f83baf5732ffbf88b9a448a3d9ab9fa270f7495fe44d1559c1ac49795a30881a,h5_fold3_fully_nested_v1
3,2021-04-30,2021-05-05,component_subtrain,True,,2022-07-21,2022-10-27,2023-02-20,6ed147cd585e5e8083292683f9be3cf585e97e4d46fa0e3224d24a4e2b42cbbb,f83baf5732ffbf88b9a448a3d9ab9fa270f7495fe44d1559c1ac49795a30881a,h5_fold3_fully_nested_v1
3,2021-05-01,2021-05-06,component_subtrain,True,,2022-07-21,2022-10-27,2023-02-20,6ed147cd585e5e8083292683f9be3cf585e97e4d46fa0e3224d24a4e2b42cbbb,f83baf5732ffbf88b9a448a3d9ab9fa270f7495fe44d1559c1ac49795a30881a,h5_fold3_fully_nested_v1
3,2021-05-02,2021-05-07,component_subtrain,True,,2022-07-21,2022-10-27,2023-02-20,6ed147cd585e5e8083292683f9be3cf585e97e4d46fa0e3224d24a4e2b42cbbb,f83baf5732ffbf88b9a448a3d9ab9fa270f7495fe44d1559c1ac49795a30881a,h5_fold3_fully_nested_v1
3,2021-05-03,2021-05-08,component_subtrain,True,,2022-07-21,2022-10-27,2023-02-20,6ed147cd585e5e8083292683f9be3cf585e97e4d46fa0e3224d24a4e2b42cbbb,f83baf5732ffbf88b9a448a3d9ab9fa270f7495fe44d1559c1ac49795a30881a,h5_fold3_fully_nested_v1
3,2021-05-04,2021-05-09,component_subtrain,True,,2022-07-21,2022-10-27,2023-02-20,6ed147cd585e5e8083292683f9be3cf585e97e4d46fa0e3224d24a4e2b42cbbb,f83baf5732ffbf88b9a448a3d9ab9fa270f7495fe44d1559c1ac49795a30881a,h5_fold3_fully_nested_v1
3,2021-05-05,2021-05-10,component_subtrain,True,,2022-07-21,2022-10-27,2023-02-20,6ed147cd585e5e8083292683f9be3cf585e97e4d46fa0e3224d24a4e2b42cbbb,f83baf5732ffbf88b9a448a3d9ab9fa270f7495fe44d1559c1ac49795a30881a,h5_fold3_fully_nested_v1
3,2021-05-06,2021-05-11,component_subtrain,True,,2022-07-21,2022-10-27,2023-02-20,6ed147cd585e5e8083292683f9be3cf585e97e4d46fa0e3224d24a4e2b42cbbb,f83baf5732ffbf88b9a448a3d9ab9fa270f7495fe44d1559c1ac49795a30881a,h5_fold3_fully_nested_v1
3,2021-05-07,2021-05-12,component_subtrain,True,,2022-07-21,2022-10-27,2023-02-20,6ed147cd585e5e8083292683f9be3cf585e97e4d46fa0e3224d24a4e2b42cbbb,f83baf5732ffbf88b9a448a3d9ab9fa270f7495fe44d1559c1ac49795a30881a,h5_fold3_fully_nested_v1
3,2021-05-08,2021-05-13,component_subtrain,True,,2022-07-21,2022-10-27,2023-02-20,6ed147cd585e5e8083292683f9be3cf585e97e4d46fa0e3224d24a4e2b42cbbb,f83baf5732ffbf88b9a448a3d9ab9fa270f7495fe44d1559c1ac49795a30881a,h5_fold3_fully_nested_v1
3,2021-05-09,2021-05-14,component_subtrain,True,,2022-07-21,2022-10-27,2023-02-20,6ed147cd585e5e8083292683f9be3cf585e97e4d46fa0e3224d24a4e2b42cbbb,f83baf5732ffbf88b9a448a3d9ab9fa270f7495fe44d1559c1ac49795a30881a,h5_fold3_fully_nested_v1
3,2021-05-10,2021-05-15,component_subtrain,True,,2022-07-21,2022-10-27,2023-02-20,6ed147cd585e5e8083292683f9be3cf585e97e4d46fa0e3224d24a4e2b42cbbb,f83baf5732ffbf88b9a448a3d9ab9fa270f7495fe44d1559c1ac49795a30881a,h5_fold3_fully_nested_v1
3,2021-05-11,2021-05-16,component_subtrain,True,,2022-07-21,2022-10-27,2023-02-20,6ed147cd585e5e8083292683f9be3cf585e97e4d46fa0e3224d24a4e2b42cbbb,f83baf5732ffbf88b9a448a3d9ab9fa270f7495fe44d1559c1ac49795a30881a,h5_fold3_fully_nested_v1
3,2021-05-12,2021-05-17,component_subtrain,True,,2022-07-21,2022-10-27,2023-02-20,6ed147cd585e5e8083292683f9be3cf585e97e4d46fa0e3224d24a4e2b42cbbb,f83baf5732ffbf88b9a448a3d9ab9fa270f7495fe44d1559c1ac49795a30881a,h5_fold3_fully_nested_v1
3,2021-05-13,2021-05-18,component_subtrain,True,,2022-07-21,2022-10-27,2023-02-20,6ed147cd585e5e8083292683f9be3cf585e97e4d46fa0e3224d24a4e2b42cbbb,f83baf5732ffbf88b9a448a3d9ab9fa270f7495fe44d1559c1ac49795a30881a,h5_fold3_fully_nested_v1
3,2021-05-14,2021-05-19,component_subtrain,True,,2022-07-21,2022-10-27,2023-02-20,6ed147cd585e5e8083292683f9be3cf585e97e4d46fa0e3224d24a4e2b42cbbb,f83baf5732ffbf88b9a448a3d9ab9fa270f7495fe44d1559c1ac49795a30881a,h5_fold3_fully_nested_v1
3,2021-05-15,2021-05-20,component_subtrain,True,,2022-07-21,2022-10-27,2023-02-20,6ed147cd585e5e8083292683f9be3cf585e97e4d46fa0e3224d24a4e2b42cbbb,f83baf5732ffbf88b9a448a3d9ab9fa270f7495fe44d1559c1ac49795a30881a,h5_fold3_fully_nested_v1
3,2021-05-16,2021-05-21,component_subtrain,True,,2022-07-21,2022-10-27,2023-02-20,6ed147cd585e5e8083292683f9be3cf585e97e4d46fa0e3224d24a4e2b42cbbb,f83baf5732ffbf88b9a448a3d9ab9fa270f7495fe44d1559c1ac49795a30881a,h5_fold3_fully_nested_v1
3,2021-05-17,2021-05-22,component_subtrain,True,,2022-07-21,2022-10-27,2023-02-20,6ed147cd585e5e8083292683f9be3cf585e97e4d46fa0e3224d24a4e2b42cbbb,f83baf5732ffbf88b9a448a3d9ab9fa270f7495fe44d1559c1ac49795a30881a,h5_fold3_fully_nested_v1
3,2021-05-18,2021-05-23,component_subtrain,True,,2022-07-21,2022-10-27,2023-02-20,6ed147cd585e5e8083292683f9be3cf585e97e4d46fa0e3224d24a4e2b42cbbb,f83baf5732ffbf88b9a448a3d9ab9fa270f7495fe44d1559c1ac49795a30881a,h5_fold3_fully_nested_v1
3,2021-05-19,2021-05-24,component_subtrain,True,,2022-07-21,2022-10-27,2023-02-20,6ed147cd585e5e8083292683f9be3cf585e97e4d46fa0e3224d24a4e2b42cbbb,f83baf5732ffbf88b9a448a3d9ab9fa270f7495fe44d1559c1ac49795a30881a,h5_fold3_fully_nested_v1
3,2021-05-20,2021-05-25,component_subtrain,True,,2022-07-21,2022-10-27,2023-02-20,6ed147cd585e5e8083292683f9be3cf585e97e4d46fa0e3224d24a4e2b42cbbb,f83baf5732ffbf88b9a448a3d9ab9fa270f7495fe44d1559c1ac49795a30881a,h5_fold3_fully_nested_v1
3,2021-05-21,2021-05-26,component_subtrain,True,,2022-07-21,2022-10-27,2023-02-20,6ed147cd585e5e8083292683f9be3cf585e97e4d46fa0e3224d24a4e2b42cbbb,f83baf5732ffbf88b9a448a3d9ab9fa270f7495fe44d1559c1ac49795a30881a,h5_fold3_fully_nested_v1
3,2021-05-22,2021-05-27,component_subtrain,True,,2022-07-21,2022-10-27,2023-02-20,6ed147cd585e5e8083292683f9be3cf585e97e4d46fa0e3224d24a4e2b42cbbb,f83baf5732ffbf88b9a448a3d9ab9fa270f7495fe44d1559c1ac49795a30881a,h5_fold3_fully_nested_v1
3,2021-05-23,2021-05-28,component_subtrain,True,,2022-07-21,2022-10-27,2023-02-20,6ed147cd585e5e8083292683f9be3cf585e97e4d46fa0e3224d24a4e2b42cbbb,f83baf5732ffbf88b9a448a3d9ab9fa270f7495fe44d1559c1ac49795a30881a,h5_fold3_fully_nested_v1
3,2021-05-24,2021-05-29,component_subtrain,True,,2022-07-21,2022-10-27,2023-02-20,6ed147cd585e5e8083292683f9be3cf585e97e4d46fa0e3224d24a4e2b42cbbb,f83baf5732ffbf88b9a448a3d9ab9fa270f7495fe44d1559c1ac49795a30881a,h5_fold3_fully_nested_v1
3,2021-05-25,2021-05-30,component_subtrain,True,,2022-07-21,2022-10-27,2023-02-20,6ed147cd585e5e8083292683f9be3cf585e97e4d46fa0e3224d24a4e2b42cbbb,f83baf5732ffbf88b9a448a3d9ab9fa270f7495fe44d1559c1ac49795a30881a,h5_fold3_fully_nested_v1
3,2021-05-26,2021-05-31,component_subtrain,True,,2022-07-21,2022-10-27,2023-02-20,6ed147cd585e5e8083292683f9be3cf585e97e4d46fa0e3224d24a4e2b42cbbb,f83baf5732ffbf88b9a448a3d9ab9fa270f7495fe44d1559c1ac49795a30881a,h5_fold3_fully_nested_v1
3,2021-05-27,2021-06-01,component_subtrain,True,,2022-07-21,2022-10-27,2023-02-20,6ed147cd585e5e8083292683f9be3cf585e97e4d46fa0e3224d24a4e2b42cbbb,f83baf5732ffbf88b9a448a3d9ab9fa270f7495fe44d1559c1ac49795a30881a,h5_fold3_fully_nested_v1
3,2021-05-28,2021-06-02,component_subtrain,True,,2022-07-21,2022-10-27,2023-02-20,6ed147cd585e5e8083292683f9be3cf585e97e4d46fa0e3224d24a4e2b42cbbb,f83baf5732ffbf88b9a448a3d9ab9fa270f7495fe44d1559c1ac49795a30881a,h5_fold3_fully_nested_v1
3,2021-05-29,2021-06-03,component_subtrain,True,,2022-07-21,2022-10-27,2023-02-20,6ed147cd585e5e8083292683f9be3cf585e97e4d46fa0e3224d24a4e2b42cbbb,f83baf5732ffbf88b9a448a3d9ab9fa270f7495fe44d1559c1ac49795a30881a,h5_fold3_fully_nested_v1
3,2021-05-30,2021-06-04,component_subtrain,True,,2022-07-21,2022-10-27,2023-02-20,6ed147cd585e5e8083292683f9be3cf585e97e4d46fa0e3224d24a4e2b42cbbb,f83baf5732ffbf88b9a448a3d9ab9fa270f7495fe44d1559c1ac49795a30881a,h5_fold3_fully_nested_v1
3,2021-05-31,2021-06-05,component_subtrain,True,,2022-07-21,2022-10-27,2023-02-20,6ed147cd585e5e8083292683f9be3cf585e97e4d46fa0e3224d24a4e2b42cbbb,f83baf5732ffbf88b9a448a3d9ab9fa270f7495fe44d1559c1ac49795a30881a,h5_fold3_fully_nested_v1
3,2021-06-01,2021-06-06,component_subtrain,True,,2022-07-21,2022-10-27,2023-02-20,6ed147cd585e5e8083292683f9be3cf585e97e4d46fa0e3224d24a4e2b42cbbb,f83baf5732ffbf88b9a448a3d9ab9fa270f7495fe44d1559c1ac49795a30881a,h5_fold3_fully_nested_v1
3,2021-06-02,2021-06-07,component_subtrain,True,,2022-07-21,2022-10-27,2023-02-20,6ed147cd585e5e8083292683f9be3cf585e97e4d46fa0e3224d24a4e2b42cbbb,f83baf5732ffbf88b9a448a3d9ab9fa270f7495fe44d1559c1ac49795a30881a,h5_fold3_fully_nested_v1
3,2021-06-03,2021-06-08,component_subtrain,True,,2022-07-21,2022-10-27,2023-02-20,6ed147cd585e5e8083292683f9be3cf585e97e4d46fa0e3224d24a4e2b42cbbb,f83baf5732ffbf88b9a448a3d9ab9fa270f7495fe44d1559c1ac49795a30881a,h5_fold3_fully_nested_v1
3,2021-06-04,2021-06-09,component_subtrain,True,,2022-07-21,2022-10-27,2023-02-20,6ed147cd585e5e8083292683f9be3cf585e97e4d46fa0e3224d24a4e2b42cbbb,f83baf5732ffbf88b9a448a3d9ab9fa270f7495fe44d1559c1ac49795a30881a,h5_fold3_fully_nested_v1
3,2021-06-05,2021-06-10,component_subtrain,True,,2022-07-21,2022-10-27,2023-02-20,6ed147cd585e5e8083292683f9be3cf585e97e4d46fa0e3224d24a4e2b42cbbb,f83baf5732ffbf88b9a448a3d9ab9fa270f7495fe44d1559c1ac49795a30881a,h5_fold3_fully_nested_v1
3,2021-06-06,2021-06-11,component_subtrain,True,,2022-07-21,2022-10-27,2023-02-20,6ed147cd585e5e8083292683f9be3cf585e97e4d46fa0e3224d24a4e2b42cbbb,f83baf5732ffbf88b9a448a3d9ab9fa270f7495fe44d1559c1ac49795a30881a,h5_fold3_fully_nested_v1
3,2021-06-07,2021-06-12,component_subtrain,True,,2022-07-21,2022-10-27,2023-02-20,6ed147cd585e5e8083292683f9be3cf585e97e4d46fa0e3224d24a4e2b42cbbb,f83baf5732ffbf88b9a448a3d9ab9fa270f7495fe44d1559c1ac49795a30881a,h5_fold3_fully_nested_v1
3,2021-06-08,2021-06-13,component_subtrain,True,,2022-07-21,2022-10-27,2023-02-20,6ed147cd585e5e8083292683f9be3cf585e97e4d46fa0e3224d24a4e2b42cbbb,f83baf5732ffbf88b9a448a3d9ab9fa270f7495fe44d1559c1ac49795a30881a,h5_fold3_fully_nested_v1
3,2021-06-09,2021-06-14,component_subtrain,True,,2022-07-21,2022-10-27,2023-02-20,6ed147cd585e5e8083292683f9be3cf585e97e4d46fa0e3224d24a4e2b42cbbb,f83baf5732ffbf88b9a448a3d9ab9fa270f7495fe44d1559c1ac49795a30881a,h5_fold3_fully_nested_v1
3,2021-06-10,2021-06-15,component_subtrain,True,,2022-07-21,2022-10-27,2023-02-20,6ed147cd585e5e8083292683f9be3cf585e97e4d46fa0e3224d24a4e2b42cbbb,f83baf5732ffbf88b9a448a3d9ab9fa270f7495fe44d1559c1ac49795a30881a,h5_fold3_fully_nested_v1
3,2021-06-11,2021-06-16,component_subtrain,True,,2022-07-21,2022-10-27,2023-02-20,6ed147cd585e5e8083292683f9be3cf585e97e4d46fa0e3224d24a4e2b42cbbb,f83baf5732ffbf88b9a448a3d9ab9fa270f7495fe44d1559c1ac49795a30881a,h5_fold3_fully_nested_v1
3,2021-06-12,2021-06-17,component_subtrain,True,,2022-07-21,2022-10-27,2023-02-20,6ed147cd585e5e8083292683f9be3cf585e97e4d46fa0e3224d24a4e2b42cbbb,f83baf5732ffbf88b9a448a3d9ab9fa270f7495fe44d1559c1ac49795a30881a,h5_fold3_fully_nested_v1
3,2021-06-13,2021-06-18,component_subtrain,True,,2022-07-21,2022-10-27,2023-02-20,6ed147cd585e5e8083292683f9be3cf585e97e4d46fa0e3224d24a4e2b42cbbb,f83baf5732ffbf88b9a448a3d9ab9fa270f7495fe44d1559c1ac49795a30881a,h5_fold3_fully_nested_v1
3,2021-06-14,2021-06-19,component_subtrain,True,,2022-07-21,2022-10-27,2023-02-20,6ed147cd585e5e8083292683f9be3cf585e97e4d46fa0e3224d24a4e2b42cbbb,f83baf5732ffbf88b9a448a3d9ab9fa270f7495fe44d1559c1ac49795a30881a,h5_fold3_fully_nested_v1
3,2021-06-15,2021-06-20,component_subtrain,True,,2022-07-21,2022-10-27,2023-02-20,6ed147cd585e5e8083292683f9be3cf585e97e4d46fa0e3224d24a4e2b42cbbb,f83baf5732ffbf88b9a448a3d9ab9fa270f7495fe44d1559c1ac49795a30881a,h5_fold3_fully_nested_v1
3,2021-06-16,2021-06-21,component_subtrain,True,,2022-07-21,2022-10-27,2023-02-20,6ed147cd585e5e8083292683f9be3cf585e97e4d46fa0e3224d24a4e2b42cbbb,f83baf5732ffbf88b9a448a3d9ab9fa270f7495fe44d1559c1ac49795a30881a,h5_fold3_fully_nested_v1
3,2021-06-17,2021-06-22,component_subtrain,True,,2022-07-21,2022-10-27,2023-02-20,6ed147cd585e5e8083292683f9be3cf585e97e4d46fa0e3224d24a4e2b42cbbb,f83baf5732ffbf88b9a448a3d9ab9fa270f7495fe44d1559c1ac49795a30881a,h5_fold3_fully_nested_v1
3,2021-06-18,2021-06-23,component_subtrain,True,,2022-07-21,2022-10-27,2023-02-20,6ed147cd585e5e8083292683f9be3cf585e97e4d46fa0e3224d24a4e2b42cbbb,f83baf5732ffbf88b9a448a3d9ab9fa270f7495fe44d1559c1ac49795a30881a,h5_fold3_fully_nested_v1
3,2021-06-19,2021-06-24,component_subtrain,True,,2022-07-21,2022-10-27,2023-02-20,6ed147cd585e5e8083292683f9be3cf585e97e4d46fa0e3224d24a4e2b42cbbb,f83baf5732ffbf88b9a448a3d9ab9fa270f7495fe44d1559c1ac49795a30881a,h5_fold3_fully_nested_v1
3,2021-06-20,2021-06-25,component_subtrain,True,,2022-07-21,2022-10-27,2023-02-20,6ed147cd585e5e8083292683f9be3cf585e97e4d46fa0e3224d24a4e2b42cbbb,f83baf5732ffbf88b9a448a3d9ab9fa270f7495fe44d1559c1ac49795a30881a,h5_fold3_fully_nested_v1
3,2021-06-21,2021-06-26,component_subtrain,True,,2022-07-21,2022-10-27,2023-02-20,6ed147cd585e5e8083292683f9be3cf585e97e4d46fa0e3224d24a4e2b42cbbb,f83baf5732ffbf88b9a448a3d9ab9fa270f7495fe44d1559c1ac49795a30881a,h5_fold3_fully_nested_v1
3,2021-06-22,2021-06-27,component_subtrain,True,,2022-07-21,2022-10-27,2023-02-20,6ed147cd585e5e8083292683f9be3cf585e97e4d46fa0e3224d24a4e2b42cbbb,f83baf5732ffbf88b9a448a3d9ab9fa270f7495fe44d1559c1ac49795a30881a,h5_fold3_fully_nested_v1
3,2021-06-23,2021-06-28,component_subtrain,True,,2022-07-21,2022-10-27,2023-02-20,6ed147cd585e5e8083292683f9be3cf585e97e4d46fa0e3224d24a4e2b42cbbb,f83baf5732ffbf88b9a448a3d9ab9fa270f7495fe44d1559c1ac49795a30881a,h5_fold3_fully_nested_v1
3,2021-06-24,2021-06-29,component_subtrain,True,,2022-07-21,2022-10-27,2023-02-20,6ed147cd585e5e8083292683f9be3cf585e97e4d46fa0e3224d24a4e2b42cbbb,f83baf5732ffbf88b9a448a3d9ab9fa270f7495fe44d1559c1ac49795a30881a,h5_fold3_fully_nested_v1
3,2021-06-25,2021-06-30,component_subtrain,True,,2022-07-21,2022-10-27,2023-02-20,6ed147cd585e5e8083292683f9be3cf585e97e4d46fa0e3224d24a4e2b42cbbb,f83baf5732ffbf88b9a448a3d9ab9fa270f7495fe44d1559c1ac49795a30881a,h5_fold3_fully_nested_v1
3,2021-06-26,2021-07-01,component_subtrain,True,,2022-07-21,2022-10-27,2023-02-20,6ed147cd585e5e8083292683f9be3cf585e97e4d46fa0e3224d24a4e2b42cbbb,f83baf5732ffbf88b9a448a3d9ab9fa270f7495fe44d1559c1ac49795a30881a,h5_fold3_fully_nested_v1
3,2021-06-27,2021-07-02,component_subtrain,True,,2022-07-21,2022-10-27,2023-02-20,6ed147cd585e5e8083292683f9be3cf585e97e4d46fa0e3224d24a4e2b42cbbb,f83baf5732ffbf88b9a448a3d9ab9fa270f7495fe44d1559c1ac49795a30881a,h5_fold3_fully_nested_v1
3,2021-06-28,2021-07-03,component_subtrain,True,,2022-07-21,2022-10-27,2023-02-20,6ed147cd585e5e8083292683f9be3cf585e97e4d46fa0e3224d24a4e2b42cbbb,f83baf5732ffbf88b9a448a3d9ab9fa270f7495fe44d1559c1ac49795a30881a,h5_fold3_fully_nested_v1
3,2021-06-29,2021-07-04,component_subtrain,True,,2022-07-21,2022-10-27,2023-02-20,6ed147cd585e5e8083292683f9be3cf585e97e4d46fa0e3224d24a4e2b42cbbb,f83baf5732ffbf88b9a448a3d9ab9fa270f7495fe44d1559c1ac49795a30881a,h5_fold3_fully_nested_v1
3,2021-06-30,2021-07-05,component_subtrain,True,,2022-07-21,2022-10-27,2023-02-20,6ed147cd585e5e8083292683f9be3cf585e97e4d46fa0e3224d24a4e2b42cbbb,f83baf5732ffbf88b9a448a3d9ab9fa270f7495fe44d1559c1ac49795a30881a,h5_fold3_fully_nested_v1
3,2021-07-01,2021-07-06,component_subtrain,True,,2022-07-21,2022-10-27,2023-02-20,6ed147cd585e5e8083292683f9be3cf585e97e4d46fa0e3224d24a4e2b42cbbb,f83baf5732ffbf88b9a448a3d9ab9fa270f7495fe44d1559c1ac49795a30881a,h5_fold3_fully_nested_v1
3,2021-07-02,2021-07-07,component_subtrain,True,,2022-07-21,2022-10-27,2023-02-20,6ed147cd585e5e8083292683f9be3cf585e97e4d46fa0e3224d24a4e2b42cbbb,f83baf5732ffbf88b9a448a3d9ab9fa270f7495fe44d1559c1ac49795a30881a,h5_fold3_fully_nested_v1
3,2021-07-03,2021-07-08,component_subtrain,True,,2022-07-21,2022-10-27,2023-02-20,6ed147cd585e5e8083292683f9be3cf585e97e4d46fa0e3224d24a4e2b42cbbb,f83baf5732ffbf88b9a448a3d9ab9fa270f7495fe44d1559c1ac49795a30881a,h5_fold3_fully_nested_v1
3,2021-07-04,2021-07-09,component_subtrain,True,,2022-07-21,2022-10-27,2023-02-20,6ed147cd585e5e8083292683f9be3cf585e97e4d46fa0e3224d24a4e2b42cbbb,f83baf5732ffbf88b9a448a3d9ab9fa270f7495fe44d1559c1ac49795a30881a,h5_fold3_fully_nested_v1
3,2021-07-05,2021-07-10,component_subtrain,True,,2022-07-21,2022-10-27,2023-02-20,6ed147cd585e5e8083292683f9be3cf585e97e4d46fa0e3224d24a4e2b42cbbb,f83baf5732ffbf88b9a448a3d9ab9fa270f7495fe44d1559c1ac49795a30881a,h5_fold3_fully_nested_v1
3,2021-07-06,2021-07-11,component_subtrain,True,,2022-07-21,2022-10-27,2023-02-20,6ed147cd585e5e8083292683f9be3cf585e97e4d46fa0e3224d24a4e2b42cbbb,f83baf5732ffbf88b9a448a3d9ab9fa270f7495fe44d1559c1ac49795a30881a,h5_fold3_fully_nested_v1
3,2021-07-07,2021-07-12,component_subtrain,True,,2022-07-21,2022-10-27,2023-02-20,6ed147cd585e5e8083292683f9be3cf585e97e4d46fa0e3224d24a4e2b42cbbb,f83baf5732ffbf88b9a448a3d9ab9fa270f7495fe44d1559c1ac49795a30881a,h5_fold3_fully_nested_v1
3,2021-07-08,2021-07-13,component_subtrain,True,,2022-07-21,2022-10-27,2023-02-20,6ed147cd585e5e8083292683f9be3cf585e97e4d46fa0e3224d24a4e2b42cbbb,f83baf5732ffbf88b9a448a3d9ab9fa270f7495fe44d1559c1ac49795a30881a,h5_fold3_fully_nested_v1
3,2021-07-09,2021-07-14,component_subtrain,True,,2022-07-21,2022-10-27,2023-02-20,6ed147cd585e5e8083292683f9be3cf585e97e4d46fa0e3224d24a4e2b42cbbb,f83baf5732ffbf88b9a448a3d9ab9fa270f7495fe44d1559c1ac49795a30881a,h5_fold3_fully_nested_v1
3,2021-07-10,2021-07-15,component_subtrain,True,,2022-07-21,2022-10-27,2023-02-20,6ed147cd585e5e8083292683f9be3cf585e97e4d46fa0e3224d24a4e2b42cbbb,f83baf5732ffbf88b9a448a3d9ab9fa270f7495fe44d1559c1ac49795a30881a,h5_fold3_fully_nested_v1
3,2021-07-11,2021-07-16,component_subtrain,True,,2022-07-21,2022-10-27,2023-02-20,6ed147cd585e5e8083292683f9be3cf585e97e4d46fa0e3224d24a4e2b42cbbb,f83baf5732ffbf88b9a448a3d9ab9fa270f7495fe44d1559c1ac49795a30881a,h5_fold3_fully_nested_v1
3,2021-07-12,2021-07-17,component_subtrain,True,,2022-07-21,2022-10-27,2023-02-20,6ed147cd585e5e8083292683f9be3cf585e97e4d46fa0e3224d24a4e2b42cbbb,f83baf5732ffbf88b9a448a3d9ab9fa270f7495fe44d1559c1ac49795a30881a,h5_fold3_fully_nested_v1
3,2021-07-13,2021-07-18,component_subtrain,True,,2022-07-21,2022-10-27,2023-02-20,6ed147cd585e5e8083292683f9be3cf585e97e4d46fa0e3224d24a4e2b42cbbb,f83baf5732ffbf88b9a448a3d9ab9fa270f7495fe44d1559c1ac49795a30881a,h5_fold3_fully_nested_v1
3,2021-07-14,2021-07-19,component_subtrain,True,,2022-07-21,2022-10-27,2023-02-20,6ed147cd585e5e8083292683f9be3cf585e97e4d46fa0e3224d24a4e2b42cbbb,f83baf5732ffbf88b9a448a3d9ab9fa270f7495fe44d1559c1ac49795a30881a,h5_fold3_fully_nested_v1
3,2021-07-15,2021-07-20,component_subtrain,True,,2022-07-21,2022-10-27,2023-02-20,6ed147cd585e5e8083292683f9be3cf585e97e4d46fa0e3224d24a4e2b42cbbb,f83baf5732ffbf88b9a448a3d9ab9fa270f7495fe44d1559c1ac49795a30881a,h5_fold3_fully_nested_v1
3,2021-07-16,2021-07-21,component_subtrain,True,,2022-07-21,2022-10-27,2023-02-20,6ed147cd585e5e8083292683f9be3cf585e97e4d46fa0e3224d24a4e2b42cbbb,f83baf5732ffbf88b9a448a3d9ab9fa270f7495fe44d1559c1ac49795a30881a,h5_fold3_fully_nested_v1
3,2021-07-17,2021-07-22,component_subtrain,True,,2022-07-21,2022-10-27,2023-02-20,6ed147cd585e5e8083292683f9be3cf585e97e4d46fa0e3224d24a4e2b42cbbb,f83baf5732ffbf88b9a448a3d9ab9fa270f7495fe44d1559c1ac49795a30881a,h5_fold3_fully_nested_v1
3,2021-07-18,2021-07-23,component_subtrain,True,,2022-07-21,2022-10-27,2023-02-20,6ed147cd585e5e8083292683f9be3cf585e97e4d46fa0e3224d24a4e2b42cbbb,f83baf5732ffbf88b9a448a3d9ab9fa270f7495fe44d1559c1ac49795a30881a,h5_fold3_fully_nested_v1
3,2021-07-19,2021-07-24,component_subtrain,True,,2022-07-21,2022-10-27,2023-02-20,6ed147cd585e5e8083292683f9be3cf585e97e4d46fa0e3224d24a4e2b42cbbb,f83baf5732ffbf88b9a448a3d9ab9fa270f7495fe44d1559c1ac49795a30881a,h5_fold3_fully_nested_v1
3,2021-07-20,2021-07-25,component_subtrain,True,,2022-07-21,2022-10-27,2023-02-20,6ed147cd585e5e8083292683f9be3cf585e97e4d46fa0e3224d24a4e2b42cbbb,f83baf5732ffbf88b9a448a3d9ab9fa270f7495fe44d1559c1ac49795a30881a,h5_fold3_fully_nested_v1
3,2021-07-21,2021-07-26,component_subtrain,True,,2022-07-21,2022-10-27,2023-02-20,6ed147cd585e5e8083292683f9be3cf585e97e4d46fa0e3224d24a4e2b42cbbb,f83baf5732ffbf88b9a448a3d9ab9fa270f7495fe44d1559c1ac49795a30881a,h5_fold3_fully_nested_v1
3,2021-07-22,2021-07-27,component_subtrain,True,,2022-07-21,2022-10-27,2023-02-20,6ed147cd585e5e8083292683f9be3cf585e97e4d46fa0e3224d24a4e2b42cbbb,f83baf5732ffbf88b9a448a3d9ab9fa270f7495fe44d1559c1ac49795a30881a,h5_fold3_fully_nested_v1
3,2021-07-23,2021-07-28,component_subtrain,True,,2022-07-21,2022-10-27,2023-02-20,6ed147cd585e5e8083292683f9be3cf585e97e4d46fa0e3224d24a4e2b42cbbb,f83baf5732ffbf88b9a448a3d9ab9fa270f7495fe44d1559c1ac49795a30881a,h5_fold3_fully_nested_v1
3,2021-07-24,2021-07-29,component_subtrain,True,,2022-07-21,2022-10-27,2023-02-20,6ed147cd585e5e8083292683f9be3cf585e97e4d46fa0e3224d24a4e2b42cbbb,f83baf5732ffbf88b9a448a3d9ab9fa270f7495fe44d1559c1ac49795a30881a,h5_fold3_fully_nested_v1
3,2021-07-25,2021-07-30,component_subtrain,True,,2022-07-21,2022-10-27,2023-02-20,6ed147cd585e5e8083292683f9be3cf585e97e4d46fa0e3224d24a4e2b42cbbb,f83baf5732ffbf88b9a448a3d9ab9fa270f7495fe44d1559c1ac49795a30881a,h5_fold3_fully_nested_v1
3,2021-07-26,2021-07-31,component_subtrain,True,,2022-07-21,2022-10-27,2023-02-20,6ed147cd585e5e8083292683f9be3cf585e97e4d46fa0e3224d24a4e2b42cbbb,f83baf5732ffbf88b9a448a3d9ab9fa270f7495fe44d1559c1ac49795a30881a,h5_fold3_fully_nested_v1
3,2021-07-27,2021-08-01,component_subtrain,True,,2022-07-21,2022-10-27,2023-02-20,6ed147cd585e5e8083292683f9be3cf585e97e4d46fa0e3224d24a4e2b42cbbb,f83baf5732ffbf88b9a448a3d9ab9fa270f7495fe44d1559c1ac49795a30881a,h5_fold3_fully_nested_v1
3,2021-07-28,2021-08-02,component_subtrain,True,,2022-07-21,2022-10-27,2023-02-20,6ed147cd585e5e8083292683f9be3cf585e97e4d46fa0e3224d24a4e2b42cbbb,f83baf5732ffbf88b9a448a3d9ab9fa270f7495fe44d1559c1ac49795a30881a,h5_fold3_fully_nested_v1
3,2021-07-29,2021-08-03,component_subtrain,True,,2022-07-21,2022-10-27,2023-02-20,6ed147cd585e5e8083292683f9be3cf585e97e4d46fa0e3224d24a4e2b42cbbb,f83baf5732ffbf88b9a448a3d9ab9fa270f7495fe44d1559c1ac49795a30881a,h5_fold3_fully_nested_v1
3,2021-07-30,2021-08-04,component_subtrain,True,,2022-07-21,2022-10-27,2023-02-20,6ed147cd585e5e8083292683f9be3cf585e97e4d46fa0e3224d24a4e2b42cbbb,f83baf5732ffbf88b9a448a3d9ab9fa270f7495fe44d1559c1ac49795a30881a,h5_fold3_fully_nested_v1
3,2021-07-31,2021-08-05,component_subtrain,True,,2022-07-21,2022-10-27,2023-02-20,6ed147cd585e5e8083292683f9be3cf585e97e4d46fa0e3224d24a4e2b42cbbb,f83baf5732ffbf88b9a448a3d9ab9fa270f7495fe44d1559c1ac49795a30881a,h5_fold3_fully_nested_v1
3,2021-08-01,2021-08-06,component_subtrain,True,,2022-07-21,2022-10-27,2023-02-20,6ed147cd585e5e8083292683f9be3cf585e97e4d46fa0e3224d24a4e2b42cbbb,f83baf5732ffbf88b9a448a3d9ab9fa270f7495fe44d1559c1ac49795a30881a,h5_fold3_fully_nested_v1
3,2021-08-02,2021-08-07,component_subtrain,True,,2022-07-21,2022-10-27,2023-02-20,6ed147cd585e5e8083292683f9be3cf585e97e4d46fa0e3224d24a4e2b42cbbb,f83baf5732ffbf88b9a448a3d9ab9fa270f7495fe44d1559c1ac49795a30881a,h5_fold3_fully_nested_v1
3,2021-08-03,2021-08-08,component_subtrain,True,,2022-07-21,2022-10-27,2023-02-20,6ed147cd585e5e8083292683f9be3cf585e97e4d46fa0e3224d24a4e2b42cbbb,f83baf5732ffbf88b9a448a3d9ab9fa270f7495fe44d1559c1ac49795a30881a,h5_fold3_fully_nested_v1
3,2021-08-04,2021-08-09,component_subtrain,True,,2022-07-21,2022-10-27,2023-02-20,6ed147cd585e5e8083292683f9be3cf585e97e4d46fa0e3224d24a4e2b42cbbb,f83baf5732ffbf88b9a448a3d9ab9fa270f7495fe44d1559c1ac49795a30881a,h5_fold3_fully_nested_v1
3,2021-08-05,2021-08-10,component_subtrain,True,,2022-07-21,2022-10-27,2023-02-20,6ed147cd585e5e8083292683f9be3cf585e97e4d46fa0e3224d24a4e2b42cbbb,f83baf5732ffbf88b9a448a3d9ab9fa270f7495fe44d1559c1ac49795a30881a,h5_fold3_fully_nested_v1
3,2021-08-06,2021-08-11,component_subtrain,True,,2022-07-21,2022-10-27,2023-02-20,6ed147cd585e5e8083292683f9be3cf585e97e4d46fa0e3224d24a4e2b42cbbb,f83baf5732ffbf88b9a448a3d9ab9fa270f7495fe44d1559c1ac49795a30881a,h5_fold3_fully_nested_v1
3,2021-08-07,2021-08-12,component_subtrain,True,,2022-07-21,2022-10-27,2023-02-20,6ed147cd585e5e8083292683f9be3cf585e97e4d46fa0e3224d24a4e2b42cbbb,f83baf5732ffbf88b9a448a3d9ab9fa270f7495fe44d1559c1ac49795a30881a,h5_fold3_fully_nested_v1
3,2021-08-08,2021-08-13,component_subtrain,True,,2022-07-21,2022-10-27,2023-02-20,6ed147cd585e5e8083292683f9be3cf585e97e4d46fa0e3224d24a4e2b42cbbb,f83baf5732ffbf88b9a448a3d9ab9fa270f7495fe44d1559c1ac49795a30881a,h5_fold3_fully_nested_v1
3,2021-08-09,2021-08-14,component_subtrain,True,,2022-07-21,2022-10-27,2023-02-20,6ed147cd585e5e8083292683f9be3cf585e97e4d46fa0e3224d24a4e2b42cbbb,f83baf5732ffbf88b9a448a3d9ab9fa270f7495fe44d1559c1ac49795a30881a,h5_fold3_fully_nested_v1
3,2021-08-10,2021-08-15,component_subtrain,True,,2022-07-21,2022-10-27,2023-02-20,6ed147cd585e5e8083292683f9be3cf585e97e4d46fa0e3224d24a4e2b42cbbb,f83baf5732ffbf88b9a448a3d9ab9fa270f7495fe44d1559c1ac49795a30881a,h5_fold3_fully_nested_v1
3,2021-08-11,2021-08-16,component_subtrain,True,,2022-07-21,2022-10-27,2023-02-20,6ed147cd585e5e8083292683f9be3cf585e97e4d46fa0e3224d24a4e2b42cbbb,f83baf5732ffbf88b9a448a3d9ab9fa270f7495fe44d1559c1ac49795a30881a,h5_fold3_fully_nested_v1
3,2021-08-12,2021-08-17,component_subtrain,True,,2022-07-21,2022-10-27,2023-02-20,6ed147cd585e5e8083292683f9be3cf585e97e4d46fa0e3224d24a4e2b42cbbb,f83baf5732ffbf88b9a448a3d9ab9fa270f7495fe44d1559c1ac49795a30881a,h5_fold3_fully_nested_v1
3,2021-08-13,2021-08-18,component_subtrain,True,,2022-07-21,2022-10-27,2023-02-20,6ed147cd585e5e8083292683f9be3cf585e97e4d46fa0e3224d24a4e2b42cbbb,f83baf5732ffbf88b9a448a3d9ab9fa270f7495fe44d1559c1ac49795a30881a,h5_fold3_fully_nested_v1
3,2021-08-14,2021-08-19,component_subtrain,True,,2022-07-21,2022-10-27,2023-02-20,6ed147cd585e5e8083292683f9be3cf585e97e4d46fa0e3224d24a4e2b42cbbb,f83baf5732ffbf88b9a448a3d9ab9fa270f7495fe44d1559c1ac49795a30881a,h5_fold3_fully_nested_v1
3,2021-08-15,2021-08-20,component_subtrain,True,,2022-07-21,2022-10-27,2023-02-20,6ed147cd585e5e8083292683f9be3cf585e97e4d46fa0e3224d24a4e2b42cbbb,f83baf5732ffbf88b9a448a3d9ab9fa270f7495fe44d1559c1ac49795a30881a,h5_fold3_fully_nested_v1
3,2021-08-16,2021-08-21,component_subtrain,True,,2022-07-21,2022-10-27,2023-02-20,6ed147cd585e5e8083292683f9be3cf585e97e4d46fa0e3224d24a4e2b42cbbb,f83baf5732ffbf88b9a448a3d9ab9fa270f7495fe44d1559c1ac49795a30881a,h5_fold3_fully_nested_v1
3,2021-08-17,2021-08-22,component_subtrain,True,,2022-07-21,2022-10-27,2023-02-20,6ed147cd585e5e8083292683f9be3cf585e97e4d46fa0e3224d24a4e2b42cbbb,f83baf5732ffbf88b9a448a3d9ab9fa270f7495fe44d1559c1ac49795a30881a,h5_fold3_fully_nested_v1
3,2021-08-18,2021-08-23,component_subtrain,True,,2022-07-21,2022-10-27,2023-02-20,6ed147cd585e5e8083292683f9be3cf585e97e4d46fa0e3224d24a4e2b42cbbb,f83baf5732ffbf88b9a448a3d9ab9fa270f7495fe44d1559c1ac49795a30881a,h5_fold3_fully_nested_v1
3,2021-08-19,2021-08-24,component_subtrain,True,,2022-07-21,2022-10-27,2023-02-20,6ed147cd585e5e8083292683f9be3cf585e97e4d46fa0e3224d24a4e2b42cbbb,f83baf5732ffbf88b9a448a3d9ab9fa270f7495fe44d1559c1ac49795a30881a,h5_fold3_fully_nested_v1
3,2021-08-20,2021-08-25,component_subtrain,True,,2022-07-21,2022-10-27,2023-02-20,6ed147cd585e5e8083292683f9be3cf585e97e4d46fa0e3224d24a4e2b42cbbb,f83baf5732ffbf88b9a448a3d9ab9fa270f7495fe44d1559c1ac49795a30881a,h5_fold3_fully_nested_v1
3,2021-08-21,2021-08-26,component_subtrain,True,,2022-07-21,2022-10-27,2023-02-20,6ed147cd585e5e8083292683f9be3cf585e97e4d46fa0e3224d24a4e2b42cbbb,f83baf5732ffbf88b9a448a3d9ab9fa270f7495fe44d1559c1ac49795a30881a,h5_fold3_fully_nested_v1
3,2021-08-22,2021-08-27,component_subtrain,True,,2022-07-21,2022-10-27,2023-02-20,6ed147cd585e5e8083292683f9be3cf585e97e4d46fa0e3224d24a4e2b42cbbb,f83baf5732ffbf88b9a448a3d9ab9fa270f7495fe44d1559c1ac49795a30881a,h5_fold3_fully_nested_v1
3,2021-08-23,2021-08-28,component_subtrain,True,,2022-07-21,2022-10-27,2023-02-20,6ed147cd585e5e8083292683f9be3cf585e97e4d46fa0e3224d24a4e2b42cbbb,f83baf5732ffbf88b9a448a3d9ab9fa270f7495fe44d1559c1ac49795a30881a,h5_fold3_fully_nested_v1
3,2021-08-24,2021-08-29,component_subtrain,True,,2022-07-21,2022-10-27,2023-02-20,6ed147cd585e5e8083292683f9be3cf585e97e4d46fa0e3224d24a4e2b42cbbb,f83baf5732ffbf88b9a448a3d9ab9fa270f7495fe44d1559c1ac49795a30881a,h5_fold3_fully_nested_v1
3,2021-08-25,2021-08-30,component_subtrain,True,,2022-07-21,2022-10-27,2023-02-20,6ed147cd585e5e8083292683f9be3cf585e97e4d46fa0e3224d24a4e2b42cbbb,f83baf5732ffbf88b9a448a3d9ab9fa270f7495fe44d1559c1ac49795a30881a,h5_fold3_fully_nested_v1
3,2021-08-26,2021-08-31,component_subtrain,True,,2022-07-21,2022-10-27,2023-02-20,6ed147cd585e5e8083292683f9be3cf585e97e4d46fa0e3224d24a4e2b42cbbb,f83baf5732ffbf88b9a448a3d9ab9fa270f7495fe44d1559c1ac49795a30881a,h5_fold3_fully_nested_v1
3,2021-08-27,2021-09-01,component_subtrain,True,,2022-07-21,2022-10-27,2023-02-20,6ed147cd585e5e8083292683f9be3cf585e97e4d46fa0e3224d24a4e2b42cbbb,f83baf5732ffbf88b9a448a3d9ab9fa270f7495fe44d1559c1ac49795a30881a,h5_fold3_fully_nested_v1
3,2021-08-28,2021-09-02,component_subtrain,True,,2022-07-21,2022-10-27,2023-02-20,6ed147cd585e5e8083292683f9be3cf585e97e4d46fa0e3224d24a4e2b42cbbb,f83baf5732ffbf88b9a448a3d9ab9fa270f7495fe44d1559c1ac49795a30881a,h5_fold3_fully_nested_v1
3,2021-08-29,2021-09-03,component_subtrain,True,,2022-07-21,2022-10-27,2023-02-20,6ed147cd585e5e8083292683f9be3cf585e97e4d46fa0e3224d24a4e2b42cbbb,f83baf5732ffbf88b9a448a3d9ab9fa270f7495fe44d1559c1ac49795a30881a,h5_fold3_fully_nested_v1
3,2021-08-30,2021-09-04,component_subtrain,True,,2022-07-21,2022-10-27,2023-02-20,6ed147cd585e5e8083292683f9be3cf585e97e4d46fa0e3224d24a4e2b42cbbb,f83baf5732ffbf88b9a448a3d9ab9fa270f7495fe44d1559c1ac49795a30881a,h5_fold3_fully_nested_v1
3,2021-08-31,2021-09-05,component_subtrain,True,,2022-07-21,2022-10-27,2023-02-20,6ed147cd585e5e8083292683f9be3cf585e97e4d46fa0e3224d24a4e2b42cbbb,f83baf5732ffbf88b9a448a3d9ab9fa270f7495fe44d1559c1ac49795a30881a,h5_fold3_fully_nested_v1
3,2021-09-01,2021-09-06,component_subtrain,True,,2022-07-21,2022-10-27,2023-02-20,6ed147cd585e5e8083292683f9be3cf585e97e4d46fa0e3224d24a4e2b42cbbb,f83baf5732ffbf88b9a448a3d9ab9fa270f7495fe44d1559c1ac49795a30881a,h5_fold3_fully_nested_v1
3,2021-09-02,2021-09-07,component_subtrain,True,,2022-07-21,2022-10-27,2023-02-20,6ed147cd585e5e8083292683f9be3cf585e97e4d46fa0e3224d24a4e2b42cbbb,f83baf5732ffbf88b9a448a3d9ab9fa270f7495fe44d1559c1ac49795a30881a,h5_fold3_fully_nested_v1
3,2021-09-03,2021-09-08,component_subtrain,True,,2022-07-21,2022-10-27,2023-02-20,6ed147cd585e5e8083292683f9be3cf585e97e4d46fa0e3224d24a4e2b42cbbb,f83baf5732ffbf88b9a448a3d9ab9fa270f7495fe44d1559c1ac49795a30881a,h5_fold3_fully_nested_v1
3,2021-09-04,2021-09-09,component_subtrain,True,,2022-07-21,2022-10-27,2023-02-20,6ed147cd585e5e8083292683f9be3cf585e97e4d46fa0e3224d24a4e2b42cbbb,f83baf5732ffbf88b9a448a3d9ab9fa270f7495fe44d1559c1ac49795a30881a,h5_fold3_fully_nested_v1
3,2021-09-05,2021-09-10,component_subtrain,True,,2022-07-21,2022-10-27,2023-02-20,6ed147cd585e5e8083292683f9be3cf585e97e4d46fa0e3224d24a4e2b42cbbb,f83baf5732ffbf88b9a448a3d9ab9fa270f7495fe44d1559c1ac49795a30881a,h5_fold3_fully_nested_v1
3,2021-09-06,2021-09-11,component_subtrain,True,,2022-07-21,2022-10-27,2023-02-20,6ed147cd585e5e8083292683f9be3cf585e97e4d46fa0e3224d24a4e2b42cbbb,f83baf5732ffbf88b9a448a3d9ab9fa270f7495fe44d1559c1ac49795a30881a,h5_fold3_fully_nested_v1
3,2021-09-07,2021-09-12,component_subtrain,True,,2022-07-21,2022-10-27,2023-02-20,6ed147cd585e5e8083292683f9be3cf585e97e4d46fa0e3224d24a4e2b42cbbb,f83baf5732ffbf88b9a448a3d9ab9fa270f7495fe44d1559c1ac49795a30881a,h5_fold3_fully_nested_v1
3,2021-09-08,2021-09-13,component_subtrain,True,,2022-07-21,2022-10-27,2023-02-20,6ed147cd585e5e8083292683f9be3cf585e97e4d46fa0e3224d24a4e2b42cbbb,f83baf5732ffbf88b9a448a3d9ab9fa270f7495fe44d1559c1ac49795a30881a,h5_fold3_fully_nested_v1
3,2021-09-09,2021-09-14,component_subtrain,True,,2022-07-21,2022-10-27,2023-02-20,6ed147cd585e5e8083292683f9be3cf585e97e4d46fa0e3224d24a4e2b42cbbb,f83baf5732ffbf88b9a448a3d9ab9fa270f7495fe44d1559c1ac49795a30881a,h5_fold3_fully_nested_v1
3,2021-09-10,2021-09-15,component_subtrain,True,,2022-07-21,2022-10-27,2023-02-20,6ed147cd585e5e8083292683f9be3cf585e97e4d46fa0e3224d24a4e2b42cbbb,f83baf5732ffbf88b9a448a3d9ab9fa270f7495fe44d1559c1ac49795a30881a,h5_fold3_fully_nested_v1
3,2021-09-11,2021-09-16,component_subtrain,True,,2022-07-21,2022-10-27,2023-02-20,6ed147cd585e5e8083292683f9be3cf585e97e4d46fa0e3224d24a4e2b42cbbb,f83baf5732ffbf88b9a448a3d9ab9fa270f7495fe44d1559c1ac49795a30881a,h5_fold3_fully_nested_v1
3,2021-09-12,2021-09-17,component_subtrain,True,,2022-07-21,2022-10-27,2023-02-20,6ed147cd585e5e8083292683f9be3cf585e97e4d46fa0e3224d24a4e2b42cbbb,f83baf5732ffbf88b9a448a3d9ab9fa270f7495fe44d1559c1ac49795a30881a,h5_fold3_fully_nested_v1
3,2021-09-13,2021-09-18,component_subtrain,True,,2022-07-21,2022-10-27,2023-02-20,6ed147cd585e5e8083292683f9be3cf585e97e4d46fa0e3224d24a4e2b42cbbb,f83baf5732ffbf88b9a448a3d9ab9fa270f7495fe44d1559c1ac49795a30881a,h5_fold3_fully_nested_v1
3,2021-09-14,2021-09-19,component_subtrain,True,,2022-07-21,2022-10-27,2023-02-20,6ed147cd585e5e8083292683f9be3cf585e97e4d46fa0e3224d24a4e2b42cbbb,f83baf5732ffbf88b9a448a3d9ab9fa270f7495fe44d1559c1ac49795a30881a,h5_fold3_fully_nested_v1
3,2021-09-15,2021-09-20,component_subtrain,True,,2022-07-21,2022-10-27,2023-02-20,6ed147cd585e5e8083292683f9be3cf585e97e4d46fa0e3224d24a4e2b42cbbb,f83baf5732ffbf88b9a448a3d9ab9fa270f7495fe44d1559c1ac49795a30881a,h5_fold3_fully_nested_v1
3,2021-09-16,2021-09-21,component_subtrain,True,,2022-07-21,2022-10-27,2023-02-20,6ed147cd585e5e8083292683f9be3cf585e97e4d46fa0e3224d24a4e2b42cbbb,f83baf5732ffbf88b9a448a3d9ab9fa270f7495fe44d1559c1ac49795a30881a,h5_fold3_fully_nested_v1
3,2021-09-17,2021-09-22,component_subtrain,True,,2022-07-21,2022-10-27,2023-02-20,6ed147cd585e5e8083292683f9be3cf585e97e4d46fa0e3224d24a4e2b42cbbb,f83baf5732ffbf88b9a448a3d9ab9fa270f7495fe44d1559c1ac49795a30881a,h5_fold3_fully_nested_v1
3,2021-09-18,2021-09-23,component_subtrain,True,,2022-07-21,2022-10-27,2023-02-20,6ed147cd585e5e8083292683f9be3cf585e97e4d46fa0e3224d24a4e2b42cbbb,f83baf5732ffbf88b9a448a3d9ab9fa270f7495fe44d1559c1ac49795a30881a,h5_fold3_fully_nested_v1
3,2021-09-19,2021-09-24,component_subtrain,True,,2022-07-21,2022-10-27,2023-02-20,6ed147cd585e5e8083292683f9be3cf585e97e4d46fa0e3224d24a4e2b42cbbb,f83baf5732ffbf88b9a448a3d9ab9fa270f7495fe44d1559c1ac49795a30881a,h5_fold3_fully_nested_v1
3,2021-09-20,2021-09-25,component_subtrain,True,,2022-07-21,2022-10-27,2023-02-20,6ed147cd585e5e8083292683f9be3cf585e97e4d46fa0e3224d24a4e2b42cbbb,f83baf5732ffbf88b9a448a3d9ab9fa270f7495fe44d1559c1ac49795a30881a,h5_fold3_fully_nested_v1
3,2021-09-21,2021-09-26,component_subtrain,True,,2022-07-21,2022-10-27,2023-02-20,6ed147cd585e5e8083292683f9be3cf585e97e4d46fa0e3224d24a4e2b42cbbb,f83baf5732ffbf88b9a448a3d9ab9fa270f7495fe44d1559c1ac49795a30881a,h5_fold3_fully_nested_v1
3,2021-09-22,2021-09-27,component_subtrain,True,,2022-07-21,2022-10-27,2023-02-20,6ed147cd585e5e8083292683f9be3cf585e97e4d46fa0e3224d24a4e2b42cbbb,f83baf5732ffbf88b9a448a3d9ab9fa270f7495fe44d1559c1ac49795a30881a,h5_fold3_fully_nested_v1
3,2021-09-23,2021-09-28,component_subtrain,True,,2022-07-21,2022-10-27,2023-02-20,6ed147cd585e5e8083292683f9be3cf585e97e4d46fa0e3224d24a4e2b42cbbb,f83baf5732ffbf88b9a448a3d9ab9fa270f7495fe44d1559c1ac49795a30881a,h5_fold3_fully_nested_v1
3,2021-09-24,2021-09-29,component_subtrain,True,,2022-07-21,2022-10-27,2023-02-20,6ed147cd585e5e8083292683f9be3cf585e97e4d46fa0e3224d24a4e2b42cbbb,f83baf5732ffbf88b9a448a3d9ab9fa270f7495fe44d1559c1ac49795a30881a,h5_fold3_fully_nested_v1
3,2021-09-25,2021-09-30,component_subtrain,True,,2022-07-21,2022-10-27,2023-02-20,6ed147cd585e5e8083292683f9be3cf585e97e4d46fa0e3224d24a4e2b42cbbb,f83baf5732ffbf88b9a448a3d9ab9fa270f7495fe44d1559c1ac49795a30881a,h5_fold3_fully_nested_v1
3,2021-09-26,2021-10-01,component_subtrain,True,,2022-07-21,2022-10-27,2023-02-20,6ed147cd585e5e8083292683f9be3cf585e97e4d46fa0e3224d24a4e2b42cbbb,f83baf5732ffbf88b9a448a3d9ab9fa270f7495fe44d1559c1ac49795a30881a,h5_fold3_fully_nested_v1
3,2021-09-27,2021-10-02,component_subtrain,True,,2022-07-21,2022-10-27,2023-02-20,6ed147cd585e5e8083292683f9be3cf585e97e4d46fa0e3224d24a4e2b42cbbb,f83baf5732ffbf88b9a448a3d9ab9fa270f7495fe44d1559c1ac49795a30881a,h5_fold3_fully_nested_v1
3,2021-09-28,2021-10-03,component_subtrain,True,,2022-07-21,2022-10-27,2023-02-20,6ed147cd585e5e8083292683f9be3cf585e97e4d46fa0e3224d24a4e2b42cbbb,f83baf5732ffbf88b9a448a3d9ab9fa270f7495fe44d1559c1ac49795a30881a,h5_fold3_fully_nested_v1
3,2021-09-29,2021-10-04,component_subtrain,True,,2022-07-21,2022-10-27,2023-02-20,6ed147cd585e5e8083292683f9be3cf585e97e4d46fa0e3224d24a4e2b42cbbb,f83baf5732ffbf88b9a448a3d9ab9fa270f7495fe44d1559c1ac49795a30881a,h5_fold3_fully_nested_v1
3,2021-09-30,2021-10-05,component_subtrain,True,,2022-07-21,2022-10-27,2023-02-20,6ed147cd585e5e8083292683f9be3cf585e97e4d46fa0e3224d24a4e2b42cbbb,f83baf5732ffbf88b9a448a3d9ab9fa270f7495fe44d1559c1ac49795a30881a,h5_fold3_fully_nested_v1
3,2021-10-01,2021-10-06,component_subtrain,True,,2022-07-21,2022-10-27,2023-02-20,6ed147cd585e5e8083292683f9be3cf585e97e4d46fa0e3224d24a4e2b42cbbb,f83baf5732ffbf88b9a448a3d9ab9fa270f7495fe44d1559c1ac49795a30881a,h5_fold3_fully_nested_v1
3,2021-10-02,2021-10-07,component_subtrain,True,,2022-07-21,2022-10-27,2023-02-20,6ed147cd585e5e8083292683f9be3cf585e97e4d46fa0e3224d24a4e2b42cbbb,f83baf5732ffbf88b9a448a3d9ab9fa270f7495fe44d1559c1ac49795a30881a,h5_fold3_fully_nested_v1
3,2021-10-03,2021-10-08,component_subtrain,True,,2022-07-21,2022-10-27,2023-02-20,6ed147cd585e5e8083292683f9be3cf585e97e4d46fa0e3224d24a4e2b42cbbb,f83baf5732ffbf88b9a448a3d9ab9fa270f7495fe44d1559c1ac49795a30881a,h5_fold3_fully_nested_v1
3,2021-10-04,2021-10-09,component_subtrain,True,,2022-07-21,2022-10-27,2023-02-20,6ed147cd585e5e8083292683f9be3cf585e97e4d46fa0e3224d24a4e2b42cbbb,f83baf5732ffbf88b9a448a3d9ab9fa270f7495fe44d1559c1ac49795a30881a,h5_fold3_fully_nested_v1
3,2021-10-05,2021-10-10,component_subtrain,True,,2022-07-21,2022-10-27,2023-02-20,6ed147cd585e5e8083292683f9be3cf585e97e4d46fa0e3224d24a4e2b42cbbb,f83baf5732ffbf88b9a448a3d9ab9fa270f7495fe44d1559c1ac49795a30881a,h5_fold3_fully_nested_v1
3,2021-10-06,2021-10-11,component_subtrain,True,,2022-07-21,2022-10-27,2023-02-20,6ed147cd585e5e8083292683f9be3cf585e97e4d46fa0e3224d24a4e2b42cbbb,f83baf5732ffbf88b9a448a3d9ab9fa270f7495fe44d1559c1ac49795a30881a,h5_fold3_fully_nested_v1
3,2021-10-07,2021-10-12,component_subtrain,True,,2022-07-21,2022-10-27,2023-02-20,6ed147cd585e5e8083292683f9be3cf585e97e4d46fa0e3224d24a4e2b42cbbb,f83baf5732ffbf88b9a448a3d9ab9fa270f7495fe44d1559c1ac49795a30881a,h5_fold3_fully_nested_v1
3,2021-10-08,2021-10-13,component_subtrain,True,,2022-07-21,2022-10-27,2023-02-20,6ed147cd585e5e8083292683f9be3cf585e97e4d46fa0e3224d24a4e2b42cbbb,f83baf5732ffbf88b9a448a3d9ab9fa270f7495fe44d1559c1ac49795a30881a,h5_fold3_fully_nested_v1
3,2021-10-09,2021-10-14,component_subtrain,True,,2022-07-21,2022-10-27,2023-02-20,6ed147cd585e5e8083292683f9be3cf585e97e4d46fa0e3224d24a4e2b42cbbb,f83baf5732ffbf88b9a448a3d9ab9fa270f7495fe44d1559c1ac49795a30881a,h5_fold3_fully_nested_v1
3,2021-10-10,2021-10-15,component_subtrain,True,,2022-07-21,2022-10-27,2023-02-20,6ed147cd585e5e8083292683f9be3cf585e97e4d46fa0e3224d24a4e2b42cbbb,f83baf5732ffbf88b9a448a3d9ab9fa270f7495fe44d1559c1ac49795a30881a,h5_fold3_fully_nested_v1
3,2021-10-11,2021-10-16,component_subtrain,True,,2022-07-21,2022-10-27,2023-02-20,6ed147cd585e5e8083292683f9be3cf585e97e4d46fa0e3224d24a4e2b42cbbb,f83baf5732ffbf88b9a448a3d9ab9fa270f7495fe44d1559c1ac49795a30881a,h5_fold3_fully_nested_v1
3,2021-10-12,2021-10-17,component_subtrain,True,,2022-07-21,2022-10-27,2023-02-20,6ed147cd585e5e8083292683f9be3cf585e97e4d46fa0e3224d24a4e2b42cbbb,f83baf5732ffbf88b9a448a3d9ab9fa270f7495fe44d1559c1ac49795a30881a,h5_fold3_fully_nested_v1
3,2021-10-13,2021-10-18,component_subtrain,True,,2022-07-21,2022-10-27,2023-02-20,6ed147cd585e5e8083292683f9be3cf585e97e4d46fa0e3224d24a4e2b42cbbb,f83baf5732ffbf88b9a448a3d9ab9fa270f7495fe44d1559c1ac49795a30881a,h5_fold3_fully_nested_v1
3,2021-10-14,2021-10-19,component_subtrain,True,,2022-07-21,2022-10-27,2023-02-20,6ed147cd585e5e8083292683f9be3cf585e97e4d46fa0e3224d24a4e2b42cbbb,f83baf5732ffbf88b9a448a3d9ab9fa270f7495fe44d1559c1ac49795a30881a,h5_fold3_fully_nested_v1
3,2021-10-15,2021-10-20,component_subtrain,True,,2022-07-21,2022-10-27,2023-02-20,6ed147cd585e5e8083292683f9be3cf585e97e4d46fa0e3224d24a4e2b42cbbb,f83baf5732ffbf88b9a448a3d9ab9fa270f7495fe44d1559c1ac49795a30881a,h5_fold3_fully_nested_v1
3,2021-10-16,2021-10-21,component_subtrain,True,,2022-07-21,2022-10-27,2023-02-20,6ed147cd585e5e8083292683f9be3cf585e97e4d46fa0e3224d24a4e2b42cbbb,f83baf5732ffbf88b9a448a3d9ab9fa270f7495fe44d1559c1ac49795a30881a,h5_fold3_fully_nested_v1
3,2021-10-17,2021-10-22,component_subtrain,True,,2022-07-21,2022-10-27,2023-02-20,6ed147cd585e5e8083292683f9be3cf585e97e4d46fa0e3224d24a4e2b42cbbb,f83baf5732ffbf88b9a448a3d9ab9fa270f7495fe44d1559c1ac49795a30881a,h5_fold3_fully_nested_v1
3,2021-10-18,2021-10-23,component_subtrain,True,,2022-07-21,2022-10-27,2023-02-20,6ed147cd585e5e8083292683f9be3cf585e97e4d46fa0e3224d24a4e2b42cbbb,f83baf5732ffbf88b9a448a3d9ab9fa270f7495fe44d1559c1ac49795a30881a,h5_fold3_fully_nested_v1
3,2021-10-19,2021-10-24,component_subtrain,True,,2022-07-21,2022-10-27,2023-02-20,6ed147cd585e5e8083292683f9be3cf585e97e4d46fa0e3224d24a4e2b42cbbb,f83baf5732ffbf88b9a448a3d9ab9fa270f7495fe44d1559c1ac49795a30881a,h5_fold3_fully_nested_v1
3,2021-10-20,2021-10-25,component_subtrain,True,,2022-07-21,2022-10-27,2023-02-20,6ed147cd585e5e8083292683f9be3cf585e97e4d46fa0e3224d24a4e2b42cbbb,f83baf5732ffbf88b9a448a3d9ab9fa270f7495fe44d1559c1ac49795a30881a,h5_fold3_fully_nested_v1
3,2021-10-21,2021-10-26,component_subtrain,True,,2022-07-21,2022-10-27,2023-02-20,6ed147cd585e5e8083292683f9be3cf585e97e4d46fa0e3224d24a4e2b42cbbb,f83baf5732ffbf88b9a448a3d9ab9fa270f7495fe44d1559c1ac49795a30881a,h5_fold3_fully_nested_v1
3,2021-10-22,2021-10-27,component_subtrain,True,,2022-07-21,2022-10-27,2023-02-20,6ed147cd585e5e8083292683f9be3cf585e97e4d46fa0e3224d24a4e2b42cbbb,f83baf5732ffbf88b9a448a3d9ab9fa270f7495fe44d1559c1ac49795a30881a,h5_fold3_fully_nested_v1
3,2021-10-23,2021-10-28,component_subtrain,True,,2022-07-21,2022-10-27,2023-02-20,6ed147cd585e5e8083292683f9be3cf585e97e4d46fa0e3224d24a4e2b42cbbb,f83baf5732ffbf88b9a448a3d9ab9fa270f7495fe44d1559c1ac49795a30881a,h5_fold3_fully_nested_v1
3,2021-10-24,2021-10-29,component_subtrain,True,,2022-07-21,2022-10-27,2023-02-20,6ed147cd585e5e8083292683f9be3cf585e97e4d46fa0e3224d24a4e2b42cbbb,f83baf5732ffbf88b9a448a3d9ab9fa270f7495fe44d1559c1ac49795a30881a,h5_fold3_fully_nested_v1
3,2021-10-25,2021-10-30,component_subtrain,True,,2022-07-21,2022-10-27,2023-02-20,6ed147cd585e5e8083292683f9be3cf585e97e4d46fa0e3224d24a4e2b42cbbb,f83baf5732ffbf88b9a448a3d9ab9fa270f7495fe44d1559c1ac49795a30881a,h5_fold3_fully_nested_v1
3,2021-10-26,2021-10-31,component_subtrain,True,,2022-07-21,2022-10-27,2023-02-20,6ed147cd585e5e8083292683f9be3cf585e97e4d46fa0e3224d24a4e2b42cbbb,f83baf5732ffbf88b9a448a3d9ab9fa270f7495fe44d1559c1ac49795a30881a,h5_fold3_fully_nested_v1
3,2021-10-27,2021-11-01,component_subtrain,True,,2022-07-21,2022-10-27,2023-02-20,6ed147cd585e5e8083292683f9be3cf585e97e4d46fa0e3224d24a4e2b42cbbb,f83baf5732ffbf88b9a448a3d9ab9fa270f7495fe44d1559c1ac49795a30881a,h5_fold3_fully_nested_v1
3,2021-10-28,2021-11-02,component_subtrain,True,,2022-07-21,2022-10-27,2023-02-20,6ed147cd585e5e8083292683f9be3cf585e97e4d46fa0e3224d24a4e2b42cbbb,f83baf5732ffbf88b9a448a3d9ab9fa270f7495fe44d1559c1ac49795a30881a,h5_fold3_fully_nested_v1
3,2021-10-29,2021-11-03,component_subtrain,True,,2022-07-21,2022-10-27,2023-02-20,6ed147cd585e5e8083292683f9be3cf585e97e4d46fa0e3224d24a4e2b42cbbb,f83baf5732ffbf88b9a448a3d9ab9fa270f7495fe44d1559c1ac49795a30881a,h5_fold3_fully_nested_v1
3,2021-10-30,2021-11-04,component_subtrain,True,,2022-07-21,2022-10-27,2023-02-20,6ed147cd585e5e8083292683f9be3cf585e97e4d46fa0e3224d24a4e2b42cbbb,f83baf5732ffbf88b9a448a3d9ab9fa270f7495fe44d1559c1ac49795a30881a,h5_fold3_fully_nested_v1
3,2021-10-31,2021-11-05,component_subtrain,True,,2022-07-21,2022-10-27,2023-02-20,6ed147cd585e5e8083292683f9be3cf585e97e4d46fa0e3224d24a4e2b42cbbb,f83baf5732ffbf88b9a448a3d9ab9fa270f7495fe44d1559c1ac49795a30881a,h5_fold3_fully_nested_v1
3,2021-11-01,2021-11-06,component_subtrain,True,,2022-07-21,2022-10-27,2023-02-20,6ed147cd585e5e8083292683f9be3cf585e97e4d46fa0e3224d24a4e2b42cbbb,f83baf5732ffbf88b9a448a3d9ab9fa270f7495fe44d1559c1ac49795a30881a,h5_fold3_fully_nested_v1
3,2021-11-02,2021-11-07,component_subtrain,True,,2022-07-21,2022-10-27,2023-02-20,6ed147cd585e5e8083292683f9be3cf585e97e4d46fa0e3224d24a4e2b42cbbb,f83baf5732ffbf88b9a448a3d9ab9fa270f7495fe44d1559c1ac49795a30881a,h5_fold3_fully_nested_v1
3,2021-11-03,2021-11-08,component_subtrain,True,,2022-07-21,2022-10-27,2023-02-20,6ed147cd585e5e8083292683f9be3cf585e97e4d46fa0e3224d24a4e2b42cbbb,f83baf5732ffbf88b9a448a3d9ab9fa270f7495fe44d1559c1ac49795a30881a,h5_fold3_fully_nested_v1
3,2021-11-04,2021-11-09,component_subtrain,True,,2022-07-21,2022-10-27,2023-02-20,6ed147cd585e5e8083292683f9be3cf585e97e4d46fa0e3224d24a4e2b42cbbb,f83baf5732ffbf88b9a448a3d9ab9fa270f7495fe44d1559c1ac49795a30881a,h5_fold3_fully_nested_v1
3,2021-11-05,2021-11-10,component_subtrain,True,,2022-07-21,2022-10-27,2023-02-20,6ed147cd585e5e8083292683f9be3cf585e97e4d46fa0e3224d24a4e2b42cbbb,f83baf5732ffbf88b9a448a3d9ab9fa270f7495fe44d1559c1ac49795a30881a,h5_fold3_fully_nested_v1
3,2021-11-06,2021-11-11,component_subtrain,True,,2022-07-21,2022-10-27,2023-02-20,6ed147cd585e5e8083292683f9be3cf585e97e4d46fa0e3224d24a4e2b42cbbb,f83baf5732ffbf88b9a448a3d9ab9fa270f7495fe44d1559c1ac49795a30881a,h5_fold3_fully_nested_v1
3,2021-11-07,2021-11-12,component_subtrain,True,,2022-07-21,2022-10-27,2023-02-20,6ed147cd585e5e8083292683f9be3cf585e97e4d46fa0e3224d24a4e2b42cbbb,f83baf5732ffbf88b9a448a3d9ab9fa270f7495fe44d1559c1ac49795a30881a,h5_fold3_fully_nested_v1
3,2021-11-08,2021-11-13,component_subtrain,True,,2022-07-21,2022-10-27,2023-02-20,6ed147cd585e5e8083292683f9be3cf585e97e4d46fa0e3224d24a4e2b42cbbb,f83baf5732ffbf88b9a448a3d9ab9fa270f7495fe44d1559c1ac49795a30881a,h5_fold3_fully_nested_v1
3,2021-11-09,2021-11-14,component_subtrain,True,,2022-07-21,2022-10-27,2023-02-20,6ed147cd585e5e8083292683f9be3cf585e97e4d46fa0e3224d24a4e2b42cbbb,f83baf5732ffbf88b9a448a3d9ab9fa270f7495fe44d1559c1ac49795a30881a,h5_fold3_fully_nested_v1
3,2021-11-10,2021-11-15,component_subtrain,True,,2022-07-21,2022-10-27,2023-02-20,6ed147cd585e5e8083292683f9be3cf585e97e4d46fa0e3224d24a4e2b42cbbb,f83baf5732ffbf88b9a448a3d9ab9fa270f7495fe44d1559c1ac49795a30881a,h5_fold3_fully_nested_v1
3,2021-11-11,2021-11-16,component_subtrain,True,,2022-07-21,2022-10-27,2023-02-20,6ed147cd585e5e8083292683f9be3cf585e97e4d46fa0e3224d24a4e2b42cbbb,f83baf5732ffbf88b9a448a3d9ab9fa270f7495fe44d1559c1ac49795a30881a,h5_fold3_fully_nested_v1
3,2021-11-12,2021-11-17,component_subtrain,True,,2022-07-21,2022-10-27,2023-02-20,6ed147cd585e5e8083292683f9be3cf585e97e4d46fa0e3224d24a4e2b42cbbb,f83baf5732ffbf88b9a448a3d9ab9fa270f7495fe44d1559c1ac49795a30881a,h5_fold3_fully_nested_v1
3,2021-11-13,2021-11-18,component_subtrain,True,,2022-07-21,2022-10-27,2023-02-20,6ed147cd585e5e8083292683f9be3cf585e97e4d46fa0e3224d24a4e2b42cbbb,f83baf5732ffbf88b9a448a3d9ab9fa270f7495fe44d1559c1ac49795a30881a,h5_fold3_fully_nested_v1
3,2021-11-14,2021-11-19,component_subtrain,True,,2022-07-21,2022-10-27,2023-02-20,6ed147cd585e5e8083292683f9be3cf585e97e4d46fa0e3224d24a4e2b42cbbb,f83baf5732ffbf88b9a448a3d9ab9fa270f7495fe44d1559c1ac49795a30881a,h5_fold3_fully_nested_v1
3,2021-11-15,2021-11-20,component_subtrain,True,,2022-07-21,2022-10-27,2023-02-20,6ed147cd585e5e8083292683f9be3cf585e97e4d46fa0e3224d24a4e2b42cbbb,f83baf5732ffbf88b9a448a3d9ab9fa270f7495fe44d1559c1ac49795a30881a,h5_fold3_fully_nested_v1
3,2021-11-16,2021-11-21,component_subtrain,True,,2022-07-21,2022-10-27,2023-02-20,6ed147cd585e5e8083292683f9be3cf585e97e4d46fa0e3224d24a4e2b42cbbb,f83baf5732ffbf88b9a448a3d9ab9fa270f7495fe44d1559c1ac49795a30881a,h5_fold3_fully_nested_v1
3,2021-11-17,2021-11-22,component_subtrain,True,,2022-07-21,2022-10-27,2023-02-20,6ed147cd585e5e8083292683f9be3cf585e97e4d46fa0e3224d24a4e2b42cbbb,f83baf5732ffbf88b9a448a3d9ab9fa270f7495fe44d1559c1ac49795a30881a,h5_fold3_fully_nested_v1
3,2021-11-18,2021-11-23,component_subtrain,True,,2022-07-21,2022-10-27,2023-02-20,6ed147cd585e5e8083292683f9be3cf585e97e4d46fa0e3224d24a4e2b42cbbb,f83baf5732ffbf88b9a448a3d9ab9fa270f7495fe44d1559c1ac49795a30881a,h5_fold3_fully_nested_v1
3,2021-11-19,2021-11-24,component_subtrain,True,,2022-07-21,2022-10-27,2023-02-20,6ed147cd585e5e8083292683f9be3cf585e97e4d46fa0e3224d24a4e2b42cbbb,f83baf5732ffbf88b9a448a3d9ab9fa270f7495fe44d1559c1ac49795a30881a,h5_fold3_fully_nested_v1
3,2021-11-20,2021-11-25,component_subtrain,True,,2022-07-21,2022-10-27,2023-02-20,6ed147cd585e5e8083292683f9be3cf585e97e4d46fa0e3224d24a4e2b42cbbb,f83baf5732ffbf88b9a448a3d9ab9fa270f7495fe44d1559c1ac49795a30881a,h5_fold3_fully_nested_v1
3,2021-11-21,2021-11-26,component_subtrain,True,,2022-07-21,2022-10-27,2023-02-20,6ed147cd585e5e8083292683f9be3cf585e97e4d46fa0e3224d24a4e2b42cbbb,f83baf5732ffbf88b9a448a3d9ab9fa270f7495fe44d1559c1ac49795a30881a,h5_fold3_fully_nested_v1
3,2021-11-22,2021-11-27,component_subtrain,True,,2022-07-21,2022-10-27,2023-02-20,6ed147cd585e5e8083292683f9be3cf585e97e4d46fa0e3224d24a4e2b42cbbb,f83baf5732ffbf88b9a448a3d9ab9fa270f7495fe44d1559c1ac49795a30881a,h5_fold3_fully_nested_v1
3,2021-11-23,2021-11-28,component_subtrain,True,,2022-07-21,2022-10-27,2023-02-20,6ed147cd585e5e8083292683f9be3cf585e97e4d46fa0e3224d24a4e2b42cbbb,f83baf5732ffbf88b9a448a3d9ab9fa270f7495fe44d1559c1ac49795a30881a,h5_fold3_fully_nested_v1
3,2021-11-24,2021-11-29,component_subtrain,True,,2022-07-21,2022-10-27,2023-02-20,6ed147cd585e5e8083292683f9be3cf585e97e4d46fa0e3224d24a4e2b42cbbb,f83baf5732ffbf88b9a448a3d9ab9fa270f7495fe44d1559c1ac49795a30881a,h5_fold3_fully_nested_v1
3,2021-11-25,2021-11-30,component_subtrain,True,,2022-07-21,2022-10-27,2023-02-20,6ed147cd585e5e8083292683f9be3cf585e97e4d46fa0e3224d24a4e2b42cbbb,f83baf5732ffbf88b9a448a3d9ab9fa270f7495fe44d1559c1ac49795a30881a,h5_fold3_fully_nested_v1
3,2021-11-26,2021-12-01,component_subtrain,True,,2022-07-21,2022-10-27,2023-02-20,6ed147cd585e5e8083292683f9be3cf585e97e4d46fa0e3224d24a4e2b42cbbb,f83baf5732ffbf88b9a448a3d9ab9fa270f7495fe44d1559c1ac49795a30881a,h5_fold3_fully_nested_v1
3,2021-11-27,2021-12-02,component_subtrain,True,,2022-07-21,2022-10-27,2023-02-20,6ed147cd585e5e8083292683f9be3cf585e97e4d46fa0e3224d24a4e2b42cbbb,f83baf5732ffbf88b9a448a3d9ab9fa270f7495fe44d1559c1ac49795a30881a,h5_fold3_fully_nested_v1
3,2021-11-28,2021-12-03,component_subtrain,True,,2022-07-21,2022-10-27,2023-02-20,6ed147cd585e5e8083292683f9be3cf585e97e4d46fa0e3224d24a4e2b42cbbb,f83baf5732ffbf88b9a448a3d9ab9fa270f7495fe44d1559c1ac49795a30881a,h5_fold3_fully_nested_v1
3,2021-11-29,2021-12-04,component_subtrain,True,,2022-07-21,2022-10-27,2023-02-20,6ed147cd585e5e8083292683f9be3cf585e97e4d46fa0e3224d24a4e2b42cbbb,f83baf5732ffbf88b9a448a3d9ab9fa270f7495fe44d1559c1ac49795a30881a,h5_fold3_fully_nested_v1
3,2021-11-30,2021-12-05,component_subtrain,True,,2022-07-21,2022-10-27,2023-02-20,6ed147cd585e5e8083292683f9be3cf585e97e4d46fa0e3224d24a4e2b42cbbb,f83baf5732ffbf88b9a448a3d9ab9fa270f7495fe44d1559c1ac49795a30881a,h5_fold3_fully_nested_v1
3,2021-12-01,2021-12-06,component_subtrain,True,,2022-07-21,2022-10-27,2023-02-20,6ed147cd585e5e8083292683f9be3cf585e97e4d46fa0e3224d24a4e2b42cbbb,f83baf5732ffbf88b9a448a3d9ab9fa270f7495fe44d1559c1ac49795a30881a,h5_fold3_fully_nested_v1
3,2021-12-02,2021-12-07,component_subtrain,True,,2022-07-21,2022-10-27,2023-02-20,6ed147cd585e5e8083292683f9be3cf585e97e4d46fa0e3224d24a4e2b42cbbb,f83baf5732ffbf88b9a448a3d9ab9fa270f7495fe44d1559c1ac49795a30881a,h5_fold3_fully_nested_v1
3,2021-12-03,2021-12-08,component_subtrain,True,,2022-07-21,2022-10-27,2023-02-20,6ed147cd585e5e8083292683f9be3cf585e97e4d46fa0e3224d24a4e2b42cbbb,f83baf5732ffbf88b9a448a3d9ab9fa270f7495fe44d1559c1ac49795a30881a,h5_fold3_fully_nested_v1
3,2021-12-04,2021-12-09,component_subtrain,True,,2022-07-21,2022-10-27,2023-02-20,6ed147cd585e5e8083292683f9be3cf585e97e4d46fa0e3224d24a4e2b42cbbb,f83baf5732ffbf88b9a448a3d9ab9fa270f7495fe44d1559c1ac49795a30881a,h5_fold3_fully_nested_v1
3,2021-12-05,2021-12-10,component_subtrain,True,,2022-07-21,2022-10-27,2023-02-20,6ed147cd585e5e8083292683f9be3cf585e97e4d46fa0e3224d24a4e2b42cbbb,f83baf5732ffbf88b9a448a3d9ab9fa270f7495fe44d1559c1ac49795a30881a,h5_fold3_fully_nested_v1
3,2021-12-06,2021-12-11,component_subtrain,True,,2022-07-21,2022-10-27,2023-02-20,6ed147cd585e5e8083292683f9be3cf585e97e4d46fa0e3224d24a4e2b42cbbb,f83baf5732ffbf88b9a448a3d9ab9fa270f7495fe44d1559c1ac49795a30881a,h5_fold3_fully_nested_v1
3,2021-12-07,2021-12-12,component_subtrain,True,,2022-07-21,2022-10-27,2023-02-20,6ed147cd585e5e8083292683f9be3cf585e97e4d46fa0e3224d24a4e2b42cbbb,f83baf5732ffbf88b9a448a3d9ab9fa270f7495fe44d1559c1ac49795a30881a,h5_fold3_fully_nested_v1
3,2021-12-08,2021-12-13,component_subtrain,True,,2022-07-21,2022-10-27,2023-02-20,6ed147cd585e5e8083292683f9be3cf585e97e4d46fa0e3224d24a4e2b42cbbb,f83baf5732ffbf88b9a448a3d9ab9fa270f7495fe44d1559c1ac49795a30881a,h5_fold3_fully_nested_v1
3,2021-12-09,2021-12-14,component_subtrain,True,,2022-07-21,2022-10-27,2023-02-20,6ed147cd585e5e8083292683f9be3cf585e97e4d46fa0e3224d24a4e2b42cbbb,f83baf5732ffbf88b9a448a3d9ab9fa270f7495fe44d1559c1ac49795a30881a,h5_fold3_fully_nested_v1
3,2021-12-10,2021-12-15,component_subtrain,True,,2022-07-21,2022-10-27,2023-02-20,6ed147cd585e5e8083292683f9be3cf585e97e4d46fa0e3224d24a4e2b42cbbb,f83baf5732ffbf88b9a448a3d9ab9fa270f7495fe44d1559c1ac49795a30881a,h5_fold3_fully_nested_v1
3,2021-12-11,2021-12-16,component_subtrain,True,,2022-07-21,2022-10-27,2023-02-20,6ed147cd585e5e8083292683f9be3cf585e97e4d46fa0e3224d24a4e2b42cbbb,f83baf5732ffbf88b9a448a3d9ab9fa270f7495fe44d1559c1ac49795a30881a,h5_fold3_fully_nested_v1
3,2021-12-12,2021-12-17,component_subtrain,True,,2022-07-21,2022-10-27,2023-02-20,6ed147cd585e5e8083292683f9be3cf585e97e4d46fa0e3224d24a4e2b42cbbb,f83baf5732ffbf88b9a448a3d9ab9fa270f7495fe44d1559c1ac49795a30881a,h5_fold3_fully_nested_v1
3,2021-12-13,2021-12-18,component_subtrain,True,,2022-07-21,2022-10-27,2023-02-20,6ed147cd585e5e8083292683f9be3cf585e97e4d46fa0e3224d24a4e2b42cbbb,f83baf5732ffbf88b9a448a3d9ab9fa270f7495fe44d1559c1ac49795a30881a,h5_fold3_fully_nested_v1
3,2021-12-14,2021-12-19,component_subtrain,True,,2022-07-21,2022-10-27,2023-02-20,6ed147cd585e5e8083292683f9be3cf585e97e4d46fa0e3224d24a4e2b42cbbb,f83baf5732ffbf88b9a448a3d9ab9fa270f7495fe44d1559c1ac49795a30881a,h5_fold3_fully_nested_v1
3,2021-12-15,2021-12-20,component_subtrain,True,,2022-07-21,2022-10-27,2023-02-20,6ed147cd585e5e8083292683f9be3cf585e97e4d46fa0e3224d24a4e2b42cbbb,f83baf5732ffbf88b9a448a3d9ab9fa270f7495fe44d1559c1ac49795a30881a,h5_fold3_fully_nested_v1
3,2021-12-16,2021-12-21,component_subtrain,True,,2022-07-21,2022-10-27,2023-02-20,6ed147cd585e5e8083292683f9be3cf585e97e4d46fa0e3224d24a4e2b42cbbb,f83baf5732ffbf88b9a448a3d9ab9fa270f7495fe44d1559c1ac49795a30881a,h5_fold3_fully_nested_v1
3,2021-12-17,2021-12-22,component_subtrain,True,,2022-07-21,2022-10-27,2023-02-20,6ed147cd585e5e8083292683f9be3cf585e97e4d46fa0e3224d24a4e2b42cbbb,f83baf5732ffbf88b9a448a3d9ab9fa270f7495fe44d1559c1ac49795a30881a,h5_fold3_fully_nested_v1
3,2021-12-18,2021-12-23,component_subtrain,True,,2022-07-21,2022-10-27,2023-02-20,6ed147cd585e5e8083292683f9be3cf585e97e4d46fa0e3224d24a4e2b42cbbb,f83baf5732ffbf88b9a448a3d9ab9fa270f7495fe44d1559c1ac49795a30881a,h5_fold3_fully_nested_v1
3,2021-12-19,2021-12-24,component_subtrain,True,,2022-07-21,2022-10-27,2023-02-20,6ed147cd585e5e8083292683f9be3cf585e97e4d46fa0e3224d24a4e2b42cbbb,f83baf5732ffbf88b9a448a3d9ab9fa270f7495fe44d1559c1ac49795a30881a,h5_fold3_fully_nested_v1
3,2021-12-20,2021-12-25,component_subtrain,True,,2022-07-21,2022-10-27,2023-02-20,6ed147cd585e5e8083292683f9be3cf585e97e4d46fa0e3224d24a4e2b42cbbb,f83baf5732ffbf88b9a448a3d9ab9fa270f7495fe44d1559c1ac49795a30881a,h5_fold3_fully_nested_v1
3,2021-12-21,2021-12-26,component_subtrain,True,,2022-07-21,2022-10-27,2023-02-20,6ed147cd585e5e8083292683f9be3cf585e97e4d46fa0e3224d24a4e2b42cbbb,f83baf5732ffbf88b9a448a3d9ab9fa270f7495fe44d1559c1ac49795a30881a,h5_fold3_fully_nested_v1
3,2021-12-22,2021-12-27,component_subtrain,True,,2022-07-21,2022-10-27,2023-02-20,6ed147cd585e5e8083292683f9be3cf585e97e4d46fa0e3224d24a4e2b42cbbb,f83baf5732ffbf88b9a448a3d9ab9fa270f7495fe44d1559c1ac49795a30881a,h5_fold3_fully_nested_v1
3,2021-12-23,2021-12-28,component_subtrain,True,,2022-07-21,2022-10-27,2023-02-20,6ed147cd585e5e8083292683f9be3cf585e97e4d46fa0e3224d24a4e2b42cbbb,f83baf5732ffbf88b9a448a3d9ab9fa270f7495fe44d1559c1ac49795a30881a,h5_fold3_fully_nested_v1
3,2021-12-24,2021-12-29,component_subtrain,True,,2022-07-21,2022-10-27,2023-02-20,6ed147cd585e5e8083292683f9be3cf585e97e4d46fa0e3224d24a4e2b42cbbb,f83baf5732ffbf88b9a448a3d9ab9fa270f7495fe44d1559c1ac49795a30881a,h5_fold3_fully_nested_v1
3,2021-12-25,2021-12-30,component_subtrain,True,,2022-07-21,2022-10-27,2023-02-20,6ed147cd585e5e8083292683f9be3cf585e97e4d46fa0e3224d24a4e2b42cbbb,f83baf5732ffbf88b9a448a3d9ab9fa270f7495fe44d1559c1ac49795a30881a,h5_fold3_fully_nested_v1
3,2021-12-26,2021-12-31,component_subtrain,True,,2022-07-21,2022-10-27,2023-02-20,6ed147cd585e5e8083292683f9be3cf585e97e4d46fa0e3224d24a4e2b42cbbb,f83baf5732ffbf88b9a448a3d9ab9fa270f7495fe44d1559c1ac49795a30881a,h5_fold3_fully_nested_v1
3,2021-12-27,2022-01-01,component_subtrain,True,,2022-07-21,2022-10-27,2023-02-20,6ed147cd585e5e8083292683f9be3cf585e97e4d46fa0e3224d24a4e2b42cbbb,f83baf5732ffbf88b9a448a3d9ab9fa270f7495fe44d1559c1ac49795a30881a,h5_fold3_fully_nested_v1
3,2021-12-28,2022-01-02,component_subtrain,True,,2022-07-21,2022-10-27,2023-02-20,6ed147cd585e5e8083292683f9be3cf585e97e4d46fa0e3224d24a4e2b42cbbb,f83baf5732ffbf88b9a448a3d9ab9fa270f7495fe44d1559c1ac49795a30881a,h5_fold3_fully_nested_v1
3,2021-12-29,2022-01-03,component_subtrain,True,,2022-07-21,2022-10-27,2023-02-20,6ed147cd585e5e8083292683f9be3cf585e97e4d46fa0e3224d24a4e2b42cbbb,f83baf5732ffbf88b9a448a3d9ab9fa270f7495fe44d1559c1ac49795a30881a,h5_fold3_fully_nested_v1
3,2021-12-30,2022-01-04,component_subtrain,True,,2022-07-21,2022-10-27,2023-02-20,6ed147cd585e5e8083292683f9be3cf585e97e4d46fa0e3224d24a4e2b42cbbb,f83baf5732ffbf88b9a448a3d9ab9fa270f7495fe44d1559c1ac49795a30881a,h5_fold3_fully_nested_v1
3,2021-12-31,2022-01-05,component_subtrain,True,,2022-07-21,2022-10-27,2023-02-20,6ed147cd585e5e8083292683f9be3cf585e97e4d46fa0e3224d24a4e2b42cbbb,f83baf5732ffbf88b9a448a3d9ab9fa270f7495fe44d1559c1ac49795a30881a,h5_fold3_fully_nested_v1
3,2022-01-01,2022-01-06,component_subtrain,True,,2022-07-21,2022-10-27,2023-02-20,6ed147cd585e5e8083292683f9be3cf585e97e4d46fa0e3224d24a4e2b42cbbb,f83baf5732ffbf88b9a448a3d9ab9fa270f7495fe44d1559c1ac49795a30881a,h5_fold3_fully_nested_v1
3,2022-01-02,2022-01-07,component_subtrain,True,,2022-07-21,2022-10-27,2023-02-20,6ed147cd585e5e8083292683f9be3cf585e97e4d46fa0e3224d24a4e2b42cbbb,f83baf5732ffbf88b9a448a3d9ab9fa270f7495fe44d1559c1ac49795a30881a,h5_fold3_fully_nested_v1
3,2022-01-03,2022-01-08,component_subtrain,True,,2022-07-21,2022-10-27,2023-02-20,6ed147cd585e5e8083292683f9be3cf585e97e4d46fa0e3224d24a4e2b42cbbb,f83baf5732ffbf88b9a448a3d9ab9fa270f7495fe44d1559c1ac49795a30881a,h5_fold3_fully_nested_v1
3,2022-01-04,2022-01-09,component_subtrain,True,,2022-07-21,2022-10-27,2023-02-20,6ed147cd585e5e8083292683f9be3cf585e97e4d46fa0e3224d24a4e2b42cbbb,f83baf5732ffbf88b9a448a3d9ab9fa270f7495fe44d1559c1ac49795a30881a,h5_fold3_fully_nested_v1
3,2022-01-05,2022-01-10,component_subtrain,True,,2022-07-21,2022-10-27,2023-02-20,6ed147cd585e5e8083292683f9be3cf585e97e4d46fa0e3224d24a4e2b42cbbb,f83baf5732ffbf88b9a448a3d9ab9fa270f7495fe44d1559c1ac49795a30881a,h5_fold3_fully_nested_v1
3,2022-01-06,2022-01-11,component_subtrain,True,,2022-07-21,2022-10-27,2023-02-20,6ed147cd585e5e8083292683f9be3cf585e97e4d46fa0e3224d24a4e2b42cbbb,f83baf5732ffbf88b9a448a3d9ab9fa270f7495fe44d1559c1ac49795a30881a,h5_fold3_fully_nested_v1
3,2022-01-07,2022-01-12,component_subtrain,True,,2022-07-21,2022-10-27,2023-02-20,6ed147cd585e5e8083292683f9be3cf585e97e4d46fa0e3224d24a4e2b42cbbb,f83baf5732ffbf88b9a448a3d9ab9fa270f7495fe44d1559c1ac49795a30881a,h5_fold3_fully_nested_v1
3,2022-01-08,2022-01-13,component_subtrain,True,,2022-07-21,2022-10-27,2023-02-20,6ed147cd585e5e8083292683f9be3cf585e97e4d46fa0e3224d24a4e2b42cbbb,f83baf5732ffbf88b9a448a3d9ab9fa270f7495fe44d1559c1ac49795a30881a,h5_fold3_fully_nested_v1
3,2022-01-09,2022-01-14,component_subtrain,True,,2022-07-21,2022-10-27,2023-02-20,6ed147cd585e5e8083292683f9be3cf585e97e4d46fa0e3224d24a4e2b42cbbb,f83baf5732ffbf88b9a448a3d9ab9fa270f7495fe44d1559c1ac49795a30881a,h5_fold3_fully_nested_v1
3,2022-01-10,2022-01-15,component_subtrain,True,,2022-07-21,2022-10-27,2023-02-20,6ed147cd585e5e8083292683f9be3cf585e97e4d46fa0e3224d24a4e2b42cbbb,f83baf5732ffbf88b9a448a3d9ab9fa270f7495fe44d1559c1ac49795a30881a,h5_fold3_fully_nested_v1
3,2022-01-11,2022-01-16,component_subtrain,True,,2022-07-21,2022-10-27,2023-02-20,6ed147cd585e5e8083292683f9be3cf585e97e4d46fa0e3224d24a4e2b42cbbb,f83baf5732ffbf88b9a448a3d9ab9fa270f7495fe44d1559c1ac49795a30881a,h5_fold3_fully_nested_v1
3,2022-01-12,2022-01-17,component_subtrain,True,,2022-07-21,2022-10-27,2023-02-20,6ed147cd585e5e8083292683f9be3cf585e97e4d46fa0e3224d24a4e2b42cbbb,f83baf5732ffbf88b9a448a3d9ab9fa270f7495fe44d1559c1ac49795a30881a,h5_fold3_fully_nested_v1
3,2022-01-13,2022-01-18,component_subtrain,True,,2022-07-21,2022-10-27,2023-02-20,6ed147cd585e5e8083292683f9be3cf585e97e4d46fa0e3224d24a4e2b42cbbb,f83baf5732ffbf88b9a448a3d9ab9fa270f7495fe44d1559c1ac49795a30881a,h5_fold3_fully_nested_v1
3,2022-01-14,2022-01-19,component_subtrain,True,,2022-07-21,2022-10-27,2023-02-20,6ed147cd585e5e8083292683f9be3cf585e97e4d46fa0e3224d24a4e2b42cbbb,f83baf5732ffbf88b9a448a3d9ab9fa270f7495fe44d1559c1ac49795a30881a,h5_fold3_fully_nested_v1
3,2022-01-15,2022-01-20,component_subtrain,True,,2022-07-21,2022-10-27,2023-02-20,6ed147cd585e5e8083292683f9be3cf585e97e4d46fa0e3224d24a4e2b42cbbb,f83baf5732ffbf88b9a448a3d9ab9fa270f7495fe44d1559c1ac49795a30881a,h5_fold3_fully_nested_v1
3,2022-01-16,2022-01-21,component_subtrain,True,,2022-07-21,2022-10-27,2023-02-20,6ed147cd585e5e8083292683f9be3cf585e97e4d46fa0e3224d24a4e2b42cbbb,f83baf5732ffbf88b9a448a3d9ab9fa270f7495fe44d1559c1ac49795a30881a,h5_fold3_fully_nested_v1
3,2022-01-17,2022-01-22,component_subtrain,True,,2022-07-21,2022-10-27,2023-02-20,6ed147cd585e5e8083292683f9be3cf585e97e4d46fa0e3224d24a4e2b42cbbb,f83baf5732ffbf88b9a448a3d9ab9fa270f7495fe44d1559c1ac49795a30881a,h5_fold3_fully_nested_v1
3,2022-01-18,2022-01-23,component_subtrain,True,,2022-07-21,2022-10-27,2023-02-20,6ed147cd585e5e8083292683f9be3cf585e97e4d46fa0e3224d24a4e2b42cbbb,f83baf5732ffbf88b9a448a3d9ab9fa270f7495fe44d1559c1ac49795a30881a,h5_fold3_fully_nested_v1
3,2022-01-19,2022-01-24,component_subtrain,True,,2022-07-21,2022-10-27,2023-02-20,6ed147cd585e5e8083292683f9be3cf585e97e4d46fa0e3224d24a4e2b42cbbb,f83baf5732ffbf88b9a448a3d9ab9fa270f7495fe44d1559c1ac49795a30881a,h5_fold3_fully_nested_v1
3,2022-01-20,2022-01-25,component_subtrain,True,,2022-07-21,2022-10-27,2023-02-20,6ed147cd585e5e8083292683f9be3cf585e97e4d46fa0e3224d24a4e2b42cbbb,f83baf5732ffbf88b9a448a3d9ab9fa270f7495fe44d1559c1ac49795a30881a,h5_fold3_fully_nested_v1
3,2022-01-21,2022-01-26,component_subtrain,True,,2022-07-21,2022-10-27,2023-02-20,6ed147cd585e5e8083292683f9be3cf585e97e4d46fa0e3224d24a4e2b42cbbb,f83baf5732ffbf88b9a448a3d9ab9fa270f7495fe44d1559c1ac49795a30881a,h5_fold3_fully_nested_v1
3,2022-01-22,2022-01-27,component_subtrain,True,,2022-07-21,2022-10-27,2023-02-20,6ed147cd585e5e8083292683f9be3cf585e97e4d46fa0e3224d24a4e2b42cbbb,f83baf5732ffbf88b9a448a3d9ab9fa270f7495fe44d1559c1ac49795a30881a,h5_fold3_fully_nested_v1
3,2022-01-23,2022-01-28,component_subtrain,True,,2022-07-21,2022-10-27,2023-02-20,6ed147cd585e5e8083292683f9be3cf585e97e4d46fa0e3224d24a4e2b42cbbb,f83baf5732ffbf88b9a448a3d9ab9fa270f7495fe44d1559c1ac49795a30881a,h5_fold3_fully_nested_v1
3,2022-01-24,2022-01-29,component_subtrain,True,,2022-07-21,2022-10-27,2023-02-20,6ed147cd585e5e8083292683f9be3cf585e97e4d46fa0e3224d24a4e2b42cbbb,f83baf5732ffbf88b9a448a3d9ab9fa270f7495fe44d1559c1ac49795a30881a,h5_fold3_fully_nested_v1
3,2022-01-25,2022-01-30,component_subtrain,True,,2022-07-21,2022-10-27,2023-02-20,6ed147cd585e5e8083292683f9be3cf585e97e4d46fa0e3224d24a4e2b42cbbb,f83baf5732ffbf88b9a448a3d9ab9fa270f7495fe44d1559c1ac49795a30881a,h5_fold3_fully_nested_v1
3,2022-01-26,2022-01-31,component_subtrain,True,,2022-07-21,2022-10-27,2023-02-20,6ed147cd585e5e8083292683f9be3cf585e97e4d46fa0e3224d24a4e2b42cbbb,f83baf5732ffbf88b9a448a3d9ab9fa270f7495fe44d1559c1ac49795a30881a,h5_fold3_fully_nested_v1
3,2022-01-27,2022-02-01,component_subtrain,True,,2022-07-21,2022-10-27,2023-02-20,6ed147cd585e5e8083292683f9be3cf585e97e4d46fa0e3224d24a4e2b42cbbb,f83baf5732ffbf88b9a448a3d9ab9fa270f7495fe44d1559c1ac49795a30881a,h5_fold3_fully_nested_v1
3,2022-01-28,2022-02-02,component_subtrain,True,,2022-07-21,2022-10-27,2023-02-20,6ed147cd585e5e8083292683f9be3cf585e97e4d46fa0e3224d24a4e2b42cbbb,f83baf5732ffbf88b9a448a3d9ab9fa270f7495fe44d1559c1ac49795a30881a,h5_fold3_fully_nested_v1
3,2022-01-29,2022-02-03,component_subtrain,True,,2022-07-21,2022-10-27,2023-02-20,6ed147cd585e5e8083292683f9be3cf585e97e4d46fa0e3224d24a4e2b42cbbb,f83baf5732ffbf88b9a448a3d9ab9fa270f7495fe44d1559c1ac49795a30881a,h5_fold3_fully_nested_v1
3,2022-01-30,2022-02-04,component_subtrain,True,,2022-07-21,2022-10-27,2023-02-20,6ed147cd585e5e8083292683f9be3cf585e97e4d46fa0e3224d24a4e2b42cbbb,f83baf5732ffbf88b9a448a3d9ab9fa270f7495fe44d1559c1ac49795a30881a,h5_fold3_fully_nested_v1
3,2022-01-31,2022-02-05,component_subtrain,True,,2022-07-21,2022-10-27,2023-02-20,6ed147cd585e5e8083292683f9be3cf585e97e4d46fa0e3224d24a4e2b42cbbb,f83baf5732ffbf88b9a448a3d9ab9fa270f7495fe44d1559c1ac49795a30881a,h5_fold3_fully_nested_v1
3,2022-02-01,2022-02-06,component_subtrain,True,,2022-07-21,2022-10-27,2023-02-20,6ed147cd585e5e8083292683f9be3cf585e97e4d46fa0e3224d24a4e2b42cbbb,f83baf5732ffbf88b9a448a3d9ab9fa270f7495fe44d1559c1ac49795a30881a,h5_fold3_fully_nested_v1
3,2022-02-02,2022-02-07,component_subtrain,True,,2022-07-21,2022-10-27,2023-02-20,6ed147cd585e5e8083292683f9be3cf585e97e4d46fa0e3224d24a4e2b42cbbb,f83baf5732ffbf88b9a448a3d9ab9fa270f7495fe44d1559c1ac49795a30881a,h5_fold3_fully_nested_v1
3,2022-02-03,2022-02-08,component_subtrain,True,,2022-07-21,2022-10-27,2023-02-20,6ed147cd585e5e8083292683f9be3cf585e97e4d46fa0e3224d24a4e2b42cbbb,f83baf5732ffbf88b9a448a3d9ab9fa270f7495fe44d1559c1ac49795a30881a,h5_fold3_fully_nested_v1
3,2022-02-04,2022-02-09,component_subtrain,True,,2022-07-21,2022-10-27,2023-02-20,6ed147cd585e5e8083292683f9be3cf585e97e4d46fa0e3224d24a4e2b42cbbb,f83baf5732ffbf88b9a448a3d9ab9fa270f7495fe44d1559c1ac49795a30881a,h5_fold3_fully_nested_v1
3,2022-02-05,2022-02-10,component_subtrain,True,,2022-07-21,2022-10-27,2023-02-20,6ed147cd585e5e8083292683f9be3cf585e97e4d46fa0e3224d24a4e2b42cbbb,f83baf5732ffbf88b9a448a3d9ab9fa270f7495fe44d1559c1ac49795a30881a,h5_fold3_fully_nested_v1
3,2022-02-06,2022-02-11,component_subtrain,True,,2022-07-21,2022-10-27,2023-02-20,6ed147cd585e5e8083292683f9be3cf585e97e4d46fa0e3224d24a4e2b42cbbb,f83baf5732ffbf88b9a448a3d9ab9fa270f7495fe44d1559c1ac49795a30881a,h5_fold3_fully_nested_v1
3,2022-02-07,2022-02-12,component_subtrain,True,,2022-07-21,2022-10-27,2023-02-20,6ed147cd585e5e8083292683f9be3cf585e97e4d46fa0e3224d24a4e2b42cbbb,f83baf5732ffbf88b9a448a3d9ab9fa270f7495fe44d1559c1ac49795a30881a,h5_fold3_fully_nested_v1
3,2022-02-08,2022-02-13,component_subtrain,True,,2022-07-21,2022-10-27,2023-02-20,6ed147cd585e5e8083292683f9be3cf585e97e4d46fa0e3224d24a4e2b42cbbb,f83baf5732ffbf88b9a448a3d9ab9fa270f7495fe44d1559c1ac49795a30881a,h5_fold3_fully_nested_v1
3,2022-02-09,2022-02-14,component_subtrain,True,,2022-07-21,2022-10-27,2023-02-20,6ed147cd585e5e8083292683f9be3cf585e97e4d46fa0e3224d24a4e2b42cbbb,f83baf5732ffbf88b9a448a3d9ab9fa270f7495fe44d1559c1ac49795a30881a,h5_fold3_fully_nested_v1
3,2022-02-10,2022-02-15,component_subtrain,True,,2022-07-21,2022-10-27,2023-02-20,6ed147cd585e5e8083292683f9be3cf585e97e4d46fa0e3224d24a4e2b42cbbb,f83baf5732ffbf88b9a448a3d9ab9fa270f7495fe44d1559c1ac49795a30881a,h5_fold3_fully_nested_v1
3,2022-02-11,2022-02-16,component_subtrain,True,,2022-07-21,2022-10-27,2023-02-20,6ed147cd585e5e8083292683f9be3cf585e97e4d46fa0e3224d24a4e2b42cbbb,f83baf5732ffbf88b9a448a3d9ab9fa270f7495fe44d1559c1ac49795a30881a,h5_fold3_fully_nested_v1
3,2022-02-12,2022-02-17,component_subtrain,True,,2022-07-21,2022-10-27,2023-02-20,6ed147cd585e5e8083292683f9be3cf585e97e4d46fa0e3224d24a4e2b42cbbb,f83baf5732ffbf88b9a448a3d9ab9fa270f7495fe44d1559c1ac49795a30881a,h5_fold3_fully_nested_v1
3,2022-02-13,2022-02-18,component_subtrain,True,,2022-07-21,2022-10-27,2023-02-20,6ed147cd585e5e8083292683f9be3cf585e97e4d46fa0e3224d24a4e2b42cbbb,f83baf5732ffbf88b9a448a3d9ab9fa270f7495fe44d1559c1ac49795a30881a,h5_fold3_fully_nested_v1
3,2022-02-14,2022-02-19,component_subtrain,True,,2022-07-21,2022-10-27,2023-02-20,6ed147cd585e5e8083292683f9be3cf585e97e4d46fa0e3224d24a4e2b42cbbb,f83baf5732ffbf88b9a448a3d9ab9fa270f7495fe44d1559c1ac49795a30881a,h5_fold3_fully_nested_v1
3,2022-02-15,2022-02-20,component_subtrain,True,,2022-07-21,2022-10-27,2023-02-20,6ed147cd585e5e8083292683f9be3cf585e97e4d46fa0e3224d24a4e2b42cbbb,f83baf5732ffbf88b9a448a3d9ab9fa270f7495fe44d1559c1ac49795a30881a,h5_fold3_fully_nested_v1
3,2022-02-16,2022-02-21,component_subtrain,True,,2022-07-21,2022-10-27,2023-02-20,6ed147cd585e5e8083292683f9be3cf585e97e4d46fa0e3224d24a4e2b42cbbb,f83baf5732ffbf88b9a448a3d9ab9fa270f7495fe44d1559c1ac49795a30881a,h5_fold3_fully_nested_v1
3,2022-02-17,2022-02-22,component_subtrain,True,,2022-07-21,2022-10-27,2023-02-20,6ed147cd585e5e8083292683f9be3cf585e97e4d46fa0e3224d24a4e2b42cbbb,f83baf5732ffbf88b9a448a3d9ab9fa270f7495fe44d1559c1ac49795a30881a,h5_fold3_fully_nested_v1
3,2022-02-18,2022-02-23,component_subtrain,True,,2022-07-21,2022-10-27,2023-02-20,6ed147cd585e5e8083292683f9be3cf585e97e4d46fa0e3224d24a4e2b42cbbb,f83baf5732ffbf88b9a448a3d9ab9fa270f7495fe44d1559c1ac49795a30881a,h5_fold3_fully_nested_v1
3,2022-02-19,2022-02-24,component_subtrain,True,,2022-07-21,2022-10-27,2023-02-20,6ed147cd585e5e8083292683f9be3cf585e97e4d46fa0e3224d24a4e2b42cbbb,f83baf5732ffbf88b9a448a3d9ab9fa270f7495fe44d1559c1ac49795a30881a,h5_fold3_fully_nested_v1
3,2022-02-20,2022-02-25,component_subtrain,True,,2022-07-21,2022-10-27,2023-02-20,6ed147cd585e5e8083292683f9be3cf585e97e4d46fa0e3224d24a4e2b42cbbb,f83baf5732ffbf88b9a448a3d9ab9fa270f7495fe44d1559c1ac49795a30881a,h5_fold3_fully_nested_v1
3,2022-02-21,2022-02-26,component_subtrain,True,,2022-07-21,2022-10-27,2023-02-20,6ed147cd585e5e8083292683f9be3cf585e97e4d46fa0e3224d24a4e2b42cbbb,f83baf5732ffbf88b9a448a3d9ab9fa270f7495fe44d1559c1ac49795a30881a,h5_fold3_fully_nested_v1
3,2022-02-22,2022-02-27,component_subtrain,True,,2022-07-21,2022-10-27,2023-02-20,6ed147cd585e5e8083292683f9be3cf585e97e4d46fa0e3224d24a4e2b42cbbb,f83baf5732ffbf88b9a448a3d9ab9fa270f7495fe44d1559c1ac49795a30881a,h5_fold3_fully_nested_v1
3,2022-02-23,2022-02-28,component_subtrain,True,,2022-07-21,2022-10-27,2023-02-20,6ed147cd585e5e8083292683f9be3cf585e97e4d46fa0e3224d24a4e2b42cbbb,f83baf5732ffbf88b9a448a3d9ab9fa270f7495fe44d1559c1ac49795a30881a,h5_fold3_fully_nested_v1
3,2022-02-24,2022-03-01,component_subtrain,True,,2022-07-21,2022-10-27,2023-02-20,6ed147cd585e5e8083292683f9be3cf585e97e4d46fa0e3224d24a4e2b42cbbb,f83baf5732ffbf88b9a448a3d9ab9fa270f7495fe44d1559c1ac49795a30881a,h5_fold3_fully_nested_v1
3,2022-02-25,2022-03-02,component_subtrain,True,,2022-07-21,2022-10-27,2023-02-20,6ed147cd585e5e8083292683f9be3cf585e97e4d46fa0e3224d24a4e2b42cbbb,f83baf5732ffbf88b9a448a3d9ab9fa270f7495fe44d1559c1ac49795a30881a,h5_fold3_fully_nested_v1
3,2022-02-26,2022-03-03,component_subtrain,True,,2022-07-21,2022-10-27,2023-02-20,6ed147cd585e5e8083292683f9be3cf585e97e4d46fa0e3224d24a4e2b42cbbb,f83baf5732ffbf88b9a448a3d9ab9fa270f7495fe44d1559c1ac49795a30881a,h5_fold3_fully_nested_v1
3,2022-02-27,2022-03-04,component_subtrain,True,,2022-07-21,2022-10-27,2023-02-20,6ed147cd585e5e8083292683f9be3cf585e97e4d46fa0e3224d24a4e2b42cbbb,f83baf5732ffbf88b9a448a3d9ab9fa270f7495fe44d1559c1ac49795a30881a,h5_fold3_fully_nested_v1
3,2022-02-28,2022-03-05,component_subtrain,True,,2022-07-21,2022-10-27,2023-02-20,6ed147cd585e5e8083292683f9be3cf585e97e4d46fa0e3224d24a4e2b42cbbb,f83baf5732ffbf88b9a448a3d9ab9fa270f7495fe44d1559c1ac49795a30881a,h5_fold3_fully_nested_v1
3,2022-03-01,2022-03-06,component_subtrain,True,,2022-07-21,2022-10-27,2023-02-20,6ed147cd585e5e8083292683f9be3cf585e97e4d46fa0e3224d24a4e2b42cbbb,f83baf5732ffbf88b9a448a3d9ab9fa270f7495fe44d1559c1ac49795a30881a,h5_fold3_fully_nested_v1
3,2022-03-02,2022-03-07,component_subtrain,True,,2022-07-21,2022-10-27,2023-02-20,6ed147cd585e5e8083292683f9be3cf585e97e4d46fa0e3224d24a4e2b42cbbb,f83baf5732ffbf88b9a448a3d9ab9fa270f7495fe44d1559c1ac49795a30881a,h5_fold3_fully_nested_v1
3,2022-03-03,2022-03-08,component_subtrain,True,,2022-07-21,2022-10-27,2023-02-20,6ed147cd585e5e8083292683f9be3cf585e97e4d46fa0e3224d24a4e2b42cbbb,f83baf5732ffbf88b9a448a3d9ab9fa270f7495fe44d1559c1ac49795a30881a,h5_fold3_fully_nested_v1
3,2022-03-04,2022-03-09,component_subtrain,True,,2022-07-21,2022-10-27,2023-02-20,6ed147cd585e5e8083292683f9be3cf585e97e4d46fa0e3224d24a4e2b42cbbb,f83baf5732ffbf88b9a448a3d9ab9fa270f7495fe44d1559c1ac49795a30881a,h5_fold3_fully_nested_v1
3,2022-03-05,2022-03-10,component_subtrain,True,,2022-07-21,2022-10-27,2023-02-20,6ed147cd585e5e8083292683f9be3cf585e97e4d46fa0e3224d24a4e2b42cbbb,f83baf5732ffbf88b9a448a3d9ab9fa270f7495fe44d1559c1ac49795a30881a,h5_fold3_fully_nested_v1
3,2022-03-06,2022-03-11,component_subtrain,True,,2022-07-21,2022-10-27,2023-02-20,6ed147cd585e5e8083292683f9be3cf585e97e4d46fa0e3224d24a4e2b42cbbb,f83baf5732ffbf88b9a448a3d9ab9fa270f7495fe44d1559c1ac49795a30881a,h5_fold3_fully_nested_v1
3,2022-03-07,2022-03-12,component_subtrain,True,,2022-07-21,2022-10-27,2023-02-20,6ed147cd585e5e8083292683f9be3cf585e97e4d46fa0e3224d24a4e2b42cbbb,f83baf5732ffbf88b9a448a3d9ab9fa270f7495fe44d1559c1ac49795a30881a,h5_fold3_fully_nested_v1
3,2022-03-08,2022-03-13,component_subtrain,True,,2022-07-21,2022-10-27,2023-02-20,6ed147cd585e5e8083292683f9be3cf585e97e4d46fa0e3224d24a4e2b42cbbb,f83baf5732ffbf88b9a448a3d9ab9fa270f7495fe44d1559c1ac49795a30881a,h5_fold3_fully_nested_v1
3,2022-03-09,2022-03-14,component_subtrain,True,,2022-07-21,2022-10-27,2023-02-20,6ed147cd585e5e8083292683f9be3cf585e97e4d46fa0e3224d24a4e2b42cbbb,f83baf5732ffbf88b9a448a3d9ab9fa270f7495fe44d1559c1ac49795a30881a,h5_fold3_fully_nested_v1
3,2022-03-10,2022-03-15,component_subtrain,True,,2022-07-21,2022-10-27,2023-02-20,6ed147cd585e5e8083292683f9be3cf585e97e4d46fa0e3224d24a4e2b42cbbb,f83baf5732ffbf88b9a448a3d9ab9fa270f7495fe44d1559c1ac49795a30881a,h5_fold3_fully_nested_v1
3,2022-03-11,2022-03-16,component_subtrain,True,,2022-07-21,2022-10-27,2023-02-20,6ed147cd585e5e8083292683f9be3cf585e97e4d46fa0e3224d24a4e2b42cbbb,f83baf5732ffbf88b9a448a3d9ab9fa270f7495fe44d1559c1ac49795a30881a,h5_fold3_fully_nested_v1
3,2022-03-12,2022-03-17,component_subtrain,True,,2022-07-21,2022-10-27,2023-02-20,6ed147cd585e5e8083292683f9be3cf585e97e4d46fa0e3224d24a4e2b42cbbb,f83baf5732ffbf88b9a448a3d9ab9fa270f7495fe44d1559c1ac49795a30881a,h5_fold3_fully_nested_v1
3,2022-03-13,2022-03-18,component_subtrain,True,,2022-07-21,2022-10-27,2023-02-20,6ed147cd585e5e8083292683f9be3cf585e97e4d46fa0e3224d24a4e2b42cbbb,f83baf5732ffbf88b9a448a3d9ab9fa270f7495fe44d1559c1ac49795a30881a,h5_fold3_fully_nested_v1
3,2022-03-14,2022-03-19,component_subtrain,True,,2022-07-21,2022-10-27,2023-02-20,6ed147cd585e5e8083292683f9be3cf585e97e4d46fa0e3224d24a4e2b42cbbb,f83baf5732ffbf88b9a448a3d9ab9fa270f7495fe44d1559c1ac49795a30881a,h5_fold3_fully_nested_v1
3,2022-03-15,2022-03-20,component_subtrain,True,,2022-07-21,2022-10-27,2023-02-20,6ed147cd585e5e8083292683f9be3cf585e97e4d46fa0e3224d24a4e2b42cbbb,f83baf5732ffbf88b9a448a3d9ab9fa270f7495fe44d1559c1ac49795a30881a,h5_fold3_fully_nested_v1
3,2022-03-16,2022-03-21,component_subtrain,True,,2022-07-21,2022-10-27,2023-02-20,6ed147cd585e5e8083292683f9be3cf585e97e4d46fa0e3224d24a4e2b42cbbb,f83baf5732ffbf88b9a448a3d9ab9fa270f7495fe44d1559c1ac49795a30881a,h5_fold3_fully_nested_v1
3,2022-03-17,2022-03-22,component_subtrain,True,,2022-07-21,2022-10-27,2023-02-20,6ed147cd585e5e8083292683f9be3cf585e97e4d46fa0e3224d24a4e2b42cbbb,f83baf5732ffbf88b9a448a3d9ab9fa270f7495fe44d1559c1ac49795a30881a,h5_fold3_fully_nested_v1
3,2022-03-18,2022-03-23,component_subtrain,True,,2022-07-21,2022-10-27,2023-02-20,6ed147cd585e5e8083292683f9be3cf585e97e4d46fa0e3224d24a4e2b42cbbb,f83baf5732ffbf88b9a448a3d9ab9fa270f7495fe44d1559c1ac49795a30881a,h5_fold3_fully_nested_v1
3,2022-03-19,2022-03-24,component_subtrain,True,,2022-07-21,2022-10-27,2023-02-20,6ed147cd585e5e8083292683f9be3cf585e97e4d46fa0e3224d24a4e2b42cbbb,f83baf5732ffbf88b9a448a3d9ab9fa270f7495fe44d1559c1ac49795a30881a,h5_fold3_fully_nested_v1
3,2022-03-20,2022-03-25,component_subtrain,True,,2022-07-21,2022-10-27,2023-02-20,6ed147cd585e5e8083292683f9be3cf585e97e4d46fa0e3224d24a4e2b42cbbb,f83baf5732ffbf88b9a448a3d9ab9fa270f7495fe44d1559c1ac49795a30881a,h5_fold3_fully_nested_v1
3,2022-03-21,2022-03-26,component_subtrain,True,,2022-07-21,2022-10-27,2023-02-20,6ed147cd585e5e8083292683f9be3cf585e97e4d46fa0e3224d24a4e2b42cbbb,f83baf5732ffbf88b9a448a3d9ab9fa270f7495fe44d1559c1ac49795a30881a,h5_fold3_fully_nested_v1
3,2022-03-22,2022-03-27,component_subtrain,True,,2022-07-21,2022-10-27,2023-02-20,6ed147cd585e5e8083292683f9be3cf585e97e4d46fa0e3224d24a4e2b42cbbb,f83baf5732ffbf88b9a448a3d9ab9fa270f7495fe44d1559c1ac49795a30881a,h5_fold3_fully_nested_v1
3,2022-03-23,2022-03-28,component_subtrain,True,,2022-07-21,2022-10-27,2023-02-20,6ed147cd585e5e8083292683f9be3cf585e97e4d46fa0e3224d24a4e2b42cbbb,f83baf5732ffbf88b9a448a3d9ab9fa270f7495fe44d1559c1ac49795a30881a,h5_fold3_fully_nested_v1
3,2022-03-24,2022-03-29,component_subtrain,True,,2022-07-21,2022-10-27,2023-02-20,6ed147cd585e5e8083292683f9be3cf585e97e4d46fa0e3224d24a4e2b42cbbb,f83baf5732ffbf88b9a448a3d9ab9fa270f7495fe44d1559c1ac49795a30881a,h5_fold3_fully_nested_v1
3,2022-03-25,2022-03-30,component_subtrain,True,,2022-07-21,2022-10-27,2023-02-20,6ed147cd585e5e8083292683f9be3cf585e97e4d46fa0e3224d24a4e2b42cbbb,f83baf5732ffbf88b9a448a3d9ab9fa270f7495fe44d1559c1ac49795a30881a,h5_fold3_fully_nested_v1
3,2022-03-26,2022-03-31,component_subtrain,True,,2022-07-21,2022-10-27,2023-02-20,6ed147cd585e5e8083292683f9be3cf585e97e4d46fa0e3224d24a4e2b42cbbb,f83baf5732ffbf88b9a448a3d9ab9fa270f7495fe44d1559c1ac49795a30881a,h5_fold3_fully_nested_v1
3,2022-03-27,2022-04-01,component_subtrain,True,,2022-07-21,2022-10-27,2023-02-20,6ed147cd585e5e8083292683f9be3cf585e97e4d46fa0e3224d24a4e2b42cbbb,f83baf5732ffbf88b9a448a3d9ab9fa270f7495fe44d1559c1ac49795a30881a,h5_fold3_fully_nested_v1
3,2022-03-28,2022-04-02,component_subtrain,True,,2022-07-21,2022-10-27,2023-02-20,6ed147cd585e5e8083292683f9be3cf585e97e4d46fa0e3224d24a4e2b42cbbb,f83baf5732ffbf88b9a448a3d9ab9fa270f7495fe44d1559c1ac49795a30881a,h5_fold3_fully_nested_v1
3,2022-03-29,2022-04-03,component_subtrain,True,,2022-07-21,2022-10-27,2023-02-20,6ed147cd585e5e8083292683f9be3cf585e97e4d46fa0e3224d24a4e2b42cbbb,f83baf5732ffbf88b9a448a3d9ab9fa270f7495fe44d1559c1ac49795a30881a,h5_fold3_fully_nested_v1
3,2022-03-30,2022-04-04,component_subtrain,True,,2022-07-21,2022-10-27,2023-02-20,6ed147cd585e5e8083292683f9be3cf585e97e4d46fa0e3224d24a4e2b42cbbb,f83baf5732ffbf88b9a448a3d9ab9fa270f7495fe44d1559c1ac49795a30881a,h5_fold3_fully_nested_v1
3,2022-03-31,2022-04-05,component_subtrain,True,,2022-07-21,2022-10-27,2023-02-20,6ed147cd585e5e8083292683f9be3cf585e97e4d46fa0e3224d24a4e2b42cbbb,f83baf5732ffbf88b9a448a3d9ab9fa270f7495fe44d1559c1ac49795a30881a,h5_fold3_fully_nested_v1
3,2022-04-01,2022-04-06,component_subtrain,True,,2022-07-21,2022-10-27,2023-02-20,6ed147cd585e5e8083292683f9be3cf585e97e4d46fa0e3224d24a4e2b42cbbb,f83baf5732ffbf88b9a448a3d9ab9fa270f7495fe44d1559c1ac49795a30881a,h5_fold3_fully_nested_v1
3,2022-04-02,2022-04-07,component_subtrain,True,,2022-07-21,2022-10-27,2023-02-20,6ed147cd585e5e8083292683f9be3cf585e97e4d46fa0e3224d24a4e2b42cbbb,f83baf5732ffbf88b9a448a3d9ab9fa270f7495fe44d1559c1ac49795a30881a,h5_fold3_fully_nested_v1
3,2022-04-03,2022-04-08,component_subtrain,True,,2022-07-21,2022-10-27,2023-02-20,6ed147cd585e5e8083292683f9be3cf585e97e4d46fa0e3224d24a4e2b42cbbb,f83baf5732ffbf88b9a448a3d9ab9fa270f7495fe44d1559c1ac49795a30881a,h5_fold3_fully_nested_v1
3,2022-04-04,2022-04-09,component_subtrain,True,,2022-07-21,2022-10-27,2023-02-20,6ed147cd585e5e8083292683f9be3cf585e97e4d46fa0e3224d24a4e2b42cbbb,f83baf5732ffbf88b9a448a3d9ab9fa270f7495fe44d1559c1ac49795a30881a,h5_fold3_fully_nested_v1
3,2022-04-05,2022-04-10,component_subtrain,True,,2022-07-21,2022-10-27,2023-02-20,6ed147cd585e5e8083292683f9be3cf585e97e4d46fa0e3224d24a4e2b42cbbb,f83baf5732ffbf88b9a448a3d9ab9fa270f7495fe44d1559c1ac49795a30881a,h5_fold3_fully_nested_v1
3,2022-04-06,2022-04-11,component_subtrain,True,,2022-07-21,2022-10-27,2023-02-20,6ed147cd585e5e8083292683f9be3cf585e97e4d46fa0e3224d24a4e2b42cbbb,f83baf5732ffbf88b9a448a3d9ab9fa270f7495fe44d1559c1ac49795a30881a,h5_fold3_fully_nested_v1
3,2022-04-07,2022-04-12,component_subtrain,True,,2022-07-21,2022-10-27,2023-02-20,6ed147cd585e5e8083292683f9be3cf585e97e4d46fa0e3224d24a4e2b42cbbb,f83baf5732ffbf88b9a448a3d9ab9fa270f7495fe44d1559c1ac49795a30881a,h5_fold3_fully_nested_v1
3,2022-04-08,2022-04-13,component_subtrain,True,,2022-07-21,2022-10-27,2023-02-20,6ed147cd585e5e8083292683f9be3cf585e97e4d46fa0e3224d24a4e2b42cbbb,f83baf5732ffbf88b9a448a3d9ab9fa270f7495fe44d1559c1ac49795a30881a,h5_fold3_fully_nested_v1
3,2022-04-09,2022-04-14,component_subtrain,True,,2022-07-21,2022-10-27,2023-02-20,6ed147cd585e5e8083292683f9be3cf585e97e4d46fa0e3224d24a4e2b42cbbb,f83baf5732ffbf88b9a448a3d9ab9fa270f7495fe44d1559c1ac49795a30881a,h5_fold3_fully_nested_v1
3,2022-04-10,2022-04-15,component_subtrain,True,,2022-07-21,2022-10-27,2023-02-20,6ed147cd585e5e8083292683f9be3cf585e97e4d46fa0e3224d24a4e2b42cbbb,f83baf5732ffbf88b9a448a3d9ab9fa270f7495fe44d1559c1ac49795a30881a,h5_fold3_fully_nested_v1
3,2022-04-11,2022-04-16,component_subtrain,True,,2022-07-21,2022-10-27,2023-02-20,6ed147cd585e5e8083292683f9be3cf585e97e4d46fa0e3224d24a4e2b42cbbb,f83baf5732ffbf88b9a448a3d9ab9fa270f7495fe44d1559c1ac49795a30881a,h5_fold3_fully_nested_v1
3,2022-04-12,2022-04-17,component_subtrain,True,,2022-07-21,2022-10-27,2023-02-20,6ed147cd585e5e8083292683f9be3cf585e97e4d46fa0e3224d24a4e2b42cbbb,f83baf5732ffbf88b9a448a3d9ab9fa270f7495fe44d1559c1ac49795a30881a,h5_fold3_fully_nested_v1
3,2022-04-13,2022-04-18,component_subtrain,True,,2022-07-21,2022-10-27,2023-02-20,6ed147cd585e5e8083292683f9be3cf585e97e4d46fa0e3224d24a4e2b42cbbb,f83baf5732ffbf88b9a448a3d9ab9fa270f7495fe44d1559c1ac49795a30881a,h5_fold3_fully_nested_v1
3,2022-04-14,2022-04-19,component_subtrain,True,,2022-07-21,2022-10-27,2023-02-20,6ed147cd585e5e8083292683f9be3cf585e97e4d46fa0e3224d24a4e2b42cbbb,f83baf5732ffbf88b9a448a3d9ab9fa270f7495fe44d1559c1ac49795a30881a,h5_fold3_fully_nested_v1
3,2022-04-15,2022-04-20,component_subtrain,True,,2022-07-21,2022-10-27,2023-02-20,6ed147cd585e5e8083292683f9be3cf585e97e4d46fa0e3224d24a4e2b42cbbb,f83baf5732ffbf88b9a448a3d9ab9fa270f7495fe44d1559c1ac49795a30881a,h5_fold3_fully_nested_v1
3,2022-04-16,2022-04-21,component_subtrain,True,,2022-07-21,2022-10-27,2023-02-20,6ed147cd585e5e8083292683f9be3cf585e97e4d46fa0e3224d24a4e2b42cbbb,f83baf5732ffbf88b9a448a3d9ab9fa270f7495fe44d1559c1ac49795a30881a,h5_fold3_fully_nested_v1
3,2022-04-17,2022-04-22,component_subtrain,True,,2022-07-21,2022-10-27,2023-02-20,6ed147cd585e5e8083292683f9be3cf585e97e4d46fa0e3224d24a4e2b42cbbb,f83baf5732ffbf88b9a448a3d9ab9fa270f7495fe44d1559c1ac49795a30881a,h5_fold3_fully_nested_v1
3,2022-04-18,2022-04-23,component_subtrain,True,,2022-07-21,2022-10-27,2023-02-20,6ed147cd585e5e8083292683f9be3cf585e97e4d46fa0e3224d24a4e2b42cbbb,f83baf5732ffbf88b9a448a3d9ab9fa270f7495fe44d1559c1ac49795a30881a,h5_fold3_fully_nested_v1
3,2022-04-19,2022-04-24,component_subtrain,True,,2022-07-21,2022-10-27,2023-02-20,6ed147cd585e5e8083292683f9be3cf585e97e4d46fa0e3224d24a4e2b42cbbb,f83baf5732ffbf88b9a448a3d9ab9fa270f7495fe44d1559c1ac49795a30881a,h5_fold3_fully_nested_v1
3,2022-04-20,2022-04-25,component_subtrain,True,,2022-07-21,2022-10-27,2023-02-20,6ed147cd585e5e8083292683f9be3cf585e97e4d46fa0e3224d24a4e2b42cbbb,f83baf5732ffbf88b9a448a3d9ab9fa270f7495fe44d1559c1ac49795a30881a,h5_fold3_fully_nested_v1
3,2022-04-21,2022-04-26,component_subtrain,True,,2022-07-21,2022-10-27,2023-02-20,6ed147cd585e5e8083292683f9be3cf585e97e4d46fa0e3224d24a4e2b42cbbb,f83baf5732ffbf88b9a448a3d9ab9fa270f7495fe44d1559c1ac49795a30881a,h5_fold3_fully_nested_v1
3,2022-04-22,2022-04-27,component_subtrain,True,,2022-07-21,2022-10-27,2023-02-20,6ed147cd585e5e8083292683f9be3cf585e97e4d46fa0e3224d24a4e2b42cbbb,f83baf5732ffbf88b9a448a3d9ab9fa270f7495fe44d1559c1ac49795a30881a,h5_fold3_fully_nested_v1
3,2022-04-23,2022-04-28,component_subtrain,True,,2022-07-21,2022-10-27,2023-02-20,6ed147cd585e5e8083292683f9be3cf585e97e4d46fa0e3224d24a4e2b42cbbb,f83baf5732ffbf88b9a448a3d9ab9fa270f7495fe44d1559c1ac49795a30881a,h5_fold3_fully_nested_v1
3,2022-04-24,2022-04-29,component_subtrain,True,,2022-07-21,2022-10-27,2023-02-20,6ed147cd585e5e8083292683f9be3cf585e97e4d46fa0e3224d24a4e2b42cbbb,f83baf5732ffbf88b9a448a3d9ab9fa270f7495fe44d1559c1ac49795a30881a,h5_fold3_fully_nested_v1
3,2022-04-25,2022-04-30,component_subtrain,True,,2022-07-21,2022-10-27,2023-02-20,6ed147cd585e5e8083292683f9be3cf585e97e4d46fa0e3224d24a4e2b42cbbb,f83baf5732ffbf88b9a448a3d9ab9fa270f7495fe44d1559c1ac49795a30881a,h5_fold3_fully_nested_v1
3,2022-04-26,2022-05-01,component_subtrain,True,,2022-07-21,2022-10-27,2023-02-20,6ed147cd585e5e8083292683f9be3cf585e97e4d46fa0e3224d24a4e2b42cbbb,f83baf5732ffbf88b9a448a3d9ab9fa270f7495fe44d1559c1ac49795a30881a,h5_fold3_fully_nested_v1
3,2022-04-27,2022-05-02,component_subtrain,True,,2022-07-21,2022-10-27,2023-02-20,6ed147cd585e5e8083292683f9be3cf585e97e4d46fa0e3224d24a4e2b42cbbb,f83baf5732ffbf88b9a448a3d9ab9fa270f7495fe44d1559c1ac49795a30881a,h5_fold3_fully_nested_v1
3,2022-04-28,2022-05-03,component_subtrain,True,,2022-07-21,2022-10-27,2023-02-20,6ed147cd585e5e8083292683f9be3cf585e97e4d46fa0e3224d24a4e2b42cbbb,f83baf5732ffbf88b9a448a3d9ab9fa270f7495fe44d1559c1ac49795a30881a,h5_fold3_fully_nested_v1
3,2022-04-29,2022-05-04,component_subtrain,True,,2022-07-21,2022-10-27,2023-02-20,6ed147cd585e5e8083292683f9be3cf585e97e4d46fa0e3224d24a4e2b42cbbb,f83baf5732ffbf88b9a448a3d9ab9fa270f7495fe44d1559c1ac49795a30881a,h5_fold3_fully_nested_v1
3,2022-04-30,2022-05-05,component_subtrain,True,,2022-07-21,2022-10-27,2023-02-20,6ed147cd585e5e8083292683f9be3cf585e97e4d46fa0e3224d24a4e2b42cbbb,f83baf5732ffbf88b9a448a3d9ab9fa270f7495fe44d1559c1ac49795a30881a,h5_fold3_fully_nested_v1
3,2022-05-01,2022-05-06,component_subtrain,True,,2022-07-21,2022-10-27,2023-02-20,6ed147cd585e5e8083292683f9be3cf585e97e4d46fa0e3224d24a4e2b42cbbb,f83baf5732ffbf88b9a448a3d9ab9fa270f7495fe44d1559c1ac49795a30881a,h5_fold3_fully_nested_v1
3,2022-05-02,2022-05-07,component_subtrain,True,,2022-07-21,2022-10-27,2023-02-20,6ed147cd585e5e8083292683f9be3cf585e97e4d46fa0e3224d24a4e2b42cbbb,f83baf5732ffbf88b9a448a3d9ab9fa270f7495fe44d1559c1ac49795a30881a,h5_fold3_fully_nested_v1
3,2022-05-03,2022-05-08,component_subtrain,True,,2022-07-21,2022-10-27,2023-02-20,6ed147cd585e5e8083292683f9be3cf585e97e4d46fa0e3224d24a4e2b42cbbb,f83baf5732ffbf88b9a448a3d9ab9fa270f7495fe44d1559c1ac49795a30881a,h5_fold3_fully_nested_v1
3,2022-05-04,2022-05-09,component_subtrain,True,,2022-07-21,2022-10-27,2023-02-20,6ed147cd585e5e8083292683f9be3cf585e97e4d46fa0e3224d24a4e2b42cbbb,f83baf5732ffbf88b9a448a3d9ab9fa270f7495fe44d1559c1ac49795a30881a,h5_fold3_fully_nested_v1
3,2022-05-05,2022-05-10,component_subtrain,True,,2022-07-21,2022-10-27,2023-02-20,6ed147cd585e5e8083292683f9be3cf585e97e4d46fa0e3224d24a4e2b42cbbb,f83baf5732ffbf88b9a448a3d9ab9fa270f7495fe44d1559c1ac49795a30881a,h5_fold3_fully_nested_v1
3,2022-05-06,2022-05-11,component_subtrain,True,,2022-07-21,2022-10-27,2023-02-20,6ed147cd585e5e8083292683f9be3cf585e97e4d46fa0e3224d24a4e2b42cbbb,f83baf5732ffbf88b9a448a3d9ab9fa270f7495fe44d1559c1ac49795a30881a,h5_fold3_fully_nested_v1
3,2022-05-07,2022-05-12,component_subtrain,True,,2022-07-21,2022-10-27,2023-02-20,6ed147cd585e5e8083292683f9be3cf585e97e4d46fa0e3224d24a4e2b42cbbb,f83baf5732ffbf88b9a448a3d9ab9fa270f7495fe44d1559c1ac49795a30881a,h5_fold3_fully_nested_v1
3,2022-05-08,2022-05-13,component_subtrain,True,,2022-07-21,2022-10-27,2023-02-20,6ed147cd585e5e8083292683f9be3cf585e97e4d46fa0e3224d24a4e2b42cbbb,f83baf5732ffbf88b9a448a3d9ab9fa270f7495fe44d1559c1ac49795a30881a,h5_fold3_fully_nested_v1
3,2022-05-09,2022-05-14,component_subtrain,True,,2022-07-21,2022-10-27,2023-02-20,6ed147cd585e5e8083292683f9be3cf585e97e4d46fa0e3224d24a4e2b42cbbb,f83baf5732ffbf88b9a448a3d9ab9fa270f7495fe44d1559c1ac49795a30881a,h5_fold3_fully_nested_v1
3,2022-05-10,2022-05-15,component_subtrain,True,,2022-07-21,2022-10-27,2023-02-20,6ed147cd585e5e8083292683f9be3cf585e97e4d46fa0e3224d24a4e2b42cbbb,f83baf5732ffbf88b9a448a3d9ab9fa270f7495fe44d1559c1ac49795a30881a,h5_fold3_fully_nested_v1
3,2022-05-11,2022-05-16,component_subtrain,True,,2022-07-21,2022-10-27,2023-02-20,6ed147cd585e5e8083292683f9be3cf585e97e4d46fa0e3224d24a4e2b42cbbb,f83baf5732ffbf88b9a448a3d9ab9fa270f7495fe44d1559c1ac49795a30881a,h5_fold3_fully_nested_v1
3,2022-05-12,2022-05-17,component_subtrain,True,,2022-07-21,2022-10-27,2023-02-20,6ed147cd585e5e8083292683f9be3cf585e97e4d46fa0e3224d24a4e2b42cbbb,f83baf5732ffbf88b9a448a3d9ab9fa270f7495fe44d1559c1ac49795a30881a,h5_fold3_fully_nested_v1
3,2022-05-13,2022-05-18,component_subtrain,True,,2022-07-21,2022-10-27,2023-02-20,6ed147cd585e5e8083292683f9be3cf585e97e4d46fa0e3224d24a4e2b42cbbb,f83baf5732ffbf88b9a448a3d9ab9fa270f7495fe44d1559c1ac49795a30881a,h5_fold3_fully_nested_v1
3,2022-05-14,2022-05-19,component_subtrain,True,,2022-07-21,2022-10-27,2023-02-20,6ed147cd585e5e8083292683f9be3cf585e97e4d46fa0e3224d24a4e2b42cbbb,f83baf5732ffbf88b9a448a3d9ab9fa270f7495fe44d1559c1ac49795a30881a,h5_fold3_fully_nested_v1
3,2022-05-15,2022-05-20,component_subtrain,True,,2022-07-21,2022-10-27,2023-02-20,6ed147cd585e5e8083292683f9be3cf585e97e4d46fa0e3224d24a4e2b42cbbb,f83baf5732ffbf88b9a448a3d9ab9fa270f7495fe44d1559c1ac49795a30881a,h5_fold3_fully_nested_v1
3,2022-05-16,2022-05-21,component_subtrain,True,,2022-07-21,2022-10-27,2023-02-20,6ed147cd585e5e8083292683f9be3cf585e97e4d46fa0e3224d24a4e2b42cbbb,f83baf5732ffbf88b9a448a3d9ab9fa270f7495fe44d1559c1ac49795a30881a,h5_fold3_fully_nested_v1
3,2022-05-17,2022-05-22,component_subtrain,True,,2022-07-21,2022-10-27,2023-02-20,6ed147cd585e5e8083292683f9be3cf585e97e4d46fa0e3224d24a4e2b42cbbb,f83baf5732ffbf88b9a448a3d9ab9fa270f7495fe44d1559c1ac49795a30881a,h5_fold3_fully_nested_v1
3,2022-05-18,2022-05-23,component_subtrain,True,,2022-07-21,2022-10-27,2023-02-20,6ed147cd585e5e8083292683f9be3cf585e97e4d46fa0e3224d24a4e2b42cbbb,f83baf5732ffbf88b9a448a3d9ab9fa270f7495fe44d1559c1ac49795a30881a,h5_fold3_fully_nested_v1
3,2022-05-19,2022-05-24,component_subtrain,True,,2022-07-21,2022-10-27,2023-02-20,6ed147cd585e5e8083292683f9be3cf585e97e4d46fa0e3224d24a4e2b42cbbb,f83baf5732ffbf88b9a448a3d9ab9fa270f7495fe44d1559c1ac49795a30881a,h5_fold3_fully_nested_v1
3,2022-05-20,2022-05-25,component_subtrain,True,,2022-07-21,2022-10-27,2023-02-20,6ed147cd585e5e8083292683f9be3cf585e97e4d46fa0e3224d24a4e2b42cbbb,f83baf5732ffbf88b9a448a3d9ab9fa270f7495fe44d1559c1ac49795a30881a,h5_fold3_fully_nested_v1
3,2022-05-21,2022-05-26,component_subtrain,True,,2022-07-21,2022-10-27,2023-02-20,6ed147cd585e5e8083292683f9be3cf585e97e4d46fa0e3224d24a4e2b42cbbb,f83baf5732ffbf88b9a448a3d9ab9fa270f7495fe44d1559c1ac49795a30881a,h5_fold3_fully_nested_v1
3,2022-05-22,2022-05-27,component_subtrain,True,,2022-07-21,2022-10-27,2023-02-20,6ed147cd585e5e8083292683f9be3cf585e97e4d46fa0e3224d24a4e2b42cbbb,f83baf5732ffbf88b9a448a3d9ab9fa270f7495fe44d1559c1ac49795a30881a,h5_fold3_fully_nested_v1
3,2022-05-23,2022-05-28,component_subtrain,True,,2022-07-21,2022-10-27,2023-02-20,6ed147cd585e5e8083292683f9be3cf585e97e4d46fa0e3224d24a4e2b42cbbb,f83baf5732ffbf88b9a448a3d9ab9fa270f7495fe44d1559c1ac49795a30881a,h5_fold3_fully_nested_v1
3,2022-05-24,2022-05-29,component_subtrain,True,,2022-07-21,2022-10-27,2023-02-20,6ed147cd585e5e8083292683f9be3cf585e97e4d46fa0e3224d24a4e2b42cbbb,f83baf5732ffbf88b9a448a3d9ab9fa270f7495fe44d1559c1ac49795a30881a,h5_fold3_fully_nested_v1
3,2022-05-25,2022-05-30,component_subtrain,True,,2022-07-21,2022-10-27,2023-02-20,6ed147cd585e5e8083292683f9be3cf585e97e4d46fa0e3224d24a4e2b42cbbb,f83baf5732ffbf88b9a448a3d9ab9fa270f7495fe44d1559c1ac49795a30881a,h5_fold3_fully_nested_v1
3,2022-05-26,2022-05-31,component_subtrain,True,,2022-07-21,2022-10-27,2023-02-20,6ed147cd585e5e8083292683f9be3cf585e97e4d46fa0e3224d24a4e2b42cbbb,f83baf5732ffbf88b9a448a3d9ab9fa270f7495fe44d1559c1ac49795a30881a,h5_fold3_fully_nested_v1
3,2022-05-27,2022-06-01,component_subtrain,True,,2022-07-21,2022-10-27,2023-02-20,6ed147cd585e5e8083292683f9be3cf585e97e4d46fa0e3224d24a4e2b42cbbb,f83baf5732ffbf88b9a448a3d9ab9fa270f7495fe44d1559c1ac49795a30881a,h5_fold3_fully_nested_v1
3,2022-05-28,2022-06-02,component_subtrain,True,,2022-07-21,2022-10-27,2023-02-20,6ed147cd585e5e8083292683f9be3cf585e97e4d46fa0e3224d24a4e2b42cbbb,f83baf5732ffbf88b9a448a3d9ab9fa270f7495fe44d1559c1ac49795a30881a,h5_fold3_fully_nested_v1
3,2022-05-29,2022-06-03,component_subtrain,True,,2022-07-21,2022-10-27,2023-02-20,6ed147cd585e5e8083292683f9be3cf585e97e4d46fa0e3224d24a4e2b42cbbb,f83baf5732ffbf88b9a448a3d9ab9fa270f7495fe44d1559c1ac49795a30881a,h5_fold3_fully_nested_v1
3,2022-05-30,2022-06-04,component_subtrain,True,,2022-07-21,2022-10-27,2023-02-20,6ed147cd585e5e8083292683f9be3cf585e97e4d46fa0e3224d24a4e2b42cbbb,f83baf5732ffbf88b9a448a3d9ab9fa270f7495fe44d1559c1ac49795a30881a,h5_fold3_fully_nested_v1
3,2022-05-31,2022-06-05,component_subtrain,True,,2022-07-21,2022-10-27,2023-02-20,6ed147cd585e5e8083292683f9be3cf585e97e4d46fa0e3224d24a4e2b42cbbb,f83baf5732ffbf88b9a448a3d9ab9fa270f7495fe44d1559c1ac49795a30881a,h5_fold3_fully_nested_v1
3,2022-06-01,2022-06-06,component_subtrain,True,,2022-07-21,2022-10-27,2023-02-20,6ed147cd585e5e8083292683f9be3cf585e97e4d46fa0e3224d24a4e2b42cbbb,f83baf5732ffbf88b9a448a3d9ab9fa270f7495fe44d1559c1ac49795a30881a,h5_fold3_fully_nested_v1
3,2022-06-02,2022-06-07,component_subtrain,True,,2022-07-21,2022-10-27,2023-02-20,6ed147cd585e5e8083292683f9be3cf585e97e4d46fa0e3224d24a4e2b42cbbb,f83baf5732ffbf88b9a448a3d9ab9fa270f7495fe44d1559c1ac49795a30881a,h5_fold3_fully_nested_v1
3,2022-06-03,2022-06-08,component_subtrain,True,,2022-07-21,2022-10-27,2023-02-20,6ed147cd585e5e8083292683f9be3cf585e97e4d46fa0e3224d24a4e2b42cbbb,f83baf5732ffbf88b9a448a3d9ab9fa270f7495fe44d1559c1ac49795a30881a,h5_fold3_fully_nested_v1
3,2022-06-04,2022-06-09,component_subtrain,True,,2022-07-21,2022-10-27,2023-02-20,6ed147cd585e5e8083292683f9be3cf585e97e4d46fa0e3224d24a4e2b42cbbb,f83baf5732ffbf88b9a448a3d9ab9fa270f7495fe44d1559c1ac49795a30881a,h5_fold3_fully_nested_v1
3,2022-06-05,2022-06-10,component_subtrain,True,,2022-07-21,2022-10-27,2023-02-20,6ed147cd585e5e8083292683f9be3cf585e97e4d46fa0e3224d24a4e2b42cbbb,f83baf5732ffbf88b9a448a3d9ab9fa270f7495fe44d1559c1ac49795a30881a,h5_fold3_fully_nested_v1
3,2022-06-06,2022-06-11,component_subtrain,True,,2022-07-21,2022-10-27,2023-02-20,6ed147cd585e5e8083292683f9be3cf585e97e4d46fa0e3224d24a4e2b42cbbb,f83baf5732ffbf88b9a448a3d9ab9fa270f7495fe44d1559c1ac49795a30881a,h5_fold3_fully_nested_v1
3,2022-06-07,2022-06-12,component_subtrain,True,,2022-07-21,2022-10-27,2023-02-20,6ed147cd585e5e8083292683f9be3cf585e97e4d46fa0e3224d24a4e2b42cbbb,f83baf5732ffbf88b9a448a3d9ab9fa270f7495fe44d1559c1ac49795a30881a,h5_fold3_fully_nested_v1
3,2022-06-08,2022-06-13,component_subtrain,True,,2022-07-21,2022-10-27,2023-02-20,6ed147cd585e5e8083292683f9be3cf585e97e4d46fa0e3224d24a4e2b42cbbb,f83baf5732ffbf88b9a448a3d9ab9fa270f7495fe44d1559c1ac49795a30881a,h5_fold3_fully_nested_v1
3,2022-06-09,2022-06-14,component_subtrain,True,,2022-07-21,2022-10-27,2023-02-20,6ed147cd585e5e8083292683f9be3cf585e97e4d46fa0e3224d24a4e2b42cbbb,f83baf5732ffbf88b9a448a3d9ab9fa270f7495fe44d1559c1ac49795a30881a,h5_fold3_fully_nested_v1
3,2022-06-10,2022-06-15,component_subtrain,True,,2022-07-21,2022-10-27,2023-02-20,6ed147cd585e5e8083292683f9be3cf585e97e4d46fa0e3224d24a4e2b42cbbb,f83baf5732ffbf88b9a448a3d9ab9fa270f7495fe44d1559c1ac49795a30881a,h5_fold3_fully_nested_v1
3,2022-06-11,2022-06-16,component_subtrain,True,,2022-07-21,2022-10-27,2023-02-20,6ed147cd585e5e8083292683f9be3cf585e97e4d46fa0e3224d24a4e2b42cbbb,f83baf5732ffbf88b9a448a3d9ab9fa270f7495fe44d1559c1ac49795a30881a,h5_fold3_fully_nested_v1
3,2022-06-12,2022-06-17,component_subtrain,True,,2022-07-21,2022-10-27,2023-02-20,6ed147cd585e5e8083292683f9be3cf585e97e4d46fa0e3224d24a4e2b42cbbb,f83baf5732ffbf88b9a448a3d9ab9fa270f7495fe44d1559c1ac49795a30881a,h5_fold3_fully_nested_v1
3,2022-06-13,2022-06-18,component_subtrain,True,,2022-07-21,2022-10-27,2023-02-20,6ed147cd585e5e8083292683f9be3cf585e97e4d46fa0e3224d24a4e2b42cbbb,f83baf5732ffbf88b9a448a3d9ab9fa270f7495fe44d1559c1ac49795a30881a,h5_fold3_fully_nested_v1
3,2022-06-14,2022-06-19,component_subtrain,True,,2022-07-21,2022-10-27,2023-02-20,6ed147cd585e5e8083292683f9be3cf585e97e4d46fa0e3224d24a4e2b42cbbb,f83baf5732ffbf88b9a448a3d9ab9fa270f7495fe44d1559c1ac49795a30881a,h5_fold3_fully_nested_v1
3,2022-06-15,2022-06-20,component_subtrain,True,,2022-07-21,2022-10-27,2023-02-20,6ed147cd585e5e8083292683f9be3cf585e97e4d46fa0e3224d24a4e2b42cbbb,f83baf5732ffbf88b9a448a3d9ab9fa270f7495fe44d1559c1ac49795a30881a,h5_fold3_fully_nested_v1
3,2022-06-16,2022-06-21,component_subtrain,True,,2022-07-21,2022-10-27,2023-02-20,6ed147cd585e5e8083292683f9be3cf585e97e4d46fa0e3224d24a4e2b42cbbb,f83baf5732ffbf88b9a448a3d9ab9fa270f7495fe44d1559c1ac49795a30881a,h5_fold3_fully_nested_v1
3,2022-06-17,2022-06-22,component_subtrain,True,,2022-07-21,2022-10-27,2023-02-20,6ed147cd585e5e8083292683f9be3cf585e97e4d46fa0e3224d24a4e2b42cbbb,f83baf5732ffbf88b9a448a3d9ab9fa270f7495fe44d1559c1ac49795a30881a,h5_fold3_fully_nested_v1
3,2022-06-18,2022-06-23,component_subtrain,True,,2022-07-21,2022-10-27,2023-02-20,6ed147cd585e5e8083292683f9be3cf585e97e4d46fa0e3224d24a4e2b42cbbb,f83baf5732ffbf88b9a448a3d9ab9fa270f7495fe44d1559c1ac49795a30881a,h5_fold3_fully_nested_v1
3,2022-06-19,2022-06-24,component_subtrain,True,,2022-07-21,2022-10-27,2023-02-20,6ed147cd585e5e8083292683f9be3cf585e97e4d46fa0e3224d24a4e2b42cbbb,f83baf5732ffbf88b9a448a3d9ab9fa270f7495fe44d1559c1ac49795a30881a,h5_fold3_fully_nested_v1
3,2022-06-20,2022-06-25,component_subtrain,True,,2022-07-21,2022-10-27,2023-02-20,6ed147cd585e5e8083292683f9be3cf585e97e4d46fa0e3224d24a4e2b42cbbb,f83baf5732ffbf88b9a448a3d9ab9fa270f7495fe44d1559c1ac49795a30881a,h5_fold3_fully_nested_v1
3,2022-06-21,2022-06-26,component_subtrain,True,,2022-07-21,2022-10-27,2023-02-20,6ed147cd585e5e8083292683f9be3cf585e97e4d46fa0e3224d24a4e2b42cbbb,f83baf5732ffbf88b9a448a3d9ab9fa270f7495fe44d1559c1ac49795a30881a,h5_fold3_fully_nested_v1
3,2022-06-22,2022-06-27,component_subtrain,True,,2022-07-21,2022-10-27,2023-02-20,6ed147cd585e5e8083292683f9be3cf585e97e4d46fa0e3224d24a4e2b42cbbb,f83baf5732ffbf88b9a448a3d9ab9fa270f7495fe44d1559c1ac49795a30881a,h5_fold3_fully_nested_v1
3,2022-06-23,2022-06-28,component_subtrain,True,,2022-07-21,2022-10-27,2023-02-20,6ed147cd585e5e8083292683f9be3cf585e97e4d46fa0e3224d24a4e2b42cbbb,f83baf5732ffbf88b9a448a3d9ab9fa270f7495fe44d1559c1ac49795a30881a,h5_fold3_fully_nested_v1
3,2022-06-24,2022-06-29,component_subtrain,True,,2022-07-21,2022-10-27,2023-02-20,6ed147cd585e5e8083292683f9be3cf585e97e4d46fa0e3224d24a4e2b42cbbb,f83baf5732ffbf88b9a448a3d9ab9fa270f7495fe44d1559c1ac49795a30881a,h5_fold3_fully_nested_v1
3,2022-06-25,2022-06-30,component_subtrain,True,,2022-07-21,2022-10-27,2023-02-20,6ed147cd585e5e8083292683f9be3cf585e97e4d46fa0e3224d24a4e2b42cbbb,f83baf5732ffbf88b9a448a3d9ab9fa270f7495fe44d1559c1ac49795a30881a,h5_fold3_fully_nested_v1
3,2022-06-26,2022-07-01,component_subtrain,True,,2022-07-21,2022-10-27,2023-02-20,6ed147cd585e5e8083292683f9be3cf585e97e4d46fa0e3224d24a4e2b42cbbb,f83baf5732ffbf88b9a448a3d9ab9fa270f7495fe44d1559c1ac49795a30881a,h5_fold3_fully_nested_v1
3,2022-06-27,2022-07-02,component_subtrain,True,,2022-07-21,2022-10-27,2023-02-20,6ed147cd585e5e8083292683f9be3cf585e97e4d46fa0e3224d24a4e2b42cbbb,f83baf5732ffbf88b9a448a3d9ab9fa270f7495fe44d1559c1ac49795a30881a,h5_fold3_fully_nested_v1
3,2022-06-28,2022-07-03,component_subtrain,True,,2022-07-21,2022-10-27,2023-02-20,6ed147cd585e5e8083292683f9be3cf585e97e4d46fa0e3224d24a4e2b42cbbb,f83baf5732ffbf88b9a448a3d9ab9fa270f7495fe44d1559c1ac49795a30881a,h5_fold3_fully_nested_v1
3,2022-06-29,2022-07-04,component_subtrain,True,,2022-07-21,2022-10-27,2023-02-20,6ed147cd585e5e8083292683f9be3cf585e97e4d46fa0e3224d24a4e2b42cbbb,f83baf5732ffbf88b9a448a3d9ab9fa270f7495fe44d1559c1ac49795a30881a,h5_fold3_fully_nested_v1
3,2022-06-30,2022-07-05,component_subtrain,True,,2022-07-21,2022-10-27,2023-02-20,6ed147cd585e5e8083292683f9be3cf585e97e4d46fa0e3224d24a4e2b42cbbb,f83baf5732ffbf88b9a448a3d9ab9fa270f7495fe44d1559c1ac49795a30881a,h5_fold3_fully_nested_v1
3,2022-07-01,2022-07-06,component_subtrain,True,,2022-07-21,2022-10-27,2023-02-20,6ed147cd585e5e8083292683f9be3cf585e97e4d46fa0e3224d24a4e2b42cbbb,f83baf5732ffbf88b9a448a3d9ab9fa270f7495fe44d1559c1ac49795a30881a,h5_fold3_fully_nested_v1
3,2022-07-02,2022-07-07,component_subtrain,True,,2022-07-21,2022-10-27,2023-02-20,6ed147cd585e5e8083292683f9be3cf585e97e4d46fa0e3224d24a4e2b42cbbb,f83baf5732ffbf88b9a448a3d9ab9fa270f7495fe44d1559c1ac49795a30881a,h5_fold3_fully_nested_v1
3,2022-07-03,2022-07-08,component_subtrain,True,,2022-07-21,2022-10-27,2023-02-20,6ed147cd585e5e8083292683f9be3cf585e97e4d46fa0e3224d24a4e2b42cbbb,f83baf5732ffbf88b9a448a3d9ab9fa270f7495fe44d1559c1ac49795a30881a,h5_fold3_fully_nested_v1
3,2022-07-04,2022-07-09,component_subtrain,True,,2022-07-21,2022-10-27,2023-02-20,6ed147cd585e5e8083292683f9be3cf585e97e4d46fa0e3224d24a4e2b42cbbb,f83baf5732ffbf88b9a448a3d9ab9fa270f7495fe44d1559c1ac49795a30881a,h5_fold3_fully_nested_v1
3,2022-07-05,2022-07-10,component_subtrain,True,,2022-07-21,2022-10-27,2023-02-20,6ed147cd585e5e8083292683f9be3cf585e97e4d46fa0e3224d24a4e2b42cbbb,f83baf5732ffbf88b9a448a3d9ab9fa270f7495fe44d1559c1ac49795a30881a,h5_fold3_fully_nested_v1
3,2022-07-06,2022-07-11,component_subtrain,True,,2022-07-21,2022-10-27,2023-02-20,6ed147cd585e5e8083292683f9be3cf585e97e4d46fa0e3224d24a4e2b42cbbb,f83baf5732ffbf88b9a448a3d9ab9fa270f7495fe44d1559c1ac49795a30881a,h5_fold3_fully_nested_v1
3,2022-07-07,2022-07-12,component_subtrain,True,,2022-07-21,2022-10-27,2023-02-20,6ed147cd585e5e8083292683f9be3cf585e97e4d46fa0e3224d24a4e2b42cbbb,f83baf5732ffbf88b9a448a3d9ab9fa270f7495fe44d1559c1ac49795a30881a,h5_fold3_fully_nested_v1
3,2022-07-08,2022-07-13,component_subtrain,True,,2022-07-21,2022-10-27,2023-02-20,6ed147cd585e5e8083292683f9be3cf585e97e4d46fa0e3224d24a4e2b42cbbb,f83baf5732ffbf88b9a448a3d9ab9fa270f7495fe44d1559c1ac49795a30881a,h5_fold3_fully_nested_v1
3,2022-07-09,2022-07-14,component_subtrain,True,,2022-07-21,2022-10-27,2023-02-20,6ed147cd585e5e8083292683f9be3cf585e97e4d46fa0e3224d24a4e2b42cbbb,f83baf5732ffbf88b9a448a3d9ab9fa270f7495fe44d1559c1ac49795a30881a,h5_fold3_fully_nested_v1
3,2022-07-10,2022-07-15,component_subtrain,True,,2022-07-21,2022-10-27,2023-02-20,6ed147cd585e5e8083292683f9be3cf585e97e4d46fa0e3224d24a4e2b42cbbb,f83baf5732ffbf88b9a448a3d9ab9fa270f7495fe44d1559c1ac49795a30881a,h5_fold3_fully_nested_v1
3,2022-07-11,2022-07-16,component_subtrain,True,,2022-07-21,2022-10-27,2023-02-20,6ed147cd585e5e8083292683f9be3cf585e97e4d46fa0e3224d24a4e2b42cbbb,f83baf5732ffbf88b9a448a3d9ab9fa270f7495fe44d1559c1ac49795a30881a,h5_fold3_fully_nested_v1
3,2022-07-12,2022-07-17,component_subtrain,True,,2022-07-21,2022-10-27,2023-02-20,6ed147cd585e5e8083292683f9be3cf585e97e4d46fa0e3224d24a4e2b42cbbb,f83baf5732ffbf88b9a448a3d9ab9fa270f7495fe44d1559c1ac49795a30881a,h5_fold3_fully_nested_v1
3,2022-07-13,2022-07-18,component_subtrain,True,,2022-07-21,2022-10-27,2023-02-20,6ed147cd585e5e8083292683f9be3cf585e97e4d46fa0e3224d24a4e2b42cbbb,f83baf5732ffbf88b9a448a3d9ab9fa270f7495fe44d1559c1ac49795a30881a,h5_fold3_fully_nested_v1
3,2022-07-14,2022-07-19,component_subtrain,True,,2022-07-21,2022-10-27,2023-02-20,6ed147cd585e5e8083292683f9be3cf585e97e4d46fa0e3224d24a4e2b42cbbb,f83baf5732ffbf88b9a448a3d9ab9fa270f7495fe44d1559c1ac49795a30881a,h5_fold3_fully_nested_v1
3,2022-07-15,2022-07-20,component_subtrain,True,,2022-07-21,2022-10-27,2023-02-20,6ed147cd585e5e8083292683f9be3cf585e97e4d46fa0e3224d24a4e2b42cbbb,f83baf5732ffbf88b9a448a3d9ab9fa270f7495fe44d1559c1ac49795a30881a,h5_fold3_fully_nested_v1
3,2022-07-16,2022-07-21,inner_embargo_excluded,False,target_date_not_before_component_validation_start,2022-07-21,2022-10-27,2023-02-20,6ed147cd585e5e8083292683f9be3cf585e97e4d46fa0e3224d24a4e2b42cbbb,f83baf5732ffbf88b9a448a3d9ab9fa270f7495fe44d1559c1ac49795a30881a,h5_fold3_fully_nested_v1
3,2022-07-17,2022-07-22,inner_embargo_excluded,False,target_date_not_before_component_validation_start,2022-07-21,2022-10-27,2023-02-20,6ed147cd585e5e8083292683f9be3cf585e97e4d46fa0e3224d24a4e2b42cbbb,f83baf5732ffbf88b9a448a3d9ab9fa270f7495fe44d1559c1ac49795a30881a,h5_fold3_fully_nested_v1
3,2022-07-18,2022-07-23,inner_embargo_excluded,False,target_date_not_before_component_validation_start,2022-07-21,2022-10-27,2023-02-20,6ed147cd585e5e8083292683f9be3cf585e97e4d46fa0e3224d24a4e2b42cbbb,f83baf5732ffbf88b9a448a3d9ab9fa270f7495fe44d1559c1ac49795a30881a,h5_fold3_fully_nested_v1
3,2022-07-19,2022-07-24,inner_embargo_excluded,False,target_date_not_before_component_validation_start,2022-07-21,2022-10-27,2023-02-20,6ed147cd585e5e8083292683f9be3cf585e97e4d46fa0e3224d24a4e2b42cbbb,f83baf5732ffbf88b9a448a3d9ab9fa270f7495fe44d1559c1ac49795a30881a,h5_fold3_fully_nested_v1
3,2022-07-20,2022-07-25,inner_embargo_excluded,False,target_date_not_before_component_validation_start,2022-07-21,2022-10-27,2023-02-20,6ed147cd585e5e8083292683f9be3cf585e97e4d46fa0e3224d24a4e2b42cbbb,f83baf5732ffbf88b9a448a3d9ab9fa270f7495fe44d1559c1ac49795a30881a,h5_fold3_fully_nested_v1
3,2022-07-21,2022-07-26,component_validation,True,,2022-07-21,2022-10-27,2023-02-20,6ed147cd585e5e8083292683f9be3cf585e97e4d46fa0e3224d24a4e2b42cbbb,f83baf5732ffbf88b9a448a3d9ab9fa270f7495fe44d1559c1ac49795a30881a,h5_fold3_fully_nested_v1
3,2022-07-22,2022-07-27,component_validation,True,,2022-07-21,2022-10-27,2023-02-20,6ed147cd585e5e8083292683f9be3cf585e97e4d46fa0e3224d24a4e2b42cbbb,f83baf5732ffbf88b9a448a3d9ab9fa270f7495fe44d1559c1ac49795a30881a,h5_fold3_fully_nested_v1
3,2022-07-23,2022-07-28,component_validation,True,,2022-07-21,2022-10-27,2023-02-20,6ed147cd585e5e8083292683f9be3cf585e97e4d46fa0e3224d24a4e2b42cbbb,f83baf5732ffbf88b9a448a3d9ab9fa270f7495fe44d1559c1ac49795a30881a,h5_fold3_fully_nested_v1
3,2022-07-24,2022-07-29,component_validation,True,,2022-07-21,2022-10-27,2023-02-20,6ed147cd585e5e8083292683f9be3cf585e97e4d46fa0e3224d24a4e2b42cbbb,f83baf5732ffbf88b9a448a3d9ab9fa270f7495fe44d1559c1ac49795a30881a,h5_fold3_fully_nested_v1
3,2022-07-25,2022-07-30,component_validation,True,,2022-07-21,2022-10-27,2023-02-20,6ed147cd585e5e8083292683f9be3cf585e97e4d46fa0e3224d24a4e2b42cbbb,f83baf5732ffbf88b9a448a3d9ab9fa270f7495fe44d1559c1ac49795a30881a,h5_fold3_fully_nested_v1
3,2022-07-26,2022-07-31,component_validation,True,,2022-07-21,2022-10-27,2023-02-20,6ed147cd585e5e8083292683f9be3cf585e97e4d46fa0e3224d24a4e2b42cbbb,f83baf5732ffbf88b9a448a3d9ab9fa270f7495fe44d1559c1ac49795a30881a,h5_fold3_fully_nested_v1
3,2022-07-27,2022-08-01,component_validation,True,,2022-07-21,2022-10-27,2023-02-20,6ed147cd585e5e8083292683f9be3cf585e97e4d46fa0e3224d24a4e2b42cbbb,f83baf5732ffbf88b9a448a3d9ab9fa270f7495fe44d1559c1ac49795a30881a,h5_fold3_fully_nested_v1
3,2022-07-28,2022-08-02,component_validation,True,,2022-07-21,2022-10-27,2023-02-20,6ed147cd585e5e8083292683f9be3cf585e97e4d46fa0e3224d24a4e2b42cbbb,f83baf5732ffbf88b9a448a3d9ab9fa270f7495fe44d1559c1ac49795a30881a,h5_fold3_fully_nested_v1
3,2022-07-29,2022-08-03,component_validation,True,,2022-07-21,2022-10-27,2023-02-20,6ed147cd585e5e8083292683f9be3cf585e97e4d46fa0e3224d24a4e2b42cbbb,f83baf5732ffbf88b9a448a3d9ab9fa270f7495fe44d1559c1ac49795a30881a,h5_fold3_fully_nested_v1
3,2022-07-30,2022-08-04,component_validation,True,,2022-07-21,2022-10-27,2023-02-20,6ed147cd585e5e8083292683f9be3cf585e97e4d46fa0e3224d24a4e2b42cbbb,f83baf5732ffbf88b9a448a3d9ab9fa270f7495fe44d1559c1ac49795a30881a,h5_fold3_fully_nested_v1
3,2022-07-31,2022-08-05,component_validation,True,,2022-07-21,2022-10-27,2023-02-20,6ed147cd585e5e8083292683f9be3cf585e97e4d46fa0e3224d24a4e2b42cbbb,f83baf5732ffbf88b9a448a3d9ab9fa270f7495fe44d1559c1ac49795a30881a,h5_fold3_fully_nested_v1
3,2022-08-01,2022-08-06,component_validation,True,,2022-07-21,2022-10-27,2023-02-20,6ed147cd585e5e8083292683f9be3cf585e97e4d46fa0e3224d24a4e2b42cbbb,f83baf5732ffbf88b9a448a3d9ab9fa270f7495fe44d1559c1ac49795a30881a,h5_fold3_fully_nested_v1
3,2022-08-02,2022-08-07,component_validation,True,,2022-07-21,2022-10-27,2023-02-20,6ed147cd585e5e8083292683f9be3cf585e97e4d46fa0e3224d24a4e2b42cbbb,f83baf5732ffbf88b9a448a3d9ab9fa270f7495fe44d1559c1ac49795a30881a,h5_fold3_fully_nested_v1
3,2022-08-03,2022-08-08,component_validation,True,,2022-07-21,2022-10-27,2023-02-20,6ed147cd585e5e8083292683f9be3cf585e97e4d46fa0e3224d24a4e2b42cbbb,f83baf5732ffbf88b9a448a3d9ab9fa270f7495fe44d1559c1ac49795a30881a,h5_fold3_fully_nested_v1
3,2022-08-04,2022-08-09,component_validation,True,,2022-07-21,2022-10-27,2023-02-20,6ed147cd585e5e8083292683f9be3cf585e97e4d46fa0e3224d24a4e2b42cbbb,f83baf5732ffbf88b9a448a3d9ab9fa270f7495fe44d1559c1ac49795a30881a,h5_fold3_fully_nested_v1
3,2022-08-05,2022-08-10,component_validation,True,,2022-07-21,2022-10-27,2023-02-20,6ed147cd585e5e8083292683f9be3cf585e97e4d46fa0e3224d24a4e2b42cbbb,f83baf5732ffbf88b9a448a3d9ab9fa270f7495fe44d1559c1ac49795a30881a,h5_fold3_fully_nested_v1
3,2022-08-06,2022-08-11,component_validation,True,,2022-07-21,2022-10-27,2023-02-20,6ed147cd585e5e8083292683f9be3cf585e97e4d46fa0e3224d24a4e2b42cbbb,f83baf5732ffbf88b9a448a3d9ab9fa270f7495fe44d1559c1ac49795a30881a,h5_fold3_fully_nested_v1
3,2022-08-07,2022-08-12,component_validation,True,,2022-07-21,2022-10-27,2023-02-20,6ed147cd585e5e8083292683f9be3cf585e97e4d46fa0e3224d24a4e2b42cbbb,f83baf5732ffbf88b9a448a3d9ab9fa270f7495fe44d1559c1ac49795a30881a,h5_fold3_fully_nested_v1
3,2022-08-08,2022-08-13,component_validation,True,,2022-07-21,2022-10-27,2023-02-20,6ed147cd585e5e8083292683f9be3cf585e97e4d46fa0e3224d24a4e2b42cbbb,f83baf5732ffbf88b9a448a3d9ab9fa270f7495fe44d1559c1ac49795a30881a,h5_fold3_fully_nested_v1
3,2022-08-09,2022-08-14,component_validation,True,,2022-07-21,2022-10-27,2023-02-20,6ed147cd585e5e8083292683f9be3cf585e97e4d46fa0e3224d24a4e2b42cbbb,f83baf5732ffbf88b9a448a3d9ab9fa270f7495fe44d1559c1ac49795a30881a,h5_fold3_fully_nested_v1
3,2022-08-10,2022-08-15,component_validation,True,,2022-07-21,2022-10-27,2023-02-20,6ed147cd585e5e8083292683f9be3cf585e97e4d46fa0e3224d24a4e2b42cbbb,f83baf5732ffbf88b9a448a3d9ab9fa270f7495fe44d1559c1ac49795a30881a,h5_fold3_fully_nested_v1
3,2022-08-11,2022-08-16,component_validation,True,,2022-07-21,2022-10-27,2023-02-20,6ed147cd585e5e8083292683f9be3cf585e97e4d46fa0e3224d24a4e2b42cbbb,f83baf5732ffbf88b9a448a3d9ab9fa270f7495fe44d1559c1ac49795a30881a,h5_fold3_fully_nested_v1
3,2022-08-12,2022-08-17,component_validation,True,,2022-07-21,2022-10-27,2023-02-20,6ed147cd585e5e8083292683f9be3cf585e97e4d46fa0e3224d24a4e2b42cbbb,f83baf5732ffbf88b9a448a3d9ab9fa270f7495fe44d1559c1ac49795a30881a,h5_fold3_fully_nested_v1
3,2022-08-13,2022-08-18,component_validation,True,,2022-07-21,2022-10-27,2023-02-20,6ed147cd585e5e8083292683f9be3cf585e97e4d46fa0e3224d24a4e2b42cbbb,f83baf5732ffbf88b9a448a3d9ab9fa270f7495fe44d1559c1ac49795a30881a,h5_fold3_fully_nested_v1
3,2022-08-14,2022-08-19,component_validation,True,,2022-07-21,2022-10-27,2023-02-20,6ed147cd585e5e8083292683f9be3cf585e97e4d46fa0e3224d24a4e2b42cbbb,f83baf5732ffbf88b9a448a3d9ab9fa270f7495fe44d1559c1ac49795a30881a,h5_fold3_fully_nested_v1
3,2022-08-15,2022-08-20,component_validation,True,,2022-07-21,2022-10-27,2023-02-20,6ed147cd585e5e8083292683f9be3cf585e97e4d46fa0e3224d24a4e2b42cbbb,f83baf5732ffbf88b9a448a3d9ab9fa270f7495fe44d1559c1ac49795a30881a,h5_fold3_fully_nested_v1
3,2022-08-16,2022-08-21,component_validation,True,,2022-07-21,2022-10-27,2023-02-20,6ed147cd585e5e8083292683f9be3cf585e97e4d46fa0e3224d24a4e2b42cbbb,f83baf5732ffbf88b9a448a3d9ab9fa270f7495fe44d1559c1ac49795a30881a,h5_fold3_fully_nested_v1
3,2022-08-17,2022-08-22,component_validation,True,,2022-07-21,2022-10-27,2023-02-20,6ed147cd585e5e8083292683f9be3cf585e97e4d46fa0e3224d24a4e2b42cbbb,f83baf5732ffbf88b9a448a3d9ab9fa270f7495fe44d1559c1ac49795a30881a,h5_fold3_fully_nested_v1
3,2022-08-18,2022-08-23,component_validation,True,,2022-07-21,2022-10-27,2023-02-20,6ed147cd585e5e8083292683f9be3cf585e97e4d46fa0e3224d24a4e2b42cbbb,f83baf5732ffbf88b9a448a3d9ab9fa270f7495fe44d1559c1ac49795a30881a,h5_fold3_fully_nested_v1
3,2022-08-19,2022-08-24,component_validation,True,,2022-07-21,2022-10-27,2023-02-20,6ed147cd585e5e8083292683f9be3cf585e97e4d46fa0e3224d24a4e2b42cbbb,f83baf5732ffbf88b9a448a3d9ab9fa270f7495fe44d1559c1ac49795a30881a,h5_fold3_fully_nested_v1
3,2022-08-20,2022-08-25,component_validation,True,,2022-07-21,2022-10-27,2023-02-20,6ed147cd585e5e8083292683f9be3cf585e97e4d46fa0e3224d24a4e2b42cbbb,f83baf5732ffbf88b9a448a3d9ab9fa270f7495fe44d1559c1ac49795a30881a,h5_fold3_fully_nested_v1
3,2022-08-21,2022-08-26,component_validation,True,,2022-07-21,2022-10-27,2023-02-20,6ed147cd585e5e8083292683f9be3cf585e97e4d46fa0e3224d24a4e2b42cbbb,f83baf5732ffbf88b9a448a3d9ab9fa270f7495fe44d1559c1ac49795a30881a,h5_fold3_fully_nested_v1
3,2022-08-22,2022-08-27,component_validation,True,,2022-07-21,2022-10-27,2023-02-20,6ed147cd585e5e8083292683f9be3cf585e97e4d46fa0e3224d24a4e2b42cbbb,f83baf5732ffbf88b9a448a3d9ab9fa270f7495fe44d1559c1ac49795a30881a,h5_fold3_fully_nested_v1
3,2022-08-23,2022-08-28,component_validation,True,,2022-07-21,2022-10-27,2023-02-20,6ed147cd585e5e8083292683f9be3cf585e97e4d46fa0e3224d24a4e2b42cbbb,f83baf5732ffbf88b9a448a3d9ab9fa270f7495fe44d1559c1ac49795a30881a,h5_fold3_fully_nested_v1
3,2022-08-24,2022-08-29,component_validation,True,,2022-07-21,2022-10-27,2023-02-20,6ed147cd585e5e8083292683f9be3cf585e97e4d46fa0e3224d24a4e2b42cbbb,f83baf5732ffbf88b9a448a3d9ab9fa270f7495fe44d1559c1ac49795a30881a,h5_fold3_fully_nested_v1
3,2022-08-25,2022-08-30,component_validation,True,,2022-07-21,2022-10-27,2023-02-20,6ed147cd585e5e8083292683f9be3cf585e97e4d46fa0e3224d24a4e2b42cbbb,f83baf5732ffbf88b9a448a3d9ab9fa270f7495fe44d1559c1ac49795a30881a,h5_fold3_fully_nested_v1
3,2022-08-26,2022-08-31,component_validation,True,,2022-07-21,2022-10-27,2023-02-20,6ed147cd585e5e8083292683f9be3cf585e97e4d46fa0e3224d24a4e2b42cbbb,f83baf5732ffbf88b9a448a3d9ab9fa270f7495fe44d1559c1ac49795a30881a,h5_fold3_fully_nested_v1
3,2022-08-27,2022-09-01,component_validation,True,,2022-07-21,2022-10-27,2023-02-20,6ed147cd585e5e8083292683f9be3cf585e97e4d46fa0e3224d24a4e2b42cbbb,f83baf5732ffbf88b9a448a3d9ab9fa270f7495fe44d1559c1ac49795a30881a,h5_fold3_fully_nested_v1
3,2022-08-28,2022-09-02,component_validation,True,,2022-07-21,2022-10-27,2023-02-20,6ed147cd585e5e8083292683f9be3cf585e97e4d46fa0e3224d24a4e2b42cbbb,f83baf5732ffbf88b9a448a3d9ab9fa270f7495fe44d1559c1ac49795a30881a,h5_fold3_fully_nested_v1
3,2022-08-29,2022-09-03,component_validation,True,,2022-07-21,2022-10-27,2023-02-20,6ed147cd585e5e8083292683f9be3cf585e97e4d46fa0e3224d24a4e2b42cbbb,f83baf5732ffbf88b9a448a3d9ab9fa270f7495fe44d1559c1ac49795a30881a,h5_fold3_fully_nested_v1
3,2022-08-30,2022-09-04,component_validation,True,,2022-07-21,2022-10-27,2023-02-20,6ed147cd585e5e8083292683f9be3cf585e97e4d46fa0e3224d24a4e2b42cbbb,f83baf5732ffbf88b9a448a3d9ab9fa270f7495fe44d1559c1ac49795a30881a,h5_fold3_fully_nested_v1
3,2022-08-31,2022-09-05,component_validation,True,,2022-07-21,2022-10-27,2023-02-20,6ed147cd585e5e8083292683f9be3cf585e97e4d46fa0e3224d24a4e2b42cbbb,f83baf5732ffbf88b9a448a3d9ab9fa270f7495fe44d1559c1ac49795a30881a,h5_fold3_fully_nested_v1
3,2022-09-01,2022-09-06,component_validation,True,,2022-07-21,2022-10-27,2023-02-20,6ed147cd585e5e8083292683f9be3cf585e97e4d46fa0e3224d24a4e2b42cbbb,f83baf5732ffbf88b9a448a3d9ab9fa270f7495fe44d1559c1ac49795a30881a,h5_fold3_fully_nested_v1
3,2022-09-02,2022-09-07,component_validation,True,,2022-07-21,2022-10-27,2023-02-20,6ed147cd585e5e8083292683f9be3cf585e97e4d46fa0e3224d24a4e2b42cbbb,f83baf5732ffbf88b9a448a3d9ab9fa270f7495fe44d1559c1ac49795a30881a,h5_fold3_fully_nested_v1
3,2022-09-03,2022-09-08,component_validation,True,,2022-07-21,2022-10-27,2023-02-20,6ed147cd585e5e8083292683f9be3cf585e97e4d46fa0e3224d24a4e2b42cbbb,f83baf5732ffbf88b9a448a3d9ab9fa270f7495fe44d1559c1ac49795a30881a,h5_fold3_fully_nested_v1
3,2022-09-04,2022-09-09,component_validation,True,,2022-07-21,2022-10-27,2023-02-20,6ed147cd585e5e8083292683f9be3cf585e97e4d46fa0e3224d24a4e2b42cbbb,f83baf5732ffbf88b9a448a3d9ab9fa270f7495fe44d1559c1ac49795a30881a,h5_fold3_fully_nested_v1
3,2022-09-05,2022-09-10,component_validation,True,,2022-07-21,2022-10-27,2023-02-20,6ed147cd585e5e8083292683f9be3cf585e97e4d46fa0e3224d24a4e2b42cbbb,f83baf5732ffbf88b9a448a3d9ab9fa270f7495fe44d1559c1ac49795a30881a,h5_fold3_fully_nested_v1
3,2022-09-06,2022-09-11,component_validation,True,,2022-07-21,2022-10-27,2023-02-20,6ed147cd585e5e8083292683f9be3cf585e97e4d46fa0e3224d24a4e2b42cbbb,f83baf5732ffbf88b9a448a3d9ab9fa270f7495fe44d1559c1ac49795a30881a,h5_fold3_fully_nested_v1
3,2022-09-07,2022-09-12,component_validation,True,,2022-07-21,2022-10-27,2023-02-20,6ed147cd585e5e8083292683f9be3cf585e97e4d46fa0e3224d24a4e2b42cbbb,f83baf5732ffbf88b9a448a3d9ab9fa270f7495fe44d1559c1ac49795a30881a,h5_fold3_fully_nested_v1
3,2022-09-08,2022-09-13,component_validation,True,,2022-07-21,2022-10-27,2023-02-20,6ed147cd585e5e8083292683f9be3cf585e97e4d46fa0e3224d24a4e2b42cbbb,f83baf5732ffbf88b9a448a3d9ab9fa270f7495fe44d1559c1ac49795a30881a,h5_fold3_fully_nested_v1
3,2022-09-09,2022-09-14,component_validation,True,,2022-07-21,2022-10-27,2023-02-20,6ed147cd585e5e8083292683f9be3cf585e97e4d46fa0e3224d24a4e2b42cbbb,f83baf5732ffbf88b9a448a3d9ab9fa270f7495fe44d1559c1ac49795a30881a,h5_fold3_fully_nested_v1
3,2022-09-10,2022-09-15,component_validation,True,,2022-07-21,2022-10-27,2023-02-20,6ed147cd585e5e8083292683f9be3cf585e97e4d46fa0e3224d24a4e2b42cbbb,f83baf5732ffbf88b9a448a3d9ab9fa270f7495fe44d1559c1ac49795a30881a,h5_fold3_fully_nested_v1
3,2022-09-11,2022-09-16,component_validation,True,,2022-07-21,2022-10-27,2023-02-20,6ed147cd585e5e8083292683f9be3cf585e97e4d46fa0e3224d24a4e2b42cbbb,f83baf5732ffbf88b9a448a3d9ab9fa270f7495fe44d1559c1ac49795a30881a,h5_fold3_fully_nested_v1
3,2022-09-12,2022-09-17,component_validation,True,,2022-07-21,2022-10-27,2023-02-20,6ed147cd585e5e8083292683f9be3cf585e97e4d46fa0e3224d24a4e2b42cbbb,f83baf5732ffbf88b9a448a3d9ab9fa270f7495fe44d1559c1ac49795a30881a,h5_fold3_fully_nested_v1
3,2022-09-13,2022-09-18,component_validation,True,,2022-07-21,2022-10-27,2023-02-20,6ed147cd585e5e8083292683f9be3cf585e97e4d46fa0e3224d24a4e2b42cbbb,f83baf5732ffbf88b9a448a3d9ab9fa270f7495fe44d1559c1ac49795a30881a,h5_fold3_fully_nested_v1
3,2022-09-14,2022-09-19,component_validation,True,,2022-07-21,2022-10-27,2023-02-20,6ed147cd585e5e8083292683f9be3cf585e97e4d46fa0e3224d24a4e2b42cbbb,f83baf5732ffbf88b9a448a3d9ab9fa270f7495fe44d1559c1ac49795a30881a,h5_fold3_fully_nested_v1
3,2022-09-15,2022-09-20,component_validation,True,,2022-07-21,2022-10-27,2023-02-20,6ed147cd585e5e8083292683f9be3cf585e97e4d46fa0e3224d24a4e2b42cbbb,f83baf5732ffbf88b9a448a3d9ab9fa270f7495fe44d1559c1ac49795a30881a,h5_fold3_fully_nested_v1
3,2022-09-16,2022-09-21,component_validation,True,,2022-07-21,2022-10-27,2023-02-20,6ed147cd585e5e8083292683f9be3cf585e97e4d46fa0e3224d24a4e2b42cbbb,f83baf5732ffbf88b9a448a3d9ab9fa270f7495fe44d1559c1ac49795a30881a,h5_fold3_fully_nested_v1
3,2022-09-17,2022-09-22,component_validation,True,,2022-07-21,2022-10-27,2023-02-20,6ed147cd585e5e8083292683f9be3cf585e97e4d46fa0e3224d24a4e2b42cbbb,f83baf5732ffbf88b9a448a3d9ab9fa270f7495fe44d1559c1ac49795a30881a,h5_fold3_fully_nested_v1
3,2022-09-18,2022-09-23,component_validation,True,,2022-07-21,2022-10-27,2023-02-20,6ed147cd585e5e8083292683f9be3cf585e97e4d46fa0e3224d24a4e2b42cbbb,f83baf5732ffbf88b9a448a3d9ab9fa270f7495fe44d1559c1ac49795a30881a,h5_fold3_fully_nested_v1
3,2022-09-19,2022-09-24,component_validation,True,,2022-07-21,2022-10-27,2023-02-20,6ed147cd585e5e8083292683f9be3cf585e97e4d46fa0e3224d24a4e2b42cbbb,f83baf5732ffbf88b9a448a3d9ab9fa270f7495fe44d1559c1ac49795a30881a,h5_fold3_fully_nested_v1
3,2022-09-20,2022-09-25,component_validation,True,,2022-07-21,2022-10-27,2023-02-20,6ed147cd585e5e8083292683f9be3cf585e97e4d46fa0e3224d24a4e2b42cbbb,f83baf5732ffbf88b9a448a3d9ab9fa270f7495fe44d1559c1ac49795a30881a,h5_fold3_fully_nested_v1
3,2022-09-21,2022-09-26,component_validation,True,,2022-07-21,2022-10-27,2023-02-20,6ed147cd585e5e8083292683f9be3cf585e97e4d46fa0e3224d24a4e2b42cbbb,f83baf5732ffbf88b9a448a3d9ab9fa270f7495fe44d1559c1ac49795a30881a,h5_fold3_fully_nested_v1
3,2022-09-22,2022-09-27,component_validation,True,,2022-07-21,2022-10-27,2023-02-20,6ed147cd585e5e8083292683f9be3cf585e97e4d46fa0e3224d24a4e2b42cbbb,f83baf5732ffbf88b9a448a3d9ab9fa270f7495fe44d1559c1ac49795a30881a,h5_fold3_fully_nested_v1
3,2022-09-23,2022-09-28,component_validation,True,,2022-07-21,2022-10-27,2023-02-20,6ed147cd585e5e8083292683f9be3cf585e97e4d46fa0e3224d24a4e2b42cbbb,f83baf5732ffbf88b9a448a3d9ab9fa270f7495fe44d1559c1ac49795a30881a,h5_fold3_fully_nested_v1
3,2022-09-24,2022-09-29,component_validation,True,,2022-07-21,2022-10-27,2023-02-20,6ed147cd585e5e8083292683f9be3cf585e97e4d46fa0e3224d24a4e2b42cbbb,f83baf5732ffbf88b9a448a3d9ab9fa270f7495fe44d1559c1ac49795a30881a,h5_fold3_fully_nested_v1
3,2022-09-25,2022-09-30,component_validation,True,,2022-07-21,2022-10-27,2023-02-20,6ed147cd585e5e8083292683f9be3cf585e97e4d46fa0e3224d24a4e2b42cbbb,f83baf5732ffbf88b9a448a3d9ab9fa270f7495fe44d1559c1ac49795a30881a,h5_fold3_fully_nested_v1
3,2022-09-26,2022-10-01,component_validation,True,,2022-07-21,2022-10-27,2023-02-20,6ed147cd585e5e8083292683f9be3cf585e97e4d46fa0e3224d24a4e2b42cbbb,f83baf5732ffbf88b9a448a3d9ab9fa270f7495fe44d1559c1ac49795a30881a,h5_fold3_fully_nested_v1
3,2022-09-27,2022-10-02,component_validation,True,,2022-07-21,2022-10-27,2023-02-20,6ed147cd585e5e8083292683f9be3cf585e97e4d46fa0e3224d24a4e2b42cbbb,f83baf5732ffbf88b9a448a3d9ab9fa270f7495fe44d1559c1ac49795a30881a,h5_fold3_fully_nested_v1
3,2022-09-28,2022-10-03,component_validation,True,,2022-07-21,2022-10-27,2023-02-20,6ed147cd585e5e8083292683f9be3cf585e97e4d46fa0e3224d24a4e2b42cbbb,f83baf5732ffbf88b9a448a3d9ab9fa270f7495fe44d1559c1ac49795a30881a,h5_fold3_fully_nested_v1
3,2022-09-29,2022-10-04,component_validation,True,,2022-07-21,2022-10-27,2023-02-20,6ed147cd585e5e8083292683f9be3cf585e97e4d46fa0e3224d24a4e2b42cbbb,f83baf5732ffbf88b9a448a3d9ab9fa270f7495fe44d1559c1ac49795a30881a,h5_fold3_fully_nested_v1
3,2022-09-30,2022-10-05,component_validation,True,,2022-07-21,2022-10-27,2023-02-20,6ed147cd585e5e8083292683f9be3cf585e97e4d46fa0e3224d24a4e2b42cbbb,f83baf5732ffbf88b9a448a3d9ab9fa270f7495fe44d1559c1ac49795a30881a,h5_fold3_fully_nested_v1
3,2022-10-01,2022-10-06,component_validation,True,,2022-07-21,2022-10-27,2023-02-20,6ed147cd585e5e8083292683f9be3cf585e97e4d46fa0e3224d24a4e2b42cbbb,f83baf5732ffbf88b9a448a3d9ab9fa270f7495fe44d1559c1ac49795a30881a,h5_fold3_fully_nested_v1
3,2022-10-02,2022-10-07,component_validation,True,,2022-07-21,2022-10-27,2023-02-20,6ed147cd585e5e8083292683f9be3cf585e97e4d46fa0e3224d24a4e2b42cbbb,f83baf5732ffbf88b9a448a3d9ab9fa270f7495fe44d1559c1ac49795a30881a,h5_fold3_fully_nested_v1
3,2022-10-03,2022-10-08,component_validation,True,,2022-07-21,2022-10-27,2023-02-20,6ed147cd585e5e8083292683f9be3cf585e97e4d46fa0e3224d24a4e2b42cbbb,f83baf5732ffbf88b9a448a3d9ab9fa270f7495fe44d1559c1ac49795a30881a,h5_fold3_fully_nested_v1
3,2022-10-04,2022-10-09,component_validation,True,,2022-07-21,2022-10-27,2023-02-20,6ed147cd585e5e8083292683f9be3cf585e97e4d46fa0e3224d24a4e2b42cbbb,f83baf5732ffbf88b9a448a3d9ab9fa270f7495fe44d1559c1ac49795a30881a,h5_fold3_fully_nested_v1
3,2022-10-05,2022-10-10,component_validation,True,,2022-07-21,2022-10-27,2023-02-20,6ed147cd585e5e8083292683f9be3cf585e97e4d46fa0e3224d24a4e2b42cbbb,f83baf5732ffbf88b9a448a3d9ab9fa270f7495fe44d1559c1ac49795a30881a,h5_fold3_fully_nested_v1
3,2022-10-06,2022-10-11,component_validation,True,,2022-07-21,2022-10-27,2023-02-20,6ed147cd585e5e8083292683f9be3cf585e97e4d46fa0e3224d24a4e2b42cbbb,f83baf5732ffbf88b9a448a3d9ab9fa270f7495fe44d1559c1ac49795a30881a,h5_fold3_fully_nested_v1
3,2022-10-07,2022-10-12,component_validation,True,,2022-07-21,2022-10-27,2023-02-20,6ed147cd585e5e8083292683f9be3cf585e97e4d46fa0e3224d24a4e2b42cbbb,f83baf5732ffbf88b9a448a3d9ab9fa270f7495fe44d1559c1ac49795a30881a,h5_fold3_fully_nested_v1
3,2022-10-08,2022-10-13,component_validation,True,,2022-07-21,2022-10-27,2023-02-20,6ed147cd585e5e8083292683f9be3cf585e97e4d46fa0e3224d24a4e2b42cbbb,f83baf5732ffbf88b9a448a3d9ab9fa270f7495fe44d1559c1ac49795a30881a,h5_fold3_fully_nested_v1
3,2022-10-09,2022-10-14,component_validation,True,,2022-07-21,2022-10-27,2023-02-20,6ed147cd585e5e8083292683f9be3cf585e97e4d46fa0e3224d24a4e2b42cbbb,f83baf5732ffbf88b9a448a3d9ab9fa270f7495fe44d1559c1ac49795a30881a,h5_fold3_fully_nested_v1
3,2022-10-10,2022-10-15,component_validation,True,,2022-07-21,2022-10-27,2023-02-20,6ed147cd585e5e8083292683f9be3cf585e97e4d46fa0e3224d24a4e2b42cbbb,f83baf5732ffbf88b9a448a3d9ab9fa270f7495fe44d1559c1ac49795a30881a,h5_fold3_fully_nested_v1
3,2022-10-11,2022-10-16,component_validation,True,,2022-07-21,2022-10-27,2023-02-20,6ed147cd585e5e8083292683f9be3cf585e97e4d46fa0e3224d24a4e2b42cbbb,f83baf5732ffbf88b9a448a3d9ab9fa270f7495fe44d1559c1ac49795a30881a,h5_fold3_fully_nested_v1
3,2022-10-12,2022-10-17,component_validation,True,,2022-07-21,2022-10-27,2023-02-20,6ed147cd585e5e8083292683f9be3cf585e97e4d46fa0e3224d24a4e2b42cbbb,f83baf5732ffbf88b9a448a3d9ab9fa270f7495fe44d1559c1ac49795a30881a,h5_fold3_fully_nested_v1
3,2022-10-13,2022-10-18,component_validation,True,,2022-07-21,2022-10-27,2023-02-20,6ed147cd585e5e8083292683f9be3cf585e97e4d46fa0e3224d24a4e2b42cbbb,f83baf5732ffbf88b9a448a3d9ab9fa270f7495fe44d1559c1ac49795a30881a,h5_fold3_fully_nested_v1
3,2022-10-14,2022-10-19,component_validation,True,,2022-07-21,2022-10-27,2023-02-20,6ed147cd585e5e8083292683f9be3cf585e97e4d46fa0e3224d24a4e2b42cbbb,f83baf5732ffbf88b9a448a3d9ab9fa270f7495fe44d1559c1ac49795a30881a,h5_fold3_fully_nested_v1
3,2022-10-15,2022-10-20,component_validation,True,,2022-07-21,2022-10-27,2023-02-20,6ed147cd585e5e8083292683f9be3cf585e97e4d46fa0e3224d24a4e2b42cbbb,f83baf5732ffbf88b9a448a3d9ab9fa270f7495fe44d1559c1ac49795a30881a,h5_fold3_fully_nested_v1
3,2022-10-16,2022-10-21,component_validation,True,,2022-07-21,2022-10-27,2023-02-20,6ed147cd585e5e8083292683f9be3cf585e97e4d46fa0e3224d24a4e2b42cbbb,f83baf5732ffbf88b9a448a3d9ab9fa270f7495fe44d1559c1ac49795a30881a,h5_fold3_fully_nested_v1
3,2022-10-17,2022-10-22,component_validation,True,,2022-07-21,2022-10-27,2023-02-20,6ed147cd585e5e8083292683f9be3cf585e97e4d46fa0e3224d24a4e2b42cbbb,f83baf5732ffbf88b9a448a3d9ab9fa270f7495fe44d1559c1ac49795a30881a,h5_fold3_fully_nested_v1
3,2022-10-18,2022-10-23,component_validation,True,,2022-07-21,2022-10-27,2023-02-20,6ed147cd585e5e8083292683f9be3cf585e97e4d46fa0e3224d24a4e2b42cbbb,f83baf5732ffbf88b9a448a3d9ab9fa270f7495fe44d1559c1ac49795a30881a,h5_fold3_fully_nested_v1
3,2022-10-19,2022-10-24,component_validation,True,,2022-07-21,2022-10-27,2023-02-20,6ed147cd585e5e8083292683f9be3cf585e97e4d46fa0e3224d24a4e2b42cbbb,f83baf5732ffbf88b9a448a3d9ab9fa270f7495fe44d1559c1ac49795a30881a,h5_fold3_fully_nested_v1
3,2022-10-20,2022-10-25,component_validation,True,,2022-07-21,2022-10-27,2023-02-20,6ed147cd585e5e8083292683f9be3cf585e97e4d46fa0e3224d24a4e2b42cbbb,f83baf5732ffbf88b9a448a3d9ab9fa270f7495fe44d1559c1ac49795a30881a,h5_fold3_fully_nested_v1
3,2022-10-21,2022-10-26,component_validation,True,,2022-07-21,2022-10-27,2023-02-20,6ed147cd585e5e8083292683f9be3cf585e97e4d46fa0e3224d24a4e2b42cbbb,f83baf5732ffbf88b9a448a3d9ab9fa270f7495fe44d1559c1ac49795a30881a,h5_fold3_fully_nested_v1
3,2022-10-22,2022-10-27,hybrid_embargo_excluded,False,target_date_not_before_hybrid_validation_start,2022-07-21,2022-10-27,2023-02-20,6ed147cd585e5e8083292683f9be3cf585e97e4d46fa0e3224d24a4e2b42cbbb,f83baf5732ffbf88b9a448a3d9ab9fa270f7495fe44d1559c1ac49795a30881a,h5_fold3_fully_nested_v1
3,2022-10-23,2022-10-28,hybrid_embargo_excluded,False,target_date_not_before_hybrid_validation_start,2022-07-21,2022-10-27,2023-02-20,6ed147cd585e5e8083292683f9be3cf585e97e4d46fa0e3224d24a4e2b42cbbb,f83baf5732ffbf88b9a448a3d9ab9fa270f7495fe44d1559c1ac49795a30881a,h5_fold3_fully_nested_v1
3,2022-10-24,2022-10-29,hybrid_embargo_excluded,False,target_date_not_before_hybrid_validation_start,2022-07-21,2022-10-27,2023-02-20,6ed147cd585e5e8083292683f9be3cf585e97e4d46fa0e3224d24a4e2b42cbbb,f83baf5732ffbf88b9a448a3d9ab9fa270f7495fe44d1559c1ac49795a30881a,h5_fold3_fully_nested_v1
3,2022-10-25,2022-10-30,hybrid_embargo_excluded,False,target_date_not_before_hybrid_validation_start,2022-07-21,2022-10-27,2023-02-20,6ed147cd585e5e8083292683f9be3cf585e97e4d46fa0e3224d24a4e2b42cbbb,f83baf5732ffbf88b9a448a3d9ab9fa270f7495fe44d1559c1ac49795a30881a,h5_fold3_fully_nested_v1
3,2022-10-26,2022-10-31,hybrid_embargo_excluded,False,target_date_not_before_hybrid_validation_start,2022-07-21,2022-10-27,2023-02-20,6ed147cd585e5e8083292683f9be3cf585e97e4d46fa0e3224d24a4e2b42cbbb,f83baf5732ffbf88b9a448a3d9ab9fa270f7495fe44d1559c1ac49795a30881a,h5_fold3_fully_nested_v1
3,2022-10-27,2022-11-01,hybrid_validation,True,,2022-07-21,2022-10-27,2023-02-20,6ed147cd585e5e8083292683f9be3cf585e97e4d46fa0e3224d24a4e2b42cbbb,f83baf5732ffbf88b9a448a3d9ab9fa270f7495fe44d1559c1ac49795a30881a,h5_fold3_fully_nested_v1
3,2022-10-28,2022-11-02,hybrid_validation,True,,2022-07-21,2022-10-27,2023-02-20,6ed147cd585e5e8083292683f9be3cf585e97e4d46fa0e3224d24a4e2b42cbbb,f83baf5732ffbf88b9a448a3d9ab9fa270f7495fe44d1559c1ac49795a30881a,h5_fold3_fully_nested_v1
3,2022-10-29,2022-11-03,hybrid_validation,True,,2022-07-21,2022-10-27,2023-02-20,6ed147cd585e5e8083292683f9be3cf585e97e4d46fa0e3224d24a4e2b42cbbb,f83baf5732ffbf88b9a448a3d9ab9fa270f7495fe44d1559c1ac49795a30881a,h5_fold3_fully_nested_v1
3,2022-10-30,2022-11-04,hybrid_validation,True,,2022-07-21,2022-10-27,2023-02-20,6ed147cd585e5e8083292683f9be3cf585e97e4d46fa0e3224d24a4e2b42cbbb,f83baf5732ffbf88b9a448a3d9ab9fa270f7495fe44d1559c1ac49795a30881a,h5_fold3_fully_nested_v1
3,2022-10-31,2022-11-05,hybrid_validation,True,,2022-07-21,2022-10-27,2023-02-20,6ed147cd585e5e8083292683f9be3cf585e97e4d46fa0e3224d24a4e2b42cbbb,f83baf5732ffbf88b9a448a3d9ab9fa270f7495fe44d1559c1ac49795a30881a,h5_fold3_fully_nested_v1
3,2022-11-01,2022-11-06,hybrid_validation,True,,2022-07-21,2022-10-27,2023-02-20,6ed147cd585e5e8083292683f9be3cf585e97e4d46fa0e3224d24a4e2b42cbbb,f83baf5732ffbf88b9a448a3d9ab9fa270f7495fe44d1559c1ac49795a30881a,h5_fold3_fully_nested_v1
3,2022-11-02,2022-11-07,hybrid_validation,True,,2022-07-21,2022-10-27,2023-02-20,6ed147cd585e5e8083292683f9be3cf585e97e4d46fa0e3224d24a4e2b42cbbb,f83baf5732ffbf88b9a448a3d9ab9fa270f7495fe44d1559c1ac49795a30881a,h5_fold3_fully_nested_v1
3,2022-11-03,2022-11-08,hybrid_validation,True,,2022-07-21,2022-10-27,2023-02-20,6ed147cd585e5e8083292683f9be3cf585e97e4d46fa0e3224d24a4e2b42cbbb,f83baf5732ffbf88b9a448a3d9ab9fa270f7495fe44d1559c1ac49795a30881a,h5_fold3_fully_nested_v1
3,2022-11-04,2022-11-09,hybrid_validation,True,,2022-07-21,2022-10-27,2023-02-20,6ed147cd585e5e8083292683f9be3cf585e97e4d46fa0e3224d24a4e2b42cbbb,f83baf5732ffbf88b9a448a3d9ab9fa270f7495fe44d1559c1ac49795a30881a,h5_fold3_fully_nested_v1
3,2022-11-05,2022-11-10,hybrid_validation,True,,2022-07-21,2022-10-27,2023-02-20,6ed147cd585e5e8083292683f9be3cf585e97e4d46fa0e3224d24a4e2b42cbbb,f83baf5732ffbf88b9a448a3d9ab9fa270f7495fe44d1559c1ac49795a30881a,h5_fold3_fully_nested_v1
3,2022-11-06,2022-11-11,hybrid_validation,True,,2022-07-21,2022-10-27,2023-02-20,6ed147cd585e5e8083292683f9be3cf585e97e4d46fa0e3224d24a4e2b42cbbb,f83baf5732ffbf88b9a448a3d9ab9fa270f7495fe44d1559c1ac49795a30881a,h5_fold3_fully_nested_v1
3,2022-11-07,2022-11-12,hybrid_validation,True,,2022-07-21,2022-10-27,2023-02-20,6ed147cd585e5e8083292683f9be3cf585e97e4d46fa0e3224d24a4e2b42cbbb,f83baf5732ffbf88b9a448a3d9ab9fa270f7495fe44d1559c1ac49795a30881a,h5_fold3_fully_nested_v1
3,2022-11-08,2022-11-13,hybrid_validation,True,,2022-07-21,2022-10-27,2023-02-20,6ed147cd585e5e8083292683f9be3cf585e97e4d46fa0e3224d24a4e2b42cbbb,f83baf5732ffbf88b9a448a3d9ab9fa270f7495fe44d1559c1ac49795a30881a,h5_fold3_fully_nested_v1
3,2022-11-09,2022-11-14,hybrid_validation,True,,2022-07-21,2022-10-27,2023-02-20,6ed147cd585e5e8083292683f9be3cf585e97e4d46fa0e3224d24a4e2b42cbbb,f83baf5732ffbf88b9a448a3d9ab9fa270f7495fe44d1559c1ac49795a30881a,h5_fold3_fully_nested_v1
3,2022-11-10,2022-11-15,hybrid_validation,True,,2022-07-21,2022-10-27,2023-02-20,6ed147cd585e5e8083292683f9be3cf585e97e4d46fa0e3224d24a4e2b42cbbb,f83baf5732ffbf88b9a448a3d9ab9fa270f7495fe44d1559c1ac49795a30881a,h5_fold3_fully_nested_v1
3,2022-11-11,2022-11-16,hybrid_validation,True,,2022-07-21,2022-10-27,2023-02-20,6ed147cd585e5e8083292683f9be3cf585e97e4d46fa0e3224d24a4e2b42cbbb,f83baf5732ffbf88b9a448a3d9ab9fa270f7495fe44d1559c1ac49795a30881a,h5_fold3_fully_nested_v1
3,2022-11-12,2022-11-17,hybrid_validation,True,,2022-07-21,2022-10-27,2023-02-20,6ed147cd585e5e8083292683f9be3cf585e97e4d46fa0e3224d24a4e2b42cbbb,f83baf5732ffbf88b9a448a3d9ab9fa270f7495fe44d1559c1ac49795a30881a,h5_fold3_fully_nested_v1
3,2022-11-13,2022-11-18,hybrid_validation,True,,2022-07-21,2022-10-27,2023-02-20,6ed147cd585e5e8083292683f9be3cf585e97e4d46fa0e3224d24a4e2b42cbbb,f83baf5732ffbf88b9a448a3d9ab9fa270f7495fe44d1559c1ac49795a30881a,h5_fold3_fully_nested_v1
3,2022-11-14,2022-11-19,hybrid_validation,True,,2022-07-21,2022-10-27,2023-02-20,6ed147cd585e5e8083292683f9be3cf585e97e4d46fa0e3224d24a4e2b42cbbb,f83baf5732ffbf88b9a448a3d9ab9fa270f7495fe44d1559c1ac49795a30881a,h5_fold3_fully_nested_v1
3,2022-11-15,2022-11-20,hybrid_validation,True,,2022-07-21,2022-10-27,2023-02-20,6ed147cd585e5e8083292683f9be3cf585e97e4d46fa0e3224d24a4e2b42cbbb,f83baf5732ffbf88b9a448a3d9ab9fa270f7495fe44d1559c1ac49795a30881a,h5_fold3_fully_nested_v1
3,2022-11-16,2022-11-21,hybrid_validation,True,,2022-07-21,2022-10-27,2023-02-20,6ed147cd585e5e8083292683f9be3cf585e97e4d46fa0e3224d24a4e2b42cbbb,f83baf5732ffbf88b9a448a3d9ab9fa270f7495fe44d1559c1ac49795a30881a,h5_fold3_fully_nested_v1
3,2022-11-17,2022-11-22,hybrid_validation,True,,2022-07-21,2022-10-27,2023-02-20,6ed147cd585e5e8083292683f9be3cf585e97e4d46fa0e3224d24a4e2b42cbbb,f83baf5732ffbf88b9a448a3d9ab9fa270f7495fe44d1559c1ac49795a30881a,h5_fold3_fully_nested_v1
3,2022-11-18,2022-11-23,hybrid_validation,True,,2022-07-21,2022-10-27,2023-02-20,6ed147cd585e5e8083292683f9be3cf585e97e4d46fa0e3224d24a4e2b42cbbb,f83baf5732ffbf88b9a448a3d9ab9fa270f7495fe44d1559c1ac49795a30881a,h5_fold3_fully_nested_v1
3,2022-11-19,2022-11-24,hybrid_validation,True,,2022-07-21,2022-10-27,2023-02-20,6ed147cd585e5e8083292683f9be3cf585e97e4d46fa0e3224d24a4e2b42cbbb,f83baf5732ffbf88b9a448a3d9ab9fa270f7495fe44d1559c1ac49795a30881a,h5_fold3_fully_nested_v1
3,2022-11-20,2022-11-25,hybrid_validation,True,,2022-07-21,2022-10-27,2023-02-20,6ed147cd585e5e8083292683f9be3cf585e97e4d46fa0e3224d24a4e2b42cbbb,f83baf5732ffbf88b9a448a3d9ab9fa270f7495fe44d1559c1ac49795a30881a,h5_fold3_fully_nested_v1
3,2022-11-21,2022-11-26,hybrid_validation,True,,2022-07-21,2022-10-27,2023-02-20,6ed147cd585e5e8083292683f9be3cf585e97e4d46fa0e3224d24a4e2b42cbbb,f83baf5732ffbf88b9a448a3d9ab9fa270f7495fe44d1559c1ac49795a30881a,h5_fold3_fully_nested_v1
3,2022-11-22,2022-11-27,hybrid_validation,True,,2022-07-21,2022-10-27,2023-02-20,6ed147cd585e5e8083292683f9be3cf585e97e4d46fa0e3224d24a4e2b42cbbb,f83baf5732ffbf88b9a448a3d9ab9fa270f7495fe44d1559c1ac49795a30881a,h5_fold3_fully_nested_v1
3,2022-11-23,2022-11-28,hybrid_validation,True,,2022-07-21,2022-10-27,2023-02-20,6ed147cd585e5e8083292683f9be3cf585e97e4d46fa0e3224d24a4e2b42cbbb,f83baf5732ffbf88b9a448a3d9ab9fa270f7495fe44d1559c1ac49795a30881a,h5_fold3_fully_nested_v1
3,2022-11-24,2022-11-29,hybrid_validation,True,,2022-07-21,2022-10-27,2023-02-20,6ed147cd585e5e8083292683f9be3cf585e97e4d46fa0e3224d24a4e2b42cbbb,f83baf5732ffbf88b9a448a3d9ab9fa270f7495fe44d1559c1ac49795a30881a,h5_fold3_fully_nested_v1
3,2022-11-25,2022-11-30,hybrid_validation,True,,2022-07-21,2022-10-27,2023-02-20,6ed147cd585e5e8083292683f9be3cf585e97e4d46fa0e3224d24a4e2b42cbbb,f83baf5732ffbf88b9a448a3d9ab9fa270f7495fe44d1559c1ac49795a30881a,h5_fold3_fully_nested_v1
3,2022-11-26,2022-12-01,hybrid_validation,True,,2022-07-21,2022-10-27,2023-02-20,6ed147cd585e5e8083292683f9be3cf585e97e4d46fa0e3224d24a4e2b42cbbb,f83baf5732ffbf88b9a448a3d9ab9fa270f7495fe44d1559c1ac49795a30881a,h5_fold3_fully_nested_v1
3,2022-11-27,2022-12-02,hybrid_validation,True,,2022-07-21,2022-10-27,2023-02-20,6ed147cd585e5e8083292683f9be3cf585e97e4d46fa0e3224d24a4e2b42cbbb,f83baf5732ffbf88b9a448a3d9ab9fa270f7495fe44d1559c1ac49795a30881a,h5_fold3_fully_nested_v1
3,2022-11-28,2022-12-03,hybrid_validation,True,,2022-07-21,2022-10-27,2023-02-20,6ed147cd585e5e8083292683f9be3cf585e97e4d46fa0e3224d24a4e2b42cbbb,f83baf5732ffbf88b9a448a3d9ab9fa270f7495fe44d1559c1ac49795a30881a,h5_fold3_fully_nested_v1
3,2022-11-29,2022-12-04,hybrid_validation,True,,2022-07-21,2022-10-27,2023-02-20,6ed147cd585e5e8083292683f9be3cf585e97e4d46fa0e3224d24a4e2b42cbbb,f83baf5732ffbf88b9a448a3d9ab9fa270f7495fe44d1559c1ac49795a30881a,h5_fold3_fully_nested_v1
3,2022-11-30,2022-12-05,hybrid_validation,True,,2022-07-21,2022-10-27,2023-02-20,6ed147cd585e5e8083292683f9be3cf585e97e4d46fa0e3224d24a4e2b42cbbb,f83baf5732ffbf88b9a448a3d9ab9fa270f7495fe44d1559c1ac49795a30881a,h5_fold3_fully_nested_v1
3,2022-12-01,2022-12-06,hybrid_validation,True,,2022-07-21,2022-10-27,2023-02-20,6ed147cd585e5e8083292683f9be3cf585e97e4d46fa0e3224d24a4e2b42cbbb,f83baf5732ffbf88b9a448a3d9ab9fa270f7495fe44d1559c1ac49795a30881a,h5_fold3_fully_nested_v1
3,2022-12-02,2022-12-07,hybrid_validation,True,,2022-07-21,2022-10-27,2023-02-20,6ed147cd585e5e8083292683f9be3cf585e97e4d46fa0e3224d24a4e2b42cbbb,f83baf5732ffbf88b9a448a3d9ab9fa270f7495fe44d1559c1ac49795a30881a,h5_fold3_fully_nested_v1
3,2022-12-03,2022-12-08,hybrid_validation,True,,2022-07-21,2022-10-27,2023-02-20,6ed147cd585e5e8083292683f9be3cf585e97e4d46fa0e3224d24a4e2b42cbbb,f83baf5732ffbf88b9a448a3d9ab9fa270f7495fe44d1559c1ac49795a30881a,h5_fold3_fully_nested_v1
3,2022-12-04,2022-12-09,hybrid_validation,True,,2022-07-21,2022-10-27,2023-02-20,6ed147cd585e5e8083292683f9be3cf585e97e4d46fa0e3224d24a4e2b42cbbb,f83baf5732ffbf88b9a448a3d9ab9fa270f7495fe44d1559c1ac49795a30881a,h5_fold3_fully_nested_v1
3,2022-12-05,2022-12-10,hybrid_validation,True,,2022-07-21,2022-10-27,2023-02-20,6ed147cd585e5e8083292683f9be3cf585e97e4d46fa0e3224d24a4e2b42cbbb,f83baf5732ffbf88b9a448a3d9ab9fa270f7495fe44d1559c1ac49795a30881a,h5_fold3_fully_nested_v1
3,2022-12-06,2022-12-11,hybrid_validation,True,,2022-07-21,2022-10-27,2023-02-20,6ed147cd585e5e8083292683f9be3cf585e97e4d46fa0e3224d24a4e2b42cbbb,f83baf5732ffbf88b9a448a3d9ab9fa270f7495fe44d1559c1ac49795a30881a,h5_fold3_fully_nested_v1
3,2022-12-07,2022-12-12,hybrid_validation,True,,2022-07-21,2022-10-27,2023-02-20,6ed147cd585e5e8083292683f9be3cf585e97e4d46fa0e3224d24a4e2b42cbbb,f83baf5732ffbf88b9a448a3d9ab9fa270f7495fe44d1559c1ac49795a30881a,h5_fold3_fully_nested_v1
3,2022-12-08,2022-12-13,hybrid_validation,True,,2022-07-21,2022-10-27,2023-02-20,6ed147cd585e5e8083292683f9be3cf585e97e4d46fa0e3224d24a4e2b42cbbb,f83baf5732ffbf88b9a448a3d9ab9fa270f7495fe44d1559c1ac49795a30881a,h5_fold3_fully_nested_v1
3,2022-12-09,2022-12-14,hybrid_validation,True,,2022-07-21,2022-10-27,2023-02-20,6ed147cd585e5e8083292683f9be3cf585e97e4d46fa0e3224d24a4e2b42cbbb,f83baf5732ffbf88b9a448a3d9ab9fa270f7495fe44d1559c1ac49795a30881a,h5_fold3_fully_nested_v1
3,2022-12-10,2022-12-15,hybrid_validation,True,,2022-07-21,2022-10-27,2023-02-20,6ed147cd585e5e8083292683f9be3cf585e97e4d46fa0e3224d24a4e2b42cbbb,f83baf5732ffbf88b9a448a3d9ab9fa270f7495fe44d1559c1ac49795a30881a,h5_fold3_fully_nested_v1
3,2022-12-11,2022-12-16,hybrid_validation,True,,2022-07-21,2022-10-27,2023-02-20,6ed147cd585e5e8083292683f9be3cf585e97e4d46fa0e3224d24a4e2b42cbbb,f83baf5732ffbf88b9a448a3d9ab9fa270f7495fe44d1559c1ac49795a30881a,h5_fold3_fully_nested_v1
3,2022-12-12,2022-12-17,hybrid_validation,True,,2022-07-21,2022-10-27,2023-02-20,6ed147cd585e5e8083292683f9be3cf585e97e4d46fa0e3224d24a4e2b42cbbb,f83baf5732ffbf88b9a448a3d9ab9fa270f7495fe44d1559c1ac49795a30881a,h5_fold3_fully_nested_v1
3,2022-12-13,2022-12-18,hybrid_validation,True,,2022-07-21,2022-10-27,2023-02-20,6ed147cd585e5e8083292683f9be3cf585e97e4d46fa0e3224d24a4e2b42cbbb,f83baf5732ffbf88b9a448a3d9ab9fa270f7495fe44d1559c1ac49795a30881a,h5_fold3_fully_nested_v1
3,2022-12-14,2022-12-19,hybrid_validation,True,,2022-07-21,2022-10-27,2023-02-20,6ed147cd585e5e8083292683f9be3cf585e97e4d46fa0e3224d24a4e2b42cbbb,f83baf5732ffbf88b9a448a3d9ab9fa270f7495fe44d1559c1ac49795a30881a,h5_fold3_fully_nested_v1
3,2022-12-15,2022-12-20,hybrid_validation,True,,2022-07-21,2022-10-27,2023-02-20,6ed147cd585e5e8083292683f9be3cf585e97e4d46fa0e3224d24a4e2b42cbbb,f83baf5732ffbf88b9a448a3d9ab9fa270f7495fe44d1559c1ac49795a30881a,h5_fold3_fully_nested_v1
3,2022-12-16,2022-12-21,hybrid_validation,True,,2022-07-21,2022-10-27,2023-02-20,6ed147cd585e5e8083292683f9be3cf585e97e4d46fa0e3224d24a4e2b42cbbb,f83baf5732ffbf88b9a448a3d9ab9fa270f7495fe44d1559c1ac49795a30881a,h5_fold3_fully_nested_v1
3,2022-12-17,2022-12-22,hybrid_validation,True,,2022-07-21,2022-10-27,2023-02-20,6ed147cd585e5e8083292683f9be3cf585e97e4d46fa0e3224d24a4e2b42cbbb,f83baf5732ffbf88b9a448a3d9ab9fa270f7495fe44d1559c1ac49795a30881a,h5_fold3_fully_nested_v1
3,2022-12-18,2022-12-23,hybrid_validation,True,,2022-07-21,2022-10-27,2023-02-20,6ed147cd585e5e8083292683f9be3cf585e97e4d46fa0e3224d24a4e2b42cbbb,f83baf5732ffbf88b9a448a3d9ab9fa270f7495fe44d1559c1ac49795a30881a,h5_fold3_fully_nested_v1
3,2022-12-19,2022-12-24,hybrid_validation,True,,2022-07-21,2022-10-27,2023-02-20,6ed147cd585e5e8083292683f9be3cf585e97e4d46fa0e3224d24a4e2b42cbbb,f83baf5732ffbf88b9a448a3d9ab9fa270f7495fe44d1559c1ac49795a30881a,h5_fold3_fully_nested_v1
3,2022-12-20,2022-12-25,hybrid_validation,True,,2022-07-21,2022-10-27,2023-02-20,6ed147cd585e5e8083292683f9be3cf585e97e4d46fa0e3224d24a4e2b42cbbb,f83baf5732ffbf88b9a448a3d9ab9fa270f7495fe44d1559c1ac49795a30881a,h5_fold3_fully_nested_v1
3,2022-12-21,2022-12-26,hybrid_validation,True,,2022-07-21,2022-10-27,2023-02-20,6ed147cd585e5e8083292683f9be3cf585e97e4d46fa0e3224d24a4e2b42cbbb,f83baf5732ffbf88b9a448a3d9ab9fa270f7495fe44d1559c1ac49795a30881a,h5_fold3_fully_nested_v1
3,2022-12-22,2022-12-27,hybrid_validation,True,,2022-07-21,2022-10-27,2023-02-20,6ed147cd585e5e8083292683f9be3cf585e97e4d46fa0e3224d24a4e2b42cbbb,f83baf5732ffbf88b9a448a3d9ab9fa270f7495fe44d1559c1ac49795a30881a,h5_fold3_fully_nested_v1
3,2022-12-23,2022-12-28,hybrid_validation,True,,2022-07-21,2022-10-27,2023-02-20,6ed147cd585e5e8083292683f9be3cf585e97e4d46fa0e3224d24a4e2b42cbbb,f83baf5732ffbf88b9a448a3d9ab9fa270f7495fe44d1559c1ac49795a30881a,h5_fold3_fully_nested_v1
3,2022-12-24,2022-12-29,hybrid_validation,True,,2022-07-21,2022-10-27,2023-02-20,6ed147cd585e5e8083292683f9be3cf585e97e4d46fa0e3224d24a4e2b42cbbb,f83baf5732ffbf88b9a448a3d9ab9fa270f7495fe44d1559c1ac49795a30881a,h5_fold3_fully_nested_v1
3,2022-12-25,2022-12-30,hybrid_validation,True,,2022-07-21,2022-10-27,2023-02-20,6ed147cd585e5e8083292683f9be3cf585e97e4d46fa0e3224d24a4e2b42cbbb,f83baf5732ffbf88b9a448a3d9ab9fa270f7495fe44d1559c1ac49795a30881a,h5_fold3_fully_nested_v1
3,2022-12-26,2022-12-31,hybrid_validation,True,,2022-07-21,2022-10-27,2023-02-20,6ed147cd585e5e8083292683f9be3cf585e97e4d46fa0e3224d24a4e2b42cbbb,f83baf5732ffbf88b9a448a3d9ab9fa270f7495fe44d1559c1ac49795a30881a,h5_fold3_fully_nested_v1
3,2022-12-27,2023-01-01,hybrid_validation,True,,2022-07-21,2022-10-27,2023-02-20,6ed147cd585e5e8083292683f9be3cf585e97e4d46fa0e3224d24a4e2b42cbbb,f83baf5732ffbf88b9a448a3d9ab9fa270f7495fe44d1559c1ac49795a30881a,h5_fold3_fully_nested_v1
3,2022-12-28,2023-01-02,hybrid_validation,True,,2022-07-21,2022-10-27,2023-02-20,6ed147cd585e5e8083292683f9be3cf585e97e4d46fa0e3224d24a4e2b42cbbb,f83baf5732ffbf88b9a448a3d9ab9fa270f7495fe44d1559c1ac49795a30881a,h5_fold3_fully_nested_v1
3,2022-12-29,2023-01-03,hybrid_validation,True,,2022-07-21,2022-10-27,2023-02-20,6ed147cd585e5e8083292683f9be3cf585e97e4d46fa0e3224d24a4e2b42cbbb,f83baf5732ffbf88b9a448a3d9ab9fa270f7495fe44d1559c1ac49795a30881a,h5_fold3_fully_nested_v1
3,2022-12-30,2023-01-04,hybrid_validation,True,,2022-07-21,2022-10-27,2023-02-20,6ed147cd585e5e8083292683f9be3cf585e97e4d46fa0e3224d24a4e2b42cbbb,f83baf5732ffbf88b9a448a3d9ab9fa270f7495fe44d1559c1ac49795a30881a,h5_fold3_fully_nested_v1
3,2022-12-31,2023-01-05,hybrid_validation,True,,2022-07-21,2022-10-27,2023-02-20,6ed147cd585e5e8083292683f9be3cf585e97e4d46fa0e3224d24a4e2b42cbbb,f83baf5732ffbf88b9a448a3d9ab9fa270f7495fe44d1559c1ac49795a30881a,h5_fold3_fully_nested_v1
3,2023-01-01,2023-01-06,hybrid_validation,True,,2022-07-21,2022-10-27,2023-02-20,6ed147cd585e5e8083292683f9be3cf585e97e4d46fa0e3224d24a4e2b42cbbb,f83baf5732ffbf88b9a448a3d9ab9fa270f7495fe44d1559c1ac49795a30881a,h5_fold3_fully_nested_v1
3,2023-01-02,2023-01-07,hybrid_validation,True,,2022-07-21,2022-10-27,2023-02-20,6ed147cd585e5e8083292683f9be3cf585e97e4d46fa0e3224d24a4e2b42cbbb,f83baf5732ffbf88b9a448a3d9ab9fa270f7495fe44d1559c1ac49795a30881a,h5_fold3_fully_nested_v1
3,2023-01-03,2023-01-08,hybrid_validation,True,,2022-07-21,2022-10-27,2023-02-20,6ed147cd585e5e8083292683f9be3cf585e97e4d46fa0e3224d24a4e2b42cbbb,f83baf5732ffbf88b9a448a3d9ab9fa270f7495fe44d1559c1ac49795a30881a,h5_fold3_fully_nested_v1
3,2023-01-04,2023-01-09,hybrid_validation,True,,2022-07-21,2022-10-27,2023-02-20,6ed147cd585e5e8083292683f9be3cf585e97e4d46fa0e3224d24a4e2b42cbbb,f83baf5732ffbf88b9a448a3d9ab9fa270f7495fe44d1559c1ac49795a30881a,h5_fold3_fully_nested_v1
3,2023-01-05,2023-01-10,hybrid_validation,True,,2022-07-21,2022-10-27,2023-02-20,6ed147cd585e5e8083292683f9be3cf585e97e4d46fa0e3224d24a4e2b42cbbb,f83baf5732ffbf88b9a448a3d9ab9fa270f7495fe44d1559c1ac49795a30881a,h5_fold3_fully_nested_v1
3,2023-01-06,2023-01-11,hybrid_validation,True,,2022-07-21,2022-10-27,2023-02-20,6ed147cd585e5e8083292683f9be3cf585e97e4d46fa0e3224d24a4e2b42cbbb,f83baf5732ffbf88b9a448a3d9ab9fa270f7495fe44d1559c1ac49795a30881a,h5_fold3_fully_nested_v1
3,2023-01-07,2023-01-12,hybrid_validation,True,,2022-07-21,2022-10-27,2023-02-20,6ed147cd585e5e8083292683f9be3cf585e97e4d46fa0e3224d24a4e2b42cbbb,f83baf5732ffbf88b9a448a3d9ab9fa270f7495fe44d1559c1ac49795a30881a,h5_fold3_fully_nested_v1
3,2023-01-08,2023-01-13,hybrid_validation,True,,2022-07-21,2022-10-27,2023-02-20,6ed147cd585e5e8083292683f9be3cf585e97e4d46fa0e3224d24a4e2b42cbbb,f83baf5732ffbf88b9a448a3d9ab9fa270f7495fe44d1559c1ac49795a30881a,h5_fold3_fully_nested_v1
3,2023-01-09,2023-01-14,hybrid_validation,True,,2022-07-21,2022-10-27,2023-02-20,6ed147cd585e5e8083292683f9be3cf585e97e4d46fa0e3224d24a4e2b42cbbb,f83baf5732ffbf88b9a448a3d9ab9fa270f7495fe44d1559c1ac49795a30881a,h5_fold3_fully_nested_v1
3,2023-01-10,2023-01-15,hybrid_validation,True,,2022-07-21,2022-10-27,2023-02-20,6ed147cd585e5e8083292683f9be3cf585e97e4d46fa0e3224d24a4e2b42cbbb,f83baf5732ffbf88b9a448a3d9ab9fa270f7495fe44d1559c1ac49795a30881a,h5_fold3_fully_nested_v1
3,2023-01-11,2023-01-16,hybrid_validation,True,,2022-07-21,2022-10-27,2023-02-20,6ed147cd585e5e8083292683f9be3cf585e97e4d46fa0e3224d24a4e2b42cbbb,f83baf5732ffbf88b9a448a3d9ab9fa270f7495fe44d1559c1ac49795a30881a,h5_fold3_fully_nested_v1
3,2023-01-12,2023-01-17,hybrid_validation,True,,2022-07-21,2022-10-27,2023-02-20,6ed147cd585e5e8083292683f9be3cf585e97e4d46fa0e3224d24a4e2b42cbbb,f83baf5732ffbf88b9a448a3d9ab9fa270f7495fe44d1559c1ac49795a30881a,h5_fold3_fully_nested_v1
3,2023-01-13,2023-01-18,hybrid_validation,True,,2022-07-21,2022-10-27,2023-02-20,6ed147cd585e5e8083292683f9be3cf585e97e4d46fa0e3224d24a4e2b42cbbb,f83baf5732ffbf88b9a448a3d9ab9fa270f7495fe44d1559c1ac49795a30881a,h5_fold3_fully_nested_v1
3,2023-01-14,2023-01-19,hybrid_validation,True,,2022-07-21,2022-10-27,2023-02-20,6ed147cd585e5e8083292683f9be3cf585e97e4d46fa0e3224d24a4e2b42cbbb,f83baf5732ffbf88b9a448a3d9ab9fa270f7495fe44d1559c1ac49795a30881a,h5_fold3_fully_nested_v1
3,2023-01-15,2023-01-20,hybrid_validation,True,,2022-07-21,2022-10-27,2023-02-20,6ed147cd585e5e8083292683f9be3cf585e97e4d46fa0e3224d24a4e2b42cbbb,f83baf5732ffbf88b9a448a3d9ab9fa270f7495fe44d1559c1ac49795a30881a,h5_fold3_fully_nested_v1
3,2023-01-16,2023-01-21,hybrid_validation,True,,2022-07-21,2022-10-27,2023-02-20,6ed147cd585e5e8083292683f9be3cf585e97e4d46fa0e3224d24a4e2b42cbbb,f83baf5732ffbf88b9a448a3d9ab9fa270f7495fe44d1559c1ac49795a30881a,h5_fold3_fully_nested_v1
3,2023-01-17,2023-01-22,hybrid_validation,True,,2022-07-21,2022-10-27,2023-02-20,6ed147cd585e5e8083292683f9be3cf585e97e4d46fa0e3224d24a4e2b42cbbb,f83baf5732ffbf88b9a448a3d9ab9fa270f7495fe44d1559c1ac49795a30881a,h5_fold3_fully_nested_v1
3,2023-01-18,2023-01-23,hybrid_validation,True,,2022-07-21,2022-10-27,2023-02-20,6ed147cd585e5e8083292683f9be3cf585e97e4d46fa0e3224d24a4e2b42cbbb,f83baf5732ffbf88b9a448a3d9ab9fa270f7495fe44d1559c1ac49795a30881a,h5_fold3_fully_nested_v1
3,2023-01-19,2023-01-24,hybrid_validation,True,,2022-07-21,2022-10-27,2023-02-20,6ed147cd585e5e8083292683f9be3cf585e97e4d46fa0e3224d24a4e2b42cbbb,f83baf5732ffbf88b9a448a3d9ab9fa270f7495fe44d1559c1ac49795a30881a,h5_fold3_fully_nested_v1
3,2023-01-20,2023-01-25,hybrid_validation,True,,2022-07-21,2022-10-27,2023-02-20,6ed147cd585e5e8083292683f9be3cf585e97e4d46fa0e3224d24a4e2b42cbbb,f83baf5732ffbf88b9a448a3d9ab9fa270f7495fe44d1559c1ac49795a30881a,h5_fold3_fully_nested_v1
3,2023-01-21,2023-01-26,hybrid_validation,True,,2022-07-21,2022-10-27,2023-02-20,6ed147cd585e5e8083292683f9be3cf585e97e4d46fa0e3224d24a4e2b42cbbb,f83baf5732ffbf88b9a448a3d9ab9fa270f7495fe44d1559c1ac49795a30881a,h5_fold3_fully_nested_v1
3,2023-01-22,2023-01-27,hybrid_validation,True,,2022-07-21,2022-10-27,2023-02-20,6ed147cd585e5e8083292683f9be3cf585e97e4d46fa0e3224d24a4e2b42cbbb,f83baf5732ffbf88b9a448a3d9ab9fa270f7495fe44d1559c1ac49795a30881a,h5_fold3_fully_nested_v1
3,2023-01-23,2023-01-28,hybrid_validation,True,,2022-07-21,2022-10-27,2023-02-20,6ed147cd585e5e8083292683f9be3cf585e97e4d46fa0e3224d24a4e2b42cbbb,f83baf5732ffbf88b9a448a3d9ab9fa270f7495fe44d1559c1ac49795a30881a,h5_fold3_fully_nested_v1
3,2023-01-24,2023-01-29,hybrid_validation,True,,2022-07-21,2022-10-27,2023-02-20,6ed147cd585e5e8083292683f9be3cf585e97e4d46fa0e3224d24a4e2b42cbbb,f83baf5732ffbf88b9a448a3d9ab9fa270f7495fe44d1559c1ac49795a30881a,h5_fold3_fully_nested_v1
3,2023-01-25,2023-01-30,hybrid_validation,True,,2022-07-21,2022-10-27,2023-02-20,6ed147cd585e5e8083292683f9be3cf585e97e4d46fa0e3224d24a4e2b42cbbb,f83baf5732ffbf88b9a448a3d9ab9fa270f7495fe44d1559c1ac49795a30881a,h5_fold3_fully_nested_v1
3,2023-01-26,2023-01-31,hybrid_validation,True,,2022-07-21,2022-10-27,2023-02-20,6ed147cd585e5e8083292683f9be3cf585e97e4d46fa0e3224d24a4e2b42cbbb,f83baf5732ffbf88b9a448a3d9ab9fa270f7495fe44d1559c1ac49795a30881a,h5_fold3_fully_nested_v1
3,2023-01-27,2023-02-01,hybrid_validation,True,,2022-07-21,2022-10-27,2023-02-20,6ed147cd585e5e8083292683f9be3cf585e97e4d46fa0e3224d24a4e2b42cbbb,f83baf5732ffbf88b9a448a3d9ab9fa270f7495fe44d1559c1ac49795a30881a,h5_fold3_fully_nested_v1
3,2023-01-28,2023-02-02,hybrid_validation,True,,2022-07-21,2022-10-27,2023-02-20,6ed147cd585e5e8083292683f9be3cf585e97e4d46fa0e3224d24a4e2b42cbbb,f83baf5732ffbf88b9a448a3d9ab9fa270f7495fe44d1559c1ac49795a30881a,h5_fold3_fully_nested_v1
3,2023-01-29,2023-02-03,hybrid_validation,True,,2022-07-21,2022-10-27,2023-02-20,6ed147cd585e5e8083292683f9be3cf585e97e4d46fa0e3224d24a4e2b42cbbb,f83baf5732ffbf88b9a448a3d9ab9fa270f7495fe44d1559c1ac49795a30881a,h5_fold3_fully_nested_v1
3,2023-01-30,2023-02-04,hybrid_validation,True,,2022-07-21,2022-10-27,2023-02-20,6ed147cd585e5e8083292683f9be3cf585e97e4d46fa0e3224d24a4e2b42cbbb,f83baf5732ffbf88b9a448a3d9ab9fa270f7495fe44d1559c1ac49795a30881a,h5_fold3_fully_nested_v1
3,2023-01-31,2023-02-05,hybrid_validation,True,,2022-07-21,2022-10-27,2023-02-20,6ed147cd585e5e8083292683f9be3cf585e97e4d46fa0e3224d24a4e2b42cbbb,f83baf5732ffbf88b9a448a3d9ab9fa270f7495fe44d1559c1ac49795a30881a,h5_fold3_fully_nested_v1
3,2023-02-01,2023-02-06,hybrid_validation,True,,2022-07-21,2022-10-27,2023-02-20,6ed147cd585e5e8083292683f9be3cf585e97e4d46fa0e3224d24a4e2b42cbbb,f83baf5732ffbf88b9a448a3d9ab9fa270f7495fe44d1559c1ac49795a30881a,h5_fold3_fully_nested_v1
3,2023-02-02,2023-02-07,hybrid_validation,True,,2022-07-21,2022-10-27,2023-02-20,6ed147cd585e5e8083292683f9be3cf585e97e4d46fa0e3224d24a4e2b42cbbb,f83baf5732ffbf88b9a448a3d9ab9fa270f7495fe44d1559c1ac49795a30881a,h5_fold3_fully_nested_v1
3,2023-02-03,2023-02-08,hybrid_validation,True,,2022-07-21,2022-10-27,2023-02-20,6ed147cd585e5e8083292683f9be3cf585e97e4d46fa0e3224d24a4e2b42cbbb,f83baf5732ffbf88b9a448a3d9ab9fa270f7495fe44d1559c1ac49795a30881a,h5_fold3_fully_nested_v1
3,2023-02-04,2023-02-09,hybrid_validation,True,,2022-07-21,2022-10-27,2023-02-20,6ed147cd585e5e8083292683f9be3cf585e97e4d46fa0e3224d24a4e2b42cbbb,f83baf5732ffbf88b9a448a3d9ab9fa270f7495fe44d1559c1ac49795a30881a,h5_fold3_fully_nested_v1
3,2023-02-05,2023-02-10,hybrid_validation,True,,2022-07-21,2022-10-27,2023-02-20,6ed147cd585e5e8083292683f9be3cf585e97e4d46fa0e3224d24a4e2b42cbbb,f83baf5732ffbf88b9a448a3d9ab9fa270f7495fe44d1559c1ac49795a30881a,h5_fold3_fully_nested_v1
3,2023-02-06,2023-02-11,hybrid_validation,True,,2022-07-21,2022-10-27,2023-02-20,6ed147cd585e5e8083292683f9be3cf585e97e4d46fa0e3224d24a4e2b42cbbb,f83baf5732ffbf88b9a448a3d9ab9fa270f7495fe44d1559c1ac49795a30881a,h5_fold3_fully_nested_v1
3,2023-02-07,2023-02-12,hybrid_validation,True,,2022-07-21,2022-10-27,2023-02-20,6ed147cd585e5e8083292683f9be3cf585e97e4d46fa0e3224d24a4e2b42cbbb,f83baf5732ffbf88b9a448a3d9ab9fa270f7495fe44d1559c1ac49795a30881a,h5_fold3_fully_nested_v1
3,2023-02-08,2023-02-13,hybrid_validation,True,,2022-07-21,2022-10-27,2023-02-20,6ed147cd585e5e8083292683f9be3cf585e97e4d46fa0e3224d24a4e2b42cbbb,f83baf5732ffbf88b9a448a3d9ab9fa270f7495fe44d1559c1ac49795a30881a,h5_fold3_fully_nested_v1
3,2023-02-09,2023-02-14,hybrid_validation,True,,2022-07-21,2022-10-27,2023-02-20,6ed147cd585e5e8083292683f9be3cf585e97e4d46fa0e3224d24a4e2b42cbbb,f83baf5732ffbf88b9a448a3d9ab9fa270f7495fe44d1559c1ac49795a30881a,h5_fold3_fully_nested_v1
3,2023-02-10,2023-02-15,hybrid_validation,True,,2022-07-21,2022-10-27,2023-02-20,6ed147cd585e5e8083292683f9be3cf585e97e4d46fa0e3224d24a4e2b42cbbb,f83baf5732ffbf88b9a448a3d9ab9fa270f7495fe44d1559c1ac49795a30881a,h5_fold3_fully_nested_v1
3,2023-02-11,2023-02-16,hybrid_validation,True,,2022-07-21,2022-10-27,2023-02-20,6ed147cd585e5e8083292683f9be3cf585e97e4d46fa0e3224d24a4e2b42cbbb,f83baf5732ffbf88b9a448a3d9ab9fa270f7495fe44d1559c1ac49795a30881a,h5_fold3_fully_nested_v1
3,2023-02-12,2023-02-17,hybrid_validation,True,,2022-07-21,2022-10-27,2023-02-20,6ed147cd585e5e8083292683f9be3cf585e97e4d46fa0e3224d24a4e2b42cbbb,f83baf5732ffbf88b9a448a3d9ab9fa270f7495fe44d1559c1ac49795a30881a,h5_fold3_fully_nested_v1
3,2023-02-13,2023-02-18,hybrid_validation,True,,2022-07-21,2022-10-27,2023-02-20,6ed147cd585e5e8083292683f9be3cf585e97e4d46fa0e3224d24a4e2b42cbbb,f83baf5732ffbf88b9a448a3d9ab9fa270f7495fe44d1559c1ac49795a30881a,h5_fold3_fully_nested_v1
3,2023-02-14,2023-02-19,hybrid_validation,True,,2022-07-21,2022-10-27,2023-02-20,6ed147cd585e5e8083292683f9be3cf585e97e4d46fa0e3224d24a4e2b42cbbb,f83baf5732ffbf88b9a448a3d9ab9fa270f7495fe44d1559c1ac49795a30881a,h5_fold3_fully_nested_v1
3,2023-02-15,2023-02-20,outer_embargo_excluded,False,outer_target_date_not_before_outer_test_start,2022-07-21,2022-10-27,2023-02-20,6ed147cd585e5e8083292683f9be3cf585e97e4d46fa0e3224d24a4e2b42cbbb,f83baf5732ffbf88b9a448a3d9ab9fa270f7495fe44d1559c1ac49795a30881a,h5_fold3_fully_nested_v1
3,2023-02-16,2023-02-21,outer_embargo_excluded,False,outer_target_date_not_before_outer_test_start,2022-07-21,2022-10-27,2023-02-20,6ed147cd585e5e8083292683f9be3cf585e97e4d46fa0e3224d24a4e2b42cbbb,f83baf5732ffbf88b9a448a3d9ab9fa270f7495fe44d1559c1ac49795a30881a,h5_fold3_fully_nested_v1
3,2023-02-17,2023-02-22,outer_embargo_excluded,False,outer_target_date_not_before_outer_test_start,2022-07-21,2022-10-27,2023-02-20,6ed147cd585e5e8083292683f9be3cf585e97e4d46fa0e3224d24a4e2b42cbbb,f83baf5732ffbf88b9a448a3d9ab9fa270f7495fe44d1559c1ac49795a30881a,h5_fold3_fully_nested_v1
3,2023-02-18,2023-02-23,outer_embargo_excluded,False,outer_target_date_not_before_outer_test_start,2022-07-21,2022-10-27,2023-02-20,6ed147cd585e5e8083292683f9be3cf585e97e4d46fa0e3224d24a4e2b42cbbb,f83baf5732ffbf88b9a448a3d9ab9fa270f7495fe44d1559c1ac49795a30881a,h5_fold3_fully_nested_v1
3,2023-02-19,2023-02-24,outer_embargo_excluded,False,outer_target_date_not_before_outer_test_start,2022-07-21,2022-10-27,2023-02-20,6ed147cd585e5e8083292683f9be3cf585e97e4d46fa0e3224d24a4e2b42cbbb,f83baf5732ffbf88b9a448a3d9ab9fa270f7495fe44d1559c1ac49795a30881a,h5_fold3_fully_nested_v1
3,2023-02-20,2023-02-25,outer_test,True,,2022-07-21,2022-10-27,2023-02-20,6ed147cd585e5e8083292683f9be3cf585e97e4d46fa0e3224d24a4e2b42cbbb,f83baf5732ffbf88b9a448a3d9ab9fa270f7495fe44d1559c1ac49795a30881a,h5_fold3_fully_nested_v1
3,2023-02-21,2023-02-26,outer_test,True,,2022-07-21,2022-10-27,2023-02-20,6ed147cd585e5e8083292683f9be3cf585e97e4d46fa0e3224d24a4e2b42cbbb,f83baf5732ffbf88b9a448a3d9ab9fa270f7495fe44d1559c1ac49795a30881a,h5_fold3_fully_nested_v1
3,2023-02-22,2023-02-27,outer_test,True,,2022-07-21,2022-10-27,2023-02-20,6ed147cd585e5e8083292683f9be3cf585e97e4d46fa0e3224d24a4e2b42cbbb,f83baf5732ffbf88b9a448a3d9ab9fa270f7495fe44d1559c1ac49795a30881a,h5_fold3_fully_nested_v1
3,2023-02-23,2023-02-28,outer_test,True,,2022-07-21,2022-10-27,2023-02-20,6ed147cd585e5e8083292683f9be3cf585e97e4d46fa0e3224d24a4e2b42cbbb,f83baf5732ffbf88b9a448a3d9ab9fa270f7495fe44d1559c1ac49795a30881a,h5_fold3_fully_nested_v1
3,2023-02-24,2023-03-01,outer_test,True,,2022-07-21,2022-10-27,2023-02-20,6ed147cd585e5e8083292683f9be3cf585e97e4d46fa0e3224d24a4e2b42cbbb,f83baf5732ffbf88b9a448a3d9ab9fa270f7495fe44d1559c1ac49795a30881a,h5_fold3_fully_nested_v1
3,2023-02-25,2023-03-02,outer_test,True,,2022-07-21,2022-10-27,2023-02-20,6ed147cd585e5e8083292683f9be3cf585e97e4d46fa0e3224d24a4e2b42cbbb,f83baf5732ffbf88b9a448a3d9ab9fa270f7495fe44d1559c1ac49795a30881a,h5_fold3_fully_nested_v1
3,2023-02-26,2023-03-03,outer_test,True,,2022-07-21,2022-10-27,2023-02-20,6ed147cd585e5e8083292683f9be3cf585e97e4d46fa0e3224d24a4e2b42cbbb,f83baf5732ffbf88b9a448a3d9ab9fa270f7495fe44d1559c1ac49795a30881a,h5_fold3_fully_nested_v1
3,2023-02-27,2023-03-04,outer_test,True,,2022-07-21,2022-10-27,2023-02-20,6ed147cd585e5e8083292683f9be3cf585e97e4d46fa0e3224d24a4e2b42cbbb,f83baf5732ffbf88b9a448a3d9ab9fa270f7495fe44d1559c1ac49795a30881a,h5_fold3_fully_nested_v1
3,2023-02-28,2023-03-05,outer_test,True,,2022-07-21,2022-10-27,2023-02-20,6ed147cd585e5e8083292683f9be3cf585e97e4d46fa0e3224d24a4e2b42cbbb,f83baf5732ffbf88b9a448a3d9ab9fa270f7495fe44d1559c1ac49795a30881a,h5_fold3_fully_nested_v1
3,2023-03-01,2023-03-06,outer_test,True,,2022-07-21,2022-10-27,2023-02-20,6ed147cd585e5e8083292683f9be3cf585e97e4d46fa0e3224d24a4e2b42cbbb,f83baf5732ffbf88b9a448a3d9ab9fa270f7495fe44d1559c1ac49795a30881a,h5_fold3_fully_nested_v1
3,2023-03-02,2023-03-07,outer_test,True,,2022-07-21,2022-10-27,2023-02-20,6ed147cd585e5e8083292683f9be3cf585e97e4d46fa0e3224d24a4e2b42cbbb,f83baf5732ffbf88b9a448a3d9ab9fa270f7495fe44d1559c1ac49795a30881a,h5_fold3_fully_nested_v1
3,2023-03-03,2023-03-08,outer_test,True,,2022-07-21,2022-10-27,2023-02-20,6ed147cd585e5e8083292683f9be3cf585e97e4d46fa0e3224d24a4e2b42cbbb,f83baf5732ffbf88b9a448a3d9ab9fa270f7495fe44d1559c1ac49795a30881a,h5_fold3_fully_nested_v1
3,2023-03-04,2023-03-09,outer_test,True,,2022-07-21,2022-10-27,2023-02-20,6ed147cd585e5e8083292683f9be3cf585e97e4d46fa0e3224d24a4e2b42cbbb,f83baf5732ffbf88b9a448a3d9ab9fa270f7495fe44d1559c1ac49795a30881a,h5_fold3_fully_nested_v1
3,2023-03-05,2023-03-10,outer_test,True,,2022-07-21,2022-10-27,2023-02-20,6ed147cd585e5e8083292683f9be3cf585e97e4d46fa0e3224d24a4e2b42cbbb,f83baf5732ffbf88b9a448a3d9ab9fa270f7495fe44d1559c1ac49795a30881a,h5_fold3_fully_nested_v1
3,2023-03-06,2023-03-11,outer_test,True,,2022-07-21,2022-10-27,2023-02-20,6ed147cd585e5e8083292683f9be3cf585e97e4d46fa0e3224d24a4e2b42cbbb,f83baf5732ffbf88b9a448a3d9ab9fa270f7495fe44d1559c1ac49795a30881a,h5_fold3_fully_nested_v1
3,2023-03-07,2023-03-12,outer_test,True,,2022-07-21,2022-10-27,2023-02-20,6ed147cd585e5e8083292683f9be3cf585e97e4d46fa0e3224d24a4e2b42cbbb,f83baf5732ffbf88b9a448a3d9ab9fa270f7495fe44d1559c1ac49795a30881a,h5_fold3_fully_nested_v1
3,2023-03-08,2023-03-13,outer_test,True,,2022-07-21,2022-10-27,2023-02-20,6ed147cd585e5e8083292683f9be3cf585e97e4d46fa0e3224d24a4e2b42cbbb,f83baf5732ffbf88b9a448a3d9ab9fa270f7495fe44d1559c1ac49795a30881a,h5_fold3_fully_nested_v1
3,2023-03-09,2023-03-14,outer_test,True,,2022-07-21,2022-10-27,2023-02-20,6ed147cd585e5e8083292683f9be3cf585e97e4d46fa0e3224d24a4e2b42cbbb,f83baf5732ffbf88b9a448a3d9ab9fa270f7495fe44d1559c1ac49795a30881a,h5_fold3_fully_nested_v1
3,2023-03-10,2023-03-15,outer_test,True,,2022-07-21,2022-10-27,2023-02-20,6ed147cd585e5e8083292683f9be3cf585e97e4d46fa0e3224d24a4e2b42cbbb,f83baf5732ffbf88b9a448a3d9ab9fa270f7495fe44d1559c1ac49795a30881a,h5_fold3_fully_nested_v1
3,2023-03-11,2023-03-16,outer_test,True,,2022-07-21,2022-10-27,2023-02-20,6ed147cd585e5e8083292683f9be3cf585e97e4d46fa0e3224d24a4e2b42cbbb,f83baf5732ffbf88b9a448a3d9ab9fa270f7495fe44d1559c1ac49795a30881a,h5_fold3_fully_nested_v1
3,2023-03-12,2023-03-17,outer_test,True,,2022-07-21,2022-10-27,2023-02-20,6ed147cd585e5e8083292683f9be3cf585e97e4d46fa0e3224d24a4e2b42cbbb,f83baf5732ffbf88b9a448a3d9ab9fa270f7495fe44d1559c1ac49795a30881a,h5_fold3_fully_nested_v1
3,2023-03-13,2023-03-18,outer_test,True,,2022-07-21,2022-10-27,2023-02-20,6ed147cd585e5e8083292683f9be3cf585e97e4d46fa0e3224d24a4e2b42cbbb,f83baf5732ffbf88b9a448a3d9ab9fa270f7495fe44d1559c1ac49795a30881a,h5_fold3_fully_nested_v1
3,2023-03-14,2023-03-19,outer_test,True,,2022-07-21,2022-10-27,2023-02-20,6ed147cd585e5e8083292683f9be3cf585e97e4d46fa0e3224d24a4e2b42cbbb,f83baf5732ffbf88b9a448a3d9ab9fa270f7495fe44d1559c1ac49795a30881a,h5_fold3_fully_nested_v1
3,2023-03-15,2023-03-20,outer_test,True,,2022-07-21,2022-10-27,2023-02-20,6ed147cd585e5e8083292683f9be3cf585e97e4d46fa0e3224d24a4e2b42cbbb,f83baf5732ffbf88b9a448a3d9ab9fa270f7495fe44d1559c1ac49795a30881a,h5_fold3_fully_nested_v1
3,2023-03-16,2023-03-21,outer_test,True,,2022-07-21,2022-10-27,2023-02-20,6ed147cd585e5e8083292683f9be3cf585e97e4d46fa0e3224d24a4e2b42cbbb,f83baf5732ffbf88b9a448a3d9ab9fa270f7495fe44d1559c1ac49795a30881a,h5_fold3_fully_nested_v1
3,2023-03-17,2023-03-22,outer_test,True,,2022-07-21,2022-10-27,2023-02-20,6ed147cd585e5e8083292683f9be3cf585e97e4d46fa0e3224d24a4e2b42cbbb,f83baf5732ffbf88b9a448a3d9ab9fa270f7495fe44d1559c1ac49795a30881a,h5_fold3_fully_nested_v1
3,2023-03-18,2023-03-23,outer_test,True,,2022-07-21,2022-10-27,2023-02-20,6ed147cd585e5e8083292683f9be3cf585e97e4d46fa0e3224d24a4e2b42cbbb,f83baf5732ffbf88b9a448a3d9ab9fa270f7495fe44d1559c1ac49795a30881a,h5_fold3_fully_nested_v1
3,2023-03-19,2023-03-24,outer_test,True,,2022-07-21,2022-10-27,2023-02-20,6ed147cd585e5e8083292683f9be3cf585e97e4d46fa0e3224d24a4e2b42cbbb,f83baf5732ffbf88b9a448a3d9ab9fa270f7495fe44d1559c1ac49795a30881a,h5_fold3_fully_nested_v1
3,2023-03-20,2023-03-25,outer_test,True,,2022-07-21,2022-10-27,2023-02-20,6ed147cd585e5e8083292683f9be3cf585e97e4d46fa0e3224d24a4e2b42cbbb,f83baf5732ffbf88b9a448a3d9ab9fa270f7495fe44d1559c1ac49795a30881a,h5_fold3_fully_nested_v1
3,2023-03-21,2023-03-26,outer_test,True,,2022-07-21,2022-10-27,2023-02-20,6ed147cd585e5e8083292683f9be3cf585e97e4d46fa0e3224d24a4e2b42cbbb,f83baf5732ffbf88b9a448a3d9ab9fa270f7495fe44d1559c1ac49795a30881a,h5_fold3_fully_nested_v1
3,2023-03-22,2023-03-27,outer_test,True,,2022-07-21,2022-10-27,2023-02-20,6ed147cd585e5e8083292683f9be3cf585e97e4d46fa0e3224d24a4e2b42cbbb,f83baf5732ffbf88b9a448a3d9ab9fa270f7495fe44d1559c1ac49795a30881a,h5_fold3_fully_nested_v1
3,2023-03-23,2023-03-28,outer_test,True,,2022-07-21,2022-10-27,2023-02-20,6ed147cd585e5e8083292683f9be3cf585e97e4d46fa0e3224d24a4e2b42cbbb,f83baf5732ffbf88b9a448a3d9ab9fa270f7495fe44d1559c1ac49795a30881a,h5_fold3_fully_nested_v1
3,2023-03-24,2023-03-29,outer_test,True,,2022-07-21,2022-10-27,2023-02-20,6ed147cd585e5e8083292683f9be3cf585e97e4d46fa0e3224d24a4e2b42cbbb,f83baf5732ffbf88b9a448a3d9ab9fa270f7495fe44d1559c1ac49795a30881a,h5_fold3_fully_nested_v1
3,2023-03-25,2023-03-30,outer_test,True,,2022-07-21,2022-10-27,2023-02-20,6ed147cd585e5e8083292683f9be3cf585e97e4d46fa0e3224d24a4e2b42cbbb,f83baf5732ffbf88b9a448a3d9ab9fa270f7495fe44d1559c1ac49795a30881a,h5_fold3_fully_nested_v1
3,2023-03-26,2023-03-31,outer_test,True,,2022-07-21,2022-10-27,2023-02-20,6ed147cd585e5e8083292683f9be3cf585e97e4d46fa0e3224d24a4e2b42cbbb,f83baf5732ffbf88b9a448a3d9ab9fa270f7495fe44d1559c1ac49795a30881a,h5_fold3_fully_nested_v1
3,2023-03-27,2023-04-01,outer_test,True,,2022-07-21,2022-10-27,2023-02-20,6ed147cd585e5e8083292683f9be3cf585e97e4d46fa0e3224d24a4e2b42cbbb,f83baf5732ffbf88b9a448a3d9ab9fa270f7495fe44d1559c1ac49795a30881a,h5_fold3_fully_nested_v1
3,2023-03-28,2023-04-02,outer_test,True,,2022-07-21,2022-10-27,2023-02-20,6ed147cd585e5e8083292683f9be3cf585e97e4d46fa0e3224d24a4e2b42cbbb,f83baf5732ffbf88b9a448a3d9ab9fa270f7495fe44d1559c1ac49795a30881a,h5_fold3_fully_nested_v1
3,2023-03-29,2023-04-03,outer_test,True,,2022-07-21,2022-10-27,2023-02-20,6ed147cd585e5e8083292683f9be3cf585e97e4d46fa0e3224d24a4e2b42cbbb,f83baf5732ffbf88b9a448a3d9ab9fa270f7495fe44d1559c1ac49795a30881a,h5_fold3_fully_nested_v1
3,2023-03-30,2023-04-04,outer_test,True,,2022-07-21,2022-10-27,2023-02-20,6ed147cd585e5e8083292683f9be3cf585e97e4d46fa0e3224d24a4e2b42cbbb,f83baf5732ffbf88b9a448a3d9ab9fa270f7495fe44d1559c1ac49795a30881a,h5_fold3_fully_nested_v1
3,2023-03-31,2023-04-05,outer_test,True,,2022-07-21,2022-10-27,2023-02-20,6ed147cd585e5e8083292683f9be3cf585e97e4d46fa0e3224d24a4e2b42cbbb,f83baf5732ffbf88b9a448a3d9ab9fa270f7495fe44d1559c1ac49795a30881a,h5_fold3_fully_nested_v1
3,2023-04-01,2023-04-06,outer_test,True,,2022-07-21,2022-10-27,2023-02-20,6ed147cd585e5e8083292683f9be3cf585e97e4d46fa0e3224d24a4e2b42cbbb,f83baf5732ffbf88b9a448a3d9ab9fa270f7495fe44d1559c1ac49795a30881a,h5_fold3_fully_nested_v1
3,2023-04-02,2023-04-07,outer_test,True,,2022-07-21,2022-10-27,2023-02-20,6ed147cd585e5e8083292683f9be3cf585e97e4d46fa0e3224d24a4e2b42cbbb,f83baf5732ffbf88b9a448a3d9ab9fa270f7495fe44d1559c1ac49795a30881a,h5_fold3_fully_nested_v1
3,2023-04-03,2023-04-08,outer_test,True,,2022-07-21,2022-10-27,2023-02-20,6ed147cd585e5e8083292683f9be3cf585e97e4d46fa0e3224d24a4e2b42cbbb,f83baf5732ffbf88b9a448a3d9ab9fa270f7495fe44d1559c1ac49795a30881a,h5_fold3_fully_nested_v1
3,2023-04-04,2023-04-09,outer_test,True,,2022-07-21,2022-10-27,2023-02-20,6ed147cd585e5e8083292683f9be3cf585e97e4d46fa0e3224d24a4e2b42cbbb,f83baf5732ffbf88b9a448a3d9ab9fa270f7495fe44d1559c1ac49795a30881a,h5_fold3_fully_nested_v1
3,2023-04-05,2023-04-10,outer_test,True,,2022-07-21,2022-10-27,2023-02-20,6ed147cd585e5e8083292683f9be3cf585e97e4d46fa0e3224d24a4e2b42cbbb,f83baf5732ffbf88b9a448a3d9ab9fa270f7495fe44d1559c1ac49795a30881a,h5_fold3_fully_nested_v1
3,2023-04-06,2023-04-11,outer_test,True,,2022-07-21,2022-10-27,2023-02-20,6ed147cd585e5e8083292683f9be3cf585e97e4d46fa0e3224d24a4e2b42cbbb,f83baf5732ffbf88b9a448a3d9ab9fa270f7495fe44d1559c1ac49795a30881a,h5_fold3_fully_nested_v1
3,2023-04-07,2023-04-12,outer_test,True,,2022-07-21,2022-10-27,2023-02-20,6ed147cd585e5e8083292683f9be3cf585e97e4d46fa0e3224d24a4e2b42cbbb,f83baf5732ffbf88b9a448a3d9ab9fa270f7495fe44d1559c1ac49795a30881a,h5_fold3_fully_nested_v1
3,2023-04-08,2023-04-13,outer_test,True,,2022-07-21,2022-10-27,2023-02-20,6ed147cd585e5e8083292683f9be3cf585e97e4d46fa0e3224d24a4e2b42cbbb,f83baf5732ffbf88b9a448a3d9ab9fa270f7495fe44d1559c1ac49795a30881a,h5_fold3_fully_nested_v1
3,2023-04-09,2023-04-14,outer_test,True,,2022-07-21,2022-10-27,2023-02-20,6ed147cd585e5e8083292683f9be3cf585e97e4d46fa0e3224d24a4e2b42cbbb,f83baf5732ffbf88b9a448a3d9ab9fa270f7495fe44d1559c1ac49795a30881a,h5_fold3_fully_nested_v1
3,2023-04-10,2023-04-15,outer_test,True,,2022-07-21,2022-10-27,2023-02-20,6ed147cd585e5e8083292683f9be3cf585e97e4d46fa0e3224d24a4e2b42cbbb,f83baf5732ffbf88b9a448a3d9ab9fa270f7495fe44d1559c1ac49795a30881a,h5_fold3_fully_nested_v1
3,2023-04-11,2023-04-16,outer_test,True,,2022-07-21,2022-10-27,2023-02-20,6ed147cd585e5e8083292683f9be3cf585e97e4d46fa0e3224d24a4e2b42cbbb,f83baf5732ffbf88b9a448a3d9ab9fa270f7495fe44d1559c1ac49795a30881a,h5_fold3_fully_nested_v1
3,2023-04-12,2023-04-17,outer_test,True,,2022-07-21,2022-10-27,2023-02-20,6ed147cd585e5e8083292683f9be3cf585e97e4d46fa0e3224d24a4e2b42cbbb,f83baf5732ffbf88b9a448a3d9ab9fa270f7495fe44d1559c1ac49795a30881a,h5_fold3_fully_nested_v1
3,2023-04-13,2023-04-18,outer_test,True,,2022-07-21,2022-10-27,2023-02-20,6ed147cd585e5e8083292683f9be3cf585e97e4d46fa0e3224d24a4e2b42cbbb,f83baf5732ffbf88b9a448a3d9ab9fa270f7495fe44d1559c1ac49795a30881a,h5_fold3_fully_nested_v1
3,2023-04-14,2023-04-19,outer_test,True,,2022-07-21,2022-10-27,2023-02-20,6ed147cd585e5e8083292683f9be3cf585e97e4d46fa0e3224d24a4e2b42cbbb,f83baf5732ffbf88b9a448a3d9ab9fa270f7495fe44d1559c1ac49795a30881a,h5_fold3_fully_nested_v1
3,2023-04-15,2023-04-20,outer_test,True,,2022-07-21,2022-10-27,2023-02-20,6ed147cd585e5e8083292683f9be3cf585e97e4d46fa0e3224d24a4e2b42cbbb,f83baf5732ffbf88b9a448a3d9ab9fa270f7495fe44d1559c1ac49795a30881a,h5_fold3_fully_nested_v1
3,2023-04-16,2023-04-21,outer_test,True,,2022-07-21,2022-10-27,2023-02-20,6ed147cd585e5e8083292683f9be3cf585e97e4d46fa0e3224d24a4e2b42cbbb,f83baf5732ffbf88b9a448a3d9ab9fa270f7495fe44d1559c1ac49795a30881a,h5_fold3_fully_nested_v1
3,2023-04-17,2023-04-22,outer_test,True,,2022-07-21,2022-10-27,2023-02-20,6ed147cd585e5e8083292683f9be3cf585e97e4d46fa0e3224d24a4e2b42cbbb,f83baf5732ffbf88b9a448a3d9ab9fa270f7495fe44d1559c1ac49795a30881a,h5_fold3_fully_nested_v1
3,2023-04-18,2023-04-23,outer_test,True,,2022-07-21,2022-10-27,2023-02-20,6ed147cd585e5e8083292683f9be3cf585e97e4d46fa0e3224d24a4e2b42cbbb,f83baf5732ffbf88b9a448a3d9ab9fa270f7495fe44d1559c1ac49795a30881a,h5_fold3_fully_nested_v1
3,2023-04-19,2023-04-24,outer_test,True,,2022-07-21,2022-10-27,2023-02-20,6ed147cd585e5e8083292683f9be3cf585e97e4d46fa0e3224d24a4e2b42cbbb,f83baf5732ffbf88b9a448a3d9ab9fa270f7495fe44d1559c1ac49795a30881a,h5_fold3_fully_nested_v1
3,2023-04-20,2023-04-25,outer_test,True,,2022-07-21,2022-10-27,2023-02-20,6ed147cd585e5e8083292683f9be3cf585e97e4d46fa0e3224d24a4e2b42cbbb,f83baf5732ffbf88b9a448a3d9ab9fa270f7495fe44d1559c1ac49795a30881a,h5_fold3_fully_nested_v1
3,2023-04-21,2023-04-26,outer_test,True,,2022-07-21,2022-10-27,2023-02-20,6ed147cd585e5e8083292683f9be3cf585e97e4d46fa0e3224d24a4e2b42cbbb,f83baf5732ffbf88b9a448a3d9ab9fa270f7495fe44d1559c1ac49795a30881a,h5_fold3_fully_nested_v1
3,2023-04-22,2023-04-27,outer_test,True,,2022-07-21,2022-10-27,2023-02-20,6ed147cd585e5e8083292683f9be3cf585e97e4d46fa0e3224d24a4e2b42cbbb,f83baf5732ffbf88b9a448a3d9ab9fa270f7495fe44d1559c1ac49795a30881a,h5_fold3_fully_nested_v1
3,2023-04-23,2023-04-28,outer_test,True,,2022-07-21,2022-10-27,2023-02-20,6ed147cd585e5e8083292683f9be3cf585e97e4d46fa0e3224d24a4e2b42cbbb,f83baf5732ffbf88b9a448a3d9ab9fa270f7495fe44d1559c1ac49795a30881a,h5_fold3_fully_nested_v1
3,2023-04-24,2023-04-29,outer_test,True,,2022-07-21,2022-10-27,2023-02-20,6ed147cd585e5e8083292683f9be3cf585e97e4d46fa0e3224d24a4e2b42cbbb,f83baf5732ffbf88b9a448a3d9ab9fa270f7495fe44d1559c1ac49795a30881a,h5_fold3_fully_nested_v1
3,2023-04-25,2023-04-30,outer_test,True,,2022-07-21,2022-10-27,2023-02-20,6ed147cd585e5e8083292683f9be3cf585e97e4d46fa0e3224d24a4e2b42cbbb,f83baf5732ffbf88b9a448a3d9ab9fa270f7495fe44d1559c1ac49795a30881a,h5_fold3_fully_nested_v1
3,2023-04-26,2023-05-01,outer_test,True,,2022-07-21,2022-10-27,2023-02-20,6ed147cd585e5e8083292683f9be3cf585e97e4d46fa0e3224d24a4e2b42cbbb,f83baf5732ffbf88b9a448a3d9ab9fa270f7495fe44d1559c1ac49795a30881a,h5_fold3_fully_nested_v1
3,2023-04-27,2023-05-02,outer_test,True,,2022-07-21,2022-10-27,2023-02-20,6ed147cd585e5e8083292683f9be3cf585e97e4d46fa0e3224d24a4e2b42cbbb,f83baf5732ffbf88b9a448a3d9ab9fa270f7495fe44d1559c1ac49795a30881a,h5_fold3_fully_nested_v1
3,2023-04-28,2023-05-03,outer_test,True,,2022-07-21,2022-10-27,2023-02-20,6ed147cd585e5e8083292683f9be3cf585e97e4d46fa0e3224d24a4e2b42cbbb,f83baf5732ffbf88b9a448a3d9ab9fa270f7495fe44d1559c1ac49795a30881a,h5_fold3_fully_nested_v1
3,2023-04-29,2023-05-04,outer_test,True,,2022-07-21,2022-10-27,2023-02-20,6ed147cd585e5e8083292683f9be3cf585e97e4d46fa0e3224d24a4e2b42cbbb,f83baf5732ffbf88b9a448a3d9ab9fa270f7495fe44d1559c1ac49795a30881a,h5_fold3_fully_nested_v1
3,2023-04-30,2023-05-05,outer_test,True,,2022-07-21,2022-10-27,2023-02-20,6ed147cd585e5e8083292683f9be3cf585e97e4d46fa0e3224d24a4e2b42cbbb,f83baf5732ffbf88b9a448a3d9ab9fa270f7495fe44d1559c1ac49795a30881a,h5_fold3_fully_nested_v1
3,2023-05-01,2023-05-06,outer_test,True,,2022-07-21,2022-10-27,2023-02-20,6ed147cd585e5e8083292683f9be3cf585e97e4d46fa0e3224d24a4e2b42cbbb,f83baf5732ffbf88b9a448a3d9ab9fa270f7495fe44d1559c1ac49795a30881a,h5_fold3_fully_nested_v1
3,2023-05-02,2023-05-07,outer_test,True,,2022-07-21,2022-10-27,2023-02-20,6ed147cd585e5e8083292683f9be3cf585e97e4d46fa0e3224d24a4e2b42cbbb,f83baf5732ffbf88b9a448a3d9ab9fa270f7495fe44d1559c1ac49795a30881a,h5_fold3_fully_nested_v1
3,2023-05-03,2023-05-08,outer_test,True,,2022-07-21,2022-10-27,2023-02-20,6ed147cd585e5e8083292683f9be3cf585e97e4d46fa0e3224d24a4e2b42cbbb,f83baf5732ffbf88b9a448a3d9ab9fa270f7495fe44d1559c1ac49795a30881a,h5_fold3_fully_nested_v1
3,2023-05-04,2023-05-09,outer_test,True,,2022-07-21,2022-10-27,2023-02-20,6ed147cd585e5e8083292683f9be3cf585e97e4d46fa0e3224d24a4e2b42cbbb,f83baf5732ffbf88b9a448a3d9ab9fa270f7495fe44d1559c1ac49795a30881a,h5_fold3_fully_nested_v1
3,2023-05-05,2023-05-10,outer_test,True,,2022-07-21,2022-10-27,2023-02-20,6ed147cd585e5e8083292683f9be3cf585e97e4d46fa0e3224d24a4e2b42cbbb,f83baf5732ffbf88b9a448a3d9ab9fa270f7495fe44d1559c1ac49795a30881a,h5_fold3_fully_nested_v1
3,2023-05-06,2023-05-11,outer_test,True,,2022-07-21,2022-10-27,2023-02-20,6ed147cd585e5e8083292683f9be3cf585e97e4d46fa0e3224d24a4e2b42cbbb,f83baf5732ffbf88b9a448a3d9ab9fa270f7495fe44d1559c1ac49795a30881a,h5_fold3_fully_nested_v1
3,2023-05-07,2023-05-12,outer_test,True,,2022-07-21,2022-10-27,2023-02-20,6ed147cd585e5e8083292683f9be3cf585e97e4d46fa0e3224d24a4e2b42cbbb,f83baf5732ffbf88b9a448a3d9ab9fa270f7495fe44d1559c1ac49795a30881a,h5_fold3_fully_nested_v1
3,2023-05-08,2023-05-13,outer_test,True,,2022-07-21,2022-10-27,2023-02-20,6ed147cd585e5e8083292683f9be3cf585e97e4d46fa0e3224d24a4e2b42cbbb,f83baf5732ffbf88b9a448a3d9ab9fa270f7495fe44d1559c1ac49795a30881a,h5_fold3_fully_nested_v1
3,2023-05-09,2023-05-14,outer_test,True,,2022-07-21,2022-10-27,2023-02-20,6ed147cd585e5e8083292683f9be3cf585e97e4d46fa0e3224d24a4e2b42cbbb,f83baf5732ffbf88b9a448a3d9ab9fa270f7495fe44d1559c1ac49795a30881a,h5_fold3_fully_nested_v1
3,2023-05-10,2023-05-15,outer_test,True,,2022-07-21,2022-10-27,2023-02-20,6ed147cd585e5e8083292683f9be3cf585e97e4d46fa0e3224d24a4e2b42cbbb,f83baf5732ffbf88b9a448a3d9ab9fa270f7495fe44d1559c1ac49795a30881a,h5_fold3_fully_nested_v1
3,2023-05-11,2023-05-16,outer_test,True,,2022-07-21,2022-10-27,2023-02-20,6ed147cd585e5e8083292683f9be3cf585e97e4d46fa0e3224d24a4e2b42cbbb,f83baf5732ffbf88b9a448a3d9ab9fa270f7495fe44d1559c1ac49795a30881a,h5_fold3_fully_nested_v1
3,2023-05-12,2023-05-17,outer_test,True,,2022-07-21,2022-10-27,2023-02-20,6ed147cd585e5e8083292683f9be3cf585e97e4d46fa0e3224d24a4e2b42cbbb,f83baf5732ffbf88b9a448a3d9ab9fa270f7495fe44d1559c1ac49795a30881a,h5_fold3_fully_nested_v1
3,2023-05-13,2023-05-18,outer_test,True,,2022-07-21,2022-10-27,2023-02-20,6ed147cd585e5e8083292683f9be3cf585e97e4d46fa0e3224d24a4e2b42cbbb,f83baf5732ffbf88b9a448a3d9ab9fa270f7495fe44d1559c1ac49795a30881a,h5_fold3_fully_nested_v1
3,2023-05-14,2023-05-19,outer_test,True,,2022-07-21,2022-10-27,2023-02-20,6ed147cd585e5e8083292683f9be3cf585e97e4d46fa0e3224d24a4e2b42cbbb,f83baf5732ffbf88b9a448a3d9ab9fa270f7495fe44d1559c1ac49795a30881a,h5_fold3_fully_nested_v1
3,2023-05-15,2023-05-20,outer_test,True,,2022-07-21,2022-10-27,2023-02-20,6ed147cd585e5e8083292683f9be3cf585e97e4d46fa0e3224d24a4e2b42cbbb,f83baf5732ffbf88b9a448a3d9ab9fa270f7495fe44d1559c1ac49795a30881a,h5_fold3_fully_nested_v1
3,2023-05-16,2023-05-21,outer_test,True,,2022-07-21,2022-10-27,2023-02-20,6ed147cd585e5e8083292683f9be3cf585e97e4d46fa0e3224d24a4e2b42cbbb,f83baf5732ffbf88b9a448a3d9ab9fa270f7495fe44d1559c1ac49795a30881a,h5_fold3_fully_nested_v1
3,2023-05-17,2023-05-22,outer_test,True,,2022-07-21,2022-10-27,2023-02-20,6ed147cd585e5e8083292683f9be3cf585e97e4d46fa0e3224d24a4e2b42cbbb,f83baf5732ffbf88b9a448a3d9ab9fa270f7495fe44d1559c1ac49795a30881a,h5_fold3_fully_nested_v1
3,2023-05-18,2023-05-23,outer_test,True,,2022-07-21,2022-10-27,2023-02-20,6ed147cd585e5e8083292683f9be3cf585e97e4d46fa0e3224d24a4e2b42cbbb,f83baf5732ffbf88b9a448a3d9ab9fa270f7495fe44d1559c1ac49795a30881a,h5_fold3_fully_nested_v1
3,2023-05-19,2023-05-24,outer_test,True,,2022-07-21,2022-10-27,2023-02-20,6ed147cd585e5e8083292683f9be3cf585e97e4d46fa0e3224d24a4e2b42cbbb,f83baf5732ffbf88b9a448a3d9ab9fa270f7495fe44d1559c1ac49795a30881a,h5_fold3_fully_nested_v1
3,2023-05-20,2023-05-25,outer_test,True,,2022-07-21,2022-10-27,2023-02-20,6ed147cd585e5e8083292683f9be3cf585e97e4d46fa0e3224d24a4e2b42cbbb,f83baf5732ffbf88b9a448a3d9ab9fa270f7495fe44d1559c1ac49795a30881a,h5_fold3_fully_nested_v1
3,2023-05-21,2023-05-26,outer_test,True,,2022-07-21,2022-10-27,2023-02-20,6ed147cd585e5e8083292683f9be3cf585e97e4d46fa0e3224d24a4e2b42cbbb,f83baf5732ffbf88b9a448a3d9ab9fa270f7495fe44d1559c1ac49795a30881a,h5_fold3_fully_nested_v1
3,2023-05-22,2023-05-27,outer_test,True,,2022-07-21,2022-10-27,2023-02-20,6ed147cd585e5e8083292683f9be3cf585e97e4d46fa0e3224d24a4e2b42cbbb,f83baf5732ffbf88b9a448a3d9ab9fa270f7495fe44d1559c1ac49795a30881a,h5_fold3_fully_nested_v1
3,2023-05-23,2023-05-28,outer_test,True,,2022-07-21,2022-10-27,2023-02-20,6ed147cd585e5e8083292683f9be3cf585e97e4d46fa0e3224d24a4e2b42cbbb,f83baf5732ffbf88b9a448a3d9ab9fa270f7495fe44d1559c1ac49795a30881a,h5_fold3_fully_nested_v1
3,2023-05-24,2023-05-29,outer_test,True,,2022-07-21,2022-10-27,2023-02-20,6ed147cd585e5e8083292683f9be3cf585e97e4d46fa0e3224d24a4e2b42cbbb,f83baf5732ffbf88b9a448a3d9ab9fa270f7495fe44d1559c1ac49795a30881a,h5_fold3_fully_nested_v1
3,2023-05-25,2023-05-30,outer_test,True,,2022-07-21,2022-10-27,2023-02-20,6ed147cd585e5e8083292683f9be3cf585e97e4d46fa0e3224d24a4e2b42cbbb,f83baf5732ffbf88b9a448a3d9ab9fa270f7495fe44d1559c1ac49795a30881a,h5_fold3_fully_nested_v1
3,2023-05-26,2023-05-31,outer_test,True,,2022-07-21,2022-10-27,2023-02-20,6ed147cd585e5e8083292683f9be3cf585e97e4d46fa0e3224d24a4e2b42cbbb,f83baf5732ffbf88b9a448a3d9ab9fa270f7495fe44d1559c1ac49795a30881a,h5_fold3_fully_nested_v1
3,2023-05-27,2023-06-01,outer_test,True,,2022-07-21,2022-10-27,2023-02-20,6ed147cd585e5e8083292683f9be3cf585e97e4d46fa0e3224d24a4e2b42cbbb,f83baf5732ffbf88b9a448a3d9ab9fa270f7495fe44d1559c1ac49795a30881a,h5_fold3_fully_nested_v1
3,2023-05-28,2023-06-02,outer_test,True,,2022-07-21,2022-10-27,2023-02-20,6ed147cd585e5e8083292683f9be3cf585e97e4d46fa0e3224d24a4e2b42cbbb,f83baf5732ffbf88b9a448a3d9ab9fa270f7495fe44d1559c1ac49795a30881a,h5_fold3_fully_nested_v1
3,2023-05-29,2023-06-03,outer_test,True,,2022-07-21,2022-10-27,2023-02-20,6ed147cd585e5e8083292683f9be3cf585e97e4d46fa0e3224d24a4e2b42cbbb,f83baf5732ffbf88b9a448a3d9ab9fa270f7495fe44d1559c1ac49795a30881a,h5_fold3_fully_nested_v1
3,2023-05-30,2023-06-04,outer_test,True,,2022-07-21,2022-10-27,2023-02-20,6ed147cd585e5e8083292683f9be3cf585e97e4d46fa0e3224d24a4e2b42cbbb,f83baf5732ffbf88b9a448a3d9ab9fa270f7495fe44d1559c1ac49795a30881a,h5_fold3_fully_nested_v1
3,2023-05-31,2023-06-05,outer_test,True,,2022-07-21,2022-10-27,2023-02-20,6ed147cd585e5e8083292683f9be3cf585e97e4d46fa0e3224d24a4e2b42cbbb,f83baf5732ffbf88b9a448a3d9ab9fa270f7495fe44d1559c1ac49795a30881a,h5_fold3_fully_nested_v1
3,2023-06-01,2023-06-06,outer_test,True,,2022-07-21,2022-10-27,2023-02-20,6ed147cd585e5e8083292683f9be3cf585e97e4d46fa0e3224d24a4e2b42cbbb,f83baf5732ffbf88b9a448a3d9ab9fa270f7495fe44d1559c1ac49795a30881a,h5_fold3_fully_nested_v1
3,2023-06-02,2023-06-07,outer_test,True,,2022-07-21,2022-10-27,2023-02-20,6ed147cd585e5e8083292683f9be3cf585e97e4d46fa0e3224d24a4e2b42cbbb,f83baf5732ffbf88b9a448a3d9ab9fa270f7495fe44d1559c1ac49795a30881a,h5_fold3_fully_nested_v1
3,2023-06-03,2023-06-08,outer_test,True,,2022-07-21,2022-10-27,2023-02-20,6ed147cd585e5e8083292683f9be3cf585e97e4d46fa0e3224d24a4e2b42cbbb,f83baf5732ffbf88b9a448a3d9ab9fa270f7495fe44d1559c1ac49795a30881a,h5_fold3_fully_nested_v1
3,2023-06-04,2023-06-09,outer_test,True,,2022-07-21,2022-10-27,2023-02-20,6ed147cd585e5e8083292683f9be3cf585e97e4d46fa0e3224d24a4e2b42cbbb,f83baf5732ffbf88b9a448a3d9ab9fa270f7495fe44d1559c1ac49795a30881a,h5_fold3_fully_nested_v1
3,2023-06-05,2023-06-10,outer_test,True,,2022-07-21,2022-10-27,2023-02-20,6ed147cd585e5e8083292683f9be3cf585e97e4d46fa0e3224d24a4e2b42cbbb,f83baf5732ffbf88b9a448a3d9ab9fa270f7495fe44d1559c1ac49795a30881a,h5_fold3_fully_nested_v1
3,2023-06-06,2023-06-11,outer_test,True,,2022-07-21,2022-10-27,2023-02-20,6ed147cd585e5e8083292683f9be3cf585e97e4d46fa0e3224d24a4e2b42cbbb,f83baf5732ffbf88b9a448a3d9ab9fa270f7495fe44d1559c1ac49795a30881a,h5_fold3_fully_nested_v1
3,2023-06-07,2023-06-12,outer_test,True,,2022-07-21,2022-10-27,2023-02-20,6ed147cd585e5e8083292683f9be3cf585e97e4d46fa0e3224d24a4e2b42cbbb,f83baf5732ffbf88b9a448a3d9ab9fa270f7495fe44d1559c1ac49795a30881a,h5_fold3_fully_nested_v1
3,2023-06-08,2023-06-13,outer_test,True,,2022-07-21,2022-10-27,2023-02-20,6ed147cd585e5e8083292683f9be3cf585e97e4d46fa0e3224d24a4e2b42cbbb,f83baf5732ffbf88b9a448a3d9ab9fa270f7495fe44d1559c1ac49795a30881a,h5_fold3_fully_nested_v1
3,2023-06-09,2023-06-14,outer_test,True,,2022-07-21,2022-10-27,2023-02-20,6ed147cd585e5e8083292683f9be3cf585e97e4d46fa0e3224d24a4e2b42cbbb,f83baf5732ffbf88b9a448a3d9ab9fa270f7495fe44d1559c1ac49795a30881a,h5_fold3_fully_nested_v1
3,2023-06-10,2023-06-15,outer_test,True,,2022-07-21,2022-10-27,2023-02-20,6ed147cd585e5e8083292683f9be3cf585e97e4d46fa0e3224d24a4e2b42cbbb,f83baf5732ffbf88b9a448a3d9ab9fa270f7495fe44d1559c1ac49795a30881a,h5_fold3_fully_nested_v1
3,2023-06-11,2023-06-16,outer_test,True,,2022-07-21,2022-10-27,2023-02-20,6ed147cd585e5e8083292683f9be3cf585e97e4d46fa0e3224d24a4e2b42cbbb,f83baf5732ffbf88b9a448a3d9ab9fa270f7495fe44d1559c1ac49795a30881a,h5_fold3_fully_nested_v1
3,2023-06-12,2023-06-17,outer_test,True,,2022-07-21,2022-10-27,2023-02-20,6ed147cd585e5e8083292683f9be3cf585e97e4d46fa0e3224d24a4e2b42cbbb,f83baf5732ffbf88b9a448a3d9ab9fa270f7495fe44d1559c1ac49795a30881a,h5_fold3_fully_nested_v1
3,2023-06-13,2023-06-18,outer_test,True,,2022-07-21,2022-10-27,2023-02-20,6ed147cd585e5e8083292683f9be3cf585e97e4d46fa0e3224d24a4e2b42cbbb,f83baf5732ffbf88b9a448a3d9ab9fa270f7495fe44d1559c1ac49795a30881a,h5_fold3_fully_nested_v1
3,2023-06-14,2023-06-19,outer_test,True,,2022-07-21,2022-10-27,2023-02-20,6ed147cd585e5e8083292683f9be3cf585e97e4d46fa0e3224d24a4e2b42cbbb,f83baf5732ffbf88b9a448a3d9ab9fa270f7495fe44d1559c1ac49795a30881a,h5_fold3_fully_nested_v1
3,2023-06-15,2023-06-20,outer_test,True,,2022-07-21,2022-10-27,2023-02-20,6ed147cd585e5e8083292683f9be3cf585e97e4d46fa0e3224d24a4e2b42cbbb,f83baf5732ffbf88b9a448a3d9ab9fa270f7495fe44d1559c1ac49795a30881a,h5_fold3_fully_nested_v1
3,2023-06-16,2023-06-21,outer_test,True,,2022-07-21,2022-10-27,2023-02-20,6ed147cd585e5e8083292683f9be3cf585e97e4d46fa0e3224d24a4e2b42cbbb,f83baf5732ffbf88b9a448a3d9ab9fa270f7495fe44d1559c1ac49795a30881a,h5_fold3_fully_nested_v1
3,2023-06-17,2023-06-22,outer_test,True,,2022-07-21,2022-10-27,2023-02-20,6ed147cd585e5e8083292683f9be3cf585e97e4d46fa0e3224d24a4e2b42cbbb,f83baf5732ffbf88b9a448a3d9ab9fa270f7495fe44d1559c1ac49795a30881a,h5_fold3_fully_nested_v1
3,2023-06-18,2023-06-23,outer_test,True,,2022-07-21,2022-10-27,2023-02-20,6ed147cd585e5e8083292683f9be3cf585e97e4d46fa0e3224d24a4e2b42cbbb,f83baf5732ffbf88b9a448a3d9ab9fa270f7495fe44d1559c1ac49795a30881a,h5_fold3_fully_nested_v1
3,2023-06-19,2023-06-24,outer_test,True,,2022-07-21,2022-10-27,2023-02-20,6ed147cd585e5e8083292683f9be3cf585e97e4d46fa0e3224d24a4e2b42cbbb,f83baf5732ffbf88b9a448a3d9ab9fa270f7495fe44d1559c1ac49795a30881a,h5_fold3_fully_nested_v1
3,2023-06-20,2023-06-25,outer_test,True,,2022-07-21,2022-10-27,2023-02-20,6ed147cd585e5e8083292683f9be3cf585e97e4d46fa0e3224d24a4e2b42cbbb,f83baf5732ffbf88b9a448a3d9ab9fa270f7495fe44d1559c1ac49795a30881a,h5_fold3_fully_nested_v1
3,2023-06-21,2023-06-26,outer_test,True,,2022-07-21,2022-10-27,2023-02-20,6ed147cd585e5e8083292683f9be3cf585e97e4d46fa0e3224d24a4e2b42cbbb,f83baf5732ffbf88b9a448a3d9ab9fa270f7495fe44d1559c1ac49795a30881a,h5_fold3_fully_nested_v1
3,2023-06-22,2023-06-27,outer_test,True,,2022-07-21,2022-10-27,2023-02-20,6ed147cd585e5e8083292683f9be3cf585e97e4d46fa0e3224d24a4e2b42cbbb,f83baf5732ffbf88b9a448a3d9ab9fa270f7495fe44d1559c1ac49795a30881a,h5_fold3_fully_nested_v1
3,2023-06-23,2023-06-28,outer_test,True,,2022-07-21,2022-10-27,2023-02-20,6ed147cd585e5e8083292683f9be3cf585e97e4d46fa0e3224d24a4e2b42cbbb,f83baf5732ffbf88b9a448a3d9ab9fa270f7495fe44d1559c1ac49795a30881a,h5_fold3_fully_nested_v1
3,2023-06-24,2023-06-29,outer_test,True,,2022-07-21,2022-10-27,2023-02-20,6ed147cd585e5e8083292683f9be3cf585e97e4d46fa0e3224d24a4e2b42cbbb,f83baf5732ffbf88b9a448a3d9ab9fa270f7495fe44d1559c1ac49795a30881a,h5_fold3_fully_nested_v1
3,2023-06-25,2023-06-30,outer_test,True,,2022-07-21,2022-10-27,2023-02-20,6ed147cd585e5e8083292683f9be3cf585e97e4d46fa0e3224d24a4e2b42cbbb,f83baf5732ffbf88b9a448a3d9ab9fa270f7495fe44d1559c1ac49795a30881a,h5_fold3_fully_nested_v1
3,2023-06-26,2023-07-01,outer_test,True,,2022-07-21,2022-10-27,2023-02-20,6ed147cd585e5e8083292683f9be3cf585e97e4d46fa0e3224d24a4e2b42cbbb,f83baf5732ffbf88b9a448a3d9ab9fa270f7495fe44d1559c1ac49795a30881a,h5_fold3_fully_nested_v1
3,2023-06-27,2023-07-02,outer_test,True,,2022-07-21,2022-10-27,2023-02-20,6ed147cd585e5e8083292683f9be3cf585e97e4d46fa0e3224d24a4e2b42cbbb,f83baf5732ffbf88b9a448a3d9ab9fa270f7495fe44d1559c1ac49795a30881a,h5_fold3_fully_nested_v1
3,2023-06-28,2023-07-03,outer_test,True,,2022-07-21,2022-10-27,2023-02-20,6ed147cd585e5e8083292683f9be3cf585e97e4d46fa0e3224d24a4e2b42cbbb,f83baf5732ffbf88b9a448a3d9ab9fa270f7495fe44d1559c1ac49795a30881a,h5_fold3_fully_nested_v1
3,2023-06-29,2023-07-04,outer_test,True,,2022-07-21,2022-10-27,2023-02-20,6ed147cd585e5e8083292683f9be3cf585e97e4d46fa0e3224d24a4e2b42cbbb,f83baf5732ffbf88b9a448a3d9ab9fa270f7495fe44d1559c1ac49795a30881a,h5_fold3_fully_nested_v1
3,2023-06-30,2023-07-05,outer_test,True,,2022-07-21,2022-10-27,2023-02-20,6ed147cd585e5e8083292683f9be3cf585e97e4d46fa0e3224d24a4e2b42cbbb,f83baf5732ffbf88b9a448a3d9ab9fa270f7495fe44d1559c1ac49795a30881a,h5_fold3_fully_nested_v1
3,2023-07-01,2023-07-06,outer_test,True,,2022-07-21,2022-10-27,2023-02-20,6ed147cd585e5e8083292683f9be3cf585e97e4d46fa0e3224d24a4e2b42cbbb,f83baf5732ffbf88b9a448a3d9ab9fa270f7495fe44d1559c1ac49795a30881a,h5_fold3_fully_nested_v1
3,2023-07-02,2023-07-07,outer_test,True,,2022-07-21,2022-10-27,2023-02-20,6ed147cd585e5e8083292683f9be3cf585e97e4d46fa0e3224d24a4e2b42cbbb,f83baf5732ffbf88b9a448a3d9ab9fa270f7495fe44d1559c1ac49795a30881a,h5_fold3_fully_nested_v1
3,2023-07-03,2023-07-08,outer_test,True,,2022-07-21,2022-10-27,2023-02-20,6ed147cd585e5e8083292683f9be3cf585e97e4d46fa0e3224d24a4e2b42cbbb,f83baf5732ffbf88b9a448a3d9ab9fa270f7495fe44d1559c1ac49795a30881a,h5_fold3_fully_nested_v1
3,2023-07-04,2023-07-09,outer_test,True,,2022-07-21,2022-10-27,2023-02-20,6ed147cd585e5e8083292683f9be3cf585e97e4d46fa0e3224d24a4e2b42cbbb,f83baf5732ffbf88b9a448a3d9ab9fa270f7495fe44d1559c1ac49795a30881a,h5_fold3_fully_nested_v1
3,2023-07-05,2023-07-10,outer_test,True,,2022-07-21,2022-10-27,2023-02-20,6ed147cd585e5e8083292683f9be3cf585e97e4d46fa0e3224d24a4e2b42cbbb,f83baf5732ffbf88b9a448a3d9ab9fa270f7495fe44d1559c1ac49795a30881a,h5_fold3_fully_nested_v1
3,2023-07-06,2023-07-11,outer_test,True,,2022-07-21,2022-10-27,2023-02-20,6ed147cd585e5e8083292683f9be3cf585e97e4d46fa0e3224d24a4e2b42cbbb,f83baf5732ffbf88b9a448a3d9ab9fa270f7495fe44d1559c1ac49795a30881a,h5_fold3_fully_nested_v1
3,2023-07-07,2023-07-12,outer_test,True,,2022-07-21,2022-10-27,2023-02-20,6ed147cd585e5e8083292683f9be3cf585e97e4d46fa0e3224d24a4e2b42cbbb,f83baf5732ffbf88b9a448a3d9ab9fa270f7495fe44d1559c1ac49795a30881a,h5_fold3_fully_nested_v1
3,2023-07-08,2023-07-13,outer_test,True,,2022-07-21,2022-10-27,2023-02-20,6ed147cd585e5e8083292683f9be3cf585e97e4d46fa0e3224d24a4e2b42cbbb,f83baf5732ffbf88b9a448a3d9ab9fa270f7495fe44d1559c1ac49795a30881a,h5_fold3_fully_nested_v1
3,2023-07-09,2023-07-14,outer_test,True,,2022-07-21,2022-10-27,2023-02-20,6ed147cd585e5e8083292683f9be3cf585e97e4d46fa0e3224d24a4e2b42cbbb,f83baf5732ffbf88b9a448a3d9ab9fa270f7495fe44d1559c1ac49795a30881a,h5_fold3_fully_nested_v1
3,2023-07-10,2023-07-15,outer_test,True,,2022-07-21,2022-10-27,2023-02-20,6ed147cd585e5e8083292683f9be3cf585e97e4d46fa0e3224d24a4e2b42cbbb,f83baf5732ffbf88b9a448a3d9ab9fa270f7495fe44d1559c1ac49795a30881a,h5_fold3_fully_nested_v1
3,2023-07-11,2023-07-16,outer_test,True,,2022-07-21,2022-10-27,2023-02-20,6ed147cd585e5e8083292683f9be3cf585e97e4d46fa0e3224d24a4e2b42cbbb,f83baf5732ffbf88b9a448a3d9ab9fa270f7495fe44d1559c1ac49795a30881a,h5_fold3_fully_nested_v1
3,2023-07-12,2023-07-17,outer_test,True,,2022-07-21,2022-10-27,2023-02-20,6ed147cd585e5e8083292683f9be3cf585e97e4d46fa0e3224d24a4e2b42cbbb,f83baf5732ffbf88b9a448a3d9ab9fa270f7495fe44d1559c1ac49795a30881a,h5_fold3_fully_nested_v1
3,2023-07-13,2023-07-18,outer_test,True,,2022-07-21,2022-10-27,2023-02-20,6ed147cd585e5e8083292683f9be3cf585e97e4d46fa0e3224d24a4e2b42cbbb,f83baf5732ffbf88b9a448a3d9ab9fa270f7495fe44d1559c1ac49795a30881a,h5_fold3_fully_nested_v1
3,2023-07-14,2023-07-19,outer_test,True,,2022-07-21,2022-10-27,2023-02-20,6ed147cd585e5e8083292683f9be3cf585e97e4d46fa0e3224d24a4e2b42cbbb,f83baf5732ffbf88b9a448a3d9ab9fa270f7495fe44d1559c1ac49795a30881a,h5_fold3_fully_nested_v1
3,2023-07-15,2023-07-20,outer_test,True,,2022-07-21,2022-10-27,2023-02-20,6ed147cd585e5e8083292683f9be3cf585e97e4d46fa0e3224d24a4e2b42cbbb,f83baf5732ffbf88b9a448a3d9ab9fa270f7495fe44d1559c1ac49795a30881a,h5_fold3_fully_nested_v1
3,2023-07-16,2023-07-21,outer_test,True,,2022-07-21,2022-10-27,2023-02-20,6ed147cd585e5e8083292683f9be3cf585e97e4d46fa0e3224d24a4e2b42cbbb,f83baf5732ffbf88b9a448a3d9ab9fa270f7495fe44d1559c1ac49795a30881a,h5_fold3_fully_nested_v1
3,2023-07-17,2023-07-22,outer_test,True,,2022-07-21,2022-10-27,2023-02-20,6ed147cd585e5e8083292683f9be3cf585e97e4d46fa0e3224d24a4e2b42cbbb,f83baf5732ffbf88b9a448a3d9ab9fa270f7495fe44d1559c1ac49795a30881a,h5_fold3_fully_nested_v1
3,2023-07-18,2023-07-23,outer_test,True,,2022-07-21,2022-10-27,2023-02-20,6ed147cd585e5e8083292683f9be3cf585e97e4d46fa0e3224d24a4e2b42cbbb,f83baf5732ffbf88b9a448a3d9ab9fa270f7495fe44d1559c1ac49795a30881a,h5_fold3_fully_nested_v1
3,2023-07-19,2023-07-24,outer_test,True,,2022-07-21,2022-10-27,2023-02-20,6ed147cd585e5e8083292683f9be3cf585e97e4d46fa0e3224d24a4e2b42cbbb,f83baf5732ffbf88b9a448a3d9ab9fa270f7495fe44d1559c1ac49795a30881a,h5_fold3_fully_nested_v1
3,2023-07-20,2023-07-25,outer_test,True,,2022-07-21,2022-10-27,2023-02-20,6ed147cd585e5e8083292683f9be3cf585e97e4d46fa0e3224d24a4e2b42cbbb,f83baf5732ffbf88b9a448a3d9ab9fa270f7495fe44d1559c1ac49795a30881a,h5_fold3_fully_nested_v1
3,2023-07-21,2023-07-26,outer_test,True,,2022-07-21,2022-10-27,2023-02-20,6ed147cd585e5e8083292683f9be3cf585e97e4d46fa0e3224d24a4e2b42cbbb,f83baf5732ffbf88b9a448a3d9ab9fa270f7495fe44d1559c1ac49795a30881a,h5_fold3_fully_nested_v1
3,2023-07-22,2023-07-27,outer_test,True,,2022-07-21,2022-10-27,2023-02-20,6ed147cd585e5e8083292683f9be3cf585e97e4d46fa0e3224d24a4e2b42cbbb,f83baf5732ffbf88b9a448a3d9ab9fa270f7495fe44d1559c1ac49795a30881a,h5_fold3_fully_nested_v1
3,2023-07-23,2023-07-28,outer_test,True,,2022-07-21,2022-10-27,2023-02-20,6ed147cd585e5e8083292683f9be3cf585e97e4d46fa0e3224d24a4e2b42cbbb,f83baf5732ffbf88b9a448a3d9ab9fa270f7495fe44d1559c1ac49795a30881a,h5_fold3_fully_nested_v1
3,2023-07-24,2023-07-29,outer_test,True,,2022-07-21,2022-10-27,2023-02-20,6ed147cd585e5e8083292683f9be3cf585e97e4d46fa0e3224d24a4e2b42cbbb,f83baf5732ffbf88b9a448a3d9ab9fa270f7495fe44d1559c1ac49795a30881a,h5_fold3_fully_nested_v1
3,2023-07-25,2023-07-30,outer_test,True,,2022-07-21,2022-10-27,2023-02-20,6ed147cd585e5e8083292683f9be3cf585e97e4d46fa0e3224d24a4e2b42cbbb,f83baf5732ffbf88b9a448a3d9ab9fa270f7495fe44d1559c1ac49795a30881a,h5_fold3_fully_nested_v1
3,2023-07-26,2023-07-31,outer_test,True,,2022-07-21,2022-10-27,2023-02-20,6ed147cd585e5e8083292683f9be3cf585e97e4d46fa0e3224d24a4e2b42cbbb,f83baf5732ffbf88b9a448a3d9ab9fa270f7495fe44d1559c1ac49795a30881a,h5_fold3_fully_nested_v1
3,2023-07-27,2023-08-01,outer_test,True,,2022-07-21,2022-10-27,2023-02-20,6ed147cd585e5e8083292683f9be3cf585e97e4d46fa0e3224d24a4e2b42cbbb,f83baf5732ffbf88b9a448a3d9ab9fa270f7495fe44d1559c1ac49795a30881a,h5_fold3_fully_nested_v1
3,2023-07-28,2023-08-02,outer_test,True,,2022-07-21,2022-10-27,2023-02-20,6ed147cd585e5e8083292683f9be3cf585e97e4d46fa0e3224d24a4e2b42cbbb,f83baf5732ffbf88b9a448a3d9ab9fa270f7495fe44d1559c1ac49795a30881a,h5_fold3_fully_nested_v1
3,2023-07-29,2023-08-03,outer_test,True,,2022-07-21,2022-10-27,2023-02-20,6ed147cd585e5e8083292683f9be3cf585e97e4d46fa0e3224d24a4e2b42cbbb,f83baf5732ffbf88b9a448a3d9ab9fa270f7495fe44d1559c1ac49795a30881a,h5_fold3_fully_nested_v1
3,2023-07-30,2023-08-04,outer_test,True,,2022-07-21,2022-10-27,2023-02-20,6ed147cd585e5e8083292683f9be3cf585e97e4d46fa0e3224d24a4e2b42cbbb,f83baf5732ffbf88b9a448a3d9ab9fa270f7495fe44d1559c1ac49795a30881a,h5_fold3_fully_nested_v1
3,2023-07-31,2023-08-05,outer_test,True,,2022-07-21,2022-10-27,2023-02-20,6ed147cd585e5e8083292683f9be3cf585e97e4d46fa0e3224d24a4e2b42cbbb,f83baf5732ffbf88b9a448a3d9ab9fa270f7495fe44d1559c1ac49795a30881a,h5_fold3_fully_nested_v1
3,2023-08-01,2023-08-06,outer_test,True,,2022-07-21,2022-10-27,2023-02-20,6ed147cd585e5e8083292683f9be3cf585e97e4d46fa0e3224d24a4e2b42cbbb,f83baf5732ffbf88b9a448a3d9ab9fa270f7495fe44d1559c1ac49795a30881a,h5_fold3_fully_nested_v1
3,2023-08-02,2023-08-07,outer_test,True,,2022-07-21,2022-10-27,2023-02-20,6ed147cd585e5e8083292683f9be3cf585e97e4d46fa0e3224d24a4e2b42cbbb,f83baf5732ffbf88b9a448a3d9ab9fa270f7495fe44d1559c1ac49795a30881a,h5_fold3_fully_nested_v1
3,2023-08-03,2023-08-08,outer_test,True,,2022-07-21,2022-10-27,2023-02-20,6ed147cd585e5e8083292683f9be3cf585e97e4d46fa0e3224d24a4e2b42cbbb,f83baf5732ffbf88b9a448a3d9ab9fa270f7495fe44d1559c1ac49795a30881a,h5_fold3_fully_nested_v1
3,2023-08-04,2023-08-09,outer_test,True,,2022-07-21,2022-10-27,2023-02-20,6ed147cd585e5e8083292683f9be3cf585e97e4d46fa0e3224d24a4e2b42cbbb,f83baf5732ffbf88b9a448a3d9ab9fa270f7495fe44d1559c1ac49795a30881a,h5_fold3_fully_nested_v1
3,2023-08-05,2023-08-10,outer_test,True,,2022-07-21,2022-10-27,2023-02-20,6ed147cd585e5e8083292683f9be3cf585e97e4d46fa0e3224d24a4e2b42cbbb,f83baf5732ffbf88b9a448a3d9ab9fa270f7495fe44d1559c1ac49795a30881a,h5_fold3_fully_nested_v1
3,2023-08-06,2023-08-11,outer_test,True,,2022-07-21,2022-10-27,2023-02-20,6ed147cd585e5e8083292683f9be3cf585e97e4d46fa0e3224d24a4e2b42cbbb,f83baf5732ffbf88b9a448a3d9ab9fa270f7495fe44d1559c1ac49795a30881a,h5_fold3_fully_nested_v1
3,2023-08-07,2023-08-12,outer_test,True,,2022-07-21,2022-10-27,2023-02-20,6ed147cd585e5e8083292683f9be3cf585e97e4d46fa0e3224d24a4e2b42cbbb,f83baf5732ffbf88b9a448a3d9ab9fa270f7495fe44d1559c1ac49795a30881a,h5_fold3_fully_nested_v1
3,2023-08-08,2023-08-13,outer_test,True,,2022-07-21,2022-10-27,2023-02-20,6ed147cd585e5e8083292683f9be3cf585e97e4d46fa0e3224d24a4e2b42cbbb,f83baf5732ffbf88b9a448a3d9ab9fa270f7495fe44d1559c1ac49795a30881a,h5_fold3_fully_nested_v1
3,2023-08-09,2023-08-14,outer_test,True,,2022-07-21,2022-10-27,2023-02-20,6ed147cd585e5e8083292683f9be3cf585e97e4d46fa0e3224d24a4e2b42cbbb,f83baf5732ffbf88b9a448a3d9ab9fa270f7495fe44d1559c1ac49795a30881a,h5_fold3_fully_nested_v1
3,2023-08-10,2023-08-15,outer_test,True,,2022-07-21,2022-10-27,2023-02-20,6ed147cd585e5e8083292683f9be3cf585e97e4d46fa0e3224d24a4e2b42cbbb,f83baf5732ffbf88b9a448a3d9ab9fa270f7495fe44d1559c1ac49795a30881a,h5_fold3_fully_nested_v1
3,2023-08-11,2023-08-16,outer_test,True,,2022-07-21,2022-10-27,2023-02-20,6ed147cd585e5e8083292683f9be3cf585e97e4d46fa0e3224d24a4e2b42cbbb,f83baf5732ffbf88b9a448a3d9ab9fa270f7495fe44d1559c1ac49795a30881a,h5_fold3_fully_nested_v1
3,2023-08-12,2023-08-17,outer_test,True,,2022-07-21,2022-10-27,2023-02-20,6ed147cd585e5e8083292683f9be3cf585e97e4d46fa0e3224d24a4e2b42cbbb,f83baf5732ffbf88b9a448a3d9ab9fa270f7495fe44d1559c1ac49795a30881a,h5_fold3_fully_nested_v1
3,2023-08-13,2023-08-18,outer_test,True,,2022-07-21,2022-10-27,2023-02-20,6ed147cd585e5e8083292683f9be3cf585e97e4d46fa0e3224d24a4e2b42cbbb,f83baf5732ffbf88b9a448a3d9ab9fa270f7495fe44d1559c1ac49795a30881a,h5_fold3_fully_nested_v1
3,2023-08-14,2023-08-19,outer_test,True,,2022-07-21,2022-10-27,2023-02-20,6ed147cd585e5e8083292683f9be3cf585e97e4d46fa0e3224d24a4e2b42cbbb,f83baf5732ffbf88b9a448a3d9ab9fa270f7495fe44d1559c1ac49795a30881a,h5_fold3_fully_nested_v1
3,2023-08-15,2023-08-20,outer_test,True,,2022-07-21,2022-10-27,2023-02-20,6ed147cd585e5e8083292683f9be3cf585e97e4d46fa0e3224d24a4e2b42cbbb,f83baf5732ffbf88b9a448a3d9ab9fa270f7495fe44d1559c1ac49795a30881a,h5_fold3_fully_nested_v1
3,2023-08-16,2023-08-21,outer_test,True,,2022-07-21,2022-10-27,2023-02-20,6ed147cd585e5e8083292683f9be3cf585e97e4d46fa0e3224d24a4e2b42cbbb,f83baf5732ffbf88b9a448a3d9ab9fa270f7495fe44d1559c1ac49795a30881a,h5_fold3_fully_nested_v1
3,2023-08-17,2023-08-22,outer_test,True,,2022-07-21,2022-10-27,2023-02-20,6ed147cd585e5e8083292683f9be3cf585e97e4d46fa0e3224d24a4e2b42cbbb,f83baf5732ffbf88b9a448a3d9ab9fa270f7495fe44d1559c1ac49795a30881a,h5_fold3_fully_nested_v1
3,2023-08-18,2023-08-23,outer_test,True,,2022-07-21,2022-10-27,2023-02-20,6ed147cd585e5e8083292683f9be3cf585e97e4d46fa0e3224d24a4e2b42cbbb,f83baf5732ffbf88b9a448a3d9ab9fa270f7495fe44d1559c1ac49795a30881a,h5_fold3_fully_nested_v1
3,2023-08-19,2023-08-24,outer_test,True,,2022-07-21,2022-10-27,2023-02-20,6ed147cd585e5e8083292683f9be3cf585e97e4d46fa0e3224d24a4e2b42cbbb,f83baf5732ffbf88b9a448a3d9ab9fa270f7495fe44d1559c1ac49795a30881a,h5_fold3_fully_nested_v1
3,2023-08-20,2023-08-25,outer_test,True,,2022-07-21,2022-10-27,2023-02-20,6ed147cd585e5e8083292683f9be3cf585e97e4d46fa0e3224d24a4e2b42cbbb,f83baf5732ffbf88b9a448a3d9ab9fa270f7495fe44d1559c1ac49795a30881a,h5_fold3_fully_nested_v1
3,2023-08-21,2023-08-26,outer_test,True,,2022-07-21,2022-10-27,2023-02-20,6ed147cd585e5e8083292683f9be3cf585e97e4d46fa0e3224d24a4e2b42cbbb,f83baf5732ffbf88b9a448a3d9ab9fa270f7495fe44d1559c1ac49795a30881a,h5_fold3_fully_nested_v1
3,2023-08-22,2023-08-27,outer_test,True,,2022-07-21,2022-10-27,2023-02-20,6ed147cd585e5e8083292683f9be3cf585e97e4d46fa0e3224d24a4e2b42cbbb,f83baf5732ffbf88b9a448a3d9ab9fa270f7495fe44d1559c1ac49795a30881a,h5_fold3_fully_nested_v1
3,2023-08-23,2023-08-28,outer_test,True,,2022-07-21,2022-10-27,2023-02-20,6ed147cd585e5e8083292683f9be3cf585e97e4d46fa0e3224d24a4e2b42cbbb,f83baf5732ffbf88b9a448a3d9ab9fa270f7495fe44d1559c1ac49795a30881a,h5_fold3_fully_nested_v1
3,2023-08-24,2023-08-29,outer_test,True,,2022-07-21,2022-10-27,2023-02-20,6ed147cd585e5e8083292683f9be3cf585e97e4d46fa0e3224d24a4e2b42cbbb,f83baf5732ffbf88b9a448a3d9ab9fa270f7495fe44d1559c1ac49795a30881a,h5_fold3_fully_nested_v1
3,2023-08-25,2023-08-30,outer_test,True,,2022-07-21,2022-10-27,2023-02-20,6ed147cd585e5e8083292683f9be3cf585e97e4d46fa0e3224d24a4e2b42cbbb,f83baf5732ffbf88b9a448a3d9ab9fa270f7495fe44d1559c1ac49795a30881a,h5_fold3_fully_nested_v1
3,2023-08-26,2023-08-31,outer_test,True,,2022-07-21,2022-10-27,2023-02-20,6ed147cd585e5e8083292683f9be3cf585e97e4d46fa0e3224d24a4e2b42cbbb,f83baf5732ffbf88b9a448a3d9ab9fa270f7495fe44d1559c1ac49795a30881a,h5_fold3_fully_nested_v1
3,2023-08-27,2023-09-01,outer_test,True,,2022-07-21,2022-10-27,2023-02-20,6ed147cd585e5e8083292683f9be3cf585e97e4d46fa0e3224d24a4e2b42cbbb,f83baf5732ffbf88b9a448a3d9ab9fa270f7495fe44d1559c1ac49795a30881a,h5_fold3_fully_nested_v1
3,2023-08-28,2023-09-02,outer_test,True,,2022-07-21,2022-10-27,2023-02-20,6ed147cd585e5e8083292683f9be3cf585e97e4d46fa0e3224d24a4e2b42cbbb,f83baf5732ffbf88b9a448a3d9ab9fa270f7495fe44d1559c1ac49795a30881a,h5_fold3_fully_nested_v1
3,2023-08-29,2023-09-03,outer_test,True,,2022-07-21,2022-10-27,2023-02-20,6ed147cd585e5e8083292683f9be3cf585e97e4d46fa0e3224d24a4e2b42cbbb,f83baf5732ffbf88b9a448a3d9ab9fa270f7495fe44d1559c1ac49795a30881a,h5_fold3_fully_nested_v1
3,2023-08-30,2023-09-04,outer_test,True,,2022-07-21,2022-10-27,2023-02-20,6ed147cd585e5e8083292683f9be3cf585e97e4d46fa0e3224d24a4e2b42cbbb,f83baf5732ffbf88b9a448a3d9ab9fa270f7495fe44d1559c1ac49795a30881a,h5_fold3_fully_nested_v1
3,2023-08-31,2023-09-05,outer_test,True,,2022-07-21,2022-10-27,2023-02-20,6ed147cd585e5e8083292683f9be3cf585e97e4d46fa0e3224d24a4e2b42cbbb,f83baf5732ffbf88b9a448a3d9ab9fa270f7495fe44d1559c1ac49795a30881a,h5_fold3_fully_nested_v1
3,2023-09-01,2023-09-06,outer_test,True,,2022-07-21,2022-10-27,2023-02-20,6ed147cd585e5e8083292683f9be3cf585e97e4d46fa0e3224d24a4e2b42cbbb,f83baf5732ffbf88b9a448a3d9ab9fa270f7495fe44d1559c1ac49795a30881a,h5_fold3_fully_nested_v1
3,2023-09-02,2023-09-07,outer_test,True,,2022-07-21,2022-10-27,2023-02-20,6ed147cd585e5e8083292683f9be3cf585e97e4d46fa0e3224d24a4e2b42cbbb,f83baf5732ffbf88b9a448a3d9ab9fa270f7495fe44d1559c1ac49795a30881a,h5_fold3_fully_nested_v1
3,2023-09-03,2023-09-08,outer_test,True,,2022-07-21,2022-10-27,2023-02-20,6ed147cd585e5e8083292683f9be3cf585e97e4d46fa0e3224d24a4e2b42cbbb,f83baf5732ffbf88b9a448a3d9ab9fa270f7495fe44d1559c1ac49795a30881a,h5_fold3_fully_nested_v1
3,2023-09-04,2023-09-09,outer_test,True,,2022-07-21,2022-10-27,2023-02-20,6ed147cd585e5e8083292683f9be3cf585e97e4d46fa0e3224d24a4e2b42cbbb,f83baf5732ffbf88b9a448a3d9ab9fa270f7495fe44d1559c1ac49795a30881a,h5_fold3_fully_nested_v1
3,2023-09-05,2023-09-10,outer_test,True,,2022-07-21,2022-10-27,2023-02-20,6ed147cd585e5e8083292683f9be3cf585e97e4d46fa0e3224d24a4e2b42cbbb,f83baf5732ffbf88b9a448a3d9ab9fa270f7495fe44d1559c1ac49795a30881a,h5_fold3_fully_nested_v1
3,2023-09-06,2023-09-11,outer_test,True,,2022-07-21,2022-10-27,2023-02-20,6ed147cd585e5e8083292683f9be3cf585e97e4d46fa0e3224d24a4e2b42cbbb,f83baf5732ffbf88b9a448a3d9ab9fa270f7495fe44d1559c1ac49795a30881a,h5_fold3_fully_nested_v1
3,2023-09-07,2023-09-12,outer_test,True,,2022-07-21,2022-10-27,2023-02-20,6ed147cd585e5e8083292683f9be3cf585e97e4d46fa0e3224d24a4e2b42cbbb,f83baf5732ffbf88b9a448a3d9ab9fa270f7495fe44d1559c1ac49795a30881a,h5_fold3_fully_nested_v1
3,2023-09-08,2023-09-13,outer_test,True,,2022-07-21,2022-10-27,2023-02-20,6ed147cd585e5e8083292683f9be3cf585e97e4d46fa0e3224d24a4e2b42cbbb,f83baf5732ffbf88b9a448a3d9ab9fa270f7495fe44d1559c1ac49795a30881a,h5_fold3_fully_nested_v1
3,2023-09-09,2023-09-14,outer_test,True,,2022-07-21,2022-10-27,2023-02-20,6ed147cd585e5e8083292683f9be3cf585e97e4d46fa0e3224d24a4e2b42cbbb,f83baf5732ffbf88b9a448a3d9ab9fa270f7495fe44d1559c1ac49795a30881a,h5_fold3_fully_nested_v1
3,2023-09-10,2023-09-15,outer_test,True,,2022-07-21,2022-10-27,2023-02-20,6ed147cd585e5e8083292683f9be3cf585e97e4d46fa0e3224d24a4e2b42cbbb,f83baf5732ffbf88b9a448a3d9ab9fa270f7495fe44d1559c1ac49795a30881a,h5_fold3_fully_nested_v1
3,2023-09-11,2023-09-16,outer_test,True,,2022-07-21,2022-10-27,2023-02-20,6ed147cd585e5e8083292683f9be3cf585e97e4d46fa0e3224d24a4e2b42cbbb,f83baf5732ffbf88b9a448a3d9ab9fa270f7495fe44d1559c1ac49795a30881a,h5_fold3_fully_nested_v1
3,2023-09-12,2023-09-17,outer_test,True,,2022-07-21,2022-10-27,2023-02-20,6ed147cd585e5e8083292683f9be3cf585e97e4d46fa0e3224d24a4e2b42cbbb,f83baf5732ffbf88b9a448a3d9ab9fa270f7495fe44d1559c1ac49795a30881a,h5_fold3_fully_nested_v1
3,2023-09-13,2023-09-18,outer_test,True,,2022-07-21,2022-10-27,2023-02-20,6ed147cd585e5e8083292683f9be3cf585e97e4d46fa0e3224d24a4e2b42cbbb,f83baf5732ffbf88b9a448a3d9ab9fa270f7495fe44d1559c1ac49795a30881a,h5_fold3_fully_nested_v1
3,2023-09-14,2023-09-19,outer_test,True,,2022-07-21,2022-10-27,2023-02-20,6ed147cd585e5e8083292683f9be3cf585e97e4d46fa0e3224d24a4e2b42cbbb,f83baf5732ffbf88b9a448a3d9ab9fa270f7495fe44d1559c1ac49795a30881a,h5_fold3_fully_nested_v1
3,2023-09-15,2023-09-20,outer_test,True,,2022-07-21,2022-10-27,2023-02-20,6ed147cd585e5e8083292683f9be3cf585e97e4d46fa0e3224d24a4e2b42cbbb,f83baf5732ffbf88b9a448a3d9ab9fa270f7495fe44d1559c1ac49795a30881a,h5_fold3_fully_nested_v1
3,2023-09-16,2023-09-21,outer_test,True,,2022-07-21,2022-10-27,2023-02-20,6ed147cd585e5e8083292683f9be3cf585e97e4d46fa0e3224d24a4e2b42cbbb,f83baf5732ffbf88b9a448a3d9ab9fa270f7495fe44d1559c1ac49795a30881a,h5_fold3_fully_nested_v1
3,2023-09-17,2023-09-22,outer_test,True,,2022-07-21,2022-10-27,2023-02-20,6ed147cd585e5e8083292683f9be3cf585e97e4d46fa0e3224d24a4e2b42cbbb,f83baf5732ffbf88b9a448a3d9ab9fa270f7495fe44d1559c1ac49795a30881a,h5_fold3_fully_nested_v1
3,2023-09-18,2023-09-23,outer_test,True,,2022-07-21,2022-10-27,2023-02-20,6ed147cd585e5e8083292683f9be3cf585e97e4d46fa0e3224d24a4e2b42cbbb,f83baf5732ffbf88b9a448a3d9ab9fa270f7495fe44d1559c1ac49795a30881a,h5_fold3_fully_nested_v1
3,2023-09-19,2023-09-24,outer_test,True,,2022-07-21,2022-10-27,2023-02-20,6ed147cd585e5e8083292683f9be3cf585e97e4d46fa0e3224d24a4e2b42cbbb,f83baf5732ffbf88b9a448a3d9ab9fa270f7495fe44d1559c1ac49795a30881a,h5_fold3_fully_nested_v1
3,2023-09-20,2023-09-25,outer_test,True,,2022-07-21,2022-10-27,2023-02-20,6ed147cd585e5e8083292683f9be3cf585e97e4d46fa0e3224d24a4e2b42cbbb,f83baf5732ffbf88b9a448a3d9ab9fa270f7495fe44d1559c1ac49795a30881a,h5_fold3_fully_nested_v1
3,2023-09-21,2023-09-26,outer_test,True,,2022-07-21,2022-10-27,2023-02-20,6ed147cd585e5e8083292683f9be3cf585e97e4d46fa0e3224d24a4e2b42cbbb,f83baf5732ffbf88b9a448a3d9ab9fa270f7495fe44d1559c1ac49795a30881a,h5_fold3_fully_nested_v1
3,2023-09-22,2023-09-27,outer_test,True,,2022-07-21,2022-10-27,2023-02-20,6ed147cd585e5e8083292683f9be3cf585e97e4d46fa0e3224d24a4e2b42cbbb,f83baf5732ffbf88b9a448a3d9ab9fa270f7495fe44d1559c1ac49795a30881a,h5_fold3_fully_nested_v1
3,2023-09-23,2023-09-28,outer_test,True,,2022-07-21,2022-10-27,2023-02-20,6ed147cd585e5e8083292683f9be3cf585e97e4d46fa0e3224d24a4e2b42cbbb,f83baf5732ffbf88b9a448a3d9ab9fa270f7495fe44d1559c1ac49795a30881a,h5_fold3_fully_nested_v1
3,2023-09-24,2023-09-29,outer_test,True,,2022-07-21,2022-10-27,2023-02-20,6ed147cd585e5e8083292683f9be3cf585e97e4d46fa0e3224d24a4e2b42cbbb,f83baf5732ffbf88b9a448a3d9ab9fa270f7495fe44d1559c1ac49795a30881a,h5_fold3_fully_nested_v1
3,2023-09-25,2023-09-30,outer_test,True,,2022-07-21,2022-10-27,2023-02-20,6ed147cd585e5e8083292683f9be3cf585e97e4d46fa0e3224d24a4e2b42cbbb,f83baf5732ffbf88b9a448a3d9ab9fa270f7495fe44d1559c1ac49795a30881a,h5_fold3_fully_nested_v1
3,2023-09-26,2023-10-01,outer_test,True,,2022-07-21,2022-10-27,2023-02-20,6ed147cd585e5e8083292683f9be3cf585e97e4d46fa0e3224d24a4e2b42cbbb,f83baf5732ffbf88b9a448a3d9ab9fa270f7495fe44d1559c1ac49795a30881a,h5_fold3_fully_nested_v1
3,2023-09-27,2023-10-02,outer_test,True,,2022-07-21,2022-10-27,2023-02-20,6ed147cd585e5e8083292683f9be3cf585e97e4d46fa0e3224d24a4e2b42cbbb,f83baf5732ffbf88b9a448a3d9ab9fa270f7495fe44d1559c1ac49795a30881a,h5_fold3_fully_nested_v1
3,2023-09-28,2023-10-03,outer_test,True,,2022-07-21,2022-10-27,2023-02-20,6ed147cd585e5e8083292683f9be3cf585e97e4d46fa0e3224d24a4e2b42cbbb,f83baf5732ffbf88b9a448a3d9ab9fa270f7495fe44d1559c1ac49795a30881a,h5_fold3_fully_nested_v1
3,2023-09-29,2023-10-04,outer_test,True,,2022-07-21,2022-10-27,2023-02-20,6ed147cd585e5e8083292683f9be3cf585e97e4d46fa0e3224d24a4e2b42cbbb,f83baf5732ffbf88b9a448a3d9ab9fa270f7495fe44d1559c1ac49795a30881a,h5_fold3_fully_nested_v1
3,2023-09-30,2023-10-05,outer_test,True,,2022-07-21,2022-10-27,2023-02-20,6ed147cd585e5e8083292683f9be3cf585e97e4d46fa0e3224d24a4e2b42cbbb,f83baf5732ffbf88b9a448a3d9ab9fa270f7495fe44d1559c1ac49795a30881a,h5_fold3_fully_nested_v1
3,2023-10-01,2023-10-06,outer_test,True,,2022-07-21,2022-10-27,2023-02-20,6ed147cd585e5e8083292683f9be3cf585e97e4d46fa0e3224d24a4e2b42cbbb,f83baf5732ffbf88b9a448a3d9ab9fa270f7495fe44d1559c1ac49795a30881a,h5_fold3_fully_nested_v1
3,2023-10-02,2023-10-07,outer_test,True,,2022-07-21,2022-10-27,2023-02-20,6ed147cd585e5e8083292683f9be3cf585e97e4d46fa0e3224d24a4e2b42cbbb,f83baf5732ffbf88b9a448a3d9ab9fa270f7495fe44d1559c1ac49795a30881a,h5_fold3_fully_nested_v1
3,2023-10-03,2023-10-08,outer_test,True,,2022-07-21,2022-10-27,2023-02-20,6ed147cd585e5e8083292683f9be3cf585e97e4d46fa0e3224d24a4e2b42cbbb,f83baf5732ffbf88b9a448a3d9ab9fa270f7495fe44d1559c1ac49795a30881a,h5_fold3_fully_nested_v1
3,2023-10-04,2023-10-09,outer_test,True,,2022-07-21,2022-10-27,2023-02-20,6ed147cd585e5e8083292683f9be3cf585e97e4d46fa0e3224d24a4e2b42cbbb,f83baf5732ffbf88b9a448a3d9ab9fa270f7495fe44d1559c1ac49795a30881a,h5_fold3_fully_nested_v1
3,2023-10-05,2023-10-10,outer_test,True,,2022-07-21,2022-10-27,2023-02-20,6ed147cd585e5e8083292683f9be3cf585e97e4d46fa0e3224d24a4e2b42cbbb,f83baf5732ffbf88b9a448a3d9ab9fa270f7495fe44d1559c1ac49795a30881a,h5_fold3_fully_nested_v1
3,2023-10-06,2023-10-11,outer_test,True,,2022-07-21,2022-10-27,2023-02-20,6ed147cd585e5e8083292683f9be3cf585e97e4d46fa0e3224d24a4e2b42cbbb,f83baf5732ffbf88b9a448a3d9ab9fa270f7495fe44d1559c1ac49795a30881a,h5_fold3_fully_nested_v1
3,2023-10-07,2023-10-12,outer_test,True,,2022-07-21,2022-10-27,2023-02-20,6ed147cd585e5e8083292683f9be3cf585e97e4d46fa0e3224d24a4e2b42cbbb,f83baf5732ffbf88b9a448a3d9ab9fa270f7495fe44d1559c1ac49795a30881a,h5_fold3_fully_nested_v1
3,2023-10-08,2023-10-13,outer_test,True,,2022-07-21,2022-10-27,2023-02-20,6ed147cd585e5e8083292683f9be3cf585e97e4d46fa0e3224d24a4e2b42cbbb,f83baf5732ffbf88b9a448a3d9ab9fa270f7495fe44d1559c1ac49795a30881a,h5_fold3_fully_nested_v1
3,2023-10-09,2023-10-14,outer_test,True,,2022-07-21,2022-10-27,2023-02-20,6ed147cd585e5e8083292683f9be3cf585e97e4d46fa0e3224d24a4e2b42cbbb,f83baf5732ffbf88b9a448a3d9ab9fa270f7495fe44d1559c1ac49795a30881a,h5_fold3_fully_nested_v1
3,2023-10-10,2023-10-15,outer_test,True,,2022-07-21,2022-10-27,2023-02-20,6ed147cd585e5e8083292683f9be3cf585e97e4d46fa0e3224d24a4e2b42cbbb,f83baf5732ffbf88b9a448a3d9ab9fa270f7495fe44d1559c1ac49795a30881a,h5_fold3_fully_nested_v1
3,2023-10-11,2023-10-16,outer_test,True,,2022-07-21,2022-10-27,2023-02-20,6ed147cd585e5e8083292683f9be3cf585e97e4d46fa0e3224d24a4e2b42cbbb,f83baf5732ffbf88b9a448a3d9ab9fa270f7495fe44d1559c1ac49795a30881a,h5_fold3_fully_nested_v1
3,2023-10-12,2023-10-17,outer_test,True,,2022-07-21,2022-10-27,2023-02-20,6ed147cd585e5e8083292683f9be3cf585e97e4d46fa0e3224d24a4e2b42cbbb,f83baf5732ffbf88b9a448a3d9ab9fa270f7495fe44d1559c1ac49795a30881a,h5_fold3_fully_nested_v1
3,2023-10-13,2023-10-18,outer_test,True,,2022-07-21,2022-10-27,2023-02-20,6ed147cd585e5e8083292683f9be3cf585e97e4d46fa0e3224d24a4e2b42cbbb,f83baf5732ffbf88b9a448a3d9ab9fa270f7495fe44d1559c1ac49795a30881a,h5_fold3_fully_nested_v1
3,2023-10-14,2023-10-19,outer_test,True,,2022-07-21,2022-10-27,2023-02-20,6ed147cd585e5e8083292683f9be3cf585e97e4d46fa0e3224d24a4e2b42cbbb,f83baf5732ffbf88b9a448a3d9ab9fa270f7495fe44d1559c1ac49795a30881a,h5_fold3_fully_nested_v1
3,2023-10-15,2023-10-20,outer_test,True,,2022-07-21,2022-10-27,2023-02-20,6ed147cd585e5e8083292683f9be3cf585e97e4d46fa0e3224d24a4e2b42cbbb,f83baf5732ffbf88b9a448a3d9ab9fa270f7495fe44d1559c1ac49795a30881a,h5_fold3_fully_nested_v1
3,2023-10-16,2023-10-21,outer_test,True,,2022-07-21,2022-10-27,2023-02-20,6ed147cd585e5e8083292683f9be3cf585e97e4d46fa0e3224d24a4e2b42cbbb,f83baf5732ffbf88b9a448a3d9ab9fa270f7495fe44d1559c1ac49795a30881a,h5_fold3_fully_nested_v1
3,2023-10-17,2023-10-22,outer_test,True,,2022-07-21,2022-10-27,2023-02-20,6ed147cd585e5e8083292683f9be3cf585e97e4d46fa0e3224d24a4e2b42cbbb,f83baf5732ffbf88b9a448a3d9ab9fa270f7495fe44d1559c1ac49795a30881a,h5_fold3_fully_nested_v1
3,2023-10-18,2023-10-23,outer_test,True,,2022-07-21,2022-10-27,2023-02-20,6ed147cd585e5e8083292683f9be3cf585e97e4d46fa0e3224d24a4e2b42cbbb,f83baf5732ffbf88b9a448a3d9ab9fa270f7495fe44d1559c1ac49795a30881a,h5_fold3_fully_nested_v1
3,2023-10-19,2023-10-24,outer_test,True,,2022-07-21,2022-10-27,2023-02-20,6ed147cd585e5e8083292683f9be3cf585e97e4d46fa0e3224d24a4e2b42cbbb,f83baf5732ffbf88b9a448a3d9ab9fa270f7495fe44d1559c1ac49795a30881a,h5_fold3_fully_nested_v1
3,2023-10-20,2023-10-25,outer_test,True,,2022-07-21,2022-10-27,2023-02-20,6ed147cd585e5e8083292683f9be3cf585e97e4d46fa0e3224d24a4e2b42cbbb,f83baf5732ffbf88b9a448a3d9ab9fa270f7495fe44d1559c1ac49795a30881a,h5_fold3_fully_nested_v1
3,2023-10-21,2023-10-26,outer_test,True,,2022-07-21,2022-10-27,2023-02-20,6ed147cd585e5e8083292683f9be3cf585e97e4d46fa0e3224d24a4e2b42cbbb,f83baf5732ffbf88b9a448a3d9ab9fa270f7495fe44d1559c1ac49795a30881a,h5_fold3_fully_nested_v1
3,2023-10-22,2023-10-27,outer_test,True,,2022-07-21,2022-10-27,2023-02-20,6ed147cd585e5e8083292683f9be3cf585e97e4d46fa0e3224d24a4e2b42cbbb,f83baf5732ffbf88b9a448a3d9ab9fa270f7495fe44d1559c1ac49795a30881a,h5_fold3_fully_nested_v1
3,2023-10-23,2023-10-28,outer_test,True,,2022-07-21,2022-10-27,2023-02-20,6ed147cd585e5e8083292683f9be3cf585e97e4d46fa0e3224d24a4e2b42cbbb,f83baf5732ffbf88b9a448a3d9ab9fa270f7495fe44d1559c1ac49795a30881a,h5_fold3_fully_nested_v1
3,2023-10-24,2023-10-29,outer_test,True,,2022-07-21,2022-10-27,2023-02-20,6ed147cd585e5e8083292683f9be3cf585e97e4d46fa0e3224d24a4e2b42cbbb,f83baf5732ffbf88b9a448a3d9ab9fa270f7495fe44d1559c1ac49795a30881a,h5_fold3_fully_nested_v1
3,2023-10-25,2023-10-30,outer_test,True,,2022-07-21,2022-10-27,2023-02-20,6ed147cd585e5e8083292683f9be3cf585e97e4d46fa0e3224d24a4e2b42cbbb,f83baf5732ffbf88b9a448a3d9ab9fa270f7495fe44d1559c1ac49795a30881a,h5_fold3_fully_nested_v1
3,2023-10-26,2023-10-31,outer_test,True,,2022-07-21,2022-10-27,2023-02-20,6ed147cd585e5e8083292683f9be3cf585e97e4d46fa0e3224d24a4e2b42cbbb,f83baf5732ffbf88b9a448a3d9ab9fa270f7495fe44d1559c1ac49795a30881a,h5_fold3_fully_nested_v1
