model,horizon,outer_fold,feature_date,target_date,y_true,y_pred,error,absolute_error,squared_error,selected_alpha,selected_l1_ratio,selected_candidate_name,feature_set_id,dataset_sha256,split_sha256,git_commit,run_id
ElasticNet,1,1,2021-09-29,2021-09-30,17.11,14.774176128931426,-2.3358238710685733,2.3358238710685733,5.456073156653774,0.01,0.2,enet_a0.01_l0.2,submitted_main_linear_features_H1_18col,6ed147cd585e5e8083292683f9be3cf585e97e4d46fa0e3224d24a4e2b42cbbb,f83baf5732ffbf88b9a448a3d9ab9fa270f7495fe44d1559c1ac49795a30881a,69cfb2bf8bc181dc1de1e09f0c7477a1a5de7585,elasticnet_corrected_69cfb2bf8bc1_6ed147cd_f83baf57
ElasticNet,1,1,2021-09-30,2021-10-01,12.83,13.990133911201632,1.1601339112016316,1.1601339112016316,1.3459106919199952,0.01,0.2,enet_a0.01_l0.2,submitted_main_linear_features_H1_18col,6ed147cd585e5e8083292683f9be3cf585e97e4d46fa0e3224d24a4e2b42cbbb,f83baf5732ffbf88b9a448a3d9ab9fa270f7495fe44d1559c1ac49795a30881a,69cfb2bf8bc181dc1de1e09f0c7477a1a5de7585,elasticnet_corrected_69cfb2bf8bc1_6ed147cd_f83baf57
ElasticNet,1,1,2021-10-01,2021-10-02,12.78,14.37466458986203,1.594664589862031,1.594664589862031,2.5429551541598396,0.01,0.2,enet_a0.01_l0.2,submitted_main_linear_features_H1_18col,6ed147cd585e5e8083292683f9be3cf585e97e4d46fa0e3224d24a4e2b42cbbb,f83baf5732ffbf88b9a448a3d9ab9fa270f7495fe44d1559c1ac49795a30881a,69cfb2bf8bc181dc1de1e09f0c7477a1a5de7585,elasticnet_corrected_69cfb2bf8bc1_6ed147cd_f83baf57
ElasticNet,1,1,2021-10-02,2021-10-03,13.13,14.25262738887873,1.1226273888787297,1.1226273888787297,1.2602922542606747,0.01,0.2,enet_a0.01_l0.2,submitted_main_linear_features_H1_18col,6ed147cd585e5e8083292683f9be3cf585e97e4d46fa0e3224d24a4e2b42cbbb,f83baf5732ffbf88b9a448a3d9ab9fa270f7495fe44d1559c1ac49795a30881a,69cfb2bf8bc181dc1de1e09f0c7477a1a5de7585,elasticnet_corrected_69cfb2bf8bc1_6ed147cd_f83baf57
ElasticNet,1,1,2021-10-03,2021-10-04,15.38,14.0075739265809,-1.372426073419101,1.372426073419101,1.8835533270005715,0.01,0.2,enet_a0.01_l0.2,submitted_main_linear_features_H1_18col,6ed147cd585e5e8083292683f9be3cf585e97e4d46fa0e3224d24a4e2b42cbbb,f83baf5732ffbf88b9a448a3d9ab9fa270f7495fe44d1559c1ac49795a30881a,69cfb2bf8bc181dc1de1e09f0c7477a1a5de7585,elasticnet_corrected_69cfb2bf8bc1_6ed147cd_f83baf57
ElasticNet,1,1,2021-10-04,2021-10-05,15.49,14.277230051275854,-1.2127699487241461,1.2127699487241461,1.470810948528368,0.01,0.2,enet_a0.01_l0.2,submitted_main_linear_features_H1_18col,6ed147cd585e5e8083292683f9be3cf585e97e4d46fa0e3224d24a4e2b42cbbb,f83baf5732ffbf88b9a448a3d9ab9fa270f7495fe44d1559c1ac49795a30881a,69cfb2bf8bc181dc1de1e09f0c7477a1a5de7585,elasticnet_corrected_69cfb2bf8bc1_6ed147cd_f83baf57
ElasticNet,1,1,2021-10-05,2021-10-06,16.42,15.005787467592462,-1.4142125324075394,1.4142125324075394,1.9999970868185457,0.01,0.2,enet_a0.01_l0.2,submitted_main_linear_features_H1_18col,6ed147cd585e5e8083292683f9be3cf585e97e4d46fa0e3224d24a4e2b42cbbb,f83baf5732ffbf88b9a448a3d9ab9fa270f7495fe44d1559c1ac49795a30881a,69cfb2bf8bc181dc1de1e09f0c7477a1a5de7585,elasticnet_corrected_69cfb2bf8bc1_6ed147cd_f83baf57
ElasticNet,1,1,2021-10-06,2021-10-07,15.95,14.590910232536821,-1.3590897674631783,1.3590897674631783,1.8471249960231162,0.01,0.2,enet_a0.01_l0.2,submitted_main_linear_features_H1_18col,6ed147cd585e5e8083292683f9be3cf585e97e4d46fa0e3224d24a4e2b42cbbb,f83baf5732ffbf88b9a448a3d9ab9fa270f7495fe44d1559c1ac49795a30881a,69cfb2bf8bc181dc1de1e09f0c7477a1a5de7585,elasticnet_corrected_69cfb2bf8bc1_6ed147cd_f83baf57
ElasticNet,1,1,2021-10-07,2021-10-08,15.19,15.195013910943057,0.005013910943057809,0.005013910943057809,2.5139302944914845e-05,0.01,0.2,enet_a0.01_l0.2,submitted_main_linear_features_H1_18col,6ed147cd585e5e8083292683f9be3cf585e97e4d46fa0e3224d24a4e2b42cbbb,f83baf5732ffbf88b9a448a3d9ab9fa270f7495fe44d1559c1ac49795a30881a,69cfb2bf8bc181dc1de1e09f0c7477a1a5de7585,elasticnet_corrected_69cfb2bf8bc1_6ed147cd_f83baf57
ElasticNet,1,1,2021-10-08,2021-10-09,13.78,13.540622932454445,-0.2393770675455542,0.2393770675455542,0.05730138046670882,0.01,0.2,enet_a0.01_l0.2,submitted_main_linear_features_H1_18col,6ed147cd585e5e8083292683f9be3cf585e97e4d46fa0e3224d24a4e2b42cbbb,f83baf5732ffbf88b9a448a3d9ab9fa270f7495fe44d1559c1ac49795a30881a,69cfb2bf8bc181dc1de1e09f0c7477a1a5de7585,elasticnet_corrected_69cfb2bf8bc1_6ed147cd_f83baf57
ElasticNet,1,1,2021-10-09,2021-10-10,13.13,14.074595755333583,0.944595755333582,0.944595755333582,0.8922611409942203,0.01,0.2,enet_a0.01_l0.2,submitted_main_linear_features_H1_18col,6ed147cd585e5e8083292683f9be3cf585e97e4d46fa0e3224d24a4e2b42cbbb,f83baf5732ffbf88b9a448a3d9ab9fa270f7495fe44d1559c1ac49795a30881a,69cfb2bf8bc181dc1de1e09f0c7477a1a5de7585,elasticnet_corrected_69cfb2bf8bc1_6ed147cd_f83baf57
ElasticNet,1,1,2021-10-10,2021-10-11,14.65,13.406914140006702,-1.2430858599932986,1.2430858599932986,1.5452624553152787,0.01,0.2,enet_a0.01_l0.2,submitted_main_linear_features_H1_18col,6ed147cd585e5e8083292683f9be3cf585e97e4d46fa0e3224d24a4e2b42cbbb,f83baf5732ffbf88b9a448a3d9ab9fa270f7495fe44d1559c1ac49795a30881a,69cfb2bf8bc181dc1de1e09f0c7477a1a5de7585,elasticnet_corrected_69cfb2bf8bc1_6ed147cd_f83baf57
ElasticNet,1,1,2021-10-11,2021-10-12,12.77,12.801594200570497,0.03159420057049722,0.03159420057049722,0.0009981935096888069,0.01,0.2,enet_a0.01_l0.2,submitted_main_linear_features_H1_18col,6ed147cd585e5e8083292683f9be3cf585e97e4d46fa0e3224d24a4e2b42cbbb,f83baf5732ffbf88b9a448a3d9ab9fa270f7495fe44d1559c1ac49795a30881a,69cfb2bf8bc181dc1de1e09f0c7477a1a5de7585,elasticnet_corrected_69cfb2bf8bc1_6ed147cd_f83baf57
ElasticNet,1,1,2021-10-12,2021-10-13,14.23,12.904145488673683,-1.3258545113263178,1.3258545113263178,1.757890185204349,0.01,0.2,enet_a0.01_l0.2,submitted_main_linear_features_H1_18col,6ed147cd585e5e8083292683f9be3cf585e97e4d46fa0e3224d24a4e2b42cbbb,f83baf5732ffbf88b9a448a3d9ab9fa270f7495fe44d1559c1ac49795a30881a,69cfb2bf8bc181dc1de1e09f0c7477a1a5de7585,elasticnet_corrected_69cfb2bf8bc1_6ed147cd_f83baf57
ElasticNet,1,1,2021-10-13,2021-10-14,16.94,12.740187448751985,-4.199812551248016,4.199812551248016,17.63842546562037,0.01,0.2,enet_a0.01_l0.2,submitted_main_linear_features_H1_18col,6ed147cd585e5e8083292683f9be3cf585e97e4d46fa0e3224d24a4e2b42cbbb,f83baf5732ffbf88b9a448a3d9ab9fa270f7495fe44d1559c1ac49795a30881a,69cfb2bf8bc181dc1de1e09f0c7477a1a5de7585,elasticnet_corrected_69cfb2bf8bc1_6ed147cd_f83baf57
ElasticNet,1,1,2021-10-14,2021-10-15,15.1,14.044436994347464,-1.0555630056525356,1.0555630056525356,1.114213258902215,0.01,0.2,enet_a0.01_l0.2,submitted_main_linear_features_H1_18col,6ed147cd585e5e8083292683f9be3cf585e97e4d46fa0e3224d24a4e2b42cbbb,f83baf5732ffbf88b9a448a3d9ab9fa270f7495fe44d1559c1ac49795a30881a,69cfb2bf8bc181dc1de1e09f0c7477a1a5de7585,elasticnet_corrected_69cfb2bf8bc1_6ed147cd_f83baf57
ElasticNet,1,1,2021-10-15,2021-10-16,11.35,14.367527005455203,3.0175270054552037,3.0175270054552037,9.10546922865145,0.01,0.2,enet_a0.01_l0.2,submitted_main_linear_features_H1_18col,6ed147cd585e5e8083292683f9be3cf585e97e4d46fa0e3224d24a4e2b42cbbb,f83baf5732ffbf88b9a448a3d9ab9fa270f7495fe44d1559c1ac49795a30881a,69cfb2bf8bc181dc1de1e09f0c7477a1a5de7585,elasticnet_corrected_69cfb2bf8bc1_6ed147cd_f83baf57
ElasticNet,1,1,2021-10-16,2021-10-17,11.58,13.63665552187965,2.05665552187965,2.05665552187965,4.229831935678055,0.01,0.2,enet_a0.01_l0.2,submitted_main_linear_features_H1_18col,6ed147cd585e5e8083292683f9be3cf585e97e4d46fa0e3224d24a4e2b42cbbb,f83baf5732ffbf88b9a448a3d9ab9fa270f7495fe44d1559c1ac49795a30881a,69cfb2bf8bc181dc1de1e09f0c7477a1a5de7585,elasticnet_corrected_69cfb2bf8bc1_6ed147cd_f83baf57
ElasticNet,1,1,2021-10-17,2021-10-18,13.26,13.647337951145374,0.3873379511453745,0.3873379511453745,0.15003068839749653,0.01,0.2,enet_a0.01_l0.2,submitted_main_linear_features_H1_18col,6ed147cd585e5e8083292683f9be3cf585e97e4d46fa0e3224d24a4e2b42cbbb,f83baf5732ffbf88b9a448a3d9ab9fa270f7495fe44d1559c1ac49795a30881a,69cfb2bf8bc181dc1de1e09f0c7477a1a5de7585,elasticnet_corrected_69cfb2bf8bc1_6ed147cd_f83baf57
ElasticNet,1,1,2021-10-18,2021-10-19,14.13,12.767723928026395,-1.3622760719736053,1.3622760719736053,1.8557960962718356,0.01,0.2,enet_a0.01_l0.2,submitted_main_linear_features_H1_18col,6ed147cd585e5e8083292683f9be3cf585e97e4d46fa0e3224d24a4e2b42cbbb,f83baf5732ffbf88b9a448a3d9ab9fa270f7495fe44d1559c1ac49795a30881a,69cfb2bf8bc181dc1de1e09f0c7477a1a5de7585,elasticnet_corrected_69cfb2bf8bc1_6ed147cd_f83baf57
ElasticNet,1,1,2021-10-19,2021-10-20,17.01,14.984914705164691,-2.0250852948353106,2.0250852948353106,4.100970451358217,0.01,0.2,enet_a0.01_l0.2,submitted_main_linear_features_H1_18col,6ed147cd585e5e8083292683f9be3cf585e97e4d46fa0e3224d24a4e2b42cbbb,f83baf5732ffbf88b9a448a3d9ab9fa270f7495fe44d1559c1ac49795a30881a,69cfb2bf8bc181dc1de1e09f0c7477a1a5de7585,elasticnet_corrected_69cfb2bf8bc1_6ed147cd_f83baf57
ElasticNet,1,1,2021-10-20,2021-10-21,14.11,14.953640412608676,0.8436404126086767,0.8436404126086767,0.7117291457865383,0.01,0.2,enet_a0.01_l0.2,submitted_main_linear_features_H1_18col,6ed147cd585e5e8083292683f9be3cf585e97e4d46fa0e3224d24a4e2b42cbbb,f83baf5732ffbf88b9a448a3d9ab9fa270f7495fe44d1559c1ac49795a30881a,69cfb2bf8bc181dc1de1e09f0c7477a1a5de7585,elasticnet_corrected_69cfb2bf8bc1_6ed147cd_f83baf57
ElasticNet,1,1,2021-10-21,2021-10-22,13.32,15.104535804536866,1.7845358045368656,1.7845358045368656,3.184568037674038,0.01,0.2,enet_a0.01_l0.2,submitted_main_linear_features_H1_18col,6ed147cd585e5e8083292683f9be3cf585e97e4d46fa0e3224d24a4e2b42cbbb,f83baf5732ffbf88b9a448a3d9ab9fa270f7495fe44d1559c1ac49795a30881a,69cfb2bf8bc181dc1de1e09f0c7477a1a5de7585,elasticnet_corrected_69cfb2bf8bc1_6ed147cd_f83baf57
ElasticNet,1,1,2021-10-22,2021-10-23,14.24,14.33626115037499,0.09626115037498906,0.09626115037498906,0.009266209071516256,0.01,0.2,enet_a0.01_l0.2,submitted_main_linear_features_H1_18col,6ed147cd585e5e8083292683f9be3cf585e97e4d46fa0e3224d24a4e2b42cbbb,f83baf5732ffbf88b9a448a3d9ab9fa270f7495fe44d1559c1ac49795a30881a,69cfb2bf8bc181dc1de1e09f0c7477a1a5de7585,elasticnet_corrected_69cfb2bf8bc1_6ed147cd_f83baf57
ElasticNet,1,1,2021-10-23,2021-10-24,15.48,14.095418513081425,-1.3845814869185755,1.3845814869185755,1.9170658939176535,0.01,0.2,enet_a0.01_l0.2,submitted_main_linear_features_H1_18col,6ed147cd585e5e8083292683f9be3cf585e97e4d46fa0e3224d24a4e2b42cbbb,f83baf5732ffbf88b9a448a3d9ab9fa270f7495fe44d1559c1ac49795a30881a,69cfb2bf8bc181dc1de1e09f0c7477a1a5de7585,elasticnet_corrected_69cfb2bf8bc1_6ed147cd_f83baf57
ElasticNet,1,1,2021-10-24,2021-10-25,19.6,15.365302692016348,-4.234697307983653,4.234697307983653,17.932661290244003,0.01,0.2,enet_a0.01_l0.2,submitted_main_linear_features_H1_18col,6ed147cd585e5e8083292683f9be3cf585e97e4d46fa0e3224d24a4e2b42cbbb,f83baf5732ffbf88b9a448a3d9ab9fa270f7495fe44d1559c1ac49795a30881a,69cfb2bf8bc181dc1de1e09f0c7477a1a5de7585,elasticnet_corrected_69cfb2bf8bc1_6ed147cd_f83baf57
ElasticNet,1,1,2021-10-25,2021-10-26,15.56,16.136263374240073,0.5762633742400727,0.5762633742400727,0.3320794764905541,0.01,0.2,enet_a0.01_l0.2,submitted_main_linear_features_H1_18col,6ed147cd585e5e8083292683f9be3cf585e97e4d46fa0e3224d24a4e2b42cbbb,f83baf5732ffbf88b9a448a3d9ab9fa270f7495fe44d1559c1ac49795a30881a,69cfb2bf8bc181dc1de1e09f0c7477a1a5de7585,elasticnet_corrected_69cfb2bf8bc1_6ed147cd_f83baf57
ElasticNet,1,1,2021-10-26,2021-10-27,13.31,15.165024034401531,1.8550240344015307,1.8550240344015307,3.4411141682073314,0.01,0.2,enet_a0.01_l0.2,submitted_main_linear_features_H1_18col,6ed147cd585e5e8083292683f9be3cf585e97e4d46fa0e3224d24a4e2b42cbbb,f83baf5732ffbf88b9a448a3d9ab9fa270f7495fe44d1559c1ac49795a30881a,69cfb2bf8bc181dc1de1e09f0c7477a1a5de7585,elasticnet_corrected_69cfb2bf8bc1_6ed147cd_f83baf57
ElasticNet,1,1,2021-10-27,2021-10-28,15.19,15.404551257800513,0.21455125780051354,0.21455125780051354,0.046032242223782424,0.01,0.2,enet_a0.01_l0.2,submitted_main_linear_features_H1_18col,6ed147cd585e5e8083292683f9be3cf585e97e4d46fa0e3224d24a4e2b42cbbb,f83baf5732ffbf88b9a448a3d9ab9fa270f7495fe44d1559c1ac49795a30881a,69cfb2bf8bc181dc1de1e09f0c7477a1a5de7585,elasticnet_corrected_69cfb2bf8bc1_6ed147cd_f83baf57
ElasticNet,1,1,2021-10-28,2021-10-29,17.0,15.789271163134398,-1.2107288368656022,1.2107288368656022,1.465864316417934,0.01,0.2,enet_a0.01_l0.2,submitted_main_linear_features_H1_18col,6ed147cd585e5e8083292683f9be3cf585e97e4d46fa0e3224d24a4e2b42cbbb,f83baf5732ffbf88b9a448a3d9ab9fa270f7495fe44d1559c1ac49795a30881a,69cfb2bf8bc181dc1de1e09f0c7477a1a5de7585,elasticnet_corrected_69cfb2bf8bc1_6ed147cd_f83baf57
ElasticNet,1,1,2021-10-29,2021-10-30,15.17,15.414546574024161,0.24454657402416125,0.24454657402416125,0.05980302686695457,0.01,0.2,enet_a0.01_l0.2,submitted_main_linear_features_H1_18col,6ed147cd585e5e8083292683f9be3cf585e97e4d46fa0e3224d24a4e2b42cbbb,f83baf5732ffbf88b9a448a3d9ab9fa270f7495fe44d1559c1ac49795a30881a,69cfb2bf8bc181dc1de1e09f0c7477a1a5de7585,elasticnet_corrected_69cfb2bf8bc1_6ed147cd_f83baf57
ElasticNet,1,1,2021-10-30,2021-10-31,14.34,15.917075912494234,1.5770759124942337,1.5770759124942337,2.48716843376952,0.01,0.2,enet_a0.01_l0.2,submitted_main_linear_features_H1_18col,6ed147cd585e5e8083292683f9be3cf585e97e4d46fa0e3224d24a4e2b42cbbb,f83baf5732ffbf88b9a448a3d9ab9fa270f7495fe44d1559c1ac49795a30881a,69cfb2bf8bc181dc1de1e09f0c7477a1a5de7585,elasticnet_corrected_69cfb2bf8bc1_6ed147cd_f83baf57
ElasticNet,1,1,2021-10-31,2021-11-01,15.41,15.400351419175784,-0.009648580824215713,0.009648580824215713,9.309511192142318e-05,0.01,0.2,enet_a0.01_l0.2,submitted_main_linear_features_H1_18col,6ed147cd585e5e8083292683f9be3cf585e97e4d46fa0e3224d24a4e2b42cbbb,f83baf5732ffbf88b9a448a3d9ab9fa270f7495fe44d1559c1ac49795a30881a,69cfb2bf8bc181dc1de1e09f0c7477a1a5de7585,elasticnet_corrected_69cfb2bf8bc1_6ed147cd_f83baf57
ElasticNet,1,1,2021-11-01,2021-11-02,15.17,16.405566180770183,1.2355661807701832,1.2355661807701832,1.526623787063017,0.01,0.2,enet_a0.01_l0.2,submitted_main_linear_features_H1_18col,6ed147cd585e5e8083292683f9be3cf585e97e4d46fa0e3224d24a4e2b42cbbb,f83baf5732ffbf88b9a448a3d9ab9fa270f7495fe44d1559c1ac49795a30881a,69cfb2bf8bc181dc1de1e09f0c7477a1a5de7585,elasticnet_corrected_69cfb2bf8bc1_6ed147cd_f83baf57
ElasticNet,1,1,2021-11-02,2021-11-03,13.4,15.33440089596893,1.9344008959689294,1.9344008959689294,3.7419068263253967,0.01,0.2,enet_a0.01_l0.2,submitted_main_linear_features_H1_18col,6ed147cd585e5e8083292683f9be3cf585e97e4d46fa0e3224d24a4e2b42cbbb,f83baf5732ffbf88b9a448a3d9ab9fa270f7495fe44d1559c1ac49795a30881a,69cfb2bf8bc181dc1de1e09f0c7477a1a5de7585,elasticnet_corrected_69cfb2bf8bc1_6ed147cd_f83baf57
ElasticNet,1,1,2021-11-03,2021-11-04,15.12,15.492936985377687,0.37293698537768805,0.37293698537768805,0.1390819950625979,0.01,0.2,enet_a0.01_l0.2,submitted_main_linear_features_H1_18col,6ed147cd585e5e8083292683f9be3cf585e97e4d46fa0e3224d24a4e2b42cbbb,f83baf5732ffbf88b9a448a3d9ab9fa270f7495fe44d1559c1ac49795a30881a,69cfb2bf8bc181dc1de1e09f0c7477a1a5de7585,elasticnet_corrected_69cfb2bf8bc1_6ed147cd_f83baf57
ElasticNet,1,1,2021-11-04,2021-11-05,12.8,14.874684423242687,2.0746844232426866,2.0746844232426866,4.304315456045839,0.01,0.2,enet_a0.01_l0.2,submitted_main_linear_features_H1_18col,6ed147cd585e5e8083292683f9be3cf585e97e4d46fa0e3224d24a4e2b42cbbb,f83baf5732ffbf88b9a448a3d9ab9fa270f7495fe44d1559c1ac49795a30881a,69cfb2bf8bc181dc1de1e09f0c7477a1a5de7585,elasticnet_corrected_69cfb2bf8bc1_6ed147cd_f83baf57
ElasticNet,1,1,2021-11-05,2021-11-06,12.34,14.35300529353052,2.0130052935305205,2.0130052935305205,4.052190311781897,0.01,0.2,enet_a0.01_l0.2,submitted_main_linear_features_H1_18col,6ed147cd585e5e8083292683f9be3cf585e97e4d46fa0e3224d24a4e2b42cbbb,f83baf5732ffbf88b9a448a3d9ab9fa270f7495fe44d1559c1ac49795a30881a,69cfb2bf8bc181dc1de1e09f0c7477a1a5de7585,elasticnet_corrected_69cfb2bf8bc1_6ed147cd_f83baf57
ElasticNet,1,1,2021-11-06,2021-11-07,13.03,13.696072464969559,0.6660724649695595,0.6660724649695595,0.4436525285906251,0.01,0.2,enet_a0.01_l0.2,submitted_main_linear_features_H1_18col,6ed147cd585e5e8083292683f9be3cf585e97e4d46fa0e3224d24a4e2b42cbbb,f83baf5732ffbf88b9a448a3d9ab9fa270f7495fe44d1559c1ac49795a30881a,69cfb2bf8bc181dc1de1e09f0c7477a1a5de7585,elasticnet_corrected_69cfb2bf8bc1_6ed147cd_f83baf57
ElasticNet,1,1,2021-11-07,2021-11-08,13.2,13.484486015216664,0.2844860152166646,0.2844860152166646,0.08093229285385634,0.01,0.2,enet_a0.01_l0.2,submitted_main_linear_features_H1_18col,6ed147cd585e5e8083292683f9be3cf585e97e4d46fa0e3224d24a4e2b42cbbb,f83baf5732ffbf88b9a448a3d9ab9fa270f7495fe44d1559c1ac49795a30881a,69cfb2bf8bc181dc1de1e09f0c7477a1a5de7585,elasticnet_corrected_69cfb2bf8bc1_6ed147cd_f83baf57
ElasticNet,1,1,2021-11-08,2021-11-09,14.39,13.60505750972409,-0.7849424902759115,0.7849424902759115,0.6161347130405493,0.01,0.2,enet_a0.01_l0.2,submitted_main_linear_features_H1_18col,6ed147cd585e5e8083292683f9be3cf585e97e4d46fa0e3224d24a4e2b42cbbb,f83baf5732ffbf88b9a448a3d9ab9fa270f7495fe44d1559c1ac49795a30881a,69cfb2bf8bc181dc1de1e09f0c7477a1a5de7585,elasticnet_corrected_69cfb2bf8bc1_6ed147cd_f83baf57
ElasticNet,1,1,2021-11-09,2021-11-10,11.54,13.295564618385251,1.755564618385252,1.755564618385252,3.0820071293261555,0.01,0.2,enet_a0.01_l0.2,submitted_main_linear_features_H1_18col,6ed147cd585e5e8083292683f9be3cf585e97e4d46fa0e3224d24a4e2b42cbbb,f83baf5732ffbf88b9a448a3d9ab9fa270f7495fe44d1559c1ac49795a30881a,69cfb2bf8bc181dc1de1e09f0c7477a1a5de7585,elasticnet_corrected_69cfb2bf8bc1_6ed147cd_f83baf57
ElasticNet,1,1,2021-11-10,2021-11-11,12.82,13.277668187482066,0.4576681874820654,0.4576681874820654,0.20946016983311896,0.01,0.2,enet_a0.01_l0.2,submitted_main_linear_features_H1_18col,6ed147cd585e5e8083292683f9be3cf585e97e4d46fa0e3224d24a4e2b42cbbb,f83baf5732ffbf88b9a448a3d9ab9fa270f7495fe44d1559c1ac49795a30881a,69cfb2bf8bc181dc1de1e09f0c7477a1a5de7585,elasticnet_corrected_69cfb2bf8bc1_6ed147cd_f83baf57
ElasticNet,1,1,2021-11-11,2021-11-12,13.54,13.672613480244085,0.13261348024408548,0.13261348024408548,0.01758633514244845,0.01,0.2,enet_a0.01_l0.2,submitted_main_linear_features_H1_18col,6ed147cd585e5e8083292683f9be3cf585e97e4d46fa0e3224d24a4e2b42cbbb,f83baf5732ffbf88b9a448a3d9ab9fa270f7495fe44d1559c1ac49795a30881a,69cfb2bf8bc181dc1de1e09f0c7477a1a5de7585,elasticnet_corrected_69cfb2bf8bc1_6ed147cd_f83baf57
ElasticNet,1,1,2021-11-12,2021-11-13,13.92,13.960263740477895,0.04026374047789538,0.04026374047789538,0.0016211687972713111,0.01,0.2,enet_a0.01_l0.2,submitted_main_linear_features_H1_18col,6ed147cd585e5e8083292683f9be3cf585e97e4d46fa0e3224d24a4e2b42cbbb,f83baf5732ffbf88b9a448a3d9ab9fa270f7495fe44d1559c1ac49795a30881a,69cfb2bf8bc181dc1de1e09f0c7477a1a5de7585,elasticnet_corrected_69cfb2bf8bc1_6ed147cd_f83baf57
ElasticNet,1,1,2021-11-13,2021-11-14,15.8,14.40160831561008,-1.398391684389921,1.398391684389921,1.95549930297088,0.01,0.2,enet_a0.01_l0.2,submitted_main_linear_features_H1_18col,6ed147cd585e5e8083292683f9be3cf585e97e4d46fa0e3224d24a4e2b42cbbb,f83baf5732ffbf88b9a448a3d9ab9fa270f7495fe44d1559c1ac49795a30881a,69cfb2bf8bc181dc1de1e09f0c7477a1a5de7585,elasticnet_corrected_69cfb2bf8bc1_6ed147cd_f83baf57
ElasticNet,1,1,2021-11-14,2021-11-15,14.69,13.846254628743063,-0.8437453712569365,0.8437453712569365,0.7119062515175056,0.01,0.2,enet_a0.01_l0.2,submitted_main_linear_features_H1_18col,6ed147cd585e5e8083292683f9be3cf585e97e4d46fa0e3224d24a4e2b42cbbb,f83baf5732ffbf88b9a448a3d9ab9fa270f7495fe44d1559c1ac49795a30881a,69cfb2bf8bc181dc1de1e09f0c7477a1a5de7585,elasticnet_corrected_69cfb2bf8bc1_6ed147cd_f83baf57
ElasticNet,1,1,2021-11-15,2021-11-16,12.83,14.110205165749505,1.2802051657495053,1.2802051657495053,1.6389252664117182,0.01,0.2,enet_a0.01_l0.2,submitted_main_linear_features_H1_18col,6ed147cd585e5e8083292683f9be3cf585e97e4d46fa0e3224d24a4e2b42cbbb,f83baf5732ffbf88b9a448a3d9ab9fa270f7495fe44d1559c1ac49795a30881a,69cfb2bf8bc181dc1de1e09f0c7477a1a5de7585,elasticnet_corrected_69cfb2bf8bc1_6ed147cd_f83baf57
ElasticNet,1,1,2021-11-16,2021-11-17,12.32,14.002296242654756,1.6822962426547559,1.6822962426547559,2.8301206480503094,0.01,0.2,enet_a0.01_l0.2,submitted_main_linear_features_H1_18col,6ed147cd585e5e8083292683f9be3cf585e97e4d46fa0e3224d24a4e2b42cbbb,f83baf5732ffbf88b9a448a3d9ab9fa270f7495fe44d1559c1ac49795a30881a,69cfb2bf8bc181dc1de1e09f0c7477a1a5de7585,elasticnet_corrected_69cfb2bf8bc1_6ed147cd_f83baf57
ElasticNet,1,1,2021-11-17,2021-11-18,17.99,14.78242514235929,-3.207574857640708,3.207574857640708,10.288536467368807,0.01,0.2,enet_a0.01_l0.2,submitted_main_linear_features_H1_18col,6ed147cd585e5e8083292683f9be3cf585e97e4d46fa0e3224d24a4e2b42cbbb,f83baf5732ffbf88b9a448a3d9ab9fa270f7495fe44d1559c1ac49795a30881a,69cfb2bf8bc181dc1de1e09f0c7477a1a5de7585,elasticnet_corrected_69cfb2bf8bc1_6ed147cd_f83baf57
ElasticNet,1,1,2021-11-18,2021-11-19,17.94,14.177129132319703,-3.7628708676802987,3.7628708676802987,14.159197166837084,0.01,0.2,enet_a0.01_l0.2,submitted_main_linear_features_H1_18col,6ed147cd585e5e8083292683f9be3cf585e97e4d46fa0e3224d24a4e2b42cbbb,f83baf5732ffbf88b9a448a3d9ab9fa270f7495fe44d1559c1ac49795a30881a,69cfb2bf8bc181dc1de1e09f0c7477a1a5de7585,elasticnet_corrected_69cfb2bf8bc1_6ed147cd_f83baf57
ElasticNet,1,1,2021-11-19,2021-11-20,11.8,15.209717420190508,3.409717420190507,3.409717420190507,11.626172885550606,0.01,0.2,enet_a0.01_l0.2,submitted_main_linear_features_H1_18col,6ed147cd585e5e8083292683f9be3cf585e97e4d46fa0e3224d24a4e2b42cbbb,f83baf5732ffbf88b9a448a3d9ab9fa270f7495fe44d1559c1ac49795a30881a,69cfb2bf8bc181dc1de1e09f0c7477a1a5de7585,elasticnet_corrected_69cfb2bf8bc1_6ed147cd_f83baf57
ElasticNet,1,1,2021-11-20,2021-11-21,11.89,14.630246166411936,2.7402461664119357,2.7402461664119357,7.508949052535311,0.01,0.2,enet_a0.01_l0.2,submitted_main_linear_features_H1_18col,6ed147cd585e5e8083292683f9be3cf585e97e4d46fa0e3224d24a4e2b42cbbb,f83baf5732ffbf88b9a448a3d9ab9fa270f7495fe44d1559c1ac49795a30881a,69cfb2bf8bc181dc1de1e09f0c7477a1a5de7585,elasticnet_corrected_69cfb2bf8bc1_6ed147cd_f83baf57
ElasticNet,1,1,2021-11-21,2021-11-22,12.22,13.41200829489385,1.1920082948938493,1.1920082948938493,1.420883775095742,0.01,0.2,enet_a0.01_l0.2,submitted_main_linear_features_H1_18col,6ed147cd585e5e8083292683f9be3cf585e97e4d46fa0e3224d24a4e2b42cbbb,f83baf5732ffbf88b9a448a3d9ab9fa270f7495fe44d1559c1ac49795a30881a,69cfb2bf8bc181dc1de1e09f0c7477a1a5de7585,elasticnet_corrected_69cfb2bf8bc1_6ed147cd_f83baf57
ElasticNet,1,1,2021-11-22,2021-11-23,13.13,13.253113887070269,0.12311388707026794,0.12311388707026794,0.015157029189550687,0.01,0.2,enet_a0.01_l0.2,submitted_main_linear_features_H1_18col,6ed147cd585e5e8083292683f9be3cf585e97e4d46fa0e3224d24a4e2b42cbbb,f83baf5732ffbf88b9a448a3d9ab9fa270f7495fe44d1559c1ac49795a30881a,69cfb2bf8bc181dc1de1e09f0c7477a1a5de7585,elasticnet_corrected_69cfb2bf8bc1_6ed147cd_f83baf57
ElasticNet,1,1,2021-11-23,2021-11-24,16.36,13.483287554649117,-2.8767124453508828,2.8767124453508828,8.275474493236656,0.01,0.2,enet_a0.01_l0.2,submitted_main_linear_features_H1_18col,6ed147cd585e5e8083292683f9be3cf585e97e4d46fa0e3224d24a4e2b42cbbb,f83baf5732ffbf88b9a448a3d9ab9fa270f7495fe44d1559c1ac49795a30881a,69cfb2bf8bc181dc1de1e09f0c7477a1a5de7585,elasticnet_corrected_69cfb2bf8bc1_6ed147cd_f83baf57
ElasticNet,1,1,2021-11-24,2021-11-25,12.85,13.374335618858792,0.5243356188587924,0.5243356188587924,0.27492784120403285,0.01,0.2,enet_a0.01_l0.2,submitted_main_linear_features_H1_18col,6ed147cd585e5e8083292683f9be3cf585e97e4d46fa0e3224d24a4e2b42cbbb,f83baf5732ffbf88b9a448a3d9ab9fa270f7495fe44d1559c1ac49795a30881a,69cfb2bf8bc181dc1de1e09f0c7477a1a5de7585,elasticnet_corrected_69cfb2bf8bc1_6ed147cd_f83baf57
ElasticNet,1,1,2021-11-25,2021-11-26,11.66,13.278089981999479,1.6180899819994785,1.6180899819994785,2.618215189847073,0.01,0.2,enet_a0.01_l0.2,submitted_main_linear_features_H1_18col,6ed147cd585e5e8083292683f9be3cf585e97e4d46fa0e3224d24a4e2b42cbbb,f83baf5732ffbf88b9a448a3d9ab9fa270f7495fe44d1559c1ac49795a30881a,69cfb2bf8bc181dc1de1e09f0c7477a1a5de7585,elasticnet_corrected_69cfb2bf8bc1_6ed147cd_f83baf57
ElasticNet,1,1,2021-11-26,2021-11-27,13.7,12.227106349772937,-1.4728936502270624,1.4728936502270624,2.1694157048792,0.01,0.2,enet_a0.01_l0.2,submitted_main_linear_features_H1_18col,6ed147cd585e5e8083292683f9be3cf585e97e4d46fa0e3224d24a4e2b42cbbb,f83baf5732ffbf88b9a448a3d9ab9fa270f7495fe44d1559c1ac49795a30881a,69cfb2bf8bc181dc1de1e09f0c7477a1a5de7585,elasticnet_corrected_69cfb2bf8bc1_6ed147cd_f83baf57
ElasticNet,1,1,2021-11-27,2021-11-28,13.18,12.182024450469633,-0.9979755495303664,0.9979755495303664,0.9959551974604367,0.01,0.2,enet_a0.01_l0.2,submitted_main_linear_features_H1_18col,6ed147cd585e5e8083292683f9be3cf585e97e4d46fa0e3224d24a4e2b42cbbb,f83baf5732ffbf88b9a448a3d9ab9fa270f7495fe44d1559c1ac49795a30881a,69cfb2bf8bc181dc1de1e09f0c7477a1a5de7585,elasticnet_corrected_69cfb2bf8bc1_6ed147cd_f83baf57
ElasticNet,1,1,2021-11-28,2021-11-29,13.79,13.973562171958646,0.18356217195864666,0.18356217195864666,0.03369507097417577,0.01,0.2,enet_a0.01_l0.2,submitted_main_linear_features_H1_18col,6ed147cd585e5e8083292683f9be3cf585e97e4d46fa0e3224d24a4e2b42cbbb,f83baf5732ffbf88b9a448a3d9ab9fa270f7495fe44d1559c1ac49795a30881a,69cfb2bf8bc181dc1de1e09f0c7477a1a5de7585,elasticnet_corrected_69cfb2bf8bc1_6ed147cd_f83baf57
ElasticNet,1,1,2021-11-29,2021-11-30,12.22,13.944293269848945,1.7242932698489444,1.7242932698489444,2.9731872804463646,0.01,0.2,enet_a0.01_l0.2,submitted_main_linear_features_H1_18col,6ed147cd585e5e8083292683f9be3cf585e97e4d46fa0e3224d24a4e2b42cbbb,f83baf5732ffbf88b9a448a3d9ab9fa270f7495fe44d1559c1ac49795a30881a,69cfb2bf8bc181dc1de1e09f0c7477a1a5de7585,elasticnet_corrected_69cfb2bf8bc1_6ed147cd_f83baf57
ElasticNet,1,1,2021-11-30,2021-12-01,10.84,13.180608334767186,2.340608334767186,2.340608334767186,5.478447376781619,0.01,0.2,enet_a0.01_l0.2,submitted_main_linear_features_H1_18col,6ed147cd585e5e8083292683f9be3cf585e97e4d46fa0e3224d24a4e2b42cbbb,f83baf5732ffbf88b9a448a3d9ab9fa270f7495fe44d1559c1ac49795a30881a,69cfb2bf8bc181dc1de1e09f0c7477a1a5de7585,elasticnet_corrected_69cfb2bf8bc1_6ed147cd_f83baf57
ElasticNet,1,1,2021-12-01,2021-12-02,13.37,12.560232958528532,-0.809767041471467,0.809767041471467,0.6557226614534526,0.01,0.2,enet_a0.01_l0.2,submitted_main_linear_features_H1_18col,6ed147cd585e5e8083292683f9be3cf585e97e4d46fa0e3224d24a4e2b42cbbb,f83baf5732ffbf88b9a448a3d9ab9fa270f7495fe44d1559c1ac49795a30881a,69cfb2bf8bc181dc1de1e09f0c7477a1a5de7585,elasticnet_corrected_69cfb2bf8bc1_6ed147cd_f83baf57
ElasticNet,1,1,2021-12-02,2021-12-03,10.74,12.962373438430244,2.2223734384302443,2.2223734384302443,4.938943699840267,0.01,0.2,enet_a0.01_l0.2,submitted_main_linear_features_H1_18col,6ed147cd585e5e8083292683f9be3cf585e97e4d46fa0e3224d24a4e2b42cbbb,f83baf5732ffbf88b9a448a3d9ab9fa270f7495fe44d1559c1ac49795a30881a,69cfb2bf8bc181dc1de1e09f0c7477a1a5de7585,elasticnet_corrected_69cfb2bf8bc1_6ed147cd_f83baf57
ElasticNet,1,1,2021-12-03,2021-12-04,11.22,13.495871308952415,2.2758713089524143,2.2758713089524143,5.179590214912776,0.01,0.2,enet_a0.01_l0.2,submitted_main_linear_features_H1_18col,6ed147cd585e5e8083292683f9be3cf585e97e4d46fa0e3224d24a4e2b42cbbb,f83baf5732ffbf88b9a448a3d9ab9fa270f7495fe44d1559c1ac49795a30881a,69cfb2bf8bc181dc1de1e09f0c7477a1a5de7585,elasticnet_corrected_69cfb2bf8bc1_6ed147cd_f83baf57
ElasticNet,1,1,2021-12-04,2021-12-05,8.75,13.135984794406257,4.385984794406257,4.385984794406257,19.236862616762895,0.01,0.2,enet_a0.01_l0.2,submitted_main_linear_features_H1_18col,6ed147cd585e5e8083292683f9be3cf585e97e4d46fa0e3224d24a4e2b42cbbb,f83baf5732ffbf88b9a448a3d9ab9fa270f7495fe44d1559c1ac49795a30881a,69cfb2bf8bc181dc1de1e09f0c7477a1a5de7585,elasticnet_corrected_69cfb2bf8bc1_6ed147cd_f83baf57
ElasticNet,1,1,2021-12-05,2021-12-06,9.91,13.04332543246623,3.133325432466229,3.133325432466229,9.817728265739682,0.01,0.2,enet_a0.01_l0.2,submitted_main_linear_features_H1_18col,6ed147cd585e5e8083292683f9be3cf585e97e4d46fa0e3224d24a4e2b42cbbb,f83baf5732ffbf88b9a448a3d9ab9fa270f7495fe44d1559c1ac49795a30881a,69cfb2bf8bc181dc1de1e09f0c7477a1a5de7585,elasticnet_corrected_69cfb2bf8bc1_6ed147cd_f83baf57
ElasticNet,1,1,2021-12-06,2021-12-07,10.34,11.551918320823052,1.2119183208230524,1.2119183208230524,1.4687460163465669,0.01,0.2,enet_a0.01_l0.2,submitted_main_linear_features_H1_18col,6ed147cd585e5e8083292683f9be3cf585e97e4d46fa0e3224d24a4e2b42cbbb,f83baf5732ffbf88b9a448a3d9ab9fa270f7495fe44d1559c1ac49795a30881a,69cfb2bf8bc181dc1de1e09f0c7477a1a5de7585,elasticnet_corrected_69cfb2bf8bc1_6ed147cd_f83baf57
ElasticNet,1,1,2021-12-07,2021-12-08,10.51,13.07779716523808,2.5677971652380798,2.5677971652380798,6.593582281804719,0.01,0.2,enet_a0.01_l0.2,submitted_main_linear_features_H1_18col,6ed147cd585e5e8083292683f9be3cf585e97e4d46fa0e3224d24a4e2b42cbbb,f83baf5732ffbf88b9a448a3d9ab9fa270f7495fe44d1559c1ac49795a30881a,69cfb2bf8bc181dc1de1e09f0c7477a1a5de7585,elasticnet_corrected_69cfb2bf8bc1_6ed147cd_f83baf57
ElasticNet,1,1,2021-12-08,2021-12-09,11.17,12.325388050789801,1.1553880507898011,1.1553880507898011,1.334921547907856,0.01,0.2,enet_a0.01_l0.2,submitted_main_linear_features_H1_18col,6ed147cd585e5e8083292683f9be3cf585e97e4d46fa0e3224d24a4e2b42cbbb,f83baf5732ffbf88b9a448a3d9ab9fa270f7495fe44d1559c1ac49795a30881a,69cfb2bf8bc181dc1de1e09f0c7477a1a5de7585,elasticnet_corrected_69cfb2bf8bc1_6ed147cd_f83baf57
ElasticNet,1,1,2021-12-09,2021-12-10,11.52,12.134483885252402,0.6144838852524028,0.6144838852524028,0.37759044523488816,0.01,0.2,enet_a0.01_l0.2,submitted_main_linear_features_H1_18col,6ed147cd585e5e8083292683f9be3cf585e97e4d46fa0e3224d24a4e2b42cbbb,f83baf5732ffbf88b9a448a3d9ab9fa270f7495fe44d1559c1ac49795a30881a,69cfb2bf8bc181dc1de1e09f0c7477a1a5de7585,elasticnet_corrected_69cfb2bf8bc1_6ed147cd_f83baf57
ElasticNet,1,1,2021-12-10,2021-12-11,11.81,12.297120020272075,0.4871200202720747,0.4871200202720747,0.23728591414986644,0.01,0.2,enet_a0.01_l0.2,submitted_main_linear_features_H1_18col,6ed147cd585e5e8083292683f9be3cf585e97e4d46fa0e3224d24a4e2b42cbbb,f83baf5732ffbf88b9a448a3d9ab9fa270f7495fe44d1559c1ac49795a30881a,69cfb2bf8bc181dc1de1e09f0c7477a1a5de7585,elasticnet_corrected_69cfb2bf8bc1_6ed147cd_f83baf57
ElasticNet,1,1,2021-12-11,2021-12-12,12.88,11.824754661781407,-1.0552453382185938,1.0552453382185938,1.1135427238320743,0.01,0.2,enet_a0.01_l0.2,submitted_main_linear_features_H1_18col,6ed147cd585e5e8083292683f9be3cf585e97e4d46fa0e3224d24a4e2b42cbbb,f83baf5732ffbf88b9a448a3d9ab9fa270f7495fe44d1559c1ac49795a30881a,69cfb2bf8bc181dc1de1e09f0c7477a1a5de7585,elasticnet_corrected_69cfb2bf8bc1_6ed147cd_f83baf57
ElasticNet,1,1,2021-12-12,2021-12-13,11.17,11.623116228896258,0.453116228896258,0.453116228896258,0.2053143168891661,0.01,0.2,enet_a0.01_l0.2,submitted_main_linear_features_H1_18col,6ed147cd585e5e8083292683f9be3cf585e97e4d46fa0e3224d24a4e2b42cbbb,f83baf5732ffbf88b9a448a3d9ab9fa270f7495fe44d1559c1ac49795a30881a,69cfb2bf8bc181dc1de1e09f0c7477a1a5de7585,elasticnet_corrected_69cfb2bf8bc1_6ed147cd_f83baf57
ElasticNet,1,1,2021-12-13,2021-12-14,12.56,12.26741780774783,-0.29258219225217097,0.29258219225217097,0.08560433922308633,0.01,0.2,enet_a0.01_l0.2,submitted_main_linear_features_H1_18col,6ed147cd585e5e8083292683f9be3cf585e97e4d46fa0e3224d24a4e2b42cbbb,f83baf5732ffbf88b9a448a3d9ab9fa270f7495fe44d1559c1ac49795a30881a,69cfb2bf8bc181dc1de1e09f0c7477a1a5de7585,elasticnet_corrected_69cfb2bf8bc1_6ed147cd_f83baf57
ElasticNet,1,1,2021-12-14,2021-12-15,12.41,11.833227295779666,-0.5767727042203337,0.5767727042203337,0.3326667523336365,0.01,0.2,enet_a0.01_l0.2,submitted_main_linear_features_H1_18col,6ed147cd585e5e8083292683f9be3cf585e97e4d46fa0e3224d24a4e2b42cbbb,f83baf5732ffbf88b9a448a3d9ab9fa270f7495fe44d1559c1ac49795a30881a,69cfb2bf8bc181dc1de1e09f0c7477a1a5de7585,elasticnet_corrected_69cfb2bf8bc1_6ed147cd_f83baf57
ElasticNet,1,1,2021-12-15,2021-12-16,12.31,12.34371518808552,0.03371518808551954,0.03371518808551954,0.001136713907641959,0.01,0.2,enet_a0.01_l0.2,submitted_main_linear_features_H1_18col,6ed147cd585e5e8083292683f9be3cf585e97e4d46fa0e3224d24a4e2b42cbbb,f83baf5732ffbf88b9a448a3d9ab9fa270f7495fe44d1559c1ac49795a30881a,69cfb2bf8bc181dc1de1e09f0c7477a1a5de7585,elasticnet_corrected_69cfb2bf8bc1_6ed147cd_f83baf57
ElasticNet,1,1,2021-12-16,2021-12-17,12.19,12.446993840793287,0.256993840793287,0.256993840793287,0.06604583420568536,0.01,0.2,enet_a0.01_l0.2,submitted_main_linear_features_H1_18col,6ed147cd585e5e8083292683f9be3cf585e97e4d46fa0e3224d24a4e2b42cbbb,f83baf5732ffbf88b9a448a3d9ab9fa270f7495fe44d1559c1ac49795a30881a,69cfb2bf8bc181dc1de1e09f0c7477a1a5de7585,elasticnet_corrected_69cfb2bf8bc1_6ed147cd_f83baf57
ElasticNet,1,1,2021-12-17,2021-12-18,13.13,12.774507678176839,-0.3554923218231618,0.3554923218231618,0.12637479087522246,0.01,0.2,enet_a0.01_l0.2,submitted_main_linear_features_H1_18col,6ed147cd585e5e8083292683f9be3cf585e97e4d46fa0e3224d24a4e2b42cbbb,f83baf5732ffbf88b9a448a3d9ab9fa270f7495fe44d1559c1ac49795a30881a,69cfb2bf8bc181dc1de1e09f0c7477a1a5de7585,elasticnet_corrected_69cfb2bf8bc1_6ed147cd_f83baf57
ElasticNet,1,1,2021-12-18,2021-12-19,13.1,12.583453803755738,-0.5165461962442617,0.5165461962442617,0.2668199728544153,0.01,0.2,enet_a0.01_l0.2,submitted_main_linear_features_H1_18col,6ed147cd585e5e8083292683f9be3cf585e97e4d46fa0e3224d24a4e2b42cbbb,f83baf5732ffbf88b9a448a3d9ab9fa270f7495fe44d1559c1ac49795a30881a,69cfb2bf8bc181dc1de1e09f0c7477a1a5de7585,elasticnet_corrected_69cfb2bf8bc1_6ed147cd_f83baf57
ElasticNet,1,1,2021-12-19,2021-12-20,11.09,13.02735035704401,1.9373503570440107,1.9373503570440107,3.7533264059385556,0.01,0.2,enet_a0.01_l0.2,submitted_main_linear_features_H1_18col,6ed147cd585e5e8083292683f9be3cf585e97e4d46fa0e3224d24a4e2b42cbbb,f83baf5732ffbf88b9a448a3d9ab9fa270f7495fe44d1559c1ac49795a30881a,69cfb2bf8bc181dc1de1e09f0c7477a1a5de7585,elasticnet_corrected_69cfb2bf8bc1_6ed147cd_f83baf57
ElasticNet,1,1,2021-12-20,2021-12-21,11.57,12.581540020201198,1.0115400202011973,1.0115400202011973,1.0232132124686386,0.01,0.2,enet_a0.01_l0.2,submitted_main_linear_features_H1_18col,6ed147cd585e5e8083292683f9be3cf585e97e4d46fa0e3224d24a4e2b42cbbb,f83baf5732ffbf88b9a448a3d9ab9fa270f7495fe44d1559c1ac49795a30881a,69cfb2bf8bc181dc1de1e09f0c7477a1a5de7585,elasticnet_corrected_69cfb2bf8bc1_6ed147cd_f83baf57
ElasticNet,1,1,2021-12-21,2021-12-22,12.64,11.899520393563845,-0.7404796064361552,0.7404796064361552,0.5483100475478433,0.01,0.2,enet_a0.01_l0.2,submitted_main_linear_features_H1_18col,6ed147cd585e5e8083292683f9be3cf585e97e4d46fa0e3224d24a4e2b42cbbb,f83baf5732ffbf88b9a448a3d9ab9fa270f7495fe44d1559c1ac49795a30881a,69cfb2bf8bc181dc1de1e09f0c7477a1a5de7585,elasticnet_corrected_69cfb2bf8bc1_6ed147cd_f83baf57
ElasticNet,1,1,2021-12-22,2021-12-23,17.51,13.488587945326115,-4.0214120546738865,4.0214120546738865,16.171754913476448,0.01,0.2,enet_a0.01_l0.2,submitted_main_linear_features_H1_18col,6ed147cd585e5e8083292683f9be3cf585e97e4d46fa0e3224d24a4e2b42cbbb,f83baf5732ffbf88b9a448a3d9ab9fa270f7495fe44d1559c1ac49795a30881a,69cfb2bf8bc181dc1de1e09f0c7477a1a5de7585,elasticnet_corrected_69cfb2bf8bc1_6ed147cd_f83baf57
ElasticNet,1,1,2021-12-23,2021-12-24,17.98,15.174612208751087,-2.805387791248913,2.805387791248913,7.8702006592884555,0.01,0.2,enet_a0.01_l0.2,submitted_main_linear_features_H1_18col,6ed147cd585e5e8083292683f9be3cf585e97e4d46fa0e3224d24a4e2b42cbbb,f83baf5732ffbf88b9a448a3d9ab9fa270f7495fe44d1559c1ac49795a30881a,69cfb2bf8bc181dc1de1e09f0c7477a1a5de7585,elasticnet_corrected_69cfb2bf8bc1_6ed147cd_f83baf57
ElasticNet,1,1,2021-12-24,2021-12-25,13.07,14.184930359178761,1.1149303591787607,1.1149303591787607,1.2430697058184803,0.01,0.2,enet_a0.01_l0.2,submitted_main_linear_features_H1_18col,6ed147cd585e5e8083292683f9be3cf585e97e4d46fa0e3224d24a4e2b42cbbb,f83baf5732ffbf88b9a448a3d9ab9fa270f7495fe44d1559c1ac49795a30881a,69cfb2bf8bc181dc1de1e09f0c7477a1a5de7585,elasticnet_corrected_69cfb2bf8bc1_6ed147cd_f83baf57
ElasticNet,1,1,2021-12-25,2021-12-26,12.36,15.100140321162963,2.740140321162963,2.740140321162963,7.508368979663067,0.01,0.2,enet_a0.01_l0.2,submitted_main_linear_features_H1_18col,6ed147cd585e5e8083292683f9be3cf585e97e4d46fa0e3224d24a4e2b42cbbb,f83baf5732ffbf88b9a448a3d9ab9fa270f7495fe44d1559c1ac49795a30881a,69cfb2bf8bc181dc1de1e09f0c7477a1a5de7585,elasticnet_corrected_69cfb2bf8bc1_6ed147cd_f83baf57
ElasticNet,1,1,2021-12-26,2021-12-27,11.88,14.1480384866639,2.268038486663899,2.268038486663899,5.14399857698867,0.01,0.2,enet_a0.01_l0.2,submitted_main_linear_features_H1_18col,6ed147cd585e5e8083292683f9be3cf585e97e4d46fa0e3224d24a4e2b42cbbb,f83baf5732ffbf88b9a448a3d9ab9fa270f7495fe44d1559c1ac49795a30881a,69cfb2bf8bc181dc1de1e09f0c7477a1a5de7585,elasticnet_corrected_69cfb2bf8bc1_6ed147cd_f83baf57
ElasticNet,1,1,2021-12-27,2021-12-28,12.06,13.94865504691378,1.8886550469137795,1.8886550469137795,3.5670178862328905,0.01,0.2,enet_a0.01_l0.2,submitted_main_linear_features_H1_18col,6ed147cd585e5e8083292683f9be3cf585e97e4d46fa0e3224d24a4e2b42cbbb,f83baf5732ffbf88b9a448a3d9ab9fa270f7495fe44d1559c1ac49795a30881a,69cfb2bf8bc181dc1de1e09f0c7477a1a5de7585,elasticnet_corrected_69cfb2bf8bc1_6ed147cd_f83baf57
ElasticNet,1,1,2021-12-28,2021-12-29,11.48,12.858462999584013,1.3784629995840127,1.3784629995840127,1.9001602412221539,0.01,0.2,enet_a0.01_l0.2,submitted_main_linear_features_H1_18col,6ed147cd585e5e8083292683f9be3cf585e97e4d46fa0e3224d24a4e2b42cbbb,f83baf5732ffbf88b9a448a3d9ab9fa270f7495fe44d1559c1ac49795a30881a,69cfb2bf8bc181dc1de1e09f0c7477a1a5de7585,elasticnet_corrected_69cfb2bf8bc1_6ed147cd_f83baf57
ElasticNet,1,1,2021-12-29,2021-12-30,11.02,13.107837868601852,2.087837868601852,2.087837868601852,4.359066965567925,0.01,0.2,enet_a0.01_l0.2,submitted_main_linear_features_H1_18col,6ed147cd585e5e8083292683f9be3cf585e97e4d46fa0e3224d24a4e2b42cbbb,f83baf5732ffbf88b9a448a3d9ab9fa270f7495fe44d1559c1ac49795a30881a,69cfb2bf8bc181dc1de1e09f0c7477a1a5de7585,elasticnet_corrected_69cfb2bf8bc1_6ed147cd_f83baf57
ElasticNet,1,1,2021-12-30,2021-12-31,12.37,12.738768374131682,0.3687683741316832,0.3687683741316832,0.13599011375972506,0.01,0.2,enet_a0.01_l0.2,submitted_main_linear_features_H1_18col,6ed147cd585e5e8083292683f9be3cf585e97e4d46fa0e3224d24a4e2b42cbbb,f83baf5732ffbf88b9a448a3d9ab9fa270f7495fe44d1559c1ac49795a30881a,69cfb2bf8bc181dc1de1e09f0c7477a1a5de7585,elasticnet_corrected_69cfb2bf8bc1_6ed147cd_f83baf57
ElasticNet,1,1,2021-12-31,2022-01-01,13.37,12.29032371691822,-1.0796762830817794,1.0796762830817794,1.1657008762492866,0.01,0.2,enet_a0.01_l0.2,submitted_main_linear_features_H1_18col,6ed147cd585e5e8083292683f9be3cf585e97e4d46fa0e3224d24a4e2b42cbbb,f83baf5732ffbf88b9a448a3d9ab9fa270f7495fe44d1559c1ac49795a30881a,69cfb2bf8bc181dc1de1e09f0c7477a1a5de7585,elasticnet_corrected_69cfb2bf8bc1_6ed147cd_f83baf57
ElasticNet,1,1,2022-01-01,2022-01-02,12.34,12.357742103780295,0.017742103780294727,0.017742103780294727,0.00031478224655074845,0.01,0.2,enet_a0.01_l0.2,submitted_main_linear_features_H1_18col,6ed147cd585e5e8083292683f9be3cf585e97e4d46fa0e3224d24a4e2b42cbbb,f83baf5732ffbf88b9a448a3d9ab9fa270f7495fe44d1559c1ac49795a30881a,69cfb2bf8bc181dc1de1e09f0c7477a1a5de7585,elasticnet_corrected_69cfb2bf8bc1_6ed147cd_f83baf57
ElasticNet,1,1,2022-01-02,2022-01-03,12.28,12.287879413561516,0.007879413561516557,0.007879413561516557,6.208515807341104e-05,0.01,0.2,enet_a0.01_l0.2,submitted_main_linear_features_H1_18col,6ed147cd585e5e8083292683f9be3cf585e97e4d46fa0e3224d24a4e2b42cbbb,f83baf5732ffbf88b9a448a3d9ab9fa270f7495fe44d1559c1ac49795a30881a,69cfb2bf8bc181dc1de1e09f0c7477a1a5de7585,elasticnet_corrected_69cfb2bf8bc1_6ed147cd_f83baf57
ElasticNet,1,1,2022-01-03,2022-01-04,12.84,12.210789886590781,-0.6292101134092185,0.6292101134092185,0.3959053668164416,0.01,0.2,enet_a0.01_l0.2,submitted_main_linear_features_H1_18col,6ed147cd585e5e8083292683f9be3cf585e97e4d46fa0e3224d24a4e2b42cbbb,f83baf5732ffbf88b9a448a3d9ab9fa270f7495fe44d1559c1ac49795a30881a,69cfb2bf8bc181dc1de1e09f0c7477a1a5de7585,elasticnet_corrected_69cfb2bf8bc1_6ed147cd_f83baf57
ElasticNet,1,1,2022-01-04,2022-01-05,12.52,12.529840170791292,0.009840170791292735,0.009840170791292735,9.682896120181069e-05,0.01,0.2,enet_a0.01_l0.2,submitted_main_linear_features_H1_18col,6ed147cd585e5e8083292683f9be3cf585e97e4d46fa0e3224d24a4e2b42cbbb,f83baf5732ffbf88b9a448a3d9ab9fa270f7495fe44d1559c1ac49795a30881a,69cfb2bf8bc181dc1de1e09f0c7477a1a5de7585,elasticnet_corrected_69cfb2bf8bc1_6ed147cd_f83baf57
ElasticNet,1,1,2022-01-05,2022-01-06,12.79,13.212764699486513,0.42276469948651396,0.42276469948651396,0.17872999113192245,0.01,0.2,enet_a0.01_l0.2,submitted_main_linear_features_H1_18col,6ed147cd585e5e8083292683f9be3cf585e97e4d46fa0e3224d24a4e2b42cbbb,f83baf5732ffbf88b9a448a3d9ab9fa270f7495fe44d1559c1ac49795a30881a,69cfb2bf8bc181dc1de1e09f0c7477a1a5de7585,elasticnet_corrected_69cfb2bf8bc1_6ed147cd_f83baf57
ElasticNet,1,1,2022-01-06,2022-01-07,13.93,13.319705472982147,-0.610294527017853,0.610294527017853,0.37245940970794494,0.01,0.2,enet_a0.01_l0.2,submitted_main_linear_features_H1_18col,6ed147cd585e5e8083292683f9be3cf585e97e4d46fa0e3224d24a4e2b42cbbb,f83baf5732ffbf88b9a448a3d9ab9fa270f7495fe44d1559c1ac49795a30881a,69cfb2bf8bc181dc1de1e09f0c7477a1a5de7585,elasticnet_corrected_69cfb2bf8bc1_6ed147cd_f83baf57
ElasticNet,1,1,2022-01-07,2022-01-08,14.05,12.602442677327993,-1.447557322672008,1.447557322672008,2.095422202421352,0.01,0.2,enet_a0.01_l0.2,submitted_main_linear_features_H1_18col,6ed147cd585e5e8083292683f9be3cf585e97e4d46fa0e3224d24a4e2b42cbbb,f83baf5732ffbf88b9a448a3d9ab9fa270f7495fe44d1559c1ac49795a30881a,69cfb2bf8bc181dc1de1e09f0c7477a1a5de7585,elasticnet_corrected_69cfb2bf8bc1_6ed147cd_f83baf57
ElasticNet,1,1,2022-01-08,2022-01-09,11.8,13.18476762657886,1.38476762657886,1.38476762657886,1.917581379620849,0.01,0.2,enet_a0.01_l0.2,submitted_main_linear_features_H1_18col,6ed147cd585e5e8083292683f9be3cf585e97e4d46fa0e3224d24a4e2b42cbbb,f83baf5732ffbf88b9a448a3d9ab9fa270f7495fe44d1559c1ac49795a30881a,69cfb2bf8bc181dc1de1e09f0c7477a1a5de7585,elasticnet_corrected_69cfb2bf8bc1_6ed147cd_f83baf57
ElasticNet,1,1,2022-01-09,2022-01-10,12.13,13.299802902205844,1.1698029022058432,1.1698029022058432,1.3684388300092134,0.01,0.2,enet_a0.01_l0.2,submitted_main_linear_features_H1_18col,6ed147cd585e5e8083292683f9be3cf585e97e4d46fa0e3224d24a4e2b42cbbb,f83baf5732ffbf88b9a448a3d9ab9fa270f7495fe44d1559c1ac49795a30881a,69cfb2bf8bc181dc1de1e09f0c7477a1a5de7585,elasticnet_corrected_69cfb2bf8bc1_6ed147cd_f83baf57
ElasticNet,1,1,2022-01-10,2022-01-11,11.1,12.964860624095632,1.8648606240956322,1.8648606240956322,3.477705147302351,0.01,0.2,enet_a0.01_l0.2,submitted_main_linear_features_H1_18col,6ed147cd585e5e8083292683f9be3cf585e97e4d46fa0e3224d24a4e2b42cbbb,f83baf5732ffbf88b9a448a3d9ab9fa270f7495fe44d1559c1ac49795a30881a,69cfb2bf8bc181dc1de1e09f0c7477a1a5de7585,elasticnet_corrected_69cfb2bf8bc1_6ed147cd_f83baf57
ElasticNet,1,1,2022-01-11,2022-01-12,12.55,13.838999859285604,1.2889998592856031,1.2889998592856031,1.6615206372383047,0.01,0.2,enet_a0.01_l0.2,submitted_main_linear_features_H1_18col,6ed147cd585e5e8083292683f9be3cf585e97e4d46fa0e3224d24a4e2b42cbbb,f83baf5732ffbf88b9a448a3d9ab9fa270f7495fe44d1559c1ac49795a30881a,69cfb2bf8bc181dc1de1e09f0c7477a1a5de7585,elasticnet_corrected_69cfb2bf8bc1_6ed147cd_f83baf57
ElasticNet,1,1,2022-01-12,2022-01-13,15.31,12.727446643986402,-2.582553356013598,2.582553356013598,6.669581836657098,0.01,0.2,enet_a0.01_l0.2,submitted_main_linear_features_H1_18col,6ed147cd585e5e8083292683f9be3cf585e97e4d46fa0e3224d24a4e2b42cbbb,f83baf5732ffbf88b9a448a3d9ab9fa270f7495fe44d1559c1ac49795a30881a,69cfb2bf8bc181dc1de1e09f0c7477a1a5de7585,elasticnet_corrected_69cfb2bf8bc1_6ed147cd_f83baf57
ElasticNet,1,1,2022-01-13,2022-01-14,15.32,13.038057889905645,-2.2819421100943558,2.2819421100943558,5.207259793821881,0.01,0.2,enet_a0.01_l0.2,submitted_main_linear_features_H1_18col,6ed147cd585e5e8083292683f9be3cf585e97e4d46fa0e3224d24a4e2b42cbbb,f83baf5732ffbf88b9a448a3d9ab9fa270f7495fe44d1559c1ac49795a30881a,69cfb2bf8bc181dc1de1e09f0c7477a1a5de7585,elasticnet_corrected_69cfb2bf8bc1_6ed147cd_f83baf57
ElasticNet,1,1,2022-01-14,2022-01-15,13.61,13.400507443095627,-0.2094925569043724,0.2094925569043724,0.04388713139833171,0.01,0.2,enet_a0.01_l0.2,submitted_main_linear_features_H1_18col,6ed147cd585e5e8083292683f9be3cf585e97e4d46fa0e3224d24a4e2b42cbbb,f83baf5732ffbf88b9a448a3d9ab9fa270f7495fe44d1559c1ac49795a30881a,69cfb2bf8bc181dc1de1e09f0c7477a1a5de7585,elasticnet_corrected_69cfb2bf8bc1_6ed147cd_f83baf57
ElasticNet,1,1,2022-01-15,2022-01-16,10.99,13.254740183737095,2.2647401837370946,2.2647401837370946,5.129048099833529,0.01,0.2,enet_a0.01_l0.2,submitted_main_linear_features_H1_18col,6ed147cd585e5e8083292683f9be3cf585e97e4d46fa0e3224d24a4e2b42cbbb,f83baf5732ffbf88b9a448a3d9ab9fa270f7495fe44d1559c1ac49795a30881a,69cfb2bf8bc181dc1de1e09f0c7477a1a5de7585,elasticnet_corrected_69cfb2bf8bc1_6ed147cd_f83baf57
ElasticNet,1,1,2022-01-16,2022-01-17,12.86,12.722945158153982,-0.1370548418460178,0.1370548418460178,0.01878402967343695,0.01,0.2,enet_a0.01_l0.2,submitted_main_linear_features_H1_18col,6ed147cd585e5e8083292683f9be3cf585e97e4d46fa0e3224d24a4e2b42cbbb,f83baf5732ffbf88b9a448a3d9ab9fa270f7495fe44d1559c1ac49795a30881a,69cfb2bf8bc181dc1de1e09f0c7477a1a5de7585,elasticnet_corrected_69cfb2bf8bc1_6ed147cd_f83baf57
ElasticNet,1,1,2022-01-17,2022-01-18,11.89,12.421808321460864,0.5318083214608631,0.5318083214608631,0.2828200907750207,0.01,0.2,enet_a0.01_l0.2,submitted_main_linear_features_H1_18col,6ed147cd585e5e8083292683f9be3cf585e97e4d46fa0e3224d24a4e2b42cbbb,f83baf5732ffbf88b9a448a3d9ab9fa270f7495fe44d1559c1ac49795a30881a,69cfb2bf8bc181dc1de1e09f0c7477a1a5de7585,elasticnet_corrected_69cfb2bf8bc1_6ed147cd_f83baf57
ElasticNet,1,1,2022-01-18,2022-01-19,14.33,12.550778787718189,-1.7792212122818114,1.7792212122818114,3.1656281222335587,0.01,0.2,enet_a0.01_l0.2,submitted_main_linear_features_H1_18col,6ed147cd585e5e8083292683f9be3cf585e97e4d46fa0e3224d24a4e2b42cbbb,f83baf5732ffbf88b9a448a3d9ab9fa270f7495fe44d1559c1ac49795a30881a,69cfb2bf8bc181dc1de1e09f0c7477a1a5de7585,elasticnet_corrected_69cfb2bf8bc1_6ed147cd_f83baf57
ElasticNet,1,1,2022-01-19,2022-01-20,12.26,12.475522133687694,0.2155221336876938,0.2155221336876938,0.04644979010929616,0.01,0.2,enet_a0.01_l0.2,submitted_main_linear_features_H1_18col,6ed147cd585e5e8083292683f9be3cf585e97e4d46fa0e3224d24a4e2b42cbbb,f83baf5732ffbf88b9a448a3d9ab9fa270f7495fe44d1559c1ac49795a30881a,69cfb2bf8bc181dc1de1e09f0c7477a1a5de7585,elasticnet_corrected_69cfb2bf8bc1_6ed147cd_f83baf57
ElasticNet,1,1,2022-01-20,2022-01-21,13.07,13.779298679822546,0.7092986798225454,0.7092986798225454,0.5031046171980057,0.01,0.2,enet_a0.01_l0.2,submitted_main_linear_features_H1_18col,6ed147cd585e5e8083292683f9be3cf585e97e4d46fa0e3224d24a4e2b42cbbb,f83baf5732ffbf88b9a448a3d9ab9fa270f7495fe44d1559c1ac49795a30881a,69cfb2bf8bc181dc1de1e09f0c7477a1a5de7585,elasticnet_corrected_69cfb2bf8bc1_6ed147cd_f83baf57
ElasticNet,1,1,2022-01-21,2022-01-22,12.98,12.257341154991314,-0.7226588450086862,0.7226588450086862,0.5222358062692882,0.01,0.2,enet_a0.01_l0.2,submitted_main_linear_features_H1_18col,6ed147cd585e5e8083292683f9be3cf585e97e4d46fa0e3224d24a4e2b42cbbb,f83baf5732ffbf88b9a448a3d9ab9fa270f7495fe44d1559c1ac49795a30881a,69cfb2bf8bc181dc1de1e09f0c7477a1a5de7585,elasticnet_corrected_69cfb2bf8bc1_6ed147cd_f83baf57
ElasticNet,1,1,2022-01-22,2022-01-23,13.62,13.612564008787555,-0.007435991212444648,0.007435991212444648,5.5293965311554026e-05,0.01,0.2,enet_a0.01_l0.2,submitted_main_linear_features_H1_18col,6ed147cd585e5e8083292683f9be3cf585e97e4d46fa0e3224d24a4e2b42cbbb,f83baf5732ffbf88b9a448a3d9ab9fa270f7495fe44d1559c1ac49795a30881a,69cfb2bf8bc181dc1de1e09f0c7477a1a5de7585,elasticnet_corrected_69cfb2bf8bc1_6ed147cd_f83baf57
ElasticNet,1,1,2022-01-23,2022-01-24,11.05,12.973443200205047,1.923443200205046,1.923443200205046,3.699633744415029,0.01,0.2,enet_a0.01_l0.2,submitted_main_linear_features_H1_18col,6ed147cd585e5e8083292683f9be3cf585e97e4d46fa0e3224d24a4e2b42cbbb,f83baf5732ffbf88b9a448a3d9ab9fa270f7495fe44d1559c1ac49795a30881a,69cfb2bf8bc181dc1de1e09f0c7477a1a5de7585,elasticnet_corrected_69cfb2bf8bc1_6ed147cd_f83baf57
ElasticNet,1,1,2022-01-24,2022-01-25,11.05,12.934819249591614,1.8848192495916134,1.8848192495916134,3.5525436036310927,0.01,0.2,enet_a0.01_l0.2,submitted_main_linear_features_H1_18col,6ed147cd585e5e8083292683f9be3cf585e97e4d46fa0e3224d24a4e2b42cbbb,f83baf5732ffbf88b9a448a3d9ab9fa270f7495fe44d1559c1ac49795a30881a,69cfb2bf8bc181dc1de1e09f0c7477a1a5de7585,elasticnet_corrected_69cfb2bf8bc1_6ed147cd_f83baf57
ElasticNet,1,1,2022-01-25,2022-01-26,15.6,12.895964361078489,-2.7040356389215106,2.7040356389215106,7.311808736557662,0.01,0.2,enet_a0.01_l0.2,submitted_main_linear_features_H1_18col,6ed147cd585e5e8083292683f9be3cf585e97e4d46fa0e3224d24a4e2b42cbbb,f83baf5732ffbf88b9a448a3d9ab9fa270f7495fe44d1559c1ac49795a30881a,69cfb2bf8bc181dc1de1e09f0c7477a1a5de7585,elasticnet_corrected_69cfb2bf8bc1_6ed147cd_f83baf57
ElasticNet,1,1,2022-01-26,2022-01-27,15.83,11.730855251831075,-4.099144748168925,4.099144748168925,16.802987666440877,0.01,0.2,enet_a0.01_l0.2,submitted_main_linear_features_H1_18col,6ed147cd585e5e8083292683f9be3cf585e97e4d46fa0e3224d24a4e2b42cbbb,f83baf5732ffbf88b9a448a3d9ab9fa270f7495fe44d1559c1ac49795a30881a,69cfb2bf8bc181dc1de1e09f0c7477a1a5de7585,elasticnet_corrected_69cfb2bf8bc1_6ed147cd_f83baf57
ElasticNet,1,1,2022-01-27,2022-01-28,17.57,12.826792501705542,-4.743207498294458,4.743207498294458,22.49801737187677,0.01,0.2,enet_a0.01_l0.2,submitted_main_linear_features_H1_18col,6ed147cd585e5e8083292683f9be3cf585e97e4d46fa0e3224d24a4e2b42cbbb,f83baf5732ffbf88b9a448a3d9ab9fa270f7495fe44d1559c1ac49795a30881a,69cfb2bf8bc181dc1de1e09f0c7477a1a5de7585,elasticnet_corrected_69cfb2bf8bc1_6ed147cd_f83baf57
ElasticNet,1,1,2022-01-28,2022-01-29,17.94,13.453839688307621,-4.48616031169238,4.48616031169238,20.125634342203874,0.01,0.2,enet_a0.01_l0.2,submitted_main_linear_features_H1_18col,6ed147cd585e5e8083292683f9be3cf585e97e4d46fa0e3224d24a4e2b42cbbb,f83baf5732ffbf88b9a448a3d9ab9fa270f7495fe44d1559c1ac49795a30881a,69cfb2bf8bc181dc1de1e09f0c7477a1a5de7585,elasticnet_corrected_69cfb2bf8bc1_6ed147cd_f83baf57
ElasticNet,1,1,2022-01-29,2022-01-30,15.82,14.464684242842463,-1.3553157571575376,1.3553157571575376,1.8368808015995095,0.01,0.2,enet_a0.01_l0.2,submitted_main_linear_features_H1_18col,6ed147cd585e5e8083292683f9be3cf585e97e4d46fa0e3224d24a4e2b42cbbb,f83baf5732ffbf88b9a448a3d9ab9fa270f7495fe44d1559c1ac49795a30881a,69cfb2bf8bc181dc1de1e09f0c7477a1a5de7585,elasticnet_corrected_69cfb2bf8bc1_6ed147cd_f83baf57
ElasticNet,1,1,2022-01-30,2022-01-31,17.88,14.515683128106184,-3.3643168718938146,3.3643168718938146,11.31862801450938,0.01,0.2,enet_a0.01_l0.2,submitted_main_linear_features_H1_18col,6ed147cd585e5e8083292683f9be3cf585e97e4d46fa0e3224d24a4e2b42cbbb,f83baf5732ffbf88b9a448a3d9ab9fa270f7495fe44d1559c1ac49795a30881a,69cfb2bf8bc181dc1de1e09f0c7477a1a5de7585,elasticnet_corrected_69cfb2bf8bc1_6ed147cd_f83baf57
ElasticNet,1,1,2022-01-31,2022-02-01,17.53,14.639301932662281,-2.89069806733772,2.89069806733772,8.356135316510029,0.01,0.2,enet_a0.01_l0.2,submitted_main_linear_features_H1_18col,6ed147cd585e5e8083292683f9be3cf585e97e4d46fa0e3224d24a4e2b42cbbb,f83baf5732ffbf88b9a448a3d9ab9fa270f7495fe44d1559c1ac49795a30881a,69cfb2bf8bc181dc1de1e09f0c7477a1a5de7585,elasticnet_corrected_69cfb2bf8bc1_6ed147cd_f83baf57
ElasticNet,1,1,2022-02-01,2022-02-02,16.85,16.38949865144463,-0.46050134855537195,0.46050134855537195,0.21206149202131616,0.01,0.2,enet_a0.01_l0.2,submitted_main_linear_features_H1_18col,6ed147cd585e5e8083292683f9be3cf585e97e4d46fa0e3224d24a4e2b42cbbb,f83baf5732ffbf88b9a448a3d9ab9fa270f7495fe44d1559c1ac49795a30881a,69cfb2bf8bc181dc1de1e09f0c7477a1a5de7585,elasticnet_corrected_69cfb2bf8bc1_6ed147cd_f83baf57
ElasticNet,1,1,2022-02-02,2022-02-03,15.86,15.600857523710387,-0.25914247628961284,0.25914247628961284,0.06715482301751255,0.01,0.2,enet_a0.01_l0.2,submitted_main_linear_features_H1_18col,6ed147cd585e5e8083292683f9be3cf585e97e4d46fa0e3224d24a4e2b42cbbb,f83baf5732ffbf88b9a448a3d9ab9fa270f7495fe44d1559c1ac49795a30881a,69cfb2bf8bc181dc1de1e09f0c7477a1a5de7585,elasticnet_corrected_69cfb2bf8bc1_6ed147cd_f83baf57
ElasticNet,1,1,2022-02-03,2022-02-04,14.95,15.312547859087223,0.36254785908722376,0.36254785908722376,0.13144095012872944,0.01,0.2,enet_a0.01_l0.2,submitted_main_linear_features_H1_18col,6ed147cd585e5e8083292683f9be3cf585e97e4d46fa0e3224d24a4e2b42cbbb,f83baf5732ffbf88b9a448a3d9ab9fa270f7495fe44d1559c1ac49795a30881a,69cfb2bf8bc181dc1de1e09f0c7477a1a5de7585,elasticnet_corrected_69cfb2bf8bc1_6ed147cd_f83baf57
ElasticNet,1,1,2022-02-04,2022-02-05,16.84,15.013504106063586,-1.8264958939364142,1.8264958939364142,3.336087250566581,0.01,0.2,enet_a0.01_l0.2,submitted_main_linear_features_H1_18col,6ed147cd585e5e8083292683f9be3cf585e97e4d46fa0e3224d24a4e2b42cbbb,f83baf5732ffbf88b9a448a3d9ab9fa270f7495fe44d1559c1ac49795a30881a,69cfb2bf8bc181dc1de1e09f0c7477a1a5de7585,elasticnet_corrected_69cfb2bf8bc1_6ed147cd_f83baf57
ElasticNet,1,1,2022-02-05,2022-02-06,16.4,15.390772722762218,-1.0092272772377804,1.0092272772377804,1.0185396971207836,0.01,0.2,enet_a0.01_l0.2,submitted_main_linear_features_H1_18col,6ed147cd585e5e8083292683f9be3cf585e97e4d46fa0e3224d24a4e2b42cbbb,f83baf5732ffbf88b9a448a3d9ab9fa270f7495fe44d1559c1ac49795a30881a,69cfb2bf8bc181dc1de1e09f0c7477a1a5de7585,elasticnet_corrected_69cfb2bf8bc1_6ed147cd_f83baf57
ElasticNet,1,1,2022-02-06,2022-02-07,16.34,15.614753862346099,-0.725246137653901,0.725246137653901,0.5259819601819011,0.01,0.2,enet_a0.01_l0.2,submitted_main_linear_features_H1_18col,6ed147cd585e5e8083292683f9be3cf585e97e4d46fa0e3224d24a4e2b42cbbb,f83baf5732ffbf88b9a448a3d9ab9fa270f7495fe44d1559c1ac49795a30881a,69cfb2bf8bc181dc1de1e09f0c7477a1a5de7585,elasticnet_corrected_69cfb2bf8bc1_6ed147cd_f83baf57
ElasticNet,1,1,2022-02-07,2022-02-08,17.09,15.195572373425376,-1.8944276265746236,1.8944276265746236,3.5888560323291614,0.01,0.2,enet_a0.01_l0.2,submitted_main_linear_features_H1_18col,6ed147cd585e5e8083292683f9be3cf585e97e4d46fa0e3224d24a4e2b42cbbb,f83baf5732ffbf88b9a448a3d9ab9fa270f7495fe44d1559c1ac49795a30881a,69cfb2bf8bc181dc1de1e09f0c7477a1a5de7585,elasticnet_corrected_69cfb2bf8bc1_6ed147cd_f83baf57
ElasticNet,1,1,2022-02-08,2022-02-09,16.3,15.576774188098574,-0.7232258119014272,0.7232258119014272,0.5230555750004786,0.01,0.2,enet_a0.01_l0.2,submitted_main_linear_features_H1_18col,6ed147cd585e5e8083292683f9be3cf585e97e4d46fa0e3224d24a4e2b42cbbb,f83baf5732ffbf88b9a448a3d9ab9fa270f7495fe44d1559c1ac49795a30881a,69cfb2bf8bc181dc1de1e09f0c7477a1a5de7585,elasticnet_corrected_69cfb2bf8bc1_6ed147cd_f83baf57
ElasticNet,1,1,2022-02-09,2022-02-10,16.4,15.227874148773038,-1.1721258512269603,1.1721258512269603,1.3738790111145263,0.01,0.2,enet_a0.01_l0.2,submitted_main_linear_features_H1_18col,6ed147cd585e5e8083292683f9be3cf585e97e4d46fa0e3224d24a4e2b42cbbb,f83baf5732ffbf88b9a448a3d9ab9fa270f7495fe44d1559c1ac49795a30881a,69cfb2bf8bc181dc1de1e09f0c7477a1a5de7585,elasticnet_corrected_69cfb2bf8bc1_6ed147cd_f83baf57
ElasticNet,1,1,2022-02-10,2022-02-11,15.29,14.206750980134302,-1.083249019865697,1.083249019865697,1.1734284390399932,0.01,0.2,enet_a0.01_l0.2,submitted_main_linear_features_H1_18col,6ed147cd585e5e8083292683f9be3cf585e97e4d46fa0e3224d24a4e2b42cbbb,f83baf5732ffbf88b9a448a3d9ab9fa270f7495fe44d1559c1ac49795a30881a,69cfb2bf8bc181dc1de1e09f0c7477a1a5de7585,elasticnet_corrected_69cfb2bf8bc1_6ed147cd_f83baf57
ElasticNet,1,1,2022-02-11,2022-02-12,16.08,13.95059058099808,-2.1294094190019184,2.1294094190019184,4.534384473734088,0.01,0.2,enet_a0.01_l0.2,submitted_main_linear_features_H1_18col,6ed147cd585e5e8083292683f9be3cf585e97e4d46fa0e3224d24a4e2b42cbbb,f83baf5732ffbf88b9a448a3d9ab9fa270f7495fe44d1559c1ac49795a30881a,69cfb2bf8bc181dc1de1e09f0c7477a1a5de7585,elasticnet_corrected_69cfb2bf8bc1_6ed147cd_f83baf57
ElasticNet,1,1,2022-02-12,2022-02-13,16.36,14.438032242889857,-1.9219677571101421,1.9219677571101421,3.69396005937099,0.01,0.2,enet_a0.01_l0.2,submitted_main_linear_features_H1_18col,6ed147cd585e5e8083292683f9be3cf585e97e4d46fa0e3224d24a4e2b42cbbb,f83baf5732ffbf88b9a448a3d9ab9fa270f7495fe44d1559c1ac49795a30881a,69cfb2bf8bc181dc1de1e09f0c7477a1a5de7585,elasticnet_corrected_69cfb2bf8bc1_6ed147cd_f83baf57
ElasticNet,1,1,2022-02-13,2022-02-14,14.56,14.014087376686069,-0.5459126233139315,0.5459126233139315,0.2980205922934985,0.01,0.2,enet_a0.01_l0.2,submitted_main_linear_features_H1_18col,6ed147cd585e5e8083292683f9be3cf585e97e4d46fa0e3224d24a4e2b42cbbb,f83baf5732ffbf88b9a448a3d9ab9fa270f7495fe44d1559c1ac49795a30881a,69cfb2bf8bc181dc1de1e09f0c7477a1a5de7585,elasticnet_corrected_69cfb2bf8bc1_6ed147cd_f83baf57
ElasticNet,1,1,2022-02-14,2022-02-15,14.23,14.234523444728257,0.00452344472825672,0.00452344472825672,2.0461552209593515e-05,0.01,0.2,enet_a0.01_l0.2,submitted_main_linear_features_H1_18col,6ed147cd585e5e8083292683f9be3cf585e97e4d46fa0e3224d24a4e2b42cbbb,f83baf5732ffbf88b9a448a3d9ab9fa270f7495fe44d1559c1ac49795a30881a,69cfb2bf8bc181dc1de1e09f0c7477a1a5de7585,elasticnet_corrected_69cfb2bf8bc1_6ed147cd_f83baf57
ElasticNet,1,1,2022-02-15,2022-02-16,15.74,13.350047009506767,-2.3899529904932333,2.3899529904932333,5.711875296767549,0.01,0.2,enet_a0.01_l0.2,submitted_main_linear_features_H1_18col,6ed147cd585e5e8083292683f9be3cf585e97e4d46fa0e3224d24a4e2b42cbbb,f83baf5732ffbf88b9a448a3d9ab9fa270f7495fe44d1559c1ac49795a30881a,69cfb2bf8bc181dc1de1e09f0c7477a1a5de7585,elasticnet_corrected_69cfb2bf8bc1_6ed147cd_f83baf57
ElasticNet,1,1,2022-02-16,2022-02-17,16.45,13.81456955700886,-2.63543044299114,2.63543044299114,6.945493619844477,0.01,0.2,enet_a0.01_l0.2,submitted_main_linear_features_H1_18col,6ed147cd585e5e8083292683f9be3cf585e97e4d46fa0e3224d24a4e2b42cbbb,f83baf5732ffbf88b9a448a3d9ab9fa270f7495fe44d1559c1ac49795a30881a,69cfb2bf8bc181dc1de1e09f0c7477a1a5de7585,elasticnet_corrected_69cfb2bf8bc1_6ed147cd_f83baf57
ElasticNet,1,1,2022-02-17,2022-02-18,14.24,14.797492880889575,0.5574928808895745,0.5574928808895745,0.3107983122425573,0.01,0.2,enet_a0.01_l0.2,submitted_main_linear_features_H1_18col,6ed147cd585e5e8083292683f9be3cf585e97e4d46fa0e3224d24a4e2b42cbbb,f83baf5732ffbf88b9a448a3d9ab9fa270f7495fe44d1559c1ac49795a30881a,69cfb2bf8bc181dc1de1e09f0c7477a1a5de7585,elasticnet_corrected_69cfb2bf8bc1_6ed147cd_f83baf57
ElasticNet,1,1,2022-02-18,2022-02-19,14.83,15.363615454487975,0.5336154544879754,0.5336154544879754,0.28474545326840855,0.01,0.2,enet_a0.01_l0.2,submitted_main_linear_features_H1_18col,6ed147cd585e5e8083292683f9be3cf585e97e4d46fa0e3224d24a4e2b42cbbb,f83baf5732ffbf88b9a448a3d9ab9fa270f7495fe44d1559c1ac49795a30881a,69cfb2bf8bc181dc1de1e09f0c7477a1a5de7585,elasticnet_corrected_69cfb2bf8bc1_6ed147cd_f83baf57
ElasticNet,1,1,2022-02-19,2022-02-20,14.17,14.682552423309707,0.5125524233097067,0.5125524233097067,0.2627099866406528,0.01,0.2,enet_a0.01_l0.2,submitted_main_linear_features_H1_18col,6ed147cd585e5e8083292683f9be3cf585e97e4d46fa0e3224d24a4e2b42cbbb,f83baf5732ffbf88b9a448a3d9ab9fa270f7495fe44d1559c1ac49795a30881a,69cfb2bf8bc181dc1de1e09f0c7477a1a5de7585,elasticnet_corrected_69cfb2bf8bc1_6ed147cd_f83baf57
ElasticNet,1,1,2022-02-20,2022-02-21,12.42,14.765792995844503,2.345792995844503,2.345792995844503,5.5027447793531294,0.01,0.2,enet_a0.01_l0.2,submitted_main_linear_features_H1_18col,6ed147cd585e5e8083292683f9be3cf585e97e4d46fa0e3224d24a4e2b42cbbb,f83baf5732ffbf88b9a448a3d9ab9fa270f7495fe44d1559c1ac49795a30881a,69cfb2bf8bc181dc1de1e09f0c7477a1a5de7585,elasticnet_corrected_69cfb2bf8bc1_6ed147cd_f83baf57
ElasticNet,1,1,2022-02-21,2022-02-22,11.98,13.98974210616285,2.00974210616285,2.00974210616285,4.039063333283889,0.01,0.2,enet_a0.01_l0.2,submitted_main_linear_features_H1_18col,6ed147cd585e5e8083292683f9be3cf585e97e4d46fa0e3224d24a4e2b42cbbb,f83baf5732ffbf88b9a448a3d9ab9fa270f7495fe44d1559c1ac49795a30881a,69cfb2bf8bc181dc1de1e09f0c7477a1a5de7585,elasticnet_corrected_69cfb2bf8bc1_6ed147cd_f83baf57
ElasticNet,1,1,2022-02-22,2022-02-23,13.84,13.187339452853939,-0.6526605471460609,0.6526605471460609,0.4259657898009956,0.01,0.2,enet_a0.01_l0.2,submitted_main_linear_features_H1_18col,6ed147cd585e5e8083292683f9be3cf585e97e4d46fa0e3224d24a4e2b42cbbb,f83baf5732ffbf88b9a448a3d9ab9fa270f7495fe44d1559c1ac49795a30881a,69cfb2bf8bc181dc1de1e09f0c7477a1a5de7585,elasticnet_corrected_69cfb2bf8bc1_6ed147cd_f83baf57
ElasticNet,1,1,2022-02-23,2022-02-24,13.06,13.937335740125109,0.8773357401251083,0.8773357401251083,0.7697180009008715,0.01,0.2,enet_a0.01_l0.2,submitted_main_linear_features_H1_18col,6ed147cd585e5e8083292683f9be3cf585e97e4d46fa0e3224d24a4e2b42cbbb,f83baf5732ffbf88b9a448a3d9ab9fa270f7495fe44d1559c1ac49795a30881a,69cfb2bf8bc181dc1de1e09f0c7477a1a5de7585,elasticnet_corrected_69cfb2bf8bc1_6ed147cd_f83baf57
ElasticNet,1,1,2022-02-24,2022-02-25,14.66,14.45826529802694,-0.20173470197305932,0.20173470197305932,0.040696889980159065,0.01,0.2,enet_a0.01_l0.2,submitted_main_linear_features_H1_18col,6ed147cd585e5e8083292683f9be3cf585e97e4d46fa0e3224d24a4e2b42cbbb,f83baf5732ffbf88b9a448a3d9ab9fa270f7495fe44d1559c1ac49795a30881a,69cfb2bf8bc181dc1de1e09f0c7477a1a5de7585,elasticnet_corrected_69cfb2bf8bc1_6ed147cd_f83baf57
ElasticNet,1,1,2022-02-25,2022-02-26,11.86,13.397907170589765,1.5379071705897651,1.5379071705897651,2.365158465351417,0.01,0.2,enet_a0.01_l0.2,submitted_main_linear_features_H1_18col,6ed147cd585e5e8083292683f9be3cf585e97e4d46fa0e3224d24a4e2b42cbbb,f83baf5732ffbf88b9a448a3d9ab9fa270f7495fe44d1559c1ac49795a30881a,69cfb2bf8bc181dc1de1e09f0c7477a1a5de7585,elasticnet_corrected_69cfb2bf8bc1_6ed147cd_f83baf57
ElasticNet,1,1,2022-02-26,2022-02-27,12.23,13.441036335937778,1.2110363359377772,1.2110363359377772,1.4666090069615967,0.01,0.2,enet_a0.01_l0.2,submitted_main_linear_features_H1_18col,6ed147cd585e5e8083292683f9be3cf585e97e4d46fa0e3224d24a4e2b42cbbb,f83baf5732ffbf88b9a448a3d9ab9fa270f7495fe44d1559c1ac49795a30881a,69cfb2bf8bc181dc1de1e09f0c7477a1a5de7585,elasticnet_corrected_69cfb2bf8bc1_6ed147cd_f83baf57
ElasticNet,1,1,2022-02-27,2022-02-28,8.96,13.066445668750635,4.106445668750634,4.106445668750634,16.862896030400844,0.01,0.2,enet_a0.01_l0.2,submitted_main_linear_features_H1_18col,6ed147cd585e5e8083292683f9be3cf585e97e4d46fa0e3224d24a4e2b42cbbb,f83baf5732ffbf88b9a448a3d9ab9fa270f7495fe44d1559c1ac49795a30881a,69cfb2bf8bc181dc1de1e09f0c7477a1a5de7585,elasticnet_corrected_69cfb2bf8bc1_6ed147cd_f83baf57
ElasticNet,1,1,2022-02-28,2022-03-01,10.55,13.169635318353514,2.619635318353513,2.619635318353513,6.862489201165111,0.01,0.2,enet_a0.01_l0.2,submitted_main_linear_features_H1_18col,6ed147cd585e5e8083292683f9be3cf585e97e4d46fa0e3224d24a4e2b42cbbb,f83baf5732ffbf88b9a448a3d9ab9fa270f7495fe44d1559c1ac49795a30881a,69cfb2bf8bc181dc1de1e09f0c7477a1a5de7585,elasticnet_corrected_69cfb2bf8bc1_6ed147cd_f83baf57
ElasticNet,1,1,2022-03-01,2022-03-02,10.09,11.74914993542333,1.659149935423331,1.659149935423331,2.7527785082152434,0.01,0.2,enet_a0.01_l0.2,submitted_main_linear_features_H1_18col,6ed147cd585e5e8083292683f9be3cf585e97e4d46fa0e3224d24a4e2b42cbbb,f83baf5732ffbf88b9a448a3d9ab9fa270f7495fe44d1559c1ac49795a30881a,69cfb2bf8bc181dc1de1e09f0c7477a1a5de7585,elasticnet_corrected_69cfb2bf8bc1_6ed147cd_f83baf57
ElasticNet,1,1,2022-03-02,2022-03-03,9.89,11.93976122477915,2.04976122477915,2.04976122477915,4.201521078608121,0.01,0.2,enet_a0.01_l0.2,submitted_main_linear_features_H1_18col,6ed147cd585e5e8083292683f9be3cf585e97e4d46fa0e3224d24a4e2b42cbbb,f83baf5732ffbf88b9a448a3d9ab9fa270f7495fe44d1559c1ac49795a30881a,69cfb2bf8bc181dc1de1e09f0c7477a1a5de7585,elasticnet_corrected_69cfb2bf8bc1_6ed147cd_f83baf57
ElasticNet,1,1,2022-03-03,2022-03-04,12.55,11.00648188130835,-1.543518118691651,1.543518118691651,2.3824481827294135,0.01,0.2,enet_a0.01_l0.2,submitted_main_linear_features_H1_18col,6ed147cd585e5e8083292683f9be3cf585e97e4d46fa0e3224d24a4e2b42cbbb,f83baf5732ffbf88b9a448a3d9ab9fa270f7495fe44d1559c1ac49795a30881a,69cfb2bf8bc181dc1de1e09f0c7477a1a5de7585,elasticnet_corrected_69cfb2bf8bc1_6ed147cd_f83baf57
ElasticNet,1,1,2022-03-04,2022-03-05,15.67,10.890948014720163,-4.779051985279837,4.779051985279837,22.839337878007154,0.01,0.2,enet_a0.01_l0.2,submitted_main_linear_features_H1_18col,6ed147cd585e5e8083292683f9be3cf585e97e4d46fa0e3224d24a4e2b42cbbb,f83baf5732ffbf88b9a448a3d9ab9fa270f7495fe44d1559c1ac49795a30881a,69cfb2bf8bc181dc1de1e09f0c7477a1a5de7585,elasticnet_corrected_69cfb2bf8bc1_6ed147cd_f83baf57
ElasticNet,1,1,2022-03-05,2022-03-06,14.47,11.693066497620425,-2.776933502379576,2.776933502379576,7.711359676638097,0.01,0.2,enet_a0.01_l0.2,submitted_main_linear_features_H1_18col,6ed147cd585e5e8083292683f9be3cf585e97e4d46fa0e3224d24a4e2b42cbbb,f83baf5732ffbf88b9a448a3d9ab9fa270f7495fe44d1559c1ac49795a30881a,69cfb2bf8bc181dc1de1e09f0c7477a1a5de7585,elasticnet_corrected_69cfb2bf8bc1_6ed147cd_f83baf57
ElasticNet,1,1,2022-03-06,2022-03-07,15.59,11.96338755755412,-3.6266124424458805,3.6266124424458805,13.152317807703275,0.01,0.2,enet_a0.01_l0.2,submitted_main_linear_features_H1_18col,6ed147cd585e5e8083292683f9be3cf585e97e4d46fa0e3224d24a4e2b42cbbb,f83baf5732ffbf88b9a448a3d9ab9fa270f7495fe44d1559c1ac49795a30881a,69cfb2bf8bc181dc1de1e09f0c7477a1a5de7585,elasticnet_corrected_69cfb2bf8bc1_6ed147cd_f83baf57
ElasticNet,1,1,2022-03-07,2022-03-08,17.47,12.906120575141774,-4.563879424858225,4.563879424858225,20.828995404644242,0.01,0.2,enet_a0.01_l0.2,submitted_main_linear_features_H1_18col,6ed147cd585e5e8083292683f9be3cf585e97e4d46fa0e3224d24a4e2b42cbbb,f83baf5732ffbf88b9a448a3d9ab9fa270f7495fe44d1559c1ac49795a30881a,69cfb2bf8bc181dc1de1e09f0c7477a1a5de7585,elasticnet_corrected_69cfb2bf8bc1_6ed147cd_f83baf57
ElasticNet,1,1,2022-03-08,2022-03-09,15.23,13.342077554643788,-1.887922445356212,1.887922445356212,3.5642511596797792,0.01,0.2,enet_a0.01_l0.2,submitted_main_linear_features_H1_18col,6ed147cd585e5e8083292683f9be3cf585e97e4d46fa0e3224d24a4e2b42cbbb,f83baf5732ffbf88b9a448a3d9ab9fa270f7495fe44d1559c1ac49795a30881a,69cfb2bf8bc181dc1de1e09f0c7477a1a5de7585,elasticnet_corrected_69cfb2bf8bc1_6ed147cd_f83baf57
ElasticNet,1,1,2022-03-09,2022-03-10,15.48,12.941410870254915,-2.5385891297450858,2.5385891297450858,6.444434769659912,0.01,0.2,enet_a0.01_l0.2,submitted_main_linear_features_H1_18col,6ed147cd585e5e8083292683f9be3cf585e97e4d46fa0e3224d24a4e2b42cbbb,f83baf5732ffbf88b9a448a3d9ab9fa270f7495fe44d1559c1ac49795a30881a,69cfb2bf8bc181dc1de1e09f0c7477a1a5de7585,elasticnet_corrected_69cfb2bf8bc1_6ed147cd_f83baf57
ElasticNet,1,1,2022-03-10,2022-03-11,16.87,12.905646940029596,-3.9643530599704047,3.9643530599704047,15.71609518409671,0.01,0.2,enet_a0.01_l0.2,submitted_main_linear_features_H1_18col,6ed147cd585e5e8083292683f9be3cf585e97e4d46fa0e3224d24a4e2b42cbbb,f83baf5732ffbf88b9a448a3d9ab9fa270f7495fe44d1559c1ac49795a30881a,69cfb2bf8bc181dc1de1e09f0c7477a1a5de7585,elasticnet_corrected_69cfb2bf8bc1_6ed147cd_f83baf57
ElasticNet,1,1,2022-03-11,2022-03-12,16.91,13.21453388620702,-3.69546611379298,3.69546611379298,13.656469798192191,0.01,0.2,enet_a0.01_l0.2,submitted_main_linear_features_H1_18col,6ed147cd585e5e8083292683f9be3cf585e97e4d46fa0e3224d24a4e2b42cbbb,f83baf5732ffbf88b9a448a3d9ab9fa270f7495fe44d1559c1ac49795a30881a,69cfb2bf8bc181dc1de1e09f0c7477a1a5de7585,elasticnet_corrected_69cfb2bf8bc1_6ed147cd_f83baf57
ElasticNet,1,1,2022-03-12,2022-03-13,16.7,14.44974796876433,-2.2502520312356697,2.2502520312356697,5.063634204080258,0.01,0.2,enet_a0.01_l0.2,submitted_main_linear_features_H1_18col,6ed147cd585e5e8083292683f9be3cf585e97e4d46fa0e3224d24a4e2b42cbbb,f83baf5732ffbf88b9a448a3d9ab9fa270f7495fe44d1559c1ac49795a30881a,69cfb2bf8bc181dc1de1e09f0c7477a1a5de7585,elasticnet_corrected_69cfb2bf8bc1_6ed147cd_f83baf57
ElasticNet,1,1,2022-03-13,2022-03-14,17.6,14.604806618596584,-2.9951933814034177,2.9951933814034177,8.971183392002839,0.01,0.2,enet_a0.01_l0.2,submitted_main_linear_features_H1_18col,6ed147cd585e5e8083292683f9be3cf585e97e4d46fa0e3224d24a4e2b42cbbb,f83baf5732ffbf88b9a448a3d9ab9fa270f7495fe44d1559c1ac49795a30881a,69cfb2bf8bc181dc1de1e09f0c7477a1a5de7585,elasticnet_corrected_69cfb2bf8bc1_6ed147cd_f83baf57
ElasticNet,1,1,2022-03-14,2022-03-15,15.05,13.296526345593485,-1.7534736544065161,1.7534736544065161,3.0746698566977426,0.01,0.2,enet_a0.01_l0.2,submitted_main_linear_features_H1_18col,6ed147cd585e5e8083292683f9be3cf585e97e4d46fa0e3224d24a4e2b42cbbb,f83baf5732ffbf88b9a448a3d9ab9fa270f7495fe44d1559c1ac49795a30881a,69cfb2bf8bc181dc1de1e09f0c7477a1a5de7585,elasticnet_corrected_69cfb2bf8bc1_6ed147cd_f83baf57
ElasticNet,1,1,2022-03-15,2022-03-16,14.66,13.854263923228785,-0.8057360767712147,0.8057360767712147,0.6492106254106689,0.01,0.2,enet_a0.01_l0.2,submitted_main_linear_features_H1_18col,6ed147cd585e5e8083292683f9be3cf585e97e4d46fa0e3224d24a4e2b42cbbb,f83baf5732ffbf88b9a448a3d9ab9fa270f7495fe44d1559c1ac49795a30881a,69cfb2bf8bc181dc1de1e09f0c7477a1a5de7585,elasticnet_corrected_69cfb2bf8bc1_6ed147cd_f83baf57
ElasticNet,1,1,2022-03-16,2022-03-17,14.99,13.034224692396776,-1.9557753076032238,1.9557753076032238,3.8250570538304847,0.01,0.2,enet_a0.01_l0.2,submitted_main_linear_features_H1_18col,6ed147cd585e5e8083292683f9be3cf585e97e4d46fa0e3224d24a4e2b42cbbb,f83baf5732ffbf88b9a448a3d9ab9fa270f7495fe44d1559c1ac49795a30881a,69cfb2bf8bc181dc1de1e09f0c7477a1a5de7585,elasticnet_corrected_69cfb2bf8bc1_6ed147cd_f83baf57
ElasticNet,1,1,2022-03-17,2022-03-18,16.39,12.501880200635547,-3.8881197993644534,3.8881197993644534,15.117475574209877,0.01,0.2,enet_a0.01_l0.2,submitted_main_linear_features_H1_18col,6ed147cd585e5e8083292683f9be3cf585e97e4d46fa0e3224d24a4e2b42cbbb,f83baf5732ffbf88b9a448a3d9ab9fa270f7495fe44d1559c1ac49795a30881a,69cfb2bf8bc181dc1de1e09f0c7477a1a5de7585,elasticnet_corrected_69cfb2bf8bc1_6ed147cd_f83baf57
ElasticNet,1,1,2022-03-18,2022-03-19,14.39,12.333458870462762,-2.056541129537239,2.056541129537239,4.2293614174783025,0.01,0.2,enet_a0.01_l0.2,submitted_main_linear_features_H1_18col,6ed147cd585e5e8083292683f9be3cf585e97e4d46fa0e3224d24a4e2b42cbbb,f83baf5732ffbf88b9a448a3d9ab9fa270f7495fe44d1559c1ac49795a30881a,69cfb2bf8bc181dc1de1e09f0c7477a1a5de7585,elasticnet_corrected_69cfb2bf8bc1_6ed147cd_f83baf57
ElasticNet,1,1,2022-03-19,2022-03-20,14.16,13.243366910023827,-0.9166330899761732,0.9166330899761732,0.8402162216392672,0.01,0.2,enet_a0.01_l0.2,submitted_main_linear_features_H1_18col,6ed147cd585e5e8083292683f9be3cf585e97e4d46fa0e3224d24a4e2b42cbbb,f83baf5732ffbf88b9a448a3d9ab9fa270f7495fe44d1559c1ac49795a30881a,69cfb2bf8bc181dc1de1e09f0c7477a1a5de7585,elasticnet_corrected_69cfb2bf8bc1_6ed147cd_f83baf57
ElasticNet,1,1,2022-03-20,2022-03-21,15.02,12.837029626737987,-2.1829703732620125,2.1829703732620125,4.76535965053969,0.01,0.2,enet_a0.01_l0.2,submitted_main_linear_features_H1_18col,6ed147cd585e5e8083292683f9be3cf585e97e4d46fa0e3224d24a4e2b42cbbb,f83baf5732ffbf88b9a448a3d9ab9fa270f7495fe44d1559c1ac49795a30881a,69cfb2bf8bc181dc1de1e09f0c7477a1a5de7585,elasticnet_corrected_69cfb2bf8bc1_6ed147cd_f83baf57
ElasticNet,1,1,2022-03-21,2022-03-22,14.66,12.854929447658874,-1.8050705523411263,1.8050705523411263,3.258279698929099,0.01,0.2,enet_a0.01_l0.2,submitted_main_linear_features_H1_18col,6ed147cd585e5e8083292683f9be3cf585e97e4d46fa0e3224d24a4e2b42cbbb,f83baf5732ffbf88b9a448a3d9ab9fa270f7495fe44d1559c1ac49795a30881a,69cfb2bf8bc181dc1de1e09f0c7477a1a5de7585,elasticnet_corrected_69cfb2bf8bc1_6ed147cd_f83baf57
ElasticNet,1,1,2022-03-22,2022-03-23,13.91,13.092996541973637,-0.8170034580263632,0.8170034580263632,0.6674946504270354,0.01,0.2,enet_a0.01_l0.2,submitted_main_linear_features_H1_18col,6ed147cd585e5e8083292683f9be3cf585e97e4d46fa0e3224d24a4e2b42cbbb,f83baf5732ffbf88b9a448a3d9ab9fa270f7495fe44d1559c1ac49795a30881a,69cfb2bf8bc181dc1de1e09f0c7477a1a5de7585,elasticnet_corrected_69cfb2bf8bc1_6ed147cd_f83baf57
ElasticNet,1,1,2022-03-23,2022-03-24,15.36,12.97034629444591,-2.389653705554089,2.389653705554089,5.710444832468388,0.01,0.2,enet_a0.01_l0.2,submitted_main_linear_features_H1_18col,6ed147cd585e5e8083292683f9be3cf585e97e4d46fa0e3224d24a4e2b42cbbb,f83baf5732ffbf88b9a448a3d9ab9fa270f7495fe44d1559c1ac49795a30881a,69cfb2bf8bc181dc1de1e09f0c7477a1a5de7585,elasticnet_corrected_69cfb2bf8bc1_6ed147cd_f83baf57
ElasticNet,1,1,2022-03-24,2022-03-25,14.02,12.543314483906295,-1.4766855160937045,1.4766855160937045,2.1806001134409305,0.01,0.2,enet_a0.01_l0.2,submitted_main_linear_features_H1_18col,6ed147cd585e5e8083292683f9be3cf585e97e4d46fa0e3224d24a4e2b42cbbb,f83baf5732ffbf88b9a448a3d9ab9fa270f7495fe44d1559c1ac49795a30881a,69cfb2bf8bc181dc1de1e09f0c7477a1a5de7585,elasticnet_corrected_69cfb2bf8bc1_6ed147cd_f83baf57
ElasticNet,1,1,2022-03-25,2022-03-26,12.34,13.10775917393819,0.7677591739381899,0.7677591739381899,0.5894541491662518,0.01,0.2,enet_a0.01_l0.2,submitted_main_linear_features_H1_18col,6ed147cd585e5e8083292683f9be3cf585e97e4d46fa0e3224d24a4e2b42cbbb,f83baf5732ffbf88b9a448a3d9ab9fa270f7495fe44d1559c1ac49795a30881a,69cfb2bf8bc181dc1de1e09f0c7477a1a5de7585,elasticnet_corrected_69cfb2bf8bc1_6ed147cd_f83baf57
ElasticNet,1,1,2022-03-26,2022-03-27,10.51,11.524937394522269,1.0149373945222688,1.0149373945222688,1.0300979147996516,0.01,0.2,enet_a0.01_l0.2,submitted_main_linear_features_H1_18col,6ed147cd585e5e8083292683f9be3cf585e97e4d46fa0e3224d24a4e2b42cbbb,f83baf5732ffbf88b9a448a3d9ab9fa270f7495fe44d1559c1ac49795a30881a,69cfb2bf8bc181dc1de1e09f0c7477a1a5de7585,elasticnet_corrected_69cfb2bf8bc1_6ed147cd_f83baf57
ElasticNet,1,1,2022-03-27,2022-03-28,11.68,11.288805413823258,-0.3911945861767414,0.3911945861767414,0.15303320425399197,0.01,0.2,enet_a0.01_l0.2,submitted_main_linear_features_H1_18col,6ed147cd585e5e8083292683f9be3cf585e97e4d46fa0e3224d24a4e2b42cbbb,f83baf5732ffbf88b9a448a3d9ab9fa270f7495fe44d1559c1ac49795a30881a,69cfb2bf8bc181dc1de1e09f0c7477a1a5de7585,elasticnet_corrected_69cfb2bf8bc1_6ed147cd_f83baf57
ElasticNet,1,1,2022-03-28,2022-03-29,13.13,11.543721659153993,-1.5862783408460075,1.5862783408460075,2.5162789746371623,0.01,0.2,enet_a0.01_l0.2,submitted_main_linear_features_H1_18col,6ed147cd585e5e8083292683f9be3cf585e97e4d46fa0e3224d24a4e2b42cbbb,f83baf5732ffbf88b9a448a3d9ab9fa270f7495fe44d1559c1ac49795a30881a,69cfb2bf8bc181dc1de1e09f0c7477a1a5de7585,elasticnet_corrected_69cfb2bf8bc1_6ed147cd_f83baf57
ElasticNet,1,1,2022-03-29,2022-03-30,9.49,11.366247962129808,1.876247962129808,1.876247962129808,3.5203064153962575,0.01,0.2,enet_a0.01_l0.2,submitted_main_linear_features_H1_18col,6ed147cd585e5e8083292683f9be3cf585e97e4d46fa0e3224d24a4e2b42cbbb,f83baf5732ffbf88b9a448a3d9ab9fa270f7495fe44d1559c1ac49795a30881a,69cfb2bf8bc181dc1de1e09f0c7477a1a5de7585,elasticnet_corrected_69cfb2bf8bc1_6ed147cd_f83baf57
ElasticNet,1,1,2022-03-30,2022-03-31,12.8,11.12753315741751,-1.672466842582491,1.672466842582491,2.7971453395378463,0.01,0.2,enet_a0.01_l0.2,submitted_main_linear_features_H1_18col,6ed147cd585e5e8083292683f9be3cf585e97e4d46fa0e3224d24a4e2b42cbbb,f83baf5732ffbf88b9a448a3d9ab9fa270f7495fe44d1559c1ac49795a30881a,69cfb2bf8bc181dc1de1e09f0c7477a1a5de7585,elasticnet_corrected_69cfb2bf8bc1_6ed147cd_f83baf57
ElasticNet,1,1,2022-03-31,2022-04-01,10.76,10.46317129985743,-0.29682870014256935,0.29682870014256935,0.08810727722832734,0.01,0.2,enet_a0.01_l0.2,submitted_main_linear_features_H1_18col,6ed147cd585e5e8083292683f9be3cf585e97e4d46fa0e3224d24a4e2b42cbbb,f83baf5732ffbf88b9a448a3d9ab9fa270f7495fe44d1559c1ac49795a30881a,69cfb2bf8bc181dc1de1e09f0c7477a1a5de7585,elasticnet_corrected_69cfb2bf8bc1_6ed147cd_f83baf57
ElasticNet,1,1,2022-04-01,2022-04-02,9.76,11.787273315155256,2.0272733151552558,2.0272733151552558,4.109837094340581,0.01,0.2,enet_a0.01_l0.2,submitted_main_linear_features_H1_18col,6ed147cd585e5e8083292683f9be3cf585e97e4d46fa0e3224d24a4e2b42cbbb,f83baf5732ffbf88b9a448a3d9ab9fa270f7495fe44d1559c1ac49795a30881a,69cfb2bf8bc181dc1de1e09f0c7477a1a5de7585,elasticnet_corrected_69cfb2bf8bc1_6ed147cd_f83baf57
ElasticNet,1,1,2022-04-02,2022-04-03,11.41,11.440189987061364,0.03018998706136422,0.03018998706136422,0.000911435318765339,0.01,0.2,enet_a0.01_l0.2,submitted_main_linear_features_H1_18col,6ed147cd585e5e8083292683f9be3cf585e97e4d46fa0e3224d24a4e2b42cbbb,f83baf5732ffbf88b9a448a3d9ab9fa270f7495fe44d1559c1ac49795a30881a,69cfb2bf8bc181dc1de1e09f0c7477a1a5de7585,elasticnet_corrected_69cfb2bf8bc1_6ed147cd_f83baf57
ElasticNet,1,1,2022-04-03,2022-04-04,12.77,10.894776227149809,-1.875223772850191,1.875223772850191,3.5164641982625047,0.01,0.2,enet_a0.01_l0.2,submitted_main_linear_features_H1_18col,6ed147cd585e5e8083292683f9be3cf585e97e4d46fa0e3224d24a4e2b42cbbb,f83baf5732ffbf88b9a448a3d9ab9fa270f7495fe44d1559c1ac49795a30881a,69cfb2bf8bc181dc1de1e09f0c7477a1a5de7585,elasticnet_corrected_69cfb2bf8bc1_6ed147cd_f83baf57
ElasticNet,1,1,2022-04-04,2022-04-05,13.25,12.107459736418091,-1.1425402635819086,1.1425402635819086,1.3053982539058173,0.01,0.2,enet_a0.01_l0.2,submitted_main_linear_features_H1_18col,6ed147cd585e5e8083292683f9be3cf585e97e4d46fa0e3224d24a4e2b42cbbb,f83baf5732ffbf88b9a448a3d9ab9fa270f7495fe44d1559c1ac49795a30881a,69cfb2bf8bc181dc1de1e09f0c7477a1a5de7585,elasticnet_corrected_69cfb2bf8bc1_6ed147cd_f83baf57
ElasticNet,1,1,2022-04-05,2022-04-06,12.49,12.109567027815228,-0.38043297218477257,0.38043297218477257,0.14472924632533993,0.01,0.2,enet_a0.01_l0.2,submitted_main_linear_features_H1_18col,6ed147cd585e5e8083292683f9be3cf585e97e4d46fa0e3224d24a4e2b42cbbb,f83baf5732ffbf88b9a448a3d9ab9fa270f7495fe44d1559c1ac49795a30881a,69cfb2bf8bc181dc1de1e09f0c7477a1a5de7585,elasticnet_corrected_69cfb2bf8bc1_6ed147cd_f83baf57
ElasticNet,1,1,2022-04-06,2022-04-07,14.95,11.333210767156114,-3.6167892328438853,3.6167892328438853,13.08116435481546,0.01,0.2,enet_a0.01_l0.2,submitted_main_linear_features_H1_18col,6ed147cd585e5e8083292683f9be3cf585e97e4d46fa0e3224d24a4e2b42cbbb,f83baf5732ffbf88b9a448a3d9ab9fa270f7495fe44d1559c1ac49795a30881a,69cfb2bf8bc181dc1de1e09f0c7477a1a5de7585,elasticnet_corrected_69cfb2bf8bc1_6ed147cd_f83baf57
ElasticNet,1,1,2022-04-07,2022-04-08,17.18,12.303548762489193,-4.876451237510807,4.876451237510807,23.77977667182068,0.01,0.2,enet_a0.01_l0.2,submitted_main_linear_features_H1_18col,6ed147cd585e5e8083292683f9be3cf585e97e4d46fa0e3224d24a4e2b42cbbb,f83baf5732ffbf88b9a448a3d9ab9fa270f7495fe44d1559c1ac49795a30881a,69cfb2bf8bc181dc1de1e09f0c7477a1a5de7585,elasticnet_corrected_69cfb2bf8bc1_6ed147cd_f83baf57
ElasticNet,1,1,2022-04-08,2022-04-09,15.3,12.165956288773978,-3.134043711226022,3.134043711226022,9.822229983875378,0.01,0.2,enet_a0.01_l0.2,submitted_main_linear_features_H1_18col,6ed147cd585e5e8083292683f9be3cf585e97e4d46fa0e3224d24a4e2b42cbbb,f83baf5732ffbf88b9a448a3d9ab9fa270f7495fe44d1559c1ac49795a30881a,69cfb2bf8bc181dc1de1e09f0c7477a1a5de7585,elasticnet_corrected_69cfb2bf8bc1_6ed147cd_f83baf57
ElasticNet,1,1,2022-04-09,2022-04-10,14.35,13.032931781209994,-1.3170682187900056,1.3170682187900056,1.734668692946678,0.01,0.2,enet_a0.01_l0.2,submitted_main_linear_features_H1_18col,6ed147cd585e5e8083292683f9be3cf585e97e4d46fa0e3224d24a4e2b42cbbb,f83baf5732ffbf88b9a448a3d9ab9fa270f7495fe44d1559c1ac49795a30881a,69cfb2bf8bc181dc1de1e09f0c7477a1a5de7585,elasticnet_corrected_69cfb2bf8bc1_6ed147cd_f83baf57
ElasticNet,1,1,2022-04-10,2022-04-11,14.05,12.755946855718909,-1.2940531442810919,1.2940531442810919,1.6745735402237802,0.01,0.2,enet_a0.01_l0.2,submitted_main_linear_features_H1_18col,6ed147cd585e5e8083292683f9be3cf585e97e4d46fa0e3224d24a4e2b42cbbb,f83baf5732ffbf88b9a448a3d9ab9fa270f7495fe44d1559c1ac49795a30881a,69cfb2bf8bc181dc1de1e09f0c7477a1a5de7585,elasticnet_corrected_69cfb2bf8bc1_6ed147cd_f83baf57
ElasticNet,1,1,2022-04-11,2022-04-12,12.72,12.48627252333177,-0.23372747666823024,0.23372747666823024,0.05462853334969811,0.01,0.2,enet_a0.01_l0.2,submitted_main_linear_features_H1_18col,6ed147cd585e5e8083292683f9be3cf585e97e4d46fa0e3224d24a4e2b42cbbb,f83baf5732ffbf88b9a448a3d9ab9fa270f7495fe44d1559c1ac49795a30881a,69cfb2bf8bc181dc1de1e09f0c7477a1a5de7585,elasticnet_corrected_69cfb2bf8bc1_6ed147cd_f83baf57
ElasticNet,1,1,2022-04-12,2022-04-13,14.57,12.934679235415285,-1.6353207645847156,1.6353207645847156,2.674274003081939,0.01,0.2,enet_a0.01_l0.2,submitted_main_linear_features_H1_18col,6ed147cd585e5e8083292683f9be3cf585e97e4d46fa0e3224d24a4e2b42cbbb,f83baf5732ffbf88b9a448a3d9ab9fa270f7495fe44d1559c1ac49795a30881a,69cfb2bf8bc181dc1de1e09f0c7477a1a5de7585,elasticnet_corrected_69cfb2bf8bc1_6ed147cd_f83baf57
ElasticNet,1,1,2022-04-13,2022-04-14,13.69,12.14465477337488,-1.5453452266251197,1.5453452266251197,2.3880918694530426,0.01,0.2,enet_a0.01_l0.2,submitted_main_linear_features_H1_18col,6ed147cd585e5e8083292683f9be3cf585e97e4d46fa0e3224d24a4e2b42cbbb,f83baf5732ffbf88b9a448a3d9ab9fa270f7495fe44d1559c1ac49795a30881a,69cfb2bf8bc181dc1de1e09f0c7477a1a5de7585,elasticnet_corrected_69cfb2bf8bc1_6ed147cd_f83baf57
ElasticNet,1,1,2022-04-14,2022-04-15,15.92,12.390141512396838,-3.5298584876031622,3.5298584876031622,12.459900942504083,0.01,0.2,enet_a0.01_l0.2,submitted_main_linear_features_H1_18col,6ed147cd585e5e8083292683f9be3cf585e97e4d46fa0e3224d24a4e2b42cbbb,f83baf5732ffbf88b9a448a3d9ab9fa270f7495fe44d1559c1ac49795a30881a,69cfb2bf8bc181dc1de1e09f0c7477a1a5de7585,elasticnet_corrected_69cfb2bf8bc1_6ed147cd_f83baf57
ElasticNet,1,1,2022-04-15,2022-04-16,11.75,13.328103378149734,1.5781033781497342,1.5781033781497342,2.490410272127603,0.01,0.2,enet_a0.01_l0.2,submitted_main_linear_features_H1_18col,6ed147cd585e5e8083292683f9be3cf585e97e4d46fa0e3224d24a4e2b42cbbb,f83baf5732ffbf88b9a448a3d9ab9fa270f7495fe44d1559c1ac49795a30881a,69cfb2bf8bc181dc1de1e09f0c7477a1a5de7585,elasticnet_corrected_69cfb2bf8bc1_6ed147cd_f83baf57
ElasticNet,1,1,2022-04-16,2022-04-17,11.92,12.784009451209174,0.8640094512091743,0.8640094512091743,0.7465123317787785,0.01,0.2,enet_a0.01_l0.2,submitted_main_linear_features_H1_18col,6ed147cd585e5e8083292683f9be3cf585e97e4d46fa0e3224d24a4e2b42cbbb,f83baf5732ffbf88b9a448a3d9ab9fa270f7495fe44d1559c1ac49795a30881a,69cfb2bf8bc181dc1de1e09f0c7477a1a5de7585,elasticnet_corrected_69cfb2bf8bc1_6ed147cd_f83baf57
ElasticNet,1,1,2022-04-17,2022-04-18,13.1,11.390798701588377,-1.7092012984116227,1.7092012984116227,2.921369078491977,0.01,0.2,enet_a0.01_l0.2,submitted_main_linear_features_H1_18col,6ed147cd585e5e8083292683f9be3cf585e97e4d46fa0e3224d24a4e2b42cbbb,f83baf5732ffbf88b9a448a3d9ab9fa270f7495fe44d1559c1ac49795a30881a,69cfb2bf8bc181dc1de1e09f0c7477a1a5de7585,elasticnet_corrected_69cfb2bf8bc1_6ed147cd_f83baf57
ElasticNet,1,1,2022-04-18,2022-04-19,13.5,11.126286178837498,-2.373713821162502,2.373713821162502,5.634517304777886,0.01,0.2,enet_a0.01_l0.2,submitted_main_linear_features_H1_18col,6ed147cd585e5e8083292683f9be3cf585e97e4d46fa0e3224d24a4e2b42cbbb,f83baf5732ffbf88b9a448a3d9ab9fa270f7495fe44d1559c1ac49795a30881a,69cfb2bf8bc181dc1de1e09f0c7477a1a5de7585,elasticnet_corrected_69cfb2bf8bc1_6ed147cd_f83baf57
ElasticNet,1,1,2022-04-19,2022-04-20,13.24,10.914790936322884,-2.325209063677116,2.325209063677116,5.406597189806211,0.01,0.2,enet_a0.01_l0.2,submitted_main_linear_features_H1_18col,6ed147cd585e5e8083292683f9be3cf585e97e4d46fa0e3224d24a4e2b42cbbb,f83baf5732ffbf88b9a448a3d9ab9fa270f7495fe44d1559c1ac49795a30881a,69cfb2bf8bc181dc1de1e09f0c7477a1a5de7585,elasticnet_corrected_69cfb2bf8bc1_6ed147cd_f83baf57
ElasticNet,1,1,2022-04-20,2022-04-21,13.75,10.783712154654065,-2.966287845345935,2.966287845345935,8.79886358144703,0.01,0.2,enet_a0.01_l0.2,submitted_main_linear_features_H1_18col,6ed147cd585e5e8083292683f9be3cf585e97e4d46fa0e3224d24a4e2b42cbbb,f83baf5732ffbf88b9a448a3d9ab9fa270f7495fe44d1559c1ac49795a30881a,69cfb2bf8bc181dc1de1e09f0c7477a1a5de7585,elasticnet_corrected_69cfb2bf8bc1_6ed147cd_f83baf57
ElasticNet,1,1,2022-04-21,2022-04-22,17.64,10.46626259990171,-7.173737400098291,7.173737400098291,51.462508285568994,0.01,0.2,enet_a0.01_l0.2,submitted_main_linear_features_H1_18col,6ed147cd585e5e8083292683f9be3cf585e97e4d46fa0e3224d24a4e2b42cbbb,f83baf5732ffbf88b9a448a3d9ab9fa270f7495fe44d1559c1ac49795a30881a,69cfb2bf8bc181dc1de1e09f0c7477a1a5de7585,elasticnet_corrected_69cfb2bf8bc1_6ed147cd_f83baf57
ElasticNet,1,1,2022-04-22,2022-04-23,11.22,11.83854268127546,0.6185426812754589,0.6185426812754589,0.3825950485594339,0.01,0.2,enet_a0.01_l0.2,submitted_main_linear_features_H1_18col,6ed147cd585e5e8083292683f9be3cf585e97e4d46fa0e3224d24a4e2b42cbbb,f83baf5732ffbf88b9a448a3d9ab9fa270f7495fe44d1559c1ac49795a30881a,69cfb2bf8bc181dc1de1e09f0c7477a1a5de7585,elasticnet_corrected_69cfb2bf8bc1_6ed147cd_f83baf57
ElasticNet,1,1,2022-04-23,2022-04-24,11.23,12.868475112625596,1.6384751126255956,1.6384751126255956,2.6846006946934584,0.01,0.2,enet_a0.01_l0.2,submitted_main_linear_features_H1_18col,6ed147cd585e5e8083292683f9be3cf585e97e4d46fa0e3224d24a4e2b42cbbb,f83baf5732ffbf88b9a448a3d9ab9fa270f7495fe44d1559c1ac49795a30881a,69cfb2bf8bc181dc1de1e09f0c7477a1a5de7585,elasticnet_corrected_69cfb2bf8bc1_6ed147cd_f83baf57
ElasticNet,1,1,2022-04-24,2022-04-25,13.46,11.437022800158342,-2.022977199841659,2.022977199841659,4.092436751079199,0.01,0.2,enet_a0.01_l0.2,submitted_main_linear_features_H1_18col,6ed147cd585e5e8083292683f9be3cf585e97e4d46fa0e3224d24a4e2b42cbbb,f83baf5732ffbf88b9a448a3d9ab9fa270f7495fe44d1559c1ac49795a30881a,69cfb2bf8bc181dc1de1e09f0c7477a1a5de7585,elasticnet_corrected_69cfb2bf8bc1_6ed147cd_f83baf57
ElasticNet,1,1,2022-04-25,2022-04-26,14.5,10.631452667525883,-3.868547332474117,3.868547332474117,14.965658463592607,0.01,0.2,enet_a0.01_l0.2,submitted_main_linear_features_H1_18col,6ed147cd585e5e8083292683f9be3cf585e97e4d46fa0e3224d24a4e2b42cbbb,f83baf5732ffbf88b9a448a3d9ab9fa270f7495fe44d1559c1ac49795a30881a,69cfb2bf8bc181dc1de1e09f0c7477a1a5de7585,elasticnet_corrected_69cfb2bf8bc1_6ed147cd_f83baf57
ElasticNet,1,1,2022-04-26,2022-04-27,11.69,9.44964492502612,-2.2403550749738788,2.2403550749738788,5.019190861961214,0.01,0.2,enet_a0.01_l0.2,submitted_main_linear_features_H1_18col,6ed147cd585e5e8083292683f9be3cf585e97e4d46fa0e3224d24a4e2b42cbbb,f83baf5732ffbf88b9a448a3d9ab9fa270f7495fe44d1559c1ac49795a30881a,69cfb2bf8bc181dc1de1e09f0c7477a1a5de7585,elasticnet_corrected_69cfb2bf8bc1_6ed147cd_f83baf57
ElasticNet,1,1,2022-04-27,2022-04-28,11.68,10.717559328757297,-0.9624406712427032,0.9624406712427032,0.926292045662105,0.01,0.2,enet_a0.01_l0.2,submitted_main_linear_features_H1_18col,6ed147cd585e5e8083292683f9be3cf585e97e4d46fa0e3224d24a4e2b42cbbb,f83baf5732ffbf88b9a448a3d9ab9fa270f7495fe44d1559c1ac49795a30881a,69cfb2bf8bc181dc1de1e09f0c7477a1a5de7585,elasticnet_corrected_69cfb2bf8bc1_6ed147cd_f83baf57
ElasticNet,1,1,2022-04-28,2022-04-29,11.09,10.336725139693918,-0.7532748603060817,0.7532748603060817,0.567423015169147,0.01,0.2,enet_a0.01_l0.2,submitted_main_linear_features_H1_18col,6ed147cd585e5e8083292683f9be3cf585e97e4d46fa0e3224d24a4e2b42cbbb,f83baf5732ffbf88b9a448a3d9ab9fa270f7495fe44d1559c1ac49795a30881a,69cfb2bf8bc181dc1de1e09f0c7477a1a5de7585,elasticnet_corrected_69cfb2bf8bc1_6ed147cd_f83baf57
ElasticNet,1,1,2022-04-29,2022-04-30,8.23,10.681152035225091,2.451152035225091,2.451152035225091,6.0081462997881045,0.01,0.2,enet_a0.01_l0.2,submitted_main_linear_features_H1_18col,6ed147cd585e5e8083292683f9be3cf585e97e4d46fa0e3224d24a4e2b42cbbb,f83baf5732ffbf88b9a448a3d9ab9fa270f7495fe44d1559c1ac49795a30881a,69cfb2bf8bc181dc1de1e09f0c7477a1a5de7585,elasticnet_corrected_69cfb2bf8bc1_6ed147cd_f83baf57
ElasticNet,1,1,2022-04-30,2022-05-01,7.6,10.692285837081524,3.0922858370815245,3.0922858370815245,9.562231698214985,0.01,0.2,enet_a0.01_l0.2,submitted_main_linear_features_H1_18col,6ed147cd585e5e8083292683f9be3cf585e97e4d46fa0e3224d24a4e2b42cbbb,f83baf5732ffbf88b9a448a3d9ab9fa270f7495fe44d1559c1ac49795a30881a,69cfb2bf8bc181dc1de1e09f0c7477a1a5de7585,elasticnet_corrected_69cfb2bf8bc1_6ed147cd_f83baf57
ElasticNet,1,1,2022-05-01,2022-05-02,10.04,10.257045454230743,0.21704545423074428,0.21704545423074428,0.04710872920223011,0.01,0.2,enet_a0.01_l0.2,submitted_main_linear_features_H1_18col,6ed147cd585e5e8083292683f9be3cf585e97e4d46fa0e3224d24a4e2b42cbbb,f83baf5732ffbf88b9a448a3d9ab9fa270f7495fe44d1559c1ac49795a30881a,69cfb2bf8bc181dc1de1e09f0c7477a1a5de7585,elasticnet_corrected_69cfb2bf8bc1_6ed147cd_f83baf57
ElasticNet,1,1,2022-05-02,2022-05-03,9.17,9.91553576512365,0.74553576512365,0.74553576512365,0.5558235770785063,0.01,0.2,enet_a0.01_l0.2,submitted_main_linear_features_H1_18col,6ed147cd585e5e8083292683f9be3cf585e97e4d46fa0e3224d24a4e2b42cbbb,f83baf5732ffbf88b9a448a3d9ab9fa270f7495fe44d1559c1ac49795a30881a,69cfb2bf8bc181dc1de1e09f0c7477a1a5de7585,elasticnet_corrected_69cfb2bf8bc1_6ed147cd_f83baf57
ElasticNet,1,1,2022-05-03,2022-05-04,10.49,11.486121899286847,0.9961218992868464,0.9961218992868464,0.9922588382388341,0.01,0.2,enet_a0.01_l0.2,submitted_main_linear_features_H1_18col,6ed147cd585e5e8083292683f9be3cf585e97e4d46fa0e3224d24a4e2b42cbbb,f83baf5732ffbf88b9a448a3d9ab9fa270f7495fe44d1559c1ac49795a30881a,69cfb2bf8bc181dc1de1e09f0c7477a1a5de7585,elasticnet_corrected_69cfb2bf8bc1_6ed147cd_f83baf57
ElasticNet,1,1,2022-05-04,2022-05-05,9.19,10.48581609718652,1.2958160971865205,1.2958160971865205,1.6791393577277058,0.01,0.2,enet_a0.01_l0.2,submitted_main_linear_features_H1_18col,6ed147cd585e5e8083292683f9be3cf585e97e4d46fa0e3224d24a4e2b42cbbb,f83baf5732ffbf88b9a448a3d9ab9fa270f7495fe44d1559c1ac49795a30881a,69cfb2bf8bc181dc1de1e09f0c7477a1a5de7585,elasticnet_corrected_69cfb2bf8bc1_6ed147cd_f83baf57
ElasticNet,1,1,2022-05-05,2022-05-06,9.34,9.941110758114464,0.6011107581144639,0.6011107581144639,0.36133414352094556,0.01,0.2,enet_a0.01_l0.2,submitted_main_linear_features_H1_18col,6ed147cd585e5e8083292683f9be3cf585e97e4d46fa0e3224d24a4e2b42cbbb,f83baf5732ffbf88b9a448a3d9ab9fa270f7495fe44d1559c1ac49795a30881a,69cfb2bf8bc181dc1de1e09f0c7477a1a5de7585,elasticnet_corrected_69cfb2bf8bc1_6ed147cd_f83baf57
ElasticNet,1,1,2022-05-06,2022-05-07,10.28,9.391885981339342,-0.8881140186606569,0.8881140186606569,0.7887465101415816,0.01,0.2,enet_a0.01_l0.2,submitted_main_linear_features_H1_18col,6ed147cd585e5e8083292683f9be3cf585e97e4d46fa0e3224d24a4e2b42cbbb,f83baf5732ffbf88b9a448a3d9ab9fa270f7495fe44d1559c1ac49795a30881a,69cfb2bf8bc181dc1de1e09f0c7477a1a5de7585,elasticnet_corrected_69cfb2bf8bc1_6ed147cd_f83baf57
ElasticNet,1,1,2022-05-07,2022-05-08,10.58,10.179333670972072,-0.40066632902792776,0.40066632902792776,0.16053350721671567,0.01,0.2,enet_a0.01_l0.2,submitted_main_linear_features_H1_18col,6ed147cd585e5e8083292683f9be3cf585e97e4d46fa0e3224d24a4e2b42cbbb,f83baf5732ffbf88b9a448a3d9ab9fa270f7495fe44d1559c1ac49795a30881a,69cfb2bf8bc181dc1de1e09f0c7477a1a5de7585,elasticnet_corrected_69cfb2bf8bc1_6ed147cd_f83baf57
ElasticNet,1,1,2022-05-08,2022-05-09,12.71,10.735157803948116,-1.9748421960518847,1.9748421960518847,3.9000016993070306,0.01,0.2,enet_a0.01_l0.2,submitted_main_linear_features_H1_18col,6ed147cd585e5e8083292683f9be3cf585e97e4d46fa0e3224d24a4e2b42cbbb,f83baf5732ffbf88b9a448a3d9ab9fa270f7495fe44d1559c1ac49795a30881a,69cfb2bf8bc181dc1de1e09f0c7477a1a5de7585,elasticnet_corrected_69cfb2bf8bc1_6ed147cd_f83baf57
ElasticNet,1,1,2022-05-09,2022-05-10,12.64,12.242451441454975,-0.3975485585450258,0.3975485585450258,0.1580448564012278,0.01,0.2,enet_a0.01_l0.2,submitted_main_linear_features_H1_18col,6ed147cd585e5e8083292683f9be3cf585e97e4d46fa0e3224d24a4e2b42cbbb,f83baf5732ffbf88b9a448a3d9ab9fa270f7495fe44d1559c1ac49795a30881a,69cfb2bf8bc181dc1de1e09f0c7477a1a5de7585,elasticnet_corrected_69cfb2bf8bc1_6ed147cd_f83baf57
ElasticNet,1,1,2022-05-10,2022-05-11,12.72,11.065419752587426,-1.654580247412575,1.654580247412575,2.737635795127858,0.01,0.2,enet_a0.01_l0.2,submitted_main_linear_features_H1_18col,6ed147cd585e5e8083292683f9be3cf585e97e4d46fa0e3224d24a4e2b42cbbb,f83baf5732ffbf88b9a448a3d9ab9fa270f7495fe44d1559c1ac49795a30881a,69cfb2bf8bc181dc1de1e09f0c7477a1a5de7585,elasticnet_corrected_69cfb2bf8bc1_6ed147cd_f83baf57
ElasticNet,1,1,2022-05-11,2022-05-12,13.37,12.817671650079664,-0.5523283499203355,0.5523283499203355,0.3050666061257206,0.01,0.2,enet_a0.01_l0.2,submitted_main_linear_features_H1_18col,6ed147cd585e5e8083292683f9be3cf585e97e4d46fa0e3224d24a4e2b42cbbb,f83baf5732ffbf88b9a448a3d9ab9fa270f7495fe44d1559c1ac49795a30881a,69cfb2bf8bc181dc1de1e09f0c7477a1a5de7585,elasticnet_corrected_69cfb2bf8bc1_6ed147cd_f83baf57
ElasticNet,1,1,2022-05-12,2022-05-13,12.94,11.014525800405147,-1.925474199594852,1.925474199594852,3.7074508933054364,0.01,0.2,enet_a0.01_l0.2,submitted_main_linear_features_H1_18col,6ed147cd585e5e8083292683f9be3cf585e97e4d46fa0e3224d24a4e2b42cbbb,f83baf5732ffbf88b9a448a3d9ab9fa270f7495fe44d1559c1ac49795a30881a,69cfb2bf8bc181dc1de1e09f0c7477a1a5de7585,elasticnet_corrected_69cfb2bf8bc1_6ed147cd_f83baf57
ElasticNet,1,1,2022-05-13,2022-05-14,15.8,11.68823889791079,-4.111761102089211,4.111761102089211,16.906579360653886,0.01,0.2,enet_a0.01_l0.2,submitted_main_linear_features_H1_18col,6ed147cd585e5e8083292683f9be3cf585e97e4d46fa0e3224d24a4e2b42cbbb,f83baf5732ffbf88b9a448a3d9ab9fa270f7495fe44d1559c1ac49795a30881a,69cfb2bf8bc181dc1de1e09f0c7477a1a5de7585,elasticnet_corrected_69cfb2bf8bc1_6ed147cd_f83baf57
ElasticNet,1,1,2022-05-14,2022-05-15,13.32,12.44833908463228,-0.8716609153677197,0.8716609153677197,0.759792751379691,0.01,0.2,enet_a0.01_l0.2,submitted_main_linear_features_H1_18col,6ed147cd585e5e8083292683f9be3cf585e97e4d46fa0e3224d24a4e2b42cbbb,f83baf5732ffbf88b9a448a3d9ab9fa270f7495fe44d1559c1ac49795a30881a,69cfb2bf8bc181dc1de1e09f0c7477a1a5de7585,elasticnet_corrected_69cfb2bf8bc1_6ed147cd_f83baf57
ElasticNet,1,1,2022-05-15,2022-05-16,11.74,13.433158604395365,1.6931586043953644,1.6931586043953644,2.866786059638058,0.01,0.2,enet_a0.01_l0.2,submitted_main_linear_features_H1_18col,6ed147cd585e5e8083292683f9be3cf585e97e4d46fa0e3224d24a4e2b42cbbb,f83baf5732ffbf88b9a448a3d9ab9fa270f7495fe44d1559c1ac49795a30881a,69cfb2bf8bc181dc1de1e09f0c7477a1a5de7585,elasticnet_corrected_69cfb2bf8bc1_6ed147cd_f83baf57
ElasticNet,1,1,2022-05-16,2022-05-17,11.9,12.768412558905197,0.868412558905197,0.868412558905197,0.7541403724642722,0.01,0.2,enet_a0.01_l0.2,submitted_main_linear_features_H1_18col,6ed147cd585e5e8083292683f9be3cf585e97e4d46fa0e3224d24a4e2b42cbbb,f83baf5732ffbf88b9a448a3d9ab9fa270f7495fe44d1559c1ac49795a30881a,69cfb2bf8bc181dc1de1e09f0c7477a1a5de7585,elasticnet_corrected_69cfb2bf8bc1_6ed147cd_f83baf57
ElasticNet,1,1,2022-05-17,2022-05-18,13.99,12.405826906149692,-1.5841730938503087,1.5841730938503087,2.509604391279259,0.01,0.2,enet_a0.01_l0.2,submitted_main_linear_features_H1_18col,6ed147cd585e5e8083292683f9be3cf585e97e4d46fa0e3224d24a4e2b42cbbb,f83baf5732ffbf88b9a448a3d9ab9fa270f7495fe44d1559c1ac49795a30881a,69cfb2bf8bc181dc1de1e09f0c7477a1a5de7585,elasticnet_corrected_69cfb2bf8bc1_6ed147cd_f83baf57
ElasticNet,1,1,2022-05-18,2022-05-19,13.14,12.860760131673983,-0.27923986832601777,0.27923986832601777,0.07797490406273175,0.01,0.2,enet_a0.01_l0.2,submitted_main_linear_features_H1_18col,6ed147cd585e5e8083292683f9be3cf585e97e4d46fa0e3224d24a4e2b42cbbb,f83baf5732ffbf88b9a448a3d9ab9fa270f7495fe44d1559c1ac49795a30881a,69cfb2bf8bc181dc1de1e09f0c7477a1a5de7585,elasticnet_corrected_69cfb2bf8bc1_6ed147cd_f83baf57
ElasticNet,1,1,2022-05-19,2022-05-20,13.2,12.108554070842183,-1.0914459291578158,1.0914459291578158,1.1912542162751678,0.01,0.2,enet_a0.01_l0.2,submitted_main_linear_features_H1_18col,6ed147cd585e5e8083292683f9be3cf585e97e4d46fa0e3224d24a4e2b42cbbb,f83baf5732ffbf88b9a448a3d9ab9fa270f7495fe44d1559c1ac49795a30881a,69cfb2bf8bc181dc1de1e09f0c7477a1a5de7585,elasticnet_corrected_69cfb2bf8bc1_6ed147cd_f83baf57
ElasticNet,1,1,2022-05-20,2022-05-21,12.84,11.455257745238063,-1.384742254761937,1.384742254761937,1.9175111121231734,0.01,0.2,enet_a0.01_l0.2,submitted_main_linear_features_H1_18col,6ed147cd585e5e8083292683f9be3cf585e97e4d46fa0e3224d24a4e2b42cbbb,f83baf5732ffbf88b9a448a3d9ab9fa270f7495fe44d1559c1ac49795a30881a,69cfb2bf8bc181dc1de1e09f0c7477a1a5de7585,elasticnet_corrected_69cfb2bf8bc1_6ed147cd_f83baf57
ElasticNet,1,1,2022-05-21,2022-05-22,12.78,12.115269888779142,-0.664730111220857,0.664730111220857,0.4418661207636929,0.01,0.2,enet_a0.01_l0.2,submitted_main_linear_features_H1_18col,6ed147cd585e5e8083292683f9be3cf585e97e4d46fa0e3224d24a4e2b42cbbb,f83baf5732ffbf88b9a448a3d9ab9fa270f7495fe44d1559c1ac49795a30881a,69cfb2bf8bc181dc1de1e09f0c7477a1a5de7585,elasticnet_corrected_69cfb2bf8bc1_6ed147cd_f83baf57
ElasticNet,1,1,2022-05-22,2022-05-23,13.42,11.92336578830316,-1.4966342116968399,1.4966342116968399,2.2399139636214214,0.01,0.2,enet_a0.01_l0.2,submitted_main_linear_features_H1_18col,6ed147cd585e5e8083292683f9be3cf585e97e4d46fa0e3224d24a4e2b42cbbb,f83baf5732ffbf88b9a448a3d9ab9fa270f7495fe44d1559c1ac49795a30881a,69cfb2bf8bc181dc1de1e09f0c7477a1a5de7585,elasticnet_corrected_69cfb2bf8bc1_6ed147cd_f83baf57
ElasticNet,1,1,2022-05-23,2022-05-24,12.91,11.973062339071289,-0.9369376609287112,0.9369376609287112,0.8778521804665647,0.01,0.2,enet_a0.01_l0.2,submitted_main_linear_features_H1_18col,6ed147cd585e5e8083292683f9be3cf585e97e4d46fa0e3224d24a4e2b42cbbb,f83baf5732ffbf88b9a448a3d9ab9fa270f7495fe44d1559c1ac49795a30881a,69cfb2bf8bc181dc1de1e09f0c7477a1a5de7585,elasticnet_corrected_69cfb2bf8bc1_6ed147cd_f83baf57
ElasticNet,1,1,2022-05-24,2022-05-25,14.44,11.196790151612777,-3.243209848387222,3.243209848387222,10.518410120675867,0.01,0.2,enet_a0.01_l0.2,submitted_main_linear_features_H1_18col,6ed147cd585e5e8083292683f9be3cf585e97e4d46fa0e3224d24a4e2b42cbbb,f83baf5732ffbf88b9a448a3d9ab9fa270f7495fe44d1559c1ac49795a30881a,69cfb2bf8bc181dc1de1e09f0c7477a1a5de7585,elasticnet_corrected_69cfb2bf8bc1_6ed147cd_f83baf57
ElasticNet,1,1,2022-05-25,2022-05-26,13.75,11.883254256473856,-1.8667457435261436,1.8667457435261436,3.4847396709729748,0.01,0.2,enet_a0.01_l0.2,submitted_main_linear_features_H1_18col,6ed147cd585e5e8083292683f9be3cf585e97e4d46fa0e3224d24a4e2b42cbbb,f83baf5732ffbf88b9a448a3d9ab9fa270f7495fe44d1559c1ac49795a30881a,69cfb2bf8bc181dc1de1e09f0c7477a1a5de7585,elasticnet_corrected_69cfb2bf8bc1_6ed147cd_f83baf57
ElasticNet,1,1,2022-05-26,2022-05-27,13.81,11.931146163707192,-1.8788538362928087,1.8788538362928087,3.5300917381522043,0.01,0.2,enet_a0.01_l0.2,submitted_main_linear_features_H1_18col,6ed147cd585e5e8083292683f9be3cf585e97e4d46fa0e3224d24a4e2b42cbbb,f83baf5732ffbf88b9a448a3d9ab9fa270f7495fe44d1559c1ac49795a30881a,69cfb2bf8bc181dc1de1e09f0c7477a1a5de7585,elasticnet_corrected_69cfb2bf8bc1_6ed147cd_f83baf57
ElasticNet,1,1,2022-05-27,2022-05-28,16.48,13.095255553789533,-3.384744446210467,3.384744446210467,11.456494966152603,0.01,0.2,enet_a0.01_l0.2,submitted_main_linear_features_H1_18col,6ed147cd585e5e8083292683f9be3cf585e97e4d46fa0e3224d24a4e2b42cbbb,f83baf5732ffbf88b9a448a3d9ab9fa270f7495fe44d1559c1ac49795a30881a,69cfb2bf8bc181dc1de1e09f0c7477a1a5de7585,elasticnet_corrected_69cfb2bf8bc1_6ed147cd_f83baf57
ElasticNet,1,1,2022-05-28,2022-05-29,15.8,11.696926673562587,-4.103073326437414,4.103073326437414,16.835210722122188,0.01,0.2,enet_a0.01_l0.2,submitted_main_linear_features_H1_18col,6ed147cd585e5e8083292683f9be3cf585e97e4d46fa0e3224d24a4e2b42cbbb,f83baf5732ffbf88b9a448a3d9ab9fa270f7495fe44d1559c1ac49795a30881a,69cfb2bf8bc181dc1de1e09f0c7477a1a5de7585,elasticnet_corrected_69cfb2bf8bc1_6ed147cd_f83baf57
ElasticNet,1,1,2022-05-29,2022-05-30,12.42,12.331949572883955,-0.08805042711604472,0.08805042711604472,0.007752877715317903,0.01,0.2,enet_a0.01_l0.2,submitted_main_linear_features_H1_18col,6ed147cd585e5e8083292683f9be3cf585e97e4d46fa0e3224d24a4e2b42cbbb,f83baf5732ffbf88b9a448a3d9ab9fa270f7495fe44d1559c1ac49795a30881a,69cfb2bf8bc181dc1de1e09f0c7477a1a5de7585,elasticnet_corrected_69cfb2bf8bc1_6ed147cd_f83baf57
ElasticNet,1,1,2022-05-30,2022-05-31,13.5,12.372649998273786,-1.1273500017262137,1.1273500017262137,1.270918026392094,0.01,0.2,enet_a0.01_l0.2,submitted_main_linear_features_H1_18col,6ed147cd585e5e8083292683f9be3cf585e97e4d46fa0e3224d24a4e2b42cbbb,f83baf5732ffbf88b9a448a3d9ab9fa270f7495fe44d1559c1ac49795a30881a,69cfb2bf8bc181dc1de1e09f0c7477a1a5de7585,elasticnet_corrected_69cfb2bf8bc1_6ed147cd_f83baf57
ElasticNet,1,1,2022-05-31,2022-06-01,12.92,11.06376305140515,-1.8562369485948498,1.8562369485948498,3.445615609328719,0.01,0.2,enet_a0.01_l0.2,submitted_main_linear_features_H1_18col,6ed147cd585e5e8083292683f9be3cf585e97e4d46fa0e3224d24a4e2b42cbbb,f83baf5732ffbf88b9a448a3d9ab9fa270f7495fe44d1559c1ac49795a30881a,69cfb2bf8bc181dc1de1e09f0c7477a1a5de7585,elasticnet_corrected_69cfb2bf8bc1_6ed147cd_f83baf57
ElasticNet,1,1,2022-06-01,2022-06-02,13.51,12.602449430384569,-0.9075505696154309,0.9075505696154309,0.8236480364092931,0.01,0.2,enet_a0.01_l0.2,submitted_main_linear_features_H1_18col,6ed147cd585e5e8083292683f9be3cf585e97e4d46fa0e3224d24a4e2b42cbbb,f83baf5732ffbf88b9a448a3d9ab9fa270f7495fe44d1559c1ac49795a30881a,69cfb2bf8bc181dc1de1e09f0c7477a1a5de7585,elasticnet_corrected_69cfb2bf8bc1_6ed147cd_f83baf57
ElasticNet,1,1,2022-06-02,2022-06-03,12.24,12.307303078681478,0.06730307868147811,0.06730307868147811,0.004529704400005234,0.01,0.2,enet_a0.01_l0.2,submitted_main_linear_features_H1_18col,6ed147cd585e5e8083292683f9be3cf585e97e4d46fa0e3224d24a4e2b42cbbb,f83baf5732ffbf88b9a448a3d9ab9fa270f7495fe44d1559c1ac49795a30881a,69cfb2bf8bc181dc1de1e09f0c7477a1a5de7585,elasticnet_corrected_69cfb2bf8bc1_6ed147cd_f83baf57
ElasticNet,1,1,2022-06-03,2022-06-04,10.24,11.85196275773693,1.6119627577369293,1.6119627577369293,2.5984239323308462,0.01,0.2,enet_a0.01_l0.2,submitted_main_linear_features_H1_18col,6ed147cd585e5e8083292683f9be3cf585e97e4d46fa0e3224d24a4e2b42cbbb,f83baf5732ffbf88b9a448a3d9ab9fa270f7495fe44d1559c1ac49795a30881a,69cfb2bf8bc181dc1de1e09f0c7477a1a5de7585,elasticnet_corrected_69cfb2bf8bc1_6ed147cd_f83baf57
ElasticNet,1,1,2022-06-04,2022-06-05,9.78,12.423973735470788,2.643973735470789,2.643973735470789,6.990597113859358,0.01,0.2,enet_a0.01_l0.2,submitted_main_linear_features_H1_18col,6ed147cd585e5e8083292683f9be3cf585e97e4d46fa0e3224d24a4e2b42cbbb,f83baf5732ffbf88b9a448a3d9ab9fa270f7495fe44d1559c1ac49795a30881a,69cfb2bf8bc181dc1de1e09f0c7477a1a5de7585,elasticnet_corrected_69cfb2bf8bc1_6ed147cd_f83baf57
ElasticNet,1,1,2022-06-05,2022-06-06,8.76,10.685948897669075,1.925948897669075,1.925948897669075,3.7092791564327254,0.01,0.2,enet_a0.01_l0.2,submitted_main_linear_features_H1_18col,6ed147cd585e5e8083292683f9be3cf585e97e4d46fa0e3224d24a4e2b42cbbb,f83baf5732ffbf88b9a448a3d9ab9fa270f7495fe44d1559c1ac49795a30881a,69cfb2bf8bc181dc1de1e09f0c7477a1a5de7585,elasticnet_corrected_69cfb2bf8bc1_6ed147cd_f83baf57
ElasticNet,1,1,2022-06-06,2022-06-07,9.5,9.184953846763896,-0.3150461532361035,0.3150461532361035,0.09925407866886642,0.01,0.2,enet_a0.01_l0.2,submitted_main_linear_features_H1_18col,6ed147cd585e5e8083292683f9be3cf585e97e4d46fa0e3224d24a4e2b42cbbb,f83baf5732ffbf88b9a448a3d9ab9fa270f7495fe44d1559c1ac49795a30881a,69cfb2bf8bc181dc1de1e09f0c7477a1a5de7585,elasticnet_corrected_69cfb2bf8bc1_6ed147cd_f83baf57
ElasticNet,1,1,2022-06-07,2022-06-08,13.81,9.688521990586192,-4.121478009413808,4.121478009413808,16.986580982081605,0.01,0.2,enet_a0.01_l0.2,submitted_main_linear_features_H1_18col,6ed147cd585e5e8083292683f9be3cf585e97e4d46fa0e3224d24a4e2b42cbbb,f83baf5732ffbf88b9a448a3d9ab9fa270f7495fe44d1559c1ac49795a30881a,69cfb2bf8bc181dc1de1e09f0c7477a1a5de7585,elasticnet_corrected_69cfb2bf8bc1_6ed147cd_f83baf57
ElasticNet,1,1,2022-06-08,2022-06-09,13.99,10.557159010059163,-3.4328409899408374,3.4328409899408374,11.784397262217988,0.01,0.2,enet_a0.01_l0.2,submitted_main_linear_features_H1_18col,6ed147cd585e5e8083292683f9be3cf585e97e4d46fa0e3224d24a4e2b42cbbb,f83baf5732ffbf88b9a448a3d9ab9fa270f7495fe44d1559c1ac49795a30881a,69cfb2bf8bc181dc1de1e09f0c7477a1a5de7585,elasticnet_corrected_69cfb2bf8bc1_6ed147cd_f83baf57
ElasticNet,1,1,2022-06-09,2022-06-10,13.16,11.673718762024398,-1.4862812379756019,1.4862812379756019,2.2090319183582876,0.01,0.2,enet_a0.01_l0.2,submitted_main_linear_features_H1_18col,6ed147cd585e5e8083292683f9be3cf585e97e4d46fa0e3224d24a4e2b42cbbb,f83baf5732ffbf88b9a448a3d9ab9fa270f7495fe44d1559c1ac49795a30881a,69cfb2bf8bc181dc1de1e09f0c7477a1a5de7585,elasticnet_corrected_69cfb2bf8bc1_6ed147cd_f83baf57
ElasticNet,1,2,2022-06-10,2022-06-11,11.9,12.16660483429548,0.2666048342954799,0.2666048342954799,0.07107813766972028,0.1,0.5,enet_a0.1_l0.5,submitted_main_linear_features_H1_18col,6ed147cd585e5e8083292683f9be3cf585e97e4d46fa0e3224d24a4e2b42cbbb,f83baf5732ffbf88b9a448a3d9ab9fa270f7495fe44d1559c1ac49795a30881a,69cfb2bf8bc181dc1de1e09f0c7477a1a5de7585,elasticnet_corrected_69cfb2bf8bc1_6ed147cd_f83baf57
ElasticNet,1,2,2022-06-11,2022-06-12,12.11,12.112128519412549,0.0021285194125493234,0.0021285194125493234,4.530594889599317e-06,0.1,0.5,enet_a0.1_l0.5,submitted_main_linear_features_H1_18col,6ed147cd585e5e8083292683f9be3cf585e97e4d46fa0e3224d24a4e2b42cbbb,f83baf5732ffbf88b9a448a3d9ab9fa270f7495fe44d1559c1ac49795a30881a,69cfb2bf8bc181dc1de1e09f0c7477a1a5de7585,elasticnet_corrected_69cfb2bf8bc1_6ed147cd_f83baf57
ElasticNet,1,2,2022-06-12,2022-06-13,10.94,11.74508093550258,0.8050809355025805,0.8050809355025805,0.6481553127097103,0.1,0.5,enet_a0.1_l0.5,submitted_main_linear_features_H1_18col,6ed147cd585e5e8083292683f9be3cf585e97e4d46fa0e3224d24a4e2b42cbbb,f83baf5732ffbf88b9a448a3d9ab9fa270f7495fe44d1559c1ac49795a30881a,69cfb2bf8bc181dc1de1e09f0c7477a1a5de7585,elasticnet_corrected_69cfb2bf8bc1_6ed147cd_f83baf57
ElasticNet,1,2,2022-06-13,2022-06-14,14.46,12.049079420474957,-2.410920579525044,2.410920579525044,5.8125380407773735,0.1,0.5,enet_a0.1_l0.5,submitted_main_linear_features_H1_18col,6ed147cd585e5e8083292683f9be3cf585e97e4d46fa0e3224d24a4e2b42cbbb,f83baf5732ffbf88b9a448a3d9ab9fa270f7495fe44d1559c1ac49795a30881a,69cfb2bf8bc181dc1de1e09f0c7477a1a5de7585,elasticnet_corrected_69cfb2bf8bc1_6ed147cd_f83baf57
ElasticNet,1,2,2022-06-14,2022-06-15,10.28,11.010633868440921,0.7306338684409219,0.7306338684409219,0.5338258497129464,0.1,0.5,enet_a0.1_l0.5,submitted_main_linear_features_H1_18col,6ed147cd585e5e8083292683f9be3cf585e97e4d46fa0e3224d24a4e2b42cbbb,f83baf5732ffbf88b9a448a3d9ab9fa270f7495fe44d1559c1ac49795a30881a,69cfb2bf8bc181dc1de1e09f0c7477a1a5de7585,elasticnet_corrected_69cfb2bf8bc1_6ed147cd_f83baf57
ElasticNet,1,2,2022-06-15,2022-06-16,9.31,12.21766353379533,2.907663533795329,2.907663533795329,8.454507225763141,0.1,0.5,enet_a0.1_l0.5,submitted_main_linear_features_H1_18col,6ed147cd585e5e8083292683f9be3cf585e97e4d46fa0e3224d24a4e2b42cbbb,f83baf5732ffbf88b9a448a3d9ab9fa270f7495fe44d1559c1ac49795a30881a,69cfb2bf8bc181dc1de1e09f0c7477a1a5de7585,elasticnet_corrected_69cfb2bf8bc1_6ed147cd_f83baf57
ElasticNet,1,2,2022-06-16,2022-06-17,11.4,11.424410629745264,0.024410629745263535,0.024410629745263535,0.0005958788445603448,0.1,0.5,enet_a0.1_l0.5,submitted_main_linear_features_H1_18col,6ed147cd585e5e8083292683f9be3cf585e97e4d46fa0e3224d24a4e2b42cbbb,f83baf5732ffbf88b9a448a3d9ab9fa270f7495fe44d1559c1ac49795a30881a,69cfb2bf8bc181dc1de1e09f0c7477a1a5de7585,elasticnet_corrected_69cfb2bf8bc1_6ed147cd_f83baf57
ElasticNet,1,2,2022-06-17,2022-06-18,10.92,11.676268261761331,0.7562682617613312,0.7562682617613312,0.5719416837475054,0.1,0.5,enet_a0.1_l0.5,submitted_main_linear_features_H1_18col,6ed147cd585e5e8083292683f9be3cf585e97e4d46fa0e3224d24a4e2b42cbbb,f83baf5732ffbf88b9a448a3d9ab9fa270f7495fe44d1559c1ac49795a30881a,69cfb2bf8bc181dc1de1e09f0c7477a1a5de7585,elasticnet_corrected_69cfb2bf8bc1_6ed147cd_f83baf57
ElasticNet,1,2,2022-06-18,2022-06-19,10.96,11.978757895217514,1.0187578952175134,1.0187578952175134,1.0378676490680179,0.1,0.5,enet_a0.1_l0.5,submitted_main_linear_features_H1_18col,6ed147cd585e5e8083292683f9be3cf585e97e4d46fa0e3224d24a4e2b42cbbb,f83baf5732ffbf88b9a448a3d9ab9fa270f7495fe44d1559c1ac49795a30881a,69cfb2bf8bc181dc1de1e09f0c7477a1a5de7585,elasticnet_corrected_69cfb2bf8bc1_6ed147cd_f83baf57
ElasticNet,1,2,2022-06-19,2022-06-20,10.97,12.201387161301408,1.2313871613014076,1.2313871613014076,1.5163143410179387,0.1,0.5,enet_a0.1_l0.5,submitted_main_linear_features_H1_18col,6ed147cd585e5e8083292683f9be3cf585e97e4d46fa0e3224d24a4e2b42cbbb,f83baf5732ffbf88b9a448a3d9ab9fa270f7495fe44d1559c1ac49795a30881a,69cfb2bf8bc181dc1de1e09f0c7477a1a5de7585,elasticnet_corrected_69cfb2bf8bc1_6ed147cd_f83baf57
ElasticNet,1,2,2022-06-20,2022-06-21,11.96,12.328307992424259,0.36830799242425805,0.36830799242425805,0.13565077728358732,0.1,0.5,enet_a0.1_l0.5,submitted_main_linear_features_H1_18col,6ed147cd585e5e8083292683f9be3cf585e97e4d46fa0e3224d24a4e2b42cbbb,f83baf5732ffbf88b9a448a3d9ab9fa270f7495fe44d1559c1ac49795a30881a,69cfb2bf8bc181dc1de1e09f0c7477a1a5de7585,elasticnet_corrected_69cfb2bf8bc1_6ed147cd_f83baf57
ElasticNet,1,2,2022-06-21,2022-06-22,13.96,11.999340667490246,-1.9606593325097545,1.9606593325097545,3.8441850181575963,0.1,0.5,enet_a0.1_l0.5,submitted_main_linear_features_H1_18col,6ed147cd585e5e8083292683f9be3cf585e97e4d46fa0e3224d24a4e2b42cbbb,f83baf5732ffbf88b9a448a3d9ab9fa270f7495fe44d1559c1ac49795a30881a,69cfb2bf8bc181dc1de1e09f0c7477a1a5de7585,elasticnet_corrected_69cfb2bf8bc1_6ed147cd_f83baf57
ElasticNet,1,2,2022-06-22,2022-06-23,13.33,11.768671090491145,-1.5613289095088554,1.5613289095088554,2.4377479636681114,0.1,0.5,enet_a0.1_l0.5,submitted_main_linear_features_H1_18col,6ed147cd585e5e8083292683f9be3cf585e97e4d46fa0e3224d24a4e2b42cbbb,f83baf5732ffbf88b9a448a3d9ab9fa270f7495fe44d1559c1ac49795a30881a,69cfb2bf8bc181dc1de1e09f0c7477a1a5de7585,elasticnet_corrected_69cfb2bf8bc1_6ed147cd_f83baf57
ElasticNet,1,2,2022-06-23,2022-06-24,13.07,12.787823607949345,-0.2821763920506548,0.2821763920506548,0.07962351623072485,0.1,0.5,enet_a0.1_l0.5,submitted_main_linear_features_H1_18col,6ed147cd585e5e8083292683f9be3cf585e97e4d46fa0e3224d24a4e2b42cbbb,f83baf5732ffbf88b9a448a3d9ab9fa270f7495fe44d1559c1ac49795a30881a,69cfb2bf8bc181dc1de1e09f0c7477a1a5de7585,elasticnet_corrected_69cfb2bf8bc1_6ed147cd_f83baf57
ElasticNet,1,2,2022-06-24,2022-06-25,11.83,12.742919310768603,0.9129193107686024,0.9129193107686024,0.8334216679742201,0.1,0.5,enet_a0.1_l0.5,submitted_main_linear_features_H1_18col,6ed147cd585e5e8083292683f9be3cf585e97e4d46fa0e3224d24a4e2b42cbbb,f83baf5732ffbf88b9a448a3d9ab9fa270f7495fe44d1559c1ac49795a30881a,69cfb2bf8bc181dc1de1e09f0c7477a1a5de7585,elasticnet_corrected_69cfb2bf8bc1_6ed147cd_f83baf57
ElasticNet,1,2,2022-06-25,2022-06-26,11.71,12.882452058920752,1.1724520589207508,1.1724520589207508,1.3746438304675077,0.1,0.5,enet_a0.1_l0.5,submitted_main_linear_features_H1_18col,6ed147cd585e5e8083292683f9be3cf585e97e4d46fa0e3224d24a4e2b42cbbb,f83baf5732ffbf88b9a448a3d9ab9fa270f7495fe44d1559c1ac49795a30881a,69cfb2bf8bc181dc1de1e09f0c7477a1a5de7585,elasticnet_corrected_69cfb2bf8bc1_6ed147cd_f83baf57
ElasticNet,1,2,2022-06-26,2022-06-27,12.04,12.801048000753752,0.7610480007537532,0.7610480007537532,0.5791940594512848,0.1,0.5,enet_a0.1_l0.5,submitted_main_linear_features_H1_18col,6ed147cd585e5e8083292683f9be3cf585e97e4d46fa0e3224d24a4e2b42cbbb,f83baf5732ffbf88b9a448a3d9ab9fa270f7495fe44d1559c1ac49795a30881a,69cfb2bf8bc181dc1de1e09f0c7477a1a5de7585,elasticnet_corrected_69cfb2bf8bc1_6ed147cd_f83baf57
ElasticNet,1,2,2022-06-27,2022-06-28,9.34,10.955175157208942,1.6151751572089417,1.6151751572089417,2.6087907884649293,0.1,0.5,enet_a0.1_l0.5,submitted_main_linear_features_H1_18col,6ed147cd585e5e8083292683f9be3cf585e97e4d46fa0e3224d24a4e2b42cbbb,f83baf5732ffbf88b9a448a3d9ab9fa270f7495fe44d1559c1ac49795a30881a,69cfb2bf8bc181dc1de1e09f0c7477a1a5de7585,elasticnet_corrected_69cfb2bf8bc1_6ed147cd_f83baf57
ElasticNet,1,2,2022-06-28,2022-06-29,9.1,11.897503517560041,2.797503517560042,2.797503517560042,7.826025930760807,0.1,0.5,enet_a0.1_l0.5,submitted_main_linear_features_H1_18col,6ed147cd585e5e8083292683f9be3cf585e97e4d46fa0e3224d24a4e2b42cbbb,f83baf5732ffbf88b9a448a3d9ab9fa270f7495fe44d1559c1ac49795a30881a,69cfb2bf8bc181dc1de1e09f0c7477a1a5de7585,elasticnet_corrected_69cfb2bf8bc1_6ed147cd_f83baf57
ElasticNet,1,2,2022-06-29,2022-06-30,12.71,10.684766025252323,-2.025233974747678,2.025233974747678,4.101572652472279,0.1,0.5,enet_a0.1_l0.5,submitted_main_linear_features_H1_18col,6ed147cd585e5e8083292683f9be3cf585e97e4d46fa0e3224d24a4e2b42cbbb,f83baf5732ffbf88b9a448a3d9ab9fa270f7495fe44d1559c1ac49795a30881a,69cfb2bf8bc181dc1de1e09f0c7477a1a5de7585,elasticnet_corrected_69cfb2bf8bc1_6ed147cd_f83baf57
ElasticNet,1,2,2022-06-30,2022-07-01,12.94,11.227763435318334,-1.7122365646816657,1.7122365646816657,2.931754053432872,0.1,0.5,enet_a0.1_l0.5,submitted_main_linear_features_H1_18col,6ed147cd585e5e8083292683f9be3cf585e97e4d46fa0e3224d24a4e2b42cbbb,f83baf5732ffbf88b9a448a3d9ab9fa270f7495fe44d1559c1ac49795a30881a,69cfb2bf8bc181dc1de1e09f0c7477a1a5de7585,elasticnet_corrected_69cfb2bf8bc1_6ed147cd_f83baf57
ElasticNet,1,2,2022-07-01,2022-07-02,10.07,12.532672508543994,2.462672508543994,2.462672508543994,6.064755884338368,0.1,0.5,enet_a0.1_l0.5,submitted_main_linear_features_H1_18col,6ed147cd585e5e8083292683f9be3cf585e97e4d46fa0e3224d24a4e2b42cbbb,f83baf5732ffbf88b9a448a3d9ab9fa270f7495fe44d1559c1ac49795a30881a,69cfb2bf8bc181dc1de1e09f0c7477a1a5de7585,elasticnet_corrected_69cfb2bf8bc1_6ed147cd_f83baf57
ElasticNet,1,2,2022-07-02,2022-07-03,9.04,12.444627536847328,3.404627536847329,3.404627536847329,11.59148866465911,0.1,0.5,enet_a0.1_l0.5,submitted_main_linear_features_H1_18col,6ed147cd585e5e8083292683f9be3cf585e97e4d46fa0e3224d24a4e2b42cbbb,f83baf5732ffbf88b9a448a3d9ab9fa270f7495fe44d1559c1ac49795a30881a,69cfb2bf8bc181dc1de1e09f0c7477a1a5de7585,elasticnet_corrected_69cfb2bf8bc1_6ed147cd_f83baf57
ElasticNet,1,2,2022-07-03,2022-07-04,11.09,11.734519808617014,0.6445198086170141,0.6445198086170141,0.4154057836997124,0.1,0.5,enet_a0.1_l0.5,submitted_main_linear_features_H1_18col,6ed147cd585e5e8083292683f9be3cf585e97e4d46fa0e3224d24a4e2b42cbbb,f83baf5732ffbf88b9a448a3d9ab9fa270f7495fe44d1559c1ac49795a30881a,69cfb2bf8bc181dc1de1e09f0c7477a1a5de7585,elasticnet_corrected_69cfb2bf8bc1_6ed147cd_f83baf57
ElasticNet,1,2,2022-07-04,2022-07-05,11.74,11.576274452996566,-0.163725547003434,0.163725547003434,0.026806054741573677,0.1,0.5,enet_a0.1_l0.5,submitted_main_linear_features_H1_18col,6ed147cd585e5e8083292683f9be3cf585e97e4d46fa0e3224d24a4e2b42cbbb,f83baf5732ffbf88b9a448a3d9ab9fa270f7495fe44d1559c1ac49795a30881a,69cfb2bf8bc181dc1de1e09f0c7477a1a5de7585,elasticnet_corrected_69cfb2bf8bc1_6ed147cd_f83baf57
ElasticNet,1,2,2022-07-05,2022-07-06,11.62,11.927333902138619,0.30733390213861966,0.30733390213861966,0.09445412740375064,0.1,0.5,enet_a0.1_l0.5,submitted_main_linear_features_H1_18col,6ed147cd585e5e8083292683f9be3cf585e97e4d46fa0e3224d24a4e2b42cbbb,f83baf5732ffbf88b9a448a3d9ab9fa270f7495fe44d1559c1ac49795a30881a,69cfb2bf8bc181dc1de1e09f0c7477a1a5de7585,elasticnet_corrected_69cfb2bf8bc1_6ed147cd_f83baf57
ElasticNet,1,2,2022-07-06,2022-07-07,13.14,11.929822865969824,-1.210177134030177,1.210177134030177,1.464528695729493,0.1,0.5,enet_a0.1_l0.5,submitted_main_linear_features_H1_18col,6ed147cd585e5e8083292683f9be3cf585e97e4d46fa0e3224d24a4e2b42cbbb,f83baf5732ffbf88b9a448a3d9ab9fa270f7495fe44d1559c1ac49795a30881a,69cfb2bf8bc181dc1de1e09f0c7477a1a5de7585,elasticnet_corrected_69cfb2bf8bc1_6ed147cd_f83baf57
ElasticNet,1,2,2022-07-07,2022-07-08,10.84,12.506952936661511,1.6669529366615112,1.6669529366615112,2.7787320930444364,0.1,0.5,enet_a0.1_l0.5,submitted_main_linear_features_H1_18col,6ed147cd585e5e8083292683f9be3cf585e97e4d46fa0e3224d24a4e2b42cbbb,f83baf5732ffbf88b9a448a3d9ab9fa270f7495fe44d1559c1ac49795a30881a,69cfb2bf8bc181dc1de1e09f0c7477a1a5de7585,elasticnet_corrected_69cfb2bf8bc1_6ed147cd_f83baf57
ElasticNet,1,2,2022-07-08,2022-07-09,11.6,12.395965145354014,0.795965145354014,0.795965145354014,0.6335605126184366,0.1,0.5,enet_a0.1_l0.5,submitted_main_linear_features_H1_18col,6ed147cd585e5e8083292683f9be3cf585e97e4d46fa0e3224d24a4e2b42cbbb,f83baf5732ffbf88b9a448a3d9ab9fa270f7495fe44d1559c1ac49795a30881a,69cfb2bf8bc181dc1de1e09f0c7477a1a5de7585,elasticnet_corrected_69cfb2bf8bc1_6ed147cd_f83baf57
ElasticNet,1,2,2022-07-09,2022-07-10,11.35,12.236235288438822,0.8862352884388223,0.8862352884388223,0.7854129864742425,0.1,0.5,enet_a0.1_l0.5,submitted_main_linear_features_H1_18col,6ed147cd585e5e8083292683f9be3cf585e97e4d46fa0e3224d24a4e2b42cbbb,f83baf5732ffbf88b9a448a3d9ab9fa270f7495fe44d1559c1ac49795a30881a,69cfb2bf8bc181dc1de1e09f0c7477a1a5de7585,elasticnet_corrected_69cfb2bf8bc1_6ed147cd_f83baf57
ElasticNet,1,2,2022-07-10,2022-07-11,12.84,12.694019342511295,-0.14598065748870503,0.14598065748870503,0.021310352360834613,0.1,0.5,enet_a0.1_l0.5,submitted_main_linear_features_H1_18col,6ed147cd585e5e8083292683f9be3cf585e97e4d46fa0e3224d24a4e2b42cbbb,f83baf5732ffbf88b9a448a3d9ab9fa270f7495fe44d1559c1ac49795a30881a,69cfb2bf8bc181dc1de1e09f0c7477a1a5de7585,elasticnet_corrected_69cfb2bf8bc1_6ed147cd_f83baf57
ElasticNet,1,2,2022-07-11,2022-07-12,10.85,11.86436389798521,1.014363897985211,1.014363897985211,1.0289341175357516,0.1,0.5,enet_a0.1_l0.5,submitted_main_linear_features_H1_18col,6ed147cd585e5e8083292683f9be3cf585e97e4d46fa0e3224d24a4e2b42cbbb,f83baf5732ffbf88b9a448a3d9ab9fa270f7495fe44d1559c1ac49795a30881a,69cfb2bf8bc181dc1de1e09f0c7477a1a5de7585,elasticnet_corrected_69cfb2bf8bc1_6ed147cd_f83baf57
ElasticNet,1,2,2022-07-12,2022-07-13,12.23,12.006719619550209,-0.2232803804497916,0.2232803804497916,0.04985412829380367,0.1,0.5,enet_a0.1_l0.5,submitted_main_linear_features_H1_18col,6ed147cd585e5e8083292683f9be3cf585e97e4d46fa0e3224d24a4e2b42cbbb,f83baf5732ffbf88b9a448a3d9ab9fa270f7495fe44d1559c1ac49795a30881a,69cfb2bf8bc181dc1de1e09f0c7477a1a5de7585,elasticnet_corrected_69cfb2bf8bc1_6ed147cd_f83baf57
ElasticNet,1,2,2022-07-13,2022-07-14,13.62,11.525439764235935,-2.094560235764064,2.094560235764064,4.38718258124401,0.1,0.5,enet_a0.1_l0.5,submitted_main_linear_features_H1_18col,6ed147cd585e5e8083292683f9be3cf585e97e4d46fa0e3224d24a4e2b42cbbb,f83baf5732ffbf88b9a448a3d9ab9fa270f7495fe44d1559c1ac49795a30881a,69cfb2bf8bc181dc1de1e09f0c7477a1a5de7585,elasticnet_corrected_69cfb2bf8bc1_6ed147cd_f83baf57
ElasticNet,1,2,2022-07-14,2022-07-15,12.58,12.063462120312883,-0.5165378796871174,0.5165378796871174,0.266811381151663,0.1,0.5,enet_a0.1_l0.5,submitted_main_linear_features_H1_18col,6ed147cd585e5e8083292683f9be3cf585e97e4d46fa0e3224d24a4e2b42cbbb,f83baf5732ffbf88b9a448a3d9ab9fa270f7495fe44d1559c1ac49795a30881a,69cfb2bf8bc181dc1de1e09f0c7477a1a5de7585,elasticnet_corrected_69cfb2bf8bc1_6ed147cd_f83baf57
ElasticNet,1,2,2022-07-15,2022-07-16,12.6,12.343297290904706,-0.25670270909529336,0.25670270909529336,0.0658962808568628,0.1,0.5,enet_a0.1_l0.5,submitted_main_linear_features_H1_18col,6ed147cd585e5e8083292683f9be3cf585e97e4d46fa0e3224d24a4e2b42cbbb,f83baf5732ffbf88b9a448a3d9ab9fa270f7495fe44d1559c1ac49795a30881a,69cfb2bf8bc181dc1de1e09f0c7477a1a5de7585,elasticnet_corrected_69cfb2bf8bc1_6ed147cd_f83baf57
ElasticNet,1,2,2022-07-16,2022-07-17,11.39,12.349873176432213,0.9598731764322128,0.9598731764322128,0.921356514834066,0.1,0.5,enet_a0.1_l0.5,submitted_main_linear_features_H1_18col,6ed147cd585e5e8083292683f9be3cf585e97e4d46fa0e3224d24a4e2b42cbbb,f83baf5732ffbf88b9a448a3d9ab9fa270f7495fe44d1559c1ac49795a30881a,69cfb2bf8bc181dc1de1e09f0c7477a1a5de7585,elasticnet_corrected_69cfb2bf8bc1_6ed147cd_f83baf57
ElasticNet,1,2,2022-07-17,2022-07-18,12.11,12.521762162931305,0.4117621629313053,0.4117621629313053,0.16954807882186682,0.1,0.5,enet_a0.1_l0.5,submitted_main_linear_features_H1_18col,6ed147cd585e5e8083292683f9be3cf585e97e4d46fa0e3224d24a4e2b42cbbb,f83baf5732ffbf88b9a448a3d9ab9fa270f7495fe44d1559c1ac49795a30881a,69cfb2bf8bc181dc1de1e09f0c7477a1a5de7585,elasticnet_corrected_69cfb2bf8bc1_6ed147cd_f83baf57
ElasticNet,1,2,2022-07-18,2022-07-19,9.71,10.254754421011416,0.5447544210114152,0.5447544210114152,0.29675737921148226,0.1,0.5,enet_a0.1_l0.5,submitted_main_linear_features_H1_18col,6ed147cd585e5e8083292683f9be3cf585e97e4d46fa0e3224d24a4e2b42cbbb,f83baf5732ffbf88b9a448a3d9ab9fa270f7495fe44d1559c1ac49795a30881a,69cfb2bf8bc181dc1de1e09f0c7477a1a5de7585,elasticnet_corrected_69cfb2bf8bc1_6ed147cd_f83baf57
ElasticNet,1,2,2022-07-19,2022-07-20,12.02,11.43613979403846,-0.583860205961539,0.583860205961539,0.34089274010545073,0.1,0.5,enet_a0.1_l0.5,submitted_main_linear_features_H1_18col,6ed147cd585e5e8083292683f9be3cf585e97e4d46fa0e3224d24a4e2b42cbbb,f83baf5732ffbf88b9a448a3d9ab9fa270f7495fe44d1559c1ac49795a30881a,69cfb2bf8bc181dc1de1e09f0c7477a1a5de7585,elasticnet_corrected_69cfb2bf8bc1_6ed147cd_f83baf57
ElasticNet,1,2,2022-07-20,2022-07-21,11.9,11.08095866984026,-0.8190413301597399,0.8190413301597399,0.670828700509836,0.1,0.5,enet_a0.1_l0.5,submitted_main_linear_features_H1_18col,6ed147cd585e5e8083292683f9be3cf585e97e4d46fa0e3224d24a4e2b42cbbb,f83baf5732ffbf88b9a448a3d9ab9fa270f7495fe44d1559c1ac49795a30881a,69cfb2bf8bc181dc1de1e09f0c7477a1a5de7585,elasticnet_corrected_69cfb2bf8bc1_6ed147cd_f83baf57
ElasticNet,1,2,2022-07-21,2022-07-22,11.05,12.451070560574143,1.4010705605741425,1.4010705605741425,1.962998715707542,0.1,0.5,enet_a0.1_l0.5,submitted_main_linear_features_H1_18col,6ed147cd585e5e8083292683f9be3cf585e97e4d46fa0e3224d24a4e2b42cbbb,f83baf5732ffbf88b9a448a3d9ab9fa270f7495fe44d1559c1ac49795a30881a,69cfb2bf8bc181dc1de1e09f0c7477a1a5de7585,elasticnet_corrected_69cfb2bf8bc1_6ed147cd_f83baf57
ElasticNet,1,2,2022-07-22,2022-07-23,11.92,12.301517509773177,0.3815175097731771,0.3815175097731771,0.14555561026352629,0.1,0.5,enet_a0.1_l0.5,submitted_main_linear_features_H1_18col,6ed147cd585e5e8083292683f9be3cf585e97e4d46fa0e3224d24a4e2b42cbbb,f83baf5732ffbf88b9a448a3d9ab9fa270f7495fe44d1559c1ac49795a30881a,69cfb2bf8bc181dc1de1e09f0c7477a1a5de7585,elasticnet_corrected_69cfb2bf8bc1_6ed147cd_f83baf57
ElasticNet,1,2,2022-07-23,2022-07-24,11.48,11.661111946076586,0.18111194607658554,0.18111194607658554,0.03280153701164803,0.1,0.5,enet_a0.1_l0.5,submitted_main_linear_features_H1_18col,6ed147cd585e5e8083292683f9be3cf585e97e4d46fa0e3224d24a4e2b42cbbb,f83baf5732ffbf88b9a448a3d9ab9fa270f7495fe44d1559c1ac49795a30881a,69cfb2bf8bc181dc1de1e09f0c7477a1a5de7585,elasticnet_corrected_69cfb2bf8bc1_6ed147cd_f83baf57
ElasticNet,1,2,2022-07-24,2022-07-25,10.61,11.591950839959972,0.981950839959973,0.981950839959973,0.9642274520980966,0.1,0.5,enet_a0.1_l0.5,submitted_main_linear_features_H1_18col,6ed147cd585e5e8083292683f9be3cf585e97e4d46fa0e3224d24a4e2b42cbbb,f83baf5732ffbf88b9a448a3d9ab9fa270f7495fe44d1559c1ac49795a30881a,69cfb2bf8bc181dc1de1e09f0c7477a1a5de7585,elasticnet_corrected_69cfb2bf8bc1_6ed147cd_f83baf57
ElasticNet,1,2,2022-07-25,2022-07-26,9.41,11.562841623160592,2.152841623160592,2.152841623160592,4.634727054412733,0.1,0.5,enet_a0.1_l0.5,submitted_main_linear_features_H1_18col,6ed147cd585e5e8083292683f9be3cf585e97e4d46fa0e3224d24a4e2b42cbbb,f83baf5732ffbf88b9a448a3d9ab9fa270f7495fe44d1559c1ac49795a30881a,69cfb2bf8bc181dc1de1e09f0c7477a1a5de7585,elasticnet_corrected_69cfb2bf8bc1_6ed147cd_f83baf57
ElasticNet,1,2,2022-07-26,2022-07-27,10.84,12.045633721549313,1.2056337215493134,1.2056337215493134,1.4535526705368473,0.1,0.5,enet_a0.1_l0.5,submitted_main_linear_features_H1_18col,6ed147cd585e5e8083292683f9be3cf585e97e4d46fa0e3224d24a4e2b42cbbb,f83baf5732ffbf88b9a448a3d9ab9fa270f7495fe44d1559c1ac49795a30881a,69cfb2bf8bc181dc1de1e09f0c7477a1a5de7585,elasticnet_corrected_69cfb2bf8bc1_6ed147cd_f83baf57
ElasticNet,1,2,2022-07-27,2022-07-28,10.36,11.9651247500297,1.6051247500297006,1.6051247500297006,2.576425463157909,0.1,0.5,enet_a0.1_l0.5,submitted_main_linear_features_H1_18col,6ed147cd585e5e8083292683f9be3cf585e97e4d46fa0e3224d24a4e2b42cbbb,f83baf5732ffbf88b9a448a3d9ab9fa270f7495fe44d1559c1ac49795a30881a,69cfb2bf8bc181dc1de1e09f0c7477a1a5de7585,elasticnet_corrected_69cfb2bf8bc1_6ed147cd_f83baf57
ElasticNet,1,2,2022-07-28,2022-07-29,12.71,11.382107875421168,-1.3278921245788329,1.3278921245788329,1.7632974945184867,0.1,0.5,enet_a0.1_l0.5,submitted_main_linear_features_H1_18col,6ed147cd585e5e8083292683f9be3cf585e97e4d46fa0e3224d24a4e2b42cbbb,f83baf5732ffbf88b9a448a3d9ab9fa270f7495fe44d1559c1ac49795a30881a,69cfb2bf8bc181dc1de1e09f0c7477a1a5de7585,elasticnet_corrected_69cfb2bf8bc1_6ed147cd_f83baf57
ElasticNet,1,2,2022-07-29,2022-07-30,11.0,11.39433256846841,0.39433256846841047,0.39433256846841047,0.15549817455489362,0.1,0.5,enet_a0.1_l0.5,submitted_main_linear_features_H1_18col,6ed147cd585e5e8083292683f9be3cf585e97e4d46fa0e3224d24a4e2b42cbbb,f83baf5732ffbf88b9a448a3d9ab9fa270f7495fe44d1559c1ac49795a30881a,69cfb2bf8bc181dc1de1e09f0c7477a1a5de7585,elasticnet_corrected_69cfb2bf8bc1_6ed147cd_f83baf57
ElasticNet,1,2,2022-07-30,2022-07-31,11.68,12.049044954414516,0.369044954414516,0.369044954414516,0.1361941783788122,0.1,0.5,enet_a0.1_l0.5,submitted_main_linear_features_H1_18col,6ed147cd585e5e8083292683f9be3cf585e97e4d46fa0e3224d24a4e2b42cbbb,f83baf5732ffbf88b9a448a3d9ab9fa270f7495fe44d1559c1ac49795a30881a,69cfb2bf8bc181dc1de1e09f0c7477a1a5de7585,elasticnet_corrected_69cfb2bf8bc1_6ed147cd_f83baf57
ElasticNet,1,2,2022-07-31,2022-08-01,11.72,11.728592180508297,0.008592180508296465,0.008592180508296465,7.38255658871497e-05,0.1,0.5,enet_a0.1_l0.5,submitted_main_linear_features_H1_18col,6ed147cd585e5e8083292683f9be3cf585e97e4d46fa0e3224d24a4e2b42cbbb,f83baf5732ffbf88b9a448a3d9ab9fa270f7495fe44d1559c1ac49795a30881a,69cfb2bf8bc181dc1de1e09f0c7477a1a5de7585,elasticnet_corrected_69cfb2bf8bc1_6ed147cd_f83baf57
ElasticNet,1,2,2022-08-01,2022-08-02,13.98,12.034267499203253,-1.9457325007967476,1.9457325007967476,3.7858749646567658,0.1,0.5,enet_a0.1_l0.5,submitted_main_linear_features_H1_18col,6ed147cd585e5e8083292683f9be3cf585e97e4d46fa0e3224d24a4e2b42cbbb,f83baf5732ffbf88b9a448a3d9ab9fa270f7495fe44d1559c1ac49795a30881a,69cfb2bf8bc181dc1de1e09f0c7477a1a5de7585,elasticnet_corrected_69cfb2bf8bc1_6ed147cd_f83baf57
ElasticNet,1,2,2022-08-02,2022-08-03,15.37,12.622883745889567,-2.7471162541104324,2.7471162541104324,7.546647713597734,0.1,0.5,enet_a0.1_l0.5,submitted_main_linear_features_H1_18col,6ed147cd585e5e8083292683f9be3cf585e97e4d46fa0e3224d24a4e2b42cbbb,f83baf5732ffbf88b9a448a3d9ab9fa270f7495fe44d1559c1ac49795a30881a,69cfb2bf8bc181dc1de1e09f0c7477a1a5de7585,elasticnet_corrected_69cfb2bf8bc1_6ed147cd_f83baf57
ElasticNet,1,2,2022-08-03,2022-08-04,13.75,12.828462179569735,-0.9215378204302649,0.9215378204302649,0.8492319544833631,0.1,0.5,enet_a0.1_l0.5,submitted_main_linear_features_H1_18col,6ed147cd585e5e8083292683f9be3cf585e97e4d46fa0e3224d24a4e2b42cbbb,f83baf5732ffbf88b9a448a3d9ab9fa270f7495fe44d1559c1ac49795a30881a,69cfb2bf8bc181dc1de1e09f0c7477a1a5de7585,elasticnet_corrected_69cfb2bf8bc1_6ed147cd_f83baf57
ElasticNet,1,2,2022-08-04,2022-08-05,12.58,13.57824175312062,0.9982417531206202,0.9982417531206202,0.9964865976733294,0.1,0.5,enet_a0.1_l0.5,submitted_main_linear_features_H1_18col,6ed147cd585e5e8083292683f9be3cf585e97e4d46fa0e3224d24a4e2b42cbbb,f83baf5732ffbf88b9a448a3d9ab9fa270f7495fe44d1559c1ac49795a30881a,69cfb2bf8bc181dc1de1e09f0c7477a1a5de7585,elasticnet_corrected_69cfb2bf8bc1_6ed147cd_f83baf57
ElasticNet,1,2,2022-08-05,2022-08-06,11.47,13.617172466712802,2.147172466712801,2.147172466712801,4.610349601809535,0.1,0.5,enet_a0.1_l0.5,submitted_main_linear_features_H1_18col,6ed147cd585e5e8083292683f9be3cf585e97e4d46fa0e3224d24a4e2b42cbbb,f83baf5732ffbf88b9a448a3d9ab9fa270f7495fe44d1559c1ac49795a30881a,69cfb2bf8bc181dc1de1e09f0c7477a1a5de7585,elasticnet_corrected_69cfb2bf8bc1_6ed147cd_f83baf57
ElasticNet,1,2,2022-08-06,2022-08-07,10.79,12.854779301054368,2.0647793010543687,2.0647793010543687,4.263313562062567,0.1,0.5,enet_a0.1_l0.5,submitted_main_linear_features_H1_18col,6ed147cd585e5e8083292683f9be3cf585e97e4d46fa0e3224d24a4e2b42cbbb,f83baf5732ffbf88b9a448a3d9ab9fa270f7495fe44d1559c1ac49795a30881a,69cfb2bf8bc181dc1de1e09f0c7477a1a5de7585,elasticnet_corrected_69cfb2bf8bc1_6ed147cd_f83baf57
ElasticNet,1,2,2022-08-07,2022-08-08,11.84,12.324193790607545,0.4841937906075451,0.4841937906075451,0.2344436268629032,0.1,0.5,enet_a0.1_l0.5,submitted_main_linear_features_H1_18col,6ed147cd585e5e8083292683f9be3cf585e97e4d46fa0e3224d24a4e2b42cbbb,f83baf5732ffbf88b9a448a3d9ab9fa270f7495fe44d1559c1ac49795a30881a,69cfb2bf8bc181dc1de1e09f0c7477a1a5de7585,elasticnet_corrected_69cfb2bf8bc1_6ed147cd_f83baf57
ElasticNet,1,2,2022-08-08,2022-08-09,11.92,12.033990150290185,0.113990150290185,0.113990150290185,0.012993754363178964,0.1,0.5,enet_a0.1_l0.5,submitted_main_linear_features_H1_18col,6ed147cd585e5e8083292683f9be3cf585e97e4d46fa0e3224d24a4e2b42cbbb,f83baf5732ffbf88b9a448a3d9ab9fa270f7495fe44d1559c1ac49795a30881a,69cfb2bf8bc181dc1de1e09f0c7477a1a5de7585,elasticnet_corrected_69cfb2bf8bc1_6ed147cd_f83baf57
ElasticNet,1,2,2022-08-09,2022-08-10,9.1,12.514884429998464,3.414884429998464,3.414884429998464,11.661435670245936,0.1,0.5,enet_a0.1_l0.5,submitted_main_linear_features_H1_18col,6ed147cd585e5e8083292683f9be3cf585e97e4d46fa0e3224d24a4e2b42cbbb,f83baf5732ffbf88b9a448a3d9ab9fa270f7495fe44d1559c1ac49795a30881a,69cfb2bf8bc181dc1de1e09f0c7477a1a5de7585,elasticnet_corrected_69cfb2bf8bc1_6ed147cd_f83baf57
ElasticNet,1,2,2022-08-10,2022-08-11,10.85,12.232555178469639,1.382555178469639,1.382555178469639,1.9114588215132156,0.1,0.5,enet_a0.1_l0.5,submitted_main_linear_features_H1_18col,6ed147cd585e5e8083292683f9be3cf585e97e4d46fa0e3224d24a4e2b42cbbb,f83baf5732ffbf88b9a448a3d9ab9fa270f7495fe44d1559c1ac49795a30881a,69cfb2bf8bc181dc1de1e09f0c7477a1a5de7585,elasticnet_corrected_69cfb2bf8bc1_6ed147cd_f83baf57
ElasticNet,1,2,2022-08-11,2022-08-12,10.13,10.995469257752898,0.8654692577528973,0.8654692577528973,0.749037036115351,0.1,0.5,enet_a0.1_l0.5,submitted_main_linear_features_H1_18col,6ed147cd585e5e8083292683f9be3cf585e97e4d46fa0e3224d24a4e2b42cbbb,f83baf5732ffbf88b9a448a3d9ab9fa270f7495fe44d1559c1ac49795a30881a,69cfb2bf8bc181dc1de1e09f0c7477a1a5de7585,elasticnet_corrected_69cfb2bf8bc1_6ed147cd_f83baf57
ElasticNet,1,2,2022-08-12,2022-08-13,9.9,11.450047943787117,1.550047943787117,1.550047943787117,2.4026486280386696,0.1,0.5,enet_a0.1_l0.5,submitted_main_linear_features_H1_18col,6ed147cd585e5e8083292683f9be3cf585e97e4d46fa0e3224d24a4e2b42cbbb,f83baf5732ffbf88b9a448a3d9ab9fa270f7495fe44d1559c1ac49795a30881a,69cfb2bf8bc181dc1de1e09f0c7477a1a5de7585,elasticnet_corrected_69cfb2bf8bc1_6ed147cd_f83baf57
ElasticNet,1,2,2022-08-13,2022-08-14,8.88,11.067552317447996,2.187552317447995,2.187552317447995,4.785385141572094,0.1,0.5,enet_a0.1_l0.5,submitted_main_linear_features_H1_18col,6ed147cd585e5e8083292683f9be3cf585e97e4d46fa0e3224d24a4e2b42cbbb,f83baf5732ffbf88b9a448a3d9ab9fa270f7495fe44d1559c1ac49795a30881a,69cfb2bf8bc181dc1de1e09f0c7477a1a5de7585,elasticnet_corrected_69cfb2bf8bc1_6ed147cd_f83baf57
ElasticNet,1,2,2022-08-14,2022-08-15,7.51,10.938109677703505,3.428109677703505,3.428109677703505,11.751935962364428,0.1,0.5,enet_a0.1_l0.5,submitted_main_linear_features_H1_18col,6ed147cd585e5e8083292683f9be3cf585e97e4d46fa0e3224d24a4e2b42cbbb,f83baf5732ffbf88b9a448a3d9ab9fa270f7495fe44d1559c1ac49795a30881a,69cfb2bf8bc181dc1de1e09f0c7477a1a5de7585,elasticnet_corrected_69cfb2bf8bc1_6ed147cd_f83baf57
ElasticNet,1,2,2022-08-15,2022-08-16,7.97,11.505660944328797,3.5356609443287974,3.5356609443287974,12.500898313252003,0.1,0.5,enet_a0.1_l0.5,submitted_main_linear_features_H1_18col,6ed147cd585e5e8083292683f9be3cf585e97e4d46fa0e3224d24a4e2b42cbbb,f83baf5732ffbf88b9a448a3d9ab9fa270f7495fe44d1559c1ac49795a30881a,69cfb2bf8bc181dc1de1e09f0c7477a1a5de7585,elasticnet_corrected_69cfb2bf8bc1_6ed147cd_f83baf57
ElasticNet,1,2,2022-08-16,2022-08-17,10.81,9.750571363207943,-1.0594286367920578,1.0594286367920578,1.122389036455078,0.1,0.5,enet_a0.1_l0.5,submitted_main_linear_features_H1_18col,6ed147cd585e5e8083292683f9be3cf585e97e4d46fa0e3224d24a4e2b42cbbb,f83baf5732ffbf88b9a448a3d9ab9fa270f7495fe44d1559c1ac49795a30881a,69cfb2bf8bc181dc1de1e09f0c7477a1a5de7585,elasticnet_corrected_69cfb2bf8bc1_6ed147cd_f83baf57
ElasticNet,1,2,2022-08-17,2022-08-18,10.51,10.066900277035664,-0.44309972296433564,0.44309972296433564,0.196337364491071,0.1,0.5,enet_a0.1_l0.5,submitted_main_linear_features_H1_18col,6ed147cd585e5e8083292683f9be3cf585e97e4d46fa0e3224d24a4e2b42cbbb,f83baf5732ffbf88b9a448a3d9ab9fa270f7495fe44d1559c1ac49795a30881a,69cfb2bf8bc181dc1de1e09f0c7477a1a5de7585,elasticnet_corrected_69cfb2bf8bc1_6ed147cd_f83baf57
ElasticNet,1,2,2022-08-18,2022-08-19,8.86,10.555431547034132,1.6954315470341328,1.6954315470341328,2.874488130678553,0.1,0.5,enet_a0.1_l0.5,submitted_main_linear_features_H1_18col,6ed147cd585e5e8083292683f9be3cf585e97e4d46fa0e3224d24a4e2b42cbbb,f83baf5732ffbf88b9a448a3d9ab9fa270f7495fe44d1559c1ac49795a30881a,69cfb2bf8bc181dc1de1e09f0c7477a1a5de7585,elasticnet_corrected_69cfb2bf8bc1_6ed147cd_f83baf57
ElasticNet,1,2,2022-08-19,2022-08-20,9.42,10.672571963688496,1.2525719636884958,1.2525719636884958,1.5689365242184543,0.1,0.5,enet_a0.1_l0.5,submitted_main_linear_features_H1_18col,6ed147cd585e5e8083292683f9be3cf585e97e4d46fa0e3224d24a4e2b42cbbb,f83baf5732ffbf88b9a448a3d9ab9fa270f7495fe44d1559c1ac49795a30881a,69cfb2bf8bc181dc1de1e09f0c7477a1a5de7585,elasticnet_corrected_69cfb2bf8bc1_6ed147cd_f83baf57
ElasticNet,1,2,2022-08-20,2022-08-21,9.74,10.059413460381746,0.319413460381746,0.319413460381746,0.10202495867304122,0.1,0.5,enet_a0.1_l0.5,submitted_main_linear_features_H1_18col,6ed147cd585e5e8083292683f9be3cf585e97e4d46fa0e3224d24a4e2b42cbbb,f83baf5732ffbf88b9a448a3d9ab9fa270f7495fe44d1559c1ac49795a30881a,69cfb2bf8bc181dc1de1e09f0c7477a1a5de7585,elasticnet_corrected_69cfb2bf8bc1_6ed147cd_f83baf57
ElasticNet,1,2,2022-08-21,2022-08-22,10.25,10.548385370267026,0.2983853702670256,0.2983853702670256,0.08903382918938997,0.1,0.5,enet_a0.1_l0.5,submitted_main_linear_features_H1_18col,6ed147cd585e5e8083292683f9be3cf585e97e4d46fa0e3224d24a4e2b42cbbb,f83baf5732ffbf88b9a448a3d9ab9fa270f7495fe44d1559c1ac49795a30881a,69cfb2bf8bc181dc1de1e09f0c7477a1a5de7585,elasticnet_corrected_69cfb2bf8bc1_6ed147cd_f83baf57
ElasticNet,1,2,2022-08-22,2022-08-23,12.0,10.667974659979082,-1.3320253400209179,1.3320253400209179,1.774291506457842,0.1,0.5,enet_a0.1_l0.5,submitted_main_linear_features_H1_18col,6ed147cd585e5e8083292683f9be3cf585e97e4d46fa0e3224d24a4e2b42cbbb,f83baf5732ffbf88b9a448a3d9ab9fa270f7495fe44d1559c1ac49795a30881a,69cfb2bf8bc181dc1de1e09f0c7477a1a5de7585,elasticnet_corrected_69cfb2bf8bc1_6ed147cd_f83baf57
ElasticNet,1,2,2022-08-23,2022-08-24,9.62,11.278106883485783,1.6581068834857842,1.6581068834857842,2.7493184370629398,0.1,0.5,enet_a0.1_l0.5,submitted_main_linear_features_H1_18col,6ed147cd585e5e8083292683f9be3cf585e97e4d46fa0e3224d24a4e2b42cbbb,f83baf5732ffbf88b9a448a3d9ab9fa270f7495fe44d1559c1ac49795a30881a,69cfb2bf8bc181dc1de1e09f0c7477a1a5de7585,elasticnet_corrected_69cfb2bf8bc1_6ed147cd_f83baf57
ElasticNet,1,2,2022-08-24,2022-08-25,9.98,10.351359234598945,0.3713592345989447,0.3713592345989447,0.13790768112191407,0.1,0.5,enet_a0.1_l0.5,submitted_main_linear_features_H1_18col,6ed147cd585e5e8083292683f9be3cf585e97e4d46fa0e3224d24a4e2b42cbbb,f83baf5732ffbf88b9a448a3d9ab9fa270f7495fe44d1559c1ac49795a30881a,69cfb2bf8bc181dc1de1e09f0c7477a1a5de7585,elasticnet_corrected_69cfb2bf8bc1_6ed147cd_f83baf57
ElasticNet,1,2,2022-08-25,2022-08-26,10.62,10.192815583630125,-0.42718441636987414,0.42718441636987414,0.18248652558927,0.1,0.5,enet_a0.1_l0.5,submitted_main_linear_features_H1_18col,6ed147cd585e5e8083292683f9be3cf585e97e4d46fa0e3224d24a4e2b42cbbb,f83baf5732ffbf88b9a448a3d9ab9fa270f7495fe44d1559c1ac49795a30881a,69cfb2bf8bc181dc1de1e09f0c7477a1a5de7585,elasticnet_corrected_69cfb2bf8bc1_6ed147cd_f83baf57
ElasticNet,1,2,2022-08-26,2022-08-27,12.52,10.499842990316267,-2.0201570096837322,2.0201570096837322,4.081034343774319,0.1,0.5,enet_a0.1_l0.5,submitted_main_linear_features_H1_18col,6ed147cd585e5e8083292683f9be3cf585e97e4d46fa0e3224d24a4e2b42cbbb,f83baf5732ffbf88b9a448a3d9ab9fa270f7495fe44d1559c1ac49795a30881a,69cfb2bf8bc181dc1de1e09f0c7477a1a5de7585,elasticnet_corrected_69cfb2bf8bc1_6ed147cd_f83baf57
ElasticNet,1,2,2022-08-27,2022-08-28,13.15,11.502651534931225,-1.6473484650687755,1.6473484650687755,2.7137569653644507,0.1,0.5,enet_a0.1_l0.5,submitted_main_linear_features_H1_18col,6ed147cd585e5e8083292683f9be3cf585e97e4d46fa0e3224d24a4e2b42cbbb,f83baf5732ffbf88b9a448a3d9ab9fa270f7495fe44d1559c1ac49795a30881a,69cfb2bf8bc181dc1de1e09f0c7477a1a5de7585,elasticnet_corrected_69cfb2bf8bc1_6ed147cd_f83baf57
ElasticNet,1,2,2022-08-28,2022-08-29,11.3,12.21726882710062,0.9172688271006191,0.9172688271006191,0.8413821011705455,0.1,0.5,enet_a0.1_l0.5,submitted_main_linear_features_H1_18col,6ed147cd585e5e8083292683f9be3cf585e97e4d46fa0e3224d24a4e2b42cbbb,f83baf5732ffbf88b9a448a3d9ab9fa270f7495fe44d1559c1ac49795a30881a,69cfb2bf8bc181dc1de1e09f0c7477a1a5de7585,elasticnet_corrected_69cfb2bf8bc1_6ed147cd_f83baf57
ElasticNet,1,2,2022-08-29,2022-08-30,11.58,12.013240510688464,0.4332405106884636,0.4332405106884636,0.18769734010160072,0.1,0.5,enet_a0.1_l0.5,submitted_main_linear_features_H1_18col,6ed147cd585e5e8083292683f9be3cf585e97e4d46fa0e3224d24a4e2b42cbbb,f83baf5732ffbf88b9a448a3d9ab9fa270f7495fe44d1559c1ac49795a30881a,69cfb2bf8bc181dc1de1e09f0c7477a1a5de7585,elasticnet_corrected_69cfb2bf8bc1_6ed147cd_f83baf57
ElasticNet,1,2,2022-08-30,2022-08-31,9.74,11.290164320819963,1.5501643208199631,1.5501643208199631,2.4030094215432176,0.1,0.5,enet_a0.1_l0.5,submitted_main_linear_features_H1_18col,6ed147cd585e5e8083292683f9be3cf585e97e4d46fa0e3224d24a4e2b42cbbb,f83baf5732ffbf88b9a448a3d9ab9fa270f7495fe44d1559c1ac49795a30881a,69cfb2bf8bc181dc1de1e09f0c7477a1a5de7585,elasticnet_corrected_69cfb2bf8bc1_6ed147cd_f83baf57
ElasticNet,1,2,2022-08-31,2022-09-01,6.86,10.614420102500686,3.754420102500686,3.754420102500686,14.09567030606126,0.1,0.5,enet_a0.1_l0.5,submitted_main_linear_features_H1_18col,6ed147cd585e5e8083292683f9be3cf585e97e4d46fa0e3224d24a4e2b42cbbb,f83baf5732ffbf88b9a448a3d9ab9fa270f7495fe44d1559c1ac49795a30881a,69cfb2bf8bc181dc1de1e09f0c7477a1a5de7585,elasticnet_corrected_69cfb2bf8bc1_6ed147cd_f83baf57
ElasticNet,1,2,2022-09-01,2022-09-02,8.57,10.668875099638871,2.098875099638871,2.098875099638871,4.405276683884081,0.1,0.5,enet_a0.1_l0.5,submitted_main_linear_features_H1_18col,6ed147cd585e5e8083292683f9be3cf585e97e4d46fa0e3224d24a4e2b42cbbb,f83baf5732ffbf88b9a448a3d9ab9fa270f7495fe44d1559c1ac49795a30881a,69cfb2bf8bc181dc1de1e09f0c7477a1a5de7585,elasticnet_corrected_69cfb2bf8bc1_6ed147cd_f83baf57
ElasticNet,1,2,2022-09-02,2022-09-03,11.56,9.657712352709463,-1.902287647290537,1.902287647290537,3.6186982930341665,0.1,0.5,enet_a0.1_l0.5,submitted_main_linear_features_H1_18col,6ed147cd585e5e8083292683f9be3cf585e97e4d46fa0e3224d24a4e2b42cbbb,f83baf5732ffbf88b9a448a3d9ab9fa270f7495fe44d1559c1ac49795a30881a,69cfb2bf8bc181dc1de1e09f0c7477a1a5de7585,elasticnet_corrected_69cfb2bf8bc1_6ed147cd_f83baf57
ElasticNet,1,2,2022-09-03,2022-09-04,9.69,10.449528780894884,0.7595287808948843,0.7595287808948843,0.5768839690076691,0.1,0.5,enet_a0.1_l0.5,submitted_main_linear_features_H1_18col,6ed147cd585e5e8083292683f9be3cf585e97e4d46fa0e3224d24a4e2b42cbbb,f83baf5732ffbf88b9a448a3d9ab9fa270f7495fe44d1559c1ac49795a30881a,69cfb2bf8bc181dc1de1e09f0c7477a1a5de7585,elasticnet_corrected_69cfb2bf8bc1_6ed147cd_f83baf57
ElasticNet,1,2,2022-09-04,2022-09-05,11.27,10.84631386991471,-0.4236861300852901,0.4236861300852901,0.17950993682664937,0.1,0.5,enet_a0.1_l0.5,submitted_main_linear_features_H1_18col,6ed147cd585e5e8083292683f9be3cf585e97e4d46fa0e3224d24a4e2b42cbbb,f83baf5732ffbf88b9a448a3d9ab9fa270f7495fe44d1559c1ac49795a30881a,69cfb2bf8bc181dc1de1e09f0c7477a1a5de7585,elasticnet_corrected_69cfb2bf8bc1_6ed147cd_f83baf57
ElasticNet,1,2,2022-09-05,2022-09-06,10.07,10.149772185439602,0.07977218543960163,0.07977218543960163,0.00636360156981019,0.1,0.5,enet_a0.1_l0.5,submitted_main_linear_features_H1_18col,6ed147cd585e5e8083292683f9be3cf585e97e4d46fa0e3224d24a4e2b42cbbb,f83baf5732ffbf88b9a448a3d9ab9fa270f7495fe44d1559c1ac49795a30881a,69cfb2bf8bc181dc1de1e09f0c7477a1a5de7585,elasticnet_corrected_69cfb2bf8bc1_6ed147cd_f83baf57
ElasticNet,1,2,2022-09-06,2022-09-07,10.8,7.311307394394148,-3.488692605605853,3.488692605605853,12.170976096408955,0.1,0.5,enet_a0.1_l0.5,submitted_main_linear_features_H1_18col,6ed147cd585e5e8083292683f9be3cf585e97e4d46fa0e3224d24a4e2b42cbbb,f83baf5732ffbf88b9a448a3d9ab9fa270f7495fe44d1559c1ac49795a30881a,69cfb2bf8bc181dc1de1e09f0c7477a1a5de7585,elasticnet_corrected_69cfb2bf8bc1_6ed147cd_f83baf57
ElasticNet,1,2,2022-09-07,2022-09-08,6.31,9.278938050216492,2.968938050216493,2.968938050216493,8.81459314602331,0.1,0.5,enet_a0.1_l0.5,submitted_main_linear_features_H1_18col,6ed147cd585e5e8083292683f9be3cf585e97e4d46fa0e3224d24a4e2b42cbbb,f83baf5732ffbf88b9a448a3d9ab9fa270f7495fe44d1559c1ac49795a30881a,69cfb2bf8bc181dc1de1e09f0c7477a1a5de7585,elasticnet_corrected_69cfb2bf8bc1_6ed147cd_f83baf57
ElasticNet,1,2,2022-09-08,2022-09-09,9.62,10.540526702321053,0.9205267023210535,0.9205267023210535,0.8473694096860734,0.1,0.5,enet_a0.1_l0.5,submitted_main_linear_features_H1_18col,6ed147cd585e5e8083292683f9be3cf585e97e4d46fa0e3224d24a4e2b42cbbb,f83baf5732ffbf88b9a448a3d9ab9fa270f7495fe44d1559c1ac49795a30881a,69cfb2bf8bc181dc1de1e09f0c7477a1a5de7585,elasticnet_corrected_69cfb2bf8bc1_6ed147cd_f83baf57
ElasticNet,1,2,2022-09-09,2022-09-10,11.69,10.051372971276828,-1.638627028723171,1.638627028723171,2.685098539262128,0.1,0.5,enet_a0.1_l0.5,submitted_main_linear_features_H1_18col,6ed147cd585e5e8083292683f9be3cf585e97e4d46fa0e3224d24a4e2b42cbbb,f83baf5732ffbf88b9a448a3d9ab9fa270f7495fe44d1559c1ac49795a30881a,69cfb2bf8bc181dc1de1e09f0c7477a1a5de7585,elasticnet_corrected_69cfb2bf8bc1_6ed147cd_f83baf57
ElasticNet,1,2,2022-09-10,2022-09-11,10.96,10.879671015237044,-0.08032898476295713,0.08032898476295713,0.0064527457930474,0.1,0.5,enet_a0.1_l0.5,submitted_main_linear_features_H1_18col,6ed147cd585e5e8083292683f9be3cf585e97e4d46fa0e3224d24a4e2b42cbbb,f83baf5732ffbf88b9a448a3d9ab9fa270f7495fe44d1559c1ac49795a30881a,69cfb2bf8bc181dc1de1e09f0c7477a1a5de7585,elasticnet_corrected_69cfb2bf8bc1_6ed147cd_f83baf57
ElasticNet,1,2,2022-09-11,2022-09-12,12.9,11.227827958832982,-1.672172041167018,1.672172041167018,2.7961593352606715,0.1,0.5,enet_a0.1_l0.5,submitted_main_linear_features_H1_18col,6ed147cd585e5e8083292683f9be3cf585e97e4d46fa0e3224d24a4e2b42cbbb,f83baf5732ffbf88b9a448a3d9ab9fa270f7495fe44d1559c1ac49795a30881a,69cfb2bf8bc181dc1de1e09f0c7477a1a5de7585,elasticnet_corrected_69cfb2bf8bc1_6ed147cd_f83baf57
ElasticNet,1,2,2022-09-12,2022-09-13,15.26,11.271538149587485,-3.9884618504125147,3.9884618504125147,15.907827932196021,0.1,0.5,enet_a0.1_l0.5,submitted_main_linear_features_H1_18col,6ed147cd585e5e8083292683f9be3cf585e97e4d46fa0e3224d24a4e2b42cbbb,f83baf5732ffbf88b9a448a3d9ab9fa270f7495fe44d1559c1ac49795a30881a,69cfb2bf8bc181dc1de1e09f0c7477a1a5de7585,elasticnet_corrected_69cfb2bf8bc1_6ed147cd_f83baf57
ElasticNet,1,2,2022-09-13,2022-09-14,10.7,11.862625635904841,1.162625635904842,1.162625635904842,1.3516983692631381,0.1,0.5,enet_a0.1_l0.5,submitted_main_linear_features_H1_18col,6ed147cd585e5e8083292683f9be3cf585e97e4d46fa0e3224d24a4e2b42cbbb,f83baf5732ffbf88b9a448a3d9ab9fa270f7495fe44d1559c1ac49795a30881a,69cfb2bf8bc181dc1de1e09f0c7477a1a5de7585,elasticnet_corrected_69cfb2bf8bc1_6ed147cd_f83baf57
ElasticNet,1,2,2022-09-14,2022-09-15,11.9,12.347975913797312,0.44797591379731116,0.44797591379731116,0.20068241934253597,0.1,0.5,enet_a0.1_l0.5,submitted_main_linear_features_H1_18col,6ed147cd585e5e8083292683f9be3cf585e97e4d46fa0e3224d24a4e2b42cbbb,f83baf5732ffbf88b9a448a3d9ab9fa270f7495fe44d1559c1ac49795a30881a,69cfb2bf8bc181dc1de1e09f0c7477a1a5de7585,elasticnet_corrected_69cfb2bf8bc1_6ed147cd_f83baf57
ElasticNet,1,2,2022-09-15,2022-09-16,14.33,11.244615149388352,-3.085384850611648,3.085384850611648,9.519599676383862,0.1,0.5,enet_a0.1_l0.5,submitted_main_linear_features_H1_18col,6ed147cd585e5e8083292683f9be3cf585e97e4d46fa0e3224d24a4e2b42cbbb,f83baf5732ffbf88b9a448a3d9ab9fa270f7495fe44d1559c1ac49795a30881a,69cfb2bf8bc181dc1de1e09f0c7477a1a5de7585,elasticnet_corrected_69cfb2bf8bc1_6ed147cd_f83baf57
ElasticNet,1,2,2022-09-16,2022-09-17,13.67,12.942096035954318,-0.7279039640456819,0.7279039640456819,0.5298441808734174,0.1,0.5,enet_a0.1_l0.5,submitted_main_linear_features_H1_18col,6ed147cd585e5e8083292683f9be3cf585e97e4d46fa0e3224d24a4e2b42cbbb,f83baf5732ffbf88b9a448a3d9ab9fa270f7495fe44d1559c1ac49795a30881a,69cfb2bf8bc181dc1de1e09f0c7477a1a5de7585,elasticnet_corrected_69cfb2bf8bc1_6ed147cd_f83baf57
ElasticNet,1,2,2022-09-17,2022-09-18,11.3,12.974172354791024,1.6741723547910237,1.6741723547910237,2.802853073546521,0.1,0.5,enet_a0.1_l0.5,submitted_main_linear_features_H1_18col,6ed147cd585e5e8083292683f9be3cf585e97e4d46fa0e3224d24a4e2b42cbbb,f83baf5732ffbf88b9a448a3d9ab9fa270f7495fe44d1559c1ac49795a30881a,69cfb2bf8bc181dc1de1e09f0c7477a1a5de7585,elasticnet_corrected_69cfb2bf8bc1_6ed147cd_f83baf57
ElasticNet,1,2,2022-09-18,2022-09-19,11.33,12.411140872062587,1.081140872062587,1.081140872062587,1.168865585244251,0.1,0.5,enet_a0.1_l0.5,submitted_main_linear_features_H1_18col,6ed147cd585e5e8083292683f9be3cf585e97e4d46fa0e3224d24a4e2b42cbbb,f83baf5732ffbf88b9a448a3d9ab9fa270f7495fe44d1559c1ac49795a30881a,69cfb2bf8bc181dc1de1e09f0c7477a1a5de7585,elasticnet_corrected_69cfb2bf8bc1_6ed147cd_f83baf57
ElasticNet,1,2,2022-09-19,2022-09-20,9.44,10.309618817674869,0.8696188176748691,0.8696188176748691,0.7562368880542373,0.1,0.5,enet_a0.1_l0.5,submitted_main_linear_features_H1_18col,6ed147cd585e5e8083292683f9be3cf585e97e4d46fa0e3224d24a4e2b42cbbb,f83baf5732ffbf88b9a448a3d9ab9fa270f7495fe44d1559c1ac49795a30881a,69cfb2bf8bc181dc1de1e09f0c7477a1a5de7585,elasticnet_corrected_69cfb2bf8bc1_6ed147cd_f83baf57
ElasticNet,1,2,2022-09-20,2022-09-21,10.38,11.430336048284442,1.050336048284441,1.050336048284441,1.1032058143257757,0.1,0.5,enet_a0.1_l0.5,submitted_main_linear_features_H1_18col,6ed147cd585e5e8083292683f9be3cf585e97e4d46fa0e3224d24a4e2b42cbbb,f83baf5732ffbf88b9a448a3d9ab9fa270f7495fe44d1559c1ac49795a30881a,69cfb2bf8bc181dc1de1e09f0c7477a1a5de7585,elasticnet_corrected_69cfb2bf8bc1_6ed147cd_f83baf57
ElasticNet,1,2,2022-09-21,2022-09-22,11.3,11.168516774272195,-0.13148322572780557,0.13148322572780557,0.017287838647789072,0.1,0.5,enet_a0.1_l0.5,submitted_main_linear_features_H1_18col,6ed147cd585e5e8083292683f9be3cf585e97e4d46fa0e3224d24a4e2b42cbbb,f83baf5732ffbf88b9a448a3d9ab9fa270f7495fe44d1559c1ac49795a30881a,69cfb2bf8bc181dc1de1e09f0c7477a1a5de7585,elasticnet_corrected_69cfb2bf8bc1_6ed147cd_f83baf57
ElasticNet,1,2,2022-09-22,2022-09-23,13.42,11.77648567068604,-1.6435143293139607,1.6435143293139607,2.701139350660318,0.1,0.5,enet_a0.1_l0.5,submitted_main_linear_features_H1_18col,6ed147cd585e5e8083292683f9be3cf585e97e4d46fa0e3224d24a4e2b42cbbb,f83baf5732ffbf88b9a448a3d9ab9fa270f7495fe44d1559c1ac49795a30881a,69cfb2bf8bc181dc1de1e09f0c7477a1a5de7585,elasticnet_corrected_69cfb2bf8bc1_6ed147cd_f83baf57
ElasticNet,1,2,2022-09-23,2022-09-24,12.35,11.900434187783604,-0.44956581221639524,0.44956581221639524,0.20210941951378716,0.1,0.5,enet_a0.1_l0.5,submitted_main_linear_features_H1_18col,6ed147cd585e5e8083292683f9be3cf585e97e4d46fa0e3224d24a4e2b42cbbb,f83baf5732ffbf88b9a448a3d9ab9fa270f7495fe44d1559c1ac49795a30881a,69cfb2bf8bc181dc1de1e09f0c7477a1a5de7585,elasticnet_corrected_69cfb2bf8bc1_6ed147cd_f83baf57
ElasticNet,1,2,2022-09-24,2022-09-25,13.02,13.7134855690491,0.6934855690491002,0.6934855690491002,0.48092223447935434,0.1,0.5,enet_a0.1_l0.5,submitted_main_linear_features_H1_18col,6ed147cd585e5e8083292683f9be3cf585e97e4d46fa0e3224d24a4e2b42cbbb,f83baf5732ffbf88b9a448a3d9ab9fa270f7495fe44d1559c1ac49795a30881a,69cfb2bf8bc181dc1de1e09f0c7477a1a5de7585,elasticnet_corrected_69cfb2bf8bc1_6ed147cd_f83baf57
ElasticNet,1,2,2022-09-25,2022-09-26,13.94,13.590942869002223,-0.34905713099777635,0.34905713099777635,0.12184088070039881,0.1,0.5,enet_a0.1_l0.5,submitted_main_linear_features_H1_18col,6ed147cd585e5e8083292683f9be3cf585e97e4d46fa0e3224d24a4e2b42cbbb,f83baf5732ffbf88b9a448a3d9ab9fa270f7495fe44d1559c1ac49795a30881a,69cfb2bf8bc181dc1de1e09f0c7477a1a5de7585,elasticnet_corrected_69cfb2bf8bc1_6ed147cd_f83baf57
ElasticNet,1,2,2022-09-26,2022-09-27,13.92,14.01192239236725,0.09192239236725008,0.09192239236725008,0.008449726218518677,0.1,0.5,enet_a0.1_l0.5,submitted_main_linear_features_H1_18col,6ed147cd585e5e8083292683f9be3cf585e97e4d46fa0e3224d24a4e2b42cbbb,f83baf5732ffbf88b9a448a3d9ab9fa270f7495fe44d1559c1ac49795a30881a,69cfb2bf8bc181dc1de1e09f0c7477a1a5de7585,elasticnet_corrected_69cfb2bf8bc1_6ed147cd_f83baf57
ElasticNet,1,2,2022-09-27,2022-09-28,11.36,12.477377600971355,1.1173776009713556,1.1173776009713556,1.248532703152502,0.1,0.5,enet_a0.1_l0.5,submitted_main_linear_features_H1_18col,6ed147cd585e5e8083292683f9be3cf585e97e4d46fa0e3224d24a4e2b42cbbb,f83baf5732ffbf88b9a448a3d9ab9fa270f7495fe44d1559c1ac49795a30881a,69cfb2bf8bc181dc1de1e09f0c7477a1a5de7585,elasticnet_corrected_69cfb2bf8bc1_6ed147cd_f83baf57
ElasticNet,1,2,2022-09-28,2022-09-29,12.05,14.215547767559748,2.1655477675597474,2.1655477675597474,4.689597133583006,0.1,0.5,enet_a0.1_l0.5,submitted_main_linear_features_H1_18col,6ed147cd585e5e8083292683f9be3cf585e97e4d46fa0e3224d24a4e2b42cbbb,f83baf5732ffbf88b9a448a3d9ab9fa270f7495fe44d1559c1ac49795a30881a,69cfb2bf8bc181dc1de1e09f0c7477a1a5de7585,elasticnet_corrected_69cfb2bf8bc1_6ed147cd_f83baf57
ElasticNet,1,2,2022-09-29,2022-09-30,13.66,13.028646516878968,-0.6313534831210319,0.6313534831210319,0.3986072206490591,0.1,0.5,enet_a0.1_l0.5,submitted_main_linear_features_H1_18col,6ed147cd585e5e8083292683f9be3cf585e97e4d46fa0e3224d24a4e2b42cbbb,f83baf5732ffbf88b9a448a3d9ab9fa270f7495fe44d1559c1ac49795a30881a,69cfb2bf8bc181dc1de1e09f0c7477a1a5de7585,elasticnet_corrected_69cfb2bf8bc1_6ed147cd_f83baf57
ElasticNet,1,2,2022-09-30,2022-10-01,13.19,13.277622843935317,0.08762284393531772,0.08762284393531772,0.007677762779313045,0.1,0.5,enet_a0.1_l0.5,submitted_main_linear_features_H1_18col,6ed147cd585e5e8083292683f9be3cf585e97e4d46fa0e3224d24a4e2b42cbbb,f83baf5732ffbf88b9a448a3d9ab9fa270f7495fe44d1559c1ac49795a30881a,69cfb2bf8bc181dc1de1e09f0c7477a1a5de7585,elasticnet_corrected_69cfb2bf8bc1_6ed147cd_f83baf57
ElasticNet,1,2,2022-10-01,2022-10-02,13.78,13.891216558853472,0.11121655885347259,0.11121655885347259,0.012369122963207933,0.1,0.5,enet_a0.1_l0.5,submitted_main_linear_features_H1_18col,6ed147cd585e5e8083292683f9be3cf585e97e4d46fa0e3224d24a4e2b42cbbb,f83baf5732ffbf88b9a448a3d9ab9fa270f7495fe44d1559c1ac49795a30881a,69cfb2bf8bc181dc1de1e09f0c7477a1a5de7585,elasticnet_corrected_69cfb2bf8bc1_6ed147cd_f83baf57
ElasticNet,1,2,2022-10-02,2022-10-03,14.42,13.41010015424898,-1.0098998457510202,1.0098998457510202,1.0198976984479344,0.1,0.5,enet_a0.1_l0.5,submitted_main_linear_features_H1_18col,6ed147cd585e5e8083292683f9be3cf585e97e4d46fa0e3224d24a4e2b42cbbb,f83baf5732ffbf88b9a448a3d9ab9fa270f7495fe44d1559c1ac49795a30881a,69cfb2bf8bc181dc1de1e09f0c7477a1a5de7585,elasticnet_corrected_69cfb2bf8bc1_6ed147cd_f83baf57
ElasticNet,1,2,2022-10-03,2022-10-04,15.44,13.285615999591412,-2.1543840004085872,2.1543840004085872,4.641370421216507,0.1,0.5,enet_a0.1_l0.5,submitted_main_linear_features_H1_18col,6ed147cd585e5e8083292683f9be3cf585e97e4d46fa0e3224d24a4e2b42cbbb,f83baf5732ffbf88b9a448a3d9ab9fa270f7495fe44d1559c1ac49795a30881a,69cfb2bf8bc181dc1de1e09f0c7477a1a5de7585,elasticnet_corrected_69cfb2bf8bc1_6ed147cd_f83baf57
ElasticNet,1,2,2022-10-04,2022-10-05,10.33,13.192263649754368,2.862263649754368,2.862263649754368,8.192553200705197,0.1,0.5,enet_a0.1_l0.5,submitted_main_linear_features_H1_18col,6ed147cd585e5e8083292683f9be3cf585e97e4d46fa0e3224d24a4e2b42cbbb,f83baf5732ffbf88b9a448a3d9ab9fa270f7495fe44d1559c1ac49795a30881a,69cfb2bf8bc181dc1de1e09f0c7477a1a5de7585,elasticnet_corrected_69cfb2bf8bc1_6ed147cd_f83baf57
ElasticNet,1,2,2022-10-05,2022-10-06,16.68,13.461164824898468,-3.218835175101532,3.218835175101532,10.360899884470909,0.1,0.5,enet_a0.1_l0.5,submitted_main_linear_features_H1_18col,6ed147cd585e5e8083292683f9be3cf585e97e4d46fa0e3224d24a4e2b42cbbb,f83baf5732ffbf88b9a448a3d9ab9fa270f7495fe44d1559c1ac49795a30881a,69cfb2bf8bc181dc1de1e09f0c7477a1a5de7585,elasticnet_corrected_69cfb2bf8bc1_6ed147cd_f83baf57
ElasticNet,1,2,2022-10-06,2022-10-07,15.78,13.206632640033487,-2.573367359966513,2.573367359966513,6.62221956934102,0.1,0.5,enet_a0.1_l0.5,submitted_main_linear_features_H1_18col,6ed147cd585e5e8083292683f9be3cf585e97e4d46fa0e3224d24a4e2b42cbbb,f83baf5732ffbf88b9a448a3d9ab9fa270f7495fe44d1559c1ac49795a30881a,69cfb2bf8bc181dc1de1e09f0c7477a1a5de7585,elasticnet_corrected_69cfb2bf8bc1_6ed147cd_f83baf57
ElasticNet,1,2,2022-10-07,2022-10-08,14.52,14.318549633058554,-0.20145036694144558,0.20145036694144558,0.04058225034084307,0.1,0.5,enet_a0.1_l0.5,submitted_main_linear_features_H1_18col,6ed147cd585e5e8083292683f9be3cf585e97e4d46fa0e3224d24a4e2b42cbbb,f83baf5732ffbf88b9a448a3d9ab9fa270f7495fe44d1559c1ac49795a30881a,69cfb2bf8bc181dc1de1e09f0c7477a1a5de7585,elasticnet_corrected_69cfb2bf8bc1_6ed147cd_f83baf57
ElasticNet,1,2,2022-10-08,2022-10-09,12.31,14.507689894646285,2.1976898946462846,2.1976898946462846,4.829840873030397,0.1,0.5,enet_a0.1_l0.5,submitted_main_linear_features_H1_18col,6ed147cd585e5e8083292683f9be3cf585e97e4d46fa0e3224d24a4e2b42cbbb,f83baf5732ffbf88b9a448a3d9ab9fa270f7495fe44d1559c1ac49795a30881a,69cfb2bf8bc181dc1de1e09f0c7477a1a5de7585,elasticnet_corrected_69cfb2bf8bc1_6ed147cd_f83baf57
ElasticNet,1,2,2022-10-09,2022-10-10,15.42,14.08135310322308,-1.33864689677692,1.33864689677692,1.791975514250478,0.1,0.5,enet_a0.1_l0.5,submitted_main_linear_features_H1_18col,6ed147cd585e5e8083292683f9be3cf585e97e4d46fa0e3224d24a4e2b42cbbb,f83baf5732ffbf88b9a448a3d9ab9fa270f7495fe44d1559c1ac49795a30881a,69cfb2bf8bc181dc1de1e09f0c7477a1a5de7585,elasticnet_corrected_69cfb2bf8bc1_6ed147cd_f83baf57
ElasticNet,1,2,2022-10-10,2022-10-11,12.6,13.618734871630942,1.018734871630942,1.018734871630942,1.0378207386769116,0.1,0.5,enet_a0.1_l0.5,submitted_main_linear_features_H1_18col,6ed147cd585e5e8083292683f9be3cf585e97e4d46fa0e3224d24a4e2b42cbbb,f83baf5732ffbf88b9a448a3d9ab9fa270f7495fe44d1559c1ac49795a30881a,69cfb2bf8bc181dc1de1e09f0c7477a1a5de7585,elasticnet_corrected_69cfb2bf8bc1_6ed147cd_f83baf57
ElasticNet,1,2,2022-10-11,2022-10-12,13.87,14.228971852056146,0.3589718520561469,0.3589718520561469,0.1288607905686202,0.1,0.5,enet_a0.1_l0.5,submitted_main_linear_features_H1_18col,6ed147cd585e5e8083292683f9be3cf585e97e4d46fa0e3224d24a4e2b42cbbb,f83baf5732ffbf88b9a448a3d9ab9fa270f7495fe44d1559c1ac49795a30881a,69cfb2bf8bc181dc1de1e09f0c7477a1a5de7585,elasticnet_corrected_69cfb2bf8bc1_6ed147cd_f83baf57
ElasticNet,1,2,2022-10-12,2022-10-13,13.28,13.487140098975338,0.20714009897533892,0.20714009897533892,0.0429070206035132,0.1,0.5,enet_a0.1_l0.5,submitted_main_linear_features_H1_18col,6ed147cd585e5e8083292683f9be3cf585e97e4d46fa0e3224d24a4e2b42cbbb,f83baf5732ffbf88b9a448a3d9ab9fa270f7495fe44d1559c1ac49795a30881a,69cfb2bf8bc181dc1de1e09f0c7477a1a5de7585,elasticnet_corrected_69cfb2bf8bc1_6ed147cd_f83baf57
ElasticNet,1,2,2022-10-13,2022-10-14,13.3,13.650929780465866,0.3509297804658651,0.3509297804658651,0.12315171081782027,0.1,0.5,enet_a0.1_l0.5,submitted_main_linear_features_H1_18col,6ed147cd585e5e8083292683f9be3cf585e97e4d46fa0e3224d24a4e2b42cbbb,f83baf5732ffbf88b9a448a3d9ab9fa270f7495fe44d1559c1ac49795a30881a,69cfb2bf8bc181dc1de1e09f0c7477a1a5de7585,elasticnet_corrected_69cfb2bf8bc1_6ed147cd_f83baf57
ElasticNet,1,2,2022-10-14,2022-10-15,13.45,12.885660964846611,-0.5643390351533881,0.5643390351533881,0.318478546597857,0.1,0.5,enet_a0.1_l0.5,submitted_main_linear_features_H1_18col,6ed147cd585e5e8083292683f9be3cf585e97e4d46fa0e3224d24a4e2b42cbbb,f83baf5732ffbf88b9a448a3d9ab9fa270f7495fe44d1559c1ac49795a30881a,69cfb2bf8bc181dc1de1e09f0c7477a1a5de7585,elasticnet_corrected_69cfb2bf8bc1_6ed147cd_f83baf57
ElasticNet,1,2,2022-10-15,2022-10-16,13.31,13.91197863246121,0.6019786324612095,0.6019786324612095,0.362378273939868,0.1,0.5,enet_a0.1_l0.5,submitted_main_linear_features_H1_18col,6ed147cd585e5e8083292683f9be3cf585e97e4d46fa0e3224d24a4e2b42cbbb,f83baf5732ffbf88b9a448a3d9ab9fa270f7495fe44d1559c1ac49795a30881a,69cfb2bf8bc181dc1de1e09f0c7477a1a5de7585,elasticnet_corrected_69cfb2bf8bc1_6ed147cd_f83baf57
ElasticNet,1,2,2022-10-16,2022-10-17,13.04,13.903164234094078,0.8631642340940786,0.8631642340940786,0.7450524950192173,0.1,0.5,enet_a0.1_l0.5,submitted_main_linear_features_H1_18col,6ed147cd585e5e8083292683f9be3cf585e97e4d46fa0e3224d24a4e2b42cbbb,f83baf5732ffbf88b9a448a3d9ab9fa270f7495fe44d1559c1ac49795a30881a,69cfb2bf8bc181dc1de1e09f0c7477a1a5de7585,elasticnet_corrected_69cfb2bf8bc1_6ed147cd_f83baf57
ElasticNet,1,2,2022-10-17,2022-10-18,13.21,13.949839030686679,0.739839030686678,0.739839030686678,0.5473617913274033,0.1,0.5,enet_a0.1_l0.5,submitted_main_linear_features_H1_18col,6ed147cd585e5e8083292683f9be3cf585e97e4d46fa0e3224d24a4e2b42cbbb,f83baf5732ffbf88b9a448a3d9ab9fa270f7495fe44d1559c1ac49795a30881a,69cfb2bf8bc181dc1de1e09f0c7477a1a5de7585,elasticnet_corrected_69cfb2bf8bc1_6ed147cd_f83baf57
ElasticNet,1,2,2022-10-18,2022-10-19,14.93,13.426307624724556,-1.5036923752754436,1.5036923752754436,2.2610907594615055,0.1,0.5,enet_a0.1_l0.5,submitted_main_linear_features_H1_18col,6ed147cd585e5e8083292683f9be3cf585e97e4d46fa0e3224d24a4e2b42cbbb,f83baf5732ffbf88b9a448a3d9ab9fa270f7495fe44d1559c1ac49795a30881a,69cfb2bf8bc181dc1de1e09f0c7477a1a5de7585,elasticnet_corrected_69cfb2bf8bc1_6ed147cd_f83baf57
ElasticNet,1,2,2022-10-19,2022-10-20,14.18,14.117376518496108,-0.0626234815038913,0.0626234815038913,0.003921700435668215,0.1,0.5,enet_a0.1_l0.5,submitted_main_linear_features_H1_18col,6ed147cd585e5e8083292683f9be3cf585e97e4d46fa0e3224d24a4e2b42cbbb,f83baf5732ffbf88b9a448a3d9ab9fa270f7495fe44d1559c1ac49795a30881a,69cfb2bf8bc181dc1de1e09f0c7477a1a5de7585,elasticnet_corrected_69cfb2bf8bc1_6ed147cd_f83baf57
ElasticNet,1,2,2022-10-20,2022-10-21,13.73,13.517176678218162,-0.21282332178183871,0.21282332178183871,0.04529376629425606,0.1,0.5,enet_a0.1_l0.5,submitted_main_linear_features_H1_18col,6ed147cd585e5e8083292683f9be3cf585e97e4d46fa0e3224d24a4e2b42cbbb,f83baf5732ffbf88b9a448a3d9ab9fa270f7495fe44d1559c1ac49795a30881a,69cfb2bf8bc181dc1de1e09f0c7477a1a5de7585,elasticnet_corrected_69cfb2bf8bc1_6ed147cd_f83baf57
ElasticNet,1,2,2022-10-21,2022-10-22,15.16,14.071618554906916,-1.0883814450930842,1.0883814450930842,1.1845741700229102,0.1,0.5,enet_a0.1_l0.5,submitted_main_linear_features_H1_18col,6ed147cd585e5e8083292683f9be3cf585e97e4d46fa0e3224d24a4e2b42cbbb,f83baf5732ffbf88b9a448a3d9ab9fa270f7495fe44d1559c1ac49795a30881a,69cfb2bf8bc181dc1de1e09f0c7477a1a5de7585,elasticnet_corrected_69cfb2bf8bc1_6ed147cd_f83baf57
ElasticNet,1,2,2022-10-22,2022-10-23,13.21,13.769793620465752,0.5597936204657508,0.5597936204657508,0.31336889751415303,0.1,0.5,enet_a0.1_l0.5,submitted_main_linear_features_H1_18col,6ed147cd585e5e8083292683f9be3cf585e97e4d46fa0e3224d24a4e2b42cbbb,f83baf5732ffbf88b9a448a3d9ab9fa270f7495fe44d1559c1ac49795a30881a,69cfb2bf8bc181dc1de1e09f0c7477a1a5de7585,elasticnet_corrected_69cfb2bf8bc1_6ed147cd_f83baf57
ElasticNet,1,2,2022-10-23,2022-10-24,14.57,14.070620000936929,-0.4993799990630716,0.4993799990630716,0.2493803834642334,0.1,0.5,enet_a0.1_l0.5,submitted_main_linear_features_H1_18col,6ed147cd585e5e8083292683f9be3cf585e97e4d46fa0e3224d24a4e2b42cbbb,f83baf5732ffbf88b9a448a3d9ab9fa270f7495fe44d1559c1ac49795a30881a,69cfb2bf8bc181dc1de1e09f0c7477a1a5de7585,elasticnet_corrected_69cfb2bf8bc1_6ed147cd_f83baf57
ElasticNet,1,2,2022-10-24,2022-10-25,16.82,13.827960013733401,-2.992039986266599,2.992039986266599,8.952303279418231,0.1,0.5,enet_a0.1_l0.5,submitted_main_linear_features_H1_18col,6ed147cd585e5e8083292683f9be3cf585e97e4d46fa0e3224d24a4e2b42cbbb,f83baf5732ffbf88b9a448a3d9ab9fa270f7495fe44d1559c1ac49795a30881a,69cfb2bf8bc181dc1de1e09f0c7477a1a5de7585,elasticnet_corrected_69cfb2bf8bc1_6ed147cd_f83baf57
ElasticNet,1,2,2022-10-25,2022-10-26,14.45,15.330981918508646,0.8809819185086472,0.8809819185086472,0.7761291407391766,0.1,0.5,enet_a0.1_l0.5,submitted_main_linear_features_H1_18col,6ed147cd585e5e8083292683f9be3cf585e97e4d46fa0e3224d24a4e2b42cbbb,f83baf5732ffbf88b9a448a3d9ab9fa270f7495fe44d1559c1ac49795a30881a,69cfb2bf8bc181dc1de1e09f0c7477a1a5de7585,elasticnet_corrected_69cfb2bf8bc1_6ed147cd_f83baf57
ElasticNet,1,2,2022-10-26,2022-10-27,11.03,14.292278916552098,3.2622789165520985,3.2622789165520985,10.642463729380333,0.1,0.5,enet_a0.1_l0.5,submitted_main_linear_features_H1_18col,6ed147cd585e5e8083292683f9be3cf585e97e4d46fa0e3224d24a4e2b42cbbb,f83baf5732ffbf88b9a448a3d9ab9fa270f7495fe44d1559c1ac49795a30881a,69cfb2bf8bc181dc1de1e09f0c7477a1a5de7585,elasticnet_corrected_69cfb2bf8bc1_6ed147cd_f83baf57
ElasticNet,1,2,2022-10-27,2022-10-28,10.85,14.162148686766944,3.3121486867669443,3.3121486867669443,10.970328923251994,0.1,0.5,enet_a0.1_l0.5,submitted_main_linear_features_H1_18col,6ed147cd585e5e8083292683f9be3cf585e97e4d46fa0e3224d24a4e2b42cbbb,f83baf5732ffbf88b9a448a3d9ab9fa270f7495fe44d1559c1ac49795a30881a,69cfb2bf8bc181dc1de1e09f0c7477a1a5de7585,elasticnet_corrected_69cfb2bf8bc1_6ed147cd_f83baf57
ElasticNet,1,2,2022-10-28,2022-10-29,13.74,13.720624052967189,-0.019375947032811425,0.019375947032811425,0.00037542732341831384,0.1,0.5,enet_a0.1_l0.5,submitted_main_linear_features_H1_18col,6ed147cd585e5e8083292683f9be3cf585e97e4d46fa0e3224d24a4e2b42cbbb,f83baf5732ffbf88b9a448a3d9ab9fa270f7495fe44d1559c1ac49795a30881a,69cfb2bf8bc181dc1de1e09f0c7477a1a5de7585,elasticnet_corrected_69cfb2bf8bc1_6ed147cd_f83baf57
ElasticNet,1,2,2022-10-29,2022-10-30,14.12,12.94265756146535,-1.1773424385346498,1.1773424385346498,1.3861352175747157,0.1,0.5,enet_a0.1_l0.5,submitted_main_linear_features_H1_18col,6ed147cd585e5e8083292683f9be3cf585e97e4d46fa0e3224d24a4e2b42cbbb,f83baf5732ffbf88b9a448a3d9ab9fa270f7495fe44d1559c1ac49795a30881a,69cfb2bf8bc181dc1de1e09f0c7477a1a5de7585,elasticnet_corrected_69cfb2bf8bc1_6ed147cd_f83baf57
ElasticNet,1,2,2022-10-30,2022-10-31,14.54,13.42198247790072,-1.1180175220992794,1.1180175220992794,1.2499631797210127,0.1,0.5,enet_a0.1_l0.5,submitted_main_linear_features_H1_18col,6ed147cd585e5e8083292683f9be3cf585e97e4d46fa0e3224d24a4e2b42cbbb,f83baf5732ffbf88b9a448a3d9ab9fa270f7495fe44d1559c1ac49795a30881a,69cfb2bf8bc181dc1de1e09f0c7477a1a5de7585,elasticnet_corrected_69cfb2bf8bc1_6ed147cd_f83baf57
ElasticNet,1,2,2022-10-31,2022-11-01,13.16,13.471419117217993,0.31141911721799254,0.31141911721799254,0.09698186656883377,0.1,0.5,enet_a0.1_l0.5,submitted_main_linear_features_H1_18col,6ed147cd585e5e8083292683f9be3cf585e97e4d46fa0e3224d24a4e2b42cbbb,f83baf5732ffbf88b9a448a3d9ab9fa270f7495fe44d1559c1ac49795a30881a,69cfb2bf8bc181dc1de1e09f0c7477a1a5de7585,elasticnet_corrected_69cfb2bf8bc1_6ed147cd_f83baf57
ElasticNet,1,2,2022-11-01,2022-11-02,15.91,13.847897250069195,-2.062102749930805,2.062102749930805,4.252267751272187,0.1,0.5,enet_a0.1_l0.5,submitted_main_linear_features_H1_18col,6ed147cd585e5e8083292683f9be3cf585e97e4d46fa0e3224d24a4e2b42cbbb,f83baf5732ffbf88b9a448a3d9ab9fa270f7495fe44d1559c1ac49795a30881a,69cfb2bf8bc181dc1de1e09f0c7477a1a5de7585,elasticnet_corrected_69cfb2bf8bc1_6ed147cd_f83baf57
ElasticNet,1,2,2022-11-02,2022-11-03,14.39,13.320021954131754,-1.0699780458682469,1.0699780458682469,1.144853018640032,0.1,0.5,enet_a0.1_l0.5,submitted_main_linear_features_H1_18col,6ed147cd585e5e8083292683f9be3cf585e97e4d46fa0e3224d24a4e2b42cbbb,f83baf5732ffbf88b9a448a3d9ab9fa270f7495fe44d1559c1ac49795a30881a,69cfb2bf8bc181dc1de1e09f0c7477a1a5de7585,elasticnet_corrected_69cfb2bf8bc1_6ed147cd_f83baf57
ElasticNet,1,2,2022-11-03,2022-11-04,14.63,13.854855191483976,-0.7751448085160249,0.7751448085160249,0.6008494741693449,0.1,0.5,enet_a0.1_l0.5,submitted_main_linear_features_H1_18col,6ed147cd585e5e8083292683f9be3cf585e97e4d46fa0e3224d24a4e2b42cbbb,f83baf5732ffbf88b9a448a3d9ab9fa270f7495fe44d1559c1ac49795a30881a,69cfb2bf8bc181dc1de1e09f0c7477a1a5de7585,elasticnet_corrected_69cfb2bf8bc1_6ed147cd_f83baf57
ElasticNet,1,2,2022-11-04,2022-11-05,8.38,13.484328827939276,5.104328827939275,5.104328827939275,26.054172783731936,0.1,0.5,enet_a0.1_l0.5,submitted_main_linear_features_H1_18col,6ed147cd585e5e8083292683f9be3cf585e97e4d46fa0e3224d24a4e2b42cbbb,f83baf5732ffbf88b9a448a3d9ab9fa270f7495fe44d1559c1ac49795a30881a,69cfb2bf8bc181dc1de1e09f0c7477a1a5de7585,elasticnet_corrected_69cfb2bf8bc1_6ed147cd_f83baf57
ElasticNet,1,2,2022-11-05,2022-11-06,12.91,13.914962484027665,1.004962484027665,1.004962484027665,1.0099495943030548,0.1,0.5,enet_a0.1_l0.5,submitted_main_linear_features_H1_18col,6ed147cd585e5e8083292683f9be3cf585e97e4d46fa0e3224d24a4e2b42cbbb,f83baf5732ffbf88b9a448a3d9ab9fa270f7495fe44d1559c1ac49795a30881a,69cfb2bf8bc181dc1de1e09f0c7477a1a5de7585,elasticnet_corrected_69cfb2bf8bc1_6ed147cd_f83baf57
ElasticNet,1,2,2022-11-06,2022-11-07,11.06,13.075708660049413,2.0157086600494125,2.0157086600494125,4.063081402198198,0.1,0.5,enet_a0.1_l0.5,submitted_main_linear_features_H1_18col,6ed147cd585e5e8083292683f9be3cf585e97e4d46fa0e3224d24a4e2b42cbbb,f83baf5732ffbf88b9a448a3d9ab9fa270f7495fe44d1559c1ac49795a30881a,69cfb2bf8bc181dc1de1e09f0c7477a1a5de7585,elasticnet_corrected_69cfb2bf8bc1_6ed147cd_f83baf57
ElasticNet,1,2,2022-11-07,2022-11-08,15.02,13.422184733178343,-1.597815266821657,1.597815266821657,2.553013626888363,0.1,0.5,enet_a0.1_l0.5,submitted_main_linear_features_H1_18col,6ed147cd585e5e8083292683f9be3cf585e97e4d46fa0e3224d24a4e2b42cbbb,f83baf5732ffbf88b9a448a3d9ab9fa270f7495fe44d1559c1ac49795a30881a,69cfb2bf8bc181dc1de1e09f0c7477a1a5de7585,elasticnet_corrected_69cfb2bf8bc1_6ed147cd_f83baf57
ElasticNet,1,2,2022-11-08,2022-11-09,12.58,12.357238912843938,-0.22276108715606213,0.22276108715606213,0.049622501950950706,0.1,0.5,enet_a0.1_l0.5,submitted_main_linear_features_H1_18col,6ed147cd585e5e8083292683f9be3cf585e97e4d46fa0e3224d24a4e2b42cbbb,f83baf5732ffbf88b9a448a3d9ab9fa270f7495fe44d1559c1ac49795a30881a,69cfb2bf8bc181dc1de1e09f0c7477a1a5de7585,elasticnet_corrected_69cfb2bf8bc1_6ed147cd_f83baf57
ElasticNet,1,2,2022-11-09,2022-11-10,12.52,13.579708018766036,1.0597080187660364,1.0597080187660364,1.122981085037038,0.1,0.5,enet_a0.1_l0.5,submitted_main_linear_features_H1_18col,6ed147cd585e5e8083292683f9be3cf585e97e4d46fa0e3224d24a4e2b42cbbb,f83baf5732ffbf88b9a448a3d9ab9fa270f7495fe44d1559c1ac49795a30881a,69cfb2bf8bc181dc1de1e09f0c7477a1a5de7585,elasticnet_corrected_69cfb2bf8bc1_6ed147cd_f83baf57
ElasticNet,1,2,2022-11-10,2022-11-11,13.76,13.03441966225112,-0.7255803377488803,0.7255803377488803,0.5264668265277792,0.1,0.5,enet_a0.1_l0.5,submitted_main_linear_features_H1_18col,6ed147cd585e5e8083292683f9be3cf585e97e4d46fa0e3224d24a4e2b42cbbb,f83baf5732ffbf88b9a448a3d9ab9fa270f7495fe44d1559c1ac49795a30881a,69cfb2bf8bc181dc1de1e09f0c7477a1a5de7585,elasticnet_corrected_69cfb2bf8bc1_6ed147cd_f83baf57
ElasticNet,1,2,2022-11-11,2022-11-12,12.56,13.327577548042399,0.7675775480423983,0.7675775480423983,0.5891752922587803,0.1,0.5,enet_a0.1_l0.5,submitted_main_linear_features_H1_18col,6ed147cd585e5e8083292683f9be3cf585e97e4d46fa0e3224d24a4e2b42cbbb,f83baf5732ffbf88b9a448a3d9ab9fa270f7495fe44d1559c1ac49795a30881a,69cfb2bf8bc181dc1de1e09f0c7477a1a5de7585,elasticnet_corrected_69cfb2bf8bc1_6ed147cd_f83baf57
ElasticNet,1,2,2022-11-12,2022-11-13,13.19,13.322006231862753,0.1320062318627535,0.1320062318627535,0.01742564525060304,0.1,0.5,enet_a0.1_l0.5,submitted_main_linear_features_H1_18col,6ed147cd585e5e8083292683f9be3cf585e97e4d46fa0e3224d24a4e2b42cbbb,f83baf5732ffbf88b9a448a3d9ab9fa270f7495fe44d1559c1ac49795a30881a,69cfb2bf8bc181dc1de1e09f0c7477a1a5de7585,elasticnet_corrected_69cfb2bf8bc1_6ed147cd_f83baf57
ElasticNet,1,2,2022-11-13,2022-11-14,13.02,12.694199183661063,-0.325800816338937,0.325800816338937,0.10614617192711774,0.1,0.5,enet_a0.1_l0.5,submitted_main_linear_features_H1_18col,6ed147cd585e5e8083292683f9be3cf585e97e4d46fa0e3224d24a4e2b42cbbb,f83baf5732ffbf88b9a448a3d9ab9fa270f7495fe44d1559c1ac49795a30881a,69cfb2bf8bc181dc1de1e09f0c7477a1a5de7585,elasticnet_corrected_69cfb2bf8bc1_6ed147cd_f83baf57
ElasticNet,1,2,2022-11-14,2022-11-15,12.3,13.439705648293181,1.1397056482931802,1.1397056482931802,1.2989289647513782,0.1,0.5,enet_a0.1_l0.5,submitted_main_linear_features_H1_18col,6ed147cd585e5e8083292683f9be3cf585e97e4d46fa0e3224d24a4e2b42cbbb,f83baf5732ffbf88b9a448a3d9ab9fa270f7495fe44d1559c1ac49795a30881a,69cfb2bf8bc181dc1de1e09f0c7477a1a5de7585,elasticnet_corrected_69cfb2bf8bc1_6ed147cd_f83baf57
ElasticNet,1,2,2022-11-15,2022-11-16,12.12,13.314881063395118,1.194881063395119,1.194881063395119,1.4277407556602504,0.1,0.5,enet_a0.1_l0.5,submitted_main_linear_features_H1_18col,6ed147cd585e5e8083292683f9be3cf585e97e4d46fa0e3224d24a4e2b42cbbb,f83baf5732ffbf88b9a448a3d9ab9fa270f7495fe44d1559c1ac49795a30881a,69cfb2bf8bc181dc1de1e09f0c7477a1a5de7585,elasticnet_corrected_69cfb2bf8bc1_6ed147cd_f83baf57
ElasticNet,1,2,2022-11-16,2022-11-17,11.52,12.774177720021232,1.2541777200212323,1.2541777200212323,1.5729617533976565,0.1,0.5,enet_a0.1_l0.5,submitted_main_linear_features_H1_18col,6ed147cd585e5e8083292683f9be3cf585e97e4d46fa0e3224d24a4e2b42cbbb,f83baf5732ffbf88b9a448a3d9ab9fa270f7495fe44d1559c1ac49795a30881a,69cfb2bf8bc181dc1de1e09f0c7477a1a5de7585,elasticnet_corrected_69cfb2bf8bc1_6ed147cd_f83baf57
ElasticNet,1,2,2022-11-17,2022-11-18,13.18,13.118860640930192,-0.0611393590698075,0.0611393590698075,0.0037380212274668524,0.1,0.5,enet_a0.1_l0.5,submitted_main_linear_features_H1_18col,6ed147cd585e5e8083292683f9be3cf585e97e4d46fa0e3224d24a4e2b42cbbb,f83baf5732ffbf88b9a448a3d9ab9fa270f7495fe44d1559c1ac49795a30881a,69cfb2bf8bc181dc1de1e09f0c7477a1a5de7585,elasticnet_corrected_69cfb2bf8bc1_6ed147cd_f83baf57
ElasticNet,1,2,2022-11-18,2022-11-19,12.04,12.292279401798284,0.252279401798285,0.252279401798285,0.06364489657170053,0.1,0.5,enet_a0.1_l0.5,submitted_main_linear_features_H1_18col,6ed147cd585e5e8083292683f9be3cf585e97e4d46fa0e3224d24a4e2b42cbbb,f83baf5732ffbf88b9a448a3d9ab9fa270f7495fe44d1559c1ac49795a30881a,69cfb2bf8bc181dc1de1e09f0c7477a1a5de7585,elasticnet_corrected_69cfb2bf8bc1_6ed147cd_f83baf57
ElasticNet,1,2,2022-11-19,2022-11-20,11.29,13.530417310990263,2.2404173109902636,2.2404173109902636,5.019469727384844,0.1,0.5,enet_a0.1_l0.5,submitted_main_linear_features_H1_18col,6ed147cd585e5e8083292683f9be3cf585e97e4d46fa0e3224d24a4e2b42cbbb,f83baf5732ffbf88b9a448a3d9ab9fa270f7495fe44d1559c1ac49795a30881a,69cfb2bf8bc181dc1de1e09f0c7477a1a5de7585,elasticnet_corrected_69cfb2bf8bc1_6ed147cd_f83baf57
ElasticNet,1,2,2022-11-20,2022-11-21,14.21,13.781886541460361,-0.4281134585396398,0.4281134585396398,0.18328113338277185,0.1,0.5,enet_a0.1_l0.5,submitted_main_linear_features_H1_18col,6ed147cd585e5e8083292683f9be3cf585e97e4d46fa0e3224d24a4e2b42cbbb,f83baf5732ffbf88b9a448a3d9ab9fa270f7495fe44d1559c1ac49795a30881a,69cfb2bf8bc181dc1de1e09f0c7477a1a5de7585,elasticnet_corrected_69cfb2bf8bc1_6ed147cd_f83baf57
ElasticNet,1,2,2022-11-21,2022-11-22,12.13,13.095930910452687,0.9659309104526859,0.9659309104526859,0.9330225237679547,0.1,0.5,enet_a0.1_l0.5,submitted_main_linear_features_H1_18col,6ed147cd585e5e8083292683f9be3cf585e97e4d46fa0e3224d24a4e2b42cbbb,f83baf5732ffbf88b9a448a3d9ab9fa270f7495fe44d1559c1ac49795a30881a,69cfb2bf8bc181dc1de1e09f0c7477a1a5de7585,elasticnet_corrected_69cfb2bf8bc1_6ed147cd_f83baf57
ElasticNet,1,2,2022-11-22,2022-11-23,12.79,13.352307030729705,0.5623070307297056,0.5623070307297056,0.316189196808058,0.1,0.5,enet_a0.1_l0.5,submitted_main_linear_features_H1_18col,6ed147cd585e5e8083292683f9be3cf585e97e4d46fa0e3224d24a4e2b42cbbb,f83baf5732ffbf88b9a448a3d9ab9fa270f7495fe44d1559c1ac49795a30881a,69cfb2bf8bc181dc1de1e09f0c7477a1a5de7585,elasticnet_corrected_69cfb2bf8bc1_6ed147cd_f83baf57
ElasticNet,1,2,2022-11-23,2022-11-24,14.64,12.830929568873636,-1.809070431126365,1.809070431126365,3.272735824775732,0.1,0.5,enet_a0.1_l0.5,submitted_main_linear_features_H1_18col,6ed147cd585e5e8083292683f9be3cf585e97e4d46fa0e3224d24a4e2b42cbbb,f83baf5732ffbf88b9a448a3d9ab9fa270f7495fe44d1559c1ac49795a30881a,69cfb2bf8bc181dc1de1e09f0c7477a1a5de7585,elasticnet_corrected_69cfb2bf8bc1_6ed147cd_f83baf57
ElasticNet,1,2,2022-11-24,2022-11-25,15.19,12.650630155513792,-2.539369844486208,2.539369844486208,6.448399207085908,0.1,0.5,enet_a0.1_l0.5,submitted_main_linear_features_H1_18col,6ed147cd585e5e8083292683f9be3cf585e97e4d46fa0e3224d24a4e2b42cbbb,f83baf5732ffbf88b9a448a3d9ab9fa270f7495fe44d1559c1ac49795a30881a,69cfb2bf8bc181dc1de1e09f0c7477a1a5de7585,elasticnet_corrected_69cfb2bf8bc1_6ed147cd_f83baf57
ElasticNet,1,2,2022-11-25,2022-11-26,11.86,13.407243714389137,1.547243714389138,1.547243714389138,2.3939631117166966,0.1,0.5,enet_a0.1_l0.5,submitted_main_linear_features_H1_18col,6ed147cd585e5e8083292683f9be3cf585e97e4d46fa0e3224d24a4e2b42cbbb,f83baf5732ffbf88b9a448a3d9ab9fa270f7495fe44d1559c1ac49795a30881a,69cfb2bf8bc181dc1de1e09f0c7477a1a5de7585,elasticnet_corrected_69cfb2bf8bc1_6ed147cd_f83baf57
ElasticNet,1,2,2022-11-26,2022-11-27,10.9,13.783536989936733,2.883536989936733,2.883536989936733,8.314785572333394,0.1,0.5,enet_a0.1_l0.5,submitted_main_linear_features_H1_18col,6ed147cd585e5e8083292683f9be3cf585e97e4d46fa0e3224d24a4e2b42cbbb,f83baf5732ffbf88b9a448a3d9ab9fa270f7495fe44d1559c1ac49795a30881a,69cfb2bf8bc181dc1de1e09f0c7477a1a5de7585,elasticnet_corrected_69cfb2bf8bc1_6ed147cd_f83baf57
ElasticNet,1,2,2022-11-27,2022-11-28,13.08,12.672279874055235,-0.40772012594476514,0.40772012594476514,0.16623570110041516,0.1,0.5,enet_a0.1_l0.5,submitted_main_linear_features_H1_18col,6ed147cd585e5e8083292683f9be3cf585e97e4d46fa0e3224d24a4e2b42cbbb,f83baf5732ffbf88b9a448a3d9ab9fa270f7495fe44d1559c1ac49795a30881a,69cfb2bf8bc181dc1de1e09f0c7477a1a5de7585,elasticnet_corrected_69cfb2bf8bc1_6ed147cd_f83baf57
ElasticNet,1,2,2022-11-28,2022-11-29,11.44,12.836158770647764,1.396158770647764,1.396158770647764,1.9492593128566758,0.1,0.5,enet_a0.1_l0.5,submitted_main_linear_features_H1_18col,6ed147cd585e5e8083292683f9be3cf585e97e4d46fa0e3224d24a4e2b42cbbb,f83baf5732ffbf88b9a448a3d9ab9fa270f7495fe44d1559c1ac49795a30881a,69cfb2bf8bc181dc1de1e09f0c7477a1a5de7585,elasticnet_corrected_69cfb2bf8bc1_6ed147cd_f83baf57
ElasticNet,1,2,2022-11-29,2022-11-30,10.74,11.924315190424451,1.184315190424451,1.184315190424451,1.4026024702701039,0.1,0.5,enet_a0.1_l0.5,submitted_main_linear_features_H1_18col,6ed147cd585e5e8083292683f9be3cf585e97e4d46fa0e3224d24a4e2b42cbbb,f83baf5732ffbf88b9a448a3d9ab9fa270f7495fe44d1559c1ac49795a30881a,69cfb2bf8bc181dc1de1e09f0c7477a1a5de7585,elasticnet_corrected_69cfb2bf8bc1_6ed147cd_f83baf57
ElasticNet,1,2,2022-11-30,2022-12-01,13.61,11.95338084177836,-1.6566191582216394,1.6566191582216394,2.744387035386973,0.1,0.5,enet_a0.1_l0.5,submitted_main_linear_features_H1_18col,6ed147cd585e5e8083292683f9be3cf585e97e4d46fa0e3224d24a4e2b42cbbb,f83baf5732ffbf88b9a448a3d9ab9fa270f7495fe44d1559c1ac49795a30881a,69cfb2bf8bc181dc1de1e09f0c7477a1a5de7585,elasticnet_corrected_69cfb2bf8bc1_6ed147cd_f83baf57
ElasticNet,1,2,2022-12-01,2022-12-02,14.66,12.036008359879434,-2.6239916401205665,2.6239916401205665,6.885332127422621,0.1,0.5,enet_a0.1_l0.5,submitted_main_linear_features_H1_18col,6ed147cd585e5e8083292683f9be3cf585e97e4d46fa0e3224d24a4e2b42cbbb,f83baf5732ffbf88b9a448a3d9ab9fa270f7495fe44d1559c1ac49795a30881a,69cfb2bf8bc181dc1de1e09f0c7477a1a5de7585,elasticnet_corrected_69cfb2bf8bc1_6ed147cd_f83baf57
ElasticNet,1,2,2022-12-02,2022-12-03,12.89,13.096125054706668,0.20612505470666775,0.20612505470666775,0.04248753817782677,0.1,0.5,enet_a0.1_l0.5,submitted_main_linear_features_H1_18col,6ed147cd585e5e8083292683f9be3cf585e97e4d46fa0e3224d24a4e2b42cbbb,f83baf5732ffbf88b9a448a3d9ab9fa270f7495fe44d1559c1ac49795a30881a,69cfb2bf8bc181dc1de1e09f0c7477a1a5de7585,elasticnet_corrected_69cfb2bf8bc1_6ed147cd_f83baf57
ElasticNet,1,2,2022-12-03,2022-12-04,15.41,13.736629911898419,-1.6733700881015814,1.6733700881015814,2.800167451753094,0.1,0.5,enet_a0.1_l0.5,submitted_main_linear_features_H1_18col,6ed147cd585e5e8083292683f9be3cf585e97e4d46fa0e3224d24a4e2b42cbbb,f83baf5732ffbf88b9a448a3d9ab9fa270f7495fe44d1559c1ac49795a30881a,69cfb2bf8bc181dc1de1e09f0c7477a1a5de7585,elasticnet_corrected_69cfb2bf8bc1_6ed147cd_f83baf57
ElasticNet,1,2,2022-12-04,2022-12-05,14.77,12.810796668491568,-1.9592033315084318,1.9592033315084318,3.838477694193738,0.1,0.5,enet_a0.1_l0.5,submitted_main_linear_features_H1_18col,6ed147cd585e5e8083292683f9be3cf585e97e4d46fa0e3224d24a4e2b42cbbb,f83baf5732ffbf88b9a448a3d9ab9fa270f7495fe44d1559c1ac49795a30881a,69cfb2bf8bc181dc1de1e09f0c7477a1a5de7585,elasticnet_corrected_69cfb2bf8bc1_6ed147cd_f83baf57
ElasticNet,1,2,2022-12-05,2022-12-06,12.9,13.891911937958824,0.9919119379588235,0.9919119379588235,0.9838892926652288,0.1,0.5,enet_a0.1_l0.5,submitted_main_linear_features_H1_18col,6ed147cd585e5e8083292683f9be3cf585e97e4d46fa0e3224d24a4e2b42cbbb,f83baf5732ffbf88b9a448a3d9ab9fa270f7495fe44d1559c1ac49795a30881a,69cfb2bf8bc181dc1de1e09f0c7477a1a5de7585,elasticnet_corrected_69cfb2bf8bc1_6ed147cd_f83baf57
ElasticNet,1,2,2022-12-06,2022-12-07,14.59,13.717139350848875,-0.872860649151125,0.872860649151125,0.7618857128365234,0.1,0.5,enet_a0.1_l0.5,submitted_main_linear_features_H1_18col,6ed147cd585e5e8083292683f9be3cf585e97e4d46fa0e3224d24a4e2b42cbbb,f83baf5732ffbf88b9a448a3d9ab9fa270f7495fe44d1559c1ac49795a30881a,69cfb2bf8bc181dc1de1e09f0c7477a1a5de7585,elasticnet_corrected_69cfb2bf8bc1_6ed147cd_f83baf57
ElasticNet,1,2,2022-12-07,2022-12-08,13.7,13.022091267129737,-0.6779087328702627,0.6779087328702627,0.45956025010176516,0.1,0.5,enet_a0.1_l0.5,submitted_main_linear_features_H1_18col,6ed147cd585e5e8083292683f9be3cf585e97e4d46fa0e3224d24a4e2b42cbbb,f83baf5732ffbf88b9a448a3d9ab9fa270f7495fe44d1559c1ac49795a30881a,69cfb2bf8bc181dc1de1e09f0c7477a1a5de7585,elasticnet_corrected_69cfb2bf8bc1_6ed147cd_f83baf57
ElasticNet,1,2,2022-12-08,2022-12-09,11.71,13.60714897400451,1.8971489740045087,1.8971489740045087,3.59917422956636,0.1,0.5,enet_a0.1_l0.5,submitted_main_linear_features_H1_18col,6ed147cd585e5e8083292683f9be3cf585e97e4d46fa0e3224d24a4e2b42cbbb,f83baf5732ffbf88b9a448a3d9ab9fa270f7495fe44d1559c1ac49795a30881a,69cfb2bf8bc181dc1de1e09f0c7477a1a5de7585,elasticnet_corrected_69cfb2bf8bc1_6ed147cd_f83baf57
ElasticNet,1,2,2022-12-09,2022-12-10,11.29,13.460741540731103,2.170741540731104,2.170741540731104,4.712118836655647,0.1,0.5,enet_a0.1_l0.5,submitted_main_linear_features_H1_18col,6ed147cd585e5e8083292683f9be3cf585e97e4d46fa0e3224d24a4e2b42cbbb,f83baf5732ffbf88b9a448a3d9ab9fa270f7495fe44d1559c1ac49795a30881a,69cfb2bf8bc181dc1de1e09f0c7477a1a5de7585,elasticnet_corrected_69cfb2bf8bc1_6ed147cd_f83baf57
ElasticNet,1,2,2022-12-10,2022-12-11,10.86,12.859660303761624,1.9996603037616243,1.9996603037616243,3.9986413304400314,0.1,0.5,enet_a0.1_l0.5,submitted_main_linear_features_H1_18col,6ed147cd585e5e8083292683f9be3cf585e97e4d46fa0e3224d24a4e2b42cbbb,f83baf5732ffbf88b9a448a3d9ab9fa270f7495fe44d1559c1ac49795a30881a,69cfb2bf8bc181dc1de1e09f0c7477a1a5de7585,elasticnet_corrected_69cfb2bf8bc1_6ed147cd_f83baf57
ElasticNet,1,2,2022-12-11,2022-12-12,12.49,13.521011785295498,1.0310117852954974,1.0310117852954974,1.062985301418209,0.1,0.5,enet_a0.1_l0.5,submitted_main_linear_features_H1_18col,6ed147cd585e5e8083292683f9be3cf585e97e4d46fa0e3224d24a4e2b42cbbb,f83baf5732ffbf88b9a448a3d9ab9fa270f7495fe44d1559c1ac49795a30881a,69cfb2bf8bc181dc1de1e09f0c7477a1a5de7585,elasticnet_corrected_69cfb2bf8bc1_6ed147cd_f83baf57
ElasticNet,1,2,2022-12-12,2022-12-13,14.09,12.81506282631067,-1.2749371736893291,1.2749371736893291,1.6254647968549345,0.1,0.5,enet_a0.1_l0.5,submitted_main_linear_features_H1_18col,6ed147cd585e5e8083292683f9be3cf585e97e4d46fa0e3224d24a4e2b42cbbb,f83baf5732ffbf88b9a448a3d9ab9fa270f7495fe44d1559c1ac49795a30881a,69cfb2bf8bc181dc1de1e09f0c7477a1a5de7585,elasticnet_corrected_69cfb2bf8bc1_6ed147cd_f83baf57
ElasticNet,1,2,2022-12-13,2022-12-14,14.64,12.992718375216448,-1.6472816247835524,1.6472816247835524,2.7135367513495403,0.1,0.5,enet_a0.1_l0.5,submitted_main_linear_features_H1_18col,6ed147cd585e5e8083292683f9be3cf585e97e4d46fa0e3224d24a4e2b42cbbb,f83baf5732ffbf88b9a448a3d9ab9fa270f7495fe44d1559c1ac49795a30881a,69cfb2bf8bc181dc1de1e09f0c7477a1a5de7585,elasticnet_corrected_69cfb2bf8bc1_6ed147cd_f83baf57
ElasticNet,1,2,2022-12-14,2022-12-15,11.76,13.099797080490637,1.3397970804906372,1.3397970804906372,1.795056216891235,0.1,0.5,enet_a0.1_l0.5,submitted_main_linear_features_H1_18col,6ed147cd585e5e8083292683f9be3cf585e97e4d46fa0e3224d24a4e2b42cbbb,f83baf5732ffbf88b9a448a3d9ab9fa270f7495fe44d1559c1ac49795a30881a,69cfb2bf8bc181dc1de1e09f0c7477a1a5de7585,elasticnet_corrected_69cfb2bf8bc1_6ed147cd_f83baf57
ElasticNet,1,2,2022-12-15,2022-12-16,12.11,13.58338267972748,1.4733826797274805,1.4733826797274805,2.1708565209209314,0.1,0.5,enet_a0.1_l0.5,submitted_main_linear_features_H1_18col,6ed147cd585e5e8083292683f9be3cf585e97e4d46fa0e3224d24a4e2b42cbbb,f83baf5732ffbf88b9a448a3d9ab9fa270f7495fe44d1559c1ac49795a30881a,69cfb2bf8bc181dc1de1e09f0c7477a1a5de7585,elasticnet_corrected_69cfb2bf8bc1_6ed147cd_f83baf57
ElasticNet,1,2,2022-12-16,2022-12-17,14.6,13.443495320269214,-1.1565046797307854,1.1565046797307854,1.3375030742392064,0.1,0.5,enet_a0.1_l0.5,submitted_main_linear_features_H1_18col,6ed147cd585e5e8083292683f9be3cf585e97e4d46fa0e3224d24a4e2b42cbbb,f83baf5732ffbf88b9a448a3d9ab9fa270f7495fe44d1559c1ac49795a30881a,69cfb2bf8bc181dc1de1e09f0c7477a1a5de7585,elasticnet_corrected_69cfb2bf8bc1_6ed147cd_f83baf57
ElasticNet,1,2,2022-12-17,2022-12-18,14.22,12.754035761329252,-1.4659642386707485,1.4659642386707485,2.149051149061507,0.1,0.5,enet_a0.1_l0.5,submitted_main_linear_features_H1_18col,6ed147cd585e5e8083292683f9be3cf585e97e4d46fa0e3224d24a4e2b42cbbb,f83baf5732ffbf88b9a448a3d9ab9fa270f7495fe44d1559c1ac49795a30881a,69cfb2bf8bc181dc1de1e09f0c7477a1a5de7585,elasticnet_corrected_69cfb2bf8bc1_6ed147cd_f83baf57
ElasticNet,1,2,2022-12-18,2022-12-19,13.27,13.179224489612597,-0.09077551038740239,0.09077551038740239,0.008240193286093399,0.1,0.5,enet_a0.1_l0.5,submitted_main_linear_features_H1_18col,6ed147cd585e5e8083292683f9be3cf585e97e4d46fa0e3224d24a4e2b42cbbb,f83baf5732ffbf88b9a448a3d9ab9fa270f7495fe44d1559c1ac49795a30881a,69cfb2bf8bc181dc1de1e09f0c7477a1a5de7585,elasticnet_corrected_69cfb2bf8bc1_6ed147cd_f83baf57
ElasticNet,1,2,2022-12-19,2022-12-20,12.58,13.151414396297621,0.5714143962976213,0.5714143962976213,0.32651441229617495,0.1,0.5,enet_a0.1_l0.5,submitted_main_linear_features_H1_18col,6ed147cd585e5e8083292683f9be3cf585e97e4d46fa0e3224d24a4e2b42cbbb,f83baf5732ffbf88b9a448a3d9ab9fa270f7495fe44d1559c1ac49795a30881a,69cfb2bf8bc181dc1de1e09f0c7477a1a5de7585,elasticnet_corrected_69cfb2bf8bc1_6ed147cd_f83baf57
ElasticNet,1,2,2022-12-20,2022-12-21,12.94,13.365551173553001,0.42555117355300176,0.42555117355300176,0.18109380131233702,0.1,0.5,enet_a0.1_l0.5,submitted_main_linear_features_H1_18col,6ed147cd585e5e8083292683f9be3cf585e97e4d46fa0e3224d24a4e2b42cbbb,f83baf5732ffbf88b9a448a3d9ab9fa270f7495fe44d1559c1ac49795a30881a,69cfb2bf8bc181dc1de1e09f0c7477a1a5de7585,elasticnet_corrected_69cfb2bf8bc1_6ed147cd_f83baf57
ElasticNet,1,2,2022-12-21,2022-12-22,12.92,13.333179865330811,0.41317986533081097,0.41317986533081097,0.1707176011147871,0.1,0.5,enet_a0.1_l0.5,submitted_main_linear_features_H1_18col,6ed147cd585e5e8083292683f9be3cf585e97e4d46fa0e3224d24a4e2b42cbbb,f83baf5732ffbf88b9a448a3d9ab9fa270f7495fe44d1559c1ac49795a30881a,69cfb2bf8bc181dc1de1e09f0c7477a1a5de7585,elasticnet_corrected_69cfb2bf8bc1_6ed147cd_f83baf57
ElasticNet,1,2,2022-12-22,2022-12-23,14.04,12.71240081436352,-1.3275991856364797,1.3275991856364797,1.7625195977026442,0.1,0.5,enet_a0.1_l0.5,submitted_main_linear_features_H1_18col,6ed147cd585e5e8083292683f9be3cf585e97e4d46fa0e3224d24a4e2b42cbbb,f83baf5732ffbf88b9a448a3d9ab9fa270f7495fe44d1559c1ac49795a30881a,69cfb2bf8bc181dc1de1e09f0c7477a1a5de7585,elasticnet_corrected_69cfb2bf8bc1_6ed147cd_f83baf57
ElasticNet,1,2,2022-12-23,2022-12-24,13.32,13.388662910564562,0.0686629105645622,0.0686629105645622,0.004714595287197067,0.1,0.5,enet_a0.1_l0.5,submitted_main_linear_features_H1_18col,6ed147cd585e5e8083292683f9be3cf585e97e4d46fa0e3224d24a4e2b42cbbb,f83baf5732ffbf88b9a448a3d9ab9fa270f7495fe44d1559c1ac49795a30881a,69cfb2bf8bc181dc1de1e09f0c7477a1a5de7585,elasticnet_corrected_69cfb2bf8bc1_6ed147cd_f83baf57
ElasticNet,1,2,2022-12-24,2022-12-25,12.68,13.412940610770965,0.7329406107709655,0.7329406107709655,0.5372019389173159,0.1,0.5,enet_a0.1_l0.5,submitted_main_linear_features_H1_18col,6ed147cd585e5e8083292683f9be3cf585e97e4d46fa0e3224d24a4e2b42cbbb,f83baf5732ffbf88b9a448a3d9ab9fa270f7495fe44d1559c1ac49795a30881a,69cfb2bf8bc181dc1de1e09f0c7477a1a5de7585,elasticnet_corrected_69cfb2bf8bc1_6ed147cd_f83baf57
ElasticNet,1,2,2022-12-25,2022-12-26,15.24,13.17188527696436,-2.06811472303564,2.06811472303564,4.277098507636781,0.1,0.5,enet_a0.1_l0.5,submitted_main_linear_features_H1_18col,6ed147cd585e5e8083292683f9be3cf585e97e4d46fa0e3224d24a4e2b42cbbb,f83baf5732ffbf88b9a448a3d9ab9fa270f7495fe44d1559c1ac49795a30881a,69cfb2bf8bc181dc1de1e09f0c7477a1a5de7585,elasticnet_corrected_69cfb2bf8bc1_6ed147cd_f83baf57
ElasticNet,1,2,2022-12-26,2022-12-27,12.37,13.136020008310899,0.7660200083108997,0.7660200083108997,0.5867866531326308,0.1,0.5,enet_a0.1_l0.5,submitted_main_linear_features_H1_18col,6ed147cd585e5e8083292683f9be3cf585e97e4d46fa0e3224d24a4e2b42cbbb,f83baf5732ffbf88b9a448a3d9ab9fa270f7495fe44d1559c1ac49795a30881a,69cfb2bf8bc181dc1de1e09f0c7477a1a5de7585,elasticnet_corrected_69cfb2bf8bc1_6ed147cd_f83baf57
ElasticNet,1,2,2022-12-27,2022-12-28,10.22,13.351143892413987,3.131143892413986,3.131143892413986,9.804062075001408,0.1,0.5,enet_a0.1_l0.5,submitted_main_linear_features_H1_18col,6ed147cd585e5e8083292683f9be3cf585e97e4d46fa0e3224d24a4e2b42cbbb,f83baf5732ffbf88b9a448a3d9ab9fa270f7495fe44d1559c1ac49795a30881a,69cfb2bf8bc181dc1de1e09f0c7477a1a5de7585,elasticnet_corrected_69cfb2bf8bc1_6ed147cd_f83baf57
ElasticNet,1,2,2022-12-28,2022-12-29,10.45,12.55418229769511,2.104182297695111,2.104182297695111,4.427583141933477,0.1,0.5,enet_a0.1_l0.5,submitted_main_linear_features_H1_18col,6ed147cd585e5e8083292683f9be3cf585e97e4d46fa0e3224d24a4e2b42cbbb,f83baf5732ffbf88b9a448a3d9ab9fa270f7495fe44d1559c1ac49795a30881a,69cfb2bf8bc181dc1de1e09f0c7477a1a5de7585,elasticnet_corrected_69cfb2bf8bc1_6ed147cd_f83baf57
ElasticNet,1,2,2022-12-29,2022-12-30,11.82,12.219061838406144,0.3990618384061442,0.3990618384061442,0.15925035087209152,0.1,0.5,enet_a0.1_l0.5,submitted_main_linear_features_H1_18col,6ed147cd585e5e8083292683f9be3cf585e97e4d46fa0e3224d24a4e2b42cbbb,f83baf5732ffbf88b9a448a3d9ab9fa270f7495fe44d1559c1ac49795a30881a,69cfb2bf8bc181dc1de1e09f0c7477a1a5de7585,elasticnet_corrected_69cfb2bf8bc1_6ed147cd_f83baf57
ElasticNet,1,2,2022-12-30,2022-12-31,13.51,12.274920505556402,-1.2350794944435979,1.2350794944435979,1.5254213575950533,0.1,0.5,enet_a0.1_l0.5,submitted_main_linear_features_H1_18col,6ed147cd585e5e8083292683f9be3cf585e97e4d46fa0e3224d24a4e2b42cbbb,f83baf5732ffbf88b9a448a3d9ab9fa270f7495fe44d1559c1ac49795a30881a,69cfb2bf8bc181dc1de1e09f0c7477a1a5de7585,elasticnet_corrected_69cfb2bf8bc1_6ed147cd_f83baf57
ElasticNet,1,2,2022-12-31,2023-01-01,12.29,12.918970138411309,0.6289701384113098,0.6289701384113098,0.39560343501314216,0.1,0.5,enet_a0.1_l0.5,submitted_main_linear_features_H1_18col,6ed147cd585e5e8083292683f9be3cf585e97e4d46fa0e3224d24a4e2b42cbbb,f83baf5732ffbf88b9a448a3d9ab9fa270f7495fe44d1559c1ac49795a30881a,69cfb2bf8bc181dc1de1e09f0c7477a1a5de7585,elasticnet_corrected_69cfb2bf8bc1_6ed147cd_f83baf57
ElasticNet,1,2,2023-01-01,2023-01-02,13.67,13.126161028245276,-0.5438389717547238,0.5438389717547238,0.2957608271992353,0.1,0.5,enet_a0.1_l0.5,submitted_main_linear_features_H1_18col,6ed147cd585e5e8083292683f9be3cf585e97e4d46fa0e3224d24a4e2b42cbbb,f83baf5732ffbf88b9a448a3d9ab9fa270f7495fe44d1559c1ac49795a30881a,69cfb2bf8bc181dc1de1e09f0c7477a1a5de7585,elasticnet_corrected_69cfb2bf8bc1_6ed147cd_f83baf57
ElasticNet,1,2,2023-01-02,2023-01-03,12.94,13.21319311269446,0.2731931126944609,0.2731931126944609,0.07463447682368841,0.1,0.5,enet_a0.1_l0.5,submitted_main_linear_features_H1_18col,6ed147cd585e5e8083292683f9be3cf585e97e4d46fa0e3224d24a4e2b42cbbb,f83baf5732ffbf88b9a448a3d9ab9fa270f7495fe44d1559c1ac49795a30881a,69cfb2bf8bc181dc1de1e09f0c7477a1a5de7585,elasticnet_corrected_69cfb2bf8bc1_6ed147cd_f83baf57
ElasticNet,1,2,2023-01-03,2023-01-04,13.74,13.502126417660547,-0.23787358233945355,0.23787358233945355,0.056583841175004784,0.1,0.5,enet_a0.1_l0.5,submitted_main_linear_features_H1_18col,6ed147cd585e5e8083292683f9be3cf585e97e4d46fa0e3224d24a4e2b42cbbb,f83baf5732ffbf88b9a448a3d9ab9fa270f7495fe44d1559c1ac49795a30881a,69cfb2bf8bc181dc1de1e09f0c7477a1a5de7585,elasticnet_corrected_69cfb2bf8bc1_6ed147cd_f83baf57
ElasticNet,1,2,2023-01-04,2023-01-05,10.82,12.943257752114274,2.1232577521142737,2.1232577521142737,4.508223481913358,0.1,0.5,enet_a0.1_l0.5,submitted_main_linear_features_H1_18col,6ed147cd585e5e8083292683f9be3cf585e97e4d46fa0e3224d24a4e2b42cbbb,f83baf5732ffbf88b9a448a3d9ab9fa270f7495fe44d1559c1ac49795a30881a,69cfb2bf8bc181dc1de1e09f0c7477a1a5de7585,elasticnet_corrected_69cfb2bf8bc1_6ed147cd_f83baf57
ElasticNet,1,2,2023-01-05,2023-01-06,12.01,12.947136061932106,0.9371360619321063,0.9371360619321063,0.8782239985736165,0.1,0.5,enet_a0.1_l0.5,submitted_main_linear_features_H1_18col,6ed147cd585e5e8083292683f9be3cf585e97e4d46fa0e3224d24a4e2b42cbbb,f83baf5732ffbf88b9a448a3d9ab9fa270f7495fe44d1559c1ac49795a30881a,69cfb2bf8bc181dc1de1e09f0c7477a1a5de7585,elasticnet_corrected_69cfb2bf8bc1_6ed147cd_f83baf57
ElasticNet,1,2,2023-01-06,2023-01-07,13.3,13.28555388727808,-0.014446112721920201,0.014446112721920201,0.00020869017277442469,0.1,0.5,enet_a0.1_l0.5,submitted_main_linear_features_H1_18col,6ed147cd585e5e8083292683f9be3cf585e97e4d46fa0e3224d24a4e2b42cbbb,f83baf5732ffbf88b9a448a3d9ab9fa270f7495fe44d1559c1ac49795a30881a,69cfb2bf8bc181dc1de1e09f0c7477a1a5de7585,elasticnet_corrected_69cfb2bf8bc1_6ed147cd_f83baf57
ElasticNet,1,2,2023-01-07,2023-01-08,11.75,12.807962993136345,1.0579629931363446,1.0579629931363446,1.119285694846013,0.1,0.5,enet_a0.1_l0.5,submitted_main_linear_features_H1_18col,6ed147cd585e5e8083292683f9be3cf585e97e4d46fa0e3224d24a4e2b42cbbb,f83baf5732ffbf88b9a448a3d9ab9fa270f7495fe44d1559c1ac49795a30881a,69cfb2bf8bc181dc1de1e09f0c7477a1a5de7585,elasticnet_corrected_69cfb2bf8bc1_6ed147cd_f83baf57
ElasticNet,1,2,2023-01-08,2023-01-09,14.04,13.730333858463691,-0.309666141536308,0.309666141536308,0.09589311921398475,0.1,0.5,enet_a0.1_l0.5,submitted_main_linear_features_H1_18col,6ed147cd585e5e8083292683f9be3cf585e97e4d46fa0e3224d24a4e2b42cbbb,f83baf5732ffbf88b9a448a3d9ab9fa270f7495fe44d1559c1ac49795a30881a,69cfb2bf8bc181dc1de1e09f0c7477a1a5de7585,elasticnet_corrected_69cfb2bf8bc1_6ed147cd_f83baf57
ElasticNet,1,2,2023-01-09,2023-01-10,14.39,13.595664553851048,-0.7943354461489527,0.7943354461489527,0.6309688010086557,0.1,0.5,enet_a0.1_l0.5,submitted_main_linear_features_H1_18col,6ed147cd585e5e8083292683f9be3cf585e97e4d46fa0e3224d24a4e2b42cbbb,f83baf5732ffbf88b9a448a3d9ab9fa270f7495fe44d1559c1ac49795a30881a,69cfb2bf8bc181dc1de1e09f0c7477a1a5de7585,elasticnet_corrected_69cfb2bf8bc1_6ed147cd_f83baf57
ElasticNet,1,2,2023-01-10,2023-01-11,10.31,14.106047332702733,3.7960473327027326,3.7960473327027326,14.409975352119531,0.1,0.5,enet_a0.1_l0.5,submitted_main_linear_features_H1_18col,6ed147cd585e5e8083292683f9be3cf585e97e4d46fa0e3224d24a4e2b42cbbb,f83baf5732ffbf88b9a448a3d9ab9fa270f7495fe44d1559c1ac49795a30881a,69cfb2bf8bc181dc1de1e09f0c7477a1a5de7585,elasticnet_corrected_69cfb2bf8bc1_6ed147cd_f83baf57
ElasticNet,1,2,2023-01-11,2023-01-12,12.35,13.349824493326777,0.999824493326777,0.999824493326777,0.9996490174561464,0.1,0.5,enet_a0.1_l0.5,submitted_main_linear_features_H1_18col,6ed147cd585e5e8083292683f9be3cf585e97e4d46fa0e3224d24a4e2b42cbbb,f83baf5732ffbf88b9a448a3d9ab9fa270f7495fe44d1559c1ac49795a30881a,69cfb2bf8bc181dc1de1e09f0c7477a1a5de7585,elasticnet_corrected_69cfb2bf8bc1_6ed147cd_f83baf57
ElasticNet,1,2,2023-01-12,2023-01-13,13.13,11.906176062941102,-1.2238239370588992,1.2238239370588992,1.4977450289183445,0.1,0.5,enet_a0.1_l0.5,submitted_main_linear_features_H1_18col,6ed147cd585e5e8083292683f9be3cf585e97e4d46fa0e3224d24a4e2b42cbbb,f83baf5732ffbf88b9a448a3d9ab9fa270f7495fe44d1559c1ac49795a30881a,69cfb2bf8bc181dc1de1e09f0c7477a1a5de7585,elasticnet_corrected_69cfb2bf8bc1_6ed147cd_f83baf57
ElasticNet,1,2,2023-01-13,2023-01-14,6.71,11.80927296014615,5.099272960146149,5.099272960146149,26.00258472207767,0.1,0.5,enet_a0.1_l0.5,submitted_main_linear_features_H1_18col,6ed147cd585e5e8083292683f9be3cf585e97e4d46fa0e3224d24a4e2b42cbbb,f83baf5732ffbf88b9a448a3d9ab9fa270f7495fe44d1559c1ac49795a30881a,69cfb2bf8bc181dc1de1e09f0c7477a1a5de7585,elasticnet_corrected_69cfb2bf8bc1_6ed147cd_f83baf57
ElasticNet,1,2,2023-01-14,2023-01-15,10.54,12.37072935761825,1.8307293576182513,1.8307293576182513,3.351569980845335,0.1,0.5,enet_a0.1_l0.5,submitted_main_linear_features_H1_18col,6ed147cd585e5e8083292683f9be3cf585e97e4d46fa0e3224d24a4e2b42cbbb,f83baf5732ffbf88b9a448a3d9ab9fa270f7495fe44d1559c1ac49795a30881a,69cfb2bf8bc181dc1de1e09f0c7477a1a5de7585,elasticnet_corrected_69cfb2bf8bc1_6ed147cd_f83baf57
ElasticNet,1,2,2023-01-15,2023-01-16,10.56,10.737267062176928,0.17726706217692723,0.17726706217692723,0.03142361133283858,0.1,0.5,enet_a0.1_l0.5,submitted_main_linear_features_H1_18col,6ed147cd585e5e8083292683f9be3cf585e97e4d46fa0e3224d24a4e2b42cbbb,f83baf5732ffbf88b9a448a3d9ab9fa270f7495fe44d1559c1ac49795a30881a,69cfb2bf8bc181dc1de1e09f0c7477a1a5de7585,elasticnet_corrected_69cfb2bf8bc1_6ed147cd_f83baf57
ElasticNet,1,2,2023-01-16,2023-01-17,10.38,11.707246804111824,1.327246804111823,1.327246804111823,1.761584079025048,0.1,0.5,enet_a0.1_l0.5,submitted_main_linear_features_H1_18col,6ed147cd585e5e8083292683f9be3cf585e97e4d46fa0e3224d24a4e2b42cbbb,f83baf5732ffbf88b9a448a3d9ab9fa270f7495fe44d1559c1ac49795a30881a,69cfb2bf8bc181dc1de1e09f0c7477a1a5de7585,elasticnet_corrected_69cfb2bf8bc1_6ed147cd_f83baf57
ElasticNet,1,2,2023-01-17,2023-01-18,11.68,11.464572242764163,-0.21542775723583674,0.21542775723583674,0.046409118587662605,0.1,0.5,enet_a0.1_l0.5,submitted_main_linear_features_H1_18col,6ed147cd585e5e8083292683f9be3cf585e97e4d46fa0e3224d24a4e2b42cbbb,f83baf5732ffbf88b9a448a3d9ab9fa270f7495fe44d1559c1ac49795a30881a,69cfb2bf8bc181dc1de1e09f0c7477a1a5de7585,elasticnet_corrected_69cfb2bf8bc1_6ed147cd_f83baf57
ElasticNet,1,2,2023-01-18,2023-01-19,11.39,11.757755891222821,0.3677558912228207,0.3677558912228207,0.13524439552909115,0.1,0.5,enet_a0.1_l0.5,submitted_main_linear_features_H1_18col,6ed147cd585e5e8083292683f9be3cf585e97e4d46fa0e3224d24a4e2b42cbbb,f83baf5732ffbf88b9a448a3d9ab9fa270f7495fe44d1559c1ac49795a30881a,69cfb2bf8bc181dc1de1e09f0c7477a1a5de7585,elasticnet_corrected_69cfb2bf8bc1_6ed147cd_f83baf57
ElasticNet,1,2,2023-01-19,2023-01-20,13.84,11.993835895055518,-1.8461641049444815,1.8461641049444815,3.4083219023854583,0.1,0.5,enet_a0.1_l0.5,submitted_main_linear_features_H1_18col,6ed147cd585e5e8083292683f9be3cf585e97e4d46fa0e3224d24a4e2b42cbbb,f83baf5732ffbf88b9a448a3d9ab9fa270f7495fe44d1559c1ac49795a30881a,69cfb2bf8bc181dc1de1e09f0c7477a1a5de7585,elasticnet_corrected_69cfb2bf8bc1_6ed147cd_f83baf57
ElasticNet,1,2,2023-01-20,2023-01-21,9.61,11.963599305177942,2.3535993051779425,2.3535993051779425,5.539429689334094,0.1,0.5,enet_a0.1_l0.5,submitted_main_linear_features_H1_18col,6ed147cd585e5e8083292683f9be3cf585e97e4d46fa0e3224d24a4e2b42cbbb,f83baf5732ffbf88b9a448a3d9ab9fa270f7495fe44d1559c1ac49795a30881a,69cfb2bf8bc181dc1de1e09f0c7477a1a5de7585,elasticnet_corrected_69cfb2bf8bc1_6ed147cd_f83baf57
ElasticNet,1,2,2023-01-21,2023-01-22,11.47,12.930522735075218,1.4605227350752177,1.4605227350752177,2.1331266596715945,0.1,0.5,enet_a0.1_l0.5,submitted_main_linear_features_H1_18col,6ed147cd585e5e8083292683f9be3cf585e97e4d46fa0e3224d24a4e2b42cbbb,f83baf5732ffbf88b9a448a3d9ab9fa270f7495fe44d1559c1ac49795a30881a,69cfb2bf8bc181dc1de1e09f0c7477a1a5de7585,elasticnet_corrected_69cfb2bf8bc1_6ed147cd_f83baf57
ElasticNet,1,2,2023-01-22,2023-01-23,9.53,12.237545791499297,2.7075457914992977,2.7075457914992977,7.330804213065559,0.1,0.5,enet_a0.1_l0.5,submitted_main_linear_features_H1_18col,6ed147cd585e5e8083292683f9be3cf585e97e4d46fa0e3224d24a4e2b42cbbb,f83baf5732ffbf88b9a448a3d9ab9fa270f7495fe44d1559c1ac49795a30881a,69cfb2bf8bc181dc1de1e09f0c7477a1a5de7585,elasticnet_corrected_69cfb2bf8bc1_6ed147cd_f83baf57
ElasticNet,1,2,2023-01-23,2023-01-24,9.61,12.737285032537644,3.1272850325376442,3.1272850325376442,9.779911674733974,0.1,0.5,enet_a0.1_l0.5,submitted_main_linear_features_H1_18col,6ed147cd585e5e8083292683f9be3cf585e97e4d46fa0e3224d24a4e2b42cbbb,f83baf5732ffbf88b9a448a3d9ab9fa270f7495fe44d1559c1ac49795a30881a,69cfb2bf8bc181dc1de1e09f0c7477a1a5de7585,elasticnet_corrected_69cfb2bf8bc1_6ed147cd_f83baf57
ElasticNet,1,2,2023-01-24,2023-01-25,13.98,12.29069995967199,-1.6893000403280105,1.6893000403280105,2.853734626252218,0.1,0.5,enet_a0.1_l0.5,submitted_main_linear_features_H1_18col,6ed147cd585e5e8083292683f9be3cf585e97e4d46fa0e3224d24a4e2b42cbbb,f83baf5732ffbf88b9a448a3d9ab9fa270f7495fe44d1559c1ac49795a30881a,69cfb2bf8bc181dc1de1e09f0c7477a1a5de7585,elasticnet_corrected_69cfb2bf8bc1_6ed147cd_f83baf57
ElasticNet,1,2,2023-01-25,2023-01-26,12.46,12.34391738433965,-0.1160826156603516,0.1160826156603516,0.013475173658548908,0.1,0.5,enet_a0.1_l0.5,submitted_main_linear_features_H1_18col,6ed147cd585e5e8083292683f9be3cf585e97e4d46fa0e3224d24a4e2b42cbbb,f83baf5732ffbf88b9a448a3d9ab9fa270f7495fe44d1559c1ac49795a30881a,69cfb2bf8bc181dc1de1e09f0c7477a1a5de7585,elasticnet_corrected_69cfb2bf8bc1_6ed147cd_f83baf57
ElasticNet,1,2,2023-01-26,2023-01-27,11.69,12.751044614465547,1.0610446144655477,1.0610446144655477,1.1258156738863427,0.1,0.5,enet_a0.1_l0.5,submitted_main_linear_features_H1_18col,6ed147cd585e5e8083292683f9be3cf585e97e4d46fa0e3224d24a4e2b42cbbb,f83baf5732ffbf88b9a448a3d9ab9fa270f7495fe44d1559c1ac49795a30881a,69cfb2bf8bc181dc1de1e09f0c7477a1a5de7585,elasticnet_corrected_69cfb2bf8bc1_6ed147cd_f83baf57
ElasticNet,1,2,2023-01-27,2023-01-28,12.88,12.428164177262143,-0.4518358227378574,0.4518358227378574,0.20415561070919647,0.1,0.5,enet_a0.1_l0.5,submitted_main_linear_features_H1_18col,6ed147cd585e5e8083292683f9be3cf585e97e4d46fa0e3224d24a4e2b42cbbb,f83baf5732ffbf88b9a448a3d9ab9fa270f7495fe44d1559c1ac49795a30881a,69cfb2bf8bc181dc1de1e09f0c7477a1a5de7585,elasticnet_corrected_69cfb2bf8bc1_6ed147cd_f83baf57
ElasticNet,1,2,2023-01-28,2023-01-29,12.01,12.500657540137736,0.490657540137736,0.490657540137736,0.240744821694014,0.1,0.5,enet_a0.1_l0.5,submitted_main_linear_features_H1_18col,6ed147cd585e5e8083292683f9be3cf585e97e4d46fa0e3224d24a4e2b42cbbb,f83baf5732ffbf88b9a448a3d9ab9fa270f7495fe44d1559c1ac49795a30881a,69cfb2bf8bc181dc1de1e09f0c7477a1a5de7585,elasticnet_corrected_69cfb2bf8bc1_6ed147cd_f83baf57
ElasticNet,1,2,2023-01-29,2023-01-30,14.4,12.916684683164318,-1.4833153168356823,1.4833153168356823,2.2002243291593406,0.1,0.5,enet_a0.1_l0.5,submitted_main_linear_features_H1_18col,6ed147cd585e5e8083292683f9be3cf585e97e4d46fa0e3224d24a4e2b42cbbb,f83baf5732ffbf88b9a448a3d9ab9fa270f7495fe44d1559c1ac49795a30881a,69cfb2bf8bc181dc1de1e09f0c7477a1a5de7585,elasticnet_corrected_69cfb2bf8bc1_6ed147cd_f83baf57
ElasticNet,1,2,2023-01-30,2023-01-31,14.68,12.654429729434735,-2.0255702705652645,2.0255702705652645,4.102934920997839,0.1,0.5,enet_a0.1_l0.5,submitted_main_linear_features_H1_18col,6ed147cd585e5e8083292683f9be3cf585e97e4d46fa0e3224d24a4e2b42cbbb,f83baf5732ffbf88b9a448a3d9ab9fa270f7495fe44d1559c1ac49795a30881a,69cfb2bf8bc181dc1de1e09f0c7477a1a5de7585,elasticnet_corrected_69cfb2bf8bc1_6ed147cd_f83baf57
ElasticNet,1,2,2023-01-31,2023-02-01,16.7,13.747700792962267,-2.9522992070377327,2.9522992070377327,8.716070607875626,0.1,0.5,enet_a0.1_l0.5,submitted_main_linear_features_H1_18col,6ed147cd585e5e8083292683f9be3cf585e97e4d46fa0e3224d24a4e2b42cbbb,f83baf5732ffbf88b9a448a3d9ab9fa270f7495fe44d1559c1ac49795a30881a,69cfb2bf8bc181dc1de1e09f0c7477a1a5de7585,elasticnet_corrected_69cfb2bf8bc1_6ed147cd_f83baf57
ElasticNet,1,2,2023-02-01,2023-02-02,11.45,13.380115656024447,1.930115656024448,1.930115656024448,3.725346445630685,0.1,0.5,enet_a0.1_l0.5,submitted_main_linear_features_H1_18col,6ed147cd585e5e8083292683f9be3cf585e97e4d46fa0e3224d24a4e2b42cbbb,f83baf5732ffbf88b9a448a3d9ab9fa270f7495fe44d1559c1ac49795a30881a,69cfb2bf8bc181dc1de1e09f0c7477a1a5de7585,elasticnet_corrected_69cfb2bf8bc1_6ed147cd_f83baf57
ElasticNet,1,2,2023-02-02,2023-02-03,8.69,14.261107327348327,5.571107327348328,5.571107327348328,31.037236852834226,0.1,0.5,enet_a0.1_l0.5,submitted_main_linear_features_H1_18col,6ed147cd585e5e8083292683f9be3cf585e97e4d46fa0e3224d24a4e2b42cbbb,f83baf5732ffbf88b9a448a3d9ab9fa270f7495fe44d1559c1ac49795a30881a,69cfb2bf8bc181dc1de1e09f0c7477a1a5de7585,elasticnet_corrected_69cfb2bf8bc1_6ed147cd_f83baf57
ElasticNet,1,2,2023-02-03,2023-02-04,16.0,13.102735735247679,-2.8972642647523212,2.8972642647523212,8.394140219810808,0.1,0.5,enet_a0.1_l0.5,submitted_main_linear_features_H1_18col,6ed147cd585e5e8083292683f9be3cf585e97e4d46fa0e3224d24a4e2b42cbbb,f83baf5732ffbf88b9a448a3d9ab9fa270f7495fe44d1559c1ac49795a30881a,69cfb2bf8bc181dc1de1e09f0c7477a1a5de7585,elasticnet_corrected_69cfb2bf8bc1_6ed147cd_f83baf57
ElasticNet,1,2,2023-02-04,2023-02-05,17.45,12.52105201942944,-4.928947980570559,4.928947980570559,24.294528195170592,0.1,0.5,enet_a0.1_l0.5,submitted_main_linear_features_H1_18col,6ed147cd585e5e8083292683f9be3cf585e97e4d46fa0e3224d24a4e2b42cbbb,f83baf5732ffbf88b9a448a3d9ab9fa270f7495fe44d1559c1ac49795a30881a,69cfb2bf8bc181dc1de1e09f0c7477a1a5de7585,elasticnet_corrected_69cfb2bf8bc1_6ed147cd_f83baf57
ElasticNet,1,2,2023-02-05,2023-02-06,15.54,14.434472994803828,-1.105527005196171,1.105527005196171,1.2221899592180145,0.1,0.5,enet_a0.1_l0.5,submitted_main_linear_features_H1_18col,6ed147cd585e5e8083292683f9be3cf585e97e4d46fa0e3224d24a4e2b42cbbb,f83baf5732ffbf88b9a448a3d9ab9fa270f7495fe44d1559c1ac49795a30881a,69cfb2bf8bc181dc1de1e09f0c7477a1a5de7585,elasticnet_corrected_69cfb2bf8bc1_6ed147cd_f83baf57
ElasticNet,1,2,2023-02-06,2023-02-07,13.67,14.897062329380713,1.227062329380713,1.227062329380713,1.5056819601852214,0.1,0.5,enet_a0.1_l0.5,submitted_main_linear_features_H1_18col,6ed147cd585e5e8083292683f9be3cf585e97e4d46fa0e3224d24a4e2b42cbbb,f83baf5732ffbf88b9a448a3d9ab9fa270f7495fe44d1559c1ac49795a30881a,69cfb2bf8bc181dc1de1e09f0c7477a1a5de7585,elasticnet_corrected_69cfb2bf8bc1_6ed147cd_f83baf57
ElasticNet,1,2,2023-02-07,2023-02-08,12.29,14.286836464917716,1.9968364649177168,1.9968364649177168,3.987355867625084,0.1,0.5,enet_a0.1_l0.5,submitted_main_linear_features_H1_18col,6ed147cd585e5e8083292683f9be3cf585e97e4d46fa0e3224d24a4e2b42cbbb,f83baf5732ffbf88b9a448a3d9ab9fa270f7495fe44d1559c1ac49795a30881a,69cfb2bf8bc181dc1de1e09f0c7477a1a5de7585,elasticnet_corrected_69cfb2bf8bc1_6ed147cd_f83baf57
ElasticNet,1,2,2023-02-08,2023-02-09,11.92,13.853543195272712,1.933543195272712,1.933543195272712,3.738589287985409,0.1,0.5,enet_a0.1_l0.5,submitted_main_linear_features_H1_18col,6ed147cd585e5e8083292683f9be3cf585e97e4d46fa0e3224d24a4e2b42cbbb,f83baf5732ffbf88b9a448a3d9ab9fa270f7495fe44d1559c1ac49795a30881a,69cfb2bf8bc181dc1de1e09f0c7477a1a5de7585,elasticnet_corrected_69cfb2bf8bc1_6ed147cd_f83baf57
ElasticNet,1,2,2023-02-09,2023-02-10,10.97,13.873985038638928,2.903985038638927,2.903985038638927,8.43312910463873,0.1,0.5,enet_a0.1_l0.5,submitted_main_linear_features_H1_18col,6ed147cd585e5e8083292683f9be3cf585e97e4d46fa0e3224d24a4e2b42cbbb,f83baf5732ffbf88b9a448a3d9ab9fa270f7495fe44d1559c1ac49795a30881a,69cfb2bf8bc181dc1de1e09f0c7477a1a5de7585,elasticnet_corrected_69cfb2bf8bc1_6ed147cd_f83baf57
ElasticNet,1,2,2023-02-10,2023-02-11,7.57,12.381459453873035,4.811459453873034,4.811459453873034,23.1501420762642,0.1,0.5,enet_a0.1_l0.5,submitted_main_linear_features_H1_18col,6ed147cd585e5e8083292683f9be3cf585e97e4d46fa0e3224d24a4e2b42cbbb,f83baf5732ffbf88b9a448a3d9ab9fa270f7495fe44d1559c1ac49795a30881a,69cfb2bf8bc181dc1de1e09f0c7477a1a5de7585,elasticnet_corrected_69cfb2bf8bc1_6ed147cd_f83baf57
ElasticNet,1,2,2023-02-11,2023-02-12,7.45,12.95612792285373,5.50612792285373,5.50612792285373,30.317444702829526,0.1,0.5,enet_a0.1_l0.5,submitted_main_linear_features_H1_18col,6ed147cd585e5e8083292683f9be3cf585e97e4d46fa0e3224d24a4e2b42cbbb,f83baf5732ffbf88b9a448a3d9ab9fa270f7495fe44d1559c1ac49795a30881a,69cfb2bf8bc181dc1de1e09f0c7477a1a5de7585,elasticnet_corrected_69cfb2bf8bc1_6ed147cd_f83baf57
ElasticNet,1,2,2023-02-12,2023-02-13,8.88,11.875398076324817,2.9953980763248165,2.9953980763248165,8.972409635650411,0.1,0.5,enet_a0.1_l0.5,submitted_main_linear_features_H1_18col,6ed147cd585e5e8083292683f9be3cf585e97e4d46fa0e3224d24a4e2b42cbbb,f83baf5732ffbf88b9a448a3d9ab9fa270f7495fe44d1559c1ac49795a30881a,69cfb2bf8bc181dc1de1e09f0c7477a1a5de7585,elasticnet_corrected_69cfb2bf8bc1_6ed147cd_f83baf57
ElasticNet,1,2,2023-02-13,2023-02-14,11.27,11.532340499092895,0.26234049909289503,0.26234049909289503,0.06882253746430926,0.1,0.5,enet_a0.1_l0.5,submitted_main_linear_features_H1_18col,6ed147cd585e5e8083292683f9be3cf585e97e4d46fa0e3224d24a4e2b42cbbb,f83baf5732ffbf88b9a448a3d9ab9fa270f7495fe44d1559c1ac49795a30881a,69cfb2bf8bc181dc1de1e09f0c7477a1a5de7585,elasticnet_corrected_69cfb2bf8bc1_6ed147cd_f83baf57
ElasticNet,1,2,2023-02-14,2023-02-15,14.0,10.902854316657345,-3.0971456833426547,3.0971456833426547,9.59231138384804,0.1,0.5,enet_a0.1_l0.5,submitted_main_linear_features_H1_18col,6ed147cd585e5e8083292683f9be3cf585e97e4d46fa0e3224d24a4e2b42cbbb,f83baf5732ffbf88b9a448a3d9ab9fa270f7495fe44d1559c1ac49795a30881a,69cfb2bf8bc181dc1de1e09f0c7477a1a5de7585,elasticnet_corrected_69cfb2bf8bc1_6ed147cd_f83baf57
ElasticNet,1,2,2023-02-15,2023-02-16,15.84,12.188685562704439,-3.651314437295561,3.651314437295561,13.332097120002999,0.1,0.5,enet_a0.1_l0.5,submitted_main_linear_features_H1_18col,6ed147cd585e5e8083292683f9be3cf585e97e4d46fa0e3224d24a4e2b42cbbb,f83baf5732ffbf88b9a448a3d9ab9fa270f7495fe44d1559c1ac49795a30881a,69cfb2bf8bc181dc1de1e09f0c7477a1a5de7585,elasticnet_corrected_69cfb2bf8bc1_6ed147cd_f83baf57
ElasticNet,1,2,2023-02-16,2023-02-17,13.82,12.874704554467545,-0.9452954455324551,0.9452954455324551,0.8935834793444029,0.1,0.5,enet_a0.1_l0.5,submitted_main_linear_features_H1_18col,6ed147cd585e5e8083292683f9be3cf585e97e4d46fa0e3224d24a4e2b42cbbb,f83baf5732ffbf88b9a448a3d9ab9fa270f7495fe44d1559c1ac49795a30881a,69cfb2bf8bc181dc1de1e09f0c7477a1a5de7585,elasticnet_corrected_69cfb2bf8bc1_6ed147cd_f83baf57
ElasticNet,1,2,2023-02-17,2023-02-18,16.04,13.409789800114153,-2.6302101998858465,2.6302101998858465,6.9180056955835445,0.1,0.5,enet_a0.1_l0.5,submitted_main_linear_features_H1_18col,6ed147cd585e5e8083292683f9be3cf585e97e4d46fa0e3224d24a4e2b42cbbb,f83baf5732ffbf88b9a448a3d9ab9fa270f7495fe44d1559c1ac49795a30881a,69cfb2bf8bc181dc1de1e09f0c7477a1a5de7585,elasticnet_corrected_69cfb2bf8bc1_6ed147cd_f83baf57
ElasticNet,1,2,2023-02-18,2023-02-19,14.5,12.844565004609409,-1.655434995390591,1.655434995390591,2.740465023963846,0.1,0.5,enet_a0.1_l0.5,submitted_main_linear_features_H1_18col,6ed147cd585e5e8083292683f9be3cf585e97e4d46fa0e3224d24a4e2b42cbbb,f83baf5732ffbf88b9a448a3d9ab9fa270f7495fe44d1559c1ac49795a30881a,69cfb2bf8bc181dc1de1e09f0c7477a1a5de7585,elasticnet_corrected_69cfb2bf8bc1_6ed147cd_f83baf57
ElasticNet,1,3,2023-02-19,2023-02-20,13.08,13.186026997087541,0.10602699708754137,0.10602699708754137,0.011241724111401508,1.0,0.2,enet_a1.0_l0.2,submitted_main_linear_features_H1_18col,6ed147cd585e5e8083292683f9be3cf585e97e4d46fa0e3224d24a4e2b42cbbb,f83baf5732ffbf88b9a448a3d9ab9fa270f7495fe44d1559c1ac49795a30881a,69cfb2bf8bc181dc1de1e09f0c7477a1a5de7585,elasticnet_corrected_69cfb2bf8bc1_6ed147cd_f83baf57
ElasticNet,1,3,2023-02-20,2023-02-21,10.58,13.152081643588858,2.5720816435888576,2.5720816435888576,6.6156039812867595,1.0,0.2,enet_a1.0_l0.2,submitted_main_linear_features_H1_18col,6ed147cd585e5e8083292683f9be3cf585e97e4d46fa0e3224d24a4e2b42cbbb,f83baf5732ffbf88b9a448a3d9ab9fa270f7495fe44d1559c1ac49795a30881a,69cfb2bf8bc181dc1de1e09f0c7477a1a5de7585,elasticnet_corrected_69cfb2bf8bc1_6ed147cd_f83baf57
ElasticNet,1,3,2023-02-21,2023-02-22,13.94,13.2315124393875,-0.7084875606125003,0.7084875606125003,0.5019546235426513,1.0,0.2,enet_a1.0_l0.2,submitted_main_linear_features_H1_18col,6ed147cd585e5e8083292683f9be3cf585e97e4d46fa0e3224d24a4e2b42cbbb,f83baf5732ffbf88b9a448a3d9ab9fa270f7495fe44d1559c1ac49795a30881a,69cfb2bf8bc181dc1de1e09f0c7477a1a5de7585,elasticnet_corrected_69cfb2bf8bc1_6ed147cd_f83baf57
ElasticNet,1,3,2023-02-22,2023-02-23,13.76,12.729489728114636,-1.0305102718853636,1.0305102718853636,1.061951420461246,1.0,0.2,enet_a1.0_l0.2,submitted_main_linear_features_H1_18col,6ed147cd585e5e8083292683f9be3cf585e97e4d46fa0e3224d24a4e2b42cbbb,f83baf5732ffbf88b9a448a3d9ab9fa270f7495fe44d1559c1ac49795a30881a,69cfb2bf8bc181dc1de1e09f0c7477a1a5de7585,elasticnet_corrected_69cfb2bf8bc1_6ed147cd_f83baf57
ElasticNet,1,3,2023-02-23,2023-02-24,16.57,13.142066593849503,-3.4279334061504976,3.4279334061504976,11.750727437002553,1.0,0.2,enet_a1.0_l0.2,submitted_main_linear_features_H1_18col,6ed147cd585e5e8083292683f9be3cf585e97e4d46fa0e3224d24a4e2b42cbbb,f83baf5732ffbf88b9a448a3d9ab9fa270f7495fe44d1559c1ac49795a30881a,69cfb2bf8bc181dc1de1e09f0c7477a1a5de7585,elasticnet_corrected_69cfb2bf8bc1_6ed147cd_f83baf57
ElasticNet,1,3,2023-02-24,2023-02-25,12.14,12.912581827186356,0.7725818271863556,0.7725818271863556,0.5968826796986079,1.0,0.2,enet_a1.0_l0.2,submitted_main_linear_features_H1_18col,6ed147cd585e5e8083292683f9be3cf585e97e4d46fa0e3224d24a4e2b42cbbb,f83baf5732ffbf88b9a448a3d9ab9fa270f7495fe44d1559c1ac49795a30881a,69cfb2bf8bc181dc1de1e09f0c7477a1a5de7585,elasticnet_corrected_69cfb2bf8bc1_6ed147cd_f83baf57
ElasticNet,1,3,2023-02-25,2023-02-26,10.48,13.537791485409931,3.057791485409931,3.057791485409931,9.350088768245472,1.0,0.2,enet_a1.0_l0.2,submitted_main_linear_features_H1_18col,6ed147cd585e5e8083292683f9be3cf585e97e4d46fa0e3224d24a4e2b42cbbb,f83baf5732ffbf88b9a448a3d9ab9fa270f7495fe44d1559c1ac49795a30881a,69cfb2bf8bc181dc1de1e09f0c7477a1a5de7585,elasticnet_corrected_69cfb2bf8bc1_6ed147cd_f83baf57
ElasticNet,1,3,2023-02-26,2023-02-27,11.17,12.919505789915242,1.7495057899152417,1.7495057899152417,3.060770508946954,1.0,0.2,enet_a1.0_l0.2,submitted_main_linear_features_H1_18col,6ed147cd585e5e8083292683f9be3cf585e97e4d46fa0e3224d24a4e2b42cbbb,f83baf5732ffbf88b9a448a3d9ab9fa270f7495fe44d1559c1ac49795a30881a,69cfb2bf8bc181dc1de1e09f0c7477a1a5de7585,elasticnet_corrected_69cfb2bf8bc1_6ed147cd_f83baf57
ElasticNet,1,3,2023-02-27,2023-02-28,9.76,12.714227064298361,2.9542270642983617,2.9542270642983617,8.727457547432916,1.0,0.2,enet_a1.0_l0.2,submitted_main_linear_features_H1_18col,6ed147cd585e5e8083292683f9be3cf585e97e4d46fa0e3224d24a4e2b42cbbb,f83baf5732ffbf88b9a448a3d9ab9fa270f7495fe44d1559c1ac49795a30881a,69cfb2bf8bc181dc1de1e09f0c7477a1a5de7585,elasticnet_corrected_69cfb2bf8bc1_6ed147cd_f83baf57
ElasticNet,1,3,2023-02-28,2023-03-01,12.96,12.904133675133595,-0.05586632486640575,0.05586632486640575,0.003121046254078785,1.0,0.2,enet_a1.0_l0.2,submitted_main_linear_features_H1_18col,6ed147cd585e5e8083292683f9be3cf585e97e4d46fa0e3224d24a4e2b42cbbb,f83baf5732ffbf88b9a448a3d9ab9fa270f7495fe44d1559c1ac49795a30881a,69cfb2bf8bc181dc1de1e09f0c7477a1a5de7585,elasticnet_corrected_69cfb2bf8bc1_6ed147cd_f83baf57
ElasticNet,1,3,2023-03-01,2023-03-02,15.2,12.747643612391856,-2.452356387608143,2.452356387608143,6.01405185184246,1.0,0.2,enet_a1.0_l0.2,submitted_main_linear_features_H1_18col,6ed147cd585e5e8083292683f9be3cf585e97e4d46fa0e3224d24a4e2b42cbbb,f83baf5732ffbf88b9a448a3d9ab9fa270f7495fe44d1559c1ac49795a30881a,69cfb2bf8bc181dc1de1e09f0c7477a1a5de7585,elasticnet_corrected_69cfb2bf8bc1_6ed147cd_f83baf57
ElasticNet,1,3,2023-03-02,2023-03-03,16.39,13.20150545980919,-3.18849454019081,3.18849454019081,10.166497432826604,1.0,0.2,enet_a1.0_l0.2,submitted_main_linear_features_H1_18col,6ed147cd585e5e8083292683f9be3cf585e97e4d46fa0e3224d24a4e2b42cbbb,f83baf5732ffbf88b9a448a3d9ab9fa270f7495fe44d1559c1ac49795a30881a,69cfb2bf8bc181dc1de1e09f0c7477a1a5de7585,elasticnet_corrected_69cfb2bf8bc1_6ed147cd_f83baf57
ElasticNet,1,3,2023-03-03,2023-03-04,15.4,13.591258785621006,-1.808741214378994,1.808741214378994,3.271544780593198,1.0,0.2,enet_a1.0_l0.2,submitted_main_linear_features_H1_18col,6ed147cd585e5e8083292683f9be3cf585e97e4d46fa0e3224d24a4e2b42cbbb,f83baf5732ffbf88b9a448a3d9ab9fa270f7495fe44d1559c1ac49795a30881a,69cfb2bf8bc181dc1de1e09f0c7477a1a5de7585,elasticnet_corrected_69cfb2bf8bc1_6ed147cd_f83baf57
ElasticNet,1,3,2023-03-04,2023-03-05,10.44,13.821351421420056,3.3813514214200566,3.3813514214200566,11.433537435139437,1.0,0.2,enet_a1.0_l0.2,submitted_main_linear_features_H1_18col,6ed147cd585e5e8083292683f9be3cf585e97e4d46fa0e3224d24a4e2b42cbbb,f83baf5732ffbf88b9a448a3d9ab9fa270f7495fe44d1559c1ac49795a30881a,69cfb2bf8bc181dc1de1e09f0c7477a1a5de7585,elasticnet_corrected_69cfb2bf8bc1_6ed147cd_f83baf57
ElasticNet,1,3,2023-03-05,2023-03-06,15.14,13.810249586442225,-1.3297504135577753,1.3297504135577753,1.7682361623570746,1.0,0.2,enet_a1.0_l0.2,submitted_main_linear_features_H1_18col,6ed147cd585e5e8083292683f9be3cf585e97e4d46fa0e3224d24a4e2b42cbbb,f83baf5732ffbf88b9a448a3d9ab9fa270f7495fe44d1559c1ac49795a30881a,69cfb2bf8bc181dc1de1e09f0c7477a1a5de7585,elasticnet_corrected_69cfb2bf8bc1_6ed147cd_f83baf57
ElasticNet,1,3,2023-03-06,2023-03-07,13.92,13.255568581949689,-0.6644314180503113,0.6644314180503113,0.44146910929234745,1.0,0.2,enet_a1.0_l0.2,submitted_main_linear_features_H1_18col,6ed147cd585e5e8083292683f9be3cf585e97e4d46fa0e3224d24a4e2b42cbbb,f83baf5732ffbf88b9a448a3d9ab9fa270f7495fe44d1559c1ac49795a30881a,69cfb2bf8bc181dc1de1e09f0c7477a1a5de7585,elasticnet_corrected_69cfb2bf8bc1_6ed147cd_f83baf57
ElasticNet,1,3,2023-03-07,2023-03-08,13.87,13.668521767824805,-0.20147823217519445,0.20147823217519445,0.04059347804044156,1.0,0.2,enet_a1.0_l0.2,submitted_main_linear_features_H1_18col,6ed147cd585e5e8083292683f9be3cf585e97e4d46fa0e3224d24a4e2b42cbbb,f83baf5732ffbf88b9a448a3d9ab9fa270f7495fe44d1559c1ac49795a30881a,69cfb2bf8bc181dc1de1e09f0c7477a1a5de7585,elasticnet_corrected_69cfb2bf8bc1_6ed147cd_f83baf57
ElasticNet,1,3,2023-03-08,2023-03-09,12.83,13.458902357952821,0.6289023579528212,0.6289023579528212,0.3955181758386185,1.0,0.2,enet_a1.0_l0.2,submitted_main_linear_features_H1_18col,6ed147cd585e5e8083292683f9be3cf585e97e4d46fa0e3224d24a4e2b42cbbb,f83baf5732ffbf88b9a448a3d9ab9fa270f7495fe44d1559c1ac49795a30881a,69cfb2bf8bc181dc1de1e09f0c7477a1a5de7585,elasticnet_corrected_69cfb2bf8bc1_6ed147cd_f83baf57
ElasticNet,1,3,2023-03-09,2023-03-10,15.48,13.258128586796346,-2.2218714132036546,2.2218714132036546,4.936712576811605,1.0,0.2,enet_a1.0_l0.2,submitted_main_linear_features_H1_18col,6ed147cd585e5e8083292683f9be3cf585e97e4d46fa0e3224d24a4e2b42cbbb,f83baf5732ffbf88b9a448a3d9ab9fa270f7495fe44d1559c1ac49795a30881a,69cfb2bf8bc181dc1de1e09f0c7477a1a5de7585,elasticnet_corrected_69cfb2bf8bc1_6ed147cd_f83baf57
ElasticNet,1,3,2023-03-10,2023-03-11,12.28,12.963510570434735,0.683510570434736,0.683510570434736,0.46718669989601813,1.0,0.2,enet_a1.0_l0.2,submitted_main_linear_features_H1_18col,6ed147cd585e5e8083292683f9be3cf585e97e4d46fa0e3224d24a4e2b42cbbb,f83baf5732ffbf88b9a448a3d9ab9fa270f7495fe44d1559c1ac49795a30881a,69cfb2bf8bc181dc1de1e09f0c7477a1a5de7585,elasticnet_corrected_69cfb2bf8bc1_6ed147cd_f83baf57
ElasticNet,1,3,2023-03-11,2023-03-12,9.8,13.358515927328952,3.5585159273289513,3.5585159273289513,12.663035605053826,1.0,0.2,enet_a1.0_l0.2,submitted_main_linear_features_H1_18col,6ed147cd585e5e8083292683f9be3cf585e97e4d46fa0e3224d24a4e2b42cbbb,f83baf5732ffbf88b9a448a3d9ab9fa270f7495fe44d1559c1ac49795a30881a,69cfb2bf8bc181dc1de1e09f0c7477a1a5de7585,elasticnet_corrected_69cfb2bf8bc1_6ed147cd_f83baf57
ElasticNet,1,3,2023-03-12,2023-03-13,9.82,12.627556429459299,2.8075564294592983,2.8075564294592983,7.882373104598244,1.0,0.2,enet_a1.0_l0.2,submitted_main_linear_features_H1_18col,6ed147cd585e5e8083292683f9be3cf585e97e4d46fa0e3224d24a4e2b42cbbb,f83baf5732ffbf88b9a448a3d9ab9fa270f7495fe44d1559c1ac49795a30881a,69cfb2bf8bc181dc1de1e09f0c7477a1a5de7585,elasticnet_corrected_69cfb2bf8bc1_6ed147cd_f83baf57
ElasticNet,1,3,2023-03-13,2023-03-14,11.41,12.425184059765304,1.0151840597653035,1.0151840597653035,1.0305986752015632,1.0,0.2,enet_a1.0_l0.2,submitted_main_linear_features_H1_18col,6ed147cd585e5e8083292683f9be3cf585e97e4d46fa0e3224d24a4e2b42cbbb,f83baf5732ffbf88b9a448a3d9ab9fa270f7495fe44d1559c1ac49795a30881a,69cfb2bf8bc181dc1de1e09f0c7477a1a5de7585,elasticnet_corrected_69cfb2bf8bc1_6ed147cd_f83baf57
ElasticNet,1,3,2023-03-14,2023-03-15,14.0,12.566583984716688,-1.4334160152833118,1.4334160152833118,2.0546814728706875,1.0,0.2,enet_a1.0_l0.2,submitted_main_linear_features_H1_18col,6ed147cd585e5e8083292683f9be3cf585e97e4d46fa0e3224d24a4e2b42cbbb,f83baf5732ffbf88b9a448a3d9ab9fa270f7495fe44d1559c1ac49795a30881a,69cfb2bf8bc181dc1de1e09f0c7477a1a5de7585,elasticnet_corrected_69cfb2bf8bc1_6ed147cd_f83baf57
ElasticNet,1,3,2023-03-15,2023-03-16,13.31,12.411064660546439,-0.898935339453562,0.898935339453562,0.8080847445184907,1.0,0.2,enet_a1.0_l0.2,submitted_main_linear_features_H1_18col,6ed147cd585e5e8083292683f9be3cf585e97e4d46fa0e3224d24a4e2b42cbbb,f83baf5732ffbf88b9a448a3d9ab9fa270f7495fe44d1559c1ac49795a30881a,69cfb2bf8bc181dc1de1e09f0c7477a1a5de7585,elasticnet_corrected_69cfb2bf8bc1_6ed147cd_f83baf57
ElasticNet,1,3,2023-03-16,2023-03-17,14.64,12.98700979489659,-1.6529902051034107,1.6529902051034107,2.7323766181678155,1.0,0.2,enet_a1.0_l0.2,submitted_main_linear_features_H1_18col,6ed147cd585e5e8083292683f9be3cf585e97e4d46fa0e3224d24a4e2b42cbbb,f83baf5732ffbf88b9a448a3d9ab9fa270f7495fe44d1559c1ac49795a30881a,69cfb2bf8bc181dc1de1e09f0c7477a1a5de7585,elasticnet_corrected_69cfb2bf8bc1_6ed147cd_f83baf57
ElasticNet,1,3,2023-03-17,2023-03-18,10.03,13.066834778247786,3.036834778247787,3.036834778247787,9.222365470375285,1.0,0.2,enet_a1.0_l0.2,submitted_main_linear_features_H1_18col,6ed147cd585e5e8083292683f9be3cf585e97e4d46fa0e3224d24a4e2b42cbbb,f83baf5732ffbf88b9a448a3d9ab9fa270f7495fe44d1559c1ac49795a30881a,69cfb2bf8bc181dc1de1e09f0c7477a1a5de7585,elasticnet_corrected_69cfb2bf8bc1_6ed147cd_f83baf57
ElasticNet,1,3,2023-03-18,2023-03-19,10.02,12.901914168418756,2.8819141684187564,2.8819141684187564,8.305429274132772,1.0,0.2,enet_a1.0_l0.2,submitted_main_linear_features_H1_18col,6ed147cd585e5e8083292683f9be3cf585e97e4d46fa0e3224d24a4e2b42cbbb,f83baf5732ffbf88b9a448a3d9ab9fa270f7495fe44d1559c1ac49795a30881a,69cfb2bf8bc181dc1de1e09f0c7477a1a5de7585,elasticnet_corrected_69cfb2bf8bc1_6ed147cd_f83baf57
ElasticNet,1,3,2023-03-19,2023-03-20,10.02,12.243832358150653,2.223832358150654,2.223832358150654,4.945430357157898,1.0,0.2,enet_a1.0_l0.2,submitted_main_linear_features_H1_18col,6ed147cd585e5e8083292683f9be3cf585e97e4d46fa0e3224d24a4e2b42cbbb,f83baf5732ffbf88b9a448a3d9ab9fa270f7495fe44d1559c1ac49795a30881a,69cfb2bf8bc181dc1de1e09f0c7477a1a5de7585,elasticnet_corrected_69cfb2bf8bc1_6ed147cd_f83baf57
ElasticNet,1,3,2023-03-20,2023-03-21,13.57,12.209916498894879,-1.3600835011051213,1.3600835011051213,1.8498271299783646,1.0,0.2,enet_a1.0_l0.2,submitted_main_linear_features_H1_18col,6ed147cd585e5e8083292683f9be3cf585e97e4d46fa0e3224d24a4e2b42cbbb,f83baf5732ffbf88b9a448a3d9ab9fa270f7495fe44d1559c1ac49795a30881a,69cfb2bf8bc181dc1de1e09f0c7477a1a5de7585,elasticnet_corrected_69cfb2bf8bc1_6ed147cd_f83baf57
ElasticNet,1,3,2023-03-21,2023-03-22,10.15,12.174191668189474,2.0241916681894736,2.0241916681894736,4.097351909567684,1.0,0.2,enet_a1.0_l0.2,submitted_main_linear_features_H1_18col,6ed147cd585e5e8083292683f9be3cf585e97e4d46fa0e3224d24a4e2b42cbbb,f83baf5732ffbf88b9a448a3d9ab9fa270f7495fe44d1559c1ac49795a30881a,69cfb2bf8bc181dc1de1e09f0c7477a1a5de7585,elasticnet_corrected_69cfb2bf8bc1_6ed147cd_f83baf57
ElasticNet,1,3,2023-03-22,2023-03-23,15.5,12.788356675329458,-2.7116433246705416,2.7116433246705416,7.353009520230308,1.0,0.2,enet_a1.0_l0.2,submitted_main_linear_features_H1_18col,6ed147cd585e5e8083292683f9be3cf585e97e4d46fa0e3224d24a4e2b42cbbb,f83baf5732ffbf88b9a448a3d9ab9fa270f7495fe44d1559c1ac49795a30881a,69cfb2bf8bc181dc1de1e09f0c7477a1a5de7585,elasticnet_corrected_69cfb2bf8bc1_6ed147cd_f83baf57
ElasticNet,1,3,2023-03-23,2023-03-24,7.22,11.725876997766848,4.5058769977668485,4.5058769977668485,20.30292751900439,1.0,0.2,enet_a1.0_l0.2,submitted_main_linear_features_H1_18col,6ed147cd585e5e8083292683f9be3cf585e97e4d46fa0e3224d24a4e2b42cbbb,f83baf5732ffbf88b9a448a3d9ab9fa270f7495fe44d1559c1ac49795a30881a,69cfb2bf8bc181dc1de1e09f0c7477a1a5de7585,elasticnet_corrected_69cfb2bf8bc1_6ed147cd_f83baf57
ElasticNet,1,3,2023-03-24,2023-03-25,9.46,12.725803252384424,3.2658032523844227,3.2658032523844227,10.665470883284673,1.0,0.2,enet_a1.0_l0.2,submitted_main_linear_features_H1_18col,6ed147cd585e5e8083292683f9be3cf585e97e4d46fa0e3224d24a4e2b42cbbb,f83baf5732ffbf88b9a448a3d9ab9fa270f7495fe44d1559c1ac49795a30881a,69cfb2bf8bc181dc1de1e09f0c7477a1a5de7585,elasticnet_corrected_69cfb2bf8bc1_6ed147cd_f83baf57
ElasticNet,1,3,2023-03-25,2023-03-26,9.17,11.504326925411597,2.334326925411597,2.334326925411597,5.4490821947015595,1.0,0.2,enet_a1.0_l0.2,submitted_main_linear_features_H1_18col,6ed147cd585e5e8083292683f9be3cf585e97e4d46fa0e3224d24a4e2b42cbbb,f83baf5732ffbf88b9a448a3d9ab9fa270f7495fe44d1559c1ac49795a30881a,69cfb2bf8bc181dc1de1e09f0c7477a1a5de7585,elasticnet_corrected_69cfb2bf8bc1_6ed147cd_f83baf57
ElasticNet,1,3,2023-03-26,2023-03-27,9.34,12.276957602297866,2.9369576022978663,2.9369576022978663,8.625719957695232,1.0,0.2,enet_a1.0_l0.2,submitted_main_linear_features_H1_18col,6ed147cd585e5e8083292683f9be3cf585e97e4d46fa0e3224d24a4e2b42cbbb,f83baf5732ffbf88b9a448a3d9ab9fa270f7495fe44d1559c1ac49795a30881a,69cfb2bf8bc181dc1de1e09f0c7477a1a5de7585,elasticnet_corrected_69cfb2bf8bc1_6ed147cd_f83baf57
ElasticNet,1,3,2023-03-27,2023-03-28,8.57,12.081249486563964,3.5112494865639636,3.5112494865639636,12.328872956895697,1.0,0.2,enet_a1.0_l0.2,submitted_main_linear_features_H1_18col,6ed147cd585e5e8083292683f9be3cf585e97e4d46fa0e3224d24a4e2b42cbbb,f83baf5732ffbf88b9a448a3d9ab9fa270f7495fe44d1559c1ac49795a30881a,69cfb2bf8bc181dc1de1e09f0c7477a1a5de7585,elasticnet_corrected_69cfb2bf8bc1_6ed147cd_f83baf57
ElasticNet,1,3,2023-03-28,2023-03-29,10.73,11.789515143671952,1.0595151436719519,1.0595151436719519,1.1225723396701968,1.0,0.2,enet_a1.0_l0.2,submitted_main_linear_features_H1_18col,6ed147cd585e5e8083292683f9be3cf585e97e4d46fa0e3224d24a4e2b42cbbb,f83baf5732ffbf88b9a448a3d9ab9fa270f7495fe44d1559c1ac49795a30881a,69cfb2bf8bc181dc1de1e09f0c7477a1a5de7585,elasticnet_corrected_69cfb2bf8bc1_6ed147cd_f83baf57
ElasticNet,1,3,2023-03-29,2023-03-30,14.89,11.647986020997813,-3.242013979002188,3.242013979002188,10.510654640045598,1.0,0.2,enet_a1.0_l0.2,submitted_main_linear_features_H1_18col,6ed147cd585e5e8083292683f9be3cf585e97e4d46fa0e3224d24a4e2b42cbbb,f83baf5732ffbf88b9a448a3d9ab9fa270f7495fe44d1559c1ac49795a30881a,69cfb2bf8bc181dc1de1e09f0c7477a1a5de7585,elasticnet_corrected_69cfb2bf8bc1_6ed147cd_f83baf57
ElasticNet,1,3,2023-03-30,2023-03-31,11.27,12.385072089210015,1.115072089210015,1.115072089210015,1.2433857641351875,1.0,0.2,enet_a1.0_l0.2,submitted_main_linear_features_H1_18col,6ed147cd585e5e8083292683f9be3cf585e97e4d46fa0e3224d24a4e2b42cbbb,f83baf5732ffbf88b9a448a3d9ab9fa270f7495fe44d1559c1ac49795a30881a,69cfb2bf8bc181dc1de1e09f0c7477a1a5de7585,elasticnet_corrected_69cfb2bf8bc1_6ed147cd_f83baf57
ElasticNet,1,3,2023-03-31,2023-04-01,11.94,12.475274175355073,0.5352741753550738,0.5352741753550738,0.2865184428020543,1.0,0.2,enet_a1.0_l0.2,submitted_main_linear_features_H1_18col,6ed147cd585e5e8083292683f9be3cf585e97e4d46fa0e3224d24a4e2b42cbbb,f83baf5732ffbf88b9a448a3d9ab9fa270f7495fe44d1559c1ac49795a30881a,69cfb2bf8bc181dc1de1e09f0c7477a1a5de7585,elasticnet_corrected_69cfb2bf8bc1_6ed147cd_f83baf57
ElasticNet,1,3,2023-04-01,2023-04-02,10.82,12.030625229434818,1.210625229434818,1.210625229434818,1.465613446144106,1.0,0.2,enet_a1.0_l0.2,submitted_main_linear_features_H1_18col,6ed147cd585e5e8083292683f9be3cf585e97e4d46fa0e3224d24a4e2b42cbbb,f83baf5732ffbf88b9a448a3d9ab9fa270f7495fe44d1559c1ac49795a30881a,69cfb2bf8bc181dc1de1e09f0c7477a1a5de7585,elasticnet_corrected_69cfb2bf8bc1_6ed147cd_f83baf57
ElasticNet,1,3,2023-04-02,2023-04-03,12.71,12.099739013210149,-0.6102609867898519,0.6102609867898519,0.37241847199772377,1.0,0.2,enet_a1.0_l0.2,submitted_main_linear_features_H1_18col,6ed147cd585e5e8083292683f9be3cf585e97e4d46fa0e3224d24a4e2b42cbbb,f83baf5732ffbf88b9a448a3d9ab9fa270f7495fe44d1559c1ac49795a30881a,69cfb2bf8bc181dc1de1e09f0c7477a1a5de7585,elasticnet_corrected_69cfb2bf8bc1_6ed147cd_f83baf57
ElasticNet,1,3,2023-04-03,2023-04-04,15.49,11.868129620803419,-3.621870379196581,3.621870379196581,13.117945043701587,1.0,0.2,enet_a1.0_l0.2,submitted_main_linear_features_H1_18col,6ed147cd585e5e8083292683f9be3cf585e97e4d46fa0e3224d24a4e2b42cbbb,f83baf5732ffbf88b9a448a3d9ab9fa270f7495fe44d1559c1ac49795a30881a,69cfb2bf8bc181dc1de1e09f0c7477a1a5de7585,elasticnet_corrected_69cfb2bf8bc1_6ed147cd_f83baf57
ElasticNet,1,3,2023-04-04,2023-04-05,10.44,12.528637592140488,2.088637592140488,2.088637592140488,4.362406991302416,1.0,0.2,enet_a1.0_l0.2,submitted_main_linear_features_H1_18col,6ed147cd585e5e8083292683f9be3cf585e97e4d46fa0e3224d24a4e2b42cbbb,f83baf5732ffbf88b9a448a3d9ab9fa270f7495fe44d1559c1ac49795a30881a,69cfb2bf8bc181dc1de1e09f0c7477a1a5de7585,elasticnet_corrected_69cfb2bf8bc1_6ed147cd_f83baf57
ElasticNet,1,3,2023-04-05,2023-04-06,10.42,12.482701645959416,2.0627016459594163,2.0627016459594163,4.254738080243685,1.0,0.2,enet_a1.0_l0.2,submitted_main_linear_features_H1_18col,6ed147cd585e5e8083292683f9be3cf585e97e4d46fa0e3224d24a4e2b42cbbb,f83baf5732ffbf88b9a448a3d9ab9fa270f7495fe44d1559c1ac49795a30881a,69cfb2bf8bc181dc1de1e09f0c7477a1a5de7585,elasticnet_corrected_69cfb2bf8bc1_6ed147cd_f83baf57
ElasticNet,1,3,2023-04-06,2023-04-07,13.7,11.963402224527764,-1.7365977754722355,1.7365977754722355,3.015771833775117,1.0,0.2,enet_a1.0_l0.2,submitted_main_linear_features_H1_18col,6ed147cd585e5e8083292683f9be3cf585e97e4d46fa0e3224d24a4e2b42cbbb,f83baf5732ffbf88b9a448a3d9ab9fa270f7495fe44d1559c1ac49795a30881a,69cfb2bf8bc181dc1de1e09f0c7477a1a5de7585,elasticnet_corrected_69cfb2bf8bc1_6ed147cd_f83baf57
ElasticNet,1,3,2023-04-07,2023-04-08,15.04,11.803753436650988,-3.2362465633490114,3.2362465633490114,10.473291818788287,1.0,0.2,enet_a1.0_l0.2,submitted_main_linear_features_H1_18col,6ed147cd585e5e8083292683f9be3cf585e97e4d46fa0e3224d24a4e2b42cbbb,f83baf5732ffbf88b9a448a3d9ab9fa270f7495fe44d1559c1ac49795a30881a,69cfb2bf8bc181dc1de1e09f0c7477a1a5de7585,elasticnet_corrected_69cfb2bf8bc1_6ed147cd_f83baf57
ElasticNet,1,3,2023-04-08,2023-04-09,14.68,12.548380979732327,-2.1316190202676726,2.1316190202676726,4.543799647566912,1.0,0.2,enet_a1.0_l0.2,submitted_main_linear_features_H1_18col,6ed147cd585e5e8083292683f9be3cf585e97e4d46fa0e3224d24a4e2b42cbbb,f83baf5732ffbf88b9a448a3d9ab9fa270f7495fe44d1559c1ac49795a30881a,69cfb2bf8bc181dc1de1e09f0c7477a1a5de7585,elasticnet_corrected_69cfb2bf8bc1_6ed147cd_f83baf57
ElasticNet,1,3,2023-04-09,2023-04-10,13.15,12.832462490311498,-0.3175375096885027,0.3175375096885027,0.10083007005917595,1.0,0.2,enet_a1.0_l0.2,submitted_main_linear_features_H1_18col,6ed147cd585e5e8083292683f9be3cf585e97e4d46fa0e3224d24a4e2b42cbbb,f83baf5732ffbf88b9a448a3d9ab9fa270f7495fe44d1559c1ac49795a30881a,69cfb2bf8bc181dc1de1e09f0c7477a1a5de7585,elasticnet_corrected_69cfb2bf8bc1_6ed147cd_f83baf57
ElasticNet,1,3,2023-04-10,2023-04-11,16.98,13.285044179379,-3.6949558206210007,3.6949558206210007,13.652698516341014,1.0,0.2,enet_a1.0_l0.2,submitted_main_linear_features_H1_18col,6ed147cd585e5e8083292683f9be3cf585e97e4d46fa0e3224d24a4e2b42cbbb,f83baf5732ffbf88b9a448a3d9ab9fa270f7495fe44d1559c1ac49795a30881a,69cfb2bf8bc181dc1de1e09f0c7477a1a5de7585,elasticnet_corrected_69cfb2bf8bc1_6ed147cd_f83baf57
ElasticNet,1,3,2023-04-11,2023-04-12,14.24,12.710741121471578,-1.529258878528422,1.529258878528422,2.338632717558007,1.0,0.2,enet_a1.0_l0.2,submitted_main_linear_features_H1_18col,6ed147cd585e5e8083292683f9be3cf585e97e4d46fa0e3224d24a4e2b42cbbb,f83baf5732ffbf88b9a448a3d9ab9fa270f7495fe44d1559c1ac49795a30881a,69cfb2bf8bc181dc1de1e09f0c7477a1a5de7585,elasticnet_corrected_69cfb2bf8bc1_6ed147cd_f83baf57
ElasticNet,1,3,2023-04-12,2023-04-13,12.52,13.17023613882017,0.650236138820171,0.650236138820171,0.4228070362277646,1.0,0.2,enet_a1.0_l0.2,submitted_main_linear_features_H1_18col,6ed147cd585e5e8083292683f9be3cf585e97e4d46fa0e3224d24a4e2b42cbbb,f83baf5732ffbf88b9a448a3d9ab9fa270f7495fe44d1559c1ac49795a30881a,69cfb2bf8bc181dc1de1e09f0c7477a1a5de7585,elasticnet_corrected_69cfb2bf8bc1_6ed147cd_f83baf57
ElasticNet,1,3,2023-04-13,2023-04-14,14.83,13.064578815511048,-1.765421184488952,1.765421184488952,3.1167119586423744,1.0,0.2,enet_a1.0_l0.2,submitted_main_linear_features_H1_18col,6ed147cd585e5e8083292683f9be3cf585e97e4d46fa0e3224d24a4e2b42cbbb,f83baf5732ffbf88b9a448a3d9ab9fa270f7495fe44d1559c1ac49795a30881a,69cfb2bf8bc181dc1de1e09f0c7477a1a5de7585,elasticnet_corrected_69cfb2bf8bc1_6ed147cd_f83baf57
ElasticNet,1,3,2023-04-14,2023-04-15,9.9,12.9693936834773,3.0693936834772995,3.0693936834772995,9.421177584170344,1.0,0.2,enet_a1.0_l0.2,submitted_main_linear_features_H1_18col,6ed147cd585e5e8083292683f9be3cf585e97e4d46fa0e3224d24a4e2b42cbbb,f83baf5732ffbf88b9a448a3d9ab9fa270f7495fe44d1559c1ac49795a30881a,69cfb2bf8bc181dc1de1e09f0c7477a1a5de7585,elasticnet_corrected_69cfb2bf8bc1_6ed147cd_f83baf57
ElasticNet,1,3,2023-04-15,2023-04-16,10.09,12.981412610240469,2.8914126102404687,2.8914126102404687,8.3602668826576,1.0,0.2,enet_a1.0_l0.2,submitted_main_linear_features_H1_18col,6ed147cd585e5e8083292683f9be3cf585e97e4d46fa0e3224d24a4e2b42cbbb,f83baf5732ffbf88b9a448a3d9ab9fa270f7495fe44d1559c1ac49795a30881a,69cfb2bf8bc181dc1de1e09f0c7477a1a5de7585,elasticnet_corrected_69cfb2bf8bc1_6ed147cd_f83baf57
ElasticNet,1,3,2023-04-16,2023-04-17,9.66,12.26104790127495,2.6010479012749492,2.6010479012749492,6.765450184726818,1.0,0.2,enet_a1.0_l0.2,submitted_main_linear_features_H1_18col,6ed147cd585e5e8083292683f9be3cf585e97e4d46fa0e3224d24a4e2b42cbbb,f83baf5732ffbf88b9a448a3d9ab9fa270f7495fe44d1559c1ac49795a30881a,69cfb2bf8bc181dc1de1e09f0c7477a1a5de7585,elasticnet_corrected_69cfb2bf8bc1_6ed147cd_f83baf57
ElasticNet,1,3,2023-04-17,2023-04-18,9.47,12.051116034863222,2.5811160348632214,2.5811160348632214,6.662159985428039,1.0,0.2,enet_a1.0_l0.2,submitted_main_linear_features_H1_18col,6ed147cd585e5e8083292683f9be3cf585e97e4d46fa0e3224d24a4e2b42cbbb,f83baf5732ffbf88b9a448a3d9ab9fa270f7495fe44d1559c1ac49795a30881a,69cfb2bf8bc181dc1de1e09f0c7477a1a5de7585,elasticnet_corrected_69cfb2bf8bc1_6ed147cd_f83baf57
ElasticNet,1,3,2023-04-18,2023-04-19,16.0,11.90129440052904,-4.098705599470961,4.098705599470961,16.799387591134607,1.0,0.2,enet_a1.0_l0.2,submitted_main_linear_features_H1_18col,6ed147cd585e5e8083292683f9be3cf585e97e4d46fa0e3224d24a4e2b42cbbb,f83baf5732ffbf88b9a448a3d9ab9fa270f7495fe44d1559c1ac49795a30881a,69cfb2bf8bc181dc1de1e09f0c7477a1a5de7585,elasticnet_corrected_69cfb2bf8bc1_6ed147cd_f83baf57
ElasticNet,1,3,2023-04-19,2023-04-20,14.68,12.352064931905085,-2.3279350680949147,2.3279350680949147,5.419281681266075,1.0,0.2,enet_a1.0_l0.2,submitted_main_linear_features_H1_18col,6ed147cd585e5e8083292683f9be3cf585e97e4d46fa0e3224d24a4e2b42cbbb,f83baf5732ffbf88b9a448a3d9ab9fa270f7495fe44d1559c1ac49795a30881a,69cfb2bf8bc181dc1de1e09f0c7477a1a5de7585,elasticnet_corrected_69cfb2bf8bc1_6ed147cd_f83baf57
ElasticNet,1,3,2023-04-20,2023-04-21,12.62,13.166051707736774,0.5460517077367744,0.5460517077367744,0.29817246752224763,1.0,0.2,enet_a1.0_l0.2,submitted_main_linear_features_H1_18col,6ed147cd585e5e8083292683f9be3cf585e97e4d46fa0e3224d24a4e2b42cbbb,f83baf5732ffbf88b9a448a3d9ab9fa270f7495fe44d1559c1ac49795a30881a,69cfb2bf8bc181dc1de1e09f0c7477a1a5de7585,elasticnet_corrected_69cfb2bf8bc1_6ed147cd_f83baf57
ElasticNet,1,3,2023-04-21,2023-04-22,11.22,13.065586706435083,1.845586706435082,1.845586706435082,3.406190290969893,1.0,0.2,enet_a1.0_l0.2,submitted_main_linear_features_H1_18col,6ed147cd585e5e8083292683f9be3cf585e97e4d46fa0e3224d24a4e2b42cbbb,f83baf5732ffbf88b9a448a3d9ab9fa270f7495fe44d1559c1ac49795a30881a,69cfb2bf8bc181dc1de1e09f0c7477a1a5de7585,elasticnet_corrected_69cfb2bf8bc1_6ed147cd_f83baf57
ElasticNet,1,3,2023-04-22,2023-04-23,11.23,12.909098486491828,1.679098486491828,1.679098486491828,2.819371727339147,1.0,0.2,enet_a1.0_l0.2,submitted_main_linear_features_H1_18col,6ed147cd585e5e8083292683f9be3cf585e97e4d46fa0e3224d24a4e2b42cbbb,f83baf5732ffbf88b9a448a3d9ab9fa270f7495fe44d1559c1ac49795a30881a,69cfb2bf8bc181dc1de1e09f0c7477a1a5de7585,elasticnet_corrected_69cfb2bf8bc1_6ed147cd_f83baf57
ElasticNet,1,3,2023-04-23,2023-04-24,13.46,12.698186933744006,-0.7618130662559945,0.7618130662559945,0.5803591479183603,1.0,0.2,enet_a1.0_l0.2,submitted_main_linear_features_H1_18col,6ed147cd585e5e8083292683f9be3cf585e97e4d46fa0e3224d24a4e2b42cbbb,f83baf5732ffbf88b9a448a3d9ab9fa270f7495fe44d1559c1ac49795a30881a,69cfb2bf8bc181dc1de1e09f0c7477a1a5de7585,elasticnet_corrected_69cfb2bf8bc1_6ed147cd_f83baf57
ElasticNet,1,3,2023-04-24,2023-04-25,13.39,12.495260532631905,-0.8947394673680957,0.8947394673680957,0.8005587144661437,1.0,0.2,enet_a1.0_l0.2,submitted_main_linear_features_H1_18col,6ed147cd585e5e8083292683f9be3cf585e97e4d46fa0e3224d24a4e2b42cbbb,f83baf5732ffbf88b9a448a3d9ab9fa270f7495fe44d1559c1ac49795a30881a,69cfb2bf8bc181dc1de1e09f0c7477a1a5de7585,elasticnet_corrected_69cfb2bf8bc1_6ed147cd_f83baf57
ElasticNet,1,3,2023-04-25,2023-04-26,9.76,12.880624144922074,3.1206241449220737,3.1206241449220737,9.738295053870624,1.0,0.2,enet_a1.0_l0.2,submitted_main_linear_features_H1_18col,6ed147cd585e5e8083292683f9be3cf585e97e4d46fa0e3224d24a4e2b42cbbb,f83baf5732ffbf88b9a448a3d9ab9fa270f7495fe44d1559c1ac49795a30881a,69cfb2bf8bc181dc1de1e09f0c7477a1a5de7585,elasticnet_corrected_69cfb2bf8bc1_6ed147cd_f83baf57
ElasticNet,1,3,2023-04-26,2023-04-27,14.44,12.741345720557524,-1.6986542794424757,1.6986542794424757,2.8854263610682365,1.0,0.2,enet_a1.0_l0.2,submitted_main_linear_features_H1_18col,6ed147cd585e5e8083292683f9be3cf585e97e4d46fa0e3224d24a4e2b42cbbb,f83baf5732ffbf88b9a448a3d9ab9fa270f7495fe44d1559c1ac49795a30881a,69cfb2bf8bc181dc1de1e09f0c7477a1a5de7585,elasticnet_corrected_69cfb2bf8bc1_6ed147cd_f83baf57
ElasticNet,1,3,2023-04-27,2023-04-28,13.68,12.38616605058595,-1.293833949414049,1.293833949414049,1.6740062886563558,1.0,0.2,enet_a1.0_l0.2,submitted_main_linear_features_H1_18col,6ed147cd585e5e8083292683f9be3cf585e97e4d46fa0e3224d24a4e2b42cbbb,f83baf5732ffbf88b9a448a3d9ab9fa270f7495fe44d1559c1ac49795a30881a,69cfb2bf8bc181dc1de1e09f0c7477a1a5de7585,elasticnet_corrected_69cfb2bf8bc1_6ed147cd_f83baf57
ElasticNet,1,3,2023-04-28,2023-04-29,11.83,12.917917547458032,1.0879175474580318,1.0879175474580318,1.183564590067099,1.0,0.2,enet_a1.0_l0.2,submitted_main_linear_features_H1_18col,6ed147cd585e5e8083292683f9be3cf585e97e4d46fa0e3224d24a4e2b42cbbb,f83baf5732ffbf88b9a448a3d9ab9fa270f7495fe44d1559c1ac49795a30881a,69cfb2bf8bc181dc1de1e09f0c7477a1a5de7585,elasticnet_corrected_69cfb2bf8bc1_6ed147cd_f83baf57
ElasticNet,1,3,2023-04-29,2023-04-30,12.79,12.466546009494973,-0.3234539905050262,0.3234539905050262,0.10462248397362559,1.0,0.2,enet_a1.0_l0.2,submitted_main_linear_features_H1_18col,6ed147cd585e5e8083292683f9be3cf585e97e4d46fa0e3224d24a4e2b42cbbb,f83baf5732ffbf88b9a448a3d9ab9fa270f7495fe44d1559c1ac49795a30881a,69cfb2bf8bc181dc1de1e09f0c7477a1a5de7585,elasticnet_corrected_69cfb2bf8bc1_6ed147cd_f83baf57
ElasticNet,1,3,2023-04-30,2023-05-01,12.88,12.240082769784921,-0.6399172302150795,0.6399172302150795,0.4094940615261391,1.0,0.2,enet_a1.0_l0.2,submitted_main_linear_features_H1_18col,6ed147cd585e5e8083292683f9be3cf585e97e4d46fa0e3224d24a4e2b42cbbb,f83baf5732ffbf88b9a448a3d9ab9fa270f7495fe44d1559c1ac49795a30881a,69cfb2bf8bc181dc1de1e09f0c7477a1a5de7585,elasticnet_corrected_69cfb2bf8bc1_6ed147cd_f83baf57
ElasticNet,1,3,2023-05-01,2023-05-02,10.51,12.63791967727182,2.1279196772718194,2.1279196772718194,4.528042152920604,1.0,0.2,enet_a1.0_l0.2,submitted_main_linear_features_H1_18col,6ed147cd585e5e8083292683f9be3cf585e97e4d46fa0e3224d24a4e2b42cbbb,f83baf5732ffbf88b9a448a3d9ab9fa270f7495fe44d1559c1ac49795a30881a,69cfb2bf8bc181dc1de1e09f0c7477a1a5de7585,elasticnet_corrected_69cfb2bf8bc1_6ed147cd_f83baf57
ElasticNet,1,3,2023-05-02,2023-05-03,16.52,12.655443278910942,-3.8645567210890572,3.8645567210890572,14.934798650514605,1.0,0.2,enet_a1.0_l0.2,submitted_main_linear_features_H1_18col,6ed147cd585e5e8083292683f9be3cf585e97e4d46fa0e3224d24a4e2b42cbbb,f83baf5732ffbf88b9a448a3d9ab9fa270f7495fe44d1559c1ac49795a30881a,69cfb2bf8bc181dc1de1e09f0c7477a1a5de7585,elasticnet_corrected_69cfb2bf8bc1_6ed147cd_f83baf57
ElasticNet,1,3,2023-05-03,2023-05-04,14.09,12.26300921869477,-1.8269907813052306,1.8269907813052306,3.337895314974297,1.0,0.2,enet_a1.0_l0.2,submitted_main_linear_features_H1_18col,6ed147cd585e5e8083292683f9be3cf585e97e4d46fa0e3224d24a4e2b42cbbb,f83baf5732ffbf88b9a448a3d9ab9fa270f7495fe44d1559c1ac49795a30881a,69cfb2bf8bc181dc1de1e09f0c7477a1a5de7585,elasticnet_corrected_69cfb2bf8bc1_6ed147cd_f83baf57
ElasticNet,1,3,2023-05-04,2023-05-05,13.98,13.146462101089924,-0.8335378989100768,0.8335378989100768,0.6947854289194254,1.0,0.2,enet_a1.0_l0.2,submitted_main_linear_features_H1_18col,6ed147cd585e5e8083292683f9be3cf585e97e4d46fa0e3224d24a4e2b42cbbb,f83baf5732ffbf88b9a448a3d9ab9fa270f7495fe44d1559c1ac49795a30881a,69cfb2bf8bc181dc1de1e09f0c7477a1a5de7585,elasticnet_corrected_69cfb2bf8bc1_6ed147cd_f83baf57
ElasticNet,1,3,2023-05-05,2023-05-06,13.97,12.322748769338181,-1.6472512306618192,1.6472512306618192,2.7134366169168778,1.0,0.2,enet_a1.0_l0.2,submitted_main_linear_features_H1_18col,6ed147cd585e5e8083292683f9be3cf585e97e4d46fa0e3224d24a4e2b42cbbb,f83baf5732ffbf88b9a448a3d9ab9fa270f7495fe44d1559c1ac49795a30881a,69cfb2bf8bc181dc1de1e09f0c7477a1a5de7585,elasticnet_corrected_69cfb2bf8bc1_6ed147cd_f83baf57
ElasticNet,1,3,2023-05-06,2023-05-07,14.0,11.747113844031656,-2.252886155968344,2.252886155968344,5.075496031753822,1.0,0.2,enet_a1.0_l0.2,submitted_main_linear_features_H1_18col,6ed147cd585e5e8083292683f9be3cf585e97e4d46fa0e3224d24a4e2b42cbbb,f83baf5732ffbf88b9a448a3d9ab9fa270f7495fe44d1559c1ac49795a30881a,69cfb2bf8bc181dc1de1e09f0c7477a1a5de7585,elasticnet_corrected_69cfb2bf8bc1_6ed147cd_f83baf57
ElasticNet,1,3,2023-05-07,2023-05-08,13.94,12.362637564454765,-1.5773624355452345,1.5773624355452345,2.488072253069194,1.0,0.2,enet_a1.0_l0.2,submitted_main_linear_features_H1_18col,6ed147cd585e5e8083292683f9be3cf585e97e4d46fa0e3224d24a4e2b42cbbb,f83baf5732ffbf88b9a448a3d9ab9fa270f7495fe44d1559c1ac49795a30881a,69cfb2bf8bc181dc1de1e09f0c7477a1a5de7585,elasticnet_corrected_69cfb2bf8bc1_6ed147cd_f83baf57
ElasticNet,1,3,2023-05-08,2023-05-09,14.02,12.538077985905202,-1.4819220140947973,1.4819220140947973,2.1960928558587804,1.0,0.2,enet_a1.0_l0.2,submitted_main_linear_features_H1_18col,6ed147cd585e5e8083292683f9be3cf585e97e4d46fa0e3224d24a4e2b42cbbb,f83baf5732ffbf88b9a448a3d9ab9fa270f7495fe44d1559c1ac49795a30881a,69cfb2bf8bc181dc1de1e09f0c7477a1a5de7585,elasticnet_corrected_69cfb2bf8bc1_6ed147cd_f83baf57
ElasticNet,1,3,2023-05-09,2023-05-10,14.88,12.938194238071363,-1.941805761928638,1.941805761928638,3.7706096170592582,1.0,0.2,enet_a1.0_l0.2,submitted_main_linear_features_H1_18col,6ed147cd585e5e8083292683f9be3cf585e97e4d46fa0e3224d24a4e2b42cbbb,f83baf5732ffbf88b9a448a3d9ab9fa270f7495fe44d1559c1ac49795a30881a,69cfb2bf8bc181dc1de1e09f0c7477a1a5de7585,elasticnet_corrected_69cfb2bf8bc1_6ed147cd_f83baf57
ElasticNet,1,3,2023-05-10,2023-05-11,11.52,12.959443153541152,1.439443153541152,1.439443153541152,2.0719965922764967,1.0,0.2,enet_a1.0_l0.2,submitted_main_linear_features_H1_18col,6ed147cd585e5e8083292683f9be3cf585e97e4d46fa0e3224d24a4e2b42cbbb,f83baf5732ffbf88b9a448a3d9ab9fa270f7495fe44d1559c1ac49795a30881a,69cfb2bf8bc181dc1de1e09f0c7477a1a5de7585,elasticnet_corrected_69cfb2bf8bc1_6ed147cd_f83baf57
ElasticNet,1,3,2023-05-11,2023-05-12,13.0,12.932462548660943,-0.06753745133905653,0.06753745133905653,0.0045613073333754285,1.0,0.2,enet_a1.0_l0.2,submitted_main_linear_features_H1_18col,6ed147cd585e5e8083292683f9be3cf585e97e4d46fa0e3224d24a4e2b42cbbb,f83baf5732ffbf88b9a448a3d9ab9fa270f7495fe44d1559c1ac49795a30881a,69cfb2bf8bc181dc1de1e09f0c7477a1a5de7585,elasticnet_corrected_69cfb2bf8bc1_6ed147cd_f83baf57
ElasticNet,1,3,2023-05-12,2023-05-13,9.37,12.5146349447999,3.1446349447999005,3.1446349447999005,9.888728936056673,1.0,0.2,enet_a1.0_l0.2,submitted_main_linear_features_H1_18col,6ed147cd585e5e8083292683f9be3cf585e97e4d46fa0e3224d24a4e2b42cbbb,f83baf5732ffbf88b9a448a3d9ab9fa270f7495fe44d1559c1ac49795a30881a,69cfb2bf8bc181dc1de1e09f0c7477a1a5de7585,elasticnet_corrected_69cfb2bf8bc1_6ed147cd_f83baf57
ElasticNet,1,3,2023-05-13,2023-05-14,12.59,12.625901726775531,0.03590172677553127,0.03590172677553127,0.001288933985464899,1.0,0.2,enet_a1.0_l0.2,submitted_main_linear_features_H1_18col,6ed147cd585e5e8083292683f9be3cf585e97e4d46fa0e3224d24a4e2b42cbbb,f83baf5732ffbf88b9a448a3d9ab9fa270f7495fe44d1559c1ac49795a30881a,69cfb2bf8bc181dc1de1e09f0c7477a1a5de7585,elasticnet_corrected_69cfb2bf8bc1_6ed147cd_f83baf57
ElasticNet,1,3,2023-05-14,2023-05-15,12.67,12.065681519585258,-0.6043184804147419,0.6043184804147419,0.3652008257707828,1.0,0.2,enet_a1.0_l0.2,submitted_main_linear_features_H1_18col,6ed147cd585e5e8083292683f9be3cf585e97e4d46fa0e3224d24a4e2b42cbbb,f83baf5732ffbf88b9a448a3d9ab9fa270f7495fe44d1559c1ac49795a30881a,69cfb2bf8bc181dc1de1e09f0c7477a1a5de7585,elasticnet_corrected_69cfb2bf8bc1_6ed147cd_f83baf57
ElasticNet,1,3,2023-05-15,2023-05-16,12.94,12.435437868728773,-0.5045621312712267,0.5045621312712267,0.25458294431296263,1.0,0.2,enet_a1.0_l0.2,submitted_main_linear_features_H1_18col,6ed147cd585e5e8083292683f9be3cf585e97e4d46fa0e3224d24a4e2b42cbbb,f83baf5732ffbf88b9a448a3d9ab9fa270f7495fe44d1559c1ac49795a30881a,69cfb2bf8bc181dc1de1e09f0c7477a1a5de7585,elasticnet_corrected_69cfb2bf8bc1_6ed147cd_f83baf57
ElasticNet,1,3,2023-05-16,2023-05-17,11.93,12.371507663980443,0.4415076639804436,0.4415076639804436,0.1949290173534683,1.0,0.2,enet_a1.0_l0.2,submitted_main_linear_features_H1_18col,6ed147cd585e5e8083292683f9be3cf585e97e4d46fa0e3224d24a4e2b42cbbb,f83baf5732ffbf88b9a448a3d9ab9fa270f7495fe44d1559c1ac49795a30881a,69cfb2bf8bc181dc1de1e09f0c7477a1a5de7585,elasticnet_corrected_69cfb2bf8bc1_6ed147cd_f83baf57
ElasticNet,1,3,2023-05-17,2023-05-18,12.83,13.03776205827684,0.20776205827684002,0.20776205827684002,0.04316507285942907,1.0,0.2,enet_a1.0_l0.2,submitted_main_linear_features_H1_18col,6ed147cd585e5e8083292683f9be3cf585e97e4d46fa0e3224d24a4e2b42cbbb,f83baf5732ffbf88b9a448a3d9ab9fa270f7495fe44d1559c1ac49795a30881a,69cfb2bf8bc181dc1de1e09f0c7477a1a5de7585,elasticnet_corrected_69cfb2bf8bc1_6ed147cd_f83baf57
ElasticNet,1,3,2023-05-18,2023-05-19,14.46,12.493313839812469,-1.9666861601875318,1.9666861601875318,3.867854452673178,1.0,0.2,enet_a1.0_l0.2,submitted_main_linear_features_H1_18col,6ed147cd585e5e8083292683f9be3cf585e97e4d46fa0e3224d24a4e2b42cbbb,f83baf5732ffbf88b9a448a3d9ab9fa270f7495fe44d1559c1ac49795a30881a,69cfb2bf8bc181dc1de1e09f0c7477a1a5de7585,elasticnet_corrected_69cfb2bf8bc1_6ed147cd_f83baf57
ElasticNet,1,3,2023-05-19,2023-05-20,13.25,12.240188349993131,-1.0098116500068688,1.0098116500068688,1.0197195684895948,1.0,0.2,enet_a1.0_l0.2,submitted_main_linear_features_H1_18col,6ed147cd585e5e8083292683f9be3cf585e97e4d46fa0e3224d24a4e2b42cbbb,f83baf5732ffbf88b9a448a3d9ab9fa270f7495fe44d1559c1ac49795a30881a,69cfb2bf8bc181dc1de1e09f0c7477a1a5de7585,elasticnet_corrected_69cfb2bf8bc1_6ed147cd_f83baf57
ElasticNet,1,3,2023-05-20,2023-05-21,12.85,12.566828588877652,-0.283171411122348,0.283171411122348,0.08018604807702183,1.0,0.2,enet_a1.0_l0.2,submitted_main_linear_features_H1_18col,6ed147cd585e5e8083292683f9be3cf585e97e4d46fa0e3224d24a4e2b42cbbb,f83baf5732ffbf88b9a448a3d9ab9fa270f7495fe44d1559c1ac49795a30881a,69cfb2bf8bc181dc1de1e09f0c7477a1a5de7585,elasticnet_corrected_69cfb2bf8bc1_6ed147cd_f83baf57
ElasticNet,1,3,2023-05-21,2023-05-22,14.51,12.554260658546774,-1.955739341453226,1.955739341453226,3.824916371707898,1.0,0.2,enet_a1.0_l0.2,submitted_main_linear_features_H1_18col,6ed147cd585e5e8083292683f9be3cf585e97e4d46fa0e3224d24a4e2b42cbbb,f83baf5732ffbf88b9a448a3d9ab9fa270f7495fe44d1559c1ac49795a30881a,69cfb2bf8bc181dc1de1e09f0c7477a1a5de7585,elasticnet_corrected_69cfb2bf8bc1_6ed147cd_f83baf57
ElasticNet,1,3,2023-05-22,2023-05-23,10.07,12.578815862231206,2.508815862231206,2.508815862231206,6.294157030582909,1.0,0.2,enet_a1.0_l0.2,submitted_main_linear_features_H1_18col,6ed147cd585e5e8083292683f9be3cf585e97e4d46fa0e3224d24a4e2b42cbbb,f83baf5732ffbf88b9a448a3d9ab9fa270f7495fe44d1559c1ac49795a30881a,69cfb2bf8bc181dc1de1e09f0c7477a1a5de7585,elasticnet_corrected_69cfb2bf8bc1_6ed147cd_f83baf57
ElasticNet,1,3,2023-05-23,2023-05-24,12.91,12.807804465996428,-0.10219553400357206,0.10219553400357206,0.010443927170275254,1.0,0.2,enet_a1.0_l0.2,submitted_main_linear_features_H1_18col,6ed147cd585e5e8083292683f9be3cf585e97e4d46fa0e3224d24a4e2b42cbbb,f83baf5732ffbf88b9a448a3d9ab9fa270f7495fe44d1559c1ac49795a30881a,69cfb2bf8bc181dc1de1e09f0c7477a1a5de7585,elasticnet_corrected_69cfb2bf8bc1_6ed147cd_f83baf57
ElasticNet,1,3,2023-05-24,2023-05-25,13.15,12.017153648169675,-1.1328463518303256,1.1328463518303256,1.2833408568552778,1.0,0.2,enet_a1.0_l0.2,submitted_main_linear_features_H1_18col,6ed147cd585e5e8083292683f9be3cf585e97e4d46fa0e3224d24a4e2b42cbbb,f83baf5732ffbf88b9a448a3d9ab9fa270f7495fe44d1559c1ac49795a30881a,69cfb2bf8bc181dc1de1e09f0c7477a1a5de7585,elasticnet_corrected_69cfb2bf8bc1_6ed147cd_f83baf57
ElasticNet,1,3,2023-05-25,2023-05-26,14.4,12.392810292371829,-2.0071897076281715,2.0071897076281715,4.028810522408465,1.0,0.2,enet_a1.0_l0.2,submitted_main_linear_features_H1_18col,6ed147cd585e5e8083292683f9be3cf585e97e4d46fa0e3224d24a4e2b42cbbb,f83baf5732ffbf88b9a448a3d9ab9fa270f7495fe44d1559c1ac49795a30881a,69cfb2bf8bc181dc1de1e09f0c7477a1a5de7585,elasticnet_corrected_69cfb2bf8bc1_6ed147cd_f83baf57
ElasticNet,1,3,2023-05-26,2023-05-27,13.75,12.335110684606631,-1.4148893153933688,1.4148893153933688,2.001911774814316,1.0,0.2,enet_a1.0_l0.2,submitted_main_linear_features_H1_18col,6ed147cd585e5e8083292683f9be3cf585e97e4d46fa0e3224d24a4e2b42cbbb,f83baf5732ffbf88b9a448a3d9ab9fa270f7495fe44d1559c1ac49795a30881a,69cfb2bf8bc181dc1de1e09f0c7477a1a5de7585,elasticnet_corrected_69cfb2bf8bc1_6ed147cd_f83baf57
ElasticNet,1,3,2023-05-27,2023-05-28,12.88,12.667925386785031,-0.2120746132149698,0.2120746132149698,0.044975641570279036,1.0,0.2,enet_a1.0_l0.2,submitted_main_linear_features_H1_18col,6ed147cd585e5e8083292683f9be3cf585e97e4d46fa0e3224d24a4e2b42cbbb,f83baf5732ffbf88b9a448a3d9ab9fa270f7495fe44d1559c1ac49795a30881a,69cfb2bf8bc181dc1de1e09f0c7477a1a5de7585,elasticnet_corrected_69cfb2bf8bc1_6ed147cd_f83baf57
ElasticNet,1,3,2023-05-28,2023-05-29,12.2,12.649422312056046,0.449422312056047,0.449422312056047,0.2019804145738029,1.0,0.2,enet_a1.0_l0.2,submitted_main_linear_features_H1_18col,6ed147cd585e5e8083292683f9be3cf585e97e4d46fa0e3224d24a4e2b42cbbb,f83baf5732ffbf88b9a448a3d9ab9fa270f7495fe44d1559c1ac49795a30881a,69cfb2bf8bc181dc1de1e09f0c7477a1a5de7585,elasticnet_corrected_69cfb2bf8bc1_6ed147cd_f83baf57
ElasticNet,1,3,2023-05-29,2023-05-30,12.42,11.780904541790683,-0.6390954582093169,0.6390954582093169,0.4084430047037767,1.0,0.2,enet_a1.0_l0.2,submitted_main_linear_features_H1_18col,6ed147cd585e5e8083292683f9be3cf585e97e4d46fa0e3224d24a4e2b42cbbb,f83baf5732ffbf88b9a448a3d9ab9fa270f7495fe44d1559c1ac49795a30881a,69cfb2bf8bc181dc1de1e09f0c7477a1a5de7585,elasticnet_corrected_69cfb2bf8bc1_6ed147cd_f83baf57
ElasticNet,1,3,2023-05-30,2023-05-31,7.99,12.021604411577966,4.031604411577966,4.031604411577966,16.25383413145492,1.0,0.2,enet_a1.0_l0.2,submitted_main_linear_features_H1_18col,6ed147cd585e5e8083292683f9be3cf585e97e4d46fa0e3224d24a4e2b42cbbb,f83baf5732ffbf88b9a448a3d9ab9fa270f7495fe44d1559c1ac49795a30881a,69cfb2bf8bc181dc1de1e09f0c7477a1a5de7585,elasticnet_corrected_69cfb2bf8bc1_6ed147cd_f83baf57
ElasticNet,1,3,2023-05-31,2023-06-01,10.55,12.078683165642603,1.5286831656426028,1.5286831656426028,2.3368722209190893,1.0,0.2,enet_a1.0_l0.2,submitted_main_linear_features_H1_18col,6ed147cd585e5e8083292683f9be3cf585e97e4d46fa0e3224d24a4e2b42cbbb,f83baf5732ffbf88b9a448a3d9ab9fa270f7495fe44d1559c1ac49795a30881a,69cfb2bf8bc181dc1de1e09f0c7477a1a5de7585,elasticnet_corrected_69cfb2bf8bc1_6ed147cd_f83baf57
ElasticNet,1,3,2023-06-01,2023-06-02,9.12,11.523094449906333,2.403094449906334,2.403094449906334,5.774862935170625,1.0,0.2,enet_a1.0_l0.2,submitted_main_linear_features_H1_18col,6ed147cd585e5e8083292683f9be3cf585e97e4d46fa0e3224d24a4e2b42cbbb,f83baf5732ffbf88b9a448a3d9ab9fa270f7495fe44d1559c1ac49795a30881a,69cfb2bf8bc181dc1de1e09f0c7477a1a5de7585,elasticnet_corrected_69cfb2bf8bc1_6ed147cd_f83baf57
ElasticNet,1,3,2023-06-02,2023-06-03,9.19,11.584391689700425,2.3943916897004254,2.3943916897004254,5.7331115637064585,1.0,0.2,enet_a1.0_l0.2,submitted_main_linear_features_H1_18col,6ed147cd585e5e8083292683f9be3cf585e97e4d46fa0e3224d24a4e2b42cbbb,f83baf5732ffbf88b9a448a3d9ab9fa270f7495fe44d1559c1ac49795a30881a,69cfb2bf8bc181dc1de1e09f0c7477a1a5de7585,elasticnet_corrected_69cfb2bf8bc1_6ed147cd_f83baf57
ElasticNet,1,3,2023-06-03,2023-06-04,9.29,11.403549421920784,2.1135494219207853,2.1135494219207853,4.4670911589016855,1.0,0.2,enet_a1.0_l0.2,submitted_main_linear_features_H1_18col,6ed147cd585e5e8083292683f9be3cf585e97e4d46fa0e3224d24a4e2b42cbbb,f83baf5732ffbf88b9a448a3d9ab9fa270f7495fe44d1559c1ac49795a30881a,69cfb2bf8bc181dc1de1e09f0c7477a1a5de7585,elasticnet_corrected_69cfb2bf8bc1_6ed147cd_f83baf57
ElasticNet,1,3,2023-06-04,2023-06-05,10.0,11.383850913948676,1.3838509139486757,1.3838509139486757,1.9150433520365848,1.0,0.2,enet_a1.0_l0.2,submitted_main_linear_features_H1_18col,6ed147cd585e5e8083292683f9be3cf585e97e4d46fa0e3224d24a4e2b42cbbb,f83baf5732ffbf88b9a448a3d9ab9fa270f7495fe44d1559c1ac49795a30881a,69cfb2bf8bc181dc1de1e09f0c7477a1a5de7585,elasticnet_corrected_69cfb2bf8bc1_6ed147cd_f83baf57
ElasticNet,1,3,2023-06-05,2023-06-06,13.26,11.574000689853053,-1.685999310146947,1.685999310146947,2.842593673815981,1.0,0.2,enet_a1.0_l0.2,submitted_main_linear_features_H1_18col,6ed147cd585e5e8083292683f9be3cf585e97e4d46fa0e3224d24a4e2b42cbbb,f83baf5732ffbf88b9a448a3d9ab9fa270f7495fe44d1559c1ac49795a30881a,69cfb2bf8bc181dc1de1e09f0c7477a1a5de7585,elasticnet_corrected_69cfb2bf8bc1_6ed147cd_f83baf57
ElasticNet,1,3,2023-06-06,2023-06-07,12.56,11.397840360395536,-1.1621596396044644,1.1621596396044644,1.3506150279255786,1.0,0.2,enet_a1.0_l0.2,submitted_main_linear_features_H1_18col,6ed147cd585e5e8083292683f9be3cf585e97e4d46fa0e3224d24a4e2b42cbbb,f83baf5732ffbf88b9a448a3d9ab9fa270f7495fe44d1559c1ac49795a30881a,69cfb2bf8bc181dc1de1e09f0c7477a1a5de7585,elasticnet_corrected_69cfb2bf8bc1_6ed147cd_f83baf57
ElasticNet,1,3,2023-06-07,2023-06-08,13.64,11.757928849512588,-1.8820711504874126,1.8820711504874126,3.542191815497013,1.0,0.2,enet_a1.0_l0.2,submitted_main_linear_features_H1_18col,6ed147cd585e5e8083292683f9be3cf585e97e4d46fa0e3224d24a4e2b42cbbb,f83baf5732ffbf88b9a448a3d9ab9fa270f7495fe44d1559c1ac49795a30881a,69cfb2bf8bc181dc1de1e09f0c7477a1a5de7585,elasticnet_corrected_69cfb2bf8bc1_6ed147cd_f83baf57
ElasticNet,1,3,2023-06-08,2023-06-09,15.85,11.912550228268918,-3.9374497717310817,3.9374497717310817,15.503510704905148,1.0,0.2,enet_a1.0_l0.2,submitted_main_linear_features_H1_18col,6ed147cd585e5e8083292683f9be3cf585e97e4d46fa0e3224d24a4e2b42cbbb,f83baf5732ffbf88b9a448a3d9ab9fa270f7495fe44d1559c1ac49795a30881a,69cfb2bf8bc181dc1de1e09f0c7477a1a5de7585,elasticnet_corrected_69cfb2bf8bc1_6ed147cd_f83baf57
ElasticNet,1,3,2023-06-09,2023-06-10,11.12,12.278054730917393,1.158054730917394,1.158054730917394,1.341090759800158,1.0,0.2,enet_a1.0_l0.2,submitted_main_linear_features_H1_18col,6ed147cd585e5e8083292683f9be3cf585e97e4d46fa0e3224d24a4e2b42cbbb,f83baf5732ffbf88b9a448a3d9ab9fa270f7495fe44d1559c1ac49795a30881a,69cfb2bf8bc181dc1de1e09f0c7477a1a5de7585,elasticnet_corrected_69cfb2bf8bc1_6ed147cd_f83baf57
ElasticNet,1,3,2023-06-10,2023-06-11,10.4,12.447432000720067,2.0474320007200664,2.0474320007200664,4.191977797572574,1.0,0.2,enet_a1.0_l0.2,submitted_main_linear_features_H1_18col,6ed147cd585e5e8083292683f9be3cf585e97e4d46fa0e3224d24a4e2b42cbbb,f83baf5732ffbf88b9a448a3d9ab9fa270f7495fe44d1559c1ac49795a30881a,69cfb2bf8bc181dc1de1e09f0c7477a1a5de7585,elasticnet_corrected_69cfb2bf8bc1_6ed147cd_f83baf57
ElasticNet,1,3,2023-06-11,2023-06-12,11.4,11.890772385988324,0.49077238598832373,0.49077238598832373,0.24085753484867223,1.0,0.2,enet_a1.0_l0.2,submitted_main_linear_features_H1_18col,6ed147cd585e5e8083292683f9be3cf585e97e4d46fa0e3224d24a4e2b42cbbb,f83baf5732ffbf88b9a448a3d9ab9fa270f7495fe44d1559c1ac49795a30881a,69cfb2bf8bc181dc1de1e09f0c7477a1a5de7585,elasticnet_corrected_69cfb2bf8bc1_6ed147cd_f83baf57
ElasticNet,1,3,2023-06-12,2023-06-13,13.16,11.735010304210883,-1.424989695789117,1.424989695789117,2.0305956331051602,1.0,0.2,enet_a1.0_l0.2,submitted_main_linear_features_H1_18col,6ed147cd585e5e8083292683f9be3cf585e97e4d46fa0e3224d24a4e2b42cbbb,f83baf5732ffbf88b9a448a3d9ab9fa270f7495fe44d1559c1ac49795a30881a,69cfb2bf8bc181dc1de1e09f0c7477a1a5de7585,elasticnet_corrected_69cfb2bf8bc1_6ed147cd_f83baf57
ElasticNet,1,3,2023-06-13,2023-06-14,16.86,12.035592996459778,-4.824407003540221,4.824407003540221,23.274902935807937,1.0,0.2,enet_a1.0_l0.2,submitted_main_linear_features_H1_18col,6ed147cd585e5e8083292683f9be3cf585e97e4d46fa0e3224d24a4e2b42cbbb,f83baf5732ffbf88b9a448a3d9ab9fa270f7495fe44d1559c1ac49795a30881a,69cfb2bf8bc181dc1de1e09f0c7477a1a5de7585,elasticnet_corrected_69cfb2bf8bc1_6ed147cd_f83baf57
ElasticNet,1,3,2023-06-14,2023-06-15,10.78,12.43369186077919,1.6536918607791904,1.6536918607791904,2.734696770407341,1.0,0.2,enet_a1.0_l0.2,submitted_main_linear_features_H1_18col,6ed147cd585e5e8083292683f9be3cf585e97e4d46fa0e3224d24a4e2b42cbbb,f83baf5732ffbf88b9a448a3d9ab9fa270f7495fe44d1559c1ac49795a30881a,69cfb2bf8bc181dc1de1e09f0c7477a1a5de7585,elasticnet_corrected_69cfb2bf8bc1_6ed147cd_f83baf57
ElasticNet,1,3,2023-06-15,2023-06-16,14.09,12.841211866947766,-1.2487881330522335,1.2487881330522335,1.5594718012520827,1.0,0.2,enet_a1.0_l0.2,submitted_main_linear_features_H1_18col,6ed147cd585e5e8083292683f9be3cf585e97e4d46fa0e3224d24a4e2b42cbbb,f83baf5732ffbf88b9a448a3d9ab9fa270f7495fe44d1559c1ac49795a30881a,69cfb2bf8bc181dc1de1e09f0c7477a1a5de7585,elasticnet_corrected_69cfb2bf8bc1_6ed147cd_f83baf57
ElasticNet,1,3,2023-06-16,2023-06-17,11.4,11.927455517662525,0.5274555176625242,0.5274555176625242,0.27820932311264135,1.0,0.2,enet_a1.0_l0.2,submitted_main_linear_features_H1_18col,6ed147cd585e5e8083292683f9be3cf585e97e4d46fa0e3224d24a4e2b42cbbb,f83baf5732ffbf88b9a448a3d9ab9fa270f7495fe44d1559c1ac49795a30881a,69cfb2bf8bc181dc1de1e09f0c7477a1a5de7585,elasticnet_corrected_69cfb2bf8bc1_6ed147cd_f83baf57
ElasticNet,1,3,2023-06-17,2023-06-18,10.92,12.604242376148129,1.6842423761481289,1.6842423761481289,2.8366723816130954,1.0,0.2,enet_a1.0_l0.2,submitted_main_linear_features_H1_18col,6ed147cd585e5e8083292683f9be3cf585e97e4d46fa0e3224d24a4e2b42cbbb,f83baf5732ffbf88b9a448a3d9ab9fa270f7495fe44d1559c1ac49795a30881a,69cfb2bf8bc181dc1de1e09f0c7477a1a5de7585,elasticnet_corrected_69cfb2bf8bc1_6ed147cd_f83baf57
ElasticNet,1,3,2023-06-18,2023-06-19,14.32,12.314708965616653,-2.0052910343833474,2.0052910343833474,4.021192132578236,1.0,0.2,enet_a1.0_l0.2,submitted_main_linear_features_H1_18col,6ed147cd585e5e8083292683f9be3cf585e97e4d46fa0e3224d24a4e2b42cbbb,f83baf5732ffbf88b9a448a3d9ab9fa270f7495fe44d1559c1ac49795a30881a,69cfb2bf8bc181dc1de1e09f0c7477a1a5de7585,elasticnet_corrected_69cfb2bf8bc1_6ed147cd_f83baf57
ElasticNet,1,3,2023-06-19,2023-06-20,13.18,12.477099829563107,-0.7029001704368927,0.7029001704368927,0.4940686496002128,1.0,0.2,enet_a1.0_l0.2,submitted_main_linear_features_H1_18col,6ed147cd585e5e8083292683f9be3cf585e97e4d46fa0e3224d24a4e2b42cbbb,f83baf5732ffbf88b9a448a3d9ab9fa270f7495fe44d1559c1ac49795a30881a,69cfb2bf8bc181dc1de1e09f0c7477a1a5de7585,elasticnet_corrected_69cfb2bf8bc1_6ed147cd_f83baf57
ElasticNet,1,3,2023-06-20,2023-06-21,17.48,12.747059753515204,-4.732940246484796,4.732940246484796,22.400723376795565,1.0,0.2,enet_a1.0_l0.2,submitted_main_linear_features_H1_18col,6ed147cd585e5e8083292683f9be3cf585e97e4d46fa0e3224d24a4e2b42cbbb,f83baf5732ffbf88b9a448a3d9ab9fa270f7495fe44d1559c1ac49795a30881a,69cfb2bf8bc181dc1de1e09f0c7477a1a5de7585,elasticnet_corrected_69cfb2bf8bc1_6ed147cd_f83baf57
ElasticNet,1,3,2023-06-21,2023-06-22,11.56,12.82928083865283,1.2692808386528291,1.2692808386528291,1.6110738473712294,1.0,0.2,enet_a1.0_l0.2,submitted_main_linear_features_H1_18col,6ed147cd585e5e8083292683f9be3cf585e97e4d46fa0e3224d24a4e2b42cbbb,f83baf5732ffbf88b9a448a3d9ab9fa270f7495fe44d1559c1ac49795a30881a,69cfb2bf8bc181dc1de1e09f0c7477a1a5de7585,elasticnet_corrected_69cfb2bf8bc1_6ed147cd_f83baf57
ElasticNet,1,3,2023-06-22,2023-06-23,16.33,13.163386040511568,-3.16661395948843,3.16661395948843,10.027443968426992,1.0,0.2,enet_a1.0_l0.2,submitted_main_linear_features_H1_18col,6ed147cd585e5e8083292683f9be3cf585e97e4d46fa0e3224d24a4e2b42cbbb,f83baf5732ffbf88b9a448a3d9ab9fa270f7495fe44d1559c1ac49795a30881a,69cfb2bf8bc181dc1de1e09f0c7477a1a5de7585,elasticnet_corrected_69cfb2bf8bc1_6ed147cd_f83baf57
ElasticNet,1,3,2023-06-23,2023-06-24,11.51,12.437883094867047,0.9278830948670471,0.9278830948670471,0.8609670377400496,1.0,0.2,enet_a1.0_l0.2,submitted_main_linear_features_H1_18col,6ed147cd585e5e8083292683f9be3cf585e97e4d46fa0e3224d24a4e2b42cbbb,f83baf5732ffbf88b9a448a3d9ab9fa270f7495fe44d1559c1ac49795a30881a,69cfb2bf8bc181dc1de1e09f0c7477a1a5de7585,elasticnet_corrected_69cfb2bf8bc1_6ed147cd_f83baf57
ElasticNet,1,3,2023-06-24,2023-06-25,12.68,12.99967187034932,0.3196718703493211,0.3196718703493211,0.10219010469263316,1.0,0.2,enet_a1.0_l0.2,submitted_main_linear_features_H1_18col,6ed147cd585e5e8083292683f9be3cf585e97e4d46fa0e3224d24a4e2b42cbbb,f83baf5732ffbf88b9a448a3d9ab9fa270f7495fe44d1559c1ac49795a30881a,69cfb2bf8bc181dc1de1e09f0c7477a1a5de7585,elasticnet_corrected_69cfb2bf8bc1_6ed147cd_f83baf57
ElasticNet,1,3,2023-06-25,2023-06-26,12.26,12.269498261489069,0.009498261489069293,0.009498261489069293,9.021697131473682e-05,1.0,0.2,enet_a1.0_l0.2,submitted_main_linear_features_H1_18col,6ed147cd585e5e8083292683f9be3cf585e97e4d46fa0e3224d24a4e2b42cbbb,f83baf5732ffbf88b9a448a3d9ab9fa270f7495fe44d1559c1ac49795a30881a,69cfb2bf8bc181dc1de1e09f0c7477a1a5de7585,elasticnet_corrected_69cfb2bf8bc1_6ed147cd_f83baf57
ElasticNet,1,3,2023-06-26,2023-06-27,11.74,12.424003211467877,0.6840032114678767,0.6840032114678767,0.4678603932983688,1.0,0.2,enet_a1.0_l0.2,submitted_main_linear_features_H1_18col,6ed147cd585e5e8083292683f9be3cf585e97e4d46fa0e3224d24a4e2b42cbbb,f83baf5732ffbf88b9a448a3d9ab9fa270f7495fe44d1559c1ac49795a30881a,69cfb2bf8bc181dc1de1e09f0c7477a1a5de7585,elasticnet_corrected_69cfb2bf8bc1_6ed147cd_f83baf57
ElasticNet,1,3,2023-06-27,2023-06-28,8.82,12.302774456872795,3.4827744568727947,3.4827744568727947,12.129717917445591,1.0,0.2,enet_a1.0_l0.2,submitted_main_linear_features_H1_18col,6ed147cd585e5e8083292683f9be3cf585e97e4d46fa0e3224d24a4e2b42cbbb,f83baf5732ffbf88b9a448a3d9ab9fa270f7495fe44d1559c1ac49795a30881a,69cfb2bf8bc181dc1de1e09f0c7477a1a5de7585,elasticnet_corrected_69cfb2bf8bc1_6ed147cd_f83baf57
ElasticNet,1,3,2023-06-28,2023-06-29,10.62,12.292342871063232,1.6723428710632326,1.6723428710632326,2.796730678396016,1.0,0.2,enet_a1.0_l0.2,submitted_main_linear_features_H1_18col,6ed147cd585e5e8083292683f9be3cf585e97e4d46fa0e3224d24a4e2b42cbbb,f83baf5732ffbf88b9a448a3d9ab9fa270f7495fe44d1559c1ac49795a30881a,69cfb2bf8bc181dc1de1e09f0c7477a1a5de7585,elasticnet_corrected_69cfb2bf8bc1_6ed147cd_f83baf57
ElasticNet,1,3,2023-06-29,2023-06-30,9.68,11.596269453765776,1.9162694537657767,1.9162694537657767,3.6720886194357885,1.0,0.2,enet_a1.0_l0.2,submitted_main_linear_features_H1_18col,6ed147cd585e5e8083292683f9be3cf585e97e4d46fa0e3224d24a4e2b42cbbb,f83baf5732ffbf88b9a448a3d9ab9fa270f7495fe44d1559c1ac49795a30881a,69cfb2bf8bc181dc1de1e09f0c7477a1a5de7585,elasticnet_corrected_69cfb2bf8bc1_6ed147cd_f83baf57
ElasticNet,1,3,2023-06-30,2023-07-01,10.07,11.666489303479144,1.596489303479144,1.596489303479144,2.5487780961233226,1.0,0.2,enet_a1.0_l0.2,submitted_main_linear_features_H1_18col,6ed147cd585e5e8083292683f9be3cf585e97e4d46fa0e3224d24a4e2b42cbbb,f83baf5732ffbf88b9a448a3d9ab9fa270f7495fe44d1559c1ac49795a30881a,69cfb2bf8bc181dc1de1e09f0c7477a1a5de7585,elasticnet_corrected_69cfb2bf8bc1_6ed147cd_f83baf57
ElasticNet,1,3,2023-07-01,2023-07-02,9.04,11.823501055792148,2.783501055792149,2.783501055792149,7.747878127596008,1.0,0.2,enet_a1.0_l0.2,submitted_main_linear_features_H1_18col,6ed147cd585e5e8083292683f9be3cf585e97e4d46fa0e3224d24a4e2b42cbbb,f83baf5732ffbf88b9a448a3d9ab9fa270f7495fe44d1559c1ac49795a30881a,69cfb2bf8bc181dc1de1e09f0c7477a1a5de7585,elasticnet_corrected_69cfb2bf8bc1_6ed147cd_f83baf57
ElasticNet,1,3,2023-07-02,2023-07-03,11.09,11.932947039668216,0.8429470396682159,0.8429470396682159,0.7105597116854088,1.0,0.2,enet_a1.0_l0.2,submitted_main_linear_features_H1_18col,6ed147cd585e5e8083292683f9be3cf585e97e4d46fa0e3224d24a4e2b42cbbb,f83baf5732ffbf88b9a448a3d9ab9fa270f7495fe44d1559c1ac49795a30881a,69cfb2bf8bc181dc1de1e09f0c7477a1a5de7585,elasticnet_corrected_69cfb2bf8bc1_6ed147cd_f83baf57
ElasticNet,1,3,2023-07-03,2023-07-04,11.9,11.891684249181795,-0.008315750818205458,0.008315750818205458,6.915171167048475e-05,1.0,0.2,enet_a1.0_l0.2,submitted_main_linear_features_H1_18col,6ed147cd585e5e8083292683f9be3cf585e97e4d46fa0e3224d24a4e2b42cbbb,f83baf5732ffbf88b9a448a3d9ab9fa270f7495fe44d1559c1ac49795a30881a,69cfb2bf8bc181dc1de1e09f0c7477a1a5de7585,elasticnet_corrected_69cfb2bf8bc1_6ed147cd_f83baf57
ElasticNet,1,3,2023-07-04,2023-07-05,13.57,11.859342253377731,-1.7106577466222692,1.7106577466222692,2.92634992607878,1.0,0.2,enet_a1.0_l0.2,submitted_main_linear_features_H1_18col,6ed147cd585e5e8083292683f9be3cf585e97e4d46fa0e3224d24a4e2b42cbbb,f83baf5732ffbf88b9a448a3d9ab9fa270f7495fe44d1559c1ac49795a30881a,69cfb2bf8bc181dc1de1e09f0c7477a1a5de7585,elasticnet_corrected_69cfb2bf8bc1_6ed147cd_f83baf57
ElasticNet,1,3,2023-07-05,2023-07-06,11.6,11.792636420703786,0.19263642070378673,0.19263642070378673,0.03710879058156631,1.0,0.2,enet_a1.0_l0.2,submitted_main_linear_features_H1_18col,6ed147cd585e5e8083292683f9be3cf585e97e4d46fa0e3224d24a4e2b42cbbb,f83baf5732ffbf88b9a448a3d9ab9fa270f7495fe44d1559c1ac49795a30881a,69cfb2bf8bc181dc1de1e09f0c7477a1a5de7585,elasticnet_corrected_69cfb2bf8bc1_6ed147cd_f83baf57
ElasticNet,1,3,2023-07-06,2023-07-07,13.75,12.411086512909915,-1.3389134870900854,1.3389134870900854,1.7926893259117322,1.0,0.2,enet_a1.0_l0.2,submitted_main_linear_features_H1_18col,6ed147cd585e5e8083292683f9be3cf585e97e4d46fa0e3224d24a4e2b42cbbb,f83baf5732ffbf88b9a448a3d9ab9fa270f7495fe44d1559c1ac49795a30881a,69cfb2bf8bc181dc1de1e09f0c7477a1a5de7585,elasticnet_corrected_69cfb2bf8bc1_6ed147cd_f83baf57
ElasticNet,1,3,2023-07-07,2023-07-08,11.11,11.70341835647815,0.5934183564781499,0.5934183564781499,0.3521453458052286,1.0,0.2,enet_a1.0_l0.2,submitted_main_linear_features_H1_18col,6ed147cd585e5e8083292683f9be3cf585e97e4d46fa0e3224d24a4e2b42cbbb,f83baf5732ffbf88b9a448a3d9ab9fa270f7495fe44d1559c1ac49795a30881a,69cfb2bf8bc181dc1de1e09f0c7477a1a5de7585,elasticnet_corrected_69cfb2bf8bc1_6ed147cd_f83baf57
ElasticNet,1,3,2023-07-08,2023-07-09,10.33,11.925260490470281,1.595260490470281,1.595260490470281,2.544856032455481,1.0,0.2,enet_a1.0_l0.2,submitted_main_linear_features_H1_18col,6ed147cd585e5e8083292683f9be3cf585e97e4d46fa0e3224d24a4e2b42cbbb,f83baf5732ffbf88b9a448a3d9ab9fa270f7495fe44d1559c1ac49795a30881a,69cfb2bf8bc181dc1de1e09f0c7477a1a5de7585,elasticnet_corrected_69cfb2bf8bc1_6ed147cd_f83baf57
ElasticNet,1,3,2023-07-09,2023-07-10,11.28,11.613836418383329,0.33383641838332956,0.33383641838332956,0.11144675423900946,1.0,0.2,enet_a1.0_l0.2,submitted_main_linear_features_H1_18col,6ed147cd585e5e8083292683f9be3cf585e97e4d46fa0e3224d24a4e2b42cbbb,f83baf5732ffbf88b9a448a3d9ab9fa270f7495fe44d1559c1ac49795a30881a,69cfb2bf8bc181dc1de1e09f0c7477a1a5de7585,elasticnet_corrected_69cfb2bf8bc1_6ed147cd_f83baf57
ElasticNet,1,3,2023-07-10,2023-07-11,11.04,11.809752331812344,0.7697523318123451,0.7697523318123451,0.5925186523305427,1.0,0.2,enet_a1.0_l0.2,submitted_main_linear_features_H1_18col,6ed147cd585e5e8083292683f9be3cf585e97e4d46fa0e3224d24a4e2b42cbbb,f83baf5732ffbf88b9a448a3d9ab9fa270f7495fe44d1559c1ac49795a30881a,69cfb2bf8bc181dc1de1e09f0c7477a1a5de7585,elasticnet_corrected_69cfb2bf8bc1_6ed147cd_f83baf57
ElasticNet,1,3,2023-07-11,2023-07-12,13.0,11.747551977222242,-1.2524480227777577,1.2524480227777577,1.5686260497599147,1.0,0.2,enet_a1.0_l0.2,submitted_main_linear_features_H1_18col,6ed147cd585e5e8083292683f9be3cf585e97e4d46fa0e3224d24a4e2b42cbbb,f83baf5732ffbf88b9a448a3d9ab9fa270f7495fe44d1559c1ac49795a30881a,69cfb2bf8bc181dc1de1e09f0c7477a1a5de7585,elasticnet_corrected_69cfb2bf8bc1_6ed147cd_f83baf57
ElasticNet,1,3,2023-07-12,2023-07-13,12.89,11.82816258923442,-1.0618374107655804,1.0618374107655804,1.127498686901352,1.0,0.2,enet_a1.0_l0.2,submitted_main_linear_features_H1_18col,6ed147cd585e5e8083292683f9be3cf585e97e4d46fa0e3224d24a4e2b42cbbb,f83baf5732ffbf88b9a448a3d9ab9fa270f7495fe44d1559c1ac49795a30881a,69cfb2bf8bc181dc1de1e09f0c7477a1a5de7585,elasticnet_corrected_69cfb2bf8bc1_6ed147cd_f83baf57
ElasticNet,1,3,2023-07-13,2023-07-14,14.05,12.029201060420599,-2.020798939579402,2.020798939579402,4.083628354205235,1.0,0.2,enet_a1.0_l0.2,submitted_main_linear_features_H1_18col,6ed147cd585e5e8083292683f9be3cf585e97e4d46fa0e3224d24a4e2b42cbbb,f83baf5732ffbf88b9a448a3d9ab9fa270f7495fe44d1559c1ac49795a30881a,69cfb2bf8bc181dc1de1e09f0c7477a1a5de7585,elasticnet_corrected_69cfb2bf8bc1_6ed147cd_f83baf57
ElasticNet,1,3,2023-07-14,2023-07-15,11.64,11.859323859343565,0.21932385934356446,0.21932385934356446,0.04810295527735565,1.0,0.2,enet_a1.0_l0.2,submitted_main_linear_features_H1_18col,6ed147cd585e5e8083292683f9be3cf585e97e4d46fa0e3224d24a4e2b42cbbb,f83baf5732ffbf88b9a448a3d9ab9fa270f7495fe44d1559c1ac49795a30881a,69cfb2bf8bc181dc1de1e09f0c7477a1a5de7585,elasticnet_corrected_69cfb2bf8bc1_6ed147cd_f83baf57
ElasticNet,1,3,2023-07-15,2023-07-16,14.52,12.076922740082187,-2.4430772599178123,2.4430772599178123,5.968626497927526,1.0,0.2,enet_a1.0_l0.2,submitted_main_linear_features_H1_18col,6ed147cd585e5e8083292683f9be3cf585e97e4d46fa0e3224d24a4e2b42cbbb,f83baf5732ffbf88b9a448a3d9ab9fa270f7495fe44d1559c1ac49795a30881a,69cfb2bf8bc181dc1de1e09f0c7477a1a5de7585,elasticnet_corrected_69cfb2bf8bc1_6ed147cd_f83baf57
ElasticNet,1,3,2023-07-16,2023-07-17,12.22,11.340159720614551,-0.8798402793854496,0.8798402793854496,0.774118917229066,1.0,0.2,enet_a1.0_l0.2,submitted_main_linear_features_H1_18col,6ed147cd585e5e8083292683f9be3cf585e97e4d46fa0e3224d24a4e2b42cbbb,f83baf5732ffbf88b9a448a3d9ab9fa270f7495fe44d1559c1ac49795a30881a,69cfb2bf8bc181dc1de1e09f0c7477a1a5de7585,elasticnet_corrected_69cfb2bf8bc1_6ed147cd_f83baf57
ElasticNet,1,3,2023-07-17,2023-07-18,11.69,11.9904404433046,0.3004404433046002,0.3004404433046002,0.09026445997306468,1.0,0.2,enet_a1.0_l0.2,submitted_main_linear_features_H1_18col,6ed147cd585e5e8083292683f9be3cf585e97e4d46fa0e3224d24a4e2b42cbbb,f83baf5732ffbf88b9a448a3d9ab9fa270f7495fe44d1559c1ac49795a30881a,69cfb2bf8bc181dc1de1e09f0c7477a1a5de7585,elasticnet_corrected_69cfb2bf8bc1_6ed147cd_f83baf57
ElasticNet,1,3,2023-07-18,2023-07-19,12.58,10.620414986661018,-1.959585013338982,1.959585013338982,3.8399734245027384,1.0,0.2,enet_a1.0_l0.2,submitted_main_linear_features_H1_18col,6ed147cd585e5e8083292683f9be3cf585e97e4d46fa0e3224d24a4e2b42cbbb,f83baf5732ffbf88b9a448a3d9ab9fa270f7495fe44d1559c1ac49795a30881a,69cfb2bf8bc181dc1de1e09f0c7477a1a5de7585,elasticnet_corrected_69cfb2bf8bc1_6ed147cd_f83baf57
ElasticNet,1,3,2023-07-19,2023-07-20,11.8,11.441248981222849,-0.3587510187771521,0.3587510187771521,0.12870229347364454,1.0,0.2,enet_a1.0_l0.2,submitted_main_linear_features_H1_18col,6ed147cd585e5e8083292683f9be3cf585e97e4d46fa0e3224d24a4e2b42cbbb,f83baf5732ffbf88b9a448a3d9ab9fa270f7495fe44d1559c1ac49795a30881a,69cfb2bf8bc181dc1de1e09f0c7477a1a5de7585,elasticnet_corrected_69cfb2bf8bc1_6ed147cd_f83baf57
ElasticNet,1,3,2023-07-20,2023-07-21,13.08,11.691355326792442,-1.3886446732075584,1.3886446732075584,1.9283340284277266,1.0,0.2,enet_a1.0_l0.2,submitted_main_linear_features_H1_18col,6ed147cd585e5e8083292683f9be3cf585e97e4d46fa0e3224d24a4e2b42cbbb,f83baf5732ffbf88b9a448a3d9ab9fa270f7495fe44d1559c1ac49795a30881a,69cfb2bf8bc181dc1de1e09f0c7477a1a5de7585,elasticnet_corrected_69cfb2bf8bc1_6ed147cd_f83baf57
ElasticNet,1,3,2023-07-21,2023-07-22,11.95,12.055156832149938,0.1051568321499392,0.1051568321499392,0.011057959347810488,1.0,0.2,enet_a1.0_l0.2,submitted_main_linear_features_H1_18col,6ed147cd585e5e8083292683f9be3cf585e97e4d46fa0e3224d24a4e2b42cbbb,f83baf5732ffbf88b9a448a3d9ab9fa270f7495fe44d1559c1ac49795a30881a,69cfb2bf8bc181dc1de1e09f0c7477a1a5de7585,elasticnet_corrected_69cfb2bf8bc1_6ed147cd_f83baf57
ElasticNet,1,3,2023-07-22,2023-07-23,12.14,12.153712202718486,0.0137122027184855,0.0137122027184855,0.00018802450339284112,1.0,0.2,enet_a1.0_l0.2,submitted_main_linear_features_H1_18col,6ed147cd585e5e8083292683f9be3cf585e97e4d46fa0e3224d24a4e2b42cbbb,f83baf5732ffbf88b9a448a3d9ab9fa270f7495fe44d1559c1ac49795a30881a,69cfb2bf8bc181dc1de1e09f0c7477a1a5de7585,elasticnet_corrected_69cfb2bf8bc1_6ed147cd_f83baf57
ElasticNet,1,3,2023-07-23,2023-07-24,12.48,11.976002135100549,-0.5039978648994516,0.5039978648994516,0.2540138478232059,1.0,0.2,enet_a1.0_l0.2,submitted_main_linear_features_H1_18col,6ed147cd585e5e8083292683f9be3cf585e97e4d46fa0e3224d24a4e2b42cbbb,f83baf5732ffbf88b9a448a3d9ab9fa270f7495fe44d1559c1ac49795a30881a,69cfb2bf8bc181dc1de1e09f0c7477a1a5de7585,elasticnet_corrected_69cfb2bf8bc1_6ed147cd_f83baf57
ElasticNet,1,3,2023-07-24,2023-07-25,12.38444827,11.951998517081575,-0.4324497529184246,0.4324497529184246,0.18701278879920646,1.0,0.2,enet_a1.0_l0.2,submitted_main_linear_features_H1_18col,6ed147cd585e5e8083292683f9be3cf585e97e4d46fa0e3224d24a4e2b42cbbb,f83baf5732ffbf88b9a448a3d9ab9fa270f7495fe44d1559c1ac49795a30881a,69cfb2bf8bc181dc1de1e09f0c7477a1a5de7585,elasticnet_corrected_69cfb2bf8bc1_6ed147cd_f83baf57
ElasticNet,1,3,2023-07-25,2023-07-26,12.41967703,12.030419675560823,-0.3892573544391773,0.3892573544391773,0.15152128798498732,1.0,0.2,enet_a1.0_l0.2,submitted_main_linear_features_H1_18col,6ed147cd585e5e8083292683f9be3cf585e97e4d46fa0e3224d24a4e2b42cbbb,f83baf5732ffbf88b9a448a3d9ab9fa270f7495fe44d1559c1ac49795a30881a,69cfb2bf8bc181dc1de1e09f0c7477a1a5de7585,elasticnet_corrected_69cfb2bf8bc1_6ed147cd_f83baf57
ElasticNet,1,3,2023-07-26,2023-07-27,12.43934362,12.016232122585782,-0.4231114974142187,0.4231114974142187,0.1790233392441024,1.0,0.2,enet_a1.0_l0.2,submitted_main_linear_features_H1_18col,6ed147cd585e5e8083292683f9be3cf585e97e4d46fa0e3224d24a4e2b42cbbb,f83baf5732ffbf88b9a448a3d9ab9fa270f7495fe44d1559c1ac49795a30881a,69cfb2bf8bc181dc1de1e09f0c7477a1a5de7585,elasticnet_corrected_69cfb2bf8bc1_6ed147cd_f83baf57
ElasticNet,1,3,2023-07-27,2023-07-28,12.31367128,12.040105635443824,-0.27356564455617516,0.27356564455617516,0.07483816188143556,1.0,0.2,enet_a1.0_l0.2,submitted_main_linear_features_H1_18col,6ed147cd585e5e8083292683f9be3cf585e97e4d46fa0e3224d24a4e2b42cbbb,f83baf5732ffbf88b9a448a3d9ab9fa270f7495fe44d1559c1ac49795a30881a,69cfb2bf8bc181dc1de1e09f0c7477a1a5de7585,elasticnet_corrected_69cfb2bf8bc1_6ed147cd_f83baf57
ElasticNet,1,3,2023-07-28,2023-07-29,12.47,12.066917050812666,-0.40308294918733445,0.40308294918733445,0.16247586392555924,1.0,0.2,enet_a1.0_l0.2,submitted_main_linear_features_H1_18col,6ed147cd585e5e8083292683f9be3cf585e97e4d46fa0e3224d24a4e2b42cbbb,f83baf5732ffbf88b9a448a3d9ab9fa270f7495fe44d1559c1ac49795a30881a,69cfb2bf8bc181dc1de1e09f0c7477a1a5de7585,elasticnet_corrected_69cfb2bf8bc1_6ed147cd_f83baf57
ElasticNet,1,3,2023-07-29,2023-07-30,12.85,12.069643638435567,-0.7803563615644329,0.7803563615644329,0.6089560510340799,1.0,0.2,enet_a1.0_l0.2,submitted_main_linear_features_H1_18col,6ed147cd585e5e8083292683f9be3cf585e97e4d46fa0e3224d24a4e2b42cbbb,f83baf5732ffbf88b9a448a3d9ab9fa270f7495fe44d1559c1ac49795a30881a,69cfb2bf8bc181dc1de1e09f0c7477a1a5de7585,elasticnet_corrected_69cfb2bf8bc1_6ed147cd_f83baf57
ElasticNet,1,3,2023-07-30,2023-07-31,12.04,12.063558791752024,0.023558791752025243,0.023558791752025243,0.0005550166688152926,1.0,0.2,enet_a1.0_l0.2,submitted_main_linear_features_H1_18col,6ed147cd585e5e8083292683f9be3cf585e97e4d46fa0e3224d24a4e2b42cbbb,f83baf5732ffbf88b9a448a3d9ab9fa270f7495fe44d1559c1ac49795a30881a,69cfb2bf8bc181dc1de1e09f0c7477a1a5de7585,elasticnet_corrected_69cfb2bf8bc1_6ed147cd_f83baf57
ElasticNet,1,3,2023-07-31,2023-08-01,12.85,12.149420251887546,-0.7005797481124532,0.7005797481124532,0.4908119834653083,1.0,0.2,enet_a1.0_l0.2,submitted_main_linear_features_H1_18col,6ed147cd585e5e8083292683f9be3cf585e97e4d46fa0e3224d24a4e2b42cbbb,f83baf5732ffbf88b9a448a3d9ab9fa270f7495fe44d1559c1ac49795a30881a,69cfb2bf8bc181dc1de1e09f0c7477a1a5de7585,elasticnet_corrected_69cfb2bf8bc1_6ed147cd_f83baf57
ElasticNet,1,3,2023-08-01,2023-08-02,16.85,12.237586087116966,-4.612413912883035,4.612413912883035,21.27436210375699,1.0,0.2,enet_a1.0_l0.2,submitted_main_linear_features_H1_18col,6ed147cd585e5e8083292683f9be3cf585e97e4d46fa0e3224d24a4e2b42cbbb,f83baf5732ffbf88b9a448a3d9ab9fa270f7495fe44d1559c1ac49795a30881a,69cfb2bf8bc181dc1de1e09f0c7477a1a5de7585,elasticnet_corrected_69cfb2bf8bc1_6ed147cd_f83baf57
ElasticNet,1,3,2023-08-02,2023-08-03,16.13,12.372248692539246,-3.7577513074607527,3.7577513074607527,14.120694888722996,1.0,0.2,enet_a1.0_l0.2,submitted_main_linear_features_H1_18col,6ed147cd585e5e8083292683f9be3cf585e97e4d46fa0e3224d24a4e2b42cbbb,f83baf5732ffbf88b9a448a3d9ab9fa270f7495fe44d1559c1ac49795a30881a,69cfb2bf8bc181dc1de1e09f0c7477a1a5de7585,elasticnet_corrected_69cfb2bf8bc1_6ed147cd_f83baf57
ElasticNet,1,3,2023-08-03,2023-08-04,14.14,12.997008471206392,-1.1429915287936083,1.1429915287936083,1.30642963489395,1.0,0.2,enet_a1.0_l0.2,submitted_main_linear_features_H1_18col,6ed147cd585e5e8083292683f9be3cf585e97e4d46fa0e3224d24a4e2b42cbbb,f83baf5732ffbf88b9a448a3d9ab9fa270f7495fe44d1559c1ac49795a30881a,69cfb2bf8bc181dc1de1e09f0c7477a1a5de7585,elasticnet_corrected_69cfb2bf8bc1_6ed147cd_f83baf57
ElasticNet,1,3,2023-08-04,2023-08-05,15.94,12.92653055449955,-3.0134694455004496,3.0134694455004496,9.080998098964788,1.0,0.2,enet_a1.0_l0.2,submitted_main_linear_features_H1_18col,6ed147cd585e5e8083292683f9be3cf585e97e4d46fa0e3224d24a4e2b42cbbb,f83baf5732ffbf88b9a448a3d9ab9fa270f7495fe44d1559c1ac49795a30881a,69cfb2bf8bc181dc1de1e09f0c7477a1a5de7585,elasticnet_corrected_69cfb2bf8bc1_6ed147cd_f83baf57
ElasticNet,1,3,2023-08-05,2023-08-06,15.74,12.799557859294463,-2.940442140705537,2.940442140705537,8.646199982836961,1.0,0.2,enet_a1.0_l0.2,submitted_main_linear_features_H1_18col,6ed147cd585e5e8083292683f9be3cf585e97e4d46fa0e3224d24a4e2b42cbbb,f83baf5732ffbf88b9a448a3d9ab9fa270f7495fe44d1559c1ac49795a30881a,69cfb2bf8bc181dc1de1e09f0c7477a1a5de7585,elasticnet_corrected_69cfb2bf8bc1_6ed147cd_f83baf57
ElasticNet,1,3,2023-08-06,2023-08-07,15.48,13.146956158458924,-2.333043841541077,2.333043841541077,5.443093566552745,1.0,0.2,enet_a1.0_l0.2,submitted_main_linear_features_H1_18col,6ed147cd585e5e8083292683f9be3cf585e97e4d46fa0e3224d24a4e2b42cbbb,f83baf5732ffbf88b9a448a3d9ab9fa270f7495fe44d1559c1ac49795a30881a,69cfb2bf8bc181dc1de1e09f0c7477a1a5de7585,elasticnet_corrected_69cfb2bf8bc1_6ed147cd_f83baf57
ElasticNet,1,3,2023-08-07,2023-08-08,14.32,13.200261602306009,-1.1197383976939914,1.1197383976939914,1.2538140792703072,1.0,0.2,enet_a1.0_l0.2,submitted_main_linear_features_H1_18col,6ed147cd585e5e8083292683f9be3cf585e97e4d46fa0e3224d24a4e2b42cbbb,f83baf5732ffbf88b9a448a3d9ab9fa270f7495fe44d1559c1ac49795a30881a,69cfb2bf8bc181dc1de1e09f0c7477a1a5de7585,elasticnet_corrected_69cfb2bf8bc1_6ed147cd_f83baf57
ElasticNet,1,3,2023-08-08,2023-08-09,15.96,13.413556906036476,-2.546443093963525,2.546443093963525,6.484372430794529,1.0,0.2,enet_a1.0_l0.2,submitted_main_linear_features_H1_18col,6ed147cd585e5e8083292683f9be3cf585e97e4d46fa0e3224d24a4e2b42cbbb,f83baf5732ffbf88b9a448a3d9ab9fa270f7495fe44d1559c1ac49795a30881a,69cfb2bf8bc181dc1de1e09f0c7477a1a5de7585,elasticnet_corrected_69cfb2bf8bc1_6ed147cd_f83baf57
ElasticNet,1,3,2023-08-09,2023-08-10,10.21,12.977228223990906,2.767228223990905,2.767228223990905,7.657552043651859,1.0,0.2,enet_a1.0_l0.2,submitted_main_linear_features_H1_18col,6ed147cd585e5e8083292683f9be3cf585e97e4d46fa0e3224d24a4e2b42cbbb,f83baf5732ffbf88b9a448a3d9ab9fa270f7495fe44d1559c1ac49795a30881a,69cfb2bf8bc181dc1de1e09f0c7477a1a5de7585,elasticnet_corrected_69cfb2bf8bc1_6ed147cd_f83baf57
ElasticNet,1,3,2023-08-10,2023-08-11,9.23,11.264030432556993,2.0340304325569925,2.0340304325569925,4.137279800567986,1.0,0.2,enet_a1.0_l0.2,submitted_main_linear_features_H1_18col,6ed147cd585e5e8083292683f9be3cf585e97e4d46fa0e3224d24a4e2b42cbbb,f83baf5732ffbf88b9a448a3d9ab9fa270f7495fe44d1559c1ac49795a30881a,69cfb2bf8bc181dc1de1e09f0c7477a1a5de7585,elasticnet_corrected_69cfb2bf8bc1_6ed147cd_f83baf57
ElasticNet,1,3,2023-08-11,2023-08-12,13.1,11.383414534912134,-1.7165854650878654,1.7165854650878654,2.946665658950923,1.0,0.2,enet_a1.0_l0.2,submitted_main_linear_features_H1_18col,6ed147cd585e5e8083292683f9be3cf585e97e4d46fa0e3224d24a4e2b42cbbb,f83baf5732ffbf88b9a448a3d9ab9fa270f7495fe44d1559c1ac49795a30881a,69cfb2bf8bc181dc1de1e09f0c7477a1a5de7585,elasticnet_corrected_69cfb2bf8bc1_6ed147cd_f83baf57
ElasticNet,1,3,2023-08-12,2023-08-13,12.5,11.578154236750805,-0.9218457632491948,0.9218457632491948,0.8497996112204904,1.0,0.2,enet_a1.0_l0.2,submitted_main_linear_features_H1_18col,6ed147cd585e5e8083292683f9be3cf585e97e4d46fa0e3224d24a4e2b42cbbb,f83baf5732ffbf88b9a448a3d9ab9fa270f7495fe44d1559c1ac49795a30881a,69cfb2bf8bc181dc1de1e09f0c7477a1a5de7585,elasticnet_corrected_69cfb2bf8bc1_6ed147cd_f83baf57
ElasticNet,1,3,2023-08-13,2023-08-14,13.28,12.824701012246328,-0.4552989877536717,0.4552989877536717,0.2072971682495181,1.0,0.2,enet_a1.0_l0.2,submitted_main_linear_features_H1_18col,6ed147cd585e5e8083292683f9be3cf585e97e4d46fa0e3224d24a4e2b42cbbb,f83baf5732ffbf88b9a448a3d9ab9fa270f7495fe44d1559c1ac49795a30881a,69cfb2bf8bc181dc1de1e09f0c7477a1a5de7585,elasticnet_corrected_69cfb2bf8bc1_6ed147cd_f83baf57
ElasticNet,1,3,2023-08-14,2023-08-15,11.7,12.799197767089433,1.099197767089434,1.099197767089434,1.2082357311743974,1.0,0.2,enet_a1.0_l0.2,submitted_main_linear_features_H1_18col,6ed147cd585e5e8083292683f9be3cf585e97e4d46fa0e3224d24a4e2b42cbbb,f83baf5732ffbf88b9a448a3d9ab9fa270f7495fe44d1559c1ac49795a30881a,69cfb2bf8bc181dc1de1e09f0c7477a1a5de7585,elasticnet_corrected_69cfb2bf8bc1_6ed147cd_f83baf57
ElasticNet,1,3,2023-08-15,2023-08-16,13.8,12.841482026483453,-0.9585179735165479,0.9585179735165479,0.9187567055542696,1.0,0.2,enet_a1.0_l0.2,submitted_main_linear_features_H1_18col,6ed147cd585e5e8083292683f9be3cf585e97e4d46fa0e3224d24a4e2b42cbbb,f83baf5732ffbf88b9a448a3d9ab9fa270f7495fe44d1559c1ac49795a30881a,69cfb2bf8bc181dc1de1e09f0c7477a1a5de7585,elasticnet_corrected_69cfb2bf8bc1_6ed147cd_f83baf57
ElasticNet,1,3,2023-08-16,2023-08-17,12.3,12.637701945233303,0.3377019452333023,0.3377019452333023,0.11404260381435632,1.0,0.2,enet_a1.0_l0.2,submitted_main_linear_features_H1_18col,6ed147cd585e5e8083292683f9be3cf585e97e4d46fa0e3224d24a4e2b42cbbb,f83baf5732ffbf88b9a448a3d9ab9fa270f7495fe44d1559c1ac49795a30881a,69cfb2bf8bc181dc1de1e09f0c7477a1a5de7585,elasticnet_corrected_69cfb2bf8bc1_6ed147cd_f83baf57
ElasticNet,1,3,2023-08-17,2023-08-18,15.82,12.60504429119986,-3.21495570880014,3.21495570880014,10.335940209546612,1.0,0.2,enet_a1.0_l0.2,submitted_main_linear_features_H1_18col,6ed147cd585e5e8083292683f9be3cf585e97e4d46fa0e3224d24a4e2b42cbbb,f83baf5732ffbf88b9a448a3d9ab9fa270f7495fe44d1559c1ac49795a30881a,69cfb2bf8bc181dc1de1e09f0c7477a1a5de7585,elasticnet_corrected_69cfb2bf8bc1_6ed147cd_f83baf57
ElasticNet,1,3,2023-08-18,2023-08-19,11.88,12.148756322657228,0.26875632265722693,0.26875632265722693,0.07222996096823547,1.0,0.2,enet_a1.0_l0.2,submitted_main_linear_features_H1_18col,6ed147cd585e5e8083292683f9be3cf585e97e4d46fa0e3224d24a4e2b42cbbb,f83baf5732ffbf88b9a448a3d9ab9fa270f7495fe44d1559c1ac49795a30881a,69cfb2bf8bc181dc1de1e09f0c7477a1a5de7585,elasticnet_corrected_69cfb2bf8bc1_6ed147cd_f83baf57
ElasticNet,1,3,2023-08-19,2023-08-20,11.33,12.342017433249925,1.012017433249925,1.012017433249925,1.0241792852017664,1.0,0.2,enet_a1.0_l0.2,submitted_main_linear_features_H1_18col,6ed147cd585e5e8083292683f9be3cf585e97e4d46fa0e3224d24a4e2b42cbbb,f83baf5732ffbf88b9a448a3d9ab9fa270f7495fe44d1559c1ac49795a30881a,69cfb2bf8bc181dc1de1e09f0c7477a1a5de7585,elasticnet_corrected_69cfb2bf8bc1_6ed147cd_f83baf57
ElasticNet,1,3,2023-08-20,2023-08-21,12.73,12.066093184314768,-0.6639068156852321,0.6639068156852321,0.44077225991330476,1.0,0.2,enet_a1.0_l0.2,submitted_main_linear_features_H1_18col,6ed147cd585e5e8083292683f9be3cf585e97e4d46fa0e3224d24a4e2b42cbbb,f83baf5732ffbf88b9a448a3d9ab9fa270f7495fe44d1559c1ac49795a30881a,69cfb2bf8bc181dc1de1e09f0c7477a1a5de7585,elasticnet_corrected_69cfb2bf8bc1_6ed147cd_f83baf57
ElasticNet,1,3,2023-08-21,2023-08-22,13.76,12.09635575732092,-1.66364424267908,1.66364424267908,2.76771216619925,1.0,0.2,enet_a1.0_l0.2,submitted_main_linear_features_H1_18col,6ed147cd585e5e8083292683f9be3cf585e97e4d46fa0e3224d24a4e2b42cbbb,f83baf5732ffbf88b9a448a3d9ab9fa270f7495fe44d1559c1ac49795a30881a,69cfb2bf8bc181dc1de1e09f0c7477a1a5de7585,elasticnet_corrected_69cfb2bf8bc1_6ed147cd_f83baf57
ElasticNet,1,3,2023-08-22,2023-08-23,16.6,12.464729652674318,-4.135270347325683,4.135270347325683,17.100460845471076,1.0,0.2,enet_a1.0_l0.2,submitted_main_linear_features_H1_18col,6ed147cd585e5e8083292683f9be3cf585e97e4d46fa0e3224d24a4e2b42cbbb,f83baf5732ffbf88b9a448a3d9ab9fa270f7495fe44d1559c1ac49795a30881a,69cfb2bf8bc181dc1de1e09f0c7477a1a5de7585,elasticnet_corrected_69cfb2bf8bc1_6ed147cd_f83baf57
ElasticNet,1,3,2023-08-23,2023-08-24,14.54,12.693630985435924,-1.8463690145640754,1.8463690145640754,3.409078537942315,1.0,0.2,enet_a1.0_l0.2,submitted_main_linear_features_H1_18col,6ed147cd585e5e8083292683f9be3cf585e97e4d46fa0e3224d24a4e2b42cbbb,f83baf5732ffbf88b9a448a3d9ab9fa270f7495fe44d1559c1ac49795a30881a,69cfb2bf8bc181dc1de1e09f0c7477a1a5de7585,elasticnet_corrected_69cfb2bf8bc1_6ed147cd_f83baf57
ElasticNet,1,3,2023-08-24,2023-08-25,10.69,11.562017478232171,0.8720174782321717,0.8720174782321717,0.7604144823423961,1.0,0.2,enet_a1.0_l0.2,submitted_main_linear_features_H1_18col,6ed147cd585e5e8083292683f9be3cf585e97e4d46fa0e3224d24a4e2b42cbbb,f83baf5732ffbf88b9a448a3d9ab9fa270f7495fe44d1559c1ac49795a30881a,69cfb2bf8bc181dc1de1e09f0c7477a1a5de7585,elasticnet_corrected_69cfb2bf8bc1_6ed147cd_f83baf57
ElasticNet,1,3,2023-08-25,2023-08-26,14.03,11.920322542573745,-2.1096774574262547,2.1096774574262547,4.4507389743725065,1.0,0.2,enet_a1.0_l0.2,submitted_main_linear_features_H1_18col,6ed147cd585e5e8083292683f9be3cf585e97e4d46fa0e3224d24a4e2b42cbbb,f83baf5732ffbf88b9a448a3d9ab9fa270f7495fe44d1559c1ac49795a30881a,69cfb2bf8bc181dc1de1e09f0c7477a1a5de7585,elasticnet_corrected_69cfb2bf8bc1_6ed147cd_f83baf57
ElasticNet,1,3,2023-08-26,2023-08-27,14.14,11.574950262230496,-2.5650497377695043,2.5650497377695043,6.579480157231402,1.0,0.2,enet_a1.0_l0.2,submitted_main_linear_features_H1_18col,6ed147cd585e5e8083292683f9be3cf585e97e4d46fa0e3224d24a4e2b42cbbb,f83baf5732ffbf88b9a448a3d9ab9fa270f7495fe44d1559c1ac49795a30881a,69cfb2bf8bc181dc1de1e09f0c7477a1a5de7585,elasticnet_corrected_69cfb2bf8bc1_6ed147cd_f83baf57
ElasticNet,1,3,2023-08-27,2023-08-28,14.38,12.73080867236159,-1.6491913276384107,1.6491913276384107,2.7198320351577436,1.0,0.2,enet_a1.0_l0.2,submitted_main_linear_features_H1_18col,6ed147cd585e5e8083292683f9be3cf585e97e4d46fa0e3224d24a4e2b42cbbb,f83baf5732ffbf88b9a448a3d9ab9fa270f7495fe44d1559c1ac49795a30881a,69cfb2bf8bc181dc1de1e09f0c7477a1a5de7585,elasticnet_corrected_69cfb2bf8bc1_6ed147cd_f83baf57
ElasticNet,1,3,2023-08-28,2023-08-29,17.3,12.818993010991864,-4.4810069890081365,4.4810069890081365,20.079423635539765,1.0,0.2,enet_a1.0_l0.2,submitted_main_linear_features_H1_18col,6ed147cd585e5e8083292683f9be3cf585e97e4d46fa0e3224d24a4e2b42cbbb,f83baf5732ffbf88b9a448a3d9ab9fa270f7495fe44d1559c1ac49795a30881a,69cfb2bf8bc181dc1de1e09f0c7477a1a5de7585,elasticnet_corrected_69cfb2bf8bc1_6ed147cd_f83baf57
ElasticNet,1,3,2023-08-29,2023-08-30,17.08,13.089576829413094,-3.9904231705869044,3.9904231705869044,15.923477080356843,1.0,0.2,enet_a1.0_l0.2,submitted_main_linear_features_H1_18col,6ed147cd585e5e8083292683f9be3cf585e97e4d46fa0e3224d24a4e2b42cbbb,f83baf5732ffbf88b9a448a3d9ab9fa270f7495fe44d1559c1ac49795a30881a,69cfb2bf8bc181dc1de1e09f0c7477a1a5de7585,elasticnet_corrected_69cfb2bf8bc1_6ed147cd_f83baf57
ElasticNet,1,3,2023-08-30,2023-08-31,15.88,13.425598438464815,-2.4544015615351853,2.4544015615351853,6.024087025266356,1.0,0.2,enet_a1.0_l0.2,submitted_main_linear_features_H1_18col,6ed147cd585e5e8083292683f9be3cf585e97e4d46fa0e3224d24a4e2b42cbbb,f83baf5732ffbf88b9a448a3d9ab9fa270f7495fe44d1559c1ac49795a30881a,69cfb2bf8bc181dc1de1e09f0c7477a1a5de7585,elasticnet_corrected_69cfb2bf8bc1_6ed147cd_f83baf57
ElasticNet,1,3,2023-08-31,2023-09-01,13.38,13.04882689399291,-0.3311731060070908,0.3311731060070908,0.10967562614238381,1.0,0.2,enet_a1.0_l0.2,submitted_main_linear_features_H1_18col,6ed147cd585e5e8083292683f9be3cf585e97e4d46fa0e3224d24a4e2b42cbbb,f83baf5732ffbf88b9a448a3d9ab9fa270f7495fe44d1559c1ac49795a30881a,69cfb2bf8bc181dc1de1e09f0c7477a1a5de7585,elasticnet_corrected_69cfb2bf8bc1_6ed147cd_f83baf57
ElasticNet,1,3,2023-09-01,2023-09-02,12.42,12.745987636136087,0.3259876361360874,0.3259876361360874,0.10626793891359411,1.0,0.2,enet_a1.0_l0.2,submitted_main_linear_features_H1_18col,6ed147cd585e5e8083292683f9be3cf585e97e4d46fa0e3224d24a4e2b42cbbb,f83baf5732ffbf88b9a448a3d9ab9fa270f7495fe44d1559c1ac49795a30881a,69cfb2bf8bc181dc1de1e09f0c7477a1a5de7585,elasticnet_corrected_69cfb2bf8bc1_6ed147cd_f83baf57
ElasticNet,1,3,2023-09-02,2023-09-03,12.66,12.631976539183407,-0.028023460816593015,0.028023460816593015,0.0007853143561391241,1.0,0.2,enet_a1.0_l0.2,submitted_main_linear_features_H1_18col,6ed147cd585e5e8083292683f9be3cf585e97e4d46fa0e3224d24a4e2b42cbbb,f83baf5732ffbf88b9a448a3d9ab9fa270f7495fe44d1559c1ac49795a30881a,69cfb2bf8bc181dc1de1e09f0c7477a1a5de7585,elasticnet_corrected_69cfb2bf8bc1_6ed147cd_f83baf57
ElasticNet,1,3,2023-09-03,2023-09-04,14.93,12.652161175578126,-2.277838824421874,2.277838824421874,5.188549710043625,1.0,0.2,enet_a1.0_l0.2,submitted_main_linear_features_H1_18col,6ed147cd585e5e8083292683f9be3cf585e97e4d46fa0e3224d24a4e2b42cbbb,f83baf5732ffbf88b9a448a3d9ab9fa270f7495fe44d1559c1ac49795a30881a,69cfb2bf8bc181dc1de1e09f0c7477a1a5de7585,elasticnet_corrected_69cfb2bf8bc1_6ed147cd_f83baf57
ElasticNet,1,3,2023-09-04,2023-09-05,11.88,12.78907331208307,0.9090733120830699,0.9090733120830699,0.8264142867416825,1.0,0.2,enet_a1.0_l0.2,submitted_main_linear_features_H1_18col,6ed147cd585e5e8083292683f9be3cf585e97e4d46fa0e3224d24a4e2b42cbbb,f83baf5732ffbf88b9a448a3d9ab9fa270f7495fe44d1559c1ac49795a30881a,69cfb2bf8bc181dc1de1e09f0c7477a1a5de7585,elasticnet_corrected_69cfb2bf8bc1_6ed147cd_f83baf57
ElasticNet,1,3,2023-09-05,2023-09-06,12.06,13.119667529156441,1.0596675291564406,1.0596675291564406,1.122895272348516,1.0,0.2,enet_a1.0_l0.2,submitted_main_linear_features_H1_18col,6ed147cd585e5e8083292683f9be3cf585e97e4d46fa0e3224d24a4e2b42cbbb,f83baf5732ffbf88b9a448a3d9ab9fa270f7495fe44d1559c1ac49795a30881a,69cfb2bf8bc181dc1de1e09f0c7477a1a5de7585,elasticnet_corrected_69cfb2bf8bc1_6ed147cd_f83baf57
ElasticNet,1,3,2023-09-06,2023-09-07,13.74,12.575770913266416,-1.1642290867335845,1.1642290867335845,1.3554293663965162,1.0,0.2,enet_a1.0_l0.2,submitted_main_linear_features_H1_18col,6ed147cd585e5e8083292683f9be3cf585e97e4d46fa0e3224d24a4e2b42cbbb,f83baf5732ffbf88b9a448a3d9ab9fa270f7495fe44d1559c1ac49795a30881a,69cfb2bf8bc181dc1de1e09f0c7477a1a5de7585,elasticnet_corrected_69cfb2bf8bc1_6ed147cd_f83baf57
ElasticNet,1,3,2023-09-07,2023-09-08,14.08,12.405040716218561,-1.6749592837814387,1.6749592837814387,2.80548860232563,1.0,0.2,enet_a1.0_l0.2,submitted_main_linear_features_H1_18col,6ed147cd585e5e8083292683f9be3cf585e97e4d46fa0e3224d24a4e2b42cbbb,f83baf5732ffbf88b9a448a3d9ab9fa270f7495fe44d1559c1ac49795a30881a,69cfb2bf8bc181dc1de1e09f0c7477a1a5de7585,elasticnet_corrected_69cfb2bf8bc1_6ed147cd_f83baf57
ElasticNet,1,3,2023-09-08,2023-09-09,12.62,12.666714373405348,0.04671437340534901,0.04671437340534901,0.002182232682654379,1.0,0.2,enet_a1.0_l0.2,submitted_main_linear_features_H1_18col,6ed147cd585e5e8083292683f9be3cf585e97e4d46fa0e3224d24a4e2b42cbbb,f83baf5732ffbf88b9a448a3d9ab9fa270f7495fe44d1559c1ac49795a30881a,69cfb2bf8bc181dc1de1e09f0c7477a1a5de7585,elasticnet_corrected_69cfb2bf8bc1_6ed147cd_f83baf57
ElasticNet,1,3,2023-09-09,2023-09-10,13.06,13.03033494143649,-0.029665058563510982,0.029665058563510982,0.0008800156995765363,1.0,0.2,enet_a1.0_l0.2,submitted_main_linear_features_H1_18col,6ed147cd585e5e8083292683f9be3cf585e97e4d46fa0e3224d24a4e2b42cbbb,f83baf5732ffbf88b9a448a3d9ab9fa270f7495fe44d1559c1ac49795a30881a,69cfb2bf8bc181dc1de1e09f0c7477a1a5de7585,elasticnet_corrected_69cfb2bf8bc1_6ed147cd_f83baf57
ElasticNet,1,3,2023-09-10,2023-09-11,12.67,12.926660121585916,0.25666012158591656,0.25666012158591656,0.06587441801249747,1.0,0.2,enet_a1.0_l0.2,submitted_main_linear_features_H1_18col,6ed147cd585e5e8083292683f9be3cf585e97e4d46fa0e3224d24a4e2b42cbbb,f83baf5732ffbf88b9a448a3d9ab9fa270f7495fe44d1559c1ac49795a30881a,69cfb2bf8bc181dc1de1e09f0c7477a1a5de7585,elasticnet_corrected_69cfb2bf8bc1_6ed147cd_f83baf57
ElasticNet,1,3,2023-09-11,2023-09-12,15.7,12.972706595704578,-2.7272934042954216,2.7272934042954216,7.4381293131133095,1.0,0.2,enet_a1.0_l0.2,submitted_main_linear_features_H1_18col,6ed147cd585e5e8083292683f9be3cf585e97e4d46fa0e3224d24a4e2b42cbbb,f83baf5732ffbf88b9a448a3d9ab9fa270f7495fe44d1559c1ac49795a30881a,69cfb2bf8bc181dc1de1e09f0c7477a1a5de7585,elasticnet_corrected_69cfb2bf8bc1_6ed147cd_f83baf57
ElasticNet,1,3,2023-09-12,2023-09-13,14.26,12.862748664277069,-1.397251335722931,1.397251335722931,1.952311295179515,1.0,0.2,enet_a1.0_l0.2,submitted_main_linear_features_H1_18col,6ed147cd585e5e8083292683f9be3cf585e97e4d46fa0e3224d24a4e2b42cbbb,f83baf5732ffbf88b9a448a3d9ab9fa270f7495fe44d1559c1ac49795a30881a,69cfb2bf8bc181dc1de1e09f0c7477a1a5de7585,elasticnet_corrected_69cfb2bf8bc1_6ed147cd_f83baf57
ElasticNet,1,3,2023-09-13,2023-09-14,12.28,12.718650032179958,0.4386500321799591,0.4386500321799591,0.19241385073147918,1.0,0.2,enet_a1.0_l0.2,submitted_main_linear_features_H1_18col,6ed147cd585e5e8083292683f9be3cf585e97e4d46fa0e3224d24a4e2b42cbbb,f83baf5732ffbf88b9a448a3d9ab9fa270f7495fe44d1559c1ac49795a30881a,69cfb2bf8bc181dc1de1e09f0c7477a1a5de7585,elasticnet_corrected_69cfb2bf8bc1_6ed147cd_f83baf57
ElasticNet,1,3,2023-09-14,2023-09-15,12.04,12.48613107791119,0.44613107791119155,0.44613107791119155,0.19903293867820168,1.0,0.2,enet_a1.0_l0.2,submitted_main_linear_features_H1_18col,6ed147cd585e5e8083292683f9be3cf585e97e4d46fa0e3224d24a4e2b42cbbb,f83baf5732ffbf88b9a448a3d9ab9fa270f7495fe44d1559c1ac49795a30881a,69cfb2bf8bc181dc1de1e09f0c7477a1a5de7585,elasticnet_corrected_69cfb2bf8bc1_6ed147cd_f83baf57
ElasticNet,1,3,2023-09-15,2023-09-16,9.19,12.61016263909377,3.420162639093771,3.420162639093771,11.69751247785287,1.0,0.2,enet_a1.0_l0.2,submitted_main_linear_features_H1_18col,6ed147cd585e5e8083292683f9be3cf585e97e4d46fa0e3224d24a4e2b42cbbb,f83baf5732ffbf88b9a448a3d9ab9fa270f7495fe44d1559c1ac49795a30881a,69cfb2bf8bc181dc1de1e09f0c7477a1a5de7585,elasticnet_corrected_69cfb2bf8bc1_6ed147cd_f83baf57
ElasticNet,1,3,2023-09-16,2023-09-17,10.2,12.485643795070747,2.2856437950707473,2.2856437950707473,5.2241675579454085,1.0,0.2,enet_a1.0_l0.2,submitted_main_linear_features_H1_18col,6ed147cd585e5e8083292683f9be3cf585e97e4d46fa0e3224d24a4e2b42cbbb,f83baf5732ffbf88b9a448a3d9ab9fa270f7495fe44d1559c1ac49795a30881a,69cfb2bf8bc181dc1de1e09f0c7477a1a5de7585,elasticnet_corrected_69cfb2bf8bc1_6ed147cd_f83baf57
ElasticNet,1,3,2023-09-17,2023-09-18,7.15,11.581030990842343,4.431030990842343,4.431030990842343,19.634035641805276,1.0,0.2,enet_a1.0_l0.2,submitted_main_linear_features_H1_18col,6ed147cd585e5e8083292683f9be3cf585e97e4d46fa0e3224d24a4e2b42cbbb,f83baf5732ffbf88b9a448a3d9ab9fa270f7495fe44d1559c1ac49795a30881a,69cfb2bf8bc181dc1de1e09f0c7477a1a5de7585,elasticnet_corrected_69cfb2bf8bc1_6ed147cd_f83baf57
ElasticNet,1,3,2023-09-18,2023-09-19,12.17,11.523540165138023,-0.646459834861977,0.646459834861977,0.4179103180897746,1.0,0.2,enet_a1.0_l0.2,submitted_main_linear_features_H1_18col,6ed147cd585e5e8083292683f9be3cf585e97e4d46fa0e3224d24a4e2b42cbbb,f83baf5732ffbf88b9a448a3d9ab9fa270f7495fe44d1559c1ac49795a30881a,69cfb2bf8bc181dc1de1e09f0c7477a1a5de7585,elasticnet_corrected_69cfb2bf8bc1_6ed147cd_f83baf57
ElasticNet,1,3,2023-09-19,2023-09-20,11.05,11.12933406868494,0.07933406868493975,0.07933406868493975,0.006293894454106738,1.0,0.2,enet_a1.0_l0.2,submitted_main_linear_features_H1_18col,6ed147cd585e5e8083292683f9be3cf585e97e4d46fa0e3224d24a4e2b42cbbb,f83baf5732ffbf88b9a448a3d9ab9fa270f7495fe44d1559c1ac49795a30881a,69cfb2bf8bc181dc1de1e09f0c7477a1a5de7585,elasticnet_corrected_69cfb2bf8bc1_6ed147cd_f83baf57
ElasticNet,1,3,2023-09-20,2023-09-21,11.64,11.54306631642982,-0.09693368357017995,0.09693368357017995,0.009396139010483775,1.0,0.2,enet_a1.0_l0.2,submitted_main_linear_features_H1_18col,6ed147cd585e5e8083292683f9be3cf585e97e4d46fa0e3224d24a4e2b42cbbb,f83baf5732ffbf88b9a448a3d9ab9fa270f7495fe44d1559c1ac49795a30881a,69cfb2bf8bc181dc1de1e09f0c7477a1a5de7585,elasticnet_corrected_69cfb2bf8bc1_6ed147cd_f83baf57
ElasticNet,1,3,2023-09-21,2023-09-22,11.64,10.783295804383709,-0.8567041956162917,0.8567041956162917,0.7339420787865575,1.0,0.2,enet_a1.0_l0.2,submitted_main_linear_features_H1_18col,6ed147cd585e5e8083292683f9be3cf585e97e4d46fa0e3224d24a4e2b42cbbb,f83baf5732ffbf88b9a448a3d9ab9fa270f7495fe44d1559c1ac49795a30881a,69cfb2bf8bc181dc1de1e09f0c7477a1a5de7585,elasticnet_corrected_69cfb2bf8bc1_6ed147cd_f83baf57
ElasticNet,1,3,2023-09-22,2023-09-23,10.4,11.166686146402961,0.7666861464029608,0.7666861464029608,0.5878076470862224,1.0,0.2,enet_a1.0_l0.2,submitted_main_linear_features_H1_18col,6ed147cd585e5e8083292683f9be3cf585e97e4d46fa0e3224d24a4e2b42cbbb,f83baf5732ffbf88b9a448a3d9ab9fa270f7495fe44d1559c1ac49795a30881a,69cfb2bf8bc181dc1de1e09f0c7477a1a5de7585,elasticnet_corrected_69cfb2bf8bc1_6ed147cd_f83baf57
ElasticNet,1,3,2023-09-23,2023-09-24,9.74,11.356431431403465,1.6164314314034645,1.6164314314034645,2.612850572429053,1.0,0.2,enet_a1.0_l0.2,submitted_main_linear_features_H1_18col,6ed147cd585e5e8083292683f9be3cf585e97e4d46fa0e3224d24a4e2b42cbbb,f83baf5732ffbf88b9a448a3d9ab9fa270f7495fe44d1559c1ac49795a30881a,69cfb2bf8bc181dc1de1e09f0c7477a1a5de7585,elasticnet_corrected_69cfb2bf8bc1_6ed147cd_f83baf57
ElasticNet,1,3,2023-09-24,2023-09-25,12.97,11.4476315014629,-1.5223684985370998,1.5223684985370998,2.3176058453381034,1.0,0.2,enet_a1.0_l0.2,submitted_main_linear_features_H1_18col,6ed147cd585e5e8083292683f9be3cf585e97e4d46fa0e3224d24a4e2b42cbbb,f83baf5732ffbf88b9a448a3d9ab9fa270f7495fe44d1559c1ac49795a30881a,69cfb2bf8bc181dc1de1e09f0c7477a1a5de7585,elasticnet_corrected_69cfb2bf8bc1_6ed147cd_f83baf57
ElasticNet,1,3,2023-09-25,2023-09-26,15.56,11.64764129622008,-3.912358703779921,3.912358703779921,15.306550627042501,1.0,0.2,enet_a1.0_l0.2,submitted_main_linear_features_H1_18col,6ed147cd585e5e8083292683f9be3cf585e97e4d46fa0e3224d24a4e2b42cbbb,f83baf5732ffbf88b9a448a3d9ab9fa270f7495fe44d1559c1ac49795a30881a,69cfb2bf8bc181dc1de1e09f0c7477a1a5de7585,elasticnet_corrected_69cfb2bf8bc1_6ed147cd_f83baf57
ElasticNet,1,3,2023-09-26,2023-09-27,17.56,12.081011809686341,-5.4789881903136575,5.4789881903136575,30.019311589596526,1.0,0.2,enet_a1.0_l0.2,submitted_main_linear_features_H1_18col,6ed147cd585e5e8083292683f9be3cf585e97e4d46fa0e3224d24a4e2b42cbbb,f83baf5732ffbf88b9a448a3d9ab9fa270f7495fe44d1559c1ac49795a30881a,69cfb2bf8bc181dc1de1e09f0c7477a1a5de7585,elasticnet_corrected_69cfb2bf8bc1_6ed147cd_f83baf57
ElasticNet,1,3,2023-09-27,2023-09-28,16.58,12.93919788184361,-3.6408021181563885,3.6408021181563885,13.255440063572046,1.0,0.2,enet_a1.0_l0.2,submitted_main_linear_features_H1_18col,6ed147cd585e5e8083292683f9be3cf585e97e4d46fa0e3224d24a4e2b42cbbb,f83baf5732ffbf88b9a448a3d9ab9fa270f7495fe44d1559c1ac49795a30881a,69cfb2bf8bc181dc1de1e09f0c7477a1a5de7585,elasticnet_corrected_69cfb2bf8bc1_6ed147cd_f83baf57
ElasticNet,1,3,2023-09-28,2023-09-29,16.36,12.898598556125496,-3.4614014438745038,3.4614014438745038,11.9812999556565,1.0,0.2,enet_a1.0_l0.2,submitted_main_linear_features_H1_18col,6ed147cd585e5e8083292683f9be3cf585e97e4d46fa0e3224d24a4e2b42cbbb,f83baf5732ffbf88b9a448a3d9ab9fa270f7495fe44d1559c1ac49795a30881a,69cfb2bf8bc181dc1de1e09f0c7477a1a5de7585,elasticnet_corrected_69cfb2bf8bc1_6ed147cd_f83baf57
ElasticNet,1,3,2023-09-29,2023-09-30,15.98,12.977015488667515,-3.0029845113324853,3.0029845113324853,9.017915975302806,1.0,0.2,enet_a1.0_l0.2,submitted_main_linear_features_H1_18col,6ed147cd585e5e8083292683f9be3cf585e97e4d46fa0e3224d24a4e2b42cbbb,f83baf5732ffbf88b9a448a3d9ab9fa270f7495fe44d1559c1ac49795a30881a,69cfb2bf8bc181dc1de1e09f0c7477a1a5de7585,elasticnet_corrected_69cfb2bf8bc1_6ed147cd_f83baf57
ElasticNet,1,3,2023-09-30,2023-10-01,10.13,13.113169665199134,2.9831696651991333,2.9831696651991333,8.899301251364308,1.0,0.2,enet_a1.0_l0.2,submitted_main_linear_features_H1_18col,6ed147cd585e5e8083292683f9be3cf585e97e4d46fa0e3224d24a4e2b42cbbb,f83baf5732ffbf88b9a448a3d9ab9fa270f7495fe44d1559c1ac49795a30881a,69cfb2bf8bc181dc1de1e09f0c7477a1a5de7585,elasticnet_corrected_69cfb2bf8bc1_6ed147cd_f83baf57
ElasticNet,1,3,2023-10-01,2023-10-02,10.34,13.091606305136873,2.751606305136873,2.751606305136873,7.5713372584689935,1.0,0.2,enet_a1.0_l0.2,submitted_main_linear_features_H1_18col,6ed147cd585e5e8083292683f9be3cf585e97e4d46fa0e3224d24a4e2b42cbbb,f83baf5732ffbf88b9a448a3d9ab9fa270f7495fe44d1559c1ac49795a30881a,69cfb2bf8bc181dc1de1e09f0c7477a1a5de7585,elasticnet_corrected_69cfb2bf8bc1_6ed147cd_f83baf57
ElasticNet,1,3,2023-10-02,2023-10-03,15.53,12.269629369259631,-3.2603706307403684,3.2603706307403684,10.630016649794348,1.0,0.2,enet_a1.0_l0.2,submitted_main_linear_features_H1_18col,6ed147cd585e5e8083292683f9be3cf585e97e4d46fa0e3224d24a4e2b42cbbb,f83baf5732ffbf88b9a448a3d9ab9fa270f7495fe44d1559c1ac49795a30881a,69cfb2bf8bc181dc1de1e09f0c7477a1a5de7585,elasticnet_corrected_69cfb2bf8bc1_6ed147cd_f83baf57
ElasticNet,1,3,2023-10-03,2023-10-04,17.11,12.456158800854997,-4.653841199145003,4.653841199145003,21.658237906859394,1.0,0.2,enet_a1.0_l0.2,submitted_main_linear_features_H1_18col,6ed147cd585e5e8083292683f9be3cf585e97e4d46fa0e3224d24a4e2b42cbbb,f83baf5732ffbf88b9a448a3d9ab9fa270f7495fe44d1559c1ac49795a30881a,69cfb2bf8bc181dc1de1e09f0c7477a1a5de7585,elasticnet_corrected_69cfb2bf8bc1_6ed147cd_f83baf57
ElasticNet,1,3,2023-10-04,2023-10-05,17.09,13.104449467928267,-3.9855505320717324,3.9855505320717324,15.88461304369727,1.0,0.2,enet_a1.0_l0.2,submitted_main_linear_features_H1_18col,6ed147cd585e5e8083292683f9be3cf585e97e4d46fa0e3224d24a4e2b42cbbb,f83baf5732ffbf88b9a448a3d9ab9fa270f7495fe44d1559c1ac49795a30881a,69cfb2bf8bc181dc1de1e09f0c7477a1a5de7585,elasticnet_corrected_69cfb2bf8bc1_6ed147cd_f83baf57
ElasticNet,1,3,2023-10-05,2023-10-06,14.6,13.960056931839386,-0.6399430681606137,0.6399430681606137,0.40952713048681993,1.0,0.2,enet_a1.0_l0.2,submitted_main_linear_features_H1_18col,6ed147cd585e5e8083292683f9be3cf585e97e4d46fa0e3224d24a4e2b42cbbb,f83baf5732ffbf88b9a448a3d9ab9fa270f7495fe44d1559c1ac49795a30881a,69cfb2bf8bc181dc1de1e09f0c7477a1a5de7585,elasticnet_corrected_69cfb2bf8bc1_6ed147cd_f83baf57
ElasticNet,1,3,2023-10-06,2023-10-07,15.72,13.553775650906125,-2.1662243490938753,2.1662243490938753,4.692527930607183,1.0,0.2,enet_a1.0_l0.2,submitted_main_linear_features_H1_18col,6ed147cd585e5e8083292683f9be3cf585e97e4d46fa0e3224d24a4e2b42cbbb,f83baf5732ffbf88b9a448a3d9ab9fa270f7495fe44d1559c1ac49795a30881a,69cfb2bf8bc181dc1de1e09f0c7477a1a5de7585,elasticnet_corrected_69cfb2bf8bc1_6ed147cd_f83baf57
ElasticNet,1,3,2023-10-07,2023-10-08,16.32,13.367034899639789,-2.9529651003602115,2.9529651003602115,8.720002883945394,1.0,0.2,enet_a1.0_l0.2,submitted_main_linear_features_H1_18col,6ed147cd585e5e8083292683f9be3cf585e97e4d46fa0e3224d24a4e2b42cbbb,f83baf5732ffbf88b9a448a3d9ab9fa270f7495fe44d1559c1ac49795a30881a,69cfb2bf8bc181dc1de1e09f0c7477a1a5de7585,elasticnet_corrected_69cfb2bf8bc1_6ed147cd_f83baf57
ElasticNet,1,3,2023-10-08,2023-10-09,13.67,13.719610880758797,0.04961088075879694,0.04961088075879694,0.0024612394896635684,1.0,0.2,enet_a1.0_l0.2,submitted_main_linear_features_H1_18col,6ed147cd585e5e8083292683f9be3cf585e97e4d46fa0e3224d24a4e2b42cbbb,f83baf5732ffbf88b9a448a3d9ab9fa270f7495fe44d1559c1ac49795a30881a,69cfb2bf8bc181dc1de1e09f0c7477a1a5de7585,elasticnet_corrected_69cfb2bf8bc1_6ed147cd_f83baf57
ElasticNet,1,3,2023-10-09,2023-10-10,11.98,13.890718404407355,1.9107184044073549,1.9107184044073549,3.650844820940988,1.0,0.2,enet_a1.0_l0.2,submitted_main_linear_features_H1_18col,6ed147cd585e5e8083292683f9be3cf585e97e4d46fa0e3224d24a4e2b42cbbb,f83baf5732ffbf88b9a448a3d9ab9fa270f7495fe44d1559c1ac49795a30881a,69cfb2bf8bc181dc1de1e09f0c7477a1a5de7585,elasticnet_corrected_69cfb2bf8bc1_6ed147cd_f83baf57
ElasticNet,1,3,2023-10-10,2023-10-11,10.32,13.628616215506387,3.3086162155063867,3.3086162155063867,10.946941261511805,1.0,0.2,enet_a1.0_l0.2,submitted_main_linear_features_H1_18col,6ed147cd585e5e8083292683f9be3cf585e97e4d46fa0e3224d24a4e2b42cbbb,f83baf5732ffbf88b9a448a3d9ab9fa270f7495fe44d1559c1ac49795a30881a,69cfb2bf8bc181dc1de1e09f0c7477a1a5de7585,elasticnet_corrected_69cfb2bf8bc1_6ed147cd_f83baf57
ElasticNet,1,3,2023-10-11,2023-10-12,17.41,13.312333267353333,-4.097666732646667,4.097666732646667,16.790872651839212,1.0,0.2,enet_a1.0_l0.2,submitted_main_linear_features_H1_18col,6ed147cd585e5e8083292683f9be3cf585e97e4d46fa0e3224d24a4e2b42cbbb,f83baf5732ffbf88b9a448a3d9ab9fa270f7495fe44d1559c1ac49795a30881a,69cfb2bf8bc181dc1de1e09f0c7477a1a5de7585,elasticnet_corrected_69cfb2bf8bc1_6ed147cd_f83baf57
ElasticNet,1,3,2023-10-12,2023-10-13,17.69,12.898924869532143,-4.791075130467858,4.791075130467858,22.954400905787605,1.0,0.2,enet_a1.0_l0.2,submitted_main_linear_features_H1_18col,6ed147cd585e5e8083292683f9be3cf585e97e4d46fa0e3224d24a4e2b42cbbb,f83baf5732ffbf88b9a448a3d9ab9fa270f7495fe44d1559c1ac49795a30881a,69cfb2bf8bc181dc1de1e09f0c7477a1a5de7585,elasticnet_corrected_69cfb2bf8bc1_6ed147cd_f83baf57
ElasticNet,1,3,2023-10-13,2023-10-14,16.43,13.60845312669925,-2.8215468733007505,2.8215468733007505,7.961126758233242,1.0,0.2,enet_a1.0_l0.2,submitted_main_linear_features_H1_18col,6ed147cd585e5e8083292683f9be3cf585e97e4d46fa0e3224d24a4e2b42cbbb,f83baf5732ffbf88b9a448a3d9ab9fa270f7495fe44d1559c1ac49795a30881a,69cfb2bf8bc181dc1de1e09f0c7477a1a5de7585,elasticnet_corrected_69cfb2bf8bc1_6ed147cd_f83baf57
ElasticNet,1,3,2023-10-14,2023-10-15,16.92,13.86218432910866,-3.057815670891342,3.057815670891342,9.350236677148668,1.0,0.2,enet_a1.0_l0.2,submitted_main_linear_features_H1_18col,6ed147cd585e5e8083292683f9be3cf585e97e4d46fa0e3224d24a4e2b42cbbb,f83baf5732ffbf88b9a448a3d9ab9fa270f7495fe44d1559c1ac49795a30881a,69cfb2bf8bc181dc1de1e09f0c7477a1a5de7585,elasticnet_corrected_69cfb2bf8bc1_6ed147cd_f83baf57
ElasticNet,1,3,2023-10-15,2023-10-16,16.98,13.627755853713742,-3.3522441462862584,3.3522441462862584,11.237540816310485,1.0,0.2,enet_a1.0_l0.2,submitted_main_linear_features_H1_18col,6ed147cd585e5e8083292683f9be3cf585e97e4d46fa0e3224d24a4e2b42cbbb,f83baf5732ffbf88b9a448a3d9ab9fa270f7495fe44d1559c1ac49795a30881a,69cfb2bf8bc181dc1de1e09f0c7477a1a5de7585,elasticnet_corrected_69cfb2bf8bc1_6ed147cd_f83baf57
ElasticNet,1,3,2023-10-16,2023-10-17,16.64,13.825582481467269,-2.814417518532732,2.814417518532732,7.920945968623941,1.0,0.2,enet_a1.0_l0.2,submitted_main_linear_features_H1_18col,6ed147cd585e5e8083292683f9be3cf585e97e4d46fa0e3224d24a4e2b42cbbb,f83baf5732ffbf88b9a448a3d9ab9fa270f7495fe44d1559c1ac49795a30881a,69cfb2bf8bc181dc1de1e09f0c7477a1a5de7585,elasticnet_corrected_69cfb2bf8bc1_6ed147cd_f83baf57
ElasticNet,1,3,2023-10-17,2023-10-18,16.4,13.705222429960733,-2.6947775700392658,2.6947775700392658,7.26182615198673,1.0,0.2,enet_a1.0_l0.2,submitted_main_linear_features_H1_18col,6ed147cd585e5e8083292683f9be3cf585e97e4d46fa0e3224d24a4e2b42cbbb,f83baf5732ffbf88b9a448a3d9ab9fa270f7495fe44d1559c1ac49795a30881a,69cfb2bf8bc181dc1de1e09f0c7477a1a5de7585,elasticnet_corrected_69cfb2bf8bc1_6ed147cd_f83baf57
ElasticNet,1,3,2023-10-18,2023-10-19,16.8,13.966923200162768,-2.833076799837233,2.833076799837233,8.026324153775978,1.0,0.2,enet_a1.0_l0.2,submitted_main_linear_features_H1_18col,6ed147cd585e5e8083292683f9be3cf585e97e4d46fa0e3224d24a4e2b42cbbb,f83baf5732ffbf88b9a448a3d9ab9fa270f7495fe44d1559c1ac49795a30881a,69cfb2bf8bc181dc1de1e09f0c7477a1a5de7585,elasticnet_corrected_69cfb2bf8bc1_6ed147cd_f83baf57
ElasticNet,1,3,2023-10-19,2023-10-20,17.82,13.89888940248543,-3.92111059751457,3.92111059751457,15.375108317941068,1.0,0.2,enet_a1.0_l0.2,submitted_main_linear_features_H1_18col,6ed147cd585e5e8083292683f9be3cf585e97e4d46fa0e3224d24a4e2b42cbbb,f83baf5732ffbf88b9a448a3d9ab9fa270f7495fe44d1559c1ac49795a30881a,69cfb2bf8bc181dc1de1e09f0c7477a1a5de7585,elasticnet_corrected_69cfb2bf8bc1_6ed147cd_f83baf57
ElasticNet,1,3,2023-10-20,2023-10-21,16.32,14.73729785326014,-1.5827021467398605,1.5827021467398605,2.504946085294963,1.0,0.2,enet_a1.0_l0.2,submitted_main_linear_features_H1_18col,6ed147cd585e5e8083292683f9be3cf585e97e4d46fa0e3224d24a4e2b42cbbb,f83baf5732ffbf88b9a448a3d9ab9fa270f7495fe44d1559c1ac49795a30881a,69cfb2bf8bc181dc1de1e09f0c7477a1a5de7585,elasticnet_corrected_69cfb2bf8bc1_6ed147cd_f83baf57
ElasticNet,1,3,2023-10-21,2023-10-22,13.3,14.469860554559437,1.1698605545594365,1.1698605545594365,1.3685737171141124,1.0,0.2,enet_a1.0_l0.2,submitted_main_linear_features_H1_18col,6ed147cd585e5e8083292683f9be3cf585e97e4d46fa0e3224d24a4e2b42cbbb,f83baf5732ffbf88b9a448a3d9ab9fa270f7495fe44d1559c1ac49795a30881a,69cfb2bf8bc181dc1de1e09f0c7477a1a5de7585,elasticnet_corrected_69cfb2bf8bc1_6ed147cd_f83baf57
ElasticNet,1,3,2023-10-22,2023-10-23,15.79,14.32910497493603,-1.4608950250639694,1.4608950250639694,2.1342142742566557,1.0,0.2,enet_a1.0_l0.2,submitted_main_linear_features_H1_18col,6ed147cd585e5e8083292683f9be3cf585e97e4d46fa0e3224d24a4e2b42cbbb,f83baf5732ffbf88b9a448a3d9ab9fa270f7495fe44d1559c1ac49795a30881a,69cfb2bf8bc181dc1de1e09f0c7477a1a5de7585,elasticnet_corrected_69cfb2bf8bc1_6ed147cd_f83baf57
ElasticNet,1,3,2023-10-23,2023-10-24,15.18,13.83257372974827,-1.347426270251729,1.347426270251729,1.8155575537644855,1.0,0.2,enet_a1.0_l0.2,submitted_main_linear_features_H1_18col,6ed147cd585e5e8083292683f9be3cf585e97e4d46fa0e3224d24a4e2b42cbbb,f83baf5732ffbf88b9a448a3d9ab9fa270f7495fe44d1559c1ac49795a30881a,69cfb2bf8bc181dc1de1e09f0c7477a1a5de7585,elasticnet_corrected_69cfb2bf8bc1_6ed147cd_f83baf57
ElasticNet,1,3,2023-10-24,2023-10-25,17.23,13.871186726382005,-3.3588132736179954,3.3588132736179954,11.281626607032434,1.0,0.2,enet_a1.0_l0.2,submitted_main_linear_features_H1_18col,6ed147cd585e5e8083292683f9be3cf585e97e4d46fa0e3224d24a4e2b42cbbb,f83baf5732ffbf88b9a448a3d9ab9fa270f7495fe44d1559c1ac49795a30881a,69cfb2bf8bc181dc1de1e09f0c7477a1a5de7585,elasticnet_corrected_69cfb2bf8bc1_6ed147cd_f83baf57
ElasticNet,1,3,2023-10-25,2023-10-26,17.98,14.04609966068427,-3.9339003393157306,3.9339003393157306,15.47557187966842,1.0,0.2,enet_a1.0_l0.2,submitted_main_linear_features_H1_18col,6ed147cd585e5e8083292683f9be3cf585e97e4d46fa0e3224d24a4e2b42cbbb,f83baf5732ffbf88b9a448a3d9ab9fa270f7495fe44d1559c1ac49795a30881a,69cfb2bf8bc181dc1de1e09f0c7477a1a5de7585,elasticnet_corrected_69cfb2bf8bc1_6ed147cd_f83baf57
ElasticNet,1,3,2023-10-26,2023-10-27,16.37,14.41026102274019,-1.9597389772598106,1.9597389772598106,3.8405768589913283,1.0,0.2,enet_a1.0_l0.2,submitted_main_linear_features_H1_18col,6ed147cd585e5e8083292683f9be3cf585e97e4d46fa0e3224d24a4e2b42cbbb,f83baf5732ffbf88b9a448a3d9ab9fa270f7495fe44d1559c1ac49795a30881a,69cfb2bf8bc181dc1de1e09f0c7477a1a5de7585,elasticnet_corrected_69cfb2bf8bc1_6ed147cd_f83baf57
ElasticNet,1,3,2023-10-27,2023-10-28,16.44,14.877148137804916,-1.5628518621950853,1.5628518621950853,2.442505943166646,1.0,0.2,enet_a1.0_l0.2,submitted_main_linear_features_H1_18col,6ed147cd585e5e8083292683f9be3cf585e97e4d46fa0e3224d24a4e2b42cbbb,f83baf5732ffbf88b9a448a3d9ab9fa270f7495fe44d1559c1ac49795a30881a,69cfb2bf8bc181dc1de1e09f0c7477a1a5de7585,elasticnet_corrected_69cfb2bf8bc1_6ed147cd_f83baf57
ElasticNet,1,3,2023-10-28,2023-10-29,14.12,14.38133570846525,0.2613357084652499,0.2613357084652499,0.06829635251903408,1.0,0.2,enet_a1.0_l0.2,submitted_main_linear_features_H1_18col,6ed147cd585e5e8083292683f9be3cf585e97e4d46fa0e3224d24a4e2b42cbbb,f83baf5732ffbf88b9a448a3d9ab9fa270f7495fe44d1559c1ac49795a30881a,69cfb2bf8bc181dc1de1e09f0c7477a1a5de7585,elasticnet_corrected_69cfb2bf8bc1_6ed147cd_f83baf57
ElasticNet,1,3,2023-10-29,2023-10-30,15.59,14.182369141073227,-1.4076308589267725,1.4076308589267725,1.9814246350029234,1.0,0.2,enet_a1.0_l0.2,submitted_main_linear_features_H1_18col,6ed147cd585e5e8083292683f9be3cf585e97e4d46fa0e3224d24a4e2b42cbbb,f83baf5732ffbf88b9a448a3d9ab9fa270f7495fe44d1559c1ac49795a30881a,69cfb2bf8bc181dc1de1e09f0c7477a1a5de7585,elasticnet_corrected_69cfb2bf8bc1_6ed147cd_f83baf57
ElasticNet,1,3,2023-10-30,2023-10-31,17.76,13.837022712853384,-3.922977287146617,3.922977287146617,15.389750795468231,1.0,0.2,enet_a1.0_l0.2,submitted_main_linear_features_H1_18col,6ed147cd585e5e8083292683f9be3cf585e97e4d46fa0e3224d24a4e2b42cbbb,f83baf5732ffbf88b9a448a3d9ab9fa270f7495fe44d1559c1ac49795a30881a,69cfb2bf8bc181dc1de1e09f0c7477a1a5de7585,elasticnet_corrected_69cfb2bf8bc1_6ed147cd_f83baf57
ElasticNet,3,1,2021-10-12,2021-10-15,15.1,12.889801238100034,-2.2101987618999654,2.2101987618999654,4.88497856710414,0.01,0.2,enet_a0.01_l0.2,submitted_main_linear_features_H3_18col,6ed147cd585e5e8083292683f9be3cf585e97e4d46fa0e3224d24a4e2b42cbbb,f83baf5732ffbf88b9a448a3d9ab9fa270f7495fe44d1559c1ac49795a30881a,69cfb2bf8bc181dc1de1e09f0c7477a1a5de7585,elasticnet_corrected_69cfb2bf8bc1_6ed147cd_f83baf57
ElasticNet,3,1,2021-10-13,2021-10-16,11.35,12.870822697210208,1.5208226972102086,1.5208226972102086,2.3129016763497336,0.01,0.2,enet_a0.01_l0.2,submitted_main_linear_features_H3_18col,6ed147cd585e5e8083292683f9be3cf585e97e4d46fa0e3224d24a4e2b42cbbb,f83baf5732ffbf88b9a448a3d9ab9fa270f7495fe44d1559c1ac49795a30881a,69cfb2bf8bc181dc1de1e09f0c7477a1a5de7585,elasticnet_corrected_69cfb2bf8bc1_6ed147cd_f83baf57
ElasticNet,3,1,2021-10-14,2021-10-17,11.58,13.634806171918768,2.0548061719187682,2.0548061719187682,4.222228404155462,0.01,0.2,enet_a0.01_l0.2,submitted_main_linear_features_H3_18col,6ed147cd585e5e8083292683f9be3cf585e97e4d46fa0e3224d24a4e2b42cbbb,f83baf5732ffbf88b9a448a3d9ab9fa270f7495fe44d1559c1ac49795a30881a,69cfb2bf8bc181dc1de1e09f0c7477a1a5de7585,elasticnet_corrected_69cfb2bf8bc1_6ed147cd_f83baf57
ElasticNet,3,1,2021-10-15,2021-10-18,13.26,14.154146869803231,0.8941468698032313,0.8941468698032313,0.7994986247789168,0.01,0.2,enet_a0.01_l0.2,submitted_main_linear_features_H3_18col,6ed147cd585e5e8083292683f9be3cf585e97e4d46fa0e3224d24a4e2b42cbbb,f83baf5732ffbf88b9a448a3d9ab9fa270f7495fe44d1559c1ac49795a30881a,69cfb2bf8bc181dc1de1e09f0c7477a1a5de7585,elasticnet_corrected_69cfb2bf8bc1_6ed147cd_f83baf57
ElasticNet,3,1,2021-10-16,2021-10-19,14.13,13.808564181845203,-0.32143581815479827,0.32143581815479827,0.10332098519284454,0.01,0.2,enet_a0.01_l0.2,submitted_main_linear_features_H3_18col,6ed147cd585e5e8083292683f9be3cf585e97e4d46fa0e3224d24a4e2b42cbbb,f83baf5732ffbf88b9a448a3d9ab9fa270f7495fe44d1559c1ac49795a30881a,69cfb2bf8bc181dc1de1e09f0c7477a1a5de7585,elasticnet_corrected_69cfb2bf8bc1_6ed147cd_f83baf57
ElasticNet,3,1,2021-10-17,2021-10-20,17.01,13.714940789377147,-3.2950592106228545,3.2950592106228545,10.85741520151051,0.01,0.2,enet_a0.01_l0.2,submitted_main_linear_features_H3_18col,6ed147cd585e5e8083292683f9be3cf585e97e4d46fa0e3224d24a4e2b42cbbb,f83baf5732ffbf88b9a448a3d9ab9fa270f7495fe44d1559c1ac49795a30881a,69cfb2bf8bc181dc1de1e09f0c7477a1a5de7585,elasticnet_corrected_69cfb2bf8bc1_6ed147cd_f83baf57
ElasticNet,3,1,2021-10-18,2021-10-21,14.11,13.128425157637386,-0.9815748423626136,0.9815748423626136,0.9634891711591898,0.01,0.2,enet_a0.01_l0.2,submitted_main_linear_features_H3_18col,6ed147cd585e5e8083292683f9be3cf585e97e4d46fa0e3224d24a4e2b42cbbb,f83baf5732ffbf88b9a448a3d9ab9fa270f7495fe44d1559c1ac49795a30881a,69cfb2bf8bc181dc1de1e09f0c7477a1a5de7585,elasticnet_corrected_69cfb2bf8bc1_6ed147cd_f83baf57
ElasticNet,3,1,2021-10-19,2021-10-22,13.32,14.165534216898797,0.8455342168987965,0.8455342168987965,0.7149281119466611,0.01,0.2,enet_a0.01_l0.2,submitted_main_linear_features_H3_18col,6ed147cd585e5e8083292683f9be3cf585e97e4d46fa0e3224d24a4e2b42cbbb,f83baf5732ffbf88b9a448a3d9ab9fa270f7495fe44d1559c1ac49795a30881a,69cfb2bf8bc181dc1de1e09f0c7477a1a5de7585,elasticnet_corrected_69cfb2bf8bc1_6ed147cd_f83baf57
ElasticNet,3,1,2021-10-20,2021-10-23,14.24,14.443432069255596,0.2034320692555962,0.2034320692555962,0.04138460680161369,0.01,0.2,enet_a0.01_l0.2,submitted_main_linear_features_H3_18col,6ed147cd585e5e8083292683f9be3cf585e97e4d46fa0e3224d24a4e2b42cbbb,f83baf5732ffbf88b9a448a3d9ab9fa270f7495fe44d1559c1ac49795a30881a,69cfb2bf8bc181dc1de1e09f0c7477a1a5de7585,elasticnet_corrected_69cfb2bf8bc1_6ed147cd_f83baf57
ElasticNet,3,1,2021-10-21,2021-10-24,15.48,14.690422417462603,-0.7895775825373974,0.7895775825373974,0.6234327588456006,0.01,0.2,enet_a0.01_l0.2,submitted_main_linear_features_H3_18col,6ed147cd585e5e8083292683f9be3cf585e97e4d46fa0e3224d24a4e2b42cbbb,f83baf5732ffbf88b9a448a3d9ab9fa270f7495fe44d1559c1ac49795a30881a,69cfb2bf8bc181dc1de1e09f0c7477a1a5de7585,elasticnet_corrected_69cfb2bf8bc1_6ed147cd_f83baf57
ElasticNet,3,1,2021-10-22,2021-10-25,19.6,14.084019672371447,-5.515980327628554,5.515980327628554,30.426038974785214,0.01,0.2,enet_a0.01_l0.2,submitted_main_linear_features_H3_18col,6ed147cd585e5e8083292683f9be3cf585e97e4d46fa0e3224d24a4e2b42cbbb,f83baf5732ffbf88b9a448a3d9ab9fa270f7495fe44d1559c1ac49795a30881a,69cfb2bf8bc181dc1de1e09f0c7477a1a5de7585,elasticnet_corrected_69cfb2bf8bc1_6ed147cd_f83baf57
ElasticNet,3,1,2021-10-23,2021-10-26,15.56,14.056599545455716,-1.503400454544284,1.503400454544284,2.26021292672396,0.01,0.2,enet_a0.01_l0.2,submitted_main_linear_features_H3_18col,6ed147cd585e5e8083292683f9be3cf585e97e4d46fa0e3224d24a4e2b42cbbb,f83baf5732ffbf88b9a448a3d9ab9fa270f7495fe44d1559c1ac49795a30881a,69cfb2bf8bc181dc1de1e09f0c7477a1a5de7585,elasticnet_corrected_69cfb2bf8bc1_6ed147cd_f83baf57
ElasticNet,3,1,2021-10-24,2021-10-27,13.31,14.788477022086088,1.4784770220860874,1.4784770220860874,2.185894304836545,0.01,0.2,enet_a0.01_l0.2,submitted_main_linear_features_H3_18col,6ed147cd585e5e8083292683f9be3cf585e97e4d46fa0e3224d24a4e2b42cbbb,f83baf5732ffbf88b9a448a3d9ab9fa270f7495fe44d1559c1ac49795a30881a,69cfb2bf8bc181dc1de1e09f0c7477a1a5de7585,elasticnet_corrected_69cfb2bf8bc1_6ed147cd_f83baf57
ElasticNet,3,1,2021-10-25,2021-10-28,15.19,15.087048565462908,-0.10295143453709166,0.10295143453709166,0.010598997873245069,0.01,0.2,enet_a0.01_l0.2,submitted_main_linear_features_H3_18col,6ed147cd585e5e8083292683f9be3cf585e97e4d46fa0e3224d24a4e2b42cbbb,f83baf5732ffbf88b9a448a3d9ab9fa270f7495fe44d1559c1ac49795a30881a,69cfb2bf8bc181dc1de1e09f0c7477a1a5de7585,elasticnet_corrected_69cfb2bf8bc1_6ed147cd_f83baf57
ElasticNet,3,1,2021-10-26,2021-10-29,17.0,15.064133363324684,-1.9358666366753159,1.9358666366753159,3.7475796349925994,0.01,0.2,enet_a0.01_l0.2,submitted_main_linear_features_H3_18col,6ed147cd585e5e8083292683f9be3cf585e97e4d46fa0e3224d24a4e2b42cbbb,f83baf5732ffbf88b9a448a3d9ab9fa270f7495fe44d1559c1ac49795a30881a,69cfb2bf8bc181dc1de1e09f0c7477a1a5de7585,elasticnet_corrected_69cfb2bf8bc1_6ed147cd_f83baf57
ElasticNet,3,1,2021-10-27,2021-10-30,15.17,15.425079483884614,0.25507948388461443,0.25507948388461443,0.06506554309884127,0.01,0.2,enet_a0.01_l0.2,submitted_main_linear_features_H3_18col,6ed147cd585e5e8083292683f9be3cf585e97e4d46fa0e3224d24a4e2b42cbbb,f83baf5732ffbf88b9a448a3d9ab9fa270f7495fe44d1559c1ac49795a30881a,69cfb2bf8bc181dc1de1e09f0c7477a1a5de7585,elasticnet_corrected_69cfb2bf8bc1_6ed147cd_f83baf57
ElasticNet,3,1,2021-10-28,2021-10-31,14.34,15.513463830128664,1.1734638301286644,1.1734638301286644,1.377017360620235,0.01,0.2,enet_a0.01_l0.2,submitted_main_linear_features_H3_18col,6ed147cd585e5e8083292683f9be3cf585e97e4d46fa0e3224d24a4e2b42cbbb,f83baf5732ffbf88b9a448a3d9ab9fa270f7495fe44d1559c1ac49795a30881a,69cfb2bf8bc181dc1de1e09f0c7477a1a5de7585,elasticnet_corrected_69cfb2bf8bc1_6ed147cd_f83baf57
ElasticNet,3,1,2021-10-29,2021-11-01,15.41,15.535634327427225,0.1256343274272247,0.1256343274272247,0.015783984228091102,0.01,0.2,enet_a0.01_l0.2,submitted_main_linear_features_H3_18col,6ed147cd585e5e8083292683f9be3cf585e97e4d46fa0e3224d24a4e2b42cbbb,f83baf5732ffbf88b9a448a3d9ab9fa270f7495fe44d1559c1ac49795a30881a,69cfb2bf8bc181dc1de1e09f0c7477a1a5de7585,elasticnet_corrected_69cfb2bf8bc1_6ed147cd_f83baf57
ElasticNet,3,1,2021-10-30,2021-11-02,15.17,15.997831235209034,0.8278312352090342,0.8278312352090342,0.6853045539877154,0.01,0.2,enet_a0.01_l0.2,submitted_main_linear_features_H3_18col,6ed147cd585e5e8083292683f9be3cf585e97e4d46fa0e3224d24a4e2b42cbbb,f83baf5732ffbf88b9a448a3d9ab9fa270f7495fe44d1559c1ac49795a30881a,69cfb2bf8bc181dc1de1e09f0c7477a1a5de7585,elasticnet_corrected_69cfb2bf8bc1_6ed147cd_f83baf57
ElasticNet,3,1,2021-10-31,2021-11-03,13.4,15.98691404909247,2.586914049092469,2.586914049092469,6.6921242973919925,0.01,0.2,enet_a0.01_l0.2,submitted_main_linear_features_H3_18col,6ed147cd585e5e8083292683f9be3cf585e97e4d46fa0e3224d24a4e2b42cbbb,f83baf5732ffbf88b9a448a3d9ab9fa270f7495fe44d1559c1ac49795a30881a,69cfb2bf8bc181dc1de1e09f0c7477a1a5de7585,elasticnet_corrected_69cfb2bf8bc1_6ed147cd_f83baf57
ElasticNet,3,1,2021-11-01,2021-11-04,15.12,15.792162955797714,0.6721629557977149,0.6721629557977149,0.4518030391467208,0.01,0.2,enet_a0.01_l0.2,submitted_main_linear_features_H3_18col,6ed147cd585e5e8083292683f9be3cf585e97e4d46fa0e3224d24a4e2b42cbbb,f83baf5732ffbf88b9a448a3d9ab9fa270f7495fe44d1559c1ac49795a30881a,69cfb2bf8bc181dc1de1e09f0c7477a1a5de7585,elasticnet_corrected_69cfb2bf8bc1_6ed147cd_f83baf57
ElasticNet,3,1,2021-11-02,2021-11-05,12.8,14.817158740778737,2.0171587407787364,2.0171587407787364,4.0689293855000574,0.01,0.2,enet_a0.01_l0.2,submitted_main_linear_features_H3_18col,6ed147cd585e5e8083292683f9be3cf585e97e4d46fa0e3224d24a4e2b42cbbb,f83baf5732ffbf88b9a448a3d9ab9fa270f7495fe44d1559c1ac49795a30881a,69cfb2bf8bc181dc1de1e09f0c7477a1a5de7585,elasticnet_corrected_69cfb2bf8bc1_6ed147cd_f83baf57
ElasticNet,3,1,2021-11-03,2021-11-06,12.34,14.728506259339227,2.388506259339227,2.388506259339227,5.7049621509026665,0.01,0.2,enet_a0.01_l0.2,submitted_main_linear_features_H3_18col,6ed147cd585e5e8083292683f9be3cf585e97e4d46fa0e3224d24a4e2b42cbbb,f83baf5732ffbf88b9a448a3d9ab9fa270f7495fe44d1559c1ac49795a30881a,69cfb2bf8bc181dc1de1e09f0c7477a1a5de7585,elasticnet_corrected_69cfb2bf8bc1_6ed147cd_f83baf57
ElasticNet,3,1,2021-11-04,2021-11-07,13.03,14.343306547462461,1.313306547462462,1.313306547462462,1.7247740876077717,0.01,0.2,enet_a0.01_l0.2,submitted_main_linear_features_H3_18col,6ed147cd585e5e8083292683f9be3cf585e97e4d46fa0e3224d24a4e2b42cbbb,f83baf5732ffbf88b9a448a3d9ab9fa270f7495fe44d1559c1ac49795a30881a,69cfb2bf8bc181dc1de1e09f0c7477a1a5de7585,elasticnet_corrected_69cfb2bf8bc1_6ed147cd_f83baf57
ElasticNet,3,1,2021-11-05,2021-11-08,13.2,14.016391423777062,0.8163914237770626,0.8163914237770626,0.6664949568167394,0.01,0.2,enet_a0.01_l0.2,submitted_main_linear_features_H3_18col,6ed147cd585e5e8083292683f9be3cf585e97e4d46fa0e3224d24a4e2b42cbbb,f83baf5732ffbf88b9a448a3d9ab9fa270f7495fe44d1559c1ac49795a30881a,69cfb2bf8bc181dc1de1e09f0c7477a1a5de7585,elasticnet_corrected_69cfb2bf8bc1_6ed147cd_f83baf57
ElasticNet,3,1,2021-11-06,2021-11-09,14.39,13.357263041578234,-1.0327369584217667,1.0327369584217667,1.0665456252902419,0.01,0.2,enet_a0.01_l0.2,submitted_main_linear_features_H3_18col,6ed147cd585e5e8083292683f9be3cf585e97e4d46fa0e3224d24a4e2b42cbbb,f83baf5732ffbf88b9a448a3d9ab9fa270f7495fe44d1559c1ac49795a30881a,69cfb2bf8bc181dc1de1e09f0c7477a1a5de7585,elasticnet_corrected_69cfb2bf8bc1_6ed147cd_f83baf57
ElasticNet,3,1,2021-11-07,2021-11-10,11.54,13.330879961460827,1.7908799614608277,1.7908799614608277,3.207251036361936,0.01,0.2,enet_a0.01_l0.2,submitted_main_linear_features_H3_18col,6ed147cd585e5e8083292683f9be3cf585e97e4d46fa0e3224d24a4e2b42cbbb,f83baf5732ffbf88b9a448a3d9ab9fa270f7495fe44d1559c1ac49795a30881a,69cfb2bf8bc181dc1de1e09f0c7477a1a5de7585,elasticnet_corrected_69cfb2bf8bc1_6ed147cd_f83baf57
ElasticNet,3,1,2021-11-08,2021-11-11,12.82,13.358823374049134,0.5388233740491337,0.5388233740491337,0.29033062842169266,0.01,0.2,enet_a0.01_l0.2,submitted_main_linear_features_H3_18col,6ed147cd585e5e8083292683f9be3cf585e97e4d46fa0e3224d24a4e2b42cbbb,f83baf5732ffbf88b9a448a3d9ab9fa270f7495fe44d1559c1ac49795a30881a,69cfb2bf8bc181dc1de1e09f0c7477a1a5de7585,elasticnet_corrected_69cfb2bf8bc1_6ed147cd_f83baf57
ElasticNet,3,1,2021-11-09,2021-11-12,13.54,13.047529553422457,-0.492470446577542,0.492470446577542,0.24252714075228368,0.01,0.2,enet_a0.01_l0.2,submitted_main_linear_features_H3_18col,6ed147cd585e5e8083292683f9be3cf585e97e4d46fa0e3224d24a4e2b42cbbb,f83baf5732ffbf88b9a448a3d9ab9fa270f7495fe44d1559c1ac49795a30881a,69cfb2bf8bc181dc1de1e09f0c7477a1a5de7585,elasticnet_corrected_69cfb2bf8bc1_6ed147cd_f83baf57
ElasticNet,3,1,2021-11-10,2021-11-13,13.92,13.397654164612995,-0.5223458353870054,0.5223458353870054,0.27284517174614853,0.01,0.2,enet_a0.01_l0.2,submitted_main_linear_features_H3_18col,6ed147cd585e5e8083292683f9be3cf585e97e4d46fa0e3224d24a4e2b42cbbb,f83baf5732ffbf88b9a448a3d9ab9fa270f7495fe44d1559c1ac49795a30881a,69cfb2bf8bc181dc1de1e09f0c7477a1a5de7585,elasticnet_corrected_69cfb2bf8bc1_6ed147cd_f83baf57
ElasticNet,3,1,2021-11-11,2021-11-14,15.8,13.825852988459053,-1.974147011540948,1.974147011540948,3.897256423176056,0.01,0.2,enet_a0.01_l0.2,submitted_main_linear_features_H3_18col,6ed147cd585e5e8083292683f9be3cf585e97e4d46fa0e3224d24a4e2b42cbbb,f83baf5732ffbf88b9a448a3d9ab9fa270f7495fe44d1559c1ac49795a30881a,69cfb2bf8bc181dc1de1e09f0c7477a1a5de7585,elasticnet_corrected_69cfb2bf8bc1_6ed147cd_f83baf57
ElasticNet,3,1,2021-11-12,2021-11-15,14.69,14.035933269295732,-0.6540667307042671,0.6540667307042671,0.4278032882141683,0.01,0.2,enet_a0.01_l0.2,submitted_main_linear_features_H3_18col,6ed147cd585e5e8083292683f9be3cf585e97e4d46fa0e3224d24a4e2b42cbbb,f83baf5732ffbf88b9a448a3d9ab9fa270f7495fe44d1559c1ac49795a30881a,69cfb2bf8bc181dc1de1e09f0c7477a1a5de7585,elasticnet_corrected_69cfb2bf8bc1_6ed147cd_f83baf57
ElasticNet,3,1,2021-11-13,2021-11-16,12.83,14.580926292708778,1.7509262927087779,1.7509262927087779,3.065742882498905,0.01,0.2,enet_a0.01_l0.2,submitted_main_linear_features_H3_18col,6ed147cd585e5e8083292683f9be3cf585e97e4d46fa0e3224d24a4e2b42cbbb,f83baf5732ffbf88b9a448a3d9ab9fa270f7495fe44d1559c1ac49795a30881a,69cfb2bf8bc181dc1de1e09f0c7477a1a5de7585,elasticnet_corrected_69cfb2bf8bc1_6ed147cd_f83baf57
ElasticNet,3,1,2021-11-14,2021-11-17,12.32,14.656011639904406,2.336011639904406,2.336011639904406,5.4569503817688725,0.01,0.2,enet_a0.01_l0.2,submitted_main_linear_features_H3_18col,6ed147cd585e5e8083292683f9be3cf585e97e4d46fa0e3224d24a4e2b42cbbb,f83baf5732ffbf88b9a448a3d9ab9fa270f7495fe44d1559c1ac49795a30881a,69cfb2bf8bc181dc1de1e09f0c7477a1a5de7585,elasticnet_corrected_69cfb2bf8bc1_6ed147cd_f83baf57
ElasticNet,3,1,2021-11-15,2021-11-18,17.99,14.83001143851267,-3.159988561487328,3.159988561487328,9.985527708730752,0.01,0.2,enet_a0.01_l0.2,submitted_main_linear_features_H3_18col,6ed147cd585e5e8083292683f9be3cf585e97e4d46fa0e3224d24a4e2b42cbbb,f83baf5732ffbf88b9a448a3d9ab9fa270f7495fe44d1559c1ac49795a30881a,69cfb2bf8bc181dc1de1e09f0c7477a1a5de7585,elasticnet_corrected_69cfb2bf8bc1_6ed147cd_f83baf57
ElasticNet,3,1,2021-11-16,2021-11-19,17.94,14.445691698566076,-3.494308301433925,3.494308301433925,12.210190505470043,0.01,0.2,enet_a0.01_l0.2,submitted_main_linear_features_H3_18col,6ed147cd585e5e8083292683f9be3cf585e97e4d46fa0e3224d24a4e2b42cbbb,f83baf5732ffbf88b9a448a3d9ab9fa270f7495fe44d1559c1ac49795a30881a,69cfb2bf8bc181dc1de1e09f0c7477a1a5de7585,elasticnet_corrected_69cfb2bf8bc1_6ed147cd_f83baf57
ElasticNet,3,1,2021-11-17,2021-11-20,11.8,14.567458573577998,2.767458573577997,2.767458573577997,7.658826956470362,0.01,0.2,enet_a0.01_l0.2,submitted_main_linear_features_H3_18col,6ed147cd585e5e8083292683f9be3cf585e97e4d46fa0e3224d24a4e2b42cbbb,f83baf5732ffbf88b9a448a3d9ab9fa270f7495fe44d1559c1ac49795a30881a,69cfb2bf8bc181dc1de1e09f0c7477a1a5de7585,elasticnet_corrected_69cfb2bf8bc1_6ed147cd_f83baf57
ElasticNet,3,1,2021-11-18,2021-11-21,11.89,14.402831833017943,2.512831833017943,2.512831833017943,6.314323821028315,0.01,0.2,enet_a0.01_l0.2,submitted_main_linear_features_H3_18col,6ed147cd585e5e8083292683f9be3cf585e97e4d46fa0e3224d24a4e2b42cbbb,f83baf5732ffbf88b9a448a3d9ab9fa270f7495fe44d1559c1ac49795a30881a,69cfb2bf8bc181dc1de1e09f0c7477a1a5de7585,elasticnet_corrected_69cfb2bf8bc1_6ed147cd_f83baf57
ElasticNet,3,1,2021-11-19,2021-11-22,12.22,14.923426669251148,2.7034266692511473,2.7034266692511473,7.308515756018352,0.01,0.2,enet_a0.01_l0.2,submitted_main_linear_features_H3_18col,6ed147cd585e5e8083292683f9be3cf585e97e4d46fa0e3224d24a4e2b42cbbb,f83baf5732ffbf88b9a448a3d9ab9fa270f7495fe44d1559c1ac49795a30881a,69cfb2bf8bc181dc1de1e09f0c7477a1a5de7585,elasticnet_corrected_69cfb2bf8bc1_6ed147cd_f83baf57
ElasticNet,3,1,2021-11-20,2021-11-23,13.13,14.630844617244891,1.5008446172448906,1.5008446172448906,2.252534565112962,0.01,0.2,enet_a0.01_l0.2,submitted_main_linear_features_H3_18col,6ed147cd585e5e8083292683f9be3cf585e97e4d46fa0e3224d24a4e2b42cbbb,f83baf5732ffbf88b9a448a3d9ab9fa270f7495fe44d1559c1ac49795a30881a,69cfb2bf8bc181dc1de1e09f0c7477a1a5de7585,elasticnet_corrected_69cfb2bf8bc1_6ed147cd_f83baf57
ElasticNet,3,1,2021-11-21,2021-11-24,16.36,13.82524883228158,-2.5347511677184187,2.5347511677184187,6.424963482249887,0.01,0.2,enet_a0.01_l0.2,submitted_main_linear_features_H3_18col,6ed147cd585e5e8083292683f9be3cf585e97e4d46fa0e3224d24a4e2b42cbbb,f83baf5732ffbf88b9a448a3d9ab9fa270f7495fe44d1559c1ac49795a30881a,69cfb2bf8bc181dc1de1e09f0c7477a1a5de7585,elasticnet_corrected_69cfb2bf8bc1_6ed147cd_f83baf57
ElasticNet,3,1,2021-11-22,2021-11-25,12.85,13.285119561320615,0.43511956132061513,0.43511956132061513,0.18932903264384454,0.01,0.2,enet_a0.01_l0.2,submitted_main_linear_features_H3_18col,6ed147cd585e5e8083292683f9be3cf585e97e4d46fa0e3224d24a4e2b42cbbb,f83baf5732ffbf88b9a448a3d9ab9fa270f7495fe44d1559c1ac49795a30881a,69cfb2bf8bc181dc1de1e09f0c7477a1a5de7585,elasticnet_corrected_69cfb2bf8bc1_6ed147cd_f83baf57
ElasticNet,3,1,2021-11-23,2021-11-26,11.66,13.1814284203977,1.521428420397699,1.521428420397699,2.314744438393838,0.01,0.2,enet_a0.01_l0.2,submitted_main_linear_features_H3_18col,6ed147cd585e5e8083292683f9be3cf585e97e4d46fa0e3224d24a4e2b42cbbb,f83baf5732ffbf88b9a448a3d9ab9fa270f7495fe44d1559c1ac49795a30881a,69cfb2bf8bc181dc1de1e09f0c7477a1a5de7585,elasticnet_corrected_69cfb2bf8bc1_6ed147cd_f83baf57
ElasticNet,3,1,2021-11-24,2021-11-27,13.7,13.124797730648641,-0.5752022693513581,0.5752022693513581,0.33085765066695233,0.01,0.2,enet_a0.01_l0.2,submitted_main_linear_features_H3_18col,6ed147cd585e5e8083292683f9be3cf585e97e4d46fa0e3224d24a4e2b42cbbb,f83baf5732ffbf88b9a448a3d9ab9fa270f7495fe44d1559c1ac49795a30881a,69cfb2bf8bc181dc1de1e09f0c7477a1a5de7585,elasticnet_corrected_69cfb2bf8bc1_6ed147cd_f83baf57
ElasticNet,3,1,2021-11-25,2021-11-28,13.18,13.284456222620856,0.10445622262085585,0.10445622262085585,0.010911102444217799,0.01,0.2,enet_a0.01_l0.2,submitted_main_linear_features_H3_18col,6ed147cd585e5e8083292683f9be3cf585e97e4d46fa0e3224d24a4e2b42cbbb,f83baf5732ffbf88b9a448a3d9ab9fa270f7495fe44d1559c1ac49795a30881a,69cfb2bf8bc181dc1de1e09f0c7477a1a5de7585,elasticnet_corrected_69cfb2bf8bc1_6ed147cd_f83baf57
ElasticNet,3,1,2021-11-26,2021-11-29,13.79,12.291198490307751,-1.4988015096922478,1.4988015096922478,2.2464059654557613,0.01,0.2,enet_a0.01_l0.2,submitted_main_linear_features_H3_18col,6ed147cd585e5e8083292683f9be3cf585e97e4d46fa0e3224d24a4e2b42cbbb,f83baf5732ffbf88b9a448a3d9ab9fa270f7495fe44d1559c1ac49795a30881a,69cfb2bf8bc181dc1de1e09f0c7477a1a5de7585,elasticnet_corrected_69cfb2bf8bc1_6ed147cd_f83baf57
ElasticNet,3,1,2021-11-27,2021-11-30,12.22,12.139492642501766,-0.08050735749823446,0.08050735749823446,0.006481434611348528,0.01,0.2,enet_a0.01_l0.2,submitted_main_linear_features_H3_18col,6ed147cd585e5e8083292683f9be3cf585e97e4d46fa0e3224d24a4e2b42cbbb,f83baf5732ffbf88b9a448a3d9ab9fa270f7495fe44d1559c1ac49795a30881a,69cfb2bf8bc181dc1de1e09f0c7477a1a5de7585,elasticnet_corrected_69cfb2bf8bc1_6ed147cd_f83baf57
ElasticNet,3,1,2021-11-28,2021-12-01,10.84,13.404436739165206,2.564436739165206,2.564436739165206,6.576335789180275,0.01,0.2,enet_a0.01_l0.2,submitted_main_linear_features_H3_18col,6ed147cd585e5e8083292683f9be3cf585e97e4d46fa0e3224d24a4e2b42cbbb,f83baf5732ffbf88b9a448a3d9ab9fa270f7495fe44d1559c1ac49795a30881a,69cfb2bf8bc181dc1de1e09f0c7477a1a5de7585,elasticnet_corrected_69cfb2bf8bc1_6ed147cd_f83baf57
ElasticNet,3,1,2021-11-29,2021-12-02,13.37,13.671748409385808,0.3017484093858087,0.3017484093858087,0.0910521025668656,0.01,0.2,enet_a0.01_l0.2,submitted_main_linear_features_H3_18col,6ed147cd585e5e8083292683f9be3cf585e97e4d46fa0e3224d24a4e2b42cbbb,f83baf5732ffbf88b9a448a3d9ab9fa270f7495fe44d1559c1ac49795a30881a,69cfb2bf8bc181dc1de1e09f0c7477a1a5de7585,elasticnet_corrected_69cfb2bf8bc1_6ed147cd_f83baf57
ElasticNet,3,1,2021-11-30,2021-12-03,10.74,13.46058661475164,2.7205866147516407,2.7205866147516407,7.401591528365792,0.01,0.2,enet_a0.01_l0.2,submitted_main_linear_features_H3_18col,6ed147cd585e5e8083292683f9be3cf585e97e4d46fa0e3224d24a4e2b42cbbb,f83baf5732ffbf88b9a448a3d9ab9fa270f7495fe44d1559c1ac49795a30881a,69cfb2bf8bc181dc1de1e09f0c7477a1a5de7585,elasticnet_corrected_69cfb2bf8bc1_6ed147cd_f83baf57
ElasticNet,3,1,2021-12-01,2021-12-04,11.22,12.762670683912864,1.5426706839128634,1.5426706839128634,2.3798328390041816,0.01,0.2,enet_a0.01_l0.2,submitted_main_linear_features_H3_18col,6ed147cd585e5e8083292683f9be3cf585e97e4d46fa0e3224d24a4e2b42cbbb,f83baf5732ffbf88b9a448a3d9ab9fa270f7495fe44d1559c1ac49795a30881a,69cfb2bf8bc181dc1de1e09f0c7477a1a5de7585,elasticnet_corrected_69cfb2bf8bc1_6ed147cd_f83baf57
ElasticNet,3,1,2021-12-02,2021-12-05,8.75,12.785419723690618,4.035419723690618,4.035419723690618,16.284612346351263,0.01,0.2,enet_a0.01_l0.2,submitted_main_linear_features_H3_18col,6ed147cd585e5e8083292683f9be3cf585e97e4d46fa0e3224d24a4e2b42cbbb,f83baf5732ffbf88b9a448a3d9ab9fa270f7495fe44d1559c1ac49795a30881a,69cfb2bf8bc181dc1de1e09f0c7477a1a5de7585,elasticnet_corrected_69cfb2bf8bc1_6ed147cd_f83baf57
ElasticNet,3,1,2021-12-03,2021-12-06,9.91,13.560936986517442,3.6509369865174417,3.6509369865174417,13.329340879521059,0.01,0.2,enet_a0.01_l0.2,submitted_main_linear_features_H3_18col,6ed147cd585e5e8083292683f9be3cf585e97e4d46fa0e3224d24a4e2b42cbbb,f83baf5732ffbf88b9a448a3d9ab9fa270f7495fe44d1559c1ac49795a30881a,69cfb2bf8bc181dc1de1e09f0c7477a1a5de7585,elasticnet_corrected_69cfb2bf8bc1_6ed147cd_f83baf57
ElasticNet,3,1,2021-12-04,2021-12-07,10.34,13.458946737117614,3.1189467371176143,3.1189467371176143,9.727828748976613,0.01,0.2,enet_a0.01_l0.2,submitted_main_linear_features_H3_18col,6ed147cd585e5e8083292683f9be3cf585e97e4d46fa0e3224d24a4e2b42cbbb,f83baf5732ffbf88b9a448a3d9ab9fa270f7495fe44d1559c1ac49795a30881a,69cfb2bf8bc181dc1de1e09f0c7477a1a5de7585,elasticnet_corrected_69cfb2bf8bc1_6ed147cd_f83baf57
ElasticNet,3,1,2021-12-05,2021-12-08,10.51,13.375517292117364,2.8655172921173637,2.8655172921173637,8.211189351423629,0.01,0.2,enet_a0.01_l0.2,submitted_main_linear_features_H3_18col,6ed147cd585e5e8083292683f9be3cf585e97e4d46fa0e3224d24a4e2b42cbbb,f83baf5732ffbf88b9a448a3d9ab9fa270f7495fe44d1559c1ac49795a30881a,69cfb2bf8bc181dc1de1e09f0c7477a1a5de7585,elasticnet_corrected_69cfb2bf8bc1_6ed147cd_f83baf57
ElasticNet,3,1,2021-12-06,2021-12-09,11.17,12.458103221511362,1.2881032215113617,1.2881032215113617,1.6592099092679482,0.01,0.2,enet_a0.01_l0.2,submitted_main_linear_features_H3_18col,6ed147cd585e5e8083292683f9be3cf585e97e4d46fa0e3224d24a4e2b42cbbb,f83baf5732ffbf88b9a448a3d9ab9fa270f7495fe44d1559c1ac49795a30881a,69cfb2bf8bc181dc1de1e09f0c7477a1a5de7585,elasticnet_corrected_69cfb2bf8bc1_6ed147cd_f83baf57
ElasticNet,3,1,2021-12-07,2021-12-10,11.52,13.049268403499578,1.5292684034995787,1.5292684034995787,2.33866184994215,0.01,0.2,enet_a0.01_l0.2,submitted_main_linear_features_H3_18col,6ed147cd585e5e8083292683f9be3cf585e97e4d46fa0e3224d24a4e2b42cbbb,f83baf5732ffbf88b9a448a3d9ab9fa270f7495fe44d1559c1ac49795a30881a,69cfb2bf8bc181dc1de1e09f0c7477a1a5de7585,elasticnet_corrected_69cfb2bf8bc1_6ed147cd_f83baf57
ElasticNet,3,1,2021-12-08,2021-12-11,11.81,12.608867950676622,0.7988679506766214,0.7988679506766214,0.6381900026182649,0.01,0.2,enet_a0.01_l0.2,submitted_main_linear_features_H3_18col,6ed147cd585e5e8083292683f9be3cf585e97e4d46fa0e3224d24a4e2b42cbbb,f83baf5732ffbf88b9a448a3d9ab9fa270f7495fe44d1559c1ac49795a30881a,69cfb2bf8bc181dc1de1e09f0c7477a1a5de7585,elasticnet_corrected_69cfb2bf8bc1_6ed147cd_f83baf57
ElasticNet,3,1,2021-12-09,2021-12-12,12.88,12.33335863567355,-0.5466413643264509,0.5466413643264509,0.2988167811926837,0.01,0.2,enet_a0.01_l0.2,submitted_main_linear_features_H3_18col,6ed147cd585e5e8083292683f9be3cf585e97e4d46fa0e3224d24a4e2b42cbbb,f83baf5732ffbf88b9a448a3d9ab9fa270f7495fe44d1559c1ac49795a30881a,69cfb2bf8bc181dc1de1e09f0c7477a1a5de7585,elasticnet_corrected_69cfb2bf8bc1_6ed147cd_f83baf57
ElasticNet,3,1,2021-12-10,2021-12-13,11.17,12.292073782004081,1.1220737820040814,1.1220737820040814,1.2590495722609427,0.01,0.2,enet_a0.01_l0.2,submitted_main_linear_features_H3_18col,6ed147cd585e5e8083292683f9be3cf585e97e4d46fa0e3224d24a4e2b42cbbb,f83baf5732ffbf88b9a448a3d9ab9fa270f7495fe44d1559c1ac49795a30881a,69cfb2bf8bc181dc1de1e09f0c7477a1a5de7585,elasticnet_corrected_69cfb2bf8bc1_6ed147cd_f83baf57
ElasticNet,3,1,2021-12-11,2021-12-14,12.56,11.792320159707208,-0.7676798402927929,0.7676798402927929,0.589332337191968,0.01,0.2,enet_a0.01_l0.2,submitted_main_linear_features_H3_18col,6ed147cd585e5e8083292683f9be3cf585e97e4d46fa0e3224d24a4e2b42cbbb,f83baf5732ffbf88b9a448a3d9ab9fa270f7495fe44d1559c1ac49795a30881a,69cfb2bf8bc181dc1de1e09f0c7477a1a5de7585,elasticnet_corrected_69cfb2bf8bc1_6ed147cd_f83baf57
ElasticNet,3,1,2021-12-12,2021-12-15,12.41,11.586008902459087,-0.8239910975409135,0.8239910975409135,0.6789613288266793,0.01,0.2,enet_a0.01_l0.2,submitted_main_linear_features_H3_18col,6ed147cd585e5e8083292683f9be3cf585e97e4d46fa0e3224d24a4e2b42cbbb,f83baf5732ffbf88b9a448a3d9ab9fa270f7495fe44d1559c1ac49795a30881a,69cfb2bf8bc181dc1de1e09f0c7477a1a5de7585,elasticnet_corrected_69cfb2bf8bc1_6ed147cd_f83baf57
ElasticNet,3,1,2021-12-13,2021-12-16,12.31,12.144790173224768,-0.16520982677523222,0.16520982677523222,0.027294286863102236,0.01,0.2,enet_a0.01_l0.2,submitted_main_linear_features_H3_18col,6ed147cd585e5e8083292683f9be3cf585e97e4d46fa0e3224d24a4e2b42cbbb,f83baf5732ffbf88b9a448a3d9ab9fa270f7495fe44d1559c1ac49795a30881a,69cfb2bf8bc181dc1de1e09f0c7477a1a5de7585,elasticnet_corrected_69cfb2bf8bc1_6ed147cd_f83baf57
ElasticNet,3,1,2021-12-14,2021-12-17,12.19,12.147549170372217,-0.04245082962778213,0.04245082962778213,0.0018020729360869849,0.01,0.2,enet_a0.01_l0.2,submitted_main_linear_features_H3_18col,6ed147cd585e5e8083292683f9be3cf585e97e4d46fa0e3224d24a4e2b42cbbb,f83baf5732ffbf88b9a448a3d9ab9fa270f7495fe44d1559c1ac49795a30881a,69cfb2bf8bc181dc1de1e09f0c7477a1a5de7585,elasticnet_corrected_69cfb2bf8bc1_6ed147cd_f83baf57
ElasticNet,3,1,2021-12-15,2021-12-18,13.13,12.884278843135892,-0.2457211568641089,0.2457211568641089,0.060378886930636005,0.01,0.2,enet_a0.01_l0.2,submitted_main_linear_features_H3_18col,6ed147cd585e5e8083292683f9be3cf585e97e4d46fa0e3224d24a4e2b42cbbb,f83baf5732ffbf88b9a448a3d9ab9fa270f7495fe44d1559c1ac49795a30881a,69cfb2bf8bc181dc1de1e09f0c7477a1a5de7585,elasticnet_corrected_69cfb2bf8bc1_6ed147cd_f83baf57
ElasticNet,3,1,2021-12-16,2021-12-19,13.1,12.900073984826609,-0.19992601517339104,0.19992601517339104,0.039970411543110984,0.01,0.2,enet_a0.01_l0.2,submitted_main_linear_features_H3_18col,6ed147cd585e5e8083292683f9be3cf585e97e4d46fa0e3224d24a4e2b42cbbb,f83baf5732ffbf88b9a448a3d9ab9fa270f7495fe44d1559c1ac49795a30881a,69cfb2bf8bc181dc1de1e09f0c7477a1a5de7585,elasticnet_corrected_69cfb2bf8bc1_6ed147cd_f83baf57
ElasticNet,3,1,2021-12-17,2021-12-20,11.09,13.155237493552375,2.0652374935523756,2.0652374935523756,4.265205904774499,0.01,0.2,enet_a0.01_l0.2,submitted_main_linear_features_H3_18col,6ed147cd585e5e8083292683f9be3cf585e97e4d46fa0e3224d24a4e2b42cbbb,f83baf5732ffbf88b9a448a3d9ab9fa270f7495fe44d1559c1ac49795a30881a,69cfb2bf8bc181dc1de1e09f0c7477a1a5de7585,elasticnet_corrected_69cfb2bf8bc1_6ed147cd_f83baf57
ElasticNet,3,1,2021-12-18,2021-12-21,11.57,13.160234606768901,1.5902346067689006,1.5902346067689006,2.52884610456544,0.01,0.2,enet_a0.01_l0.2,submitted_main_linear_features_H3_18col,6ed147cd585e5e8083292683f9be3cf585e97e4d46fa0e3224d24a4e2b42cbbb,f83baf5732ffbf88b9a448a3d9ab9fa270f7495fe44d1559c1ac49795a30881a,69cfb2bf8bc181dc1de1e09f0c7477a1a5de7585,elasticnet_corrected_69cfb2bf8bc1_6ed147cd_f83baf57
ElasticNet,3,1,2021-12-19,2021-12-22,12.64,13.657190180755755,1.0171901807557546,1.0171901807557546,1.0346758638259248,0.01,0.2,enet_a0.01_l0.2,submitted_main_linear_features_H3_18col,6ed147cd585e5e8083292683f9be3cf585e97e4d46fa0e3224d24a4e2b42cbbb,f83baf5732ffbf88b9a448a3d9ab9fa270f7495fe44d1559c1ac49795a30881a,69cfb2bf8bc181dc1de1e09f0c7477a1a5de7585,elasticnet_corrected_69cfb2bf8bc1_6ed147cd_f83baf57
ElasticNet,3,1,2021-12-20,2021-12-23,17.51,13.448898270880122,-4.06110172911988,4.06110172911988,16.49254725426048,0.01,0.2,enet_a0.01_l0.2,submitted_main_linear_features_H3_18col,6ed147cd585e5e8083292683f9be3cf585e97e4d46fa0e3224d24a4e2b42cbbb,f83baf5732ffbf88b9a448a3d9ab9fa270f7495fe44d1559c1ac49795a30881a,69cfb2bf8bc181dc1de1e09f0c7477a1a5de7585,elasticnet_corrected_69cfb2bf8bc1_6ed147cd_f83baf57
ElasticNet,3,1,2021-12-21,2021-12-24,17.98,13.024086768209763,-4.9559132317902375,4.9559132317902375,24.561075961033556,0.01,0.2,enet_a0.01_l0.2,submitted_main_linear_features_H3_18col,6ed147cd585e5e8083292683f9be3cf585e97e4d46fa0e3224d24a4e2b42cbbb,f83baf5732ffbf88b9a448a3d9ab9fa270f7495fe44d1559c1ac49795a30881a,69cfb2bf8bc181dc1de1e09f0c7477a1a5de7585,elasticnet_corrected_69cfb2bf8bc1_6ed147cd_f83baf57
ElasticNet,3,1,2021-12-22,2021-12-25,13.07,13.588434696936353,0.5184346969363531,0.5184346969363531,0.2687745349874883,0.01,0.2,enet_a0.01_l0.2,submitted_main_linear_features_H3_18col,6ed147cd585e5e8083292683f9be3cf585e97e4d46fa0e3224d24a4e2b42cbbb,f83baf5732ffbf88b9a448a3d9ab9fa270f7495fe44d1559c1ac49795a30881a,69cfb2bf8bc181dc1de1e09f0c7477a1a5de7585,elasticnet_corrected_69cfb2bf8bc1_6ed147cd_f83baf57
ElasticNet,3,1,2021-12-23,2021-12-26,12.36,14.103538768444274,1.7435387684442745,1.7435387684442745,3.0399274370681773,0.01,0.2,enet_a0.01_l0.2,submitted_main_linear_features_H3_18col,6ed147cd585e5e8083292683f9be3cf585e97e4d46fa0e3224d24a4e2b42cbbb,f83baf5732ffbf88b9a448a3d9ab9fa270f7495fe44d1559c1ac49795a30881a,69cfb2bf8bc181dc1de1e09f0c7477a1a5de7585,elasticnet_corrected_69cfb2bf8bc1_6ed147cd_f83baf57
ElasticNet,3,1,2021-12-24,2021-12-27,11.88,13.58920924608287,1.7092092460828692,1.7092092460828692,2.92139624689517,0.01,0.2,enet_a0.01_l0.2,submitted_main_linear_features_H3_18col,6ed147cd585e5e8083292683f9be3cf585e97e4d46fa0e3224d24a4e2b42cbbb,f83baf5732ffbf88b9a448a3d9ab9fa270f7495fe44d1559c1ac49795a30881a,69cfb2bf8bc181dc1de1e09f0c7477a1a5de7585,elasticnet_corrected_69cfb2bf8bc1_6ed147cd_f83baf57
ElasticNet,3,1,2021-12-25,2021-12-28,12.06,13.607653914468644,1.5476539144686434,1.5476539144686434,2.395232638970115,0.01,0.2,enet_a0.01_l0.2,submitted_main_linear_features_H3_18col,6ed147cd585e5e8083292683f9be3cf585e97e4d46fa0e3224d24a4e2b42cbbb,f83baf5732ffbf88b9a448a3d9ab9fa270f7495fe44d1559c1ac49795a30881a,69cfb2bf8bc181dc1de1e09f0c7477a1a5de7585,elasticnet_corrected_69cfb2bf8bc1_6ed147cd_f83baf57
ElasticNet,3,1,2021-12-26,2021-12-29,11.48,12.995949216781767,1.5159492167817668,1.5159492167817668,2.298102027861252,0.01,0.2,enet_a0.01_l0.2,submitted_main_linear_features_H3_18col,6ed147cd585e5e8083292683f9be3cf585e97e4d46fa0e3224d24a4e2b42cbbb,f83baf5732ffbf88b9a448a3d9ab9fa270f7495fe44d1559c1ac49795a30881a,69cfb2bf8bc181dc1de1e09f0c7477a1a5de7585,elasticnet_corrected_69cfb2bf8bc1_6ed147cd_f83baf57
ElasticNet,3,1,2021-12-27,2021-12-30,11.02,13.207828799250718,2.1878287992507186,2.1878287992507186,4.786594854830841,0.01,0.2,enet_a0.01_l0.2,submitted_main_linear_features_H3_18col,6ed147cd585e5e8083292683f9be3cf585e97e4d46fa0e3224d24a4e2b42cbbb,f83baf5732ffbf88b9a448a3d9ab9fa270f7495fe44d1559c1ac49795a30881a,69cfb2bf8bc181dc1de1e09f0c7477a1a5de7585,elasticnet_corrected_69cfb2bf8bc1_6ed147cd_f83baf57
ElasticNet,3,1,2021-12-28,2021-12-31,12.37,13.09239588357709,0.7223958835770912,0.7223958835770912,0.5218558126091263,0.01,0.2,enet_a0.01_l0.2,submitted_main_linear_features_H3_18col,6ed147cd585e5e8083292683f9be3cf585e97e4d46fa0e3224d24a4e2b42cbbb,f83baf5732ffbf88b9a448a3d9ab9fa270f7495fe44d1559c1ac49795a30881a,69cfb2bf8bc181dc1de1e09f0c7477a1a5de7585,elasticnet_corrected_69cfb2bf8bc1_6ed147cd_f83baf57
ElasticNet,3,1,2021-12-29,2022-01-01,13.37,13.778903680258749,0.40890368025874935,0.40890368025874935,0.16720221972914953,0.01,0.2,enet_a0.01_l0.2,submitted_main_linear_features_H3_18col,6ed147cd585e5e8083292683f9be3cf585e97e4d46fa0e3224d24a4e2b42cbbb,f83baf5732ffbf88b9a448a3d9ab9fa270f7495fe44d1559c1ac49795a30881a,69cfb2bf8bc181dc1de1e09f0c7477a1a5de7585,elasticnet_corrected_69cfb2bf8bc1_6ed147cd_f83baf57
ElasticNet,3,1,2021-12-30,2022-01-02,12.34,13.61088176945454,1.2708817694545402,1.2708817694545402,1.6151404719319031,0.01,0.2,enet_a0.01_l0.2,submitted_main_linear_features_H3_18col,6ed147cd585e5e8083292683f9be3cf585e97e4d46fa0e3224d24a4e2b42cbbb,f83baf5732ffbf88b9a448a3d9ab9fa270f7495fe44d1559c1ac49795a30881a,69cfb2bf8bc181dc1de1e09f0c7477a1a5de7585,elasticnet_corrected_69cfb2bf8bc1_6ed147cd_f83baf57
ElasticNet,3,1,2021-12-31,2022-01-03,12.28,13.278943979961769,0.9989439799617692,0.9989439799617692,0.9978890751018595,0.01,0.2,enet_a0.01_l0.2,submitted_main_linear_features_H3_18col,6ed147cd585e5e8083292683f9be3cf585e97e4d46fa0e3224d24a4e2b42cbbb,f83baf5732ffbf88b9a448a3d9ab9fa270f7495fe44d1559c1ac49795a30881a,69cfb2bf8bc181dc1de1e09f0c7477a1a5de7585,elasticnet_corrected_69cfb2bf8bc1_6ed147cd_f83baf57
ElasticNet,3,1,2022-01-01,2022-01-04,12.84,13.194551000896745,0.35455100089674474,0.35455100089674474,0.1257064122368835,0.01,0.2,enet_a0.01_l0.2,submitted_main_linear_features_H3_18col,6ed147cd585e5e8083292683f9be3cf585e97e4d46fa0e3224d24a4e2b42cbbb,f83baf5732ffbf88b9a448a3d9ab9fa270f7495fe44d1559c1ac49795a30881a,69cfb2bf8bc181dc1de1e09f0c7477a1a5de7585,elasticnet_corrected_69cfb2bf8bc1_6ed147cd_f83baf57
ElasticNet,3,1,2022-01-02,2022-01-05,12.52,13.440557749881894,0.920557749881894,0.920557749881894,0.8474265708676156,0.01,0.2,enet_a0.01_l0.2,submitted_main_linear_features_H3_18col,6ed147cd585e5e8083292683f9be3cf585e97e4d46fa0e3224d24a4e2b42cbbb,f83baf5732ffbf88b9a448a3d9ab9fa270f7495fe44d1559c1ac49795a30881a,69cfb2bf8bc181dc1de1e09f0c7477a1a5de7585,elasticnet_corrected_69cfb2bf8bc1_6ed147cd_f83baf57
ElasticNet,3,1,2022-01-03,2022-01-06,12.79,13.022215331599101,0.23221533159910202,0.23221533159910202,0.053923960229680906,0.01,0.2,enet_a0.01_l0.2,submitted_main_linear_features_H3_18col,6ed147cd585e5e8083292683f9be3cf585e97e4d46fa0e3224d24a4e2b42cbbb,f83baf5732ffbf88b9a448a3d9ab9fa270f7495fe44d1559c1ac49795a30881a,69cfb2bf8bc181dc1de1e09f0c7477a1a5de7585,elasticnet_corrected_69cfb2bf8bc1_6ed147cd_f83baf57
ElasticNet,3,1,2022-01-04,2022-01-07,13.93,13.063714929132345,-0.8662850708676544,0.8662850708676544,0.750449824008177,0.01,0.2,enet_a0.01_l0.2,submitted_main_linear_features_H3_18col,6ed147cd585e5e8083292683f9be3cf585e97e4d46fa0e3224d24a4e2b42cbbb,f83baf5732ffbf88b9a448a3d9ab9fa270f7495fe44d1559c1ac49795a30881a,69cfb2bf8bc181dc1de1e09f0c7477a1a5de7585,elasticnet_corrected_69cfb2bf8bc1_6ed147cd_f83baf57
ElasticNet,3,1,2022-01-05,2022-01-08,14.05,13.285252306414401,-0.7647476935855995,0.7647476935855995,0.584839034844494,0.01,0.2,enet_a0.01_l0.2,submitted_main_linear_features_H3_18col,6ed147cd585e5e8083292683f9be3cf585e97e4d46fa0e3224d24a4e2b42cbbb,f83baf5732ffbf88b9a448a3d9ab9fa270f7495fe44d1559c1ac49795a30881a,69cfb2bf8bc181dc1de1e09f0c7477a1a5de7585,elasticnet_corrected_69cfb2bf8bc1_6ed147cd_f83baf57
ElasticNet,3,1,2022-01-06,2022-01-09,11.8,13.163262035983488,1.363262035983487,1.363262035983487,1.8584833787538424,0.01,0.2,enet_a0.01_l0.2,submitted_main_linear_features_H3_18col,6ed147cd585e5e8083292683f9be3cf585e97e4d46fa0e3224d24a4e2b42cbbb,f83baf5732ffbf88b9a448a3d9ab9fa270f7495fe44d1559c1ac49795a30881a,69cfb2bf8bc181dc1de1e09f0c7477a1a5de7585,elasticnet_corrected_69cfb2bf8bc1_6ed147cd_f83baf57
ElasticNet,3,1,2022-01-07,2022-01-10,12.13,12.778937402529063,0.6489374025290626,0.6489374025290626,0.42111975240116667,0.01,0.2,enet_a0.01_l0.2,submitted_main_linear_features_H3_18col,6ed147cd585e5e8083292683f9be3cf585e97e4d46fa0e3224d24a4e2b42cbbb,f83baf5732ffbf88b9a448a3d9ab9fa270f7495fe44d1559c1ac49795a30881a,69cfb2bf8bc181dc1de1e09f0c7477a1a5de7585,elasticnet_corrected_69cfb2bf8bc1_6ed147cd_f83baf57
ElasticNet,3,1,2022-01-08,2022-01-11,11.1,12.948387265319225,1.848387265319225,1.848387265319225,3.4165354825942833,0.01,0.2,enet_a0.01_l0.2,submitted_main_linear_features_H3_18col,6ed147cd585e5e8083292683f9be3cf585e97e4d46fa0e3224d24a4e2b42cbbb,f83baf5732ffbf88b9a448a3d9ab9fa270f7495fe44d1559c1ac49795a30881a,69cfb2bf8bc181dc1de1e09f0c7477a1a5de7585,elasticnet_corrected_69cfb2bf8bc1_6ed147cd_f83baf57
ElasticNet,3,1,2022-01-09,2022-01-12,12.55,13.179638884480408,0.6296388844804071,0.6296388844804071,0.3964451248497314,0.01,0.2,enet_a0.01_l0.2,submitted_main_linear_features_H3_18col,6ed147cd585e5e8083292683f9be3cf585e97e4d46fa0e3224d24a4e2b42cbbb,f83baf5732ffbf88b9a448a3d9ab9fa270f7495fe44d1559c1ac49795a30881a,69cfb2bf8bc181dc1de1e09f0c7477a1a5de7585,elasticnet_corrected_69cfb2bf8bc1_6ed147cd_f83baf57
ElasticNet,3,1,2022-01-10,2022-01-13,15.31,12.855678389918554,-2.454321610081447,2.454321610081447,6.023694565712786,0.01,0.2,enet_a0.01_l0.2,submitted_main_linear_features_H3_18col,6ed147cd585e5e8083292683f9be3cf585e97e4d46fa0e3224d24a4e2b42cbbb,f83baf5732ffbf88b9a448a3d9ab9fa270f7495fe44d1559c1ac49795a30881a,69cfb2bf8bc181dc1de1e09f0c7477a1a5de7585,elasticnet_corrected_69cfb2bf8bc1_6ed147cd_f83baf57
ElasticNet,3,1,2022-01-11,2022-01-14,15.32,13.316364183306268,-2.0036358166937323,2.0036358166937323,4.014556485937959,0.01,0.2,enet_a0.01_l0.2,submitted_main_linear_features_H3_18col,6ed147cd585e5e8083292683f9be3cf585e97e4d46fa0e3224d24a4e2b42cbbb,f83baf5732ffbf88b9a448a3d9ab9fa270f7495fe44d1559c1ac49795a30881a,69cfb2bf8bc181dc1de1e09f0c7477a1a5de7585,elasticnet_corrected_69cfb2bf8bc1_6ed147cd_f83baf57
ElasticNet,3,1,2022-01-12,2022-01-15,13.61,12.756360237561086,-0.8536397624389132,0.8536397624389132,0.728700844016764,0.01,0.2,enet_a0.01_l0.2,submitted_main_linear_features_H3_18col,6ed147cd585e5e8083292683f9be3cf585e97e4d46fa0e3224d24a4e2b42cbbb,f83baf5732ffbf88b9a448a3d9ab9fa270f7495fe44d1559c1ac49795a30881a,69cfb2bf8bc181dc1de1e09f0c7477a1a5de7585,elasticnet_corrected_69cfb2bf8bc1_6ed147cd_f83baf57
ElasticNet,3,1,2022-01-13,2022-01-16,10.99,12.925136516840697,1.9351365168406964,1.9351365168406964,3.744753338810343,0.01,0.2,enet_a0.01_l0.2,submitted_main_linear_features_H3_18col,6ed147cd585e5e8083292683f9be3cf585e97e4d46fa0e3224d24a4e2b42cbbb,f83baf5732ffbf88b9a448a3d9ab9fa270f7495fe44d1559c1ac49795a30881a,69cfb2bf8bc181dc1de1e09f0c7477a1a5de7585,elasticnet_corrected_69cfb2bf8bc1_6ed147cd_f83baf57
ElasticNet,3,1,2022-01-14,2022-01-17,12.86,13.339984990097552,0.47998499009755236,0.47998499009755236,0.23038559071894743,0.01,0.2,enet_a0.01_l0.2,submitted_main_linear_features_H3_18col,6ed147cd585e5e8083292683f9be3cf585e97e4d46fa0e3224d24a4e2b42cbbb,f83baf5732ffbf88b9a448a3d9ab9fa270f7495fe44d1559c1ac49795a30881a,69cfb2bf8bc181dc1de1e09f0c7477a1a5de7585,elasticnet_corrected_69cfb2bf8bc1_6ed147cd_f83baf57
ElasticNet,3,1,2022-01-15,2022-01-18,11.89,13.280504966336117,1.3905049663361169,1.3905049663361169,1.9335040614054055,0.01,0.2,enet_a0.01_l0.2,submitted_main_linear_features_H3_18col,6ed147cd585e5e8083292683f9be3cf585e97e4d46fa0e3224d24a4e2b42cbbb,f83baf5732ffbf88b9a448a3d9ab9fa270f7495fe44d1559c1ac49795a30881a,69cfb2bf8bc181dc1de1e09f0c7477a1a5de7585,elasticnet_corrected_69cfb2bf8bc1_6ed147cd_f83baf57
ElasticNet,3,1,2022-01-16,2022-01-19,14.33,13.259868647190409,-1.0701313528095913,1.0701313528095913,1.145181112266086,0.01,0.2,enet_a0.01_l0.2,submitted_main_linear_features_H3_18col,6ed147cd585e5e8083292683f9be3cf585e97e4d46fa0e3224d24a4e2b42cbbb,f83baf5732ffbf88b9a448a3d9ab9fa270f7495fe44d1559c1ac49795a30881a,69cfb2bf8bc181dc1de1e09f0c7477a1a5de7585,elasticnet_corrected_69cfb2bf8bc1_6ed147cd_f83baf57
ElasticNet,3,1,2022-01-17,2022-01-20,12.26,13.001103921957228,0.7411039219572277,0.7411039219572277,0.5492350231403847,0.01,0.2,enet_a0.01_l0.2,submitted_main_linear_features_H3_18col,6ed147cd585e5e8083292683f9be3cf585e97e4d46fa0e3224d24a4e2b42cbbb,f83baf5732ffbf88b9a448a3d9ab9fa270f7495fe44d1559c1ac49795a30881a,69cfb2bf8bc181dc1de1e09f0c7477a1a5de7585,elasticnet_corrected_69cfb2bf8bc1_6ed147cd_f83baf57
ElasticNet,3,1,2022-01-18,2022-01-21,13.07,13.152033679792542,0.08203367979254139,0.08203367979254139,0.006729524620305214,0.01,0.2,enet_a0.01_l0.2,submitted_main_linear_features_H3_18col,6ed147cd585e5e8083292683f9be3cf585e97e4d46fa0e3224d24a4e2b42cbbb,f83baf5732ffbf88b9a448a3d9ab9fa270f7495fe44d1559c1ac49795a30881a,69cfb2bf8bc181dc1de1e09f0c7477a1a5de7585,elasticnet_corrected_69cfb2bf8bc1_6ed147cd_f83baf57
ElasticNet,3,1,2022-01-19,2022-01-22,12.98,13.384606921285169,0.4046069212851684,0.4046069212851684,0.16370676075186247,0.01,0.2,enet_a0.01_l0.2,submitted_main_linear_features_H3_18col,6ed147cd585e5e8083292683f9be3cf585e97e4d46fa0e3224d24a4e2b42cbbb,f83baf5732ffbf88b9a448a3d9ab9fa270f7495fe44d1559c1ac49795a30881a,69cfb2bf8bc181dc1de1e09f0c7477a1a5de7585,elasticnet_corrected_69cfb2bf8bc1_6ed147cd_f83baf57
ElasticNet,3,1,2022-01-20,2022-01-23,13.62,13.893042396220885,0.27304239622088566,0.27304239622088566,0.07455215013404312,0.01,0.2,enet_a0.01_l0.2,submitted_main_linear_features_H3_18col,6ed147cd585e5e8083292683f9be3cf585e97e4d46fa0e3224d24a4e2b42cbbb,f83baf5732ffbf88b9a448a3d9ab9fa270f7495fe44d1559c1ac49795a30881a,69cfb2bf8bc181dc1de1e09f0c7477a1a5de7585,elasticnet_corrected_69cfb2bf8bc1_6ed147cd_f83baf57
ElasticNet,3,1,2022-01-21,2022-01-24,11.05,13.20857934763808,2.1585793476380797,2.1585793476380797,4.659464800049638,0.01,0.2,enet_a0.01_l0.2,submitted_main_linear_features_H3_18col,6ed147cd585e5e8083292683f9be3cf585e97e4d46fa0e3224d24a4e2b42cbbb,f83baf5732ffbf88b9a448a3d9ab9fa270f7495fe44d1559c1ac49795a30881a,69cfb2bf8bc181dc1de1e09f0c7477a1a5de7585,elasticnet_corrected_69cfb2bf8bc1_6ed147cd_f83baf57
ElasticNet,3,1,2022-01-22,2022-01-25,11.05,13.739237213480374,2.6892372134803733,2.6892372134803733,7.231996790367683,0.01,0.2,enet_a0.01_l0.2,submitted_main_linear_features_H3_18col,6ed147cd585e5e8083292683f9be3cf585e97e4d46fa0e3224d24a4e2b42cbbb,f83baf5732ffbf88b9a448a3d9ab9fa270f7495fe44d1559c1ac49795a30881a,69cfb2bf8bc181dc1de1e09f0c7477a1a5de7585,elasticnet_corrected_69cfb2bf8bc1_6ed147cd_f83baf57
ElasticNet,3,1,2022-01-23,2022-01-26,15.6,13.479657177763297,-2.1203428222367027,2.1203428222367027,4.495853683810705,0.01,0.2,enet_a0.01_l0.2,submitted_main_linear_features_H3_18col,6ed147cd585e5e8083292683f9be3cf585e97e4d46fa0e3224d24a4e2b42cbbb,f83baf5732ffbf88b9a448a3d9ab9fa270f7495fe44d1559c1ac49795a30881a,69cfb2bf8bc181dc1de1e09f0c7477a1a5de7585,elasticnet_corrected_69cfb2bf8bc1_6ed147cd_f83baf57
ElasticNet,3,1,2022-01-24,2022-01-27,15.83,13.403626394684304,-2.426373605315696,2.426373605315696,5.8872888725726895,0.01,0.2,enet_a0.01_l0.2,submitted_main_linear_features_H3_18col,6ed147cd585e5e8083292683f9be3cf585e97e4d46fa0e3224d24a4e2b42cbbb,f83baf5732ffbf88b9a448a3d9ab9fa270f7495fe44d1559c1ac49795a30881a,69cfb2bf8bc181dc1de1e09f0c7477a1a5de7585,elasticnet_corrected_69cfb2bf8bc1_6ed147cd_f83baf57
ElasticNet,3,1,2022-01-25,2022-01-28,17.57,12.966526403312407,-4.603473596687593,4.603473596687593,21.191969155399804,0.01,0.2,enet_a0.01_l0.2,submitted_main_linear_features_H3_18col,6ed147cd585e5e8083292683f9be3cf585e97e4d46fa0e3224d24a4e2b42cbbb,f83baf5732ffbf88b9a448a3d9ab9fa270f7495fe44d1559c1ac49795a30881a,69cfb2bf8bc181dc1de1e09f0c7477a1a5de7585,elasticnet_corrected_69cfb2bf8bc1_6ed147cd_f83baf57
ElasticNet,3,1,2022-01-26,2022-01-29,17.94,12.338605204484775,-5.601394795515226,5.601394795515226,31.375623655225063,0.01,0.2,enet_a0.01_l0.2,submitted_main_linear_features_H3_18col,6ed147cd585e5e8083292683f9be3cf585e97e4d46fa0e3224d24a4e2b42cbbb,f83baf5732ffbf88b9a448a3d9ab9fa270f7495fe44d1559c1ac49795a30881a,69cfb2bf8bc181dc1de1e09f0c7477a1a5de7585,elasticnet_corrected_69cfb2bf8bc1_6ed147cd_f83baf57
ElasticNet,3,1,2022-01-27,2022-01-30,15.82,12.562588640946446,-3.2574113590535543,3.2574113590535543,10.610728762091124,0.01,0.2,enet_a0.01_l0.2,submitted_main_linear_features_H3_18col,6ed147cd585e5e8083292683f9be3cf585e97e4d46fa0e3224d24a4e2b42cbbb,f83baf5732ffbf88b9a448a3d9ab9fa270f7495fe44d1559c1ac49795a30881a,69cfb2bf8bc181dc1de1e09f0c7477a1a5de7585,elasticnet_corrected_69cfb2bf8bc1_6ed147cd_f83baf57
ElasticNet,3,1,2022-01-28,2022-01-31,17.88,12.834966981702658,-5.045033018297341,5.045033018297341,25.452358155710375,0.01,0.2,enet_a0.01_l0.2,submitted_main_linear_features_H3_18col,6ed147cd585e5e8083292683f9be3cf585e97e4d46fa0e3224d24a4e2b42cbbb,f83baf5732ffbf88b9a448a3d9ab9fa270f7495fe44d1559c1ac49795a30881a,69cfb2bf8bc181dc1de1e09f0c7477a1a5de7585,elasticnet_corrected_69cfb2bf8bc1_6ed147cd_f83baf57
ElasticNet,3,1,2022-01-29,2022-02-01,17.53,13.665880262874504,-3.864119737125497,3.864119737125497,14.931421342842821,0.01,0.2,enet_a0.01_l0.2,submitted_main_linear_features_H3_18col,6ed147cd585e5e8083292683f9be3cf585e97e4d46fa0e3224d24a4e2b42cbbb,f83baf5732ffbf88b9a448a3d9ab9fa270f7495fe44d1559c1ac49795a30881a,69cfb2bf8bc181dc1de1e09f0c7477a1a5de7585,elasticnet_corrected_69cfb2bf8bc1_6ed147cd_f83baf57
ElasticNet,3,1,2022-01-30,2022-02-02,16.85,13.838394394454909,-3.0116056055450926,3.0116056055450926,9.069768323350624,0.01,0.2,enet_a0.01_l0.2,submitted_main_linear_features_H3_18col,6ed147cd585e5e8083292683f9be3cf585e97e4d46fa0e3224d24a4e2b42cbbb,f83baf5732ffbf88b9a448a3d9ab9fa270f7495fe44d1559c1ac49795a30881a,69cfb2bf8bc181dc1de1e09f0c7477a1a5de7585,elasticnet_corrected_69cfb2bf8bc1_6ed147cd_f83baf57
ElasticNet,3,1,2022-01-31,2022-02-03,15.86,14.03952232335887,-1.8204776766411292,1.8204776766411292,3.314138971148684,0.01,0.2,enet_a0.01_l0.2,submitted_main_linear_features_H3_18col,6ed147cd585e5e8083292683f9be3cf585e97e4d46fa0e3224d24a4e2b42cbbb,f83baf5732ffbf88b9a448a3d9ab9fa270f7495fe44d1559c1ac49795a30881a,69cfb2bf8bc181dc1de1e09f0c7477a1a5de7585,elasticnet_corrected_69cfb2bf8bc1_6ed147cd_f83baf57
ElasticNet,3,1,2022-02-01,2022-02-04,14.95,15.036382127162975,0.08638212716297566,0.08638212716297566,0.007461871893200498,0.01,0.2,enet_a0.01_l0.2,submitted_main_linear_features_H3_18col,6ed147cd585e5e8083292683f9be3cf585e97e4d46fa0e3224d24a4e2b42cbbb,f83baf5732ffbf88b9a448a3d9ab9fa270f7495fe44d1559c1ac49795a30881a,69cfb2bf8bc181dc1de1e09f0c7477a1a5de7585,elasticnet_corrected_69cfb2bf8bc1_6ed147cd_f83baf57
ElasticNet,3,1,2022-02-02,2022-02-05,16.84,14.857150378449264,-1.982849621550736,1.982849621550736,3.931692621683897,0.01,0.2,enet_a0.01_l0.2,submitted_main_linear_features_H3_18col,6ed147cd585e5e8083292683f9be3cf585e97e4d46fa0e3224d24a4e2b42cbbb,f83baf5732ffbf88b9a448a3d9ab9fa270f7495fe44d1559c1ac49795a30881a,69cfb2bf8bc181dc1de1e09f0c7477a1a5de7585,elasticnet_corrected_69cfb2bf8bc1_6ed147cd_f83baf57
ElasticNet,3,1,2022-02-03,2022-02-06,16.4,14.712847164856559,-1.68715283514344,1.68715283514344,2.8464846891325473,0.01,0.2,enet_a0.01_l0.2,submitted_main_linear_features_H3_18col,6ed147cd585e5e8083292683f9be3cf585e97e4d46fa0e3224d24a4e2b42cbbb,f83baf5732ffbf88b9a448a3d9ab9fa270f7495fe44d1559c1ac49795a30881a,69cfb2bf8bc181dc1de1e09f0c7477a1a5de7585,elasticnet_corrected_69cfb2bf8bc1_6ed147cd_f83baf57
ElasticNet,3,1,2022-02-04,2022-02-07,16.34,14.222019994965768,-2.117980005034232,2.117980005034232,4.485839301724805,0.01,0.2,enet_a0.01_l0.2,submitted_main_linear_features_H3_18col,6ed147cd585e5e8083292683f9be3cf585e97e4d46fa0e3224d24a4e2b42cbbb,f83baf5732ffbf88b9a448a3d9ab9fa270f7495fe44d1559c1ac49795a30881a,69cfb2bf8bc181dc1de1e09f0c7477a1a5de7585,elasticnet_corrected_69cfb2bf8bc1_6ed147cd_f83baf57
ElasticNet,3,1,2022-02-05,2022-02-08,17.09,14.11698307607097,-2.9730169239290305,2.9730169239290305,8.838829629968435,0.01,0.2,enet_a0.01_l0.2,submitted_main_linear_features_H3_18col,6ed147cd585e5e8083292683f9be3cf585e97e4d46fa0e3224d24a4e2b42cbbb,f83baf5732ffbf88b9a448a3d9ab9fa270f7495fe44d1559c1ac49795a30881a,69cfb2bf8bc181dc1de1e09f0c7477a1a5de7585,elasticnet_corrected_69cfb2bf8bc1_6ed147cd_f83baf57
ElasticNet,3,1,2022-02-06,2022-02-09,16.3,14.130311452407678,-2.1696885475923224,2.1696885475923224,4.707548393553282,0.01,0.2,enet_a0.01_l0.2,submitted_main_linear_features_H3_18col,6ed147cd585e5e8083292683f9be3cf585e97e4d46fa0e3224d24a4e2b42cbbb,f83baf5732ffbf88b9a448a3d9ab9fa270f7495fe44d1559c1ac49795a30881a,69cfb2bf8bc181dc1de1e09f0c7477a1a5de7585,elasticnet_corrected_69cfb2bf8bc1_6ed147cd_f83baf57
ElasticNet,3,1,2022-02-07,2022-02-10,16.4,13.928015124784865,-2.471984875215133,2.471984875215133,6.110709223292377,0.01,0.2,enet_a0.01_l0.2,submitted_main_linear_features_H3_18col,6ed147cd585e5e8083292683f9be3cf585e97e4d46fa0e3224d24a4e2b42cbbb,f83baf5732ffbf88b9a448a3d9ab9fa270f7495fe44d1559c1ac49795a30881a,69cfb2bf8bc181dc1de1e09f0c7477a1a5de7585,elasticnet_corrected_69cfb2bf8bc1_6ed147cd_f83baf57
ElasticNet,3,1,2022-02-08,2022-02-11,15.29,14.043293620837398,-1.2467063791626014,1.2467063791626014,1.5542767958447241,0.01,0.2,enet_a0.01_l0.2,submitted_main_linear_features_H3_18col,6ed147cd585e5e8083292683f9be3cf585e97e4d46fa0e3224d24a4e2b42cbbb,f83baf5732ffbf88b9a448a3d9ab9fa270f7495fe44d1559c1ac49795a30881a,69cfb2bf8bc181dc1de1e09f0c7477a1a5de7585,elasticnet_corrected_69cfb2bf8bc1_6ed147cd_f83baf57
ElasticNet,3,1,2022-02-09,2022-02-12,16.08,13.735734686574416,-2.3442653134255824,2.3442653134255824,5.495579859730344,0.01,0.2,enet_a0.01_l0.2,submitted_main_linear_features_H3_18col,6ed147cd585e5e8083292683f9be3cf585e97e4d46fa0e3224d24a4e2b42cbbb,f83baf5732ffbf88b9a448a3d9ab9fa270f7495fe44d1559c1ac49795a30881a,69cfb2bf8bc181dc1de1e09f0c7477a1a5de7585,elasticnet_corrected_69cfb2bf8bc1_6ed147cd_f83baf57
ElasticNet,3,1,2022-02-10,2022-02-13,16.36,13.16204030257311,-3.1979596974268887,3.1979596974268887,10.226946226366678,0.01,0.2,enet_a0.01_l0.2,submitted_main_linear_features_H3_18col,6ed147cd585e5e8083292683f9be3cf585e97e4d46fa0e3224d24a4e2b42cbbb,f83baf5732ffbf88b9a448a3d9ab9fa270f7495fe44d1559c1ac49795a30881a,69cfb2bf8bc181dc1de1e09f0c7477a1a5de7585,elasticnet_corrected_69cfb2bf8bc1_6ed147cd_f83baf57
ElasticNet,3,1,2022-02-11,2022-02-14,14.56,12.96608562876224,-1.5939143712377604,1.5939143712377604,2.5405630228382647,0.01,0.2,enet_a0.01_l0.2,submitted_main_linear_features_H3_18col,6ed147cd585e5e8083292683f9be3cf585e97e4d46fa0e3224d24a4e2b42cbbb,f83baf5732ffbf88b9a448a3d9ab9fa270f7495fe44d1559c1ac49795a30881a,69cfb2bf8bc181dc1de1e09f0c7477a1a5de7585,elasticnet_corrected_69cfb2bf8bc1_6ed147cd_f83baf57
ElasticNet,3,1,2022-02-12,2022-02-15,14.23,13.120168994099215,-1.1098310059007854,1.1098310059007854,1.2317248616587493,0.01,0.2,enet_a0.01_l0.2,submitted_main_linear_features_H3_18col,6ed147cd585e5e8083292683f9be3cf585e97e4d46fa0e3224d24a4e2b42cbbb,f83baf5732ffbf88b9a448a3d9ab9fa270f7495fe44d1559c1ac49795a30881a,69cfb2bf8bc181dc1de1e09f0c7477a1a5de7585,elasticnet_corrected_69cfb2bf8bc1_6ed147cd_f83baf57
ElasticNet,3,1,2022-02-13,2022-02-16,15.74,12.965075504418271,-2.774924495581729,2.774924495581729,7.700205956179513,0.01,0.2,enet_a0.01_l0.2,submitted_main_linear_features_H3_18col,6ed147cd585e5e8083292683f9be3cf585e97e4d46fa0e3224d24a4e2b42cbbb,f83baf5732ffbf88b9a448a3d9ab9fa270f7495fe44d1559c1ac49795a30881a,69cfb2bf8bc181dc1de1e09f0c7477a1a5de7585,elasticnet_corrected_69cfb2bf8bc1_6ed147cd_f83baf57
ElasticNet,3,1,2022-02-14,2022-02-17,16.45,13.000355108714679,-3.4496448912853204,3.4496448912853204,11.90004987597091,0.01,0.2,enet_a0.01_l0.2,submitted_main_linear_features_H3_18col,6ed147cd585e5e8083292683f9be3cf585e97e4d46fa0e3224d24a4e2b42cbbb,f83baf5732ffbf88b9a448a3d9ab9fa270f7495fe44d1559c1ac49795a30881a,69cfb2bf8bc181dc1de1e09f0c7477a1a5de7585,elasticnet_corrected_69cfb2bf8bc1_6ed147cd_f83baf57
ElasticNet,3,1,2022-02-15,2022-02-18,14.24,12.557422240992405,-1.6825777590075948,1.6825777590075948,2.8310679151070195,0.01,0.2,enet_a0.01_l0.2,submitted_main_linear_features_H3_18col,6ed147cd585e5e8083292683f9be3cf585e97e4d46fa0e3224d24a4e2b42cbbb,f83baf5732ffbf88b9a448a3d9ab9fa270f7495fe44d1559c1ac49795a30881a,69cfb2bf8bc181dc1de1e09f0c7477a1a5de7585,elasticnet_corrected_69cfb2bf8bc1_6ed147cd_f83baf57
ElasticNet,3,1,2022-02-16,2022-02-19,14.83,12.867018099735272,-1.9629819002647277,1.9629819002647277,3.8532979407669217,0.01,0.2,enet_a0.01_l0.2,submitted_main_linear_features_H3_18col,6ed147cd585e5e8083292683f9be3cf585e97e4d46fa0e3224d24a4e2b42cbbb,f83baf5732ffbf88b9a448a3d9ab9fa270f7495fe44d1559c1ac49795a30881a,69cfb2bf8bc181dc1de1e09f0c7477a1a5de7585,elasticnet_corrected_69cfb2bf8bc1_6ed147cd_f83baf57
ElasticNet,3,1,2022-02-17,2022-02-20,14.17,13.380839440280365,-0.789160559719635,0.789160559719635,0.6227743890170075,0.01,0.2,enet_a0.01_l0.2,submitted_main_linear_features_H3_18col,6ed147cd585e5e8083292683f9be3cf585e97e4d46fa0e3224d24a4e2b42cbbb,f83baf5732ffbf88b9a448a3d9ab9fa270f7495fe44d1559c1ac49795a30881a,69cfb2bf8bc181dc1de1e09f0c7477a1a5de7585,elasticnet_corrected_69cfb2bf8bc1_6ed147cd_f83baf57
ElasticNet,3,1,2022-02-18,2022-02-21,12.42,14.235122484370944,1.815122484370944,1.815122484370944,3.2946696332689474,0.01,0.2,enet_a0.01_l0.2,submitted_main_linear_features_H3_18col,6ed147cd585e5e8083292683f9be3cf585e97e4d46fa0e3224d24a4e2b42cbbb,f83baf5732ffbf88b9a448a3d9ab9fa270f7495fe44d1559c1ac49795a30881a,69cfb2bf8bc181dc1de1e09f0c7477a1a5de7585,elasticnet_corrected_69cfb2bf8bc1_6ed147cd_f83baf57
ElasticNet,3,1,2022-02-19,2022-02-22,11.98,14.102571530382159,2.1225715303821584,2.1225715303821584,4.505309901588858,0.01,0.2,enet_a0.01_l0.2,submitted_main_linear_features_H3_18col,6ed147cd585e5e8083292683f9be3cf585e97e4d46fa0e3224d24a4e2b42cbbb,f83baf5732ffbf88b9a448a3d9ab9fa270f7495fe44d1559c1ac49795a30881a,69cfb2bf8bc181dc1de1e09f0c7477a1a5de7585,elasticnet_corrected_69cfb2bf8bc1_6ed147cd_f83baf57
ElasticNet,3,1,2022-02-20,2022-02-23,13.84,14.060957689536284,0.22095768953628436,0.22095768953628436,0.04882230056521303,0.01,0.2,enet_a0.01_l0.2,submitted_main_linear_features_H3_18col,6ed147cd585e5e8083292683f9be3cf585e97e4d46fa0e3224d24a4e2b42cbbb,f83baf5732ffbf88b9a448a3d9ab9fa270f7495fe44d1559c1ac49795a30881a,69cfb2bf8bc181dc1de1e09f0c7477a1a5de7585,elasticnet_corrected_69cfb2bf8bc1_6ed147cd_f83baf57
ElasticNet,3,1,2022-02-21,2022-02-24,13.06,13.695222956422965,0.6352229564229646,0.6352229564229646,0.4035082043667315,0.01,0.2,enet_a0.01_l0.2,submitted_main_linear_features_H3_18col,6ed147cd585e5e8083292683f9be3cf585e97e4d46fa0e3224d24a4e2b42cbbb,f83baf5732ffbf88b9a448a3d9ab9fa270f7495fe44d1559c1ac49795a30881a,69cfb2bf8bc181dc1de1e09f0c7477a1a5de7585,elasticnet_corrected_69cfb2bf8bc1_6ed147cd_f83baf57
ElasticNet,3,1,2022-02-22,2022-02-25,14.66,13.108406538832913,-1.5515934611670872,1.5515934611670872,2.407442268736461,0.01,0.2,enet_a0.01_l0.2,submitted_main_linear_features_H3_18col,6ed147cd585e5e8083292683f9be3cf585e97e4d46fa0e3224d24a4e2b42cbbb,f83baf5732ffbf88b9a448a3d9ab9fa270f7495fe44d1559c1ac49795a30881a,69cfb2bf8bc181dc1de1e09f0c7477a1a5de7585,elasticnet_corrected_69cfb2bf8bc1_6ed147cd_f83baf57
ElasticNet,3,1,2022-02-23,2022-02-26,11.86,13.380299502492322,1.520299502492323,1.520299502492323,2.311310577278405,0.01,0.2,enet_a0.01_l0.2,submitted_main_linear_features_H3_18col,6ed147cd585e5e8083292683f9be3cf585e97e4d46fa0e3224d24a4e2b42cbbb,f83baf5732ffbf88b9a448a3d9ab9fa270f7495fe44d1559c1ac49795a30881a,69cfb2bf8bc181dc1de1e09f0c7477a1a5de7585,elasticnet_corrected_69cfb2bf8bc1_6ed147cd_f83baf57
ElasticNet,3,1,2022-02-24,2022-02-27,12.23,13.245203582894009,1.0152035828940082,1.0152035828940082,1.0306383147208316,0.01,0.2,enet_a0.01_l0.2,submitted_main_linear_features_H3_18col,6ed147cd585e5e8083292683f9be3cf585e97e4d46fa0e3224d24a4e2b42cbbb,f83baf5732ffbf88b9a448a3d9ab9fa270f7495fe44d1559c1ac49795a30881a,69cfb2bf8bc181dc1de1e09f0c7477a1a5de7585,elasticnet_corrected_69cfb2bf8bc1_6ed147cd_f83baf57
ElasticNet,3,1,2022-02-25,2022-02-28,8.96,12.710399408609288,3.7503994086092867,3.7503994086092867,14.065495724096888,0.01,0.2,enet_a0.01_l0.2,submitted_main_linear_features_H3_18col,6ed147cd585e5e8083292683f9be3cf585e97e4d46fa0e3224d24a4e2b42cbbb,f83baf5732ffbf88b9a448a3d9ab9fa270f7495fe44d1559c1ac49795a30881a,69cfb2bf8bc181dc1de1e09f0c7477a1a5de7585,elasticnet_corrected_69cfb2bf8bc1_6ed147cd_f83baf57
ElasticNet,3,1,2022-02-26,2022-03-01,10.55,12.651540697227889,2.101540697227888,2.101540697227888,4.416473302105077,0.01,0.2,enet_a0.01_l0.2,submitted_main_linear_features_H3_18col,6ed147cd585e5e8083292683f9be3cf585e97e4d46fa0e3224d24a4e2b42cbbb,f83baf5732ffbf88b9a448a3d9ab9fa270f7495fe44d1559c1ac49795a30881a,69cfb2bf8bc181dc1de1e09f0c7477a1a5de7585,elasticnet_corrected_69cfb2bf8bc1_6ed147cd_f83baf57
ElasticNet,3,1,2022-02-27,2022-03-02,10.09,12.16131523974075,2.07131523974075,2.07131523974075,4.290346822382281,0.01,0.2,enet_a0.01_l0.2,submitted_main_linear_features_H3_18col,6ed147cd585e5e8083292683f9be3cf585e97e4d46fa0e3224d24a4e2b42cbbb,f83baf5732ffbf88b9a448a3d9ab9fa270f7495fe44d1559c1ac49795a30881a,69cfb2bf8bc181dc1de1e09f0c7477a1a5de7585,elasticnet_corrected_69cfb2bf8bc1_6ed147cd_f83baf57
ElasticNet,3,1,2022-02-28,2022-03-03,9.89,12.062919576467623,2.1729195764676223,2.1729195764676223,4.721579485796231,0.01,0.2,enet_a0.01_l0.2,submitted_main_linear_features_H3_18col,6ed147cd585e5e8083292683f9be3cf585e97e4d46fa0e3224d24a4e2b42cbbb,f83baf5732ffbf88b9a448a3d9ab9fa270f7495fe44d1559c1ac49795a30881a,69cfb2bf8bc181dc1de1e09f0c7477a1a5de7585,elasticnet_corrected_69cfb2bf8bc1_6ed147cd_f83baf57
ElasticNet,3,1,2022-03-01,2022-03-04,12.55,11.17334217704038,-1.3766578229596202,1.3766578229596202,1.895186761515921,0.01,0.2,enet_a0.01_l0.2,submitted_main_linear_features_H3_18col,6ed147cd585e5e8083292683f9be3cf585e97e4d46fa0e3224d24a4e2b42cbbb,f83baf5732ffbf88b9a448a3d9ab9fa270f7495fe44d1559c1ac49795a30881a,69cfb2bf8bc181dc1de1e09f0c7477a1a5de7585,elasticnet_corrected_69cfb2bf8bc1_6ed147cd_f83baf57
ElasticNet,3,1,2022-03-02,2022-03-05,15.67,11.090552749855247,-4.579447250144753,4.579447250144753,20.97133711685834,0.01,0.2,enet_a0.01_l0.2,submitted_main_linear_features_H3_18col,6ed147cd585e5e8083292683f9be3cf585e97e4d46fa0e3224d24a4e2b42cbbb,f83baf5732ffbf88b9a448a3d9ab9fa270f7495fe44d1559c1ac49795a30881a,69cfb2bf8bc181dc1de1e09f0c7477a1a5de7585,elasticnet_corrected_69cfb2bf8bc1_6ed147cd_f83baf57
ElasticNet,3,1,2022-03-03,2022-03-06,14.47,10.500505780871508,-3.9694942191284923,3.9694942191284923,15.756884355694519,0.01,0.2,enet_a0.01_l0.2,submitted_main_linear_features_H3_18col,6ed147cd585e5e8083292683f9be3cf585e97e4d46fa0e3224d24a4e2b42cbbb,f83baf5732ffbf88b9a448a3d9ab9fa270f7495fe44d1559c1ac49795a30881a,69cfb2bf8bc181dc1de1e09f0c7477a1a5de7585,elasticnet_corrected_69cfb2bf8bc1_6ed147cd_f83baf57
ElasticNet,3,1,2022-03-04,2022-03-07,15.59,10.428924789340268,-5.161075210659732,5.161075210659732,26.636697330086395,0.01,0.2,enet_a0.01_l0.2,submitted_main_linear_features_H3_18col,6ed147cd585e5e8083292683f9be3cf585e97e4d46fa0e3224d24a4e2b42cbbb,f83baf5732ffbf88b9a448a3d9ab9fa270f7495fe44d1559c1ac49795a30881a,69cfb2bf8bc181dc1de1e09f0c7477a1a5de7585,elasticnet_corrected_69cfb2bf8bc1_6ed147cd_f83baf57
ElasticNet,3,1,2022-03-05,2022-03-08,17.47,10.65474474037958,-6.815255259620418,6.815255259620418,46.447704253783776,0.01,0.2,enet_a0.01_l0.2,submitted_main_linear_features_H3_18col,6ed147cd585e5e8083292683f9be3cf585e97e4d46fa0e3224d24a4e2b42cbbb,f83baf5732ffbf88b9a448a3d9ab9fa270f7495fe44d1559c1ac49795a30881a,69cfb2bf8bc181dc1de1e09f0c7477a1a5de7585,elasticnet_corrected_69cfb2bf8bc1_6ed147cd_f83baf57
ElasticNet,3,1,2022-03-06,2022-03-09,15.23,11.103566693664673,-4.126433306335327,4.126433306335327,17.027451831633503,0.01,0.2,enet_a0.01_l0.2,submitted_main_linear_features_H3_18col,6ed147cd585e5e8083292683f9be3cf585e97e4d46fa0e3224d24a4e2b42cbbb,f83baf5732ffbf88b9a448a3d9ab9fa270f7495fe44d1559c1ac49795a30881a,69cfb2bf8bc181dc1de1e09f0c7477a1a5de7585,elasticnet_corrected_69cfb2bf8bc1_6ed147cd_f83baf57
ElasticNet,3,1,2022-03-07,2022-03-10,15.48,11.853425542758465,-3.626574457241535,3.626574457241535,13.152042293916734,0.01,0.2,enet_a0.01_l0.2,submitted_main_linear_features_H3_18col,6ed147cd585e5e8083292683f9be3cf585e97e4d46fa0e3224d24a4e2b42cbbb,f83baf5732ffbf88b9a448a3d9ab9fa270f7495fe44d1559c1ac49795a30881a,69cfb2bf8bc181dc1de1e09f0c7477a1a5de7585,elasticnet_corrected_69cfb2bf8bc1_6ed147cd_f83baf57
ElasticNet,3,1,2022-03-08,2022-03-11,16.87,12.472784913809422,-4.397215086190579,4.397215086190579,19.335500514222023,0.01,0.2,enet_a0.01_l0.2,submitted_main_linear_features_H3_18col,6ed147cd585e5e8083292683f9be3cf585e97e4d46fa0e3224d24a4e2b42cbbb,f83baf5732ffbf88b9a448a3d9ab9fa270f7495fe44d1559c1ac49795a30881a,69cfb2bf8bc181dc1de1e09f0c7477a1a5de7585,elasticnet_corrected_69cfb2bf8bc1_6ed147cd_f83baf57
ElasticNet,3,1,2022-03-09,2022-03-12,16.91,12.431064197848903,-4.478935802151097,4.478935802151097,20.060865919790896,0.01,0.2,enet_a0.01_l0.2,submitted_main_linear_features_H3_18col,6ed147cd585e5e8083292683f9be3cf585e97e4d46fa0e3224d24a4e2b42cbbb,f83baf5732ffbf88b9a448a3d9ab9fa270f7495fe44d1559c1ac49795a30881a,69cfb2bf8bc181dc1de1e09f0c7477a1a5de7585,elasticnet_corrected_69cfb2bf8bc1_6ed147cd_f83baf57
ElasticNet,3,1,2022-03-10,2022-03-13,16.7,12.737975664222924,-3.962024335777075,3.962024335777075,15.697636837289773,0.01,0.2,enet_a0.01_l0.2,submitted_main_linear_features_H3_18col,6ed147cd585e5e8083292683f9be3cf585e97e4d46fa0e3224d24a4e2b42cbbb,f83baf5732ffbf88b9a448a3d9ab9fa270f7495fe44d1559c1ac49795a30881a,69cfb2bf8bc181dc1de1e09f0c7477a1a5de7585,elasticnet_corrected_69cfb2bf8bc1_6ed147cd_f83baf57
ElasticNet,3,1,2022-03-11,2022-03-14,17.6,13.197476902872115,-4.402523097127887,4.402523097127887,19.38220962074452,0.01,0.2,enet_a0.01_l0.2,submitted_main_linear_features_H3_18col,6ed147cd585e5e8083292683f9be3cf585e97e4d46fa0e3224d24a4e2b42cbbb,f83baf5732ffbf88b9a448a3d9ab9fa270f7495fe44d1559c1ac49795a30881a,69cfb2bf8bc181dc1de1e09f0c7477a1a5de7585,elasticnet_corrected_69cfb2bf8bc1_6ed147cd_f83baf57
ElasticNet,3,1,2022-03-12,2022-03-15,15.05,13.575997487964399,-1.474002512035602,1.474002512035602,2.172683405487265,0.01,0.2,enet_a0.01_l0.2,submitted_main_linear_features_H3_18col,6ed147cd585e5e8083292683f9be3cf585e97e4d46fa0e3224d24a4e2b42cbbb,f83baf5732ffbf88b9a448a3d9ab9fa270f7495fe44d1559c1ac49795a30881a,69cfb2bf8bc181dc1de1e09f0c7477a1a5de7585,elasticnet_corrected_69cfb2bf8bc1_6ed147cd_f83baf57
ElasticNet,3,1,2022-03-13,2022-03-16,14.66,13.347161629905116,-1.3128383700948838,1.3128383700948838,1.723544585993391,0.01,0.2,enet_a0.01_l0.2,submitted_main_linear_features_H3_18col,6ed147cd585e5e8083292683f9be3cf585e97e4d46fa0e3224d24a4e2b42cbbb,f83baf5732ffbf88b9a448a3d9ab9fa270f7495fe44d1559c1ac49795a30881a,69cfb2bf8bc181dc1de1e09f0c7477a1a5de7585,elasticnet_corrected_69cfb2bf8bc1_6ed147cd_f83baf57
ElasticNet,3,1,2022-03-14,2022-03-17,14.99,12.476405808954695,-2.5135941910453052,2.5135941910453052,6.318155757256703,0.01,0.2,enet_a0.01_l0.2,submitted_main_linear_features_H3_18col,6ed147cd585e5e8083292683f9be3cf585e97e4d46fa0e3224d24a4e2b42cbbb,f83baf5732ffbf88b9a448a3d9ab9fa270f7495fe44d1559c1ac49795a30881a,69cfb2bf8bc181dc1de1e09f0c7477a1a5de7585,elasticnet_corrected_69cfb2bf8bc1_6ed147cd_f83baf57
ElasticNet,3,1,2022-03-15,2022-03-18,16.39,12.657184668598203,-3.732815331401797,3.732815331401797,13.933910298348309,0.01,0.2,enet_a0.01_l0.2,submitted_main_linear_features_H3_18col,6ed147cd585e5e8083292683f9be3cf585e97e4d46fa0e3224d24a4e2b42cbbb,f83baf5732ffbf88b9a448a3d9ab9fa270f7495fe44d1559c1ac49795a30881a,69cfb2bf8bc181dc1de1e09f0c7477a1a5de7585,elasticnet_corrected_69cfb2bf8bc1_6ed147cd_f83baf57
ElasticNet,3,1,2022-03-16,2022-03-19,14.39,11.924667312448408,-2.4653326875515926,2.4653326875515926,6.077865260310358,0.01,0.2,enet_a0.01_l0.2,submitted_main_linear_features_H3_18col,6ed147cd585e5e8083292683f9be3cf585e97e4d46fa0e3224d24a4e2b42cbbb,f83baf5732ffbf88b9a448a3d9ab9fa270f7495fe44d1559c1ac49795a30881a,69cfb2bf8bc181dc1de1e09f0c7477a1a5de7585,elasticnet_corrected_69cfb2bf8bc1_6ed147cd_f83baf57
ElasticNet,3,1,2022-03-17,2022-03-20,14.16,11.36990520307784,-2.79009479692216,2.79009479692216,7.78462897581211,0.01,0.2,enet_a0.01_l0.2,submitted_main_linear_features_H3_18col,6ed147cd585e5e8083292683f9be3cf585e97e4d46fa0e3224d24a4e2b42cbbb,f83baf5732ffbf88b9a448a3d9ab9fa270f7495fe44d1559c1ac49795a30881a,69cfb2bf8bc181dc1de1e09f0c7477a1a5de7585,elasticnet_corrected_69cfb2bf8bc1_6ed147cd_f83baf57
ElasticNet,3,1,2022-03-18,2022-03-21,15.02,11.463065995395223,-3.556934004604777,3.556934004604777,12.651779513113777,0.01,0.2,enet_a0.01_l0.2,submitted_main_linear_features_H3_18col,6ed147cd585e5e8083292683f9be3cf585e97e4d46fa0e3224d24a4e2b42cbbb,f83baf5732ffbf88b9a448a3d9ab9fa270f7495fe44d1559c1ac49795a30881a,69cfb2bf8bc181dc1de1e09f0c7477a1a5de7585,elasticnet_corrected_69cfb2bf8bc1_6ed147cd_f83baf57
ElasticNet,3,1,2022-03-19,2022-03-22,14.66,12.093199849503781,-2.566800150496219,2.566800150496219,6.588463012587411,0.01,0.2,enet_a0.01_l0.2,submitted_main_linear_features_H3_18col,6ed147cd585e5e8083292683f9be3cf585e97e4d46fa0e3224d24a4e2b42cbbb,f83baf5732ffbf88b9a448a3d9ab9fa270f7495fe44d1559c1ac49795a30881a,69cfb2bf8bc181dc1de1e09f0c7477a1a5de7585,elasticnet_corrected_69cfb2bf8bc1_6ed147cd_f83baf57
ElasticNet,3,1,2022-03-20,2022-03-23,13.91,11.983205047407566,-1.9267949525924344,1.9267949525924344,3.7125387893356816,0.01,0.2,enet_a0.01_l0.2,submitted_main_linear_features_H3_18col,6ed147cd585e5e8083292683f9be3cf585e97e4d46fa0e3224d24a4e2b42cbbb,f83baf5732ffbf88b9a448a3d9ab9fa270f7495fe44d1559c1ac49795a30881a,69cfb2bf8bc181dc1de1e09f0c7477a1a5de7585,elasticnet_corrected_69cfb2bf8bc1_6ed147cd_f83baf57
ElasticNet,3,1,2022-03-21,2022-03-24,15.36,12.14215606709818,-3.21784393290182,3.21784393290182,10.354519576513052,0.01,0.2,enet_a0.01_l0.2,submitted_main_linear_features_H3_18col,6ed147cd585e5e8083292683f9be3cf585e97e4d46fa0e3224d24a4e2b42cbbb,f83baf5732ffbf88b9a448a3d9ab9fa270f7495fe44d1559c1ac49795a30881a,69cfb2bf8bc181dc1de1e09f0c7477a1a5de7585,elasticnet_corrected_69cfb2bf8bc1_6ed147cd_f83baf57
ElasticNet,3,1,2022-03-22,2022-03-25,14.02,12.329506057534058,-1.6904939424659418,1.6904939424659418,2.857769769514043,0.01,0.2,enet_a0.01_l0.2,submitted_main_linear_features_H3_18col,6ed147cd585e5e8083292683f9be3cf585e97e4d46fa0e3224d24a4e2b42cbbb,f83baf5732ffbf88b9a448a3d9ab9fa270f7495fe44d1559c1ac49795a30881a,69cfb2bf8bc181dc1de1e09f0c7477a1a5de7585,elasticnet_corrected_69cfb2bf8bc1_6ed147cd_f83baf57
ElasticNet,3,1,2022-03-23,2022-03-26,12.34,12.434293219597015,0.09429321959701475,0.09429321959701475,0.008891211261970847,0.01,0.2,enet_a0.01_l0.2,submitted_main_linear_features_H3_18col,6ed147cd585e5e8083292683f9be3cf585e97e4d46fa0e3224d24a4e2b42cbbb,f83baf5732ffbf88b9a448a3d9ab9fa270f7495fe44d1559c1ac49795a30881a,69cfb2bf8bc181dc1de1e09f0c7477a1a5de7585,elasticnet_corrected_69cfb2bf8bc1_6ed147cd_f83baf57
ElasticNet,3,1,2022-03-24,2022-03-27,10.51,12.075576612721632,1.5655766127216317,1.5655766127216317,2.451030130300938,0.01,0.2,enet_a0.01_l0.2,submitted_main_linear_features_H3_18col,6ed147cd585e5e8083292683f9be3cf585e97e4d46fa0e3224d24a4e2b42cbbb,f83baf5732ffbf88b9a448a3d9ab9fa270f7495fe44d1559c1ac49795a30881a,69cfb2bf8bc181dc1de1e09f0c7477a1a5de7585,elasticnet_corrected_69cfb2bf8bc1_6ed147cd_f83baf57
ElasticNet,3,1,2022-03-25,2022-03-28,11.68,12.081014931365255,0.4010149313652551,0.4010149313652551,0.1608129751778803,0.01,0.2,enet_a0.01_l0.2,submitted_main_linear_features_H3_18col,6ed147cd585e5e8083292683f9be3cf585e97e4d46fa0e3224d24a4e2b42cbbb,f83baf5732ffbf88b9a448a3d9ab9fa270f7495fe44d1559c1ac49795a30881a,69cfb2bf8bc181dc1de1e09f0c7477a1a5de7585,elasticnet_corrected_69cfb2bf8bc1_6ed147cd_f83baf57
ElasticNet,3,1,2022-03-26,2022-03-29,13.13,10.98486641658409,-2.1451335834159106,2.1451335834159106,4.6015980906987854,0.01,0.2,enet_a0.01_l0.2,submitted_main_linear_features_H3_18col,6ed147cd585e5e8083292683f9be3cf585e97e4d46fa0e3224d24a4e2b42cbbb,f83baf5732ffbf88b9a448a3d9ab9fa270f7495fe44d1559c1ac49795a30881a,69cfb2bf8bc181dc1de1e09f0c7477a1a5de7585,elasticnet_corrected_69cfb2bf8bc1_6ed147cd_f83baf57
ElasticNet,3,1,2022-03-27,2022-03-30,9.49,10.484052123262586,0.9940521232625859,0.9940521232625859,0.9881396237628551,0.01,0.2,enet_a0.01_l0.2,submitted_main_linear_features_H3_18col,6ed147cd585e5e8083292683f9be3cf585e97e4d46fa0e3224d24a4e2b42cbbb,f83baf5732ffbf88b9a448a3d9ab9fa270f7495fe44d1559c1ac49795a30881a,69cfb2bf8bc181dc1de1e09f0c7477a1a5de7585,elasticnet_corrected_69cfb2bf8bc1_6ed147cd_f83baf57
ElasticNet,3,1,2022-03-28,2022-03-31,12.8,10.587592850194188,-2.212407149805813,2.212407149805813,4.894745396511881,0.01,0.2,enet_a0.01_l0.2,submitted_main_linear_features_H3_18col,6ed147cd585e5e8083292683f9be3cf585e97e4d46fa0e3224d24a4e2b42cbbb,f83baf5732ffbf88b9a448a3d9ab9fa270f7495fe44d1559c1ac49795a30881a,69cfb2bf8bc181dc1de1e09f0c7477a1a5de7585,elasticnet_corrected_69cfb2bf8bc1_6ed147cd_f83baf57
ElasticNet,3,1,2022-03-29,2022-04-01,10.76,10.722965849056134,-0.03703415094386564,0.03703415094386564,0.0013715283361330243,0.01,0.2,enet_a0.01_l0.2,submitted_main_linear_features_H3_18col,6ed147cd585e5e8083292683f9be3cf585e97e4d46fa0e3224d24a4e2b42cbbb,f83baf5732ffbf88b9a448a3d9ab9fa270f7495fe44d1559c1ac49795a30881a,69cfb2bf8bc181dc1de1e09f0c7477a1a5de7585,elasticnet_corrected_69cfb2bf8bc1_6ed147cd_f83baf57
ElasticNet,3,1,2022-03-30,2022-04-02,9.76,10.435648664811678,0.6756486648116784,0.6756486648116784,0.45650111826180373,0.01,0.2,enet_a0.01_l0.2,submitted_main_linear_features_H3_18col,6ed147cd585e5e8083292683f9be3cf585e97e4d46fa0e3224d24a4e2b42cbbb,f83baf5732ffbf88b9a448a3d9ab9fa270f7495fe44d1559c1ac49795a30881a,69cfb2bf8bc181dc1de1e09f0c7477a1a5de7585,elasticnet_corrected_69cfb2bf8bc1_6ed147cd_f83baf57
ElasticNet,3,1,2022-03-31,2022-04-03,11.41,9.784053811741432,-1.6259461882585686,1.6259461882585686,2.643701007112569,0.01,0.2,enet_a0.01_l0.2,submitted_main_linear_features_H3_18col,6ed147cd585e5e8083292683f9be3cf585e97e4d46fa0e3224d24a4e2b42cbbb,f83baf5732ffbf88b9a448a3d9ab9fa270f7495fe44d1559c1ac49795a30881a,69cfb2bf8bc181dc1de1e09f0c7477a1a5de7585,elasticnet_corrected_69cfb2bf8bc1_6ed147cd_f83baf57
ElasticNet,3,1,2022-04-01,2022-04-04,12.77,10.317871541970147,-2.4521284580298524,2.4521284580298524,6.012933974679862,0.01,0.2,enet_a0.01_l0.2,submitted_main_linear_features_H3_18col,6ed147cd585e5e8083292683f9be3cf585e97e4d46fa0e3224d24a4e2b42cbbb,f83baf5732ffbf88b9a448a3d9ab9fa270f7495fe44d1559c1ac49795a30881a,69cfb2bf8bc181dc1de1e09f0c7477a1a5de7585,elasticnet_corrected_69cfb2bf8bc1_6ed147cd_f83baf57
ElasticNet,3,1,2022-04-02,2022-04-05,13.25,10.440468724609092,-2.809531275390908,2.809531275390908,7.893465987399662,0.01,0.2,enet_a0.01_l0.2,submitted_main_linear_features_H3_18col,6ed147cd585e5e8083292683f9be3cf585e97e4d46fa0e3224d24a4e2b42cbbb,f83baf5732ffbf88b9a448a3d9ab9fa270f7495fe44d1559c1ac49795a30881a,69cfb2bf8bc181dc1de1e09f0c7477a1a5de7585,elasticnet_corrected_69cfb2bf8bc1_6ed147cd_f83baf57
ElasticNet,3,1,2022-04-03,2022-04-06,12.49,10.214392943157353,-2.275607056842647,2.275607056842647,5.178387477152054,0.01,0.2,enet_a0.01_l0.2,submitted_main_linear_features_H3_18col,6ed147cd585e5e8083292683f9be3cf585e97e4d46fa0e3224d24a4e2b42cbbb,f83baf5732ffbf88b9a448a3d9ab9fa270f7495fe44d1559c1ac49795a30881a,69cfb2bf8bc181dc1de1e09f0c7477a1a5de7585,elasticnet_corrected_69cfb2bf8bc1_6ed147cd_f83baf57
ElasticNet,3,1,2022-04-04,2022-04-07,14.95,10.786354666730658,-4.163645333269342,4.163645333269342,17.335942461255566,0.01,0.2,enet_a0.01_l0.2,submitted_main_linear_features_H3_18col,6ed147cd585e5e8083292683f9be3cf585e97e4d46fa0e3224d24a4e2b42cbbb,f83baf5732ffbf88b9a448a3d9ab9fa270f7495fe44d1559c1ac49795a30881a,69cfb2bf8bc181dc1de1e09f0c7477a1a5de7585,elasticnet_corrected_69cfb2bf8bc1_6ed147cd_f83baf57
ElasticNet,3,1,2022-04-05,2022-04-08,17.18,11.038027431413212,-6.141972568586787,6.141972568586787,37.72382703327258,0.01,0.2,enet_a0.01_l0.2,submitted_main_linear_features_H3_18col,6ed147cd585e5e8083292683f9be3cf585e97e4d46fa0e3224d24a4e2b42cbbb,f83baf5732ffbf88b9a448a3d9ab9fa270f7495fe44d1559c1ac49795a30881a,69cfb2bf8bc181dc1de1e09f0c7477a1a5de7585,elasticnet_corrected_69cfb2bf8bc1_6ed147cd_f83baf57
ElasticNet,3,1,2022-04-06,2022-04-09,15.3,10.658896692702712,-4.641103307297289,4.641103307297289,21.539839909005835,0.01,0.2,enet_a0.01_l0.2,submitted_main_linear_features_H3_18col,6ed147cd585e5e8083292683f9be3cf585e97e4d46fa0e3224d24a4e2b42cbbb,f83baf5732ffbf88b9a448a3d9ab9fa270f7495fe44d1559c1ac49795a30881a,69cfb2bf8bc181dc1de1e09f0c7477a1a5de7585,elasticnet_corrected_69cfb2bf8bc1_6ed147cd_f83baf57
ElasticNet,3,1,2022-04-07,2022-04-10,14.35,11.351445142701067,-2.9985548572989327,2.9985548572989327,8.991331232231023,0.01,0.2,enet_a0.01_l0.2,submitted_main_linear_features_H3_18col,6ed147cd585e5e8083292683f9be3cf585e97e4d46fa0e3224d24a4e2b42cbbb,f83baf5732ffbf88b9a448a3d9ab9fa270f7495fe44d1559c1ac49795a30881a,69cfb2bf8bc181dc1de1e09f0c7477a1a5de7585,elasticnet_corrected_69cfb2bf8bc1_6ed147cd_f83baf57
ElasticNet,3,1,2022-04-08,2022-04-11,14.05,11.332597615700037,-2.717402384299964,2.717402384299964,7.38427571819913,0.01,0.2,enet_a0.01_l0.2,submitted_main_linear_features_H3_18col,6ed147cd585e5e8083292683f9be3cf585e97e4d46fa0e3224d24a4e2b42cbbb,f83baf5732ffbf88b9a448a3d9ab9fa270f7495fe44d1559c1ac49795a30881a,69cfb2bf8bc181dc1de1e09f0c7477a1a5de7585,elasticnet_corrected_69cfb2bf8bc1_6ed147cd_f83baf57
ElasticNet,3,1,2022-04-09,2022-04-12,12.72,12.030077296616058,-0.6899227033839423,0.6899227033839423,0.4759933366446073,0.01,0.2,enet_a0.01_l0.2,submitted_main_linear_features_H3_18col,6ed147cd585e5e8083292683f9be3cf585e97e4d46fa0e3224d24a4e2b42cbbb,f83baf5732ffbf88b9a448a3d9ab9fa270f7495fe44d1559c1ac49795a30881a,69cfb2bf8bc181dc1de1e09f0c7477a1a5de7585,elasticnet_corrected_69cfb2bf8bc1_6ed147cd_f83baf57
ElasticNet,3,1,2022-04-10,2022-04-13,14.57,12.055721182139042,-2.5142788178609585,2.5142788178609585,6.321597973944299,0.01,0.2,enet_a0.01_l0.2,submitted_main_linear_features_H3_18col,6ed147cd585e5e8083292683f9be3cf585e97e4d46fa0e3224d24a4e2b42cbbb,f83baf5732ffbf88b9a448a3d9ab9fa270f7495fe44d1559c1ac49795a30881a,69cfb2bf8bc181dc1de1e09f0c7477a1a5de7585,elasticnet_corrected_69cfb2bf8bc1_6ed147cd_f83baf57
ElasticNet,3,1,2022-04-11,2022-04-14,13.69,11.88463446478627,-1.8053655352137294,1.8053655352137294,3.259344715737556,0.01,0.2,enet_a0.01_l0.2,submitted_main_linear_features_H3_18col,6ed147cd585e5e8083292683f9be3cf585e97e4d46fa0e3224d24a4e2b42cbbb,f83baf5732ffbf88b9a448a3d9ab9fa270f7495fe44d1559c1ac49795a30881a,69cfb2bf8bc181dc1de1e09f0c7477a1a5de7585,elasticnet_corrected_69cfb2bf8bc1_6ed147cd_f83baf57
ElasticNet,3,1,2022-04-12,2022-04-15,15.92,12.001169070865812,-3.918830929134188,3.918830929134188,15.357235851138723,0.01,0.2,enet_a0.01_l0.2,submitted_main_linear_features_H3_18col,6ed147cd585e5e8083292683f9be3cf585e97e4d46fa0e3224d24a4e2b42cbbb,f83baf5732ffbf88b9a448a3d9ab9fa270f7495fe44d1559c1ac49795a30881a,69cfb2bf8bc181dc1de1e09f0c7477a1a5de7585,elasticnet_corrected_69cfb2bf8bc1_6ed147cd_f83baf57
ElasticNet,3,1,2022-04-13,2022-04-16,11.75,11.258899584781858,-0.49110041521814196,0.49110041521814196,0.24117961782743144,0.01,0.2,enet_a0.01_l0.2,submitted_main_linear_features_H3_18col,6ed147cd585e5e8083292683f9be3cf585e97e4d46fa0e3224d24a4e2b42cbbb,f83baf5732ffbf88b9a448a3d9ab9fa270f7495fe44d1559c1ac49795a30881a,69cfb2bf8bc181dc1de1e09f0c7477a1a5de7585,elasticnet_corrected_69cfb2bf8bc1_6ed147cd_f83baf57
ElasticNet,3,1,2022-04-14,2022-04-17,11.92,11.177307341601873,-0.742692658398127,0.742692658398127,0.5515923848384771,0.01,0.2,enet_a0.01_l0.2,submitted_main_linear_features_H3_18col,6ed147cd585e5e8083292683f9be3cf585e97e4d46fa0e3224d24a4e2b42cbbb,f83baf5732ffbf88b9a448a3d9ab9fa270f7495fe44d1559c1ac49795a30881a,69cfb2bf8bc181dc1de1e09f0c7477a1a5de7585,elasticnet_corrected_69cfb2bf8bc1_6ed147cd_f83baf57
ElasticNet,3,1,2022-04-15,2022-04-18,13.1,11.48646400405394,-1.6135359959460605,1.6135359959460605,2.6034984102136454,0.01,0.2,enet_a0.01_l0.2,submitted_main_linear_features_H3_18col,6ed147cd585e5e8083292683f9be3cf585e97e4d46fa0e3224d24a4e2b42cbbb,f83baf5732ffbf88b9a448a3d9ab9fa270f7495fe44d1559c1ac49795a30881a,69cfb2bf8bc181dc1de1e09f0c7477a1a5de7585,elasticnet_corrected_69cfb2bf8bc1_6ed147cd_f83baf57
ElasticNet,3,1,2022-04-16,2022-04-19,13.5,11.163644213969834,-2.3363557860301665,2.3363557860301665,5.458558358916637,0.01,0.2,enet_a0.01_l0.2,submitted_main_linear_features_H3_18col,6ed147cd585e5e8083292683f9be3cf585e97e4d46fa0e3224d24a4e2b42cbbb,f83baf5732ffbf88b9a448a3d9ab9fa270f7495fe44d1559c1ac49795a30881a,69cfb2bf8bc181dc1de1e09f0c7477a1a5de7585,elasticnet_corrected_69cfb2bf8bc1_6ed147cd_f83baf57
ElasticNet,3,1,2022-04-17,2022-04-20,13.24,10.328985840306602,-2.911014159693398,2.911014159693398,8.474003437935458,0.01,0.2,enet_a0.01_l0.2,submitted_main_linear_features_H3_18col,6ed147cd585e5e8083292683f9be3cf585e97e4d46fa0e3224d24a4e2b42cbbb,f83baf5732ffbf88b9a448a3d9ab9fa270f7495fe44d1559c1ac49795a30881a,69cfb2bf8bc181dc1de1e09f0c7477a1a5de7585,elasticnet_corrected_69cfb2bf8bc1_6ed147cd_f83baf57
ElasticNet,3,1,2022-04-18,2022-04-21,13.75,10.298484428603468,-3.4515155713965324,3.4515155713965324,11.912959739592731,0.01,0.2,enet_a0.01_l0.2,submitted_main_linear_features_H3_18col,6ed147cd585e5e8083292683f9be3cf585e97e4d46fa0e3224d24a4e2b42cbbb,f83baf5732ffbf88b9a448a3d9ab9fa270f7495fe44d1559c1ac49795a30881a,69cfb2bf8bc181dc1de1e09f0c7477a1a5de7585,elasticnet_corrected_69cfb2bf8bc1_6ed147cd_f83baf57
ElasticNet,3,1,2022-04-19,2022-04-22,17.64,9.92516181075529,-7.714838189244711,7.714838189244711,59.51872828622861,0.01,0.2,enet_a0.01_l0.2,submitted_main_linear_features_H3_18col,6ed147cd585e5e8083292683f9be3cf585e97e4d46fa0e3224d24a4e2b42cbbb,f83baf5732ffbf88b9a448a3d9ab9fa270f7495fe44d1559c1ac49795a30881a,69cfb2bf8bc181dc1de1e09f0c7477a1a5de7585,elasticnet_corrected_69cfb2bf8bc1_6ed147cd_f83baf57
ElasticNet,3,1,2022-04-20,2022-04-23,11.22,9.815516950027362,-1.4044830499726384,1.4044830499726384,1.9725726376604447,0.01,0.2,enet_a0.01_l0.2,submitted_main_linear_features_H3_18col,6ed147cd585e5e8083292683f9be3cf585e97e4d46fa0e3224d24a4e2b42cbbb,f83baf5732ffbf88b9a448a3d9ab9fa270f7495fe44d1559c1ac49795a30881a,69cfb2bf8bc181dc1de1e09f0c7477a1a5de7585,elasticnet_corrected_69cfb2bf8bc1_6ed147cd_f83baf57
ElasticNet,3,1,2022-04-21,2022-04-24,11.23,9.344582393726377,-1.8854176062736236,1.8854176062736236,3.554799550046561,0.01,0.2,enet_a0.01_l0.2,submitted_main_linear_features_H3_18col,6ed147cd585e5e8083292683f9be3cf585e97e4d46fa0e3224d24a4e2b42cbbb,f83baf5732ffbf88b9a448a3d9ab9fa270f7495fe44d1559c1ac49795a30881a,69cfb2bf8bc181dc1de1e09f0c7477a1a5de7585,elasticnet_corrected_69cfb2bf8bc1_6ed147cd_f83baf57
ElasticNet,3,1,2022-04-22,2022-04-25,13.46,9.832006662061037,-3.627993337938964,3.627993337938964,13.162335660129505,0.01,0.2,enet_a0.01_l0.2,submitted_main_linear_features_H3_18col,6ed147cd585e5e8083292683f9be3cf585e97e4d46fa0e3224d24a4e2b42cbbb,f83baf5732ffbf88b9a448a3d9ab9fa270f7495fe44d1559c1ac49795a30881a,69cfb2bf8bc181dc1de1e09f0c7477a1a5de7585,elasticnet_corrected_69cfb2bf8bc1_6ed147cd_f83baf57
ElasticNet,3,1,2022-04-23,2022-04-26,14.5,10.370334878093406,-4.129665121906594,4.129665121906594,17.054134019091805,0.01,0.2,enet_a0.01_l0.2,submitted_main_linear_features_H3_18col,6ed147cd585e5e8083292683f9be3cf585e97e4d46fa0e3224d24a4e2b42cbbb,f83baf5732ffbf88b9a448a3d9ab9fa270f7495fe44d1559c1ac49795a30881a,69cfb2bf8bc181dc1de1e09f0c7477a1a5de7585,elasticnet_corrected_69cfb2bf8bc1_6ed147cd_f83baf57
ElasticNet,3,1,2022-04-24,2022-04-27,11.69,9.63241491300403,-2.057585086995969,2.057585086995969,4.23365639022821,0.01,0.2,enet_a0.01_l0.2,submitted_main_linear_features_H3_18col,6ed147cd585e5e8083292683f9be3cf585e97e4d46fa0e3224d24a4e2b42cbbb,f83baf5732ffbf88b9a448a3d9ab9fa270f7495fe44d1559c1ac49795a30881a,69cfb2bf8bc181dc1de1e09f0c7477a1a5de7585,elasticnet_corrected_69cfb2bf8bc1_6ed147cd_f83baf57
ElasticNet,3,1,2022-04-25,2022-04-28,11.68,9.38060520833022,-2.29939479166978,2.29939479166978,5.287216407958111,0.01,0.2,enet_a0.01_l0.2,submitted_main_linear_features_H3_18col,6ed147cd585e5e8083292683f9be3cf585e97e4d46fa0e3224d24a4e2b42cbbb,f83baf5732ffbf88b9a448a3d9ab9fa270f7495fe44d1559c1ac49795a30881a,69cfb2bf8bc181dc1de1e09f0c7477a1a5de7585,elasticnet_corrected_69cfb2bf8bc1_6ed147cd_f83baf57
ElasticNet,3,1,2022-04-26,2022-04-29,11.09,8.554069653464383,-2.5359303465356167,2.5359303465356167,6.4309427224802524,0.01,0.2,enet_a0.01_l0.2,submitted_main_linear_features_H3_18col,6ed147cd585e5e8083292683f9be3cf585e97e4d46fa0e3224d24a4e2b42cbbb,f83baf5732ffbf88b9a448a3d9ab9fa270f7495fe44d1559c1ac49795a30881a,69cfb2bf8bc181dc1de1e09f0c7477a1a5de7585,elasticnet_corrected_69cfb2bf8bc1_6ed147cd_f83baf57
ElasticNet,3,1,2022-04-27,2022-04-30,8.23,8.987837970958875,0.7578379709588745,0.7578379709588745,0.5743183902270639,0.01,0.2,enet_a0.01_l0.2,submitted_main_linear_features_H3_18col,6ed147cd585e5e8083292683f9be3cf585e97e4d46fa0e3224d24a4e2b42cbbb,f83baf5732ffbf88b9a448a3d9ab9fa270f7495fe44d1559c1ac49795a30881a,69cfb2bf8bc181dc1de1e09f0c7477a1a5de7585,elasticnet_corrected_69cfb2bf8bc1_6ed147cd_f83baf57
ElasticNet,3,1,2022-04-28,2022-05-01,7.6,9.047016502326063,1.447016502326063,1.447016502326063,2.093856758003953,0.01,0.2,enet_a0.01_l0.2,submitted_main_linear_features_H3_18col,6ed147cd585e5e8083292683f9be3cf585e97e4d46fa0e3224d24a4e2b42cbbb,f83baf5732ffbf88b9a448a3d9ab9fa270f7495fe44d1559c1ac49795a30881a,69cfb2bf8bc181dc1de1e09f0c7477a1a5de7585,elasticnet_corrected_69cfb2bf8bc1_6ed147cd_f83baf57
ElasticNet,3,1,2022-04-29,2022-05-02,10.04,9.615892609448064,-0.424107390551935,0.424107390551935,0.17986707872077154,0.01,0.2,enet_a0.01_l0.2,submitted_main_linear_features_H3_18col,6ed147cd585e5e8083292683f9be3cf585e97e4d46fa0e3224d24a4e2b42cbbb,f83baf5732ffbf88b9a448a3d9ab9fa270f7495fe44d1559c1ac49795a30881a,69cfb2bf8bc181dc1de1e09f0c7477a1a5de7585,elasticnet_corrected_69cfb2bf8bc1_6ed147cd_f83baf57
ElasticNet,3,1,2022-04-30,2022-05-03,9.17,9.920825240179683,0.7508252401796831,0.7508252401796831,0.5637385412908789,0.01,0.2,enet_a0.01_l0.2,submitted_main_linear_features_H3_18col,6ed147cd585e5e8083292683f9be3cf585e97e4d46fa0e3224d24a4e2b42cbbb,f83baf5732ffbf88b9a448a3d9ab9fa270f7495fe44d1559c1ac49795a30881a,69cfb2bf8bc181dc1de1e09f0c7477a1a5de7585,elasticnet_corrected_69cfb2bf8bc1_6ed147cd_f83baf57
ElasticNet,3,1,2022-05-01,2022-05-04,10.49,10.017349779423515,-0.47265022057648487,0.47265022057648487,0.22339823101099981,0.01,0.2,enet_a0.01_l0.2,submitted_main_linear_features_H3_18col,6ed147cd585e5e8083292683f9be3cf585e97e4d46fa0e3224d24a4e2b42cbbb,f83baf5732ffbf88b9a448a3d9ab9fa270f7495fe44d1559c1ac49795a30881a,69cfb2bf8bc181dc1de1e09f0c7477a1a5de7585,elasticnet_corrected_69cfb2bf8bc1_6ed147cd_f83baf57
ElasticNet,3,1,2022-05-02,2022-05-05,9.19,10.171940870568752,0.9819408705687529,0.9819408705687529,0.9642078732933204,0.01,0.2,enet_a0.01_l0.2,submitted_main_linear_features_H3_18col,6ed147cd585e5e8083292683f9be3cf585e97e4d46fa0e3224d24a4e2b42cbbb,f83baf5732ffbf88b9a448a3d9ab9fa270f7495fe44d1559c1ac49795a30881a,69cfb2bf8bc181dc1de1e09f0c7477a1a5de7585,elasticnet_corrected_69cfb2bf8bc1_6ed147cd_f83baf57
ElasticNet,3,1,2022-05-03,2022-05-06,9.34,10.886291326309074,1.546291326309074,1.546291326309074,2.3910168658186755,0.01,0.2,enet_a0.01_l0.2,submitted_main_linear_features_H3_18col,6ed147cd585e5e8083292683f9be3cf585e97e4d46fa0e3224d24a4e2b42cbbb,f83baf5732ffbf88b9a448a3d9ab9fa270f7495fe44d1559c1ac49795a30881a,69cfb2bf8bc181dc1de1e09f0c7477a1a5de7585,elasticnet_corrected_69cfb2bf8bc1_6ed147cd_f83baf57
ElasticNet,3,1,2022-05-04,2022-05-07,10.28,10.108290894693422,-0.17170910530657757,0.17170910530657757,0.029484016845185344,0.01,0.2,enet_a0.01_l0.2,submitted_main_linear_features_H3_18col,6ed147cd585e5e8083292683f9be3cf585e97e4d46fa0e3224d24a4e2b42cbbb,f83baf5732ffbf88b9a448a3d9ab9fa270f7495fe44d1559c1ac49795a30881a,69cfb2bf8bc181dc1de1e09f0c7477a1a5de7585,elasticnet_corrected_69cfb2bf8bc1_6ed147cd_f83baf57
ElasticNet,3,1,2022-05-05,2022-05-08,10.58,9.763453977697967,-0.8165460223020329,0.8165460223020329,0.6667474065372719,0.01,0.2,enet_a0.01_l0.2,submitted_main_linear_features_H3_18col,6ed147cd585e5e8083292683f9be3cf585e97e4d46fa0e3224d24a4e2b42cbbb,f83baf5732ffbf88b9a448a3d9ab9fa270f7495fe44d1559c1ac49795a30881a,69cfb2bf8bc181dc1de1e09f0c7477a1a5de7585,elasticnet_corrected_69cfb2bf8bc1_6ed147cd_f83baf57
ElasticNet,3,1,2022-05-06,2022-05-09,12.71,9.130741013179799,-3.579258986820202,3.579258986820202,12.811094894733177,0.01,0.2,enet_a0.01_l0.2,submitted_main_linear_features_H3_18col,6ed147cd585e5e8083292683f9be3cf585e97e4d46fa0e3224d24a4e2b42cbbb,f83baf5732ffbf88b9a448a3d9ab9fa270f7495fe44d1559c1ac49795a30881a,69cfb2bf8bc181dc1de1e09f0c7477a1a5de7585,elasticnet_corrected_69cfb2bf8bc1_6ed147cd_f83baf57
ElasticNet,3,1,2022-05-07,2022-05-10,12.64,9.214624924898693,-3.4253750751013072,3.4253750751013072,11.733194405125285,0.01,0.2,enet_a0.01_l0.2,submitted_main_linear_features_H3_18col,6ed147cd585e5e8083292683f9be3cf585e97e4d46fa0e3224d24a4e2b42cbbb,f83baf5732ffbf88b9a448a3d9ab9fa270f7495fe44d1559c1ac49795a30881a,69cfb2bf8bc181dc1de1e09f0c7477a1a5de7585,elasticnet_corrected_69cfb2bf8bc1_6ed147cd_f83baf57
ElasticNet,3,1,2022-05-08,2022-05-11,12.72,9.430787852012013,-3.2892121479879872,3.2892121479879872,10.818916554471748,0.01,0.2,enet_a0.01_l0.2,submitted_main_linear_features_H3_18col,6ed147cd585e5e8083292683f9be3cf585e97e4d46fa0e3224d24a4e2b42cbbb,f83baf5732ffbf88b9a448a3d9ab9fa270f7495fe44d1559c1ac49795a30881a,69cfb2bf8bc181dc1de1e09f0c7477a1a5de7585,elasticnet_corrected_69cfb2bf8bc1_6ed147cd_f83baf57
ElasticNet,3,1,2022-05-09,2022-05-12,13.37,10.349153839061357,-3.0208461609386426,3.0208461609386426,9.125511528057736,0.01,0.2,enet_a0.01_l0.2,submitted_main_linear_features_H3_18col,6ed147cd585e5e8083292683f9be3cf585e97e4d46fa0e3224d24a4e2b42cbbb,f83baf5732ffbf88b9a448a3d9ab9fa270f7495fe44d1559c1ac49795a30881a,69cfb2bf8bc181dc1de1e09f0c7477a1a5de7585,elasticnet_corrected_69cfb2bf8bc1_6ed147cd_f83baf57
ElasticNet,3,1,2022-05-10,2022-05-13,12.94,10.205052738281669,-2.7349472617183306,2.7349472617183306,7.479936524380594,0.01,0.2,enet_a0.01_l0.2,submitted_main_linear_features_H3_18col,6ed147cd585e5e8083292683f9be3cf585e97e4d46fa0e3224d24a4e2b42cbbb,f83baf5732ffbf88b9a448a3d9ab9fa270f7495fe44d1559c1ac49795a30881a,69cfb2bf8bc181dc1de1e09f0c7477a1a5de7585,elasticnet_corrected_69cfb2bf8bc1_6ed147cd_f83baf57
ElasticNet,3,1,2022-05-11,2022-05-14,15.8,11.360438523685978,-4.439561476314022,4.439561476314022,19.70970610197154,0.01,0.2,enet_a0.01_l0.2,submitted_main_linear_features_H3_18col,6ed147cd585e5e8083292683f9be3cf585e97e4d46fa0e3224d24a4e2b42cbbb,f83baf5732ffbf88b9a448a3d9ab9fa270f7495fe44d1559c1ac49795a30881a,69cfb2bf8bc181dc1de1e09f0c7477a1a5de7585,elasticnet_corrected_69cfb2bf8bc1_6ed147cd_f83baf57
ElasticNet,3,1,2022-05-12,2022-05-15,13.32,10.629180802445129,-2.6908191975548714,2.6908191975548714,7.240507953929842,0.01,0.2,enet_a0.01_l0.2,submitted_main_linear_features_H3_18col,6ed147cd585e5e8083292683f9be3cf585e97e4d46fa0e3224d24a4e2b42cbbb,f83baf5732ffbf88b9a448a3d9ab9fa270f7495fe44d1559c1ac49795a30881a,69cfb2bf8bc181dc1de1e09f0c7477a1a5de7585,elasticnet_corrected_69cfb2bf8bc1_6ed147cd_f83baf57
ElasticNet,3,1,2022-05-13,2022-05-16,11.74,11.603551544559744,-0.13644845544025586,0.13644845544025586,0.018618180992031486,0.01,0.2,enet_a0.01_l0.2,submitted_main_linear_features_H3_18col,6ed147cd585e5e8083292683f9be3cf585e97e4d46fa0e3224d24a4e2b42cbbb,f83baf5732ffbf88b9a448a3d9ab9fa270f7495fe44d1559c1ac49795a30881a,69cfb2bf8bc181dc1de1e09f0c7477a1a5de7585,elasticnet_corrected_69cfb2bf8bc1_6ed147cd_f83baf57
ElasticNet,3,1,2022-05-14,2022-05-17,11.9,12.515480829781978,0.615480829781978,0.615480829781978,0.3788166518291122,0.01,0.2,enet_a0.01_l0.2,submitted_main_linear_features_H3_18col,6ed147cd585e5e8083292683f9be3cf585e97e4d46fa0e3224d24a4e2b42cbbb,f83baf5732ffbf88b9a448a3d9ab9fa270f7495fe44d1559c1ac49795a30881a,69cfb2bf8bc181dc1de1e09f0c7477a1a5de7585,elasticnet_corrected_69cfb2bf8bc1_6ed147cd_f83baf57
ElasticNet,3,1,2022-05-15,2022-05-18,13.99,13.351594528934012,-0.6384054710659886,0.6384054710659886,0.40756154548698675,0.01,0.2,enet_a0.01_l0.2,submitted_main_linear_features_H3_18col,6ed147cd585e5e8083292683f9be3cf585e97e4d46fa0e3224d24a4e2b42cbbb,f83baf5732ffbf88b9a448a3d9ab9fa270f7495fe44d1559c1ac49795a30881a,69cfb2bf8bc181dc1de1e09f0c7477a1a5de7585,elasticnet_corrected_69cfb2bf8bc1_6ed147cd_f83baf57
ElasticNet,3,1,2022-05-16,2022-05-19,13.14,12.995305254122805,-0.14469474587719588,0.14469474587719588,0.020936569484466296,0.01,0.2,enet_a0.01_l0.2,submitted_main_linear_features_H3_18col,6ed147cd585e5e8083292683f9be3cf585e97e4d46fa0e3224d24a4e2b42cbbb,f83baf5732ffbf88b9a448a3d9ab9fa270f7495fe44d1559c1ac49795a30881a,69cfb2bf8bc181dc1de1e09f0c7477a1a5de7585,elasticnet_corrected_69cfb2bf8bc1_6ed147cd_f83baf57
ElasticNet,3,1,2022-05-17,2022-05-20,13.2,12.864630033546076,-0.33536996645392314,0.33536996645392314,0.11247301439930553,0.01,0.2,enet_a0.01_l0.2,submitted_main_linear_features_H3_18col,6ed147cd585e5e8083292683f9be3cf585e97e4d46fa0e3224d24a4e2b42cbbb,f83baf5732ffbf88b9a448a3d9ab9fa270f7495fe44d1559c1ac49795a30881a,69cfb2bf8bc181dc1de1e09f0c7477a1a5de7585,elasticnet_corrected_69cfb2bf8bc1_6ed147cd_f83baf57
ElasticNet,3,1,2022-05-18,2022-05-21,12.84,12.960382622216219,0.1203826222162192,0.1203826222162192,0.014491975731652954,0.01,0.2,enet_a0.01_l0.2,submitted_main_linear_features_H3_18col,6ed147cd585e5e8083292683f9be3cf585e97e4d46fa0e3224d24a4e2b42cbbb,f83baf5732ffbf88b9a448a3d9ab9fa270f7495fe44d1559c1ac49795a30881a,69cfb2bf8bc181dc1de1e09f0c7477a1a5de7585,elasticnet_corrected_69cfb2bf8bc1_6ed147cd_f83baf57
ElasticNet,3,1,2022-05-19,2022-05-22,12.78,12.049355485496857,-0.7306445145031422,0.7306445145031422,0.5338414065735323,0.01,0.2,enet_a0.01_l0.2,submitted_main_linear_features_H3_18col,6ed147cd585e5e8083292683f9be3cf585e97e4d46fa0e3224d24a4e2b42cbbb,f83baf5732ffbf88b9a448a3d9ab9fa270f7495fe44d1559c1ac49795a30881a,69cfb2bf8bc181dc1de1e09f0c7477a1a5de7585,elasticnet_corrected_69cfb2bf8bc1_6ed147cd_f83baf57
ElasticNet,3,1,2022-05-20,2022-05-23,13.42,11.12117670850324,-2.2988232914967597,2.2988232914967597,5.2845885255279965,0.01,0.2,enet_a0.01_l0.2,submitted_main_linear_features_H3_18col,6ed147cd585e5e8083292683f9be3cf585e97e4d46fa0e3224d24a4e2b42cbbb,f83baf5732ffbf88b9a448a3d9ab9fa270f7495fe44d1559c1ac49795a30881a,69cfb2bf8bc181dc1de1e09f0c7477a1a5de7585,elasticnet_corrected_69cfb2bf8bc1_6ed147cd_f83baf57
ElasticNet,3,1,2022-05-21,2022-05-24,12.91,10.936101922664049,-1.9738980773359511,1.9738980773359511,3.8962736197105645,0.01,0.2,enet_a0.01_l0.2,submitted_main_linear_features_H3_18col,6ed147cd585e5e8083292683f9be3cf585e97e4d46fa0e3224d24a4e2b42cbbb,f83baf5732ffbf88b9a448a3d9ab9fa270f7495fe44d1559c1ac49795a30881a,69cfb2bf8bc181dc1de1e09f0c7477a1a5de7585,elasticnet_corrected_69cfb2bf8bc1_6ed147cd_f83baf57
ElasticNet,3,1,2022-05-22,2022-05-25,14.44,10.523147524119336,-3.9168524758806633,3.9168524758806633,15.341733317812482,0.01,0.2,enet_a0.01_l0.2,submitted_main_linear_features_H3_18col,6ed147cd585e5e8083292683f9be3cf585e97e4d46fa0e3224d24a4e2b42cbbb,f83baf5732ffbf88b9a448a3d9ab9fa270f7495fe44d1559c1ac49795a30881a,69cfb2bf8bc181dc1de1e09f0c7477a1a5de7585,elasticnet_corrected_69cfb2bf8bc1_6ed147cd_f83baf57
ElasticNet,3,1,2022-05-23,2022-05-26,13.75,10.117745485794375,-3.6322545142056253,3.6322545142056253,13.193272855967143,0.01,0.2,enet_a0.01_l0.2,submitted_main_linear_features_H3_18col,6ed147cd585e5e8083292683f9be3cf585e97e4d46fa0e3224d24a4e2b42cbbb,f83baf5732ffbf88b9a448a3d9ab9fa270f7495fe44d1559c1ac49795a30881a,69cfb2bf8bc181dc1de1e09f0c7477a1a5de7585,elasticnet_corrected_69cfb2bf8bc1_6ed147cd_f83baf57
ElasticNet,3,1,2022-05-24,2022-05-27,13.81,10.100589564294824,-3.709410435705177,3.709410435705177,13.75972578051847,0.01,0.2,enet_a0.01_l0.2,submitted_main_linear_features_H3_18col,6ed147cd585e5e8083292683f9be3cf585e97e4d46fa0e3224d24a4e2b42cbbb,f83baf5732ffbf88b9a448a3d9ab9fa270f7495fe44d1559c1ac49795a30881a,69cfb2bf8bc181dc1de1e09f0c7477a1a5de7585,elasticnet_corrected_69cfb2bf8bc1_6ed147cd_f83baf57
ElasticNet,3,1,2022-05-25,2022-05-28,16.48,10.578555808650785,-5.901444191349215,5.901444191349215,34.82704354360939,0.01,0.2,enet_a0.01_l0.2,submitted_main_linear_features_H3_18col,6ed147cd585e5e8083292683f9be3cf585e97e4d46fa0e3224d24a4e2b42cbbb,f83baf5732ffbf88b9a448a3d9ab9fa270f7495fe44d1559c1ac49795a30881a,69cfb2bf8bc181dc1de1e09f0c7477a1a5de7585,elasticnet_corrected_69cfb2bf8bc1_6ed147cd_f83baf57
ElasticNet,3,1,2022-05-26,2022-05-29,15.8,10.504292595330094,-5.295707404669907,5.295707404669907,28.04451691587568,0.01,0.2,enet_a0.01_l0.2,submitted_main_linear_features_H3_18col,6ed147cd585e5e8083292683f9be3cf585e97e4d46fa0e3224d24a4e2b42cbbb,f83baf5732ffbf88b9a448a3d9ab9fa270f7495fe44d1559c1ac49795a30881a,69cfb2bf8bc181dc1de1e09f0c7477a1a5de7585,elasticnet_corrected_69cfb2bf8bc1_6ed147cd_f83baf57
ElasticNet,3,1,2022-05-27,2022-05-30,12.42,11.02871261338179,-1.3912873866182096,1.3912873866182096,1.9356805921629274,0.01,0.2,enet_a0.01_l0.2,submitted_main_linear_features_H3_18col,6ed147cd585e5e8083292683f9be3cf585e97e4d46fa0e3224d24a4e2b42cbbb,f83baf5732ffbf88b9a448a3d9ab9fa270f7495fe44d1559c1ac49795a30881a,69cfb2bf8bc181dc1de1e09f0c7477a1a5de7585,elasticnet_corrected_69cfb2bf8bc1_6ed147cd_f83baf57
ElasticNet,3,1,2022-05-28,2022-05-31,13.5,10.230216374086982,-3.2697836259130177,3.2697836259130177,10.691484960288882,0.01,0.2,enet_a0.01_l0.2,submitted_main_linear_features_H3_18col,6ed147cd585e5e8083292683f9be3cf585e97e4d46fa0e3224d24a4e2b42cbbb,f83baf5732ffbf88b9a448a3d9ab9fa270f7495fe44d1559c1ac49795a30881a,69cfb2bf8bc181dc1de1e09f0c7477a1a5de7585,elasticnet_corrected_69cfb2bf8bc1_6ed147cd_f83baf57
ElasticNet,3,1,2022-05-29,2022-06-01,12.92,10.98357749054205,-1.93642250945795,1.93642250945795,3.749732135135424,0.01,0.2,enet_a0.01_l0.2,submitted_main_linear_features_H3_18col,6ed147cd585e5e8083292683f9be3cf585e97e4d46fa0e3224d24a4e2b42cbbb,f83baf5732ffbf88b9a448a3d9ab9fa270f7495fe44d1559c1ac49795a30881a,69cfb2bf8bc181dc1de1e09f0c7477a1a5de7585,elasticnet_corrected_69cfb2bf8bc1_6ed147cd_f83baf57
ElasticNet,3,1,2022-05-30,2022-06-02,13.51,10.927130429725384,-2.5828695702746156,2.5828695702746156,6.671215217050578,0.01,0.2,enet_a0.01_l0.2,submitted_main_linear_features_H3_18col,6ed147cd585e5e8083292683f9be3cf585e97e4d46fa0e3224d24a4e2b42cbbb,f83baf5732ffbf88b9a448a3d9ab9fa270f7495fe44d1559c1ac49795a30881a,69cfb2bf8bc181dc1de1e09f0c7477a1a5de7585,elasticnet_corrected_69cfb2bf8bc1_6ed147cd_f83baf57
ElasticNet,3,1,2022-05-31,2022-06-03,12.24,10.408474174219238,-1.831525825780762,1.831525825780762,3.3544868505019023,0.01,0.2,enet_a0.01_l0.2,submitted_main_linear_features_H3_18col,6ed147cd585e5e8083292683f9be3cf585e97e4d46fa0e3224d24a4e2b42cbbb,f83baf5732ffbf88b9a448a3d9ab9fa270f7495fe44d1559c1ac49795a30881a,69cfb2bf8bc181dc1de1e09f0c7477a1a5de7585,elasticnet_corrected_69cfb2bf8bc1_6ed147cd_f83baf57
ElasticNet,3,1,2022-06-01,2022-06-04,10.24,11.242326271988523,1.0023262719885224,1.0023262719885224,1.0046579555184094,0.01,0.2,enet_a0.01_l0.2,submitted_main_linear_features_H3_18col,6ed147cd585e5e8083292683f9be3cf585e97e4d46fa0e3224d24a4e2b42cbbb,f83baf5732ffbf88b9a448a3d9ab9fa270f7495fe44d1559c1ac49795a30881a,69cfb2bf8bc181dc1de1e09f0c7477a1a5de7585,elasticnet_corrected_69cfb2bf8bc1_6ed147cd_f83baf57
ElasticNet,3,1,2022-06-02,2022-06-05,9.78,11.273237251277882,1.4932372512778826,1.4932372512778826,2.2297574886039264,0.01,0.2,enet_a0.01_l0.2,submitted_main_linear_features_H3_18col,6ed147cd585e5e8083292683f9be3cf585e97e4d46fa0e3224d24a4e2b42cbbb,f83baf5732ffbf88b9a448a3d9ab9fa270f7495fe44d1559c1ac49795a30881a,69cfb2bf8bc181dc1de1e09f0c7477a1a5de7585,elasticnet_corrected_69cfb2bf8bc1_6ed147cd_f83baf57
ElasticNet,3,1,2022-06-03,2022-06-06,8.76,11.337393905869384,2.5773939058693838,2.5773939058693838,6.6429593460126375,0.01,0.2,enet_a0.01_l0.2,submitted_main_linear_features_H3_18col,6ed147cd585e5e8083292683f9be3cf585e97e4d46fa0e3224d24a4e2b42cbbb,f83baf5732ffbf88b9a448a3d9ab9fa270f7495fe44d1559c1ac49795a30881a,69cfb2bf8bc181dc1de1e09f0c7477a1a5de7585,elasticnet_corrected_69cfb2bf8bc1_6ed147cd_f83baf57
ElasticNet,3,1,2022-06-04,2022-06-07,9.5,11.369630569692474,1.8696305696924735,1.8696305696924735,3.495518467128603,0.01,0.2,enet_a0.01_l0.2,submitted_main_linear_features_H3_18col,6ed147cd585e5e8083292683f9be3cf585e97e4d46fa0e3224d24a4e2b42cbbb,f83baf5732ffbf88b9a448a3d9ab9fa270f7495fe44d1559c1ac49795a30881a,69cfb2bf8bc181dc1de1e09f0c7477a1a5de7585,elasticnet_corrected_69cfb2bf8bc1_6ed147cd_f83baf57
ElasticNet,3,1,2022-06-05,2022-06-08,13.81,10.010909730274125,-3.799090269725875,3.799090269725875,14.433086877525822,0.01,0.2,enet_a0.01_l0.2,submitted_main_linear_features_H3_18col,6ed147cd585e5e8083292683f9be3cf585e97e4d46fa0e3224d24a4e2b42cbbb,f83baf5732ffbf88b9a448a3d9ab9fa270f7495fe44d1559c1ac49795a30881a,69cfb2bf8bc181dc1de1e09f0c7477a1a5de7585,elasticnet_corrected_69cfb2bf8bc1_6ed147cd_f83baf57
ElasticNet,3,1,2022-06-06,2022-06-09,13.99,8.899492461241998,-5.090507538758002,5.090507538758002,25.913267002152054,0.01,0.2,enet_a0.01_l0.2,submitted_main_linear_features_H3_18col,6ed147cd585e5e8083292683f9be3cf585e97e4d46fa0e3224d24a4e2b42cbbb,f83baf5732ffbf88b9a448a3d9ab9fa270f7495fe44d1559c1ac49795a30881a,69cfb2bf8bc181dc1de1e09f0c7477a1a5de7585,elasticnet_corrected_69cfb2bf8bc1_6ed147cd_f83baf57
ElasticNet,3,1,2022-06-07,2022-06-10,13.16,9.114917813941645,-4.045082186058355,4.045082186058355,16.362689891966642,0.01,0.2,enet_a0.01_l0.2,submitted_main_linear_features_H3_18col,6ed147cd585e5e8083292683f9be3cf585e97e4d46fa0e3224d24a4e2b42cbbb,f83baf5732ffbf88b9a448a3d9ab9fa270f7495fe44d1559c1ac49795a30881a,69cfb2bf8bc181dc1de1e09f0c7477a1a5de7585,elasticnet_corrected_69cfb2bf8bc1_6ed147cd_f83baf57
ElasticNet,3,1,2022-06-08,2022-06-11,11.9,9.718231682807238,-2.1817683171927627,2.1817683171927627,4.76011298990614,0.01,0.2,enet_a0.01_l0.2,submitted_main_linear_features_H3_18col,6ed147cd585e5e8083292683f9be3cf585e97e4d46fa0e3224d24a4e2b42cbbb,f83baf5732ffbf88b9a448a3d9ab9fa270f7495fe44d1559c1ac49795a30881a,69cfb2bf8bc181dc1de1e09f0c7477a1a5de7585,elasticnet_corrected_69cfb2bf8bc1_6ed147cd_f83baf57
ElasticNet,3,1,2022-06-09,2022-06-12,12.11,10.661442018988732,-1.4485579810112679,1.4485579810112679,2.0983202243514407,0.01,0.2,enet_a0.01_l0.2,submitted_main_linear_features_H3_18col,6ed147cd585e5e8083292683f9be3cf585e97e4d46fa0e3224d24a4e2b42cbbb,f83baf5732ffbf88b9a448a3d9ab9fa270f7495fe44d1559c1ac49795a30881a,69cfb2bf8bc181dc1de1e09f0c7477a1a5de7585,elasticnet_corrected_69cfb2bf8bc1_6ed147cd_f83baf57
ElasticNet,3,1,2022-06-10,2022-06-13,10.94,10.628638431013107,-0.31136156898689293,0.31136156898689293,0.09694602664197968,0.01,0.2,enet_a0.01_l0.2,submitted_main_linear_features_H3_18col,6ed147cd585e5e8083292683f9be3cf585e97e4d46fa0e3224d24a4e2b42cbbb,f83baf5732ffbf88b9a448a3d9ab9fa270f7495fe44d1559c1ac49795a30881a,69cfb2bf8bc181dc1de1e09f0c7477a1a5de7585,elasticnet_corrected_69cfb2bf8bc1_6ed147cd_f83baf57
ElasticNet,3,1,2022-06-11,2022-06-14,14.46,11.18577008004449,-3.274229919955511,3.274229919955511,10.720581568731872,0.01,0.2,enet_a0.01_l0.2,submitted_main_linear_features_H3_18col,6ed147cd585e5e8083292683f9be3cf585e97e4d46fa0e3224d24a4e2b42cbbb,f83baf5732ffbf88b9a448a3d9ab9fa270f7495fe44d1559c1ac49795a30881a,69cfb2bf8bc181dc1de1e09f0c7477a1a5de7585,elasticnet_corrected_69cfb2bf8bc1_6ed147cd_f83baf57
ElasticNet,3,1,2022-06-12,2022-06-15,10.28,11.06405915813724,0.7840591581372411,0.7840591581372411,0.6147487634588793,0.01,0.2,enet_a0.01_l0.2,submitted_main_linear_features_H3_18col,6ed147cd585e5e8083292683f9be3cf585e97e4d46fa0e3224d24a4e2b42cbbb,f83baf5732ffbf88b9a448a3d9ab9fa270f7495fe44d1559c1ac49795a30881a,69cfb2bf8bc181dc1de1e09f0c7477a1a5de7585,elasticnet_corrected_69cfb2bf8bc1_6ed147cd_f83baf57
ElasticNet,3,1,2022-06-13,2022-06-16,9.31,11.074120749008934,1.7641207490089332,1.7641207490089332,3.1121220170838395,0.01,0.2,enet_a0.01_l0.2,submitted_main_linear_features_H3_18col,6ed147cd585e5e8083292683f9be3cf585e97e4d46fa0e3224d24a4e2b42cbbb,f83baf5732ffbf88b9a448a3d9ab9fa270f7495fe44d1559c1ac49795a30881a,69cfb2bf8bc181dc1de1e09f0c7477a1a5de7585,elasticnet_corrected_69cfb2bf8bc1_6ed147cd_f83baf57
ElasticNet,3,1,2022-06-14,2022-06-17,11.4,10.650015240356893,-0.7499847596431071,0.7499847596431071,0.562477139696929,0.01,0.2,enet_a0.01_l0.2,submitted_main_linear_features_H3_18col,6ed147cd585e5e8083292683f9be3cf585e97e4d46fa0e3224d24a4e2b42cbbb,f83baf5732ffbf88b9a448a3d9ab9fa270f7495fe44d1559c1ac49795a30881a,69cfb2bf8bc181dc1de1e09f0c7477a1a5de7585,elasticnet_corrected_69cfb2bf8bc1_6ed147cd_f83baf57
ElasticNet,3,1,2022-06-15,2022-06-18,10.92,11.262777903004025,0.3427779030040252,0.3427779030040252,0.11749669078783692,0.01,0.2,enet_a0.01_l0.2,submitted_main_linear_features_H3_18col,6ed147cd585e5e8083292683f9be3cf585e97e4d46fa0e3224d24a4e2b42cbbb,f83baf5732ffbf88b9a448a3d9ab9fa270f7495fe44d1559c1ac49795a30881a,69cfb2bf8bc181dc1de1e09f0c7477a1a5de7585,elasticnet_corrected_69cfb2bf8bc1_6ed147cd_f83baf57
ElasticNet,3,1,2022-06-16,2022-06-19,10.96,11.174277947489003,0.21427794748900197,0.21427794748900197,0.04591503878009949,0.01,0.2,enet_a0.01_l0.2,submitted_main_linear_features_H3_18col,6ed147cd585e5e8083292683f9be3cf585e97e4d46fa0e3224d24a4e2b42cbbb,f83baf5732ffbf88b9a448a3d9ab9fa270f7495fe44d1559c1ac49795a30881a,69cfb2bf8bc181dc1de1e09f0c7477a1a5de7585,elasticnet_corrected_69cfb2bf8bc1_6ed147cd_f83baf57
ElasticNet,3,1,2022-06-17,2022-06-20,10.97,11.117001383236014,0.14700138323601308,0.14700138323601308,0.021609406673301187,0.01,0.2,enet_a0.01_l0.2,submitted_main_linear_features_H3_18col,6ed147cd585e5e8083292683f9be3cf585e97e4d46fa0e3224d24a4e2b42cbbb,f83baf5732ffbf88b9a448a3d9ab9fa270f7495fe44d1559c1ac49795a30881a,69cfb2bf8bc181dc1de1e09f0c7477a1a5de7585,elasticnet_corrected_69cfb2bf8bc1_6ed147cd_f83baf57
ElasticNet,3,2,2022-06-18,2022-06-21,11.96,11.9644453769841,0.004445376984099525,0.004445376984099525,1.976137653076179e-05,1.0,0.2,enet_a1.0_l0.2,submitted_main_linear_features_H3_18col,6ed147cd585e5e8083292683f9be3cf585e97e4d46fa0e3224d24a4e2b42cbbb,f83baf5732ffbf88b9a448a3d9ab9fa270f7495fe44d1559c1ac49795a30881a,69cfb2bf8bc181dc1de1e09f0c7477a1a5de7585,elasticnet_corrected_69cfb2bf8bc1_6ed147cd_f83baf57
ElasticNet,3,2,2022-06-19,2022-06-22,13.96,11.95912710397138,-2.0008728960286213,2.0008728960286213,4.003492346061962,1.0,0.2,enet_a1.0_l0.2,submitted_main_linear_features_H3_18col,6ed147cd585e5e8083292683f9be3cf585e97e4d46fa0e3224d24a4e2b42cbbb,f83baf5732ffbf88b9a448a3d9ab9fa270f7495fe44d1559c1ac49795a30881a,69cfb2bf8bc181dc1de1e09f0c7477a1a5de7585,elasticnet_corrected_69cfb2bf8bc1_6ed147cd_f83baf57
ElasticNet,3,2,2022-06-20,2022-06-23,13.33,12.0116427844483,-1.3183572155516998,1.3183572155516998,1.7380657477972312,1.0,0.2,enet_a1.0_l0.2,submitted_main_linear_features_H3_18col,6ed147cd585e5e8083292683f9be3cf585e97e4d46fa0e3224d24a4e2b42cbbb,f83baf5732ffbf88b9a448a3d9ab9fa270f7495fe44d1559c1ac49795a30881a,69cfb2bf8bc181dc1de1e09f0c7477a1a5de7585,elasticnet_corrected_69cfb2bf8bc1_6ed147cd_f83baf57
ElasticNet,3,2,2022-06-21,2022-06-24,13.07,12.018293867863052,-1.0517061321369479,1.0517061321369479,1.1060857883744593,1.0,0.2,enet_a1.0_l0.2,submitted_main_linear_features_H3_18col,6ed147cd585e5e8083292683f9be3cf585e97e4d46fa0e3224d24a4e2b42cbbb,f83baf5732ffbf88b9a448a3d9ab9fa270f7495fe44d1559c1ac49795a30881a,69cfb2bf8bc181dc1de1e09f0c7477a1a5de7585,elasticnet_corrected_69cfb2bf8bc1_6ed147cd_f83baf57
ElasticNet,3,2,2022-06-22,2022-06-25,11.83,12.119852466542723,0.28985246654272245,0.28985246654272245,0.08401445236090004,1.0,0.2,enet_a1.0_l0.2,submitted_main_linear_features_H3_18col,6ed147cd585e5e8083292683f9be3cf585e97e4d46fa0e3224d24a4e2b42cbbb,f83baf5732ffbf88b9a448a3d9ab9fa270f7495fe44d1559c1ac49795a30881a,69cfb2bf8bc181dc1de1e09f0c7477a1a5de7585,elasticnet_corrected_69cfb2bf8bc1_6ed147cd_f83baf57
ElasticNet,3,2,2022-06-23,2022-06-26,11.71,12.55004129775629,0.8400412977562883,0.8400412977562883,0.7056693819360691,1.0,0.2,enet_a1.0_l0.2,submitted_main_linear_features_H3_18col,6ed147cd585e5e8083292683f9be3cf585e97e4d46fa0e3224d24a4e2b42cbbb,f83baf5732ffbf88b9a448a3d9ab9fa270f7495fe44d1559c1ac49795a30881a,69cfb2bf8bc181dc1de1e09f0c7477a1a5de7585,elasticnet_corrected_69cfb2bf8bc1_6ed147cd_f83baf57
ElasticNet,3,2,2022-06-24,2022-06-27,12.04,12.554348798768515,0.5143487987685162,0.5143487987685162,0.26455468679461563,1.0,0.2,enet_a1.0_l0.2,submitted_main_linear_features_H3_18col,6ed147cd585e5e8083292683f9be3cf585e97e4d46fa0e3224d24a4e2b42cbbb,f83baf5732ffbf88b9a448a3d9ab9fa270f7495fe44d1559c1ac49795a30881a,69cfb2bf8bc181dc1de1e09f0c7477a1a5de7585,elasticnet_corrected_69cfb2bf8bc1_6ed147cd_f83baf57
ElasticNet,3,2,2022-06-25,2022-06-28,9.34,12.538573113304823,3.198573113304823,3.198573113304823,10.230869961156507,1.0,0.2,enet_a1.0_l0.2,submitted_main_linear_features_H3_18col,6ed147cd585e5e8083292683f9be3cf585e97e4d46fa0e3224d24a4e2b42cbbb,f83baf5732ffbf88b9a448a3d9ab9fa270f7495fe44d1559c1ac49795a30881a,69cfb2bf8bc181dc1de1e09f0c7477a1a5de7585,elasticnet_corrected_69cfb2bf8bc1_6ed147cd_f83baf57
ElasticNet,3,2,2022-06-26,2022-06-29,9.1,12.388939381683757,3.2889393816837575,3.2889393816837575,10.817122256390338,1.0,0.2,enet_a1.0_l0.2,submitted_main_linear_features_H3_18col,6ed147cd585e5e8083292683f9be3cf585e97e4d46fa0e3224d24a4e2b42cbbb,f83baf5732ffbf88b9a448a3d9ab9fa270f7495fe44d1559c1ac49795a30881a,69cfb2bf8bc181dc1de1e09f0c7477a1a5de7585,elasticnet_corrected_69cfb2bf8bc1_6ed147cd_f83baf57
ElasticNet,3,2,2022-06-27,2022-06-30,12.71,12.169233215617718,-0.5407667843822832,0.5407667843822832,0.29242871509115476,1.0,0.2,enet_a1.0_l0.2,submitted_main_linear_features_H3_18col,6ed147cd585e5e8083292683f9be3cf585e97e4d46fa0e3224d24a4e2b42cbbb,f83baf5732ffbf88b9a448a3d9ab9fa270f7495fe44d1559c1ac49795a30881a,69cfb2bf8bc181dc1de1e09f0c7477a1a5de7585,elasticnet_corrected_69cfb2bf8bc1_6ed147cd_f83baf57
ElasticNet,3,2,2022-06-28,2022-07-01,12.94,12.220084728452127,-0.7199152715478725,0.7199152715478725,0.518277998207847,1.0,0.2,enet_a1.0_l0.2,submitted_main_linear_features_H3_18col,6ed147cd585e5e8083292683f9be3cf585e97e4d46fa0e3224d24a4e2b42cbbb,f83baf5732ffbf88b9a448a3d9ab9fa270f7495fe44d1559c1ac49795a30881a,69cfb2bf8bc181dc1de1e09f0c7477a1a5de7585,elasticnet_corrected_69cfb2bf8bc1_6ed147cd_f83baf57
ElasticNet,3,2,2022-06-29,2022-07-02,10.07,11.730903073242148,1.6609030732421477,1.6609030732421477,2.758599018705211,1.0,0.2,enet_a1.0_l0.2,submitted_main_linear_features_H3_18col,6ed147cd585e5e8083292683f9be3cf585e97e4d46fa0e3224d24a4e2b42cbbb,f83baf5732ffbf88b9a448a3d9ab9fa270f7495fe44d1559c1ac49795a30881a,69cfb2bf8bc181dc1de1e09f0c7477a1a5de7585,elasticnet_corrected_69cfb2bf8bc1_6ed147cd_f83baf57
ElasticNet,3,2,2022-06-30,2022-07-03,9.04,11.724513731486873,2.6845137314868737,2.6845137314868737,7.206613974541578,1.0,0.2,enet_a1.0_l0.2,submitted_main_linear_features_H3_18col,6ed147cd585e5e8083292683f9be3cf585e97e4d46fa0e3224d24a4e2b42cbbb,f83baf5732ffbf88b9a448a3d9ab9fa270f7495fe44d1559c1ac49795a30881a,69cfb2bf8bc181dc1de1e09f0c7477a1a5de7585,elasticnet_corrected_69cfb2bf8bc1_6ed147cd_f83baf57
ElasticNet,3,2,2022-07-01,2022-07-04,11.09,12.241336530542846,1.1513365305428458,1.1513365305428458,1.3255758065624372,1.0,0.2,enet_a1.0_l0.2,submitted_main_linear_features_H3_18col,6ed147cd585e5e8083292683f9be3cf585e97e4d46fa0e3224d24a4e2b42cbbb,f83baf5732ffbf88b9a448a3d9ab9fa270f7495fe44d1559c1ac49795a30881a,69cfb2bf8bc181dc1de1e09f0c7477a1a5de7585,elasticnet_corrected_69cfb2bf8bc1_6ed147cd_f83baf57
ElasticNet,3,2,2022-07-02,2022-07-05,11.74,12.27365440513061,0.5336544051306102,0.5336544051306102,0.2847870241153055,1.0,0.2,enet_a1.0_l0.2,submitted_main_linear_features_H3_18col,6ed147cd585e5e8083292683f9be3cf585e97e4d46fa0e3224d24a4e2b42cbbb,f83baf5732ffbf88b9a448a3d9ab9fa270f7495fe44d1559c1ac49795a30881a,69cfb2bf8bc181dc1de1e09f0c7477a1a5de7585,elasticnet_corrected_69cfb2bf8bc1_6ed147cd_f83baf57
ElasticNet,3,2,2022-07-03,2022-07-06,11.62,11.83822735599617,0.21822735599617005,0.21822735599617005,0.04762317890507913,1.0,0.2,enet_a1.0_l0.2,submitted_main_linear_features_H3_18col,6ed147cd585e5e8083292683f9be3cf585e97e4d46fa0e3224d24a4e2b42cbbb,f83baf5732ffbf88b9a448a3d9ab9fa270f7495fe44d1559c1ac49795a30881a,69cfb2bf8bc181dc1de1e09f0c7477a1a5de7585,elasticnet_corrected_69cfb2bf8bc1_6ed147cd_f83baf57
ElasticNet,3,2,2022-07-04,2022-07-07,13.14,11.689352388742837,-1.450647611257164,1.450647611257164,2.104378492046116,1.0,0.2,enet_a1.0_l0.2,submitted_main_linear_features_H3_18col,6ed147cd585e5e8083292683f9be3cf585e97e4d46fa0e3224d24a4e2b42cbbb,f83baf5732ffbf88b9a448a3d9ab9fa270f7495fe44d1559c1ac49795a30881a,69cfb2bf8bc181dc1de1e09f0c7477a1a5de7585,elasticnet_corrected_69cfb2bf8bc1_6ed147cd_f83baf57
ElasticNet,3,2,2022-07-05,2022-07-08,10.84,11.96361926888338,1.1236192688833793,1.1236192688833793,1.2625202614060198,1.0,0.2,enet_a1.0_l0.2,submitted_main_linear_features_H3_18col,6ed147cd585e5e8083292683f9be3cf585e97e4d46fa0e3224d24a4e2b42cbbb,f83baf5732ffbf88b9a448a3d9ab9fa270f7495fe44d1559c1ac49795a30881a,69cfb2bf8bc181dc1de1e09f0c7477a1a5de7585,elasticnet_corrected_69cfb2bf8bc1_6ed147cd_f83baf57
ElasticNet,3,2,2022-07-06,2022-07-09,11.6,12.093833428897137,0.4938334288971369,0.4938334288971369,0.24387145549630354,1.0,0.2,enet_a1.0_l0.2,submitted_main_linear_features_H3_18col,6ed147cd585e5e8083292683f9be3cf585e97e4d46fa0e3224d24a4e2b42cbbb,f83baf5732ffbf88b9a448a3d9ab9fa270f7495fe44d1559c1ac49795a30881a,69cfb2bf8bc181dc1de1e09f0c7477a1a5de7585,elasticnet_corrected_69cfb2bf8bc1_6ed147cd_f83baf57
ElasticNet,3,2,2022-07-07,2022-07-10,11.35,12.207957188551056,0.8579571885510564,0.8579571885510564,0.7360905373864329,1.0,0.2,enet_a1.0_l0.2,submitted_main_linear_features_H3_18col,6ed147cd585e5e8083292683f9be3cf585e97e4d46fa0e3224d24a4e2b42cbbb,f83baf5732ffbf88b9a448a3d9ab9fa270f7495fe44d1559c1ac49795a30881a,69cfb2bf8bc181dc1de1e09f0c7477a1a5de7585,elasticnet_corrected_69cfb2bf8bc1_6ed147cd_f83baf57
ElasticNet,3,2,2022-07-08,2022-07-11,12.84,12.362633394371136,-0.47736660562886435,0.47736660562886435,0.2278788761696237,1.0,0.2,enet_a1.0_l0.2,submitted_main_linear_features_H3_18col,6ed147cd585e5e8083292683f9be3cf585e97e4d46fa0e3224d24a4e2b42cbbb,f83baf5732ffbf88b9a448a3d9ab9fa270f7495fe44d1559c1ac49795a30881a,69cfb2bf8bc181dc1de1e09f0c7477a1a5de7585,elasticnet_corrected_69cfb2bf8bc1_6ed147cd_f83baf57
ElasticNet,3,2,2022-07-09,2022-07-12,10.85,12.05102638800684,1.2010263880068397,1.2010263880068397,1.442464384688756,1.0,0.2,enet_a1.0_l0.2,submitted_main_linear_features_H3_18col,6ed147cd585e5e8083292683f9be3cf585e97e4d46fa0e3224d24a4e2b42cbbb,f83baf5732ffbf88b9a448a3d9ab9fa270f7495fe44d1559c1ac49795a30881a,69cfb2bf8bc181dc1de1e09f0c7477a1a5de7585,elasticnet_corrected_69cfb2bf8bc1_6ed147cd_f83baf57
ElasticNet,3,2,2022-07-10,2022-07-13,12.23,12.209677043850299,-0.02032295614970181,0.02032295614970181,0.0004130225466627026,1.0,0.2,enet_a1.0_l0.2,submitted_main_linear_features_H3_18col,6ed147cd585e5e8083292683f9be3cf585e97e4d46fa0e3224d24a4e2b42cbbb,f83baf5732ffbf88b9a448a3d9ab9fa270f7495fe44d1559c1ac49795a30881a,69cfb2bf8bc181dc1de1e09f0c7477a1a5de7585,elasticnet_corrected_69cfb2bf8bc1_6ed147cd_f83baf57
ElasticNet,3,2,2022-07-11,2022-07-14,13.62,12.122434897651036,-1.497565102348963,1.497565102348963,2.2427012357734597,1.0,0.2,enet_a1.0_l0.2,submitted_main_linear_features_H3_18col,6ed147cd585e5e8083292683f9be3cf585e97e4d46fa0e3224d24a4e2b42cbbb,f83baf5732ffbf88b9a448a3d9ab9fa270f7495fe44d1559c1ac49795a30881a,69cfb2bf8bc181dc1de1e09f0c7477a1a5de7585,elasticnet_corrected_69cfb2bf8bc1_6ed147cd_f83baf57
ElasticNet,3,2,2022-07-12,2022-07-15,12.58,12.285372547689436,-0.2946274523105643,0.2946274523105643,0.08680533565501385,1.0,0.2,enet_a1.0_l0.2,submitted_main_linear_features_H3_18col,6ed147cd585e5e8083292683f9be3cf585e97e4d46fa0e3224d24a4e2b42cbbb,f83baf5732ffbf88b9a448a3d9ab9fa270f7495fe44d1559c1ac49795a30881a,69cfb2bf8bc181dc1de1e09f0c7477a1a5de7585,elasticnet_corrected_69cfb2bf8bc1_6ed147cd_f83baf57
ElasticNet,3,2,2022-07-13,2022-07-16,12.6,12.001742410266635,-0.5982575897333646,0.5982575897333646,0.3579121436735748,1.0,0.2,enet_a1.0_l0.2,submitted_main_linear_features_H3_18col,6ed147cd585e5e8083292683f9be3cf585e97e4d46fa0e3224d24a4e2b42cbbb,f83baf5732ffbf88b9a448a3d9ab9fa270f7495fe44d1559c1ac49795a30881a,69cfb2bf8bc181dc1de1e09f0c7477a1a5de7585,elasticnet_corrected_69cfb2bf8bc1_6ed147cd_f83baf57
ElasticNet,3,2,2022-07-14,2022-07-17,11.39,12.200825794979153,0.8108257949791522,0.8108257949791522,0.6574384698035741,1.0,0.2,enet_a1.0_l0.2,submitted_main_linear_features_H3_18col,6ed147cd585e5e8083292683f9be3cf585e97e4d46fa0e3224d24a4e2b42cbbb,f83baf5732ffbf88b9a448a3d9ab9fa270f7495fe44d1559c1ac49795a30881a,69cfb2bf8bc181dc1de1e09f0c7477a1a5de7585,elasticnet_corrected_69cfb2bf8bc1_6ed147cd_f83baf57
ElasticNet,3,2,2022-07-15,2022-07-18,12.11,12.384971040281185,0.27497104028118535,0.27497104028118535,0.07560907299331726,1.0,0.2,enet_a1.0_l0.2,submitted_main_linear_features_H3_18col,6ed147cd585e5e8083292683f9be3cf585e97e4d46fa0e3224d24a4e2b42cbbb,f83baf5732ffbf88b9a448a3d9ab9fa270f7495fe44d1559c1ac49795a30881a,69cfb2bf8bc181dc1de1e09f0c7477a1a5de7585,elasticnet_corrected_69cfb2bf8bc1_6ed147cd_f83baf57
ElasticNet,3,2,2022-07-16,2022-07-19,9.71,12.298762385509955,2.5887623855099537,2.5887623855099537,6.701690688631186,1.0,0.2,enet_a1.0_l0.2,submitted_main_linear_features_H3_18col,6ed147cd585e5e8083292683f9be3cf585e97e4d46fa0e3224d24a4e2b42cbbb,f83baf5732ffbf88b9a448a3d9ab9fa270f7495fe44d1559c1ac49795a30881a,69cfb2bf8bc181dc1de1e09f0c7477a1a5de7585,elasticnet_corrected_69cfb2bf8bc1_6ed147cd_f83baf57
ElasticNet,3,2,2022-07-17,2022-07-20,12.02,12.308301936488709,0.2883019364887094,0.2883019364887094,0.08311800658313982,1.0,0.2,enet_a1.0_l0.2,submitted_main_linear_features_H3_18col,6ed147cd585e5e8083292683f9be3cf585e97e4d46fa0e3224d24a4e2b42cbbb,f83baf5732ffbf88b9a448a3d9ab9fa270f7495fe44d1559c1ac49795a30881a,69cfb2bf8bc181dc1de1e09f0c7477a1a5de7585,elasticnet_corrected_69cfb2bf8bc1_6ed147cd_f83baf57
ElasticNet,3,2,2022-07-18,2022-07-21,11.9,11.945544261305931,0.045544261305931144,0.045544261305931144,0.0020742797379029367,1.0,0.2,enet_a1.0_l0.2,submitted_main_linear_features_H3_18col,6ed147cd585e5e8083292683f9be3cf585e97e4d46fa0e3224d24a4e2b42cbbb,f83baf5732ffbf88b9a448a3d9ab9fa270f7495fe44d1559c1ac49795a30881a,69cfb2bf8bc181dc1de1e09f0c7477a1a5de7585,elasticnet_corrected_69cfb2bf8bc1_6ed147cd_f83baf57
ElasticNet,3,2,2022-07-19,2022-07-22,11.05,12.025437227608545,0.9754372276085448,0.9754372276085448,0.951477785004644,1.0,0.2,enet_a1.0_l0.2,submitted_main_linear_features_H3_18col,6ed147cd585e5e8083292683f9be3cf585e97e4d46fa0e3224d24a4e2b42cbbb,f83baf5732ffbf88b9a448a3d9ab9fa270f7495fe44d1559c1ac49795a30881a,69cfb2bf8bc181dc1de1e09f0c7477a1a5de7585,elasticnet_corrected_69cfb2bf8bc1_6ed147cd_f83baf57
ElasticNet,3,2,2022-07-20,2022-07-23,11.92,11.722683087708411,-0.19731691229158876,0.19731691229158876,0.03893396387628653,1.0,0.2,enet_a1.0_l0.2,submitted_main_linear_features_H3_18col,6ed147cd585e5e8083292683f9be3cf585e97e4d46fa0e3224d24a4e2b42cbbb,f83baf5732ffbf88b9a448a3d9ab9fa270f7495fe44d1559c1ac49795a30881a,69cfb2bf8bc181dc1de1e09f0c7477a1a5de7585,elasticnet_corrected_69cfb2bf8bc1_6ed147cd_f83baf57
ElasticNet,3,2,2022-07-21,2022-07-24,11.48,12.261880475227633,0.7818804752276325,0.7818804752276325,0.6113370775421885,1.0,0.2,enet_a1.0_l0.2,submitted_main_linear_features_H3_18col,6ed147cd585e5e8083292683f9be3cf585e97e4d46fa0e3224d24a4e2b42cbbb,f83baf5732ffbf88b9a448a3d9ab9fa270f7495fe44d1559c1ac49795a30881a,69cfb2bf8bc181dc1de1e09f0c7477a1a5de7585,elasticnet_corrected_69cfb2bf8bc1_6ed147cd_f83baf57
ElasticNet,3,2,2022-07-22,2022-07-25,10.61,12.205165432892047,1.5951654328920473,1.5951654328920473,2.5445527582936727,1.0,0.2,enet_a1.0_l0.2,submitted_main_linear_features_H3_18col,6ed147cd585e5e8083292683f9be3cf585e97e4d46fa0e3224d24a4e2b42cbbb,f83baf5732ffbf88b9a448a3d9ab9fa270f7495fe44d1559c1ac49795a30881a,69cfb2bf8bc181dc1de1e09f0c7477a1a5de7585,elasticnet_corrected_69cfb2bf8bc1_6ed147cd_f83baf57
ElasticNet,3,2,2022-07-23,2022-07-26,9.41,12.000581397152862,2.590581397152862,2.590581397152862,6.711111975274474,1.0,0.2,enet_a1.0_l0.2,submitted_main_linear_features_H3_18col,6ed147cd585e5e8083292683f9be3cf585e97e4d46fa0e3224d24a4e2b42cbbb,f83baf5732ffbf88b9a448a3d9ab9fa270f7495fe44d1559c1ac49795a30881a,69cfb2bf8bc181dc1de1e09f0c7477a1a5de7585,elasticnet_corrected_69cfb2bf8bc1_6ed147cd_f83baf57
ElasticNet,3,2,2022-07-24,2022-07-27,10.84,12.059731979935464,1.2197319799354638,1.2197319799354638,1.4877461028772867,1.0,0.2,enet_a1.0_l0.2,submitted_main_linear_features_H3_18col,6ed147cd585e5e8083292683f9be3cf585e97e4d46fa0e3224d24a4e2b42cbbb,f83baf5732ffbf88b9a448a3d9ab9fa270f7495fe44d1559c1ac49795a30881a,69cfb2bf8bc181dc1de1e09f0c7477a1a5de7585,elasticnet_corrected_69cfb2bf8bc1_6ed147cd_f83baf57
ElasticNet,3,2,2022-07-25,2022-07-28,10.36,11.982423871348876,1.622423871348877,1.622423871348877,2.632259218322677,1.0,0.2,enet_a1.0_l0.2,submitted_main_linear_features_H3_18col,6ed147cd585e5e8083292683f9be3cf585e97e4d46fa0e3224d24a4e2b42cbbb,f83baf5732ffbf88b9a448a3d9ab9fa270f7495fe44d1559c1ac49795a30881a,69cfb2bf8bc181dc1de1e09f0c7477a1a5de7585,elasticnet_corrected_69cfb2bf8bc1_6ed147cd_f83baf57
ElasticNet,3,2,2022-07-26,2022-07-29,12.71,11.94097240462505,-0.7690275953749506,0.7690275953749506,0.5914034424481787,1.0,0.2,enet_a1.0_l0.2,submitted_main_linear_features_H3_18col,6ed147cd585e5e8083292683f9be3cf585e97e4d46fa0e3224d24a4e2b42cbbb,f83baf5732ffbf88b9a448a3d9ab9fa270f7495fe44d1559c1ac49795a30881a,69cfb2bf8bc181dc1de1e09f0c7477a1a5de7585,elasticnet_corrected_69cfb2bf8bc1_6ed147cd_f83baf57
ElasticNet,3,2,2022-07-27,2022-07-30,11.0,11.818920093641404,0.8189200936414043,0.8189200936414043,0.6706301197696464,1.0,0.2,enet_a1.0_l0.2,submitted_main_linear_features_H3_18col,6ed147cd585e5e8083292683f9be3cf585e97e4d46fa0e3224d24a4e2b42cbbb,f83baf5732ffbf88b9a448a3d9ab9fa270f7495fe44d1559c1ac49795a30881a,69cfb2bf8bc181dc1de1e09f0c7477a1a5de7585,elasticnet_corrected_69cfb2bf8bc1_6ed147cd_f83baf57
ElasticNet,3,2,2022-07-28,2022-07-31,11.68,11.856183513418586,0.17618351341858585,0.17618351341858585,0.03104063040051702,1.0,0.2,enet_a1.0_l0.2,submitted_main_linear_features_H3_18col,6ed147cd585e5e8083292683f9be3cf585e97e4d46fa0e3224d24a4e2b42cbbb,f83baf5732ffbf88b9a448a3d9ab9fa270f7495fe44d1559c1ac49795a30881a,69cfb2bf8bc181dc1de1e09f0c7477a1a5de7585,elasticnet_corrected_69cfb2bf8bc1_6ed147cd_f83baf57
ElasticNet,3,2,2022-07-29,2022-08-01,11.72,11.740788699611075,0.020788699611074435,0.020788699611074435,0.00043217003151948635,1.0,0.2,enet_a1.0_l0.2,submitted_main_linear_features_H3_18col,6ed147cd585e5e8083292683f9be3cf585e97e4d46fa0e3224d24a4e2b42cbbb,f83baf5732ffbf88b9a448a3d9ab9fa270f7495fe44d1559c1ac49795a30881a,69cfb2bf8bc181dc1de1e09f0c7477a1a5de7585,elasticnet_corrected_69cfb2bf8bc1_6ed147cd_f83baf57
ElasticNet,3,2,2022-07-30,2022-08-02,13.98,12.108291617260052,-1.871708382739948,1.871708382739948,3.503292270018992,1.0,0.2,enet_a1.0_l0.2,submitted_main_linear_features_H3_18col,6ed147cd585e5e8083292683f9be3cf585e97e4d46fa0e3224d24a4e2b42cbbb,f83baf5732ffbf88b9a448a3d9ab9fa270f7495fe44d1559c1ac49795a30881a,69cfb2bf8bc181dc1de1e09f0c7477a1a5de7585,elasticnet_corrected_69cfb2bf8bc1_6ed147cd_f83baf57
ElasticNet,3,2,2022-07-31,2022-08-03,15.37,11.891858757425078,-3.478141242574921,3.478141242574921,12.097466503300614,1.0,0.2,enet_a1.0_l0.2,submitted_main_linear_features_H3_18col,6ed147cd585e5e8083292683f9be3cf585e97e4d46fa0e3224d24a4e2b42cbbb,f83baf5732ffbf88b9a448a3d9ab9fa270f7495fe44d1559c1ac49795a30881a,69cfb2bf8bc181dc1de1e09f0c7477a1a5de7585,elasticnet_corrected_69cfb2bf8bc1_6ed147cd_f83baf57
ElasticNet,3,2,2022-08-01,2022-08-04,13.75,12.003137599706227,-1.7468624002937734,1.7468624002937734,3.051528245560123,1.0,0.2,enet_a1.0_l0.2,submitted_main_linear_features_H3_18col,6ed147cd585e5e8083292683f9be3cf585e97e4d46fa0e3224d24a4e2b42cbbb,f83baf5732ffbf88b9a448a3d9ab9fa270f7495fe44d1559c1ac49795a30881a,69cfb2bf8bc181dc1de1e09f0c7477a1a5de7585,elasticnet_corrected_69cfb2bf8bc1_6ed147cd_f83baf57
ElasticNet,3,2,2022-08-02,2022-08-05,12.58,12.096486022051637,-0.4835139779483626,0.4835139779483626,0.23378576687144967,1.0,0.2,enet_a1.0_l0.2,submitted_main_linear_features_H3_18col,6ed147cd585e5e8083292683f9be3cf585e97e4d46fa0e3224d24a4e2b42cbbb,f83baf5732ffbf88b9a448a3d9ab9fa270f7495fe44d1559c1ac49795a30881a,69cfb2bf8bc181dc1de1e09f0c7477a1a5de7585,elasticnet_corrected_69cfb2bf8bc1_6ed147cd_f83baf57
ElasticNet,3,2,2022-08-03,2022-08-06,11.47,12.434530304115727,0.9645303041157263,0.9645303041157263,0.9303187075575754,1.0,0.2,enet_a1.0_l0.2,submitted_main_linear_features_H3_18col,6ed147cd585e5e8083292683f9be3cf585e97e4d46fa0e3224d24a4e2b42cbbb,f83baf5732ffbf88b9a448a3d9ab9fa270f7495fe44d1559c1ac49795a30881a,69cfb2bf8bc181dc1de1e09f0c7477a1a5de7585,elasticnet_corrected_69cfb2bf8bc1_6ed147cd_f83baf57
ElasticNet,3,2,2022-08-04,2022-08-07,10.79,12.786294041029873,1.9962940410298735,1.9962940410298735,3.9851898982513823,1.0,0.2,enet_a1.0_l0.2,submitted_main_linear_features_H3_18col,6ed147cd585e5e8083292683f9be3cf585e97e4d46fa0e3224d24a4e2b42cbbb,f83baf5732ffbf88b9a448a3d9ab9fa270f7495fe44d1559c1ac49795a30881a,69cfb2bf8bc181dc1de1e09f0c7477a1a5de7585,elasticnet_corrected_69cfb2bf8bc1_6ed147cd_f83baf57
ElasticNet,3,2,2022-08-05,2022-08-08,11.84,12.697974619387635,0.857974619387635,0.857974619387635,0.7361204475133571,1.0,0.2,enet_a1.0_l0.2,submitted_main_linear_features_H3_18col,6ed147cd585e5e8083292683f9be3cf585e97e4d46fa0e3224d24a4e2b42cbbb,f83baf5732ffbf88b9a448a3d9ab9fa270f7495fe44d1559c1ac49795a30881a,69cfb2bf8bc181dc1de1e09f0c7477a1a5de7585,elasticnet_corrected_69cfb2bf8bc1_6ed147cd_f83baf57
ElasticNet,3,2,2022-08-06,2022-08-09,11.92,12.508326643058538,0.5883266430585383,0.5883266430585383,0.34612823893252875,1.0,0.2,enet_a1.0_l0.2,submitted_main_linear_features_H3_18col,6ed147cd585e5e8083292683f9be3cf585e97e4d46fa0e3224d24a4e2b42cbbb,f83baf5732ffbf88b9a448a3d9ab9fa270f7495fe44d1559c1ac49795a30881a,69cfb2bf8bc181dc1de1e09f0c7477a1a5de7585,elasticnet_corrected_69cfb2bf8bc1_6ed147cd_f83baf57
ElasticNet,3,2,2022-08-07,2022-08-10,9.1,12.325438084523944,3.225438084523944,3.225438084523944,10.403450837097488,1.0,0.2,enet_a1.0_l0.2,submitted_main_linear_features_H3_18col,6ed147cd585e5e8083292683f9be3cf585e97e4d46fa0e3224d24a4e2b42cbbb,f83baf5732ffbf88b9a448a3d9ab9fa270f7495fe44d1559c1ac49795a30881a,69cfb2bf8bc181dc1de1e09f0c7477a1a5de7585,elasticnet_corrected_69cfb2bf8bc1_6ed147cd_f83baf57
ElasticNet,3,2,2022-08-08,2022-08-11,10.85,12.175079257056758,1.3250792570567587,1.3250792570567587,1.7558350374820915,1.0,0.2,enet_a1.0_l0.2,submitted_main_linear_features_H3_18col,6ed147cd585e5e8083292683f9be3cf585e97e4d46fa0e3224d24a4e2b42cbbb,f83baf5732ffbf88b9a448a3d9ab9fa270f7495fe44d1559c1ac49795a30881a,69cfb2bf8bc181dc1de1e09f0c7477a1a5de7585,elasticnet_corrected_69cfb2bf8bc1_6ed147cd_f83baf57
ElasticNet,3,2,2022-08-09,2022-08-12,10.13,12.301439306768154,2.1714393067681534,2.1714393067681534,4.715148662977759,1.0,0.2,enet_a1.0_l0.2,submitted_main_linear_features_H3_18col,6ed147cd585e5e8083292683f9be3cf585e97e4d46fa0e3224d24a4e2b42cbbb,f83baf5732ffbf88b9a448a3d9ab9fa270f7495fe44d1559c1ac49795a30881a,69cfb2bf8bc181dc1de1e09f0c7477a1a5de7585,elasticnet_corrected_69cfb2bf8bc1_6ed147cd_f83baf57
ElasticNet,3,2,2022-08-10,2022-08-13,9.9,12.250493926425257,2.3504939264252567,2.3504939264252567,5.52482169816202,1.0,0.2,enet_a1.0_l0.2,submitted_main_linear_features_H3_18col,6ed147cd585e5e8083292683f9be3cf585e97e4d46fa0e3224d24a4e2b42cbbb,f83baf5732ffbf88b9a448a3d9ab9fa270f7495fe44d1559c1ac49795a30881a,69cfb2bf8bc181dc1de1e09f0c7477a1a5de7585,elasticnet_corrected_69cfb2bf8bc1_6ed147cd_f83baf57
ElasticNet,3,2,2022-08-11,2022-08-14,8.88,11.685663077917875,2.805663077917874,2.805663077917874,7.871745306791598,1.0,0.2,enet_a1.0_l0.2,submitted_main_linear_features_H3_18col,6ed147cd585e5e8083292683f9be3cf585e97e4d46fa0e3224d24a4e2b42cbbb,f83baf5732ffbf88b9a448a3d9ab9fa270f7495fe44d1559c1ac49795a30881a,69cfb2bf8bc181dc1de1e09f0c7477a1a5de7585,elasticnet_corrected_69cfb2bf8bc1_6ed147cd_f83baf57
ElasticNet,3,2,2022-08-12,2022-08-15,7.51,11.832311023906092,4.322311023906092,4.322311023906092,18.682372587380133,1.0,0.2,enet_a1.0_l0.2,submitted_main_linear_features_H3_18col,6ed147cd585e5e8083292683f9be3cf585e97e4d46fa0e3224d24a4e2b42cbbb,f83baf5732ffbf88b9a448a3d9ab9fa270f7495fe44d1559c1ac49795a30881a,69cfb2bf8bc181dc1de1e09f0c7477a1a5de7585,elasticnet_corrected_69cfb2bf8bc1_6ed147cd_f83baf57
ElasticNet,3,2,2022-08-13,2022-08-16,7.97,11.645917480984384,3.675917480984384,3.675917480984384,13.51236932700658,1.0,0.2,enet_a1.0_l0.2,submitted_main_linear_features_H3_18col,6ed147cd585e5e8083292683f9be3cf585e97e4d46fa0e3224d24a4e2b42cbbb,f83baf5732ffbf88b9a448a3d9ab9fa270f7495fe44d1559c1ac49795a30881a,69cfb2bf8bc181dc1de1e09f0c7477a1a5de7585,elasticnet_corrected_69cfb2bf8bc1_6ed147cd_f83baf57
ElasticNet,3,2,2022-08-14,2022-08-17,10.81,11.574344799693442,0.7643447996934416,0.7643447996934416,0.5842229728184074,1.0,0.2,enet_a1.0_l0.2,submitted_main_linear_features_H3_18col,6ed147cd585e5e8083292683f9be3cf585e97e4d46fa0e3224d24a4e2b42cbbb,f83baf5732ffbf88b9a448a3d9ab9fa270f7495fe44d1559c1ac49795a30881a,69cfb2bf8bc181dc1de1e09f0c7477a1a5de7585,elasticnet_corrected_69cfb2bf8bc1_6ed147cd_f83baf57
ElasticNet,3,2,2022-08-15,2022-08-18,10.51,11.50881620485325,0.9988162048532505,0.9988162048532505,0.9976338110774505,1.0,0.2,enet_a1.0_l0.2,submitted_main_linear_features_H3_18col,6ed147cd585e5e8083292683f9be3cf585e97e4d46fa0e3224d24a4e2b42cbbb,f83baf5732ffbf88b9a448a3d9ab9fa270f7495fe44d1559c1ac49795a30881a,69cfb2bf8bc181dc1de1e09f0c7477a1a5de7585,elasticnet_corrected_69cfb2bf8bc1_6ed147cd_f83baf57
ElasticNet,3,2,2022-08-16,2022-08-19,8.86,11.108449222168538,2.2484492221685386,2.2484492221685386,5.055523904670307,1.0,0.2,enet_a1.0_l0.2,submitted_main_linear_features_H3_18col,6ed147cd585e5e8083292683f9be3cf585e97e4d46fa0e3224d24a4e2b42cbbb,f83baf5732ffbf88b9a448a3d9ab9fa270f7495fe44d1559c1ac49795a30881a,69cfb2bf8bc181dc1de1e09f0c7477a1a5de7585,elasticnet_corrected_69cfb2bf8bc1_6ed147cd_f83baf57
ElasticNet,3,2,2022-08-17,2022-08-20,9.42,11.115279316242116,1.6952793162421163,1.6952793162421163,2.8739719600783373,1.0,0.2,enet_a1.0_l0.2,submitted_main_linear_features_H3_18col,6ed147cd585e5e8083292683f9be3cf585e97e4d46fa0e3224d24a4e2b42cbbb,f83baf5732ffbf88b9a448a3d9ab9fa270f7495fe44d1559c1ac49795a30881a,69cfb2bf8bc181dc1de1e09f0c7477a1a5de7585,elasticnet_corrected_69cfb2bf8bc1_6ed147cd_f83baf57
ElasticNet,3,2,2022-08-18,2022-08-21,9.74,11.457265109412656,1.717265109412656,1.717265109412656,2.9489994560060615,1.0,0.2,enet_a1.0_l0.2,submitted_main_linear_features_H3_18col,6ed147cd585e5e8083292683f9be3cf585e97e4d46fa0e3224d24a4e2b42cbbb,f83baf5732ffbf88b9a448a3d9ab9fa270f7495fe44d1559c1ac49795a30881a,69cfb2bf8bc181dc1de1e09f0c7477a1a5de7585,elasticnet_corrected_69cfb2bf8bc1_6ed147cd_f83baf57
ElasticNet,3,2,2022-08-19,2022-08-22,10.25,11.453310269226687,1.2033102692266873,1.2033102692266873,1.4479556040264026,1.0,0.2,enet_a1.0_l0.2,submitted_main_linear_features_H3_18col,6ed147cd585e5e8083292683f9be3cf585e97e4d46fa0e3224d24a4e2b42cbbb,f83baf5732ffbf88b9a448a3d9ab9fa270f7495fe44d1559c1ac49795a30881a,69cfb2bf8bc181dc1de1e09f0c7477a1a5de7585,elasticnet_corrected_69cfb2bf8bc1_6ed147cd_f83baf57
ElasticNet,3,2,2022-08-20,2022-08-23,12.0,11.216189264389,-0.7838107356110005,0.7838107356110005,0.6143592692590577,1.0,0.2,enet_a1.0_l0.2,submitted_main_linear_features_H3_18col,6ed147cd585e5e8083292683f9be3cf585e97e4d46fa0e3224d24a4e2b42cbbb,f83baf5732ffbf88b9a448a3d9ab9fa270f7495fe44d1559c1ac49795a30881a,69cfb2bf8bc181dc1de1e09f0c7477a1a5de7585,elasticnet_corrected_69cfb2bf8bc1_6ed147cd_f83baf57
ElasticNet,3,2,2022-08-21,2022-08-24,9.62,11.299680955828537,1.6796809558285375,1.6796809558285375,2.8213281133730694,1.0,0.2,enet_a1.0_l0.2,submitted_main_linear_features_H3_18col,6ed147cd585e5e8083292683f9be3cf585e97e4d46fa0e3224d24a4e2b42cbbb,f83baf5732ffbf88b9a448a3d9ab9fa270f7495fe44d1559c1ac49795a30881a,69cfb2bf8bc181dc1de1e09f0c7477a1a5de7585,elasticnet_corrected_69cfb2bf8bc1_6ed147cd_f83baf57
ElasticNet,3,2,2022-08-22,2022-08-25,9.98,11.324378433634433,1.3443784336344322,1.3443784336344322,1.8073533728213695,1.0,0.2,enet_a1.0_l0.2,submitted_main_linear_features_H3_18col,6ed147cd585e5e8083292683f9be3cf585e97e4d46fa0e3224d24a4e2b42cbbb,f83baf5732ffbf88b9a448a3d9ab9fa270f7495fe44d1559c1ac49795a30881a,69cfb2bf8bc181dc1de1e09f0c7477a1a5de7585,elasticnet_corrected_69cfb2bf8bc1_6ed147cd_f83baf57
ElasticNet,3,2,2022-08-23,2022-08-26,10.62,11.528004716129004,0.908004716129005,0.908004716129005,0.8244725645125149,1.0,0.2,enet_a1.0_l0.2,submitted_main_linear_features_H3_18col,6ed147cd585e5e8083292683f9be3cf585e97e4d46fa0e3224d24a4e2b42cbbb,f83baf5732ffbf88b9a448a3d9ab9fa270f7495fe44d1559c1ac49795a30881a,69cfb2bf8bc181dc1de1e09f0c7477a1a5de7585,elasticnet_corrected_69cfb2bf8bc1_6ed147cd_f83baf57
ElasticNet,3,2,2022-08-24,2022-08-27,12.52,11.668783063352922,-0.8512169366470772,0.8512169366470772,0.7245702732348343,1.0,0.2,enet_a1.0_l0.2,submitted_main_linear_features_H3_18col,6ed147cd585e5e8083292683f9be3cf585e97e4d46fa0e3224d24a4e2b42cbbb,f83baf5732ffbf88b9a448a3d9ab9fa270f7495fe44d1559c1ac49795a30881a,69cfb2bf8bc181dc1de1e09f0c7477a1a5de7585,elasticnet_corrected_69cfb2bf8bc1_6ed147cd_f83baf57
ElasticNet,3,2,2022-08-25,2022-08-28,13.15,11.29997983243972,-1.850020167560281,1.850020167560281,3.4225746203797702,1.0,0.2,enet_a1.0_l0.2,submitted_main_linear_features_H3_18col,6ed147cd585e5e8083292683f9be3cf585e97e4d46fa0e3224d24a4e2b42cbbb,f83baf5732ffbf88b9a448a3d9ab9fa270f7495fe44d1559c1ac49795a30881a,69cfb2bf8bc181dc1de1e09f0c7477a1a5de7585,elasticnet_corrected_69cfb2bf8bc1_6ed147cd_f83baf57
ElasticNet,3,2,2022-08-26,2022-08-29,11.3,11.351592246096237,0.05159224609623614,0.05159224609623614,0.002661759857254593,1.0,0.2,enet_a1.0_l0.2,submitted_main_linear_features_H3_18col,6ed147cd585e5e8083292683f9be3cf585e97e4d46fa0e3224d24a4e2b42cbbb,f83baf5732ffbf88b9a448a3d9ab9fa270f7495fe44d1559c1ac49795a30881a,69cfb2bf8bc181dc1de1e09f0c7477a1a5de7585,elasticnet_corrected_69cfb2bf8bc1_6ed147cd_f83baf57
ElasticNet,3,2,2022-08-27,2022-08-30,11.58,11.639956167810649,0.05995616781064861,0.05995616781064861,0.0035947420585386563,1.0,0.2,enet_a1.0_l0.2,submitted_main_linear_features_H3_18col,6ed147cd585e5e8083292683f9be3cf585e97e4d46fa0e3224d24a4e2b42cbbb,f83baf5732ffbf88b9a448a3d9ab9fa270f7495fe44d1559c1ac49795a30881a,69cfb2bf8bc181dc1de1e09f0c7477a1a5de7585,elasticnet_corrected_69cfb2bf8bc1_6ed147cd_f83baf57
ElasticNet,3,2,2022-08-28,2022-08-31,9.74,11.983429770557805,2.243429770557805,2.243429770557805,5.032977135425045,1.0,0.2,enet_a1.0_l0.2,submitted_main_linear_features_H3_18col,6ed147cd585e5e8083292683f9be3cf585e97e4d46fa0e3224d24a4e2b42cbbb,f83baf5732ffbf88b9a448a3d9ab9fa270f7495fe44d1559c1ac49795a30881a,69cfb2bf8bc181dc1de1e09f0c7477a1a5de7585,elasticnet_corrected_69cfb2bf8bc1_6ed147cd_f83baf57
ElasticNet,3,2,2022-08-29,2022-09-01,6.86,12.104534117357515,5.244534117357515,5.244534117357515,27.505138108126964,1.0,0.2,enet_a1.0_l0.2,submitted_main_linear_features_H3_18col,6ed147cd585e5e8083292683f9be3cf585e97e4d46fa0e3224d24a4e2b42cbbb,f83baf5732ffbf88b9a448a3d9ab9fa270f7495fe44d1559c1ac49795a30881a,69cfb2bf8bc181dc1de1e09f0c7477a1a5de7585,elasticnet_corrected_69cfb2bf8bc1_6ed147cd_f83baf57
ElasticNet,3,2,2022-08-30,2022-09-02,8.57,11.822047418837904,3.252047418837904,3.252047418837904,10.575812414370274,1.0,0.2,enet_a1.0_l0.2,submitted_main_linear_features_H3_18col,6ed147cd585e5e8083292683f9be3cf585e97e4d46fa0e3224d24a4e2b42cbbb,f83baf5732ffbf88b9a448a3d9ab9fa270f7495fe44d1559c1ac49795a30881a,69cfb2bf8bc181dc1de1e09f0c7477a1a5de7585,elasticnet_corrected_69cfb2bf8bc1_6ed147cd_f83baf57
ElasticNet,3,2,2022-08-31,2022-09-03,11.56,11.75690908527193,0.19690908527192974,0.19690908527192974,0.038773187862628095,1.0,0.2,enet_a1.0_l0.2,submitted_main_linear_features_H3_18col,6ed147cd585e5e8083292683f9be3cf585e97e4d46fa0e3224d24a4e2b42cbbb,f83baf5732ffbf88b9a448a3d9ab9fa270f7495fe44d1559c1ac49795a30881a,69cfb2bf8bc181dc1de1e09f0c7477a1a5de7585,elasticnet_corrected_69cfb2bf8bc1_6ed147cd_f83baf57
ElasticNet,3,2,2022-09-01,2022-09-04,9.69,11.51033099379677,1.8203309937967713,1.8203309937967713,3.313604926977141,1.0,0.2,enet_a1.0_l0.2,submitted_main_linear_features_H3_18col,6ed147cd585e5e8083292683f9be3cf585e97e4d46fa0e3224d24a4e2b42cbbb,f83baf5732ffbf88b9a448a3d9ab9fa270f7495fe44d1559c1ac49795a30881a,69cfb2bf8bc181dc1de1e09f0c7477a1a5de7585,elasticnet_corrected_69cfb2bf8bc1_6ed147cd_f83baf57
ElasticNet,3,2,2022-09-02,2022-09-05,11.27,11.045407841292224,-0.22459215870777527,0.22459215870777527,0.05044163775301851,1.0,0.2,enet_a1.0_l0.2,submitted_main_linear_features_H3_18col,6ed147cd585e5e8083292683f9be3cf585e97e4d46fa0e3224d24a4e2b42cbbb,f83baf5732ffbf88b9a448a3d9ab9fa270f7495fe44d1559c1ac49795a30881a,69cfb2bf8bc181dc1de1e09f0c7477a1a5de7585,elasticnet_corrected_69cfb2bf8bc1_6ed147cd_f83baf57
ElasticNet,3,2,2022-09-03,2022-09-06,10.07,11.31236371996629,1.2423637199662902,1.2423637199662902,1.5434676126884788,1.0,0.2,enet_a1.0_l0.2,submitted_main_linear_features_H3_18col,6ed147cd585e5e8083292683f9be3cf585e97e4d46fa0e3224d24a4e2b42cbbb,f83baf5732ffbf88b9a448a3d9ab9fa270f7495fe44d1559c1ac49795a30881a,69cfb2bf8bc181dc1de1e09f0c7477a1a5de7585,elasticnet_corrected_69cfb2bf8bc1_6ed147cd_f83baf57
ElasticNet,3,2,2022-09-04,2022-09-07,10.8,11.630495909497588,0.8304959094975874,0.8304959094975874,0.6897234556922249,1.0,0.2,enet_a1.0_l0.2,submitted_main_linear_features_H3_18col,6ed147cd585e5e8083292683f9be3cf585e97e4d46fa0e3224d24a4e2b42cbbb,f83baf5732ffbf88b9a448a3d9ab9fa270f7495fe44d1559c1ac49795a30881a,69cfb2bf8bc181dc1de1e09f0c7477a1a5de7585,elasticnet_corrected_69cfb2bf8bc1_6ed147cd_f83baf57
ElasticNet,3,2,2022-09-05,2022-09-08,6.31,11.32039612737232,5.01039612737232,5.01039612737232,25.10406935318754,1.0,0.2,enet_a1.0_l0.2,submitted_main_linear_features_H3_18col,6ed147cd585e5e8083292683f9be3cf585e97e4d46fa0e3224d24a4e2b42cbbb,f83baf5732ffbf88b9a448a3d9ab9fa270f7495fe44d1559c1ac49795a30881a,69cfb2bf8bc181dc1de1e09f0c7477a1a5de7585,elasticnet_corrected_69cfb2bf8bc1_6ed147cd_f83baf57
ElasticNet,3,2,2022-09-06,2022-09-09,9.62,11.190879186584798,1.5708791865847989,1.5708791865847989,2.4676614188453194,1.0,0.2,enet_a1.0_l0.2,submitted_main_linear_features_H3_18col,6ed147cd585e5e8083292683f9be3cf585e97e4d46fa0e3224d24a4e2b42cbbb,f83baf5732ffbf88b9a448a3d9ab9fa270f7495fe44d1559c1ac49795a30881a,69cfb2bf8bc181dc1de1e09f0c7477a1a5de7585,elasticnet_corrected_69cfb2bf8bc1_6ed147cd_f83baf57
ElasticNet,3,2,2022-09-07,2022-09-10,11.69,11.004441377617106,-0.685558622382894,0.685558622382894,0.4699906247235314,1.0,0.2,enet_a1.0_l0.2,submitted_main_linear_features_H3_18col,6ed147cd585e5e8083292683f9be3cf585e97e4d46fa0e3224d24a4e2b42cbbb,f83baf5732ffbf88b9a448a3d9ab9fa270f7495fe44d1559c1ac49795a30881a,69cfb2bf8bc181dc1de1e09f0c7477a1a5de7585,elasticnet_corrected_69cfb2bf8bc1_6ed147cd_f83baf57
ElasticNet,3,2,2022-09-08,2022-09-11,10.96,11.33077885288665,0.3707788528866498,0.3707788528866498,0.1374769577479399,1.0,0.2,enet_a1.0_l0.2,submitted_main_linear_features_H3_18col,6ed147cd585e5e8083292683f9be3cf585e97e4d46fa0e3224d24a4e2b42cbbb,f83baf5732ffbf88b9a448a3d9ab9fa270f7495fe44d1559c1ac49795a30881a,69cfb2bf8bc181dc1de1e09f0c7477a1a5de7585,elasticnet_corrected_69cfb2bf8bc1_6ed147cd_f83baf57
ElasticNet,3,2,2022-09-09,2022-09-12,12.9,11.047753957185947,-1.8522460428140537,1.8522460428140537,3.430815403120321,1.0,0.2,enet_a1.0_l0.2,submitted_main_linear_features_H3_18col,6ed147cd585e5e8083292683f9be3cf585e97e4d46fa0e3224d24a4e2b42cbbb,f83baf5732ffbf88b9a448a3d9ab9fa270f7495fe44d1559c1ac49795a30881a,69cfb2bf8bc181dc1de1e09f0c7477a1a5de7585,elasticnet_corrected_69cfb2bf8bc1_6ed147cd_f83baf57
ElasticNet,3,2,2022-09-10,2022-09-13,15.26,11.474729404245535,-3.785270595754465,3.785270595754465,14.328273483083363,1.0,0.2,enet_a1.0_l0.2,submitted_main_linear_features_H3_18col,6ed147cd585e5e8083292683f9be3cf585e97e4d46fa0e3224d24a4e2b42cbbb,f83baf5732ffbf88b9a448a3d9ab9fa270f7495fe44d1559c1ac49795a30881a,69cfb2bf8bc181dc1de1e09f0c7477a1a5de7585,elasticnet_corrected_69cfb2bf8bc1_6ed147cd_f83baf57
ElasticNet,3,2,2022-09-11,2022-09-14,10.7,11.740138317148865,1.040138317148866,1.040138317148866,1.081887718801275,1.0,0.2,enet_a1.0_l0.2,submitted_main_linear_features_H3_18col,6ed147cd585e5e8083292683f9be3cf585e97e4d46fa0e3224d24a4e2b42cbbb,f83baf5732ffbf88b9a448a3d9ab9fa270f7495fe44d1559c1ac49795a30881a,69cfb2bf8bc181dc1de1e09f0c7477a1a5de7585,elasticnet_corrected_69cfb2bf8bc1_6ed147cd_f83baf57
ElasticNet,3,2,2022-09-12,2022-09-15,11.9,11.64405581295014,-0.25594418704985955,0.25594418704985955,0.06550742688461349,1.0,0.2,enet_a1.0_l0.2,submitted_main_linear_features_H3_18col,6ed147cd585e5e8083292683f9be3cf585e97e4d46fa0e3224d24a4e2b42cbbb,f83baf5732ffbf88b9a448a3d9ab9fa270f7495fe44d1559c1ac49795a30881a,69cfb2bf8bc181dc1de1e09f0c7477a1a5de7585,elasticnet_corrected_69cfb2bf8bc1_6ed147cd_f83baf57
ElasticNet,3,2,2022-09-13,2022-09-16,14.33,11.960790319330568,-2.3692096806694316,2.3692096806694316,5.61315451097775,1.0,0.2,enet_a1.0_l0.2,submitted_main_linear_features_H3_18col,6ed147cd585e5e8083292683f9be3cf585e97e4d46fa0e3224d24a4e2b42cbbb,f83baf5732ffbf88b9a448a3d9ab9fa270f7495fe44d1559c1ac49795a30881a,69cfb2bf8bc181dc1de1e09f0c7477a1a5de7585,elasticnet_corrected_69cfb2bf8bc1_6ed147cd_f83baf57
ElasticNet,3,2,2022-09-14,2022-09-17,13.67,12.39469798124925,-1.2753020187507502,1.2753020187507502,1.626395239029739,1.0,0.2,enet_a1.0_l0.2,submitted_main_linear_features_H3_18col,6ed147cd585e5e8083292683f9be3cf585e97e4d46fa0e3224d24a4e2b42cbbb,f83baf5732ffbf88b9a448a3d9ab9fa270f7495fe44d1559c1ac49795a30881a,69cfb2bf8bc181dc1de1e09f0c7477a1a5de7585,elasticnet_corrected_69cfb2bf8bc1_6ed147cd_f83baf57
ElasticNet,3,2,2022-09-15,2022-09-18,11.3,11.712999671215352,0.41299967121535097,0.41299967121535097,0.17056872842398801,1.0,0.2,enet_a1.0_l0.2,submitted_main_linear_features_H3_18col,6ed147cd585e5e8083292683f9be3cf585e97e4d46fa0e3224d24a4e2b42cbbb,f83baf5732ffbf88b9a448a3d9ab9fa270f7495fe44d1559c1ac49795a30881a,69cfb2bf8bc181dc1de1e09f0c7477a1a5de7585,elasticnet_corrected_69cfb2bf8bc1_6ed147cd_f83baf57
ElasticNet,3,2,2022-09-16,2022-09-19,11.33,12.17017264997058,0.8401726499705795,0.8401726499705795,0.7058900817585859,1.0,0.2,enet_a1.0_l0.2,submitted_main_linear_features_H3_18col,6ed147cd585e5e8083292683f9be3cf585e97e4d46fa0e3224d24a4e2b42cbbb,f83baf5732ffbf88b9a448a3d9ab9fa270f7495fe44d1559c1ac49795a30881a,69cfb2bf8bc181dc1de1e09f0c7477a1a5de7585,elasticnet_corrected_69cfb2bf8bc1_6ed147cd_f83baf57
ElasticNet,3,2,2022-09-17,2022-09-20,9.44,12.557165605543048,3.1171656055430486,3.1171656055430486,9.716721412380561,1.0,0.2,enet_a1.0_l0.2,submitted_main_linear_features_H3_18col,6ed147cd585e5e8083292683f9be3cf585e97e4d46fa0e3224d24a4e2b42cbbb,f83baf5732ffbf88b9a448a3d9ab9fa270f7495fe44d1559c1ac49795a30881a,69cfb2bf8bc181dc1de1e09f0c7477a1a5de7585,elasticnet_corrected_69cfb2bf8bc1_6ed147cd_f83baf57
ElasticNet,3,2,2022-09-18,2022-09-21,10.38,12.47333754199375,2.0933375419937494,2.0933375419937494,4.382062064720433,1.0,0.2,enet_a1.0_l0.2,submitted_main_linear_features_H3_18col,6ed147cd585e5e8083292683f9be3cf585e97e4d46fa0e3224d24a4e2b42cbbb,f83baf5732ffbf88b9a448a3d9ab9fa270f7495fe44d1559c1ac49795a30881a,69cfb2bf8bc181dc1de1e09f0c7477a1a5de7585,elasticnet_corrected_69cfb2bf8bc1_6ed147cd_f83baf57
ElasticNet,3,2,2022-09-19,2022-09-22,11.3,11.97891645117009,0.6789164511700889,0.6789164511700889,0.4609275476693877,1.0,0.2,enet_a1.0_l0.2,submitted_main_linear_features_H3_18col,6ed147cd585e5e8083292683f9be3cf585e97e4d46fa0e3224d24a4e2b42cbbb,f83baf5732ffbf88b9a448a3d9ab9fa270f7495fe44d1559c1ac49795a30881a,69cfb2bf8bc181dc1de1e09f0c7477a1a5de7585,elasticnet_corrected_69cfb2bf8bc1_6ed147cd_f83baf57
ElasticNet,3,2,2022-09-20,2022-09-23,13.42,11.940870510998211,-1.4791294890017888,1.4791294890017888,2.187824045234693,1.0,0.2,enet_a1.0_l0.2,submitted_main_linear_features_H3_18col,6ed147cd585e5e8083292683f9be3cf585e97e4d46fa0e3224d24a4e2b42cbbb,f83baf5732ffbf88b9a448a3d9ab9fa270f7495fe44d1559c1ac49795a30881a,69cfb2bf8bc181dc1de1e09f0c7477a1a5de7585,elasticnet_corrected_69cfb2bf8bc1_6ed147cd_f83baf57
ElasticNet,3,2,2022-09-21,2022-09-24,12.35,11.661721629911177,-0.6882783700888222,0.6882783700888222,0.4737271147321257,1.0,0.2,enet_a1.0_l0.2,submitted_main_linear_features_H3_18col,6ed147cd585e5e8083292683f9be3cf585e97e4d46fa0e3224d24a4e2b42cbbb,f83baf5732ffbf88b9a448a3d9ab9fa270f7495fe44d1559c1ac49795a30881a,69cfb2bf8bc181dc1de1e09f0c7477a1a5de7585,elasticnet_corrected_69cfb2bf8bc1_6ed147cd_f83baf57
ElasticNet,3,2,2022-09-22,2022-09-25,13.02,11.96520695809293,-1.05479304190707,1.05479304190707,1.1125883612555698,1.0,0.2,enet_a1.0_l0.2,submitted_main_linear_features_H3_18col,6ed147cd585e5e8083292683f9be3cf585e97e4d46fa0e3224d24a4e2b42cbbb,f83baf5732ffbf88b9a448a3d9ab9fa270f7495fe44d1559c1ac49795a30881a,69cfb2bf8bc181dc1de1e09f0c7477a1a5de7585,elasticnet_corrected_69cfb2bf8bc1_6ed147cd_f83baf57
ElasticNet,3,2,2022-09-23,2022-09-26,13.94,12.045846716051322,-1.8941532839486772,1.8941532839486772,3.5878166630935584,1.0,0.2,enet_a1.0_l0.2,submitted_main_linear_features_H3_18col,6ed147cd585e5e8083292683f9be3cf585e97e4d46fa0e3224d24a4e2b42cbbb,f83baf5732ffbf88b9a448a3d9ab9fa270f7495fe44d1559c1ac49795a30881a,69cfb2bf8bc181dc1de1e09f0c7477a1a5de7585,elasticnet_corrected_69cfb2bf8bc1_6ed147cd_f83baf57
ElasticNet,3,2,2022-09-24,2022-09-27,13.92,12.52458206437798,-1.395417935622019,1.395417935622019,1.9471912150556174,1.0,0.2,enet_a1.0_l0.2,submitted_main_linear_features_H3_18col,6ed147cd585e5e8083292683f9be3cf585e97e4d46fa0e3224d24a4e2b42cbbb,f83baf5732ffbf88b9a448a3d9ab9fa270f7495fe44d1559c1ac49795a30881a,69cfb2bf8bc181dc1de1e09f0c7477a1a5de7585,elasticnet_corrected_69cfb2bf8bc1_6ed147cd_f83baf57
ElasticNet,3,2,2022-09-25,2022-09-28,11.36,12.463015312654631,1.103015312654632,1.103015312654632,1.2166427799505957,1.0,0.2,enet_a1.0_l0.2,submitted_main_linear_features_H3_18col,6ed147cd585e5e8083292683f9be3cf585e97e4d46fa0e3224d24a4e2b42cbbb,f83baf5732ffbf88b9a448a3d9ab9fa270f7495fe44d1559c1ac49795a30881a,69cfb2bf8bc181dc1de1e09f0c7477a1a5de7585,elasticnet_corrected_69cfb2bf8bc1_6ed147cd_f83baf57
ElasticNet,3,2,2022-09-26,2022-09-29,12.05,12.713345615702453,0.6633456157024522,0.6633456157024522,0.4400274058716654,1.0,0.2,enet_a1.0_l0.2,submitted_main_linear_features_H3_18col,6ed147cd585e5e8083292683f9be3cf585e97e4d46fa0e3224d24a4e2b42cbbb,f83baf5732ffbf88b9a448a3d9ab9fa270f7495fe44d1559c1ac49795a30881a,69cfb2bf8bc181dc1de1e09f0c7477a1a5de7585,elasticnet_corrected_69cfb2bf8bc1_6ed147cd_f83baf57
ElasticNet,3,2,2022-09-27,2022-09-30,13.66,12.758042648205082,-0.901957351794918,0.901957351794918,0.8135270644569015,1.0,0.2,enet_a1.0_l0.2,submitted_main_linear_features_H3_18col,6ed147cd585e5e8083292683f9be3cf585e97e4d46fa0e3224d24a4e2b42cbbb,f83baf5732ffbf88b9a448a3d9ab9fa270f7495fe44d1559c1ac49795a30881a,69cfb2bf8bc181dc1de1e09f0c7477a1a5de7585,elasticnet_corrected_69cfb2bf8bc1_6ed147cd_f83baf57
ElasticNet,3,2,2022-09-28,2022-10-01,13.19,12.997462620189728,-0.19253737981027186,0.19253737981027186,0.03707064262420488,1.0,0.2,enet_a1.0_l0.2,submitted_main_linear_features_H3_18col,6ed147cd585e5e8083292683f9be3cf585e97e4d46fa0e3224d24a4e2b42cbbb,f83baf5732ffbf88b9a448a3d9ab9fa270f7495fe44d1559c1ac49795a30881a,69cfb2bf8bc181dc1de1e09f0c7477a1a5de7585,elasticnet_corrected_69cfb2bf8bc1_6ed147cd_f83baf57
ElasticNet,3,2,2022-09-29,2022-10-02,13.78,12.650559655986687,-1.1294403440133127,1.1294403440133127,1.2756354906849101,1.0,0.2,enet_a1.0_l0.2,submitted_main_linear_features_H3_18col,6ed147cd585e5e8083292683f9be3cf585e97e4d46fa0e3224d24a4e2b42cbbb,f83baf5732ffbf88b9a448a3d9ab9fa270f7495fe44d1559c1ac49795a30881a,69cfb2bf8bc181dc1de1e09f0c7477a1a5de7585,elasticnet_corrected_69cfb2bf8bc1_6ed147cd_f83baf57
ElasticNet,3,2,2022-09-30,2022-10-03,14.42,12.791743240925458,-1.6282567590745423,1.6282567590745423,2.651220073471932,1.0,0.2,enet_a1.0_l0.2,submitted_main_linear_features_H3_18col,6ed147cd585e5e8083292683f9be3cf585e97e4d46fa0e3224d24a4e2b42cbbb,f83baf5732ffbf88b9a448a3d9ab9fa270f7495fe44d1559c1ac49795a30881a,69cfb2bf8bc181dc1de1e09f0c7477a1a5de7585,elasticnet_corrected_69cfb2bf8bc1_6ed147cd_f83baf57
ElasticNet,3,2,2022-10-01,2022-10-04,15.44,12.981352377359073,-2.4586476226409264,2.4586476226409264,6.044948132317879,1.0,0.2,enet_a1.0_l0.2,submitted_main_linear_features_H3_18col,6ed147cd585e5e8083292683f9be3cf585e97e4d46fa0e3224d24a4e2b42cbbb,f83baf5732ffbf88b9a448a3d9ab9fa270f7495fe44d1559c1ac49795a30881a,69cfb2bf8bc181dc1de1e09f0c7477a1a5de7585,elasticnet_corrected_69cfb2bf8bc1_6ed147cd_f83baf57
ElasticNet,3,2,2022-10-02,2022-10-05,10.33,12.83847218026986,2.5084721802698606,2.5084721802698606,6.2924326791878284,1.0,0.2,enet_a1.0_l0.2,submitted_main_linear_features_H3_18col,6ed147cd585e5e8083292683f9be3cf585e97e4d46fa0e3224d24a4e2b42cbbb,f83baf5732ffbf88b9a448a3d9ab9fa270f7495fe44d1559c1ac49795a30881a,69cfb2bf8bc181dc1de1e09f0c7477a1a5de7585,elasticnet_corrected_69cfb2bf8bc1_6ed147cd_f83baf57
ElasticNet,3,2,2022-10-03,2022-10-06,16.68,12.841800637502716,-3.838199362497283,3.838199362497283,14.731774346274552,1.0,0.2,enet_a1.0_l0.2,submitted_main_linear_features_H3_18col,6ed147cd585e5e8083292683f9be3cf585e97e4d46fa0e3224d24a4e2b42cbbb,f83baf5732ffbf88b9a448a3d9ab9fa270f7495fe44d1559c1ac49795a30881a,69cfb2bf8bc181dc1de1e09f0c7477a1a5de7585,elasticnet_corrected_69cfb2bf8bc1_6ed147cd_f83baf57
ElasticNet,3,2,2022-10-04,2022-10-07,15.78,12.955190918225764,-2.8248090817742355,2.8248090817742355,7.9795463484742,1.0,0.2,enet_a1.0_l0.2,submitted_main_linear_features_H3_18col,6ed147cd585e5e8083292683f9be3cf585e97e4d46fa0e3224d24a4e2b42cbbb,f83baf5732ffbf88b9a448a3d9ab9fa270f7495fe44d1559c1ac49795a30881a,69cfb2bf8bc181dc1de1e09f0c7477a1a5de7585,elasticnet_corrected_69cfb2bf8bc1_6ed147cd_f83baf57
ElasticNet,3,2,2022-10-05,2022-10-08,14.52,13.036414514766825,-1.4835854852331742,1.4835854852331742,2.201025891994553,1.0,0.2,enet_a1.0_l0.2,submitted_main_linear_features_H3_18col,6ed147cd585e5e8083292683f9be3cf585e97e4d46fa0e3224d24a4e2b42cbbb,f83baf5732ffbf88b9a448a3d9ab9fa270f7495fe44d1559c1ac49795a30881a,69cfb2bf8bc181dc1de1e09f0c7477a1a5de7585,elasticnet_corrected_69cfb2bf8bc1_6ed147cd_f83baf57
ElasticNet,3,2,2022-10-06,2022-10-09,12.31,12.453855075303807,0.14385507530380615,0.14385507530380615,0.020694282690663736,1.0,0.2,enet_a1.0_l0.2,submitted_main_linear_features_H3_18col,6ed147cd585e5e8083292683f9be3cf585e97e4d46fa0e3224d24a4e2b42cbbb,f83baf5732ffbf88b9a448a3d9ab9fa270f7495fe44d1559c1ac49795a30881a,69cfb2bf8bc181dc1de1e09f0c7477a1a5de7585,elasticnet_corrected_69cfb2bf8bc1_6ed147cd_f83baf57
ElasticNet,3,2,2022-10-07,2022-10-10,15.42,13.412030609062615,-2.007969390937385,2.007969390937385,4.031941074941452,1.0,0.2,enet_a1.0_l0.2,submitted_main_linear_features_H3_18col,6ed147cd585e5e8083292683f9be3cf585e97e4d46fa0e3224d24a4e2b42cbbb,f83baf5732ffbf88b9a448a3d9ab9fa270f7495fe44d1559c1ac49795a30881a,69cfb2bf8bc181dc1de1e09f0c7477a1a5de7585,elasticnet_corrected_69cfb2bf8bc1_6ed147cd_f83baf57
ElasticNet,3,2,2022-10-08,2022-10-11,12.6,13.366098262548366,0.7660982625483665,0.7660982625483665,0.5869065478796259,1.0,0.2,enet_a1.0_l0.2,submitted_main_linear_features_H3_18col,6ed147cd585e5e8083292683f9be3cf585e97e4d46fa0e3224d24a4e2b42cbbb,f83baf5732ffbf88b9a448a3d9ab9fa270f7495fe44d1559c1ac49795a30881a,69cfb2bf8bc181dc1de1e09f0c7477a1a5de7585,elasticnet_corrected_69cfb2bf8bc1_6ed147cd_f83baf57
ElasticNet,3,2,2022-10-09,2022-10-12,13.87,13.2157369571717,-0.6542630428282994,0.6542630428282994,0.4280601292109451,1.0,0.2,enet_a1.0_l0.2,submitted_main_linear_features_H3_18col,6ed147cd585e5e8083292683f9be3cf585e97e4d46fa0e3224d24a4e2b42cbbb,f83baf5732ffbf88b9a448a3d9ab9fa270f7495fe44d1559c1ac49795a30881a,69cfb2bf8bc181dc1de1e09f0c7477a1a5de7585,elasticnet_corrected_69cfb2bf8bc1_6ed147cd_f83baf57
ElasticNet,3,2,2022-10-10,2022-10-13,13.28,12.911589190508373,-0.3684108094916265,0.3684108094916265,0.13572652455027553,1.0,0.2,enet_a1.0_l0.2,submitted_main_linear_features_H3_18col,6ed147cd585e5e8083292683f9be3cf585e97e4d46fa0e3224d24a4e2b42cbbb,f83baf5732ffbf88b9a448a3d9ab9fa270f7495fe44d1559c1ac49795a30881a,69cfb2bf8bc181dc1de1e09f0c7477a1a5de7585,elasticnet_corrected_69cfb2bf8bc1_6ed147cd_f83baf57
ElasticNet,3,2,2022-10-11,2022-10-14,13.3,13.347647830536909,0.04764783053690813,0.04764783053690813,0.002270315754873915,1.0,0.2,enet_a1.0_l0.2,submitted_main_linear_features_H3_18col,6ed147cd585e5e8083292683f9be3cf585e97e4d46fa0e3224d24a4e2b42cbbb,f83baf5732ffbf88b9a448a3d9ab9fa270f7495fe44d1559c1ac49795a30881a,69cfb2bf8bc181dc1de1e09f0c7477a1a5de7585,elasticnet_corrected_69cfb2bf8bc1_6ed147cd_f83baf57
ElasticNet,3,2,2022-10-12,2022-10-15,13.45,12.91872609711325,-0.531273902886749,0.531273902886749,0.2822519598885188,1.0,0.2,enet_a1.0_l0.2,submitted_main_linear_features_H3_18col,6ed147cd585e5e8083292683f9be3cf585e97e4d46fa0e3224d24a4e2b42cbbb,f83baf5732ffbf88b9a448a3d9ab9fa270f7495fe44d1559c1ac49795a30881a,69cfb2bf8bc181dc1de1e09f0c7477a1a5de7585,elasticnet_corrected_69cfb2bf8bc1_6ed147cd_f83baf57
ElasticNet,3,2,2022-10-13,2022-10-16,13.31,13.086863134285641,-0.2231368657143591,0.2231368657143591,0.04979006084082792,1.0,0.2,enet_a1.0_l0.2,submitted_main_linear_features_H3_18col,6ed147cd585e5e8083292683f9be3cf585e97e4d46fa0e3224d24a4e2b42cbbb,f83baf5732ffbf88b9a448a3d9ab9fa270f7495fe44d1559c1ac49795a30881a,69cfb2bf8bc181dc1de1e09f0c7477a1a5de7585,elasticnet_corrected_69cfb2bf8bc1_6ed147cd_f83baf57
ElasticNet,3,2,2022-10-14,2022-10-17,13.04,12.881397806633618,-0.15860219336638082,0.15860219336638082,0.02515465574062685,1.0,0.2,enet_a1.0_l0.2,submitted_main_linear_features_H3_18col,6ed147cd585e5e8083292683f9be3cf585e97e4d46fa0e3224d24a4e2b42cbbb,f83baf5732ffbf88b9a448a3d9ab9fa270f7495fe44d1559c1ac49795a30881a,69cfb2bf8bc181dc1de1e09f0c7477a1a5de7585,elasticnet_corrected_69cfb2bf8bc1_6ed147cd_f83baf57
ElasticNet,3,2,2022-10-15,2022-10-18,13.21,12.95146488368481,-0.25853511631519055,0.25853511631519055,0.0668404063681091,1.0,0.2,enet_a1.0_l0.2,submitted_main_linear_features_H3_18col,6ed147cd585e5e8083292683f9be3cf585e97e4d46fa0e3224d24a4e2b42cbbb,f83baf5732ffbf88b9a448a3d9ab9fa270f7495fe44d1559c1ac49795a30881a,69cfb2bf8bc181dc1de1e09f0c7477a1a5de7585,elasticnet_corrected_69cfb2bf8bc1_6ed147cd_f83baf57
ElasticNet,3,2,2022-10-16,2022-10-19,14.93,12.981428824267041,-1.9485711757329582,1.9485711757329582,3.7969296268973234,1.0,0.2,enet_a1.0_l0.2,submitted_main_linear_features_H3_18col,6ed147cd585e5e8083292683f9be3cf585e97e4d46fa0e3224d24a4e2b42cbbb,f83baf5732ffbf88b9a448a3d9ab9fa270f7495fe44d1559c1ac49795a30881a,69cfb2bf8bc181dc1de1e09f0c7477a1a5de7585,elasticnet_corrected_69cfb2bf8bc1_6ed147cd_f83baf57
ElasticNet,3,2,2022-10-17,2022-10-20,14.18,12.998710511582033,-1.181289488417967,1.181289488417967,1.3954448554467822,1.0,0.2,enet_a1.0_l0.2,submitted_main_linear_features_H3_18col,6ed147cd585e5e8083292683f9be3cf585e97e4d46fa0e3224d24a4e2b42cbbb,f83baf5732ffbf88b9a448a3d9ab9fa270f7495fe44d1559c1ac49795a30881a,69cfb2bf8bc181dc1de1e09f0c7477a1a5de7585,elasticnet_corrected_69cfb2bf8bc1_6ed147cd_f83baf57
ElasticNet,3,2,2022-10-18,2022-10-21,13.73,12.883236694414938,-0.8467633055850623,0.8467633055850623,0.7170080956853416,1.0,0.2,enet_a1.0_l0.2,submitted_main_linear_features_H3_18col,6ed147cd585e5e8083292683f9be3cf585e97e4d46fa0e3224d24a4e2b42cbbb,f83baf5732ffbf88b9a448a3d9ab9fa270f7495fe44d1559c1ac49795a30881a,69cfb2bf8bc181dc1de1e09f0c7477a1a5de7585,elasticnet_corrected_69cfb2bf8bc1_6ed147cd_f83baf57
ElasticNet,3,2,2022-10-19,2022-10-22,15.16,13.017136739916658,-2.1428632600833417,2.1428632600833417,4.591862951415007,1.0,0.2,enet_a1.0_l0.2,submitted_main_linear_features_H3_18col,6ed147cd585e5e8083292683f9be3cf585e97e4d46fa0e3224d24a4e2b42cbbb,f83baf5732ffbf88b9a448a3d9ab9fa270f7495fe44d1559c1ac49795a30881a,69cfb2bf8bc181dc1de1e09f0c7477a1a5de7585,elasticnet_corrected_69cfb2bf8bc1_6ed147cd_f83baf57
ElasticNet,3,2,2022-10-20,2022-10-23,13.21,13.190438209280195,-0.019561790719805572,0.019561790719805572,0.0003826636561654714,1.0,0.2,enet_a1.0_l0.2,submitted_main_linear_features_H3_18col,6ed147cd585e5e8083292683f9be3cf585e97e4d46fa0e3224d24a4e2b42cbbb,f83baf5732ffbf88b9a448a3d9ab9fa270f7495fe44d1559c1ac49795a30881a,69cfb2bf8bc181dc1de1e09f0c7477a1a5de7585,elasticnet_corrected_69cfb2bf8bc1_6ed147cd_f83baf57
ElasticNet,3,2,2022-10-21,2022-10-24,14.57,13.221652586409819,-1.3483474135901812,1.3483474135901812,1.818040747735331,1.0,0.2,enet_a1.0_l0.2,submitted_main_linear_features_H3_18col,6ed147cd585e5e8083292683f9be3cf585e97e4d46fa0e3224d24a4e2b42cbbb,f83baf5732ffbf88b9a448a3d9ab9fa270f7495fe44d1559c1ac49795a30881a,69cfb2bf8bc181dc1de1e09f0c7477a1a5de7585,elasticnet_corrected_69cfb2bf8bc1_6ed147cd_f83baf57
ElasticNet,3,2,2022-10-22,2022-10-25,16.82,13.103019836018442,-3.7169801639815585,3.7169801639815585,13.815941539432373,1.0,0.2,enet_a1.0_l0.2,submitted_main_linear_features_H3_18col,6ed147cd585e5e8083292683f9be3cf585e97e4d46fa0e3224d24a4e2b42cbbb,f83baf5732ffbf88b9a448a3d9ab9fa270f7495fe44d1559c1ac49795a30881a,69cfb2bf8bc181dc1de1e09f0c7477a1a5de7585,elasticnet_corrected_69cfb2bf8bc1_6ed147cd_f83baf57
ElasticNet,3,2,2022-10-23,2022-10-26,14.45,13.294120546644434,-1.1558794533555652,1.1558794533555652,1.3360573106895601,1.0,0.2,enet_a1.0_l0.2,submitted_main_linear_features_H3_18col,6ed147cd585e5e8083292683f9be3cf585e97e4d46fa0e3224d24a4e2b42cbbb,f83baf5732ffbf88b9a448a3d9ab9fa270f7495fe44d1559c1ac49795a30881a,69cfb2bf8bc181dc1de1e09f0c7477a1a5de7585,elasticnet_corrected_69cfb2bf8bc1_6ed147cd_f83baf57
ElasticNet,3,2,2022-10-24,2022-10-27,11.03,13.029501691579632,1.999501691579633,1.999501691579633,3.998007014629814,1.0,0.2,enet_a1.0_l0.2,submitted_main_linear_features_H3_18col,6ed147cd585e5e8083292683f9be3cf585e97e4d46fa0e3224d24a4e2b42cbbb,f83baf5732ffbf88b9a448a3d9ab9fa270f7495fe44d1559c1ac49795a30881a,69cfb2bf8bc181dc1de1e09f0c7477a1a5de7585,elasticnet_corrected_69cfb2bf8bc1_6ed147cd_f83baf57
ElasticNet,3,2,2022-10-25,2022-10-28,10.85,13.456373496115614,2.606373496115614,2.606373496115614,6.793182801253929,1.0,0.2,enet_a1.0_l0.2,submitted_main_linear_features_H3_18col,6ed147cd585e5e8083292683f9be3cf585e97e4d46fa0e3224d24a4e2b42cbbb,f83baf5732ffbf88b9a448a3d9ab9fa270f7495fe44d1559c1ac49795a30881a,69cfb2bf8bc181dc1de1e09f0c7477a1a5de7585,elasticnet_corrected_69cfb2bf8bc1_6ed147cd_f83baf57
ElasticNet,3,2,2022-10-26,2022-10-29,13.74,13.617647507973617,-0.12235249202638343,0.12235249202638343,0.014970132305066221,1.0,0.2,enet_a1.0_l0.2,submitted_main_linear_features_H3_18col,6ed147cd585e5e8083292683f9be3cf585e97e4d46fa0e3224d24a4e2b42cbbb,f83baf5732ffbf88b9a448a3d9ab9fa270f7495fe44d1559c1ac49795a30881a,69cfb2bf8bc181dc1de1e09f0c7477a1a5de7585,elasticnet_corrected_69cfb2bf8bc1_6ed147cd_f83baf57
ElasticNet,3,2,2022-10-27,2022-10-30,14.12,13.345238621746889,-0.7747613782531104,0.7747613782531104,0.6002551932326592,1.0,0.2,enet_a1.0_l0.2,submitted_main_linear_features_H3_18col,6ed147cd585e5e8083292683f9be3cf585e97e4d46fa0e3224d24a4e2b42cbbb,f83baf5732ffbf88b9a448a3d9ab9fa270f7495fe44d1559c1ac49795a30881a,69cfb2bf8bc181dc1de1e09f0c7477a1a5de7585,elasticnet_corrected_69cfb2bf8bc1_6ed147cd_f83baf57
ElasticNet,3,2,2022-10-28,2022-10-31,14.54,12.876673909496427,-1.6633260905035723,1.6633260905035723,2.766653683349898,1.0,0.2,enet_a1.0_l0.2,submitted_main_linear_features_H3_18col,6ed147cd585e5e8083292683f9be3cf585e97e4d46fa0e3224d24a4e2b42cbbb,f83baf5732ffbf88b9a448a3d9ab9fa270f7495fe44d1559c1ac49795a30881a,69cfb2bf8bc181dc1de1e09f0c7477a1a5de7585,elasticnet_corrected_69cfb2bf8bc1_6ed147cd_f83baf57
ElasticNet,3,2,2022-10-29,2022-11-01,13.16,12.727275277489724,-0.43272472251027594,0.43272472251027594,0.18725068547159532,1.0,0.2,enet_a1.0_l0.2,submitted_main_linear_features_H3_18col,6ed147cd585e5e8083292683f9be3cf585e97e4d46fa0e3224d24a4e2b42cbbb,f83baf5732ffbf88b9a448a3d9ab9fa270f7495fe44d1559c1ac49795a30881a,69cfb2bf8bc181dc1de1e09f0c7477a1a5de7585,elasticnet_corrected_69cfb2bf8bc1_6ed147cd_f83baf57
ElasticNet,3,2,2022-10-30,2022-11-02,15.91,13.077970313314028,-2.8320296866859724,2.8320296866859724,8.020392146270646,1.0,0.2,enet_a1.0_l0.2,submitted_main_linear_features_H3_18col,6ed147cd585e5e8083292683f9be3cf585e97e4d46fa0e3224d24a4e2b42cbbb,f83baf5732ffbf88b9a448a3d9ab9fa270f7495fe44d1559c1ac49795a30881a,69cfb2bf8bc181dc1de1e09f0c7477a1a5de7585,elasticnet_corrected_69cfb2bf8bc1_6ed147cd_f83baf57
ElasticNet,3,2,2022-10-31,2022-11-03,14.39,13.140240352380417,-1.2497596476195838,1.2497596476195838,1.5618991768182262,1.0,0.2,enet_a1.0_l0.2,submitted_main_linear_features_H3_18col,6ed147cd585e5e8083292683f9be3cf585e97e4d46fa0e3224d24a4e2b42cbbb,f83baf5732ffbf88b9a448a3d9ab9fa270f7495fe44d1559c1ac49795a30881a,69cfb2bf8bc181dc1de1e09f0c7477a1a5de7585,elasticnet_corrected_69cfb2bf8bc1_6ed147cd_f83baf57
ElasticNet,3,2,2022-11-01,2022-11-04,14.63,13.115430051898922,-1.5145699481010784,1.5145699481010784,2.2939221276909034,1.0,0.2,enet_a1.0_l0.2,submitted_main_linear_features_H3_18col,6ed147cd585e5e8083292683f9be3cf585e97e4d46fa0e3224d24a4e2b42cbbb,f83baf5732ffbf88b9a448a3d9ab9fa270f7495fe44d1559c1ac49795a30881a,69cfb2bf8bc181dc1de1e09f0c7477a1a5de7585,elasticnet_corrected_69cfb2bf8bc1_6ed147cd_f83baf57
ElasticNet,3,2,2022-11-02,2022-11-05,8.38,12.912772362672824,4.532772362672823,4.532772362672823,20.546025291810565,1.0,0.2,enet_a1.0_l0.2,submitted_main_linear_features_H3_18col,6ed147cd585e5e8083292683f9be3cf585e97e4d46fa0e3224d24a4e2b42cbbb,f83baf5732ffbf88b9a448a3d9ab9fa270f7495fe44d1559c1ac49795a30881a,69cfb2bf8bc181dc1de1e09f0c7477a1a5de7585,elasticnet_corrected_69cfb2bf8bc1_6ed147cd_f83baf57
ElasticNet,3,2,2022-11-03,2022-11-06,12.91,13.295434995277025,0.3854349952770253,0.3854349952770253,0.1485601355842005,1.0,0.2,enet_a1.0_l0.2,submitted_main_linear_features_H3_18col,6ed147cd585e5e8083292683f9be3cf585e97e4d46fa0e3224d24a4e2b42cbbb,f83baf5732ffbf88b9a448a3d9ab9fa270f7495fe44d1559c1ac49795a30881a,69cfb2bf8bc181dc1de1e09f0c7477a1a5de7585,elasticnet_corrected_69cfb2bf8bc1_6ed147cd_f83baf57
ElasticNet,3,2,2022-11-04,2022-11-07,11.06,13.09450694156126,2.0345069415612596,2.0345069415612596,4.13921849526095,1.0,0.2,enet_a1.0_l0.2,submitted_main_linear_features_H3_18col,6ed147cd585e5e8083292683f9be3cf585e97e4d46fa0e3224d24a4e2b42cbbb,f83baf5732ffbf88b9a448a3d9ab9fa270f7495fe44d1559c1ac49795a30881a,69cfb2bf8bc181dc1de1e09f0c7477a1a5de7585,elasticnet_corrected_69cfb2bf8bc1_6ed147cd_f83baf57
ElasticNet,3,2,2022-11-05,2022-11-08,15.02,13.224310537406295,-1.795689462593705,1.795689462593705,3.224500646070069,1.0,0.2,enet_a1.0_l0.2,submitted_main_linear_features_H3_18col,6ed147cd585e5e8083292683f9be3cf585e97e4d46fa0e3224d24a4e2b42cbbb,f83baf5732ffbf88b9a448a3d9ab9fa270f7495fe44d1559c1ac49795a30881a,69cfb2bf8bc181dc1de1e09f0c7477a1a5de7585,elasticnet_corrected_69cfb2bf8bc1_6ed147cd_f83baf57
ElasticNet,3,2,2022-11-06,2022-11-09,12.58,12.370403489728076,-0.20959651027192372,0.20959651027192372,0.043930697118168625,1.0,0.2,enet_a1.0_l0.2,submitted_main_linear_features_H3_18col,6ed147cd585e5e8083292683f9be3cf585e97e4d46fa0e3224d24a4e2b42cbbb,f83baf5732ffbf88b9a448a3d9ab9fa270f7495fe44d1559c1ac49795a30881a,69cfb2bf8bc181dc1de1e09f0c7477a1a5de7585,elasticnet_corrected_69cfb2bf8bc1_6ed147cd_f83baf57
ElasticNet,3,2,2022-11-07,2022-11-10,12.52,12.925106811125023,0.4051068111250231,0.4051068111250231,0.16411152841988516,1.0,0.2,enet_a1.0_l0.2,submitted_main_linear_features_H3_18col,6ed147cd585e5e8083292683f9be3cf585e97e4d46fa0e3224d24a4e2b42cbbb,f83baf5732ffbf88b9a448a3d9ab9fa270f7495fe44d1559c1ac49795a30881a,69cfb2bf8bc181dc1de1e09f0c7477a1a5de7585,elasticnet_corrected_69cfb2bf8bc1_6ed147cd_f83baf57
ElasticNet,3,2,2022-11-08,2022-11-11,13.76,12.531926790681489,-1.2280732093185112,1.2280732093185112,1.5081638074458676,1.0,0.2,enet_a1.0_l0.2,submitted_main_linear_features_H3_18col,6ed147cd585e5e8083292683f9be3cf585e97e4d46fa0e3224d24a4e2b42cbbb,f83baf5732ffbf88b9a448a3d9ab9fa270f7495fe44d1559c1ac49795a30881a,69cfb2bf8bc181dc1de1e09f0c7477a1a5de7585,elasticnet_corrected_69cfb2bf8bc1_6ed147cd_f83baf57
ElasticNet,3,2,2022-11-09,2022-11-12,12.56,13.108138485837802,0.5481384858378018,0.5481384858378018,0.300455799656558,1.0,0.2,enet_a1.0_l0.2,submitted_main_linear_features_H3_18col,6ed147cd585e5e8083292683f9be3cf585e97e4d46fa0e3224d24a4e2b42cbbb,f83baf5732ffbf88b9a448a3d9ab9fa270f7495fe44d1559c1ac49795a30881a,69cfb2bf8bc181dc1de1e09f0c7477a1a5de7585,elasticnet_corrected_69cfb2bf8bc1_6ed147cd_f83baf57
ElasticNet,3,2,2022-11-10,2022-11-13,13.19,12.721443703912218,-0.4685562960877814,0.4685562960877814,0.21954500260350066,1.0,0.2,enet_a1.0_l0.2,submitted_main_linear_features_H3_18col,6ed147cd585e5e8083292683f9be3cf585e97e4d46fa0e3224d24a4e2b42cbbb,f83baf5732ffbf88b9a448a3d9ab9fa270f7495fe44d1559c1ac49795a30881a,69cfb2bf8bc181dc1de1e09f0c7477a1a5de7585,elasticnet_corrected_69cfb2bf8bc1_6ed147cd_f83baf57
ElasticNet,3,2,2022-11-11,2022-11-14,13.02,12.741185527374105,-0.27881447262589454,0.27881447262589454,0.07773751014565569,1.0,0.2,enet_a1.0_l0.2,submitted_main_linear_features_H3_18col,6ed147cd585e5e8083292683f9be3cf585e97e4d46fa0e3224d24a4e2b42cbbb,f83baf5732ffbf88b9a448a3d9ab9fa270f7495fe44d1559c1ac49795a30881a,69cfb2bf8bc181dc1de1e09f0c7477a1a5de7585,elasticnet_corrected_69cfb2bf8bc1_6ed147cd_f83baf57
ElasticNet,3,2,2022-11-12,2022-11-15,12.3,12.904750185380868,0.6047501853808672,0.6047501853808672,0.36572278671819325,1.0,0.2,enet_a1.0_l0.2,submitted_main_linear_features_H3_18col,6ed147cd585e5e8083292683f9be3cf585e97e4d46fa0e3224d24a4e2b42cbbb,f83baf5732ffbf88b9a448a3d9ab9fa270f7495fe44d1559c1ac49795a30881a,69cfb2bf8bc181dc1de1e09f0c7477a1a5de7585,elasticnet_corrected_69cfb2bf8bc1_6ed147cd_f83baf57
ElasticNet,3,2,2022-11-13,2022-11-16,12.12,12.735730117093537,0.6157301170935376,0.6157301170935376,0.37912357709602157,1.0,0.2,enet_a1.0_l0.2,submitted_main_linear_features_H3_18col,6ed147cd585e5e8083292683f9be3cf585e97e4d46fa0e3224d24a4e2b42cbbb,f83baf5732ffbf88b9a448a3d9ab9fa270f7495fe44d1559c1ac49795a30881a,69cfb2bf8bc181dc1de1e09f0c7477a1a5de7585,elasticnet_corrected_69cfb2bf8bc1_6ed147cd_f83baf57
ElasticNet,3,2,2022-11-14,2022-11-17,11.52,12.84271909163692,1.3227190916369196,1.3227190916369196,1.7495857953807976,1.0,0.2,enet_a1.0_l0.2,submitted_main_linear_features_H3_18col,6ed147cd585e5e8083292683f9be3cf585e97e4d46fa0e3224d24a4e2b42cbbb,f83baf5732ffbf88b9a448a3d9ab9fa270f7495fe44d1559c1ac49795a30881a,69cfb2bf8bc181dc1de1e09f0c7477a1a5de7585,elasticnet_corrected_69cfb2bf8bc1_6ed147cd_f83baf57
ElasticNet,3,2,2022-11-15,2022-11-18,13.18,12.878557999545585,-0.30144200045441494,0.30144200045441494,0.0908672796379595,1.0,0.2,enet_a1.0_l0.2,submitted_main_linear_features_H3_18col,6ed147cd585e5e8083292683f9be3cf585e97e4d46fa0e3224d24a4e2b42cbbb,f83baf5732ffbf88b9a448a3d9ab9fa270f7495fe44d1559c1ac49795a30881a,69cfb2bf8bc181dc1de1e09f0c7477a1a5de7585,elasticnet_corrected_69cfb2bf8bc1_6ed147cd_f83baf57
ElasticNet,3,2,2022-11-16,2022-11-19,12.04,12.746763705092562,0.7067637050925626,0.7067637050925626,0.49951493483616677,1.0,0.2,enet_a1.0_l0.2,submitted_main_linear_features_H3_18col,6ed147cd585e5e8083292683f9be3cf585e97e4d46fa0e3224d24a4e2b42cbbb,f83baf5732ffbf88b9a448a3d9ab9fa270f7495fe44d1559c1ac49795a30881a,69cfb2bf8bc181dc1de1e09f0c7477a1a5de7585,elasticnet_corrected_69cfb2bf8bc1_6ed147cd_f83baf57
ElasticNet,3,2,2022-11-17,2022-11-20,11.29,12.742437583290238,1.452437583290239,1.452437583290239,2.10957493335399,1.0,0.2,enet_a1.0_l0.2,submitted_main_linear_features_H3_18col,6ed147cd585e5e8083292683f9be3cf585e97e4d46fa0e3224d24a4e2b42cbbb,f83baf5732ffbf88b9a448a3d9ab9fa270f7495fe44d1559c1ac49795a30881a,69cfb2bf8bc181dc1de1e09f0c7477a1a5de7585,elasticnet_corrected_69cfb2bf8bc1_6ed147cd_f83baf57
ElasticNet,3,2,2022-11-18,2022-11-21,14.21,12.535348070158905,-1.6746519298410956,1.6746519298410956,2.804459086120506,1.0,0.2,enet_a1.0_l0.2,submitted_main_linear_features_H3_18col,6ed147cd585e5e8083292683f9be3cf585e97e4d46fa0e3224d24a4e2b42cbbb,f83baf5732ffbf88b9a448a3d9ab9fa270f7495fe44d1559c1ac49795a30881a,69cfb2bf8bc181dc1de1e09f0c7477a1a5de7585,elasticnet_corrected_69cfb2bf8bc1_6ed147cd_f83baf57
ElasticNet,3,2,2022-11-19,2022-11-22,12.13,12.84005259659353,0.7100525965935294,0.7100525965935294,0.5041746899292133,1.0,0.2,enet_a1.0_l0.2,submitted_main_linear_features_H3_18col,6ed147cd585e5e8083292683f9be3cf585e97e4d46fa0e3224d24a4e2b42cbbb,f83baf5732ffbf88b9a448a3d9ab9fa270f7495fe44d1559c1ac49795a30881a,69cfb2bf8bc181dc1de1e09f0c7477a1a5de7585,elasticnet_corrected_69cfb2bf8bc1_6ed147cd_f83baf57
ElasticNet,3,2,2022-11-20,2022-11-23,12.79,12.782010821036092,-0.007989178963907051,0.007989178963907051,6.382698051733494e-05,1.0,0.2,enet_a1.0_l0.2,submitted_main_linear_features_H3_18col,6ed147cd585e5e8083292683f9be3cf585e97e4d46fa0e3224d24a4e2b42cbbb,f83baf5732ffbf88b9a448a3d9ab9fa270f7495fe44d1559c1ac49795a30881a,69cfb2bf8bc181dc1de1e09f0c7477a1a5de7585,elasticnet_corrected_69cfb2bf8bc1_6ed147cd_f83baf57
ElasticNet,3,2,2022-11-21,2022-11-24,14.64,12.626121923628425,-2.013878076371576,2.013878076371576,4.055704906490078,1.0,0.2,enet_a1.0_l0.2,submitted_main_linear_features_H3_18col,6ed147cd585e5e8083292683f9be3cf585e97e4d46fa0e3224d24a4e2b42cbbb,f83baf5732ffbf88b9a448a3d9ab9fa270f7495fe44d1559c1ac49795a30881a,69cfb2bf8bc181dc1de1e09f0c7477a1a5de7585,elasticnet_corrected_69cfb2bf8bc1_6ed147cd_f83baf57
ElasticNet,3,2,2022-11-22,2022-11-25,15.19,13.020972554307843,-2.1690274456921568,2.1690274456921568,4.704680060165842,1.0,0.2,enet_a1.0_l0.2,submitted_main_linear_features_H3_18col,6ed147cd585e5e8083292683f9be3cf585e97e4d46fa0e3224d24a4e2b42cbbb,f83baf5732ffbf88b9a448a3d9ab9fa270f7495fe44d1559c1ac49795a30881a,69cfb2bf8bc181dc1de1e09f0c7477a1a5de7585,elasticnet_corrected_69cfb2bf8bc1_6ed147cd_f83baf57
ElasticNet,3,2,2022-11-23,2022-11-26,11.86,12.736175903359065,0.8761759033590657,0.8761759033590657,0.7676842136270748,1.0,0.2,enet_a1.0_l0.2,submitted_main_linear_features_H3_18col,6ed147cd585e5e8083292683f9be3cf585e97e4d46fa0e3224d24a4e2b42cbbb,f83baf5732ffbf88b9a448a3d9ab9fa270f7495fe44d1559c1ac49795a30881a,69cfb2bf8bc181dc1de1e09f0c7477a1a5de7585,elasticnet_corrected_69cfb2bf8bc1_6ed147cd_f83baf57
ElasticNet,3,2,2022-11-24,2022-11-27,10.9,12.77418221001748,1.87418221001748,1.87418221001748,3.512558956346006,1.0,0.2,enet_a1.0_l0.2,submitted_main_linear_features_H3_18col,6ed147cd585e5e8083292683f9be3cf585e97e4d46fa0e3224d24a4e2b42cbbb,f83baf5732ffbf88b9a448a3d9ab9fa270f7495fe44d1559c1ac49795a30881a,69cfb2bf8bc181dc1de1e09f0c7477a1a5de7585,elasticnet_corrected_69cfb2bf8bc1_6ed147cd_f83baf57
ElasticNet,3,2,2022-11-25,2022-11-28,13.08,13.132920830303206,0.052920830303206046,0.052920830303206046,0.002800614279980731,1.0,0.2,enet_a1.0_l0.2,submitted_main_linear_features_H3_18col,6ed147cd585e5e8083292683f9be3cf585e97e4d46fa0e3224d24a4e2b42cbbb,f83baf5732ffbf88b9a448a3d9ab9fa270f7495fe44d1559c1ac49795a30881a,69cfb2bf8bc181dc1de1e09f0c7477a1a5de7585,elasticnet_corrected_69cfb2bf8bc1_6ed147cd_f83baf57
ElasticNet,3,2,2022-11-26,2022-11-29,11.44,13.245155082074064,1.805155082074064,1.805155082074064,3.258584870337821,1.0,0.2,enet_a1.0_l0.2,submitted_main_linear_features_H3_18col,6ed147cd585e5e8083292683f9be3cf585e97e4d46fa0e3224d24a4e2b42cbbb,f83baf5732ffbf88b9a448a3d9ab9fa270f7495fe44d1559c1ac49795a30881a,69cfb2bf8bc181dc1de1e09f0c7477a1a5de7585,elasticnet_corrected_69cfb2bf8bc1_6ed147cd_f83baf57
ElasticNet,3,2,2022-11-27,2022-11-30,10.74,12.690584666151889,1.9505846661518884,1.9505846661518884,3.804780539826874,1.0,0.2,enet_a1.0_l0.2,submitted_main_linear_features_H3_18col,6ed147cd585e5e8083292683f9be3cf585e97e4d46fa0e3224d24a4e2b42cbbb,f83baf5732ffbf88b9a448a3d9ab9fa270f7495fe44d1559c1ac49795a30881a,69cfb2bf8bc181dc1de1e09f0c7477a1a5de7585,elasticnet_corrected_69cfb2bf8bc1_6ed147cd_f83baf57
ElasticNet,3,2,2022-11-28,2022-12-01,13.61,12.551137184955154,-1.0588628150448454,1.0588628150448454,1.1211904610846943,1.0,0.2,enet_a1.0_l0.2,submitted_main_linear_features_H3_18col,6ed147cd585e5e8083292683f9be3cf585e97e4d46fa0e3224d24a4e2b42cbbb,f83baf5732ffbf88b9a448a3d9ab9fa270f7495fe44d1559c1ac49795a30881a,69cfb2bf8bc181dc1de1e09f0c7477a1a5de7585,elasticnet_corrected_69cfb2bf8bc1_6ed147cd_f83baf57
ElasticNet,3,2,2022-11-29,2022-12-02,14.66,12.711950776941636,-1.948049223058364,1.948049223058364,3.7948957754582953,1.0,0.2,enet_a1.0_l0.2,submitted_main_linear_features_H3_18col,6ed147cd585e5e8083292683f9be3cf585e97e4d46fa0e3224d24a4e2b42cbbb,f83baf5732ffbf88b9a448a3d9ab9fa270f7495fe44d1559c1ac49795a30881a,69cfb2bf8bc181dc1de1e09f0c7477a1a5de7585,elasticnet_corrected_69cfb2bf8bc1_6ed147cd_f83baf57
ElasticNet,3,2,2022-11-30,2022-12-03,12.89,12.400462603927684,-0.4895373960723166,0.4895373960723166,0.2396468621532642,1.0,0.2,enet_a1.0_l0.2,submitted_main_linear_features_H3_18col,6ed147cd585e5e8083292683f9be3cf585e97e4d46fa0e3224d24a4e2b42cbbb,f83baf5732ffbf88b9a448a3d9ab9fa270f7495fe44d1559c1ac49795a30881a,69cfb2bf8bc181dc1de1e09f0c7477a1a5de7585,elasticnet_corrected_69cfb2bf8bc1_6ed147cd_f83baf57
ElasticNet,3,2,2022-12-01,2022-12-04,15.41,12.301932678099913,-3.108067321900087,3.108067321900087,9.66008247746318,1.0,0.2,enet_a1.0_l0.2,submitted_main_linear_features_H3_18col,6ed147cd585e5e8083292683f9be3cf585e97e4d46fa0e3224d24a4e2b42cbbb,f83baf5732ffbf88b9a448a3d9ab9fa270f7495fe44d1559c1ac49795a30881a,69cfb2bf8bc181dc1de1e09f0c7477a1a5de7585,elasticnet_corrected_69cfb2bf8bc1_6ed147cd_f83baf57
ElasticNet,3,2,2022-12-02,2022-12-05,14.77,12.798642246176597,-1.971357753823403,1.971357753823403,3.886251393559653,1.0,0.2,enet_a1.0_l0.2,submitted_main_linear_features_H3_18col,6ed147cd585e5e8083292683f9be3cf585e97e4d46fa0e3224d24a4e2b42cbbb,f83baf5732ffbf88b9a448a3d9ab9fa270f7495fe44d1559c1ac49795a30881a,69cfb2bf8bc181dc1de1e09f0c7477a1a5de7585,elasticnet_corrected_69cfb2bf8bc1_6ed147cd_f83baf57
ElasticNet,3,2,2022-12-03,2022-12-06,12.9,12.984058361997468,0.0840583619974673,0.0840583619974673,0.007065808221697255,1.0,0.2,enet_a1.0_l0.2,submitted_main_linear_features_H3_18col,6ed147cd585e5e8083292683f9be3cf585e97e4d46fa0e3224d24a4e2b42cbbb,f83baf5732ffbf88b9a448a3d9ab9fa270f7495fe44d1559c1ac49795a30881a,69cfb2bf8bc181dc1de1e09f0c7477a1a5de7585,elasticnet_corrected_69cfb2bf8bc1_6ed147cd_f83baf57
ElasticNet,3,2,2022-12-04,2022-12-07,14.59,12.727599001842883,-1.862400998157117,1.862400998157117,3.468537477936626,1.0,0.2,enet_a1.0_l0.2,submitted_main_linear_features_H3_18col,6ed147cd585e5e8083292683f9be3cf585e97e4d46fa0e3224d24a4e2b42cbbb,f83baf5732ffbf88b9a448a3d9ab9fa270f7495fe44d1559c1ac49795a30881a,69cfb2bf8bc181dc1de1e09f0c7477a1a5de7585,elasticnet_corrected_69cfb2bf8bc1_6ed147cd_f83baf57
ElasticNet,3,2,2022-12-05,2022-12-08,13.7,13.201037275390744,-0.49896272460925495,0.49896272460925495,0.2489638005494912,1.0,0.2,enet_a1.0_l0.2,submitted_main_linear_features_H3_18col,6ed147cd585e5e8083292683f9be3cf585e97e4d46fa0e3224d24a4e2b42cbbb,f83baf5732ffbf88b9a448a3d9ab9fa270f7495fe44d1559c1ac49795a30881a,69cfb2bf8bc181dc1de1e09f0c7477a1a5de7585,elasticnet_corrected_69cfb2bf8bc1_6ed147cd_f83baf57
ElasticNet,3,2,2022-12-06,2022-12-09,11.71,13.15055758960445,1.440557589604449,1.440557589604449,2.0752061689669796,1.0,0.2,enet_a1.0_l0.2,submitted_main_linear_features_H3_18col,6ed147cd585e5e8083292683f9be3cf585e97e4d46fa0e3224d24a4e2b42cbbb,f83baf5732ffbf88b9a448a3d9ab9fa270f7495fe44d1559c1ac49795a30881a,69cfb2bf8bc181dc1de1e09f0c7477a1a5de7585,elasticnet_corrected_69cfb2bf8bc1_6ed147cd_f83baf57
ElasticNet,3,2,2022-12-07,2022-12-10,11.29,12.931331955518084,1.6413319555180852,1.6413319555180852,2.6939705882048215,1.0,0.2,enet_a1.0_l0.2,submitted_main_linear_features_H3_18col,6ed147cd585e5e8083292683f9be3cf585e97e4d46fa0e3224d24a4e2b42cbbb,f83baf5732ffbf88b9a448a3d9ab9fa270f7495fe44d1559c1ac49795a30881a,69cfb2bf8bc181dc1de1e09f0c7477a1a5de7585,elasticnet_corrected_69cfb2bf8bc1_6ed147cd_f83baf57
ElasticNet,3,2,2022-12-08,2022-12-11,10.86,13.237542644227931,2.3775426442279315,2.3775426442279315,5.652709025122344,1.0,0.2,enet_a1.0_l0.2,submitted_main_linear_features_H3_18col,6ed147cd585e5e8083292683f9be3cf585e97e4d46fa0e3224d24a4e2b42cbbb,f83baf5732ffbf88b9a448a3d9ab9fa270f7495fe44d1559c1ac49795a30881a,69cfb2bf8bc181dc1de1e09f0c7477a1a5de7585,elasticnet_corrected_69cfb2bf8bc1_6ed147cd_f83baf57
ElasticNet,3,2,2022-12-09,2022-12-12,12.49,13.113885617364984,0.6238856173649836,0.6238856173649836,0.38923326355488674,1.0,0.2,enet_a1.0_l0.2,submitted_main_linear_features_H3_18col,6ed147cd585e5e8083292683f9be3cf585e97e4d46fa0e3224d24a4e2b42cbbb,f83baf5732ffbf88b9a448a3d9ab9fa270f7495fe44d1559c1ac49795a30881a,69cfb2bf8bc181dc1de1e09f0c7477a1a5de7585,elasticnet_corrected_69cfb2bf8bc1_6ed147cd_f83baf57
ElasticNet,3,2,2022-12-10,2022-12-13,14.09,12.729306489923689,-1.3606935100763113,1.3606935100763113,1.8514868283637929,1.0,0.2,enet_a1.0_l0.2,submitted_main_linear_features_H3_18col,6ed147cd585e5e8083292683f9be3cf585e97e4d46fa0e3224d24a4e2b42cbbb,f83baf5732ffbf88b9a448a3d9ab9fa270f7495fe44d1559c1ac49795a30881a,69cfb2bf8bc181dc1de1e09f0c7477a1a5de7585,elasticnet_corrected_69cfb2bf8bc1_6ed147cd_f83baf57
ElasticNet,3,2,2022-12-11,2022-12-14,14.64,12.750363582640665,-1.8896364173593359,1.8896364173593359,3.570725789810626,1.0,0.2,enet_a1.0_l0.2,submitted_main_linear_features_H3_18col,6ed147cd585e5e8083292683f9be3cf585e97e4d46fa0e3224d24a4e2b42cbbb,f83baf5732ffbf88b9a448a3d9ab9fa270f7495fe44d1559c1ac49795a30881a,69cfb2bf8bc181dc1de1e09f0c7477a1a5de7585,elasticnet_corrected_69cfb2bf8bc1_6ed147cd_f83baf57
ElasticNet,3,2,2022-12-12,2022-12-15,11.76,12.59183645409106,0.8318364540910608,0.8318364540910608,0.6919518863547894,1.0,0.2,enet_a1.0_l0.2,submitted_main_linear_features_H3_18col,6ed147cd585e5e8083292683f9be3cf585e97e4d46fa0e3224d24a4e2b42cbbb,f83baf5732ffbf88b9a448a3d9ab9fa270f7495fe44d1559c1ac49795a30881a,69cfb2bf8bc181dc1de1e09f0c7477a1a5de7585,elasticnet_corrected_69cfb2bf8bc1_6ed147cd_f83baf57
ElasticNet,3,2,2022-12-13,2022-12-16,12.11,12.765849204110374,0.6558492041103747,0.6558492041103747,0.430138178532212,1.0,0.2,enet_a1.0_l0.2,submitted_main_linear_features_H3_18col,6ed147cd585e5e8083292683f9be3cf585e97e4d46fa0e3224d24a4e2b42cbbb,f83baf5732ffbf88b9a448a3d9ab9fa270f7495fe44d1559c1ac49795a30881a,69cfb2bf8bc181dc1de1e09f0c7477a1a5de7585,elasticnet_corrected_69cfb2bf8bc1_6ed147cd_f83baf57
ElasticNet,3,2,2022-12-14,2022-12-17,14.6,12.981886566261275,-1.6181134337387242,1.6181134337387242,2.6182910844457243,1.0,0.2,enet_a1.0_l0.2,submitted_main_linear_features_H3_18col,6ed147cd585e5e8083292683f9be3cf585e97e4d46fa0e3224d24a4e2b42cbbb,f83baf5732ffbf88b9a448a3d9ab9fa270f7495fe44d1559c1ac49795a30881a,69cfb2bf8bc181dc1de1e09f0c7477a1a5de7585,elasticnet_corrected_69cfb2bf8bc1_6ed147cd_f83baf57
ElasticNet,3,2,2022-12-15,2022-12-18,14.22,13.129368524865011,-1.0906314751349893,1.0906314751349893,1.1894770145551228,1.0,0.2,enet_a1.0_l0.2,submitted_main_linear_features_H3_18col,6ed147cd585e5e8083292683f9be3cf585e97e4d46fa0e3224d24a4e2b42cbbb,f83baf5732ffbf88b9a448a3d9ab9fa270f7495fe44d1559c1ac49795a30881a,69cfb2bf8bc181dc1de1e09f0c7477a1a5de7585,elasticnet_corrected_69cfb2bf8bc1_6ed147cd_f83baf57
ElasticNet,3,2,2022-12-16,2022-12-19,13.27,12.808334762610418,-0.46166523738958176,0.46166523738958176,0.21313479141397887,1.0,0.2,enet_a1.0_l0.2,submitted_main_linear_features_H3_18col,6ed147cd585e5e8083292683f9be3cf585e97e4d46fa0e3224d24a4e2b42cbbb,f83baf5732ffbf88b9a448a3d9ab9fa270f7495fe44d1559c1ac49795a30881a,69cfb2bf8bc181dc1de1e09f0c7477a1a5de7585,elasticnet_corrected_69cfb2bf8bc1_6ed147cd_f83baf57
ElasticNet,3,2,2022-12-17,2022-12-20,12.58,12.796807032398275,0.21680703239827537,0.21680703239827537,0.047005289297346826,1.0,0.2,enet_a1.0_l0.2,submitted_main_linear_features_H3_18col,6ed147cd585e5e8083292683f9be3cf585e97e4d46fa0e3224d24a4e2b42cbbb,f83baf5732ffbf88b9a448a3d9ab9fa270f7495fe44d1559c1ac49795a30881a,69cfb2bf8bc181dc1de1e09f0c7477a1a5de7585,elasticnet_corrected_69cfb2bf8bc1_6ed147cd_f83baf57
ElasticNet,3,2,2022-12-18,2022-12-21,12.94,13.12930113364014,0.18930113364014112,0.18930113364014112,0.03583491919744257,1.0,0.2,enet_a1.0_l0.2,submitted_main_linear_features_H3_18col,6ed147cd585e5e8083292683f9be3cf585e97e4d46fa0e3224d24a4e2b42cbbb,f83baf5732ffbf88b9a448a3d9ab9fa270f7495fe44d1559c1ac49795a30881a,69cfb2bf8bc181dc1de1e09f0c7477a1a5de7585,elasticnet_corrected_69cfb2bf8bc1_6ed147cd_f83baf57
ElasticNet,3,2,2022-12-19,2022-12-22,12.92,13.086600790567482,0.16660079056748245,0.16660079056748245,0.02775582341771015,1.0,0.2,enet_a1.0_l0.2,submitted_main_linear_features_H3_18col,6ed147cd585e5e8083292683f9be3cf585e97e4d46fa0e3224d24a4e2b42cbbb,f83baf5732ffbf88b9a448a3d9ab9fa270f7495fe44d1559c1ac49795a30881a,69cfb2bf8bc181dc1de1e09f0c7477a1a5de7585,elasticnet_corrected_69cfb2bf8bc1_6ed147cd_f83baf57
ElasticNet,3,2,2022-12-20,2022-12-23,14.04,12.979430227646452,-1.0605697723535474,1.0605697723535474,1.1248082420300554,1.0,0.2,enet_a1.0_l0.2,submitted_main_linear_features_H3_18col,6ed147cd585e5e8083292683f9be3cf585e97e4d46fa0e3224d24a4e2b42cbbb,f83baf5732ffbf88b9a448a3d9ab9fa270f7495fe44d1559c1ac49795a30881a,69cfb2bf8bc181dc1de1e09f0c7477a1a5de7585,elasticnet_corrected_69cfb2bf8bc1_6ed147cd_f83baf57
ElasticNet,3,2,2022-12-21,2022-12-24,13.32,12.908507007867396,-0.4114929921326045,0.4114929921326045,0.1693264825742437,1.0,0.2,enet_a1.0_l0.2,submitted_main_linear_features_H3_18col,6ed147cd585e5e8083292683f9be3cf585e97e4d46fa0e3224d24a4e2b42cbbb,f83baf5732ffbf88b9a448a3d9ab9fa270f7495fe44d1559c1ac49795a30881a,69cfb2bf8bc181dc1de1e09f0c7477a1a5de7585,elasticnet_corrected_69cfb2bf8bc1_6ed147cd_f83baf57
ElasticNet,3,2,2022-12-22,2022-12-25,12.68,12.835275935975142,0.15527593597514233,0.15527593597514233,0.0241106162929565,1.0,0.2,enet_a1.0_l0.2,submitted_main_linear_features_H3_18col,6ed147cd585e5e8083292683f9be3cf585e97e4d46fa0e3224d24a4e2b42cbbb,f83baf5732ffbf88b9a448a3d9ab9fa270f7495fe44d1559c1ac49795a30881a,69cfb2bf8bc181dc1de1e09f0c7477a1a5de7585,elasticnet_corrected_69cfb2bf8bc1_6ed147cd_f83baf57
ElasticNet,3,2,2022-12-23,2022-12-26,15.24,12.863887192278236,-2.376112807721764,2.376112807721764,5.645912075019405,1.0,0.2,enet_a1.0_l0.2,submitted_main_linear_features_H3_18col,6ed147cd585e5e8083292683f9be3cf585e97e4d46fa0e3224d24a4e2b42cbbb,f83baf5732ffbf88b9a448a3d9ab9fa270f7495fe44d1559c1ac49795a30881a,69cfb2bf8bc181dc1de1e09f0c7477a1a5de7585,elasticnet_corrected_69cfb2bf8bc1_6ed147cd_f83baf57
ElasticNet,3,2,2022-12-24,2022-12-27,12.37,13.052047015665982,0.682047015665983,0.682047015665983,0.4651881315788737,1.0,0.2,enet_a1.0_l0.2,submitted_main_linear_features_H3_18col,6ed147cd585e5e8083292683f9be3cf585e97e4d46fa0e3224d24a4e2b42cbbb,f83baf5732ffbf88b9a448a3d9ab9fa270f7495fe44d1559c1ac49795a30881a,69cfb2bf8bc181dc1de1e09f0c7477a1a5de7585,elasticnet_corrected_69cfb2bf8bc1_6ed147cd_f83baf57
ElasticNet,3,2,2022-12-25,2022-12-28,10.22,12.944829634120802,2.724829634120802,2.724829634120802,7.424696534982902,1.0,0.2,enet_a1.0_l0.2,submitted_main_linear_features_H3_18col,6ed147cd585e5e8083292683f9be3cf585e97e4d46fa0e3224d24a4e2b42cbbb,f83baf5732ffbf88b9a448a3d9ab9fa270f7495fe44d1559c1ac49795a30881a,69cfb2bf8bc181dc1de1e09f0c7477a1a5de7585,elasticnet_corrected_69cfb2bf8bc1_6ed147cd_f83baf57
ElasticNet,3,2,2022-12-26,2022-12-29,10.45,12.872576149292927,2.4225761492929276,2.4225761492929276,5.868875199122949,1.0,0.2,enet_a1.0_l0.2,submitted_main_linear_features_H3_18col,6ed147cd585e5e8083292683f9be3cf585e97e4d46fa0e3224d24a4e2b42cbbb,f83baf5732ffbf88b9a448a3d9ab9fa270f7495fe44d1559c1ac49795a30881a,69cfb2bf8bc181dc1de1e09f0c7477a1a5de7585,elasticnet_corrected_69cfb2bf8bc1_6ed147cd_f83baf57
ElasticNet,3,2,2022-12-27,2022-12-30,11.82,13.218839786159275,1.3988397861592752,1.3988397861592752,1.9567527473421267,1.0,0.2,enet_a1.0_l0.2,submitted_main_linear_features_H3_18col,6ed147cd585e5e8083292683f9be3cf585e97e4d46fa0e3224d24a4e2b42cbbb,f83baf5732ffbf88b9a448a3d9ab9fa270f7495fe44d1559c1ac49795a30881a,69cfb2bf8bc181dc1de1e09f0c7477a1a5de7585,elasticnet_corrected_69cfb2bf8bc1_6ed147cd_f83baf57
ElasticNet,3,2,2022-12-28,2022-12-31,13.51,12.762394237996093,-0.7476057620039072,0.7476057620039072,0.5589143753814426,1.0,0.2,enet_a1.0_l0.2,submitted_main_linear_features_H3_18col,6ed147cd585e5e8083292683f9be3cf585e97e4d46fa0e3224d24a4e2b42cbbb,f83baf5732ffbf88b9a448a3d9ab9fa270f7495fe44d1559c1ac49795a30881a,69cfb2bf8bc181dc1de1e09f0c7477a1a5de7585,elasticnet_corrected_69cfb2bf8bc1_6ed147cd_f83baf57
ElasticNet,3,2,2022-12-29,2023-01-01,12.29,12.4387346498867,0.14873464988670015,0.14873464988670015,0.022121996076919274,1.0,0.2,enet_a1.0_l0.2,submitted_main_linear_features_H3_18col,6ed147cd585e5e8083292683f9be3cf585e97e4d46fa0e3224d24a4e2b42cbbb,f83baf5732ffbf88b9a448a3d9ab9fa270f7495fe44d1559c1ac49795a30881a,69cfb2bf8bc181dc1de1e09f0c7477a1a5de7585,elasticnet_corrected_69cfb2bf8bc1_6ed147cd_f83baf57
ElasticNet,3,2,2022-12-30,2023-01-02,13.67,12.414182024901395,-1.255817975098605,1.255817975098605,1.5770787865807603,1.0,0.2,enet_a1.0_l0.2,submitted_main_linear_features_H3_18col,6ed147cd585e5e8083292683f9be3cf585e97e4d46fa0e3224d24a4e2b42cbbb,f83baf5732ffbf88b9a448a3d9ab9fa270f7495fe44d1559c1ac49795a30881a,69cfb2bf8bc181dc1de1e09f0c7477a1a5de7585,elasticnet_corrected_69cfb2bf8bc1_6ed147cd_f83baf57
ElasticNet,3,2,2022-12-31,2023-01-03,12.94,12.623973417246535,-0.31602658275346407,0.31602658275346407,0.09987280100683207,1.0,0.2,enet_a1.0_l0.2,submitted_main_linear_features_H3_18col,6ed147cd585e5e8083292683f9be3cf585e97e4d46fa0e3224d24a4e2b42cbbb,f83baf5732ffbf88b9a448a3d9ab9fa270f7495fe44d1559c1ac49795a30881a,69cfb2bf8bc181dc1de1e09f0c7477a1a5de7585,elasticnet_corrected_69cfb2bf8bc1_6ed147cd_f83baf57
ElasticNet,3,2,2023-01-01,2023-01-04,13.74,12.8674550174759,-0.8725449825241007,0.8725449825241007,0.7613347465279833,1.0,0.2,enet_a1.0_l0.2,submitted_main_linear_features_H3_18col,6ed147cd585e5e8083292683f9be3cf585e97e4d46fa0e3224d24a4e2b42cbbb,f83baf5732ffbf88b9a448a3d9ab9fa270f7495fe44d1559c1ac49795a30881a,69cfb2bf8bc181dc1de1e09f0c7477a1a5de7585,elasticnet_corrected_69cfb2bf8bc1_6ed147cd_f83baf57
ElasticNet,3,2,2023-01-02,2023-01-05,10.82,12.757759312546696,1.9377593125466959,1.9377593125466959,3.7549111533614434,1.0,0.2,enet_a1.0_l0.2,submitted_main_linear_features_H3_18col,6ed147cd585e5e8083292683f9be3cf585e97e4d46fa0e3224d24a4e2b42cbbb,f83baf5732ffbf88b9a448a3d9ab9fa270f7495fe44d1559c1ac49795a30881a,69cfb2bf8bc181dc1de1e09f0c7477a1a5de7585,elasticnet_corrected_69cfb2bf8bc1_6ed147cd_f83baf57
ElasticNet,3,2,2023-01-03,2023-01-06,12.01,12.962624677203893,0.9526246772038931,0.9526246772038931,0.9074937756178215,1.0,0.2,enet_a1.0_l0.2,submitted_main_linear_features_H3_18col,6ed147cd585e5e8083292683f9be3cf585e97e4d46fa0e3224d24a4e2b42cbbb,f83baf5732ffbf88b9a448a3d9ab9fa270f7495fe44d1559c1ac49795a30881a,69cfb2bf8bc181dc1de1e09f0c7477a1a5de7585,elasticnet_corrected_69cfb2bf8bc1_6ed147cd_f83baf57
ElasticNet,3,2,2023-01-04,2023-01-07,13.3,12.869486597432582,-0.4305134025674189,0.4305134025674189,0.18534178979017646,1.0,0.2,enet_a1.0_l0.2,submitted_main_linear_features_H3_18col,6ed147cd585e5e8083292683f9be3cf585e97e4d46fa0e3224d24a4e2b42cbbb,f83baf5732ffbf88b9a448a3d9ab9fa270f7495fe44d1559c1ac49795a30881a,69cfb2bf8bc181dc1de1e09f0c7477a1a5de7585,elasticnet_corrected_69cfb2bf8bc1_6ed147cd_f83baf57
ElasticNet,3,2,2023-01-05,2023-01-08,11.75,13.012970082940695,1.2629700829406953,1.2629700829406953,1.595093430403227,1.0,0.2,enet_a1.0_l0.2,submitted_main_linear_features_H3_18col,6ed147cd585e5e8083292683f9be3cf585e97e4d46fa0e3224d24a4e2b42cbbb,f83baf5732ffbf88b9a448a3d9ab9fa270f7495fe44d1559c1ac49795a30881a,69cfb2bf8bc181dc1de1e09f0c7477a1a5de7585,elasticnet_corrected_69cfb2bf8bc1_6ed147cd_f83baf57
ElasticNet,3,2,2023-01-06,2023-01-09,14.04,12.746001889909557,-1.2939981100904419,1.2939981100904419,1.6744311089176354,1.0,0.2,enet_a1.0_l0.2,submitted_main_linear_features_H3_18col,6ed147cd585e5e8083292683f9be3cf585e97e4d46fa0e3224d24a4e2b42cbbb,f83baf5732ffbf88b9a448a3d9ab9fa270f7495fe44d1559c1ac49795a30881a,69cfb2bf8bc181dc1de1e09f0c7477a1a5de7585,elasticnet_corrected_69cfb2bf8bc1_6ed147cd_f83baf57
ElasticNet,3,2,2023-01-07,2023-01-10,14.39,12.827198261166895,-1.5628017388331052,1.5628017388331052,2.4423492748997773,1.0,0.2,enet_a1.0_l0.2,submitted_main_linear_features_H3_18col,6ed147cd585e5e8083292683f9be3cf585e97e4d46fa0e3224d24a4e2b42cbbb,f83baf5732ffbf88b9a448a3d9ab9fa270f7495fe44d1559c1ac49795a30881a,69cfb2bf8bc181dc1de1e09f0c7477a1a5de7585,elasticnet_corrected_69cfb2bf8bc1_6ed147cd_f83baf57
ElasticNet,3,2,2023-01-08,2023-01-11,10.31,13.064683371815201,2.754683371815201,2.754683371815201,7.588280478955164,1.0,0.2,enet_a1.0_l0.2,submitted_main_linear_features_H3_18col,6ed147cd585e5e8083292683f9be3cf585e97e4d46fa0e3224d24a4e2b42cbbb,f83baf5732ffbf88b9a448a3d9ab9fa270f7495fe44d1559c1ac49795a30881a,69cfb2bf8bc181dc1de1e09f0c7477a1a5de7585,elasticnet_corrected_69cfb2bf8bc1_6ed147cd_f83baf57
ElasticNet,3,2,2023-01-09,2023-01-12,12.35,12.880898816981817,0.5308988169818178,0.5308988169818178,0.28185355387269373,1.0,0.2,enet_a1.0_l0.2,submitted_main_linear_features_H3_18col,6ed147cd585e5e8083292683f9be3cf585e97e4d46fa0e3224d24a4e2b42cbbb,f83baf5732ffbf88b9a448a3d9ab9fa270f7495fe44d1559c1ac49795a30881a,69cfb2bf8bc181dc1de1e09f0c7477a1a5de7585,elasticnet_corrected_69cfb2bf8bc1_6ed147cd_f83baf57
ElasticNet,3,2,2023-01-10,2023-01-13,13.13,13.208153054576112,0.0781530545761111,0.0781530545761111,0.0061078999395766005,1.0,0.2,enet_a1.0_l0.2,submitted_main_linear_features_H3_18col,6ed147cd585e5e8083292683f9be3cf585e97e4d46fa0e3224d24a4e2b42cbbb,f83baf5732ffbf88b9a448a3d9ab9fa270f7495fe44d1559c1ac49795a30881a,69cfb2bf8bc181dc1de1e09f0c7477a1a5de7585,elasticnet_corrected_69cfb2bf8bc1_6ed147cd_f83baf57
ElasticNet,3,2,2023-01-11,2023-01-14,6.71,13.212179106748692,6.5021791067486925,6.5021791067486925,42.278333136239226,1.0,0.2,enet_a1.0_l0.2,submitted_main_linear_features_H3_18col,6ed147cd585e5e8083292683f9be3cf585e97e4d46fa0e3224d24a4e2b42cbbb,f83baf5732ffbf88b9a448a3d9ab9fa270f7495fe44d1559c1ac49795a30881a,69cfb2bf8bc181dc1de1e09f0c7477a1a5de7585,elasticnet_corrected_69cfb2bf8bc1_6ed147cd_f83baf57
ElasticNet,3,2,2023-01-12,2023-01-15,10.54,12.56113965068699,2.0211396506869903,2.0211396506869903,4.085005487579129,1.0,0.2,enet_a1.0_l0.2,submitted_main_linear_features_H3_18col,6ed147cd585e5e8083292683f9be3cf585e97e4d46fa0e3224d24a4e2b42cbbb,f83baf5732ffbf88b9a448a3d9ab9fa270f7495fe44d1559c1ac49795a30881a,69cfb2bf8bc181dc1de1e09f0c7477a1a5de7585,elasticnet_corrected_69cfb2bf8bc1_6ed147cd_f83baf57
ElasticNet,3,2,2023-01-13,2023-01-16,10.56,12.7334065034006,2.1734065034005994,2.1734065034005994,4.723695829024019,1.0,0.2,enet_a1.0_l0.2,submitted_main_linear_features_H3_18col,6ed147cd585e5e8083292683f9be3cf585e97e4d46fa0e3224d24a4e2b42cbbb,f83baf5732ffbf88b9a448a3d9ab9fa270f7495fe44d1559c1ac49795a30881a,69cfb2bf8bc181dc1de1e09f0c7477a1a5de7585,elasticnet_corrected_69cfb2bf8bc1_6ed147cd_f83baf57
ElasticNet,3,2,2023-01-14,2023-01-17,10.38,12.817934770550437,2.437934770550436,2.437934770550436,5.943525945458807,1.0,0.2,enet_a1.0_l0.2,submitted_main_linear_features_H3_18col,6ed147cd585e5e8083292683f9be3cf585e97e4d46fa0e3224d24a4e2b42cbbb,f83baf5732ffbf88b9a448a3d9ab9fa270f7495fe44d1559c1ac49795a30881a,69cfb2bf8bc181dc1de1e09f0c7477a1a5de7585,elasticnet_corrected_69cfb2bf8bc1_6ed147cd_f83baf57
ElasticNet,3,2,2023-01-15,2023-01-18,11.68,11.756463704110724,0.0764637041107239,0.0764637041107239,0.005846698046332335,1.0,0.2,enet_a1.0_l0.2,submitted_main_linear_features_H3_18col,6ed147cd585e5e8083292683f9be3cf585e97e4d46fa0e3224d24a4e2b42cbbb,f83baf5732ffbf88b9a448a3d9ab9fa270f7495fe44d1559c1ac49795a30881a,69cfb2bf8bc181dc1de1e09f0c7477a1a5de7585,elasticnet_corrected_69cfb2bf8bc1_6ed147cd_f83baf57
ElasticNet,3,2,2023-01-16,2023-01-19,11.39,12.27223641795883,0.8822364179588291,0.8822364179588291,0.7783410971728258,1.0,0.2,enet_a1.0_l0.2,submitted_main_linear_features_H3_18col,6ed147cd585e5e8083292683f9be3cf585e97e4d46fa0e3224d24a4e2b42cbbb,f83baf5732ffbf88b9a448a3d9ab9fa270f7495fe44d1559c1ac49795a30881a,69cfb2bf8bc181dc1de1e09f0c7477a1a5de7585,elasticnet_corrected_69cfb2bf8bc1_6ed147cd_f83baf57
ElasticNet,3,2,2023-01-17,2023-01-20,13.84,12.12290718936057,-1.7170928106394303,1.7170928106394303,2.9484077203496186,1.0,0.2,enet_a1.0_l0.2,submitted_main_linear_features_H3_18col,6ed147cd585e5e8083292683f9be3cf585e97e4d46fa0e3224d24a4e2b42cbbb,f83baf5732ffbf88b9a448a3d9ab9fa270f7495fe44d1559c1ac49795a30881a,69cfb2bf8bc181dc1de1e09f0c7477a1a5de7585,elasticnet_corrected_69cfb2bf8bc1_6ed147cd_f83baf57
ElasticNet,3,2,2023-01-18,2023-01-21,9.61,12.060141820740672,2.450141820740672,2.450141820740672,6.003194941742416,1.0,0.2,enet_a1.0_l0.2,submitted_main_linear_features_H3_18col,6ed147cd585e5e8083292683f9be3cf585e97e4d46fa0e3224d24a4e2b42cbbb,f83baf5732ffbf88b9a448a3d9ab9fa270f7495fe44d1559c1ac49795a30881a,69cfb2bf8bc181dc1de1e09f0c7477a1a5de7585,elasticnet_corrected_69cfb2bf8bc1_6ed147cd_f83baf57
ElasticNet,3,2,2023-01-19,2023-01-22,11.47,12.288797116054235,0.8187971160542347,0.8187971160542347,0.6704287172587319,1.0,0.2,enet_a1.0_l0.2,submitted_main_linear_features_H3_18col,6ed147cd585e5e8083292683f9be3cf585e97e4d46fa0e3224d24a4e2b42cbbb,f83baf5732ffbf88b9a448a3d9ab9fa270f7495fe44d1559c1ac49795a30881a,69cfb2bf8bc181dc1de1e09f0c7477a1a5de7585,elasticnet_corrected_69cfb2bf8bc1_6ed147cd_f83baf57
ElasticNet,3,2,2023-01-20,2023-01-23,9.53,12.24701592232309,2.7170159223230907,2.7170159223230907,7.382175522157196,1.0,0.2,enet_a1.0_l0.2,submitted_main_linear_features_H3_18col,6ed147cd585e5e8083292683f9be3cf585e97e4d46fa0e3224d24a4e2b42cbbb,f83baf5732ffbf88b9a448a3d9ab9fa270f7495fe44d1559c1ac49795a30881a,69cfb2bf8bc181dc1de1e09f0c7477a1a5de7585,elasticnet_corrected_69cfb2bf8bc1_6ed147cd_f83baf57
ElasticNet,3,2,2023-01-21,2023-01-24,9.61,12.678511633435106,3.068511633435106,3.068511633435106,9.415763644526583,1.0,0.2,enet_a1.0_l0.2,submitted_main_linear_features_H3_18col,6ed147cd585e5e8083292683f9be3cf585e97e4d46fa0e3224d24a4e2b42cbbb,f83baf5732ffbf88b9a448a3d9ab9fa270f7495fe44d1559c1ac49795a30881a,69cfb2bf8bc181dc1de1e09f0c7477a1a5de7585,elasticnet_corrected_69cfb2bf8bc1_6ed147cd_f83baf57
ElasticNet,3,2,2023-01-22,2023-01-25,13.98,12.20492875943673,-1.7750712405632711,1.7750712405632711,3.1508779090748305,1.0,0.2,enet_a1.0_l0.2,submitted_main_linear_features_H3_18col,6ed147cd585e5e8083292683f9be3cf585e97e4d46fa0e3224d24a4e2b42cbbb,f83baf5732ffbf88b9a448a3d9ab9fa270f7495fe44d1559c1ac49795a30881a,69cfb2bf8bc181dc1de1e09f0c7477a1a5de7585,elasticnet_corrected_69cfb2bf8bc1_6ed147cd_f83baf57
ElasticNet,3,2,2023-01-23,2023-01-26,12.46,12.522461188542687,0.06246118854268623,0.06246118854268623,0.0039014000741649977,1.0,0.2,enet_a1.0_l0.2,submitted_main_linear_features_H3_18col,6ed147cd585e5e8083292683f9be3cf585e97e4d46fa0e3224d24a4e2b42cbbb,f83baf5732ffbf88b9a448a3d9ab9fa270f7495fe44d1559c1ac49795a30881a,69cfb2bf8bc181dc1de1e09f0c7477a1a5de7585,elasticnet_corrected_69cfb2bf8bc1_6ed147cd_f83baf57
ElasticNet,3,2,2023-01-24,2023-01-27,11.69,12.280600162516546,0.5906001625165462,0.5906001625165462,0.34880855196457083,1.0,0.2,enet_a1.0_l0.2,submitted_main_linear_features_H3_18col,6ed147cd585e5e8083292683f9be3cf585e97e4d46fa0e3224d24a4e2b42cbbb,f83baf5732ffbf88b9a448a3d9ab9fa270f7495fe44d1559c1ac49795a30881a,69cfb2bf8bc181dc1de1e09f0c7477a1a5de7585,elasticnet_corrected_69cfb2bf8bc1_6ed147cd_f83baf57
ElasticNet,3,2,2023-01-25,2023-01-28,12.88,12.298730965115702,-0.5812690348842988,0.5812690348842988,0.3378736909153242,1.0,0.2,enet_a1.0_l0.2,submitted_main_linear_features_H3_18col,6ed147cd585e5e8083292683f9be3cf585e97e4d46fa0e3224d24a4e2b42cbbb,f83baf5732ffbf88b9a448a3d9ab9fa270f7495fe44d1559c1ac49795a30881a,69cfb2bf8bc181dc1de1e09f0c7477a1a5de7585,elasticnet_corrected_69cfb2bf8bc1_6ed147cd_f83baf57
ElasticNet,3,2,2023-01-26,2023-01-29,12.01,12.869331676151848,0.8593316761518484,0.8593316761518484,0.7384509296379452,1.0,0.2,enet_a1.0_l0.2,submitted_main_linear_features_H3_18col,6ed147cd585e5e8083292683f9be3cf585e97e4d46fa0e3224d24a4e2b42cbbb,f83baf5732ffbf88b9a448a3d9ab9fa270f7495fe44d1559c1ac49795a30881a,69cfb2bf8bc181dc1de1e09f0c7477a1a5de7585,elasticnet_corrected_69cfb2bf8bc1_6ed147cd_f83baf57
ElasticNet,3,2,2023-01-27,2023-01-30,14.4,12.683316214607878,-1.7166837853921226,1.7166837853921226,2.947003219028227,1.0,0.2,enet_a1.0_l0.2,submitted_main_linear_features_H3_18col,6ed147cd585e5e8083292683f9be3cf585e97e4d46fa0e3224d24a4e2b42cbbb,f83baf5732ffbf88b9a448a3d9ab9fa270f7495fe44d1559c1ac49795a30881a,69cfb2bf8bc181dc1de1e09f0c7477a1a5de7585,elasticnet_corrected_69cfb2bf8bc1_6ed147cd_f83baf57
ElasticNet,3,2,2023-01-28,2023-01-31,14.68,12.538342028346682,-2.141657971653318,2.141657971653318,4.586698867546205,1.0,0.2,enet_a1.0_l0.2,submitted_main_linear_features_H3_18col,6ed147cd585e5e8083292683f9be3cf585e97e4d46fa0e3224d24a4e2b42cbbb,f83baf5732ffbf88b9a448a3d9ab9fa270f7495fe44d1559c1ac49795a30881a,69cfb2bf8bc181dc1de1e09f0c7477a1a5de7585,elasticnet_corrected_69cfb2bf8bc1_6ed147cd_f83baf57
ElasticNet,3,2,2023-01-29,2023-02-01,16.7,12.758301874460447,-3.9416981255395527,3.9416981255395527,15.536984112882022,1.0,0.2,enet_a1.0_l0.2,submitted_main_linear_features_H3_18col,6ed147cd585e5e8083292683f9be3cf585e97e4d46fa0e3224d24a4e2b42cbbb,f83baf5732ffbf88b9a448a3d9ab9fa270f7495fe44d1559c1ac49795a30881a,69cfb2bf8bc181dc1de1e09f0c7477a1a5de7585,elasticnet_corrected_69cfb2bf8bc1_6ed147cd_f83baf57
ElasticNet,3,2,2023-01-30,2023-02-02,11.45,12.637655252244352,1.1876552522443529,1.1876552522443529,1.4105249981835974,1.0,0.2,enet_a1.0_l0.2,submitted_main_linear_features_H3_18col,6ed147cd585e5e8083292683f9be3cf585e97e4d46fa0e3224d24a4e2b42cbbb,f83baf5732ffbf88b9a448a3d9ab9fa270f7495fe44d1559c1ac49795a30881a,69cfb2bf8bc181dc1de1e09f0c7477a1a5de7585,elasticnet_corrected_69cfb2bf8bc1_6ed147cd_f83baf57
ElasticNet,3,2,2023-01-31,2023-02-03,8.69,13.092823098785257,4.402823098785257,4.402823098785257,19.384851239197012,1.0,0.2,enet_a1.0_l0.2,submitted_main_linear_features_H3_18col,6ed147cd585e5e8083292683f9be3cf585e97e4d46fa0e3224d24a4e2b42cbbb,f83baf5732ffbf88b9a448a3d9ab9fa270f7495fe44d1559c1ac49795a30881a,69cfb2bf8bc181dc1de1e09f0c7477a1a5de7585,elasticnet_corrected_69cfb2bf8bc1_6ed147cd_f83baf57
ElasticNet,3,2,2023-02-01,2023-02-04,16.0,13.141077988979905,-2.858922011020095,2.858922011020095,8.173435065095184,1.0,0.2,enet_a1.0_l0.2,submitted_main_linear_features_H3_18col,6ed147cd585e5e8083292683f9be3cf585e97e4d46fa0e3224d24a4e2b42cbbb,f83baf5732ffbf88b9a448a3d9ab9fa270f7495fe44d1559c1ac49795a30881a,69cfb2bf8bc181dc1de1e09f0c7477a1a5de7585,elasticnet_corrected_69cfb2bf8bc1_6ed147cd_f83baf57
ElasticNet,3,2,2023-02-02,2023-02-05,17.45,13.516354981078429,-3.9336450189215704,3.9336450189215704,15.473563134886481,1.0,0.2,enet_a1.0_l0.2,submitted_main_linear_features_H3_18col,6ed147cd585e5e8083292683f9be3cf585e97e4d46fa0e3224d24a4e2b42cbbb,f83baf5732ffbf88b9a448a3d9ab9fa270f7495fe44d1559c1ac49795a30881a,69cfb2bf8bc181dc1de1e09f0c7477a1a5de7585,elasticnet_corrected_69cfb2bf8bc1_6ed147cd_f83baf57
ElasticNet,3,2,2023-02-03,2023-02-06,15.54,12.81032414268307,-2.729675857316929,2.729675857316929,7.451130286018911,1.0,0.2,enet_a1.0_l0.2,submitted_main_linear_features_H3_18col,6ed147cd585e5e8083292683f9be3cf585e97e4d46fa0e3224d24a4e2b42cbbb,f83baf5732ffbf88b9a448a3d9ab9fa270f7495fe44d1559c1ac49795a30881a,69cfb2bf8bc181dc1de1e09f0c7477a1a5de7585,elasticnet_corrected_69cfb2bf8bc1_6ed147cd_f83baf57
ElasticNet,3,2,2023-02-04,2023-02-07,13.67,12.394557871588809,-1.275442128411191,1.275442128411191,1.626752622926069,1.0,0.2,enet_a1.0_l0.2,submitted_main_linear_features_H3_18col,6ed147cd585e5e8083292683f9be3cf585e97e4d46fa0e3224d24a4e2b42cbbb,f83baf5732ffbf88b9a448a3d9ab9fa270f7495fe44d1559c1ac49795a30881a,69cfb2bf8bc181dc1de1e09f0c7477a1a5de7585,elasticnet_corrected_69cfb2bf8bc1_6ed147cd_f83baf57
ElasticNet,3,2,2023-02-05,2023-02-08,12.29,13.49170684797793,1.2017068479779311,1.2017068479779311,1.4440993484770546,1.0,0.2,enet_a1.0_l0.2,submitted_main_linear_features_H3_18col,6ed147cd585e5e8083292683f9be3cf585e97e4d46fa0e3224d24a4e2b42cbbb,f83baf5732ffbf88b9a448a3d9ab9fa270f7495fe44d1559c1ac49795a30881a,69cfb2bf8bc181dc1de1e09f0c7477a1a5de7585,elasticnet_corrected_69cfb2bf8bc1_6ed147cd_f83baf57
ElasticNet,3,2,2023-02-06,2023-02-09,11.92,13.8039364657043,1.8839364657043003,1.8839364657043003,3.5492166068104103,1.0,0.2,enet_a1.0_l0.2,submitted_main_linear_features_H3_18col,6ed147cd585e5e8083292683f9be3cf585e97e4d46fa0e3224d24a4e2b42cbbb,f83baf5732ffbf88b9a448a3d9ab9fa270f7495fe44d1559c1ac49795a30881a,69cfb2bf8bc181dc1de1e09f0c7477a1a5de7585,elasticnet_corrected_69cfb2bf8bc1_6ed147cd_f83baf57
ElasticNet,3,2,2023-02-07,2023-02-10,10.97,13.544527769164409,2.5745277691644084,2.5745277691644084,6.628193234198665,1.0,0.2,enet_a1.0_l0.2,submitted_main_linear_features_H3_18col,6ed147cd585e5e8083292683f9be3cf585e97e4d46fa0e3224d24a4e2b42cbbb,f83baf5732ffbf88b9a448a3d9ab9fa270f7495fe44d1559c1ac49795a30881a,69cfb2bf8bc181dc1de1e09f0c7477a1a5de7585,elasticnet_corrected_69cfb2bf8bc1_6ed147cd_f83baf57
ElasticNet,3,2,2023-02-08,2023-02-11,7.57,13.296922966725095,5.726922966725095,5.726922966725095,32.79764666680336,1.0,0.2,enet_a1.0_l0.2,submitted_main_linear_features_H3_18col,6ed147cd585e5e8083292683f9be3cf585e97e4d46fa0e3224d24a4e2b42cbbb,f83baf5732ffbf88b9a448a3d9ab9fa270f7495fe44d1559c1ac49795a30881a,69cfb2bf8bc181dc1de1e09f0c7477a1a5de7585,elasticnet_corrected_69cfb2bf8bc1_6ed147cd_f83baf57
ElasticNet,3,2,2023-02-09,2023-02-12,7.45,13.091749105113031,5.641749105113031,5.641749105113031,31.829332965043687,1.0,0.2,enet_a1.0_l0.2,submitted_main_linear_features_H3_18col,6ed147cd585e5e8083292683f9be3cf585e97e4d46fa0e3224d24a4e2b42cbbb,f83baf5732ffbf88b9a448a3d9ab9fa270f7495fe44d1559c1ac49795a30881a,69cfb2bf8bc181dc1de1e09f0c7477a1a5de7585,elasticnet_corrected_69cfb2bf8bc1_6ed147cd_f83baf57
ElasticNet,3,2,2023-02-10,2023-02-13,8.88,12.90555315479933,4.025553154799329,4.025553154799329,16.205078202114834,1.0,0.2,enet_a1.0_l0.2,submitted_main_linear_features_H3_18col,6ed147cd585e5e8083292683f9be3cf585e97e4d46fa0e3224d24a4e2b42cbbb,f83baf5732ffbf88b9a448a3d9ab9fa270f7495fe44d1559c1ac49795a30881a,69cfb2bf8bc181dc1de1e09f0c7477a1a5de7585,elasticnet_corrected_69cfb2bf8bc1_6ed147cd_f83baf57
ElasticNet,3,2,2023-02-11,2023-02-14,11.27,12.828392878087405,1.558392878087405,1.558392878087405,2.4285883624735454,1.0,0.2,enet_a1.0_l0.2,submitted_main_linear_features_H3_18col,6ed147cd585e5e8083292683f9be3cf585e97e4d46fa0e3224d24a4e2b42cbbb,f83baf5732ffbf88b9a448a3d9ab9fa270f7495fe44d1559c1ac49795a30881a,69cfb2bf8bc181dc1de1e09f0c7477a1a5de7585,elasticnet_corrected_69cfb2bf8bc1_6ed147cd_f83baf57
ElasticNet,3,2,2023-02-12,2023-02-15,14.0,12.18256818306704,-1.8174318169329595,1.8174318169329595,3.3030584092002386,1.0,0.2,enet_a1.0_l0.2,submitted_main_linear_features_H3_18col,6ed147cd585e5e8083292683f9be3cf585e97e4d46fa0e3224d24a4e2b42cbbb,f83baf5732ffbf88b9a448a3d9ab9fa270f7495fe44d1559c1ac49795a30881a,69cfb2bf8bc181dc1de1e09f0c7477a1a5de7585,elasticnet_corrected_69cfb2bf8bc1_6ed147cd_f83baf57
ElasticNet,3,2,2023-02-13,2023-02-16,15.84,12.025402322764531,-3.8145976772354686,3.8145976772354686,14.551155439170232,1.0,0.2,enet_a1.0_l0.2,submitted_main_linear_features_H3_18col,6ed147cd585e5e8083292683f9be3cf585e97e4d46fa0e3224d24a4e2b42cbbb,f83baf5732ffbf88b9a448a3d9ab9fa270f7495fe44d1559c1ac49795a30881a,69cfb2bf8bc181dc1de1e09f0c7477a1a5de7585,elasticnet_corrected_69cfb2bf8bc1_6ed147cd_f83baf57
ElasticNet,3,2,2023-02-14,2023-02-17,13.82,11.970997809859599,-1.8490021901404017,1.8490021901404017,3.4188090991440023,1.0,0.2,enet_a1.0_l0.2,submitted_main_linear_features_H3_18col,6ed147cd585e5e8083292683f9be3cf585e97e4d46fa0e3224d24a4e2b42cbbb,f83baf5732ffbf88b9a448a3d9ab9fa270f7495fe44d1559c1ac49795a30881a,69cfb2bf8bc181dc1de1e09f0c7477a1a5de7585,elasticnet_corrected_69cfb2bf8bc1_6ed147cd_f83baf57
ElasticNet,3,2,2023-02-15,2023-02-18,16.04,12.329272269290012,-3.710727730709987,3.710727730709987,13.76950029146009,1.0,0.2,enet_a1.0_l0.2,submitted_main_linear_features_H3_18col,6ed147cd585e5e8083292683f9be3cf585e97e4d46fa0e3224d24a4e2b42cbbb,f83baf5732ffbf88b9a448a3d9ab9fa270f7495fe44d1559c1ac49795a30881a,69cfb2bf8bc181dc1de1e09f0c7477a1a5de7585,elasticnet_corrected_69cfb2bf8bc1_6ed147cd_f83baf57
ElasticNet,3,2,2023-02-16,2023-02-19,14.5,12.72436125729574,-1.7756387427042597,1.7756387427042597,3.1528929445923644,1.0,0.2,enet_a1.0_l0.2,submitted_main_linear_features_H3_18col,6ed147cd585e5e8083292683f9be3cf585e97e4d46fa0e3224d24a4e2b42cbbb,f83baf5732ffbf88b9a448a3d9ab9fa270f7495fe44d1559c1ac49795a30881a,69cfb2bf8bc181dc1de1e09f0c7477a1a5de7585,elasticnet_corrected_69cfb2bf8bc1_6ed147cd_f83baf57
ElasticNet,3,2,2023-02-17,2023-02-20,13.08,13.07351087719364,-0.006489122806360825,0.006489122806360825,4.210871479603219e-05,1.0,0.2,enet_a1.0_l0.2,submitted_main_linear_features_H3_18col,6ed147cd585e5e8083292683f9be3cf585e97e4d46fa0e3224d24a4e2b42cbbb,f83baf5732ffbf88b9a448a3d9ab9fa270f7495fe44d1559c1ac49795a30881a,69cfb2bf8bc181dc1de1e09f0c7477a1a5de7585,elasticnet_corrected_69cfb2bf8bc1_6ed147cd_f83baf57
ElasticNet,3,2,2023-02-18,2023-02-21,10.58,12.845687893143328,2.265687893143328,2.265687893143328,5.133341629136252,1.0,0.2,enet_a1.0_l0.2,submitted_main_linear_features_H3_18col,6ed147cd585e5e8083292683f9be3cf585e97e4d46fa0e3224d24a4e2b42cbbb,f83baf5732ffbf88b9a448a3d9ab9fa270f7495fe44d1559c1ac49795a30881a,69cfb2bf8bc181dc1de1e09f0c7477a1a5de7585,elasticnet_corrected_69cfb2bf8bc1_6ed147cd_f83baf57
ElasticNet,3,2,2023-02-19,2023-02-22,13.94,13.273076046481874,-0.6669239535181255,0.6669239535181255,0.44478755977624684,1.0,0.2,enet_a1.0_l0.2,submitted_main_linear_features_H3_18col,6ed147cd585e5e8083292683f9be3cf585e97e4d46fa0e3224d24a4e2b42cbbb,f83baf5732ffbf88b9a448a3d9ab9fa270f7495fe44d1559c1ac49795a30881a,69cfb2bf8bc181dc1de1e09f0c7477a1a5de7585,elasticnet_corrected_69cfb2bf8bc1_6ed147cd_f83baf57
ElasticNet,3,2,2023-02-20,2023-02-23,13.76,13.1799456874765,-0.5800543125234991,0.5800543125234991,0.3364630054771092,1.0,0.2,enet_a1.0_l0.2,submitted_main_linear_features_H3_18col,6ed147cd585e5e8083292683f9be3cf585e97e4d46fa0e3224d24a4e2b42cbbb,f83baf5732ffbf88b9a448a3d9ab9fa270f7495fe44d1559c1ac49795a30881a,69cfb2bf8bc181dc1de1e09f0c7477a1a5de7585,elasticnet_corrected_69cfb2bf8bc1_6ed147cd_f83baf57
ElasticNet,3,2,2023-02-21,2023-02-24,16.57,13.140878404986546,-3.429121595013454,3.429121595013454,11.758874913387615,1.0,0.2,enet_a1.0_l0.2,submitted_main_linear_features_H3_18col,6ed147cd585e5e8083292683f9be3cf585e97e4d46fa0e3224d24a4e2b42cbbb,f83baf5732ffbf88b9a448a3d9ab9fa270f7495fe44d1559c1ac49795a30881a,69cfb2bf8bc181dc1de1e09f0c7477a1a5de7585,elasticnet_corrected_69cfb2bf8bc1_6ed147cd_f83baf57
ElasticNet,3,3,2023-02-22,2023-02-25,12.14,12.506035325359091,0.3660353253590909,0.3660353253590909,0.13398185941073554,1.0,0.5,enet_a1.0_l0.5,submitted_main_linear_features_H3_18col,6ed147cd585e5e8083292683f9be3cf585e97e4d46fa0e3224d24a4e2b42cbbb,f83baf5732ffbf88b9a448a3d9ab9fa270f7495fe44d1559c1ac49795a30881a,69cfb2bf8bc181dc1de1e09f0c7477a1a5de7585,elasticnet_corrected_69cfb2bf8bc1_6ed147cd_f83baf57
ElasticNet,3,3,2023-02-23,2023-02-26,10.48,12.756095822333307,2.276095822333307,2.276095822333307,5.1806121924431325,1.0,0.5,enet_a1.0_l0.5,submitted_main_linear_features_H3_18col,6ed147cd585e5e8083292683f9be3cf585e97e4d46fa0e3224d24a4e2b42cbbb,f83baf5732ffbf88b9a448a3d9ab9fa270f7495fe44d1559c1ac49795a30881a,69cfb2bf8bc181dc1de1e09f0c7477a1a5de7585,elasticnet_corrected_69cfb2bf8bc1_6ed147cd_f83baf57
ElasticNet,3,3,2023-02-24,2023-02-27,11.17,12.710144929846079,1.540144929846079,1.540144929846079,2.3720464049305834,1.0,0.5,enet_a1.0_l0.5,submitted_main_linear_features_H3_18col,6ed147cd585e5e8083292683f9be3cf585e97e4d46fa0e3224d24a4e2b42cbbb,f83baf5732ffbf88b9a448a3d9ab9fa270f7495fe44d1559c1ac49795a30881a,69cfb2bf8bc181dc1de1e09f0c7477a1a5de7585,elasticnet_corrected_69cfb2bf8bc1_6ed147cd_f83baf57
ElasticNet,3,3,2023-02-25,2023-02-28,9.76,12.968149373797933,3.2081493737979336,3.2081493737979336,10.292222404600073,1.0,0.5,enet_a1.0_l0.5,submitted_main_linear_features_H3_18col,6ed147cd585e5e8083292683f9be3cf585e97e4d46fa0e3224d24a4e2b42cbbb,f83baf5732ffbf88b9a448a3d9ab9fa270f7495fe44d1559c1ac49795a30881a,69cfb2bf8bc181dc1de1e09f0c7477a1a5de7585,elasticnet_corrected_69cfb2bf8bc1_6ed147cd_f83baf57
ElasticNet,3,3,2023-02-26,2023-03-01,12.96,12.578654634058152,-0.38134536594184887,0.38134536594184887,0.14542428812532263,1.0,0.5,enet_a1.0_l0.5,submitted_main_linear_features_H3_18col,6ed147cd585e5e8083292683f9be3cf585e97e4d46fa0e3224d24a4e2b42cbbb,f83baf5732ffbf88b9a448a3d9ab9fa270f7495fe44d1559c1ac49795a30881a,69cfb2bf8bc181dc1de1e09f0c7477a1a5de7585,elasticnet_corrected_69cfb2bf8bc1_6ed147cd_f83baf57
ElasticNet,3,3,2023-02-27,2023-03-02,15.2,12.392008569395037,-2.8079914306049627,2.8079914306049627,7.884815874350905,1.0,0.5,enet_a1.0_l0.5,submitted_main_linear_features_H3_18col,6ed147cd585e5e8083292683f9be3cf585e97e4d46fa0e3224d24a4e2b42cbbb,f83baf5732ffbf88b9a448a3d9ab9fa270f7495fe44d1559c1ac49795a30881a,69cfb2bf8bc181dc1de1e09f0c7477a1a5de7585,elasticnet_corrected_69cfb2bf8bc1_6ed147cd_f83baf57
ElasticNet,3,3,2023-02-28,2023-03-03,16.39,12.41388254661329,-3.97611745338671,3.97611745338671,15.809510003126414,1.0,0.5,enet_a1.0_l0.5,submitted_main_linear_features_H3_18col,6ed147cd585e5e8083292683f9be3cf585e97e4d46fa0e3224d24a4e2b42cbbb,f83baf5732ffbf88b9a448a3d9ab9fa270f7495fe44d1559c1ac49795a30881a,69cfb2bf8bc181dc1de1e09f0c7477a1a5de7585,elasticnet_corrected_69cfb2bf8bc1_6ed147cd_f83baf57
ElasticNet,3,3,2023-03-01,2023-03-04,15.4,12.294255424304344,-3.105744575695656,3.105744575695656,9.64564936946299,1.0,0.5,enet_a1.0_l0.5,submitted_main_linear_features_H3_18col,6ed147cd585e5e8083292683f9be3cf585e97e4d46fa0e3224d24a4e2b42cbbb,f83baf5732ffbf88b9a448a3d9ab9fa270f7495fe44d1559c1ac49795a30881a,69cfb2bf8bc181dc1de1e09f0c7477a1a5de7585,elasticnet_corrected_69cfb2bf8bc1_6ed147cd_f83baf57
ElasticNet,3,3,2023-03-02,2023-03-05,10.44,12.515288397145328,2.0752883971453286,2.0752883971453286,4.306821931326027,1.0,0.5,enet_a1.0_l0.5,submitted_main_linear_features_H3_18col,6ed147cd585e5e8083292683f9be3cf585e97e4d46fa0e3224d24a4e2b42cbbb,f83baf5732ffbf88b9a448a3d9ab9fa270f7495fe44d1559c1ac49795a30881a,69cfb2bf8bc181dc1de1e09f0c7477a1a5de7585,elasticnet_corrected_69cfb2bf8bc1_6ed147cd_f83baf57
ElasticNet,3,3,2023-03-03,2023-03-06,15.14,12.704596995489844,-2.4354030045101567,2.4354030045101567,5.931187794377098,1.0,0.5,enet_a1.0_l0.5,submitted_main_linear_features_H3_18col,6ed147cd585e5e8083292683f9be3cf585e97e4d46fa0e3224d24a4e2b42cbbb,f83baf5732ffbf88b9a448a3d9ab9fa270f7495fe44d1559c1ac49795a30881a,69cfb2bf8bc181dc1de1e09f0c7477a1a5de7585,elasticnet_corrected_69cfb2bf8bc1_6ed147cd_f83baf57
ElasticNet,3,3,2023-03-04,2023-03-07,13.92,12.792015277487563,-1.127984722512437,1.127984722512437,1.2723495342214597,1.0,0.5,enet_a1.0_l0.5,submitted_main_linear_features_H3_18col,6ed147cd585e5e8083292683f9be3cf585e97e4d46fa0e3224d24a4e2b42cbbb,f83baf5732ffbf88b9a448a3d9ab9fa270f7495fe44d1559c1ac49795a30881a,69cfb2bf8bc181dc1de1e09f0c7477a1a5de7585,elasticnet_corrected_69cfb2bf8bc1_6ed147cd_f83baf57
ElasticNet,3,3,2023-03-05,2023-03-08,13.87,12.770677434251684,-1.0993225657483148,1.0993225657483148,1.2085101035634578,1.0,0.5,enet_a1.0_l0.5,submitted_main_linear_features_H3_18col,6ed147cd585e5e8083292683f9be3cf585e97e4d46fa0e3224d24a4e2b42cbbb,f83baf5732ffbf88b9a448a3d9ab9fa270f7495fe44d1559c1ac49795a30881a,69cfb2bf8bc181dc1de1e09f0c7477a1a5de7585,elasticnet_corrected_69cfb2bf8bc1_6ed147cd_f83baf57
ElasticNet,3,3,2023-03-06,2023-03-09,12.83,12.397645664147904,-0.4323543358520965,0.4323543358520965,0.18693027173010746,1.0,0.5,enet_a1.0_l0.5,submitted_main_linear_features_H3_18col,6ed147cd585e5e8083292683f9be3cf585e97e4d46fa0e3224d24a4e2b42cbbb,f83baf5732ffbf88b9a448a3d9ab9fa270f7495fe44d1559c1ac49795a30881a,69cfb2bf8bc181dc1de1e09f0c7477a1a5de7585,elasticnet_corrected_69cfb2bf8bc1_6ed147cd_f83baf57
ElasticNet,3,3,2023-03-07,2023-03-10,15.48,12.813226384760819,-2.6667736152391814,2.6667736152391814,7.111681514935854,1.0,0.5,enet_a1.0_l0.5,submitted_main_linear_features_H3_18col,6ed147cd585e5e8083292683f9be3cf585e97e4d46fa0e3224d24a4e2b42cbbb,f83baf5732ffbf88b9a448a3d9ab9fa270f7495fe44d1559c1ac49795a30881a,69cfb2bf8bc181dc1de1e09f0c7477a1a5de7585,elasticnet_corrected_69cfb2bf8bc1_6ed147cd_f83baf57
ElasticNet,3,3,2023-03-08,2023-03-11,12.28,12.792589831489122,0.5125898314891231,0.5125898314891231,0.2627483353460476,1.0,0.5,enet_a1.0_l0.5,submitted_main_linear_features_H3_18col,6ed147cd585e5e8083292683f9be3cf585e97e4d46fa0e3224d24a4e2b42cbbb,f83baf5732ffbf88b9a448a3d9ab9fa270f7495fe44d1559c1ac49795a30881a,69cfb2bf8bc181dc1de1e09f0c7477a1a5de7585,elasticnet_corrected_69cfb2bf8bc1_6ed147cd_f83baf57
ElasticNet,3,3,2023-03-09,2023-03-12,9.8,12.803391823467805,3.0033918234678048,3.0033918234678048,9.020362445273266,1.0,0.5,enet_a1.0_l0.5,submitted_main_linear_features_H3_18col,6ed147cd585e5e8083292683f9be3cf585e97e4d46fa0e3224d24a4e2b42cbbb,f83baf5732ffbf88b9a448a3d9ab9fa270f7495fe44d1559c1ac49795a30881a,69cfb2bf8bc181dc1de1e09f0c7477a1a5de7585,elasticnet_corrected_69cfb2bf8bc1_6ed147cd_f83baf57
ElasticNet,3,3,2023-03-10,2023-03-13,9.82,12.686518799833149,2.8665187998331483,2.8665187998331483,8.216930029796872,1.0,0.5,enet_a1.0_l0.5,submitted_main_linear_features_H3_18col,6ed147cd585e5e8083292683f9be3cf585e97e4d46fa0e3224d24a4e2b42cbbb,f83baf5732ffbf88b9a448a3d9ab9fa270f7495fe44d1559c1ac49795a30881a,69cfb2bf8bc181dc1de1e09f0c7477a1a5de7585,elasticnet_corrected_69cfb2bf8bc1_6ed147cd_f83baf57
ElasticNet,3,3,2023-03-11,2023-03-14,11.41,12.867725128664473,1.4577251286644728,1.4577251286644728,2.1249625507398537,1.0,0.5,enet_a1.0_l0.5,submitted_main_linear_features_H3_18col,6ed147cd585e5e8083292683f9be3cf585e97e4d46fa0e3224d24a4e2b42cbbb,f83baf5732ffbf88b9a448a3d9ab9fa270f7495fe44d1559c1ac49795a30881a,69cfb2bf8bc181dc1de1e09f0c7477a1a5de7585,elasticnet_corrected_69cfb2bf8bc1_6ed147cd_f83baf57
ElasticNet,3,3,2023-03-12,2023-03-15,14.0,12.578843423872184,-1.4211565761278155,1.4211565761278155,2.0196860138713357,1.0,0.5,enet_a1.0_l0.5,submitted_main_linear_features_H3_18col,6ed147cd585e5e8083292683f9be3cf585e97e4d46fa0e3224d24a4e2b42cbbb,f83baf5732ffbf88b9a448a3d9ab9fa270f7495fe44d1559c1ac49795a30881a,69cfb2bf8bc181dc1de1e09f0c7477a1a5de7585,elasticnet_corrected_69cfb2bf8bc1_6ed147cd_f83baf57
ElasticNet,3,3,2023-03-13,2023-03-16,13.31,12.38319839274916,-0.9268016072508409,0.9268016072508409,0.858961219202742,1.0,0.5,enet_a1.0_l0.5,submitted_main_linear_features_H3_18col,6ed147cd585e5e8083292683f9be3cf585e97e4d46fa0e3224d24a4e2b42cbbb,f83baf5732ffbf88b9a448a3d9ab9fa270f7495fe44d1559c1ac49795a30881a,69cfb2bf8bc181dc1de1e09f0c7477a1a5de7585,elasticnet_corrected_69cfb2bf8bc1_6ed147cd_f83baf57
ElasticNet,3,3,2023-03-14,2023-03-17,14.64,12.296842903653754,-2.3431570963462462,2.3431570963462462,5.490385178157772,1.0,0.5,enet_a1.0_l0.5,submitted_main_linear_features_H3_18col,6ed147cd585e5e8083292683f9be3cf585e97e4d46fa0e3224d24a4e2b42cbbb,f83baf5732ffbf88b9a448a3d9ab9fa270f7495fe44d1559c1ac49795a30881a,69cfb2bf8bc181dc1de1e09f0c7477a1a5de7585,elasticnet_corrected_69cfb2bf8bc1_6ed147cd_f83baf57
ElasticNet,3,3,2023-03-15,2023-03-18,10.03,12.37536189724744,2.3453618972474413,2.3453618972474413,5.500722429060117,1.0,0.5,enet_a1.0_l0.5,submitted_main_linear_features_H3_18col,6ed147cd585e5e8083292683f9be3cf585e97e4d46fa0e3224d24a4e2b42cbbb,f83baf5732ffbf88b9a448a3d9ab9fa270f7495fe44d1559c1ac49795a30881a,69cfb2bf8bc181dc1de1e09f0c7477a1a5de7585,elasticnet_corrected_69cfb2bf8bc1_6ed147cd_f83baf57
ElasticNet,3,3,2023-03-16,2023-03-19,10.02,12.570714090185657,2.5507140901856573,2.5507140901856573,6.506142369871646,1.0,0.5,enet_a1.0_l0.5,submitted_main_linear_features_H3_18col,6ed147cd585e5e8083292683f9be3cf585e97e4d46fa0e3224d24a4e2b42cbbb,f83baf5732ffbf88b9a448a3d9ab9fa270f7495fe44d1559c1ac49795a30881a,69cfb2bf8bc181dc1de1e09f0c7477a1a5de7585,elasticnet_corrected_69cfb2bf8bc1_6ed147cd_f83baf57
ElasticNet,3,3,2023-03-17,2023-03-20,10.02,12.525455745878494,2.5054557458784945,2.5054557458784945,6.277308494555563,1.0,0.5,enet_a1.0_l0.5,submitted_main_linear_features_H3_18col,6ed147cd585e5e8083292683f9be3cf585e97e4d46fa0e3224d24a4e2b42cbbb,f83baf5732ffbf88b9a448a3d9ab9fa270f7495fe44d1559c1ac49795a30881a,69cfb2bf8bc181dc1de1e09f0c7477a1a5de7585,elasticnet_corrected_69cfb2bf8bc1_6ed147cd_f83baf57
ElasticNet,3,3,2023-03-18,2023-03-21,13.57,12.609083985469338,-0.9609160145306621,0.9609160145306621,0.9233595869814917,1.0,0.5,enet_a1.0_l0.5,submitted_main_linear_features_H3_18col,6ed147cd585e5e8083292683f9be3cf585e97e4d46fa0e3224d24a4e2b42cbbb,f83baf5732ffbf88b9a448a3d9ab9fa270f7495fe44d1559c1ac49795a30881a,69cfb2bf8bc181dc1de1e09f0c7477a1a5de7585,elasticnet_corrected_69cfb2bf8bc1_6ed147cd_f83baf57
ElasticNet,3,3,2023-03-19,2023-03-22,10.15,12.225074068421252,2.0750740684212516,2.0750740684212516,4.305932389434325,1.0,0.5,enet_a1.0_l0.5,submitted_main_linear_features_H3_18col,6ed147cd585e5e8083292683f9be3cf585e97e4d46fa0e3224d24a4e2b42cbbb,f83baf5732ffbf88b9a448a3d9ab9fa270f7495fe44d1559c1ac49795a30881a,69cfb2bf8bc181dc1de1e09f0c7477a1a5de7585,elasticnet_corrected_69cfb2bf8bc1_6ed147cd_f83baf57
ElasticNet,3,3,2023-03-20,2023-03-23,15.5,12.227334335293424,-3.272665664706576,3.272665664706576,10.710340552949335,1.0,0.5,enet_a1.0_l0.5,submitted_main_linear_features_H3_18col,6ed147cd585e5e8083292683f9be3cf585e97e4d46fa0e3224d24a4e2b42cbbb,f83baf5732ffbf88b9a448a3d9ab9fa270f7495fe44d1559c1ac49795a30881a,69cfb2bf8bc181dc1de1e09f0c7477a1a5de7585,elasticnet_corrected_69cfb2bf8bc1_6ed147cd_f83baf57
ElasticNet,3,3,2023-03-21,2023-03-24,7.22,12.226262841338658,5.006262841338658,5.006262841338658,25.06266763656821,1.0,0.5,enet_a1.0_l0.5,submitted_main_linear_features_H3_18col,6ed147cd585e5e8083292683f9be3cf585e97e4d46fa0e3224d24a4e2b42cbbb,f83baf5732ffbf88b9a448a3d9ab9fa270f7495fe44d1559c1ac49795a30881a,69cfb2bf8bc181dc1de1e09f0c7477a1a5de7585,elasticnet_corrected_69cfb2bf8bc1_6ed147cd_f83baf57
ElasticNet,3,3,2023-03-22,2023-03-25,9.46,12.524924014279257,3.0649240142792564,3.0649240142792564,9.393759213305671,1.0,0.5,enet_a1.0_l0.5,submitted_main_linear_features_H3_18col,6ed147cd585e5e8083292683f9be3cf585e97e4d46fa0e3224d24a4e2b42cbbb,f83baf5732ffbf88b9a448a3d9ab9fa270f7495fe44d1559c1ac49795a30881a,69cfb2bf8bc181dc1de1e09f0c7477a1a5de7585,elasticnet_corrected_69cfb2bf8bc1_6ed147cd_f83baf57
ElasticNet,3,3,2023-03-23,2023-03-26,9.17,12.204713508177422,3.034713508177422,3.034713508177422,9.209486076714516,1.0,0.5,enet_a1.0_l0.5,submitted_main_linear_features_H3_18col,6ed147cd585e5e8083292683f9be3cf585e97e4d46fa0e3224d24a4e2b42cbbb,f83baf5732ffbf88b9a448a3d9ab9fa270f7495fe44d1559c1ac49795a30881a,69cfb2bf8bc181dc1de1e09f0c7477a1a5de7585,elasticnet_corrected_69cfb2bf8bc1_6ed147cd_f83baf57
ElasticNet,3,3,2023-03-24,2023-03-27,9.34,12.640153629042274,3.300153629042274,3.300153629042274,10.891013975280892,1.0,0.5,enet_a1.0_l0.5,submitted_main_linear_features_H3_18col,6ed147cd585e5e8083292683f9be3cf585e97e4d46fa0e3224d24a4e2b42cbbb,f83baf5732ffbf88b9a448a3d9ab9fa270f7495fe44d1559c1ac49795a30881a,69cfb2bf8bc181dc1de1e09f0c7477a1a5de7585,elasticnet_corrected_69cfb2bf8bc1_6ed147cd_f83baf57
ElasticNet,3,3,2023-03-25,2023-03-28,8.57,11.89676680497429,3.326766804974289,3.326766804974289,11.06737737467884,1.0,0.5,enet_a1.0_l0.5,submitted_main_linear_features_H3_18col,6ed147cd585e5e8083292683f9be3cf585e97e4d46fa0e3224d24a4e2b42cbbb,f83baf5732ffbf88b9a448a3d9ab9fa270f7495fe44d1559c1ac49795a30881a,69cfb2bf8bc181dc1de1e09f0c7477a1a5de7585,elasticnet_corrected_69cfb2bf8bc1_6ed147cd_f83baf57
ElasticNet,3,3,2023-03-26,2023-03-29,10.73,12.051612385644225,1.3216123856442241,1.3216123856442241,1.7466592978882174,1.0,0.5,enet_a1.0_l0.5,submitted_main_linear_features_H3_18col,6ed147cd585e5e8083292683f9be3cf585e97e4d46fa0e3224d24a4e2b42cbbb,f83baf5732ffbf88b9a448a3d9ab9fa270f7495fe44d1559c1ac49795a30881a,69cfb2bf8bc181dc1de1e09f0c7477a1a5de7585,elasticnet_corrected_69cfb2bf8bc1_6ed147cd_f83baf57
ElasticNet,3,3,2023-03-27,2023-03-30,14.89,12.015469826226106,-2.874530173773895,2.874530173773895,8.262923719936579,1.0,0.5,enet_a1.0_l0.5,submitted_main_linear_features_H3_18col,6ed147cd585e5e8083292683f9be3cf585e97e4d46fa0e3224d24a4e2b42cbbb,f83baf5732ffbf88b9a448a3d9ab9fa270f7495fe44d1559c1ac49795a30881a,69cfb2bf8bc181dc1de1e09f0c7477a1a5de7585,elasticnet_corrected_69cfb2bf8bc1_6ed147cd_f83baf57
ElasticNet,3,3,2023-03-28,2023-03-31,11.27,12.016426317412803,0.7464263174128032,0.7464263174128032,0.5571522473264389,1.0,0.5,enet_a1.0_l0.5,submitted_main_linear_features_H3_18col,6ed147cd585e5e8083292683f9be3cf585e97e4d46fa0e3224d24a4e2b42cbbb,f83baf5732ffbf88b9a448a3d9ab9fa270f7495fe44d1559c1ac49795a30881a,69cfb2bf8bc181dc1de1e09f0c7477a1a5de7585,elasticnet_corrected_69cfb2bf8bc1_6ed147cd_f83baf57
ElasticNet,3,3,2023-03-29,2023-04-01,11.94,11.875315162131677,-0.06468483786832202,0.06468483786832202,0.004184128250051106,1.0,0.5,enet_a1.0_l0.5,submitted_main_linear_features_H3_18col,6ed147cd585e5e8083292683f9be3cf585e97e4d46fa0e3224d24a4e2b42cbbb,f83baf5732ffbf88b9a448a3d9ab9fa270f7495fe44d1559c1ac49795a30881a,69cfb2bf8bc181dc1de1e09f0c7477a1a5de7585,elasticnet_corrected_69cfb2bf8bc1_6ed147cd_f83baf57
ElasticNet,3,3,2023-03-30,2023-04-02,10.82,12.042555570236116,1.222555570236116,1.222555570236116,1.4946421223153545,1.0,0.5,enet_a1.0_l0.5,submitted_main_linear_features_H3_18col,6ed147cd585e5e8083292683f9be3cf585e97e4d46fa0e3224d24a4e2b42cbbb,f83baf5732ffbf88b9a448a3d9ab9fa270f7495fe44d1559c1ac49795a30881a,69cfb2bf8bc181dc1de1e09f0c7477a1a5de7585,elasticnet_corrected_69cfb2bf8bc1_6ed147cd_f83baf57
ElasticNet,3,3,2023-03-31,2023-04-03,12.71,12.343067776871468,-0.3669322231285328,0.3669322231285328,0.13463925637004737,1.0,0.5,enet_a1.0_l0.5,submitted_main_linear_features_H3_18col,6ed147cd585e5e8083292683f9be3cf585e97e4d46fa0e3224d24a4e2b42cbbb,f83baf5732ffbf88b9a448a3d9ab9fa270f7495fe44d1559c1ac49795a30881a,69cfb2bf8bc181dc1de1e09f0c7477a1a5de7585,elasticnet_corrected_69cfb2bf8bc1_6ed147cd_f83baf57
ElasticNet,3,3,2023-04-01,2023-04-04,15.49,12.136756231248677,-3.353243768751323,3.353243768751323,11.244243772669575,1.0,0.5,enet_a1.0_l0.5,submitted_main_linear_features_H3_18col,6ed147cd585e5e8083292683f9be3cf585e97e4d46fa0e3224d24a4e2b42cbbb,f83baf5732ffbf88b9a448a3d9ab9fa270f7495fe44d1559c1ac49795a30881a,69cfb2bf8bc181dc1de1e09f0c7477a1a5de7585,elasticnet_corrected_69cfb2bf8bc1_6ed147cd_f83baf57
ElasticNet,3,3,2023-04-02,2023-04-05,10.44,12.228207910006883,1.788207910006884,1.788207910006884,3.197687529411188,1.0,0.5,enet_a1.0_l0.5,submitted_main_linear_features_H3_18col,6ed147cd585e5e8083292683f9be3cf585e97e4d46fa0e3224d24a4e2b42cbbb,f83baf5732ffbf88b9a448a3d9ab9fa270f7495fe44d1559c1ac49795a30881a,69cfb2bf8bc181dc1de1e09f0c7477a1a5de7585,elasticnet_corrected_69cfb2bf8bc1_6ed147cd_f83baf57
ElasticNet,3,3,2023-04-03,2023-04-06,10.42,12.172134172886153,1.7521341728861533,1.7521341728861533,3.069974159795444,1.0,0.5,enet_a1.0_l0.5,submitted_main_linear_features_H3_18col,6ed147cd585e5e8083292683f9be3cf585e97e4d46fa0e3224d24a4e2b42cbbb,f83baf5732ffbf88b9a448a3d9ab9fa270f7495fe44d1559c1ac49795a30881a,69cfb2bf8bc181dc1de1e09f0c7477a1a5de7585,elasticnet_corrected_69cfb2bf8bc1_6ed147cd_f83baf57
ElasticNet,3,3,2023-04-04,2023-04-07,13.7,12.369427822523285,-1.3305721774767143,1.3305721774767143,1.770422319475125,1.0,0.5,enet_a1.0_l0.5,submitted_main_linear_features_H3_18col,6ed147cd585e5e8083292683f9be3cf585e97e4d46fa0e3224d24a4e2b42cbbb,f83baf5732ffbf88b9a448a3d9ab9fa270f7495fe44d1559c1ac49795a30881a,69cfb2bf8bc181dc1de1e09f0c7477a1a5de7585,elasticnet_corrected_69cfb2bf8bc1_6ed147cd_f83baf57
ElasticNet,3,3,2023-04-05,2023-04-08,15.04,12.690048512325696,-2.3499514876743035,2.3499514876743035,5.522271994422672,1.0,0.5,enet_a1.0_l0.5,submitted_main_linear_features_H3_18col,6ed147cd585e5e8083292683f9be3cf585e97e4d46fa0e3224d24a4e2b42cbbb,f83baf5732ffbf88b9a448a3d9ab9fa270f7495fe44d1559c1ac49795a30881a,69cfb2bf8bc181dc1de1e09f0c7477a1a5de7585,elasticnet_corrected_69cfb2bf8bc1_6ed147cd_f83baf57
ElasticNet,3,3,2023-04-06,2023-04-09,14.68,12.309701305127431,-2.3702986948725684,2.3702986948725684,5.618315902914601,1.0,0.5,enet_a1.0_l0.5,submitted_main_linear_features_H3_18col,6ed147cd585e5e8083292683f9be3cf585e97e4d46fa0e3224d24a4e2b42cbbb,f83baf5732ffbf88b9a448a3d9ab9fa270f7495fe44d1559c1ac49795a30881a,69cfb2bf8bc181dc1de1e09f0c7477a1a5de7585,elasticnet_corrected_69cfb2bf8bc1_6ed147cd_f83baf57
ElasticNet,3,3,2023-04-07,2023-04-10,13.15,12.231209180250973,-0.9187908197490273,0.9187908197490273,0.8441765704550896,1.0,0.5,enet_a1.0_l0.5,submitted_main_linear_features_H3_18col,6ed147cd585e5e8083292683f9be3cf585e97e4d46fa0e3224d24a4e2b42cbbb,f83baf5732ffbf88b9a448a3d9ab9fa270f7495fe44d1559c1ac49795a30881a,69cfb2bf8bc181dc1de1e09f0c7477a1a5de7585,elasticnet_corrected_69cfb2bf8bc1_6ed147cd_f83baf57
ElasticNet,3,3,2023-04-08,2023-04-11,16.98,12.51962529920189,-4.460374700798111,4.460374700798111,19.894942471519837,1.0,0.5,enet_a1.0_l0.5,submitted_main_linear_features_H3_18col,6ed147cd585e5e8083292683f9be3cf585e97e4d46fa0e3224d24a4e2b42cbbb,f83baf5732ffbf88b9a448a3d9ab9fa270f7495fe44d1559c1ac49795a30881a,69cfb2bf8bc181dc1de1e09f0c7477a1a5de7585,elasticnet_corrected_69cfb2bf8bc1_6ed147cd_f83baf57
ElasticNet,3,3,2023-04-09,2023-04-12,14.24,12.673925593946379,-1.5660744060536214,1.5660744060536214,2.452589045296203,1.0,0.5,enet_a1.0_l0.5,submitted_main_linear_features_H3_18col,6ed147cd585e5e8083292683f9be3cf585e97e4d46fa0e3224d24a4e2b42cbbb,f83baf5732ffbf88b9a448a3d9ab9fa270f7495fe44d1559c1ac49795a30881a,69cfb2bf8bc181dc1de1e09f0c7477a1a5de7585,elasticnet_corrected_69cfb2bf8bc1_6ed147cd_f83baf57
ElasticNet,3,3,2023-04-10,2023-04-13,12.52,12.71408726870716,0.1940872687071611,0.1940872687071611,0.03766986787420575,1.0,0.5,enet_a1.0_l0.5,submitted_main_linear_features_H3_18col,6ed147cd585e5e8083292683f9be3cf585e97e4d46fa0e3224d24a4e2b42cbbb,f83baf5732ffbf88b9a448a3d9ab9fa270f7495fe44d1559c1ac49795a30881a,69cfb2bf8bc181dc1de1e09f0c7477a1a5de7585,elasticnet_corrected_69cfb2bf8bc1_6ed147cd_f83baf57
ElasticNet,3,3,2023-04-11,2023-04-14,14.83,12.610240582455418,-2.219759417544582,2.219759417544582,4.927331871777861,1.0,0.5,enet_a1.0_l0.5,submitted_main_linear_features_H3_18col,6ed147cd585e5e8083292683f9be3cf585e97e4d46fa0e3224d24a4e2b42cbbb,f83baf5732ffbf88b9a448a3d9ab9fa270f7495fe44d1559c1ac49795a30881a,69cfb2bf8bc181dc1de1e09f0c7477a1a5de7585,elasticnet_corrected_69cfb2bf8bc1_6ed147cd_f83baf57
ElasticNet,3,3,2023-04-12,2023-04-15,9.9,12.925817695099893,3.0258176950998923,3.0258176950998923,9.155572723979624,1.0,0.5,enet_a1.0_l0.5,submitted_main_linear_features_H3_18col,6ed147cd585e5e8083292683f9be3cf585e97e4d46fa0e3224d24a4e2b42cbbb,f83baf5732ffbf88b9a448a3d9ab9fa270f7495fe44d1559c1ac49795a30881a,69cfb2bf8bc181dc1de1e09f0c7477a1a5de7585,elasticnet_corrected_69cfb2bf8bc1_6ed147cd_f83baf57
ElasticNet,3,3,2023-04-13,2023-04-16,10.09,12.786386669118293,2.6963866691182936,2.6963866691182936,7.270501069398846,1.0,0.5,enet_a1.0_l0.5,submitted_main_linear_features_H3_18col,6ed147cd585e5e8083292683f9be3cf585e97e4d46fa0e3224d24a4e2b42cbbb,f83baf5732ffbf88b9a448a3d9ab9fa270f7495fe44d1559c1ac49795a30881a,69cfb2bf8bc181dc1de1e09f0c7477a1a5de7585,elasticnet_corrected_69cfb2bf8bc1_6ed147cd_f83baf57
ElasticNet,3,3,2023-04-14,2023-04-17,9.66,12.690481257287423,3.0304812572874233,3.0304812572874233,9.183816650770362,1.0,0.5,enet_a1.0_l0.5,submitted_main_linear_features_H3_18col,6ed147cd585e5e8083292683f9be3cf585e97e4d46fa0e3224d24a4e2b42cbbb,f83baf5732ffbf88b9a448a3d9ab9fa270f7495fe44d1559c1ac49795a30881a,69cfb2bf8bc181dc1de1e09f0c7477a1a5de7585,elasticnet_corrected_69cfb2bf8bc1_6ed147cd_f83baf57
ElasticNet,3,3,2023-04-15,2023-04-18,9.47,12.88327927224198,3.4132792722419794,3.4132792722419794,11.650475390316736,1.0,0.5,enet_a1.0_l0.5,submitted_main_linear_features_H3_18col,6ed147cd585e5e8083292683f9be3cf585e97e4d46fa0e3224d24a4e2b42cbbb,f83baf5732ffbf88b9a448a3d9ab9fa270f7495fe44d1559c1ac49795a30881a,69cfb2bf8bc181dc1de1e09f0c7477a1a5de7585,elasticnet_corrected_69cfb2bf8bc1_6ed147cd_f83baf57
ElasticNet,3,3,2023-04-16,2023-04-19,16.0,12.431116817245718,-3.5688831827542824,3.5688831827542824,12.736927172146336,1.0,0.5,enet_a1.0_l0.5,submitted_main_linear_features_H3_18col,6ed147cd585e5e8083292683f9be3cf585e97e4d46fa0e3224d24a4e2b42cbbb,f83baf5732ffbf88b9a448a3d9ab9fa270f7495fe44d1559c1ac49795a30881a,69cfb2bf8bc181dc1de1e09f0c7477a1a5de7585,elasticnet_corrected_69cfb2bf8bc1_6ed147cd_f83baf57
ElasticNet,3,3,2023-04-17,2023-04-20,14.68,12.369770013087445,-2.310229986912555,2.310229986912555,5.3371625924299835,1.0,0.5,enet_a1.0_l0.5,submitted_main_linear_features_H3_18col,6ed147cd585e5e8083292683f9be3cf585e97e4d46fa0e3224d24a4e2b42cbbb,f83baf5732ffbf88b9a448a3d9ab9fa270f7495fe44d1559c1ac49795a30881a,69cfb2bf8bc181dc1de1e09f0c7477a1a5de7585,elasticnet_corrected_69cfb2bf8bc1_6ed147cd_f83baf57
ElasticNet,3,3,2023-04-18,2023-04-21,12.62,12.278350536012423,-0.3416494639875758,0.3416494639875758,0.11672435624299785,1.0,0.5,enet_a1.0_l0.5,submitted_main_linear_features_H3_18col,6ed147cd585e5e8083292683f9be3cf585e97e4d46fa0e3224d24a4e2b42cbbb,f83baf5732ffbf88b9a448a3d9ab9fa270f7495fe44d1559c1ac49795a30881a,69cfb2bf8bc181dc1de1e09f0c7477a1a5de7585,elasticnet_corrected_69cfb2bf8bc1_6ed147cd_f83baf57
ElasticNet,3,3,2023-04-19,2023-04-22,11.22,12.137025913022015,0.9170259130220142,0.9170259130220142,0.8409365251538587,1.0,0.5,enet_a1.0_l0.5,submitted_main_linear_features_H3_18col,6ed147cd585e5e8083292683f9be3cf585e97e4d46fa0e3224d24a4e2b42cbbb,f83baf5732ffbf88b9a448a3d9ab9fa270f7495fe44d1559c1ac49795a30881a,69cfb2bf8bc181dc1de1e09f0c7477a1a5de7585,elasticnet_corrected_69cfb2bf8bc1_6ed147cd_f83baf57
ElasticNet,3,3,2023-04-20,2023-04-23,11.23,12.655554224069567,1.4255542240695664,1.4255542240695664,2.0322048457625836,1.0,0.5,enet_a1.0_l0.5,submitted_main_linear_features_H3_18col,6ed147cd585e5e8083292683f9be3cf585e97e4d46fa0e3224d24a4e2b42cbbb,f83baf5732ffbf88b9a448a3d9ab9fa270f7495fe44d1559c1ac49795a30881a,69cfb2bf8bc181dc1de1e09f0c7477a1a5de7585,elasticnet_corrected_69cfb2bf8bc1_6ed147cd_f83baf57
ElasticNet,3,3,2023-04-21,2023-04-24,13.46,12.595673438415238,-0.8643265615847628,0.8643265615847628,0.7470604050609388,1.0,0.5,enet_a1.0_l0.5,submitted_main_linear_features_H3_18col,6ed147cd585e5e8083292683f9be3cf585e97e4d46fa0e3224d24a4e2b42cbbb,f83baf5732ffbf88b9a448a3d9ab9fa270f7495fe44d1559c1ac49795a30881a,69cfb2bf8bc181dc1de1e09f0c7477a1a5de7585,elasticnet_corrected_69cfb2bf8bc1_6ed147cd_f83baf57
ElasticNet,3,3,2023-04-22,2023-04-25,13.39,12.405412099272873,-0.9845879007271279,0.9845879007271279,0.9694133342582526,1.0,0.5,enet_a1.0_l0.5,submitted_main_linear_features_H3_18col,6ed147cd585e5e8083292683f9be3cf585e97e4d46fa0e3224d24a4e2b42cbbb,f83baf5732ffbf88b9a448a3d9ab9fa270f7495fe44d1559c1ac49795a30881a,69cfb2bf8bc181dc1de1e09f0c7477a1a5de7585,elasticnet_corrected_69cfb2bf8bc1_6ed147cd_f83baf57
ElasticNet,3,3,2023-04-23,2023-04-26,9.76,12.319474920704035,2.5594749207040355,2.5594749207040355,6.5509118697129285,1.0,0.5,enet_a1.0_l0.5,submitted_main_linear_features_H3_18col,6ed147cd585e5e8083292683f9be3cf585e97e4d46fa0e3224d24a4e2b42cbbb,f83baf5732ffbf88b9a448a3d9ab9fa270f7495fe44d1559c1ac49795a30881a,69cfb2bf8bc181dc1de1e09f0c7477a1a5de7585,elasticnet_corrected_69cfb2bf8bc1_6ed147cd_f83baf57
ElasticNet,3,3,2023-04-24,2023-04-27,14.44,12.335781813677588,-2.104218186322411,2.104218186322411,4.427734175649977,1.0,0.5,enet_a1.0_l0.5,submitted_main_linear_features_H3_18col,6ed147cd585e5e8083292683f9be3cf585e97e4d46fa0e3224d24a4e2b42cbbb,f83baf5732ffbf88b9a448a3d9ab9fa270f7495fe44d1559c1ac49795a30881a,69cfb2bf8bc181dc1de1e09f0c7477a1a5de7585,elasticnet_corrected_69cfb2bf8bc1_6ed147cd_f83baf57
ElasticNet,3,3,2023-04-25,2023-04-28,13.68,12.563479247078671,-1.1165207529213284,1.1165207529213284,1.24661859170401,1.0,0.5,enet_a1.0_l0.5,submitted_main_linear_features_H3_18col,6ed147cd585e5e8083292683f9be3cf585e97e4d46fa0e3224d24a4e2b42cbbb,f83baf5732ffbf88b9a448a3d9ab9fa270f7495fe44d1559c1ac49795a30881a,69cfb2bf8bc181dc1de1e09f0c7477a1a5de7585,elasticnet_corrected_69cfb2bf8bc1_6ed147cd_f83baf57
ElasticNet,3,3,2023-04-26,2023-04-29,11.83,12.618946049785293,0.7889460497852934,0.7889460497852934,0.6224358694718186,1.0,0.5,enet_a1.0_l0.5,submitted_main_linear_features_H3_18col,6ed147cd585e5e8083292683f9be3cf585e97e4d46fa0e3224d24a4e2b42cbbb,f83baf5732ffbf88b9a448a3d9ab9fa270f7495fe44d1559c1ac49795a30881a,69cfb2bf8bc181dc1de1e09f0c7477a1a5de7585,elasticnet_corrected_69cfb2bf8bc1_6ed147cd_f83baf57
ElasticNet,3,3,2023-04-27,2023-04-30,12.79,12.243653680927181,-0.5463463190728177,0.5463463190728177,0.29849430036441715,1.0,0.5,enet_a1.0_l0.5,submitted_main_linear_features_H3_18col,6ed147cd585e5e8083292683f9be3cf585e97e4d46fa0e3224d24a4e2b42cbbb,f83baf5732ffbf88b9a448a3d9ab9fa270f7495fe44d1559c1ac49795a30881a,69cfb2bf8bc181dc1de1e09f0c7477a1a5de7585,elasticnet_corrected_69cfb2bf8bc1_6ed147cd_f83baf57
ElasticNet,3,3,2023-04-28,2023-05-01,12.88,12.589157161072988,-0.2908428389270128,0.2908428389270128,0.08458955695512431,1.0,0.5,enet_a1.0_l0.5,submitted_main_linear_features_H3_18col,6ed147cd585e5e8083292683f9be3cf585e97e4d46fa0e3224d24a4e2b42cbbb,f83baf5732ffbf88b9a448a3d9ab9fa270f7495fe44d1559c1ac49795a30881a,69cfb2bf8bc181dc1de1e09f0c7477a1a5de7585,elasticnet_corrected_69cfb2bf8bc1_6ed147cd_f83baf57
ElasticNet,3,3,2023-04-29,2023-05-02,10.51,12.548734005604171,2.038734005604171,2.038734005604171,4.156436345606829,1.0,0.5,enet_a1.0_l0.5,submitted_main_linear_features_H3_18col,6ed147cd585e5e8083292683f9be3cf585e97e4d46fa0e3224d24a4e2b42cbbb,f83baf5732ffbf88b9a448a3d9ab9fa270f7495fe44d1559c1ac49795a30881a,69cfb2bf8bc181dc1de1e09f0c7477a1a5de7585,elasticnet_corrected_69cfb2bf8bc1_6ed147cd_f83baf57
ElasticNet,3,3,2023-04-30,2023-05-03,16.52,12.422376502153528,-4.097623497846472,4.097623497846472,16.790518330103556,1.0,0.5,enet_a1.0_l0.5,submitted_main_linear_features_H3_18col,6ed147cd585e5e8083292683f9be3cf585e97e4d46fa0e3224d24a4e2b42cbbb,f83baf5732ffbf88b9a448a3d9ab9fa270f7495fe44d1559c1ac49795a30881a,69cfb2bf8bc181dc1de1e09f0c7477a1a5de7585,elasticnet_corrected_69cfb2bf8bc1_6ed147cd_f83baf57
ElasticNet,3,3,2023-05-01,2023-05-04,14.09,12.521094284682487,-1.5689057153175128,1.5689057153175128,2.4614651435559565,1.0,0.5,enet_a1.0_l0.5,submitted_main_linear_features_H3_18col,6ed147cd585e5e8083292683f9be3cf585e97e4d46fa0e3224d24a4e2b42cbbb,f83baf5732ffbf88b9a448a3d9ab9fa270f7495fe44d1559c1ac49795a30881a,69cfb2bf8bc181dc1de1e09f0c7477a1a5de7585,elasticnet_corrected_69cfb2bf8bc1_6ed147cd_f83baf57
ElasticNet,3,3,2023-05-02,2023-05-05,13.98,12.520710096970792,-1.4592899030292088,1.4592899030292088,2.1295270210829975,1.0,0.5,enet_a1.0_l0.5,submitted_main_linear_features_H3_18col,6ed147cd585e5e8083292683f9be3cf585e97e4d46fa0e3224d24a4e2b42cbbb,f83baf5732ffbf88b9a448a3d9ab9fa270f7495fe44d1559c1ac49795a30881a,69cfb2bf8bc181dc1de1e09f0c7477a1a5de7585,elasticnet_corrected_69cfb2bf8bc1_6ed147cd_f83baf57
ElasticNet,3,3,2023-05-03,2023-05-06,13.97,12.298204079710224,-1.6717959202897763,1.6717959202897763,2.79490159909754,1.0,0.5,enet_a1.0_l0.5,submitted_main_linear_features_H3_18col,6ed147cd585e5e8083292683f9be3cf585e97e4d46fa0e3224d24a4e2b42cbbb,f83baf5732ffbf88b9a448a3d9ab9fa270f7495fe44d1559c1ac49795a30881a,69cfb2bf8bc181dc1de1e09f0c7477a1a5de7585,elasticnet_corrected_69cfb2bf8bc1_6ed147cd_f83baf57
ElasticNet,3,3,2023-05-04,2023-05-07,14.0,12.855387731796345,-1.1446122682036552,1.1446122682036552,1.3101372445223165,1.0,0.5,enet_a1.0_l0.5,submitted_main_linear_features_H3_18col,6ed147cd585e5e8083292683f9be3cf585e97e4d46fa0e3224d24a4e2b42cbbb,f83baf5732ffbf88b9a448a3d9ab9fa270f7495fe44d1559c1ac49795a30881a,69cfb2bf8bc181dc1de1e09f0c7477a1a5de7585,elasticnet_corrected_69cfb2bf8bc1_6ed147cd_f83baf57
ElasticNet,3,3,2023-05-05,2023-05-08,13.94,12.66827532205989,-1.2717246779401101,1.2717246779401101,1.6172836564818769,1.0,0.5,enet_a1.0_l0.5,submitted_main_linear_features_H3_18col,6ed147cd585e5e8083292683f9be3cf585e97e4d46fa0e3224d24a4e2b42cbbb,f83baf5732ffbf88b9a448a3d9ab9fa270f7495fe44d1559c1ac49795a30881a,69cfb2bf8bc181dc1de1e09f0c7477a1a5de7585,elasticnet_corrected_69cfb2bf8bc1_6ed147cd_f83baf57
ElasticNet,3,3,2023-05-06,2023-05-09,14.02,12.665854132365308,-1.354145867634692,1.354145867634692,1.833711030832113,1.0,0.5,enet_a1.0_l0.5,submitted_main_linear_features_H3_18col,6ed147cd585e5e8083292683f9be3cf585e97e4d46fa0e3224d24a4e2b42cbbb,f83baf5732ffbf88b9a448a3d9ab9fa270f7495fe44d1559c1ac49795a30881a,69cfb2bf8bc181dc1de1e09f0c7477a1a5de7585,elasticnet_corrected_69cfb2bf8bc1_6ed147cd_f83baf57
ElasticNet,3,3,2023-05-07,2023-05-10,14.88,12.701911034280192,-2.178088965719809,2.178088965719809,4.744071542590387,1.0,0.5,enet_a1.0_l0.5,submitted_main_linear_features_H3_18col,6ed147cd585e5e8083292683f9be3cf585e97e4d46fa0e3224d24a4e2b42cbbb,f83baf5732ffbf88b9a448a3d9ab9fa270f7495fe44d1559c1ac49795a30881a,69cfb2bf8bc181dc1de1e09f0c7477a1a5de7585,elasticnet_corrected_69cfb2bf8bc1_6ed147cd_f83baf57
ElasticNet,3,3,2023-05-08,2023-05-11,11.52,12.725834391714661,1.205834391714662,1.205834391714662,1.4540365802418687,1.0,0.5,enet_a1.0_l0.5,submitted_main_linear_features_H3_18col,6ed147cd585e5e8083292683f9be3cf585e97e4d46fa0e3224d24a4e2b42cbbb,f83baf5732ffbf88b9a448a3d9ab9fa270f7495fe44d1559c1ac49795a30881a,69cfb2bf8bc181dc1de1e09f0c7477a1a5de7585,elasticnet_corrected_69cfb2bf8bc1_6ed147cd_f83baf57
ElasticNet,3,3,2023-05-09,2023-05-12,13.0,12.738799406604796,-0.26120059339520374,0.26120059339520374,0.06822574999000655,1.0,0.5,enet_a1.0_l0.5,submitted_main_linear_features_H3_18col,6ed147cd585e5e8083292683f9be3cf585e97e4d46fa0e3224d24a4e2b42cbbb,f83baf5732ffbf88b9a448a3d9ab9fa270f7495fe44d1559c1ac49795a30881a,69cfb2bf8bc181dc1de1e09f0c7477a1a5de7585,elasticnet_corrected_69cfb2bf8bc1_6ed147cd_f83baf57
ElasticNet,3,3,2023-05-10,2023-05-13,9.37,12.80215076608622,3.4321507660862203,3.4321507660862203,11.77965888114623,1.0,0.5,enet_a1.0_l0.5,submitted_main_linear_features_H3_18col,6ed147cd585e5e8083292683f9be3cf585e97e4d46fa0e3224d24a4e2b42cbbb,f83baf5732ffbf88b9a448a3d9ab9fa270f7495fe44d1559c1ac49795a30881a,69cfb2bf8bc181dc1de1e09f0c7477a1a5de7585,elasticnet_corrected_69cfb2bf8bc1_6ed147cd_f83baf57
ElasticNet,3,3,2023-05-11,2023-05-14,12.59,12.84333420953727,0.2533342095372699,0.2533342095372699,0.06417822172187339,1.0,0.5,enet_a1.0_l0.5,submitted_main_linear_features_H3_18col,6ed147cd585e5e8083292683f9be3cf585e97e4d46fa0e3224d24a4e2b42cbbb,f83baf5732ffbf88b9a448a3d9ab9fa270f7495fe44d1559c1ac49795a30881a,69cfb2bf8bc181dc1de1e09f0c7477a1a5de7585,elasticnet_corrected_69cfb2bf8bc1_6ed147cd_f83baf57
ElasticNet,3,3,2023-05-12,2023-05-15,12.67,12.549097607369394,-0.12090239263060631,0.12090239263060631,0.014617388543805288,1.0,0.5,enet_a1.0_l0.5,submitted_main_linear_features_H3_18col,6ed147cd585e5e8083292683f9be3cf585e97e4d46fa0e3224d24a4e2b42cbbb,f83baf5732ffbf88b9a448a3d9ab9fa270f7495fe44d1559c1ac49795a30881a,69cfb2bf8bc181dc1de1e09f0c7477a1a5de7585,elasticnet_corrected_69cfb2bf8bc1_6ed147cd_f83baf57
ElasticNet,3,3,2023-05-13,2023-05-16,12.94,12.642510273272167,-0.29748972672783225,0.29748972672783225,0.08850013750860031,1.0,0.5,enet_a1.0_l0.5,submitted_main_linear_features_H3_18col,6ed147cd585e5e8083292683f9be3cf585e97e4d46fa0e3224d24a4e2b42cbbb,f83baf5732ffbf88b9a448a3d9ab9fa270f7495fe44d1559c1ac49795a30881a,69cfb2bf8bc181dc1de1e09f0c7477a1a5de7585,elasticnet_corrected_69cfb2bf8bc1_6ed147cd_f83baf57
ElasticNet,3,3,2023-05-14,2023-05-17,11.93,12.295544238416984,0.3655442384169838,0.3655442384169838,0.1336225902398527,1.0,0.5,enet_a1.0_l0.5,submitted_main_linear_features_H3_18col,6ed147cd585e5e8083292683f9be3cf585e97e4d46fa0e3224d24a4e2b42cbbb,f83baf5732ffbf88b9a448a3d9ab9fa270f7495fe44d1559c1ac49795a30881a,69cfb2bf8bc181dc1de1e09f0c7477a1a5de7585,elasticnet_corrected_69cfb2bf8bc1_6ed147cd_f83baf57
ElasticNet,3,3,2023-05-15,2023-05-18,12.83,12.511771620616017,-0.3182283793839833,0.3182283793839833,0.10126930144535641,1.0,0.5,enet_a1.0_l0.5,submitted_main_linear_features_H3_18col,6ed147cd585e5e8083292683f9be3cf585e97e4d46fa0e3224d24a4e2b42cbbb,f83baf5732ffbf88b9a448a3d9ab9fa270f7495fe44d1559c1ac49795a30881a,69cfb2bf8bc181dc1de1e09f0c7477a1a5de7585,elasticnet_corrected_69cfb2bf8bc1_6ed147cd_f83baf57
ElasticNet,3,3,2023-05-16,2023-05-19,14.46,12.496719242347398,-1.963280757652603,1.963280757652603,3.854471333368979,1.0,0.5,enet_a1.0_l0.5,submitted_main_linear_features_H3_18col,6ed147cd585e5e8083292683f9be3cf585e97e4d46fa0e3224d24a4e2b42cbbb,f83baf5732ffbf88b9a448a3d9ab9fa270f7495fe44d1559c1ac49795a30881a,69cfb2bf8bc181dc1de1e09f0c7477a1a5de7585,elasticnet_corrected_69cfb2bf8bc1_6ed147cd_f83baf57
ElasticNet,3,3,2023-05-17,2023-05-20,13.25,12.500998422874547,-0.749001577125453,0.749001577125453,0.5610033625364159,1.0,0.5,enet_a1.0_l0.5,submitted_main_linear_features_H3_18col,6ed147cd585e5e8083292683f9be3cf585e97e4d46fa0e3224d24a4e2b42cbbb,f83baf5732ffbf88b9a448a3d9ab9fa270f7495fe44d1559c1ac49795a30881a,69cfb2bf8bc181dc1de1e09f0c7477a1a5de7585,elasticnet_corrected_69cfb2bf8bc1_6ed147cd_f83baf57
ElasticNet,3,3,2023-05-18,2023-05-21,12.85,12.374057749652769,-0.4759422503472308,0.4759422503472308,0.22652102566558613,1.0,0.5,enet_a1.0_l0.5,submitted_main_linear_features_H3_18col,6ed147cd585e5e8083292683f9be3cf585e97e4d46fa0e3224d24a4e2b42cbbb,f83baf5732ffbf88b9a448a3d9ab9fa270f7495fe44d1559c1ac49795a30881a,69cfb2bf8bc181dc1de1e09f0c7477a1a5de7585,elasticnet_corrected_69cfb2bf8bc1_6ed147cd_f83baf57
ElasticNet,3,3,2023-05-19,2023-05-22,14.51,12.461133493696316,-2.0488665063036837,2.0488665063036837,4.197853960653063,1.0,0.5,enet_a1.0_l0.5,submitted_main_linear_features_H3_18col,6ed147cd585e5e8083292683f9be3cf585e97e4d46fa0e3224d24a4e2b42cbbb,f83baf5732ffbf88b9a448a3d9ab9fa270f7495fe44d1559c1ac49795a30881a,69cfb2bf8bc181dc1de1e09f0c7477a1a5de7585,elasticnet_corrected_69cfb2bf8bc1_6ed147cd_f83baf57
ElasticNet,3,3,2023-05-20,2023-05-23,10.07,12.606337329102029,2.536337329102029,2.536337329102029,6.433007046996413,1.0,0.5,enet_a1.0_l0.5,submitted_main_linear_features_H3_18col,6ed147cd585e5e8083292683f9be3cf585e97e4d46fa0e3224d24a4e2b42cbbb,f83baf5732ffbf88b9a448a3d9ab9fa270f7495fe44d1559c1ac49795a30881a,69cfb2bf8bc181dc1de1e09f0c7477a1a5de7585,elasticnet_corrected_69cfb2bf8bc1_6ed147cd_f83baf57
ElasticNet,3,3,2023-05-21,2023-05-24,12.91,12.578712050608665,-0.331287949391335,0.331287949391335,0.10975170541191573,1.0,0.5,enet_a1.0_l0.5,submitted_main_linear_features_H3_18col,6ed147cd585e5e8083292683f9be3cf585e97e4d46fa0e3224d24a4e2b42cbbb,f83baf5732ffbf88b9a448a3d9ab9fa270f7495fe44d1559c1ac49795a30881a,69cfb2bf8bc181dc1de1e09f0c7477a1a5de7585,elasticnet_corrected_69cfb2bf8bc1_6ed147cd_f83baf57
ElasticNet,3,3,2023-05-22,2023-05-25,13.15,12.552112504455646,-0.597887495544354,0.597887495544354,0.3574694573283,1.0,0.5,enet_a1.0_l0.5,submitted_main_linear_features_H3_18col,6ed147cd585e5e8083292683f9be3cf585e97e4d46fa0e3224d24a4e2b42cbbb,f83baf5732ffbf88b9a448a3d9ab9fa270f7495fe44d1559c1ac49795a30881a,69cfb2bf8bc181dc1de1e09f0c7477a1a5de7585,elasticnet_corrected_69cfb2bf8bc1_6ed147cd_f83baf57
ElasticNet,3,3,2023-05-23,2023-05-26,14.4,12.705810042398195,-1.6941899576018056,1.6941899576018056,2.8702796124388077,1.0,0.5,enet_a1.0_l0.5,submitted_main_linear_features_H3_18col,6ed147cd585e5e8083292683f9be3cf585e97e4d46fa0e3224d24a4e2b42cbbb,f83baf5732ffbf88b9a448a3d9ab9fa270f7495fe44d1559c1ac49795a30881a,69cfb2bf8bc181dc1de1e09f0c7477a1a5de7585,elasticnet_corrected_69cfb2bf8bc1_6ed147cd_f83baf57
ElasticNet,3,3,2023-05-24,2023-05-27,13.75,12.325578183145932,-1.4244218168540677,1.4244218168540677,2.0289775123298432,1.0,0.5,enet_a1.0_l0.5,submitted_main_linear_features_H3_18col,6ed147cd585e5e8083292683f9be3cf585e97e4d46fa0e3224d24a4e2b42cbbb,f83baf5732ffbf88b9a448a3d9ab9fa270f7495fe44d1559c1ac49795a30881a,69cfb2bf8bc181dc1de1e09f0c7477a1a5de7585,elasticnet_corrected_69cfb2bf8bc1_6ed147cd_f83baf57
ElasticNet,3,3,2023-05-25,2023-05-28,12.88,12.551035456854889,-0.32896454314511203,0.32896454314511203,0.10821767064667227,1.0,0.5,enet_a1.0_l0.5,submitted_main_linear_features_H3_18col,6ed147cd585e5e8083292683f9be3cf585e97e4d46fa0e3224d24a4e2b42cbbb,f83baf5732ffbf88b9a448a3d9ab9fa270f7495fe44d1559c1ac49795a30881a,69cfb2bf8bc181dc1de1e09f0c7477a1a5de7585,elasticnet_corrected_69cfb2bf8bc1_6ed147cd_f83baf57
ElasticNet,3,3,2023-05-26,2023-05-29,12.2,12.575245679300691,0.37524567930069175,0.37524567930069175,0.1408093198338376,1.0,0.5,enet_a1.0_l0.5,submitted_main_linear_features_H3_18col,6ed147cd585e5e8083292683f9be3cf585e97e4d46fa0e3224d24a4e2b42cbbb,f83baf5732ffbf88b9a448a3d9ab9fa270f7495fe44d1559c1ac49795a30881a,69cfb2bf8bc181dc1de1e09f0c7477a1a5de7585,elasticnet_corrected_69cfb2bf8bc1_6ed147cd_f83baf57
ElasticNet,3,3,2023-05-27,2023-05-30,12.42,12.668218231250682,0.2482182312506822,0.2482182312506822,0.06161229032521715,1.0,0.5,enet_a1.0_l0.5,submitted_main_linear_features_H3_18col,6ed147cd585e5e8083292683f9be3cf585e97e4d46fa0e3224d24a4e2b42cbbb,f83baf5732ffbf88b9a448a3d9ab9fa270f7495fe44d1559c1ac49795a30881a,69cfb2bf8bc181dc1de1e09f0c7477a1a5de7585,elasticnet_corrected_69cfb2bf8bc1_6ed147cd_f83baf57
ElasticNet,3,3,2023-05-28,2023-05-31,7.99,12.631359093219764,4.641359093219764,4.641359093219764,21.54221423221379,1.0,0.5,enet_a1.0_l0.5,submitted_main_linear_features_H3_18col,6ed147cd585e5e8083292683f9be3cf585e97e4d46fa0e3224d24a4e2b42cbbb,f83baf5732ffbf88b9a448a3d9ab9fa270f7495fe44d1559c1ac49795a30881a,69cfb2bf8bc181dc1de1e09f0c7477a1a5de7585,elasticnet_corrected_69cfb2bf8bc1_6ed147cd_f83baf57
ElasticNet,3,3,2023-05-29,2023-06-01,10.55,12.567232319745012,2.017232319745011,2.017232319745011,4.069226231823838,1.0,0.5,enet_a1.0_l0.5,submitted_main_linear_features_H3_18col,6ed147cd585e5e8083292683f9be3cf585e97e4d46fa0e3224d24a4e2b42cbbb,f83baf5732ffbf88b9a448a3d9ab9fa270f7495fe44d1559c1ac49795a30881a,69cfb2bf8bc181dc1de1e09f0c7477a1a5de7585,elasticnet_corrected_69cfb2bf8bc1_6ed147cd_f83baf57
ElasticNet,3,3,2023-05-30,2023-06-02,9.12,12.478573151950934,3.358573151950935,3.358573151950935,11.28001361700564,1.0,0.5,enet_a1.0_l0.5,submitted_main_linear_features_H3_18col,6ed147cd585e5e8083292683f9be3cf585e97e4d46fa0e3224d24a4e2b42cbbb,f83baf5732ffbf88b9a448a3d9ab9fa270f7495fe44d1559c1ac49795a30881a,69cfb2bf8bc181dc1de1e09f0c7477a1a5de7585,elasticnet_corrected_69cfb2bf8bc1_6ed147cd_f83baf57
ElasticNet,3,3,2023-05-31,2023-06-03,9.19,12.53261750756965,3.342617507569651,3.342617507569651,11.173091801911145,1.0,0.5,enet_a1.0_l0.5,submitted_main_linear_features_H3_18col,6ed147cd585e5e8083292683f9be3cf585e97e4d46fa0e3224d24a4e2b42cbbb,f83baf5732ffbf88b9a448a3d9ab9fa270f7495fe44d1559c1ac49795a30881a,69cfb2bf8bc181dc1de1e09f0c7477a1a5de7585,elasticnet_corrected_69cfb2bf8bc1_6ed147cd_f83baf57
ElasticNet,3,3,2023-06-01,2023-06-04,9.29,12.119820466858204,2.829820466858205,2.829820466858205,8.00788387464959,1.0,0.5,enet_a1.0_l0.5,submitted_main_linear_features_H3_18col,6ed147cd585e5e8083292683f9be3cf585e97e4d46fa0e3224d24a4e2b42cbbb,f83baf5732ffbf88b9a448a3d9ab9fa270f7495fe44d1559c1ac49795a30881a,69cfb2bf8bc181dc1de1e09f0c7477a1a5de7585,elasticnet_corrected_69cfb2bf8bc1_6ed147cd_f83baf57
ElasticNet,3,3,2023-06-02,2023-06-05,10.0,12.266000992384246,2.266000992384246,2.266000992384246,5.134760497486387,1.0,0.5,enet_a1.0_l0.5,submitted_main_linear_features_H3_18col,6ed147cd585e5e8083292683f9be3cf585e97e4d46fa0e3224d24a4e2b42cbbb,f83baf5732ffbf88b9a448a3d9ab9fa270f7495fe44d1559c1ac49795a30881a,69cfb2bf8bc181dc1de1e09f0c7477a1a5de7585,elasticnet_corrected_69cfb2bf8bc1_6ed147cd_f83baf57
ElasticNet,3,3,2023-06-03,2023-06-06,13.26,12.069377519548011,-1.1906224804519887,1.1906224804519887,1.4175818909576463,1.0,0.5,enet_a1.0_l0.5,submitted_main_linear_features_H3_18col,6ed147cd585e5e8083292683f9be3cf585e97e4d46fa0e3224d24a4e2b42cbbb,f83baf5732ffbf88b9a448a3d9ab9fa270f7495fe44d1559c1ac49795a30881a,69cfb2bf8bc181dc1de1e09f0c7477a1a5de7585,elasticnet_corrected_69cfb2bf8bc1_6ed147cd_f83baf57
ElasticNet,3,3,2023-06-04,2023-06-07,12.56,11.99705954054107,-0.5629404594589307,0.5629404594589307,0.31690196089583195,1.0,0.5,enet_a1.0_l0.5,submitted_main_linear_features_H3_18col,6ed147cd585e5e8083292683f9be3cf585e97e4d46fa0e3224d24a4e2b42cbbb,f83baf5732ffbf88b9a448a3d9ab9fa270f7495fe44d1559c1ac49795a30881a,69cfb2bf8bc181dc1de1e09f0c7477a1a5de7585,elasticnet_corrected_69cfb2bf8bc1_6ed147cd_f83baf57
ElasticNet,3,3,2023-06-05,2023-06-08,13.64,11.943153309463689,-1.6968466905363115,1.6968466905363115,2.879288691184033,1.0,0.5,enet_a1.0_l0.5,submitted_main_linear_features_H3_18col,6ed147cd585e5e8083292683f9be3cf585e97e4d46fa0e3224d24a4e2b42cbbb,f83baf5732ffbf88b9a448a3d9ab9fa270f7495fe44d1559c1ac49795a30881a,69cfb2bf8bc181dc1de1e09f0c7477a1a5de7585,elasticnet_corrected_69cfb2bf8bc1_6ed147cd_f83baf57
ElasticNet,3,3,2023-06-06,2023-06-09,15.85,11.956473895458751,-3.893526104541248,3.893526104541248,15.159545526744147,1.0,0.5,enet_a1.0_l0.5,submitted_main_linear_features_H3_18col,6ed147cd585e5e8083292683f9be3cf585e97e4d46fa0e3224d24a4e2b42cbbb,f83baf5732ffbf88b9a448a3d9ab9fa270f7495fe44d1559c1ac49795a30881a,69cfb2bf8bc181dc1de1e09f0c7477a1a5de7585,elasticnet_corrected_69cfb2bf8bc1_6ed147cd_f83baf57
ElasticNet,3,3,2023-06-07,2023-06-10,11.12,12.21505653959378,1.0950565395937808,1.0950565395937808,1.1991488249071056,1.0,0.5,enet_a1.0_l0.5,submitted_main_linear_features_H3_18col,6ed147cd585e5e8083292683f9be3cf585e97e4d46fa0e3224d24a4e2b42cbbb,f83baf5732ffbf88b9a448a3d9ab9fa270f7495fe44d1559c1ac49795a30881a,69cfb2bf8bc181dc1de1e09f0c7477a1a5de7585,elasticnet_corrected_69cfb2bf8bc1_6ed147cd_f83baf57
ElasticNet,3,3,2023-06-08,2023-06-11,10.4,12.236947041212122,1.836947041212122,1.836947041212122,3.3743744322179694,1.0,0.5,enet_a1.0_l0.5,submitted_main_linear_features_H3_18col,6ed147cd585e5e8083292683f9be3cf585e97e4d46fa0e3224d24a4e2b42cbbb,f83baf5732ffbf88b9a448a3d9ab9fa270f7495fe44d1559c1ac49795a30881a,69cfb2bf8bc181dc1de1e09f0c7477a1a5de7585,elasticnet_corrected_69cfb2bf8bc1_6ed147cd_f83baf57
ElasticNet,3,3,2023-06-09,2023-06-12,11.4,12.36783390373954,0.9678339037395389,0.9678339037395389,0.936702465227715,1.0,0.5,enet_a1.0_l0.5,submitted_main_linear_features_H3_18col,6ed147cd585e5e8083292683f9be3cf585e97e4d46fa0e3224d24a4e2b42cbbb,f83baf5732ffbf88b9a448a3d9ab9fa270f7495fe44d1559c1ac49795a30881a,69cfb2bf8bc181dc1de1e09f0c7477a1a5de7585,elasticnet_corrected_69cfb2bf8bc1_6ed147cd_f83baf57
ElasticNet,3,3,2023-06-10,2023-06-13,13.16,12.642746609066013,-0.5172533909339876,0.5172533909339876,0.2675510704327086,1.0,0.5,enet_a1.0_l0.5,submitted_main_linear_features_H3_18col,6ed147cd585e5e8083292683f9be3cf585e97e4d46fa0e3224d24a4e2b42cbbb,f83baf5732ffbf88b9a448a3d9ab9fa270f7495fe44d1559c1ac49795a30881a,69cfb2bf8bc181dc1de1e09f0c7477a1a5de7585,elasticnet_corrected_69cfb2bf8bc1_6ed147cd_f83baf57
ElasticNet,3,3,2023-06-11,2023-06-14,16.86,12.320138818289731,-4.539861181710268,4.539861181710268,20.610339549199754,1.0,0.5,enet_a1.0_l0.5,submitted_main_linear_features_H3_18col,6ed147cd585e5e8083292683f9be3cf585e97e4d46fa0e3224d24a4e2b42cbbb,f83baf5732ffbf88b9a448a3d9ab9fa270f7495fe44d1559c1ac49795a30881a,69cfb2bf8bc181dc1de1e09f0c7477a1a5de7585,elasticnet_corrected_69cfb2bf8bc1_6ed147cd_f83baf57
ElasticNet,3,3,2023-06-12,2023-06-15,10.78,12.282578853361656,1.5025788533616566,1.5025788533616566,2.2577432105696307,1.0,0.5,enet_a1.0_l0.5,submitted_main_linear_features_H3_18col,6ed147cd585e5e8083292683f9be3cf585e97e4d46fa0e3224d24a4e2b42cbbb,f83baf5732ffbf88b9a448a3d9ab9fa270f7495fe44d1559c1ac49795a30881a,69cfb2bf8bc181dc1de1e09f0c7477a1a5de7585,elasticnet_corrected_69cfb2bf8bc1_6ed147cd_f83baf57
ElasticNet,3,3,2023-06-13,2023-06-16,14.09,12.379012989375807,-1.7109870106241925,1.7109870106241925,2.9274765505247102,1.0,0.5,enet_a1.0_l0.5,submitted_main_linear_features_H3_18col,6ed147cd585e5e8083292683f9be3cf585e97e4d46fa0e3224d24a4e2b42cbbb,f83baf5732ffbf88b9a448a3d9ab9fa270f7495fe44d1559c1ac49795a30881a,69cfb2bf8bc181dc1de1e09f0c7477a1a5de7585,elasticnet_corrected_69cfb2bf8bc1_6ed147cd_f83baf57
ElasticNet,3,3,2023-06-14,2023-06-17,11.4,12.508809549716814,1.1088095497168133,1.1088095497168133,1.2294586175432023,1.0,0.5,enet_a1.0_l0.5,submitted_main_linear_features_H3_18col,6ed147cd585e5e8083292683f9be3cf585e97e4d46fa0e3224d24a4e2b42cbbb,f83baf5732ffbf88b9a448a3d9ab9fa270f7495fe44d1559c1ac49795a30881a,69cfb2bf8bc181dc1de1e09f0c7477a1a5de7585,elasticnet_corrected_69cfb2bf8bc1_6ed147cd_f83baf57
ElasticNet,3,3,2023-06-15,2023-06-18,10.92,12.860961234064606,1.9409612340646056,1.9409612340646056,3.767330512141597,1.0,0.5,enet_a1.0_l0.5,submitted_main_linear_features_H3_18col,6ed147cd585e5e8083292683f9be3cf585e97e4d46fa0e3224d24a4e2b42cbbb,f83baf5732ffbf88b9a448a3d9ab9fa270f7495fe44d1559c1ac49795a30881a,69cfb2bf8bc181dc1de1e09f0c7477a1a5de7585,elasticnet_corrected_69cfb2bf8bc1_6ed147cd_f83baf57
ElasticNet,3,3,2023-06-16,2023-06-19,14.32,12.362329793864511,-1.9576702061354894,1.9576702061354894,3.8324726359905696,1.0,0.5,enet_a1.0_l0.5,submitted_main_linear_features_H3_18col,6ed147cd585e5e8083292683f9be3cf585e97e4d46fa0e3224d24a4e2b42cbbb,f83baf5732ffbf88b9a448a3d9ab9fa270f7495fe44d1559c1ac49795a30881a,69cfb2bf8bc181dc1de1e09f0c7477a1a5de7585,elasticnet_corrected_69cfb2bf8bc1_6ed147cd_f83baf57
ElasticNet,3,3,2023-06-17,2023-06-20,13.18,12.583800173976636,-0.5961998260233639,0.5961998260233639,0.35545423255028935,1.0,0.5,enet_a1.0_l0.5,submitted_main_linear_features_H3_18col,6ed147cd585e5e8083292683f9be3cf585e97e4d46fa0e3224d24a4e2b42cbbb,f83baf5732ffbf88b9a448a3d9ab9fa270f7495fe44d1559c1ac49795a30881a,69cfb2bf8bc181dc1de1e09f0c7477a1a5de7585,elasticnet_corrected_69cfb2bf8bc1_6ed147cd_f83baf57
ElasticNet,3,3,2023-06-18,2023-06-21,17.48,12.389977498871461,-5.090022501128539,5.090022501128539,25.908329061994827,1.0,0.5,enet_a1.0_l0.5,submitted_main_linear_features_H3_18col,6ed147cd585e5e8083292683f9be3cf585e97e4d46fa0e3224d24a4e2b42cbbb,f83baf5732ffbf88b9a448a3d9ab9fa270f7495fe44d1559c1ac49795a30881a,69cfb2bf8bc181dc1de1e09f0c7477a1a5de7585,elasticnet_corrected_69cfb2bf8bc1_6ed147cd_f83baf57
ElasticNet,3,3,2023-06-19,2023-06-22,11.56,12.3639788718549,0.8039788718549001,0.8039788718549001,0.6463820263890779,1.0,0.5,enet_a1.0_l0.5,submitted_main_linear_features_H3_18col,6ed147cd585e5e8083292683f9be3cf585e97e4d46fa0e3224d24a4e2b42cbbb,f83baf5732ffbf88b9a448a3d9ab9fa270f7495fe44d1559c1ac49795a30881a,69cfb2bf8bc181dc1de1e09f0c7477a1a5de7585,elasticnet_corrected_69cfb2bf8bc1_6ed147cd_f83baf57
ElasticNet,3,3,2023-06-20,2023-06-23,16.33,12.667760731860152,-3.662239268139846,3.662239268139846,13.411996457105474,1.0,0.5,enet_a1.0_l0.5,submitted_main_linear_features_H3_18col,6ed147cd585e5e8083292683f9be3cf585e97e4d46fa0e3224d24a4e2b42cbbb,f83baf5732ffbf88b9a448a3d9ab9fa270f7495fe44d1559c1ac49795a30881a,69cfb2bf8bc181dc1de1e09f0c7477a1a5de7585,elasticnet_corrected_69cfb2bf8bc1_6ed147cd_f83baf57
ElasticNet,3,3,2023-06-21,2023-06-24,11.51,12.583182857719835,1.0731828577198357,1.0731828577198357,1.151721446103713,1.0,0.5,enet_a1.0_l0.5,submitted_main_linear_features_H3_18col,6ed147cd585e5e8083292683f9be3cf585e97e4d46fa0e3224d24a4e2b42cbbb,f83baf5732ffbf88b9a448a3d9ab9fa270f7495fe44d1559c1ac49795a30881a,69cfb2bf8bc181dc1de1e09f0c7477a1a5de7585,elasticnet_corrected_69cfb2bf8bc1_6ed147cd_f83baf57
ElasticNet,3,3,2023-06-22,2023-06-25,12.68,12.916982120954737,0.23698212095473714,0.23698212095473714,0.05616052565220567,1.0,0.5,enet_a1.0_l0.5,submitted_main_linear_features_H3_18col,6ed147cd585e5e8083292683f9be3cf585e97e4d46fa0e3224d24a4e2b42cbbb,f83baf5732ffbf88b9a448a3d9ab9fa270f7495fe44d1559c1ac49795a30881a,69cfb2bf8bc181dc1de1e09f0c7477a1a5de7585,elasticnet_corrected_69cfb2bf8bc1_6ed147cd_f83baf57
ElasticNet,3,3,2023-06-23,2023-06-26,12.26,12.48764466307496,0.22764466307496,0.22764466307496,0.05182209262651206,1.0,0.5,enet_a1.0_l0.5,submitted_main_linear_features_H3_18col,6ed147cd585e5e8083292683f9be3cf585e97e4d46fa0e3224d24a4e2b42cbbb,f83baf5732ffbf88b9a448a3d9ab9fa270f7495fe44d1559c1ac49795a30881a,69cfb2bf8bc181dc1de1e09f0c7477a1a5de7585,elasticnet_corrected_69cfb2bf8bc1_6ed147cd_f83baf57
ElasticNet,3,3,2023-06-24,2023-06-27,11.74,12.879219171289437,1.1392191712894366,1.1392191712894366,1.2978203202333907,1.0,0.5,enet_a1.0_l0.5,submitted_main_linear_features_H3_18col,6ed147cd585e5e8083292683f9be3cf585e97e4d46fa0e3224d24a4e2b42cbbb,f83baf5732ffbf88b9a448a3d9ab9fa270f7495fe44d1559c1ac49795a30881a,69cfb2bf8bc181dc1de1e09f0c7477a1a5de7585,elasticnet_corrected_69cfb2bf8bc1_6ed147cd_f83baf57
ElasticNet,3,3,2023-06-25,2023-06-28,8.82,12.522779979731249,3.7027799797312486,3.7027799797312486,13.710579578298546,1.0,0.5,enet_a1.0_l0.5,submitted_main_linear_features_H3_18col,6ed147cd585e5e8083292683f9be3cf585e97e4d46fa0e3224d24a4e2b42cbbb,f83baf5732ffbf88b9a448a3d9ab9fa270f7495fe44d1559c1ac49795a30881a,69cfb2bf8bc181dc1de1e09f0c7477a1a5de7585,elasticnet_corrected_69cfb2bf8bc1_6ed147cd_f83baf57
ElasticNet,3,3,2023-06-26,2023-06-29,10.62,12.640224776320336,2.0202247763203367,2.0202247763203367,4.081308146858555,1.0,0.5,enet_a1.0_l0.5,submitted_main_linear_features_H3_18col,6ed147cd585e5e8083292683f9be3cf585e97e4d46fa0e3224d24a4e2b42cbbb,f83baf5732ffbf88b9a448a3d9ab9fa270f7495fe44d1559c1ac49795a30881a,69cfb2bf8bc181dc1de1e09f0c7477a1a5de7585,elasticnet_corrected_69cfb2bf8bc1_6ed147cd_f83baf57
ElasticNet,3,3,2023-06-27,2023-06-30,9.68,12.576142442800258,2.896142442800258,2.896142442800258,8.387641048989046,1.0,0.5,enet_a1.0_l0.5,submitted_main_linear_features_H3_18col,6ed147cd585e5e8083292683f9be3cf585e97e4d46fa0e3224d24a4e2b42cbbb,f83baf5732ffbf88b9a448a3d9ab9fa270f7495fe44d1559c1ac49795a30881a,69cfb2bf8bc181dc1de1e09f0c7477a1a5de7585,elasticnet_corrected_69cfb2bf8bc1_6ed147cd_f83baf57
ElasticNet,3,3,2023-06-28,2023-07-01,10.07,12.512892263502602,2.4428922635026016,2.4428922635026016,5.967722611080864,1.0,0.5,enet_a1.0_l0.5,submitted_main_linear_features_H3_18col,6ed147cd585e5e8083292683f9be3cf585e97e4d46fa0e3224d24a4e2b42cbbb,f83baf5732ffbf88b9a448a3d9ab9fa270f7495fe44d1559c1ac49795a30881a,69cfb2bf8bc181dc1de1e09f0c7477a1a5de7585,elasticnet_corrected_69cfb2bf8bc1_6ed147cd_f83baf57
ElasticNet,3,3,2023-06-29,2023-07-02,9.04,12.14841586434438,3.10841586434438,3.10841586434438,9.66224918570782,1.0,0.5,enet_a1.0_l0.5,submitted_main_linear_features_H3_18col,6ed147cd585e5e8083292683f9be3cf585e97e4d46fa0e3224d24a4e2b42cbbb,f83baf5732ffbf88b9a448a3d9ab9fa270f7495fe44d1559c1ac49795a30881a,69cfb2bf8bc181dc1de1e09f0c7477a1a5de7585,elasticnet_corrected_69cfb2bf8bc1_6ed147cd_f83baf57
ElasticNet,3,3,2023-06-30,2023-07-03,11.09,12.266872726539969,1.176872726539969,1.176872726539969,1.3850294144736206,1.0,0.5,enet_a1.0_l0.5,submitted_main_linear_features_H3_18col,6ed147cd585e5e8083292683f9be3cf585e97e4d46fa0e3224d24a4e2b42cbbb,f83baf5732ffbf88b9a448a3d9ab9fa270f7495fe44d1559c1ac49795a30881a,69cfb2bf8bc181dc1de1e09f0c7477a1a5de7585,elasticnet_corrected_69cfb2bf8bc1_6ed147cd_f83baf57
ElasticNet,3,3,2023-07-01,2023-07-04,11.9,12.08526617862952,0.18526617862952044,0.18526617862952044,0.034323556943985374,1.0,0.5,enet_a1.0_l0.5,submitted_main_linear_features_H3_18col,6ed147cd585e5e8083292683f9be3cf585e97e4d46fa0e3224d24a4e2b42cbbb,f83baf5732ffbf88b9a448a3d9ab9fa270f7495fe44d1559c1ac49795a30881a,69cfb2bf8bc181dc1de1e09f0c7477a1a5de7585,elasticnet_corrected_69cfb2bf8bc1_6ed147cd_f83baf57
ElasticNet,3,3,2023-07-02,2023-07-05,13.57,12.089790071191192,-1.480209928808808,1.480209928808808,2.191021433344176,1.0,0.5,enet_a1.0_l0.5,submitted_main_linear_features_H3_18col,6ed147cd585e5e8083292683f9be3cf585e97e4d46fa0e3224d24a4e2b42cbbb,f83baf5732ffbf88b9a448a3d9ab9fa270f7495fe44d1559c1ac49795a30881a,69cfb2bf8bc181dc1de1e09f0c7477a1a5de7585,elasticnet_corrected_69cfb2bf8bc1_6ed147cd_f83baf57
ElasticNet,3,3,2023-07-03,2023-07-06,11.6,11.952475865087345,0.35247586508734585,0.35247586508734585,0.12423923546907284,1.0,0.5,enet_a1.0_l0.5,submitted_main_linear_features_H3_18col,6ed147cd585e5e8083292683f9be3cf585e97e4d46fa0e3224d24a4e2b42cbbb,f83baf5732ffbf88b9a448a3d9ab9fa270f7495fe44d1559c1ac49795a30881a,69cfb2bf8bc181dc1de1e09f0c7477a1a5de7585,elasticnet_corrected_69cfb2bf8bc1_6ed147cd_f83baf57
ElasticNet,3,3,2023-07-04,2023-07-07,13.75,12.083354334199262,-1.666645665800738,1.666645665800738,2.7777077753323853,1.0,0.5,enet_a1.0_l0.5,submitted_main_linear_features_H3_18col,6ed147cd585e5e8083292683f9be3cf585e97e4d46fa0e3224d24a4e2b42cbbb,f83baf5732ffbf88b9a448a3d9ab9fa270f7495fe44d1559c1ac49795a30881a,69cfb2bf8bc181dc1de1e09f0c7477a1a5de7585,elasticnet_corrected_69cfb2bf8bc1_6ed147cd_f83baf57
ElasticNet,3,3,2023-07-05,2023-07-08,11.11,12.145195328300309,1.0351953283003095,1.0351953283003095,1.0716293677347855,1.0,0.5,enet_a1.0_l0.5,submitted_main_linear_features_H3_18col,6ed147cd585e5e8083292683f9be3cf585e97e4d46fa0e3224d24a4e2b42cbbb,f83baf5732ffbf88b9a448a3d9ab9fa270f7495fe44d1559c1ac49795a30881a,69cfb2bf8bc181dc1de1e09f0c7477a1a5de7585,elasticnet_corrected_69cfb2bf8bc1_6ed147cd_f83baf57
ElasticNet,3,3,2023-07-06,2023-07-09,10.33,12.343568546337423,2.0135685463374227,2.0135685463374227,4.054458290799402,1.0,0.5,enet_a1.0_l0.5,submitted_main_linear_features_H3_18col,6ed147cd585e5e8083292683f9be3cf585e97e4d46fa0e3224d24a4e2b42cbbb,f83baf5732ffbf88b9a448a3d9ab9fa270f7495fe44d1559c1ac49795a30881a,69cfb2bf8bc181dc1de1e09f0c7477a1a5de7585,elasticnet_corrected_69cfb2bf8bc1_6ed147cd_f83baf57
ElasticNet,3,3,2023-07-07,2023-07-10,11.28,12.213033638003795,0.9330336380037956,0.9330336380037956,0.8705517696465979,1.0,0.5,enet_a1.0_l0.5,submitted_main_linear_features_H3_18col,6ed147cd585e5e8083292683f9be3cf585e97e4d46fa0e3224d24a4e2b42cbbb,f83baf5732ffbf88b9a448a3d9ab9fa270f7495fe44d1559c1ac49795a30881a,69cfb2bf8bc181dc1de1e09f0c7477a1a5de7585,elasticnet_corrected_69cfb2bf8bc1_6ed147cd_f83baf57
ElasticNet,3,3,2023-07-08,2023-07-11,11.04,12.437117763633807,1.3971177636338084,1.3971177636338084,1.951938045461134,1.0,0.5,enet_a1.0_l0.5,submitted_main_linear_features_H3_18col,6ed147cd585e5e8083292683f9be3cf585e97e4d46fa0e3224d24a4e2b42cbbb,f83baf5732ffbf88b9a448a3d9ab9fa270f7495fe44d1559c1ac49795a30881a,69cfb2bf8bc181dc1de1e09f0c7477a1a5de7585,elasticnet_corrected_69cfb2bf8bc1_6ed147cd_f83baf57
ElasticNet,3,3,2023-07-09,2023-07-12,13.0,12.257381875036227,-0.7426181249637729,0.7426181249637729,0.5514816795247098,1.0,0.5,enet_a1.0_l0.5,submitted_main_linear_features_H3_18col,6ed147cd585e5e8083292683f9be3cf585e97e4d46fa0e3224d24a4e2b42cbbb,f83baf5732ffbf88b9a448a3d9ab9fa270f7495fe44d1559c1ac49795a30881a,69cfb2bf8bc181dc1de1e09f0c7477a1a5de7585,elasticnet_corrected_69cfb2bf8bc1_6ed147cd_f83baf57
ElasticNet,3,3,2023-07-10,2023-07-13,12.89,12.218507024876885,-0.6714929751231153,0.6714929751231153,0.4509028156396928,1.0,0.5,enet_a1.0_l0.5,submitted_main_linear_features_H3_18col,6ed147cd585e5e8083292683f9be3cf585e97e4d46fa0e3224d24a4e2b42cbbb,f83baf5732ffbf88b9a448a3d9ab9fa270f7495fe44d1559c1ac49795a30881a,69cfb2bf8bc181dc1de1e09f0c7477a1a5de7585,elasticnet_corrected_69cfb2bf8bc1_6ed147cd_f83baf57
ElasticNet,3,3,2023-07-11,2023-07-14,14.05,12.291513627330135,-1.758486372669866,1.758486372669866,3.0922743228656233,1.0,0.5,enet_a1.0_l0.5,submitted_main_linear_features_H3_18col,6ed147cd585e5e8083292683f9be3cf585e97e4d46fa0e3224d24a4e2b42cbbb,f83baf5732ffbf88b9a448a3d9ab9fa270f7495fe44d1559c1ac49795a30881a,69cfb2bf8bc181dc1de1e09f0c7477a1a5de7585,elasticnet_corrected_69cfb2bf8bc1_6ed147cd_f83baf57
ElasticNet,3,3,2023-07-12,2023-07-15,11.64,12.259157068346337,0.6191570683463361,0.6191570683463361,0.3833554752832295,1.0,0.5,enet_a1.0_l0.5,submitted_main_linear_features_H3_18col,6ed147cd585e5e8083292683f9be3cf585e97e4d46fa0e3224d24a4e2b42cbbb,f83baf5732ffbf88b9a448a3d9ab9fa270f7495fe44d1559c1ac49795a30881a,69cfb2bf8bc181dc1de1e09f0c7477a1a5de7585,elasticnet_corrected_69cfb2bf8bc1_6ed147cd_f83baf57
ElasticNet,3,3,2023-07-13,2023-07-16,14.52,12.399049729723158,-2.1209502702768415,2.1209502702768415,4.498430048987407,1.0,0.5,enet_a1.0_l0.5,submitted_main_linear_features_H3_18col,6ed147cd585e5e8083292683f9be3cf585e97e4d46fa0e3224d24a4e2b42cbbb,f83baf5732ffbf88b9a448a3d9ab9fa270f7495fe44d1559c1ac49795a30881a,69cfb2bf8bc181dc1de1e09f0c7477a1a5de7585,elasticnet_corrected_69cfb2bf8bc1_6ed147cd_f83baf57
ElasticNet,3,3,2023-07-14,2023-07-17,12.22,12.413711362277214,0.19371136227721308,0.19371136227721308,0.037524091875293694,1.0,0.5,enet_a1.0_l0.5,submitted_main_linear_features_H3_18col,6ed147cd585e5e8083292683f9be3cf585e97e4d46fa0e3224d24a4e2b42cbbb,f83baf5732ffbf88b9a448a3d9ab9fa270f7495fe44d1559c1ac49795a30881a,69cfb2bf8bc181dc1de1e09f0c7477a1a5de7585,elasticnet_corrected_69cfb2bf8bc1_6ed147cd_f83baf57
ElasticNet,3,3,2023-07-15,2023-07-18,11.69,12.508411366748518,0.8184113667485189,0.8184113667485189,0.6697971652231787,1.0,0.5,enet_a1.0_l0.5,submitted_main_linear_features_H3_18col,6ed147cd585e5e8083292683f9be3cf585e97e4d46fa0e3224d24a4e2b42cbbb,f83baf5732ffbf88b9a448a3d9ab9fa270f7495fe44d1559c1ac49795a30881a,69cfb2bf8bc181dc1de1e09f0c7477a1a5de7585,elasticnet_corrected_69cfb2bf8bc1_6ed147cd_f83baf57
ElasticNet,3,3,2023-07-16,2023-07-19,12.58,12.339087854125324,-0.2409121458746757,0.2409121458746757,0.05803866202994102,1.0,0.5,enet_a1.0_l0.5,submitted_main_linear_features_H3_18col,6ed147cd585e5e8083292683f9be3cf585e97e4d46fa0e3224d24a4e2b42cbbb,f83baf5732ffbf88b9a448a3d9ab9fa270f7495fe44d1559c1ac49795a30881a,69cfb2bf8bc181dc1de1e09f0c7477a1a5de7585,elasticnet_corrected_69cfb2bf8bc1_6ed147cd_f83baf57
ElasticNet,3,3,2023-07-17,2023-07-20,11.8,12.625888034111513,0.8258880341115127,0.8258880341115127,0.6820910448885791,1.0,0.5,enet_a1.0_l0.5,submitted_main_linear_features_H3_18col,6ed147cd585e5e8083292683f9be3cf585e97e4d46fa0e3224d24a4e2b42cbbb,f83baf5732ffbf88b9a448a3d9ab9fa270f7495fe44d1559c1ac49795a30881a,69cfb2bf8bc181dc1de1e09f0c7477a1a5de7585,elasticnet_corrected_69cfb2bf8bc1_6ed147cd_f83baf57
ElasticNet,3,3,2023-07-18,2023-07-21,13.08,12.471072377010362,-0.6089276229896381,0.6089276229896381,0.37079285003981083,1.0,0.5,enet_a1.0_l0.5,submitted_main_linear_features_H3_18col,6ed147cd585e5e8083292683f9be3cf585e97e4d46fa0e3224d24a4e2b42cbbb,f83baf5732ffbf88b9a448a3d9ab9fa270f7495fe44d1559c1ac49795a30881a,69cfb2bf8bc181dc1de1e09f0c7477a1a5de7585,elasticnet_corrected_69cfb2bf8bc1_6ed147cd_f83baf57
ElasticNet,3,3,2023-07-19,2023-07-22,11.95,12.442126597871033,0.4921265978710334,0.4921265978710334,0.24218858833211782,1.0,0.5,enet_a1.0_l0.5,submitted_main_linear_features_H3_18col,6ed147cd585e5e8083292683f9be3cf585e97e4d46fa0e3224d24a4e2b42cbbb,f83baf5732ffbf88b9a448a3d9ab9fa270f7495fe44d1559c1ac49795a30881a,69cfb2bf8bc181dc1de1e09f0c7477a1a5de7585,elasticnet_corrected_69cfb2bf8bc1_6ed147cd_f83baf57
ElasticNet,3,3,2023-07-20,2023-07-23,12.14,12.500777300676434,0.36077730067643365,0.36077730067643365,0.1301602606833738,1.0,0.5,enet_a1.0_l0.5,submitted_main_linear_features_H3_18col,6ed147cd585e5e8083292683f9be3cf585e97e4d46fa0e3224d24a4e2b42cbbb,f83baf5732ffbf88b9a448a3d9ab9fa270f7495fe44d1559c1ac49795a30881a,69cfb2bf8bc181dc1de1e09f0c7477a1a5de7585,elasticnet_corrected_69cfb2bf8bc1_6ed147cd_f83baf57
ElasticNet,3,3,2023-07-21,2023-07-24,12.48,12.425269401859174,-0.054730598140826814,0.054730598140826814,0.0029954383728526754,1.0,0.5,enet_a1.0_l0.5,submitted_main_linear_features_H3_18col,6ed147cd585e5e8083292683f9be3cf585e97e4d46fa0e3224d24a4e2b42cbbb,f83baf5732ffbf88b9a448a3d9ab9fa270f7495fe44d1559c1ac49795a30881a,69cfb2bf8bc181dc1de1e09f0c7477a1a5de7585,elasticnet_corrected_69cfb2bf8bc1_6ed147cd_f83baf57
ElasticNet,3,3,2023-07-22,2023-07-25,12.38444827,12.504245269416728,0.11979699941672806,0.11979699941672806,0.014351321069251542,1.0,0.5,enet_a1.0_l0.5,submitted_main_linear_features_H3_18col,6ed147cd585e5e8083292683f9be3cf585e97e4d46fa0e3224d24a4e2b42cbbb,f83baf5732ffbf88b9a448a3d9ab9fa270f7495fe44d1559c1ac49795a30881a,69cfb2bf8bc181dc1de1e09f0c7477a1a5de7585,elasticnet_corrected_69cfb2bf8bc1_6ed147cd_f83baf57
ElasticNet,3,3,2023-07-23,2023-07-26,12.41967703,12.425995017772394,0.006317987772392897,0.006317987772392897,3.991696949210616e-05,1.0,0.5,enet_a1.0_l0.5,submitted_main_linear_features_H3_18col,6ed147cd585e5e8083292683f9be3cf585e97e4d46fa0e3224d24a4e2b42cbbb,f83baf5732ffbf88b9a448a3d9ab9fa270f7495fe44d1559c1ac49795a30881a,69cfb2bf8bc181dc1de1e09f0c7477a1a5de7585,elasticnet_corrected_69cfb2bf8bc1_6ed147cd_f83baf57
ElasticNet,3,3,2023-07-24,2023-07-27,12.43934362,12.402948777672576,-0.03639484232742518,0.03639484232742518,0.0013245845480381396,1.0,0.5,enet_a1.0_l0.5,submitted_main_linear_features_H3_18col,6ed147cd585e5e8083292683f9be3cf585e97e4d46fa0e3224d24a4e2b42cbbb,f83baf5732ffbf88b9a448a3d9ab9fa270f7495fe44d1559c1ac49795a30881a,69cfb2bf8bc181dc1de1e09f0c7477a1a5de7585,elasticnet_corrected_69cfb2bf8bc1_6ed147cd_f83baf57
ElasticNet,3,3,2023-07-25,2023-07-28,12.31367128,12.433518247388577,0.11984696738857714,0.11984696738857714,0.014363295592238673,1.0,0.5,enet_a1.0_l0.5,submitted_main_linear_features_H3_18col,6ed147cd585e5e8083292683f9be3cf585e97e4d46fa0e3224d24a4e2b42cbbb,f83baf5732ffbf88b9a448a3d9ab9fa270f7495fe44d1559c1ac49795a30881a,69cfb2bf8bc181dc1de1e09f0c7477a1a5de7585,elasticnet_corrected_69cfb2bf8bc1_6ed147cd_f83baf57
ElasticNet,3,3,2023-07-26,2023-07-29,12.47,12.43887728978964,-0.031122710210361504,0.031122710210361504,0.0009686230908381402,1.0,0.5,enet_a1.0_l0.5,submitted_main_linear_features_H3_18col,6ed147cd585e5e8083292683f9be3cf585e97e4d46fa0e3224d24a4e2b42cbbb,f83baf5732ffbf88b9a448a3d9ab9fa270f7495fe44d1559c1ac49795a30881a,69cfb2bf8bc181dc1de1e09f0c7477a1a5de7585,elasticnet_corrected_69cfb2bf8bc1_6ed147cd_f83baf57
ElasticNet,3,3,2023-07-27,2023-07-30,12.85,12.438528662087831,-0.41147133791216817,0.41147133791216817,0.1693086619232297,1.0,0.5,enet_a1.0_l0.5,submitted_main_linear_features_H3_18col,6ed147cd585e5e8083292683f9be3cf585e97e4d46fa0e3224d24a4e2b42cbbb,f83baf5732ffbf88b9a448a3d9ab9fa270f7495fe44d1559c1ac49795a30881a,69cfb2bf8bc181dc1de1e09f0c7477a1a5de7585,elasticnet_corrected_69cfb2bf8bc1_6ed147cd_f83baf57
ElasticNet,3,3,2023-07-28,2023-07-31,12.04,12.450136937099403,0.4101369370994039,0.4101369370994039,0.1682123071732804,1.0,0.5,enet_a1.0_l0.5,submitted_main_linear_features_H3_18col,6ed147cd585e5e8083292683f9be3cf585e97e4d46fa0e3224d24a4e2b42cbbb,f83baf5732ffbf88b9a448a3d9ab9fa270f7495fe44d1559c1ac49795a30881a,69cfb2bf8bc181dc1de1e09f0c7477a1a5de7585,elasticnet_corrected_69cfb2bf8bc1_6ed147cd_f83baf57
ElasticNet,3,3,2023-07-29,2023-08-01,12.85,12.42704886835174,-0.4229511316482597,0.4229511316482597,0.1788876597625435,1.0,0.5,enet_a1.0_l0.5,submitted_main_linear_features_H3_18col,6ed147cd585e5e8083292683f9be3cf585e97e4d46fa0e3224d24a4e2b42cbbb,f83baf5732ffbf88b9a448a3d9ab9fa270f7495fe44d1559c1ac49795a30881a,69cfb2bf8bc181dc1de1e09f0c7477a1a5de7585,elasticnet_corrected_69cfb2bf8bc1_6ed147cd_f83baf57
ElasticNet,3,3,2023-07-30,2023-08-02,16.85,12.447909982566122,-4.4020900174338795,4.4020900174338795,19.378396521591014,1.0,0.5,enet_a1.0_l0.5,submitted_main_linear_features_H3_18col,6ed147cd585e5e8083292683f9be3cf585e97e4d46fa0e3224d24a4e2b42cbbb,f83baf5732ffbf88b9a448a3d9ab9fa270f7495fe44d1559c1ac49795a30881a,69cfb2bf8bc181dc1de1e09f0c7477a1a5de7585,elasticnet_corrected_69cfb2bf8bc1_6ed147cd_f83baf57
ElasticNet,3,3,2023-07-31,2023-08-03,16.13,12.486507545469355,-3.6434924545306444,3.6434924545306444,13.275037266221739,1.0,0.5,enet_a1.0_l0.5,submitted_main_linear_features_H3_18col,6ed147cd585e5e8083292683f9be3cf585e97e4d46fa0e3224d24a4e2b42cbbb,f83baf5732ffbf88b9a448a3d9ab9fa270f7495fe44d1559c1ac49795a30881a,69cfb2bf8bc181dc1de1e09f0c7477a1a5de7585,elasticnet_corrected_69cfb2bf8bc1_6ed147cd_f83baf57
ElasticNet,3,3,2023-08-01,2023-08-04,14.14,12.41908016263937,-1.720919837360631,1.720919837360631,2.9615650866213405,1.0,0.5,enet_a1.0_l0.5,submitted_main_linear_features_H3_18col,6ed147cd585e5e8083292683f9be3cf585e97e4d46fa0e3224d24a4e2b42cbbb,f83baf5732ffbf88b9a448a3d9ab9fa270f7495fe44d1559c1ac49795a30881a,69cfb2bf8bc181dc1de1e09f0c7477a1a5de7585,elasticnet_corrected_69cfb2bf8bc1_6ed147cd_f83baf57
ElasticNet,3,3,2023-08-02,2023-08-05,15.94,12.487949756081552,-3.452050243918448,3.452050243918448,11.916650886537417,1.0,0.5,enet_a1.0_l0.5,submitted_main_linear_features_H3_18col,6ed147cd585e5e8083292683f9be3cf585e97e4d46fa0e3224d24a4e2b42cbbb,f83baf5732ffbf88b9a448a3d9ab9fa270f7495fe44d1559c1ac49795a30881a,69cfb2bf8bc181dc1de1e09f0c7477a1a5de7585,elasticnet_corrected_69cfb2bf8bc1_6ed147cd_f83baf57
ElasticNet,3,3,2023-08-03,2023-08-06,15.74,12.861064597703914,-2.8789354022960865,2.8789354022960865,8.28826905059373,1.0,0.5,enet_a1.0_l0.5,submitted_main_linear_features_H3_18col,6ed147cd585e5e8083292683f9be3cf585e97e4d46fa0e3224d24a4e2b42cbbb,f83baf5732ffbf88b9a448a3d9ab9fa270f7495fe44d1559c1ac49795a30881a,69cfb2bf8bc181dc1de1e09f0c7477a1a5de7585,elasticnet_corrected_69cfb2bf8bc1_6ed147cd_f83baf57
ElasticNet,3,3,2023-08-04,2023-08-07,15.48,12.871128089664676,-2.608871910335324,2.608871910335324,6.806212644536684,1.0,0.5,enet_a1.0_l0.5,submitted_main_linear_features_H3_18col,6ed147cd585e5e8083292683f9be3cf585e97e4d46fa0e3224d24a4e2b42cbbb,f83baf5732ffbf88b9a448a3d9ab9fa270f7495fe44d1559c1ac49795a30881a,69cfb2bf8bc181dc1de1e09f0c7477a1a5de7585,elasticnet_corrected_69cfb2bf8bc1_6ed147cd_f83baf57
ElasticNet,3,3,2023-08-05,2023-08-08,14.32,12.753799852871094,-1.5662001471289067,1.5662001471289067,2.452982900866609,1.0,0.5,enet_a1.0_l0.5,submitted_main_linear_features_H3_18col,6ed147cd585e5e8083292683f9be3cf585e97e4d46fa0e3224d24a4e2b42cbbb,f83baf5732ffbf88b9a448a3d9ab9fa270f7495fe44d1559c1ac49795a30881a,69cfb2bf8bc181dc1de1e09f0c7477a1a5de7585,elasticnet_corrected_69cfb2bf8bc1_6ed147cd_f83baf57
ElasticNet,3,3,2023-08-06,2023-08-09,15.96,12.947446554856244,-3.012553445143757,3.012553445143757,9.07547825984752,1.0,0.5,enet_a1.0_l0.5,submitted_main_linear_features_H3_18col,6ed147cd585e5e8083292683f9be3cf585e97e4d46fa0e3224d24a4e2b42cbbb,f83baf5732ffbf88b9a448a3d9ab9fa270f7495fe44d1559c1ac49795a30881a,69cfb2bf8bc181dc1de1e09f0c7477a1a5de7585,elasticnet_corrected_69cfb2bf8bc1_6ed147cd_f83baf57
ElasticNet,3,3,2023-08-07,2023-08-10,10.21,12.982592339838794,2.772592339838793,2.772592339838793,7.687268282932753,1.0,0.5,enet_a1.0_l0.5,submitted_main_linear_features_H3_18col,6ed147cd585e5e8083292683f9be3cf585e97e4d46fa0e3224d24a4e2b42cbbb,f83baf5732ffbf88b9a448a3d9ab9fa270f7495fe44d1559c1ac49795a30881a,69cfb2bf8bc181dc1de1e09f0c7477a1a5de7585,elasticnet_corrected_69cfb2bf8bc1_6ed147cd_f83baf57
ElasticNet,3,3,2023-08-08,2023-08-11,9.23,13.021746271134345,3.791746271134345,3.791746271134345,14.37733978466121,1.0,0.5,enet_a1.0_l0.5,submitted_main_linear_features_H3_18col,6ed147cd585e5e8083292683f9be3cf585e97e4d46fa0e3224d24a4e2b42cbbb,f83baf5732ffbf88b9a448a3d9ab9fa270f7495fe44d1559c1ac49795a30881a,69cfb2bf8bc181dc1de1e09f0c7477a1a5de7585,elasticnet_corrected_69cfb2bf8bc1_6ed147cd_f83baf57
ElasticNet,3,3,2023-08-09,2023-08-12,13.1,12.961069360538573,-0.13893063946142625,0.13893063946142625,0.01930172258116081,1.0,0.5,enet_a1.0_l0.5,submitted_main_linear_features_H3_18col,6ed147cd585e5e8083292683f9be3cf585e97e4d46fa0e3224d24a4e2b42cbbb,f83baf5732ffbf88b9a448a3d9ab9fa270f7495fe44d1559c1ac49795a30881a,69cfb2bf8bc181dc1de1e09f0c7477a1a5de7585,elasticnet_corrected_69cfb2bf8bc1_6ed147cd_f83baf57
ElasticNet,3,3,2023-08-10,2023-08-13,12.5,13.071551691732042,0.5715516917320418,0.5715516917320418,0.32667133632175893,1.0,0.5,enet_a1.0_l0.5,submitted_main_linear_features_H3_18col,6ed147cd585e5e8083292683f9be3cf585e97e4d46fa0e3224d24a4e2b42cbbb,f83baf5732ffbf88b9a448a3d9ab9fa270f7495fe44d1559c1ac49795a30881a,69cfb2bf8bc181dc1de1e09f0c7477a1a5de7585,elasticnet_corrected_69cfb2bf8bc1_6ed147cd_f83baf57
ElasticNet,3,3,2023-08-11,2023-08-14,13.28,12.545953055081208,-0.7340469449187914,0.7340469449187914,0.5388249173446112,1.0,0.5,enet_a1.0_l0.5,submitted_main_linear_features_H3_18col,6ed147cd585e5e8083292683f9be3cf585e97e4d46fa0e3224d24a4e2b42cbbb,f83baf5732ffbf88b9a448a3d9ab9fa270f7495fe44d1559c1ac49795a30881a,69cfb2bf8bc181dc1de1e09f0c7477a1a5de7585,elasticnet_corrected_69cfb2bf8bc1_6ed147cd_f83baf57
ElasticNet,3,3,2023-08-12,2023-08-15,11.7,12.390895072903584,0.6908950729035848,0.6908950729035848,0.4773360017624497,1.0,0.5,enet_a1.0_l0.5,submitted_main_linear_features_H3_18col,6ed147cd585e5e8083292683f9be3cf585e97e4d46fa0e3224d24a4e2b42cbbb,f83baf5732ffbf88b9a448a3d9ab9fa270f7495fe44d1559c1ac49795a30881a,69cfb2bf8bc181dc1de1e09f0c7477a1a5de7585,elasticnet_corrected_69cfb2bf8bc1_6ed147cd_f83baf57
ElasticNet,3,3,2023-08-13,2023-08-16,13.8,12.633213773080328,-1.1667862269196725,1.1667862269196725,1.3613900993294454,1.0,0.5,enet_a1.0_l0.5,submitted_main_linear_features_H3_18col,6ed147cd585e5e8083292683f9be3cf585e97e4d46fa0e3224d24a4e2b42cbbb,f83baf5732ffbf88b9a448a3d9ab9fa270f7495fe44d1559c1ac49795a30881a,69cfb2bf8bc181dc1de1e09f0c7477a1a5de7585,elasticnet_corrected_69cfb2bf8bc1_6ed147cd_f83baf57
ElasticNet,3,3,2023-08-14,2023-08-17,12.3,12.535770857146606,0.23577085714660484,0.23577085714660484,0.055587897079644746,1.0,0.5,enet_a1.0_l0.5,submitted_main_linear_features_H3_18col,6ed147cd585e5e8083292683f9be3cf585e97e4d46fa0e3224d24a4e2b42cbbb,f83baf5732ffbf88b9a448a3d9ab9fa270f7495fe44d1559c1ac49795a30881a,69cfb2bf8bc181dc1de1e09f0c7477a1a5de7585,elasticnet_corrected_69cfb2bf8bc1_6ed147cd_f83baf57
ElasticNet,3,3,2023-08-15,2023-08-18,15.82,12.55915959230472,-3.26084040769528,3.26084040769528,10.63308016445832,1.0,0.5,enet_a1.0_l0.5,submitted_main_linear_features_H3_18col,6ed147cd585e5e8083292683f9be3cf585e97e4d46fa0e3224d24a4e2b42cbbb,f83baf5732ffbf88b9a448a3d9ab9fa270f7495fe44d1559c1ac49795a30881a,69cfb2bf8bc181dc1de1e09f0c7477a1a5de7585,elasticnet_corrected_69cfb2bf8bc1_6ed147cd_f83baf57
ElasticNet,3,3,2023-08-16,2023-08-19,11.88,12.398277393997326,0.5182773939973249,0.5182773939973249,0.2686114571286583,1.0,0.5,enet_a1.0_l0.5,submitted_main_linear_features_H3_18col,6ed147cd585e5e8083292683f9be3cf585e97e4d46fa0e3224d24a4e2b42cbbb,f83baf5732ffbf88b9a448a3d9ab9fa270f7495fe44d1559c1ac49795a30881a,69cfb2bf8bc181dc1de1e09f0c7477a1a5de7585,elasticnet_corrected_69cfb2bf8bc1_6ed147cd_f83baf57
ElasticNet,3,3,2023-08-17,2023-08-20,11.33,12.517081558489174,1.187081558489174,1.187081558489174,1.4091626265050865,1.0,0.5,enet_a1.0_l0.5,submitted_main_linear_features_H3_18col,6ed147cd585e5e8083292683f9be3cf585e97e4d46fa0e3224d24a4e2b42cbbb,f83baf5732ffbf88b9a448a3d9ab9fa270f7495fe44d1559c1ac49795a30881a,69cfb2bf8bc181dc1de1e09f0c7477a1a5de7585,elasticnet_corrected_69cfb2bf8bc1_6ed147cd_f83baf57
ElasticNet,3,3,2023-08-18,2023-08-21,12.73,12.436629246934185,-0.2933707530658154,0.2933707530658154,0.08606639875440363,1.0,0.5,enet_a1.0_l0.5,submitted_main_linear_features_H3_18col,6ed147cd585e5e8083292683f9be3cf585e97e4d46fa0e3224d24a4e2b42cbbb,f83baf5732ffbf88b9a448a3d9ab9fa270f7495fe44d1559c1ac49795a30881a,69cfb2bf8bc181dc1de1e09f0c7477a1a5de7585,elasticnet_corrected_69cfb2bf8bc1_6ed147cd_f83baf57
ElasticNet,3,3,2023-08-19,2023-08-22,13.76,12.807156520851011,-0.9528434791489886,0.9528434791489886,0.9079106957567491,1.0,0.5,enet_a1.0_l0.5,submitted_main_linear_features_H3_18col,6ed147cd585e5e8083292683f9be3cf585e97e4d46fa0e3224d24a4e2b42cbbb,f83baf5732ffbf88b9a448a3d9ab9fa270f7495fe44d1559c1ac49795a30881a,69cfb2bf8bc181dc1de1e09f0c7477a1a5de7585,elasticnet_corrected_69cfb2bf8bc1_6ed147cd_f83baf57
ElasticNet,3,3,2023-08-20,2023-08-23,16.6,12.491200794444897,-4.108799205555105,4.108799205555105,16.88223091157026,1.0,0.5,enet_a1.0_l0.5,submitted_main_linear_features_H3_18col,6ed147cd585e5e8083292683f9be3cf585e97e4d46fa0e3224d24a4e2b42cbbb,f83baf5732ffbf88b9a448a3d9ab9fa270f7495fe44d1559c1ac49795a30881a,69cfb2bf8bc181dc1de1e09f0c7477a1a5de7585,elasticnet_corrected_69cfb2bf8bc1_6ed147cd_f83baf57
ElasticNet,3,3,2023-08-21,2023-08-24,14.54,12.42792869034026,-2.11207130965974,2.11207130965974,4.460845217087809,1.0,0.5,enet_a1.0_l0.5,submitted_main_linear_features_H3_18col,6ed147cd585e5e8083292683f9be3cf585e97e4d46fa0e3224d24a4e2b42cbbb,f83baf5732ffbf88b9a448a3d9ab9fa270f7495fe44d1559c1ac49795a30881a,69cfb2bf8bc181dc1de1e09f0c7477a1a5de7585,elasticnet_corrected_69cfb2bf8bc1_6ed147cd_f83baf57
ElasticNet,3,3,2023-08-22,2023-08-25,10.69,12.521108470385192,1.8311084703851925,1.8311084703851925,3.3529582303163994,1.0,0.5,enet_a1.0_l0.5,submitted_main_linear_features_H3_18col,6ed147cd585e5e8083292683f9be3cf585e97e4d46fa0e3224d24a4e2b42cbbb,f83baf5732ffbf88b9a448a3d9ab9fa270f7495fe44d1559c1ac49795a30881a,69cfb2bf8bc181dc1de1e09f0c7477a1a5de7585,elasticnet_corrected_69cfb2bf8bc1_6ed147cd_f83baf57
ElasticNet,3,3,2023-08-23,2023-08-26,14.03,12.630971034081453,-1.3990289659185464,1.3990289659185464,1.9572820474791173,1.0,0.5,enet_a1.0_l0.5,submitted_main_linear_features_H3_18col,6ed147cd585e5e8083292683f9be3cf585e97e4d46fa0e3224d24a4e2b42cbbb,f83baf5732ffbf88b9a448a3d9ab9fa270f7495fe44d1559c1ac49795a30881a,69cfb2bf8bc181dc1de1e09f0c7477a1a5de7585,elasticnet_corrected_69cfb2bf8bc1_6ed147cd_f83baf57
ElasticNet,3,3,2023-08-24,2023-08-27,14.14,12.888457156623328,-1.2515428433766722,1.2515428433766722,1.5663594888073655,1.0,0.5,enet_a1.0_l0.5,submitted_main_linear_features_H3_18col,6ed147cd585e5e8083292683f9be3cf585e97e4d46fa0e3224d24a4e2b42cbbb,f83baf5732ffbf88b9a448a3d9ab9fa270f7495fe44d1559c1ac49795a30881a,69cfb2bf8bc181dc1de1e09f0c7477a1a5de7585,elasticnet_corrected_69cfb2bf8bc1_6ed147cd_f83baf57
ElasticNet,3,3,2023-08-25,2023-08-28,14.38,12.775320770456583,-1.604679229543418,1.604679229543418,2.5749954297280575,1.0,0.5,enet_a1.0_l0.5,submitted_main_linear_features_H3_18col,6ed147cd585e5e8083292683f9be3cf585e97e4d46fa0e3224d24a4e2b42cbbb,f83baf5732ffbf88b9a448a3d9ab9fa270f7495fe44d1559c1ac49795a30881a,69cfb2bf8bc181dc1de1e09f0c7477a1a5de7585,elasticnet_corrected_69cfb2bf8bc1_6ed147cd_f83baf57
ElasticNet,3,3,2023-08-26,2023-08-29,17.3,12.406879647904049,-4.893120352095952,4.893120352095952,23.942626780095615,1.0,0.5,enet_a1.0_l0.5,submitted_main_linear_features_H3_18col,6ed147cd585e5e8083292683f9be3cf585e97e4d46fa0e3224d24a4e2b42cbbb,f83baf5732ffbf88b9a448a3d9ab9fa270f7495fe44d1559c1ac49795a30881a,69cfb2bf8bc181dc1de1e09f0c7477a1a5de7585,elasticnet_corrected_69cfb2bf8bc1_6ed147cd_f83baf57
ElasticNet,3,3,2023-08-27,2023-08-30,17.08,12.691221699551603,-4.388778300448395,4.388778300448395,19.261374970486706,1.0,0.5,enet_a1.0_l0.5,submitted_main_linear_features_H3_18col,6ed147cd585e5e8083292683f9be3cf585e97e4d46fa0e3224d24a4e2b42cbbb,f83baf5732ffbf88b9a448a3d9ab9fa270f7495fe44d1559c1ac49795a30881a,69cfb2bf8bc181dc1de1e09f0c7477a1a5de7585,elasticnet_corrected_69cfb2bf8bc1_6ed147cd_f83baf57
ElasticNet,3,3,2023-08-28,2023-08-31,15.88,12.746621874096013,-3.133378125903988,3.133378125903988,9.818058479893589,1.0,0.5,enet_a1.0_l0.5,submitted_main_linear_features_H3_18col,6ed147cd585e5e8083292683f9be3cf585e97e4d46fa0e3224d24a4e2b42cbbb,f83baf5732ffbf88b9a448a3d9ab9fa270f7495fe44d1559c1ac49795a30881a,69cfb2bf8bc181dc1de1e09f0c7477a1a5de7585,elasticnet_corrected_69cfb2bf8bc1_6ed147cd_f83baf57
ElasticNet,3,3,2023-08-29,2023-09-01,13.38,12.79239471533314,-0.5876052846668607,0.5876052846668607,0.34527997056842236,1.0,0.5,enet_a1.0_l0.5,submitted_main_linear_features_H3_18col,6ed147cd585e5e8083292683f9be3cf585e97e4d46fa0e3224d24a4e2b42cbbb,f83baf5732ffbf88b9a448a3d9ab9fa270f7495fe44d1559c1ac49795a30881a,69cfb2bf8bc181dc1de1e09f0c7477a1a5de7585,elasticnet_corrected_69cfb2bf8bc1_6ed147cd_f83baf57
ElasticNet,3,3,2023-08-30,2023-09-02,12.42,13.071839086075233,0.651839086075233,0.651839086075233,0.42489419413539503,1.0,0.5,enet_a1.0_l0.5,submitted_main_linear_features_H3_18col,6ed147cd585e5e8083292683f9be3cf585e97e4d46fa0e3224d24a4e2b42cbbb,f83baf5732ffbf88b9a448a3d9ab9fa270f7495fe44d1559c1ac49795a30881a,69cfb2bf8bc181dc1de1e09f0c7477a1a5de7585,elasticnet_corrected_69cfb2bf8bc1_6ed147cd_f83baf57
ElasticNet,3,3,2023-08-31,2023-09-03,12.66,13.066109969981207,0.4061099699812072,0.4061099699812072,0.16492530771813702,1.0,0.5,enet_a1.0_l0.5,submitted_main_linear_features_H3_18col,6ed147cd585e5e8083292683f9be3cf585e97e4d46fa0e3224d24a4e2b42cbbb,f83baf5732ffbf88b9a448a3d9ab9fa270f7495fe44d1559c1ac49795a30881a,69cfb2bf8bc181dc1de1e09f0c7477a1a5de7585,elasticnet_corrected_69cfb2bf8bc1_6ed147cd_f83baf57
ElasticNet,3,3,2023-09-01,2023-09-04,14.93,13.001718845433441,-1.9282811545665588,1.9282811545665588,3.718268211056541,1.0,0.5,enet_a1.0_l0.5,submitted_main_linear_features_H3_18col,6ed147cd585e5e8083292683f9be3cf585e97e4d46fa0e3224d24a4e2b42cbbb,f83baf5732ffbf88b9a448a3d9ab9fa270f7495fe44d1559c1ac49795a30881a,69cfb2bf8bc181dc1de1e09f0c7477a1a5de7585,elasticnet_corrected_69cfb2bf8bc1_6ed147cd_f83baf57
ElasticNet,3,3,2023-09-02,2023-09-05,11.88,12.857792698687103,0.977792698687102,0.977792698687102,0.9560785616058057,1.0,0.5,enet_a1.0_l0.5,submitted_main_linear_features_H3_18col,6ed147cd585e5e8083292683f9be3cf585e97e4d46fa0e3224d24a4e2b42cbbb,f83baf5732ffbf88b9a448a3d9ab9fa270f7495fe44d1559c1ac49795a30881a,69cfb2bf8bc181dc1de1e09f0c7477a1a5de7585,elasticnet_corrected_69cfb2bf8bc1_6ed147cd_f83baf57
ElasticNet,3,3,2023-09-03,2023-09-06,12.06,12.760847797524788,0.7008477975247871,0.7008477975247871,0.491187635295345,1.0,0.5,enet_a1.0_l0.5,submitted_main_linear_features_H3_18col,6ed147cd585e5e8083292683f9be3cf585e97e4d46fa0e3224d24a4e2b42cbbb,f83baf5732ffbf88b9a448a3d9ab9fa270f7495fe44d1559c1ac49795a30881a,69cfb2bf8bc181dc1de1e09f0c7477a1a5de7585,elasticnet_corrected_69cfb2bf8bc1_6ed147cd_f83baf57
ElasticNet,3,3,2023-09-04,2023-09-07,13.74,12.755905089723322,-0.9840949102766778,0.9840949102766778,0.9684427924324626,1.0,0.5,enet_a1.0_l0.5,submitted_main_linear_features_H3_18col,6ed147cd585e5e8083292683f9be3cf585e97e4d46fa0e3224d24a4e2b42cbbb,f83baf5732ffbf88b9a448a3d9ab9fa270f7495fe44d1559c1ac49795a30881a,69cfb2bf8bc181dc1de1e09f0c7477a1a5de7585,elasticnet_corrected_69cfb2bf8bc1_6ed147cd_f83baf57
ElasticNet,3,3,2023-09-05,2023-09-08,14.08,12.935668230312505,-1.1443317696874953,1.1443317696874953,1.3094951991161148,1.0,0.5,enet_a1.0_l0.5,submitted_main_linear_features_H3_18col,6ed147cd585e5e8083292683f9be3cf585e97e4d46fa0e3224d24a4e2b42cbbb,f83baf5732ffbf88b9a448a3d9ab9fa270f7495fe44d1559c1ac49795a30881a,69cfb2bf8bc181dc1de1e09f0c7477a1a5de7585,elasticnet_corrected_69cfb2bf8bc1_6ed147cd_f83baf57
ElasticNet,3,3,2023-09-06,2023-09-09,12.62,12.619372791551145,-0.0006272084488543328,0.0006272084488543328,3.9339043831425823e-07,1.0,0.5,enet_a1.0_l0.5,submitted_main_linear_features_H3_18col,6ed147cd585e5e8083292683f9be3cf585e97e4d46fa0e3224d24a4e2b42cbbb,f83baf5732ffbf88b9a448a3d9ab9fa270f7495fe44d1559c1ac49795a30881a,69cfb2bf8bc181dc1de1e09f0c7477a1a5de7585,elasticnet_corrected_69cfb2bf8bc1_6ed147cd_f83baf57
ElasticNet,3,3,2023-09-07,2023-09-10,13.06,12.547709442711838,-0.5122905572881624,0.5122905572881624,0.262441615086616,1.0,0.5,enet_a1.0_l0.5,submitted_main_linear_features_H3_18col,6ed147cd585e5e8083292683f9be3cf585e97e4d46fa0e3224d24a4e2b42cbbb,f83baf5732ffbf88b9a448a3d9ab9fa270f7495fe44d1559c1ac49795a30881a,69cfb2bf8bc181dc1de1e09f0c7477a1a5de7585,elasticnet_corrected_69cfb2bf8bc1_6ed147cd_f83baf57
ElasticNet,3,3,2023-09-08,2023-09-11,12.67,12.637445926332017,-0.03255407366798302,0.03255407366798302,0.0010597677123804655,1.0,0.5,enet_a1.0_l0.5,submitted_main_linear_features_H3_18col,6ed147cd585e5e8083292683f9be3cf585e97e4d46fa0e3224d24a4e2b42cbbb,f83baf5732ffbf88b9a448a3d9ab9fa270f7495fe44d1559c1ac49795a30881a,69cfb2bf8bc181dc1de1e09f0c7477a1a5de7585,elasticnet_corrected_69cfb2bf8bc1_6ed147cd_f83baf57
ElasticNet,3,3,2023-09-09,2023-09-12,15.7,12.67705253661506,-3.0229474633849396,3.0229474633849396,9.138211366385441,1.0,0.5,enet_a1.0_l0.5,submitted_main_linear_features_H3_18col,6ed147cd585e5e8083292683f9be3cf585e97e4d46fa0e3224d24a4e2b42cbbb,f83baf5732ffbf88b9a448a3d9ab9fa270f7495fe44d1559c1ac49795a30881a,69cfb2bf8bc181dc1de1e09f0c7477a1a5de7585,elasticnet_corrected_69cfb2bf8bc1_6ed147cd_f83baf57
ElasticNet,3,3,2023-09-10,2023-09-13,14.26,12.57081548253746,-1.6891845174625395,1.6891845174625395,2.8533443340351523,1.0,0.5,enet_a1.0_l0.5,submitted_main_linear_features_H3_18col,6ed147cd585e5e8083292683f9be3cf585e97e4d46fa0e3224d24a4e2b42cbbb,f83baf5732ffbf88b9a448a3d9ab9fa270f7495fe44d1559c1ac49795a30881a,69cfb2bf8bc181dc1de1e09f0c7477a1a5de7585,elasticnet_corrected_69cfb2bf8bc1_6ed147cd_f83baf57
ElasticNet,3,3,2023-09-11,2023-09-14,12.28,12.60941750206108,0.3294175020610801,0.3294175020610801,0.10851589066416172,1.0,0.5,enet_a1.0_l0.5,submitted_main_linear_features_H3_18col,6ed147cd585e5e8083292683f9be3cf585e97e4d46fa0e3224d24a4e2b42cbbb,f83baf5732ffbf88b9a448a3d9ab9fa270f7495fe44d1559c1ac49795a30881a,69cfb2bf8bc181dc1de1e09f0c7477a1a5de7585,elasticnet_corrected_69cfb2bf8bc1_6ed147cd_f83baf57
ElasticNet,3,3,2023-09-12,2023-09-15,12.04,12.542516524843878,0.5025165248438785,0.5025165248438785,0.2525228577411684,1.0,0.5,enet_a1.0_l0.5,submitted_main_linear_features_H3_18col,6ed147cd585e5e8083292683f9be3cf585e97e4d46fa0e3224d24a4e2b42cbbb,f83baf5732ffbf88b9a448a3d9ab9fa270f7495fe44d1559c1ac49795a30881a,69cfb2bf8bc181dc1de1e09f0c7477a1a5de7585,elasticnet_corrected_69cfb2bf8bc1_6ed147cd_f83baf57
ElasticNet,3,3,2023-09-13,2023-09-16,9.19,12.82897832646698,3.6389783264669813,3.6389783264669813,13.242163260496431,1.0,0.5,enet_a1.0_l0.5,submitted_main_linear_features_H3_18col,6ed147cd585e5e8083292683f9be3cf585e97e4d46fa0e3224d24a4e2b42cbbb,f83baf5732ffbf88b9a448a3d9ab9fa270f7495fe44d1559c1ac49795a30881a,69cfb2bf8bc181dc1de1e09f0c7477a1a5de7585,elasticnet_corrected_69cfb2bf8bc1_6ed147cd_f83baf57
ElasticNet,3,3,2023-09-14,2023-09-17,10.2,12.75564102037079,2.555641020370791,2.555641020370791,6.5313010250018575,1.0,0.5,enet_a1.0_l0.5,submitted_main_linear_features_H3_18col,6ed147cd585e5e8083292683f9be3cf585e97e4d46fa0e3224d24a4e2b42cbbb,f83baf5732ffbf88b9a448a3d9ab9fa270f7495fe44d1559c1ac49795a30881a,69cfb2bf8bc181dc1de1e09f0c7477a1a5de7585,elasticnet_corrected_69cfb2bf8bc1_6ed147cd_f83baf57
ElasticNet,3,3,2023-09-15,2023-09-18,7.15,12.581985214294512,5.431985214294512,5.431985214294512,29.506463368314193,1.0,0.5,enet_a1.0_l0.5,submitted_main_linear_features_H3_18col,6ed147cd585e5e8083292683f9be3cf585e97e4d46fa0e3224d24a4e2b42cbbb,f83baf5732ffbf88b9a448a3d9ab9fa270f7495fe44d1559c1ac49795a30881a,69cfb2bf8bc181dc1de1e09f0c7477a1a5de7585,elasticnet_corrected_69cfb2bf8bc1_6ed147cd_f83baf57
ElasticNet,3,3,2023-09-16,2023-09-19,12.17,12.530119778196143,0.36011977819614316,0.36011977819614316,0.12968625464803935,1.0,0.5,enet_a1.0_l0.5,submitted_main_linear_features_H3_18col,6ed147cd585e5e8083292683f9be3cf585e97e4d46fa0e3224d24a4e2b42cbbb,f83baf5732ffbf88b9a448a3d9ab9fa270f7495fe44d1559c1ac49795a30881a,69cfb2bf8bc181dc1de1e09f0c7477a1a5de7585,elasticnet_corrected_69cfb2bf8bc1_6ed147cd_f83baf57
ElasticNet,3,3,2023-09-17,2023-09-20,11.05,12.26000766507405,1.21000766507405,1.21000766507405,1.4641185495379547,1.0,0.5,enet_a1.0_l0.5,submitted_main_linear_features_H3_18col,6ed147cd585e5e8083292683f9be3cf585e97e4d46fa0e3224d24a4e2b42cbbb,f83baf5732ffbf88b9a448a3d9ab9fa270f7495fe44d1559c1ac49795a30881a,69cfb2bf8bc181dc1de1e09f0c7477a1a5de7585,elasticnet_corrected_69cfb2bf8bc1_6ed147cd_f83baf57
ElasticNet,3,3,2023-09-18,2023-09-21,11.64,12.286887423485652,0.6468874234856514,0.6468874234856514,0.4184633386639045,1.0,0.5,enet_a1.0_l0.5,submitted_main_linear_features_H3_18col,6ed147cd585e5e8083292683f9be3cf585e97e4d46fa0e3224d24a4e2b42cbbb,f83baf5732ffbf88b9a448a3d9ab9fa270f7495fe44d1559c1ac49795a30881a,69cfb2bf8bc181dc1de1e09f0c7477a1a5de7585,elasticnet_corrected_69cfb2bf8bc1_6ed147cd_f83baf57
ElasticNet,3,3,2023-09-19,2023-09-22,11.64,11.964276294213523,0.3242762942135222,0.3242762942135222,0.10515511498885483,1.0,0.5,enet_a1.0_l0.5,submitted_main_linear_features_H3_18col,6ed147cd585e5e8083292683f9be3cf585e97e4d46fa0e3224d24a4e2b42cbbb,f83baf5732ffbf88b9a448a3d9ab9fa270f7495fe44d1559c1ac49795a30881a,69cfb2bf8bc181dc1de1e09f0c7477a1a5de7585,elasticnet_corrected_69cfb2bf8bc1_6ed147cd_f83baf57
ElasticNet,3,3,2023-09-20,2023-09-23,10.4,12.280715681968081,1.8807156819680806,1.8807156819680806,3.5370914764006622,1.0,0.5,enet_a1.0_l0.5,submitted_main_linear_features_H3_18col,6ed147cd585e5e8083292683f9be3cf585e97e4d46fa0e3224d24a4e2b42cbbb,f83baf5732ffbf88b9a448a3d9ab9fa270f7495fe44d1559c1ac49795a30881a,69cfb2bf8bc181dc1de1e09f0c7477a1a5de7585,elasticnet_corrected_69cfb2bf8bc1_6ed147cd_f83baf57
ElasticNet,3,3,2023-09-21,2023-09-24,9.74,12.14463324431427,2.4046332443142706,2.4046332443142706,5.782261039661375,1.0,0.5,enet_a1.0_l0.5,submitted_main_linear_features_H3_18col,6ed147cd585e5e8083292683f9be3cf585e97e4d46fa0e3224d24a4e2b42cbbb,f83baf5732ffbf88b9a448a3d9ab9fa270f7495fe44d1559c1ac49795a30881a,69cfb2bf8bc181dc1de1e09f0c7477a1a5de7585,elasticnet_corrected_69cfb2bf8bc1_6ed147cd_f83baf57
ElasticNet,3,3,2023-09-22,2023-09-25,12.97,12.17667394695616,-0.79332605304384,0.79332605304384,0.6293662264381176,1.0,0.5,enet_a1.0_l0.5,submitted_main_linear_features_H3_18col,6ed147cd585e5e8083292683f9be3cf585e97e4d46fa0e3224d24a4e2b42cbbb,f83baf5732ffbf88b9a448a3d9ab9fa270f7495fe44d1559c1ac49795a30881a,69cfb2bf8bc181dc1de1e09f0c7477a1a5de7585,elasticnet_corrected_69cfb2bf8bc1_6ed147cd_f83baf57
ElasticNet,3,3,2023-09-23,2023-09-26,15.56,12.168463887931793,-3.3915361120682075,3.3915361120682075,11.502517199462734,1.0,0.5,enet_a1.0_l0.5,submitted_main_linear_features_H3_18col,6ed147cd585e5e8083292683f9be3cf585e97e4d46fa0e3224d24a4e2b42cbbb,f83baf5732ffbf88b9a448a3d9ab9fa270f7495fe44d1559c1ac49795a30881a,69cfb2bf8bc181dc1de1e09f0c7477a1a5de7585,elasticnet_corrected_69cfb2bf8bc1_6ed147cd_f83baf57
ElasticNet,3,3,2023-09-24,2023-09-27,17.56,12.094387030117634,-5.465612969882365,5.465612969882365,29.872925136546325,1.0,0.5,enet_a1.0_l0.5,submitted_main_linear_features_H3_18col,6ed147cd585e5e8083292683f9be3cf585e97e4d46fa0e3224d24a4e2b42cbbb,f83baf5732ffbf88b9a448a3d9ab9fa270f7495fe44d1559c1ac49795a30881a,69cfb2bf8bc181dc1de1e09f0c7477a1a5de7585,elasticnet_corrected_69cfb2bf8bc1_6ed147cd_f83baf57
ElasticNet,3,3,2023-09-25,2023-09-28,16.58,12.035409578951235,-4.544590421048763,4.544590421048763,20.653302095088176,1.0,0.5,enet_a1.0_l0.5,submitted_main_linear_features_H3_18col,6ed147cd585e5e8083292683f9be3cf585e97e4d46fa0e3224d24a4e2b42cbbb,f83baf5732ffbf88b9a448a3d9ab9fa270f7495fe44d1559c1ac49795a30881a,69cfb2bf8bc181dc1de1e09f0c7477a1a5de7585,elasticnet_corrected_69cfb2bf8bc1_6ed147cd_f83baf57
ElasticNet,3,3,2023-09-26,2023-09-29,16.36,12.370805579449252,-3.9891944205507475,3.9891944205507475,15.913672124953214,1.0,0.5,enet_a1.0_l0.5,submitted_main_linear_features_H3_18col,6ed147cd585e5e8083292683f9be3cf585e97e4d46fa0e3224d24a4e2b42cbbb,f83baf5732ffbf88b9a448a3d9ab9fa270f7495fe44d1559c1ac49795a30881a,69cfb2bf8bc181dc1de1e09f0c7477a1a5de7585,elasticnet_corrected_69cfb2bf8bc1_6ed147cd_f83baf57
ElasticNet,3,3,2023-09-27,2023-09-30,15.98,12.618722324975902,-3.3612776750240982,3.3612776750240982,11.298187608615407,1.0,0.5,enet_a1.0_l0.5,submitted_main_linear_features_H3_18col,6ed147cd585e5e8083292683f9be3cf585e97e4d46fa0e3224d24a4e2b42cbbb,f83baf5732ffbf88b9a448a3d9ab9fa270f7495fe44d1559c1ac49795a30881a,69cfb2bf8bc181dc1de1e09f0c7477a1a5de7585,elasticnet_corrected_69cfb2bf8bc1_6ed147cd_f83baf57
ElasticNet,3,3,2023-09-28,2023-10-01,10.13,12.87624863972563,2.7462486397256285,2.7462486397256285,7.541881591194865,1.0,0.5,enet_a1.0_l0.5,submitted_main_linear_features_H3_18col,6ed147cd585e5e8083292683f9be3cf585e97e4d46fa0e3224d24a4e2b42cbbb,f83baf5732ffbf88b9a448a3d9ab9fa270f7495fe44d1559c1ac49795a30881a,69cfb2bf8bc181dc1de1e09f0c7477a1a5de7585,elasticnet_corrected_69cfb2bf8bc1_6ed147cd_f83baf57
ElasticNet,3,3,2023-09-29,2023-10-02,10.34,12.887384602086728,2.547384602086728,2.547384602086728,6.489168310948558,1.0,0.5,enet_a1.0_l0.5,submitted_main_linear_features_H3_18col,6ed147cd585e5e8083292683f9be3cf585e97e4d46fa0e3224d24a4e2b42cbbb,f83baf5732ffbf88b9a448a3d9ab9fa270f7495fe44d1559c1ac49795a30881a,69cfb2bf8bc181dc1de1e09f0c7477a1a5de7585,elasticnet_corrected_69cfb2bf8bc1_6ed147cd_f83baf57
ElasticNet,3,3,2023-09-30,2023-10-03,15.53,12.951486679524525,-2.5785133204754747,2.5785133204754747,6.648730943869458,1.0,0.5,enet_a1.0_l0.5,submitted_main_linear_features_H3_18col,6ed147cd585e5e8083292683f9be3cf585e97e4d46fa0e3224d24a4e2b42cbbb,f83baf5732ffbf88b9a448a3d9ab9fa270f7495fe44d1559c1ac49795a30881a,69cfb2bf8bc181dc1de1e09f0c7477a1a5de7585,elasticnet_corrected_69cfb2bf8bc1_6ed147cd_f83baf57
ElasticNet,3,3,2023-10-01,2023-10-04,17.11,13.019647011878254,-4.0903529881217455,4.0903529881217455,16.730987567436493,1.0,0.5,enet_a1.0_l0.5,submitted_main_linear_features_H3_18col,6ed147cd585e5e8083292683f9be3cf585e97e4d46fa0e3224d24a4e2b42cbbb,f83baf5732ffbf88b9a448a3d9ab9fa270f7495fe44d1559c1ac49795a30881a,69cfb2bf8bc181dc1de1e09f0c7477a1a5de7585,elasticnet_corrected_69cfb2bf8bc1_6ed147cd_f83baf57
ElasticNet,3,3,2023-10-02,2023-10-05,17.09,12.591059555523778,-4.498940444476222,4.498940444476222,20.240465122943906,1.0,0.5,enet_a1.0_l0.5,submitted_main_linear_features_H3_18col,6ed147cd585e5e8083292683f9be3cf585e97e4d46fa0e3224d24a4e2b42cbbb,f83baf5732ffbf88b9a448a3d9ab9fa270f7495fe44d1559c1ac49795a30881a,69cfb2bf8bc181dc1de1e09f0c7477a1a5de7585,elasticnet_corrected_69cfb2bf8bc1_6ed147cd_f83baf57
ElasticNet,3,3,2023-10-03,2023-10-06,14.6,12.566690407407835,-2.0333095925921647,2.0333095925921647,4.134347899327315,1.0,0.5,enet_a1.0_l0.5,submitted_main_linear_features_H3_18col,6ed147cd585e5e8083292683f9be3cf585e97e4d46fa0e3224d24a4e2b42cbbb,f83baf5732ffbf88b9a448a3d9ab9fa270f7495fe44d1559c1ac49795a30881a,69cfb2bf8bc181dc1de1e09f0c7477a1a5de7585,elasticnet_corrected_69cfb2bf8bc1_6ed147cd_f83baf57
ElasticNet,3,3,2023-10-04,2023-10-07,15.72,12.955157858184508,-2.7648421418154925,2.7648421418154925,7.64435206915888,1.0,0.5,enet_a1.0_l0.5,submitted_main_linear_features_H3_18col,6ed147cd585e5e8083292683f9be3cf585e97e4d46fa0e3224d24a4e2b42cbbb,f83baf5732ffbf88b9a448a3d9ab9fa270f7495fe44d1559c1ac49795a30881a,69cfb2bf8bc181dc1de1e09f0c7477a1a5de7585,elasticnet_corrected_69cfb2bf8bc1_6ed147cd_f83baf57
ElasticNet,3,3,2023-10-05,2023-10-08,16.32,13.070437108758505,-3.2495628912414958,3.2495628912414958,10.559658984133788,1.0,0.5,enet_a1.0_l0.5,submitted_main_linear_features_H3_18col,6ed147cd585e5e8083292683f9be3cf585e97e4d46fa0e3224d24a4e2b42cbbb,f83baf5732ffbf88b9a448a3d9ab9fa270f7495fe44d1559c1ac49795a30881a,69cfb2bf8bc181dc1de1e09f0c7477a1a5de7585,elasticnet_corrected_69cfb2bf8bc1_6ed147cd_f83baf57
ElasticNet,3,3,2023-10-06,2023-10-09,13.67,13.081837211350038,-0.5881627886499619,0.5881627886499619,0.3459354659524997,1.0,0.5,enet_a1.0_l0.5,submitted_main_linear_features_H3_18col,6ed147cd585e5e8083292683f9be3cf585e97e4d46fa0e3224d24a4e2b42cbbb,f83baf5732ffbf88b9a448a3d9ab9fa270f7495fe44d1559c1ac49795a30881a,69cfb2bf8bc181dc1de1e09f0c7477a1a5de7585,elasticnet_corrected_69cfb2bf8bc1_6ed147cd_f83baf57
ElasticNet,3,3,2023-10-07,2023-10-10,11.98,12.87060986977322,0.8906098697732201,0.8906098697732201,0.793185940137472,1.0,0.5,enet_a1.0_l0.5,submitted_main_linear_features_H3_18col,6ed147cd585e5e8083292683f9be3cf585e97e4d46fa0e3224d24a4e2b42cbbb,f83baf5732ffbf88b9a448a3d9ab9fa270f7495fe44d1559c1ac49795a30881a,69cfb2bf8bc181dc1de1e09f0c7477a1a5de7585,elasticnet_corrected_69cfb2bf8bc1_6ed147cd_f83baf57
ElasticNet,3,3,2023-10-08,2023-10-11,10.32,12.954173576644612,2.6341735766446117,2.6341735766446117,6.938870431892666,1.0,0.5,enet_a1.0_l0.5,submitted_main_linear_features_H3_18col,6ed147cd585e5e8083292683f9be3cf585e97e4d46fa0e3224d24a4e2b42cbbb,f83baf5732ffbf88b9a448a3d9ab9fa270f7495fe44d1559c1ac49795a30881a,69cfb2bf8bc181dc1de1e09f0c7477a1a5de7585,elasticnet_corrected_69cfb2bf8bc1_6ed147cd_f83baf57
ElasticNet,3,3,2023-10-09,2023-10-12,17.41,13.104978386567137,-4.305021613432864,4.305021613432864,18.533211092124095,1.0,0.5,enet_a1.0_l0.5,submitted_main_linear_features_H3_18col,6ed147cd585e5e8083292683f9be3cf585e97e4d46fa0e3224d24a4e2b42cbbb,f83baf5732ffbf88b9a448a3d9ab9fa270f7495fe44d1559c1ac49795a30881a,69cfb2bf8bc181dc1de1e09f0c7477a1a5de7585,elasticnet_corrected_69cfb2bf8bc1_6ed147cd_f83baf57
ElasticNet,3,3,2023-10-10,2023-10-13,17.69,12.96283837522059,-4.727161624779411,4.727161624779411,22.346057026787122,1.0,0.5,enet_a1.0_l0.5,submitted_main_linear_features_H3_18col,6ed147cd585e5e8083292683f9be3cf585e97e4d46fa0e3224d24a4e2b42cbbb,f83baf5732ffbf88b9a448a3d9ab9fa270f7495fe44d1559c1ac49795a30881a,69cfb2bf8bc181dc1de1e09f0c7477a1a5de7585,elasticnet_corrected_69cfb2bf8bc1_6ed147cd_f83baf57
ElasticNet,3,3,2023-10-11,2023-10-14,16.43,12.77677969041853,-3.653220309581469,3.653220309581469,13.346018630338525,1.0,0.5,enet_a1.0_l0.5,submitted_main_linear_features_H3_18col,6ed147cd585e5e8083292683f9be3cf585e97e4d46fa0e3224d24a4e2b42cbbb,f83baf5732ffbf88b9a448a3d9ab9fa270f7495fe44d1559c1ac49795a30881a,69cfb2bf8bc181dc1de1e09f0c7477a1a5de7585,elasticnet_corrected_69cfb2bf8bc1_6ed147cd_f83baf57
ElasticNet,3,3,2023-10-12,2023-10-15,16.92,12.53733104631155,-4.3826689536884516,4.3826689536884516,19.207787157624626,1.0,0.5,enet_a1.0_l0.5,submitted_main_linear_features_H3_18col,6ed147cd585e5e8083292683f9be3cf585e97e4d46fa0e3224d24a4e2b42cbbb,f83baf5732ffbf88b9a448a3d9ab9fa270f7495fe44d1559c1ac49795a30881a,69cfb2bf8bc181dc1de1e09f0c7477a1a5de7585,elasticnet_corrected_69cfb2bf8bc1_6ed147cd_f83baf57
ElasticNet,3,3,2023-10-13,2023-10-16,16.98,13.070789820269962,-3.9092101797300387,3.9092101797300387,15.28192422930496,1.0,0.5,enet_a1.0_l0.5,submitted_main_linear_features_H3_18col,6ed147cd585e5e8083292683f9be3cf585e97e4d46fa0e3224d24a4e2b42cbbb,f83baf5732ffbf88b9a448a3d9ab9fa270f7495fe44d1559c1ac49795a30881a,69cfb2bf8bc181dc1de1e09f0c7477a1a5de7585,elasticnet_corrected_69cfb2bf8bc1_6ed147cd_f83baf57
ElasticNet,3,3,2023-10-14,2023-10-17,16.64,13.1431777148736,-3.4968222851264006,3.4968222851264006,12.227766093756623,1.0,0.5,enet_a1.0_l0.5,submitted_main_linear_features_H3_18col,6ed147cd585e5e8083292683f9be3cf585e97e4d46fa0e3224d24a4e2b42cbbb,f83baf5732ffbf88b9a448a3d9ab9fa270f7495fe44d1559c1ac49795a30881a,69cfb2bf8bc181dc1de1e09f0c7477a1a5de7585,elasticnet_corrected_69cfb2bf8bc1_6ed147cd_f83baf57
ElasticNet,3,3,2023-10-15,2023-10-18,16.4,13.061605721583073,-3.338394278416926,3.338394278416926,11.144876358166869,1.0,0.5,enet_a1.0_l0.5,submitted_main_linear_features_H3_18col,6ed147cd585e5e8083292683f9be3cf585e97e4d46fa0e3224d24a4e2b42cbbb,f83baf5732ffbf88b9a448a3d9ab9fa270f7495fe44d1559c1ac49795a30881a,69cfb2bf8bc181dc1de1e09f0c7477a1a5de7585,elasticnet_corrected_69cfb2bf8bc1_6ed147cd_f83baf57
ElasticNet,3,3,2023-10-16,2023-10-19,16.8,13.113465385352153,-3.6865346146478473,3.6865346146478473,13.590537464996752,1.0,0.5,enet_a1.0_l0.5,submitted_main_linear_features_H3_18col,6ed147cd585e5e8083292683f9be3cf585e97e4d46fa0e3224d24a4e2b42cbbb,f83baf5732ffbf88b9a448a3d9ab9fa270f7495fe44d1559c1ac49795a30881a,69cfb2bf8bc181dc1de1e09f0c7477a1a5de7585,elasticnet_corrected_69cfb2bf8bc1_6ed147cd_f83baf57
ElasticNet,3,3,2023-10-17,2023-10-20,17.82,13.177301172121723,-4.642698827878277,4.642698827878277,21.55465240638233,1.0,0.5,enet_a1.0_l0.5,submitted_main_linear_features_H3_18col,6ed147cd585e5e8083292683f9be3cf585e97e4d46fa0e3224d24a4e2b42cbbb,f83baf5732ffbf88b9a448a3d9ab9fa270f7495fe44d1559c1ac49795a30881a,69cfb2bf8bc181dc1de1e09f0c7477a1a5de7585,elasticnet_corrected_69cfb2bf8bc1_6ed147cd_f83baf57
ElasticNet,3,3,2023-10-18,2023-10-21,16.32,13.228931214657875,-3.0910687853421255,3.0910687853421255,9.554706235716443,1.0,0.5,enet_a1.0_l0.5,submitted_main_linear_features_H3_18col,6ed147cd585e5e8083292683f9be3cf585e97e4d46fa0e3224d24a4e2b42cbbb,f83baf5732ffbf88b9a448a3d9ab9fa270f7495fe44d1559c1ac49795a30881a,69cfb2bf8bc181dc1de1e09f0c7477a1a5de7585,elasticnet_corrected_69cfb2bf8bc1_6ed147cd_f83baf57
ElasticNet,3,3,2023-10-19,2023-10-22,13.3,13.309643427890096,0.009643427890095424,0.009643427890095424,9.299570147147028e-05,1.0,0.5,enet_a1.0_l0.5,submitted_main_linear_features_H3_18col,6ed147cd585e5e8083292683f9be3cf585e97e4d46fa0e3224d24a4e2b42cbbb,f83baf5732ffbf88b9a448a3d9ab9fa270f7495fe44d1559c1ac49795a30881a,69cfb2bf8bc181dc1de1e09f0c7477a1a5de7585,elasticnet_corrected_69cfb2bf8bc1_6ed147cd_f83baf57
ElasticNet,3,3,2023-10-20,2023-10-23,15.79,13.329474709655958,-2.460525290344041,2.460525290344041,6.054184704422627,1.0,0.5,enet_a1.0_l0.5,submitted_main_linear_features_H3_18col,6ed147cd585e5e8083292683f9be3cf585e97e4d46fa0e3224d24a4e2b42cbbb,f83baf5732ffbf88b9a448a3d9ab9fa270f7495fe44d1559c1ac49795a30881a,69cfb2bf8bc181dc1de1e09f0c7477a1a5de7585,elasticnet_corrected_69cfb2bf8bc1_6ed147cd_f83baf57
ElasticNet,3,3,2023-10-21,2023-10-24,15.18,13.41025664645199,-1.7697433535480105,1.7697433535480105,3.1319915374273584,1.0,0.5,enet_a1.0_l0.5,submitted_main_linear_features_H3_18col,6ed147cd585e5e8083292683f9be3cf585e97e4d46fa0e3224d24a4e2b42cbbb,f83baf5732ffbf88b9a448a3d9ab9fa270f7495fe44d1559c1ac49795a30881a,69cfb2bf8bc181dc1de1e09f0c7477a1a5de7585,elasticnet_corrected_69cfb2bf8bc1_6ed147cd_f83baf57
ElasticNet,3,3,2023-10-22,2023-10-25,17.23,13.29760679105646,-3.932393208943541,3.932393208943541,15.46371634974528,1.0,0.5,enet_a1.0_l0.5,submitted_main_linear_features_H3_18col,6ed147cd585e5e8083292683f9be3cf585e97e4d46fa0e3224d24a4e2b42cbbb,f83baf5732ffbf88b9a448a3d9ab9fa270f7495fe44d1559c1ac49795a30881a,69cfb2bf8bc181dc1de1e09f0c7477a1a5de7585,elasticnet_corrected_69cfb2bf8bc1_6ed147cd_f83baf57
ElasticNet,3,3,2023-10-23,2023-10-26,17.98,13.011918034164182,-4.968081965835818,4.968081965835818,24.681838419263087,1.0,0.5,enet_a1.0_l0.5,submitted_main_linear_features_H3_18col,6ed147cd585e5e8083292683f9be3cf585e97e4d46fa0e3224d24a4e2b42cbbb,f83baf5732ffbf88b9a448a3d9ab9fa270f7495fe44d1559c1ac49795a30881a,69cfb2bf8bc181dc1de1e09f0c7477a1a5de7585,elasticnet_corrected_69cfb2bf8bc1_6ed147cd_f83baf57
ElasticNet,3,3,2023-10-24,2023-10-27,16.37,13.179685209734172,-3.1903147902658286,3.1903147902658286,10.178108460988899,1.0,0.5,enet_a1.0_l0.5,submitted_main_linear_features_H3_18col,6ed147cd585e5e8083292683f9be3cf585e97e4d46fa0e3224d24a4e2b42cbbb,f83baf5732ffbf88b9a448a3d9ab9fa270f7495fe44d1559c1ac49795a30881a,69cfb2bf8bc181dc1de1e09f0c7477a1a5de7585,elasticnet_corrected_69cfb2bf8bc1_6ed147cd_f83baf57
ElasticNet,3,3,2023-10-25,2023-10-28,16.44,13.113343885786504,-3.326656114213497,3.326656114213497,11.066640902234044,1.0,0.5,enet_a1.0_l0.5,submitted_main_linear_features_H3_18col,6ed147cd585e5e8083292683f9be3cf585e97e4d46fa0e3224d24a4e2b42cbbb,f83baf5732ffbf88b9a448a3d9ab9fa270f7495fe44d1559c1ac49795a30881a,69cfb2bf8bc181dc1de1e09f0c7477a1a5de7585,elasticnet_corrected_69cfb2bf8bc1_6ed147cd_f83baf57
ElasticNet,3,3,2023-10-26,2023-10-29,14.12,13.285058612247344,-0.8349413877526555,0.8349413877526555,0.6971271209823302,1.0,0.5,enet_a1.0_l0.5,submitted_main_linear_features_H3_18col,6ed147cd585e5e8083292683f9be3cf585e97e4d46fa0e3224d24a4e2b42cbbb,f83baf5732ffbf88b9a448a3d9ab9fa270f7495fe44d1559c1ac49795a30881a,69cfb2bf8bc181dc1de1e09f0c7477a1a5de7585,elasticnet_corrected_69cfb2bf8bc1_6ed147cd_f83baf57
ElasticNet,3,3,2023-10-27,2023-10-30,15.59,13.360713487135337,-2.229286512864663,2.229286512864663,4.969718356440288,1.0,0.5,enet_a1.0_l0.5,submitted_main_linear_features_H3_18col,6ed147cd585e5e8083292683f9be3cf585e97e4d46fa0e3224d24a4e2b42cbbb,f83baf5732ffbf88b9a448a3d9ab9fa270f7495fe44d1559c1ac49795a30881a,69cfb2bf8bc181dc1de1e09f0c7477a1a5de7585,elasticnet_corrected_69cfb2bf8bc1_6ed147cd_f83baf57
ElasticNet,3,3,2023-10-28,2023-10-31,17.76,13.216544193614174,-4.543455806385827,4.543455806385827,20.642990664581088,1.0,0.5,enet_a1.0_l0.5,submitted_main_linear_features_H3_18col,6ed147cd585e5e8083292683f9be3cf585e97e4d46fa0e3224d24a4e2b42cbbb,f83baf5732ffbf88b9a448a3d9ab9fa270f7495fe44d1559c1ac49795a30881a,69cfb2bf8bc181dc1de1e09f0c7477a1a5de7585,elasticnet_corrected_69cfb2bf8bc1_6ed147cd_f83baf57
ElasticNet,5,1,2021-10-10,2021-10-15,15.1,12.731271446072956,-2.3687285539270437,2.3687285539270437,5.610874962189304,0.1,0.5,enet_a0.1_l0.5,submitted_main_linear_features_H5_18col,6ed147cd585e5e8083292683f9be3cf585e97e4d46fa0e3224d24a4e2b42cbbb,f83baf5732ffbf88b9a448a3d9ab9fa270f7495fe44d1559c1ac49795a30881a,69cfb2bf8bc181dc1de1e09f0c7477a1a5de7585,elasticnet_corrected_69cfb2bf8bc1_6ed147cd_f83baf57
ElasticNet,5,1,2021-10-11,2021-10-16,11.35,12.779428402631051,1.4294284026310518,1.4294284026310518,2.0432655582483603,0.1,0.5,enet_a0.1_l0.5,submitted_main_linear_features_H5_18col,6ed147cd585e5e8083292683f9be3cf585e97e4d46fa0e3224d24a4e2b42cbbb,f83baf5732ffbf88b9a448a3d9ab9fa270f7495fe44d1559c1ac49795a30881a,69cfb2bf8bc181dc1de1e09f0c7477a1a5de7585,elasticnet_corrected_69cfb2bf8bc1_6ed147cd_f83baf57
ElasticNet,5,1,2021-10-12,2021-10-17,11.58,13.20922839484764,1.6292283948476403,1.6292283948476403,2.6543851625778183,0.1,0.5,enet_a0.1_l0.5,submitted_main_linear_features_H5_18col,6ed147cd585e5e8083292683f9be3cf585e97e4d46fa0e3224d24a4e2b42cbbb,f83baf5732ffbf88b9a448a3d9ab9fa270f7495fe44d1559c1ac49795a30881a,69cfb2bf8bc181dc1de1e09f0c7477a1a5de7585,elasticnet_corrected_69cfb2bf8bc1_6ed147cd_f83baf57
ElasticNet,5,1,2021-10-13,2021-10-18,13.26,12.966960549173143,-0.293039450826857,0.293039450826857,0.08587211974090594,0.1,0.5,enet_a0.1_l0.5,submitted_main_linear_features_H5_18col,6ed147cd585e5e8083292683f9be3cf585e97e4d46fa0e3224d24a4e2b42cbbb,f83baf5732ffbf88b9a448a3d9ab9fa270f7495fe44d1559c1ac49795a30881a,69cfb2bf8bc181dc1de1e09f0c7477a1a5de7585,elasticnet_corrected_69cfb2bf8bc1_6ed147cd_f83baf57
ElasticNet,5,1,2021-10-14,2021-10-19,14.13,13.434283442535373,-0.6957165574646282,0.6957165574646282,0.4840215283304334,0.1,0.5,enet_a0.1_l0.5,submitted_main_linear_features_H5_18col,6ed147cd585e5e8083292683f9be3cf585e97e4d46fa0e3224d24a4e2b42cbbb,f83baf5732ffbf88b9a448a3d9ab9fa270f7495fe44d1559c1ac49795a30881a,69cfb2bf8bc181dc1de1e09f0c7477a1a5de7585,elasticnet_corrected_69cfb2bf8bc1_6ed147cd_f83baf57
ElasticNet,5,1,2021-10-15,2021-10-20,17.01,13.958353634509917,-3.0516463654900843,3.0516463654900843,9.312545540008841,0.1,0.5,enet_a0.1_l0.5,submitted_main_linear_features_H5_18col,6ed147cd585e5e8083292683f9be3cf585e97e4d46fa0e3224d24a4e2b42cbbb,f83baf5732ffbf88b9a448a3d9ab9fa270f7495fe44d1559c1ac49795a30881a,69cfb2bf8bc181dc1de1e09f0c7477a1a5de7585,elasticnet_corrected_69cfb2bf8bc1_6ed147cd_f83baf57
ElasticNet,5,1,2021-10-16,2021-10-21,14.11,13.469117244486904,-0.6408827555130951,0.6408827555130951,0.41073070631405767,0.1,0.5,enet_a0.1_l0.5,submitted_main_linear_features_H5_18col,6ed147cd585e5e8083292683f9be3cf585e97e4d46fa0e3224d24a4e2b42cbbb,f83baf5732ffbf88b9a448a3d9ab9fa270f7495fe44d1559c1ac49795a30881a,69cfb2bf8bc181dc1de1e09f0c7477a1a5de7585,elasticnet_corrected_69cfb2bf8bc1_6ed147cd_f83baf57
ElasticNet,5,1,2021-10-17,2021-10-22,13.32,13.21120285235106,-0.1087971476489411,0.1087971476489411,0.011836819336545491,0.1,0.5,enet_a0.1_l0.5,submitted_main_linear_features_H5_18col,6ed147cd585e5e8083292683f9be3cf585e97e4d46fa0e3224d24a4e2b42cbbb,f83baf5732ffbf88b9a448a3d9ab9fa270f7495fe44d1559c1ac49795a30881a,69cfb2bf8bc181dc1de1e09f0c7477a1a5de7585,elasticnet_corrected_69cfb2bf8bc1_6ed147cd_f83baf57
ElasticNet,5,1,2021-10-18,2021-10-23,14.24,12.867857614450415,-1.3721423855495853,1.3721423855495853,1.882774726221707,0.1,0.5,enet_a0.1_l0.5,submitted_main_linear_features_H5_18col,6ed147cd585e5e8083292683f9be3cf585e97e4d46fa0e3224d24a4e2b42cbbb,f83baf5732ffbf88b9a448a3d9ab9fa270f7495fe44d1559c1ac49795a30881a,69cfb2bf8bc181dc1de1e09f0c7477a1a5de7585,elasticnet_corrected_69cfb2bf8bc1_6ed147cd_f83baf57
ElasticNet,5,1,2021-10-19,2021-10-24,15.48,13.562745188445236,-1.9172548115547645,1.9172548115547645,3.6758660124298954,0.1,0.5,enet_a0.1_l0.5,submitted_main_linear_features_H5_18col,6ed147cd585e5e8083292683f9be3cf585e97e4d46fa0e3224d24a4e2b42cbbb,f83baf5732ffbf88b9a448a3d9ab9fa270f7495fe44d1559c1ac49795a30881a,69cfb2bf8bc181dc1de1e09f0c7477a1a5de7585,elasticnet_corrected_69cfb2bf8bc1_6ed147cd_f83baf57
ElasticNet,5,1,2021-10-20,2021-10-25,19.6,13.745843054427223,-5.854156945572779,5.854156945572779,34.27115354339801,0.1,0.5,enet_a0.1_l0.5,submitted_main_linear_features_H5_18col,6ed147cd585e5e8083292683f9be3cf585e97e4d46fa0e3224d24a4e2b42cbbb,f83baf5732ffbf88b9a448a3d9ab9fa270f7495fe44d1559c1ac49795a30881a,69cfb2bf8bc181dc1de1e09f0c7477a1a5de7585,elasticnet_corrected_69cfb2bf8bc1_6ed147cd_f83baf57
ElasticNet,5,1,2021-10-21,2021-10-26,15.56,13.841754165087792,-1.7182458349122083,1.7182458349122083,2.952368749193152,0.1,0.5,enet_a0.1_l0.5,submitted_main_linear_features_H5_18col,6ed147cd585e5e8083292683f9be3cf585e97e4d46fa0e3224d24a4e2b42cbbb,f83baf5732ffbf88b9a448a3d9ab9fa270f7495fe44d1559c1ac49795a30881a,69cfb2bf8bc181dc1de1e09f0c7477a1a5de7585,elasticnet_corrected_69cfb2bf8bc1_6ed147cd_f83baf57
ElasticNet,5,1,2021-10-22,2021-10-27,13.31,13.391424983821327,0.08142498382132679,0.08142498382132679,0.00663002799030333,0.1,0.5,enet_a0.1_l0.5,submitted_main_linear_features_H5_18col,6ed147cd585e5e8083292683f9be3cf585e97e4d46fa0e3224d24a4e2b42cbbb,f83baf5732ffbf88b9a448a3d9ab9fa270f7495fe44d1559c1ac49795a30881a,69cfb2bf8bc181dc1de1e09f0c7477a1a5de7585,elasticnet_corrected_69cfb2bf8bc1_6ed147cd_f83baf57
ElasticNet,5,1,2021-10-23,2021-10-28,15.19,13.325944543722398,-1.864055456277601,1.864055456277601,3.4747027440782956,0.1,0.5,enet_a0.1_l0.5,submitted_main_linear_features_H5_18col,6ed147cd585e5e8083292683f9be3cf585e97e4d46fa0e3224d24a4e2b42cbbb,f83baf5732ffbf88b9a448a3d9ab9fa270f7495fe44d1559c1ac49795a30881a,69cfb2bf8bc181dc1de1e09f0c7477a1a5de7585,elasticnet_corrected_69cfb2bf8bc1_6ed147cd_f83baf57
ElasticNet,5,1,2021-10-24,2021-10-29,17.0,13.793605613484882,-3.206394386515118,3.206394386515118,10.280964961875661,0.1,0.5,enet_a0.1_l0.5,submitted_main_linear_features_H5_18col,6ed147cd585e5e8083292683f9be3cf585e97e4d46fa0e3224d24a4e2b42cbbb,f83baf5732ffbf88b9a448a3d9ab9fa270f7495fe44d1559c1ac49795a30881a,69cfb2bf8bc181dc1de1e09f0c7477a1a5de7585,elasticnet_corrected_69cfb2bf8bc1_6ed147cd_f83baf57
ElasticNet,5,1,2021-10-25,2021-10-30,15.17,14.57100905378372,-0.5989909462162792,0.5989909462162792,0.3587901536490735,0.1,0.5,enet_a0.1_l0.5,submitted_main_linear_features_H5_18col,6ed147cd585e5e8083292683f9be3cf585e97e4d46fa0e3224d24a4e2b42cbbb,f83baf5732ffbf88b9a448a3d9ab9fa270f7495fe44d1559c1ac49795a30881a,69cfb2bf8bc181dc1de1e09f0c7477a1a5de7585,elasticnet_corrected_69cfb2bf8bc1_6ed147cd_f83baf57
ElasticNet,5,1,2021-10-26,2021-10-31,14.34,14.553439375329788,0.21343937532978785,0.21343937532978785,0.04555636694117005,0.1,0.5,enet_a0.1_l0.5,submitted_main_linear_features_H5_18col,6ed147cd585e5e8083292683f9be3cf585e97e4d46fa0e3224d24a4e2b42cbbb,f83baf5732ffbf88b9a448a3d9ab9fa270f7495fe44d1559c1ac49795a30881a,69cfb2bf8bc181dc1de1e09f0c7477a1a5de7585,elasticnet_corrected_69cfb2bf8bc1_6ed147cd_f83baf57
ElasticNet,5,1,2021-10-27,2021-11-01,15.41,14.576003407305318,-0.8339965926946817,0.8339965926946817,0.6955503166263388,0.1,0.5,enet_a0.1_l0.5,submitted_main_linear_features_H5_18col,6ed147cd585e5e8083292683f9be3cf585e97e4d46fa0e3224d24a4e2b42cbbb,f83baf5732ffbf88b9a448a3d9ab9fa270f7495fe44d1559c1ac49795a30881a,69cfb2bf8bc181dc1de1e09f0c7477a1a5de7585,elasticnet_corrected_69cfb2bf8bc1_6ed147cd_f83baf57
ElasticNet,5,1,2021-10-28,2021-11-02,15.17,14.57175291794878,-0.5982470820512198,0.5982470820512198,0.3578995711827989,0.1,0.5,enet_a0.1_l0.5,submitted_main_linear_features_H5_18col,6ed147cd585e5e8083292683f9be3cf585e97e4d46fa0e3224d24a4e2b42cbbb,f83baf5732ffbf88b9a448a3d9ab9fa270f7495fe44d1559c1ac49795a30881a,69cfb2bf8bc181dc1de1e09f0c7477a1a5de7585,elasticnet_corrected_69cfb2bf8bc1_6ed147cd_f83baf57
ElasticNet,5,1,2021-10-29,2021-11-03,13.4,14.659145214250007,1.2591452142500064,1.2591452142500064,1.5854466705686945,0.1,0.5,enet_a0.1_l0.5,submitted_main_linear_features_H5_18col,6ed147cd585e5e8083292683f9be3cf585e97e4d46fa0e3224d24a4e2b42cbbb,f83baf5732ffbf88b9a448a3d9ab9fa270f7495fe44d1559c1ac49795a30881a,69cfb2bf8bc181dc1de1e09f0c7477a1a5de7585,elasticnet_corrected_69cfb2bf8bc1_6ed147cd_f83baf57
ElasticNet,5,1,2021-10-30,2021-11-04,15.12,15.058829739053518,-0.061170260946481037,0.061170260946481037,0.003741800824260583,0.1,0.5,enet_a0.1_l0.5,submitted_main_linear_features_H5_18col,6ed147cd585e5e8083292683f9be3cf585e97e4d46fa0e3224d24a4e2b42cbbb,f83baf5732ffbf88b9a448a3d9ab9fa270f7495fe44d1559c1ac49795a30881a,69cfb2bf8bc181dc1de1e09f0c7477a1a5de7585,elasticnet_corrected_69cfb2bf8bc1_6ed147cd_f83baf57
ElasticNet,5,1,2021-10-31,2021-11-05,12.8,14.833138251681534,2.0331382516815335,2.0331382516815335,4.133651150450643,0.1,0.5,enet_a0.1_l0.5,submitted_main_linear_features_H5_18col,6ed147cd585e5e8083292683f9be3cf585e97e4d46fa0e3224d24a4e2b42cbbb,f83baf5732ffbf88b9a448a3d9ab9fa270f7495fe44d1559c1ac49795a30881a,69cfb2bf8bc181dc1de1e09f0c7477a1a5de7585,elasticnet_corrected_69cfb2bf8bc1_6ed147cd_f83baf57
ElasticNet,5,1,2021-11-01,2021-11-06,12.34,14.497399339733757,2.1573993397337574,2.1573993397337574,4.654371911083652,0.1,0.5,enet_a0.1_l0.5,submitted_main_linear_features_H5_18col,6ed147cd585e5e8083292683f9be3cf585e97e4d46fa0e3224d24a4e2b42cbbb,f83baf5732ffbf88b9a448a3d9ab9fa270f7495fe44d1559c1ac49795a30881a,69cfb2bf8bc181dc1de1e09f0c7477a1a5de7585,elasticnet_corrected_69cfb2bf8bc1_6ed147cd_f83baf57
ElasticNet,5,1,2021-11-02,2021-11-07,13.03,14.065678606610081,1.035678606610082,1.035678606610082,1.0726301761898012,0.1,0.5,enet_a0.1_l0.5,submitted_main_linear_features_H5_18col,6ed147cd585e5e8083292683f9be3cf585e97e4d46fa0e3224d24a4e2b42cbbb,f83baf5732ffbf88b9a448a3d9ab9fa270f7495fe44d1559c1ac49795a30881a,69cfb2bf8bc181dc1de1e09f0c7477a1a5de7585,elasticnet_corrected_69cfb2bf8bc1_6ed147cd_f83baf57
ElasticNet,5,1,2021-11-03,2021-11-08,13.2,13.894967083596619,0.6949670835966195,0.6949670835966195,0.48297924728279074,0.1,0.5,enet_a0.1_l0.5,submitted_main_linear_features_H5_18col,6ed147cd585e5e8083292683f9be3cf585e97e4d46fa0e3224d24a4e2b42cbbb,f83baf5732ffbf88b9a448a3d9ab9fa270f7495fe44d1559c1ac49795a30881a,69cfb2bf8bc181dc1de1e09f0c7477a1a5de7585,elasticnet_corrected_69cfb2bf8bc1_6ed147cd_f83baf57
ElasticNet,5,1,2021-11-04,2021-11-09,14.39,13.579332742213962,-0.8106672577860383,0.8106672577860383,0.6571814028463351,0.1,0.5,enet_a0.1_l0.5,submitted_main_linear_features_H5_18col,6ed147cd585e5e8083292683f9be3cf585e97e4d46fa0e3224d24a4e2b42cbbb,f83baf5732ffbf88b9a448a3d9ab9fa270f7495fe44d1559c1ac49795a30881a,69cfb2bf8bc181dc1de1e09f0c7477a1a5de7585,elasticnet_corrected_69cfb2bf8bc1_6ed147cd_f83baf57
ElasticNet,5,1,2021-11-05,2021-11-10,11.54,13.385577702903756,1.845577702903757,1.845577702903757,3.4061570574555082,0.1,0.5,enet_a0.1_l0.5,submitted_main_linear_features_H5_18col,6ed147cd585e5e8083292683f9be3cf585e97e4d46fa0e3224d24a4e2b42cbbb,f83baf5732ffbf88b9a448a3d9ab9fa270f7495fe44d1559c1ac49795a30881a,69cfb2bf8bc181dc1de1e09f0c7477a1a5de7585,elasticnet_corrected_69cfb2bf8bc1_6ed147cd_f83baf57
ElasticNet,5,1,2021-11-06,2021-11-11,12.82,12.95527046037227,0.1352704603722703,0.1352704603722703,0.01829809744932595,0.1,0.5,enet_a0.1_l0.5,submitted_main_linear_features_H5_18col,6ed147cd585e5e8083292683f9be3cf585e97e4d46fa0e3224d24a4e2b42cbbb,f83baf5732ffbf88b9a448a3d9ab9fa270f7495fe44d1559c1ac49795a30881a,69cfb2bf8bc181dc1de1e09f0c7477a1a5de7585,elasticnet_corrected_69cfb2bf8bc1_6ed147cd_f83baf57
ElasticNet,5,1,2021-11-07,2021-11-12,13.54,12.917002948692582,-0.6229970513074168,0.6229970513074168,0.3881253259377361,0.1,0.5,enet_a0.1_l0.5,submitted_main_linear_features_H5_18col,6ed147cd585e5e8083292683f9be3cf585e97e4d46fa0e3224d24a4e2b42cbbb,f83baf5732ffbf88b9a448a3d9ab9fa270f7495fe44d1559c1ac49795a30881a,69cfb2bf8bc181dc1de1e09f0c7477a1a5de7585,elasticnet_corrected_69cfb2bf8bc1_6ed147cd_f83baf57
ElasticNet,5,1,2021-11-08,2021-11-13,13.92,13.022245844093636,-0.8977541559063642,0.8977541559063642,0.8059625244471484,0.1,0.5,enet_a0.1_l0.5,submitted_main_linear_features_H5_18col,6ed147cd585e5e8083292683f9be3cf585e97e4d46fa0e3224d24a4e2b42cbbb,f83baf5732ffbf88b9a448a3d9ab9fa270f7495fe44d1559c1ac49795a30881a,69cfb2bf8bc181dc1de1e09f0c7477a1a5de7585,elasticnet_corrected_69cfb2bf8bc1_6ed147cd_f83baf57
ElasticNet,5,1,2021-11-09,2021-11-14,15.8,13.396643456563234,-2.4033565434367663,2.4033565434367663,5.776122674880321,0.1,0.5,enet_a0.1_l0.5,submitted_main_linear_features_H5_18col,6ed147cd585e5e8083292683f9be3cf585e97e4d46fa0e3224d24a4e2b42cbbb,f83baf5732ffbf88b9a448a3d9ab9fa270f7495fe44d1559c1ac49795a30881a,69cfb2bf8bc181dc1de1e09f0c7477a1a5de7585,elasticnet_corrected_69cfb2bf8bc1_6ed147cd_f83baf57
ElasticNet,5,1,2021-11-10,2021-11-15,14.69,13.631377589659047,-1.058622410340952,1.058622410340952,1.1206814076760871,0.1,0.5,enet_a0.1_l0.5,submitted_main_linear_features_H5_18col,6ed147cd585e5e8083292683f9be3cf585e97e4d46fa0e3224d24a4e2b42cbbb,f83baf5732ffbf88b9a448a3d9ab9fa270f7495fe44d1559c1ac49795a30881a,69cfb2bf8bc181dc1de1e09f0c7477a1a5de7585,elasticnet_corrected_69cfb2bf8bc1_6ed147cd_f83baf57
ElasticNet,5,1,2021-11-11,2021-11-16,12.83,13.610297668871434,0.7802976688714338,0.7802976688714338,0.6088644520461938,0.1,0.5,enet_a0.1_l0.5,submitted_main_linear_features_H5_18col,6ed147cd585e5e8083292683f9be3cf585e97e4d46fa0e3224d24a4e2b42cbbb,f83baf5732ffbf88b9a448a3d9ab9fa270f7495fe44d1559c1ac49795a30881a,69cfb2bf8bc181dc1de1e09f0c7477a1a5de7585,elasticnet_corrected_69cfb2bf8bc1_6ed147cd_f83baf57
ElasticNet,5,1,2021-11-12,2021-11-17,12.32,13.824118695491102,1.5041186954911012,1.5041186954911012,2.262373050125852,0.1,0.5,enet_a0.1_l0.5,submitted_main_linear_features_H5_18col,6ed147cd585e5e8083292683f9be3cf585e97e4d46fa0e3224d24a4e2b42cbbb,f83baf5732ffbf88b9a448a3d9ab9fa270f7495fe44d1559c1ac49795a30881a,69cfb2bf8bc181dc1de1e09f0c7477a1a5de7585,elasticnet_corrected_69cfb2bf8bc1_6ed147cd_f83baf57
ElasticNet,5,1,2021-11-13,2021-11-18,17.99,14.084641803685946,-3.9053581963140527,3.9053581963140527,15.25182264151735,0.1,0.5,enet_a0.1_l0.5,submitted_main_linear_features_H5_18col,6ed147cd585e5e8083292683f9be3cf585e97e4d46fa0e3224d24a4e2b42cbbb,f83baf5732ffbf88b9a448a3d9ab9fa270f7495fe44d1559c1ac49795a30881a,69cfb2bf8bc181dc1de1e09f0c7477a1a5de7585,elasticnet_corrected_69cfb2bf8bc1_6ed147cd_f83baf57
ElasticNet,5,1,2021-11-14,2021-11-19,17.94,13.87183396773959,-4.068166032260411,4.068166032260411,16.549974866037417,0.1,0.5,enet_a0.1_l0.5,submitted_main_linear_features_H5_18col,6ed147cd585e5e8083292683f9be3cf585e97e4d46fa0e3224d24a4e2b42cbbb,f83baf5732ffbf88b9a448a3d9ab9fa270f7495fe44d1559c1ac49795a30881a,69cfb2bf8bc181dc1de1e09f0c7477a1a5de7585,elasticnet_corrected_69cfb2bf8bc1_6ed147cd_f83baf57
ElasticNet,5,1,2021-11-15,2021-11-20,11.8,14.0175559822476,2.2175559822475996,2.2175559822475996,4.917554534402116,0.1,0.5,enet_a0.1_l0.5,submitted_main_linear_features_H5_18col,6ed147cd585e5e8083292683f9be3cf585e97e4d46fa0e3224d24a4e2b42cbbb,f83baf5732ffbf88b9a448a3d9ab9fa270f7495fe44d1559c1ac49795a30881a,69cfb2bf8bc181dc1de1e09f0c7477a1a5de7585,elasticnet_corrected_69cfb2bf8bc1_6ed147cd_f83baf57
ElasticNet,5,1,2021-11-16,2021-11-21,11.89,13.72605444323031,1.83605444323031,1.83605444323031,3.371095918505764,0.1,0.5,enet_a0.1_l0.5,submitted_main_linear_features_H5_18col,6ed147cd585e5e8083292683f9be3cf585e97e4d46fa0e3224d24a4e2b42cbbb,f83baf5732ffbf88b9a448a3d9ab9fa270f7495fe44d1559c1ac49795a30881a,69cfb2bf8bc181dc1de1e09f0c7477a1a5de7585,elasticnet_corrected_69cfb2bf8bc1_6ed147cd_f83baf57
ElasticNet,5,1,2021-11-17,2021-11-22,12.22,13.82129180422985,1.6012918042298487,1.6012918042298487,2.564135442293684,0.1,0.5,enet_a0.1_l0.5,submitted_main_linear_features_H5_18col,6ed147cd585e5e8083292683f9be3cf585e97e4d46fa0e3224d24a4e2b42cbbb,f83baf5732ffbf88b9a448a3d9ab9fa270f7495fe44d1559c1ac49795a30881a,69cfb2bf8bc181dc1de1e09f0c7477a1a5de7585,elasticnet_corrected_69cfb2bf8bc1_6ed147cd_f83baf57
ElasticNet,5,1,2021-11-18,2021-11-23,13.13,13.485111051022125,0.35511105102212426,0.35511105102212426,0.12610385855803774,0.1,0.5,enet_a0.1_l0.5,submitted_main_linear_features_H5_18col,6ed147cd585e5e8083292683f9be3cf585e97e4d46fa0e3224d24a4e2b42cbbb,f83baf5732ffbf88b9a448a3d9ab9fa270f7495fe44d1559c1ac49795a30881a,69cfb2bf8bc181dc1de1e09f0c7477a1a5de7585,elasticnet_corrected_69cfb2bf8bc1_6ed147cd_f83baf57
ElasticNet,5,1,2021-11-19,2021-11-24,16.36,14.101448270875732,-2.2585517291242674,2.2585517291242674,5.101055913130218,0.1,0.5,enet_a0.1_l0.5,submitted_main_linear_features_H5_18col,6ed147cd585e5e8083292683f9be3cf585e97e4d46fa0e3224d24a4e2b42cbbb,f83baf5732ffbf88b9a448a3d9ab9fa270f7495fe44d1559c1ac49795a30881a,69cfb2bf8bc181dc1de1e09f0c7477a1a5de7585,elasticnet_corrected_69cfb2bf8bc1_6ed147cd_f83baf57
ElasticNet,5,1,2021-11-20,2021-11-25,12.85,13.6646617870118,0.8146617870118007,0.8146617870118007,0.6636738272172605,0.1,0.5,enet_a0.1_l0.5,submitted_main_linear_features_H5_18col,6ed147cd585e5e8083292683f9be3cf585e97e4d46fa0e3224d24a4e2b42cbbb,f83baf5732ffbf88b9a448a3d9ab9fa270f7495fe44d1559c1ac49795a30881a,69cfb2bf8bc181dc1de1e09f0c7477a1a5de7585,elasticnet_corrected_69cfb2bf8bc1_6ed147cd_f83baf57
ElasticNet,5,1,2021-11-21,2021-11-26,11.66,12.88145904694825,1.2214590469482491,1.2214590469482491,1.491962203371725,0.1,0.5,enet_a0.1_l0.5,submitted_main_linear_features_H5_18col,6ed147cd585e5e8083292683f9be3cf585e97e4d46fa0e3224d24a4e2b42cbbb,f83baf5732ffbf88b9a448a3d9ab9fa270f7495fe44d1559c1ac49795a30881a,69cfb2bf8bc181dc1de1e09f0c7477a1a5de7585,elasticnet_corrected_69cfb2bf8bc1_6ed147cd_f83baf57
ElasticNet,5,1,2021-11-22,2021-11-27,13.7,12.755734861066257,-0.9442651389337424,0.9442651389337424,0.8916366526055599,0.1,0.5,enet_a0.1_l0.5,submitted_main_linear_features_H5_18col,6ed147cd585e5e8083292683f9be3cf585e97e4d46fa0e3224d24a4e2b42cbbb,f83baf5732ffbf88b9a448a3d9ab9fa270f7495fe44d1559c1ac49795a30881a,69cfb2bf8bc181dc1de1e09f0c7477a1a5de7585,elasticnet_corrected_69cfb2bf8bc1_6ed147cd_f83baf57
ElasticNet,5,1,2021-11-23,2021-11-28,13.18,12.731143772991217,-0.4488562270087826,0.4488562270087826,0.20147191252455976,0.1,0.5,enet_a0.1_l0.5,submitted_main_linear_features_H5_18col,6ed147cd585e5e8083292683f9be3cf585e97e4d46fa0e3224d24a4e2b42cbbb,f83baf5732ffbf88b9a448a3d9ab9fa270f7495fe44d1559c1ac49795a30881a,69cfb2bf8bc181dc1de1e09f0c7477a1a5de7585,elasticnet_corrected_69cfb2bf8bc1_6ed147cd_f83baf57
ElasticNet,5,1,2021-11-24,2021-11-29,13.79,12.629752305909324,-1.1602476940906747,1.1602476940906747,1.346174711642728,0.1,0.5,enet_a0.1_l0.5,submitted_main_linear_features_H5_18col,6ed147cd585e5e8083292683f9be3cf585e97e4d46fa0e3224d24a4e2b42cbbb,f83baf5732ffbf88b9a448a3d9ab9fa270f7495fe44d1559c1ac49795a30881a,69cfb2bf8bc181dc1de1e09f0c7477a1a5de7585,elasticnet_corrected_69cfb2bf8bc1_6ed147cd_f83baf57
ElasticNet,5,1,2021-11-25,2021-11-30,12.22,12.672611248522603,0.4526112485226026,0.4526112485226026,0.20485694228918913,0.1,0.5,enet_a0.1_l0.5,submitted_main_linear_features_H5_18col,6ed147cd585e5e8083292683f9be3cf585e97e4d46fa0e3224d24a4e2b42cbbb,f83baf5732ffbf88b9a448a3d9ab9fa270f7495fe44d1559c1ac49795a30881a,69cfb2bf8bc181dc1de1e09f0c7477a1a5de7585,elasticnet_corrected_69cfb2bf8bc1_6ed147cd_f83baf57
ElasticNet,5,1,2021-11-26,2021-12-01,10.84,12.019461639481094,1.1794616394810937,1.1794616394810937,1.3911297590074294,0.1,0.5,enet_a0.1_l0.5,submitted_main_linear_features_H5_18col,6ed147cd585e5e8083292683f9be3cf585e97e4d46fa0e3224d24a4e2b42cbbb,f83baf5732ffbf88b9a448a3d9ab9fa270f7495fe44d1559c1ac49795a30881a,69cfb2bf8bc181dc1de1e09f0c7477a1a5de7585,elasticnet_corrected_69cfb2bf8bc1_6ed147cd_f83baf57
ElasticNet,5,1,2021-11-27,2021-12-02,13.37,12.099821994365113,-1.270178005634886,1.270178005634886,1.6133521659986163,0.1,0.5,enet_a0.1_l0.5,submitted_main_linear_features_H5_18col,6ed147cd585e5e8083292683f9be3cf585e97e4d46fa0e3224d24a4e2b42cbbb,f83baf5732ffbf88b9a448a3d9ab9fa270f7495fe44d1559c1ac49795a30881a,69cfb2bf8bc181dc1de1e09f0c7477a1a5de7585,elasticnet_corrected_69cfb2bf8bc1_6ed147cd_f83baf57
ElasticNet,5,1,2021-11-28,2021-12-03,10.74,12.847179467854687,2.107179467854687,2.107179467854687,4.440205309748362,0.1,0.5,enet_a0.1_l0.5,submitted_main_linear_features_H5_18col,6ed147cd585e5e8083292683f9be3cf585e97e4d46fa0e3224d24a4e2b42cbbb,f83baf5732ffbf88b9a448a3d9ab9fa270f7495fe44d1559c1ac49795a30881a,69cfb2bf8bc181dc1de1e09f0c7477a1a5de7585,elasticnet_corrected_69cfb2bf8bc1_6ed147cd_f83baf57
ElasticNet,5,1,2021-11-29,2021-12-04,11.22,13.002775545766669,1.7827755457666683,1.7827755457666683,3.178288646583642,0.1,0.5,enet_a0.1_l0.5,submitted_main_linear_features_H5_18col,6ed147cd585e5e8083292683f9be3cf585e97e4d46fa0e3224d24a4e2b42cbbb,f83baf5732ffbf88b9a448a3d9ab9fa270f7495fe44d1559c1ac49795a30881a,69cfb2bf8bc181dc1de1e09f0c7477a1a5de7585,elasticnet_corrected_69cfb2bf8bc1_6ed147cd_f83baf57
ElasticNet,5,1,2021-11-30,2021-12-05,8.75,12.753082242096792,4.0030822420967915,4.0030822420967915,16.024667436990676,0.1,0.5,enet_a0.1_l0.5,submitted_main_linear_features_H5_18col,6ed147cd585e5e8083292683f9be3cf585e97e4d46fa0e3224d24a4e2b42cbbb,f83baf5732ffbf88b9a448a3d9ab9fa270f7495fe44d1559c1ac49795a30881a,69cfb2bf8bc181dc1de1e09f0c7477a1a5de7585,elasticnet_corrected_69cfb2bf8bc1_6ed147cd_f83baf57
ElasticNet,5,1,2021-12-01,2021-12-06,9.91,12.612139961109017,2.702139961109017,2.702139961109017,7.301560369422241,0.1,0.5,enet_a0.1_l0.5,submitted_main_linear_features_H5_18col,6ed147cd585e5e8083292683f9be3cf585e97e4d46fa0e3224d24a4e2b42cbbb,f83baf5732ffbf88b9a448a3d9ab9fa270f7495fe44d1559c1ac49795a30881a,69cfb2bf8bc181dc1de1e09f0c7477a1a5de7585,elasticnet_corrected_69cfb2bf8bc1_6ed147cd_f83baf57
ElasticNet,5,1,2021-12-02,2021-12-07,10.34,12.69694169737078,2.3569416973707806,2.3569416973707806,5.555174164805057,0.1,0.5,enet_a0.1_l0.5,submitted_main_linear_features_H5_18col,6ed147cd585e5e8083292683f9be3cf585e97e4d46fa0e3224d24a4e2b42cbbb,f83baf5732ffbf88b9a448a3d9ab9fa270f7495fe44d1559c1ac49795a30881a,69cfb2bf8bc181dc1de1e09f0c7477a1a5de7585,elasticnet_corrected_69cfb2bf8bc1_6ed147cd_f83baf57
ElasticNet,5,1,2021-12-03,2021-12-08,10.51,13.031802976325029,2.521802976325029,2.521802976325029,6.359490251401774,0.1,0.5,enet_a0.1_l0.5,submitted_main_linear_features_H5_18col,6ed147cd585e5e8083292683f9be3cf585e97e4d46fa0e3224d24a4e2b42cbbb,f83baf5732ffbf88b9a448a3d9ab9fa270f7495fe44d1559c1ac49795a30881a,69cfb2bf8bc181dc1de1e09f0c7477a1a5de7585,elasticnet_corrected_69cfb2bf8bc1_6ed147cd_f83baf57
ElasticNet,5,1,2021-12-04,2021-12-09,11.17,12.785678234961352,1.6156782349613525,1.6156782349613525,2.6104161589278316,0.1,0.5,enet_a0.1_l0.5,submitted_main_linear_features_H5_18col,6ed147cd585e5e8083292683f9be3cf585e97e4d46fa0e3224d24a4e2b42cbbb,f83baf5732ffbf88b9a448a3d9ab9fa270f7495fe44d1559c1ac49795a30881a,69cfb2bf8bc181dc1de1e09f0c7477a1a5de7585,elasticnet_corrected_69cfb2bf8bc1_6ed147cd_f83baf57
ElasticNet,5,1,2021-12-05,2021-12-10,11.52,12.680139847664288,1.1601398476642881,1.1601398476642881,1.3459244661385177,0.1,0.5,enet_a0.1_l0.5,submitted_main_linear_features_H5_18col,6ed147cd585e5e8083292683f9be3cf585e97e4d46fa0e3224d24a4e2b42cbbb,f83baf5732ffbf88b9a448a3d9ab9fa270f7495fe44d1559c1ac49795a30881a,69cfb2bf8bc181dc1de1e09f0c7477a1a5de7585,elasticnet_corrected_69cfb2bf8bc1_6ed147cd_f83baf57
ElasticNet,5,1,2021-12-06,2021-12-11,11.81,11.928181099119584,0.11818109911958352,0.11818109911958352,0.013966772189112825,0.1,0.5,enet_a0.1_l0.5,submitted_main_linear_features_H5_18col,6ed147cd585e5e8083292683f9be3cf585e97e4d46fa0e3224d24a4e2b42cbbb,f83baf5732ffbf88b9a448a3d9ab9fa270f7495fe44d1559c1ac49795a30881a,69cfb2bf8bc181dc1de1e09f0c7477a1a5de7585,elasticnet_corrected_69cfb2bf8bc1_6ed147cd_f83baf57
ElasticNet,5,1,2021-12-07,2021-12-12,12.88,12.479749262832081,-0.40025073716791937,0.40025073716791937,0.16020065260346286,0.1,0.5,enet_a0.1_l0.5,submitted_main_linear_features_H5_18col,6ed147cd585e5e8083292683f9be3cf585e97e4d46fa0e3224d24a4e2b42cbbb,f83baf5732ffbf88b9a448a3d9ab9fa270f7495fe44d1559c1ac49795a30881a,69cfb2bf8bc181dc1de1e09f0c7477a1a5de7585,elasticnet_corrected_69cfb2bf8bc1_6ed147cd_f83baf57
ElasticNet,5,1,2021-12-08,2021-12-13,11.17,12.19659388816281,1.026593888162811,1.026593888162811,1.053895011213238,0.1,0.5,enet_a0.1_l0.5,submitted_main_linear_features_H5_18col,6ed147cd585e5e8083292683f9be3cf585e97e4d46fa0e3224d24a4e2b42cbbb,f83baf5732ffbf88b9a448a3d9ab9fa270f7495fe44d1559c1ac49795a30881a,69cfb2bf8bc181dc1de1e09f0c7477a1a5de7585,elasticnet_corrected_69cfb2bf8bc1_6ed147cd_f83baf57
ElasticNet,5,1,2021-12-09,2021-12-14,12.56,12.073177347735296,-0.48682265226470456,0.48682265226470456,0.23699629475804146,0.1,0.5,enet_a0.1_l0.5,submitted_main_linear_features_H5_18col,6ed147cd585e5e8083292683f9be3cf585e97e4d46fa0e3224d24a4e2b42cbbb,f83baf5732ffbf88b9a448a3d9ab9fa270f7495fe44d1559c1ac49795a30881a,69cfb2bf8bc181dc1de1e09f0c7477a1a5de7585,elasticnet_corrected_69cfb2bf8bc1_6ed147cd_f83baf57
ElasticNet,5,1,2021-12-10,2021-12-15,12.41,11.97486205757617,-0.43513794242383064,0.43513794242383064,0.18934502893684493,0.1,0.5,enet_a0.1_l0.5,submitted_main_linear_features_H5_18col,6ed147cd585e5e8083292683f9be3cf585e97e4d46fa0e3224d24a4e2b42cbbb,f83baf5732ffbf88b9a448a3d9ab9fa270f7495fe44d1559c1ac49795a30881a,69cfb2bf8bc181dc1de1e09f0c7477a1a5de7585,elasticnet_corrected_69cfb2bf8bc1_6ed147cd_f83baf57
ElasticNet,5,1,2021-12-11,2021-12-16,12.31,11.774645250042665,-0.5353547499573352,0.5353547499573352,0.28660470830188095,0.1,0.5,enet_a0.1_l0.5,submitted_main_linear_features_H5_18col,6ed147cd585e5e8083292683f9be3cf585e97e4d46fa0e3224d24a4e2b42cbbb,f83baf5732ffbf88b9a448a3d9ab9fa270f7495fe44d1559c1ac49795a30881a,69cfb2bf8bc181dc1de1e09f0c7477a1a5de7585,elasticnet_corrected_69cfb2bf8bc1_6ed147cd_f83baf57
ElasticNet,5,1,2021-12-12,2021-12-17,12.19,11.849512027046996,-0.34048797295300304,0.34048797295300304,0.11593205972564492,0.1,0.5,enet_a0.1_l0.5,submitted_main_linear_features_H5_18col,6ed147cd585e5e8083292683f9be3cf585e97e4d46fa0e3224d24a4e2b42cbbb,f83baf5732ffbf88b9a448a3d9ab9fa270f7495fe44d1559c1ac49795a30881a,69cfb2bf8bc181dc1de1e09f0c7477a1a5de7585,elasticnet_corrected_69cfb2bf8bc1_6ed147cd_f83baf57
ElasticNet,5,1,2021-12-13,2021-12-18,13.13,12.12854986926267,-1.0014501307373305,1.0014501307373305,1.0029023643538162,0.1,0.5,enet_a0.1_l0.5,submitted_main_linear_features_H5_18col,6ed147cd585e5e8083292683f9be3cf585e97e4d46fa0e3224d24a4e2b42cbbb,f83baf5732ffbf88b9a448a3d9ab9fa270f7495fe44d1559c1ac49795a30881a,69cfb2bf8bc181dc1de1e09f0c7477a1a5de7585,elasticnet_corrected_69cfb2bf8bc1_6ed147cd_f83baf57
ElasticNet,5,1,2021-12-14,2021-12-19,13.1,12.043618957985588,-1.0563810420144115,1.0563810420144115,1.1159409059274539,0.1,0.5,enet_a0.1_l0.5,submitted_main_linear_features_H5_18col,6ed147cd585e5e8083292683f9be3cf585e97e4d46fa0e3224d24a4e2b42cbbb,f83baf5732ffbf88b9a448a3d9ab9fa270f7495fe44d1559c1ac49795a30881a,69cfb2bf8bc181dc1de1e09f0c7477a1a5de7585,elasticnet_corrected_69cfb2bf8bc1_6ed147cd_f83baf57
ElasticNet,5,1,2021-12-15,2021-12-20,11.09,12.24677252876604,1.1567725287660409,1.1567725287660409,1.3381226833077808,0.1,0.5,enet_a0.1_l0.5,submitted_main_linear_features_H5_18col,6ed147cd585e5e8083292683f9be3cf585e97e4d46fa0e3224d24a4e2b42cbbb,f83baf5732ffbf88b9a448a3d9ab9fa270f7495fe44d1559c1ac49795a30881a,69cfb2bf8bc181dc1de1e09f0c7477a1a5de7585,elasticnet_corrected_69cfb2bf8bc1_6ed147cd_f83baf57
ElasticNet,5,1,2021-12-16,2021-12-21,11.57,12.347907298089055,0.7779072980890547,0.7779072980890547,0.6051397644202133,0.1,0.5,enet_a0.1_l0.5,submitted_main_linear_features_H5_18col,6ed147cd585e5e8083292683f9be3cf585e97e4d46fa0e3224d24a4e2b42cbbb,f83baf5732ffbf88b9a448a3d9ab9fa270f7495fe44d1559c1ac49795a30881a,69cfb2bf8bc181dc1de1e09f0c7477a1a5de7585,elasticnet_corrected_69cfb2bf8bc1_6ed147cd_f83baf57
ElasticNet,5,1,2021-12-17,2021-12-22,12.64,12.664262919120166,0.024262919120165094,0.024262919120165094,0.0005886892442316729,0.1,0.5,enet_a0.1_l0.5,submitted_main_linear_features_H5_18col,6ed147cd585e5e8083292683f9be3cf585e97e4d46fa0e3224d24a4e2b42cbbb,f83baf5732ffbf88b9a448a3d9ab9fa270f7495fe44d1559c1ac49795a30881a,69cfb2bf8bc181dc1de1e09f0c7477a1a5de7585,elasticnet_corrected_69cfb2bf8bc1_6ed147cd_f83baf57
ElasticNet,5,1,2021-12-18,2021-12-23,17.51,12.668678782857649,-4.841321217142353,4.841321217142353,23.438391127552713,0.1,0.5,enet_a0.1_l0.5,submitted_main_linear_features_H5_18col,6ed147cd585e5e8083292683f9be3cf585e97e4d46fa0e3224d24a4e2b42cbbb,f83baf5732ffbf88b9a448a3d9ab9fa270f7495fe44d1559c1ac49795a30881a,69cfb2bf8bc181dc1de1e09f0c7477a1a5de7585,elasticnet_corrected_69cfb2bf8bc1_6ed147cd_f83baf57
ElasticNet,5,1,2021-12-19,2021-12-24,17.98,12.745504076569649,-5.234495923430352,5.234495923430352,27.39994757240897,0.1,0.5,enet_a0.1_l0.5,submitted_main_linear_features_H5_18col,6ed147cd585e5e8083292683f9be3cf585e97e4d46fa0e3224d24a4e2b42cbbb,f83baf5732ffbf88b9a448a3d9ab9fa270f7495fe44d1559c1ac49795a30881a,69cfb2bf8bc181dc1de1e09f0c7477a1a5de7585,elasticnet_corrected_69cfb2bf8bc1_6ed147cd_f83baf57
ElasticNet,5,1,2021-12-20,2021-12-25,13.07,12.518206634224281,-0.551793365775719,0.551793365775719,0.30447591851409644,0.1,0.5,enet_a0.1_l0.5,submitted_main_linear_features_H5_18col,6ed147cd585e5e8083292683f9be3cf585e97e4d46fa0e3224d24a4e2b42cbbb,f83baf5732ffbf88b9a448a3d9ab9fa270f7495fe44d1559c1ac49795a30881a,69cfb2bf8bc181dc1de1e09f0c7477a1a5de7585,elasticnet_corrected_69cfb2bf8bc1_6ed147cd_f83baf57
ElasticNet,5,1,2021-12-21,2021-12-26,12.36,12.039519168723373,-0.3204808312766261,0.3204808312766261,0.10270796321575727,0.1,0.5,enet_a0.1_l0.5,submitted_main_linear_features_H5_18col,6ed147cd585e5e8083292683f9be3cf585e97e4d46fa0e3224d24a4e2b42cbbb,f83baf5732ffbf88b9a448a3d9ab9fa270f7495fe44d1559c1ac49795a30881a,69cfb2bf8bc181dc1de1e09f0c7477a1a5de7585,elasticnet_corrected_69cfb2bf8bc1_6ed147cd_f83baf57
ElasticNet,5,1,2021-12-22,2021-12-27,11.88,12.522179144575222,0.6421791445752216,0.6421791445752216,0.4123940537273634,0.1,0.5,enet_a0.1_l0.5,submitted_main_linear_features_H5_18col,6ed147cd585e5e8083292683f9be3cf585e97e4d46fa0e3224d24a4e2b42cbbb,f83baf5732ffbf88b9a448a3d9ab9fa270f7495fe44d1559c1ac49795a30881a,69cfb2bf8bc181dc1de1e09f0c7477a1a5de7585,elasticnet_corrected_69cfb2bf8bc1_6ed147cd_f83baf57
ElasticNet,5,1,2021-12-23,2021-12-28,12.06,12.862887919432977,0.8028879194329761,0.8028879194329761,0.6446290111714131,0.1,0.5,enet_a0.1_l0.5,submitted_main_linear_features_H5_18col,6ed147cd585e5e8083292683f9be3cf585e97e4d46fa0e3224d24a4e2b42cbbb,f83baf5732ffbf88b9a448a3d9ab9fa270f7495fe44d1559c1ac49795a30881a,69cfb2bf8bc181dc1de1e09f0c7477a1a5de7585,elasticnet_corrected_69cfb2bf8bc1_6ed147cd_f83baf57
ElasticNet,5,1,2021-12-24,2021-12-29,11.48,12.843927322606794,1.3639273226067932,1.3639273226067932,1.8602977413533353,0.1,0.5,enet_a0.1_l0.5,submitted_main_linear_features_H5_18col,6ed147cd585e5e8083292683f9be3cf585e97e4d46fa0e3224d24a4e2b42cbbb,f83baf5732ffbf88b9a448a3d9ab9fa270f7495fe44d1559c1ac49795a30881a,69cfb2bf8bc181dc1de1e09f0c7477a1a5de7585,elasticnet_corrected_69cfb2bf8bc1_6ed147cd_f83baf57
ElasticNet,5,1,2021-12-25,2021-12-30,11.02,13.051514719503164,2.031514719503164,2.031514719503164,4.12705205555802,0.1,0.5,enet_a0.1_l0.5,submitted_main_linear_features_H5_18col,6ed147cd585e5e8083292683f9be3cf585e97e4d46fa0e3224d24a4e2b42cbbb,f83baf5732ffbf88b9a448a3d9ab9fa270f7495fe44d1559c1ac49795a30881a,69cfb2bf8bc181dc1de1e09f0c7477a1a5de7585,elasticnet_corrected_69cfb2bf8bc1_6ed147cd_f83baf57
ElasticNet,5,1,2021-12-26,2021-12-31,12.37,12.552716714869817,0.18271671486981766,0.18271671486981766,0.03338539789281825,0.1,0.5,enet_a0.1_l0.5,submitted_main_linear_features_H5_18col,6ed147cd585e5e8083292683f9be3cf585e97e4d46fa0e3224d24a4e2b42cbbb,f83baf5732ffbf88b9a448a3d9ab9fa270f7495fe44d1559c1ac49795a30881a,69cfb2bf8bc181dc1de1e09f0c7477a1a5de7585,elasticnet_corrected_69cfb2bf8bc1_6ed147cd_f83baf57
ElasticNet,5,1,2021-12-27,2022-01-01,13.37,12.58421576165802,-0.7857842383419786,0.7857842383419786,0.6174568692266835,0.1,0.5,enet_a0.1_l0.5,submitted_main_linear_features_H5_18col,6ed147cd585e5e8083292683f9be3cf585e97e4d46fa0e3224d24a4e2b42cbbb,f83baf5732ffbf88b9a448a3d9ab9fa270f7495fe44d1559c1ac49795a30881a,69cfb2bf8bc181dc1de1e09f0c7477a1a5de7585,elasticnet_corrected_69cfb2bf8bc1_6ed147cd_f83baf57
ElasticNet,5,1,2021-12-28,2022-01-02,12.34,12.668979441895532,0.3289794418955321,0.3289794418955321,0.10822747318989577,0.1,0.5,enet_a0.1_l0.5,submitted_main_linear_features_H5_18col,6ed147cd585e5e8083292683f9be3cf585e97e4d46fa0e3224d24a4e2b42cbbb,f83baf5732ffbf88b9a448a3d9ab9fa270f7495fe44d1559c1ac49795a30881a,69cfb2bf8bc181dc1de1e09f0c7477a1a5de7585,elasticnet_corrected_69cfb2bf8bc1_6ed147cd_f83baf57
ElasticNet,5,1,2021-12-29,2022-01-03,12.28,12.829950145417516,0.5499501454175171,0.5499501454175171,0.3024451624447482,0.1,0.5,enet_a0.1_l0.5,submitted_main_linear_features_H5_18col,6ed147cd585e5e8083292683f9be3cf585e97e4d46fa0e3224d24a4e2b42cbbb,f83baf5732ffbf88b9a448a3d9ab9fa270f7495fe44d1559c1ac49795a30881a,69cfb2bf8bc181dc1de1e09f0c7477a1a5de7585,elasticnet_corrected_69cfb2bf8bc1_6ed147cd_f83baf57
ElasticNet,5,1,2021-12-30,2022-01-04,12.84,12.919214585973164,0.07921458597316366,0.07921458597316366,0.0062749506308997375,0.1,0.5,enet_a0.1_l0.5,submitted_main_linear_features_H5_18col,6ed147cd585e5e8083292683f9be3cf585e97e4d46fa0e3224d24a4e2b42cbbb,f83baf5732ffbf88b9a448a3d9ab9fa270f7495fe44d1559c1ac49795a30881a,69cfb2bf8bc181dc1de1e09f0c7477a1a5de7585,elasticnet_corrected_69cfb2bf8bc1_6ed147cd_f83baf57
ElasticNet,5,1,2021-12-31,2022-01-05,12.52,12.861267276158813,0.34126727615881336,0.34126727615881336,0.11646335377685578,0.1,0.5,enet_a0.1_l0.5,submitted_main_linear_features_H5_18col,6ed147cd585e5e8083292683f9be3cf585e97e4d46fa0e3224d24a4e2b42cbbb,f83baf5732ffbf88b9a448a3d9ab9fa270f7495fe44d1559c1ac49795a30881a,69cfb2bf8bc181dc1de1e09f0c7477a1a5de7585,elasticnet_corrected_69cfb2bf8bc1_6ed147cd_f83baf57
ElasticNet,5,1,2022-01-01,2022-01-06,12.79,12.924965967463418,0.13496596746341893,0.13496596746341893,0.018215812373336658,0.1,0.5,enet_a0.1_l0.5,submitted_main_linear_features_H5_18col,6ed147cd585e5e8083292683f9be3cf585e97e4d46fa0e3224d24a4e2b42cbbb,f83baf5732ffbf88b9a448a3d9ab9fa270f7495fe44d1559c1ac49795a30881a,69cfb2bf8bc181dc1de1e09f0c7477a1a5de7585,elasticnet_corrected_69cfb2bf8bc1_6ed147cd_f83baf57
ElasticNet,5,1,2022-01-02,2022-01-07,13.93,12.910763390870281,-1.0192366091297185,1.0192366091297185,1.0388432653902464,0.1,0.5,enet_a0.1_l0.5,submitted_main_linear_features_H5_18col,6ed147cd585e5e8083292683f9be3cf585e97e4d46fa0e3224d24a4e2b42cbbb,f83baf5732ffbf88b9a448a3d9ab9fa270f7495fe44d1559c1ac49795a30881a,69cfb2bf8bc181dc1de1e09f0c7477a1a5de7585,elasticnet_corrected_69cfb2bf8bc1_6ed147cd_f83baf57
ElasticNet,5,1,2022-01-03,2022-01-08,14.05,12.661701735081788,-1.3882982649182125,1.3882982649182125,1.9273720723749193,0.1,0.5,enet_a0.1_l0.5,submitted_main_linear_features_H5_18col,6ed147cd585e5e8083292683f9be3cf585e97e4d46fa0e3224d24a4e2b42cbbb,f83baf5732ffbf88b9a448a3d9ab9fa270f7495fe44d1559c1ac49795a30881a,69cfb2bf8bc181dc1de1e09f0c7477a1a5de7585,elasticnet_corrected_69cfb2bf8bc1_6ed147cd_f83baf57
ElasticNet,5,1,2022-01-04,2022-01-09,11.8,12.526317513978121,0.7263175139781204,0.7263175139781204,0.5275371311113571,0.1,0.5,enet_a0.1_l0.5,submitted_main_linear_features_H5_18col,6ed147cd585e5e8083292683f9be3cf585e97e4d46fa0e3224d24a4e2b42cbbb,f83baf5732ffbf88b9a448a3d9ab9fa270f7495fe44d1559c1ac49795a30881a,69cfb2bf8bc181dc1de1e09f0c7477a1a5de7585,elasticnet_corrected_69cfb2bf8bc1_6ed147cd_f83baf57
ElasticNet,5,1,2022-01-05,2022-01-10,12.13,12.702156867950293,0.5721568679502926,0.5721568679502926,0.32736348154268863,0.1,0.5,enet_a0.1_l0.5,submitted_main_linear_features_H5_18col,6ed147cd585e5e8083292683f9be3cf585e97e4d46fa0e3224d24a4e2b42cbbb,f83baf5732ffbf88b9a448a3d9ab9fa270f7495fe44d1559c1ac49795a30881a,69cfb2bf8bc181dc1de1e09f0c7477a1a5de7585,elasticnet_corrected_69cfb2bf8bc1_6ed147cd_f83baf57
ElasticNet,5,1,2022-01-06,2022-01-11,11.1,12.566137286398018,1.466137286398018,1.466137286398018,2.149558542566544,0.1,0.5,enet_a0.1_l0.5,submitted_main_linear_features_H5_18col,6ed147cd585e5e8083292683f9be3cf585e97e4d46fa0e3224d24a4e2b42cbbb,f83baf5732ffbf88b9a448a3d9ab9fa270f7495fe44d1559c1ac49795a30881a,69cfb2bf8bc181dc1de1e09f0c7477a1a5de7585,elasticnet_corrected_69cfb2bf8bc1_6ed147cd_f83baf57
ElasticNet,5,1,2022-01-07,2022-01-12,12.55,12.186429180535209,-0.3635708194647922,0.3635708194647922,0.13218374076630052,0.1,0.5,enet_a0.1_l0.5,submitted_main_linear_features_H5_18col,6ed147cd585e5e8083292683f9be3cf585e97e4d46fa0e3224d24a4e2b42cbbb,f83baf5732ffbf88b9a448a3d9ab9fa270f7495fe44d1559c1ac49795a30881a,69cfb2bf8bc181dc1de1e09f0c7477a1a5de7585,elasticnet_corrected_69cfb2bf8bc1_6ed147cd_f83baf57
ElasticNet,5,1,2022-01-08,2022-01-13,15.31,12.452553166621636,-2.857446833378365,2.857446833378365,8.165002405584046,0.1,0.5,enet_a0.1_l0.5,submitted_main_linear_features_H5_18col,6ed147cd585e5e8083292683f9be3cf585e97e4d46fa0e3224d24a4e2b42cbbb,f83baf5732ffbf88b9a448a3d9ab9fa270f7495fe44d1559c1ac49795a30881a,69cfb2bf8bc181dc1de1e09f0c7477a1a5de7585,elasticnet_corrected_69cfb2bf8bc1_6ed147cd_f83baf57
ElasticNet,5,1,2022-01-09,2022-01-14,15.32,12.459785862919517,-2.860214137080483,2.860214137080483,8.180824909955051,0.1,0.5,enet_a0.1_l0.5,submitted_main_linear_features_H5_18col,6ed147cd585e5e8083292683f9be3cf585e97e4d46fa0e3224d24a4e2b42cbbb,f83baf5732ffbf88b9a448a3d9ab9fa270f7495fe44d1559c1ac49795a30881a,69cfb2bf8bc181dc1de1e09f0c7477a1a5de7585,elasticnet_corrected_69cfb2bf8bc1_6ed147cd_f83baf57
ElasticNet,5,1,2022-01-10,2022-01-15,13.61,12.338431553109906,-1.2715684468900932,1.2715684468900932,1.6168863151264838,0.1,0.5,enet_a0.1_l0.5,submitted_main_linear_features_H5_18col,6ed147cd585e5e8083292683f9be3cf585e97e4d46fa0e3224d24a4e2b42cbbb,f83baf5732ffbf88b9a448a3d9ab9fa270f7495fe44d1559c1ac49795a30881a,69cfb2bf8bc181dc1de1e09f0c7477a1a5de7585,elasticnet_corrected_69cfb2bf8bc1_6ed147cd_f83baf57
ElasticNet,5,1,2022-01-11,2022-01-16,10.99,12.694218501446612,1.7042185014466114,1.7042185014466114,2.9043607006729335,0.1,0.5,enet_a0.1_l0.5,submitted_main_linear_features_H5_18col,6ed147cd585e5e8083292683f9be3cf585e97e4d46fa0e3224d24a4e2b42cbbb,f83baf5732ffbf88b9a448a3d9ab9fa270f7495fe44d1559c1ac49795a30881a,69cfb2bf8bc181dc1de1e09f0c7477a1a5de7585,elasticnet_corrected_69cfb2bf8bc1_6ed147cd_f83baf57
ElasticNet,5,1,2022-01-12,2022-01-17,12.86,12.266346322997988,-0.5936536770020115,0.5936536770020115,0.35242468821800865,0.1,0.5,enet_a0.1_l0.5,submitted_main_linear_features_H5_18col,6ed147cd585e5e8083292683f9be3cf585e97e4d46fa0e3224d24a4e2b42cbbb,f83baf5732ffbf88b9a448a3d9ab9fa270f7495fe44d1559c1ac49795a30881a,69cfb2bf8bc181dc1de1e09f0c7477a1a5de7585,elasticnet_corrected_69cfb2bf8bc1_6ed147cd_f83baf57
ElasticNet,5,1,2022-01-13,2022-01-18,11.89,12.569072521603973,0.6790725216039721,0.6790725216039721,0.4611394895975772,0.1,0.5,enet_a0.1_l0.5,submitted_main_linear_features_H5_18col,6ed147cd585e5e8083292683f9be3cf585e97e4d46fa0e3224d24a4e2b42cbbb,f83baf5732ffbf88b9a448a3d9ab9fa270f7495fe44d1559c1ac49795a30881a,69cfb2bf8bc181dc1de1e09f0c7477a1a5de7585,elasticnet_corrected_69cfb2bf8bc1_6ed147cd_f83baf57
ElasticNet,5,1,2022-01-14,2022-01-19,14.33,12.85708415844466,-1.4729158415553396,1.4729158415553396,2.1694810763046743,0.1,0.5,enet_a0.1_l0.5,submitted_main_linear_features_H5_18col,6ed147cd585e5e8083292683f9be3cf585e97e4d46fa0e3224d24a4e2b42cbbb,f83baf5732ffbf88b9a448a3d9ab9fa270f7495fe44d1559c1ac49795a30881a,69cfb2bf8bc181dc1de1e09f0c7477a1a5de7585,elasticnet_corrected_69cfb2bf8bc1_6ed147cd_f83baf57
ElasticNet,5,1,2022-01-15,2022-01-20,12.26,12.779601731673443,0.5196017316734434,0.5196017316734434,0.26998595955804106,0.1,0.5,enet_a0.1_l0.5,submitted_main_linear_features_H5_18col,6ed147cd585e5e8083292683f9be3cf585e97e4d46fa0e3224d24a4e2b42cbbb,f83baf5732ffbf88b9a448a3d9ab9fa270f7495fe44d1559c1ac49795a30881a,69cfb2bf8bc181dc1de1e09f0c7477a1a5de7585,elasticnet_corrected_69cfb2bf8bc1_6ed147cd_f83baf57
ElasticNet,5,1,2022-01-16,2022-01-21,13.07,12.621361945564944,-0.44863805443505633,0.44863805443505633,0.20127610388727257,0.1,0.5,enet_a0.1_l0.5,submitted_main_linear_features_H5_18col,6ed147cd585e5e8083292683f9be3cf585e97e4d46fa0e3224d24a4e2b42cbbb,f83baf5732ffbf88b9a448a3d9ab9fa270f7495fe44d1559c1ac49795a30881a,69cfb2bf8bc181dc1de1e09f0c7477a1a5de7585,elasticnet_corrected_69cfb2bf8bc1_6ed147cd_f83baf57
ElasticNet,5,1,2022-01-17,2022-01-22,12.98,12.329216433795457,-0.6507835662045434,0.6507835662045434,0.4235192500419033,0.1,0.5,enet_a0.1_l0.5,submitted_main_linear_features_H5_18col,6ed147cd585e5e8083292683f9be3cf585e97e4d46fa0e3224d24a4e2b42cbbb,f83baf5732ffbf88b9a448a3d9ab9fa270f7495fe44d1559c1ac49795a30881a,69cfb2bf8bc181dc1de1e09f0c7477a1a5de7585,elasticnet_corrected_69cfb2bf8bc1_6ed147cd_f83baf57
ElasticNet,5,1,2022-01-18,2022-01-23,13.62,12.631300047911829,-0.9886999520881705,0.9886999520881705,0.9775275952591507,0.1,0.5,enet_a0.1_l0.5,submitted_main_linear_features_H5_18col,6ed147cd585e5e8083292683f9be3cf585e97e4d46fa0e3224d24a4e2b42cbbb,f83baf5732ffbf88b9a448a3d9ab9fa270f7495fe44d1559c1ac49795a30881a,69cfb2bf8bc181dc1de1e09f0c7477a1a5de7585,elasticnet_corrected_69cfb2bf8bc1_6ed147cd_f83baf57
ElasticNet,5,1,2022-01-19,2022-01-24,11.05,12.610109060135436,1.560109060135435,1.560109060135435,2.4339402795166705,0.1,0.5,enet_a0.1_l0.5,submitted_main_linear_features_H5_18col,6ed147cd585e5e8083292683f9be3cf585e97e4d46fa0e3224d24a4e2b42cbbb,f83baf5732ffbf88b9a448a3d9ab9fa270f7495fe44d1559c1ac49795a30881a,69cfb2bf8bc181dc1de1e09f0c7477a1a5de7585,elasticnet_corrected_69cfb2bf8bc1_6ed147cd_f83baf57
ElasticNet,5,1,2022-01-20,2022-01-25,11.05,13.220546883033858,2.1705468830338575,2.1705468830338575,4.711273771447994,0.1,0.5,enet_a0.1_l0.5,submitted_main_linear_features_H5_18col,6ed147cd585e5e8083292683f9be3cf585e97e4d46fa0e3224d24a4e2b42cbbb,f83baf5732ffbf88b9a448a3d9ab9fa270f7495fe44d1559c1ac49795a30881a,69cfb2bf8bc181dc1de1e09f0c7477a1a5de7585,elasticnet_corrected_69cfb2bf8bc1_6ed147cd_f83baf57
ElasticNet,5,1,2022-01-21,2022-01-26,15.6,12.648804646166072,-2.9511953538339277,2.9511953538339277,8.709554016490962,0.1,0.5,enet_a0.1_l0.5,submitted_main_linear_features_H5_18col,6ed147cd585e5e8083292683f9be3cf585e97e4d46fa0e3224d24a4e2b42cbbb,f83baf5732ffbf88b9a448a3d9ab9fa270f7495fe44d1559c1ac49795a30881a,69cfb2bf8bc181dc1de1e09f0c7477a1a5de7585,elasticnet_corrected_69cfb2bf8bc1_6ed147cd_f83baf57
ElasticNet,5,1,2022-01-22,2022-01-27,15.83,12.908549855168276,-2.9214501448317236,2.9214501448317236,8.534870948737298,0.1,0.5,enet_a0.1_l0.5,submitted_main_linear_features_H5_18col,6ed147cd585e5e8083292683f9be3cf585e97e4d46fa0e3224d24a4e2b42cbbb,f83baf5732ffbf88b9a448a3d9ab9fa270f7495fe44d1559c1ac49795a30881a,69cfb2bf8bc181dc1de1e09f0c7477a1a5de7585,elasticnet_corrected_69cfb2bf8bc1_6ed147cd_f83baf57
ElasticNet,5,1,2022-01-23,2022-01-28,17.57,12.692935732266932,-4.8770642677330684,4.8770642677330684,23.785755871598692,0.1,0.5,enet_a0.1_l0.5,submitted_main_linear_features_H5_18col,6ed147cd585e5e8083292683f9be3cf585e97e4d46fa0e3224d24a4e2b42cbbb,f83baf5732ffbf88b9a448a3d9ab9fa270f7495fe44d1559c1ac49795a30881a,69cfb2bf8bc181dc1de1e09f0c7477a1a5de7585,elasticnet_corrected_69cfb2bf8bc1_6ed147cd_f83baf57
ElasticNet,5,1,2022-01-24,2022-01-29,17.94,12.611807271118408,-5.328192728881593,5.328192728881593,28.389637756106676,0.1,0.5,enet_a0.1_l0.5,submitted_main_linear_features_H5_18col,6ed147cd585e5e8083292683f9be3cf585e97e4d46fa0e3224d24a4e2b42cbbb,f83baf5732ffbf88b9a448a3d9ab9fa270f7495fe44d1559c1ac49795a30881a,69cfb2bf8bc181dc1de1e09f0c7477a1a5de7585,elasticnet_corrected_69cfb2bf8bc1_6ed147cd_f83baf57
ElasticNet,5,1,2022-01-25,2022-01-30,15.82,12.369391479188502,-3.450608520811498,3.450608520811498,11.906699163896914,0.1,0.5,enet_a0.1_l0.5,submitted_main_linear_features_H5_18col,6ed147cd585e5e8083292683f9be3cf585e97e4d46fa0e3224d24a4e2b42cbbb,f83baf5732ffbf88b9a448a3d9ab9fa270f7495fe44d1559c1ac49795a30881a,69cfb2bf8bc181dc1de1e09f0c7477a1a5de7585,elasticnet_corrected_69cfb2bf8bc1_6ed147cd_f83baf57
ElasticNet,5,1,2022-01-26,2022-01-31,17.88,11.905476193757517,-5.974523806242482,5.974523806242482,35.69493471135816,0.1,0.5,enet_a0.1_l0.5,submitted_main_linear_features_H5_18col,6ed147cd585e5e8083292683f9be3cf585e97e4d46fa0e3224d24a4e2b42cbbb,f83baf5732ffbf88b9a448a3d9ab9fa270f7495fe44d1559c1ac49795a30881a,69cfb2bf8bc181dc1de1e09f0c7477a1a5de7585,elasticnet_corrected_69cfb2bf8bc1_6ed147cd_f83baf57
ElasticNet,5,1,2022-01-27,2022-02-01,17.53,12.314290430502664,-5.215709569497337,5.215709569497337,27.203626313346096,0.1,0.5,enet_a0.1_l0.5,submitted_main_linear_features_H5_18col,6ed147cd585e5e8083292683f9be3cf585e97e4d46fa0e3224d24a4e2b42cbbb,f83baf5732ffbf88b9a448a3d9ab9fa270f7495fe44d1559c1ac49795a30881a,69cfb2bf8bc181dc1de1e09f0c7477a1a5de7585,elasticnet_corrected_69cfb2bf8bc1_6ed147cd_f83baf57
ElasticNet,5,1,2022-01-28,2022-02-02,16.85,12.669176385353682,-4.18082361464632,4.18082361464632,17.479286096784318,0.1,0.5,enet_a0.1_l0.5,submitted_main_linear_features_H5_18col,6ed147cd585e5e8083292683f9be3cf585e97e4d46fa0e3224d24a4e2b42cbbb,f83baf5732ffbf88b9a448a3d9ab9fa270f7495fe44d1559c1ac49795a30881a,69cfb2bf8bc181dc1de1e09f0c7477a1a5de7585,elasticnet_corrected_69cfb2bf8bc1_6ed147cd_f83baf57
ElasticNet,5,1,2022-01-29,2022-02-03,15.86,12.976632255323377,-2.8833677446766224,2.8833677446766224,8.313809551041551,0.1,0.5,enet_a0.1_l0.5,submitted_main_linear_features_H5_18col,6ed147cd585e5e8083292683f9be3cf585e97e4d46fa0e3224d24a4e2b42cbbb,f83baf5732ffbf88b9a448a3d9ab9fa270f7495fe44d1559c1ac49795a30881a,69cfb2bf8bc181dc1de1e09f0c7477a1a5de7585,elasticnet_corrected_69cfb2bf8bc1_6ed147cd_f83baf57
ElasticNet,5,1,2022-01-30,2022-02-04,14.95,13.08940652040975,-1.86059347959025,1.86059347959025,3.461808096293754,0.1,0.5,enet_a0.1_l0.5,submitted_main_linear_features_H5_18col,6ed147cd585e5e8083292683f9be3cf585e97e4d46fa0e3224d24a4e2b42cbbb,f83baf5732ffbf88b9a448a3d9ab9fa270f7495fe44d1559c1ac49795a30881a,69cfb2bf8bc181dc1de1e09f0c7477a1a5de7585,elasticnet_corrected_69cfb2bf8bc1_6ed147cd_f83baf57
ElasticNet,5,1,2022-01-31,2022-02-05,16.84,13.022246555866694,-3.817753444133306,3.817753444133306,14.575241360191718,0.1,0.5,enet_a0.1_l0.5,submitted_main_linear_features_H5_18col,6ed147cd585e5e8083292683f9be3cf585e97e4d46fa0e3224d24a4e2b42cbbb,f83baf5732ffbf88b9a448a3d9ab9fa270f7495fe44d1559c1ac49795a30881a,69cfb2bf8bc181dc1de1e09f0c7477a1a5de7585,elasticnet_corrected_69cfb2bf8bc1_6ed147cd_f83baf57
ElasticNet,5,1,2022-02-01,2022-02-06,16.4,13.436132749831767,-2.9638672501682315,2.9638672501682315,8.784509076619795,0.1,0.5,enet_a0.1_l0.5,submitted_main_linear_features_H5_18col,6ed147cd585e5e8083292683f9be3cf585e97e4d46fa0e3224d24a4e2b42cbbb,f83baf5732ffbf88b9a448a3d9ab9fa270f7495fe44d1559c1ac49795a30881a,69cfb2bf8bc181dc1de1e09f0c7477a1a5de7585,elasticnet_corrected_69cfb2bf8bc1_6ed147cd_f83baf57
ElasticNet,5,1,2022-02-02,2022-02-07,16.34,13.28601442065379,-3.053985579346209,3.053985579346209,9.326827918854601,0.1,0.5,enet_a0.1_l0.5,submitted_main_linear_features_H5_18col,6ed147cd585e5e8083292683f9be3cf585e97e4d46fa0e3224d24a4e2b42cbbb,f83baf5732ffbf88b9a448a3d9ab9fa270f7495fe44d1559c1ac49795a30881a,69cfb2bf8bc181dc1de1e09f0c7477a1a5de7585,elasticnet_corrected_69cfb2bf8bc1_6ed147cd_f83baf57
ElasticNet,5,1,2022-02-03,2022-02-08,17.09,13.144601335524946,-3.9453986644750536,3.9453986644750536,15.566170621641536,0.1,0.5,enet_a0.1_l0.5,submitted_main_linear_features_H5_18col,6ed147cd585e5e8083292683f9be3cf585e97e4d46fa0e3224d24a4e2b42cbbb,f83baf5732ffbf88b9a448a3d9ab9fa270f7495fe44d1559c1ac49795a30881a,69cfb2bf8bc181dc1de1e09f0c7477a1a5de7585,elasticnet_corrected_69cfb2bf8bc1_6ed147cd_f83baf57
ElasticNet,5,1,2022-02-04,2022-02-09,16.3,12.750584652187268,-3.549415347812733,3.549415347812733,12.598349311288585,0.1,0.5,enet_a0.1_l0.5,submitted_main_linear_features_H5_18col,6ed147cd585e5e8083292683f9be3cf585e97e4d46fa0e3224d24a4e2b42cbbb,f83baf5732ffbf88b9a448a3d9ab9fa270f7495fe44d1559c1ac49795a30881a,69cfb2bf8bc181dc1de1e09f0c7477a1a5de7585,elasticnet_corrected_69cfb2bf8bc1_6ed147cd_f83baf57
ElasticNet,5,1,2022-02-05,2022-02-10,16.4,12.796992499509798,-3.6030075004902002,3.6030075004902002,12.98166304858864,0.1,0.5,enet_a0.1_l0.5,submitted_main_linear_features_H5_18col,6ed147cd585e5e8083292683f9be3cf585e97e4d46fa0e3224d24a4e2b42cbbb,f83baf5732ffbf88b9a448a3d9ab9fa270f7495fe44d1559c1ac49795a30881a,69cfb2bf8bc181dc1de1e09f0c7477a1a5de7585,elasticnet_corrected_69cfb2bf8bc1_6ed147cd_f83baf57
ElasticNet,5,1,2022-02-06,2022-02-11,15.29,12.786036149333025,-2.503963850666974,2.503963850666974,6.26983496544698,0.1,0.5,enet_a0.1_l0.5,submitted_main_linear_features_H5_18col,6ed147cd585e5e8083292683f9be3cf585e97e4d46fa0e3224d24a4e2b42cbbb,f83baf5732ffbf88b9a448a3d9ab9fa270f7495fe44d1559c1ac49795a30881a,69cfb2bf8bc181dc1de1e09f0c7477a1a5de7585,elasticnet_corrected_69cfb2bf8bc1_6ed147cd_f83baf57
ElasticNet,5,1,2022-02-07,2022-02-12,16.08,12.704583600327796,-3.3754163996722024,3.3754163996722024,11.393435871176054,0.1,0.5,enet_a0.1_l0.5,submitted_main_linear_features_H5_18col,6ed147cd585e5e8083292683f9be3cf585e97e4d46fa0e3224d24a4e2b42cbbb,f83baf5732ffbf88b9a448a3d9ab9fa270f7495fe44d1559c1ac49795a30881a,69cfb2bf8bc181dc1de1e09f0c7477a1a5de7585,elasticnet_corrected_69cfb2bf8bc1_6ed147cd_f83baf57
ElasticNet,5,1,2022-02-08,2022-02-13,16.36,12.731045914900172,-3.628954085099828,3.628954085099828,13.169307751762728,0.1,0.5,enet_a0.1_l0.5,submitted_main_linear_features_H5_18col,6ed147cd585e5e8083292683f9be3cf585e97e4d46fa0e3224d24a4e2b42cbbb,f83baf5732ffbf88b9a448a3d9ab9fa270f7495fe44d1559c1ac49795a30881a,69cfb2bf8bc181dc1de1e09f0c7477a1a5de7585,elasticnet_corrected_69cfb2bf8bc1_6ed147cd_f83baf57
ElasticNet,5,1,2022-02-09,2022-02-14,14.56,12.528465566163037,-2.0315344338369634,2.0315344338369634,4.127132155865271,0.1,0.5,enet_a0.1_l0.5,submitted_main_linear_features_H5_18col,6ed147cd585e5e8083292683f9be3cf585e97e4d46fa0e3224d24a4e2b42cbbb,f83baf5732ffbf88b9a448a3d9ab9fa270f7495fe44d1559c1ac49795a30881a,69cfb2bf8bc181dc1de1e09f0c7477a1a5de7585,elasticnet_corrected_69cfb2bf8bc1_6ed147cd_f83baf57
ElasticNet,5,1,2022-02-10,2022-02-15,14.23,12.267122469981643,-1.962877530018357,1.962877530018357,3.852888197850966,0.1,0.5,enet_a0.1_l0.5,submitted_main_linear_features_H5_18col,6ed147cd585e5e8083292683f9be3cf585e97e4d46fa0e3224d24a4e2b42cbbb,f83baf5732ffbf88b9a448a3d9ab9fa270f7495fe44d1559c1ac49795a30881a,69cfb2bf8bc181dc1de1e09f0c7477a1a5de7585,elasticnet_corrected_69cfb2bf8bc1_6ed147cd_f83baf57
ElasticNet,5,1,2022-02-11,2022-02-16,15.74,12.17415066092609,-3.5658493390739103,3.5658493390739103,12.715281508973844,0.1,0.5,enet_a0.1_l0.5,submitted_main_linear_features_H5_18col,6ed147cd585e5e8083292683f9be3cf585e97e4d46fa0e3224d24a4e2b42cbbb,f83baf5732ffbf88b9a448a3d9ab9fa270f7495fe44d1559c1ac49795a30881a,69cfb2bf8bc181dc1de1e09f0c7477a1a5de7585,elasticnet_corrected_69cfb2bf8bc1_6ed147cd_f83baf57
ElasticNet,5,1,2022-02-12,2022-02-17,16.45,12.288972186594968,-4.161027813405031,4.161027813405031,17.314152463930256,0.1,0.5,enet_a0.1_l0.5,submitted_main_linear_features_H5_18col,6ed147cd585e5e8083292683f9be3cf585e97e4d46fa0e3224d24a4e2b42cbbb,f83baf5732ffbf88b9a448a3d9ab9fa270f7495fe44d1559c1ac49795a30881a,69cfb2bf8bc181dc1de1e09f0c7477a1a5de7585,elasticnet_corrected_69cfb2bf8bc1_6ed147cd_f83baf57
ElasticNet,5,1,2022-02-13,2022-02-18,14.24,12.38640190412437,-1.8535980958756308,1.8535980958756308,3.4358259010337644,0.1,0.5,enet_a0.1_l0.5,submitted_main_linear_features_H5_18col,6ed147cd585e5e8083292683f9be3cf585e97e4d46fa0e3224d24a4e2b42cbbb,f83baf5732ffbf88b9a448a3d9ab9fa270f7495fe44d1559c1ac49795a30881a,69cfb2bf8bc181dc1de1e09f0c7477a1a5de7585,elasticnet_corrected_69cfb2bf8bc1_6ed147cd_f83baf57
ElasticNet,5,1,2022-02-14,2022-02-19,14.83,12.480136240157366,-2.349863759842634,2.349863759842634,5.521859689821762,0.1,0.5,enet_a0.1_l0.5,submitted_main_linear_features_H5_18col,6ed147cd585e5e8083292683f9be3cf585e97e4d46fa0e3224d24a4e2b42cbbb,f83baf5732ffbf88b9a448a3d9ab9fa270f7495fe44d1559c1ac49795a30881a,69cfb2bf8bc181dc1de1e09f0c7477a1a5de7585,elasticnet_corrected_69cfb2bf8bc1_6ed147cd_f83baf57
ElasticNet,5,1,2022-02-15,2022-02-20,14.17,12.36101349556378,-1.8089865044362199,1.8089865044362199,3.272432173232374,0.1,0.5,enet_a0.1_l0.5,submitted_main_linear_features_H5_18col,6ed147cd585e5e8083292683f9be3cf585e97e4d46fa0e3224d24a4e2b42cbbb,f83baf5732ffbf88b9a448a3d9ab9fa270f7495fe44d1559c1ac49795a30881a,69cfb2bf8bc181dc1de1e09f0c7477a1a5de7585,elasticnet_corrected_69cfb2bf8bc1_6ed147cd_f83baf57
ElasticNet,5,1,2022-02-16,2022-02-21,12.42,12.448320360315506,0.02832036031550622,0.02832036031550622,0.0008020428084000997,0.1,0.5,enet_a0.1_l0.5,submitted_main_linear_features_H5_18col,6ed147cd585e5e8083292683f9be3cf585e97e4d46fa0e3224d24a4e2b42cbbb,f83baf5732ffbf88b9a448a3d9ab9fa270f7495fe44d1559c1ac49795a30881a,69cfb2bf8bc181dc1de1e09f0c7477a1a5de7585,elasticnet_corrected_69cfb2bf8bc1_6ed147cd_f83baf57
ElasticNet,5,1,2022-02-17,2022-02-22,11.98,13.142291314124204,1.1622913141242037,1.1622913141242037,1.3509210988885685,0.1,0.5,enet_a0.1_l0.5,submitted_main_linear_features_H5_18col,6ed147cd585e5e8083292683f9be3cf585e97e4d46fa0e3224d24a4e2b42cbbb,f83baf5732ffbf88b9a448a3d9ab9fa270f7495fe44d1559c1ac49795a30881a,69cfb2bf8bc181dc1de1e09f0c7477a1a5de7585,elasticnet_corrected_69cfb2bf8bc1_6ed147cd_f83baf57
ElasticNet,5,1,2022-02-18,2022-02-23,13.84,13.420636979631274,-0.41936302036872597,0.41936302036872597,0.17586534285278047,0.1,0.5,enet_a0.1_l0.5,submitted_main_linear_features_H5_18col,6ed147cd585e5e8083292683f9be3cf585e97e4d46fa0e3224d24a4e2b42cbbb,f83baf5732ffbf88b9a448a3d9ab9fa270f7495fe44d1559c1ac49795a30881a,69cfb2bf8bc181dc1de1e09f0c7477a1a5de7585,elasticnet_corrected_69cfb2bf8bc1_6ed147cd_f83baf57
ElasticNet,5,1,2022-02-19,2022-02-24,13.06,13.183241404462654,0.12324140446265375,0.12324140446265375,0.015188443773927411,0.1,0.5,enet_a0.1_l0.5,submitted_main_linear_features_H5_18col,6ed147cd585e5e8083292683f9be3cf585e97e4d46fa0e3224d24a4e2b42cbbb,f83baf5732ffbf88b9a448a3d9ab9fa270f7495fe44d1559c1ac49795a30881a,69cfb2bf8bc181dc1de1e09f0c7477a1a5de7585,elasticnet_corrected_69cfb2bf8bc1_6ed147cd_f83baf57
ElasticNet,5,1,2022-02-20,2022-02-25,14.66,13.167112336289794,-1.4928876637102064,1.4928876637102064,2.2287135764581185,0.1,0.5,enet_a0.1_l0.5,submitted_main_linear_features_H5_18col,6ed147cd585e5e8083292683f9be3cf585e97e4d46fa0e3224d24a4e2b42cbbb,f83baf5732ffbf88b9a448a3d9ab9fa270f7495fe44d1559c1ac49795a30881a,69cfb2bf8bc181dc1de1e09f0c7477a1a5de7585,elasticnet_corrected_69cfb2bf8bc1_6ed147cd_f83baf57
ElasticNet,5,1,2022-02-21,2022-02-26,11.86,12.764534120178139,0.9045341201781394,0.9045341201781394,0.8181819745664407,0.1,0.5,enet_a0.1_l0.5,submitted_main_linear_features_H5_18col,6ed147cd585e5e8083292683f9be3cf585e97e4d46fa0e3224d24a4e2b42cbbb,f83baf5732ffbf88b9a448a3d9ab9fa270f7495fe44d1559c1ac49795a30881a,69cfb2bf8bc181dc1de1e09f0c7477a1a5de7585,elasticnet_corrected_69cfb2bf8bc1_6ed147cd_f83baf57
ElasticNet,5,1,2022-02-22,2022-02-27,12.23,12.31007046318694,0.08007046318694044,0.08007046318694044,0.006411279074971184,0.1,0.5,enet_a0.1_l0.5,submitted_main_linear_features_H5_18col,6ed147cd585e5e8083292683f9be3cf585e97e4d46fa0e3224d24a4e2b42cbbb,f83baf5732ffbf88b9a448a3d9ab9fa270f7495fe44d1559c1ac49795a30881a,69cfb2bf8bc181dc1de1e09f0c7477a1a5de7585,elasticnet_corrected_69cfb2bf8bc1_6ed147cd_f83baf57
ElasticNet,5,1,2022-02-23,2022-02-28,8.96,12.479235149706069,3.519235149706068,3.519235149706068,12.385016038926691,0.1,0.5,enet_a0.1_l0.5,submitted_main_linear_features_H5_18col,6ed147cd585e5e8083292683f9be3cf585e97e4d46fa0e3224d24a4e2b42cbbb,f83baf5732ffbf88b9a448a3d9ab9fa270f7495fe44d1559c1ac49795a30881a,69cfb2bf8bc181dc1de1e09f0c7477a1a5de7585,elasticnet_corrected_69cfb2bf8bc1_6ed147cd_f83baf57
ElasticNet,5,1,2022-02-24,2022-03-01,10.55,12.407894365778548,1.857894365778547,1.857894365778547,3.451771474391669,0.1,0.5,enet_a0.1_l0.5,submitted_main_linear_features_H5_18col,6ed147cd585e5e8083292683f9be3cf585e97e4d46fa0e3224d24a4e2b42cbbb,f83baf5732ffbf88b9a448a3d9ab9fa270f7495fe44d1559c1ac49795a30881a,69cfb2bf8bc181dc1de1e09f0c7477a1a5de7585,elasticnet_corrected_69cfb2bf8bc1_6ed147cd_f83baf57
ElasticNet,5,1,2022-02-25,2022-03-02,10.09,11.927463352403525,1.8374633524035247,1.8374633524035247,3.3762715714259994,0.1,0.5,enet_a0.1_l0.5,submitted_main_linear_features_H5_18col,6ed147cd585e5e8083292683f9be3cf585e97e4d46fa0e3224d24a4e2b42cbbb,f83baf5732ffbf88b9a448a3d9ab9fa270f7495fe44d1559c1ac49795a30881a,69cfb2bf8bc181dc1de1e09f0c7477a1a5de7585,elasticnet_corrected_69cfb2bf8bc1_6ed147cd_f83baf57
ElasticNet,5,1,2022-02-26,2022-03-03,9.89,11.895151010576484,2.0051510105764834,2.0051510105764834,4.020630575215892,0.1,0.5,enet_a0.1_l0.5,submitted_main_linear_features_H5_18col,6ed147cd585e5e8083292683f9be3cf585e97e4d46fa0e3224d24a4e2b42cbbb,f83baf5732ffbf88b9a448a3d9ab9fa270f7495fe44d1559c1ac49795a30881a,69cfb2bf8bc181dc1de1e09f0c7477a1a5de7585,elasticnet_corrected_69cfb2bf8bc1_6ed147cd_f83baf57
ElasticNet,5,1,2022-02-27,2022-03-04,12.55,11.540357102402615,-1.0096428975973861,1.0096428975973861,1.019378780668846,0.1,0.5,enet_a0.1_l0.5,submitted_main_linear_features_H5_18col,6ed147cd585e5e8083292683f9be3cf585e97e4d46fa0e3224d24a4e2b42cbbb,f83baf5732ffbf88b9a448a3d9ab9fa270f7495fe44d1559c1ac49795a30881a,69cfb2bf8bc181dc1de1e09f0c7477a1a5de7585,elasticnet_corrected_69cfb2bf8bc1_6ed147cd_f83baf57
ElasticNet,5,1,2022-02-28,2022-03-05,15.67,11.490790389499463,-4.179209610500537,4.179209610500537,17.465792968500054,0.1,0.5,enet_a0.1_l0.5,submitted_main_linear_features_H5_18col,6ed147cd585e5e8083292683f9be3cf585e97e4d46fa0e3224d24a4e2b42cbbb,f83baf5732ffbf88b9a448a3d9ab9fa270f7495fe44d1559c1ac49795a30881a,69cfb2bf8bc181dc1de1e09f0c7477a1a5de7585,elasticnet_corrected_69cfb2bf8bc1_6ed147cd_f83baf57
ElasticNet,5,1,2022-03-01,2022-03-06,14.47,10.929333805917176,-3.5406661940828243,3.5406661940828243,12.536317097920952,0.1,0.5,enet_a0.1_l0.5,submitted_main_linear_features_H5_18col,6ed147cd585e5e8083292683f9be3cf585e97e4d46fa0e3224d24a4e2b42cbbb,f83baf5732ffbf88b9a448a3d9ab9fa270f7495fe44d1559c1ac49795a30881a,69cfb2bf8bc181dc1de1e09f0c7477a1a5de7585,elasticnet_corrected_69cfb2bf8bc1_6ed147cd_f83baf57
ElasticNet,5,1,2022-03-02,2022-03-07,15.59,11.047154054616074,-4.542845945383926,4.542845945383926,20.637449283491172,0.1,0.5,enet_a0.1_l0.5,submitted_main_linear_features_H5_18col,6ed147cd585e5e8083292683f9be3cf585e97e4d46fa0e3224d24a4e2b42cbbb,f83baf5732ffbf88b9a448a3d9ab9fa270f7495fe44d1559c1ac49795a30881a,69cfb2bf8bc181dc1de1e09f0c7477a1a5de7585,elasticnet_corrected_69cfb2bf8bc1_6ed147cd_f83baf57
ElasticNet,5,1,2022-03-03,2022-03-08,17.47,10.562927391849087,-6.907072608150912,6.907072608150912,47.707652014268646,0.1,0.5,enet_a0.1_l0.5,submitted_main_linear_features_H5_18col,6ed147cd585e5e8083292683f9be3cf585e97e4d46fa0e3224d24a4e2b42cbbb,f83baf5732ffbf88b9a448a3d9ab9fa270f7495fe44d1559c1ac49795a30881a,69cfb2bf8bc181dc1de1e09f0c7477a1a5de7585,elasticnet_corrected_69cfb2bf8bc1_6ed147cd_f83baf57
ElasticNet,5,1,2022-03-04,2022-03-09,15.23,10.552390459470223,-4.677609540529778,4.677609540529778,21.8800310136552,0.1,0.5,enet_a0.1_l0.5,submitted_main_linear_features_H5_18col,6ed147cd585e5e8083292683f9be3cf585e97e4d46fa0e3224d24a4e2b42cbbb,f83baf5732ffbf88b9a448a3d9ab9fa270f7495fe44d1559c1ac49795a30881a,69cfb2bf8bc181dc1de1e09f0c7477a1a5de7585,elasticnet_corrected_69cfb2bf8bc1_6ed147cd_f83baf57
ElasticNet,5,1,2022-03-05,2022-03-10,15.48,11.103803410067497,-4.376196589932503,4.376196589932503,19.151096593736867,0.1,0.5,enet_a0.1_l0.5,submitted_main_linear_features_H5_18col,6ed147cd585e5e8083292683f9be3cf585e97e4d46fa0e3224d24a4e2b42cbbb,f83baf5732ffbf88b9a448a3d9ab9fa270f7495fe44d1559c1ac49795a30881a,69cfb2bf8bc181dc1de1e09f0c7477a1a5de7585,elasticnet_corrected_69cfb2bf8bc1_6ed147cd_f83baf57
ElasticNet,5,1,2022-03-06,2022-03-11,16.87,11.574963973042033,-5.295036026957968,5.295036026957968,28.03740652678282,0.1,0.5,enet_a0.1_l0.5,submitted_main_linear_features_H5_18col,6ed147cd585e5e8083292683f9be3cf585e97e4d46fa0e3224d24a4e2b42cbbb,f83baf5732ffbf88b9a448a3d9ab9fa270f7495fe44d1559c1ac49795a30881a,69cfb2bf8bc181dc1de1e09f0c7477a1a5de7585,elasticnet_corrected_69cfb2bf8bc1_6ed147cd_f83baf57
ElasticNet,5,1,2022-03-07,2022-03-12,16.91,11.896189948129292,-5.013810051870708,5.013810051870708,25.138291236239752,0.1,0.5,enet_a0.1_l0.5,submitted_main_linear_features_H5_18col,6ed147cd585e5e8083292683f9be3cf585e97e4d46fa0e3224d24a4e2b42cbbb,f83baf5732ffbf88b9a448a3d9ab9fa270f7495fe44d1559c1ac49795a30881a,69cfb2bf8bc181dc1de1e09f0c7477a1a5de7585,elasticnet_corrected_69cfb2bf8bc1_6ed147cd_f83baf57
ElasticNet,5,1,2022-03-08,2022-03-13,16.7,11.912396191446609,-4.78760380855339,4.78760380855339,22.92115022767493,0.1,0.5,enet_a0.1_l0.5,submitted_main_linear_features_H5_18col,6ed147cd585e5e8083292683f9be3cf585e97e4d46fa0e3224d24a4e2b42cbbb,f83baf5732ffbf88b9a448a3d9ab9fa270f7495fe44d1559c1ac49795a30881a,69cfb2bf8bc181dc1de1e09f0c7477a1a5de7585,elasticnet_corrected_69cfb2bf8bc1_6ed147cd_f83baf57
ElasticNet,5,1,2022-03-09,2022-03-14,17.6,12.024129007996436,-5.575870992003566,5.575870992003566,31.090337319466826,0.1,0.5,enet_a0.1_l0.5,submitted_main_linear_features_H5_18col,6ed147cd585e5e8083292683f9be3cf585e97e4d46fa0e3224d24a4e2b42cbbb,f83baf5732ffbf88b9a448a3d9ab9fa270f7495fe44d1559c1ac49795a30881a,69cfb2bf8bc181dc1de1e09f0c7477a1a5de7585,elasticnet_corrected_69cfb2bf8bc1_6ed147cd_f83baf57
ElasticNet,5,1,2022-03-10,2022-03-15,15.05,11.9480135346901,-3.101986465309901,3.101986465309901,9.622320030965813,0.1,0.5,enet_a0.1_l0.5,submitted_main_linear_features_H5_18col,6ed147cd585e5e8083292683f9be3cf585e97e4d46fa0e3224d24a4e2b42cbbb,f83baf5732ffbf88b9a448a3d9ab9fa270f7495fe44d1559c1ac49795a30881a,69cfb2bf8bc181dc1de1e09f0c7477a1a5de7585,elasticnet_corrected_69cfb2bf8bc1_6ed147cd_f83baf57
ElasticNet,5,1,2022-03-11,2022-03-16,14.66,12.107718862047282,-2.5522811379527184,2.5522811379527184,6.514139007149223,0.1,0.5,enet_a0.1_l0.5,submitted_main_linear_features_H5_18col,6ed147cd585e5e8083292683f9be3cf585e97e4d46fa0e3224d24a4e2b42cbbb,f83baf5732ffbf88b9a448a3d9ab9fa270f7495fe44d1559c1ac49795a30881a,69cfb2bf8bc181dc1de1e09f0c7477a1a5de7585,elasticnet_corrected_69cfb2bf8bc1_6ed147cd_f83baf57
ElasticNet,5,1,2022-03-12,2022-03-17,14.99,12.478846943270877,-2.511153056729123,2.511153056729123,6.305889674320017,0.1,0.5,enet_a0.1_l0.5,submitted_main_linear_features_H5_18col,6ed147cd585e5e8083292683f9be3cf585e97e4d46fa0e3224d24a4e2b42cbbb,f83baf5732ffbf88b9a448a3d9ab9fa270f7495fe44d1559c1ac49795a30881a,69cfb2bf8bc181dc1de1e09f0c7477a1a5de7585,elasticnet_corrected_69cfb2bf8bc1_6ed147cd_f83baf57
ElasticNet,5,1,2022-03-13,2022-03-18,16.39,12.42182777828705,-3.968172221712951,3.968172221712951,15.746390781174298,0.1,0.5,enet_a0.1_l0.5,submitted_main_linear_features_H5_18col,6ed147cd585e5e8083292683f9be3cf585e97e4d46fa0e3224d24a4e2b42cbbb,f83baf5732ffbf88b9a448a3d9ab9fa270f7495fe44d1559c1ac49795a30881a,69cfb2bf8bc181dc1de1e09f0c7477a1a5de7585,elasticnet_corrected_69cfb2bf8bc1_6ed147cd_f83baf57
ElasticNet,5,1,2022-03-14,2022-03-19,14.39,11.999232594420102,-2.390767405579899,2.390767405579899,5.715768787583241,0.1,0.5,enet_a0.1_l0.5,submitted_main_linear_features_H5_18col,6ed147cd585e5e8083292683f9be3cf585e97e4d46fa0e3224d24a4e2b42cbbb,f83baf5732ffbf88b9a448a3d9ab9fa270f7495fe44d1559c1ac49795a30881a,69cfb2bf8bc181dc1de1e09f0c7477a1a5de7585,elasticnet_corrected_69cfb2bf8bc1_6ed147cd_f83baf57
ElasticNet,5,1,2022-03-15,2022-03-20,14.16,12.111622054393541,-2.0483779456064592,2.0483779456064592,4.195852208046938,0.1,0.5,enet_a0.1_l0.5,submitted_main_linear_features_H5_18col,6ed147cd585e5e8083292683f9be3cf585e97e4d46fa0e3224d24a4e2b42cbbb,f83baf5732ffbf88b9a448a3d9ab9fa270f7495fe44d1559c1ac49795a30881a,69cfb2bf8bc181dc1de1e09f0c7477a1a5de7585,elasticnet_corrected_69cfb2bf8bc1_6ed147cd_f83baf57
ElasticNet,5,1,2022-03-16,2022-03-21,15.02,11.551015194400419,-3.4689848055995807,3.4689848055995807,12.033855581480761,0.1,0.5,enet_a0.1_l0.5,submitted_main_linear_features_H5_18col,6ed147cd585e5e8083292683f9be3cf585e97e4d46fa0e3224d24a4e2b42cbbb,f83baf5732ffbf88b9a448a3d9ab9fa270f7495fe44d1559c1ac49795a30881a,69cfb2bf8bc181dc1de1e09f0c7477a1a5de7585,elasticnet_corrected_69cfb2bf8bc1_6ed147cd_f83baf57
ElasticNet,5,1,2022-03-17,2022-03-22,14.66,11.603906638042343,-3.0560933619576574,3.0560933619576574,9.339706637001656,0.1,0.5,enet_a0.1_l0.5,submitted_main_linear_features_H5_18col,6ed147cd585e5e8083292683f9be3cf585e97e4d46fa0e3224d24a4e2b42cbbb,f83baf5732ffbf88b9a448a3d9ab9fa270f7495fe44d1559c1ac49795a30881a,69cfb2bf8bc181dc1de1e09f0c7477a1a5de7585,elasticnet_corrected_69cfb2bf8bc1_6ed147cd_f83baf57
ElasticNet,5,1,2022-03-18,2022-03-23,13.91,11.772644158854689,-2.137355841145311,2.137355841145311,4.568289991677981,0.1,0.5,enet_a0.1_l0.5,submitted_main_linear_features_H5_18col,6ed147cd585e5e8083292683f9be3cf585e97e4d46fa0e3224d24a4e2b42cbbb,f83baf5732ffbf88b9a448a3d9ab9fa270f7495fe44d1559c1ac49795a30881a,69cfb2bf8bc181dc1de1e09f0c7477a1a5de7585,elasticnet_corrected_69cfb2bf8bc1_6ed147cd_f83baf57
ElasticNet,5,1,2022-03-19,2022-03-24,15.36,12.247019266123882,-3.1129807338761175,3.1129807338761175,9.690649049483891,0.1,0.5,enet_a0.1_l0.5,submitted_main_linear_features_H5_18col,6ed147cd585e5e8083292683f9be3cf585e97e4d46fa0e3224d24a4e2b42cbbb,f83baf5732ffbf88b9a448a3d9ab9fa270f7495fe44d1559c1ac49795a30881a,69cfb2bf8bc181dc1de1e09f0c7477a1a5de7585,elasticnet_corrected_69cfb2bf8bc1_6ed147cd_f83baf57
ElasticNet,5,1,2022-03-20,2022-03-25,14.02,12.004013336402592,-2.015986663597408,2.015986663597408,4.064202227802609,0.1,0.5,enet_a0.1_l0.5,submitted_main_linear_features_H5_18col,6ed147cd585e5e8083292683f9be3cf585e97e4d46fa0e3224d24a4e2b42cbbb,f83baf5732ffbf88b9a448a3d9ab9fa270f7495fe44d1559c1ac49795a30881a,69cfb2bf8bc181dc1de1e09f0c7477a1a5de7585,elasticnet_corrected_69cfb2bf8bc1_6ed147cd_f83baf57
ElasticNet,5,1,2022-03-21,2022-03-26,12.34,11.945404401345415,-0.3945955986545844,0.3945955986545844,0.15570568647756983,0.1,0.5,enet_a0.1_l0.5,submitted_main_linear_features_H5_18col,6ed147cd585e5e8083292683f9be3cf585e97e4d46fa0e3224d24a4e2b42cbbb,f83baf5732ffbf88b9a448a3d9ab9fa270f7495fe44d1559c1ac49795a30881a,69cfb2bf8bc181dc1de1e09f0c7477a1a5de7585,elasticnet_corrected_69cfb2bf8bc1_6ed147cd_f83baf57
ElasticNet,5,1,2022-03-22,2022-03-27,10.51,12.092019051816786,1.5820190518167863,1.5820190518167863,2.5027842803112836,0.1,0.5,enet_a0.1_l0.5,submitted_main_linear_features_H5_18col,6ed147cd585e5e8083292683f9be3cf585e97e4d46fa0e3224d24a4e2b42cbbb,f83baf5732ffbf88b9a448a3d9ab9fa270f7495fe44d1559c1ac49795a30881a,69cfb2bf8bc181dc1de1e09f0c7477a1a5de7585,elasticnet_corrected_69cfb2bf8bc1_6ed147cd_f83baf57
ElasticNet,5,1,2022-03-23,2022-03-28,11.68,12.073186595325334,0.39318659532533395,0.39318659532533395,0.15459569874352794,0.1,0.5,enet_a0.1_l0.5,submitted_main_linear_features_H5_18col,6ed147cd585e5e8083292683f9be3cf585e97e4d46fa0e3224d24a4e2b42cbbb,f83baf5732ffbf88b9a448a3d9ab9fa270f7495fe44d1559c1ac49795a30881a,69cfb2bf8bc181dc1de1e09f0c7477a1a5de7585,elasticnet_corrected_69cfb2bf8bc1_6ed147cd_f83baf57
ElasticNet,5,1,2022-03-24,2022-03-29,13.13,11.682235274019648,-1.4477647259803526,1.4477647259803526,2.096022701792965,0.1,0.5,enet_a0.1_l0.5,submitted_main_linear_features_H5_18col,6ed147cd585e5e8083292683f9be3cf585e97e4d46fa0e3224d24a4e2b42cbbb,f83baf5732ffbf88b9a448a3d9ab9fa270f7495fe44d1559c1ac49795a30881a,69cfb2bf8bc181dc1de1e09f0c7477a1a5de7585,elasticnet_corrected_69cfb2bf8bc1_6ed147cd_f83baf57
ElasticNet,5,1,2022-03-25,2022-03-30,9.49,11.61448653193584,2.1244865319358404,2.1244865319358404,4.513443024376774,0.1,0.5,enet_a0.1_l0.5,submitted_main_linear_features_H5_18col,6ed147cd585e5e8083292683f9be3cf585e97e4d46fa0e3224d24a4e2b42cbbb,f83baf5732ffbf88b9a448a3d9ab9fa270f7495fe44d1559c1ac49795a30881a,69cfb2bf8bc181dc1de1e09f0c7477a1a5de7585,elasticnet_corrected_69cfb2bf8bc1_6ed147cd_f83baf57
ElasticNet,5,1,2022-03-26,2022-03-31,12.8,10.85140958584297,-1.9485904141570298,1.9485904141570298,3.797004602144665,0.1,0.5,enet_a0.1_l0.5,submitted_main_linear_features_H5_18col,6ed147cd585e5e8083292683f9be3cf585e97e4d46fa0e3224d24a4e2b42cbbb,f83baf5732ffbf88b9a448a3d9ab9fa270f7495fe44d1559c1ac49795a30881a,69cfb2bf8bc181dc1de1e09f0c7477a1a5de7585,elasticnet_corrected_69cfb2bf8bc1_6ed147cd_f83baf57
ElasticNet,5,1,2022-03-27,2022-04-01,10.76,11.011171589915968,0.2511715899159679,0.2511715899159679,0.06308716758091513,0.1,0.5,enet_a0.1_l0.5,submitted_main_linear_features_H5_18col,6ed147cd585e5e8083292683f9be3cf585e97e4d46fa0e3224d24a4e2b42cbbb,f83baf5732ffbf88b9a448a3d9ab9fa270f7495fe44d1559c1ac49795a30881a,69cfb2bf8bc181dc1de1e09f0c7477a1a5de7585,elasticnet_corrected_69cfb2bf8bc1_6ed147cd_f83baf57
ElasticNet,5,1,2022-03-28,2022-04-02,9.76,10.973459212385208,1.2134592123852084,1.2134592123852084,1.4724832601225302,0.1,0.5,enet_a0.1_l0.5,submitted_main_linear_features_H5_18col,6ed147cd585e5e8083292683f9be3cf585e97e4d46fa0e3224d24a4e2b42cbbb,f83baf5732ffbf88b9a448a3d9ab9fa270f7495fe44d1559c1ac49795a30881a,69cfb2bf8bc181dc1de1e09f0c7477a1a5de7585,elasticnet_corrected_69cfb2bf8bc1_6ed147cd_f83baf57
ElasticNet,5,1,2022-03-29,2022-04-03,11.41,10.818424987838814,-0.5915750121611865,0.5915750121611865,0.3499609950135079,0.1,0.5,enet_a0.1_l0.5,submitted_main_linear_features_H5_18col,6ed147cd585e5e8083292683f9be3cf585e97e4d46fa0e3224d24a4e2b42cbbb,f83baf5732ffbf88b9a448a3d9ab9fa270f7495fe44d1559c1ac49795a30881a,69cfb2bf8bc181dc1de1e09f0c7477a1a5de7585,elasticnet_corrected_69cfb2bf8bc1_6ed147cd_f83baf57
ElasticNet,5,1,2022-03-30,2022-04-04,12.77,10.647860133508983,-2.1221398664910165,2.1221398664910165,4.503477612950509,0.1,0.5,enet_a0.1_l0.5,submitted_main_linear_features_H5_18col,6ed147cd585e5e8083292683f9be3cf585e97e4d46fa0e3224d24a4e2b42cbbb,f83baf5732ffbf88b9a448a3d9ab9fa270f7495fe44d1559c1ac49795a30881a,69cfb2bf8bc181dc1de1e09f0c7477a1a5de7585,elasticnet_corrected_69cfb2bf8bc1_6ed147cd_f83baf57
ElasticNet,5,1,2022-03-31,2022-04-05,13.25,10.29619503075799,-2.953804969242009,2.953804969242009,8.724963796318788,0.1,0.5,enet_a0.1_l0.5,submitted_main_linear_features_H5_18col,6ed147cd585e5e8083292683f9be3cf585e97e4d46fa0e3224d24a4e2b42cbbb,f83baf5732ffbf88b9a448a3d9ab9fa270f7495fe44d1559c1ac49795a30881a,69cfb2bf8bc181dc1de1e09f0c7477a1a5de7585,elasticnet_corrected_69cfb2bf8bc1_6ed147cd_f83baf57
ElasticNet,5,1,2022-04-01,2022-04-06,12.49,11.077023568929672,-1.4129764310703283,1.4129764310703283,1.9965023947602423,0.1,0.5,enet_a0.1_l0.5,submitted_main_linear_features_H5_18col,6ed147cd585e5e8083292683f9be3cf585e97e4d46fa0e3224d24a4e2b42cbbb,f83baf5732ffbf88b9a448a3d9ab9fa270f7495fe44d1559c1ac49795a30881a,69cfb2bf8bc181dc1de1e09f0c7477a1a5de7585,elasticnet_corrected_69cfb2bf8bc1_6ed147cd_f83baf57
ElasticNet,5,1,2022-04-02,2022-04-07,14.95,10.952364071711095,-3.9976359282889042,3.9976359282889042,15.981093015146289,0.1,0.5,enet_a0.1_l0.5,submitted_main_linear_features_H5_18col,6ed147cd585e5e8083292683f9be3cf585e97e4d46fa0e3224d24a4e2b42cbbb,f83baf5732ffbf88b9a448a3d9ab9fa270f7495fe44d1559c1ac49795a30881a,69cfb2bf8bc181dc1de1e09f0c7477a1a5de7585,elasticnet_corrected_69cfb2bf8bc1_6ed147cd_f83baf57
ElasticNet,5,1,2022-04-03,2022-04-08,17.18,10.557384871163324,-6.622615128836676,6.622615128836676,43.859031144696424,0.1,0.5,enet_a0.1_l0.5,submitted_main_linear_features_H5_18col,6ed147cd585e5e8083292683f9be3cf585e97e4d46fa0e3224d24a4e2b42cbbb,f83baf5732ffbf88b9a448a3d9ab9fa270f7495fe44d1559c1ac49795a30881a,69cfb2bf8bc181dc1de1e09f0c7477a1a5de7585,elasticnet_corrected_69cfb2bf8bc1_6ed147cd_f83baf57
ElasticNet,5,1,2022-04-04,2022-04-09,15.3,10.940880427755857,-4.359119572244143,4.359119572244143,19.001923445121964,0.1,0.5,enet_a0.1_l0.5,submitted_main_linear_features_H5_18col,6ed147cd585e5e8083292683f9be3cf585e97e4d46fa0e3224d24a4e2b42cbbb,f83baf5732ffbf88b9a448a3d9ab9fa270f7495fe44d1559c1ac49795a30881a,69cfb2bf8bc181dc1de1e09f0c7477a1a5de7585,elasticnet_corrected_69cfb2bf8bc1_6ed147cd_f83baf57
ElasticNet,5,1,2022-04-05,2022-04-10,14.35,11.035922318261013,-3.3140776817389863,3.3140776817389863,10.983110880600455,0.1,0.5,enet_a0.1_l0.5,submitted_main_linear_features_H5_18col,6ed147cd585e5e8083292683f9be3cf585e97e4d46fa0e3224d24a4e2b42cbbb,f83baf5732ffbf88b9a448a3d9ab9fa270f7495fe44d1559c1ac49795a30881a,69cfb2bf8bc181dc1de1e09f0c7477a1a5de7585,elasticnet_corrected_69cfb2bf8bc1_6ed147cd_f83baf57
ElasticNet,5,1,2022-04-06,2022-04-11,14.05,11.10771820263027,-2.9422817973697306,2.9422817973697306,8.657022175133253,0.1,0.5,enet_a0.1_l0.5,submitted_main_linear_features_H5_18col,6ed147cd585e5e8083292683f9be3cf585e97e4d46fa0e3224d24a4e2b42cbbb,f83baf5732ffbf88b9a448a3d9ab9fa270f7495fe44d1559c1ac49795a30881a,69cfb2bf8bc181dc1de1e09f0c7477a1a5de7585,elasticnet_corrected_69cfb2bf8bc1_6ed147cd_f83baf57
ElasticNet,5,1,2022-04-07,2022-04-12,12.72,11.47739223390612,-1.2426077660938812,1.2426077660938812,1.544074060356826,0.1,0.5,enet_a0.1_l0.5,submitted_main_linear_features_H5_18col,6ed147cd585e5e8083292683f9be3cf585e97e4d46fa0e3224d24a4e2b42cbbb,f83baf5732ffbf88b9a448a3d9ab9fa270f7495fe44d1559c1ac49795a30881a,69cfb2bf8bc181dc1de1e09f0c7477a1a5de7585,elasticnet_corrected_69cfb2bf8bc1_6ed147cd_f83baf57
ElasticNet,5,1,2022-04-08,2022-04-13,14.57,11.466319952543415,-3.103680047456585,3.103680047456585,9.632829836980111,0.1,0.5,enet_a0.1_l0.5,submitted_main_linear_features_H5_18col,6ed147cd585e5e8083292683f9be3cf585e97e4d46fa0e3224d24a4e2b42cbbb,f83baf5732ffbf88b9a448a3d9ab9fa270f7495fe44d1559c1ac49795a30881a,69cfb2bf8bc181dc1de1e09f0c7477a1a5de7585,elasticnet_corrected_69cfb2bf8bc1_6ed147cd_f83baf57
ElasticNet,5,1,2022-04-09,2022-04-14,13.69,11.806360923316797,-1.8836390766832025,1.8836390766832025,3.5480961712079475,0.1,0.5,enet_a0.1_l0.5,submitted_main_linear_features_H5_18col,6ed147cd585e5e8083292683f9be3cf585e97e4d46fa0e3224d24a4e2b42cbbb,f83baf5732ffbf88b9a448a3d9ab9fa270f7495fe44d1559c1ac49795a30881a,69cfb2bf8bc181dc1de1e09f0c7477a1a5de7585,elasticnet_corrected_69cfb2bf8bc1_6ed147cd_f83baf57
ElasticNet,5,1,2022-04-10,2022-04-15,15.92,11.615202937419694,-4.304797062580306,4.304797062580306,18.531277750000033,0.1,0.5,enet_a0.1_l0.5,submitted_main_linear_features_H5_18col,6ed147cd585e5e8083292683f9be3cf585e97e4d46fa0e3224d24a4e2b42cbbb,f83baf5732ffbf88b9a448a3d9ab9fa270f7495fe44d1559c1ac49795a30881a,69cfb2bf8bc181dc1de1e09f0c7477a1a5de7585,elasticnet_corrected_69cfb2bf8bc1_6ed147cd_f83baf57
ElasticNet,5,1,2022-04-11,2022-04-16,11.75,11.427586215396776,-0.32241378460322423,0.32241378460322423,0.10395064850217427,0.1,0.5,enet_a0.1_l0.5,submitted_main_linear_features_H5_18col,6ed147cd585e5e8083292683f9be3cf585e97e4d46fa0e3224d24a4e2b42cbbb,f83baf5732ffbf88b9a448a3d9ab9fa270f7495fe44d1559c1ac49795a30881a,69cfb2bf8bc181dc1de1e09f0c7477a1a5de7585,elasticnet_corrected_69cfb2bf8bc1_6ed147cd_f83baf57
ElasticNet,5,1,2022-04-12,2022-04-17,11.92,11.725034785672012,-0.19496521432798808,0.19496521432798808,0.03801143479795833,0.1,0.5,enet_a0.1_l0.5,submitted_main_linear_features_H5_18col,6ed147cd585e5e8083292683f9be3cf585e97e4d46fa0e3224d24a4e2b42cbbb,f83baf5732ffbf88b9a448a3d9ab9fa270f7495fe44d1559c1ac49795a30881a,69cfb2bf8bc181dc1de1e09f0c7477a1a5de7585,elasticnet_corrected_69cfb2bf8bc1_6ed147cd_f83baf57
ElasticNet,5,1,2022-04-13,2022-04-18,13.1,11.098637084028903,-2.0013629159710966,2.0013629159710966,4.0054535214243305,0.1,0.5,enet_a0.1_l0.5,submitted_main_linear_features_H5_18col,6ed147cd585e5e8083292683f9be3cf585e97e4d46fa0e3224d24a4e2b42cbbb,f83baf5732ffbf88b9a448a3d9ab9fa270f7495fe44d1559c1ac49795a30881a,69cfb2bf8bc181dc1de1e09f0c7477a1a5de7585,elasticnet_corrected_69cfb2bf8bc1_6ed147cd_f83baf57
ElasticNet,5,1,2022-04-14,2022-04-19,13.5,11.048279059050994,-2.4517209409490057,2.4517209409490057,6.010935572287878,0.1,0.5,enet_a0.1_l0.5,submitted_main_linear_features_H5_18col,6ed147cd585e5e8083292683f9be3cf585e97e4d46fa0e3224d24a4e2b42cbbb,f83baf5732ffbf88b9a448a3d9ab9fa270f7495fe44d1559c1ac49795a30881a,69cfb2bf8bc181dc1de1e09f0c7477a1a5de7585,elasticnet_corrected_69cfb2bf8bc1_6ed147cd_f83baf57
ElasticNet,5,1,2022-04-15,2022-04-20,13.24,11.24482594668534,-1.9951740533146598,1.9951740533146598,3.980719503020049,0.1,0.5,enet_a0.1_l0.5,submitted_main_linear_features_H5_18col,6ed147cd585e5e8083292683f9be3cf585e97e4d46fa0e3224d24a4e2b42cbbb,f83baf5732ffbf88b9a448a3d9ab9fa270f7495fe44d1559c1ac49795a30881a,69cfb2bf8bc181dc1de1e09f0c7477a1a5de7585,elasticnet_corrected_69cfb2bf8bc1_6ed147cd_f83baf57
ElasticNet,5,1,2022-04-16,2022-04-21,13.75,10.898932849082952,-2.851067150917048,2.851067150917048,8.128583899038254,0.1,0.5,enet_a0.1_l0.5,submitted_main_linear_features_H5_18col,6ed147cd585e5e8083292683f9be3cf585e97e4d46fa0e3224d24a4e2b42cbbb,f83baf5732ffbf88b9a448a3d9ab9fa270f7495fe44d1559c1ac49795a30881a,69cfb2bf8bc181dc1de1e09f0c7477a1a5de7585,elasticnet_corrected_69cfb2bf8bc1_6ed147cd_f83baf57
ElasticNet,5,1,2022-04-17,2022-04-22,17.64,10.14425654653912,-7.4957434534608804,7.4957434534608804,56.18616992010165,0.1,0.5,enet_a0.1_l0.5,submitted_main_linear_features_H5_18col,6ed147cd585e5e8083292683f9be3cf585e97e4d46fa0e3224d24a4e2b42cbbb,f83baf5732ffbf88b9a448a3d9ab9fa270f7495fe44d1559c1ac49795a30881a,69cfb2bf8bc181dc1de1e09f0c7477a1a5de7585,elasticnet_corrected_69cfb2bf8bc1_6ed147cd_f83baf57
ElasticNet,5,1,2022-04-18,2022-04-23,11.22,10.110889010596528,-1.1091109894034723,1.1091109894034723,1.2301271868155492,0.1,0.5,enet_a0.1_l0.5,submitted_main_linear_features_H5_18col,6ed147cd585e5e8083292683f9be3cf585e97e4d46fa0e3224d24a4e2b42cbbb,f83baf5732ffbf88b9a448a3d9ab9fa270f7495fe44d1559c1ac49795a30881a,69cfb2bf8bc181dc1de1e09f0c7477a1a5de7585,elasticnet_corrected_69cfb2bf8bc1_6ed147cd_f83baf57
ElasticNet,5,1,2022-04-19,2022-04-24,11.23,9.950750050969821,-1.279249949030179,1.279249949030179,1.6364804320937154,0.1,0.5,enet_a0.1_l0.5,submitted_main_linear_features_H5_18col,6ed147cd585e5e8083292683f9be3cf585e97e4d46fa0e3224d24a4e2b42cbbb,f83baf5732ffbf88b9a448a3d9ab9fa270f7495fe44d1559c1ac49795a30881a,69cfb2bf8bc181dc1de1e09f0c7477a1a5de7585,elasticnet_corrected_69cfb2bf8bc1_6ed147cd_f83baf57
ElasticNet,5,1,2022-04-20,2022-04-25,13.46,9.851109970339229,-3.608890029660772,3.608890029660772,13.02408724618493,0.1,0.5,enet_a0.1_l0.5,submitted_main_linear_features_H5_18col,6ed147cd585e5e8083292683f9be3cf585e97e4d46fa0e3224d24a4e2b42cbbb,f83baf5732ffbf88b9a448a3d9ab9fa270f7495fe44d1559c1ac49795a30881a,69cfb2bf8bc181dc1de1e09f0c7477a1a5de7585,elasticnet_corrected_69cfb2bf8bc1_6ed147cd_f83baf57
ElasticNet,5,1,2022-04-21,2022-04-26,14.5,9.645290531814553,-4.8547094681854475,4.8547094681854475,23.56820402048943,0.1,0.5,enet_a0.1_l0.5,submitted_main_linear_features_H5_18col,6ed147cd585e5e8083292683f9be3cf585e97e4d46fa0e3224d24a4e2b42cbbb,f83baf5732ffbf88b9a448a3d9ab9fa270f7495fe44d1559c1ac49795a30881a,69cfb2bf8bc181dc1de1e09f0c7477a1a5de7585,elasticnet_corrected_69cfb2bf8bc1_6ed147cd_f83baf57
ElasticNet,5,1,2022-04-22,2022-04-27,11.69,9.967559880460854,-1.7224401195391454,1.7224401195391454,2.9667999653980255,0.1,0.5,enet_a0.1_l0.5,submitted_main_linear_features_H5_18col,6ed147cd585e5e8083292683f9be3cf585e97e4d46fa0e3224d24a4e2b42cbbb,f83baf5732ffbf88b9a448a3d9ab9fa270f7495fe44d1559c1ac49795a30881a,69cfb2bf8bc181dc1de1e09f0c7477a1a5de7585,elasticnet_corrected_69cfb2bf8bc1_6ed147cd_f83baf57
ElasticNet,5,1,2022-04-23,2022-04-28,11.68,10.489667038131193,-1.1903329618688065,1.1903329618688065,1.4168925601113658,0.1,0.5,enet_a0.1_l0.5,submitted_main_linear_features_H5_18col,6ed147cd585e5e8083292683f9be3cf585e97e4d46fa0e3224d24a4e2b42cbbb,f83baf5732ffbf88b9a448a3d9ab9fa270f7495fe44d1559c1ac49795a30881a,69cfb2bf8bc181dc1de1e09f0c7477a1a5de7585,elasticnet_corrected_69cfb2bf8bc1_6ed147cd_f83baf57
ElasticNet,5,1,2022-04-24,2022-04-29,11.09,9.651622792432708,-1.4383772075672923,1.4383772075672923,2.068928991249081,0.1,0.5,enet_a0.1_l0.5,submitted_main_linear_features_H5_18col,6ed147cd585e5e8083292683f9be3cf585e97e4d46fa0e3224d24a4e2b42cbbb,f83baf5732ffbf88b9a448a3d9ab9fa270f7495fe44d1559c1ac49795a30881a,69cfb2bf8bc181dc1de1e09f0c7477a1a5de7585,elasticnet_corrected_69cfb2bf8bc1_6ed147cd_f83baf57
ElasticNet,5,1,2022-04-25,2022-04-30,8.23,9.431801190343474,1.201801190343474,1.201801190343474,1.444326101110991,0.1,0.5,enet_a0.1_l0.5,submitted_main_linear_features_H5_18col,6ed147cd585e5e8083292683f9be3cf585e97e4d46fa0e3224d24a4e2b42cbbb,f83baf5732ffbf88b9a448a3d9ab9fa270f7495fe44d1559c1ac49795a30881a,69cfb2bf8bc181dc1de1e09f0c7477a1a5de7585,elasticnet_corrected_69cfb2bf8bc1_6ed147cd_f83baf57
ElasticNet,5,1,2022-04-26,2022-05-01,7.6,9.262456814687626,1.6624568146876264,1.6624568146876264,2.763762660701329,0.1,0.5,enet_a0.1_l0.5,submitted_main_linear_features_H5_18col,6ed147cd585e5e8083292683f9be3cf585e97e4d46fa0e3224d24a4e2b42cbbb,f83baf5732ffbf88b9a448a3d9ab9fa270f7495fe44d1559c1ac49795a30881a,69cfb2bf8bc181dc1de1e09f0c7477a1a5de7585,elasticnet_corrected_69cfb2bf8bc1_6ed147cd_f83baf57
ElasticNet,5,1,2022-04-27,2022-05-02,10.04,10.297694623703071,0.25769462370307217,0.25769462370307217,0.06640651908546796,0.1,0.5,enet_a0.1_l0.5,submitted_main_linear_features_H5_18col,6ed147cd585e5e8083292683f9be3cf585e97e4d46fa0e3224d24a4e2b42cbbb,f83baf5732ffbf88b9a448a3d9ab9fa270f7495fe44d1559c1ac49795a30881a,69cfb2bf8bc181dc1de1e09f0c7477a1a5de7585,elasticnet_corrected_69cfb2bf8bc1_6ed147cd_f83baf57
ElasticNet,5,1,2022-04-28,2022-05-03,9.17,10.232385868620874,1.0623858686208738,1.0623858686208738,1.1286637338453285,0.1,0.5,enet_a0.1_l0.5,submitted_main_linear_features_H5_18col,6ed147cd585e5e8083292683f9be3cf585e97e4d46fa0e3224d24a4e2b42cbbb,f83baf5732ffbf88b9a448a3d9ab9fa270f7495fe44d1559c1ac49795a30881a,69cfb2bf8bc181dc1de1e09f0c7477a1a5de7585,elasticnet_corrected_69cfb2bf8bc1_6ed147cd_f83baf57
ElasticNet,5,1,2022-04-29,2022-05-04,10.49,10.274516101226652,-0.21548389877334806,0.21548389877334806,0.04643331063056251,0.1,0.5,enet_a0.1_l0.5,submitted_main_linear_features_H5_18col,6ed147cd585e5e8083292683f9be3cf585e97e4d46fa0e3224d24a4e2b42cbbb,f83baf5732ffbf88b9a448a3d9ab9fa270f7495fe44d1559c1ac49795a30881a,69cfb2bf8bc181dc1de1e09f0c7477a1a5de7585,elasticnet_corrected_69cfb2bf8bc1_6ed147cd_f83baf57
ElasticNet,5,1,2022-04-30,2022-05-05,9.19,10.621260791504056,1.431260791504057,1.431260791504057,2.0485074532968195,0.1,0.5,enet_a0.1_l0.5,submitted_main_linear_features_H5_18col,6ed147cd585e5e8083292683f9be3cf585e97e4d46fa0e3224d24a4e2b42cbbb,f83baf5732ffbf88b9a448a3d9ab9fa270f7495fe44d1559c1ac49795a30881a,69cfb2bf8bc181dc1de1e09f0c7477a1a5de7585,elasticnet_corrected_69cfb2bf8bc1_6ed147cd_f83baf57
ElasticNet,5,1,2022-05-01,2022-05-06,9.34,10.489013858075364,1.1490138580753637,1.1490138580753637,1.320232846049232,0.1,0.5,enet_a0.1_l0.5,submitted_main_linear_features_H5_18col,6ed147cd585e5e8083292683f9be3cf585e97e4d46fa0e3224d24a4e2b42cbbb,f83baf5732ffbf88b9a448a3d9ab9fa270f7495fe44d1559c1ac49795a30881a,69cfb2bf8bc181dc1de1e09f0c7477a1a5de7585,elasticnet_corrected_69cfb2bf8bc1_6ed147cd_f83baf57
ElasticNet,5,1,2022-05-02,2022-05-07,10.28,10.41785773188487,0.13785773188487127,0.13785773188487127,0.019004754240441055,0.1,0.5,enet_a0.1_l0.5,submitted_main_linear_features_H5_18col,6ed147cd585e5e8083292683f9be3cf585e97e4d46fa0e3224d24a4e2b42cbbb,f83baf5732ffbf88b9a448a3d9ab9fa270f7495fe44d1559c1ac49795a30881a,69cfb2bf8bc181dc1de1e09f0c7477a1a5de7585,elasticnet_corrected_69cfb2bf8bc1_6ed147cd_f83baf57
ElasticNet,5,1,2022-05-03,2022-05-08,10.58,10.983947886302989,0.40394788630298883,0.40394788630298883,0.16317389484865238,0.1,0.5,enet_a0.1_l0.5,submitted_main_linear_features_H5_18col,6ed147cd585e5e8083292683f9be3cf585e97e4d46fa0e3224d24a4e2b42cbbb,f83baf5732ffbf88b9a448a3d9ab9fa270f7495fe44d1559c1ac49795a30881a,69cfb2bf8bc181dc1de1e09f0c7477a1a5de7585,elasticnet_corrected_69cfb2bf8bc1_6ed147cd_f83baf57
ElasticNet,5,1,2022-05-04,2022-05-09,12.71,10.397325292450713,-2.312674707549288,2.312674707549288,5.348464302938185,0.1,0.5,enet_a0.1_l0.5,submitted_main_linear_features_H5_18col,6ed147cd585e5e8083292683f9be3cf585e97e4d46fa0e3224d24a4e2b42cbbb,f83baf5732ffbf88b9a448a3d9ab9fa270f7495fe44d1559c1ac49795a30881a,69cfb2bf8bc181dc1de1e09f0c7477a1a5de7585,elasticnet_corrected_69cfb2bf8bc1_6ed147cd_f83baf57
ElasticNet,5,1,2022-05-05,2022-05-10,12.64,10.09161884061275,-2.548381159387251,2.548381159387251,6.4942465335199095,0.1,0.5,enet_a0.1_l0.5,submitted_main_linear_features_H5_18col,6ed147cd585e5e8083292683f9be3cf585e97e4d46fa0e3224d24a4e2b42cbbb,f83baf5732ffbf88b9a448a3d9ab9fa270f7495fe44d1559c1ac49795a30881a,69cfb2bf8bc181dc1de1e09f0c7477a1a5de7585,elasticnet_corrected_69cfb2bf8bc1_6ed147cd_f83baf57
ElasticNet,5,1,2022-05-06,2022-05-11,12.72,9.676285585570865,-3.043714414429136,3.043714414429136,9.264197436603698,0.1,0.5,enet_a0.1_l0.5,submitted_main_linear_features_H5_18col,6ed147cd585e5e8083292683f9be3cf585e97e4d46fa0e3224d24a4e2b42cbbb,f83baf5732ffbf88b9a448a3d9ab9fa270f7495fe44d1559c1ac49795a30881a,69cfb2bf8bc181dc1de1e09f0c7477a1a5de7585,elasticnet_corrected_69cfb2bf8bc1_6ed147cd_f83baf57
ElasticNet,5,1,2022-05-07,2022-05-12,13.37,9.855920640309998,-3.514079359690001,3.514079359690001,12.348753746199288,0.1,0.5,enet_a0.1_l0.5,submitted_main_linear_features_H5_18col,6ed147cd585e5e8083292683f9be3cf585e97e4d46fa0e3224d24a4e2b42cbbb,f83baf5732ffbf88b9a448a3d9ab9fa270f7495fe44d1559c1ac49795a30881a,69cfb2bf8bc181dc1de1e09f0c7477a1a5de7585,elasticnet_corrected_69cfb2bf8bc1_6ed147cd_f83baf57
ElasticNet,5,1,2022-05-08,2022-05-13,12.94,10.29996449747104,-2.64003550252896,2.64003550252896,6.969787454613338,0.1,0.5,enet_a0.1_l0.5,submitted_main_linear_features_H5_18col,6ed147cd585e5e8083292683f9be3cf585e97e4d46fa0e3224d24a4e2b42cbbb,f83baf5732ffbf88b9a448a3d9ab9fa270f7495fe44d1559c1ac49795a30881a,69cfb2bf8bc181dc1de1e09f0c7477a1a5de7585,elasticnet_corrected_69cfb2bf8bc1_6ed147cd_f83baf57
ElasticNet,5,1,2022-05-09,2022-05-14,15.8,11.02385864047744,-4.77614135952256,4.77614135952256,22.81152628614201,0.1,0.5,enet_a0.1_l0.5,submitted_main_linear_features_H5_18col,6ed147cd585e5e8083292683f9be3cf585e97e4d46fa0e3224d24a4e2b42cbbb,f83baf5732ffbf88b9a448a3d9ab9fa270f7495fe44d1559c1ac49795a30881a,69cfb2bf8bc181dc1de1e09f0c7477a1a5de7585,elasticnet_corrected_69cfb2bf8bc1_6ed147cd_f83baf57
ElasticNet,5,1,2022-05-10,2022-05-15,13.32,10.86367170846481,-2.45632829153519,2.45632829153519,6.033548675796185,0.1,0.5,enet_a0.1_l0.5,submitted_main_linear_features_H5_18col,6ed147cd585e5e8083292683f9be3cf585e97e4d46fa0e3224d24a4e2b42cbbb,f83baf5732ffbf88b9a448a3d9ab9fa270f7495fe44d1559c1ac49795a30881a,69cfb2bf8bc181dc1de1e09f0c7477a1a5de7585,elasticnet_corrected_69cfb2bf8bc1_6ed147cd_f83baf57
ElasticNet,5,1,2022-05-11,2022-05-16,11.74,11.480909155518574,-0.2590908444814257,0.2590908444814257,0.06712806569409834,0.1,0.5,enet_a0.1_l0.5,submitted_main_linear_features_H5_18col,6ed147cd585e5e8083292683f9be3cf585e97e4d46fa0e3224d24a4e2b42cbbb,f83baf5732ffbf88b9a448a3d9ab9fa270f7495fe44d1559c1ac49795a30881a,69cfb2bf8bc181dc1de1e09f0c7477a1a5de7585,elasticnet_corrected_69cfb2bf8bc1_6ed147cd_f83baf57
ElasticNet,5,1,2022-05-12,2022-05-17,11.9,11.387838791442139,-0.5121612085578615,0.5121612085578615,0.2623091035514493,0.1,0.5,enet_a0.1_l0.5,submitted_main_linear_features_H5_18col,6ed147cd585e5e8083292683f9be3cf585e97e4d46fa0e3224d24a4e2b42cbbb,f83baf5732ffbf88b9a448a3d9ab9fa270f7495fe44d1559c1ac49795a30881a,69cfb2bf8bc181dc1de1e09f0c7477a1a5de7585,elasticnet_corrected_69cfb2bf8bc1_6ed147cd_f83baf57
ElasticNet,5,1,2022-05-13,2022-05-18,13.99,12.03464930170026,-1.9553506982997408,1.9553506982997408,3.823396353341284,0.1,0.5,enet_a0.1_l0.5,submitted_main_linear_features_H5_18col,6ed147cd585e5e8083292683f9be3cf585e97e4d46fa0e3224d24a4e2b42cbbb,f83baf5732ffbf88b9a448a3d9ab9fa270f7495fe44d1559c1ac49795a30881a,69cfb2bf8bc181dc1de1e09f0c7477a1a5de7585,elasticnet_corrected_69cfb2bf8bc1_6ed147cd_f83baf57
ElasticNet,5,1,2022-05-14,2022-05-19,13.14,12.600487549113883,-0.539512450886118,0.539512450886118,0.29107368466114586,0.1,0.5,enet_a0.1_l0.5,submitted_main_linear_features_H5_18col,6ed147cd585e5e8083292683f9be3cf585e97e4d46fa0e3224d24a4e2b42cbbb,f83baf5732ffbf88b9a448a3d9ab9fa270f7495fe44d1559c1ac49795a30881a,69cfb2bf8bc181dc1de1e09f0c7477a1a5de7585,elasticnet_corrected_69cfb2bf8bc1_6ed147cd_f83baf57
ElasticNet,5,1,2022-05-15,2022-05-20,13.2,12.997250614532627,-0.20274938546737253,0.20274938546737253,0.04110731330739721,0.1,0.5,enet_a0.1_l0.5,submitted_main_linear_features_H5_18col,6ed147cd585e5e8083292683f9be3cf585e97e4d46fa0e3224d24a4e2b42cbbb,f83baf5732ffbf88b9a448a3d9ab9fa270f7495fe44d1559c1ac49795a30881a,69cfb2bf8bc181dc1de1e09f0c7477a1a5de7585,elasticnet_corrected_69cfb2bf8bc1_6ed147cd_f83baf57
ElasticNet,5,1,2022-05-16,2022-05-21,12.84,12.482323785945802,-0.357676214054198,0.357676214054198,0.1279322741001445,0.1,0.5,enet_a0.1_l0.5,submitted_main_linear_features_H5_18col,6ed147cd585e5e8083292683f9be3cf585e97e4d46fa0e3224d24a4e2b42cbbb,f83baf5732ffbf88b9a448a3d9ab9fa270f7495fe44d1559c1ac49795a30881a,69cfb2bf8bc181dc1de1e09f0c7477a1a5de7585,elasticnet_corrected_69cfb2bf8bc1_6ed147cd_f83baf57
ElasticNet,5,1,2022-05-17,2022-05-22,12.78,12.170298364259978,-0.6097016357400218,0.6097016357400218,0.3717360846240582,0.1,0.5,enet_a0.1_l0.5,submitted_main_linear_features_H5_18col,6ed147cd585e5e8083292683f9be3cf585e97e4d46fa0e3224d24a4e2b42cbbb,f83baf5732ffbf88b9a448a3d9ab9fa270f7495fe44d1559c1ac49795a30881a,69cfb2bf8bc181dc1de1e09f0c7477a1a5de7585,elasticnet_corrected_69cfb2bf8bc1_6ed147cd_f83baf57
ElasticNet,5,1,2022-05-18,2022-05-23,13.42,12.094343238354156,-1.3256567616458437,1.3256567616458437,1.7573658496973452,0.1,0.5,enet_a0.1_l0.5,submitted_main_linear_features_H5_18col,6ed147cd585e5e8083292683f9be3cf585e97e4d46fa0e3224d24a4e2b42cbbb,f83baf5732ffbf88b9a448a3d9ab9fa270f7495fe44d1559c1ac49795a30881a,69cfb2bf8bc181dc1de1e09f0c7477a1a5de7585,elasticnet_corrected_69cfb2bf8bc1_6ed147cd_f83baf57
ElasticNet,5,1,2022-05-19,2022-05-24,12.91,11.6411165639389,-1.2688834360611008,1.2688834360611008,1.6100651743102257,0.1,0.5,enet_a0.1_l0.5,submitted_main_linear_features_H5_18col,6ed147cd585e5e8083292683f9be3cf585e97e4d46fa0e3224d24a4e2b42cbbb,f83baf5732ffbf88b9a448a3d9ab9fa270f7495fe44d1559c1ac49795a30881a,69cfb2bf8bc181dc1de1e09f0c7477a1a5de7585,elasticnet_corrected_69cfb2bf8bc1_6ed147cd_f83baf57
ElasticNet,5,1,2022-05-20,2022-05-25,14.44,11.067026866386225,-3.3729731336137743,3.3729731336137743,11.376947760080323,0.1,0.5,enet_a0.1_l0.5,submitted_main_linear_features_H5_18col,6ed147cd585e5e8083292683f9be3cf585e97e4d46fa0e3224d24a4e2b42cbbb,f83baf5732ffbf88b9a448a3d9ab9fa270f7495fe44d1559c1ac49795a30881a,69cfb2bf8bc181dc1de1e09f0c7477a1a5de7585,elasticnet_corrected_69cfb2bf8bc1_6ed147cd_f83baf57
ElasticNet,5,1,2022-05-21,2022-05-26,13.75,10.837033520089287,-2.912966479910713,2.912966479910713,8.48537371308341,0.1,0.5,enet_a0.1_l0.5,submitted_main_linear_features_H5_18col,6ed147cd585e5e8083292683f9be3cf585e97e4d46fa0e3224d24a4e2b42cbbb,f83baf5732ffbf88b9a448a3d9ab9fa270f7495fe44d1559c1ac49795a30881a,69cfb2bf8bc181dc1de1e09f0c7477a1a5de7585,elasticnet_corrected_69cfb2bf8bc1_6ed147cd_f83baf57
ElasticNet,5,1,2022-05-22,2022-05-27,13.81,10.504520946988547,-3.305479053011453,3.305479053011453,10.926191769897493,0.1,0.5,enet_a0.1_l0.5,submitted_main_linear_features_H5_18col,6ed147cd585e5e8083292683f9be3cf585e97e4d46fa0e3224d24a4e2b42cbbb,f83baf5732ffbf88b9a448a3d9ab9fa270f7495fe44d1559c1ac49795a30881a,69cfb2bf8bc181dc1de1e09f0c7477a1a5de7585,elasticnet_corrected_69cfb2bf8bc1_6ed147cd_f83baf57
ElasticNet,5,1,2022-05-23,2022-05-28,16.48,10.462868522804612,-6.017131477195388,6.017131477195388,36.20587121385555,0.1,0.5,enet_a0.1_l0.5,submitted_main_linear_features_H5_18col,6ed147cd585e5e8083292683f9be3cf585e97e4d46fa0e3224d24a4e2b42cbbb,f83baf5732ffbf88b9a448a3d9ab9fa270f7495fe44d1559c1ac49795a30881a,69cfb2bf8bc181dc1de1e09f0c7477a1a5de7585,elasticnet_corrected_69cfb2bf8bc1_6ed147cd_f83baf57
ElasticNet,5,1,2022-05-24,2022-05-29,15.8,10.316789375394874,-5.483210624605126,5.483210624605126,30.06559875378254,0.1,0.5,enet_a0.1_l0.5,submitted_main_linear_features_H5_18col,6ed147cd585e5e8083292683f9be3cf585e97e4d46fa0e3224d24a4e2b42cbbb,f83baf5732ffbf88b9a448a3d9ab9fa270f7495fe44d1559c1ac49795a30881a,69cfb2bf8bc181dc1de1e09f0c7477a1a5de7585,elasticnet_corrected_69cfb2bf8bc1_6ed147cd_f83baf57
ElasticNet,5,1,2022-05-25,2022-05-30,12.42,10.544213393353049,-1.875786606646951,1.875786606646951,3.5185753936760835,0.1,0.5,enet_a0.1_l0.5,submitted_main_linear_features_H5_18col,6ed147cd585e5e8083292683f9be3cf585e97e4d46fa0e3224d24a4e2b42cbbb,f83baf5732ffbf88b9a448a3d9ab9fa270f7495fe44d1559c1ac49795a30881a,69cfb2bf8bc181dc1de1e09f0c7477a1a5de7585,elasticnet_corrected_69cfb2bf8bc1_6ed147cd_f83baf57
ElasticNet,5,1,2022-05-26,2022-05-31,13.5,10.79178424763219,-2.70821575236781,2.70821575236781,7.334432561373142,0.1,0.5,enet_a0.1_l0.5,submitted_main_linear_features_H5_18col,6ed147cd585e5e8083292683f9be3cf585e97e4d46fa0e3224d24a4e2b42cbbb,f83baf5732ffbf88b9a448a3d9ab9fa270f7495fe44d1559c1ac49795a30881a,69cfb2bf8bc181dc1de1e09f0c7477a1a5de7585,elasticnet_corrected_69cfb2bf8bc1_6ed147cd_f83baf57
ElasticNet,5,1,2022-05-27,2022-06-01,12.92,10.758122372728163,-2.1618776272718367,2.1618776272718367,4.673714875298507,0.1,0.5,enet_a0.1_l0.5,submitted_main_linear_features_H5_18col,6ed147cd585e5e8083292683f9be3cf585e97e4d46fa0e3224d24a4e2b42cbbb,f83baf5732ffbf88b9a448a3d9ab9fa270f7495fe44d1559c1ac49795a30881a,69cfb2bf8bc181dc1de1e09f0c7477a1a5de7585,elasticnet_corrected_69cfb2bf8bc1_6ed147cd_f83baf57
ElasticNet,5,1,2022-05-28,2022-06-02,13.51,10.65522367187872,-2.8547763281212806,2.8547763281212806,8.149747883601622,0.1,0.5,enet_a0.1_l0.5,submitted_main_linear_features_H5_18col,6ed147cd585e5e8083292683f9be3cf585e97e4d46fa0e3224d24a4e2b42cbbb,f83baf5732ffbf88b9a448a3d9ab9fa270f7495fe44d1559c1ac49795a30881a,69cfb2bf8bc181dc1de1e09f0c7477a1a5de7585,elasticnet_corrected_69cfb2bf8bc1_6ed147cd_f83baf57
ElasticNet,5,1,2022-05-29,2022-06-03,12.24,11.186833720770863,-1.0531662792291367,1.0531662792291367,1.109159211705344,0.1,0.5,enet_a0.1_l0.5,submitted_main_linear_features_H5_18col,6ed147cd585e5e8083292683f9be3cf585e97e4d46fa0e3224d24a4e2b42cbbb,f83baf5732ffbf88b9a448a3d9ab9fa270f7495fe44d1559c1ac49795a30881a,69cfb2bf8bc181dc1de1e09f0c7477a1a5de7585,elasticnet_corrected_69cfb2bf8bc1_6ed147cd_f83baf57
ElasticNet,5,1,2022-05-30,2022-06-04,10.24,11.140225654554747,0.9002256545547471,0.9002256545547471,0.8104062291185229,0.1,0.5,enet_a0.1_l0.5,submitted_main_linear_features_H5_18col,6ed147cd585e5e8083292683f9be3cf585e97e4d46fa0e3224d24a4e2b42cbbb,f83baf5732ffbf88b9a448a3d9ab9fa270f7495fe44d1559c1ac49795a30881a,69cfb2bf8bc181dc1de1e09f0c7477a1a5de7585,elasticnet_corrected_69cfb2bf8bc1_6ed147cd_f83baf57
ElasticNet,5,1,2022-05-31,2022-06-05,9.78,10.563284351677927,0.7832843516779278,0.7832843516779278,0.6135343755835116,0.1,0.5,enet_a0.1_l0.5,submitted_main_linear_features_H5_18col,6ed147cd585e5e8083292683f9be3cf585e97e4d46fa0e3224d24a4e2b42cbbb,f83baf5732ffbf88b9a448a3d9ab9fa270f7495fe44d1559c1ac49795a30881a,69cfb2bf8bc181dc1de1e09f0c7477a1a5de7585,elasticnet_corrected_69cfb2bf8bc1_6ed147cd_f83baf57
ElasticNet,5,1,2022-06-01,2022-06-06,8.76,11.369933355702543,2.609933355702543,2.609933355702543,6.811752121208736,0.1,0.5,enet_a0.1_l0.5,submitted_main_linear_features_H5_18col,6ed147cd585e5e8083292683f9be3cf585e97e4d46fa0e3224d24a4e2b42cbbb,f83baf5732ffbf88b9a448a3d9ab9fa270f7495fe44d1559c1ac49795a30881a,69cfb2bf8bc181dc1de1e09f0c7477a1a5de7585,elasticnet_corrected_69cfb2bf8bc1_6ed147cd_f83baf57
ElasticNet,5,1,2022-06-02,2022-06-07,9.5,11.174136490337442,1.6741364903374425,1.6741364903374425,2.8027329882793697,0.1,0.5,enet_a0.1_l0.5,submitted_main_linear_features_H5_18col,6ed147cd585e5e8083292683f9be3cf585e97e4d46fa0e3224d24a4e2b42cbbb,f83baf5732ffbf88b9a448a3d9ab9fa270f7495fe44d1559c1ac49795a30881a,69cfb2bf8bc181dc1de1e09f0c7477a1a5de7585,elasticnet_corrected_69cfb2bf8bc1_6ed147cd_f83baf57
ElasticNet,5,1,2022-06-03,2022-06-08,13.81,11.26009292350113,-2.5499070764988705,2.5499070764988705,6.502026098779017,0.1,0.5,enet_a0.1_l0.5,submitted_main_linear_features_H5_18col,6ed147cd585e5e8083292683f9be3cf585e97e4d46fa0e3224d24a4e2b42cbbb,f83baf5732ffbf88b9a448a3d9ab9fa270f7495fe44d1559c1ac49795a30881a,69cfb2bf8bc181dc1de1e09f0c7477a1a5de7585,elasticnet_corrected_69cfb2bf8bc1_6ed147cd_f83baf57
ElasticNet,5,1,2022-06-04,2022-06-09,13.99,11.002118646856522,-2.9878813531434787,2.9878813531434787,8.927434980462506,0.1,0.5,enet_a0.1_l0.5,submitted_main_linear_features_H5_18col,6ed147cd585e5e8083292683f9be3cf585e97e4d46fa0e3224d24a4e2b42cbbb,f83baf5732ffbf88b9a448a3d9ab9fa270f7495fe44d1559c1ac49795a30881a,69cfb2bf8bc181dc1de1e09f0c7477a1a5de7585,elasticnet_corrected_69cfb2bf8bc1_6ed147cd_f83baf57
ElasticNet,5,1,2022-06-05,2022-06-10,13.16,10.18863905720581,-2.97136094279419,2.97136094279419,8.828985852362777,0.1,0.5,enet_a0.1_l0.5,submitted_main_linear_features_H5_18col,6ed147cd585e5e8083292683f9be3cf585e97e4d46fa0e3224d24a4e2b42cbbb,f83baf5732ffbf88b9a448a3d9ab9fa270f7495fe44d1559c1ac49795a30881a,69cfb2bf8bc181dc1de1e09f0c7477a1a5de7585,elasticnet_corrected_69cfb2bf8bc1_6ed147cd_f83baf57
ElasticNet,5,1,2022-06-06,2022-06-11,11.9,10.169219407867104,-1.7307805921328967,1.7307805921328967,2.9956014581039003,0.1,0.5,enet_a0.1_l0.5,submitted_main_linear_features_H5_18col,6ed147cd585e5e8083292683f9be3cf585e97e4d46fa0e3224d24a4e2b42cbbb,f83baf5732ffbf88b9a448a3d9ab9fa270f7495fe44d1559c1ac49795a30881a,69cfb2bf8bc181dc1de1e09f0c7477a1a5de7585,elasticnet_corrected_69cfb2bf8bc1_6ed147cd_f83baf57
ElasticNet,5,1,2022-06-07,2022-06-12,12.11,10.323918809475405,-1.7860811905245946,1.7860811905245946,3.190086019145753,0.1,0.5,enet_a0.1_l0.5,submitted_main_linear_features_H5_18col,6ed147cd585e5e8083292683f9be3cf585e97e4d46fa0e3224d24a4e2b42cbbb,f83baf5732ffbf88b9a448a3d9ab9fa270f7495fe44d1559c1ac49795a30881a,69cfb2bf8bc181dc1de1e09f0c7477a1a5de7585,elasticnet_corrected_69cfb2bf8bc1_6ed147cd_f83baf57
ElasticNet,5,1,2022-06-08,2022-06-13,10.94,10.276725453084758,-0.6632745469152415,0.6632745469152415,0.43993312458561884,0.1,0.5,enet_a0.1_l0.5,submitted_main_linear_features_H5_18col,6ed147cd585e5e8083292683f9be3cf585e97e4d46fa0e3224d24a4e2b42cbbb,f83baf5732ffbf88b9a448a3d9ab9fa270f7495fe44d1559c1ac49795a30881a,69cfb2bf8bc181dc1de1e09f0c7477a1a5de7585,elasticnet_corrected_69cfb2bf8bc1_6ed147cd_f83baf57
ElasticNet,5,1,2022-06-09,2022-06-14,14.46,10.836900974609783,-3.6230990253902178,3.6230990253902178,13.126846547783545,0.1,0.5,enet_a0.1_l0.5,submitted_main_linear_features_H5_18col,6ed147cd585e5e8083292683f9be3cf585e97e4d46fa0e3224d24a4e2b42cbbb,f83baf5732ffbf88b9a448a3d9ab9fa270f7495fe44d1559c1ac49795a30881a,69cfb2bf8bc181dc1de1e09f0c7477a1a5de7585,elasticnet_corrected_69cfb2bf8bc1_6ed147cd_f83baf57
ElasticNet,5,1,2022-06-10,2022-06-15,10.28,11.019374387474434,0.7393743874744345,0.7393743874744345,0.5466744848531953,0.1,0.5,enet_a0.1_l0.5,submitted_main_linear_features_H5_18col,6ed147cd585e5e8083292683f9be3cf585e97e4d46fa0e3224d24a4e2b42cbbb,f83baf5732ffbf88b9a448a3d9ab9fa270f7495fe44d1559c1ac49795a30881a,69cfb2bf8bc181dc1de1e09f0c7477a1a5de7585,elasticnet_corrected_69cfb2bf8bc1_6ed147cd_f83baf57
ElasticNet,5,1,2022-06-11,2022-06-16,9.31,11.023324076072603,1.7133240760726025,1.7133240760726025,2.935479389650037,0.1,0.5,enet_a0.1_l0.5,submitted_main_linear_features_H5_18col,6ed147cd585e5e8083292683f9be3cf585e97e4d46fa0e3224d24a4e2b42cbbb,f83baf5732ffbf88b9a448a3d9ab9fa270f7495fe44d1559c1ac49795a30881a,69cfb2bf8bc181dc1de1e09f0c7477a1a5de7585,elasticnet_corrected_69cfb2bf8bc1_6ed147cd_f83baf57
ElasticNet,5,1,2022-06-12,2022-06-17,11.4,10.835665808244226,-0.5643341917557745,0.5643341917557745,0.31847307998464325,0.1,0.5,enet_a0.1_l0.5,submitted_main_linear_features_H5_18col,6ed147cd585e5e8083292683f9be3cf585e97e4d46fa0e3224d24a4e2b42cbbb,f83baf5732ffbf88b9a448a3d9ab9fa270f7495fe44d1559c1ac49795a30881a,69cfb2bf8bc181dc1de1e09f0c7477a1a5de7585,elasticnet_corrected_69cfb2bf8bc1_6ed147cd_f83baf57
ElasticNet,5,1,2022-06-13,2022-06-18,10.92,10.992395708395344,0.07239570839534437,0.07239570839534437,0.005241138594063736,0.1,0.5,enet_a0.1_l0.5,submitted_main_linear_features_H5_18col,6ed147cd585e5e8083292683f9be3cf585e97e4d46fa0e3224d24a4e2b42cbbb,f83baf5732ffbf88b9a448a3d9ab9fa270f7495fe44d1559c1ac49795a30881a,69cfb2bf8bc181dc1de1e09f0c7477a1a5de7585,elasticnet_corrected_69cfb2bf8bc1_6ed147cd_f83baf57
ElasticNet,5,1,2022-06-14,2022-06-19,10.96,10.611819884097294,-0.34818011590270714,0.34818011590270714,0.12122939311002258,0.1,0.5,enet_a0.1_l0.5,submitted_main_linear_features_H5_18col,6ed147cd585e5e8083292683f9be3cf585e97e4d46fa0e3224d24a4e2b42cbbb,f83baf5732ffbf88b9a448a3d9ab9fa270f7495fe44d1559c1ac49795a30881a,69cfb2bf8bc181dc1de1e09f0c7477a1a5de7585,elasticnet_corrected_69cfb2bf8bc1_6ed147cd_f83baf57
ElasticNet,5,1,2022-06-15,2022-06-20,10.97,11.511392318797924,0.5413923187979233,0.5413923187979233,0.2931056428533922,0.1,0.5,enet_a0.1_l0.5,submitted_main_linear_features_H5_18col,6ed147cd585e5e8083292683f9be3cf585e97e4d46fa0e3224d24a4e2b42cbbb,f83baf5732ffbf88b9a448a3d9ab9fa270f7495fe44d1559c1ac49795a30881a,69cfb2bf8bc181dc1de1e09f0c7477a1a5de7585,elasticnet_corrected_69cfb2bf8bc1_6ed147cd_f83baf57
ElasticNet,5,2,2022-06-16,2022-06-21,11.96,11.898059972325845,-0.061940027674156184,0.061940027674156184,0.003836567028275234,1.0,0.2,enet_a1.0_l0.2,submitted_main_linear_features_H5_18col,6ed147cd585e5e8083292683f9be3cf585e97e4d46fa0e3224d24a4e2b42cbbb,f83baf5732ffbf88b9a448a3d9ab9fa270f7495fe44d1559c1ac49795a30881a,69cfb2bf8bc181dc1de1e09f0c7477a1a5de7585,elasticnet_corrected_69cfb2bf8bc1_6ed147cd_f83baf57
ElasticNet,5,2,2022-06-17,2022-06-22,13.96,11.746909320054638,-2.2130906799453633,2.2130906799453633,4.897770357661031,1.0,0.2,enet_a1.0_l0.2,submitted_main_linear_features_H5_18col,6ed147cd585e5e8083292683f9be3cf585e97e4d46fa0e3224d24a4e2b42cbbb,f83baf5732ffbf88b9a448a3d9ab9fa270f7495fe44d1559c1ac49795a30881a,69cfb2bf8bc181dc1de1e09f0c7477a1a5de7585,elasticnet_corrected_69cfb2bf8bc1_6ed147cd_f83baf57
ElasticNet,5,2,2022-06-18,2022-06-23,13.33,11.98298665000953,-1.3470133499904708,1.3470133499904708,1.8144449650525507,1.0,0.2,enet_a1.0_l0.2,submitted_main_linear_features_H5_18col,6ed147cd585e5e8083292683f9be3cf585e97e4d46fa0e3224d24a4e2b42cbbb,f83baf5732ffbf88b9a448a3d9ab9fa270f7495fe44d1559c1ac49795a30881a,69cfb2bf8bc181dc1de1e09f0c7477a1a5de7585,elasticnet_corrected_69cfb2bf8bc1_6ed147cd_f83baf57
ElasticNet,5,2,2022-06-19,2022-06-24,13.07,11.987531831120215,-1.0824681688797853,1.0824681688797853,1.1717373366379553,1.0,0.2,enet_a1.0_l0.2,submitted_main_linear_features_H5_18col,6ed147cd585e5e8083292683f9be3cf585e97e4d46fa0e3224d24a4e2b42cbbb,f83baf5732ffbf88b9a448a3d9ab9fa270f7495fe44d1559c1ac49795a30881a,69cfb2bf8bc181dc1de1e09f0c7477a1a5de7585,elasticnet_corrected_69cfb2bf8bc1_6ed147cd_f83baf57
ElasticNet,5,2,2022-06-20,2022-06-25,11.83,12.03555323332533,0.2055532333253307,0.2055532333253307,0.04225213173049785,1.0,0.2,enet_a1.0_l0.2,submitted_main_linear_features_H5_18col,6ed147cd585e5e8083292683f9be3cf585e97e4d46fa0e3224d24a4e2b42cbbb,f83baf5732ffbf88b9a448a3d9ab9fa270f7495fe44d1559c1ac49795a30881a,69cfb2bf8bc181dc1de1e09f0c7477a1a5de7585,elasticnet_corrected_69cfb2bf8bc1_6ed147cd_f83baf57
ElasticNet,5,2,2022-06-21,2022-06-26,11.71,12.05367593085377,0.34367593085376846,0.34367593085376846,0.11811314544820424,1.0,0.2,enet_a1.0_l0.2,submitted_main_linear_features_H5_18col,6ed147cd585e5e8083292683f9be3cf585e97e4d46fa0e3224d24a4e2b42cbbb,f83baf5732ffbf88b9a448a3d9ab9fa270f7495fe44d1559c1ac49795a30881a,69cfb2bf8bc181dc1de1e09f0c7477a1a5de7585,elasticnet_corrected_69cfb2bf8bc1_6ed147cd_f83baf57
ElasticNet,5,2,2022-06-22,2022-06-27,12.04,12.149127996119836,0.10912799611983637,0.10912799611983637,0.01190891953713102,1.0,0.2,enet_a1.0_l0.2,submitted_main_linear_features_H5_18col,6ed147cd585e5e8083292683f9be3cf585e97e4d46fa0e3224d24a4e2b42cbbb,f83baf5732ffbf88b9a448a3d9ab9fa270f7495fe44d1559c1ac49795a30881a,69cfb2bf8bc181dc1de1e09f0c7477a1a5de7585,elasticnet_corrected_69cfb2bf8bc1_6ed147cd_f83baf57
ElasticNet,5,2,2022-06-23,2022-06-28,9.34,12.50279071004229,3.162790710042291,3.162790710042291,10.003245075529819,1.0,0.2,enet_a1.0_l0.2,submitted_main_linear_features_H5_18col,6ed147cd585e5e8083292683f9be3cf585e97e4d46fa0e3224d24a4e2b42cbbb,f83baf5732ffbf88b9a448a3d9ab9fa270f7495fe44d1559c1ac49795a30881a,69cfb2bf8bc181dc1de1e09f0c7477a1a5de7585,elasticnet_corrected_69cfb2bf8bc1_6ed147cd_f83baf57
ElasticNet,5,2,2022-06-24,2022-06-29,9.1,12.503894766609244,3.4038947666092447,3.4038947666092447,11.586499582149804,1.0,0.2,enet_a1.0_l0.2,submitted_main_linear_features_H5_18col,6ed147cd585e5e8083292683f9be3cf585e97e4d46fa0e3224d24a4e2b42cbbb,f83baf5732ffbf88b9a448a3d9ab9fa270f7495fe44d1559c1ac49795a30881a,69cfb2bf8bc181dc1de1e09f0c7477a1a5de7585,elasticnet_corrected_69cfb2bf8bc1_6ed147cd_f83baf57
ElasticNet,5,2,2022-06-25,2022-06-30,12.71,12.533581032089762,-0.17641896791023903,0.17641896791023903,0.03112365223851395,1.0,0.2,enet_a1.0_l0.2,submitted_main_linear_features_H5_18col,6ed147cd585e5e8083292683f9be3cf585e97e4d46fa0e3224d24a4e2b42cbbb,f83baf5732ffbf88b9a448a3d9ab9fa270f7495fe44d1559c1ac49795a30881a,69cfb2bf8bc181dc1de1e09f0c7477a1a5de7585,elasticnet_corrected_69cfb2bf8bc1_6ed147cd_f83baf57
ElasticNet,5,2,2022-06-26,2022-07-01,12.94,12.404549979797425,-0.5354500202025747,0.5354500202025747,0.28670672413493764,1.0,0.2,enet_a1.0_l0.2,submitted_main_linear_features_H5_18col,6ed147cd585e5e8083292683f9be3cf585e97e4d46fa0e3224d24a4e2b42cbbb,f83baf5732ffbf88b9a448a3d9ab9fa270f7495fe44d1559c1ac49795a30881a,69cfb2bf8bc181dc1de1e09f0c7477a1a5de7585,elasticnet_corrected_69cfb2bf8bc1_6ed147cd_f83baf57
ElasticNet,5,2,2022-06-27,2022-07-02,10.07,12.177122013632431,2.1071220136324307,2.1071220136324307,4.43996318033439,1.0,0.2,enet_a1.0_l0.2,submitted_main_linear_features_H5_18col,6ed147cd585e5e8083292683f9be3cf585e97e4d46fa0e3224d24a4e2b42cbbb,f83baf5732ffbf88b9a448a3d9ab9fa270f7495fe44d1559c1ac49795a30881a,69cfb2bf8bc181dc1de1e09f0c7477a1a5de7585,elasticnet_corrected_69cfb2bf8bc1_6ed147cd_f83baf57
ElasticNet,5,2,2022-06-28,2022-07-03,9.04,12.368415471028703,3.3284154710287037,3.3284154710287037,11.078349547783228,1.0,0.2,enet_a1.0_l0.2,submitted_main_linear_features_H5_18col,6ed147cd585e5e8083292683f9be3cf585e97e4d46fa0e3224d24a4e2b42cbbb,f83baf5732ffbf88b9a448a3d9ab9fa270f7495fe44d1559c1ac49795a30881a,69cfb2bf8bc181dc1de1e09f0c7477a1a5de7585,elasticnet_corrected_69cfb2bf8bc1_6ed147cd_f83baf57
ElasticNet,5,2,2022-06-29,2022-07-04,11.09,11.993174253297234,0.9031742532972338,0.9031742532972338,0.8157237318190158,1.0,0.2,enet_a1.0_l0.2,submitted_main_linear_features_H5_18col,6ed147cd585e5e8083292683f9be3cf585e97e4d46fa0e3224d24a4e2b42cbbb,f83baf5732ffbf88b9a448a3d9ab9fa270f7495fe44d1559c1ac49795a30881a,69cfb2bf8bc181dc1de1e09f0c7477a1a5de7585,elasticnet_corrected_69cfb2bf8bc1_6ed147cd_f83baf57
ElasticNet,5,2,2022-06-30,2022-07-05,11.74,11.866242323637419,0.1262423236374186,0.1262423236374186,0.01593712427737474,1.0,0.2,enet_a1.0_l0.2,submitted_main_linear_features_H5_18col,6ed147cd585e5e8083292683f9be3cf585e97e4d46fa0e3224d24a4e2b42cbbb,f83baf5732ffbf88b9a448a3d9ab9fa270f7495fe44d1559c1ac49795a30881a,69cfb2bf8bc181dc1de1e09f0c7477a1a5de7585,elasticnet_corrected_69cfb2bf8bc1_6ed147cd_f83baf57
ElasticNet,5,2,2022-07-01,2022-07-06,11.62,12.272343260902858,0.6523432609028585,0.6523432609028585,0.425551730045375,1.0,0.2,enet_a1.0_l0.2,submitted_main_linear_features_H5_18col,6ed147cd585e5e8083292683f9be3cf585e97e4d46fa0e3224d24a4e2b42cbbb,f83baf5732ffbf88b9a448a3d9ab9fa270f7495fe44d1559c1ac49795a30881a,69cfb2bf8bc181dc1de1e09f0c7477a1a5de7585,elasticnet_corrected_69cfb2bf8bc1_6ed147cd_f83baf57
ElasticNet,5,2,2022-07-02,2022-07-07,13.14,12.291948787927943,-0.8480512120720576,0.8480512120720576,0.719190858296886,1.0,0.2,enet_a1.0_l0.2,submitted_main_linear_features_H5_18col,6ed147cd585e5e8083292683f9be3cf585e97e4d46fa0e3224d24a4e2b42cbbb,f83baf5732ffbf88b9a448a3d9ab9fa270f7495fe44d1559c1ac49795a30881a,69cfb2bf8bc181dc1de1e09f0c7477a1a5de7585,elasticnet_corrected_69cfb2bf8bc1_6ed147cd_f83baf57
ElasticNet,5,2,2022-07-03,2022-07-08,10.84,11.932806537495965,1.0928065374959655,1.0928065374959655,1.194226128393921,1.0,0.2,enet_a1.0_l0.2,submitted_main_linear_features_H5_18col,6ed147cd585e5e8083292683f9be3cf585e97e4d46fa0e3224d24a4e2b42cbbb,f83baf5732ffbf88b9a448a3d9ab9fa270f7495fe44d1559c1ac49795a30881a,69cfb2bf8bc181dc1de1e09f0c7477a1a5de7585,elasticnet_corrected_69cfb2bf8bc1_6ed147cd_f83baf57
ElasticNet,5,2,2022-07-04,2022-07-09,11.6,11.819647174744736,0.21964717474473616,0.21964717474473616,0.048244881373344664,1.0,0.2,enet_a1.0_l0.2,submitted_main_linear_features_H5_18col,6ed147cd585e5e8083292683f9be3cf585e97e4d46fa0e3224d24a4e2b42cbbb,f83baf5732ffbf88b9a448a3d9ab9fa270f7495fe44d1559c1ac49795a30881a,69cfb2bf8bc181dc1de1e09f0c7477a1a5de7585,elasticnet_corrected_69cfb2bf8bc1_6ed147cd_f83baf57
ElasticNet,5,2,2022-07-05,2022-07-10,11.35,12.045329562279566,0.6953295622795661,0.6953295622795661,0.483483200179893,1.0,0.2,enet_a1.0_l0.2,submitted_main_linear_features_H5_18col,6ed147cd585e5e8083292683f9be3cf585e97e4d46fa0e3224d24a4e2b42cbbb,f83baf5732ffbf88b9a448a3d9ab9fa270f7495fe44d1559c1ac49795a30881a,69cfb2bf8bc181dc1de1e09f0c7477a1a5de7585,elasticnet_corrected_69cfb2bf8bc1_6ed147cd_f83baf57
ElasticNet,5,2,2022-07-06,2022-07-11,12.84,12.141336993346307,-0.6986630066536925,0.6986630066536925,0.4881299968663776,1.0,0.2,enet_a1.0_l0.2,submitted_main_linear_features_H5_18col,6ed147cd585e5e8083292683f9be3cf585e97e4d46fa0e3224d24a4e2b42cbbb,f83baf5732ffbf88b9a448a3d9ab9fa270f7495fe44d1559c1ac49795a30881a,69cfb2bf8bc181dc1de1e09f0c7477a1a5de7585,elasticnet_corrected_69cfb2bf8bc1_6ed147cd_f83baf57
ElasticNet,5,2,2022-07-07,2022-07-12,10.85,12.247238469459333,1.3972384694593334,1.3972384694593334,1.9522753405370605,1.0,0.2,enet_a1.0_l0.2,submitted_main_linear_features_H5_18col,6ed147cd585e5e8083292683f9be3cf585e97e4d46fa0e3224d24a4e2b42cbbb,f83baf5732ffbf88b9a448a3d9ab9fa270f7495fe44d1559c1ac49795a30881a,69cfb2bf8bc181dc1de1e09f0c7477a1a5de7585,elasticnet_corrected_69cfb2bf8bc1_6ed147cd_f83baf57
ElasticNet,5,2,2022-07-08,2022-07-13,12.23,12.381553087850309,0.1515530878503082,0.1515530878503082,0.02296833843696323,1.0,0.2,enet_a1.0_l0.2,submitted_main_linear_features_H5_18col,6ed147cd585e5e8083292683f9be3cf585e97e4d46fa0e3224d24a4e2b42cbbb,f83baf5732ffbf88b9a448a3d9ab9fa270f7495fe44d1559c1ac49795a30881a,69cfb2bf8bc181dc1de1e09f0c7477a1a5de7585,elasticnet_corrected_69cfb2bf8bc1_6ed147cd_f83baf57
ElasticNet,5,2,2022-07-09,2022-07-14,13.62,12.123993225110027,-1.4960067748899721,1.4960067748899721,2.238036270516696,1.0,0.2,enet_a1.0_l0.2,submitted_main_linear_features_H5_18col,6ed147cd585e5e8083292683f9be3cf585e97e4d46fa0e3224d24a4e2b42cbbb,f83baf5732ffbf88b9a448a3d9ab9fa270f7495fe44d1559c1ac49795a30881a,69cfb2bf8bc181dc1de1e09f0c7477a1a5de7585,elasticnet_corrected_69cfb2bf8bc1_6ed147cd_f83baf57
ElasticNet,5,2,2022-07-10,2022-07-15,12.58,12.252310772412574,-0.3276892275874257,0.3276892275874257,0.10738022987684367,1.0,0.2,enet_a1.0_l0.2,submitted_main_linear_features_H5_18col,6ed147cd585e5e8083292683f9be3cf585e97e4d46fa0e3224d24a4e2b42cbbb,f83baf5732ffbf88b9a448a3d9ab9fa270f7495fe44d1559c1ac49795a30881a,69cfb2bf8bc181dc1de1e09f0c7477a1a5de7585,elasticnet_corrected_69cfb2bf8bc1_6ed147cd_f83baf57
ElasticNet,5,2,2022-07-11,2022-07-16,12.6,12.167735843222784,-0.4322641567772152,0.4322641567772152,0.18685230123431687,1.0,0.2,enet_a1.0_l0.2,submitted_main_linear_features_H5_18col,6ed147cd585e5e8083292683f9be3cf585e97e4d46fa0e3224d24a4e2b42cbbb,f83baf5732ffbf88b9a448a3d9ab9fa270f7495fe44d1559c1ac49795a30881a,69cfb2bf8bc181dc1de1e09f0c7477a1a5de7585,elasticnet_corrected_69cfb2bf8bc1_6ed147cd_f83baf57
ElasticNet,5,2,2022-07-12,2022-07-17,11.39,12.32504951237807,0.93504951237807,0.93504951237807,0.8743175905984665,1.0,0.2,enet_a1.0_l0.2,submitted_main_linear_features_H5_18col,6ed147cd585e5e8083292683f9be3cf585e97e4d46fa0e3224d24a4e2b42cbbb,f83baf5732ffbf88b9a448a3d9ab9fa270f7495fe44d1559c1ac49795a30881a,69cfb2bf8bc181dc1de1e09f0c7477a1a5de7585,elasticnet_corrected_69cfb2bf8bc1_6ed147cd_f83baf57
ElasticNet,5,2,2022-07-13,2022-07-18,12.11,12.076124712188854,-0.03387528781114568,0.03387528781114568,0.0011475351242879552,1.0,0.2,enet_a1.0_l0.2,submitted_main_linear_features_H5_18col,6ed147cd585e5e8083292683f9be3cf585e97e4d46fa0e3224d24a4e2b42cbbb,f83baf5732ffbf88b9a448a3d9ab9fa270f7495fe44d1559c1ac49795a30881a,69cfb2bf8bc181dc1de1e09f0c7477a1a5de7585,elasticnet_corrected_69cfb2bf8bc1_6ed147cd_f83baf57
ElasticNet,5,2,2022-07-14,2022-07-19,9.71,12.253915048112052,2.5439150481120514,2.5439150481120514,6.471503772010941,1.0,0.2,enet_a1.0_l0.2,submitted_main_linear_features_H5_18col,6ed147cd585e5e8083292683f9be3cf585e97e4d46fa0e3224d24a4e2b42cbbb,f83baf5732ffbf88b9a448a3d9ab9fa270f7495fe44d1559c1ac49795a30881a,69cfb2bf8bc181dc1de1e09f0c7477a1a5de7585,elasticnet_corrected_69cfb2bf8bc1_6ed147cd_f83baf57
ElasticNet,5,2,2022-07-15,2022-07-20,12.02,12.40033932807317,0.3803393280731697,0.3803393280731697,0.14465800447915023,1.0,0.2,enet_a1.0_l0.2,submitted_main_linear_features_H5_18col,6ed147cd585e5e8083292683f9be3cf585e97e4d46fa0e3224d24a4e2b42cbbb,f83baf5732ffbf88b9a448a3d9ab9fa270f7495fe44d1559c1ac49795a30881a,69cfb2bf8bc181dc1de1e09f0c7477a1a5de7585,elasticnet_corrected_69cfb2bf8bc1_6ed147cd_f83baf57
ElasticNet,5,2,2022-07-16,2022-07-21,11.9,12.258298128141895,0.3582981281418949,0.3582981281418949,0.1283775486299857,1.0,0.2,enet_a1.0_l0.2,submitted_main_linear_features_H5_18col,6ed147cd585e5e8083292683f9be3cf585e97e4d46fa0e3224d24a4e2b42cbbb,f83baf5732ffbf88b9a448a3d9ab9fa270f7495fe44d1559c1ac49795a30881a,69cfb2bf8bc181dc1de1e09f0c7477a1a5de7585,elasticnet_corrected_69cfb2bf8bc1_6ed147cd_f83baf57
ElasticNet,5,2,2022-07-17,2022-07-22,11.05,12.259106524422112,1.2091065244221113,1.2091065244221113,1.4619385874001176,1.0,0.2,enet_a1.0_l0.2,submitted_main_linear_features_H5_18col,6ed147cd585e5e8083292683f9be3cf585e97e4d46fa0e3224d24a4e2b42cbbb,f83baf5732ffbf88b9a448a3d9ab9fa270f7495fe44d1559c1ac49795a30881a,69cfb2bf8bc181dc1de1e09f0c7477a1a5de7585,elasticnet_corrected_69cfb2bf8bc1_6ed147cd_f83baf57
ElasticNet,5,2,2022-07-18,2022-07-23,11.92,11.911130228160937,-0.008869771839062679,0.008869771839062679,7.867285247702934e-05,1.0,0.2,enet_a1.0_l0.2,submitted_main_linear_features_H5_18col,6ed147cd585e5e8083292683f9be3cf585e97e4d46fa0e3224d24a4e2b42cbbb,f83baf5732ffbf88b9a448a3d9ab9fa270f7495fe44d1559c1ac49795a30881a,69cfb2bf8bc181dc1de1e09f0c7477a1a5de7585,elasticnet_corrected_69cfb2bf8bc1_6ed147cd_f83baf57
ElasticNet,5,2,2022-07-19,2022-07-24,11.48,12.198641977960671,0.7186419779606705,0.7186419779606705,0.5164462924872248,1.0,0.2,enet_a1.0_l0.2,submitted_main_linear_features_H5_18col,6ed147cd585e5e8083292683f9be3cf585e97e4d46fa0e3224d24a4e2b42cbbb,f83baf5732ffbf88b9a448a3d9ab9fa270f7495fe44d1559c1ac49795a30881a,69cfb2bf8bc181dc1de1e09f0c7477a1a5de7585,elasticnet_corrected_69cfb2bf8bc1_6ed147cd_f83baf57
ElasticNet,5,2,2022-07-20,2022-07-25,10.61,11.94555249998577,1.33555249998577,1.33555249998577,1.7837004802182401,1.0,0.2,enet_a1.0_l0.2,submitted_main_linear_features_H5_18col,6ed147cd585e5e8083292683f9be3cf585e97e4d46fa0e3224d24a4e2b42cbbb,f83baf5732ffbf88b9a448a3d9ab9fa270f7495fe44d1559c1ac49795a30881a,69cfb2bf8bc181dc1de1e09f0c7477a1a5de7585,elasticnet_corrected_69cfb2bf8bc1_6ed147cd_f83baf57
ElasticNet,5,2,2022-07-21,2022-07-26,9.41,12.22414084231398,2.8141408423139804,2.8141408423139804,7.919388680379639,1.0,0.2,enet_a1.0_l0.2,submitted_main_linear_features_H5_18col,6ed147cd585e5e8083292683f9be3cf585e97e4d46fa0e3224d24a4e2b42cbbb,f83baf5732ffbf88b9a448a3d9ab9fa270f7495fe44d1559c1ac49795a30881a,69cfb2bf8bc181dc1de1e09f0c7477a1a5de7585,elasticnet_corrected_69cfb2bf8bc1_6ed147cd_f83baf57
ElasticNet,5,2,2022-07-22,2022-07-27,10.84,12.212547477644215,1.3725474776442148,1.3725474776442148,1.8838865783874963,1.0,0.2,enet_a1.0_l0.2,submitted_main_linear_features_H5_18col,6ed147cd585e5e8083292683f9be3cf585e97e4d46fa0e3224d24a4e2b42cbbb,f83baf5732ffbf88b9a448a3d9ab9fa270f7495fe44d1559c1ac49795a30881a,69cfb2bf8bc181dc1de1e09f0c7477a1a5de7585,elasticnet_corrected_69cfb2bf8bc1_6ed147cd_f83baf57
ElasticNet,5,2,2022-07-23,2022-07-28,10.36,12.066252273621432,1.7062522736214323,1.7062522736214323,2.911296821238307,1.0,0.2,enet_a1.0_l0.2,submitted_main_linear_features_H5_18col,6ed147cd585e5e8083292683f9be3cf585e97e4d46fa0e3224d24a4e2b42cbbb,f83baf5732ffbf88b9a448a3d9ab9fa270f7495fe44d1559c1ac49795a30881a,69cfb2bf8bc181dc1de1e09f0c7477a1a5de7585,elasticnet_corrected_69cfb2bf8bc1_6ed147cd_f83baf57
ElasticNet,5,2,2022-07-24,2022-07-29,12.71,12.08573505079498,-0.6242649492050205,0.6242649492050205,0.38970672680594687,1.0,0.2,enet_a1.0_l0.2,submitted_main_linear_features_H5_18col,6ed147cd585e5e8083292683f9be3cf585e97e4d46fa0e3224d24a4e2b42cbbb,f83baf5732ffbf88b9a448a3d9ab9fa270f7495fe44d1559c1ac49795a30881a,69cfb2bf8bc181dc1de1e09f0c7477a1a5de7585,elasticnet_corrected_69cfb2bf8bc1_6ed147cd_f83baf57
ElasticNet,5,2,2022-07-25,2022-07-30,11.0,12.052433509739181,1.0524335097391813,1.0524335097391813,1.1076162924219313,1.0,0.2,enet_a1.0_l0.2,submitted_main_linear_features_H5_18col,6ed147cd585e5e8083292683f9be3cf585e97e4d46fa0e3224d24a4e2b42cbbb,f83baf5732ffbf88b9a448a3d9ab9fa270f7495fe44d1559c1ac49795a30881a,69cfb2bf8bc181dc1de1e09f0c7477a1a5de7585,elasticnet_corrected_69cfb2bf8bc1_6ed147cd_f83baf57
ElasticNet,5,2,2022-07-26,2022-07-31,11.68,12.025724722882682,0.3457247228826823,0.3457247228826823,0.11952558401230746,1.0,0.2,enet_a1.0_l0.2,submitted_main_linear_features_H5_18col,6ed147cd585e5e8083292683f9be3cf585e97e4d46fa0e3224d24a4e2b42cbbb,f83baf5732ffbf88b9a448a3d9ab9fa270f7495fe44d1559c1ac49795a30881a,69cfb2bf8bc181dc1de1e09f0c7477a1a5de7585,elasticnet_corrected_69cfb2bf8bc1_6ed147cd_f83baf57
ElasticNet,5,2,2022-07-27,2022-08-01,11.72,11.916671245151962,0.19667124515196122,0.19667124515196122,0.03867957866962283,1.0,0.2,enet_a1.0_l0.2,submitted_main_linear_features_H5_18col,6ed147cd585e5e8083292683f9be3cf585e97e4d46fa0e3224d24a4e2b42cbbb,f83baf5732ffbf88b9a448a3d9ab9fa270f7495fe44d1559c1ac49795a30881a,69cfb2bf8bc181dc1de1e09f0c7477a1a5de7585,elasticnet_corrected_69cfb2bf8bc1_6ed147cd_f83baf57
ElasticNet,5,2,2022-07-28,2022-08-02,13.98,11.942614090778354,-2.037385909221646,2.037385909221646,4.150941343094913,1.0,0.2,enet_a1.0_l0.2,submitted_main_linear_features_H5_18col,6ed147cd585e5e8083292683f9be3cf585e97e4d46fa0e3224d24a4e2b42cbbb,f83baf5732ffbf88b9a448a3d9ab9fa270f7495fe44d1559c1ac49795a30881a,69cfb2bf8bc181dc1de1e09f0c7477a1a5de7585,elasticnet_corrected_69cfb2bf8bc1_6ed147cd_f83baf57
ElasticNet,5,2,2022-07-29,2022-08-03,15.37,11.832772850123952,-3.5372271498760472,3.5372271498760472,12.511975909820224,1.0,0.2,enet_a1.0_l0.2,submitted_main_linear_features_H5_18col,6ed147cd585e5e8083292683f9be3cf585e97e4d46fa0e3224d24a4e2b42cbbb,f83baf5732ffbf88b9a448a3d9ab9fa270f7495fe44d1559c1ac49795a30881a,69cfb2bf8bc181dc1de1e09f0c7477a1a5de7585,elasticnet_corrected_69cfb2bf8bc1_6ed147cd_f83baf57
ElasticNet,5,2,2022-07-30,2022-08-04,13.75,12.128594054325768,-1.6214059456742316,1.6214059456742316,2.628957240667749,1.0,0.2,enet_a1.0_l0.2,submitted_main_linear_features_H5_18col,6ed147cd585e5e8083292683f9be3cf585e97e4d46fa0e3224d24a4e2b42cbbb,f83baf5732ffbf88b9a448a3d9ab9fa270f7495fe44d1559c1ac49795a30881a,69cfb2bf8bc181dc1de1e09f0c7477a1a5de7585,elasticnet_corrected_69cfb2bf8bc1_6ed147cd_f83baf57
ElasticNet,5,2,2022-07-31,2022-08-05,12.58,11.969741916930898,-0.6102580830691018,0.6102580830691018,0.37241492795117476,1.0,0.2,enet_a1.0_l0.2,submitted_main_linear_features_H5_18col,6ed147cd585e5e8083292683f9be3cf585e97e4d46fa0e3224d24a4e2b42cbbb,f83baf5732ffbf88b9a448a3d9ab9fa270f7495fe44d1559c1ac49795a30881a,69cfb2bf8bc181dc1de1e09f0c7477a1a5de7585,elasticnet_corrected_69cfb2bf8bc1_6ed147cd_f83baf57
ElasticNet,5,2,2022-08-01,2022-08-06,11.47,12.074465379952896,0.6044653799528952,0.6044653799528952,0.36537839556159796,1.0,0.2,enet_a1.0_l0.2,submitted_main_linear_features_H5_18col,6ed147cd585e5e8083292683f9be3cf585e97e4d46fa0e3224d24a4e2b42cbbb,f83baf5732ffbf88b9a448a3d9ab9fa270f7495fe44d1559c1ac49795a30881a,69cfb2bf8bc181dc1de1e09f0c7477a1a5de7585,elasticnet_corrected_69cfb2bf8bc1_6ed147cd_f83baf57
ElasticNet,5,2,2022-08-02,2022-08-07,10.79,12.122226284475019,1.33222628447502,1.33222628447502,1.7748268730461165,1.0,0.2,enet_a1.0_l0.2,submitted_main_linear_features_H5_18col,6ed147cd585e5e8083292683f9be3cf585e97e4d46fa0e3224d24a4e2b42cbbb,f83baf5732ffbf88b9a448a3d9ab9fa270f7495fe44d1559c1ac49795a30881a,69cfb2bf8bc181dc1de1e09f0c7477a1a5de7585,elasticnet_corrected_69cfb2bf8bc1_6ed147cd_f83baf57
ElasticNet,5,2,2022-08-03,2022-08-08,11.84,12.358849990094127,0.518849990094127,0.518849990094127,0.26920531222067573,1.0,0.2,enet_a1.0_l0.2,submitted_main_linear_features_H5_18col,6ed147cd585e5e8083292683f9be3cf585e97e4d46fa0e3224d24a4e2b42cbbb,f83baf5732ffbf88b9a448a3d9ab9fa270f7495fe44d1559c1ac49795a30881a,69cfb2bf8bc181dc1de1e09f0c7477a1a5de7585,elasticnet_corrected_69cfb2bf8bc1_6ed147cd_f83baf57
ElasticNet,5,2,2022-08-04,2022-08-09,11.92,12.649526129874257,0.729526129874257,0.729526129874257,0.5322083741693113,1.0,0.2,enet_a1.0_l0.2,submitted_main_linear_features_H5_18col,6ed147cd585e5e8083292683f9be3cf585e97e4d46fa0e3224d24a4e2b42cbbb,f83baf5732ffbf88b9a448a3d9ab9fa270f7495fe44d1559c1ac49795a30881a,69cfb2bf8bc181dc1de1e09f0c7477a1a5de7585,elasticnet_corrected_69cfb2bf8bc1_6ed147cd_f83baf57
ElasticNet,5,2,2022-08-05,2022-08-10,9.1,12.578205967464907,3.4782059674649073,3.4782059674649073,12.097916752108492,1.0,0.2,enet_a1.0_l0.2,submitted_main_linear_features_H5_18col,6ed147cd585e5e8083292683f9be3cf585e97e4d46fa0e3224d24a4e2b42cbbb,f83baf5732ffbf88b9a448a3d9ab9fa270f7495fe44d1559c1ac49795a30881a,69cfb2bf8bc181dc1de1e09f0c7477a1a5de7585,elasticnet_corrected_69cfb2bf8bc1_6ed147cd_f83baf57
ElasticNet,5,2,2022-08-06,2022-08-11,10.85,12.428376842134506,1.5783768421345066,1.5783768421345066,2.491273455786497,1.0,0.2,enet_a1.0_l0.2,submitted_main_linear_features_H5_18col,6ed147cd585e5e8083292683f9be3cf585e97e4d46fa0e3224d24a4e2b42cbbb,f83baf5732ffbf88b9a448a3d9ab9fa270f7495fe44d1559c1ac49795a30881a,69cfb2bf8bc181dc1de1e09f0c7477a1a5de7585,elasticnet_corrected_69cfb2bf8bc1_6ed147cd_f83baf57
ElasticNet,5,2,2022-08-07,2022-08-12,10.13,12.274872942101918,2.1448729421019177,2.1448729421019177,4.6004799377609364,1.0,0.2,enet_a1.0_l0.2,submitted_main_linear_features_H5_18col,6ed147cd585e5e8083292683f9be3cf585e97e4d46fa0e3224d24a4e2b42cbbb,f83baf5732ffbf88b9a448a3d9ab9fa270f7495fe44d1559c1ac49795a30881a,69cfb2bf8bc181dc1de1e09f0c7477a1a5de7585,elasticnet_corrected_69cfb2bf8bc1_6ed147cd_f83baf57
ElasticNet,5,2,2022-08-08,2022-08-13,9.9,12.142730210364869,2.2427302103648685,2.2427302103648685,5.029838796483247,1.0,0.2,enet_a1.0_l0.2,submitted_main_linear_features_H5_18col,6ed147cd585e5e8083292683f9be3cf585e97e4d46fa0e3224d24a4e2b42cbbb,f83baf5732ffbf88b9a448a3d9ab9fa270f7495fe44d1559c1ac49795a30881a,69cfb2bf8bc181dc1de1e09f0c7477a1a5de7585,elasticnet_corrected_69cfb2bf8bc1_6ed147cd_f83baf57
ElasticNet,5,2,2022-08-09,2022-08-14,8.88,12.235149348456792,3.3551493484567914,3.3551493484567914,11.257027150450032,1.0,0.2,enet_a1.0_l0.2,submitted_main_linear_features_H5_18col,6ed147cd585e5e8083292683f9be3cf585e97e4d46fa0e3224d24a4e2b42cbbb,f83baf5732ffbf88b9a448a3d9ab9fa270f7495fe44d1559c1ac49795a30881a,69cfb2bf8bc181dc1de1e09f0c7477a1a5de7585,elasticnet_corrected_69cfb2bf8bc1_6ed147cd_f83baf57
ElasticNet,5,2,2022-08-10,2022-08-15,7.51,12.208582409776193,4.6985824097761935,4.6985824097761935,22.07667666145826,1.0,0.2,enet_a1.0_l0.2,submitted_main_linear_features_H5_18col,6ed147cd585e5e8083292683f9be3cf585e97e4d46fa0e3224d24a4e2b42cbbb,f83baf5732ffbf88b9a448a3d9ab9fa270f7495fe44d1559c1ac49795a30881a,69cfb2bf8bc181dc1de1e09f0c7477a1a5de7585,elasticnet_corrected_69cfb2bf8bc1_6ed147cd_f83baf57
ElasticNet,5,2,2022-08-11,2022-08-16,7.97,11.742719684085976,3.7727196840859767,3.7727196840859767,14.233413814689792,1.0,0.2,enet_a1.0_l0.2,submitted_main_linear_features_H5_18col,6ed147cd585e5e8083292683f9be3cf585e97e4d46fa0e3224d24a4e2b42cbbb,f83baf5732ffbf88b9a448a3d9ab9fa270f7495fe44d1559c1ac49795a30881a,69cfb2bf8bc181dc1de1e09f0c7477a1a5de7585,elasticnet_corrected_69cfb2bf8bc1_6ed147cd_f83baf57
ElasticNet,5,2,2022-08-12,2022-08-17,10.81,11.875893972119359,1.0658939721193583,1.0658939721193583,1.1361299598003833,1.0,0.2,enet_a1.0_l0.2,submitted_main_linear_features_H5_18col,6ed147cd585e5e8083292683f9be3cf585e97e4d46fa0e3224d24a4e2b42cbbb,f83baf5732ffbf88b9a448a3d9ab9fa270f7495fe44d1559c1ac49795a30881a,69cfb2bf8bc181dc1de1e09f0c7477a1a5de7585,elasticnet_corrected_69cfb2bf8bc1_6ed147cd_f83baf57
ElasticNet,5,2,2022-08-13,2022-08-18,10.51,11.725488682690667,1.2154886826906672,1.2154886826906672,1.4774127377490935,1.0,0.2,enet_a1.0_l0.2,submitted_main_linear_features_H5_18col,6ed147cd585e5e8083292683f9be3cf585e97e4d46fa0e3224d24a4e2b42cbbb,f83baf5732ffbf88b9a448a3d9ab9fa270f7495fe44d1559c1ac49795a30881a,69cfb2bf8bc181dc1de1e09f0c7477a1a5de7585,elasticnet_corrected_69cfb2bf8bc1_6ed147cd_f83baf57
ElasticNet,5,2,2022-08-14,2022-08-19,8.86,11.652272043536433,2.7922720435364337,2.7922720435364337,7.796783165115131,1.0,0.2,enet_a1.0_l0.2,submitted_main_linear_features_H5_18col,6ed147cd585e5e8083292683f9be3cf585e97e4d46fa0e3224d24a4e2b42cbbb,f83baf5732ffbf88b9a448a3d9ab9fa270f7495fe44d1559c1ac49795a30881a,69cfb2bf8bc181dc1de1e09f0c7477a1a5de7585,elasticnet_corrected_69cfb2bf8bc1_6ed147cd_f83baf57
ElasticNet,5,2,2022-08-15,2022-08-20,9.42,11.613712397884713,2.1937123978847133,2.1937123978847133,4.812374084633099,1.0,0.2,enet_a1.0_l0.2,submitted_main_linear_features_H5_18col,6ed147cd585e5e8083292683f9be3cf585e97e4d46fa0e3224d24a4e2b42cbbb,f83baf5732ffbf88b9a448a3d9ab9fa270f7495fe44d1559c1ac49795a30881a,69cfb2bf8bc181dc1de1e09f0c7477a1a5de7585,elasticnet_corrected_69cfb2bf8bc1_6ed147cd_f83baf57
ElasticNet,5,2,2022-08-16,2022-08-21,9.74,11.283159594530384,1.5431595945303833,1.5431595945303833,2.381341534191177,1.0,0.2,enet_a1.0_l0.2,submitted_main_linear_features_H5_18col,6ed147cd585e5e8083292683f9be3cf585e97e4d46fa0e3224d24a4e2b42cbbb,f83baf5732ffbf88b9a448a3d9ab9fa270f7495fe44d1559c1ac49795a30881a,69cfb2bf8bc181dc1de1e09f0c7477a1a5de7585,elasticnet_corrected_69cfb2bf8bc1_6ed147cd_f83baf57
ElasticNet,5,2,2022-08-17,2022-08-22,10.25,11.349892515070696,1.099892515070696,1.099892515070696,1.209763544708541,1.0,0.2,enet_a1.0_l0.2,submitted_main_linear_features_H5_18col,6ed147cd585e5e8083292683f9be3cf585e97e4d46fa0e3224d24a4e2b42cbbb,f83baf5732ffbf88b9a448a3d9ab9fa270f7495fe44d1559c1ac49795a30881a,69cfb2bf8bc181dc1de1e09f0c7477a1a5de7585,elasticnet_corrected_69cfb2bf8bc1_6ed147cd_f83baf57
ElasticNet,5,2,2022-08-18,2022-08-23,12.0,11.693314622396217,-0.3066853776037828,0.3066853776037828,0.09405592083597483,1.0,0.2,enet_a1.0_l0.2,submitted_main_linear_features_H5_18col,6ed147cd585e5e8083292683f9be3cf585e97e4d46fa0e3224d24a4e2b42cbbb,f83baf5732ffbf88b9a448a3d9ab9fa270f7495fe44d1559c1ac49795a30881a,69cfb2bf8bc181dc1de1e09f0c7477a1a5de7585,elasticnet_corrected_69cfb2bf8bc1_6ed147cd_f83baf57
ElasticNet,5,2,2022-08-19,2022-08-24,9.62,11.637527407021569,2.0175274070215696,2.0175274070215696,4.070416838083179,1.0,0.2,enet_a1.0_l0.2,submitted_main_linear_features_H5_18col,6ed147cd585e5e8083292683f9be3cf585e97e4d46fa0e3224d24a4e2b42cbbb,f83baf5732ffbf88b9a448a3d9ab9fa270f7495fe44d1559c1ac49795a30881a,69cfb2bf8bc181dc1de1e09f0c7477a1a5de7585,elasticnet_corrected_69cfb2bf8bc1_6ed147cd_f83baf57
ElasticNet,5,2,2022-08-20,2022-08-25,9.98,11.41075883922655,1.4307588392265504,1.4307588392265504,2.0470708560249062,1.0,0.2,enet_a1.0_l0.2,submitted_main_linear_features_H5_18col,6ed147cd585e5e8083292683f9be3cf585e97e4d46fa0e3224d24a4e2b42cbbb,f83baf5732ffbf88b9a448a3d9ab9fa270f7495fe44d1559c1ac49795a30881a,69cfb2bf8bc181dc1de1e09f0c7477a1a5de7585,elasticnet_corrected_69cfb2bf8bc1_6ed147cd_f83baf57
ElasticNet,5,2,2022-08-21,2022-08-26,10.62,11.54519391229335,0.9251939122933504,0.9251939122933504,0.8559837753446756,1.0,0.2,enet_a1.0_l0.2,submitted_main_linear_features_H5_18col,6ed147cd585e5e8083292683f9be3cf585e97e4d46fa0e3224d24a4e2b42cbbb,f83baf5732ffbf88b9a448a3d9ab9fa270f7495fe44d1559c1ac49795a30881a,69cfb2bf8bc181dc1de1e09f0c7477a1a5de7585,elasticnet_corrected_69cfb2bf8bc1_6ed147cd_f83baf57
ElasticNet,5,2,2022-08-22,2022-08-27,12.52,11.576976204284922,-0.943023795715078,0.943023795715078,0.8892938792848731,1.0,0.2,enet_a1.0_l0.2,submitted_main_linear_features_H5_18col,6ed147cd585e5e8083292683f9be3cf585e97e4d46fa0e3224d24a4e2b42cbbb,f83baf5732ffbf88b9a448a3d9ab9fa270f7495fe44d1559c1ac49795a30881a,69cfb2bf8bc181dc1de1e09f0c7477a1a5de7585,elasticnet_corrected_69cfb2bf8bc1_6ed147cd_f83baf57
ElasticNet,5,2,2022-08-23,2022-08-28,13.15,11.706786224257565,-1.4432137757424357,1.4432137757424357,2.0828660024927377,1.0,0.2,enet_a1.0_l0.2,submitted_main_linear_features_H5_18col,6ed147cd585e5e8083292683f9be3cf585e97e4d46fa0e3224d24a4e2b42cbbb,f83baf5732ffbf88b9a448a3d9ab9fa270f7495fe44d1559c1ac49795a30881a,69cfb2bf8bc181dc1de1e09f0c7477a1a5de7585,elasticnet_corrected_69cfb2bf8bc1_6ed147cd_f83baf57
ElasticNet,5,2,2022-08-24,2022-08-29,11.3,11.785542937064879,0.48554293706487783,0.48554293706487783,0.2357519437335879,1.0,0.2,enet_a1.0_l0.2,submitted_main_linear_features_H5_18col,6ed147cd585e5e8083292683f9be3cf585e97e4d46fa0e3224d24a4e2b42cbbb,f83baf5732ffbf88b9a448a3d9ab9fa270f7495fe44d1559c1ac49795a30881a,69cfb2bf8bc181dc1de1e09f0c7477a1a5de7585,elasticnet_corrected_69cfb2bf8bc1_6ed147cd_f83baf57
ElasticNet,5,2,2022-08-25,2022-08-30,11.58,11.605720195900648,0.025720195900648335,0.025720195900648335,0.0006615284771677274,1.0,0.2,enet_a1.0_l0.2,submitted_main_linear_features_H5_18col,6ed147cd585e5e8083292683f9be3cf585e97e4d46fa0e3224d24a4e2b42cbbb,f83baf5732ffbf88b9a448a3d9ab9fa270f7495fe44d1559c1ac49795a30881a,69cfb2bf8bc181dc1de1e09f0c7477a1a5de7585,elasticnet_corrected_69cfb2bf8bc1_6ed147cd_f83baf57
ElasticNet,5,2,2022-08-26,2022-08-31,9.74,11.6486889018686,1.908688901868599,1.908688901868599,3.6430933241163586,1.0,0.2,enet_a1.0_l0.2,submitted_main_linear_features_H5_18col,6ed147cd585e5e8083292683f9be3cf585e97e4d46fa0e3224d24a4e2b42cbbb,f83baf5732ffbf88b9a448a3d9ab9fa270f7495fe44d1559c1ac49795a30881a,69cfb2bf8bc181dc1de1e09f0c7477a1a5de7585,elasticnet_corrected_69cfb2bf8bc1_6ed147cd_f83baf57
ElasticNet,5,2,2022-08-27,2022-09-01,6.86,11.785317197752237,4.9253171977522365,4.9253171977522365,24.258749498473943,1.0,0.2,enet_a1.0_l0.2,submitted_main_linear_features_H5_18col,6ed147cd585e5e8083292683f9be3cf585e97e4d46fa0e3224d24a4e2b42cbbb,f83baf5732ffbf88b9a448a3d9ab9fa270f7495fe44d1559c1ac49795a30881a,69cfb2bf8bc181dc1de1e09f0c7477a1a5de7585,elasticnet_corrected_69cfb2bf8bc1_6ed147cd_f83baf57
ElasticNet,5,2,2022-08-28,2022-09-02,8.57,12.061637526720114,3.4916375267201136,3.4916375267201136,12.191532618000153,1.0,0.2,enet_a1.0_l0.2,submitted_main_linear_features_H5_18col,6ed147cd585e5e8083292683f9be3cf585e97e4d46fa0e3224d24a4e2b42cbbb,f83baf5732ffbf88b9a448a3d9ab9fa270f7495fe44d1559c1ac49795a30881a,69cfb2bf8bc181dc1de1e09f0c7477a1a5de7585,elasticnet_corrected_69cfb2bf8bc1_6ed147cd_f83baf57
ElasticNet,5,2,2022-08-29,2022-09-03,11.56,12.128074420616379,0.5680744206163784,0.5680744206163784,0.32270854735863397,1.0,0.2,enet_a1.0_l0.2,submitted_main_linear_features_H5_18col,6ed147cd585e5e8083292683f9be3cf585e97e4d46fa0e3224d24a4e2b42cbbb,f83baf5732ffbf88b9a448a3d9ab9fa270f7495fe44d1559c1ac49795a30881a,69cfb2bf8bc181dc1de1e09f0c7477a1a5de7585,elasticnet_corrected_69cfb2bf8bc1_6ed147cd_f83baf57
ElasticNet,5,2,2022-08-30,2022-09-04,9.69,11.866737499335692,2.176737499335692,2.176737499335692,4.738186141014202,1.0,0.2,enet_a1.0_l0.2,submitted_main_linear_features_H5_18col,6ed147cd585e5e8083292683f9be3cf585e97e4d46fa0e3224d24a4e2b42cbbb,f83baf5732ffbf88b9a448a3d9ab9fa270f7495fe44d1559c1ac49795a30881a,69cfb2bf8bc181dc1de1e09f0c7477a1a5de7585,elasticnet_corrected_69cfb2bf8bc1_6ed147cd_f83baf57
ElasticNet,5,2,2022-08-31,2022-09-05,11.27,11.831715738932154,0.5617157389321541,0.5617157389321541,0.3155245713640959,1.0,0.2,enet_a1.0_l0.2,submitted_main_linear_features_H5_18col,6ed147cd585e5e8083292683f9be3cf585e97e4d46fa0e3224d24a4e2b42cbbb,f83baf5732ffbf88b9a448a3d9ab9fa270f7495fe44d1559c1ac49795a30881a,69cfb2bf8bc181dc1de1e09f0c7477a1a5de7585,elasticnet_corrected_69cfb2bf8bc1_6ed147cd_f83baf57
ElasticNet,5,2,2022-09-01,2022-09-06,10.07,11.717791899338959,1.6477918993389586,1.6477918993389586,2.715218143527093,1.0,0.2,enet_a1.0_l0.2,submitted_main_linear_features_H5_18col,6ed147cd585e5e8083292683f9be3cf585e97e4d46fa0e3224d24a4e2b42cbbb,f83baf5732ffbf88b9a448a3d9ab9fa270f7495fe44d1559c1ac49795a30881a,69cfb2bf8bc181dc1de1e09f0c7477a1a5de7585,elasticnet_corrected_69cfb2bf8bc1_6ed147cd_f83baf57
ElasticNet,5,2,2022-09-02,2022-09-07,10.8,11.302549422433941,0.5025494224339404,0.5025494224339404,0.2525559219886871,1.0,0.2,enet_a1.0_l0.2,submitted_main_linear_features_H5_18col,6ed147cd585e5e8083292683f9be3cf585e97e4d46fa0e3224d24a4e2b42cbbb,f83baf5732ffbf88b9a448a3d9ab9fa270f7495fe44d1559c1ac49795a30881a,69cfb2bf8bc181dc1de1e09f0c7477a1a5de7585,elasticnet_corrected_69cfb2bf8bc1_6ed147cd_f83baf57
ElasticNet,5,2,2022-09-03,2022-09-08,6.31,11.480992546367382,5.1709925463673825,5.1709925463673825,26.739163914587028,1.0,0.2,enet_a1.0_l0.2,submitted_main_linear_features_H5_18col,6ed147cd585e5e8083292683f9be3cf585e97e4d46fa0e3224d24a4e2b42cbbb,f83baf5732ffbf88b9a448a3d9ab9fa270f7495fe44d1559c1ac49795a30881a,69cfb2bf8bc181dc1de1e09f0c7477a1a5de7585,elasticnet_corrected_69cfb2bf8bc1_6ed147cd_f83baf57
ElasticNet,5,2,2022-09-04,2022-09-09,9.62,11.808281123853204,2.188281123853205,2.188281123853205,4.788574277012246,1.0,0.2,enet_a1.0_l0.2,submitted_main_linear_features_H5_18col,6ed147cd585e5e8083292683f9be3cf585e97e4d46fa0e3224d24a4e2b42cbbb,f83baf5732ffbf88b9a448a3d9ab9fa270f7495fe44d1559c1ac49795a30881a,69cfb2bf8bc181dc1de1e09f0c7477a1a5de7585,elasticnet_corrected_69cfb2bf8bc1_6ed147cd_f83baf57
ElasticNet,5,2,2022-09-05,2022-09-10,11.69,11.535638328642179,-0.15436167135782064,0.15436167135782064,0.023827525584379824,1.0,0.2,enet_a1.0_l0.2,submitted_main_linear_features_H5_18col,6ed147cd585e5e8083292683f9be3cf585e97e4d46fa0e3224d24a4e2b42cbbb,f83baf5732ffbf88b9a448a3d9ab9fa270f7495fe44d1559c1ac49795a30881a,69cfb2bf8bc181dc1de1e09f0c7477a1a5de7585,elasticnet_corrected_69cfb2bf8bc1_6ed147cd_f83baf57
ElasticNet,5,2,2022-09-06,2022-09-11,10.96,11.37948543228653,0.41948543228653,0.41948543228653,0.17596802790061697,1.0,0.2,enet_a1.0_l0.2,submitted_main_linear_features_H5_18col,6ed147cd585e5e8083292683f9be3cf585e97e4d46fa0e3224d24a4e2b42cbbb,f83baf5732ffbf88b9a448a3d9ab9fa270f7495fe44d1559c1ac49795a30881a,69cfb2bf8bc181dc1de1e09f0c7477a1a5de7585,elasticnet_corrected_69cfb2bf8bc1_6ed147cd_f83baf57
ElasticNet,5,2,2022-09-07,2022-09-12,12.9,11.626598724286945,-1.2734012757130557,1.2734012757130557,1.6215508089876378,1.0,0.2,enet_a1.0_l0.2,submitted_main_linear_features_H5_18col,6ed147cd585e5e8083292683f9be3cf585e97e4d46fa0e3224d24a4e2b42cbbb,f83baf5732ffbf88b9a448a3d9ab9fa270f7495fe44d1559c1ac49795a30881a,69cfb2bf8bc181dc1de1e09f0c7477a1a5de7585,elasticnet_corrected_69cfb2bf8bc1_6ed147cd_f83baf57
ElasticNet,5,2,2022-09-08,2022-09-13,15.26,11.821523193359088,-3.438476806640912,3.438476806640912,11.823122749807483,1.0,0.2,enet_a1.0_l0.2,submitted_main_linear_features_H5_18col,6ed147cd585e5e8083292683f9be3cf585e97e4d46fa0e3224d24a4e2b42cbbb,f83baf5732ffbf88b9a448a3d9ab9fa270f7495fe44d1559c1ac49795a30881a,69cfb2bf8bc181dc1de1e09f0c7477a1a5de7585,elasticnet_corrected_69cfb2bf8bc1_6ed147cd_f83baf57
ElasticNet,5,2,2022-09-09,2022-09-14,10.7,11.28309831888009,0.58309831888009,0.58309831888009,0.34000364948078715,1.0,0.2,enet_a1.0_l0.2,submitted_main_linear_features_H5_18col,6ed147cd585e5e8083292683f9be3cf585e97e4d46fa0e3224d24a4e2b42cbbb,f83baf5732ffbf88b9a448a3d9ab9fa270f7495fe44d1559c1ac49795a30881a,69cfb2bf8bc181dc1de1e09f0c7477a1a5de7585,elasticnet_corrected_69cfb2bf8bc1_6ed147cd_f83baf57
ElasticNet,5,2,2022-09-10,2022-09-15,11.9,11.62845747724842,-0.27154252275158086,0.27154252275158086,0.07373534166229281,1.0,0.2,enet_a1.0_l0.2,submitted_main_linear_features_H5_18col,6ed147cd585e5e8083292683f9be3cf585e97e4d46fa0e3224d24a4e2b42cbbb,f83baf5732ffbf88b9a448a3d9ab9fa270f7495fe44d1559c1ac49795a30881a,69cfb2bf8bc181dc1de1e09f0c7477a1a5de7585,elasticnet_corrected_69cfb2bf8bc1_6ed147cd_f83baf57
ElasticNet,5,2,2022-09-11,2022-09-16,14.33,11.856483962794025,-2.4735160372059752,2.4735160372059752,6.118281586315152,1.0,0.2,enet_a1.0_l0.2,submitted_main_linear_features_H5_18col,6ed147cd585e5e8083292683f9be3cf585e97e4d46fa0e3224d24a4e2b42cbbb,f83baf5732ffbf88b9a448a3d9ab9fa270f7495fe44d1559c1ac49795a30881a,69cfb2bf8bc181dc1de1e09f0c7477a1a5de7585,elasticnet_corrected_69cfb2bf8bc1_6ed147cd_f83baf57
ElasticNet,5,2,2022-09-12,2022-09-17,13.67,11.764695174649047,-1.905304825350953,1.905304825350953,3.6301864775056254,1.0,0.2,enet_a1.0_l0.2,submitted_main_linear_features_H5_18col,6ed147cd585e5e8083292683f9be3cf585e97e4d46fa0e3224d24a4e2b42cbbb,f83baf5732ffbf88b9a448a3d9ab9fa270f7495fe44d1559c1ac49795a30881a,69cfb2bf8bc181dc1de1e09f0c7477a1a5de7585,elasticnet_corrected_69cfb2bf8bc1_6ed147cd_f83baf57
ElasticNet,5,2,2022-09-13,2022-09-18,11.3,12.02395087423876,0.7239508742387599,0.7239508742387599,0.5241048683110647,1.0,0.2,enet_a1.0_l0.2,submitted_main_linear_features_H5_18col,6ed147cd585e5e8083292683f9be3cf585e97e4d46fa0e3224d24a4e2b42cbbb,f83baf5732ffbf88b9a448a3d9ab9fa270f7495fe44d1559c1ac49795a30881a,69cfb2bf8bc181dc1de1e09f0c7477a1a5de7585,elasticnet_corrected_69cfb2bf8bc1_6ed147cd_f83baf57
ElasticNet,5,2,2022-09-14,2022-09-19,11.33,12.369898408501982,1.0398984085019816,1.0398984085019816,1.081388700004954,1.0,0.2,enet_a1.0_l0.2,submitted_main_linear_features_H5_18col,6ed147cd585e5e8083292683f9be3cf585e97e4d46fa0e3224d24a4e2b42cbbb,f83baf5732ffbf88b9a448a3d9ab9fa270f7495fe44d1559c1ac49795a30881a,69cfb2bf8bc181dc1de1e09f0c7477a1a5de7585,elasticnet_corrected_69cfb2bf8bc1_6ed147cd_f83baf57
ElasticNet,5,2,2022-09-15,2022-09-20,9.44,11.785012342051436,2.3450123420514366,2.3450123420514366,5.499082884373564,1.0,0.2,enet_a1.0_l0.2,submitted_main_linear_features_H5_18col,6ed147cd585e5e8083292683f9be3cf585e97e4d46fa0e3224d24a4e2b42cbbb,f83baf5732ffbf88b9a448a3d9ab9fa270f7495fe44d1559c1ac49795a30881a,69cfb2bf8bc181dc1de1e09f0c7477a1a5de7585,elasticnet_corrected_69cfb2bf8bc1_6ed147cd_f83baf57
ElasticNet,5,2,2022-09-16,2022-09-21,10.38,12.143535450570822,1.7635354505708207,1.7635354505708207,3.1100572854200275,1.0,0.2,enet_a1.0_l0.2,submitted_main_linear_features_H5_18col,6ed147cd585e5e8083292683f9be3cf585e97e4d46fa0e3224d24a4e2b42cbbb,f83baf5732ffbf88b9a448a3d9ab9fa270f7495fe44d1559c1ac49795a30881a,69cfb2bf8bc181dc1de1e09f0c7477a1a5de7585,elasticnet_corrected_69cfb2bf8bc1_6ed147cd_f83baf57
ElasticNet,5,2,2022-09-17,2022-09-22,11.3,12.465925606354709,1.1659256063547083,1.1659256063547083,1.3593825195535942,1.0,0.2,enet_a1.0_l0.2,submitted_main_linear_features_H5_18col,6ed147cd585e5e8083292683f9be3cf585e97e4d46fa0e3224d24a4e2b42cbbb,f83baf5732ffbf88b9a448a3d9ab9fa270f7495fe44d1559c1ac49795a30881a,69cfb2bf8bc181dc1de1e09f0c7477a1a5de7585,elasticnet_corrected_69cfb2bf8bc1_6ed147cd_f83baf57
ElasticNet,5,2,2022-09-18,2022-09-23,13.42,12.375556405686519,-1.0444435943134813,1.0444435943134813,1.090862421702464,1.0,0.2,enet_a1.0_l0.2,submitted_main_linear_features_H5_18col,6ed147cd585e5e8083292683f9be3cf585e97e4d46fa0e3224d24a4e2b42cbbb,f83baf5732ffbf88b9a448a3d9ab9fa270f7495fe44d1559c1ac49795a30881a,69cfb2bf8bc181dc1de1e09f0c7477a1a5de7585,elasticnet_corrected_69cfb2bf8bc1_6ed147cd_f83baf57
ElasticNet,5,2,2022-09-19,2022-09-24,12.35,11.959940456918831,-0.3900595430811684,0.3900595430811684,0.15214644714868988,1.0,0.2,enet_a1.0_l0.2,submitted_main_linear_features_H5_18col,6ed147cd585e5e8083292683f9be3cf585e97e4d46fa0e3224d24a4e2b42cbbb,f83baf5732ffbf88b9a448a3d9ab9fa270f7495fe44d1559c1ac49795a30881a,69cfb2bf8bc181dc1de1e09f0c7477a1a5de7585,elasticnet_corrected_69cfb2bf8bc1_6ed147cd_f83baf57
ElasticNet,5,2,2022-09-20,2022-09-25,13.02,12.135800390444146,-0.8841996095558535,0.8841996095558535,0.7818089495387238,1.0,0.2,enet_a1.0_l0.2,submitted_main_linear_features_H5_18col,6ed147cd585e5e8083292683f9be3cf585e97e4d46fa0e3224d24a4e2b42cbbb,f83baf5732ffbf88b9a448a3d9ab9fa270f7495fe44d1559c1ac49795a30881a,69cfb2bf8bc181dc1de1e09f0c7477a1a5de7585,elasticnet_corrected_69cfb2bf8bc1_6ed147cd_f83baf57
ElasticNet,5,2,2022-09-21,2022-09-26,13.94,11.906558406594064,-2.0334415934059358,2.0334415934059358,4.134884713793271,1.0,0.2,enet_a1.0_l0.2,submitted_main_linear_features_H5_18col,6ed147cd585e5e8083292683f9be3cf585e97e4d46fa0e3224d24a4e2b42cbbb,f83baf5732ffbf88b9a448a3d9ab9fa270f7495fe44d1559c1ac49795a30881a,69cfb2bf8bc181dc1de1e09f0c7477a1a5de7585,elasticnet_corrected_69cfb2bf8bc1_6ed147cd_f83baf57
ElasticNet,5,2,2022-09-22,2022-09-27,13.92,12.017389963181826,-1.9026100368181744,1.9026100368181744,3.619924952201255,1.0,0.2,enet_a1.0_l0.2,submitted_main_linear_features_H5_18col,6ed147cd585e5e8083292683f9be3cf585e97e4d46fa0e3224d24a4e2b42cbbb,f83baf5732ffbf88b9a448a3d9ab9fa270f7495fe44d1559c1ac49795a30881a,69cfb2bf8bc181dc1de1e09f0c7477a1a5de7585,elasticnet_corrected_69cfb2bf8bc1_6ed147cd_f83baf57
ElasticNet,5,2,2022-09-23,2022-09-28,11.36,12.047882143456038,0.6878821434560383,0.6878821434560383,0.4731818432856736,1.0,0.2,enet_a1.0_l0.2,submitted_main_linear_features_H5_18col,6ed147cd585e5e8083292683f9be3cf585e97e4d46fa0e3224d24a4e2b42cbbb,f83baf5732ffbf88b9a448a3d9ab9fa270f7495fe44d1559c1ac49795a30881a,69cfb2bf8bc181dc1de1e09f0c7477a1a5de7585,elasticnet_corrected_69cfb2bf8bc1_6ed147cd_f83baf57
ElasticNet,5,2,2022-09-24,2022-09-29,12.05,12.451702609771916,0.40170260977191496,0.40170260977191496,0.16136498669756738,1.0,0.2,enet_a1.0_l0.2,submitted_main_linear_features_H5_18col,6ed147cd585e5e8083292683f9be3cf585e97e4d46fa0e3224d24a4e2b42cbbb,f83baf5732ffbf88b9a448a3d9ab9fa270f7495fe44d1559c1ac49795a30881a,69cfb2bf8bc181dc1de1e09f0c7477a1a5de7585,elasticnet_corrected_69cfb2bf8bc1_6ed147cd_f83baf57
ElasticNet,5,2,2022-09-25,2022-09-30,13.66,12.448004192723294,-1.2119958072767059,1.2119958072767059,1.4689338368563138,1.0,0.2,enet_a1.0_l0.2,submitted_main_linear_features_H5_18col,6ed147cd585e5e8083292683f9be3cf585e97e4d46fa0e3224d24a4e2b42cbbb,f83baf5732ffbf88b9a448a3d9ab9fa270f7495fe44d1559c1ac49795a30881a,69cfb2bf8bc181dc1de1e09f0c7477a1a5de7585,elasticnet_corrected_69cfb2bf8bc1_6ed147cd_f83baf57
ElasticNet,5,2,2022-09-26,2022-10-01,13.19,12.691342185346183,-0.4986578146538161,0.4986578146538161,0.2486596161153196,1.0,0.2,enet_a1.0_l0.2,submitted_main_linear_features_H5_18col,6ed147cd585e5e8083292683f9be3cf585e97e4d46fa0e3224d24a4e2b42cbbb,f83baf5732ffbf88b9a448a3d9ab9fa270f7495fe44d1559c1ac49795a30881a,69cfb2bf8bc181dc1de1e09f0c7477a1a5de7585,elasticnet_corrected_69cfb2bf8bc1_6ed147cd_f83baf57
ElasticNet,5,2,2022-09-27,2022-10-02,13.78,12.751767133507277,-1.028232866492722,1.028232866492722,1.05726282773584,1.0,0.2,enet_a1.0_l0.2,submitted_main_linear_features_H5_18col,6ed147cd585e5e8083292683f9be3cf585e97e4d46fa0e3224d24a4e2b42cbbb,f83baf5732ffbf88b9a448a3d9ab9fa270f7495fe44d1559c1ac49795a30881a,69cfb2bf8bc181dc1de1e09f0c7477a1a5de7585,elasticnet_corrected_69cfb2bf8bc1_6ed147cd_f83baf57
ElasticNet,5,2,2022-09-28,2022-10-03,14.42,12.921602325601837,-1.4983976743981628,1.4983976743981628,2.245195590641823,1.0,0.2,enet_a1.0_l0.2,submitted_main_linear_features_H5_18col,6ed147cd585e5e8083292683f9be3cf585e97e4d46fa0e3224d24a4e2b42cbbb,f83baf5732ffbf88b9a448a3d9ab9fa270f7495fe44d1559c1ac49795a30881a,69cfb2bf8bc181dc1de1e09f0c7477a1a5de7585,elasticnet_corrected_69cfb2bf8bc1_6ed147cd_f83baf57
ElasticNet,5,2,2022-09-29,2022-10-04,15.44,12.66832970233899,-2.771670297661009,2.771670297661009,7.682156238936266,1.0,0.2,enet_a1.0_l0.2,submitted_main_linear_features_H5_18col,6ed147cd585e5e8083292683f9be3cf585e97e4d46fa0e3224d24a4e2b42cbbb,f83baf5732ffbf88b9a448a3d9ab9fa270f7495fe44d1559c1ac49795a30881a,69cfb2bf8bc181dc1de1e09f0c7477a1a5de7585,elasticnet_corrected_69cfb2bf8bc1_6ed147cd_f83baf57
ElasticNet,5,2,2022-09-30,2022-10-05,10.33,12.808991345644607,2.478991345644607,2.478991345644607,6.145398091780859,1.0,0.2,enet_a1.0_l0.2,submitted_main_linear_features_H5_18col,6ed147cd585e5e8083292683f9be3cf585e97e4d46fa0e3224d24a4e2b42cbbb,f83baf5732ffbf88b9a448a3d9ab9fa270f7495fe44d1559c1ac49795a30881a,69cfb2bf8bc181dc1de1e09f0c7477a1a5de7585,elasticnet_corrected_69cfb2bf8bc1_6ed147cd_f83baf57
ElasticNet,5,2,2022-10-01,2022-10-06,16.68,12.9445012102812,-3.7354987897188003,3.7354987897188003,13.953951207990622,1.0,0.2,enet_a1.0_l0.2,submitted_main_linear_features_H5_18col,6ed147cd585e5e8083292683f9be3cf585e97e4d46fa0e3224d24a4e2b42cbbb,f83baf5732ffbf88b9a448a3d9ab9fa270f7495fe44d1559c1ac49795a30881a,69cfb2bf8bc181dc1de1e09f0c7477a1a5de7585,elasticnet_corrected_69cfb2bf8bc1_6ed147cd_f83baf57
ElasticNet,5,2,2022-10-02,2022-10-07,15.78,12.820480522970037,-2.9595194770299624,2.9595194770299624,8.758755534919702,1.0,0.2,enet_a1.0_l0.2,submitted_main_linear_features_H5_18col,6ed147cd585e5e8083292683f9be3cf585e97e4d46fa0e3224d24a4e2b42cbbb,f83baf5732ffbf88b9a448a3d9ab9fa270f7495fe44d1559c1ac49795a30881a,69cfb2bf8bc181dc1de1e09f0c7477a1a5de7585,elasticnet_corrected_69cfb2bf8bc1_6ed147cd_f83baf57
ElasticNet,5,2,2022-10-03,2022-10-08,14.52,12.780844287094261,-1.7391557129057382,1.7391557129057382,3.0246625937326668,1.0,0.2,enet_a1.0_l0.2,submitted_main_linear_features_H5_18col,6ed147cd585e5e8083292683f9be3cf585e97e4d46fa0e3224d24a4e2b42cbbb,f83baf5732ffbf88b9a448a3d9ab9fa270f7495fe44d1559c1ac49795a30881a,69cfb2bf8bc181dc1de1e09f0c7477a1a5de7585,elasticnet_corrected_69cfb2bf8bc1_6ed147cd_f83baf57
ElasticNet,5,2,2022-10-04,2022-10-09,12.31,12.8711230967229,0.5611230967229002,0.5611230967229002,0.3148591296758972,1.0,0.2,enet_a1.0_l0.2,submitted_main_linear_features_H5_18col,6ed147cd585e5e8083292683f9be3cf585e97e4d46fa0e3224d24a4e2b42cbbb,f83baf5732ffbf88b9a448a3d9ab9fa270f7495fe44d1559c1ac49795a30881a,69cfb2bf8bc181dc1de1e09f0c7477a1a5de7585,elasticnet_corrected_69cfb2bf8bc1_6ed147cd_f83baf57
ElasticNet,5,2,2022-10-05,2022-10-10,15.42,12.991286111205394,-2.428713888794606,2.428713888794606,5.898651153623818,1.0,0.2,enet_a1.0_l0.2,submitted_main_linear_features_H5_18col,6ed147cd585e5e8083292683f9be3cf585e97e4d46fa0e3224d24a4e2b42cbbb,f83baf5732ffbf88b9a448a3d9ab9fa270f7495fe44d1559c1ac49795a30881a,69cfb2bf8bc181dc1de1e09f0c7477a1a5de7585,elasticnet_corrected_69cfb2bf8bc1_6ed147cd_f83baf57
ElasticNet,5,2,2022-10-06,2022-10-11,12.6,12.488359725147511,-0.11164027485248873,0.11164027485248873,0.012463550969139228,1.0,0.2,enet_a1.0_l0.2,submitted_main_linear_features_H5_18col,6ed147cd585e5e8083292683f9be3cf585e97e4d46fa0e3224d24a4e2b42cbbb,f83baf5732ffbf88b9a448a3d9ab9fa270f7495fe44d1559c1ac49795a30881a,69cfb2bf8bc181dc1de1e09f0c7477a1a5de7585,elasticnet_corrected_69cfb2bf8bc1_6ed147cd_f83baf57
ElasticNet,5,2,2022-10-07,2022-10-12,13.87,13.21516553879082,-0.6548344612091785,0.6548344612091785,0.42880817158711515,1.0,0.2,enet_a1.0_l0.2,submitted_main_linear_features_H5_18col,6ed147cd585e5e8083292683f9be3cf585e97e4d46fa0e3224d24a4e2b42cbbb,f83baf5732ffbf88b9a448a3d9ab9fa270f7495fe44d1559c1ac49795a30881a,69cfb2bf8bc181dc1de1e09f0c7477a1a5de7585,elasticnet_corrected_69cfb2bf8bc1_6ed147cd_f83baf57
ElasticNet,5,2,2022-10-08,2022-10-13,13.28,13.15520511019899,-0.12479488980100939,0.12479488980100939,0.015573764520446077,1.0,0.2,enet_a1.0_l0.2,submitted_main_linear_features_H5_18col,6ed147cd585e5e8083292683f9be3cf585e97e4d46fa0e3224d24a4e2b42cbbb,f83baf5732ffbf88b9a448a3d9ab9fa270f7495fe44d1559c1ac49795a30881a,69cfb2bf8bc181dc1de1e09f0c7477a1a5de7585,elasticnet_corrected_69cfb2bf8bc1_6ed147cd_f83baf57
ElasticNet,5,2,2022-10-09,2022-10-14,13.3,13.007796656168216,-0.29220334383178503,0.29220334383178503,0.08538279414647638,1.0,0.2,enet_a1.0_l0.2,submitted_main_linear_features_H5_18col,6ed147cd585e5e8083292683f9be3cf585e97e4d46fa0e3224d24a4e2b42cbbb,f83baf5732ffbf88b9a448a3d9ab9fa270f7495fe44d1559c1ac49795a30881a,69cfb2bf8bc181dc1de1e09f0c7477a1a5de7585,elasticnet_corrected_69cfb2bf8bc1_6ed147cd_f83baf57
ElasticNet,5,2,2022-10-10,2022-10-15,13.45,12.768206404874137,-0.6817935951258622,0.6817935951258622,0.4648425063546482,1.0,0.2,enet_a1.0_l0.2,submitted_main_linear_features_H5_18col,6ed147cd585e5e8083292683f9be3cf585e97e4d46fa0e3224d24a4e2b42cbbb,f83baf5732ffbf88b9a448a3d9ab9fa270f7495fe44d1559c1ac49795a30881a,69cfb2bf8bc181dc1de1e09f0c7477a1a5de7585,elasticnet_corrected_69cfb2bf8bc1_6ed147cd_f83baf57
ElasticNet,5,2,2022-10-11,2022-10-16,13.31,13.132826918172128,-0.17717308182787228,0.17717308182787228,0.031390300924385925,1.0,0.2,enet_a1.0_l0.2,submitted_main_linear_features_H5_18col,6ed147cd585e5e8083292683f9be3cf585e97e4d46fa0e3224d24a4e2b42cbbb,f83baf5732ffbf88b9a448a3d9ab9fa270f7495fe44d1559c1ac49795a30881a,69cfb2bf8bc181dc1de1e09f0c7477a1a5de7585,elasticnet_corrected_69cfb2bf8bc1_6ed147cd_f83baf57
ElasticNet,5,2,2022-10-12,2022-10-17,13.04,12.794607198024687,-0.24539280197531177,0.24539280197531177,0.06021762726129458,1.0,0.2,enet_a1.0_l0.2,submitted_main_linear_features_H5_18col,6ed147cd585e5e8083292683f9be3cf585e97e4d46fa0e3224d24a4e2b42cbbb,f83baf5732ffbf88b9a448a3d9ab9fa270f7495fe44d1559c1ac49795a30881a,69cfb2bf8bc181dc1de1e09f0c7477a1a5de7585,elasticnet_corrected_69cfb2bf8bc1_6ed147cd_f83baf57
ElasticNet,5,2,2022-10-13,2022-10-18,13.21,12.895549138851193,-0.31445086114880816,0.31445086114880816,0.09887934407722702,1.0,0.2,enet_a1.0_l0.2,submitted_main_linear_features_H5_18col,6ed147cd585e5e8083292683f9be3cf585e97e4d46fa0e3224d24a4e2b42cbbb,f83baf5732ffbf88b9a448a3d9ab9fa270f7495fe44d1559c1ac49795a30881a,69cfb2bf8bc181dc1de1e09f0c7477a1a5de7585,elasticnet_corrected_69cfb2bf8bc1_6ed147cd_f83baf57
ElasticNet,5,2,2022-10-14,2022-10-19,14.93,12.726733410355214,-2.2032665896447856,2.2032665896447856,4.854383665044964,1.0,0.2,enet_a1.0_l0.2,submitted_main_linear_features_H5_18col,6ed147cd585e5e8083292683f9be3cf585e97e4d46fa0e3224d24a4e2b42cbbb,f83baf5732ffbf88b9a448a3d9ab9fa270f7495fe44d1559c1ac49795a30881a,69cfb2bf8bc181dc1de1e09f0c7477a1a5de7585,elasticnet_corrected_69cfb2bf8bc1_6ed147cd_f83baf57
ElasticNet,5,2,2022-10-15,2022-10-20,14.18,12.782592141860558,-1.3974078581394416,1.3974078581394416,1.9527487219898616,1.0,0.2,enet_a1.0_l0.2,submitted_main_linear_features_H5_18col,6ed147cd585e5e8083292683f9be3cf585e97e4d46fa0e3224d24a4e2b42cbbb,f83baf5732ffbf88b9a448a3d9ab9fa270f7495fe44d1559c1ac49795a30881a,69cfb2bf8bc181dc1de1e09f0c7477a1a5de7585,elasticnet_corrected_69cfb2bf8bc1_6ed147cd_f83baf57
ElasticNet,5,2,2022-10-16,2022-10-21,13.73,12.827387413359046,-0.902612586640954,0.902612586640954,0.8147094815626738,1.0,0.2,enet_a1.0_l0.2,submitted_main_linear_features_H5_18col,6ed147cd585e5e8083292683f9be3cf585e97e4d46fa0e3224d24a4e2b42cbbb,f83baf5732ffbf88b9a448a3d9ab9fa270f7495fe44d1559c1ac49795a30881a,69cfb2bf8bc181dc1de1e09f0c7477a1a5de7585,elasticnet_corrected_69cfb2bf8bc1_6ed147cd_f83baf57
ElasticNet,5,2,2022-10-17,2022-10-22,15.16,12.852468094051677,-2.3075319059483235,2.3075319059483235,5.324703496969502,1.0,0.2,enet_a1.0_l0.2,submitted_main_linear_features_H5_18col,6ed147cd585e5e8083292683f9be3cf585e97e4d46fa0e3224d24a4e2b42cbbb,f83baf5732ffbf88b9a448a3d9ab9fa270f7495fe44d1559c1ac49795a30881a,69cfb2bf8bc181dc1de1e09f0c7477a1a5de7585,elasticnet_corrected_69cfb2bf8bc1_6ed147cd_f83baf57
ElasticNet,5,2,2022-10-18,2022-10-23,13.21,12.774176879183536,-0.43582312081646535,0.43582312081646535,0.18994179263820335,1.0,0.2,enet_a1.0_l0.2,submitted_main_linear_features_H5_18col,6ed147cd585e5e8083292683f9be3cf585e97e4d46fa0e3224d24a4e2b42cbbb,f83baf5732ffbf88b9a448a3d9ab9fa270f7495fe44d1559c1ac49795a30881a,69cfb2bf8bc181dc1de1e09f0c7477a1a5de7585,elasticnet_corrected_69cfb2bf8bc1_6ed147cd_f83baf57
ElasticNet,5,2,2022-10-19,2022-10-24,14.57,12.887704772471306,-1.6822952275286944,1.6822952275286944,2.8301172325658217,1.0,0.2,enet_a1.0_l0.2,submitted_main_linear_features_H5_18col,6ed147cd585e5e8083292683f9be3cf585e97e4d46fa0e3224d24a4e2b42cbbb,f83baf5732ffbf88b9a448a3d9ab9fa270f7495fe44d1559c1ac49795a30881a,69cfb2bf8bc181dc1de1e09f0c7477a1a5de7585,elasticnet_corrected_69cfb2bf8bc1_6ed147cd_f83baf57
ElasticNet,5,2,2022-10-20,2022-10-25,16.82,13.0536147517153,-3.766385248284701,3.766385248284701,14.185657838496608,1.0,0.2,enet_a1.0_l0.2,submitted_main_linear_features_H5_18col,6ed147cd585e5e8083292683f9be3cf585e97e4d46fa0e3224d24a4e2b42cbbb,f83baf5732ffbf88b9a448a3d9ab9fa270f7495fe44d1559c1ac49795a30881a,69cfb2bf8bc181dc1de1e09f0c7477a1a5de7585,elasticnet_corrected_69cfb2bf8bc1_6ed147cd_f83baf57
ElasticNet,5,2,2022-10-21,2022-10-26,14.45,13.097704581848786,-1.352295418151213,1.352295418151213,1.828702897952764,1.0,0.2,enet_a1.0_l0.2,submitted_main_linear_features_H5_18col,6ed147cd585e5e8083292683f9be3cf585e97e4d46fa0e3224d24a4e2b42cbbb,f83baf5732ffbf88b9a448a3d9ab9fa270f7495fe44d1559c1ac49795a30881a,69cfb2bf8bc181dc1de1e09f0c7477a1a5de7585,elasticnet_corrected_69cfb2bf8bc1_6ed147cd_f83baf57
ElasticNet,5,2,2022-10-22,2022-10-27,11.03,12.99638969250813,1.9663896925081303,1.9663896925081303,3.8666884228022194,1.0,0.2,enet_a1.0_l0.2,submitted_main_linear_features_H5_18col,6ed147cd585e5e8083292683f9be3cf585e97e4d46fa0e3224d24a4e2b42cbbb,f83baf5732ffbf88b9a448a3d9ab9fa270f7495fe44d1559c1ac49795a30881a,69cfb2bf8bc181dc1de1e09f0c7477a1a5de7585,elasticnet_corrected_69cfb2bf8bc1_6ed147cd_f83baf57
ElasticNet,5,2,2022-10-23,2022-10-28,10.85,13.141604080553256,2.291604080553256,2.291604080553256,5.251449262008334,1.0,0.2,enet_a1.0_l0.2,submitted_main_linear_features_H5_18col,6ed147cd585e5e8083292683f9be3cf585e97e4d46fa0e3224d24a4e2b42cbbb,f83baf5732ffbf88b9a448a3d9ab9fa270f7495fe44d1559c1ac49795a30881a,69cfb2bf8bc181dc1de1e09f0c7477a1a5de7585,elasticnet_corrected_69cfb2bf8bc1_6ed147cd_f83baf57
ElasticNet,5,2,2022-10-24,2022-10-29,13.74,12.918494240630844,-0.8215057593691562,0.8215057593691562,0.6748717126766939,1.0,0.2,enet_a1.0_l0.2,submitted_main_linear_features_H5_18col,6ed147cd585e5e8083292683f9be3cf585e97e4d46fa0e3224d24a4e2b42cbbb,f83baf5732ffbf88b9a448a3d9ab9fa270f7495fe44d1559c1ac49795a30881a,69cfb2bf8bc181dc1de1e09f0c7477a1a5de7585,elasticnet_corrected_69cfb2bf8bc1_6ed147cd_f83baf57
ElasticNet,5,2,2022-10-25,2022-10-30,14.12,13.29374516029374,-0.8262548397062588,0.8262548397062588,0.6826970601380155,1.0,0.2,enet_a1.0_l0.2,submitted_main_linear_features_H5_18col,6ed147cd585e5e8083292683f9be3cf585e97e4d46fa0e3224d24a4e2b42cbbb,f83baf5732ffbf88b9a448a3d9ab9fa270f7495fe44d1559c1ac49795a30881a,69cfb2bf8bc181dc1de1e09f0c7477a1a5de7585,elasticnet_corrected_69cfb2bf8bc1_6ed147cd_f83baf57
ElasticNet,5,2,2022-10-26,2022-10-31,14.54,13.435454611689577,-1.104545388310422,1.104545388310422,1.2200205148378207,1.0,0.2,enet_a1.0_l0.2,submitted_main_linear_features_H5_18col,6ed147cd585e5e8083292683f9be3cf585e97e4d46fa0e3224d24a4e2b42cbbb,f83baf5732ffbf88b9a448a3d9ab9fa270f7495fe44d1559c1ac49795a30881a,69cfb2bf8bc181dc1de1e09f0c7477a1a5de7585,elasticnet_corrected_69cfb2bf8bc1_6ed147cd_f83baf57
ElasticNet,5,2,2022-10-27,2022-11-01,13.16,13.205754615435577,0.045754615435576795,0.045754615435576795,0.0020934848336575224,1.0,0.2,enet_a1.0_l0.2,submitted_main_linear_features_H5_18col,6ed147cd585e5e8083292683f9be3cf585e97e4d46fa0e3224d24a4e2b42cbbb,f83baf5732ffbf88b9a448a3d9ab9fa270f7495fe44d1559c1ac49795a30881a,69cfb2bf8bc181dc1de1e09f0c7477a1a5de7585,elasticnet_corrected_69cfb2bf8bc1_6ed147cd_f83baf57
ElasticNet,5,2,2022-10-28,2022-11-02,15.91,12.826888355818927,-3.0831116441810735,3.0831116441810735,9.505577410484923,1.0,0.2,enet_a1.0_l0.2,submitted_main_linear_features_H5_18col,6ed147cd585e5e8083292683f9be3cf585e97e4d46fa0e3224d24a4e2b42cbbb,f83baf5732ffbf88b9a448a3d9ab9fa270f7495fe44d1559c1ac49795a30881a,69cfb2bf8bc181dc1de1e09f0c7477a1a5de7585,elasticnet_corrected_69cfb2bf8bc1_6ed147cd_f83baf57
ElasticNet,5,2,2022-10-29,2022-11-03,14.39,12.725089995007448,-1.664910004992553,1.664910004992553,2.7719253247243025,1.0,0.2,enet_a1.0_l0.2,submitted_main_linear_features_H5_18col,6ed147cd585e5e8083292683f9be3cf585e97e4d46fa0e3224d24a4e2b42cbbb,f83baf5732ffbf88b9a448a3d9ab9fa270f7495fe44d1559c1ac49795a30881a,69cfb2bf8bc181dc1de1e09f0c7477a1a5de7585,elasticnet_corrected_69cfb2bf8bc1_6ed147cd_f83baf57
ElasticNet,5,2,2022-10-30,2022-11-04,14.63,13.013364424871497,-1.6166355751285035,1.6166355751285035,2.613510582771067,1.0,0.2,enet_a1.0_l0.2,submitted_main_linear_features_H5_18col,6ed147cd585e5e8083292683f9be3cf585e97e4d46fa0e3224d24a4e2b42cbbb,f83baf5732ffbf88b9a448a3d9ab9fa270f7495fe44d1559c1ac49795a30881a,69cfb2bf8bc181dc1de1e09f0c7477a1a5de7585,elasticnet_corrected_69cfb2bf8bc1_6ed147cd_f83baf57
ElasticNet,5,2,2022-10-31,2022-11-05,8.38,13.042874725674698,4.662874725674698,4.662874725674698,21.742400707335886,1.0,0.2,enet_a1.0_l0.2,submitted_main_linear_features_H5_18col,6ed147cd585e5e8083292683f9be3cf585e97e4d46fa0e3224d24a4e2b42cbbb,f83baf5732ffbf88b9a448a3d9ab9fa270f7495fe44d1559c1ac49795a30881a,69cfb2bf8bc181dc1de1e09f0c7477a1a5de7585,elasticnet_corrected_69cfb2bf8bc1_6ed147cd_f83baf57
ElasticNet,5,2,2022-11-01,2022-11-06,12.91,12.961942556785264,0.051942556785263605,0.051942556785263605,0.0026980292053903343,1.0,0.2,enet_a1.0_l0.2,submitted_main_linear_features_H5_18col,6ed147cd585e5e8083292683f9be3cf585e97e4d46fa0e3224d24a4e2b42cbbb,f83baf5732ffbf88b9a448a3d9ab9fa270f7495fe44d1559c1ac49795a30881a,69cfb2bf8bc181dc1de1e09f0c7477a1a5de7585,elasticnet_corrected_69cfb2bf8bc1_6ed147cd_f83baf57
ElasticNet,5,2,2022-11-02,2022-11-07,11.06,12.81130589032795,1.7513058903279504,1.7513058903279504,3.067072321497375,1.0,0.2,enet_a1.0_l0.2,submitted_main_linear_features_H5_18col,6ed147cd585e5e8083292683f9be3cf585e97e4d46fa0e3224d24a4e2b42cbbb,f83baf5732ffbf88b9a448a3d9ab9fa270f7495fe44d1559c1ac49795a30881a,69cfb2bf8bc181dc1de1e09f0c7477a1a5de7585,elasticnet_corrected_69cfb2bf8bc1_6ed147cd_f83baf57
ElasticNet,5,2,2022-11-03,2022-11-08,15.02,13.12750776233376,-1.8924922376662394,1.8924922376662394,3.58152686962697,1.0,0.2,enet_a1.0_l0.2,submitted_main_linear_features_H5_18col,6ed147cd585e5e8083292683f9be3cf585e97e4d46fa0e3224d24a4e2b42cbbb,f83baf5732ffbf88b9a448a3d9ab9fa270f7495fe44d1559c1ac49795a30881a,69cfb2bf8bc181dc1de1e09f0c7477a1a5de7585,elasticnet_corrected_69cfb2bf8bc1_6ed147cd_f83baf57
ElasticNet,5,2,2022-11-04,2022-11-09,12.58,12.922612963480105,0.3426129634801054,0.3426129634801054,0.11738364274462003,1.0,0.2,enet_a1.0_l0.2,submitted_main_linear_features_H5_18col,6ed147cd585e5e8083292683f9be3cf585e97e4d46fa0e3224d24a4e2b42cbbb,f83baf5732ffbf88b9a448a3d9ab9fa270f7495fe44d1559c1ac49795a30881a,69cfb2bf8bc181dc1de1e09f0c7477a1a5de7585,elasticnet_corrected_69cfb2bf8bc1_6ed147cd_f83baf57
ElasticNet,5,2,2022-11-05,2022-11-10,12.52,13.026506110681291,0.5065061106812916,0.5065061106812916,0.2565484401574888,1.0,0.2,enet_a1.0_l0.2,submitted_main_linear_features_H5_18col,6ed147cd585e5e8083292683f9be3cf585e97e4d46fa0e3224d24a4e2b42cbbb,f83baf5732ffbf88b9a448a3d9ab9fa270f7495fe44d1559c1ac49795a30881a,69cfb2bf8bc181dc1de1e09f0c7477a1a5de7585,elasticnet_corrected_69cfb2bf8bc1_6ed147cd_f83baf57
ElasticNet,5,2,2022-11-06,2022-11-11,13.76,12.356995691217953,-1.4030043087820463,1.4030043087820463,1.9684210904609876,1.0,0.2,enet_a1.0_l0.2,submitted_main_linear_features_H5_18col,6ed147cd585e5e8083292683f9be3cf585e97e4d46fa0e3224d24a4e2b42cbbb,f83baf5732ffbf88b9a448a3d9ab9fa270f7495fe44d1559c1ac49795a30881a,69cfb2bf8bc181dc1de1e09f0c7477a1a5de7585,elasticnet_corrected_69cfb2bf8bc1_6ed147cd_f83baf57
ElasticNet,5,2,2022-11-07,2022-11-12,12.56,12.864474727525511,0.30447472752551086,0.30447472752551086,0.09270485970173407,1.0,0.2,enet_a1.0_l0.2,submitted_main_linear_features_H5_18col,6ed147cd585e5e8083292683f9be3cf585e97e4d46fa0e3224d24a4e2b42cbbb,f83baf5732ffbf88b9a448a3d9ab9fa270f7495fe44d1559c1ac49795a30881a,69cfb2bf8bc181dc1de1e09f0c7477a1a5de7585,elasticnet_corrected_69cfb2bf8bc1_6ed147cd_f83baf57
ElasticNet,5,2,2022-11-08,2022-11-13,13.19,12.552820686732126,-0.6371793132678736,0.6371793132678736,0.40599747725651897,1.0,0.2,enet_a1.0_l0.2,submitted_main_linear_features_H5_18col,6ed147cd585e5e8083292683f9be3cf585e97e4d46fa0e3224d24a4e2b42cbbb,f83baf5732ffbf88b9a448a3d9ab9fa270f7495fe44d1559c1ac49795a30881a,69cfb2bf8bc181dc1de1e09f0c7477a1a5de7585,elasticnet_corrected_69cfb2bf8bc1_6ed147cd_f83baf57
ElasticNet,5,2,2022-11-09,2022-11-14,13.02,13.0181942495146,-0.0018057504853992157,0.0018057504853992157,3.260734815519503e-06,1.0,0.2,enet_a1.0_l0.2,submitted_main_linear_features_H5_18col,6ed147cd585e5e8083292683f9be3cf585e97e4d46fa0e3224d24a4e2b42cbbb,f83baf5732ffbf88b9a448a3d9ab9fa270f7495fe44d1559c1ac49795a30881a,69cfb2bf8bc181dc1de1e09f0c7477a1a5de7585,elasticnet_corrected_69cfb2bf8bc1_6ed147cd_f83baf57
ElasticNet,5,2,2022-11-10,2022-11-15,12.3,12.713285673501204,0.4132856735012034,0.4132856735012034,0.17080504792134327,1.0,0.2,enet_a1.0_l0.2,submitted_main_linear_features_H5_18col,6ed147cd585e5e8083292683f9be3cf585e97e4d46fa0e3224d24a4e2b42cbbb,f83baf5732ffbf88b9a448a3d9ab9fa270f7495fe44d1559c1ac49795a30881a,69cfb2bf8bc181dc1de1e09f0c7477a1a5de7585,elasticnet_corrected_69cfb2bf8bc1_6ed147cd_f83baf57
ElasticNet,5,2,2022-11-11,2022-11-16,12.12,12.741924194816871,0.6219241948168719,0.6219241948168719,0.3867897040986144,1.0,0.2,enet_a1.0_l0.2,submitted_main_linear_features_H5_18col,6ed147cd585e5e8083292683f9be3cf585e97e4d46fa0e3224d24a4e2b42cbbb,f83baf5732ffbf88b9a448a3d9ab9fa270f7495fe44d1559c1ac49795a30881a,69cfb2bf8bc181dc1de1e09f0c7477a1a5de7585,elasticnet_corrected_69cfb2bf8bc1_6ed147cd_f83baf57
ElasticNet,5,2,2022-11-12,2022-11-17,11.52,12.877761079184419,1.357761079184419,1.357761079184419,1.843515148148038,1.0,0.2,enet_a1.0_l0.2,submitted_main_linear_features_H5_18col,6ed147cd585e5e8083292683f9be3cf585e97e4d46fa0e3224d24a4e2b42cbbb,f83baf5732ffbf88b9a448a3d9ab9fa270f7495fe44d1559c1ac49795a30881a,69cfb2bf8bc181dc1de1e09f0c7477a1a5de7585,elasticnet_corrected_69cfb2bf8bc1_6ed147cd_f83baf57
ElasticNet,5,2,2022-11-13,2022-11-18,13.18,12.692298213570975,-0.4877017864290245,0.4877017864290245,0.23785303248606182,1.0,0.2,enet_a1.0_l0.2,submitted_main_linear_features_H5_18col,6ed147cd585e5e8083292683f9be3cf585e97e4d46fa0e3224d24a4e2b42cbbb,f83baf5732ffbf88b9a448a3d9ab9fa270f7495fe44d1559c1ac49795a30881a,69cfb2bf8bc181dc1de1e09f0c7477a1a5de7585,elasticnet_corrected_69cfb2bf8bc1_6ed147cd_f83baf57
ElasticNet,5,2,2022-11-14,2022-11-19,12.04,12.83346658489597,0.7934665848959703,0.7934665848959703,0.6295892213464741,1.0,0.2,enet_a1.0_l0.2,submitted_main_linear_features_H5_18col,6ed147cd585e5e8083292683f9be3cf585e97e4d46fa0e3224d24a4e2b42cbbb,f83baf5732ffbf88b9a448a3d9ab9fa270f7495fe44d1559c1ac49795a30881a,69cfb2bf8bc181dc1de1e09f0c7477a1a5de7585,elasticnet_corrected_69cfb2bf8bc1_6ed147cd_f83baf57
ElasticNet,5,2,2022-11-15,2022-11-20,11.29,12.888472440195525,1.5984724401955255,1.5984724401955255,2.555114142064638,1.0,0.2,enet_a1.0_l0.2,submitted_main_linear_features_H5_18col,6ed147cd585e5e8083292683f9be3cf585e97e4d46fa0e3224d24a4e2b42cbbb,f83baf5732ffbf88b9a448a3d9ab9fa270f7495fe44d1559c1ac49795a30881a,69cfb2bf8bc181dc1de1e09f0c7477a1a5de7585,elasticnet_corrected_69cfb2bf8bc1_6ed147cd_f83baf57
ElasticNet,5,2,2022-11-16,2022-11-21,14.21,12.75417541992376,-1.455824580076241,1.455824580076241,2.119425207954164,1.0,0.2,enet_a1.0_l0.2,submitted_main_linear_features_H5_18col,6ed147cd585e5e8083292683f9be3cf585e97e4d46fa0e3224d24a4e2b42cbbb,f83baf5732ffbf88b9a448a3d9ab9fa270f7495fe44d1559c1ac49795a30881a,69cfb2bf8bc181dc1de1e09f0c7477a1a5de7585,elasticnet_corrected_69cfb2bf8bc1_6ed147cd_f83baf57
ElasticNet,5,2,2022-11-17,2022-11-22,12.13,12.757472626285413,0.627472626285412,0.627472626285412,0.3937218967375123,1.0,0.2,enet_a1.0_l0.2,submitted_main_linear_features_H5_18col,6ed147cd585e5e8083292683f9be3cf585e97e4d46fa0e3224d24a4e2b42cbbb,f83baf5732ffbf88b9a448a3d9ab9fa270f7495fe44d1559c1ac49795a30881a,69cfb2bf8bc181dc1de1e09f0c7477a1a5de7585,elasticnet_corrected_69cfb2bf8bc1_6ed147cd_f83baf57
ElasticNet,5,2,2022-11-18,2022-11-23,12.79,12.589590558436406,-0.2004094415635933,0.2004094415635933,0.04016394426783132,1.0,0.2,enet_a1.0_l0.2,submitted_main_linear_features_H5_18col,6ed147cd585e5e8083292683f9be3cf585e97e4d46fa0e3224d24a4e2b42cbbb,f83baf5732ffbf88b9a448a3d9ab9fa270f7495fe44d1559c1ac49795a30881a,69cfb2bf8bc181dc1de1e09f0c7477a1a5de7585,elasticnet_corrected_69cfb2bf8bc1_6ed147cd_f83baf57
ElasticNet,5,2,2022-11-19,2022-11-24,14.64,12.835493131259769,-1.8045068687402317,1.8045068687402317,3.256245039330676,1.0,0.2,enet_a1.0_l0.2,submitted_main_linear_features_H5_18col,6ed147cd585e5e8083292683f9be3cf585e97e4d46fa0e3224d24a4e2b42cbbb,f83baf5732ffbf88b9a448a3d9ab9fa270f7495fe44d1559c1ac49795a30881a,69cfb2bf8bc181dc1de1e09f0c7477a1a5de7585,elasticnet_corrected_69cfb2bf8bc1_6ed147cd_f83baf57
ElasticNet,5,2,2022-11-20,2022-11-25,15.19,12.797800190413303,-2.392199809586696,2.392199809586696,5.722619928986625,1.0,0.2,enet_a1.0_l0.2,submitted_main_linear_features_H5_18col,6ed147cd585e5e8083292683f9be3cf585e97e4d46fa0e3224d24a4e2b42cbbb,f83baf5732ffbf88b9a448a3d9ab9fa270f7495fe44d1559c1ac49795a30881a,69cfb2bf8bc181dc1de1e09f0c7477a1a5de7585,elasticnet_corrected_69cfb2bf8bc1_6ed147cd_f83baf57
ElasticNet,5,2,2022-11-21,2022-11-26,11.86,12.692036393541834,0.8320363935418342,0.8320363935418342,0.692284560178102,1.0,0.2,enet_a1.0_l0.2,submitted_main_linear_features_H5_18col,6ed147cd585e5e8083292683f9be3cf585e97e4d46fa0e3224d24a4e2b42cbbb,f83baf5732ffbf88b9a448a3d9ab9fa270f7495fe44d1559c1ac49795a30881a,69cfb2bf8bc181dc1de1e09f0c7477a1a5de7585,elasticnet_corrected_69cfb2bf8bc1_6ed147cd_f83baf57
ElasticNet,5,2,2022-11-22,2022-11-27,10.9,13.01019359130531,2.1101935913053094,2.1101935913053094,4.452916992785999,1.0,0.2,enet_a1.0_l0.2,submitted_main_linear_features_H5_18col,6ed147cd585e5e8083292683f9be3cf585e97e4d46fa0e3224d24a4e2b42cbbb,f83baf5732ffbf88b9a448a3d9ab9fa270f7495fe44d1559c1ac49795a30881a,69cfb2bf8bc181dc1de1e09f0c7477a1a5de7585,elasticnet_corrected_69cfb2bf8bc1_6ed147cd_f83baf57
ElasticNet,5,2,2022-11-23,2022-11-28,13.08,12.786737618600167,-0.29326238139983296,0.29326238139983296,0.0860028243443011,1.0,0.2,enet_a1.0_l0.2,submitted_main_linear_features_H5_18col,6ed147cd585e5e8083292683f9be3cf585e97e4d46fa0e3224d24a4e2b42cbbb,f83baf5732ffbf88b9a448a3d9ab9fa270f7495fe44d1559c1ac49795a30881a,69cfb2bf8bc181dc1de1e09f0c7477a1a5de7585,elasticnet_corrected_69cfb2bf8bc1_6ed147cd_f83baf57
ElasticNet,5,2,2022-11-24,2022-11-29,11.44,12.815431003776913,1.3754310037769137,1.3754310037769137,1.8918104461507685,1.0,0.2,enet_a1.0_l0.2,submitted_main_linear_features_H5_18col,6ed147cd585e5e8083292683f9be3cf585e97e4d46fa0e3224d24a4e2b42cbbb,f83baf5732ffbf88b9a448a3d9ab9fa270f7495fe44d1559c1ac49795a30881a,69cfb2bf8bc181dc1de1e09f0c7477a1a5de7585,elasticnet_corrected_69cfb2bf8bc1_6ed147cd_f83baf57
ElasticNet,5,2,2022-11-25,2022-11-30,10.74,13.098561356196774,2.3585613561967733,2.3585613561967733,5.562811670944763,1.0,0.2,enet_a1.0_l0.2,submitted_main_linear_features_H5_18col,6ed147cd585e5e8083292683f9be3cf585e97e4d46fa0e3224d24a4e2b42cbbb,f83baf5732ffbf88b9a448a3d9ab9fa270f7495fe44d1559c1ac49795a30881a,69cfb2bf8bc181dc1de1e09f0c7477a1a5de7585,elasticnet_corrected_69cfb2bf8bc1_6ed147cd_f83baf57
ElasticNet,5,2,2022-11-26,2022-12-01,13.61,13.177709532267475,-0.4322904677325248,0.4322904677325248,0.18687504849240505,1.0,0.2,enet_a1.0_l0.2,submitted_main_linear_features_H5_18col,6ed147cd585e5e8083292683f9be3cf585e97e4d46fa0e3224d24a4e2b42cbbb,f83baf5732ffbf88b9a448a3d9ab9fa270f7495fe44d1559c1ac49795a30881a,69cfb2bf8bc181dc1de1e09f0c7477a1a5de7585,elasticnet_corrected_69cfb2bf8bc1_6ed147cd_f83baf57
ElasticNet,5,2,2022-11-27,2022-12-02,14.66,12.68912678933468,-1.9708732106653208,1.9708732106653208,3.88434121251823,1.0,0.2,enet_a1.0_l0.2,submitted_main_linear_features_H5_18col,6ed147cd585e5e8083292683f9be3cf585e97e4d46fa0e3224d24a4e2b42cbbb,f83baf5732ffbf88b9a448a3d9ab9fa270f7495fe44d1559c1ac49795a30881a,69cfb2bf8bc181dc1de1e09f0c7477a1a5de7585,elasticnet_corrected_69cfb2bf8bc1_6ed147cd_f83baf57
ElasticNet,5,2,2022-11-28,2022-12-03,12.89,12.561236566642858,-0.32876343335714253,0.32876343335714253,0.1080853951127763,1.0,0.2,enet_a1.0_l0.2,submitted_main_linear_features_H5_18col,6ed147cd585e5e8083292683f9be3cf585e97e4d46fa0e3224d24a4e2b42cbbb,f83baf5732ffbf88b9a448a3d9ab9fa270f7495fe44d1559c1ac49795a30881a,69cfb2bf8bc181dc1de1e09f0c7477a1a5de7585,elasticnet_corrected_69cfb2bf8bc1_6ed147cd_f83baf57
ElasticNet,5,2,2022-11-29,2022-12-04,15.41,12.687797808845275,-2.722202191154725,2.722202191154725,7.410384769527587,1.0,0.2,enet_a1.0_l0.2,submitted_main_linear_features_H5_18col,6ed147cd585e5e8083292683f9be3cf585e97e4d46fa0e3224d24a4e2b42cbbb,f83baf5732ffbf88b9a448a3d9ab9fa270f7495fe44d1559c1ac49795a30881a,69cfb2bf8bc181dc1de1e09f0c7477a1a5de7585,elasticnet_corrected_69cfb2bf8bc1_6ed147cd_f83baf57
ElasticNet,5,2,2022-11-30,2022-12-05,14.77,12.508441505074725,-2.261558494925275,2.261558494925275,5.114646825968675,1.0,0.2,enet_a1.0_l0.2,submitted_main_linear_features_H5_18col,6ed147cd585e5e8083292683f9be3cf585e97e4d46fa0e3224d24a4e2b42cbbb,f83baf5732ffbf88b9a448a3d9ab9fa270f7495fe44d1559c1ac49795a30881a,69cfb2bf8bc181dc1de1e09f0c7477a1a5de7585,elasticnet_corrected_69cfb2bf8bc1_6ed147cd_f83baf57
ElasticNet,5,2,2022-12-01,2022-12-06,12.9,12.436295215763325,-0.4637047842366755,0.4637047842366755,0.21502212692398176,1.0,0.2,enet_a1.0_l0.2,submitted_main_linear_features_H5_18col,6ed147cd585e5e8083292683f9be3cf585e97e4d46fa0e3224d24a4e2b42cbbb,f83baf5732ffbf88b9a448a3d9ab9fa270f7495fe44d1559c1ac49795a30881a,69cfb2bf8bc181dc1de1e09f0c7477a1a5de7585,elasticnet_corrected_69cfb2bf8bc1_6ed147cd_f83baf57
ElasticNet,5,2,2022-12-02,2022-12-07,14.59,12.79706988291474,-1.7929301170852607,1.7929301170852607,3.2145984047513667,1.0,0.2,enet_a1.0_l0.2,submitted_main_linear_features_H5_18col,6ed147cd585e5e8083292683f9be3cf585e97e4d46fa0e3224d24a4e2b42cbbb,f83baf5732ffbf88b9a448a3d9ab9fa270f7495fe44d1559c1ac49795a30881a,69cfb2bf8bc181dc1de1e09f0c7477a1a5de7585,elasticnet_corrected_69cfb2bf8bc1_6ed147cd_f83baf57
ElasticNet,5,2,2022-12-03,2022-12-08,13.7,12.942985108323558,-0.757014891676441,0.757014891676441,0.5730715462198936,1.0,0.2,enet_a1.0_l0.2,submitted_main_linear_features_H5_18col,6ed147cd585e5e8083292683f9be3cf585e97e4d46fa0e3224d24a4e2b42cbbb,f83baf5732ffbf88b9a448a3d9ab9fa270f7495fe44d1559c1ac49795a30881a,69cfb2bf8bc181dc1de1e09f0c7477a1a5de7585,elasticnet_corrected_69cfb2bf8bc1_6ed147cd_f83baf57
ElasticNet,5,2,2022-12-04,2022-12-09,11.71,12.756585057838732,1.0465850578387315,1.0465850578387315,1.0953402832913008,1.0,0.2,enet_a1.0_l0.2,submitted_main_linear_features_H5_18col,6ed147cd585e5e8083292683f9be3cf585e97e4d46fa0e3224d24a4e2b42cbbb,f83baf5732ffbf88b9a448a3d9ab9fa270f7495fe44d1559c1ac49795a30881a,69cfb2bf8bc181dc1de1e09f0c7477a1a5de7585,elasticnet_corrected_69cfb2bf8bc1_6ed147cd_f83baf57
ElasticNet,5,2,2022-12-05,2022-12-10,11.29,13.122209703419589,1.8322097034195899,1.8322097034195899,3.3569923973049014,1.0,0.2,enet_a1.0_l0.2,submitted_main_linear_features_H5_18col,6ed147cd585e5e8083292683f9be3cf585e97e4d46fa0e3224d24a4e2b42cbbb,f83baf5732ffbf88b9a448a3d9ab9fa270f7495fe44d1559c1ac49795a30881a,69cfb2bf8bc181dc1de1e09f0c7477a1a5de7585,elasticnet_corrected_69cfb2bf8bc1_6ed147cd_f83baf57
ElasticNet,5,2,2022-12-06,2022-12-11,10.86,13.082662887516063,2.222662887516064,2.222662887516064,4.940230311541247,1.0,0.2,enet_a1.0_l0.2,submitted_main_linear_features_H5_18col,6ed147cd585e5e8083292683f9be3cf585e97e4d46fa0e3224d24a4e2b42cbbb,f83baf5732ffbf88b9a448a3d9ab9fa270f7495fe44d1559c1ac49795a30881a,69cfb2bf8bc181dc1de1e09f0c7477a1a5de7585,elasticnet_corrected_69cfb2bf8bc1_6ed147cd_f83baf57
ElasticNet,5,2,2022-12-07,2022-12-12,12.49,12.90142189223025,0.4114218922302495,0.4114218922302495,0.16926797340631902,1.0,0.2,enet_a1.0_l0.2,submitted_main_linear_features_H5_18col,6ed147cd585e5e8083292683f9be3cf585e97e4d46fa0e3224d24a4e2b42cbbb,f83baf5732ffbf88b9a448a3d9ab9fa270f7495fe44d1559c1ac49795a30881a,69cfb2bf8bc181dc1de1e09f0c7477a1a5de7585,elasticnet_corrected_69cfb2bf8bc1_6ed147cd_f83baf57
ElasticNet,5,2,2022-12-08,2022-12-13,14.09,13.1307155315862,-0.9592844684138004,0.9592844684138004,0.9202266913399477,1.0,0.2,enet_a1.0_l0.2,submitted_main_linear_features_H5_18col,6ed147cd585e5e8083292683f9be3cf585e97e4d46fa0e3224d24a4e2b42cbbb,f83baf5732ffbf88b9a448a3d9ab9fa270f7495fe44d1559c1ac49795a30881a,69cfb2bf8bc181dc1de1e09f0c7477a1a5de7585,elasticnet_corrected_69cfb2bf8bc1_6ed147cd_f83baf57
ElasticNet,5,2,2022-12-09,2022-12-14,14.64,13.01233220172842,-1.627667798271581,1.627667798271581,2.6493024615302563,1.0,0.2,enet_a1.0_l0.2,submitted_main_linear_features_H5_18col,6ed147cd585e5e8083292683f9be3cf585e97e4d46fa0e3224d24a4e2b42cbbb,f83baf5732ffbf88b9a448a3d9ab9fa270f7495fe44d1559c1ac49795a30881a,69cfb2bf8bc181dc1de1e09f0c7477a1a5de7585,elasticnet_corrected_69cfb2bf8bc1_6ed147cd_f83baf57
ElasticNet,5,2,2022-12-10,2022-12-15,11.76,12.694757697983277,0.9347576979832777,0.9347576979832777,0.8737719539389965,1.0,0.2,enet_a1.0_l0.2,submitted_main_linear_features_H5_18col,6ed147cd585e5e8083292683f9be3cf585e97e4d46fa0e3224d24a4e2b42cbbb,f83baf5732ffbf88b9a448a3d9ab9fa270f7495fe44d1559c1ac49795a30881a,69cfb2bf8bc181dc1de1e09f0c7477a1a5de7585,elasticnet_corrected_69cfb2bf8bc1_6ed147cd_f83baf57
ElasticNet,5,2,2022-12-11,2022-12-16,12.11,12.69981609123451,0.5898160912345105,0.5898160912345105,0.34788302147915645,1.0,0.2,enet_a1.0_l0.2,submitted_main_linear_features_H5_18col,6ed147cd585e5e8083292683f9be3cf585e97e4d46fa0e3224d24a4e2b42cbbb,f83baf5732ffbf88b9a448a3d9ab9fa270f7495fe44d1559c1ac49795a30881a,69cfb2bf8bc181dc1de1e09f0c7477a1a5de7585,elasticnet_corrected_69cfb2bf8bc1_6ed147cd_f83baf57
ElasticNet,5,2,2022-12-12,2022-12-17,14.6,12.59233893228704,-2.0076610677129594,2.0076610677129594,4.03070296281034,1.0,0.2,enet_a1.0_l0.2,submitted_main_linear_features_H5_18col,6ed147cd585e5e8083292683f9be3cf585e97e4d46fa0e3224d24a4e2b42cbbb,f83baf5732ffbf88b9a448a3d9ab9fa270f7495fe44d1559c1ac49795a30881a,69cfb2bf8bc181dc1de1e09f0c7477a1a5de7585,elasticnet_corrected_69cfb2bf8bc1_6ed147cd_f83baf57
ElasticNet,5,2,2022-12-13,2022-12-18,14.22,12.761782626867383,-1.4582173731326176,1.4582173731326176,2.1263979073057917,1.0,0.2,enet_a1.0_l0.2,submitted_main_linear_features_H5_18col,6ed147cd585e5e8083292683f9be3cf585e97e4d46fa0e3224d24a4e2b42cbbb,f83baf5732ffbf88b9a448a3d9ab9fa270f7495fe44d1559c1ac49795a30881a,69cfb2bf8bc181dc1de1e09f0c7477a1a5de7585,elasticnet_corrected_69cfb2bf8bc1_6ed147cd_f83baf57
ElasticNet,5,2,2022-12-14,2022-12-19,13.27,12.948283419470366,-0.3217165805296336,0.3217165805296336,0.10350155818768021,1.0,0.2,enet_a1.0_l0.2,submitted_main_linear_features_H5_18col,6ed147cd585e5e8083292683f9be3cf585e97e4d46fa0e3224d24a4e2b42cbbb,f83baf5732ffbf88b9a448a3d9ab9fa270f7495fe44d1559c1ac49795a30881a,69cfb2bf8bc181dc1de1e09f0c7477a1a5de7585,elasticnet_corrected_69cfb2bf8bc1_6ed147cd_f83baf57
ElasticNet,5,2,2022-12-15,2022-12-20,12.58,13.062754115698574,0.4827541156985742,0.4827541156985742,0.23305153622391234,1.0,0.2,enet_a1.0_l0.2,submitted_main_linear_features_H5_18col,6ed147cd585e5e8083292683f9be3cf585e97e4d46fa0e3224d24a4e2b42cbbb,f83baf5732ffbf88b9a448a3d9ab9fa270f7495fe44d1559c1ac49795a30881a,69cfb2bf8bc181dc1de1e09f0c7477a1a5de7585,elasticnet_corrected_69cfb2bf8bc1_6ed147cd_f83baf57
ElasticNet,5,2,2022-12-16,2022-12-21,12.94,12.813084352442734,-0.12691564755726503,0.12691564755726503,0.016107581594879912,1.0,0.2,enet_a1.0_l0.2,submitted_main_linear_features_H5_18col,6ed147cd585e5e8083292683f9be3cf585e97e4d46fa0e3224d24a4e2b42cbbb,f83baf5732ffbf88b9a448a3d9ab9fa270f7495fe44d1559c1ac49795a30881a,69cfb2bf8bc181dc1de1e09f0c7477a1a5de7585,elasticnet_corrected_69cfb2bf8bc1_6ed147cd_f83baf57
ElasticNet,5,2,2022-12-17,2022-12-22,12.92,12.84435551567058,-0.07564448432941973,0.07564448432941973,0.005722088009463827,1.0,0.2,enet_a1.0_l0.2,submitted_main_linear_features_H5_18col,6ed147cd585e5e8083292683f9be3cf585e97e4d46fa0e3224d24a4e2b42cbbb,f83baf5732ffbf88b9a448a3d9ab9fa270f7495fe44d1559c1ac49795a30881a,69cfb2bf8bc181dc1de1e09f0c7477a1a5de7585,elasticnet_corrected_69cfb2bf8bc1_6ed147cd_f83baf57
ElasticNet,5,2,2022-12-18,2022-12-23,14.04,13.1052773814826,-0.9347226185173998,0.9347226185173998,0.8737063735680245,1.0,0.2,enet_a1.0_l0.2,submitted_main_linear_features_H5_18col,6ed147cd585e5e8083292683f9be3cf585e97e4d46fa0e3224d24a4e2b42cbbb,f83baf5732ffbf88b9a448a3d9ab9fa270f7495fe44d1559c1ac49795a30881a,69cfb2bf8bc181dc1de1e09f0c7477a1a5de7585,elasticnet_corrected_69cfb2bf8bc1_6ed147cd_f83baf57
ElasticNet,5,2,2022-12-19,2022-12-24,13.32,13.058984281100207,-0.26101571889979347,0.26101571889979347,0.068129205512776,1.0,0.2,enet_a1.0_l0.2,submitted_main_linear_features_H5_18col,6ed147cd585e5e8083292683f9be3cf585e97e4d46fa0e3224d24a4e2b42cbbb,f83baf5732ffbf88b9a448a3d9ab9fa270f7495fe44d1559c1ac49795a30881a,69cfb2bf8bc181dc1de1e09f0c7477a1a5de7585,elasticnet_corrected_69cfb2bf8bc1_6ed147cd_f83baf57
ElasticNet,5,2,2022-12-20,2022-12-25,12.68,12.959897453211694,0.279897453211694,0.279897453211694,0.07834258431439244,1.0,0.2,enet_a1.0_l0.2,submitted_main_linear_features_H5_18col,6ed147cd585e5e8083292683f9be3cf585e97e4d46fa0e3224d24a4e2b42cbbb,f83baf5732ffbf88b9a448a3d9ab9fa270f7495fe44d1559c1ac49795a30881a,69cfb2bf8bc181dc1de1e09f0c7477a1a5de7585,elasticnet_corrected_69cfb2bf8bc1_6ed147cd_f83baf57
ElasticNet,5,2,2022-12-21,2022-12-26,15.24,12.918080375471435,-2.321919624528565,2.321919624528565,5.391310742770873,1.0,0.2,enet_a1.0_l0.2,submitted_main_linear_features_H5_18col,6ed147cd585e5e8083292683f9be3cf585e97e4d46fa0e3224d24a4e2b42cbbb,f83baf5732ffbf88b9a448a3d9ab9fa270f7495fe44d1559c1ac49795a30881a,69cfb2bf8bc181dc1de1e09f0c7477a1a5de7585,elasticnet_corrected_69cfb2bf8bc1_6ed147cd_f83baf57
ElasticNet,5,2,2022-12-22,2022-12-27,12.37,12.90590282413369,0.5359028241336912,0.5359028241336912,0.2871918369144659,1.0,0.2,enet_a1.0_l0.2,submitted_main_linear_features_H5_18col,6ed147cd585e5e8083292683f9be3cf585e97e4d46fa0e3224d24a4e2b42cbbb,f83baf5732ffbf88b9a448a3d9ab9fa270f7495fe44d1559c1ac49795a30881a,69cfb2bf8bc181dc1de1e09f0c7477a1a5de7585,elasticnet_corrected_69cfb2bf8bc1_6ed147cd_f83baf57
ElasticNet,5,2,2022-12-23,2022-12-28,10.22,12.914859973059677,2.6948599730596765,2.6948599730596765,7.2622702743992,1.0,0.2,enet_a1.0_l0.2,submitted_main_linear_features_H5_18col,6ed147cd585e5e8083292683f9be3cf585e97e4d46fa0e3224d24a4e2b42cbbb,f83baf5732ffbf88b9a448a3d9ab9fa270f7495fe44d1559c1ac49795a30881a,69cfb2bf8bc181dc1de1e09f0c7477a1a5de7585,elasticnet_corrected_69cfb2bf8bc1_6ed147cd_f83baf57
ElasticNet,5,2,2022-12-24,2022-12-29,10.45,13.04574921184555,2.5957492118455505,2.5957492118455505,6.7379139707967965,1.0,0.2,enet_a1.0_l0.2,submitted_main_linear_features_H5_18col,6ed147cd585e5e8083292683f9be3cf585e97e4d46fa0e3224d24a4e2b42cbbb,f83baf5732ffbf88b9a448a3d9ab9fa270f7495fe44d1559c1ac49795a30881a,69cfb2bf8bc181dc1de1e09f0c7477a1a5de7585,elasticnet_corrected_69cfb2bf8bc1_6ed147cd_f83baf57
ElasticNet,5,2,2022-12-25,2022-12-30,11.82,12.95541252989068,1.1354125298906794,1.1354125298906794,1.289161613032753,1.0,0.2,enet_a1.0_l0.2,submitted_main_linear_features_H5_18col,6ed147cd585e5e8083292683f9be3cf585e97e4d46fa0e3224d24a4e2b42cbbb,f83baf5732ffbf88b9a448a3d9ab9fa270f7495fe44d1559c1ac49795a30881a,69cfb2bf8bc181dc1de1e09f0c7477a1a5de7585,elasticnet_corrected_69cfb2bf8bc1_6ed147cd_f83baf57
ElasticNet,5,2,2022-12-26,2022-12-31,13.51,12.896199435941185,-0.6138005640588151,0.6138005640588151,0.3767511324389196,1.0,0.2,enet_a1.0_l0.2,submitted_main_linear_features_H5_18col,6ed147cd585e5e8083292683f9be3cf585e97e4d46fa0e3224d24a4e2b42cbbb,f83baf5732ffbf88b9a448a3d9ab9fa270f7495fe44d1559c1ac49795a30881a,69cfb2bf8bc181dc1de1e09f0c7477a1a5de7585,elasticnet_corrected_69cfb2bf8bc1_6ed147cd_f83baf57
ElasticNet,5,2,2022-12-27,2023-01-01,12.29,13.173745973309737,0.8837459733097379,0.8837459733097379,0.781006945341176,1.0,0.2,enet_a1.0_l0.2,submitted_main_linear_features_H5_18col,6ed147cd585e5e8083292683f9be3cf585e97e4d46fa0e3224d24a4e2b42cbbb,f83baf5732ffbf88b9a448a3d9ab9fa270f7495fe44d1559c1ac49795a30881a,69cfb2bf8bc181dc1de1e09f0c7477a1a5de7585,elasticnet_corrected_69cfb2bf8bc1_6ed147cd_f83baf57
ElasticNet,5,2,2022-12-28,2023-01-02,13.67,12.765178862164493,-0.9048211378355067,0.9048211378355067,0.818701291473941,1.0,0.2,enet_a1.0_l0.2,submitted_main_linear_features_H5_18col,6ed147cd585e5e8083292683f9be3cf585e97e4d46fa0e3224d24a4e2b42cbbb,f83baf5732ffbf88b9a448a3d9ab9fa270f7495fe44d1559c1ac49795a30881a,69cfb2bf8bc181dc1de1e09f0c7477a1a5de7585,elasticnet_corrected_69cfb2bf8bc1_6ed147cd_f83baf57
ElasticNet,5,2,2022-12-29,2023-01-03,12.94,12.498507536784466,-0.4414924632155337,0.4414924632155337,0.19491559507611939,1.0,0.2,enet_a1.0_l0.2,submitted_main_linear_features_H5_18col,6ed147cd585e5e8083292683f9be3cf585e97e4d46fa0e3224d24a4e2b42cbbb,f83baf5732ffbf88b9a448a3d9ab9fa270f7495fe44d1559c1ac49795a30881a,69cfb2bf8bc181dc1de1e09f0c7477a1a5de7585,elasticnet_corrected_69cfb2bf8bc1_6ed147cd_f83baf57
ElasticNet,5,2,2022-12-30,2023-01-04,13.74,12.463155241906188,-1.2768447580938123,1.2768447580938123,1.6303325362716459,1.0,0.2,enet_a1.0_l0.2,submitted_main_linear_features_H5_18col,6ed147cd585e5e8083292683f9be3cf585e97e4d46fa0e3224d24a4e2b42cbbb,f83baf5732ffbf88b9a448a3d9ab9fa270f7495fe44d1559c1ac49795a30881a,69cfb2bf8bc181dc1de1e09f0c7477a1a5de7585,elasticnet_corrected_69cfb2bf8bc1_6ed147cd_f83baf57
ElasticNet,5,2,2022-12-31,2023-01-05,10.82,12.65197755888415,1.8319775588841498,1.8319775588841498,3.3561417762551287,1.0,0.2,enet_a1.0_l0.2,submitted_main_linear_features_H5_18col,6ed147cd585e5e8083292683f9be3cf585e97e4d46fa0e3224d24a4e2b42cbbb,f83baf5732ffbf88b9a448a3d9ab9fa270f7495fe44d1559c1ac49795a30881a,69cfb2bf8bc181dc1de1e09f0c7477a1a5de7585,elasticnet_corrected_69cfb2bf8bc1_6ed147cd_f83baf57
ElasticNet,5,2,2023-01-01,2023-01-06,12.01,12.86757418242509,0.8575741824250898,0.8575741824250898,0.7354334783620611,1.0,0.2,enet_a1.0_l0.2,submitted_main_linear_features_H5_18col,6ed147cd585e5e8083292683f9be3cf585e97e4d46fa0e3224d24a4e2b42cbbb,f83baf5732ffbf88b9a448a3d9ab9fa270f7495fe44d1559c1ac49795a30881a,69cfb2bf8bc181dc1de1e09f0c7477a1a5de7585,elasticnet_corrected_69cfb2bf8bc1_6ed147cd_f83baf57
ElasticNet,5,2,2023-01-02,2023-01-07,13.3,12.78056363089895,-0.5194363691010508,0.5194363691010508,0.26981414154488315,1.0,0.2,enet_a1.0_l0.2,submitted_main_linear_features_H5_18col,6ed147cd585e5e8083292683f9be3cf585e97e4d46fa0e3224d24a4e2b42cbbb,f83baf5732ffbf88b9a448a3d9ab9fa270f7495fe44d1559c1ac49795a30881a,69cfb2bf8bc181dc1de1e09f0c7477a1a5de7585,elasticnet_corrected_69cfb2bf8bc1_6ed147cd_f83baf57
ElasticNet,5,2,2023-01-03,2023-01-08,11.75,12.982916658940605,1.2329166589406046,1.2329166589406046,1.5200834878932632,1.0,0.2,enet_a1.0_l0.2,submitted_main_linear_features_H5_18col,6ed147cd585e5e8083292683f9be3cf585e97e4d46fa0e3224d24a4e2b42cbbb,f83baf5732ffbf88b9a448a3d9ab9fa270f7495fe44d1559c1ac49795a30881a,69cfb2bf8bc181dc1de1e09f0c7477a1a5de7585,elasticnet_corrected_69cfb2bf8bc1_6ed147cd_f83baf57
ElasticNet,5,2,2023-01-04,2023-01-09,14.04,12.925882265009154,-1.1141177349908453,1.1141177349908453,1.2412583274211315,1.0,0.2,enet_a1.0_l0.2,submitted_main_linear_features_H5_18col,6ed147cd585e5e8083292683f9be3cf585e97e4d46fa0e3224d24a4e2b42cbbb,f83baf5732ffbf88b9a448a3d9ab9fa270f7495fe44d1559c1ac49795a30881a,69cfb2bf8bc181dc1de1e09f0c7477a1a5de7585,elasticnet_corrected_69cfb2bf8bc1_6ed147cd_f83baf57
ElasticNet,5,2,2023-01-05,2023-01-10,14.39,13.04294677426773,-1.347053225732271,1.347053225732271,1.8145523929557166,1.0,0.2,enet_a1.0_l0.2,submitted_main_linear_features_H5_18col,6ed147cd585e5e8083292683f9be3cf585e97e4d46fa0e3224d24a4e2b42cbbb,f83baf5732ffbf88b9a448a3d9ab9fa270f7495fe44d1559c1ac49795a30881a,69cfb2bf8bc181dc1de1e09f0c7477a1a5de7585,elasticnet_corrected_69cfb2bf8bc1_6ed147cd_f83baf57
ElasticNet,5,2,2023-01-06,2023-01-11,10.31,12.824081473008633,2.5140814730086323,2.5140814730086323,6.320605652925254,1.0,0.2,enet_a1.0_l0.2,submitted_main_linear_features_H5_18col,6ed147cd585e5e8083292683f9be3cf585e97e4d46fa0e3224d24a4e2b42cbbb,f83baf5732ffbf88b9a448a3d9ab9fa270f7495fe44d1559c1ac49795a30881a,69cfb2bf8bc181dc1de1e09f0c7477a1a5de7585,elasticnet_corrected_69cfb2bf8bc1_6ed147cd_f83baf57
ElasticNet,5,2,2023-01-07,2023-01-12,12.35,12.904323199370898,0.5543231993708986,0.5543231993708986,0.307274209360789,1.0,0.2,enet_a1.0_l0.2,submitted_main_linear_features_H5_18col,6ed147cd585e5e8083292683f9be3cf585e97e4d46fa0e3224d24a4e2b42cbbb,f83baf5732ffbf88b9a448a3d9ab9fa270f7495fe44d1559c1ac49795a30881a,69cfb2bf8bc181dc1de1e09f0c7477a1a5de7585,elasticnet_corrected_69cfb2bf8bc1_6ed147cd_f83baf57
ElasticNet,5,2,2023-01-08,2023-01-13,13.13,13.099987172963509,-0.030012827036491885,0.030012827036491885,0.0009007697867223783,1.0,0.2,enet_a1.0_l0.2,submitted_main_linear_features_H5_18col,6ed147cd585e5e8083292683f9be3cf585e97e4d46fa0e3224d24a4e2b42cbbb,f83baf5732ffbf88b9a448a3d9ab9fa270f7495fe44d1559c1ac49795a30881a,69cfb2bf8bc181dc1de1e09f0c7477a1a5de7585,elasticnet_corrected_69cfb2bf8bc1_6ed147cd_f83baf57
ElasticNet,5,2,2023-01-09,2023-01-14,6.71,12.949433089927458,6.239433089927458,6.239433089927458,38.93052528368171,1.0,0.2,enet_a1.0_l0.2,submitted_main_linear_features_H5_18col,6ed147cd585e5e8083292683f9be3cf585e97e4d46fa0e3224d24a4e2b42cbbb,f83baf5732ffbf88b9a448a3d9ab9fa270f7495fe44d1559c1ac49795a30881a,69cfb2bf8bc181dc1de1e09f0c7477a1a5de7585,elasticnet_corrected_69cfb2bf8bc1_6ed147cd_f83baf57
ElasticNet,5,2,2023-01-10,2023-01-15,10.54,13.234414190054368,2.6944141900543688,2.6944141900543688,7.25986782756634,1.0,0.2,enet_a1.0_l0.2,submitted_main_linear_features_H5_18col,6ed147cd585e5e8083292683f9be3cf585e97e4d46fa0e3224d24a4e2b42cbbb,f83baf5732ffbf88b9a448a3d9ab9fa270f7495fe44d1559c1ac49795a30881a,69cfb2bf8bc181dc1de1e09f0c7477a1a5de7585,elasticnet_corrected_69cfb2bf8bc1_6ed147cd_f83baf57
ElasticNet,5,2,2023-01-11,2023-01-16,10.56,13.25353104178487,2.693531041784869,2.693531041784869,7.255109473058682,1.0,0.2,enet_a1.0_l0.2,submitted_main_linear_features_H5_18col,6ed147cd585e5e8083292683f9be3cf585e97e4d46fa0e3224d24a4e2b42cbbb,f83baf5732ffbf88b9a448a3d9ab9fa270f7495fe44d1559c1ac49795a30881a,69cfb2bf8bc181dc1de1e09f0c7477a1a5de7585,elasticnet_corrected_69cfb2bf8bc1_6ed147cd_f83baf57
ElasticNet,5,2,2023-01-12,2023-01-17,10.38,12.726907009830429,2.346907009830428,2.346907009830428,5.5079725127912,1.0,0.2,enet_a1.0_l0.2,submitted_main_linear_features_H5_18col,6ed147cd585e5e8083292683f9be3cf585e97e4d46fa0e3224d24a4e2b42cbbb,f83baf5732ffbf88b9a448a3d9ab9fa270f7495fe44d1559c1ac49795a30881a,69cfb2bf8bc181dc1de1e09f0c7477a1a5de7585,elasticnet_corrected_69cfb2bf8bc1_6ed147cd_f83baf57
ElasticNet,5,2,2023-01-13,2023-01-18,11.68,12.806961007096339,1.1269610070963392,1.1269610070963392,1.270041111515595,1.0,0.2,enet_a1.0_l0.2,submitted_main_linear_features_H5_18col,6ed147cd585e5e8083292683f9be3cf585e97e4d46fa0e3224d24a4e2b42cbbb,f83baf5732ffbf88b9a448a3d9ab9fa270f7495fe44d1559c1ac49795a30881a,69cfb2bf8bc181dc1de1e09f0c7477a1a5de7585,elasticnet_corrected_69cfb2bf8bc1_6ed147cd_f83baf57
ElasticNet,5,2,2023-01-14,2023-01-19,11.39,12.986873215161092,1.5968732151610912,1.5968732151610912,2.5500040652989204,1.0,0.2,enet_a1.0_l0.2,submitted_main_linear_features_H5_18col,6ed147cd585e5e8083292683f9be3cf585e97e4d46fa0e3224d24a4e2b42cbbb,f83baf5732ffbf88b9a448a3d9ab9fa270f7495fe44d1559c1ac49795a30881a,69cfb2bf8bc181dc1de1e09f0c7477a1a5de7585,elasticnet_corrected_69cfb2bf8bc1_6ed147cd_f83baf57
ElasticNet,5,2,2023-01-15,2023-01-20,13.84,12.123571940635001,-1.7164280593649988,1.7164280593649988,2.946125282975496,1.0,0.2,enet_a1.0_l0.2,submitted_main_linear_features_H5_18col,6ed147cd585e5e8083292683f9be3cf585e97e4d46fa0e3224d24a4e2b42cbbb,f83baf5732ffbf88b9a448a3d9ab9fa270f7495fe44d1559c1ac49795a30881a,69cfb2bf8bc181dc1de1e09f0c7477a1a5de7585,elasticnet_corrected_69cfb2bf8bc1_6ed147cd_f83baf57
ElasticNet,5,2,2023-01-16,2023-01-21,9.61,12.45248326451949,2.8424832645194904,2.8424832645194904,8.07971110907338,1.0,0.2,enet_a1.0_l0.2,submitted_main_linear_features_H5_18col,6ed147cd585e5e8083292683f9be3cf585e97e4d46fa0e3224d24a4e2b42cbbb,f83baf5732ffbf88b9a448a3d9ab9fa270f7495fe44d1559c1ac49795a30881a,69cfb2bf8bc181dc1de1e09f0c7477a1a5de7585,elasticnet_corrected_69cfb2bf8bc1_6ed147cd_f83baf57
ElasticNet,5,2,2023-01-17,2023-01-22,11.47,12.319441067413843,0.8494410674138422,0.8494410674138422,0.7215501270091675,1.0,0.2,enet_a1.0_l0.2,submitted_main_linear_features_H5_18col,6ed147cd585e5e8083292683f9be3cf585e97e4d46fa0e3224d24a4e2b42cbbb,f83baf5732ffbf88b9a448a3d9ab9fa270f7495fe44d1559c1ac49795a30881a,69cfb2bf8bc181dc1de1e09f0c7477a1a5de7585,elasticnet_corrected_69cfb2bf8bc1_6ed147cd_f83baf57
ElasticNet,5,2,2023-01-18,2023-01-23,9.53,12.27626837235951,2.746268372359511,2.746268372359511,7.541989973022157,1.0,0.2,enet_a1.0_l0.2,submitted_main_linear_features_H5_18col,6ed147cd585e5e8083292683f9be3cf585e97e4d46fa0e3224d24a4e2b42cbbb,f83baf5732ffbf88b9a448a3d9ab9fa270f7495fe44d1559c1ac49795a30881a,69cfb2bf8bc181dc1de1e09f0c7477a1a5de7585,elasticnet_corrected_69cfb2bf8bc1_6ed147cd_f83baf57
ElasticNet,5,2,2023-01-19,2023-01-24,9.61,12.477994086031671,2.867994086031672,2.867994086031672,8.225390077512646,1.0,0.2,enet_a1.0_l0.2,submitted_main_linear_features_H5_18col,6ed147cd585e5e8083292683f9be3cf585e97e4d46fa0e3224d24a4e2b42cbbb,f83baf5732ffbf88b9a448a3d9ab9fa270f7495fe44d1559c1ac49795a30881a,69cfb2bf8bc181dc1de1e09f0c7477a1a5de7585,elasticnet_corrected_69cfb2bf8bc1_6ed147cd_f83baf57
ElasticNet,5,2,2023-01-20,2023-01-25,13.98,12.451943953864577,-1.5280560461354238,1.5280560461354238,2.3349552801310245,1.0,0.2,enet_a1.0_l0.2,submitted_main_linear_features_H5_18col,6ed147cd585e5e8083292683f9be3cf585e97e4d46fa0e3224d24a4e2b42cbbb,f83baf5732ffbf88b9a448a3d9ab9fa270f7495fe44d1559c1ac49795a30881a,69cfb2bf8bc181dc1de1e09f0c7477a1a5de7585,elasticnet_corrected_69cfb2bf8bc1_6ed147cd_f83baf57
ElasticNet,5,2,2023-01-21,2023-01-26,12.46,12.826803282035227,0.3668032820352263,0.3668032820352263,0.13454464771181376,1.0,0.2,enet_a1.0_l0.2,submitted_main_linear_features_H5_18col,6ed147cd585e5e8083292683f9be3cf585e97e4d46fa0e3224d24a4e2b42cbbb,f83baf5732ffbf88b9a448a3d9ab9fa270f7495fe44d1559c1ac49795a30881a,69cfb2bf8bc181dc1de1e09f0c7477a1a5de7585,elasticnet_corrected_69cfb2bf8bc1_6ed147cd_f83baf57
ElasticNet,5,2,2023-01-22,2023-01-27,11.69,12.449386882739974,0.7593868827399746,0.7593868827399746,0.5766684376775358,1.0,0.2,enet_a1.0_l0.2,submitted_main_linear_features_H5_18col,6ed147cd585e5e8083292683f9be3cf585e97e4d46fa0e3224d24a4e2b42cbbb,f83baf5732ffbf88b9a448a3d9ab9fa270f7495fe44d1559c1ac49795a30881a,69cfb2bf8bc181dc1de1e09f0c7477a1a5de7585,elasticnet_corrected_69cfb2bf8bc1_6ed147cd_f83baf57
ElasticNet,5,2,2023-01-23,2023-01-28,12.88,12.732493334896485,-0.1475066651035153,0.1475066651035153,0.021758216249960615,1.0,0.2,enet_a1.0_l0.2,submitted_main_linear_features_H5_18col,6ed147cd585e5e8083292683f9be3cf585e97e4d46fa0e3224d24a4e2b42cbbb,f83baf5732ffbf88b9a448a3d9ab9fa270f7495fe44d1559c1ac49795a30881a,69cfb2bf8bc181dc1de1e09f0c7477a1a5de7585,elasticnet_corrected_69cfb2bf8bc1_6ed147cd_f83baf57
ElasticNet,5,2,2023-01-24,2023-01-29,12.01,12.57477444395259,0.5647744439525901,0.5647744439525901,0.31897017254195736,1.0,0.2,enet_a1.0_l0.2,submitted_main_linear_features_H5_18col,6ed147cd585e5e8083292683f9be3cf585e97e4d46fa0e3224d24a4e2b42cbbb,f83baf5732ffbf88b9a448a3d9ab9fa270f7495fe44d1559c1ac49795a30881a,69cfb2bf8bc181dc1de1e09f0c7477a1a5de7585,elasticnet_corrected_69cfb2bf8bc1_6ed147cd_f83baf57
ElasticNet,5,2,2023-01-25,2023-01-30,14.4,12.624831678359598,-1.7751683216404022,1.7751683216404022,3.1512225701556025,1.0,0.2,enet_a1.0_l0.2,submitted_main_linear_features_H5_18col,6ed147cd585e5e8083292683f9be3cf585e97e4d46fa0e3224d24a4e2b42cbbb,f83baf5732ffbf88b9a448a3d9ab9fa270f7495fe44d1559c1ac49795a30881a,69cfb2bf8bc181dc1de1e09f0c7477a1a5de7585,elasticnet_corrected_69cfb2bf8bc1_6ed147cd_f83baf57
ElasticNet,5,2,2023-01-26,2023-01-31,14.68,13.103961503016249,-1.5760384969837506,1.5760384969837506,2.4838973439748,1.0,0.2,enet_a1.0_l0.2,submitted_main_linear_features_H5_18col,6ed147cd585e5e8083292683f9be3cf585e97e4d46fa0e3224d24a4e2b42cbbb,f83baf5732ffbf88b9a448a3d9ab9fa270f7495fe44d1559c1ac49795a30881a,69cfb2bf8bc181dc1de1e09f0c7477a1a5de7585,elasticnet_corrected_69cfb2bf8bc1_6ed147cd_f83baf57
ElasticNet,5,2,2023-01-27,2023-02-01,16.7,12.94031808968476,-3.759681910315239,3.759681910315239,14.135208066751643,1.0,0.2,enet_a1.0_l0.2,submitted_main_linear_features_H5_18col,6ed147cd585e5e8083292683f9be3cf585e97e4d46fa0e3224d24a4e2b42cbbb,f83baf5732ffbf88b9a448a3d9ab9fa270f7495fe44d1559c1ac49795a30881a,69cfb2bf8bc181dc1de1e09f0c7477a1a5de7585,elasticnet_corrected_69cfb2bf8bc1_6ed147cd_f83baf57
ElasticNet,5,2,2023-01-28,2023-02-02,11.45,12.812108819667966,1.3621088196679665,1.3621088196679665,1.8553404366172608,1.0,0.2,enet_a1.0_l0.2,submitted_main_linear_features_H5_18col,6ed147cd585e5e8083292683f9be3cf585e97e4d46fa0e3224d24a4e2b42cbbb,f83baf5732ffbf88b9a448a3d9ab9fa270f7495fe44d1559c1ac49795a30881a,69cfb2bf8bc181dc1de1e09f0c7477a1a5de7585,elasticnet_corrected_69cfb2bf8bc1_6ed147cd_f83baf57
ElasticNet,5,2,2023-01-29,2023-02-03,8.69,12.955271037396987,4.265271037396987,4.265271037396987,18.19253702245757,1.0,0.2,enet_a1.0_l0.2,submitted_main_linear_features_H5_18col,6ed147cd585e5e8083292683f9be3cf585e97e4d46fa0e3224d24a4e2b42cbbb,f83baf5732ffbf88b9a448a3d9ab9fa270f7495fe44d1559c1ac49795a30881a,69cfb2bf8bc181dc1de1e09f0c7477a1a5de7585,elasticnet_corrected_69cfb2bf8bc1_6ed147cd_f83baf57
ElasticNet,5,2,2023-01-30,2023-02-04,16.0,12.86859429833005,-3.1314057016699497,3.1314057016699497,9.80570166845107,1.0,0.2,enet_a1.0_l0.2,submitted_main_linear_features_H5_18col,6ed147cd585e5e8083292683f9be3cf585e97e4d46fa0e3224d24a4e2b42cbbb,f83baf5732ffbf88b9a448a3d9ab9fa270f7495fe44d1559c1ac49795a30881a,69cfb2bf8bc181dc1de1e09f0c7477a1a5de7585,elasticnet_corrected_69cfb2bf8bc1_6ed147cd_f83baf57
ElasticNet,5,2,2023-01-31,2023-02-05,17.45,13.203248413338912,-4.246751586661087,4.246751586661087,18.034899038808465,1.0,0.2,enet_a1.0_l0.2,submitted_main_linear_features_H5_18col,6ed147cd585e5e8083292683f9be3cf585e97e4d46fa0e3224d24a4e2b42cbbb,f83baf5732ffbf88b9a448a3d9ab9fa270f7495fe44d1559c1ac49795a30881a,69cfb2bf8bc181dc1de1e09f0c7477a1a5de7585,elasticnet_corrected_69cfb2bf8bc1_6ed147cd_f83baf57
ElasticNet,5,2,2023-02-01,2023-02-06,15.54,13.241244804674393,-2.2987551953256062,2.2987551953256062,5.284275448036466,1.0,0.2,enet_a1.0_l0.2,submitted_main_linear_features_H5_18col,6ed147cd585e5e8083292683f9be3cf585e97e4d46fa0e3224d24a4e2b42cbbb,f83baf5732ffbf88b9a448a3d9ab9fa270f7495fe44d1559c1ac49795a30881a,69cfb2bf8bc181dc1de1e09f0c7477a1a5de7585,elasticnet_corrected_69cfb2bf8bc1_6ed147cd_f83baf57
ElasticNet,5,2,2023-02-02,2023-02-07,13.67,13.545363260901778,-0.12463673909822148,0.12463673909822148,0.015534316733038131,1.0,0.2,enet_a1.0_l0.2,submitted_main_linear_features_H5_18col,6ed147cd585e5e8083292683f9be3cf585e97e4d46fa0e3224d24a4e2b42cbbb,f83baf5732ffbf88b9a448a3d9ab9fa270f7495fe44d1559c1ac49795a30881a,69cfb2bf8bc181dc1de1e09f0c7477a1a5de7585,elasticnet_corrected_69cfb2bf8bc1_6ed147cd_f83baf57
ElasticNet,5,2,2023-02-03,2023-02-08,12.29,12.961044448249268,0.671044448249269,0.671044448249269,0.4503006515261659,1.0,0.2,enet_a1.0_l0.2,submitted_main_linear_features_H5_18col,6ed147cd585e5e8083292683f9be3cf585e97e4d46fa0e3224d24a4e2b42cbbb,f83baf5732ffbf88b9a448a3d9ab9fa270f7495fe44d1559c1ac49795a30881a,69cfb2bf8bc181dc1de1e09f0c7477a1a5de7585,elasticnet_corrected_69cfb2bf8bc1_6ed147cd_f83baf57
ElasticNet,5,2,2023-02-04,2023-02-09,11.92,12.632813042664045,0.7128130426640453,0.7128130426640453,0.5081024337919741,1.0,0.2,enet_a1.0_l0.2,submitted_main_linear_features_H5_18col,6ed147cd585e5e8083292683f9be3cf585e97e4d46fa0e3224d24a4e2b42cbbb,f83baf5732ffbf88b9a448a3d9ab9fa270f7495fe44d1559c1ac49795a30881a,69cfb2bf8bc181dc1de1e09f0c7477a1a5de7585,elasticnet_corrected_69cfb2bf8bc1_6ed147cd_f83baf57
ElasticNet,5,2,2023-02-05,2023-02-10,10.97,13.531793986772211,2.5617939867722104,2.5617939867722104,6.562788430662256,1.0,0.2,enet_a1.0_l0.2,submitted_main_linear_features_H5_18col,6ed147cd585e5e8083292683f9be3cf585e97e4d46fa0e3224d24a4e2b42cbbb,f83baf5732ffbf88b9a448a3d9ab9fa270f7495fe44d1559c1ac49795a30881a,69cfb2bf8bc181dc1de1e09f0c7477a1a5de7585,elasticnet_corrected_69cfb2bf8bc1_6ed147cd_f83baf57
ElasticNet,5,2,2023-02-06,2023-02-11,7.57,13.734484787936951,6.164484787936951,6.164484787936951,38.000872700706076,1.0,0.2,enet_a1.0_l0.2,submitted_main_linear_features_H5_18col,6ed147cd585e5e8083292683f9be3cf585e97e4d46fa0e3224d24a4e2b42cbbb,f83baf5732ffbf88b9a448a3d9ab9fa270f7495fe44d1559c1ac49795a30881a,69cfb2bf8bc181dc1de1e09f0c7477a1a5de7585,elasticnet_corrected_69cfb2bf8bc1_6ed147cd_f83baf57
ElasticNet,5,2,2023-02-07,2023-02-12,7.45,13.503058396120764,6.053058396120764,6.053058396120764,36.63951594684807,1.0,0.2,enet_a1.0_l0.2,submitted_main_linear_features_H5_18col,6ed147cd585e5e8083292683f9be3cf585e97e4d46fa0e3224d24a4e2b42cbbb,f83baf5732ffbf88b9a448a3d9ab9fa270f7495fe44d1559c1ac49795a30881a,69cfb2bf8bc181dc1de1e09f0c7477a1a5de7585,elasticnet_corrected_69cfb2bf8bc1_6ed147cd_f83baf57
ElasticNet,5,2,2023-02-08,2023-02-13,8.88,13.260689693482263,4.380689693482262,4.380689693482262,19.190442190581717,1.0,0.2,enet_a1.0_l0.2,submitted_main_linear_features_H5_18col,6ed147cd585e5e8083292683f9be3cf585e97e4d46fa0e3224d24a4e2b42cbbb,f83baf5732ffbf88b9a448a3d9ab9fa270f7495fe44d1559c1ac49795a30881a,69cfb2bf8bc181dc1de1e09f0c7477a1a5de7585,elasticnet_corrected_69cfb2bf8bc1_6ed147cd_f83baf57
ElasticNet,5,2,2023-02-09,2023-02-14,11.27,13.098715437944449,1.8287154379444495,1.8287154379444495,3.3442001529763594,1.0,0.2,enet_a1.0_l0.2,submitted_main_linear_features_H5_18col,6ed147cd585e5e8083292683f9be3cf585e97e4d46fa0e3224d24a4e2b42cbbb,f83baf5732ffbf88b9a448a3d9ab9fa270f7495fe44d1559c1ac49795a30881a,69cfb2bf8bc181dc1de1e09f0c7477a1a5de7585,elasticnet_corrected_69cfb2bf8bc1_6ed147cd_f83baf57
ElasticNet,5,2,2023-02-10,2023-02-15,14.0,12.941848874682462,-1.0581511253175382,1.0581511253175382,1.1196838040107724,1.0,0.2,enet_a1.0_l0.2,submitted_main_linear_features_H5_18col,6ed147cd585e5e8083292683f9be3cf585e97e4d46fa0e3224d24a4e2b42cbbb,f83baf5732ffbf88b9a448a3d9ab9fa270f7495fe44d1559c1ac49795a30881a,69cfb2bf8bc181dc1de1e09f0c7477a1a5de7585,elasticnet_corrected_69cfb2bf8bc1_6ed147cd_f83baf57
ElasticNet,5,2,2023-02-11,2023-02-16,15.84,12.944397922035753,-2.895602077964247,2.895602077964247,8.384511393910865,1.0,0.2,enet_a1.0_l0.2,submitted_main_linear_features_H5_18col,6ed147cd585e5e8083292683f9be3cf585e97e4d46fa0e3224d24a4e2b42cbbb,f83baf5732ffbf88b9a448a3d9ab9fa270f7495fe44d1559c1ac49795a30881a,69cfb2bf8bc181dc1de1e09f0c7477a1a5de7585,elasticnet_corrected_69cfb2bf8bc1_6ed147cd_f83baf57
ElasticNet,5,2,2023-02-12,2023-02-17,13.82,12.435774261840159,-1.3842257381598415,1.3842257381598415,1.916080894184158,1.0,0.2,enet_a1.0_l0.2,submitted_main_linear_features_H5_18col,6ed147cd585e5e8083292683f9be3cf585e97e4d46fa0e3224d24a4e2b42cbbb,f83baf5732ffbf88b9a448a3d9ab9fa270f7495fe44d1559c1ac49795a30881a,69cfb2bf8bc181dc1de1e09f0c7477a1a5de7585,elasticnet_corrected_69cfb2bf8bc1_6ed147cd_f83baf57
ElasticNet,5,2,2023-02-13,2023-02-18,16.04,12.2858013760907,-3.7541986239093,3.7541986239093,14.094007307762482,1.0,0.2,enet_a1.0_l0.2,submitted_main_linear_features_H5_18col,6ed147cd585e5e8083292683f9be3cf585e97e4d46fa0e3224d24a4e2b42cbbb,f83baf5732ffbf88b9a448a3d9ab9fa270f7495fe44d1559c1ac49795a30881a,69cfb2bf8bc181dc1de1e09f0c7477a1a5de7585,elasticnet_corrected_69cfb2bf8bc1_6ed147cd_f83baf57
ElasticNet,5,2,2023-02-14,2023-02-19,14.5,12.277281174188206,-2.2227188258117945,2.2227188258117945,4.940478978618162,1.0,0.2,enet_a1.0_l0.2,submitted_main_linear_features_H5_18col,6ed147cd585e5e8083292683f9be3cf585e97e4d46fa0e3224d24a4e2b42cbbb,f83baf5732ffbf88b9a448a3d9ab9fa270f7495fe44d1559c1ac49795a30881a,69cfb2bf8bc181dc1de1e09f0c7477a1a5de7585,elasticnet_corrected_69cfb2bf8bc1_6ed147cd_f83baf57
ElasticNet,5,2,2023-02-15,2023-02-20,13.08,12.625476680654943,-0.4545233193450571,0.4545233193450571,0.20659144782844874,1.0,0.2,enet_a1.0_l0.2,submitted_main_linear_features_H5_18col,6ed147cd585e5e8083292683f9be3cf585e97e4d46fa0e3224d24a4e2b42cbbb,f83baf5732ffbf88b9a448a3d9ab9fa270f7495fe44d1559c1ac49795a30881a,69cfb2bf8bc181dc1de1e09f0c7477a1a5de7585,elasticnet_corrected_69cfb2bf8bc1_6ed147cd_f83baf57
ElasticNet,5,2,2023-02-16,2023-02-21,10.58,12.943191751689916,2.363191751689916,2.363191751689916,5.584675255255254,1.0,0.2,enet_a1.0_l0.2,submitted_main_linear_features_H5_18col,6ed147cd585e5e8083292683f9be3cf585e97e4d46fa0e3224d24a4e2b42cbbb,f83baf5732ffbf88b9a448a3d9ab9fa270f7495fe44d1559c1ac49795a30881a,69cfb2bf8bc181dc1de1e09f0c7477a1a5de7585,elasticnet_corrected_69cfb2bf8bc1_6ed147cd_f83baf57
ElasticNet,5,2,2023-02-17,2023-02-22,13.94,13.211676224039627,-0.7283237759603729,0.7283237759603729,0.5304555226291755,1.0,0.2,enet_a1.0_l0.2,submitted_main_linear_features_H5_18col,6ed147cd585e5e8083292683f9be3cf585e97e4d46fa0e3224d24a4e2b42cbbb,f83baf5732ffbf88b9a448a3d9ab9fa270f7495fe44d1559c1ac49795a30881a,69cfb2bf8bc181dc1de1e09f0c7477a1a5de7585,elasticnet_corrected_69cfb2bf8bc1_6ed147cd_f83baf57
ElasticNet,5,2,2023-02-18,2023-02-23,13.76,12.979463440069797,-0.7805365599302032,0.7805365599302032,0.6092373213876757,1.0,0.2,enet_a1.0_l0.2,submitted_main_linear_features_H5_18col,6ed147cd585e5e8083292683f9be3cf585e97e4d46fa0e3224d24a4e2b42cbbb,f83baf5732ffbf88b9a448a3d9ab9fa270f7495fe44d1559c1ac49795a30881a,69cfb2bf8bc181dc1de1e09f0c7477a1a5de7585,elasticnet_corrected_69cfb2bf8bc1_6ed147cd_f83baf57
ElasticNet,5,2,2023-02-19,2023-02-24,16.57,13.33779389621967,-3.23220610378033,3.23220610378033,10.44715629731482,1.0,0.2,enet_a1.0_l0.2,submitted_main_linear_features_H5_18col,6ed147cd585e5e8083292683f9be3cf585e97e4d46fa0e3224d24a4e2b42cbbb,f83baf5732ffbf88b9a448a3d9ab9fa270f7495fe44d1559c1ac49795a30881a,69cfb2bf8bc181dc1de1e09f0c7477a1a5de7585,elasticnet_corrected_69cfb2bf8bc1_6ed147cd_f83baf57
ElasticNet,5,3,2023-02-20,2023-02-25,12.14,12.670974776430398,0.5309747764303978,0.5309747764303978,0.2819342132053109,1.0,0.5,enet_a1.0_l0.5,submitted_main_linear_features_H5_18col,6ed147cd585e5e8083292683f9be3cf585e97e4d46fa0e3224d24a4e2b42cbbb,f83baf5732ffbf88b9a448a3d9ab9fa270f7495fe44d1559c1ac49795a30881a,69cfb2bf8bc181dc1de1e09f0c7477a1a5de7585,elasticnet_corrected_69cfb2bf8bc1_6ed147cd_f83baf57
ElasticNet,5,3,2023-02-21,2023-02-26,10.48,12.648323527495409,2.1683235274954082,2.1683235274954082,4.70162691989013,1.0,0.5,enet_a1.0_l0.5,submitted_main_linear_features_H5_18col,6ed147cd585e5e8083292683f9be3cf585e97e4d46fa0e3224d24a4e2b42cbbb,f83baf5732ffbf88b9a448a3d9ab9fa270f7495fe44d1559c1ac49795a30881a,69cfb2bf8bc181dc1de1e09f0c7477a1a5de7585,elasticnet_corrected_69cfb2bf8bc1_6ed147cd_f83baf57
ElasticNet,5,3,2023-02-22,2023-02-27,11.17,12.530099649153874,1.3600996491538737,1.3600996491538737,1.8498710556284903,1.0,0.5,enet_a1.0_l0.5,submitted_main_linear_features_H5_18col,6ed147cd585e5e8083292683f9be3cf585e97e4d46fa0e3224d24a4e2b42cbbb,f83baf5732ffbf88b9a448a3d9ab9fa270f7495fe44d1559c1ac49795a30881a,69cfb2bf8bc181dc1de1e09f0c7477a1a5de7585,elasticnet_corrected_69cfb2bf8bc1_6ed147cd_f83baf57
ElasticNet,5,3,2023-02-23,2023-02-28,9.76,12.677268338800086,2.9172683388000866,2.9172683388000866,8.510454560565417,1.0,0.5,enet_a1.0_l0.5,submitted_main_linear_features_H5_18col,6ed147cd585e5e8083292683f9be3cf585e97e4d46fa0e3224d24a4e2b42cbbb,f83baf5732ffbf88b9a448a3d9ab9fa270f7495fe44d1559c1ac49795a30881a,69cfb2bf8bc181dc1de1e09f0c7477a1a5de7585,elasticnet_corrected_69cfb2bf8bc1_6ed147cd_f83baf57
ElasticNet,5,3,2023-02-24,2023-03-01,12.96,12.648076837527551,-0.3119231624724499,0.3119231624724499,0.09729605928681437,1.0,0.5,enet_a1.0_l0.5,submitted_main_linear_features_H5_18col,6ed147cd585e5e8083292683f9be3cf585e97e4d46fa0e3224d24a4e2b42cbbb,f83baf5732ffbf88b9a448a3d9ab9fa270f7495fe44d1559c1ac49795a30881a,69cfb2bf8bc181dc1de1e09f0c7477a1a5de7585,elasticnet_corrected_69cfb2bf8bc1_6ed147cd_f83baf57
ElasticNet,5,3,2023-02-25,2023-03-02,15.2,12.79834743677364,-2.40165256322636,2.40165256322636,5.767935034451746,1.0,0.5,enet_a1.0_l0.5,submitted_main_linear_features_H5_18col,6ed147cd585e5e8083292683f9be3cf585e97e4d46fa0e3224d24a4e2b42cbbb,f83baf5732ffbf88b9a448a3d9ab9fa270f7495fe44d1559c1ac49795a30881a,69cfb2bf8bc181dc1de1e09f0c7477a1a5de7585,elasticnet_corrected_69cfb2bf8bc1_6ed147cd_f83baf57
ElasticNet,5,3,2023-02-26,2023-03-03,16.39,12.563328568170256,-3.8266714318297446,3.8266714318297446,14.643414247181907,1.0,0.5,enet_a1.0_l0.5,submitted_main_linear_features_H5_18col,6ed147cd585e5e8083292683f9be3cf585e97e4d46fa0e3224d24a4e2b42cbbb,f83baf5732ffbf88b9a448a3d9ab9fa270f7495fe44d1559c1ac49795a30881a,69cfb2bf8bc181dc1de1e09f0c7477a1a5de7585,elasticnet_corrected_69cfb2bf8bc1_6ed147cd_f83baf57
ElasticNet,5,3,2023-02-27,2023-03-04,15.4,12.44967224015198,-2.9503277598480206,2.9503277598480206,8.70443389052984,1.0,0.5,enet_a1.0_l0.5,submitted_main_linear_features_H5_18col,6ed147cd585e5e8083292683f9be3cf585e97e4d46fa0e3224d24a4e2b42cbbb,f83baf5732ffbf88b9a448a3d9ab9fa270f7495fe44d1559c1ac49795a30881a,69cfb2bf8bc181dc1de1e09f0c7477a1a5de7585,elasticnet_corrected_69cfb2bf8bc1_6ed147cd_f83baf57
ElasticNet,5,3,2023-02-28,2023-03-05,10.44,12.460587454261173,2.0205874542611735,2.0205874542611735,4.08277366031765,1.0,0.5,enet_a1.0_l0.5,submitted_main_linear_features_H5_18col,6ed147cd585e5e8083292683f9be3cf585e97e4d46fa0e3224d24a4e2b42cbbb,f83baf5732ffbf88b9a448a3d9ab9fa270f7495fe44d1559c1ac49795a30881a,69cfb2bf8bc181dc1de1e09f0c7477a1a5de7585,elasticnet_corrected_69cfb2bf8bc1_6ed147cd_f83baf57
ElasticNet,5,3,2023-03-01,2023-03-06,15.14,12.389238274095927,-2.7507617259040735,2.7507617259040735,7.566690072698758,1.0,0.5,enet_a1.0_l0.5,submitted_main_linear_features_H5_18col,6ed147cd585e5e8083292683f9be3cf585e97e4d46fa0e3224d24a4e2b42cbbb,f83baf5732ffbf88b9a448a3d9ab9fa270f7495fe44d1559c1ac49795a30881a,69cfb2bf8bc181dc1de1e09f0c7477a1a5de7585,elasticnet_corrected_69cfb2bf8bc1_6ed147cd_f83baf57
ElasticNet,5,3,2023-03-02,2023-03-07,13.92,12.520263906538462,-1.399736093461538,1.399736093461538,1.9592611313389672,1.0,0.5,enet_a1.0_l0.5,submitted_main_linear_features_H5_18col,6ed147cd585e5e8083292683f9be3cf585e97e4d46fa0e3224d24a4e2b42cbbb,f83baf5732ffbf88b9a448a3d9ab9fa270f7495fe44d1559c1ac49795a30881a,69cfb2bf8bc181dc1de1e09f0c7477a1a5de7585,elasticnet_corrected_69cfb2bf8bc1_6ed147cd_f83baf57
ElasticNet,5,3,2023-03-03,2023-03-08,13.87,12.632455371998153,-1.2375446280018458,1.2375446280018458,1.531516706296227,1.0,0.5,enet_a1.0_l0.5,submitted_main_linear_features_H5_18col,6ed147cd585e5e8083292683f9be3cf585e97e4d46fa0e3224d24a4e2b42cbbb,f83baf5732ffbf88b9a448a3d9ab9fa270f7495fe44d1559c1ac49795a30881a,69cfb2bf8bc181dc1de1e09f0c7477a1a5de7585,elasticnet_corrected_69cfb2bf8bc1_6ed147cd_f83baf57
ElasticNet,5,3,2023-03-04,2023-03-09,12.83,12.682355854824147,-0.14764414517585323,0.14764414517585323,0.021798793604708423,1.0,0.5,enet_a1.0_l0.5,submitted_main_linear_features_H5_18col,6ed147cd585e5e8083292683f9be3cf585e97e4d46fa0e3224d24a4e2b42cbbb,f83baf5732ffbf88b9a448a3d9ab9fa270f7495fe44d1559c1ac49795a30881a,69cfb2bf8bc181dc1de1e09f0c7477a1a5de7585,elasticnet_corrected_69cfb2bf8bc1_6ed147cd_f83baf57
ElasticNet,5,3,2023-03-05,2023-03-10,15.48,12.669416082513848,-2.810583917486152,2.810583917486152,7.899381957231806,1.0,0.5,enet_a1.0_l0.5,submitted_main_linear_features_H5_18col,6ed147cd585e5e8083292683f9be3cf585e97e4d46fa0e3224d24a4e2b42cbbb,f83baf5732ffbf88b9a448a3d9ab9fa270f7495fe44d1559c1ac49795a30881a,69cfb2bf8bc181dc1de1e09f0c7477a1a5de7585,elasticnet_corrected_69cfb2bf8bc1_6ed147cd_f83baf57
ElasticNet,5,3,2023-03-06,2023-03-11,12.28,12.448588497121857,0.16858849712185808,0.16858849712185808,0.02842208136180675,1.0,0.5,enet_a1.0_l0.5,submitted_main_linear_features_H5_18col,6ed147cd585e5e8083292683f9be3cf585e97e4d46fa0e3224d24a4e2b42cbbb,f83baf5732ffbf88b9a448a3d9ab9fa270f7495fe44d1559c1ac49795a30881a,69cfb2bf8bc181dc1de1e09f0c7477a1a5de7585,elasticnet_corrected_69cfb2bf8bc1_6ed147cd_f83baf57
ElasticNet,5,3,2023-03-07,2023-03-12,9.8,12.694296764087419,2.894296764087418,2.894296764087418,8.376953758606899,1.0,0.5,enet_a1.0_l0.5,submitted_main_linear_features_H5_18col,6ed147cd585e5e8083292683f9be3cf585e97e4d46fa0e3224d24a4e2b42cbbb,f83baf5732ffbf88b9a448a3d9ab9fa270f7495fe44d1559c1ac49795a30881a,69cfb2bf8bc181dc1de1e09f0c7477a1a5de7585,elasticnet_corrected_69cfb2bf8bc1_6ed147cd_f83baf57
ElasticNet,5,3,2023-03-08,2023-03-13,9.82,12.679950433247452,2.8599504332474517,2.8599504332474517,8.179316480632286,1.0,0.5,enet_a1.0_l0.5,submitted_main_linear_features_H5_18col,6ed147cd585e5e8083292683f9be3cf585e97e4d46fa0e3224d24a4e2b42cbbb,f83baf5732ffbf88b9a448a3d9ab9fa270f7495fe44d1559c1ac49795a30881a,69cfb2bf8bc181dc1de1e09f0c7477a1a5de7585,elasticnet_corrected_69cfb2bf8bc1_6ed147cd_f83baf57
ElasticNet,5,3,2023-03-09,2023-03-14,11.41,12.685601237527926,1.2756012375279262,1.2756012375279262,1.6271585171827767,1.0,0.5,enet_a1.0_l0.5,submitted_main_linear_features_H5_18col,6ed147cd585e5e8083292683f9be3cf585e97e4d46fa0e3224d24a4e2b42cbbb,f83baf5732ffbf88b9a448a3d9ab9fa270f7495fe44d1559c1ac49795a30881a,69cfb2bf8bc181dc1de1e09f0c7477a1a5de7585,elasticnet_corrected_69cfb2bf8bc1_6ed147cd_f83baf57
ElasticNet,5,3,2023-03-10,2023-03-15,14.0,12.615397151958502,-1.3846028480414976,1.3846028480414976,1.9171250468046264,1.0,0.5,enet_a1.0_l0.5,submitted_main_linear_features_H5_18col,6ed147cd585e5e8083292683f9be3cf585e97e4d46fa0e3224d24a4e2b42cbbb,f83baf5732ffbf88b9a448a3d9ab9fa270f7495fe44d1559c1ac49795a30881a,69cfb2bf8bc181dc1de1e09f0c7477a1a5de7585,elasticnet_corrected_69cfb2bf8bc1_6ed147cd_f83baf57
ElasticNet,5,3,2023-03-11,2023-03-16,13.31,12.722698686452791,-0.5873013135472096,0.5873013135472096,0.34492283289427783,1.0,0.5,enet_a1.0_l0.5,submitted_main_linear_features_H5_18col,6ed147cd585e5e8083292683f9be3cf585e97e4d46fa0e3224d24a4e2b42cbbb,f83baf5732ffbf88b9a448a3d9ab9fa270f7495fe44d1559c1ac49795a30881a,69cfb2bf8bc181dc1de1e09f0c7477a1a5de7585,elasticnet_corrected_69cfb2bf8bc1_6ed147cd_f83baf57
ElasticNet,5,3,2023-03-12,2023-03-17,14.64,12.549592895772266,-2.090407104227735,2.090407104227735,4.369801861405784,1.0,0.5,enet_a1.0_l0.5,submitted_main_linear_features_H5_18col,6ed147cd585e5e8083292683f9be3cf585e97e4d46fa0e3224d24a4e2b42cbbb,f83baf5732ffbf88b9a448a3d9ab9fa270f7495fe44d1559c1ac49795a30881a,69cfb2bf8bc181dc1de1e09f0c7477a1a5de7585,elasticnet_corrected_69cfb2bf8bc1_6ed147cd_f83baf57
ElasticNet,5,3,2023-03-13,2023-03-18,10.03,12.432566031608069,2.4025660316080693,2.4025660316080693,5.772323536236946,1.0,0.5,enet_a1.0_l0.5,submitted_main_linear_features_H5_18col,6ed147cd585e5e8083292683f9be3cf585e97e4d46fa0e3224d24a4e2b42cbbb,f83baf5732ffbf88b9a448a3d9ab9fa270f7495fe44d1559c1ac49795a30881a,69cfb2bf8bc181dc1de1e09f0c7477a1a5de7585,elasticnet_corrected_69cfb2bf8bc1_6ed147cd_f83baf57
ElasticNet,5,3,2023-03-14,2023-03-19,10.02,12.380404782069533,2.3604047820695335,2.3604047820695335,5.571510735216722,1.0,0.5,enet_a1.0_l0.5,submitted_main_linear_features_H5_18col,6ed147cd585e5e8083292683f9be3cf585e97e4d46fa0e3224d24a4e2b42cbbb,f83baf5732ffbf88b9a448a3d9ab9fa270f7495fe44d1559c1ac49795a30881a,69cfb2bf8bc181dc1de1e09f0c7477a1a5de7585,elasticnet_corrected_69cfb2bf8bc1_6ed147cd_f83baf57
ElasticNet,5,3,2023-03-15,2023-03-20,10.02,12.425151880957694,2.4051518809576944,2.4051518809576944,5.784755570474335,1.0,0.5,enet_a1.0_l0.5,submitted_main_linear_features_H5_18col,6ed147cd585e5e8083292683f9be3cf585e97e4d46fa0e3224d24a4e2b42cbbb,f83baf5732ffbf88b9a448a3d9ab9fa270f7495fe44d1559c1ac49795a30881a,69cfb2bf8bc181dc1de1e09f0c7477a1a5de7585,elasticnet_corrected_69cfb2bf8bc1_6ed147cd_f83baf57
ElasticNet,5,3,2023-03-16,2023-03-21,13.57,12.539929538438292,-1.0300704615617082,1.0300704615617082,1.0610451557819507,1.0,0.5,enet_a1.0_l0.5,submitted_main_linear_features_H5_18col,6ed147cd585e5e8083292683f9be3cf585e97e4d46fa0e3224d24a4e2b42cbbb,f83baf5732ffbf88b9a448a3d9ab9fa270f7495fe44d1559c1ac49795a30881a,69cfb2bf8bc181dc1de1e09f0c7477a1a5de7585,elasticnet_corrected_69cfb2bf8bc1_6ed147cd_f83baf57
ElasticNet,5,3,2023-03-17,2023-03-22,10.15,12.51301334976228,2.36301334976228,2.36301334976228,5.583832091154751,1.0,0.5,enet_a1.0_l0.5,submitted_main_linear_features_H5_18col,6ed147cd585e5e8083292683f9be3cf585e97e4d46fa0e3224d24a4e2b42cbbb,f83baf5732ffbf88b9a448a3d9ab9fa270f7495fe44d1559c1ac49795a30881a,69cfb2bf8bc181dc1de1e09f0c7477a1a5de7585,elasticnet_corrected_69cfb2bf8bc1_6ed147cd_f83baf57
ElasticNet,5,3,2023-03-18,2023-03-23,15.5,12.562559753606168,-2.937440246393832,2.937440246393832,8.628555201134256,1.0,0.5,enet_a1.0_l0.5,submitted_main_linear_features_H5_18col,6ed147cd585e5e8083292683f9be3cf585e97e4d46fa0e3224d24a4e2b42cbbb,f83baf5732ffbf88b9a448a3d9ab9fa270f7495fe44d1559c1ac49795a30881a,69cfb2bf8bc181dc1de1e09f0c7477a1a5de7585,elasticnet_corrected_69cfb2bf8bc1_6ed147cd_f83baf57
ElasticNet,5,3,2023-03-19,2023-03-24,7.22,12.33553633829465,5.115536338294651,5.115536338294651,26.168712028413044,1.0,0.5,enet_a1.0_l0.5,submitted_main_linear_features_H5_18col,6ed147cd585e5e8083292683f9be3cf585e97e4d46fa0e3224d24a4e2b42cbbb,f83baf5732ffbf88b9a448a3d9ab9fa270f7495fe44d1559c1ac49795a30881a,69cfb2bf8bc181dc1de1e09f0c7477a1a5de7585,elasticnet_corrected_69cfb2bf8bc1_6ed147cd_f83baf57
ElasticNet,5,3,2023-03-20,2023-03-25,9.46,12.336148991305325,2.8761489913053246,2.8761489913053246,8.272233020186636,1.0,0.5,enet_a1.0_l0.5,submitted_main_linear_features_H5_18col,6ed147cd585e5e8083292683f9be3cf585e97e4d46fa0e3224d24a4e2b42cbbb,f83baf5732ffbf88b9a448a3d9ab9fa270f7495fe44d1559c1ac49795a30881a,69cfb2bf8bc181dc1de1e09f0c7477a1a5de7585,elasticnet_corrected_69cfb2bf8bc1_6ed147cd_f83baf57
ElasticNet,5,3,2023-03-21,2023-03-26,9.17,12.337004568307286,3.167004568307286,3.167004568307286,10.029917935679219,1.0,0.5,enet_a1.0_l0.5,submitted_main_linear_features_H5_18col,6ed147cd585e5e8083292683f9be3cf585e97e4d46fa0e3224d24a4e2b42cbbb,f83baf5732ffbf88b9a448a3d9ab9fa270f7495fe44d1559c1ac49795a30881a,69cfb2bf8bc181dc1de1e09f0c7477a1a5de7585,elasticnet_corrected_69cfb2bf8bc1_6ed147cd_f83baf57
ElasticNet,5,3,2023-03-22,2023-03-27,9.34,12.514061186557035,3.1740611865570347,3.1740611865570347,10.07466441600785,1.0,0.5,enet_a1.0_l0.5,submitted_main_linear_features_H5_18col,6ed147cd585e5e8083292683f9be3cf585e97e4d46fa0e3224d24a4e2b42cbbb,f83baf5732ffbf88b9a448a3d9ab9fa270f7495fe44d1559c1ac49795a30881a,69cfb2bf8bc181dc1de1e09f0c7477a1a5de7585,elasticnet_corrected_69cfb2bf8bc1_6ed147cd_f83baf57
ElasticNet,5,3,2023-03-23,2023-03-28,8.57,12.324034385171869,3.7540343851718685,3.7540343851718685,14.09277416505273,1.0,0.5,enet_a1.0_l0.5,submitted_main_linear_features_H5_18col,6ed147cd585e5e8083292683f9be3cf585e97e4d46fa0e3224d24a4e2b42cbbb,f83baf5732ffbf88b9a448a3d9ab9fa270f7495fe44d1559c1ac49795a30881a,69cfb2bf8bc181dc1de1e09f0c7477a1a5de7585,elasticnet_corrected_69cfb2bf8bc1_6ed147cd_f83baf57
ElasticNet,5,3,2023-03-24,2023-03-29,10.73,12.581010317155997,1.8510103171559962,1.8510103171559962,3.4262391942179415,1.0,0.5,enet_a1.0_l0.5,submitted_main_linear_features_H5_18col,6ed147cd585e5e8083292683f9be3cf585e97e4d46fa0e3224d24a4e2b42cbbb,f83baf5732ffbf88b9a448a3d9ab9fa270f7495fe44d1559c1ac49795a30881a,69cfb2bf8bc181dc1de1e09f0c7477a1a5de7585,elasticnet_corrected_69cfb2bf8bc1_6ed147cd_f83baf57
ElasticNet,5,3,2023-03-25,2023-03-30,14.89,12.141086471396981,-2.748913528603019,2.748913528603019,7.556525587736702,1.0,0.5,enet_a1.0_l0.5,submitted_main_linear_features_H5_18col,6ed147cd585e5e8083292683f9be3cf585e97e4d46fa0e3224d24a4e2b42cbbb,f83baf5732ffbf88b9a448a3d9ab9fa270f7495fe44d1559c1ac49795a30881a,69cfb2bf8bc181dc1de1e09f0c7477a1a5de7585,elasticnet_corrected_69cfb2bf8bc1_6ed147cd_f83baf57
ElasticNet,5,3,2023-03-26,2023-03-31,11.27,12.233501296651765,0.9635012966517653,0.9635012966517653,0.9283347486496331,1.0,0.5,enet_a1.0_l0.5,submitted_main_linear_features_H5_18col,6ed147cd585e5e8083292683f9be3cf585e97e4d46fa0e3224d24a4e2b42cbbb,f83baf5732ffbf88b9a448a3d9ab9fa270f7495fe44d1559c1ac49795a30881a,69cfb2bf8bc181dc1de1e09f0c7477a1a5de7585,elasticnet_corrected_69cfb2bf8bc1_6ed147cd_f83baf57
ElasticNet,5,3,2023-03-27,2023-04-01,11.94,12.211249975950183,0.27124997595018385,0.27124997595018385,0.07357654945297532,1.0,0.5,enet_a1.0_l0.5,submitted_main_linear_features_H5_18col,6ed147cd585e5e8083292683f9be3cf585e97e4d46fa0e3224d24a4e2b42cbbb,f83baf5732ffbf88b9a448a3d9ab9fa270f7495fe44d1559c1ac49795a30881a,69cfb2bf8bc181dc1de1e09f0c7477a1a5de7585,elasticnet_corrected_69cfb2bf8bc1_6ed147cd_f83baf57
ElasticNet,5,3,2023-03-28,2023-04-02,10.82,12.211008560092038,1.3910085600920379,1.3910085600920379,1.9349048142493246,1.0,0.5,enet_a1.0_l0.5,submitted_main_linear_features_H5_18col,6ed147cd585e5e8083292683f9be3cf585e97e4d46fa0e3224d24a4e2b42cbbb,f83baf5732ffbf88b9a448a3d9ab9fa270f7495fe44d1559c1ac49795a30881a,69cfb2bf8bc181dc1de1e09f0c7477a1a5de7585,elasticnet_corrected_69cfb2bf8bc1_6ed147cd_f83baf57
ElasticNet,5,3,2023-03-29,2023-04-03,12.71,12.126968372618,-0.5830316273820007,0.5830316273820007,0.33992587852770406,1.0,0.5,enet_a1.0_l0.5,submitted_main_linear_features_H5_18col,6ed147cd585e5e8083292683f9be3cf585e97e4d46fa0e3224d24a4e2b42cbbb,f83baf5732ffbf88b9a448a3d9ab9fa270f7495fe44d1559c1ac49795a30881a,69cfb2bf8bc181dc1de1e09f0c7477a1a5de7585,elasticnet_corrected_69cfb2bf8bc1_6ed147cd_f83baf57
ElasticNet,5,3,2023-03-30,2023-04-04,15.49,12.22707441684392,-3.262925583156081,3.262925583156081,10.64668336121445,1.0,0.5,enet_a1.0_l0.5,submitted_main_linear_features_H5_18col,6ed147cd585e5e8083292683f9be3cf585e97e4d46fa0e3224d24a4e2b42cbbb,f83baf5732ffbf88b9a448a3d9ab9fa270f7495fe44d1559c1ac49795a30881a,69cfb2bf8bc181dc1de1e09f0c7477a1a5de7585,elasticnet_corrected_69cfb2bf8bc1_6ed147cd_f83baf57
ElasticNet,5,3,2023-03-31,2023-04-05,10.44,12.404032753447552,1.9640327534475528,1.9640327534475528,3.857424656614776,1.0,0.5,enet_a1.0_l0.5,submitted_main_linear_features_H5_18col,6ed147cd585e5e8083292683f9be3cf585e97e4d46fa0e3224d24a4e2b42cbbb,f83baf5732ffbf88b9a448a3d9ab9fa270f7495fe44d1559c1ac49795a30881a,69cfb2bf8bc181dc1de1e09f0c7477a1a5de7585,elasticnet_corrected_69cfb2bf8bc1_6ed147cd_f83baf57
ElasticNet,5,3,2023-04-01,2023-04-06,10.42,12.28233418054665,1.8623341805466502,1.8623341805466502,3.468288600032363,1.0,0.5,enet_a1.0_l0.5,submitted_main_linear_features_H5_18col,6ed147cd585e5e8083292683f9be3cf585e97e4d46fa0e3224d24a4e2b42cbbb,f83baf5732ffbf88b9a448a3d9ab9fa270f7495fe44d1559c1ac49795a30881a,69cfb2bf8bc181dc1de1e09f0c7477a1a5de7585,elasticnet_corrected_69cfb2bf8bc1_6ed147cd_f83baf57
ElasticNet,5,3,2023-04-02,2023-04-07,13.7,12.335085966872164,-1.3649140331278353,1.3649140331278353,1.8629903178292935,1.0,0.5,enet_a1.0_l0.5,submitted_main_linear_features_H5_18col,6ed147cd585e5e8083292683f9be3cf585e97e4d46fa0e3224d24a4e2b42cbbb,f83baf5732ffbf88b9a448a3d9ab9fa270f7495fe44d1559c1ac49795a30881a,69cfb2bf8bc181dc1de1e09f0c7477a1a5de7585,elasticnet_corrected_69cfb2bf8bc1_6ed147cd_f83baf57
ElasticNet,5,3,2023-04-03,2023-04-08,15.04,12.300537662991585,-2.7394623370084137,2.7394623370084137,7.5046538958876,1.0,0.5,enet_a1.0_l0.5,submitted_main_linear_features_H5_18col,6ed147cd585e5e8083292683f9be3cf585e97e4d46fa0e3224d24a4e2b42cbbb,f83baf5732ffbf88b9a448a3d9ab9fa270f7495fe44d1559c1ac49795a30881a,69cfb2bf8bc181dc1de1e09f0c7477a1a5de7585,elasticnet_corrected_69cfb2bf8bc1_6ed147cd_f83baf57
ElasticNet,5,3,2023-04-04,2023-04-09,14.68,12.41595981566541,-2.26404018433459,2.26404018433459,5.125877956281804,1.0,0.5,enet_a1.0_l0.5,submitted_main_linear_features_H5_18col,6ed147cd585e5e8083292683f9be3cf585e97e4d46fa0e3224d24a4e2b42cbbb,f83baf5732ffbf88b9a448a3d9ab9fa270f7495fe44d1559c1ac49795a30881a,69cfb2bf8bc181dc1de1e09f0c7477a1a5de7585,elasticnet_corrected_69cfb2bf8bc1_6ed147cd_f83baf57
ElasticNet,5,3,2023-04-05,2023-04-10,13.15,12.605444392733357,-0.5445556072666431,0.5445556072666431,0.29654080940554245,1.0,0.5,enet_a1.0_l0.5,submitted_main_linear_features_H5_18col,6ed147cd585e5e8083292683f9be3cf585e97e4d46fa0e3224d24a4e2b42cbbb,f83baf5732ffbf88b9a448a3d9ab9fa270f7495fe44d1559c1ac49795a30881a,69cfb2bf8bc181dc1de1e09f0c7477a1a5de7585,elasticnet_corrected_69cfb2bf8bc1_6ed147cd_f83baf57
ElasticNet,5,3,2023-04-06,2023-04-11,16.98,12.378078074538129,-4.6019219254618715,4.6019219254618715,21.1776854080467,1.0,0.5,enet_a1.0_l0.5,submitted_main_linear_features_H5_18col,6ed147cd585e5e8083292683f9be3cf585e97e4d46fa0e3224d24a4e2b42cbbb,f83baf5732ffbf88b9a448a3d9ab9fa270f7495fe44d1559c1ac49795a30881a,69cfb2bf8bc181dc1de1e09f0c7477a1a5de7585,elasticnet_corrected_69cfb2bf8bc1_6ed147cd_f83baf57
ElasticNet,5,3,2023-04-07,2023-04-12,14.24,12.332398927727112,-1.9076010722728878,1.9076010722728878,3.6389418509366713,1.0,0.5,enet_a1.0_l0.5,submitted_main_linear_features_H5_18col,6ed147cd585e5e8083292683f9be3cf585e97e4d46fa0e3224d24a4e2b42cbbb,f83baf5732ffbf88b9a448a3d9ab9fa270f7495fe44d1559c1ac49795a30881a,69cfb2bf8bc181dc1de1e09f0c7477a1a5de7585,elasticnet_corrected_69cfb2bf8bc1_6ed147cd_f83baf57
ElasticNet,5,3,2023-04-08,2023-04-13,12.52,12.500135859058314,-0.019864140941685093,0.019864140941685093,0.00039458409535112995,1.0,0.5,enet_a1.0_l0.5,submitted_main_linear_features_H5_18col,6ed147cd585e5e8083292683f9be3cf585e97e4d46fa0e3224d24a4e2b42cbbb,f83baf5732ffbf88b9a448a3d9ab9fa270f7495fe44d1559c1ac49795a30881a,69cfb2bf8bc181dc1de1e09f0c7477a1a5de7585,elasticnet_corrected_69cfb2bf8bc1_6ed147cd_f83baf57
ElasticNet,5,3,2023-04-09,2023-04-14,14.83,12.588595366331884,-2.2414046336681164,2.2414046336681164,5.023894731828903,1.0,0.5,enet_a1.0_l0.5,submitted_main_linear_features_H5_18col,6ed147cd585e5e8083292683f9be3cf585e97e4d46fa0e3224d24a4e2b42cbbb,f83baf5732ffbf88b9a448a3d9ab9fa270f7495fe44d1559c1ac49795a30881a,69cfb2bf8bc181dc1de1e09f0c7477a1a5de7585,elasticnet_corrected_69cfb2bf8bc1_6ed147cd_f83baf57
ElasticNet,5,3,2023-04-10,2023-04-15,9.9,12.609274871333207,2.709274871333207,2.709274871333207,7.340170328437566,1.0,0.5,enet_a1.0_l0.5,submitted_main_linear_features_H5_18col,6ed147cd585e5e8083292683f9be3cf585e97e4d46fa0e3224d24a4e2b42cbbb,f83baf5732ffbf88b9a448a3d9ab9fa270f7495fe44d1559c1ac49795a30881a,69cfb2bf8bc181dc1de1e09f0c7477a1a5de7585,elasticnet_corrected_69cfb2bf8bc1_6ed147cd_f83baf57
ElasticNet,5,3,2023-04-11,2023-04-16,10.09,12.544778664059395,2.454778664059395,2.454778664059395,6.025938289521229,1.0,0.5,enet_a1.0_l0.5,submitted_main_linear_features_H5_18col,6ed147cd585e5e8083292683f9be3cf585e97e4d46fa0e3224d24a4e2b42cbbb,f83baf5732ffbf88b9a448a3d9ab9fa270f7495fe44d1559c1ac49795a30881a,69cfb2bf8bc181dc1de1e09f0c7477a1a5de7585,elasticnet_corrected_69cfb2bf8bc1_6ed147cd_f83baf57
ElasticNet,5,3,2023-04-12,2023-04-17,9.66,12.727673743991437,3.0676737439914366,3.0676737439914366,9.410622199574437,1.0,0.5,enet_a1.0_l0.5,submitted_main_linear_features_H5_18col,6ed147cd585e5e8083292683f9be3cf585e97e4d46fa0e3224d24a4e2b42cbbb,f83baf5732ffbf88b9a448a3d9ab9fa270f7495fe44d1559c1ac49795a30881a,69cfb2bf8bc181dc1de1e09f0c7477a1a5de7585,elasticnet_corrected_69cfb2bf8bc1_6ed147cd_f83baf57
ElasticNet,5,3,2023-04-13,2023-04-18,9.47,12.64248450546776,3.172484505467759,3.172484505467759,10.064657937433012,1.0,0.5,enet_a1.0_l0.5,submitted_main_linear_features_H5_18col,6ed147cd585e5e8083292683f9be3cf585e97e4d46fa0e3224d24a4e2b42cbbb,f83baf5732ffbf88b9a448a3d9ab9fa270f7495fe44d1559c1ac49795a30881a,69cfb2bf8bc181dc1de1e09f0c7477a1a5de7585,elasticnet_corrected_69cfb2bf8bc1_6ed147cd_f83baf57
ElasticNet,5,3,2023-04-14,2023-04-19,16.0,12.5858133299027,-3.4141866700972994,3.4141866700972994,11.656670618270086,1.0,0.5,enet_a1.0_l0.5,submitted_main_linear_features_H5_18col,6ed147cd585e5e8083292683f9be3cf585e97e4d46fa0e3224d24a4e2b42cbbb,f83baf5732ffbf88b9a448a3d9ab9fa270f7495fe44d1559c1ac49795a30881a,69cfb2bf8bc181dc1de1e09f0c7477a1a5de7585,elasticnet_corrected_69cfb2bf8bc1_6ed147cd_f83baf57
ElasticNet,5,3,2023-04-15,2023-04-20,14.68,12.697956993630491,-1.9820430063695085,1.9820430063695085,3.9284944790982794,1.0,0.5,enet_a1.0_l0.5,submitted_main_linear_features_H5_18col,6ed147cd585e5e8083292683f9be3cf585e97e4d46fa0e3224d24a4e2b42cbbb,f83baf5732ffbf88b9a448a3d9ab9fa270f7495fe44d1559c1ac49795a30881a,69cfb2bf8bc181dc1de1e09f0c7477a1a5de7585,elasticnet_corrected_69cfb2bf8bc1_6ed147cd_f83baf57
ElasticNet,5,3,2023-04-16,2023-04-21,12.62,12.42853974456423,-0.1914602554357696,0.1914602554357696,0.036657029411530144,1.0,0.5,enet_a1.0_l0.5,submitted_main_linear_features_H5_18col,6ed147cd585e5e8083292683f9be3cf585e97e4d46fa0e3224d24a4e2b42cbbb,f83baf5732ffbf88b9a448a3d9ab9fa270f7495fe44d1559c1ac49795a30881a,69cfb2bf8bc181dc1de1e09f0c7477a1a5de7585,elasticnet_corrected_69cfb2bf8bc1_6ed147cd_f83baf57
ElasticNet,5,3,2023-04-17,2023-04-22,11.22,12.391012139080633,1.1710121390806325,1.1710121390806325,1.3712694298741985,1.0,0.5,enet_a1.0_l0.5,submitted_main_linear_features_H5_18col,6ed147cd585e5e8083292683f9be3cf585e97e4d46fa0e3224d24a4e2b42cbbb,f83baf5732ffbf88b9a448a3d9ab9fa270f7495fe44d1559c1ac49795a30881a,69cfb2bf8bc181dc1de1e09f0c7477a1a5de7585,elasticnet_corrected_69cfb2bf8bc1_6ed147cd_f83baf57
ElasticNet,5,3,2023-04-18,2023-04-23,11.23,12.336808921872935,1.1068089218729344,1.1068089218729344,1.2250259895375275,1.0,0.5,enet_a1.0_l0.5,submitted_main_linear_features_H5_18col,6ed147cd585e5e8083292683f9be3cf585e97e4d46fa0e3224d24a4e2b42cbbb,f83baf5732ffbf88b9a448a3d9ab9fa270f7495fe44d1559c1ac49795a30881a,69cfb2bf8bc181dc1de1e09f0c7477a1a5de7585,elasticnet_corrected_69cfb2bf8bc1_6ed147cd_f83baf57
ElasticNet,5,3,2023-04-19,2023-04-24,13.46,12.253948807863159,-1.206051192136842,1.206051192136842,1.4545594780546978,1.0,0.5,enet_a1.0_l0.5,submitted_main_linear_features_H5_18col,6ed147cd585e5e8083292683f9be3cf585e97e4d46fa0e3224d24a4e2b42cbbb,f83baf5732ffbf88b9a448a3d9ab9fa270f7495fe44d1559c1ac49795a30881a,69cfb2bf8bc181dc1de1e09f0c7477a1a5de7585,elasticnet_corrected_69cfb2bf8bc1_6ed147cd_f83baf57
ElasticNet,5,3,2023-04-20,2023-04-25,13.39,12.558968367132326,-0.8310316328676741,0.8310316328676741,0.6906135748267127,1.0,0.5,enet_a1.0_l0.5,submitted_main_linear_features_H5_18col,6ed147cd585e5e8083292683f9be3cf585e97e4d46fa0e3224d24a4e2b42cbbb,f83baf5732ffbf88b9a448a3d9ab9fa270f7495fe44d1559c1ac49795a30881a,69cfb2bf8bc181dc1de1e09f0c7477a1a5de7585,elasticnet_corrected_69cfb2bf8bc1_6ed147cd_f83baf57
ElasticNet,5,3,2023-04-21,2023-04-26,9.76,12.52061559750069,2.7606155975006903,2.7606155975006903,7.620998477164093,1.0,0.5,enet_a1.0_l0.5,submitted_main_linear_features_H5_18col,6ed147cd585e5e8083292683f9be3cf585e97e4d46fa0e3224d24a4e2b42cbbb,f83baf5732ffbf88b9a448a3d9ab9fa270f7495fe44d1559c1ac49795a30881a,69cfb2bf8bc181dc1de1e09f0c7477a1a5de7585,elasticnet_corrected_69cfb2bf8bc1_6ed147cd_f83baf57
ElasticNet,5,3,2023-04-22,2023-04-27,14.44,12.406831413131934,-2.033168586868065,2.033168586868065,4.133774502627085,1.0,0.5,enet_a1.0_l0.5,submitted_main_linear_features_H5_18col,6ed147cd585e5e8083292683f9be3cf585e97e4d46fa0e3224d24a4e2b42cbbb,f83baf5732ffbf88b9a448a3d9ab9fa270f7495fe44d1559c1ac49795a30881a,69cfb2bf8bc181dc1de1e09f0c7477a1a5de7585,elasticnet_corrected_69cfb2bf8bc1_6ed147cd_f83baf57
ElasticNet,5,3,2023-04-23,2023-04-28,13.68,12.356744776663962,-1.3232552233360373,1.3232552233360373,1.751004386086106,1.0,0.5,enet_a1.0_l0.5,submitted_main_linear_features_H5_18col,6ed147cd585e5e8083292683f9be3cf585e97e4d46fa0e3224d24a4e2b42cbbb,f83baf5732ffbf88b9a448a3d9ab9fa270f7495fe44d1559c1ac49795a30881a,69cfb2bf8bc181dc1de1e09f0c7477a1a5de7585,elasticnet_corrected_69cfb2bf8bc1_6ed147cd_f83baf57
ElasticNet,5,3,2023-04-24,2023-04-29,11.83,12.367285284021449,0.5372852840214488,0.5372852840214488,0.28867547642600894,1.0,0.5,enet_a1.0_l0.5,submitted_main_linear_features_H5_18col,6ed147cd585e5e8083292683f9be3cf585e97e4d46fa0e3224d24a4e2b42cbbb,f83baf5732ffbf88b9a448a3d9ab9fa270f7495fe44d1559c1ac49795a30881a,69cfb2bf8bc181dc1de1e09f0c7477a1a5de7585,elasticnet_corrected_69cfb2bf8bc1_6ed147cd_f83baf57
ElasticNet,5,3,2023-04-25,2023-04-30,12.79,12.502038025407376,-0.28796197459262274,0.28796197459262274,0.0829220988112823,1.0,0.5,enet_a1.0_l0.5,submitted_main_linear_features_H5_18col,6ed147cd585e5e8083292683f9be3cf585e97e4d46fa0e3224d24a4e2b42cbbb,f83baf5732ffbf88b9a448a3d9ab9fa270f7495fe44d1559c1ac49795a30881a,69cfb2bf8bc181dc1de1e09f0c7477a1a5de7585,elasticnet_corrected_69cfb2bf8bc1_6ed147cd_f83baf57
ElasticNet,5,3,2023-04-26,2023-05-01,12.88,12.536218106399364,-0.34378189360063693,0.34378189360063693,0.11818599036763966,1.0,0.5,enet_a1.0_l0.5,submitted_main_linear_features_H5_18col,6ed147cd585e5e8083292683f9be3cf585e97e4d46fa0e3224d24a4e2b42cbbb,f83baf5732ffbf88b9a448a3d9ab9fa270f7495fe44d1559c1ac49795a30881a,69cfb2bf8bc181dc1de1e09f0c7477a1a5de7585,elasticnet_corrected_69cfb2bf8bc1_6ed147cd_f83baf57
ElasticNet,5,3,2023-04-27,2023-05-02,10.51,12.313635479430571,1.8036354794305716,1.8036354794305716,3.2531009426607476,1.0,0.5,enet_a1.0_l0.5,submitted_main_linear_features_H5_18col,6ed147cd585e5e8083292683f9be3cf585e97e4d46fa0e3224d24a4e2b42cbbb,f83baf5732ffbf88b9a448a3d9ab9fa270f7495fe44d1559c1ac49795a30881a,69cfb2bf8bc181dc1de1e09f0c7477a1a5de7585,elasticnet_corrected_69cfb2bf8bc1_6ed147cd_f83baf57
ElasticNet,5,3,2023-04-28,2023-05-03,16.52,12.51732550032936,-4.00267449967064,4.00267449967064,16.021403150313606,1.0,0.5,enet_a1.0_l0.5,submitted_main_linear_features_H5_18col,6ed147cd585e5e8083292683f9be3cf585e97e4d46fa0e3224d24a4e2b42cbbb,f83baf5732ffbf88b9a448a3d9ab9fa270f7495fe44d1559c1ac49795a30881a,69cfb2bf8bc181dc1de1e09f0c7477a1a5de7585,elasticnet_corrected_69cfb2bf8bc1_6ed147cd_f83baf57
ElasticNet,5,3,2023-04-29,2023-05-04,14.09,12.493058973727717,-1.5969410262722832,1.5969410262722832,2.550220641391573,1.0,0.5,enet_a1.0_l0.5,submitted_main_linear_features_H5_18col,6ed147cd585e5e8083292683f9be3cf585e97e4d46fa0e3224d24a4e2b42cbbb,f83baf5732ffbf88b9a448a3d9ab9fa270f7495fe44d1559c1ac49795a30881a,69cfb2bf8bc181dc1de1e09f0c7477a1a5de7585,elasticnet_corrected_69cfb2bf8bc1_6ed147cd_f83baf57
ElasticNet,5,3,2023-04-30,2023-05-05,13.98,12.416182272804825,-1.5638177271951754,1.5638177271951754,2.445525883889884,1.0,0.5,enet_a1.0_l0.5,submitted_main_linear_features_H5_18col,6ed147cd585e5e8083292683f9be3cf585e97e4d46fa0e3224d24a4e2b42cbbb,f83baf5732ffbf88b9a448a3d9ab9fa270f7495fe44d1559c1ac49795a30881a,69cfb2bf8bc181dc1de1e09f0c7477a1a5de7585,elasticnet_corrected_69cfb2bf8bc1_6ed147cd_f83baf57
ElasticNet,5,3,2023-05-01,2023-05-06,13.97,12.472912745141853,-1.4970872548581475,1.4970872548581475,2.241270248658704,1.0,0.5,enet_a1.0_l0.5,submitted_main_linear_features_H5_18col,6ed147cd585e5e8083292683f9be3cf585e97e4d46fa0e3224d24a4e2b42cbbb,f83baf5732ffbf88b9a448a3d9ab9fa270f7495fe44d1559c1ac49795a30881a,69cfb2bf8bc181dc1de1e09f0c7477a1a5de7585,elasticnet_corrected_69cfb2bf8bc1_6ed147cd_f83baf57
ElasticNet,5,3,2023-05-02,2023-05-07,14.0,12.470253254468846,-1.5297467455311544,1.5297467455311544,2.3401251054631587,1.0,0.5,enet_a1.0_l0.5,submitted_main_linear_features_H5_18col,6ed147cd585e5e8083292683f9be3cf585e97e4d46fa0e3224d24a4e2b42cbbb,f83baf5732ffbf88b9a448a3d9ab9fa270f7495fe44d1559c1ac49795a30881a,69cfb2bf8bc181dc1de1e09f0c7477a1a5de7585,elasticnet_corrected_69cfb2bf8bc1_6ed147cd_f83baf57
ElasticNet,5,3,2023-05-03,2023-05-08,13.94,12.336298518915374,-1.6037014810846255,1.6037014810846255,2.5718584404330214,1.0,0.5,enet_a1.0_l0.5,submitted_main_linear_features_H5_18col,6ed147cd585e5e8083292683f9be3cf585e97e4d46fa0e3224d24a4e2b42cbbb,f83baf5732ffbf88b9a448a3d9ab9fa270f7495fe44d1559c1ac49795a30881a,69cfb2bf8bc181dc1de1e09f0c7477a1a5de7585,elasticnet_corrected_69cfb2bf8bc1_6ed147cd_f83baf57
ElasticNet,5,3,2023-05-04,2023-05-09,14.02,12.667282019446878,-1.3527179805531215,1.3527179805531215,1.8298459349117153,1.0,0.5,enet_a1.0_l0.5,submitted_main_linear_features_H5_18col,6ed147cd585e5e8083292683f9be3cf585e97e4d46fa0e3224d24a4e2b42cbbb,f83baf5732ffbf88b9a448a3d9ab9fa270f7495fe44d1559c1ac49795a30881a,69cfb2bf8bc181dc1de1e09f0c7477a1a5de7585,elasticnet_corrected_69cfb2bf8bc1_6ed147cd_f83baf57
ElasticNet,5,3,2023-05-05,2023-05-10,14.88,12.555414180262705,-2.3245858197372957,2.3245858197372957,5.4036992333237155,1.0,0.5,enet_a1.0_l0.5,submitted_main_linear_features_H5_18col,6ed147cd585e5e8083292683f9be3cf585e97e4d46fa0e3224d24a4e2b42cbbb,f83baf5732ffbf88b9a448a3d9ab9fa270f7495fe44d1559c1ac49795a30881a,69cfb2bf8bc181dc1de1e09f0c7477a1a5de7585,elasticnet_corrected_69cfb2bf8bc1_6ed147cd_f83baf57
ElasticNet,5,3,2023-05-06,2023-05-11,11.52,12.552545813223364,1.032545813223365,1.032545813223365,1.0661508564050999,1.0,0.5,enet_a1.0_l0.5,submitted_main_linear_features_H5_18col,6ed147cd585e5e8083292683f9be3cf585e97e4d46fa0e3224d24a4e2b42cbbb,f83baf5732ffbf88b9a448a3d9ab9fa270f7495fe44d1559c1ac49795a30881a,69cfb2bf8bc181dc1de1e09f0c7477a1a5de7585,elasticnet_corrected_69cfb2bf8bc1_6ed147cd_f83baf57
ElasticNet,5,3,2023-05-07,2023-05-12,13.0,12.572091253758254,-0.42790874624174613,0.42790874624174613,0.18310589511018308,1.0,0.5,enet_a1.0_l0.5,submitted_main_linear_features_H5_18col,6ed147cd585e5e8083292683f9be3cf585e97e4d46fa0e3224d24a4e2b42cbbb,f83baf5732ffbf88b9a448a3d9ab9fa270f7495fe44d1559c1ac49795a30881a,69cfb2bf8bc181dc1de1e09f0c7477a1a5de7585,elasticnet_corrected_69cfb2bf8bc1_6ed147cd_f83baf57
ElasticNet,5,3,2023-05-08,2023-05-13,9.37,12.584330249582774,3.2143302495827744,3.2143302495827744,10.33191895338286,1.0,0.5,enet_a1.0_l0.5,submitted_main_linear_features_H5_18col,6ed147cd585e5e8083292683f9be3cf585e97e4d46fa0e3224d24a4e2b42cbbb,f83baf5732ffbf88b9a448a3d9ab9fa270f7495fe44d1559c1ac49795a30881a,69cfb2bf8bc181dc1de1e09f0c7477a1a5de7585,elasticnet_corrected_69cfb2bf8bc1_6ed147cd_f83baf57
ElasticNet,5,3,2023-05-09,2023-05-14,12.59,12.591133324512684,0.0011333245126845526,0.0011333245126845526,1.2844244510516785e-06,1.0,0.5,enet_a1.0_l0.5,submitted_main_linear_features_H5_18col,6ed147cd585e5e8083292683f9be3cf585e97e4d46fa0e3224d24a4e2b42cbbb,f83baf5732ffbf88b9a448a3d9ab9fa270f7495fe44d1559c1ac49795a30881a,69cfb2bf8bc181dc1de1e09f0c7477a1a5de7585,elasticnet_corrected_69cfb2bf8bc1_6ed147cd_f83baf57
ElasticNet,5,3,2023-05-10,2023-05-15,12.67,12.628081036063772,-0.04191896393622763,0.04191896393622763,0.0017571995374867525,1.0,0.5,enet_a1.0_l0.5,submitted_main_linear_features_H5_18col,6ed147cd585e5e8083292683f9be3cf585e97e4d46fa0e3224d24a4e2b42cbbb,f83baf5732ffbf88b9a448a3d9ab9fa270f7495fe44d1559c1ac49795a30881a,69cfb2bf8bc181dc1de1e09f0c7477a1a5de7585,elasticnet_corrected_69cfb2bf8bc1_6ed147cd_f83baf57
ElasticNet,5,3,2023-05-11,2023-05-16,12.94,12.6492266940936,-0.2907733059064004,0.2907733059064004,0.08454911542773709,1.0,0.5,enet_a1.0_l0.5,submitted_main_linear_features_H5_18col,6ed147cd585e5e8083292683f9be3cf585e97e4d46fa0e3224d24a4e2b42cbbb,f83baf5732ffbf88b9a448a3d9ab9fa270f7495fe44d1559c1ac49795a30881a,69cfb2bf8bc181dc1de1e09f0c7477a1a5de7585,elasticnet_corrected_69cfb2bf8bc1_6ed147cd_f83baf57
ElasticNet,5,3,2023-05-12,2023-05-17,11.93,12.474602998138996,0.5446029981389966,0.5446029981389966,0.29659242558198395,1.0,0.5,enet_a1.0_l0.5,submitted_main_linear_features_H5_18col,6ed147cd585e5e8083292683f9be3cf585e97e4d46fa0e3224d24a4e2b42cbbb,f83baf5732ffbf88b9a448a3d9ab9fa270f7495fe44d1559c1ac49795a30881a,69cfb2bf8bc181dc1de1e09f0c7477a1a5de7585,elasticnet_corrected_69cfb2bf8bc1_6ed147cd_f83baf57
ElasticNet,5,3,2023-05-13,2023-05-18,12.83,12.529651251561356,-0.300348748438644,0.300348748438644,0.09020937068865986,1.0,0.5,enet_a1.0_l0.5,submitted_main_linear_features_H5_18col,6ed147cd585e5e8083292683f9be3cf585e97e4d46fa0e3224d24a4e2b42cbbb,f83baf5732ffbf88b9a448a3d9ab9fa270f7495fe44d1559c1ac49795a30881a,69cfb2bf8bc181dc1de1e09f0c7477a1a5de7585,elasticnet_corrected_69cfb2bf8bc1_6ed147cd_f83baf57
ElasticNet,5,3,2023-05-14,2023-05-19,14.46,12.323272320646657,-2.136727679353344,2.136727679353344,4.565605175714726,1.0,0.5,enet_a1.0_l0.5,submitted_main_linear_features_H5_18col,6ed147cd585e5e8083292683f9be3cf585e97e4d46fa0e3224d24a4e2b42cbbb,f83baf5732ffbf88b9a448a3d9ab9fa270f7495fe44d1559c1ac49795a30881a,69cfb2bf8bc181dc1de1e09f0c7477a1a5de7585,elasticnet_corrected_69cfb2bf8bc1_6ed147cd_f83baf57
ElasticNet,5,3,2023-05-15,2023-05-20,13.25,12.451122829224804,-0.7988771707751958,0.7988771707751958,0.6382047339857814,1.0,0.5,enet_a1.0_l0.5,submitted_main_linear_features_H5_18col,6ed147cd585e5e8083292683f9be3cf585e97e4d46fa0e3224d24a4e2b42cbbb,f83baf5732ffbf88b9a448a3d9ab9fa270f7495fe44d1559c1ac49795a30881a,69cfb2bf8bc181dc1de1e09f0c7477a1a5de7585,elasticnet_corrected_69cfb2bf8bc1_6ed147cd_f83baf57
ElasticNet,5,3,2023-05-16,2023-05-21,12.85,12.441439719063839,-0.40856028093616104,0.40856028093616104,0.16692150315863483,1.0,0.5,enet_a1.0_l0.5,submitted_main_linear_features_H5_18col,6ed147cd585e5e8083292683f9be3cf585e97e4d46fa0e3224d24a4e2b42cbbb,f83baf5732ffbf88b9a448a3d9ab9fa270f7495fe44d1559c1ac49795a30881a,69cfb2bf8bc181dc1de1e09f0c7477a1a5de7585,elasticnet_corrected_69cfb2bf8bc1_6ed147cd_f83baf57
ElasticNet,5,3,2023-05-17,2023-05-22,14.51,12.442032213802431,-2.0679677861975687,2.0679677861975687,4.276490764750873,1.0,0.5,enet_a1.0_l0.5,submitted_main_linear_features_H5_18col,6ed147cd585e5e8083292683f9be3cf585e97e4d46fa0e3224d24a4e2b42cbbb,f83baf5732ffbf88b9a448a3d9ab9fa270f7495fe44d1559c1ac49795a30881a,69cfb2bf8bc181dc1de1e09f0c7477a1a5de7585,elasticnet_corrected_69cfb2bf8bc1_6ed147cd_f83baf57
ElasticNet,5,3,2023-05-18,2023-05-23,10.07,12.367738627025602,2.297738627025602,2.297738627025602,5.279602798125499,1.0,0.5,enet_a1.0_l0.5,submitted_main_linear_features_H5_18col,6ed147cd585e5e8083292683f9be3cf585e97e4d46fa0e3224d24a4e2b42cbbb,f83baf5732ffbf88b9a448a3d9ab9fa270f7495fe44d1559c1ac49795a30881a,69cfb2bf8bc181dc1de1e09f0c7477a1a5de7585,elasticnet_corrected_69cfb2bf8bc1_6ed147cd_f83baf57
ElasticNet,5,3,2023-05-19,2023-05-24,12.91,12.419583153635285,-0.49041684636471494,0.49041684636471494,0.24050868319831242,1.0,0.5,enet_a1.0_l0.5,submitted_main_linear_features_H5_18col,6ed147cd585e5e8083292683f9be3cf585e97e4d46fa0e3224d24a4e2b42cbbb,f83baf5732ffbf88b9a448a3d9ab9fa270f7495fe44d1559c1ac49795a30881a,69cfb2bf8bc181dc1de1e09f0c7477a1a5de7585,elasticnet_corrected_69cfb2bf8bc1_6ed147cd_f83baf57
ElasticNet,5,3,2023-05-20,2023-05-25,13.15,12.505202935194262,-0.6447970648057382,0.6447970648057382,0.4157632547820953,1.0,0.5,enet_a1.0_l0.5,submitted_main_linear_features_H5_18col,6ed147cd585e5e8083292683f9be3cf585e97e4d46fa0e3224d24a4e2b42cbbb,f83baf5732ffbf88b9a448a3d9ab9fa270f7495fe44d1559c1ac49795a30881a,69cfb2bf8bc181dc1de1e09f0c7477a1a5de7585,elasticnet_corrected_69cfb2bf8bc1_6ed147cd_f83baf57
ElasticNet,5,3,2023-05-21,2023-05-26,14.4,12.488840607405056,-1.9111593925949446,1.9111593925949446,3.6525302239038777,1.0,0.5,enet_a1.0_l0.5,submitted_main_linear_features_H5_18col,6ed147cd585e5e8083292683f9be3cf585e97e4d46fa0e3224d24a4e2b42cbbb,f83baf5732ffbf88b9a448a3d9ab9fa270f7495fe44d1559c1ac49795a30881a,69cfb2bf8bc181dc1de1e09f0c7477a1a5de7585,elasticnet_corrected_69cfb2bf8bc1_6ed147cd_f83baf57
ElasticNet,5,3,2023-05-22,2023-05-27,13.75,12.472955948762259,-1.2770440512377412,1.2770440512377412,1.6308415088017028,1.0,0.5,enet_a1.0_l0.5,submitted_main_linear_features_H5_18col,6ed147cd585e5e8083292683f9be3cf585e97e4d46fa0e3224d24a4e2b42cbbb,f83baf5732ffbf88b9a448a3d9ab9fa270f7495fe44d1559c1ac49795a30881a,69cfb2bf8bc181dc1de1e09f0c7477a1a5de7585,elasticnet_corrected_69cfb2bf8bc1_6ed147cd_f83baf57
ElasticNet,5,3,2023-05-23,2023-05-28,12.88,12.563659648091638,-0.3163403519083623,0.3163403519083623,0.1000712182455065,1.0,0.5,enet_a1.0_l0.5,submitted_main_linear_features_H5_18col,6ed147cd585e5e8083292683f9be3cf585e97e4d46fa0e3224d24a4e2b42cbbb,f83baf5732ffbf88b9a448a3d9ab9fa270f7495fe44d1559c1ac49795a30881a,69cfb2bf8bc181dc1de1e09f0c7477a1a5de7585,elasticnet_corrected_69cfb2bf8bc1_6ed147cd_f83baf57
ElasticNet,5,3,2023-05-24,2023-05-29,12.2,12.338489940712845,0.13848994071284615,0.13848994071284615,0.019179463678647642,1.0,0.5,enet_a1.0_l0.5,submitted_main_linear_features_H5_18col,6ed147cd585e5e8083292683f9be3cf585e97e4d46fa0e3224d24a4e2b42cbbb,f83baf5732ffbf88b9a448a3d9ab9fa270f7495fe44d1559c1ac49795a30881a,69cfb2bf8bc181dc1de1e09f0c7477a1a5de7585,elasticnet_corrected_69cfb2bf8bc1_6ed147cd_f83baf57
ElasticNet,5,3,2023-05-25,2023-05-30,12.42,12.473024255222233,0.05302425522223331,0.05302425522223331,0.002811571641872536,1.0,0.5,enet_a1.0_l0.5,submitted_main_linear_features_H5_18col,6ed147cd585e5e8083292683f9be3cf585e97e4d46fa0e3224d24a4e2b42cbbb,f83baf5732ffbf88b9a448a3d9ab9fa270f7495fe44d1559c1ac49795a30881a,69cfb2bf8bc181dc1de1e09f0c7477a1a5de7585,elasticnet_corrected_69cfb2bf8bc1_6ed147cd_f83baf57
ElasticNet,5,3,2023-05-26,2023-05-31,7.99,12.486100043503706,4.496100043503706,4.496100043503706,20.214915601194026,1.0,0.5,enet_a1.0_l0.5,submitted_main_linear_features_H5_18col,6ed147cd585e5e8083292683f9be3cf585e97e4d46fa0e3224d24a4e2b42cbbb,f83baf5732ffbf88b9a448a3d9ab9fa270f7495fe44d1559c1ac49795a30881a,69cfb2bf8bc181dc1de1e09f0c7477a1a5de7585,elasticnet_corrected_69cfb2bf8bc1_6ed147cd_f83baf57
ElasticNet,5,3,2023-05-27,2023-06-01,10.55,12.540161155486063,1.9901611554860619,1.9901611554860619,3.960741424805617,1.0,0.5,enet_a1.0_l0.5,submitted_main_linear_features_H5_18col,6ed147cd585e5e8083292683f9be3cf585e97e4d46fa0e3224d24a4e2b42cbbb,f83baf5732ffbf88b9a448a3d9ab9fa270f7495fe44d1559c1ac49795a30881a,69cfb2bf8bc181dc1de1e09f0c7477a1a5de7585,elasticnet_corrected_69cfb2bf8bc1_6ed147cd_f83baf57
ElasticNet,5,3,2023-05-28,2023-06-02,9.12,12.515653200709417,3.3956532007094182,3.3956532007094182,11.530460659488117,1.0,0.5,enet_a1.0_l0.5,submitted_main_linear_features_H5_18col,6ed147cd585e5e8083292683f9be3cf585e97e4d46fa0e3224d24a4e2b42cbbb,f83baf5732ffbf88b9a448a3d9ab9fa270f7495fe44d1559c1ac49795a30881a,69cfb2bf8bc181dc1de1e09f0c7477a1a5de7585,elasticnet_corrected_69cfb2bf8bc1_6ed147cd_f83baf57
ElasticNet,5,3,2023-05-29,2023-06-03,9.19,12.476835894832206,3.2868358948322065,3.2868358948322065,10.803290199557432,1.0,0.5,enet_a1.0_l0.5,submitted_main_linear_features_H5_18col,6ed147cd585e5e8083292683f9be3cf585e97e4d46fa0e3224d24a4e2b42cbbb,f83baf5732ffbf88b9a448a3d9ab9fa270f7495fe44d1559c1ac49795a30881a,69cfb2bf8bc181dc1de1e09f0c7477a1a5de7585,elasticnet_corrected_69cfb2bf8bc1_6ed147cd_f83baf57
ElasticNet,5,3,2023-05-30,2023-06-04,9.29,12.423575910140688,3.1335759101406886,3.1335759101406886,9.819297984614044,1.0,0.5,enet_a1.0_l0.5,submitted_main_linear_features_H5_18col,6ed147cd585e5e8083292683f9be3cf585e97e4d46fa0e3224d24a4e2b42cbbb,f83baf5732ffbf88b9a448a3d9ab9fa270f7495fe44d1559c1ac49795a30881a,69cfb2bf8bc181dc1de1e09f0c7477a1a5de7585,elasticnet_corrected_69cfb2bf8bc1_6ed147cd_f83baf57
ElasticNet,5,3,2023-05-31,2023-06-05,10.0,12.455682181605155,2.4556821816051553,2.4556821816051553,6.030374977053055,1.0,0.5,enet_a1.0_l0.5,submitted_main_linear_features_H5_18col,6ed147cd585e5e8083292683f9be3cf585e97e4d46fa0e3224d24a4e2b42cbbb,f83baf5732ffbf88b9a448a3d9ab9fa270f7495fe44d1559c1ac49795a30881a,69cfb2bf8bc181dc1de1e09f0c7477a1a5de7585,elasticnet_corrected_69cfb2bf8bc1_6ed147cd_f83baf57
ElasticNet,5,3,2023-06-01,2023-06-06,13.26,12.211050945785667,-1.048949054214333,1.048949054214333,1.1002941183371435,1.0,0.5,enet_a1.0_l0.5,submitted_main_linear_features_H5_18col,6ed147cd585e5e8083292683f9be3cf585e97e4d46fa0e3224d24a4e2b42cbbb,f83baf5732ffbf88b9a448a3d9ab9fa270f7495fe44d1559c1ac49795a30881a,69cfb2bf8bc181dc1de1e09f0c7477a1a5de7585,elasticnet_corrected_69cfb2bf8bc1_6ed147cd_f83baf57
ElasticNet,5,3,2023-06-02,2023-06-07,12.56,12.298345644565948,-0.261654355434052,0.261654355434052,0.06846300171760923,1.0,0.5,enet_a1.0_l0.5,submitted_main_linear_features_H5_18col,6ed147cd585e5e8083292683f9be3cf585e97e4d46fa0e3224d24a4e2b42cbbb,f83baf5732ffbf88b9a448a3d9ab9fa270f7495fe44d1559c1ac49795a30881a,69cfb2bf8bc181dc1de1e09f0c7477a1a5de7585,elasticnet_corrected_69cfb2bf8bc1_6ed147cd_f83baf57
ElasticNet,5,3,2023-06-03,2023-06-08,13.64,12.182951420463754,-1.457048579536247,1.457048579536247,2.1229905631285946,1.0,0.5,enet_a1.0_l0.5,submitted_main_linear_features_H5_18col,6ed147cd585e5e8083292683f9be3cf585e97e4d46fa0e3224d24a4e2b42cbbb,f83baf5732ffbf88b9a448a3d9ab9fa270f7495fe44d1559c1ac49795a30881a,69cfb2bf8bc181dc1de1e09f0c7477a1a5de7585,elasticnet_corrected_69cfb2bf8bc1_6ed147cd_f83baf57
ElasticNet,5,3,2023-06-04,2023-06-09,15.85,12.14096998460958,-3.70903001539042,3.70903001539042,13.756903655067058,1.0,0.5,enet_a1.0_l0.5,submitted_main_linear_features_H5_18col,6ed147cd585e5e8083292683f9be3cf585e97e4d46fa0e3224d24a4e2b42cbbb,f83baf5732ffbf88b9a448a3d9ab9fa270f7495fe44d1559c1ac49795a30881a,69cfb2bf8bc181dc1de1e09f0c7477a1a5de7585,elasticnet_corrected_69cfb2bf8bc1_6ed147cd_f83baf57
ElasticNet,5,3,2023-06-05,2023-06-10,11.12,12.10981093962834,0.9898109396283417,0.9898109396283417,0.9797256962079406,1.0,0.5,enet_a1.0_l0.5,submitted_main_linear_features_H5_18col,6ed147cd585e5e8083292683f9be3cf585e97e4d46fa0e3224d24a4e2b42cbbb,f83baf5732ffbf88b9a448a3d9ab9fa270f7495fe44d1559c1ac49795a30881a,69cfb2bf8bc181dc1de1e09f0c7477a1a5de7585,elasticnet_corrected_69cfb2bf8bc1_6ed147cd_f83baf57
ElasticNet,5,3,2023-06-06,2023-06-11,10.4,12.119237733934147,1.719237733934147,1.719237733934147,2.9557783857830207,1.0,0.5,enet_a1.0_l0.5,submitted_main_linear_features_H5_18col,6ed147cd585e5e8083292683f9be3cf585e97e4d46fa0e3224d24a4e2b42cbbb,f83baf5732ffbf88b9a448a3d9ab9fa270f7495fe44d1559c1ac49795a30881a,69cfb2bf8bc181dc1de1e09f0c7477a1a5de7585,elasticnet_corrected_69cfb2bf8bc1_6ed147cd_f83baf57
ElasticNet,5,3,2023-06-07,2023-06-12,11.4,12.271199233567621,0.8711992335676211,0.8711992335676211,0.7589881045688104,1.0,0.5,enet_a1.0_l0.5,submitted_main_linear_features_H5_18col,6ed147cd585e5e8083292683f9be3cf585e97e4d46fa0e3224d24a4e2b42cbbb,f83baf5732ffbf88b9a448a3d9ab9fa270f7495fe44d1559c1ac49795a30881a,69cfb2bf8bc181dc1de1e09f0c7477a1a5de7585,elasticnet_corrected_69cfb2bf8bc1_6ed147cd_f83baf57
ElasticNet,5,3,2023-06-08,2023-06-13,13.16,12.284432880167113,-0.8755671198328869,0.8755671198328869,0.766617781332457,1.0,0.5,enet_a1.0_l0.5,submitted_main_linear_features_H5_18col,6ed147cd585e5e8083292683f9be3cf585e97e4d46fa0e3224d24a4e2b42cbbb,f83baf5732ffbf88b9a448a3d9ab9fa270f7495fe44d1559c1ac49795a30881a,69cfb2bf8bc181dc1de1e09f0c7477a1a5de7585,elasticnet_corrected_69cfb2bf8bc1_6ed147cd_f83baf57
ElasticNet,5,3,2023-06-09,2023-06-14,16.86,12.361970794824622,-4.498029205175378,4.498029205175378,20.232266730610643,1.0,0.5,enet_a1.0_l0.5,submitted_main_linear_features_H5_18col,6ed147cd585e5e8083292683f9be3cf585e97e4d46fa0e3224d24a4e2b42cbbb,f83baf5732ffbf88b9a448a3d9ab9fa270f7495fe44d1559c1ac49795a30881a,69cfb2bf8bc181dc1de1e09f0c7477a1a5de7585,elasticnet_corrected_69cfb2bf8bc1_6ed147cd_f83baf57
ElasticNet,5,3,2023-06-10,2023-06-15,10.78,12.525085187630514,1.7450851876305151,1.7450851876305151,3.04532231208743,1.0,0.5,enet_a1.0_l0.5,submitted_main_linear_features_H5_18col,6ed147cd585e5e8083292683f9be3cf585e97e4d46fa0e3224d24a4e2b42cbbb,f83baf5732ffbf88b9a448a3d9ab9fa270f7495fe44d1559c1ac49795a30881a,69cfb2bf8bc181dc1de1e09f0c7477a1a5de7585,elasticnet_corrected_69cfb2bf8bc1_6ed147cd_f83baf57
ElasticNet,5,3,2023-06-11,2023-06-16,14.09,12.33428785275843,-1.755712147241569,1.755712147241569,3.0825251439716013,1.0,0.5,enet_a1.0_l0.5,submitted_main_linear_features_H5_18col,6ed147cd585e5e8083292683f9be3cf585e97e4d46fa0e3224d24a4e2b42cbbb,f83baf5732ffbf88b9a448a3d9ab9fa270f7495fe44d1559c1ac49795a30881a,69cfb2bf8bc181dc1de1e09f0c7477a1a5de7585,elasticnet_corrected_69cfb2bf8bc1_6ed147cd_f83baf57
ElasticNet,5,3,2023-06-12,2023-06-17,11.4,12.31290013955701,0.91290013955701,0.91290013955701,0.8333866648032083,1.0,0.5,enet_a1.0_l0.5,submitted_main_linear_features_H5_18col,6ed147cd585e5e8083292683f9be3cf585e97e4d46fa0e3224d24a4e2b42cbbb,f83baf5732ffbf88b9a448a3d9ab9fa270f7495fe44d1559c1ac49795a30881a,69cfb2bf8bc181dc1de1e09f0c7477a1a5de7585,elasticnet_corrected_69cfb2bf8bc1_6ed147cd_f83baf57
ElasticNet,5,3,2023-06-13,2023-06-18,10.92,12.370457701653804,1.4504577016538036,1.4504577016538036,2.103827544286834,1.0,0.5,enet_a1.0_l0.5,submitted_main_linear_features_H5_18col,6ed147cd585e5e8083292683f9be3cf585e97e4d46fa0e3224d24a4e2b42cbbb,f83baf5732ffbf88b9a448a3d9ab9fa270f7495fe44d1559c1ac49795a30881a,69cfb2bf8bc181dc1de1e09f0c7477a1a5de7585,elasticnet_corrected_69cfb2bf8bc1_6ed147cd_f83baf57
ElasticNet,5,3,2023-06-14,2023-06-19,14.32,12.446999523152778,-1.8730004768472224,1.8730004768472224,3.5081307862699225,1.0,0.5,enet_a1.0_l0.5,submitted_main_linear_features_H5_18col,6ed147cd585e5e8083292683f9be3cf585e97e4d46fa0e3224d24a4e2b42cbbb,f83baf5732ffbf88b9a448a3d9ab9fa270f7495fe44d1559c1ac49795a30881a,69cfb2bf8bc181dc1de1e09f0c7477a1a5de7585,elasticnet_corrected_69cfb2bf8bc1_6ed147cd_f83baf57
ElasticNet,5,3,2023-06-15,2023-06-20,13.18,12.652379162690483,-0.5276208373095166,0.5276208373095166,0.27838374796319537,1.0,0.5,enet_a1.0_l0.5,submitted_main_linear_features_H5_18col,6ed147cd585e5e8083292683f9be3cf585e97e4d46fa0e3224d24a4e2b42cbbb,f83baf5732ffbf88b9a448a3d9ab9fa270f7495fe44d1559c1ac49795a30881a,69cfb2bf8bc181dc1de1e09f0c7477a1a5de7585,elasticnet_corrected_69cfb2bf8bc1_6ed147cd_f83baf57
ElasticNet,5,3,2023-06-16,2023-06-21,17.48,12.355145036616818,-5.124854963383182,5.124854963383182,26.264138395713235,1.0,0.5,enet_a1.0_l0.5,submitted_main_linear_features_H5_18col,6ed147cd585e5e8083292683f9be3cf585e97e4d46fa0e3224d24a4e2b42cbbb,f83baf5732ffbf88b9a448a3d9ab9fa270f7495fe44d1559c1ac49795a30881a,69cfb2bf8bc181dc1de1e09f0c7477a1a5de7585,elasticnet_corrected_69cfb2bf8bc1_6ed147cd_f83baf57
ElasticNet,5,3,2023-06-17,2023-06-22,11.56,12.484094840980724,0.9240948409807235,0.9240948409807235,0.8539512751271886,1.0,0.5,enet_a1.0_l0.5,submitted_main_linear_features_H5_18col,6ed147cd585e5e8083292683f9be3cf585e97e4d46fa0e3224d24a4e2b42cbbb,f83baf5732ffbf88b9a448a3d9ab9fa270f7495fe44d1559c1ac49795a30881a,69cfb2bf8bc181dc1de1e09f0c7477a1a5de7585,elasticnet_corrected_69cfb2bf8bc1_6ed147cd_f83baf57
ElasticNet,5,3,2023-06-18,2023-06-23,16.33,12.367554285538445,-3.9624457144615537,3.9624457144615537,15.700976040054734,1.0,0.5,enet_a1.0_l0.5,submitted_main_linear_features_H5_18col,6ed147cd585e5e8083292683f9be3cf585e97e4d46fa0e3224d24a4e2b42cbbb,f83baf5732ffbf88b9a448a3d9ab9fa270f7495fe44d1559c1ac49795a30881a,69cfb2bf8bc181dc1de1e09f0c7477a1a5de7585,elasticnet_corrected_69cfb2bf8bc1_6ed147cd_f83baf57
ElasticNet,5,3,2023-06-19,2023-06-24,11.51,12.351148789480177,0.8411487894801777,0.8411487894801777,0.7075312860439683,1.0,0.5,enet_a1.0_l0.5,submitted_main_linear_features_H5_18col,6ed147cd585e5e8083292683f9be3cf585e97e4d46fa0e3224d24a4e2b42cbbb,f83baf5732ffbf88b9a448a3d9ab9fa270f7495fe44d1559c1ac49795a30881a,69cfb2bf8bc181dc1de1e09f0c7477a1a5de7585,elasticnet_corrected_69cfb2bf8bc1_6ed147cd_f83baf57
ElasticNet,5,3,2023-06-20,2023-06-25,12.68,12.52986553935939,-0.15013446064060965,0.15013446064060965,0.02254035627184677,1.0,0.5,enet_a1.0_l0.5,submitted_main_linear_features_H5_18col,6ed147cd585e5e8083292683f9be3cf585e97e4d46fa0e3224d24a4e2b42cbbb,f83baf5732ffbf88b9a448a3d9ab9fa270f7495fe44d1559c1ac49795a30881a,69cfb2bf8bc181dc1de1e09f0c7477a1a5de7585,elasticnet_corrected_69cfb2bf8bc1_6ed147cd_f83baf57
ElasticNet,5,3,2023-06-21,2023-06-26,12.26,12.479413577025829,0.2194135770258292,0.2194135770258292,0.04814231778326948,1.0,0.5,enet_a1.0_l0.5,submitted_main_linear_features_H5_18col,6ed147cd585e5e8083292683f9be3cf585e97e4d46fa0e3224d24a4e2b42cbbb,f83baf5732ffbf88b9a448a3d9ab9fa270f7495fe44d1559c1ac49795a30881a,69cfb2bf8bc181dc1de1e09f0c7477a1a5de7585,elasticnet_corrected_69cfb2bf8bc1_6ed147cd_f83baf57
ElasticNet,5,3,2023-06-22,2023-06-27,11.74,12.675510885010855,0.9355108850108547,0.9355108850108547,0.8751806159737925,1.0,0.5,enet_a1.0_l0.5,submitted_main_linear_features_H5_18col,6ed147cd585e5e8083292683f9be3cf585e97e4d46fa0e3224d24a4e2b42cbbb,f83baf5732ffbf88b9a448a3d9ab9fa270f7495fe44d1559c1ac49795a30881a,69cfb2bf8bc181dc1de1e09f0c7477a1a5de7585,elasticnet_corrected_69cfb2bf8bc1_6ed147cd_f83baf57
ElasticNet,5,3,2023-06-23,2023-06-28,8.82,12.421054050051604,3.6010540500516033,3.6010540500516033,12.967590271393055,1.0,0.5,enet_a1.0_l0.5,submitted_main_linear_features_H5_18col,6ed147cd585e5e8083292683f9be3cf585e97e4d46fa0e3224d24a4e2b42cbbb,f83baf5732ffbf88b9a448a3d9ab9fa270f7495fe44d1559c1ac49795a30881a,69cfb2bf8bc181dc1de1e09f0c7477a1a5de7585,elasticnet_corrected_69cfb2bf8bc1_6ed147cd_f83baf57
ElasticNet,5,3,2023-06-24,2023-06-29,10.62,12.65381172100999,2.0338117210099913,2.0338117210099913,4.136390116517623,1.0,0.5,enet_a1.0_l0.5,submitted_main_linear_features_H5_18col,6ed147cd585e5e8083292683f9be3cf585e97e4d46fa0e3224d24a4e2b42cbbb,f83baf5732ffbf88b9a448a3d9ab9fa270f7495fe44d1559c1ac49795a30881a,69cfb2bf8bc181dc1de1e09f0c7477a1a5de7585,elasticnet_corrected_69cfb2bf8bc1_6ed147cd_f83baf57
ElasticNet,5,3,2023-06-25,2023-06-30,9.68,12.441510830855355,2.7615108308553555,2.7615108308553555,7.625942068931436,1.0,0.5,enet_a1.0_l0.5,submitted_main_linear_features_H5_18col,6ed147cd585e5e8083292683f9be3cf585e97e4d46fa0e3224d24a4e2b42cbbb,f83baf5732ffbf88b9a448a3d9ab9fa270f7495fe44d1559c1ac49795a30881a,69cfb2bf8bc181dc1de1e09f0c7477a1a5de7585,elasticnet_corrected_69cfb2bf8bc1_6ed147cd_f83baf57
ElasticNet,5,3,2023-06-26,2023-07-01,10.07,12.510351323827836,2.4403513238278354,2.4403513238278354,5.955314583708269,1.0,0.5,enet_a1.0_l0.5,submitted_main_linear_features_H5_18col,6ed147cd585e5e8083292683f9be3cf585e97e4d46fa0e3224d24a4e2b42cbbb,f83baf5732ffbf88b9a448a3d9ab9fa270f7495fe44d1559c1ac49795a30881a,69cfb2bf8bc181dc1de1e09f0c7477a1a5de7585,elasticnet_corrected_69cfb2bf8bc1_6ed147cd_f83baf57
ElasticNet,5,3,2023-06-27,2023-07-02,9.04,12.471543020439746,3.4315430204397472,3.4315430204397472,11.775487501128744,1.0,0.5,enet_a1.0_l0.5,submitted_main_linear_features_H5_18col,6ed147cd585e5e8083292683f9be3cf585e97e4d46fa0e3224d24a4e2b42cbbb,f83baf5732ffbf88b9a448a3d9ab9fa270f7495fe44d1559c1ac49795a30881a,69cfb2bf8bc181dc1de1e09f0c7477a1a5de7585,elasticnet_corrected_69cfb2bf8bc1_6ed147cd_f83baf57
ElasticNet,5,3,2023-06-28,2023-07-03,11.09,12.434388032475193,1.3443880324751927,1.3443880324751927,1.8073791818625198,1.0,0.5,enet_a1.0_l0.5,submitted_main_linear_features_H5_18col,6ed147cd585e5e8083292683f9be3cf585e97e4d46fa0e3224d24a4e2b42cbbb,f83baf5732ffbf88b9a448a3d9ab9fa270f7495fe44d1559c1ac49795a30881a,69cfb2bf8bc181dc1de1e09f0c7477a1a5de7585,elasticnet_corrected_69cfb2bf8bc1_6ed147cd_f83baf57
ElasticNet,5,3,2023-06-29,2023-07-04,11.9,12.220527671189057,0.32052767118905656,0.32052767118905656,0.10273798799787996,1.0,0.5,enet_a1.0_l0.5,submitted_main_linear_features_H5_18col,6ed147cd585e5e8083292683f9be3cf585e97e4d46fa0e3224d24a4e2b42cbbb,f83baf5732ffbf88b9a448a3d9ab9fa270f7495fe44d1559c1ac49795a30881a,69cfb2bf8bc181dc1de1e09f0c7477a1a5de7585,elasticnet_corrected_69cfb2bf8bc1_6ed147cd_f83baf57
ElasticNet,5,3,2023-06-30,2023-07-05,13.57,12.29093445047107,-1.27906554952893,1.27906554952893,1.6360086799917437,1.0,0.5,enet_a1.0_l0.5,submitted_main_linear_features_H5_18col,6ed147cd585e5e8083292683f9be3cf585e97e4d46fa0e3224d24a4e2b42cbbb,f83baf5732ffbf88b9a448a3d9ab9fa270f7495fe44d1559c1ac49795a30881a,69cfb2bf8bc181dc1de1e09f0c7477a1a5de7585,elasticnet_corrected_69cfb2bf8bc1_6ed147cd_f83baf57
ElasticNet,5,3,2023-07-01,2023-07-06,11.6,12.184348607430495,0.5843486074304955,0.5843486074304955,0.3414632950059594,1.0,0.5,enet_a1.0_l0.5,submitted_main_linear_features_H5_18col,6ed147cd585e5e8083292683f9be3cf585e97e4d46fa0e3224d24a4e2b42cbbb,f83baf5732ffbf88b9a448a3d9ab9fa270f7495fe44d1559c1ac49795a30881a,69cfb2bf8bc181dc1de1e09f0c7477a1a5de7585,elasticnet_corrected_69cfb2bf8bc1_6ed147cd_f83baf57
ElasticNet,5,3,2023-07-02,2023-07-07,13.75,12.187529473676408,-1.562470526323592,1.562470526323592,2.441314145629923,1.0,0.5,enet_a1.0_l0.5,submitted_main_linear_features_H5_18col,6ed147cd585e5e8083292683f9be3cf585e97e4d46fa0e3224d24a4e2b42cbbb,f83baf5732ffbf88b9a448a3d9ab9fa270f7495fe44d1559c1ac49795a30881a,69cfb2bf8bc181dc1de1e09f0c7477a1a5de7585,elasticnet_corrected_69cfb2bf8bc1_6ed147cd_f83baf57
ElasticNet,5,3,2023-07-03,2023-07-08,11.11,12.106411769311705,0.996411769311706,0.996411769311706,0.9928364140228845,1.0,0.5,enet_a1.0_l0.5,submitted_main_linear_features_H5_18col,6ed147cd585e5e8083292683f9be3cf585e97e4d46fa0e3224d24a4e2b42cbbb,f83baf5732ffbf88b9a448a3d9ab9fa270f7495fe44d1559c1ac49795a30881a,69cfb2bf8bc181dc1de1e09f0c7477a1a5de7585,elasticnet_corrected_69cfb2bf8bc1_6ed147cd_f83baf57
ElasticNet,5,3,2023-07-04,2023-07-09,10.33,12.185708445371747,1.8557084453717465,1.8557084453717465,3.4436538342240244,1.0,0.5,enet_a1.0_l0.5,submitted_main_linear_features_H5_18col,6ed147cd585e5e8083292683f9be3cf585e97e4d46fa0e3224d24a4e2b42cbbb,f83baf5732ffbf88b9a448a3d9ab9fa270f7495fe44d1559c1ac49795a30881a,69cfb2bf8bc181dc1de1e09f0c7477a1a5de7585,elasticnet_corrected_69cfb2bf8bc1_6ed147cd_f83baf57
ElasticNet,5,3,2023-07-05,2023-07-10,11.28,12.223161983368096,0.9431619833680962,0.9431619833680962,0.889554526870841,1.0,0.5,enet_a1.0_l0.5,submitted_main_linear_features_H5_18col,6ed147cd585e5e8083292683f9be3cf585e97e4d46fa0e3224d24a4e2b42cbbb,f83baf5732ffbf88b9a448a3d9ab9fa270f7495fe44d1559c1ac49795a30881a,69cfb2bf8bc181dc1de1e09f0c7477a1a5de7585,elasticnet_corrected_69cfb2bf8bc1_6ed147cd_f83baf57
ElasticNet,5,3,2023-07-06,2023-07-11,11.04,12.343531109365799,1.3035311093657995,1.3035311093657995,1.699193353084432,1.0,0.5,enet_a1.0_l0.5,submitted_main_linear_features_H5_18col,6ed147cd585e5e8083292683f9be3cf585e97e4d46fa0e3224d24a4e2b42cbbb,f83baf5732ffbf88b9a448a3d9ab9fa270f7495fe44d1559c1ac49795a30881a,69cfb2bf8bc181dc1de1e09f0c7477a1a5de7585,elasticnet_corrected_69cfb2bf8bc1_6ed147cd_f83baf57
ElasticNet,5,3,2023-07-07,2023-07-12,13.0,12.26604727818401,-0.7339527218159905,0.7339527218159905,0.5386865978611007,1.0,0.5,enet_a1.0_l0.5,submitted_main_linear_features_H5_18col,6ed147cd585e5e8083292683f9be3cf585e97e4d46fa0e3224d24a4e2b42cbbb,f83baf5732ffbf88b9a448a3d9ab9fa270f7495fe44d1559c1ac49795a30881a,69cfb2bf8bc181dc1de1e09f0c7477a1a5de7585,elasticnet_corrected_69cfb2bf8bc1_6ed147cd_f83baf57
ElasticNet,5,3,2023-07-08,2023-07-13,12.89,12.401045850012622,-0.48895414998737863,0.48895414998737863,0.23907616078987995,1.0,0.5,enet_a1.0_l0.5,submitted_main_linear_features_H5_18col,6ed147cd585e5e8083292683f9be3cf585e97e4d46fa0e3224d24a4e2b42cbbb,f83baf5732ffbf88b9a448a3d9ab9fa270f7495fe44d1559c1ac49795a30881a,69cfb2bf8bc181dc1de1e09f0c7477a1a5de7585,elasticnet_corrected_69cfb2bf8bc1_6ed147cd_f83baf57
ElasticNet,5,3,2023-07-09,2023-07-14,14.05,12.294545635953899,-1.755454364046102,1.755454364046102,3.0816200242485046,1.0,0.5,enet_a1.0_l0.5,submitted_main_linear_features_H5_18col,6ed147cd585e5e8083292683f9be3cf585e97e4d46fa0e3224d24a4e2b42cbbb,f83baf5732ffbf88b9a448a3d9ab9fa270f7495fe44d1559c1ac49795a30881a,69cfb2bf8bc181dc1de1e09f0c7477a1a5de7585,elasticnet_corrected_69cfb2bf8bc1_6ed147cd_f83baf57
ElasticNet,5,3,2023-07-10,2023-07-15,11.64,12.272794436582968,0.6327944365829676,0.6327944365829676,0.40042879897035544,1.0,0.5,enet_a1.0_l0.5,submitted_main_linear_features_H5_18col,6ed147cd585e5e8083292683f9be3cf585e97e4d46fa0e3224d24a4e2b42cbbb,f83baf5732ffbf88b9a448a3d9ab9fa270f7495fe44d1559c1ac49795a30881a,69cfb2bf8bc181dc1de1e09f0c7477a1a5de7585,elasticnet_corrected_69cfb2bf8bc1_6ed147cd_f83baf57
ElasticNet,5,3,2023-07-11,2023-07-16,14.52,12.316849898125469,-2.203150101874531,2.203150101874531,4.853870371389756,1.0,0.5,enet_a1.0_l0.5,submitted_main_linear_features_H5_18col,6ed147cd585e5e8083292683f9be3cf585e97e4d46fa0e3224d24a4e2b42cbbb,f83baf5732ffbf88b9a448a3d9ab9fa270f7495fe44d1559c1ac49795a30881a,69cfb2bf8bc181dc1de1e09f0c7477a1a5de7585,elasticnet_corrected_69cfb2bf8bc1_6ed147cd_f83baf57
ElasticNet,5,3,2023-07-12,2023-07-17,12.22,12.29801865352726,0.07801865352725912,0.07801865352725912,0.006086910298206502,1.0,0.5,enet_a1.0_l0.5,submitted_main_linear_features_H5_18col,6ed147cd585e5e8083292683f9be3cf585e97e4d46fa0e3224d24a4e2b42cbbb,f83baf5732ffbf88b9a448a3d9ab9fa270f7495fe44d1559c1ac49795a30881a,69cfb2bf8bc181dc1de1e09f0c7477a1a5de7585,elasticnet_corrected_69cfb2bf8bc1_6ed147cd_f83baf57
ElasticNet,5,3,2023-07-13,2023-07-18,11.69,12.379368843544388,0.6893688435443881,0.6893688435443881,0.47522940244972706,1.0,0.5,enet_a1.0_l0.5,submitted_main_linear_features_H5_18col,6ed147cd585e5e8083292683f9be3cf585e97e4d46fa0e3224d24a4e2b42cbbb,f83baf5732ffbf88b9a448a3d9ab9fa270f7495fe44d1559c1ac49795a30881a,69cfb2bf8bc181dc1de1e09f0c7477a1a5de7585,elasticnet_corrected_69cfb2bf8bc1_6ed147cd_f83baf57
ElasticNet,5,3,2023-07-14,2023-07-19,12.58,12.387334750841164,-0.19266524915883565,0.19266524915883565,0.03711989823343622,1.0,0.5,enet_a1.0_l0.5,submitted_main_linear_features_H5_18col,6ed147cd585e5e8083292683f9be3cf585e97e4d46fa0e3224d24a4e2b42cbbb,f83baf5732ffbf88b9a448a3d9ab9fa270f7495fe44d1559c1ac49795a30881a,69cfb2bf8bc181dc1de1e09f0c7477a1a5de7585,elasticnet_corrected_69cfb2bf8bc1_6ed147cd_f83baf57
ElasticNet,5,3,2023-07-15,2023-07-20,11.8,12.44183134132766,0.6418313413276593,0.6418313413276593,0.4119474707104623,1.0,0.5,enet_a1.0_l0.5,submitted_main_linear_features_H5_18col,6ed147cd585e5e8083292683f9be3cf585e97e4d46fa0e3224d24a4e2b42cbbb,f83baf5732ffbf88b9a448a3d9ab9fa270f7495fe44d1559c1ac49795a30881a,69cfb2bf8bc181dc1de1e09f0c7477a1a5de7585,elasticnet_corrected_69cfb2bf8bc1_6ed147cd_f83baf57
ElasticNet,5,3,2023-07-16,2023-07-21,13.08,12.340655972025974,-0.7393440279740258,0.7393440279740258,0.546629591700857,1.0,0.5,enet_a1.0_l0.5,submitted_main_linear_features_H5_18col,6ed147cd585e5e8083292683f9be3cf585e97e4d46fa0e3224d24a4e2b42cbbb,f83baf5732ffbf88b9a448a3d9ab9fa270f7495fe44d1559c1ac49795a30881a,69cfb2bf8bc181dc1de1e09f0c7477a1a5de7585,elasticnet_corrected_69cfb2bf8bc1_6ed147cd_f83baf57
ElasticNet,5,3,2023-07-17,2023-07-22,11.95,12.509293290808603,0.5592932908086041,0.5592932908086041,0.31280898514351785,1.0,0.5,enet_a1.0_l0.5,submitted_main_linear_features_H5_18col,6ed147cd585e5e8083292683f9be3cf585e97e4d46fa0e3224d24a4e2b42cbbb,f83baf5732ffbf88b9a448a3d9ab9fa270f7495fe44d1559c1ac49795a30881a,69cfb2bf8bc181dc1de1e09f0c7477a1a5de7585,elasticnet_corrected_69cfb2bf8bc1_6ed147cd_f83baf57
ElasticNet,5,3,2023-07-18,2023-07-23,12.14,12.417027870723444,0.2770278707234439,0.2770278707234439,0.07674444115756517,1.0,0.5,enet_a1.0_l0.5,submitted_main_linear_features_H5_18col,6ed147cd585e5e8083292683f9be3cf585e97e4d46fa0e3224d24a4e2b42cbbb,f83baf5732ffbf88b9a448a3d9ab9fa270f7495fe44d1559c1ac49795a30881a,69cfb2bf8bc181dc1de1e09f0c7477a1a5de7585,elasticnet_corrected_69cfb2bf8bc1_6ed147cd_f83baf57
ElasticNet,5,3,2023-07-19,2023-07-24,12.48,12.400252802326733,-0.07974719767326732,0.07974719767326732,0.006359615536739173,1.0,0.5,enet_a1.0_l0.5,submitted_main_linear_features_H5_18col,6ed147cd585e5e8083292683f9be3cf585e97e4d46fa0e3224d24a4e2b42cbbb,f83baf5732ffbf88b9a448a3d9ab9fa270f7495fe44d1559c1ac49795a30881a,69cfb2bf8bc181dc1de1e09f0c7477a1a5de7585,elasticnet_corrected_69cfb2bf8bc1_6ed147cd_f83baf57
ElasticNet,5,3,2023-07-20,2023-07-25,12.38444827,12.435862359851662,0.051414089851661515,0.051414089851661515,0.0026434086352747238,1.0,0.5,enet_a1.0_l0.5,submitted_main_linear_features_H5_18col,6ed147cd585e5e8083292683f9be3cf585e97e4d46fa0e3224d24a4e2b42cbbb,f83baf5732ffbf88b9a448a3d9ab9fa270f7495fe44d1559c1ac49795a30881a,69cfb2bf8bc181dc1de1e09f0c7477a1a5de7585,elasticnet_corrected_69cfb2bf8bc1_6ed147cd_f83baf57
ElasticNet,5,3,2023-07-21,2023-07-26,12.41967703,12.391062168439374,-0.028614861560626537,0.028614861560626537,0.0008188103021338222,1.0,0.5,enet_a1.0_l0.5,submitted_main_linear_features_H5_18col,6ed147cd585e5e8083292683f9be3cf585e97e4d46fa0e3224d24a4e2b42cbbb,f83baf5732ffbf88b9a448a3d9ab9fa270f7495fe44d1559c1ac49795a30881a,69cfb2bf8bc181dc1de1e09f0c7477a1a5de7585,elasticnet_corrected_69cfb2bf8bc1_6ed147cd_f83baf57
ElasticNet,5,3,2023-07-22,2023-07-27,12.43934362,12.438587908159507,-0.0007557118404939445,0.0007557118404939445,5.711003858627449e-07,1.0,0.5,enet_a1.0_l0.5,submitted_main_linear_features_H5_18col,6ed147cd585e5e8083292683f9be3cf585e97e4d46fa0e3224d24a4e2b42cbbb,f83baf5732ffbf88b9a448a3d9ab9fa270f7495fe44d1559c1ac49795a30881a,69cfb2bf8bc181dc1de1e09f0c7477a1a5de7585,elasticnet_corrected_69cfb2bf8bc1_6ed147cd_f83baf57
ElasticNet,5,3,2023-07-23,2023-07-28,12.31367128,12.392019564417614,0.07834828441761488,0.07834828441761488,0.0061384536711834746,1.0,0.5,enet_a1.0_l0.5,submitted_main_linear_features_H5_18col,6ed147cd585e5e8083292683f9be3cf585e97e4d46fa0e3224d24a4e2b42cbbb,f83baf5732ffbf88b9a448a3d9ab9fa270f7495fe44d1559c1ac49795a30881a,69cfb2bf8bc181dc1de1e09f0c7477a1a5de7585,elasticnet_corrected_69cfb2bf8bc1_6ed147cd_f83baf57
ElasticNet,5,3,2023-07-24,2023-07-29,12.47,12.377582102160128,-0.09241789783987286,0.09241789783987286,0.008541067841141177,1.0,0.5,enet_a1.0_l0.5,submitted_main_linear_features_H5_18col,6ed147cd585e5e8083292683f9be3cf585e97e4d46fa0e3224d24a4e2b42cbbb,f83baf5732ffbf88b9a448a3d9ab9fa270f7495fe44d1559c1ac49795a30881a,69cfb2bf8bc181dc1de1e09f0c7477a1a5de7585,elasticnet_corrected_69cfb2bf8bc1_6ed147cd_f83baf57
ElasticNet,5,3,2023-07-25,2023-07-30,12.85,12.395594432412295,-0.45440556758770434,0.45440556758770434,0.20648441985470373,1.0,0.5,enet_a1.0_l0.5,submitted_main_linear_features_H5_18col,6ed147cd585e5e8083292683f9be3cf585e97e4d46fa0e3224d24a4e2b42cbbb,f83baf5732ffbf88b9a448a3d9ab9fa270f7495fe44d1559c1ac49795a30881a,69cfb2bf8bc181dc1de1e09f0c7477a1a5de7585,elasticnet_corrected_69cfb2bf8bc1_6ed147cd_f83baf57
ElasticNet,5,3,2023-07-26,2023-07-31,12.04,12.398600613058727,0.35860061305872826,0.35860061305872826,0.12859439968609573,1.0,0.5,enet_a1.0_l0.5,submitted_main_linear_features_H5_18col,6ed147cd585e5e8083292683f9be3cf585e97e4d46fa0e3224d24a4e2b42cbbb,f83baf5732ffbf88b9a448a3d9ab9fa270f7495fe44d1559c1ac49795a30881a,69cfb2bf8bc181dc1de1e09f0c7477a1a5de7585,elasticnet_corrected_69cfb2bf8bc1_6ed147cd_f83baf57
ElasticNet,5,3,2023-07-27,2023-08-01,12.85,12.399058091921262,-0.4509419080787378,0.4509419080787378,0.2033486044616928,1.0,0.5,enet_a1.0_l0.5,submitted_main_linear_features_H5_18col,6ed147cd585e5e8083292683f9be3cf585e97e4d46fa0e3224d24a4e2b42cbbb,f83baf5732ffbf88b9a448a3d9ab9fa270f7495fe44d1559c1ac49795a30881a,69cfb2bf8bc181dc1de1e09f0c7477a1a5de7585,elasticnet_corrected_69cfb2bf8bc1_6ed147cd_f83baf57
ElasticNet,5,3,2023-07-28,2023-08-02,16.85,12.406658248887306,-4.443341751112696,4.443341751112696,19.74328591718124,1.0,0.5,enet_a1.0_l0.5,submitted_main_linear_features_H5_18col,6ed147cd585e5e8083292683f9be3cf585e97e4d46fa0e3224d24a4e2b42cbbb,f83baf5732ffbf88b9a448a3d9ab9fa270f7495fe44d1559c1ac49795a30881a,69cfb2bf8bc181dc1de1e09f0c7477a1a5de7585,elasticnet_corrected_69cfb2bf8bc1_6ed147cd_f83baf57
ElasticNet,5,3,2023-07-29,2023-08-03,16.13,12.394110857870597,-3.735889142129402,3.735889142129402,13.956867682280357,1.0,0.5,enet_a1.0_l0.5,submitted_main_linear_features_H5_18col,6ed147cd585e5e8083292683f9be3cf585e97e4d46fa0e3224d24a4e2b42cbbb,f83baf5732ffbf88b9a448a3d9ab9fa270f7495fe44d1559c1ac49795a30881a,69cfb2bf8bc181dc1de1e09f0c7477a1a5de7585,elasticnet_corrected_69cfb2bf8bc1_6ed147cd_f83baf57
ElasticNet,5,3,2023-07-30,2023-08-04,14.14,12.406625412543258,-1.7333745874567423,1.7333745874567423,3.0045874604408316,1.0,0.5,enet_a1.0_l0.5,submitted_main_linear_features_H5_18col,6ed147cd585e5e8083292683f9be3cf585e97e4d46fa0e3224d24a4e2b42cbbb,f83baf5732ffbf88b9a448a3d9ab9fa270f7495fe44d1559c1ac49795a30881a,69cfb2bf8bc181dc1de1e09f0c7477a1a5de7585,elasticnet_corrected_69cfb2bf8bc1_6ed147cd_f83baf57
ElasticNet,5,3,2023-07-31,2023-08-05,15.94,12.430908829469582,-3.509091170530418,3.509091170530418,12.313720843094538,1.0,0.5,enet_a1.0_l0.5,submitted_main_linear_features_H5_18col,6ed147cd585e5e8083292683f9be3cf585e97e4d46fa0e3224d24a4e2b42cbbb,f83baf5732ffbf88b9a448a3d9ab9fa270f7495fe44d1559c1ac49795a30881a,69cfb2bf8bc181dc1de1e09f0c7477a1a5de7585,elasticnet_corrected_69cfb2bf8bc1_6ed147cd_f83baf57
ElasticNet,5,3,2023-08-01,2023-08-06,15.74,12.391326263340911,-3.348673736659089,3.348673736659089,11.213615794590346,1.0,0.5,enet_a1.0_l0.5,submitted_main_linear_features_H5_18col,6ed147cd585e5e8083292683f9be3cf585e97e4d46fa0e3224d24a4e2b42cbbb,f83baf5732ffbf88b9a448a3d9ab9fa270f7495fe44d1559c1ac49795a30881a,69cfb2bf8bc181dc1de1e09f0c7477a1a5de7585,elasticnet_corrected_69cfb2bf8bc1_6ed147cd_f83baf57
ElasticNet,5,3,2023-08-02,2023-08-07,15.48,12.432278102294612,-3.0477218977053884,3.0477218977053884,9.288608765752933,1.0,0.5,enet_a1.0_l0.5,submitted_main_linear_features_H5_18col,6ed147cd585e5e8083292683f9be3cf585e97e4d46fa0e3224d24a4e2b42cbbb,f83baf5732ffbf88b9a448a3d9ab9fa270f7495fe44d1559c1ac49795a30881a,69cfb2bf8bc181dc1de1e09f0c7477a1a5de7585,elasticnet_corrected_69cfb2bf8bc1_6ed147cd_f83baf57
ElasticNet,5,3,2023-08-03,2023-08-08,14.32,12.653113668102232,-1.6668863318977678,1.6668863318977678,2.778510043467595,1.0,0.5,enet_a1.0_l0.5,submitted_main_linear_features_H5_18col,6ed147cd585e5e8083292683f9be3cf585e97e4d46fa0e3224d24a4e2b42cbbb,f83baf5732ffbf88b9a448a3d9ab9fa270f7495fe44d1559c1ac49795a30881a,69cfb2bf8bc181dc1de1e09f0c7477a1a5de7585,elasticnet_corrected_69cfb2bf8bc1_6ed147cd_f83baf57
ElasticNet,5,3,2023-08-04,2023-08-09,15.96,12.657923679599286,-3.3020763204007153,3.3020763204007153,10.903708025751127,1.0,0.5,enet_a1.0_l0.5,submitted_main_linear_features_H5_18col,6ed147cd585e5e8083292683f9be3cf585e97e4d46fa0e3224d24a4e2b42cbbb,f83baf5732ffbf88b9a448a3d9ab9fa270f7495fe44d1559c1ac49795a30881a,69cfb2bf8bc181dc1de1e09f0c7477a1a5de7585,elasticnet_corrected_69cfb2bf8bc1_6ed147cd_f83baf57
ElasticNet,5,3,2023-08-05,2023-08-10,10.21,12.588347989125044,2.378347989125043,2.378347989125043,5.656539157375136,1.0,0.5,enet_a1.0_l0.5,submitted_main_linear_features_H5_18col,6ed147cd585e5e8083292683f9be3cf585e97e4d46fa0e3224d24a4e2b42cbbb,f83baf5732ffbf88b9a448a3d9ab9fa270f7495fe44d1559c1ac49795a30881a,69cfb2bf8bc181dc1de1e09f0c7477a1a5de7585,elasticnet_corrected_69cfb2bf8bc1_6ed147cd_f83baf57
ElasticNet,5,3,2023-08-06,2023-08-11,9.23,12.702519882020475,3.4725198820204746,3.4725198820204746,12.058394331027491,1.0,0.5,enet_a1.0_l0.5,submitted_main_linear_features_H5_18col,6ed147cd585e5e8083292683f9be3cf585e97e4d46fa0e3224d24a4e2b42cbbb,f83baf5732ffbf88b9a448a3d9ab9fa270f7495fe44d1559c1ac49795a30881a,69cfb2bf8bc181dc1de1e09f0c7477a1a5de7585,elasticnet_corrected_69cfb2bf8bc1_6ed147cd_f83baf57
ElasticNet,5,3,2023-08-07,2023-08-12,13.1,12.72255960067698,-0.3774403993230191,0.3774403993230191,0.14246125504112012,1.0,0.5,enet_a1.0_l0.5,submitted_main_linear_features_H5_18col,6ed147cd585e5e8083292683f9be3cf585e97e4d46fa0e3224d24a4e2b42cbbb,f83baf5732ffbf88b9a448a3d9ab9fa270f7495fe44d1559c1ac49795a30881a,69cfb2bf8bc181dc1de1e09f0c7477a1a5de7585,elasticnet_corrected_69cfb2bf8bc1_6ed147cd_f83baf57
ElasticNet,5,3,2023-08-08,2023-08-13,12.5,12.745334673517352,0.24533467351735183,0.24533467351735183,0.06018910202986561,1.0,0.5,enet_a1.0_l0.5,submitted_main_linear_features_H5_18col,6ed147cd585e5e8083292683f9be3cf585e97e4d46fa0e3224d24a4e2b42cbbb,f83baf5732ffbf88b9a448a3d9ab9fa270f7495fe44d1559c1ac49795a30881a,69cfb2bf8bc181dc1de1e09f0c7477a1a5de7585,elasticnet_corrected_69cfb2bf8bc1_6ed147cd_f83baf57
ElasticNet,5,3,2023-08-09,2023-08-14,13.28,12.70905968067238,-0.5709403193276188,0.5709403193276188,0.3259728482339233,1.0,0.5,enet_a1.0_l0.5,submitted_main_linear_features_H5_18col,6ed147cd585e5e8083292683f9be3cf585e97e4d46fa0e3224d24a4e2b42cbbb,f83baf5732ffbf88b9a448a3d9ab9fa270f7495fe44d1559c1ac49795a30881a,69cfb2bf8bc181dc1de1e09f0c7477a1a5de7585,elasticnet_corrected_69cfb2bf8bc1_6ed147cd_f83baf57
ElasticNet,5,3,2023-08-10,2023-08-15,11.7,12.773613031249257,1.0736130312492573,1.0736130312492573,1.152644940868219,1.0,0.5,enet_a1.0_l0.5,submitted_main_linear_features_H5_18col,6ed147cd585e5e8083292683f9be3cf585e97e4d46fa0e3224d24a4e2b42cbbb,f83baf5732ffbf88b9a448a3d9ab9fa270f7495fe44d1559c1ac49795a30881a,69cfb2bf8bc181dc1de1e09f0c7477a1a5de7585,elasticnet_corrected_69cfb2bf8bc1_6ed147cd_f83baf57
ElasticNet,5,3,2023-08-11,2023-08-16,13.8,12.462096182579137,-1.3379038174208642,1.3379038174208642,1.789986624669321,1.0,0.5,enet_a1.0_l0.5,submitted_main_linear_features_H5_18col,6ed147cd585e5e8083292683f9be3cf585e97e4d46fa0e3224d24a4e2b42cbbb,f83baf5732ffbf88b9a448a3d9ab9fa270f7495fe44d1559c1ac49795a30881a,69cfb2bf8bc181dc1de1e09f0c7477a1a5de7585,elasticnet_corrected_69cfb2bf8bc1_6ed147cd_f83baf57
ElasticNet,5,3,2023-08-12,2023-08-17,12.3,12.371489583120303,0.07148958312030196,0.07148958312030196,0.0051107604947145625,1.0,0.5,enet_a1.0_l0.5,submitted_main_linear_features_H5_18col,6ed147cd585e5e8083292683f9be3cf585e97e4d46fa0e3224d24a4e2b42cbbb,f83baf5732ffbf88b9a448a3d9ab9fa270f7495fe44d1559c1ac49795a30881a,69cfb2bf8bc181dc1de1e09f0c7477a1a5de7585,elasticnet_corrected_69cfb2bf8bc1_6ed147cd_f83baf57
ElasticNet,5,3,2023-08-13,2023-08-18,15.82,12.515689673430517,-3.3043103265694835,3.3043103265694835,10.918466734273727,1.0,0.5,enet_a1.0_l0.5,submitted_main_linear_features_H5_18col,6ed147cd585e5e8083292683f9be3cf585e97e4d46fa0e3224d24a4e2b42cbbb,f83baf5732ffbf88b9a448a3d9ab9fa270f7495fe44d1559c1ac49795a30881a,69cfb2bf8bc181dc1de1e09f0c7477a1a5de7585,elasticnet_corrected_69cfb2bf8bc1_6ed147cd_f83baf57
ElasticNet,5,3,2023-08-14,2023-08-19,11.88,12.458241249066106,0.5782412490661049,0.5782412490661049,0.3343629421215291,1.0,0.5,enet_a1.0_l0.5,submitted_main_linear_features_H5_18col,6ed147cd585e5e8083292683f9be3cf585e97e4d46fa0e3224d24a4e2b42cbbb,f83baf5732ffbf88b9a448a3d9ab9fa270f7495fe44d1559c1ac49795a30881a,69cfb2bf8bc181dc1de1e09f0c7477a1a5de7585,elasticnet_corrected_69cfb2bf8bc1_6ed147cd_f83baf57
ElasticNet,5,3,2023-08-15,2023-08-20,11.33,12.472020704454312,1.1420207044543123,1.1420207044543123,1.3042112894023237,1.0,0.5,enet_a1.0_l0.5,submitted_main_linear_features_H5_18col,6ed147cd585e5e8083292683f9be3cf585e97e4d46fa0e3224d24a4e2b42cbbb,f83baf5732ffbf88b9a448a3d9ab9fa270f7495fe44d1559c1ac49795a30881a,69cfb2bf8bc181dc1de1e09f0c7477a1a5de7585,elasticnet_corrected_69cfb2bf8bc1_6ed147cd_f83baf57
ElasticNet,5,3,2023-08-16,2023-08-21,12.73,12.377302947761542,-0.35269705223845804,0.35269705223845804,0.1243952106576976,1.0,0.5,enet_a1.0_l0.5,submitted_main_linear_features_H5_18col,6ed147cd585e5e8083292683f9be3cf585e97e4d46fa0e3224d24a4e2b42cbbb,f83baf5732ffbf88b9a448a3d9ab9fa270f7495fe44d1559c1ac49795a30881a,69cfb2bf8bc181dc1de1e09f0c7477a1a5de7585,elasticnet_corrected_69cfb2bf8bc1_6ed147cd_f83baf57
ElasticNet,5,3,2023-08-17,2023-08-22,13.76,12.449898187433242,-1.3101018125667583,1.3101018125667583,1.7163667592907055,1.0,0.5,enet_a1.0_l0.5,submitted_main_linear_features_H5_18col,6ed147cd585e5e8083292683f9be3cf585e97e4d46fa0e3224d24a4e2b42cbbb,f83baf5732ffbf88b9a448a3d9ab9fa270f7495fe44d1559c1ac49795a30881a,69cfb2bf8bc181dc1de1e09f0c7477a1a5de7585,elasticnet_corrected_69cfb2bf8bc1_6ed147cd_f83baf57
ElasticNet,5,3,2023-08-18,2023-08-23,16.6,12.40476899192678,-4.195231008073222,4.195231008073222,17.599963211099062,1.0,0.5,enet_a1.0_l0.5,submitted_main_linear_features_H5_18col,6ed147cd585e5e8083292683f9be3cf585e97e4d46fa0e3224d24a4e2b42cbbb,f83baf5732ffbf88b9a448a3d9ab9fa270f7495fe44d1559c1ac49795a30881a,69cfb2bf8bc181dc1de1e09f0c7477a1a5de7585,elasticnet_corrected_69cfb2bf8bc1_6ed147cd_f83baf57
ElasticNet,5,3,2023-08-19,2023-08-24,14.54,12.625709882415887,-1.9142901175841125,1.9142901175841125,3.664506654280195,1.0,0.5,enet_a1.0_l0.5,submitted_main_linear_features_H5_18col,6ed147cd585e5e8083292683f9be3cf585e97e4d46fa0e3224d24a4e2b42cbbb,f83baf5732ffbf88b9a448a3d9ab9fa270f7495fe44d1559c1ac49795a30881a,69cfb2bf8bc181dc1de1e09f0c7477a1a5de7585,elasticnet_corrected_69cfb2bf8bc1_6ed147cd_f83baf57
ElasticNet,5,3,2023-08-20,2023-08-25,10.69,12.440317888449789,1.7503178884497892,1.7503178884497892,3.0636127106273285,1.0,0.5,enet_a1.0_l0.5,submitted_main_linear_features_H5_18col,6ed147cd585e5e8083292683f9be3cf585e97e4d46fa0e3224d24a4e2b42cbbb,f83baf5732ffbf88b9a448a3d9ab9fa270f7495fe44d1559c1ac49795a30881a,69cfb2bf8bc181dc1de1e09f0c7477a1a5de7585,elasticnet_corrected_69cfb2bf8bc1_6ed147cd_f83baf57
ElasticNet,5,3,2023-08-21,2023-08-26,14.03,12.405402043997832,-1.6245979560021677,1.6245979560021677,2.639318518646421,1.0,0.5,enet_a1.0_l0.5,submitted_main_linear_features_H5_18col,6ed147cd585e5e8083292683f9be3cf585e97e4d46fa0e3224d24a4e2b42cbbb,f83baf5732ffbf88b9a448a3d9ab9fa270f7495fe44d1559c1ac49795a30881a,69cfb2bf8bc181dc1de1e09f0c7477a1a5de7585,elasticnet_corrected_69cfb2bf8bc1_6ed147cd_f83baf57
ElasticNet,5,3,2023-08-22,2023-08-27,14.14,12.462825527241286,-1.6771744727587148,1.6771744727587148,2.812914212073473,1.0,0.5,enet_a1.0_l0.5,submitted_main_linear_features_H5_18col,6ed147cd585e5e8083292683f9be3cf585e97e4d46fa0e3224d24a4e2b42cbbb,f83baf5732ffbf88b9a448a3d9ab9fa270f7495fe44d1559c1ac49795a30881a,69cfb2bf8bc181dc1de1e09f0c7477a1a5de7585,elasticnet_corrected_69cfb2bf8bc1_6ed147cd_f83baf57
ElasticNet,5,3,2023-08-23,2023-08-28,14.38,12.52939503093336,-1.8506049690666408,1.8506049690666408,3.4247387515341425,1.0,0.5,enet_a1.0_l0.5,submitted_main_linear_features_H5_18col,6ed147cd585e5e8083292683f9be3cf585e97e4d46fa0e3224d24a4e2b42cbbb,f83baf5732ffbf88b9a448a3d9ab9fa270f7495fe44d1559c1ac49795a30881a,69cfb2bf8bc181dc1de1e09f0c7477a1a5de7585,elasticnet_corrected_69cfb2bf8bc1_6ed147cd_f83baf57
ElasticNet,5,3,2023-08-24,2023-08-29,17.3,12.683282236323699,-4.616717763676302,4.616717763676302,21.314082909444316,1.0,0.5,enet_a1.0_l0.5,submitted_main_linear_features_H5_18col,6ed147cd585e5e8083292683f9be3cf585e97e4d46fa0e3224d24a4e2b42cbbb,f83baf5732ffbf88b9a448a3d9ab9fa270f7495fe44d1559c1ac49795a30881a,69cfb2bf8bc181dc1de1e09f0c7477a1a5de7585,elasticnet_corrected_69cfb2bf8bc1_6ed147cd_f83baf57
ElasticNet,5,3,2023-08-25,2023-08-30,17.08,12.614931509244139,-4.4650684907558595,4.4650684907558595,19.93683662714081,1.0,0.5,enet_a1.0_l0.5,submitted_main_linear_features_H5_18col,6ed147cd585e5e8083292683f9be3cf585e97e4d46fa0e3224d24a4e2b42cbbb,f83baf5732ffbf88b9a448a3d9ab9fa270f7495fe44d1559c1ac49795a30881a,69cfb2bf8bc181dc1de1e09f0c7477a1a5de7585,elasticnet_corrected_69cfb2bf8bc1_6ed147cd_f83baf57
ElasticNet,5,3,2023-08-26,2023-08-31,15.88,12.395388553605555,-3.484611446394446,3.484611446394446,12.142516932343193,1.0,0.5,enet_a1.0_l0.5,submitted_main_linear_features_H5_18col,6ed147cd585e5e8083292683f9be3cf585e97e4d46fa0e3224d24a4e2b42cbbb,f83baf5732ffbf88b9a448a3d9ab9fa270f7495fe44d1559c1ac49795a30881a,69cfb2bf8bc181dc1de1e09f0c7477a1a5de7585,elasticnet_corrected_69cfb2bf8bc1_6ed147cd_f83baf57
ElasticNet,5,3,2023-08-27,2023-09-01,13.38,12.565079045647398,-0.814920954352603,0.814920954352603,0.6640961618429573,1.0,0.5,enet_a1.0_l0.5,submitted_main_linear_features_H5_18col,6ed147cd585e5e8083292683f9be3cf585e97e4d46fa0e3224d24a4e2b42cbbb,f83baf5732ffbf88b9a448a3d9ab9fa270f7495fe44d1559c1ac49795a30881a,69cfb2bf8bc181dc1de1e09f0c7477a1a5de7585,elasticnet_corrected_69cfb2bf8bc1_6ed147cd_f83baf57
ElasticNet,5,3,2023-08-28,2023-09-02,12.42,12.598333024032117,0.17833302403211704,0.17833302403211704,0.03180266746043963,1.0,0.5,enet_a1.0_l0.5,submitted_main_linear_features_H5_18col,6ed147cd585e5e8083292683f9be3cf585e97e4d46fa0e3224d24a4e2b42cbbb,f83baf5732ffbf88b9a448a3d9ab9fa270f7495fe44d1559c1ac49795a30881a,69cfb2bf8bc181dc1de1e09f0c7477a1a5de7585,elasticnet_corrected_69cfb2bf8bc1_6ed147cd_f83baf57
ElasticNet,5,3,2023-08-29,2023-09-03,12.66,12.626014345060472,-0.033985654939527876,0.033985654939527876,0.0011550247416686555,1.0,0.5,enet_a1.0_l0.5,submitted_main_linear_features_H5_18col,6ed147cd585e5e8083292683f9be3cf585e97e4d46fa0e3224d24a4e2b42cbbb,f83baf5732ffbf88b9a448a3d9ab9fa270f7495fe44d1559c1ac49795a30881a,69cfb2bf8bc181dc1de1e09f0c7477a1a5de7585,elasticnet_corrected_69cfb2bf8bc1_6ed147cd_f83baf57
ElasticNet,5,3,2023-08-30,2023-09-04,14.93,12.790737695418507,-2.139262304581493,2.139262304581493,4.576443207803321,1.0,0.5,enet_a1.0_l0.5,submitted_main_linear_features_H5_18col,6ed147cd585e5e8083292683f9be3cf585e97e4d46fa0e3224d24a4e2b42cbbb,f83baf5732ffbf88b9a448a3d9ab9fa270f7495fe44d1559c1ac49795a30881a,69cfb2bf8bc181dc1de1e09f0c7477a1a5de7585,elasticnet_corrected_69cfb2bf8bc1_6ed147cd_f83baf57
ElasticNet,5,3,2023-08-31,2023-09-05,11.88,12.786656628015884,0.9066566280158828,0.9066566280158828,0.8220262411251308,1.0,0.5,enet_a1.0_l0.5,submitted_main_linear_features_H5_18col,6ed147cd585e5e8083292683f9be3cf585e97e4d46fa0e3224d24a4e2b42cbbb,f83baf5732ffbf88b9a448a3d9ab9fa270f7495fe44d1559c1ac49795a30881a,69cfb2bf8bc181dc1de1e09f0c7477a1a5de7585,elasticnet_corrected_69cfb2bf8bc1_6ed147cd_f83baf57
ElasticNet,5,3,2023-09-01,2023-09-06,12.06,12.747632986044184,0.6876329860441839,0.6876329860441839,0.4728391234960408,1.0,0.5,enet_a1.0_l0.5,submitted_main_linear_features_H5_18col,6ed147cd585e5e8083292683f9be3cf585e97e4d46fa0e3224d24a4e2b42cbbb,f83baf5732ffbf88b9a448a3d9ab9fa270f7495fe44d1559c1ac49795a30881a,69cfb2bf8bc181dc1de1e09f0c7477a1a5de7585,elasticnet_corrected_69cfb2bf8bc1_6ed147cd_f83baf57
ElasticNet,5,3,2023-09-02,2023-09-07,13.74,12.664297430919873,-1.0757025690801267,1.0757025690801267,1.157136017125585,1.0,0.5,enet_a1.0_l0.5,submitted_main_linear_features_H5_18col,6ed147cd585e5e8083292683f9be3cf585e97e4d46fa0e3224d24a4e2b42cbbb,f83baf5732ffbf88b9a448a3d9ab9fa270f7495fe44d1559c1ac49795a30881a,69cfb2bf8bc181dc1de1e09f0c7477a1a5de7585,elasticnet_corrected_69cfb2bf8bc1_6ed147cd_f83baf57
ElasticNet,5,3,2023-09-03,2023-09-08,14.08,12.607085283777742,-1.4729147162222578,1.4729147162222578,2.169477761264094,1.0,0.5,enet_a1.0_l0.5,submitted_main_linear_features_H5_18col,6ed147cd585e5e8083292683f9be3cf585e97e4d46fa0e3224d24a4e2b42cbbb,f83baf5732ffbf88b9a448a3d9ab9fa270f7495fe44d1559c1ac49795a30881a,69cfb2bf8bc181dc1de1e09f0c7477a1a5de7585,elasticnet_corrected_69cfb2bf8bc1_6ed147cd_f83baf57
ElasticNet,5,3,2023-09-04,2023-09-09,12.62,12.604240749270074,-0.0157592507299249,0.0157592507299249,0.0002483539835686385,1.0,0.5,enet_a1.0_l0.5,submitted_main_linear_features_H5_18col,6ed147cd585e5e8083292683f9be3cf585e97e4d46fa0e3224d24a4e2b42cbbb,f83baf5732ffbf88b9a448a3d9ab9fa270f7495fe44d1559c1ac49795a30881a,69cfb2bf8bc181dc1de1e09f0c7477a1a5de7585,elasticnet_corrected_69cfb2bf8bc1_6ed147cd_f83baf57
ElasticNet,5,3,2023-09-05,2023-09-10,13.06,12.711048234263004,-0.34895176573699693,0.34895176573699693,0.12176733481096799,1.0,0.5,enet_a1.0_l0.5,submitted_main_linear_features_H5_18col,6ed147cd585e5e8083292683f9be3cf585e97e4d46fa0e3224d24a4e2b42cbbb,f83baf5732ffbf88b9a448a3d9ab9fa270f7495fe44d1559c1ac49795a30881a,69cfb2bf8bc181dc1de1e09f0c7477a1a5de7585,elasticnet_corrected_69cfb2bf8bc1_6ed147cd_f83baf57
ElasticNet,5,3,2023-09-06,2023-09-11,12.67,12.524171485147793,-0.14582851485220694,0.14582851485220694,0.02126595574400034,1.0,0.5,enet_a1.0_l0.5,submitted_main_linear_features_H5_18col,6ed147cd585e5e8083292683f9be3cf585e97e4d46fa0e3224d24a4e2b42cbbb,f83baf5732ffbf88b9a448a3d9ab9fa270f7495fe44d1559c1ac49795a30881a,69cfb2bf8bc181dc1de1e09f0c7477a1a5de7585,elasticnet_corrected_69cfb2bf8bc1_6ed147cd_f83baf57
ElasticNet,5,3,2023-09-07,2023-09-12,15.7,12.484107613304776,-3.2158923866952236,3.2158923866952236,10.3419638428043,1.0,0.5,enet_a1.0_l0.5,submitted_main_linear_features_H5_18col,6ed147cd585e5e8083292683f9be3cf585e97e4d46fa0e3224d24a4e2b42cbbb,f83baf5732ffbf88b9a448a3d9ab9fa270f7495fe44d1559c1ac49795a30881a,69cfb2bf8bc181dc1de1e09f0c7477a1a5de7585,elasticnet_corrected_69cfb2bf8bc1_6ed147cd_f83baf57
ElasticNet,5,3,2023-09-08,2023-09-13,14.26,12.538552946975665,-1.7214470530243347,1.7214470530243347,2.9633799563661665,1.0,0.5,enet_a1.0_l0.5,submitted_main_linear_features_H5_18col,6ed147cd585e5e8083292683f9be3cf585e97e4d46fa0e3224d24a4e2b42cbbb,f83baf5732ffbf88b9a448a3d9ab9fa270f7495fe44d1559c1ac49795a30881a,69cfb2bf8bc181dc1de1e09f0c7477a1a5de7585,elasticnet_corrected_69cfb2bf8bc1_6ed147cd_f83baf57
ElasticNet,5,3,2023-09-09,2023-09-14,12.28,12.561473689625291,0.28147368962529207,0.28147368962529207,0.07922743795127525,1.0,0.5,enet_a1.0_l0.5,submitted_main_linear_features_H5_18col,6ed147cd585e5e8083292683f9be3cf585e97e4d46fa0e3224d24a4e2b42cbbb,f83baf5732ffbf88b9a448a3d9ab9fa270f7495fe44d1559c1ac49795a30881a,69cfb2bf8bc181dc1de1e09f0c7477a1a5de7585,elasticnet_corrected_69cfb2bf8bc1_6ed147cd_f83baf57
ElasticNet,5,3,2023-09-10,2023-09-15,12.04,12.499883302175576,0.4598833021755766,0.4598833021755766,0.2114926516199127,1.0,0.5,enet_a1.0_l0.5,submitted_main_linear_features_H5_18col,6ed147cd585e5e8083292683f9be3cf585e97e4d46fa0e3224d24a4e2b42cbbb,f83baf5732ffbf88b9a448a3d9ab9fa270f7495fe44d1559c1ac49795a30881a,69cfb2bf8bc181dc1de1e09f0c7477a1a5de7585,elasticnet_corrected_69cfb2bf8bc1_6ed147cd_f83baf57
ElasticNet,5,3,2023-09-11,2023-09-16,9.19,12.524310645856655,3.3343106458566556,3.3343106458566556,11.117627483073028,1.0,0.5,enet_a1.0_l0.5,submitted_main_linear_features_H5_18col,6ed147cd585e5e8083292683f9be3cf585e97e4d46fa0e3224d24a4e2b42cbbb,f83baf5732ffbf88b9a448a3d9ab9fa270f7495fe44d1559c1ac49795a30881a,69cfb2bf8bc181dc1de1e09f0c7477a1a5de7585,elasticnet_corrected_69cfb2bf8bc1_6ed147cd_f83baf57
ElasticNet,5,3,2023-09-12,2023-09-17,10.2,12.486033697306404,2.2860336973064044,2.2860336973064044,5.225950065220389,1.0,0.5,enet_a1.0_l0.5,submitted_main_linear_features_H5_18col,6ed147cd585e5e8083292683f9be3cf585e97e4d46fa0e3224d24a4e2b42cbbb,f83baf5732ffbf88b9a448a3d9ab9fa270f7495fe44d1559c1ac49795a30881a,69cfb2bf8bc181dc1de1e09f0c7477a1a5de7585,elasticnet_corrected_69cfb2bf8bc1_6ed147cd_f83baf57
ElasticNet,5,3,2023-09-13,2023-09-18,7.15,12.658473613478462,5.508473613478461,5.508473613478461,30.343281550388458,1.0,0.5,enet_a1.0_l0.5,submitted_main_linear_features_H5_18col,6ed147cd585e5e8083292683f9be3cf585e97e4d46fa0e3224d24a4e2b42cbbb,f83baf5732ffbf88b9a448a3d9ab9fa270f7495fe44d1559c1ac49795a30881a,69cfb2bf8bc181dc1de1e09f0c7477a1a5de7585,elasticnet_corrected_69cfb2bf8bc1_6ed147cd_f83baf57
ElasticNet,5,3,2023-09-14,2023-09-19,12.17,12.617335671804966,0.44733567180496614,0.44733567180496614,0.20010920326920037,1.0,0.5,enet_a1.0_l0.5,submitted_main_linear_features_H5_18col,6ed147cd585e5e8083292683f9be3cf585e97e4d46fa0e3224d24a4e2b42cbbb,f83baf5732ffbf88b9a448a3d9ab9fa270f7495fe44d1559c1ac49795a30881a,69cfb2bf8bc181dc1de1e09f0c7477a1a5de7585,elasticnet_corrected_69cfb2bf8bc1_6ed147cd_f83baf57
ElasticNet,5,3,2023-09-15,2023-09-20,11.05,12.516551042169867,1.4665510421698666,1.4665510421698666,2.150771959289522,1.0,0.5,enet_a1.0_l0.5,submitted_main_linear_features_H5_18col,6ed147cd585e5e8083292683f9be3cf585e97e4d46fa0e3224d24a4e2b42cbbb,f83baf5732ffbf88b9a448a3d9ab9fa270f7495fe44d1559c1ac49795a30881a,69cfb2bf8bc181dc1de1e09f0c7477a1a5de7585,elasticnet_corrected_69cfb2bf8bc1_6ed147cd_f83baf57
ElasticNet,5,3,2023-09-16,2023-09-21,11.64,12.487082606372613,0.8470826063726129,0.8470826063726129,0.7175489420190191,1.0,0.5,enet_a1.0_l0.5,submitted_main_linear_features_H5_18col,6ed147cd585e5e8083292683f9be3cf585e97e4d46fa0e3224d24a4e2b42cbbb,f83baf5732ffbf88b9a448a3d9ab9fa270f7495fe44d1559c1ac49795a30881a,69cfb2bf8bc181dc1de1e09f0c7477a1a5de7585,elasticnet_corrected_69cfb2bf8bc1_6ed147cd_f83baf57
ElasticNet,5,3,2023-09-17,2023-09-22,11.64,12.328569806893295,0.6885698068932946,0.6885698068932946,0.47412837896506904,1.0,0.5,enet_a1.0_l0.5,submitted_main_linear_features_H5_18col,6ed147cd585e5e8083292683f9be3cf585e97e4d46fa0e3224d24a4e2b42cbbb,f83baf5732ffbf88b9a448a3d9ab9fa270f7495fe44d1559c1ac49795a30881a,69cfb2bf8bc181dc1de1e09f0c7477a1a5de7585,elasticnet_corrected_69cfb2bf8bc1_6ed147cd_f83baf57
ElasticNet,5,3,2023-09-18,2023-09-23,10.4,12.34639896906872,1.946398969068719,1.946398969068719,3.7884689467917716,1.0,0.5,enet_a1.0_l0.5,submitted_main_linear_features_H5_18col,6ed147cd585e5e8083292683f9be3cf585e97e4d46fa0e3224d24a4e2b42cbbb,f83baf5732ffbf88b9a448a3d9ab9fa270f7495fe44d1559c1ac49795a30881a,69cfb2bf8bc181dc1de1e09f0c7477a1a5de7585,elasticnet_corrected_69cfb2bf8bc1_6ed147cd_f83baf57
ElasticNet,5,3,2023-09-19,2023-09-24,9.74,12.158625220579736,2.4186252205797363,2.4186252205797363,5.849747957624378,1.0,0.5,enet_a1.0_l0.5,submitted_main_linear_features_H5_18col,6ed147cd585e5e8083292683f9be3cf585e97e4d46fa0e3224d24a4e2b42cbbb,f83baf5732ffbf88b9a448a3d9ab9fa270f7495fe44d1559c1ac49795a30881a,69cfb2bf8bc181dc1de1e09f0c7477a1a5de7585,elasticnet_corrected_69cfb2bf8bc1_6ed147cd_f83baf57
ElasticNet,5,3,2023-09-20,2023-09-25,12.97,12.34731977736111,-0.6226802226388912,0.6226802226388912,0.38773065966561915,1.0,0.5,enet_a1.0_l0.5,submitted_main_linear_features_H5_18col,6ed147cd585e5e8083292683f9be3cf585e97e4d46fa0e3224d24a4e2b42cbbb,f83baf5732ffbf88b9a448a3d9ab9fa270f7495fe44d1559c1ac49795a30881a,69cfb2bf8bc181dc1de1e09f0c7477a1a5de7585,elasticnet_corrected_69cfb2bf8bc1_6ed147cd_f83baf57
ElasticNet,5,3,2023-09-21,2023-09-26,15.56,12.267508854262024,-3.2924911457379764,3.2924911457379764,10.840497944762973,1.0,0.5,enet_a1.0_l0.5,submitted_main_linear_features_H5_18col,6ed147cd585e5e8083292683f9be3cf585e97e4d46fa0e3224d24a4e2b42cbbb,f83baf5732ffbf88b9a448a3d9ab9fa270f7495fe44d1559c1ac49795a30881a,69cfb2bf8bc181dc1de1e09f0c7477a1a5de7585,elasticnet_corrected_69cfb2bf8bc1_6ed147cd_f83baf57
ElasticNet,5,3,2023-09-22,2023-09-27,17.56,12.288464114881155,-5.271535885118844,5.271535885118844,27.789090588095714,1.0,0.5,enet_a1.0_l0.5,submitted_main_linear_features_H5_18col,6ed147cd585e5e8083292683f9be3cf585e97e4d46fa0e3224d24a4e2b42cbbb,f83baf5732ffbf88b9a448a3d9ab9fa270f7495fe44d1559c1ac49795a30881a,69cfb2bf8bc181dc1de1e09f0c7477a1a5de7585,elasticnet_corrected_69cfb2bf8bc1_6ed147cd_f83baf57
ElasticNet,5,3,2023-09-23,2023-09-28,16.58,12.285665591013233,-4.294334408986765,4.294334408986765,18.441308016207714,1.0,0.5,enet_a1.0_l0.5,submitted_main_linear_features_H5_18col,6ed147cd585e5e8083292683f9be3cf585e97e4d46fa0e3224d24a4e2b42cbbb,f83baf5732ffbf88b9a448a3d9ab9fa270f7495fe44d1559c1ac49795a30881a,69cfb2bf8bc181dc1de1e09f0c7477a1a5de7585,elasticnet_corrected_69cfb2bf8bc1_6ed147cd_f83baf57
ElasticNet,5,3,2023-09-24,2023-09-29,16.36,12.243743199286262,-4.116256800713737,4.116256800713737,16.94357004942209,1.0,0.5,enet_a1.0_l0.5,submitted_main_linear_features_H5_18col,6ed147cd585e5e8083292683f9be3cf585e97e4d46fa0e3224d24a4e2b42cbbb,f83baf5732ffbf88b9a448a3d9ab9fa270f7495fe44d1559c1ac49795a30881a,69cfb2bf8bc181dc1de1e09f0c7477a1a5de7585,elasticnet_corrected_69cfb2bf8bc1_6ed147cd_f83baf57
ElasticNet,5,3,2023-09-25,2023-09-30,15.98,12.21116468720623,-3.7688353127937706,3.7688353127937706,14.204119614961318,1.0,0.5,enet_a1.0_l0.5,submitted_main_linear_features_H5_18col,6ed147cd585e5e8083292683f9be3cf585e97e4d46fa0e3224d24a4e2b42cbbb,f83baf5732ffbf88b9a448a3d9ab9fa270f7495fe44d1559c1ac49795a30881a,69cfb2bf8bc181dc1de1e09f0c7477a1a5de7585,elasticnet_corrected_69cfb2bf8bc1_6ed147cd_f83baf57
ElasticNet,5,3,2023-09-26,2023-10-01,10.13,12.4120460359707,2.2820460359706995,2.2820460359706995,5.207734110289583,1.0,0.5,enet_a1.0_l0.5,submitted_main_linear_features_H5_18col,6ed147cd585e5e8083292683f9be3cf585e97e4d46fa0e3224d24a4e2b42cbbb,f83baf5732ffbf88b9a448a3d9ab9fa270f7495fe44d1559c1ac49795a30881a,69cfb2bf8bc181dc1de1e09f0c7477a1a5de7585,elasticnet_corrected_69cfb2bf8bc1_6ed147cd_f83baf57
ElasticNet,5,3,2023-09-27,2023-10-02,10.34,12.560871276250328,2.220871276250328,2.220871276250328,4.932269225673761,1.0,0.5,enet_a1.0_l0.5,submitted_main_linear_features_H5_18col,6ed147cd585e5e8083292683f9be3cf585e97e4d46fa0e3224d24a4e2b42cbbb,f83baf5732ffbf88b9a448a3d9ab9fa270f7495fe44d1559c1ac49795a30881a,69cfb2bf8bc181dc1de1e09f0c7477a1a5de7585,elasticnet_corrected_69cfb2bf8bc1_6ed147cd_f83baf57
ElasticNet,5,3,2023-09-28,2023-10-03,15.53,12.71408201337371,-2.815917986626289,2.815917986626289,7.929394107405453,1.0,0.5,enet_a1.0_l0.5,submitted_main_linear_features_H5_18col,6ed147cd585e5e8083292683f9be3cf585e97e4d46fa0e3224d24a4e2b42cbbb,f83baf5732ffbf88b9a448a3d9ab9fa270f7495fe44d1559c1ac49795a30881a,69cfb2bf8bc181dc1de1e09f0c7477a1a5de7585,elasticnet_corrected_69cfb2bf8bc1_6ed147cd_f83baf57
ElasticNet,5,3,2023-09-29,2023-10-04,17.11,12.720116713181474,-4.389883286818526,4.389883286818526,19.27107527188862,1.0,0.5,enet_a1.0_l0.5,submitted_main_linear_features_H5_18col,6ed147cd585e5e8083292683f9be3cf585e97e4d46fa0e3224d24a4e2b42cbbb,f83baf5732ffbf88b9a448a3d9ab9fa270f7495fe44d1559c1ac49795a30881a,69cfb2bf8bc181dc1de1e09f0c7477a1a5de7585,elasticnet_corrected_69cfb2bf8bc1_6ed147cd_f83baf57
ElasticNet,5,3,2023-09-30,2023-10-05,17.09,12.757625081242994,-4.332374918757006,4.332374918757006,18.769472436674775,1.0,0.5,enet_a1.0_l0.5,submitted_main_linear_features_H5_18col,6ed147cd585e5e8083292683f9be3cf585e97e4d46fa0e3224d24a4e2b42cbbb,f83baf5732ffbf88b9a448a3d9ab9fa270f7495fe44d1559c1ac49795a30881a,69cfb2bf8bc181dc1de1e09f0c7477a1a5de7585,elasticnet_corrected_69cfb2bf8bc1_6ed147cd_f83baf57
ElasticNet,5,3,2023-10-01,2023-10-06,14.6,12.796458496102971,-1.8035415038970282,1.8035415038970282,3.252761956279154,1.0,0.5,enet_a1.0_l0.5,submitted_main_linear_features_H5_18col,6ed147cd585e5e8083292683f9be3cf585e97e4d46fa0e3224d24a4e2b42cbbb,f83baf5732ffbf88b9a448a3d9ab9fa270f7495fe44d1559c1ac49795a30881a,69cfb2bf8bc181dc1de1e09f0c7477a1a5de7585,elasticnet_corrected_69cfb2bf8bc1_6ed147cd_f83baf57
ElasticNet,5,3,2023-10-02,2023-10-07,15.72,12.5425847759636,-3.1774152240364,3.1774152240364,10.095967505938287,1.0,0.5,enet_a1.0_l0.5,submitted_main_linear_features_H5_18col,6ed147cd585e5e8083292683f9be3cf585e97e4d46fa0e3224d24a4e2b42cbbb,f83baf5732ffbf88b9a448a3d9ab9fa270f7495fe44d1559c1ac49795a30881a,69cfb2bf8bc181dc1de1e09f0c7477a1a5de7585,elasticnet_corrected_69cfb2bf8bc1_6ed147cd_f83baf57
ElasticNet,5,3,2023-10-03,2023-10-08,16.32,12.527298440620944,-3.792701559379056,3.792701559379056,14.384585118516323,1.0,0.5,enet_a1.0_l0.5,submitted_main_linear_features_H5_18col,6ed147cd585e5e8083292683f9be3cf585e97e4d46fa0e3224d24a4e2b42cbbb,f83baf5732ffbf88b9a448a3d9ab9fa270f7495fe44d1559c1ac49795a30881a,69cfb2bf8bc181dc1de1e09f0c7477a1a5de7585,elasticnet_corrected_69cfb2bf8bc1_6ed147cd_f83baf57
ElasticNet,5,3,2023-10-04,2023-10-09,13.67,12.757733459728353,-0.9122665402716468,0.9122665402716468,0.8322302404992001,1.0,0.5,enet_a1.0_l0.5,submitted_main_linear_features_H5_18col,6ed147cd585e5e8083292683f9be3cf585e97e4d46fa0e3224d24a4e2b42cbbb,f83baf5732ffbf88b9a448a3d9ab9fa270f7495fe44d1559c1ac49795a30881a,69cfb2bf8bc181dc1de1e09f0c7477a1a5de7585,elasticnet_corrected_69cfb2bf8bc1_6ed147cd_f83baf57
ElasticNet,5,3,2023-10-05,2023-10-10,11.98,12.824355848778294,0.8443558487782941,0.8443558487782941,0.7129367993661134,1.0,0.5,enet_a1.0_l0.5,submitted_main_linear_features_H5_18col,6ed147cd585e5e8083292683f9be3cf585e97e4d46fa0e3224d24a4e2b42cbbb,f83baf5732ffbf88b9a448a3d9ab9fa270f7495fe44d1559c1ac49795a30881a,69cfb2bf8bc181dc1de1e09f0c7477a1a5de7585,elasticnet_corrected_69cfb2bf8bc1_6ed147cd_f83baf57
ElasticNet,5,3,2023-10-06,2023-10-11,10.32,12.829572611822364,2.509572611822364,2.509572611822364,6.29795469400892,1.0,0.5,enet_a1.0_l0.5,submitted_main_linear_features_H5_18col,6ed147cd585e5e8083292683f9be3cf585e97e4d46fa0e3224d24a4e2b42cbbb,f83baf5732ffbf88b9a448a3d9ab9fa270f7495fe44d1559c1ac49795a30881a,69cfb2bf8bc181dc1de1e09f0c7477a1a5de7585,elasticnet_corrected_69cfb2bf8bc1_6ed147cd_f83baf57
ElasticNet,5,3,2023-10-07,2023-10-12,17.41,12.703333462728917,-4.706666537271083,4.706666537271083,22.152709893067367,1.0,0.5,enet_a1.0_l0.5,submitted_main_linear_features_H5_18col,6ed147cd585e5e8083292683f9be3cf585e97e4d46fa0e3224d24a4e2b42cbbb,f83baf5732ffbf88b9a448a3d9ab9fa270f7495fe44d1559c1ac49795a30881a,69cfb2bf8bc181dc1de1e09f0c7477a1a5de7585,elasticnet_corrected_69cfb2bf8bc1_6ed147cd_f83baf57
ElasticNet,5,3,2023-10-08,2023-10-13,17.69,12.751456767716899,-4.938543232283102,4.938543232283102,24.38920925712923,1.0,0.5,enet_a1.0_l0.5,submitted_main_linear_features_H5_18col,6ed147cd585e5e8083292683f9be3cf585e97e4d46fa0e3224d24a4e2b42cbbb,f83baf5732ffbf88b9a448a3d9ab9fa270f7495fe44d1559c1ac49795a30881a,69cfb2bf8bc181dc1de1e09f0c7477a1a5de7585,elasticnet_corrected_69cfb2bf8bc1_6ed147cd_f83baf57
ElasticNet,5,3,2023-10-09,2023-10-14,16.43,12.83959670143408,-3.590403298565919,3.590403298565919,12.89099584635303,1.0,0.5,enet_a1.0_l0.5,submitted_main_linear_features_H5_18col,6ed147cd585e5e8083292683f9be3cf585e97e4d46fa0e3224d24a4e2b42cbbb,f83baf5732ffbf88b9a448a3d9ab9fa270f7495fe44d1559c1ac49795a30881a,69cfb2bf8bc181dc1de1e09f0c7477a1a5de7585,elasticnet_corrected_69cfb2bf8bc1_6ed147cd_f83baf57
ElasticNet,5,3,2023-10-10,2023-10-15,16.92,12.75600726437405,-4.163992735625952,4.163992735625952,17.338835502345695,1.0,0.5,enet_a1.0_l0.5,submitted_main_linear_features_H5_18col,6ed147cd585e5e8083292683f9be3cf585e97e4d46fa0e3224d24a4e2b42cbbb,f83baf5732ffbf88b9a448a3d9ab9fa270f7495fe44d1559c1ac49795a30881a,69cfb2bf8bc181dc1de1e09f0c7477a1a5de7585,elasticnet_corrected_69cfb2bf8bc1_6ed147cd_f83baf57
ElasticNet,5,3,2023-10-11,2023-10-16,16.98,12.647660028586094,-4.332339971413907,4.332339971413907,18.76916962791065,1.0,0.5,enet_a1.0_l0.5,submitted_main_linear_features_H5_18col,6ed147cd585e5e8083292683f9be3cf585e97e4d46fa0e3224d24a4e2b42cbbb,f83baf5732ffbf88b9a448a3d9ab9fa270f7495fe44d1559c1ac49795a30881a,69cfb2bf8bc181dc1de1e09f0c7477a1a5de7585,elasticnet_corrected_69cfb2bf8bc1_6ed147cd_f83baf57
ElasticNet,5,3,2023-10-12,2023-10-17,16.64,12.508978133645417,-4.131021866354583,4.131021866354583,17.065341660299705,1.0,0.5,enet_a1.0_l0.5,submitted_main_linear_features_H5_18col,6ed147cd585e5e8083292683f9be3cf585e97e4d46fa0e3224d24a4e2b42cbbb,f83baf5732ffbf88b9a448a3d9ab9fa270f7495fe44d1559c1ac49795a30881a,69cfb2bf8bc181dc1de1e09f0c7477a1a5de7585,elasticnet_corrected_69cfb2bf8bc1_6ed147cd_f83baf57
ElasticNet,5,3,2023-10-13,2023-10-18,16.4,12.82686873005946,-3.5731312699405393,3.5731312699405393,12.767267072226892,1.0,0.5,enet_a1.0_l0.5,submitted_main_linear_features_H5_18col,6ed147cd585e5e8083292683f9be3cf585e97e4d46fa0e3224d24a4e2b42cbbb,f83baf5732ffbf88b9a448a3d9ab9fa270f7495fe44d1559c1ac49795a30881a,69cfb2bf8bc181dc1de1e09f0c7477a1a5de7585,elasticnet_corrected_69cfb2bf8bc1_6ed147cd_f83baf57
ElasticNet,5,3,2023-10-14,2023-10-19,16.8,12.870544548563167,-3.9294554514368336,3.9294554514368336,15.44062014482665,1.0,0.5,enet_a1.0_l0.5,submitted_main_linear_features_H5_18col,6ed147cd585e5e8083292683f9be3cf585e97e4d46fa0e3224d24a4e2b42cbbb,f83baf5732ffbf88b9a448a3d9ab9fa270f7495fe44d1559c1ac49795a30881a,69cfb2bf8bc181dc1de1e09f0c7477a1a5de7585,elasticnet_corrected_69cfb2bf8bc1_6ed147cd_f83baf57
ElasticNet,5,3,2023-10-15,2023-10-20,17.82,12.82283054864306,-4.997169451356941,4.997169451356941,24.971702525575026,1.0,0.5,enet_a1.0_l0.5,submitted_main_linear_features_H5_18col,6ed147cd585e5e8083292683f9be3cf585e97e4d46fa0e3224d24a4e2b42cbbb,f83baf5732ffbf88b9a448a3d9ab9fa270f7495fe44d1559c1ac49795a30881a,69cfb2bf8bc181dc1de1e09f0c7477a1a5de7585,elasticnet_corrected_69cfb2bf8bc1_6ed147cd_f83baf57
ElasticNet,5,3,2023-10-16,2023-10-21,16.32,12.851457742864625,-3.4685422571353755,3.4685422571353755,12.030785389533765,1.0,0.5,enet_a1.0_l0.5,submitted_main_linear_features_H5_18col,6ed147cd585e5e8083292683f9be3cf585e97e4d46fa0e3224d24a4e2b42cbbb,f83baf5732ffbf88b9a448a3d9ab9fa270f7495fe44d1559c1ac49795a30881a,69cfb2bf8bc181dc1de1e09f0c7477a1a5de7585,elasticnet_corrected_69cfb2bf8bc1_6ed147cd_f83baf57
ElasticNet,5,3,2023-10-17,2023-10-22,13.3,12.887536468524265,-0.4124635314757352,0.4124635314757352,0.1701261647974348,1.0,0.5,enet_a1.0_l0.5,submitted_main_linear_features_H5_18col,6ed147cd585e5e8083292683f9be3cf585e97e4d46fa0e3224d24a4e2b42cbbb,f83baf5732ffbf88b9a448a3d9ab9fa270f7495fe44d1559c1ac49795a30881a,69cfb2bf8bc181dc1de1e09f0c7477a1a5de7585,elasticnet_corrected_69cfb2bf8bc1_6ed147cd_f83baf57
ElasticNet,5,3,2023-10-18,2023-10-23,15.79,12.91910484386979,-2.8708951561302083,2.8708951561302083,8.242038997491893,1.0,0.5,enet_a1.0_l0.5,submitted_main_linear_features_H5_18col,6ed147cd585e5e8083292683f9be3cf585e97e4d46fa0e3224d24a4e2b42cbbb,f83baf5732ffbf88b9a448a3d9ab9fa270f7495fe44d1559c1ac49795a30881a,69cfb2bf8bc181dc1de1e09f0c7477a1a5de7585,elasticnet_corrected_69cfb2bf8bc1_6ed147cd_f83baf57
ElasticNet,5,3,2023-10-19,2023-10-24,15.18,12.96896671526185,-2.21103328473815,2.21103328473815,4.888668186219973,1.0,0.5,enet_a1.0_l0.5,submitted_main_linear_features_H5_18col,6ed147cd585e5e8083292683f9be3cf585e97e4d46fa0e3224d24a4e2b42cbbb,f83baf5732ffbf88b9a448a3d9ab9fa270f7495fe44d1559c1ac49795a30881a,69cfb2bf8bc181dc1de1e09f0c7477a1a5de7585,elasticnet_corrected_69cfb2bf8bc1_6ed147cd_f83baf57
ElasticNet,5,3,2023-10-20,2023-10-25,17.23,12.98176748624994,-4.248232513750061,4.248232513750061,18.047479490883163,1.0,0.5,enet_a1.0_l0.5,submitted_main_linear_features_H5_18col,6ed147cd585e5e8083292683f9be3cf585e97e4d46fa0e3224d24a4e2b42cbbb,f83baf5732ffbf88b9a448a3d9ab9fa270f7495fe44d1559c1ac49795a30881a,69cfb2bf8bc181dc1de1e09f0c7477a1a5de7585,elasticnet_corrected_69cfb2bf8bc1_6ed147cd_f83baf57
ElasticNet,5,3,2023-10-21,2023-10-26,17.98,13.029221726212514,-4.950778273787487,4.950778273787487,24.510205516206206,1.0,0.5,enet_a1.0_l0.5,submitted_main_linear_features_H5_18col,6ed147cd585e5e8083292683f9be3cf585e97e4d46fa0e3224d24a4e2b42cbbb,f83baf5732ffbf88b9a448a3d9ab9fa270f7495fe44d1559c1ac49795a30881a,69cfb2bf8bc181dc1de1e09f0c7477a1a5de7585,elasticnet_corrected_69cfb2bf8bc1_6ed147cd_f83baf57
ElasticNet,5,3,2023-10-22,2023-10-27,16.37,12.96283863323843,-3.4071613667615708,3.4071613667615708,11.608748579152575,1.0,0.5,enet_a1.0_l0.5,submitted_main_linear_features_H5_18col,6ed147cd585e5e8083292683f9be3cf585e97e4d46fa0e3224d24a4e2b42cbbb,f83baf5732ffbf88b9a448a3d9ab9fa270f7495fe44d1559c1ac49795a30881a,69cfb2bf8bc181dc1de1e09f0c7477a1a5de7585,elasticnet_corrected_69cfb2bf8bc1_6ed147cd_f83baf57
ElasticNet,5,3,2023-10-23,2023-10-28,16.44,12.794906582522193,-3.645093417477808,3.645093417477808,13.286706022140045,1.0,0.5,enet_a1.0_l0.5,submitted_main_linear_features_H5_18col,6ed147cd585e5e8083292683f9be3cf585e97e4d46fa0e3224d24a4e2b42cbbb,f83baf5732ffbf88b9a448a3d9ab9fa270f7495fe44d1559c1ac49795a30881a,69cfb2bf8bc181dc1de1e09f0c7477a1a5de7585,elasticnet_corrected_69cfb2bf8bc1_6ed147cd_f83baf57
ElasticNet,5,3,2023-10-24,2023-10-29,14.12,12.894475720226858,-1.2255242797731416,1.2255242797731416,1.5019097603134774,1.0,0.5,enet_a1.0_l0.5,submitted_main_linear_features_H5_18col,6ed147cd585e5e8083292683f9be3cf585e97e4d46fa0e3224d24a4e2b42cbbb,f83baf5732ffbf88b9a448a3d9ab9fa270f7495fe44d1559c1ac49795a30881a,69cfb2bf8bc181dc1de1e09f0c7477a1a5de7585,elasticnet_corrected_69cfb2bf8bc1_6ed147cd_f83baf57
ElasticNet,5,3,2023-10-25,2023-10-30,15.59,12.854254048895017,-2.735745951104983,2.735745951104983,7.484305908987308,1.0,0.5,enet_a1.0_l0.5,submitted_main_linear_features_H5_18col,6ed147cd585e5e8083292683f9be3cf585e97e4d46fa0e3224d24a4e2b42cbbb,f83baf5732ffbf88b9a448a3d9ab9fa270f7495fe44d1559c1ac49795a30881a,69cfb2bf8bc181dc1de1e09f0c7477a1a5de7585,elasticnet_corrected_69cfb2bf8bc1_6ed147cd_f83baf57
ElasticNet,5,3,2023-10-26,2023-10-31,17.76,12.954079943163354,-4.805920056836648,4.805920056836648,23.09686759270477,1.0,0.5,enet_a1.0_l0.5,submitted_main_linear_features_H5_18col,6ed147cd585e5e8083292683f9be3cf585e97e4d46fa0e3224d24a4e2b42cbbb,f83baf5732ffbf88b9a448a3d9ab9fa270f7495fe44d1559c1ac49795a30881a,69cfb2bf8bc181dc1de1e09f0c7477a1a5de7585,elasticnet_corrected_69cfb2bf8bc1_6ed147cd_f83baf57
