model,horizon,outer_fold,feature_date,target_date,y_true,y_pred,error,absolute_error,squared_error,selected_alpha,feature_set_id,dataset_sha256,split_sha256,git_commit,run_id
Ridge,1,1,2021-09-29,2021-09-30,17.11,14.700473085266141,-2.409526914733858,2.409526914733858,5.805819952826865,10.0,submitted_main_linear_features_H1_18col,6ed147cd585e5e8083292683f9be3cf585e97e4d46fa0e3224d24a4e2b42cbbb,f83baf5732ffbf88b9a448a3d9ab9fa270f7495fe44d1559c1ac49795a30881a,41f184a29ff88aaf275f3365267b8c909ce7598a,ridge_corrected_41f184a29ff8_6ed147cd_f83baf57
Ridge,1,1,2021-09-30,2021-10-01,12.83,13.987857597842678,1.1578575978426784,1.1578575978426784,1.3406342168820176,10.0,submitted_main_linear_features_H1_18col,6ed147cd585e5e8083292683f9be3cf585e97e4d46fa0e3224d24a4e2b42cbbb,f83baf5732ffbf88b9a448a3d9ab9fa270f7495fe44d1559c1ac49795a30881a,41f184a29ff88aaf275f3365267b8c909ce7598a,ridge_corrected_41f184a29ff8_6ed147cd_f83baf57
Ridge,1,1,2021-10-01,2021-10-02,12.78,14.364721729910872,1.5847217299108731,1.5847217299108731,2.51134296125171,10.0,submitted_main_linear_features_H1_18col,6ed147cd585e5e8083292683f9be3cf585e97e4d46fa0e3224d24a4e2b42cbbb,f83baf5732ffbf88b9a448a3d9ab9fa270f7495fe44d1559c1ac49795a30881a,41f184a29ff88aaf275f3365267b8c909ce7598a,ridge_corrected_41f184a29ff8_6ed147cd_f83baf57
Ridge,1,1,2021-10-02,2021-10-03,13.13,14.195851286432823,1.0658512864328227,1.0658512864328227,1.136038964790503,10.0,submitted_main_linear_features_H1_18col,6ed147cd585e5e8083292683f9be3cf585e97e4d46fa0e3224d24a4e2b42cbbb,f83baf5732ffbf88b9a448a3d9ab9fa270f7495fe44d1559c1ac49795a30881a,41f184a29ff88aaf275f3365267b8c909ce7598a,ridge_corrected_41f184a29ff8_6ed147cd_f83baf57
Ridge,1,1,2021-10-03,2021-10-04,15.38,13.957933444339613,-1.422066555660388,1.422066555660388,2.022273288727799,10.0,submitted_main_linear_features_H1_18col,6ed147cd585e5e8083292683f9be3cf585e97e4d46fa0e3224d24a4e2b42cbbb,f83baf5732ffbf88b9a448a3d9ab9fa270f7495fe44d1559c1ac49795a30881a,41f184a29ff88aaf275f3365267b8c909ce7598a,ridge_corrected_41f184a29ff8_6ed147cd_f83baf57
Ridge,1,1,2021-10-04,2021-10-05,15.49,14.213813298608205,-1.2761867013917954,1.2761867013917954,1.6286524968092715,10.0,submitted_main_linear_features_H1_18col,6ed147cd585e5e8083292683f9be3cf585e97e4d46fa0e3224d24a4e2b42cbbb,f83baf5732ffbf88b9a448a3d9ab9fa270f7495fe44d1559c1ac49795a30881a,41f184a29ff88aaf275f3365267b8c909ce7598a,ridge_corrected_41f184a29ff8_6ed147cd_f83baf57
Ridge,1,1,2021-10-05,2021-10-06,16.42,14.954006921812518,-1.4659930781874841,1.4659930781874841,2.149135705293615,10.0,submitted_main_linear_features_H1_18col,6ed147cd585e5e8083292683f9be3cf585e97e4d46fa0e3224d24a4e2b42cbbb,f83baf5732ffbf88b9a448a3d9ab9fa270f7495fe44d1559c1ac49795a30881a,41f184a29ff88aaf275f3365267b8c909ce7598a,ridge_corrected_41f184a29ff8_6ed147cd_f83baf57
Ridge,1,1,2021-10-06,2021-10-07,15.95,14.55316029376121,-1.39683970623879,1.39683970623879,1.9511611649252694,10.0,submitted_main_linear_features_H1_18col,6ed147cd585e5e8083292683f9be3cf585e97e4d46fa0e3224d24a4e2b42cbbb,f83baf5732ffbf88b9a448a3d9ab9fa270f7495fe44d1559c1ac49795a30881a,41f184a29ff88aaf275f3365267b8c909ce7598a,ridge_corrected_41f184a29ff8_6ed147cd_f83baf57
Ridge,1,1,2021-10-07,2021-10-08,15.19,15.159348816739069,-0.030651183260930637,0.030651183260930637,0.0009394950352951544,10.0,submitted_main_linear_features_H1_18col,6ed147cd585e5e8083292683f9be3cf585e97e4d46fa0e3224d24a4e2b42cbbb,f83baf5732ffbf88b9a448a3d9ab9fa270f7495fe44d1559c1ac49795a30881a,41f184a29ff88aaf275f3365267b8c909ce7598a,ridge_corrected_41f184a29ff8_6ed147cd_f83baf57
Ridge,1,1,2021-10-08,2021-10-09,13.78,13.602529584819024,-0.1774704151809754,0.1774704151809754,0.03149574826450778,10.0,submitted_main_linear_features_H1_18col,6ed147cd585e5e8083292683f9be3cf585e97e4d46fa0e3224d24a4e2b42cbbb,f83baf5732ffbf88b9a448a3d9ab9fa270f7495fe44d1559c1ac49795a30881a,41f184a29ff88aaf275f3365267b8c909ce7598a,ridge_corrected_41f184a29ff8_6ed147cd_f83baf57
Ridge,1,1,2021-10-09,2021-10-10,13.13,14.146190721941597,1.0161907219415962,1.0161907219415962,1.0326435833601826,10.0,submitted_main_linear_features_H1_18col,6ed147cd585e5e8083292683f9be3cf585e97e4d46fa0e3224d24a4e2b42cbbb,f83baf5732ffbf88b9a448a3d9ab9fa270f7495fe44d1559c1ac49795a30881a,41f184a29ff88aaf275f3365267b8c909ce7598a,ridge_corrected_41f184a29ff8_6ed147cd_f83baf57
Ridge,1,1,2021-10-10,2021-10-11,14.65,13.426285414774085,-1.223714585225915,1.223714585225915,1.4974773860946333,10.0,submitted_main_linear_features_H1_18col,6ed147cd585e5e8083292683f9be3cf585e97e4d46fa0e3224d24a4e2b42cbbb,f83baf5732ffbf88b9a448a3d9ab9fa270f7495fe44d1559c1ac49795a30881a,41f184a29ff88aaf275f3365267b8c909ce7598a,ridge_corrected_41f184a29ff8_6ed147cd_f83baf57
Ridge,1,1,2021-10-11,2021-10-12,12.77,12.831692797911238,0.06169279791123827,0.06169279791123827,0.0038060013141168855,10.0,submitted_main_linear_features_H1_18col,6ed147cd585e5e8083292683f9be3cf585e97e4d46fa0e3224d24a4e2b42cbbb,f83baf5732ffbf88b9a448a3d9ab9fa270f7495fe44d1559c1ac49795a30881a,41f184a29ff88aaf275f3365267b8c909ce7598a,ridge_corrected_41f184a29ff8_6ed147cd_f83baf57
Ridge,1,1,2021-10-12,2021-10-13,14.23,12.9784153022724,-1.2515846977276013,1.2515846977276013,1.566464255585891,10.0,submitted_main_linear_features_H1_18col,6ed147cd585e5e8083292683f9be3cf585e97e4d46fa0e3224d24a4e2b42cbbb,f83baf5732ffbf88b9a448a3d9ab9fa270f7495fe44d1559c1ac49795a30881a,41f184a29ff88aaf275f3365267b8c909ce7598a,ridge_corrected_41f184a29ff8_6ed147cd_f83baf57
Ridge,1,1,2021-10-13,2021-10-14,16.94,12.745755067676882,-4.1942449323231195,4.1942449323231195,17.59169055231817,10.0,submitted_main_linear_features_H1_18col,6ed147cd585e5e8083292683f9be3cf585e97e4d46fa0e3224d24a4e2b42cbbb,f83baf5732ffbf88b9a448a3d9ab9fa270f7495fe44d1559c1ac49795a30881a,41f184a29ff88aaf275f3365267b8c909ce7598a,ridge_corrected_41f184a29ff8_6ed147cd_f83baf57
Ridge,1,1,2021-10-14,2021-10-15,15.1,14.034117122287435,-1.0658828777125642,1.0658828777125642,1.136106309000817,10.0,submitted_main_linear_features_H1_18col,6ed147cd585e5e8083292683f9be3cf585e97e4d46fa0e3224d24a4e2b42cbbb,f83baf5732ffbf88b9a448a3d9ab9fa270f7495fe44d1559c1ac49795a30881a,41f184a29ff88aaf275f3365267b8c909ce7598a,ridge_corrected_41f184a29ff8_6ed147cd_f83baf57
Ridge,1,1,2021-10-15,2021-10-16,11.35,14.370137372560194,3.0201373725601943,3.0201373725601943,9.121229749134795,10.0,submitted_main_linear_features_H1_18col,6ed147cd585e5e8083292683f9be3cf585e97e4d46fa0e3224d24a4e2b42cbbb,f83baf5732ffbf88b9a448a3d9ab9fa270f7495fe44d1559c1ac49795a30881a,41f184a29ff88aaf275f3365267b8c909ce7598a,ridge_corrected_41f184a29ff8_6ed147cd_f83baf57
Ridge,1,1,2021-10-16,2021-10-17,11.58,13.583252382502607,2.003252382502607,2.003252382502607,4.013020108002372,10.0,submitted_main_linear_features_H1_18col,6ed147cd585e5e8083292683f9be3cf585e97e4d46fa0e3224d24a4e2b42cbbb,f83baf5732ffbf88b9a448a3d9ab9fa270f7495fe44d1559c1ac49795a30881a,41f184a29ff88aaf275f3365267b8c909ce7598a,ridge_corrected_41f184a29ff8_6ed147cd_f83baf57
Ridge,1,1,2021-10-17,2021-10-18,13.26,13.58044297759894,0.32044297759894036,0.32044297759894036,0.102683701892475,10.0,submitted_main_linear_features_H1_18col,6ed147cd585e5e8083292683f9be3cf585e97e4d46fa0e3224d24a4e2b42cbbb,f83baf5732ffbf88b9a448a3d9ab9fa270f7495fe44d1559c1ac49795a30881a,41f184a29ff88aaf275f3365267b8c909ce7598a,ridge_corrected_41f184a29ff8_6ed147cd_f83baf57
Ridge,1,1,2021-10-18,2021-10-19,14.13,12.733870096049783,-1.396129903950218,1.396129903950218,1.9491787087040449,10.0,submitted_main_linear_features_H1_18col,6ed147cd585e5e8083292683f9be3cf585e97e4d46fa0e3224d24a4e2b42cbbb,f83baf5732ffbf88b9a448a3d9ab9fa270f7495fe44d1559c1ac49795a30881a,41f184a29ff88aaf275f3365267b8c909ce7598a,ridge_corrected_41f184a29ff8_6ed147cd_f83baf57
Ridge,1,1,2021-10-19,2021-10-20,17.01,14.849059263828572,-2.1609407361714297,2.1609407361714297,4.66966486524512,10.0,submitted_main_linear_features_H1_18col,6ed147cd585e5e8083292683f9be3cf585e97e4d46fa0e3224d24a4e2b42cbbb,f83baf5732ffbf88b9a448a3d9ab9fa270f7495fe44d1559c1ac49795a30881a,41f184a29ff88aaf275f3365267b8c909ce7598a,ridge_corrected_41f184a29ff8_6ed147cd_f83baf57
Ridge,1,1,2021-10-20,2021-10-21,14.11,14.951649200038476,0.8416492000384768,0.8416492000384768,0.7083733759254078,10.0,submitted_main_linear_features_H1_18col,6ed147cd585e5e8083292683f9be3cf585e97e4d46fa0e3224d24a4e2b42cbbb,f83baf5732ffbf88b9a448a3d9ab9fa270f7495fe44d1559c1ac49795a30881a,41f184a29ff88aaf275f3365267b8c909ce7598a,ridge_corrected_41f184a29ff8_6ed147cd_f83baf57
Ridge,1,1,2021-10-21,2021-10-22,13.32,15.054663851701605,1.7346638517016046,1.7346638517016046,3.0090586784002467,10.0,submitted_main_linear_features_H1_18col,6ed147cd585e5e8083292683f9be3cf585e97e4d46fa0e3224d24a4e2b42cbbb,f83baf5732ffbf88b9a448a3d9ab9fa270f7495fe44d1559c1ac49795a30881a,41f184a29ff88aaf275f3365267b8c909ce7598a,ridge_corrected_41f184a29ff8_6ed147cd_f83baf57
Ridge,1,1,2021-10-22,2021-10-23,14.24,14.314222771707453,0.0742227717074524,0.0742227717074524,0.0055090198399365955,10.0,submitted_main_linear_features_H1_18col,6ed147cd585e5e8083292683f9be3cf585e97e4d46fa0e3224d24a4e2b42cbbb,f83baf5732ffbf88b9a448a3d9ab9fa270f7495fe44d1559c1ac49795a30881a,41f184a29ff88aaf275f3365267b8c909ce7598a,ridge_corrected_41f184a29ff8_6ed147cd_f83baf57
Ridge,1,1,2021-10-23,2021-10-24,15.48,14.076420670386854,-1.4035793296131462,1.4035793296131462,1.970034934517289,10.0,submitted_main_linear_features_H1_18col,6ed147cd585e5e8083292683f9be3cf585e97e4d46fa0e3224d24a4e2b42cbbb,f83baf5732ffbf88b9a448a3d9ab9fa270f7495fe44d1559c1ac49795a30881a,41f184a29ff88aaf275f3365267b8c909ce7598a,ridge_corrected_41f184a29ff8_6ed147cd_f83baf57
Ridge,1,1,2021-10-24,2021-10-25,19.6,15.33016700855186,-4.2698329914481405,4.2698329914481405,18.231473774858976,10.0,submitted_main_linear_features_H1_18col,6ed147cd585e5e8083292683f9be3cf585e97e4d46fa0e3224d24a4e2b42cbbb,f83baf5732ffbf88b9a448a3d9ab9fa270f7495fe44d1559c1ac49795a30881a,41f184a29ff88aaf275f3365267b8c909ce7598a,ridge_corrected_41f184a29ff8_6ed147cd_f83baf57
Ridge,1,1,2021-10-25,2021-10-26,15.56,16.100595031518587,0.5405950315185866,0.5405950315185866,0.2922429881025816,10.0,submitted_main_linear_features_H1_18col,6ed147cd585e5e8083292683f9be3cf585e97e4d46fa0e3224d24a4e2b42cbbb,f83baf5732ffbf88b9a448a3d9ab9fa270f7495fe44d1559c1ac49795a30881a,41f184a29ff88aaf275f3365267b8c909ce7598a,ridge_corrected_41f184a29ff8_6ed147cd_f83baf57
Ridge,1,1,2021-10-26,2021-10-27,13.31,15.094088493678415,1.7840884936784143,1.7840884936784143,3.182971753275713,10.0,submitted_main_linear_features_H1_18col,6ed147cd585e5e8083292683f9be3cf585e97e4d46fa0e3224d24a4e2b42cbbb,f83baf5732ffbf88b9a448a3d9ab9fa270f7495fe44d1559c1ac49795a30881a,41f184a29ff88aaf275f3365267b8c909ce7598a,ridge_corrected_41f184a29ff8_6ed147cd_f83baf57
Ridge,1,1,2021-10-27,2021-10-28,15.19,15.325454834179748,0.13545483417974857,0.13545483417974857,0.018348012102663184,10.0,submitted_main_linear_features_H1_18col,6ed147cd585e5e8083292683f9be3cf585e97e4d46fa0e3224d24a4e2b42cbbb,f83baf5732ffbf88b9a448a3d9ab9fa270f7495fe44d1559c1ac49795a30881a,41f184a29ff88aaf275f3365267b8c909ce7598a,ridge_corrected_41f184a29ff8_6ed147cd_f83baf57
Ridge,1,1,2021-10-28,2021-10-29,17.0,15.594186945718164,-1.4058130542818361,1.4058130542818361,1.9763103435892246,10.0,submitted_main_linear_features_H1_18col,6ed147cd585e5e8083292683f9be3cf585e97e4d46fa0e3224d24a4e2b42cbbb,f83baf5732ffbf88b9a448a3d9ab9fa270f7495fe44d1559c1ac49795a30881a,41f184a29ff88aaf275f3365267b8c909ce7598a,ridge_corrected_41f184a29ff8_6ed147cd_f83baf57
Ridge,1,1,2021-10-29,2021-10-30,15.17,15.356921192728059,0.18692119272805918,0.18692119272805918,0.034939532290880246,10.0,submitted_main_linear_features_H1_18col,6ed147cd585e5e8083292683f9be3cf585e97e4d46fa0e3224d24a4e2b42cbbb,f83baf5732ffbf88b9a448a3d9ab9fa270f7495fe44d1559c1ac49795a30881a,41f184a29ff88aaf275f3365267b8c909ce7598a,ridge_corrected_41f184a29ff8_6ed147cd_f83baf57
Ridge,1,1,2021-10-30,2021-10-31,14.34,15.84910741182926,1.5091074118292607,1.5091074118292607,2.2774051804380098,10.0,submitted_main_linear_features_H1_18col,6ed147cd585e5e8083292683f9be3cf585e97e4d46fa0e3224d24a4e2b42cbbb,f83baf5732ffbf88b9a448a3d9ab9fa270f7495fe44d1559c1ac49795a30881a,41f184a29ff88aaf275f3365267b8c909ce7598a,ridge_corrected_41f184a29ff8_6ed147cd_f83baf57
Ridge,1,1,2021-10-31,2021-11-01,15.41,15.319079275515692,-0.09092072448430777,0.09092072448430777,0.008266578140751402,10.0,submitted_main_linear_features_H1_18col,6ed147cd585e5e8083292683f9be3cf585e97e4d46fa0e3224d24a4e2b42cbbb,f83baf5732ffbf88b9a448a3d9ab9fa270f7495fe44d1559c1ac49795a30881a,41f184a29ff88aaf275f3365267b8c909ce7598a,ridge_corrected_41f184a29ff8_6ed147cd_f83baf57
Ridge,1,1,2021-11-01,2021-11-02,15.17,16.208744976630662,1.038744976630662,1.038744976630662,1.0789911264754346,10.0,submitted_main_linear_features_H1_18col,6ed147cd585e5e8083292683f9be3cf585e97e4d46fa0e3224d24a4e2b42cbbb,f83baf5732ffbf88b9a448a3d9ab9fa270f7495fe44d1559c1ac49795a30881a,41f184a29ff88aaf275f3365267b8c909ce7598a,ridge_corrected_41f184a29ff8_6ed147cd_f83baf57
Ridge,1,1,2021-11-02,2021-11-03,13.4,15.293063461896404,1.8930634618964035,1.8930634618964035,3.583689270767196,10.0,submitted_main_linear_features_H1_18col,6ed147cd585e5e8083292683f9be3cf585e97e4d46fa0e3224d24a4e2b42cbbb,f83baf5732ffbf88b9a448a3d9ab9fa270f7495fe44d1559c1ac49795a30881a,41f184a29ff88aaf275f3365267b8c909ce7598a,ridge_corrected_41f184a29ff8_6ed147cd_f83baf57
Ridge,1,1,2021-11-03,2021-11-04,15.12,15.412589333097095,0.2925893330970961,0.2925893330970961,0.08560851784220347,10.0,submitted_main_linear_features_H1_18col,6ed147cd585e5e8083292683f9be3cf585e97e4d46fa0e3224d24a4e2b42cbbb,f83baf5732ffbf88b9a448a3d9ab9fa270f7495fe44d1559c1ac49795a30881a,41f184a29ff88aaf275f3365267b8c909ce7598a,ridge_corrected_41f184a29ff8_6ed147cd_f83baf57
Ridge,1,1,2021-11-04,2021-11-05,12.8,14.826773768728913,2.026773768728912,2.026773768728912,4.107811909607597,10.0,submitted_main_linear_features_H1_18col,6ed147cd585e5e8083292683f9be3cf585e97e4d46fa0e3224d24a4e2b42cbbb,f83baf5732ffbf88b9a448a3d9ab9fa270f7495fe44d1559c1ac49795a30881a,41f184a29ff88aaf275f3365267b8c909ce7598a,ridge_corrected_41f184a29ff8_6ed147cd_f83baf57
Ridge,1,1,2021-11-05,2021-11-06,12.34,14.319509707323215,1.9795097073232153,1.9795097073232153,3.9184586813868414,10.0,submitted_main_linear_features_H1_18col,6ed147cd585e5e8083292683f9be3cf585e97e4d46fa0e3224d24a4e2b42cbbb,f83baf5732ffbf88b9a448a3d9ab9fa270f7495fe44d1559c1ac49795a30881a,41f184a29ff88aaf275f3365267b8c909ce7598a,ridge_corrected_41f184a29ff8_6ed147cd_f83baf57
Ridge,1,1,2021-11-06,2021-11-07,13.03,13.682867013831421,0.6528670138314219,0.6528670138314219,0.426235337749158,10.0,submitted_main_linear_features_H1_18col,6ed147cd585e5e8083292683f9be3cf585e97e4d46fa0e3224d24a4e2b42cbbb,f83baf5732ffbf88b9a448a3d9ab9fa270f7495fe44d1559c1ac49795a30881a,41f184a29ff88aaf275f3365267b8c909ce7598a,ridge_corrected_41f184a29ff8_6ed147cd_f83baf57
Ridge,1,1,2021-11-07,2021-11-08,13.2,13.48804053374685,0.2880405337468499,0.2880405337468499,0.08296734908117018,10.0,submitted_main_linear_features_H1_18col,6ed147cd585e5e8083292683f9be3cf585e97e4d46fa0e3224d24a4e2b42cbbb,f83baf5732ffbf88b9a448a3d9ab9fa270f7495fe44d1559c1ac49795a30881a,41f184a29ff88aaf275f3365267b8c909ce7598a,ridge_corrected_41f184a29ff8_6ed147cd_f83baf57
Ridge,1,1,2021-11-08,2021-11-09,14.39,13.61716743840783,-0.7728325615921712,0.7728325615921712,0.5972701682571171,10.0,submitted_main_linear_features_H1_18col,6ed147cd585e5e8083292683f9be3cf585e97e4d46fa0e3224d24a4e2b42cbbb,f83baf5732ffbf88b9a448a3d9ab9fa270f7495fe44d1559c1ac49795a30881a,41f184a29ff88aaf275f3365267b8c909ce7598a,ridge_corrected_41f184a29ff8_6ed147cd_f83baf57
Ridge,1,1,2021-11-09,2021-11-10,11.54,13.305014485479555,1.765014485479556,1.765014485479556,3.1152761339526616,10.0,submitted_main_linear_features_H1_18col,6ed147cd585e5e8083292683f9be3cf585e97e4d46fa0e3224d24a4e2b42cbbb,f83baf5732ffbf88b9a448a3d9ab9fa270f7495fe44d1559c1ac49795a30881a,41f184a29ff88aaf275f3365267b8c909ce7598a,ridge_corrected_41f184a29ff8_6ed147cd_f83baf57
Ridge,1,1,2021-11-10,2021-11-11,12.82,13.279692241868203,0.45969224186820234,0.45969224186820234,0.21131695723381386,10.0,submitted_main_linear_features_H1_18col,6ed147cd585e5e8083292683f9be3cf585e97e4d46fa0e3224d24a4e2b42cbbb,f83baf5732ffbf88b9a448a3d9ab9fa270f7495fe44d1559c1ac49795a30881a,41f184a29ff88aaf275f3365267b8c909ce7598a,ridge_corrected_41f184a29ff8_6ed147cd_f83baf57
Ridge,1,1,2021-11-11,2021-11-12,13.54,13.642843153330645,0.10284315333064598,0.10284315333064598,0.010576714186990759,10.0,submitted_main_linear_features_H1_18col,6ed147cd585e5e8083292683f9be3cf585e97e4d46fa0e3224d24a4e2b42cbbb,f83baf5732ffbf88b9a448a3d9ab9fa270f7495fe44d1559c1ac49795a30881a,41f184a29ff88aaf275f3365267b8c909ce7598a,ridge_corrected_41f184a29ff8_6ed147cd_f83baf57
Ridge,1,1,2021-11-12,2021-11-13,13.92,13.965688592030755,0.04568859203075526,0.04568859203075526,0.002087447441752793,10.0,submitted_main_linear_features_H1_18col,6ed147cd585e5e8083292683f9be3cf585e97e4d46fa0e3224d24a4e2b42cbbb,f83baf5732ffbf88b9a448a3d9ab9fa270f7495fe44d1559c1ac49795a30881a,41f184a29ff88aaf275f3365267b8c909ce7598a,ridge_corrected_41f184a29ff8_6ed147cd_f83baf57
Ridge,1,1,2021-11-13,2021-11-14,15.8,14.358151015197663,-1.4418489848023377,1.4418489848023377,2.078928494975532,10.0,submitted_main_linear_features_H1_18col,6ed147cd585e5e8083292683f9be3cf585e97e4d46fa0e3224d24a4e2b42cbbb,f83baf5732ffbf88b9a448a3d9ab9fa270f7495fe44d1559c1ac49795a30881a,41f184a29ff88aaf275f3365267b8c909ce7598a,ridge_corrected_41f184a29ff8_6ed147cd_f83baf57
Ridge,1,1,2021-11-14,2021-11-15,14.69,13.813432612031693,-0.876567387968306,0.876567387968306,0.7683703856495787,10.0,submitted_main_linear_features_H1_18col,6ed147cd585e5e8083292683f9be3cf585e97e4d46fa0e3224d24a4e2b42cbbb,f83baf5732ffbf88b9a448a3d9ab9fa270f7495fe44d1559c1ac49795a30881a,41f184a29ff88aaf275f3365267b8c909ce7598a,ridge_corrected_41f184a29ff8_6ed147cd_f83baf57
Ridge,1,1,2021-11-15,2021-11-16,12.83,14.078094624220213,1.2480946242202133,1.2480946242202133,1.5577401910073956,10.0,submitted_main_linear_features_H1_18col,6ed147cd585e5e8083292683f9be3cf585e97e4d46fa0e3224d24a4e2b42cbbb,f83baf5732ffbf88b9a448a3d9ab9fa270f7495fe44d1559c1ac49795a30881a,41f184a29ff88aaf275f3365267b8c909ce7598a,ridge_corrected_41f184a29ff8_6ed147cd_f83baf57
Ridge,1,1,2021-11-16,2021-11-17,12.32,13.938839073054552,1.618839073054552,1.618839073054552,2.6206399444481216,10.0,submitted_main_linear_features_H1_18col,6ed147cd585e5e8083292683f9be3cf585e97e4d46fa0e3224d24a4e2b42cbbb,f83baf5732ffbf88b9a448a3d9ab9fa270f7495fe44d1559c1ac49795a30881a,41f184a29ff88aaf275f3365267b8c909ce7598a,ridge_corrected_41f184a29ff8_6ed147cd_f83baf57
Ridge,1,1,2021-11-17,2021-11-18,17.99,14.718440689097921,-3.2715593109020773,3.2715593109020773,10.703100324750075,10.0,submitted_main_linear_features_H1_18col,6ed147cd585e5e8083292683f9be3cf585e97e4d46fa0e3224d24a4e2b42cbbb,f83baf5732ffbf88b9a448a3d9ab9fa270f7495fe44d1559c1ac49795a30881a,41f184a29ff88aaf275f3365267b8c909ce7598a,ridge_corrected_41f184a29ff8_6ed147cd_f83baf57
Ridge,1,1,2021-11-18,2021-11-19,17.94,14.061302108829038,-3.8786978911709635,3.8786978911709635,15.04429733097408,10.0,submitted_main_linear_features_H1_18col,6ed147cd585e5e8083292683f9be3cf585e97e4d46fa0e3224d24a4e2b42cbbb,f83baf5732ffbf88b9a448a3d9ab9fa270f7495fe44d1559c1ac49795a30881a,41f184a29ff88aaf275f3365267b8c909ce7598a,ridge_corrected_41f184a29ff8_6ed147cd_f83baf57
Ridge,1,1,2021-11-19,2021-11-20,11.8,15.136774466636062,3.3367744666360615,3.3367744666360615,11.134063841194372,10.0,submitted_main_linear_features_H1_18col,6ed147cd585e5e8083292683f9be3cf585e97e4d46fa0e3224d24a4e2b42cbbb,f83baf5732ffbf88b9a448a3d9ab9fa270f7495fe44d1559c1ac49795a30881a,41f184a29ff88aaf275f3365267b8c909ce7598a,ridge_corrected_41f184a29ff8_6ed147cd_f83baf57
Ridge,1,1,2021-11-20,2021-11-21,11.89,14.558249002259764,2.6682490022597634,2.6682490022597634,7.119552738060222,10.0,submitted_main_linear_features_H1_18col,6ed147cd585e5e8083292683f9be3cf585e97e4d46fa0e3224d24a4e2b42cbbb,f83baf5732ffbf88b9a448a3d9ab9fa270f7495fe44d1559c1ac49795a30881a,41f184a29ff88aaf275f3365267b8c909ce7598a,ridge_corrected_41f184a29ff8_6ed147cd_f83baf57
Ridge,1,1,2021-11-21,2021-11-22,12.22,13.332826656512841,1.1128266565128406,1.1128266565128406,1.2383831674455479,10.0,submitted_main_linear_features_H1_18col,6ed147cd585e5e8083292683f9be3cf585e97e4d46fa0e3224d24a4e2b42cbbb,f83baf5732ffbf88b9a448a3d9ab9fa270f7495fe44d1559c1ac49795a30881a,41f184a29ff88aaf275f3365267b8c909ce7598a,ridge_corrected_41f184a29ff8_6ed147cd_f83baf57
Ridge,1,1,2021-11-22,2021-11-23,13.13,13.200142310731781,0.07014231073178046,0.07014231073178046,0.004919943754793644,10.0,submitted_main_linear_features_H1_18col,6ed147cd585e5e8083292683f9be3cf585e97e4d46fa0e3224d24a4e2b42cbbb,f83baf5732ffbf88b9a448a3d9ab9fa270f7495fe44d1559c1ac49795a30881a,41f184a29ff88aaf275f3365267b8c909ce7598a,ridge_corrected_41f184a29ff8_6ed147cd_f83baf57
Ridge,1,1,2021-11-23,2021-11-24,16.36,13.444491773729812,-2.9155082262701875,2.9155082262701875,8.500188217449134,10.0,submitted_main_linear_features_H1_18col,6ed147cd585e5e8083292683f9be3cf585e97e4d46fa0e3224d24a4e2b42cbbb,f83baf5732ffbf88b9a448a3d9ab9fa270f7495fe44d1559c1ac49795a30881a,41f184a29ff88aaf275f3365267b8c909ce7598a,ridge_corrected_41f184a29ff8_6ed147cd_f83baf57
Ridge,1,1,2021-11-24,2021-11-25,12.85,13.323836999183511,0.4738369991835114,0.4738369991835114,0.224521501795235,10.0,submitted_main_linear_features_H1_18col,6ed147cd585e5e8083292683f9be3cf585e97e4d46fa0e3224d24a4e2b42cbbb,f83baf5732ffbf88b9a448a3d9ab9fa270f7495fe44d1559c1ac49795a30881a,41f184a29ff88aaf275f3365267b8c909ce7598a,ridge_corrected_41f184a29ff8_6ed147cd_f83baf57
Ridge,1,1,2021-11-25,2021-11-26,11.66,13.18424105317786,1.5242410531778603,1.5242410531778603,2.3233107881927526,10.0,submitted_main_linear_features_H1_18col,6ed147cd585e5e8083292683f9be3cf585e97e4d46fa0e3224d24a4e2b42cbbb,f83baf5732ffbf88b9a448a3d9ab9fa270f7495fe44d1559c1ac49795a30881a,41f184a29ff88aaf275f3365267b8c909ce7598a,ridge_corrected_41f184a29ff8_6ed147cd_f83baf57
Ridge,1,1,2021-11-26,2021-11-27,13.7,12.186148472730896,-1.5138515272691038,1.5138515272691038,2.291746446614998,10.0,submitted_main_linear_features_H1_18col,6ed147cd585e5e8083292683f9be3cf585e97e4d46fa0e3224d24a4e2b42cbbb,f83baf5732ffbf88b9a448a3d9ab9fa270f7495fe44d1559c1ac49795a30881a,41f184a29ff88aaf275f3365267b8c909ce7598a,ridge_corrected_41f184a29ff8_6ed147cd_f83baf57
Ridge,1,1,2021-11-27,2021-11-28,13.18,12.184835066318572,-0.9951649336814281,0.9951649336814281,0.9903532452291612,10.0,submitted_main_linear_features_H1_18col,6ed147cd585e5e8083292683f9be3cf585e97e4d46fa0e3224d24a4e2b42cbbb,f83baf5732ffbf88b9a448a3d9ab9fa270f7495fe44d1559c1ac49795a30881a,41f184a29ff88aaf275f3365267b8c909ce7598a,ridge_corrected_41f184a29ff8_6ed147cd_f83baf57
Ridge,1,1,2021-11-28,2021-11-29,13.79,13.936882226628562,0.14688222662856276,0.14688222662856276,0.021574388499364473,10.0,submitted_main_linear_features_H1_18col,6ed147cd585e5e8083292683f9be3cf585e97e4d46fa0e3224d24a4e2b42cbbb,f83baf5732ffbf88b9a448a3d9ab9fa270f7495fe44d1559c1ac49795a30881a,41f184a29ff88aaf275f3365267b8c909ce7598a,ridge_corrected_41f184a29ff8_6ed147cd_f83baf57
Ridge,1,1,2021-11-29,2021-11-30,12.22,13.841816103590574,1.6218161035905734,1.6218161035905734,2.6302874738657094,10.0,submitted_main_linear_features_H1_18col,6ed147cd585e5e8083292683f9be3cf585e97e4d46fa0e3224d24a4e2b42cbbb,f83baf5732ffbf88b9a448a3d9ab9fa270f7495fe44d1559c1ac49795a30881a,41f184a29ff88aaf275f3365267b8c909ce7598a,ridge_corrected_41f184a29ff8_6ed147cd_f83baf57
Ridge,1,1,2021-11-30,2021-12-01,10.84,13.13616887423287,2.2961688742328707,2.2961688742328707,5.272391498995849,10.0,submitted_main_linear_features_H1_18col,6ed147cd585e5e8083292683f9be3cf585e97e4d46fa0e3224d24a4e2b42cbbb,f83baf5732ffbf88b9a448a3d9ab9fa270f7495fe44d1559c1ac49795a30881a,41f184a29ff88aaf275f3365267b8c909ce7598a,ridge_corrected_41f184a29ff8_6ed147cd_f83baf57
Ridge,1,1,2021-12-01,2021-12-02,13.37,12.53319764477287,-0.83680235522713,0.83680235522713,0.7002381817136718,10.0,submitted_main_linear_features_H1_18col,6ed147cd585e5e8083292683f9be3cf585e97e4d46fa0e3224d24a4e2b42cbbb,f83baf5732ffbf88b9a448a3d9ab9fa270f7495fe44d1559c1ac49795a30881a,41f184a29ff88aaf275f3365267b8c909ce7598a,ridge_corrected_41f184a29ff8_6ed147cd_f83baf57
Ridge,1,1,2021-12-02,2021-12-03,10.74,12.9346220445308,2.1946220445307993,2.1946220445307993,4.816365918340546,10.0,submitted_main_linear_features_H1_18col,6ed147cd585e5e8083292683f9be3cf585e97e4d46fa0e3224d24a4e2b42cbbb,f83baf5732ffbf88b9a448a3d9ab9fa270f7495fe44d1559c1ac49795a30881a,41f184a29ff88aaf275f3365267b8c909ce7598a,ridge_corrected_41f184a29ff8_6ed147cd_f83baf57
Ridge,1,1,2021-12-03,2021-12-04,11.22,13.458515479937365,2.238515479937364,2.238515479937364,5.010951553919208,10.0,submitted_main_linear_features_H1_18col,6ed147cd585e5e8083292683f9be3cf585e97e4d46fa0e3224d24a4e2b42cbbb,f83baf5732ffbf88b9a448a3d9ab9fa270f7495fe44d1559c1ac49795a30881a,41f184a29ff88aaf275f3365267b8c909ce7598a,ridge_corrected_41f184a29ff8_6ed147cd_f83baf57
Ridge,1,1,2021-12-04,2021-12-05,8.75,13.066986012857228,4.316986012857228,4.316986012857228,18.636368235204948,10.0,submitted_main_linear_features_H1_18col,6ed147cd585e5e8083292683f9be3cf585e97e4d46fa0e3224d24a4e2b42cbbb,f83baf5732ffbf88b9a448a3d9ab9fa270f7495fe44d1559c1ac49795a30881a,41f184a29ff88aaf275f3365267b8c909ce7598a,ridge_corrected_41f184a29ff8_6ed147cd_f83baf57
Ridge,1,1,2021-12-05,2021-12-06,9.91,12.98703316142821,3.0770331614282096,3.0770331614282096,9.468133076528883,10.0,submitted_main_linear_features_H1_18col,6ed147cd585e5e8083292683f9be3cf585e97e4d46fa0e3224d24a4e2b42cbbb,f83baf5732ffbf88b9a448a3d9ab9fa270f7495fe44d1559c1ac49795a30881a,41f184a29ff88aaf275f3365267b8c909ce7598a,ridge_corrected_41f184a29ff8_6ed147cd_f83baf57
Ridge,1,1,2021-12-06,2021-12-07,10.34,11.51520573878415,1.1752057387841504,1.1752057387841504,1.3811085284712006,10.0,submitted_main_linear_features_H1_18col,6ed147cd585e5e8083292683f9be3cf585e97e4d46fa0e3224d24a4e2b42cbbb,f83baf5732ffbf88b9a448a3d9ab9fa270f7495fe44d1559c1ac49795a30881a,41f184a29ff88aaf275f3365267b8c909ce7598a,ridge_corrected_41f184a29ff8_6ed147cd_f83baf57
Ridge,1,1,2021-12-07,2021-12-08,10.51,12.974296107600837,2.4642961076008376,2.4642961076008376,6.0727553059366395,10.0,submitted_main_linear_features_H1_18col,6ed147cd585e5e8083292683f9be3cf585e97e4d46fa0e3224d24a4e2b42cbbb,f83baf5732ffbf88b9a448a3d9ab9fa270f7495fe44d1559c1ac49795a30881a,41f184a29ff88aaf275f3365267b8c909ce7598a,ridge_corrected_41f184a29ff8_6ed147cd_f83baf57
Ridge,1,1,2021-12-08,2021-12-09,11.17,12.322041272783762,1.1520412727837623,1.1520412727837623,1.3271990941972311,10.0,submitted_main_linear_features_H1_18col,6ed147cd585e5e8083292683f9be3cf585e97e4d46fa0e3224d24a4e2b42cbbb,f83baf5732ffbf88b9a448a3d9ab9fa270f7495fe44d1559c1ac49795a30881a,41f184a29ff88aaf275f3365267b8c909ce7598a,ridge_corrected_41f184a29ff8_6ed147cd_f83baf57
Ridge,1,1,2021-12-09,2021-12-10,11.52,12.128491617967786,0.6084916179677862,0.6084916179677862,0.37026204913705424,10.0,submitted_main_linear_features_H1_18col,6ed147cd585e5e8083292683f9be3cf585e97e4d46fa0e3224d24a4e2b42cbbb,f83baf5732ffbf88b9a448a3d9ab9fa270f7495fe44d1559c1ac49795a30881a,41f184a29ff88aaf275f3365267b8c909ce7598a,ridge_corrected_41f184a29ff8_6ed147cd_f83baf57
Ridge,1,1,2021-12-10,2021-12-11,11.81,12.301295296200529,0.49129529620052814,0.49129529620052814,0.24137106806876468,10.0,submitted_main_linear_features_H1_18col,6ed147cd585e5e8083292683f9be3cf585e97e4d46fa0e3224d24a4e2b42cbbb,f83baf5732ffbf88b9a448a3d9ab9fa270f7495fe44d1559c1ac49795a30881a,41f184a29ff88aaf275f3365267b8c909ce7598a,ridge_corrected_41f184a29ff8_6ed147cd_f83baf57
Ridge,1,1,2021-12-11,2021-12-12,12.88,11.844281003808915,-1.0357189961910862,1.0357189961910862,1.0727138390710713,10.0,submitted_main_linear_features_H1_18col,6ed147cd585e5e8083292683f9be3cf585e97e4d46fa0e3224d24a4e2b42cbbb,f83baf5732ffbf88b9a448a3d9ab9fa270f7495fe44d1559c1ac49795a30881a,41f184a29ff88aaf275f3365267b8c909ce7598a,ridge_corrected_41f184a29ff8_6ed147cd_f83baf57
Ridge,1,1,2021-12-12,2021-12-13,11.17,11.620207516302132,0.4502075163021324,0.4502075163021324,0.2026868077349348,10.0,submitted_main_linear_features_H1_18col,6ed147cd585e5e8083292683f9be3cf585e97e4d46fa0e3224d24a4e2b42cbbb,f83baf5732ffbf88b9a448a3d9ab9fa270f7495fe44d1559c1ac49795a30881a,41f184a29ff88aaf275f3365267b8c909ce7598a,ridge_corrected_41f184a29ff8_6ed147cd_f83baf57
Ridge,1,1,2021-12-13,2021-12-14,12.56,12.251403666436726,-0.3085963335632744,0.3085963335632744,0.09523169708869574,10.0,submitted_main_linear_features_H1_18col,6ed147cd585e5e8083292683f9be3cf585e97e4d46fa0e3224d24a4e2b42cbbb,f83baf5732ffbf88b9a448a3d9ab9fa270f7495fe44d1559c1ac49795a30881a,41f184a29ff88aaf275f3365267b8c909ce7598a,ridge_corrected_41f184a29ff8_6ed147cd_f83baf57
Ridge,1,1,2021-12-14,2021-12-15,12.41,11.800478642096518,-0.6095213579034819,0.6095213579034819,0.37151628574050455,10.0,submitted_main_linear_features_H1_18col,6ed147cd585e5e8083292683f9be3cf585e97e4d46fa0e3224d24a4e2b42cbbb,f83baf5732ffbf88b9a448a3d9ab9fa270f7495fe44d1559c1ac49795a30881a,41f184a29ff88aaf275f3365267b8c909ce7598a,ridge_corrected_41f184a29ff8_6ed147cd_f83baf57
Ridge,1,1,2021-12-15,2021-12-16,12.31,12.29368493385386,-0.016315066146139756,0.016315066146139756,0.00026618138335291554,10.0,submitted_main_linear_features_H1_18col,6ed147cd585e5e8083292683f9be3cf585e97e4d46fa0e3224d24a4e2b42cbbb,f83baf5732ffbf88b9a448a3d9ab9fa270f7495fe44d1559c1ac49795a30881a,41f184a29ff88aaf275f3365267b8c909ce7598a,ridge_corrected_41f184a29ff8_6ed147cd_f83baf57
Ridge,1,1,2021-12-16,2021-12-17,12.19,12.371899085632439,0.1818990856324394,0.1818990856324394,0.03308727735391752,10.0,submitted_main_linear_features_H1_18col,6ed147cd585e5e8083292683f9be3cf585e97e4d46fa0e3224d24a4e2b42cbbb,f83baf5732ffbf88b9a448a3d9ab9fa270f7495fe44d1559c1ac49795a30881a,41f184a29ff88aaf275f3365267b8c909ce7598a,ridge_corrected_41f184a29ff8_6ed147cd_f83baf57
Ridge,1,1,2021-12-17,2021-12-18,13.13,12.668653185257646,-0.4613468147423543,0.4613468147423543,0.21284088347291616,10.0,submitted_main_linear_features_H1_18col,6ed147cd585e5e8083292683f9be3cf585e97e4d46fa0e3224d24a4e2b42cbbb,f83baf5732ffbf88b9a448a3d9ab9fa270f7495fe44d1559c1ac49795a30881a,41f184a29ff88aaf275f3365267b8c909ce7598a,ridge_corrected_41f184a29ff8_6ed147cd_f83baf57
Ridge,1,1,2021-12-18,2021-12-19,13.1,12.474961865697725,-0.6250381343022742,0.6250381343022742,0.39067266933206773,10.0,submitted_main_linear_features_H1_18col,6ed147cd585e5e8083292683f9be3cf585e97e4d46fa0e3224d24a4e2b42cbbb,f83baf5732ffbf88b9a448a3d9ab9fa270f7495fe44d1559c1ac49795a30881a,41f184a29ff88aaf275f3365267b8c909ce7598a,ridge_corrected_41f184a29ff8_6ed147cd_f83baf57
Ridge,1,1,2021-12-19,2021-12-20,11.09,12.905598706802282,1.815598706802282,1.815598706802282,3.296398664142119,10.0,submitted_main_linear_features_H1_18col,6ed147cd585e5e8083292683f9be3cf585e97e4d46fa0e3224d24a4e2b42cbbb,f83baf5732ffbf88b9a448a3d9ab9fa270f7495fe44d1559c1ac49795a30881a,41f184a29ff88aaf275f3365267b8c909ce7598a,ridge_corrected_41f184a29ff8_6ed147cd_f83baf57
Ridge,1,1,2021-12-20,2021-12-21,11.57,12.477820188715864,0.9078201887158635,0.9078201887158635,0.8241374950401059,10.0,submitted_main_linear_features_H1_18col,6ed147cd585e5e8083292683f9be3cf585e97e4d46fa0e3224d24a4e2b42cbbb,f83baf5732ffbf88b9a448a3d9ab9fa270f7495fe44d1559c1ac49795a30881a,41f184a29ff88aaf275f3365267b8c909ce7598a,ridge_corrected_41f184a29ff8_6ed147cd_f83baf57
Ridge,1,1,2021-12-21,2021-12-22,12.64,11.82209705184699,-0.8179029481530105,0.8179029481530105,0.6689652325973862,10.0,submitted_main_linear_features_H1_18col,6ed147cd585e5e8083292683f9be3cf585e97e4d46fa0e3224d24a4e2b42cbbb,f83baf5732ffbf88b9a448a3d9ab9fa270f7495fe44d1559c1ac49795a30881a,41f184a29ff88aaf275f3365267b8c909ce7598a,ridge_corrected_41f184a29ff8_6ed147cd_f83baf57
Ridge,1,1,2021-12-22,2021-12-23,17.51,13.322651201340204,-4.187348798659798,4.187348798659798,17.53388996163765,10.0,submitted_main_linear_features_H1_18col,6ed147cd585e5e8083292683f9be3cf585e97e4d46fa0e3224d24a4e2b42cbbb,f83baf5732ffbf88b9a448a3d9ab9fa270f7495fe44d1559c1ac49795a30881a,41f184a29ff88aaf275f3365267b8c909ce7598a,ridge_corrected_41f184a29ff8_6ed147cd_f83baf57
Ridge,1,1,2021-12-23,2021-12-24,17.98,15.023343494723784,-2.956656505276216,2.956656505276216,8.741817690192168,10.0,submitted_main_linear_features_H1_18col,6ed147cd585e5e8083292683f9be3cf585e97e4d46fa0e3224d24a4e2b42cbbb,f83baf5732ffbf88b9a448a3d9ab9fa270f7495fe44d1559c1ac49795a30881a,41f184a29ff88aaf275f3365267b8c909ce7598a,ridge_corrected_41f184a29ff8_6ed147cd_f83baf57
Ridge,1,1,2021-12-24,2021-12-25,13.07,14.141447676738595,1.071447676738595,1.071447676738595,1.1480001239885327,10.0,submitted_main_linear_features_H1_18col,6ed147cd585e5e8083292683f9be3cf585e97e4d46fa0e3224d24a4e2b42cbbb,f83baf5732ffbf88b9a448a3d9ab9fa270f7495fe44d1559c1ac49795a30881a,41f184a29ff88aaf275f3365267b8c909ce7598a,ridge_corrected_41f184a29ff8_6ed147cd_f83baf57
Ridge,1,1,2021-12-25,2021-12-26,12.36,15.088899376605433,2.7288993766054332,2.7288993766054332,7.446891807637522,10.0,submitted_main_linear_features_H1_18col,6ed147cd585e5e8083292683f9be3cf585e97e4d46fa0e3224d24a4e2b42cbbb,f83baf5732ffbf88b9a448a3d9ab9fa270f7495fe44d1559c1ac49795a30881a,41f184a29ff88aaf275f3365267b8c909ce7598a,ridge_corrected_41f184a29ff8_6ed147cd_f83baf57
Ridge,1,1,2021-12-26,2021-12-27,11.88,14.111558184709814,2.2315581847098134,2.2315581847098134,4.979851931745357,10.0,submitted_main_linear_features_H1_18col,6ed147cd585e5e8083292683f9be3cf585e97e4d46fa0e3224d24a4e2b42cbbb,f83baf5732ffbf88b9a448a3d9ab9fa270f7495fe44d1559c1ac49795a30881a,41f184a29ff88aaf275f3365267b8c909ce7598a,ridge_corrected_41f184a29ff8_6ed147cd_f83baf57
Ridge,1,1,2021-12-27,2021-12-28,12.06,13.906502246887543,1.8465022468875425,1.8465022468875425,3.409570547760743,10.0,submitted_main_linear_features_H1_18col,6ed147cd585e5e8083292683f9be3cf585e97e4d46fa0e3224d24a4e2b42cbbb,f83baf5732ffbf88b9a448a3d9ab9fa270f7495fe44d1559c1ac49795a30881a,41f184a29ff88aaf275f3365267b8c909ce7598a,ridge_corrected_41f184a29ff8_6ed147cd_f83baf57
Ridge,1,1,2021-12-28,2021-12-29,11.48,12.810173080499945,1.3301730804999448,1.3301730804999448,1.7693604240867125,10.0,submitted_main_linear_features_H1_18col,6ed147cd585e5e8083292683f9be3cf585e97e4d46fa0e3224d24a4e2b42cbbb,f83baf5732ffbf88b9a448a3d9ab9fa270f7495fe44d1559c1ac49795a30881a,41f184a29ff88aaf275f3365267b8c909ce7598a,ridge_corrected_41f184a29ff8_6ed147cd_f83baf57
Ridge,1,1,2021-12-29,2021-12-30,11.02,13.052559822975859,2.032559822975859,2.032559822975859,4.131299433975656,10.0,submitted_main_linear_features_H1_18col,6ed147cd585e5e8083292683f9be3cf585e97e4d46fa0e3224d24a4e2b42cbbb,f83baf5732ffbf88b9a448a3d9ab9fa270f7495fe44d1559c1ac49795a30881a,41f184a29ff88aaf275f3365267b8c909ce7598a,ridge_corrected_41f184a29ff8_6ed147cd_f83baf57
Ridge,1,1,2021-12-30,2021-12-31,12.37,12.665365983801147,0.29536598380114754,0.29536598380114754,0.08724106438681975,10.0,submitted_main_linear_features_H1_18col,6ed147cd585e5e8083292683f9be3cf585e97e4d46fa0e3224d24a4e2b42cbbb,f83baf5732ffbf88b9a448a3d9ab9fa270f7495fe44d1559c1ac49795a30881a,41f184a29ff88aaf275f3365267b8c909ce7598a,ridge_corrected_41f184a29ff8_6ed147cd_f83baf57
Ridge,1,1,2021-12-31,2022-01-01,13.37,12.237737611029688,-1.132262388970311,1.132262388970311,1.2820181174767558,10.0,submitted_main_linear_features_H1_18col,6ed147cd585e5e8083292683f9be3cf585e97e4d46fa0e3224d24a4e2b42cbbb,f83baf5732ffbf88b9a448a3d9ab9fa270f7495fe44d1559c1ac49795a30881a,41f184a29ff88aaf275f3365267b8c909ce7598a,ridge_corrected_41f184a29ff8_6ed147cd_f83baf57
Ridge,1,1,2022-01-01,2022-01-02,12.34,12.304399334601,-0.03560066539900042,0.03560066539900042,0.0012674073768515857,10.0,submitted_main_linear_features_H1_18col,6ed147cd585e5e8083292683f9be3cf585e97e4d46fa0e3224d24a4e2b42cbbb,f83baf5732ffbf88b9a448a3d9ab9fa270f7495fe44d1559c1ac49795a30881a,41f184a29ff88aaf275f3365267b8c909ce7598a,ridge_corrected_41f184a29ff8_6ed147cd_f83baf57
Ridge,1,1,2022-01-02,2022-01-03,12.28,12.269658751568144,-0.010341248431855021,0.010341248431855021,0.00010694141912934393,10.0,submitted_main_linear_features_H1_18col,6ed147cd585e5e8083292683f9be3cf585e97e4d46fa0e3224d24a4e2b42cbbb,f83baf5732ffbf88b9a448a3d9ab9fa270f7495fe44d1559c1ac49795a30881a,41f184a29ff88aaf275f3365267b8c909ce7598a,ridge_corrected_41f184a29ff8_6ed147cd_f83baf57
Ridge,1,1,2022-01-03,2022-01-04,12.84,12.106361269581448,-0.7336387304185514,0.7336387304185514,0.538225786770144,10.0,submitted_main_linear_features_H1_18col,6ed147cd585e5e8083292683f9be3cf585e97e4d46fa0e3224d24a4e2b42cbbb,f83baf5732ffbf88b9a448a3d9ab9fa270f7495fe44d1559c1ac49795a30881a,41f184a29ff88aaf275f3365267b8c909ce7598a,ridge_corrected_41f184a29ff8_6ed147cd_f83baf57
Ridge,1,1,2022-01-04,2022-01-05,12.52,12.49203115085845,-0.027968849141549512,0.027968849141549512,0.0007822565223027549,10.0,submitted_main_linear_features_H1_18col,6ed147cd585e5e8083292683f9be3cf585e97e4d46fa0e3224d24a4e2b42cbbb,f83baf5732ffbf88b9a448a3d9ab9fa270f7495fe44d1559c1ac49795a30881a,41f184a29ff88aaf275f3365267b8c909ce7598a,ridge_corrected_41f184a29ff8_6ed147cd_f83baf57
Ridge,1,1,2022-01-05,2022-01-06,12.79,13.184440748248006,0.394440748248007,0.394440748248007,0.15558350387844766,10.0,submitted_main_linear_features_H1_18col,6ed147cd585e5e8083292683f9be3cf585e97e4d46fa0e3224d24a4e2b42cbbb,f83baf5732ffbf88b9a448a3d9ab9fa270f7495fe44d1559c1ac49795a30881a,41f184a29ff88aaf275f3365267b8c909ce7598a,ridge_corrected_41f184a29ff8_6ed147cd_f83baf57
Ridge,1,1,2022-01-06,2022-01-07,13.93,13.236049375343628,-0.693950624656372,0.693950624656372,0.48156746946096896,10.0,submitted_main_linear_features_H1_18col,6ed147cd585e5e8083292683f9be3cf585e97e4d46fa0e3224d24a4e2b42cbbb,f83baf5732ffbf88b9a448a3d9ab9fa270f7495fe44d1559c1ac49795a30881a,41f184a29ff88aaf275f3365267b8c909ce7598a,ridge_corrected_41f184a29ff8_6ed147cd_f83baf57
Ridge,1,1,2022-01-07,2022-01-08,14.05,12.578389722613922,-1.4716102773860786,1.4716102773860786,2.1656368085083315,10.0,submitted_main_linear_features_H1_18col,6ed147cd585e5e8083292683f9be3cf585e97e4d46fa0e3224d24a4e2b42cbbb,f83baf5732ffbf88b9a448a3d9ab9fa270f7495fe44d1559c1ac49795a30881a,41f184a29ff88aaf275f3365267b8c909ce7598a,ridge_corrected_41f184a29ff8_6ed147cd_f83baf57
Ridge,1,1,2022-01-08,2022-01-09,11.8,13.138152542503699,1.338152542503698,1.338152542503698,1.7906522270091112,10.0,submitted_main_linear_features_H1_18col,6ed147cd585e5e8083292683f9be3cf585e97e4d46fa0e3224d24a4e2b42cbbb,f83baf5732ffbf88b9a448a3d9ab9fa270f7495fe44d1559c1ac49795a30881a,41f184a29ff88aaf275f3365267b8c909ce7598a,ridge_corrected_41f184a29ff8_6ed147cd_f83baf57
Ridge,1,1,2022-01-09,2022-01-10,12.13,13.261101350217203,1.131101350217202,1.131101350217202,1.2793902644631776,10.0,submitted_main_linear_features_H1_18col,6ed147cd585e5e8083292683f9be3cf585e97e4d46fa0e3224d24a4e2b42cbbb,f83baf5732ffbf88b9a448a3d9ab9fa270f7495fe44d1559c1ac49795a30881a,41f184a29ff88aaf275f3365267b8c909ce7598a,ridge_corrected_41f184a29ff8_6ed147cd_f83baf57
Ridge,1,1,2022-01-10,2022-01-11,11.1,12.918435399536433,1.8184353995364333,1.8184353995364333,3.306707302287228,10.0,submitted_main_linear_features_H1_18col,6ed147cd585e5e8083292683f9be3cf585e97e4d46fa0e3224d24a4e2b42cbbb,f83baf5732ffbf88b9a448a3d9ab9fa270f7495fe44d1559c1ac49795a30881a,41f184a29ff88aaf275f3365267b8c909ce7598a,ridge_corrected_41f184a29ff8_6ed147cd_f83baf57
Ridge,1,1,2022-01-11,2022-01-12,12.55,13.725166956256166,1.1751669562561649,1.1751669562561649,1.3810173750763788,10.0,submitted_main_linear_features_H1_18col,6ed147cd585e5e8083292683f9be3cf585e97e4d46fa0e3224d24a4e2b42cbbb,f83baf5732ffbf88b9a448a3d9ab9fa270f7495fe44d1559c1ac49795a30881a,41f184a29ff88aaf275f3365267b8c909ce7598a,ridge_corrected_41f184a29ff8_6ed147cd_f83baf57
Ridge,1,1,2022-01-12,2022-01-13,15.31,12.684398917696283,-2.6256010823037172,2.6256010823037172,6.893781043394451,10.0,submitted_main_linear_features_H1_18col,6ed147cd585e5e8083292683f9be3cf585e97e4d46fa0e3224d24a4e2b42cbbb,f83baf5732ffbf88b9a448a3d9ab9fa270f7495fe44d1559c1ac49795a30881a,41f184a29ff88aaf275f3365267b8c909ce7598a,ridge_corrected_41f184a29ff8_6ed147cd_f83baf57
Ridge,1,1,2022-01-13,2022-01-14,15.32,12.98076499454516,-2.3392350054548405,2.3392350054548405,5.472020410745308,10.0,submitted_main_linear_features_H1_18col,6ed147cd585e5e8083292683f9be3cf585e97e4d46fa0e3224d24a4e2b42cbbb,f83baf5732ffbf88b9a448a3d9ab9fa270f7495fe44d1559c1ac49795a30881a,41f184a29ff88aaf275f3365267b8c909ce7598a,ridge_corrected_41f184a29ff8_6ed147cd_f83baf57
Ridge,1,1,2022-01-14,2022-01-15,13.61,13.361459704749594,-0.24854029525040566,0.24854029525040566,0.06177227836315882,10.0,submitted_main_linear_features_H1_18col,6ed147cd585e5e8083292683f9be3cf585e97e4d46fa0e3224d24a4e2b42cbbb,f83baf5732ffbf88b9a448a3d9ab9fa270f7495fe44d1559c1ac49795a30881a,41f184a29ff88aaf275f3365267b8c909ce7598a,ridge_corrected_41f184a29ff8_6ed147cd_f83baf57
Ridge,1,1,2022-01-15,2022-01-16,10.99,13.176369507052621,2.1863695070526212,2.1863695070526212,4.780211621369522,10.0,submitted_main_linear_features_H1_18col,6ed147cd585e5e8083292683f9be3cf585e97e4d46fa0e3224d24a4e2b42cbbb,f83baf5732ffbf88b9a448a3d9ab9fa270f7495fe44d1559c1ac49795a30881a,41f184a29ff88aaf275f3365267b8c909ce7598a,ridge_corrected_41f184a29ff8_6ed147cd_f83baf57
Ridge,1,1,2022-01-16,2022-01-17,12.86,12.619622908802395,-0.24037709119760464,0.24037709119760464,0.05778114597262154,10.0,submitted_main_linear_features_H1_18col,6ed147cd585e5e8083292683f9be3cf585e97e4d46fa0e3224d24a4e2b42cbbb,f83baf5732ffbf88b9a448a3d9ab9fa270f7495fe44d1559c1ac49795a30881a,41f184a29ff88aaf275f3365267b8c909ce7598a,ridge_corrected_41f184a29ff8_6ed147cd_f83baf57
Ridge,1,1,2022-01-17,2022-01-18,11.89,12.336924686804386,0.446924686804385,0.446924686804385,0.19974167567519763,10.0,submitted_main_linear_features_H1_18col,6ed147cd585e5e8083292683f9be3cf585e97e4d46fa0e3224d24a4e2b42cbbb,f83baf5732ffbf88b9a448a3d9ab9fa270f7495fe44d1559c1ac49795a30881a,41f184a29ff88aaf275f3365267b8c909ce7598a,ridge_corrected_41f184a29ff8_6ed147cd_f83baf57
Ridge,1,1,2022-01-18,2022-01-19,14.33,12.47965912575464,-1.8503408742453598,1.8503408742453598,3.4237613509030824,10.0,submitted_main_linear_features_H1_18col,6ed147cd585e5e8083292683f9be3cf585e97e4d46fa0e3224d24a4e2b42cbbb,f83baf5732ffbf88b9a448a3d9ab9fa270f7495fe44d1559c1ac49795a30881a,41f184a29ff88aaf275f3365267b8c909ce7598a,ridge_corrected_41f184a29ff8_6ed147cd_f83baf57
Ridge,1,1,2022-01-19,2022-01-20,12.26,12.386520377275222,0.12652037727522192,0.12652037727522192,0.01600740586586449,10.0,submitted_main_linear_features_H1_18col,6ed147cd585e5e8083292683f9be3cf585e97e4d46fa0e3224d24a4e2b42cbbb,f83baf5732ffbf88b9a448a3d9ab9fa270f7495fe44d1559c1ac49795a30881a,41f184a29ff88aaf275f3365267b8c909ce7598a,ridge_corrected_41f184a29ff8_6ed147cd_f83baf57
Ridge,1,1,2022-01-20,2022-01-21,13.07,13.678674921221347,0.6086749212213469,0.6086749212213469,0.3704851597238129,10.0,submitted_main_linear_features_H1_18col,6ed147cd585e5e8083292683f9be3cf585e97e4d46fa0e3224d24a4e2b42cbbb,f83baf5732ffbf88b9a448a3d9ab9fa270f7495fe44d1559c1ac49795a30881a,41f184a29ff88aaf275f3365267b8c909ce7598a,ridge_corrected_41f184a29ff8_6ed147cd_f83baf57
Ridge,1,1,2022-01-21,2022-01-22,12.98,12.215156870013667,-0.7648431299863336,0.7648431299863336,0.5849850134872917,10.0,submitted_main_linear_features_H1_18col,6ed147cd585e5e8083292683f9be3cf585e97e4d46fa0e3224d24a4e2b42cbbb,f83baf5732ffbf88b9a448a3d9ab9fa270f7495fe44d1559c1ac49795a30881a,41f184a29ff88aaf275f3365267b8c909ce7598a,ridge_corrected_41f184a29ff8_6ed147cd_f83baf57
Ridge,1,1,2022-01-22,2022-01-23,13.62,13.49664598462801,-0.12335401537198898,0.12335401537198898,0.015216213108392893,10.0,submitted_main_linear_features_H1_18col,6ed147cd585e5e8083292683f9be3cf585e97e4d46fa0e3224d24a4e2b42cbbb,f83baf5732ffbf88b9a448a3d9ab9fa270f7495fe44d1559c1ac49795a30881a,41f184a29ff88aaf275f3365267b8c909ce7598a,ridge_corrected_41f184a29ff8_6ed147cd_f83baf57
Ridge,1,1,2022-01-23,2022-01-24,11.05,12.927918553928064,1.8779185539280636,1.8779185539280636,3.5265780951872694,10.0,submitted_main_linear_features_H1_18col,6ed147cd585e5e8083292683f9be3cf585e97e4d46fa0e3224d24a4e2b42cbbb,f83baf5732ffbf88b9a448a3d9ab9fa270f7495fe44d1559c1ac49795a30881a,41f184a29ff88aaf275f3365267b8c909ce7598a,ridge_corrected_41f184a29ff8_6ed147cd_f83baf57
Ridge,1,1,2022-01-24,2022-01-25,11.05,12.892087002660832,1.842087002660831,1.842087002660831,3.393284525371964,10.0,submitted_main_linear_features_H1_18col,6ed147cd585e5e8083292683f9be3cf585e97e4d46fa0e3224d24a4e2b42cbbb,f83baf5732ffbf88b9a448a3d9ab9fa270f7495fe44d1559c1ac49795a30881a,41f184a29ff88aaf275f3365267b8c909ce7598a,ridge_corrected_41f184a29ff8_6ed147cd_f83baf57
Ridge,1,1,2022-01-25,2022-01-26,15.6,12.838114977663945,-2.7618850223360543,2.7618850223360543,7.628008876604227,10.0,submitted_main_linear_features_H1_18col,6ed147cd585e5e8083292683f9be3cf585e97e4d46fa0e3224d24a4e2b42cbbb,f83baf5732ffbf88b9a448a3d9ab9fa270f7495fe44d1559c1ac49795a30881a,41f184a29ff88aaf275f3365267b8c909ce7598a,ridge_corrected_41f184a29ff8_6ed147cd_f83baf57
Ridge,1,1,2022-01-26,2022-01-27,15.83,11.713900992743131,-4.116099007256869,4.116099007256869,16.942271037540984,10.0,submitted_main_linear_features_H1_18col,6ed147cd585e5e8083292683f9be3cf585e97e4d46fa0e3224d24a4e2b42cbbb,f83baf5732ffbf88b9a448a3d9ab9fa270f7495fe44d1559c1ac49795a30881a,41f184a29ff88aaf275f3365267b8c909ce7598a,ridge_corrected_41f184a29ff8_6ed147cd_f83baf57
Ridge,1,1,2022-01-27,2022-01-28,17.57,12.847236746295323,-4.722763253704677,4.722763253704677,22.30449275054319,10.0,submitted_main_linear_features_H1_18col,6ed147cd585e5e8083292683f9be3cf585e97e4d46fa0e3224d24a4e2b42cbbb,f83baf5732ffbf88b9a448a3d9ab9fa270f7495fe44d1559c1ac49795a30881a,41f184a29ff88aaf275f3365267b8c909ce7598a,ridge_corrected_41f184a29ff8_6ed147cd_f83baf57
Ridge,1,1,2022-01-28,2022-01-29,17.94,13.435884506456617,-4.5041154935433845,4.5041154935433845,20.287056379177567,10.0,submitted_main_linear_features_H1_18col,6ed147cd585e5e8083292683f9be3cf585e97e4d46fa0e3224d24a4e2b42cbbb,f83baf5732ffbf88b9a448a3d9ab9fa270f7495fe44d1559c1ac49795a30881a,41f184a29ff88aaf275f3365267b8c909ce7598a,ridge_corrected_41f184a29ff8_6ed147cd_f83baf57
Ridge,1,1,2022-01-29,2022-01-30,15.82,14.366298579581349,-1.4537014204186516,1.4537014204186516,2.113247819727205,10.0,submitted_main_linear_features_H1_18col,6ed147cd585e5e8083292683f9be3cf585e97e4d46fa0e3224d24a4e2b42cbbb,f83baf5732ffbf88b9a448a3d9ab9fa270f7495fe44d1559c1ac49795a30881a,41f184a29ff88aaf275f3365267b8c909ce7598a,ridge_corrected_41f184a29ff8_6ed147cd_f83baf57
Ridge,1,1,2022-01-30,2022-01-31,17.88,14.430735763446945,-3.449264236553054,3.449264236553054,11.897423773563922,10.0,submitted_main_linear_features_H1_18col,6ed147cd585e5e8083292683f9be3cf585e97e4d46fa0e3224d24a4e2b42cbbb,f83baf5732ffbf88b9a448a3d9ab9fa270f7495fe44d1559c1ac49795a30881a,41f184a29ff88aaf275f3365267b8c909ce7598a,ridge_corrected_41f184a29ff8_6ed147cd_f83baf57
Ridge,1,1,2022-01-31,2022-02-01,17.53,14.492368949389963,-3.037631050610038,3.037631050610038,9.227202399630244,10.0,submitted_main_linear_features_H1_18col,6ed147cd585e5e8083292683f9be3cf585e97e4d46fa0e3224d24a4e2b42cbbb,f83baf5732ffbf88b9a448a3d9ab9fa270f7495fe44d1559c1ac49795a30881a,41f184a29ff88aaf275f3365267b8c909ce7598a,ridge_corrected_41f184a29ff8_6ed147cd_f83baf57
Ridge,1,1,2022-02-01,2022-02-02,16.85,16.08352034563036,-0.7664796543696397,0.7664796543696397,0.5874910605626024,10.0,submitted_main_linear_features_H1_18col,6ed147cd585e5e8083292683f9be3cf585e97e4d46fa0e3224d24a4e2b42cbbb,f83baf5732ffbf88b9a448a3d9ab9fa270f7495fe44d1559c1ac49795a30881a,41f184a29ff88aaf275f3365267b8c909ce7598a,ridge_corrected_41f184a29ff8_6ed147cd_f83baf57
Ridge,1,1,2022-02-02,2022-02-03,15.86,15.441611869783031,-0.4183881302169681,0.4183881302169681,0.17504862750645064,10.0,submitted_main_linear_features_H1_18col,6ed147cd585e5e8083292683f9be3cf585e97e4d46fa0e3224d24a4e2b42cbbb,f83baf5732ffbf88b9a448a3d9ab9fa270f7495fe44d1559c1ac49795a30881a,41f184a29ff88aaf275f3365267b8c909ce7598a,ridge_corrected_41f184a29ff8_6ed147cd_f83baf57
Ridge,1,1,2022-02-03,2022-02-04,14.95,15.160776757361102,0.2107767573611028,0.2107767573611028,0.0444268414436612,10.0,submitted_main_linear_features_H1_18col,6ed147cd585e5e8083292683f9be3cf585e97e4d46fa0e3224d24a4e2b42cbbb,f83baf5732ffbf88b9a448a3d9ab9fa270f7495fe44d1559c1ac49795a30881a,41f184a29ff88aaf275f3365267b8c909ce7598a,ridge_corrected_41f184a29ff8_6ed147cd_f83baf57
Ridge,1,1,2022-02-04,2022-02-05,16.84,14.867081683811898,-1.9729183161881014,1.9729183161881014,3.8924066823504933,10.0,submitted_main_linear_features_H1_18col,6ed147cd585e5e8083292683f9be3cf585e97e4d46fa0e3224d24a4e2b42cbbb,f83baf5732ffbf88b9a448a3d9ab9fa270f7495fe44d1559c1ac49795a30881a,41f184a29ff88aaf275f3365267b8c909ce7598a,ridge_corrected_41f184a29ff8_6ed147cd_f83baf57
Ridge,1,1,2022-02-05,2022-02-06,16.4,15.167142060421188,-1.2328579395788104,1.2328579395788104,1.5199386991825097,10.0,submitted_main_linear_features_H1_18col,6ed147cd585e5e8083292683f9be3cf585e97e4d46fa0e3224d24a4e2b42cbbb,f83baf5732ffbf88b9a448a3d9ab9fa270f7495fe44d1559c1ac49795a30881a,41f184a29ff88aaf275f3365267b8c909ce7598a,ridge_corrected_41f184a29ff8_6ed147cd_f83baf57
Ridge,1,1,2022-02-06,2022-02-07,16.34,15.451283041962224,-0.8887169580377758,0.8887169580377758,0.7898178315039178,10.0,submitted_main_linear_features_H1_18col,6ed147cd585e5e8083292683f9be3cf585e97e4d46fa0e3224d24a4e2b42cbbb,f83baf5732ffbf88b9a448a3d9ab9fa270f7495fe44d1559c1ac49795a30881a,41f184a29ff88aaf275f3365267b8c909ce7598a,ridge_corrected_41f184a29ff8_6ed147cd_f83baf57
Ridge,1,1,2022-02-07,2022-02-08,17.09,15.062886639244116,-2.0271133607558838,2.0271133607558838,4.109188577355014,10.0,submitted_main_linear_features_H1_18col,6ed147cd585e5e8083292683f9be3cf585e97e4d46fa0e3224d24a4e2b42cbbb,f83baf5732ffbf88b9a448a3d9ab9fa270f7495fe44d1559c1ac49795a30881a,41f184a29ff88aaf275f3365267b8c909ce7598a,ridge_corrected_41f184a29ff8_6ed147cd_f83baf57
Ridge,1,1,2022-02-08,2022-02-09,16.3,15.426265252709465,-0.8737347472905359,0.8737347472905359,0.7634124086228566,10.0,submitted_main_linear_features_H1_18col,6ed147cd585e5e8083292683f9be3cf585e97e4d46fa0e3224d24a4e2b42cbbb,f83baf5732ffbf88b9a448a3d9ab9fa270f7495fe44d1559c1ac49795a30881a,41f184a29ff88aaf275f3365267b8c909ce7598a,ridge_corrected_41f184a29ff8_6ed147cd_f83baf57
Ridge,1,1,2022-02-09,2022-02-10,16.4,15.177312183833068,-1.2226878161669301,1.2226878161669301,1.4949654958030567,10.0,submitted_main_linear_features_H1_18col,6ed147cd585e5e8083292683f9be3cf585e97e4d46fa0e3224d24a4e2b42cbbb,f83baf5732ffbf88b9a448a3d9ab9fa270f7495fe44d1559c1ac49795a30881a,41f184a29ff88aaf275f3365267b8c909ce7598a,ridge_corrected_41f184a29ff8_6ed147cd_f83baf57
Ridge,1,1,2022-02-10,2022-02-11,15.29,14.20209559520096,-1.0879044047990387,1.0879044047990387,1.1835359939811507,10.0,submitted_main_linear_features_H1_18col,6ed147cd585e5e8083292683f9be3cf585e97e4d46fa0e3224d24a4e2b42cbbb,f83baf5732ffbf88b9a448a3d9ab9fa270f7495fe44d1559c1ac49795a30881a,41f184a29ff88aaf275f3365267b8c909ce7598a,ridge_corrected_41f184a29ff8_6ed147cd_f83baf57
Ridge,1,1,2022-02-11,2022-02-12,16.08,13.944524437768548,-2.1354755622314503,2.1354755622314503,4.560255876887728,10.0,submitted_main_linear_features_H1_18col,6ed147cd585e5e8083292683f9be3cf585e97e4d46fa0e3224d24a4e2b42cbbb,f83baf5732ffbf88b9a448a3d9ab9fa270f7495fe44d1559c1ac49795a30881a,41f184a29ff88aaf275f3365267b8c909ce7598a,ridge_corrected_41f184a29ff8_6ed147cd_f83baf57
Ridge,1,1,2022-02-12,2022-02-13,16.36,14.435903056896311,-1.924096943103688,1.924096943103688,3.702149046460957,10.0,submitted_main_linear_features_H1_18col,6ed147cd585e5e8083292683f9be3cf585e97e4d46fa0e3224d24a4e2b42cbbb,f83baf5732ffbf88b9a448a3d9ab9fa270f7495fe44d1559c1ac49795a30881a,41f184a29ff88aaf275f3365267b8c909ce7598a,ridge_corrected_41f184a29ff8_6ed147cd_f83baf57
Ridge,1,1,2022-02-13,2022-02-14,14.56,14.019545502896245,-0.5404544971037559,0.5404544971037559,0.2920910634396737,10.0,submitted_main_linear_features_H1_18col,6ed147cd585e5e8083292683f9be3cf585e97e4d46fa0e3224d24a4e2b42cbbb,f83baf5732ffbf88b9a448a3d9ab9fa270f7495fe44d1559c1ac49795a30881a,41f184a29ff88aaf275f3365267b8c909ce7598a,ridge_corrected_41f184a29ff8_6ed147cd_f83baf57
Ridge,1,1,2022-02-14,2022-02-15,14.23,14.232042796428036,0.0020427964280358424,0.0020427964280358424,4.173017246395996e-06,10.0,submitted_main_linear_features_H1_18col,6ed147cd585e5e8083292683f9be3cf585e97e4d46fa0e3224d24a4e2b42cbbb,f83baf5732ffbf88b9a448a3d9ab9fa270f7495fe44d1559c1ac49795a30881a,41f184a29ff88aaf275f3365267b8c909ce7598a,ridge_corrected_41f184a29ff8_6ed147cd_f83baf57
Ridge,1,1,2022-02-15,2022-02-16,15.74,13.370066208461843,-2.3699337915381573,2.3699337915381573,5.616586176274426,10.0,submitted_main_linear_features_H1_18col,6ed147cd585e5e8083292683f9be3cf585e97e4d46fa0e3224d24a4e2b42cbbb,f83baf5732ffbf88b9a448a3d9ab9fa270f7495fe44d1559c1ac49795a30881a,41f184a29ff88aaf275f3365267b8c909ce7598a,ridge_corrected_41f184a29ff8_6ed147cd_f83baf57
Ridge,1,1,2022-02-16,2022-02-17,16.45,13.804131652679523,-2.6458683473204765,2.6458683473204765,7.00061931135239,10.0,submitted_main_linear_features_H1_18col,6ed147cd585e5e8083292683f9be3cf585e97e4d46fa0e3224d24a4e2b42cbbb,f83baf5732ffbf88b9a448a3d9ab9fa270f7495fe44d1559c1ac49795a30881a,41f184a29ff88aaf275f3365267b8c909ce7598a,ridge_corrected_41f184a29ff8_6ed147cd_f83baf57
Ridge,1,1,2022-02-17,2022-02-18,14.24,14.74970486706368,0.5097048670636806,0.5097048670636806,0.25979905150840427,10.0,submitted_main_linear_features_H1_18col,6ed147cd585e5e8083292683f9be3cf585e97e4d46fa0e3224d24a4e2b42cbbb,f83baf5732ffbf88b9a448a3d9ab9fa270f7495fe44d1559c1ac49795a30881a,41f184a29ff88aaf275f3365267b8c909ce7598a,ridge_corrected_41f184a29ff8_6ed147cd_f83baf57
Ridge,1,1,2022-02-18,2022-02-19,14.83,15.273898717046928,0.4438987170469275,0.4438987170469275,0.1970460709959082,10.0,submitted_main_linear_features_H1_18col,6ed147cd585e5e8083292683f9be3cf585e97e4d46fa0e3224d24a4e2b42cbbb,f83baf5732ffbf88b9a448a3d9ab9fa270f7495fe44d1559c1ac49795a30881a,41f184a29ff88aaf275f3365267b8c909ce7598a,ridge_corrected_41f184a29ff8_6ed147cd_f83baf57
Ridge,1,1,2022-02-19,2022-02-20,14.17,14.589296100664821,0.4192961006648215,0.4192961006648215,0.17580922003272412,10.0,submitted_main_linear_features_H1_18col,6ed147cd585e5e8083292683f9be3cf585e97e4d46fa0e3224d24a4e2b42cbbb,f83baf5732ffbf88b9a448a3d9ab9fa270f7495fe44d1559c1ac49795a30881a,41f184a29ff88aaf275f3365267b8c909ce7598a,ridge_corrected_41f184a29ff8_6ed147cd_f83baf57
Ridge,1,1,2022-02-20,2022-02-21,12.42,14.691632090917356,2.2716320909173557,2.2716320909173557,5.160312356485558,10.0,submitted_main_linear_features_H1_18col,6ed147cd585e5e8083292683f9be3cf585e97e4d46fa0e3224d24a4e2b42cbbb,f83baf5732ffbf88b9a448a3d9ab9fa270f7495fe44d1559c1ac49795a30881a,41f184a29ff88aaf275f3365267b8c909ce7598a,ridge_corrected_41f184a29ff8_6ed147cd_f83baf57
Ridge,1,1,2022-02-21,2022-02-22,11.98,13.961371136258565,1.9813711362585646,1.9813711362585646,3.9258315795985554,10.0,submitted_main_linear_features_H1_18col,6ed147cd585e5e8083292683f9be3cf585e97e4d46fa0e3224d24a4e2b42cbbb,f83baf5732ffbf88b9a448a3d9ab9fa270f7495fe44d1559c1ac49795a30881a,41f184a29ff88aaf275f3365267b8c909ce7598a,ridge_corrected_41f184a29ff8_6ed147cd_f83baf57
Ridge,1,1,2022-02-22,2022-02-23,13.84,13.173126335579239,-0.6668736644207609,0.6668736644207609,0.4447204842979736,10.0,submitted_main_linear_features_H1_18col,6ed147cd585e5e8083292683f9be3cf585e97e4d46fa0e3224d24a4e2b42cbbb,f83baf5732ffbf88b9a448a3d9ab9fa270f7495fe44d1559c1ac49795a30881a,41f184a29ff88aaf275f3365267b8c909ce7598a,ridge_corrected_41f184a29ff8_6ed147cd_f83baf57
Ridge,1,1,2022-02-23,2022-02-24,13.06,13.849220587027496,0.7892205870274953,0.7892205870274953,0.6228691349880243,10.0,submitted_main_linear_features_H1_18col,6ed147cd585e5e8083292683f9be3cf585e97e4d46fa0e3224d24a4e2b42cbbb,f83baf5732ffbf88b9a448a3d9ab9fa270f7495fe44d1559c1ac49795a30881a,41f184a29ff88aaf275f3365267b8c909ce7598a,ridge_corrected_41f184a29ff8_6ed147cd_f83baf57
Ridge,1,1,2022-02-24,2022-02-25,14.66,14.409786433490218,-0.25021356650978177,0.25021356650978177,0.06260682886554499,10.0,submitted_main_linear_features_H1_18col,6ed147cd585e5e8083292683f9be3cf585e97e4d46fa0e3224d24a4e2b42cbbb,f83baf5732ffbf88b9a448a3d9ab9fa270f7495fe44d1559c1ac49795a30881a,41f184a29ff88aaf275f3365267b8c909ce7598a,ridge_corrected_41f184a29ff8_6ed147cd_f83baf57
Ridge,1,1,2022-02-25,2022-02-26,11.86,13.385080873689699,1.5250808736896992,1.5250808736896992,2.3258716712941365,10.0,submitted_main_linear_features_H1_18col,6ed147cd585e5e8083292683f9be3cf585e97e4d46fa0e3224d24a4e2b42cbbb,f83baf5732ffbf88b9a448a3d9ab9fa270f7495fe44d1559c1ac49795a30881a,41f184a29ff88aaf275f3365267b8c909ce7598a,ridge_corrected_41f184a29ff8_6ed147cd_f83baf57
Ridge,1,1,2022-02-26,2022-02-27,12.23,13.431373357255556,1.2013733572555552,1.2013733572555552,1.4432979435234838,10.0,submitted_main_linear_features_H1_18col,6ed147cd585e5e8083292683f9be3cf585e97e4d46fa0e3224d24a4e2b42cbbb,f83baf5732ffbf88b9a448a3d9ab9fa270f7495fe44d1559c1ac49795a30881a,41f184a29ff88aaf275f3365267b8c909ce7598a,ridge_corrected_41f184a29ff8_6ed147cd_f83baf57
Ridge,1,1,2022-02-27,2022-02-28,8.96,12.999112373830695,4.039112373830694,4.039112373830694,16.314428768432222,10.0,submitted_main_linear_features_H1_18col,6ed147cd585e5e8083292683f9be3cf585e97e4d46fa0e3224d24a4e2b42cbbb,f83baf5732ffbf88b9a448a3d9ab9fa270f7495fe44d1559c1ac49795a30881a,41f184a29ff88aaf275f3365267b8c909ce7598a,ridge_corrected_41f184a29ff8_6ed147cd_f83baf57
Ridge,1,1,2022-02-28,2022-03-01,10.55,13.18715418590034,2.6371541859003393,2.6371541859003393,6.954582200211681,10.0,submitted_main_linear_features_H1_18col,6ed147cd585e5e8083292683f9be3cf585e97e4d46fa0e3224d24a4e2b42cbbb,f83baf5732ffbf88b9a448a3d9ab9fa270f7495fe44d1559c1ac49795a30881a,41f184a29ff88aaf275f3365267b8c909ce7598a,ridge_corrected_41f184a29ff8_6ed147cd_f83baf57
Ridge,1,1,2022-03-01,2022-03-02,10.09,11.79424540282149,1.7042454028214902,1.7042454028214902,2.9044523930381834,10.0,submitted_main_linear_features_H1_18col,6ed147cd585e5e8083292683f9be3cf585e97e4d46fa0e3224d24a4e2b42cbbb,f83baf5732ffbf88b9a448a3d9ab9fa270f7495fe44d1559c1ac49795a30881a,41f184a29ff88aaf275f3365267b8c909ce7598a,ridge_corrected_41f184a29ff8_6ed147cd_f83baf57
Ridge,1,1,2022-03-02,2022-03-03,9.89,12.0023299055577,2.112329905557699,2.112329905557699,4.461937629913398,10.0,submitted_main_linear_features_H1_18col,6ed147cd585e5e8083292683f9be3cf585e97e4d46fa0e3224d24a4e2b42cbbb,f83baf5732ffbf88b9a448a3d9ab9fa270f7495fe44d1559c1ac49795a30881a,41f184a29ff88aaf275f3365267b8c909ce7598a,ridge_corrected_41f184a29ff8_6ed147cd_f83baf57
Ridge,1,1,2022-03-03,2022-03-04,12.55,11.066807356227141,-1.4831926437728598,1.4831926437728598,2.1998604185419253,10.0,submitted_main_linear_features_H1_18col,6ed147cd585e5e8083292683f9be3cf585e97e4d46fa0e3224d24a4e2b42cbbb,f83baf5732ffbf88b9a448a3d9ab9fa270f7495fe44d1559c1ac49795a30881a,41f184a29ff88aaf275f3365267b8c909ce7598a,ridge_corrected_41f184a29ff8_6ed147cd_f83baf57
Ridge,1,1,2022-03-04,2022-03-05,15.67,10.96875036676283,-4.70124963323717,4.70124963323717,22.101748114012626,10.0,submitted_main_linear_features_H1_18col,6ed147cd585e5e8083292683f9be3cf585e97e4d46fa0e3224d24a4e2b42cbbb,f83baf5732ffbf88b9a448a3d9ab9fa270f7495fe44d1559c1ac49795a30881a,41f184a29ff88aaf275f3365267b8c909ce7598a,ridge_corrected_41f184a29ff8_6ed147cd_f83baf57
Ridge,1,1,2022-03-05,2022-03-06,14.47,11.78607671777662,-2.6839232822233807,2.6839232822233807,7.203444184860725,10.0,submitted_main_linear_features_H1_18col,6ed147cd585e5e8083292683f9be3cf585e97e4d46fa0e3224d24a4e2b42cbbb,f83baf5732ffbf88b9a448a3d9ab9fa270f7495fe44d1559c1ac49795a30881a,41f184a29ff88aaf275f3365267b8c909ce7598a,ridge_corrected_41f184a29ff8_6ed147cd_f83baf57
Ridge,1,1,2022-03-06,2022-03-07,15.59,12.080324112364037,-3.5096758876359626,3.5096758876359626,12.317824836253282,10.0,submitted_main_linear_features_H1_18col,6ed147cd585e5e8083292683f9be3cf585e97e4d46fa0e3224d24a4e2b42cbbb,f83baf5732ffbf88b9a448a3d9ab9fa270f7495fe44d1559c1ac49795a30881a,41f184a29ff88aaf275f3365267b8c909ce7598a,ridge_corrected_41f184a29ff8_6ed147cd_f83baf57
Ridge,1,1,2022-03-07,2022-03-08,17.47,12.878089022040408,-4.591910977959591,4.591910977959591,21.085646429505807,10.0,submitted_main_linear_features_H1_18col,6ed147cd585e5e8083292683f9be3cf585e97e4d46fa0e3224d24a4e2b42cbbb,f83baf5732ffbf88b9a448a3d9ab9fa270f7495fe44d1559c1ac49795a30881a,41f184a29ff88aaf275f3365267b8c909ce7598a,ridge_corrected_41f184a29ff8_6ed147cd_f83baf57
Ridge,1,1,2022-03-08,2022-03-09,15.23,13.32282878617994,-1.9071712138200603,1.9071712138200603,3.637302038823882,10.0,submitted_main_linear_features_H1_18col,6ed147cd585e5e8083292683f9be3cf585e97e4d46fa0e3224d24a4e2b42cbbb,f83baf5732ffbf88b9a448a3d9ab9fa270f7495fe44d1559c1ac49795a30881a,41f184a29ff88aaf275f3365267b8c909ce7598a,ridge_corrected_41f184a29ff8_6ed147cd_f83baf57
Ridge,1,1,2022-03-09,2022-03-10,15.48,12.956160198736992,-2.5238398012630086,2.5238398012630086,6.369767342439302,10.0,submitted_main_linear_features_H1_18col,6ed147cd585e5e8083292683f9be3cf585e97e4d46fa0e3224d24a4e2b42cbbb,f83baf5732ffbf88b9a448a3d9ab9fa270f7495fe44d1559c1ac49795a30881a,41f184a29ff88aaf275f3365267b8c909ce7598a,ridge_corrected_41f184a29ff8_6ed147cd_f83baf57
Ridge,1,1,2022-03-10,2022-03-11,16.87,12.856567758703294,-4.013432241296707,4.013432241296707,16.10763835547991,10.0,submitted_main_linear_features_H1_18col,6ed147cd585e5e8083292683f9be3cf585e97e4d46fa0e3224d24a4e2b42cbbb,f83baf5732ffbf88b9a448a3d9ab9fa270f7495fe44d1559c1ac49795a30881a,41f184a29ff88aaf275f3365267b8c909ce7598a,ridge_corrected_41f184a29ff8_6ed147cd_f83baf57
Ridge,1,1,2022-03-11,2022-03-12,16.91,13.14330263225508,-3.7666973677449196,3.7666973677449196,14.188009060176507,10.0,submitted_main_linear_features_H1_18col,6ed147cd585e5e8083292683f9be3cf585e97e4d46fa0e3224d24a4e2b42cbbb,f83baf5732ffbf88b9a448a3d9ab9fa270f7495fe44d1559c1ac49795a30881a,41f184a29ff88aaf275f3365267b8c909ce7598a,ridge_corrected_41f184a29ff8_6ed147cd_f83baf57
Ridge,1,1,2022-03-12,2022-03-13,16.7,14.382629960674898,-2.3173700393251018,2.3173700393251018,5.370203899161623,10.0,submitted_main_linear_features_H1_18col,6ed147cd585e5e8083292683f9be3cf585e97e4d46fa0e3224d24a4e2b42cbbb,f83baf5732ffbf88b9a448a3d9ab9fa270f7495fe44d1559c1ac49795a30881a,41f184a29ff88aaf275f3365267b8c909ce7598a,ridge_corrected_41f184a29ff8_6ed147cd_f83baf57
Ridge,1,1,2022-03-13,2022-03-14,17.6,14.56040007418315,-3.0395999258168516,3.0395999258168516,9.239167709025809,10.0,submitted_main_linear_features_H1_18col,6ed147cd585e5e8083292683f9be3cf585e97e4d46fa0e3224d24a4e2b42cbbb,f83baf5732ffbf88b9a448a3d9ab9fa270f7495fe44d1559c1ac49795a30881a,41f184a29ff88aaf275f3365267b8c909ce7598a,ridge_corrected_41f184a29ff8_6ed147cd_f83baf57
Ridge,1,1,2022-03-14,2022-03-15,15.05,13.293664483093762,-1.7563355169062387,1.7563355169062387,3.0847144479463044,10.0,submitted_main_linear_features_H1_18col,6ed147cd585e5e8083292683f9be3cf585e97e4d46fa0e3224d24a4e2b42cbbb,f83baf5732ffbf88b9a448a3d9ab9fa270f7495fe44d1559c1ac49795a30881a,41f184a29ff88aaf275f3365267b8c909ce7598a,ridge_corrected_41f184a29ff8_6ed147cd_f83baf57
Ridge,1,1,2022-03-15,2022-03-16,14.66,13.849556330191412,-0.8104436698085884,0.8104436698085884,0.6568189419328122,10.0,submitted_main_linear_features_H1_18col,6ed147cd585e5e8083292683f9be3cf585e97e4d46fa0e3224d24a4e2b42cbbb,f83baf5732ffbf88b9a448a3d9ab9fa270f7495fe44d1559c1ac49795a30881a,41f184a29ff88aaf275f3365267b8c909ce7598a,ridge_corrected_41f184a29ff8_6ed147cd_f83baf57
Ridge,1,1,2022-03-16,2022-03-17,14.99,13.062312924572481,-1.927687075427519,1.927687075427519,3.7159774607703016,10.0,submitted_main_linear_features_H1_18col,6ed147cd585e5e8083292683f9be3cf585e97e4d46fa0e3224d24a4e2b42cbbb,f83baf5732ffbf88b9a448a3d9ab9fa270f7495fe44d1559c1ac49795a30881a,41f184a29ff88aaf275f3365267b8c909ce7598a,ridge_corrected_41f184a29ff8_6ed147cd_f83baf57
Ridge,1,1,2022-03-17,2022-03-18,16.39,12.546430637066882,-3.8435693629331187,3.8435693629331187,14.7730254476781,10.0,submitted_main_linear_features_H1_18col,6ed147cd585e5e8083292683f9be3cf585e97e4d46fa0e3224d24a4e2b42cbbb,f83baf5732ffbf88b9a448a3d9ab9fa270f7495fe44d1559c1ac49795a30881a,41f184a29ff88aaf275f3365267b8c909ce7598a,ridge_corrected_41f184a29ff8_6ed147cd_f83baf57
Ridge,1,1,2022-03-18,2022-03-19,14.39,12.382352866059902,-2.0076471339400985,2.0076471339400985,4.030647014417892,10.0,submitted_main_linear_features_H1_18col,6ed147cd585e5e8083292683f9be3cf585e97e4d46fa0e3224d24a4e2b42cbbb,f83baf5732ffbf88b9a448a3d9ab9fa270f7495fe44d1559c1ac49795a30881a,41f184a29ff88aaf275f3365267b8c909ce7598a,ridge_corrected_41f184a29ff8_6ed147cd_f83baf57
Ridge,1,1,2022-03-19,2022-03-20,14.16,13.301226291445348,-0.8587737085546525,0.8587737085546525,0.7374922825047112,10.0,submitted_main_linear_features_H1_18col,6ed147cd585e5e8083292683f9be3cf585e97e4d46fa0e3224d24a4e2b42cbbb,f83baf5732ffbf88b9a448a3d9ab9fa270f7495fe44d1559c1ac49795a30881a,41f184a29ff88aaf275f3365267b8c909ce7598a,ridge_corrected_41f184a29ff8_6ed147cd_f83baf57
Ridge,1,1,2022-03-20,2022-03-21,15.02,12.873273758238815,-2.1467262417611845,2.1467262417611845,4.6084335570661,10.0,submitted_main_linear_features_H1_18col,6ed147cd585e5e8083292683f9be3cf585e97e4d46fa0e3224d24a4e2b42cbbb,f83baf5732ffbf88b9a448a3d9ab9fa270f7495fe44d1559c1ac49795a30881a,41f184a29ff88aaf275f3365267b8c909ce7598a,ridge_corrected_41f184a29ff8_6ed147cd_f83baf57
Ridge,1,1,2022-03-21,2022-03-22,14.66,12.897856226010639,-1.7621437739893615,1.7621437739893615,3.10515068020947,10.0,submitted_main_linear_features_H1_18col,6ed147cd585e5e8083292683f9be3cf585e97e4d46fa0e3224d24a4e2b42cbbb,f83baf5732ffbf88b9a448a3d9ab9fa270f7495fe44d1559c1ac49795a30881a,41f184a29ff88aaf275f3365267b8c909ce7598a,ridge_corrected_41f184a29ff8_6ed147cd_f83baf57
Ridge,1,1,2022-03-22,2022-03-23,13.91,13.14926222776772,-0.7607377722322806,0.7607377722322806,0.5787219581009332,10.0,submitted_main_linear_features_H1_18col,6ed147cd585e5e8083292683f9be3cf585e97e4d46fa0e3224d24a4e2b42cbbb,f83baf5732ffbf88b9a448a3d9ab9fa270f7495fe44d1559c1ac49795a30881a,41f184a29ff88aaf275f3365267b8c909ce7598a,ridge_corrected_41f184a29ff8_6ed147cd_f83baf57
Ridge,1,1,2022-03-23,2022-03-24,15.36,13.011420215139745,-2.348579784860254,2.348579784860254,5.515827005854238,10.0,submitted_main_linear_features_H1_18col,6ed147cd585e5e8083292683f9be3cf585e97e4d46fa0e3224d24a4e2b42cbbb,f83baf5732ffbf88b9a448a3d9ab9fa270f7495fe44d1559c1ac49795a30881a,41f184a29ff88aaf275f3365267b8c909ce7598a,ridge_corrected_41f184a29ff8_6ed147cd_f83baf57
Ridge,1,1,2022-03-24,2022-03-25,14.02,12.595833837902692,-1.4241661620973076,1.4241661620973076,2.0282492572629747,10.0,submitted_main_linear_features_H1_18col,6ed147cd585e5e8083292683f9be3cf585e97e4d46fa0e3224d24a4e2b42cbbb,f83baf5732ffbf88b9a448a3d9ab9fa270f7495fe44d1559c1ac49795a30881a,41f184a29ff88aaf275f3365267b8c909ce7598a,ridge_corrected_41f184a29ff8_6ed147cd_f83baf57
Ridge,1,1,2022-03-25,2022-03-26,12.34,13.154065761662327,0.8140657616623272,0.8140657616623272,0.662703064310865,10.0,submitted_main_linear_features_H1_18col,6ed147cd585e5e8083292683f9be3cf585e97e4d46fa0e3224d24a4e2b42cbbb,f83baf5732ffbf88b9a448a3d9ab9fa270f7495fe44d1559c1ac49795a30881a,41f184a29ff88aaf275f3365267b8c909ce7598a,ridge_corrected_41f184a29ff8_6ed147cd_f83baf57
Ridge,1,1,2022-03-26,2022-03-27,10.51,11.578430871147605,1.068430871147605,1.068430871147605,1.14154452642123,10.0,submitted_main_linear_features_H1_18col,6ed147cd585e5e8083292683f9be3cf585e97e4d46fa0e3224d24a4e2b42cbbb,f83baf5732ffbf88b9a448a3d9ab9fa270f7495fe44d1559c1ac49795a30881a,41f184a29ff88aaf275f3365267b8c909ce7598a,ridge_corrected_41f184a29ff8_6ed147cd_f83baf57
Ridge,1,1,2022-03-27,2022-03-28,11.68,11.344685373855238,-0.33531462614476126,0.33531462614476126,0.11243589850660102,10.0,submitted_main_linear_features_H1_18col,6ed147cd585e5e8083292683f9be3cf585e97e4d46fa0e3224d24a4e2b42cbbb,f83baf5732ffbf88b9a448a3d9ab9fa270f7495fe44d1559c1ac49795a30881a,41f184a29ff88aaf275f3365267b8c909ce7598a,ridge_corrected_41f184a29ff8_6ed147cd_f83baf57
Ridge,1,1,2022-03-28,2022-03-29,13.13,11.630539587804858,-1.499460412195143,1.499460412195143,2.248381527740428,10.0,submitted_main_linear_features_H1_18col,6ed147cd585e5e8083292683f9be3cf585e97e4d46fa0e3224d24a4e2b42cbbb,f83baf5732ffbf88b9a448a3d9ab9fa270f7495fe44d1559c1ac49795a30881a,41f184a29ff88aaf275f3365267b8c909ce7598a,ridge_corrected_41f184a29ff8_6ed147cd_f83baf57
Ridge,1,1,2022-03-29,2022-03-30,9.49,11.468470470517731,1.9784704705177312,1.9784704705177312,3.914345402710653,10.0,submitted_main_linear_features_H1_18col,6ed147cd585e5e8083292683f9be3cf585e97e4d46fa0e3224d24a4e2b42cbbb,f83baf5732ffbf88b9a448a3d9ab9fa270f7495fe44d1559c1ac49795a30881a,41f184a29ff88aaf275f3365267b8c909ce7598a,ridge_corrected_41f184a29ff8_6ed147cd_f83baf57
Ridge,1,1,2022-03-30,2022-03-31,12.8,11.21447950431715,-1.5855204956828501,1.5855204956828501,2.513875242230391,10.0,submitted_main_linear_features_H1_18col,6ed147cd585e5e8083292683f9be3cf585e97e4d46fa0e3224d24a4e2b42cbbb,f83baf5732ffbf88b9a448a3d9ab9fa270f7495fe44d1559c1ac49795a30881a,41f184a29ff88aaf275f3365267b8c909ce7598a,ridge_corrected_41f184a29ff8_6ed147cd_f83baf57
Ridge,1,1,2022-03-31,2022-04-01,10.76,10.5781786038105,-0.1818213961895001,0.1818213961895001,0.033059020112299164,10.0,submitted_main_linear_features_H1_18col,6ed147cd585e5e8083292683f9be3cf585e97e4d46fa0e3224d24a4e2b42cbbb,f83baf5732ffbf88b9a448a3d9ab9fa270f7495fe44d1559c1ac49795a30881a,41f184a29ff88aaf275f3365267b8c909ce7598a,ridge_corrected_41f184a29ff8_6ed147cd_f83baf57
Ridge,1,1,2022-04-01,2022-04-02,9.76,11.978534842216911,2.2185348422169113,2.2185348422169113,4.921896846130416,10.0,submitted_main_linear_features_H1_18col,6ed147cd585e5e8083292683f9be3cf585e97e4d46fa0e3224d24a4e2b42cbbb,f83baf5732ffbf88b9a448a3d9ab9fa270f7495fe44d1559c1ac49795a30881a,41f184a29ff88aaf275f3365267b8c909ce7598a,ridge_corrected_41f184a29ff8_6ed147cd_f83baf57
Ridge,1,1,2022-04-02,2022-04-03,11.41,11.613902121609543,0.20390212160954313,0.20390212160954313,0.04157607519687292,10.0,submitted_main_linear_features_H1_18col,6ed147cd585e5e8083292683f9be3cf585e97e4d46fa0e3224d24a4e2b42cbbb,f83baf5732ffbf88b9a448a3d9ab9fa270f7495fe44d1559c1ac49795a30881a,41f184a29ff88aaf275f3365267b8c909ce7598a,ridge_corrected_41f184a29ff8_6ed147cd_f83baf57
Ridge,1,1,2022-04-03,2022-04-04,12.77,11.01902027543002,-1.75097972456998,1.75097972456998,3.0659299958551633,10.0,submitted_main_linear_features_H1_18col,6ed147cd585e5e8083292683f9be3cf585e97e4d46fa0e3224d24a4e2b42cbbb,f83baf5732ffbf88b9a448a3d9ab9fa270f7495fe44d1559c1ac49795a30881a,41f184a29ff88aaf275f3365267b8c909ce7598a,ridge_corrected_41f184a29ff8_6ed147cd_f83baf57
Ridge,1,1,2022-04-04,2022-04-05,13.25,12.186263471613985,-1.0637365283860145,1.0637365283860145,1.1315354018227302,10.0,submitted_main_linear_features_H1_18col,6ed147cd585e5e8083292683f9be3cf585e97e4d46fa0e3224d24a4e2b42cbbb,f83baf5732ffbf88b9a448a3d9ab9fa270f7495fe44d1559c1ac49795a30881a,41f184a29ff88aaf275f3365267b8c909ce7598a,ridge_corrected_41f184a29ff8_6ed147cd_f83baf57
Ridge,1,1,2022-04-05,2022-04-06,12.49,12.198374306518469,-0.29162569348153156,0.29162569348153156,0.0850455450985842,10.0,submitted_main_linear_features_H1_18col,6ed147cd585e5e8083292683f9be3cf585e97e4d46fa0e3224d24a4e2b42cbbb,f83baf5732ffbf88b9a448a3d9ab9fa270f7495fe44d1559c1ac49795a30881a,41f184a29ff88aaf275f3365267b8c909ce7598a,ridge_corrected_41f184a29ff8_6ed147cd_f83baf57
Ridge,1,1,2022-04-06,2022-04-07,14.95,11.473445388586196,-3.4765546114138033,3.4765546114138033,12.08643196614258,10.0,submitted_main_linear_features_H1_18col,6ed147cd585e5e8083292683f9be3cf585e97e4d46fa0e3224d24a4e2b42cbbb,f83baf5732ffbf88b9a448a3d9ab9fa270f7495fe44d1559c1ac49795a30881a,41f184a29ff88aaf275f3365267b8c909ce7598a,ridge_corrected_41f184a29ff8_6ed147cd_f83baf57
Ridge,1,1,2022-04-07,2022-04-08,17.18,12.384213514927266,-4.795786485072734,4.795786485072734,22.999568010406286,10.0,submitted_main_linear_features_H1_18col,6ed147cd585e5e8083292683f9be3cf585e97e4d46fa0e3224d24a4e2b42cbbb,f83baf5732ffbf88b9a448a3d9ab9fa270f7495fe44d1559c1ac49795a30881a,41f184a29ff88aaf275f3365267b8c909ce7598a,ridge_corrected_41f184a29ff8_6ed147cd_f83baf57
Ridge,1,1,2022-04-08,2022-04-09,15.3,12.27176934059655,-3.0282306594034516,3.0282306594034516,9.170180926551064,10.0,submitted_main_linear_features_H1_18col,6ed147cd585e5e8083292683f9be3cf585e97e4d46fa0e3224d24a4e2b42cbbb,f83baf5732ffbf88b9a448a3d9ab9fa270f7495fe44d1559c1ac49795a30881a,41f184a29ff88aaf275f3365267b8c909ce7598a,ridge_corrected_41f184a29ff8_6ed147cd_f83baf57
Ridge,1,1,2022-04-09,2022-04-10,14.35,13.097597035987164,-1.2524029640128358,1.2524029640128358,1.5685131842681366,10.0,submitted_main_linear_features_H1_18col,6ed147cd585e5e8083292683f9be3cf585e97e4d46fa0e3224d24a4e2b42cbbb,f83baf5732ffbf88b9a448a3d9ab9fa270f7495fe44d1559c1ac49795a30881a,41f184a29ff88aaf275f3365267b8c909ce7598a,ridge_corrected_41f184a29ff8_6ed147cd_f83baf57
Ridge,1,1,2022-04-10,2022-04-11,14.05,12.794617738682874,-1.255382261317127,1.255382261317127,1.5759846220297034,10.0,submitted_main_linear_features_H1_18col,6ed147cd585e5e8083292683f9be3cf585e97e4d46fa0e3224d24a4e2b42cbbb,f83baf5732ffbf88b9a448a3d9ab9fa270f7495fe44d1559c1ac49795a30881a,41f184a29ff88aaf275f3365267b8c909ce7598a,ridge_corrected_41f184a29ff8_6ed147cd_f83baf57
Ridge,1,1,2022-04-11,2022-04-12,12.72,12.509958791137558,-0.21004120886244237,0.21004120886244237,0.04411730942039614,10.0,submitted_main_linear_features_H1_18col,6ed147cd585e5e8083292683f9be3cf585e97e4d46fa0e3224d24a4e2b42cbbb,f83baf5732ffbf88b9a448a3d9ab9fa270f7495fe44d1559c1ac49795a30881a,41f184a29ff88aaf275f3365267b8c909ce7598a,ridge_corrected_41f184a29ff8_6ed147cd_f83baf57
Ridge,1,1,2022-04-12,2022-04-13,14.57,12.919770224559418,-1.6502297754405824,1.6502297754405824,2.723258311750675,10.0,submitted_main_linear_features_H1_18col,6ed147cd585e5e8083292683f9be3cf585e97e4d46fa0e3224d24a4e2b42cbbb,f83baf5732ffbf88b9a448a3d9ab9fa270f7495fe44d1559c1ac49795a30881a,41f184a29ff88aaf275f3365267b8c909ce7598a,ridge_corrected_41f184a29ff8_6ed147cd_f83baf57
Ridge,1,1,2022-04-13,2022-04-14,13.69,12.164745973713218,-1.525254026286781,1.525254026286781,2.326399844704037,10.0,submitted_main_linear_features_H1_18col,6ed147cd585e5e8083292683f9be3cf585e97e4d46fa0e3224d24a4e2b42cbbb,f83baf5732ffbf88b9a448a3d9ab9fa270f7495fe44d1559c1ac49795a30881a,41f184a29ff88aaf275f3365267b8c909ce7598a,ridge_corrected_41f184a29ff8_6ed147cd_f83baf57
Ridge,1,1,2022-04-14,2022-04-15,15.92,12.412441198290905,-3.507558801709095,3.507558801709095,12.302968747446943,10.0,submitted_main_linear_features_H1_18col,6ed147cd585e5e8083292683f9be3cf585e97e4d46fa0e3224d24a4e2b42cbbb,f83baf5732ffbf88b9a448a3d9ab9fa270f7495fe44d1559c1ac49795a30881a,41f184a29ff88aaf275f3365267b8c909ce7598a,ridge_corrected_41f184a29ff8_6ed147cd_f83baf57
Ridge,1,1,2022-04-15,2022-04-16,11.75,13.26542552925817,1.5154255292581702,1.5154255292581702,2.296514534727405,10.0,submitted_main_linear_features_H1_18col,6ed147cd585e5e8083292683f9be3cf585e97e4d46fa0e3224d24a4e2b42cbbb,f83baf5732ffbf88b9a448a3d9ab9fa270f7495fe44d1559c1ac49795a30881a,41f184a29ff88aaf275f3365267b8c909ce7598a,ridge_corrected_41f184a29ff8_6ed147cd_f83baf57
Ridge,1,1,2022-04-16,2022-04-17,11.92,12.830042342426802,0.9100423424268023,0.9100423424268023,0.8281770650096613,10.0,submitted_main_linear_features_H1_18col,6ed147cd585e5e8083292683f9be3cf585e97e4d46fa0e3224d24a4e2b42cbbb,f83baf5732ffbf88b9a448a3d9ab9fa270f7495fe44d1559c1ac49795a30881a,41f184a29ff88aaf275f3365267b8c909ce7598a,ridge_corrected_41f184a29ff8_6ed147cd_f83baf57
Ridge,1,1,2022-04-17,2022-04-18,13.1,11.442153016010804,-1.6578469839891952,1.6578469839891952,2.7484566223220708,10.0,submitted_main_linear_features_H1_18col,6ed147cd585e5e8083292683f9be3cf585e97e4d46fa0e3224d24a4e2b42cbbb,f83baf5732ffbf88b9a448a3d9ab9fa270f7495fe44d1559c1ac49795a30881a,41f184a29ff88aaf275f3365267b8c909ce7598a,ridge_corrected_41f184a29ff8_6ed147cd_f83baf57
Ridge,1,1,2022-04-18,2022-04-19,13.5,11.223244863625121,-2.276755136374879,2.276755136374879,5.183613951009394,10.0,submitted_main_linear_features_H1_18col,6ed147cd585e5e8083292683f9be3cf585e97e4d46fa0e3224d24a4e2b42cbbb,f83baf5732ffbf88b9a448a3d9ab9fa270f7495fe44d1559c1ac49795a30881a,41f184a29ff88aaf275f3365267b8c909ce7598a,ridge_corrected_41f184a29ff8_6ed147cd_f83baf57
Ridge,1,1,2022-04-19,2022-04-20,13.24,11.015273552676284,-2.2247264473237163,2.2247264473237163,4.949407765421604,10.0,submitted_main_linear_features_H1_18col,6ed147cd585e5e8083292683f9be3cf585e97e4d46fa0e3224d24a4e2b42cbbb,f83baf5732ffbf88b9a448a3d9ab9fa270f7495fe44d1559c1ac49795a30881a,41f184a29ff88aaf275f3365267b8c909ce7598a,ridge_corrected_41f184a29ff8_6ed147cd_f83baf57
Ridge,1,1,2022-04-20,2022-04-21,13.75,10.870844635262916,-2.879155364737084,2.879155364737084,8.289535614294332,10.0,submitted_main_linear_features_H1_18col,6ed147cd585e5e8083292683f9be3cf585e97e4d46fa0e3224d24a4e2b42cbbb,f83baf5732ffbf88b9a448a3d9ab9fa270f7495fe44d1559c1ac49795a30881a,41f184a29ff88aaf275f3365267b8c909ce7598a,ridge_corrected_41f184a29ff8_6ed147cd_f83baf57
Ridge,1,1,2022-04-21,2022-04-22,17.64,10.595760420093104,-7.044239579906897,7.044239579906897,49.6213112591269,10.0,submitted_main_linear_features_H1_18col,6ed147cd585e5e8083292683f9be3cf585e97e4d46fa0e3224d24a4e2b42cbbb,f83baf5732ffbf88b9a448a3d9ab9fa270f7495fe44d1559c1ac49795a30881a,41f184a29ff88aaf275f3365267b8c909ce7598a,ridge_corrected_41f184a29ff8_6ed147cd_f83baf57
Ridge,1,1,2022-04-22,2022-04-23,11.22,11.930802406882842,0.7108024068828414,0.7108024068828414,0.5052400616304403,10.0,submitted_main_linear_features_H1_18col,6ed147cd585e5e8083292683f9be3cf585e97e4d46fa0e3224d24a4e2b42cbbb,f83baf5732ffbf88b9a448a3d9ab9fa270f7495fe44d1559c1ac49795a30881a,41f184a29ff88aaf275f3365267b8c909ce7598a,ridge_corrected_41f184a29ff8_6ed147cd_f83baf57
Ridge,1,1,2022-04-23,2022-04-24,11.23,12.99492333286077,1.7649233328607696,1.7649233328607696,3.114954370876367,10.0,submitted_main_linear_features_H1_18col,6ed147cd585e5e8083292683f9be3cf585e97e4d46fa0e3224d24a4e2b42cbbb,f83baf5732ffbf88b9a448a3d9ab9fa270f7495fe44d1559c1ac49795a30881a,41f184a29ff88aaf275f3365267b8c909ce7598a,ridge_corrected_41f184a29ff8_6ed147cd_f83baf57
Ridge,1,1,2022-04-24,2022-04-25,13.46,11.535618192901278,-1.9243818070987224,1.9243818070987224,3.7032453394925446,10.0,submitted_main_linear_features_H1_18col,6ed147cd585e5e8083292683f9be3cf585e97e4d46fa0e3224d24a4e2b42cbbb,f83baf5732ffbf88b9a448a3d9ab9fa270f7495fe44d1559c1ac49795a30881a,41f184a29ff88aaf275f3365267b8c909ce7598a,ridge_corrected_41f184a29ff8_6ed147cd_f83baf57
Ridge,1,1,2022-04-25,2022-04-26,14.5,10.757702099185032,-3.742297900814968,3.742297900814968,14.004793578444117,10.0,submitted_main_linear_features_H1_18col,6ed147cd585e5e8083292683f9be3cf585e97e4d46fa0e3224d24a4e2b42cbbb,f83baf5732ffbf88b9a448a3d9ab9fa270f7495fe44d1559c1ac49795a30881a,41f184a29ff88aaf275f3365267b8c909ce7598a,ridge_corrected_41f184a29ff8_6ed147cd_f83baf57
Ridge,1,1,2022-04-26,2022-04-27,11.69,9.609458012980099,-2.0805419870199007,2.0805419870199007,4.328654959752717,10.0,submitted_main_linear_features_H1_18col,6ed147cd585e5e8083292683f9be3cf585e97e4d46fa0e3224d24a4e2b42cbbb,f83baf5732ffbf88b9a448a3d9ab9fa270f7495fe44d1559c1ac49795a30881a,41f184a29ff88aaf275f3365267b8c909ce7598a,ridge_corrected_41f184a29ff8_6ed147cd_f83baf57
Ridge,1,1,2022-04-27,2022-04-28,11.68,10.866941919792527,-0.8130580802074725,0.8130580802074725,0.6610634417906608,10.0,submitted_main_linear_features_H1_18col,6ed147cd585e5e8083292683f9be3cf585e97e4d46fa0e3224d24a4e2b42cbbb,f83baf5732ffbf88b9a448a3d9ab9fa270f7495fe44d1559c1ac49795a30881a,41f184a29ff88aaf275f3365267b8c909ce7598a,ridge_corrected_41f184a29ff8_6ed147cd_f83baf57
Ridge,1,1,2022-04-28,2022-04-29,11.09,10.458833600670578,-0.6311663993294214,0.6311663993294214,0.3983710236424667,10.0,submitted_main_linear_features_H1_18col,6ed147cd585e5e8083292683f9be3cf585e97e4d46fa0e3224d24a4e2b42cbbb,f83baf5732ffbf88b9a448a3d9ab9fa270f7495fe44d1559c1ac49795a30881a,41f184a29ff88aaf275f3365267b8c909ce7598a,ridge_corrected_41f184a29ff8_6ed147cd_f83baf57
Ridge,1,1,2022-04-29,2022-04-30,8.23,10.774605360127357,2.544605360127356,2.544605360127356,6.475016438788872,10.0,submitted_main_linear_features_H1_18col,6ed147cd585e5e8083292683f9be3cf585e97e4d46fa0e3224d24a4e2b42cbbb,f83baf5732ffbf88b9a448a3d9ab9fa270f7495fe44d1559c1ac49795a30881a,41f184a29ff88aaf275f3365267b8c909ce7598a,ridge_corrected_41f184a29ff8_6ed147cd_f83baf57
Ridge,1,1,2022-04-30,2022-05-01,7.6,10.79782065889309,3.1978206588930895,3.1978206588930895,10.226056966443434,10.0,submitted_main_linear_features_H1_18col,6ed147cd585e5e8083292683f9be3cf585e97e4d46fa0e3224d24a4e2b42cbbb,f83baf5732ffbf88b9a448a3d9ab9fa270f7495fe44d1559c1ac49795a30881a,41f184a29ff88aaf275f3365267b8c909ce7598a,ridge_corrected_41f184a29ff8_6ed147cd_f83baf57
Ridge,1,1,2022-05-01,2022-05-02,10.04,10.330230323665628,0.29023032366562873,0.29023032366562873,0.08423364077505562,10.0,submitted_main_linear_features_H1_18col,6ed147cd585e5e8083292683f9be3cf585e97e4d46fa0e3224d24a4e2b42cbbb,f83baf5732ffbf88b9a448a3d9ab9fa270f7495fe44d1559c1ac49795a30881a,41f184a29ff88aaf275f3365267b8c909ce7598a,ridge_corrected_41f184a29ff8_6ed147cd_f83baf57
Ridge,1,1,2022-05-02,2022-05-03,9.17,9.958508961616323,0.7885089616163228,0.7885089616163228,0.6217463825492516,10.0,submitted_main_linear_features_H1_18col,6ed147cd585e5e8083292683f9be3cf585e97e4d46fa0e3224d24a4e2b42cbbb,f83baf5732ffbf88b9a448a3d9ab9fa270f7495fe44d1559c1ac49795a30881a,41f184a29ff88aaf275f3365267b8c909ce7598a,ridge_corrected_41f184a29ff8_6ed147cd_f83baf57
Ridge,1,1,2022-05-03,2022-05-04,10.49,11.554260724007396,1.0642607240073954,1.0642607240073954,1.1326508886647453,10.0,submitted_main_linear_features_H1_18col,6ed147cd585e5e8083292683f9be3cf585e97e4d46fa0e3224d24a4e2b42cbbb,f83baf5732ffbf88b9a448a3d9ab9fa270f7495fe44d1559c1ac49795a30881a,41f184a29ff88aaf275f3365267b8c909ce7598a,ridge_corrected_41f184a29ff8_6ed147cd_f83baf57
Ridge,1,1,2022-05-04,2022-05-05,9.19,10.60194516807413,1.41194516807413,1.41194516807413,1.993589157647883,10.0,submitted_main_linear_features_H1_18col,6ed147cd585e5e8083292683f9be3cf585e97e4d46fa0e3224d24a4e2b42cbbb,f83baf5732ffbf88b9a448a3d9ab9fa270f7495fe44d1559c1ac49795a30881a,41f184a29ff88aaf275f3365267b8c909ce7598a,ridge_corrected_41f184a29ff8_6ed147cd_f83baf57
Ridge,1,1,2022-05-05,2022-05-06,9.34,10.090516289645095,0.7505162896450948,0.7505162896450948,0.5632747010226398,10.0,submitted_main_linear_features_H1_18col,6ed147cd585e5e8083292683f9be3cf585e97e4d46fa0e3224d24a4e2b42cbbb,f83baf5732ffbf88b9a448a3d9ab9fa270f7495fe44d1559c1ac49795a30881a,41f184a29ff88aaf275f3365267b8c909ce7598a,ridge_corrected_41f184a29ff8_6ed147cd_f83baf57
Ridge,1,1,2022-05-06,2022-05-07,10.28,9.55116339643592,-0.7288366035640799,0.7288366035640799,0.5312027946948237,10.0,submitted_main_linear_features_H1_18col,6ed147cd585e5e8083292683f9be3cf585e97e4d46fa0e3224d24a4e2b42cbbb,f83baf5732ffbf88b9a448a3d9ab9fa270f7495fe44d1559c1ac49795a30881a,41f184a29ff88aaf275f3365267b8c909ce7598a,ridge_corrected_41f184a29ff8_6ed147cd_f83baf57
Ridge,1,1,2022-05-07,2022-05-08,10.58,10.432888569738989,-0.14711143026101148,0.14711143026101148,0.021641772913440445,10.0,submitted_main_linear_features_H1_18col,6ed147cd585e5e8083292683f9be3cf585e97e4d46fa0e3224d24a4e2b42cbbb,f83baf5732ffbf88b9a448a3d9ab9fa270f7495fe44d1559c1ac49795a30881a,41f184a29ff88aaf275f3365267b8c909ce7598a,ridge_corrected_41f184a29ff8_6ed147cd_f83baf57
Ridge,1,1,2022-05-08,2022-05-09,12.71,11.033051330400632,-1.6769486695993692,1.6769486695993692,2.8121568404710944,10.0,submitted_main_linear_features_H1_18col,6ed147cd585e5e8083292683f9be3cf585e97e4d46fa0e3224d24a4e2b42cbbb,f83baf5732ffbf88b9a448a3d9ab9fa270f7495fe44d1559c1ac49795a30881a,41f184a29ff88aaf275f3365267b8c909ce7598a,ridge_corrected_41f184a29ff8_6ed147cd_f83baf57
Ridge,1,1,2022-05-09,2022-05-10,12.64,12.504782752552694,-0.13521724744730612,0.13521724744730612,0.018283704007226013,10.0,submitted_main_linear_features_H1_18col,6ed147cd585e5e8083292683f9be3cf585e97e4d46fa0e3224d24a4e2b42cbbb,f83baf5732ffbf88b9a448a3d9ab9fa270f7495fe44d1559c1ac49795a30881a,41f184a29ff88aaf275f3365267b8c909ce7598a,ridge_corrected_41f184a29ff8_6ed147cd_f83baf57
Ridge,1,1,2022-05-10,2022-05-11,12.72,11.261124600593842,-1.4588753994061587,1.4588753994061587,2.128317430992479,10.0,submitted_main_linear_features_H1_18col,6ed147cd585e5e8083292683f9be3cf585e97e4d46fa0e3224d24a4e2b42cbbb,f83baf5732ffbf88b9a448a3d9ab9fa270f7495fe44d1559c1ac49795a30881a,41f184a29ff88aaf275f3365267b8c909ce7598a,ridge_corrected_41f184a29ff8_6ed147cd_f83baf57
Ridge,1,1,2022-05-11,2022-05-12,13.37,12.779715719029102,-0.5902842809708968,0.5902842809708968,0.3484355323613286,10.0,submitted_main_linear_features_H1_18col,6ed147cd585e5e8083292683f9be3cf585e97e4d46fa0e3224d24a4e2b42cbbb,f83baf5732ffbf88b9a448a3d9ab9fa270f7495fe44d1559c1ac49795a30881a,41f184a29ff88aaf275f3365267b8c909ce7598a,ridge_corrected_41f184a29ff8_6ed147cd_f83baf57
Ridge,1,1,2022-05-12,2022-05-13,12.94,11.10071259186582,-1.8392874081341795,1.8392874081341795,3.3829781697209476,10.0,submitted_main_linear_features_H1_18col,6ed147cd585e5e8083292683f9be3cf585e97e4d46fa0e3224d24a4e2b42cbbb,f83baf5732ffbf88b9a448a3d9ab9fa270f7495fe44d1559c1ac49795a30881a,41f184a29ff88aaf275f3365267b8c909ce7598a,ridge_corrected_41f184a29ff8_6ed147cd_f83baf57
Ridge,1,1,2022-05-13,2022-05-14,15.8,11.802249221657059,-3.997750778342942,3.997750778342942,15.9820112857416,10.0,submitted_main_linear_features_H1_18col,6ed147cd585e5e8083292683f9be3cf585e97e4d46fa0e3224d24a4e2b42cbbb,f83baf5732ffbf88b9a448a3d9ab9fa270f7495fe44d1559c1ac49795a30881a,41f184a29ff88aaf275f3365267b8c909ce7598a,ridge_corrected_41f184a29ff8_6ed147cd_f83baf57
Ridge,1,1,2022-05-14,2022-05-15,13.32,12.482079893178375,-0.8379201068216258,0.8379201068216258,0.7021101054159647,10.0,submitted_main_linear_features_H1_18col,6ed147cd585e5e8083292683f9be3cf585e97e4d46fa0e3224d24a4e2b42cbbb,f83baf5732ffbf88b9a448a3d9ab9fa270f7495fe44d1559c1ac49795a30881a,41f184a29ff88aaf275f3365267b8c909ce7598a,ridge_corrected_41f184a29ff8_6ed147cd_f83baf57
Ridge,1,1,2022-05-15,2022-05-16,11.74,13.438100144080632,1.698100144080632,1.698100144080632,2.8835440993266634,10.0,submitted_main_linear_features_H1_18col,6ed147cd585e5e8083292683f9be3cf585e97e4d46fa0e3224d24a4e2b42cbbb,f83baf5732ffbf88b9a448a3d9ab9fa270f7495fe44d1559c1ac49795a30881a,41f184a29ff88aaf275f3365267b8c909ce7598a,ridge_corrected_41f184a29ff8_6ed147cd_f83baf57
Ridge,1,1,2022-05-16,2022-05-17,11.9,12.74159113087558,0.8415911308755799,0.8415911308755799,0.7082756315684374,10.0,submitted_main_linear_features_H1_18col,6ed147cd585e5e8083292683f9be3cf585e97e4d46fa0e3224d24a4e2b42cbbb,f83baf5732ffbf88b9a448a3d9ab9fa270f7495fe44d1559c1ac49795a30881a,41f184a29ff88aaf275f3365267b8c909ce7598a,ridge_corrected_41f184a29ff8_6ed147cd_f83baf57
Ridge,1,1,2022-05-17,2022-05-18,13.99,12.379625756773654,-1.610374243226346,1.610374243226346,2.5933052032468265,10.0,submitted_main_linear_features_H1_18col,6ed147cd585e5e8083292683f9be3cf585e97e4d46fa0e3224d24a4e2b42cbbb,f83baf5732ffbf88b9a448a3d9ab9fa270f7495fe44d1559c1ac49795a30881a,41f184a29ff88aaf275f3365267b8c909ce7598a,ridge_corrected_41f184a29ff8_6ed147cd_f83baf57
Ridge,1,1,2022-05-18,2022-05-19,13.14,12.81507090064387,-0.32492909935613135,0.32492909935613135,0.10557891960838668,10.0,submitted_main_linear_features_H1_18col,6ed147cd585e5e8083292683f9be3cf585e97e4d46fa0e3224d24a4e2b42cbbb,f83baf5732ffbf88b9a448a3d9ab9fa270f7495fe44d1559c1ac49795a30881a,41f184a29ff88aaf275f3365267b8c909ce7598a,ridge_corrected_41f184a29ff8_6ed147cd_f83baf57
Ridge,1,1,2022-05-19,2022-05-20,13.2,12.138947938517346,-1.0610520614826537,1.0610520614826537,1.1258314771765892,10.0,submitted_main_linear_features_H1_18col,6ed147cd585e5e8083292683f9be3cf585e97e4d46fa0e3224d24a4e2b42cbbb,f83baf5732ffbf88b9a448a3d9ab9fa270f7495fe44d1559c1ac49795a30881a,41f184a29ff88aaf275f3365267b8c909ce7598a,ridge_corrected_41f184a29ff8_6ed147cd_f83baf57
Ridge,1,1,2022-05-20,2022-05-21,12.84,11.491166248161774,-1.3488337518382263,1.3488337518382263,1.8193524900979858,10.0,submitted_main_linear_features_H1_18col,6ed147cd585e5e8083292683f9be3cf585e97e4d46fa0e3224d24a4e2b42cbbb,f83baf5732ffbf88b9a448a3d9ab9fa270f7495fe44d1559c1ac49795a30881a,41f184a29ff88aaf275f3365267b8c909ce7598a,ridge_corrected_41f184a29ff8_6ed147cd_f83baf57
Ridge,1,1,2022-05-21,2022-05-22,12.78,12.169053635829174,-0.6109463641708253,0.6109463641708253,0.37325545989355063,10.0,submitted_main_linear_features_H1_18col,6ed147cd585e5e8083292683f9be3cf585e97e4d46fa0e3224d24a4e2b42cbbb,f83baf5732ffbf88b9a448a3d9ab9fa270f7495fe44d1559c1ac49795a30881a,41f184a29ff88aaf275f3365267b8c909ce7598a,ridge_corrected_41f184a29ff8_6ed147cd_f83baf57
Ridge,1,1,2022-05-22,2022-05-23,13.42,11.99840288987972,-1.4215971101202793,1.4215971101202793,2.02093834350233,10.0,submitted_main_linear_features_H1_18col,6ed147cd585e5e8083292683f9be3cf585e97e4d46fa0e3224d24a4e2b42cbbb,f83baf5732ffbf88b9a448a3d9ab9fa270f7495fe44d1559c1ac49795a30881a,41f184a29ff88aaf275f3365267b8c909ce7598a,ridge_corrected_41f184a29ff8_6ed147cd_f83baf57
Ridge,1,1,2022-05-23,2022-05-24,12.91,12.077996373755356,-0.832003626244644,0.832003626244644,0.6922300340842372,10.0,submitted_main_linear_features_H1_18col,6ed147cd585e5e8083292683f9be3cf585e97e4d46fa0e3224d24a4e2b42cbbb,f83baf5732ffbf88b9a448a3d9ab9fa270f7495fe44d1559c1ac49795a30881a,41f184a29ff88aaf275f3365267b8c909ce7598a,ridge_corrected_41f184a29ff8_6ed147cd_f83baf57
Ridge,1,1,2022-05-24,2022-05-25,14.44,11.319740003717682,-3.120259996282318,3.120259996282318,9.73602244439973,10.0,submitted_main_linear_features_H1_18col,6ed147cd585e5e8083292683f9be3cf585e97e4d46fa0e3224d24a4e2b42cbbb,f83baf5732ffbf88b9a448a3d9ab9fa270f7495fe44d1559c1ac49795a30881a,41f184a29ff88aaf275f3365267b8c909ce7598a,ridge_corrected_41f184a29ff8_6ed147cd_f83baf57
Ridge,1,1,2022-05-25,2022-05-26,13.75,11.965197320581964,-1.7848026794180356,1.7848026794180356,3.1855206044577993,10.0,submitted_main_linear_features_H1_18col,6ed147cd585e5e8083292683f9be3cf585e97e4d46fa0e3224d24a4e2b42cbbb,f83baf5732ffbf88b9a448a3d9ab9fa270f7495fe44d1559c1ac49795a30881a,41f184a29ff88aaf275f3365267b8c909ce7598a,ridge_corrected_41f184a29ff8_6ed147cd_f83baf57
Ridge,1,1,2022-05-26,2022-05-27,13.81,12.035278835821652,-1.7747211641783487,1.7747211641783487,3.149635210582553,10.0,submitted_main_linear_features_H1_18col,6ed147cd585e5e8083292683f9be3cf585e97e4d46fa0e3224d24a4e2b42cbbb,f83baf5732ffbf88b9a448a3d9ab9fa270f7495fe44d1559c1ac49795a30881a,41f184a29ff88aaf275f3365267b8c909ce7598a,ridge_corrected_41f184a29ff8_6ed147cd_f83baf57
Ridge,1,1,2022-05-27,2022-05-28,16.48,13.237809790156858,-3.2421902098431428,3.2421902098431428,10.511797356802722,10.0,submitted_main_linear_features_H1_18col,6ed147cd585e5e8083292683f9be3cf585e97e4d46fa0e3224d24a4e2b42cbbb,f83baf5732ffbf88b9a448a3d9ab9fa270f7495fe44d1559c1ac49795a30881a,41f184a29ff88aaf275f3365267b8c909ce7598a,ridge_corrected_41f184a29ff8_6ed147cd_f83baf57
Ridge,1,1,2022-05-28,2022-05-29,15.8,11.826069491207509,-3.973930508792492,3.973930508792492,15.792123688711753,10.0,submitted_main_linear_features_H1_18col,6ed147cd585e5e8083292683f9be3cf585e97e4d46fa0e3224d24a4e2b42cbbb,f83baf5732ffbf88b9a448a3d9ab9fa270f7495fe44d1559c1ac49795a30881a,41f184a29ff88aaf275f3365267b8c909ce7598a,ridge_corrected_41f184a29ff8_6ed147cd_f83baf57
Ridge,1,1,2022-05-29,2022-05-30,12.42,12.444787986297873,0.024787986297873488,0.024787986297873488,0.0006144442647035638,10.0,submitted_main_linear_features_H1_18col,6ed147cd585e5e8083292683f9be3cf585e97e4d46fa0e3224d24a4e2b42cbbb,f83baf5732ffbf88b9a448a3d9ab9fa270f7495fe44d1559c1ac49795a30881a,41f184a29ff88aaf275f3365267b8c909ce7598a,ridge_corrected_41f184a29ff8_6ed147cd_f83baf57
Ridge,1,1,2022-05-30,2022-05-31,13.5,12.460518438997578,-1.0394815610024217,1.0394815610024217,1.0805219156640313,10.0,submitted_main_linear_features_H1_18col,6ed147cd585e5e8083292683f9be3cf585e97e4d46fa0e3224d24a4e2b42cbbb,f83baf5732ffbf88b9a448a3d9ab9fa270f7495fe44d1559c1ac49795a30881a,41f184a29ff88aaf275f3365267b8c909ce7598a,ridge_corrected_41f184a29ff8_6ed147cd_f83baf57
Ridge,1,1,2022-05-31,2022-06-01,12.92,11.140124114930972,-1.7798758850690284,1.7798758850690284,3.167958166250257,10.0,submitted_main_linear_features_H1_18col,6ed147cd585e5e8083292683f9be3cf585e97e4d46fa0e3224d24a4e2b42cbbb,f83baf5732ffbf88b9a448a3d9ab9fa270f7495fe44d1559c1ac49795a30881a,41f184a29ff88aaf275f3365267b8c909ce7598a,ridge_corrected_41f184a29ff8_6ed147cd_f83baf57
Ridge,1,1,2022-06-01,2022-06-02,13.51,12.632450056900577,-0.8775499430994227,0.8775499430994227,0.7700939026338,10.0,submitted_main_linear_features_H1_18col,6ed147cd585e5e8083292683f9be3cf585e97e4d46fa0e3224d24a4e2b42cbbb,f83baf5732ffbf88b9a448a3d9ab9fa270f7495fe44d1559c1ac49795a30881a,41f184a29ff88aaf275f3365267b8c909ce7598a,ridge_corrected_41f184a29ff8_6ed147cd_f83baf57
Ridge,1,1,2022-06-02,2022-06-03,12.24,12.354207214689561,0.11420721468956074,0.11420721468956074,0.013043287887147419,10.0,submitted_main_linear_features_H1_18col,6ed147cd585e5e8083292683f9be3cf585e97e4d46fa0e3224d24a4e2b42cbbb,f83baf5732ffbf88b9a448a3d9ab9fa270f7495fe44d1559c1ac49795a30881a,41f184a29ff88aaf275f3365267b8c909ce7598a,ridge_corrected_41f184a29ff8_6ed147cd_f83baf57
Ridge,1,1,2022-06-03,2022-06-04,10.24,11.912032742594095,1.6720327425940944,1.6720327425940944,2.795693492306729,10.0,submitted_main_linear_features_H1_18col,6ed147cd585e5e8083292683f9be3cf585e97e4d46fa0e3224d24a4e2b42cbbb,f83baf5732ffbf88b9a448a3d9ab9fa270f7495fe44d1559c1ac49795a30881a,41f184a29ff88aaf275f3365267b8c909ce7598a,ridge_corrected_41f184a29ff8_6ed147cd_f83baf57
Ridge,1,1,2022-06-04,2022-06-05,9.78,12.441087374525141,2.6610873745251418,2.6610873745251418,7.081386014857112,10.0,submitted_main_linear_features_H1_18col,6ed147cd585e5e8083292683f9be3cf585e97e4d46fa0e3224d24a4e2b42cbbb,f83baf5732ffbf88b9a448a3d9ab9fa270f7495fe44d1559c1ac49795a30881a,41f184a29ff88aaf275f3365267b8c909ce7598a,ridge_corrected_41f184a29ff8_6ed147cd_f83baf57
Ridge,1,1,2022-06-05,2022-06-06,8.76,10.754963294065982,1.9949632940659825,1.9949632940659825,3.9798785446705955,10.0,submitted_main_linear_features_H1_18col,6ed147cd585e5e8083292683f9be3cf585e97e4d46fa0e3224d24a4e2b42cbbb,f83baf5732ffbf88b9a448a3d9ab9fa270f7495fe44d1559c1ac49795a30881a,41f184a29ff88aaf275f3365267b8c909ce7598a,ridge_corrected_41f184a29ff8_6ed147cd_f83baf57
Ridge,1,1,2022-06-06,2022-06-07,9.5,9.355734521901802,-0.14426547809819823,0.14426547809819823,0.020812528170901713,10.0,submitted_main_linear_features_H1_18col,6ed147cd585e5e8083292683f9be3cf585e97e4d46fa0e3224d24a4e2b42cbbb,f83baf5732ffbf88b9a448a3d9ab9fa270f7495fe44d1559c1ac49795a30881a,41f184a29ff88aaf275f3365267b8c909ce7598a,ridge_corrected_41f184a29ff8_6ed147cd_f83baf57
Ridge,1,1,2022-06-07,2022-06-08,13.81,9.788817312556096,-4.021182687443904,4.021182687443904,16.16991020579858,10.0,submitted_main_linear_features_H1_18col,6ed147cd585e5e8083292683f9be3cf585e97e4d46fa0e3224d24a4e2b42cbbb,f83baf5732ffbf88b9a448a3d9ab9fa270f7495fe44d1559c1ac49795a30881a,41f184a29ff88aaf275f3365267b8c909ce7598a,ridge_corrected_41f184a29ff8_6ed147cd_f83baf57
Ridge,1,1,2022-06-08,2022-06-09,13.99,10.650145296739678,-3.339854703260322,3.339854703260322,11.154629438890092,10.0,submitted_main_linear_features_H1_18col,6ed147cd585e5e8083292683f9be3cf585e97e4d46fa0e3224d24a4e2b42cbbb,f83baf5732ffbf88b9a448a3d9ab9fa270f7495fe44d1559c1ac49795a30881a,41f184a29ff88aaf275f3365267b8c909ce7598a,ridge_corrected_41f184a29ff8_6ed147cd_f83baf57
Ridge,1,1,2022-06-09,2022-06-10,13.16,11.76104112843933,-1.3989588715606693,1.3989588715606693,1.9570859243183014,10.0,submitted_main_linear_features_H1_18col,6ed147cd585e5e8083292683f9be3cf585e97e4d46fa0e3224d24a4e2b42cbbb,f83baf5732ffbf88b9a448a3d9ab9fa270f7495fe44d1559c1ac49795a30881a,41f184a29ff88aaf275f3365267b8c909ce7598a,ridge_corrected_41f184a29ff8_6ed147cd_f83baf57
Ridge,1,2,2022-06-10,2022-06-11,11.9,12.134943942248471,0.2349439422484707,0.2349439422484707,0.055198655999252735,100.0,submitted_main_linear_features_H1_18col,6ed147cd585e5e8083292683f9be3cf585e97e4d46fa0e3224d24a4e2b42cbbb,f83baf5732ffbf88b9a448a3d9ab9fa270f7495fe44d1559c1ac49795a30881a,41f184a29ff88aaf275f3365267b8c909ce7598a,ridge_corrected_41f184a29ff8_6ed147cd_f83baf57
Ridge,1,2,2022-06-11,2022-06-12,12.11,12.131835825821542,0.021835825821542088,0.021835825821542088,0.0004768032893087242,100.0,submitted_main_linear_features_H1_18col,6ed147cd585e5e8083292683f9be3cf585e97e4d46fa0e3224d24a4e2b42cbbb,f83baf5732ffbf88b9a448a3d9ab9fa270f7495fe44d1559c1ac49795a30881a,41f184a29ff88aaf275f3365267b8c909ce7598a,ridge_corrected_41f184a29ff8_6ed147cd_f83baf57
Ridge,1,2,2022-06-12,2022-06-13,10.94,11.793918173853816,0.8539181738538169,0.8539181738538169,0.7291762476378374,100.0,submitted_main_linear_features_H1_18col,6ed147cd585e5e8083292683f9be3cf585e97e4d46fa0e3224d24a4e2b42cbbb,f83baf5732ffbf88b9a448a3d9ab9fa270f7495fe44d1559c1ac49795a30881a,41f184a29ff88aaf275f3365267b8c909ce7598a,ridge_corrected_41f184a29ff8_6ed147cd_f83baf57
Ridge,1,2,2022-06-13,2022-06-14,14.46,12.035303281060202,-2.424696718939799,2.424696718939799,5.879154178837427,100.0,submitted_main_linear_features_H1_18col,6ed147cd585e5e8083292683f9be3cf585e97e4d46fa0e3224d24a4e2b42cbbb,f83baf5732ffbf88b9a448a3d9ab9fa270f7495fe44d1559c1ac49795a30881a,41f184a29ff88aaf275f3365267b8c909ce7598a,ridge_corrected_41f184a29ff8_6ed147cd_f83baf57
Ridge,1,2,2022-06-14,2022-06-15,10.28,10.89144759853874,0.6114475985387404,0.6114475985387404,0.37386816575879267,100.0,submitted_main_linear_features_H1_18col,6ed147cd585e5e8083292683f9be3cf585e97e4d46fa0e3224d24a4e2b42cbbb,f83baf5732ffbf88b9a448a3d9ab9fa270f7495fe44d1559c1ac49795a30881a,41f184a29ff88aaf275f3365267b8c909ce7598a,ridge_corrected_41f184a29ff8_6ed147cd_f83baf57
Ridge,1,2,2022-06-15,2022-06-16,9.31,11.995628128003892,2.6856281280038914,2.6856281280038914,7.212598441925686,100.0,submitted_main_linear_features_H1_18col,6ed147cd585e5e8083292683f9be3cf585e97e4d46fa0e3224d24a4e2b42cbbb,f83baf5732ffbf88b9a448a3d9ab9fa270f7495fe44d1559c1ac49795a30881a,41f184a29ff88aaf275f3365267b8c909ce7598a,ridge_corrected_41f184a29ff8_6ed147cd_f83baf57
Ridge,1,2,2022-06-16,2022-06-17,11.4,11.300185248976408,-0.09981475102359205,0.09981475102359205,0.00996298452190167,100.0,submitted_main_linear_features_H1_18col,6ed147cd585e5e8083292683f9be3cf585e97e4d46fa0e3224d24a4e2b42cbbb,f83baf5732ffbf88b9a448a3d9ab9fa270f7495fe44d1559c1ac49795a30881a,41f184a29ff88aaf275f3365267b8c909ce7598a,ridge_corrected_41f184a29ff8_6ed147cd_f83baf57
Ridge,1,2,2022-06-17,2022-06-18,10.92,11.676536481611542,0.7565364816115423,0.7565364816115423,0.5723474480091715,100.0,submitted_main_linear_features_H1_18col,6ed147cd585e5e8083292683f9be3cf585e97e4d46fa0e3224d24a4e2b42cbbb,f83baf5732ffbf88b9a448a3d9ab9fa270f7495fe44d1559c1ac49795a30881a,41f184a29ff88aaf275f3365267b8c909ce7598a,ridge_corrected_41f184a29ff8_6ed147cd_f83baf57
Ridge,1,2,2022-06-18,2022-06-19,10.96,11.88868683177665,0.9286868317766483,0.9286868317766483,0.8624592315153488,100.0,submitted_main_linear_features_H1_18col,6ed147cd585e5e8083292683f9be3cf585e97e4d46fa0e3224d24a4e2b42cbbb,f83baf5732ffbf88b9a448a3d9ab9fa270f7495fe44d1559c1ac49795a30881a,41f184a29ff88aaf275f3365267b8c909ce7598a,ridge_corrected_41f184a29ff8_6ed147cd_f83baf57
Ridge,1,2,2022-06-19,2022-06-20,10.97,12.209314531038158,1.2393145310381577,1.2393145310381577,1.5359005068423288,100.0,submitted_main_linear_features_H1_18col,6ed147cd585e5e8083292683f9be3cf585e97e4d46fa0e3224d24a4e2b42cbbb,f83baf5732ffbf88b9a448a3d9ab9fa270f7495fe44d1559c1ac49795a30881a,41f184a29ff88aaf275f3365267b8c909ce7598a,ridge_corrected_41f184a29ff8_6ed147cd_f83baf57
Ridge,1,2,2022-06-20,2022-06-21,11.96,12.301591044564336,0.34159104456433553,0.34159104456433553,0.11668444172655386,100.0,submitted_main_linear_features_H1_18col,6ed147cd585e5e8083292683f9be3cf585e97e4d46fa0e3224d24a4e2b42cbbb,f83baf5732ffbf88b9a448a3d9ab9fa270f7495fe44d1559c1ac49795a30881a,41f184a29ff88aaf275f3365267b8c909ce7598a,ridge_corrected_41f184a29ff8_6ed147cd_f83baf57
Ridge,1,2,2022-06-21,2022-06-22,13.96,12.072063756327365,-1.8879362436726357,1.8879362436726357,3.564303260172742,100.0,submitted_main_linear_features_H1_18col,6ed147cd585e5e8083292683f9be3cf585e97e4d46fa0e3224d24a4e2b42cbbb,f83baf5732ffbf88b9a448a3d9ab9fa270f7495fe44d1559c1ac49795a30881a,41f184a29ff88aaf275f3365267b8c909ce7598a,ridge_corrected_41f184a29ff8_6ed147cd_f83baf57
Ridge,1,2,2022-06-22,2022-06-23,13.33,11.778785491029147,-1.551214508970853,1.551214508970853,2.406266452841684,100.0,submitted_main_linear_features_H1_18col,6ed147cd585e5e8083292683f9be3cf585e97e4d46fa0e3224d24a4e2b42cbbb,f83baf5732ffbf88b9a448a3d9ab9fa270f7495fe44d1559c1ac49795a30881a,41f184a29ff88aaf275f3365267b8c909ce7598a,ridge_corrected_41f184a29ff8_6ed147cd_f83baf57
Ridge,1,2,2022-06-23,2022-06-24,13.07,12.562708380140654,-0.5072916198593465,0.5072916198593465,0.2573447875795197,100.0,submitted_main_linear_features_H1_18col,6ed147cd585e5e8083292683f9be3cf585e97e4d46fa0e3224d24a4e2b42cbbb,f83baf5732ffbf88b9a448a3d9ab9fa270f7495fe44d1559c1ac49795a30881a,41f184a29ff88aaf275f3365267b8c909ce7598a,ridge_corrected_41f184a29ff8_6ed147cd_f83baf57
Ridge,1,2,2022-06-24,2022-06-25,11.83,12.528393408105131,0.6983934081051313,0.6983934081051313,0.4877533524847005,100.0,submitted_main_linear_features_H1_18col,6ed147cd585e5e8083292683f9be3cf585e97e4d46fa0e3224d24a4e2b42cbbb,f83baf5732ffbf88b9a448a3d9ab9fa270f7495fe44d1559c1ac49795a30881a,41f184a29ff88aaf275f3365267b8c909ce7598a,ridge_corrected_41f184a29ff8_6ed147cd_f83baf57
Ridge,1,2,2022-06-25,2022-06-26,11.71,12.90992958048137,1.1999295804813688,1.1999295804813688,1.4398309981141937,100.0,submitted_main_linear_features_H1_18col,6ed147cd585e5e8083292683f9be3cf585e97e4d46fa0e3224d24a4e2b42cbbb,f83baf5732ffbf88b9a448a3d9ab9fa270f7495fe44d1559c1ac49795a30881a,41f184a29ff88aaf275f3365267b8c909ce7598a,ridge_corrected_41f184a29ff8_6ed147cd_f83baf57
Ridge,1,2,2022-06-26,2022-06-27,12.04,12.921557609345449,0.8815576093454496,0.8815576093454496,0.7771438185948643,100.0,submitted_main_linear_features_H1_18col,6ed147cd585e5e8083292683f9be3cf585e97e4d46fa0e3224d24a4e2b42cbbb,f83baf5732ffbf88b9a448a3d9ab9fa270f7495fe44d1559c1ac49795a30881a,41f184a29ff88aaf275f3365267b8c909ce7598a,ridge_corrected_41f184a29ff8_6ed147cd_f83baf57
Ridge,1,2,2022-06-27,2022-06-28,9.34,10.988123849783321,1.648123849783321,1.648123849783321,2.716312224224595,100.0,submitted_main_linear_features_H1_18col,6ed147cd585e5e8083292683f9be3cf585e97e4d46fa0e3224d24a4e2b42cbbb,f83baf5732ffbf88b9a448a3d9ab9fa270f7495fe44d1559c1ac49795a30881a,41f184a29ff88aaf275f3365267b8c909ce7598a,ridge_corrected_41f184a29ff8_6ed147cd_f83baf57
Ridge,1,2,2022-06-28,2022-06-29,9.1,11.897182544427642,2.797182544427642,2.797182544427642,7.824230186850697,100.0,submitted_main_linear_features_H1_18col,6ed147cd585e5e8083292683f9be3cf585e97e4d46fa0e3224d24a4e2b42cbbb,f83baf5732ffbf88b9a448a3d9ab9fa270f7495fe44d1559c1ac49795a30881a,41f184a29ff88aaf275f3365267b8c909ce7598a,ridge_corrected_41f184a29ff8_6ed147cd_f83baf57
Ridge,1,2,2022-06-29,2022-06-30,12.71,10.650014931283689,-2.059985068716312,2.059985068716312,4.243538483334149,100.0,submitted_main_linear_features_H1_18col,6ed147cd585e5e8083292683f9be3cf585e97e4d46fa0e3224d24a4e2b42cbbb,f83baf5732ffbf88b9a448a3d9ab9fa270f7495fe44d1559c1ac49795a30881a,41f184a29ff88aaf275f3365267b8c909ce7598a,ridge_corrected_41f184a29ff8_6ed147cd_f83baf57
Ridge,1,2,2022-06-30,2022-07-01,12.94,11.319592904613103,-1.6204070953868968,1.6204070953868968,2.6257191547801995,100.0,submitted_main_linear_features_H1_18col,6ed147cd585e5e8083292683f9be3cf585e97e4d46fa0e3224d24a4e2b42cbbb,f83baf5732ffbf88b9a448a3d9ab9fa270f7495fe44d1559c1ac49795a30881a,41f184a29ff88aaf275f3365267b8c909ce7598a,ridge_corrected_41f184a29ff8_6ed147cd_f83baf57
Ridge,1,2,2022-07-01,2022-07-02,10.07,12.573453411376256,2.503453411376256,2.503453411376256,6.267278982931414,100.0,submitted_main_linear_features_H1_18col,6ed147cd585e5e8083292683f9be3cf585e97e4d46fa0e3224d24a4e2b42cbbb,f83baf5732ffbf88b9a448a3d9ab9fa270f7495fe44d1559c1ac49795a30881a,41f184a29ff88aaf275f3365267b8c909ce7598a,ridge_corrected_41f184a29ff8_6ed147cd_f83baf57
Ridge,1,2,2022-07-02,2022-07-03,9.04,12.469496968732521,3.429496968732522,3.429496968732522,11.761449458545558,100.0,submitted_main_linear_features_H1_18col,6ed147cd585e5e8083292683f9be3cf585e97e4d46fa0e3224d24a4e2b42cbbb,f83baf5732ffbf88b9a448a3d9ab9fa270f7495fe44d1559c1ac49795a30881a,41f184a29ff88aaf275f3365267b8c909ce7598a,ridge_corrected_41f184a29ff8_6ed147cd_f83baf57
Ridge,1,2,2022-07-03,2022-07-04,11.09,11.857307076518381,0.7673070765183816,0.7673070765183816,0.5887601496751855,100.0,submitted_main_linear_features_H1_18col,6ed147cd585e5e8083292683f9be3cf585e97e4d46fa0e3224d24a4e2b42cbbb,f83baf5732ffbf88b9a448a3d9ab9fa270f7495fe44d1559c1ac49795a30881a,41f184a29ff88aaf275f3365267b8c909ce7598a,ridge_corrected_41f184a29ff8_6ed147cd_f83baf57
Ridge,1,2,2022-07-04,2022-07-05,11.74,11.715947065847345,-0.02405293415265497,0.02405293415265497,0.0005785436413519559,100.0,submitted_main_linear_features_H1_18col,6ed147cd585e5e8083292683f9be3cf585e97e4d46fa0e3224d24a4e2b42cbbb,f83baf5732ffbf88b9a448a3d9ab9fa270f7495fe44d1559c1ac49795a30881a,41f184a29ff88aaf275f3365267b8c909ce7598a,ridge_corrected_41f184a29ff8_6ed147cd_f83baf57
Ridge,1,2,2022-07-05,2022-07-06,11.62,12.066983901413016,0.4469839014130166,0.4469839014130166,0.19979460812240132,100.0,submitted_main_linear_features_H1_18col,6ed147cd585e5e8083292683f9be3cf585e97e4d46fa0e3224d24a4e2b42cbbb,f83baf5732ffbf88b9a448a3d9ab9fa270f7495fe44d1559c1ac49795a30881a,41f184a29ff88aaf275f3365267b8c909ce7598a,ridge_corrected_41f184a29ff8_6ed147cd_f83baf57
Ridge,1,2,2022-07-06,2022-07-07,13.14,12.094379905239965,-1.0456200947600358,1.0456200947600358,1.0933213825659862,100.0,submitted_main_linear_features_H1_18col,6ed147cd585e5e8083292683f9be3cf585e97e4d46fa0e3224d24a4e2b42cbbb,f83baf5732ffbf88b9a448a3d9ab9fa270f7495fe44d1559c1ac49795a30881a,41f184a29ff88aaf275f3365267b8c909ce7598a,ridge_corrected_41f184a29ff8_6ed147cd_f83baf57
Ridge,1,2,2022-07-07,2022-07-08,10.84,12.595811268910259,1.755811268910259,1.755811268910259,3.0828732120322537,100.0,submitted_main_linear_features_H1_18col,6ed147cd585e5e8083292683f9be3cf585e97e4d46fa0e3224d24a4e2b42cbbb,f83baf5732ffbf88b9a448a3d9ab9fa270f7495fe44d1559c1ac49795a30881a,41f184a29ff88aaf275f3365267b8c909ce7598a,ridge_corrected_41f184a29ff8_6ed147cd_f83baf57
Ridge,1,2,2022-07-08,2022-07-09,11.6,12.44499547943679,0.8449954794367898,0.8449954794367898,0.7140173602686102,100.0,submitted_main_linear_features_H1_18col,6ed147cd585e5e8083292683f9be3cf585e97e4d46fa0e3224d24a4e2b42cbbb,f83baf5732ffbf88b9a448a3d9ab9fa270f7495fe44d1559c1ac49795a30881a,41f184a29ff88aaf275f3365267b8c909ce7598a,ridge_corrected_41f184a29ff8_6ed147cd_f83baf57
Ridge,1,2,2022-07-09,2022-07-10,11.35,12.343078936194262,0.9930789361942622,0.9930789361942622,0.9862057735127275,100.0,submitted_main_linear_features_H1_18col,6ed147cd585e5e8083292683f9be3cf585e97e4d46fa0e3224d24a4e2b42cbbb,f83baf5732ffbf88b9a448a3d9ab9fa270f7495fe44d1559c1ac49795a30881a,41f184a29ff88aaf275f3365267b8c909ce7598a,ridge_corrected_41f184a29ff8_6ed147cd_f83baf57
Ridge,1,2,2022-07-10,2022-07-11,12.84,12.807363644039645,-0.032636355960354635,0.032636355960354635,0.0010651317303709755,100.0,submitted_main_linear_features_H1_18col,6ed147cd585e5e8083292683f9be3cf585e97e4d46fa0e3224d24a4e2b42cbbb,f83baf5732ffbf88b9a448a3d9ab9fa270f7495fe44d1559c1ac49795a30881a,41f184a29ff88aaf275f3365267b8c909ce7598a,ridge_corrected_41f184a29ff8_6ed147cd_f83baf57
Ridge,1,2,2022-07-11,2022-07-12,10.85,11.867692710653547,1.017692710653547,1.017692710653547,1.035698453317364,100.0,submitted_main_linear_features_H1_18col,6ed147cd585e5e8083292683f9be3cf585e97e4d46fa0e3224d24a4e2b42cbbb,f83baf5732ffbf88b9a448a3d9ab9fa270f7495fe44d1559c1ac49795a30881a,41f184a29ff88aaf275f3365267b8c909ce7598a,ridge_corrected_41f184a29ff8_6ed147cd_f83baf57
Ridge,1,2,2022-07-12,2022-07-13,12.23,12.00201644716775,-0.22798355283225114,0.22798355283225114,0.05197650036201584,100.0,submitted_main_linear_features_H1_18col,6ed147cd585e5e8083292683f9be3cf585e97e4d46fa0e3224d24a4e2b42cbbb,f83baf5732ffbf88b9a448a3d9ab9fa270f7495fe44d1559c1ac49795a30881a,41f184a29ff88aaf275f3365267b8c909ce7598a,ridge_corrected_41f184a29ff8_6ed147cd_f83baf57
Ridge,1,2,2022-07-13,2022-07-14,13.62,11.52299159236595,-2.09700840763405,2.09700840763405,4.397444261687894,100.0,submitted_main_linear_features_H1_18col,6ed147cd585e5e8083292683f9be3cf585e97e4d46fa0e3224d24a4e2b42cbbb,f83baf5732ffbf88b9a448a3d9ab9fa270f7495fe44d1559c1ac49795a30881a,41f184a29ff88aaf275f3365267b8c909ce7598a,ridge_corrected_41f184a29ff8_6ed147cd_f83baf57
Ridge,1,2,2022-07-14,2022-07-15,12.58,12.017814955158569,-0.5621850448414314,0.5621850448414314,0.31605202464336224,100.0,submitted_main_linear_features_H1_18col,6ed147cd585e5e8083292683f9be3cf585e97e4d46fa0e3224d24a4e2b42cbbb,f83baf5732ffbf88b9a448a3d9ab9fa270f7495fe44d1559c1ac49795a30881a,41f184a29ff88aaf275f3365267b8c909ce7598a,ridge_corrected_41f184a29ff8_6ed147cd_f83baf57
Ridge,1,2,2022-07-15,2022-07-16,12.6,12.264798587979827,-0.3352014120201723,0.3352014120201723,0.1123599866203173,100.0,submitted_main_linear_features_H1_18col,6ed147cd585e5e8083292683f9be3cf585e97e4d46fa0e3224d24a4e2b42cbbb,f83baf5732ffbf88b9a448a3d9ab9fa270f7495fe44d1559c1ac49795a30881a,41f184a29ff88aaf275f3365267b8c909ce7598a,ridge_corrected_41f184a29ff8_6ed147cd_f83baf57
Ridge,1,2,2022-07-16,2022-07-17,11.39,12.259253114836996,0.8692531148369955,0.8692531148369955,0.755600977653819,100.0,submitted_main_linear_features_H1_18col,6ed147cd585e5e8083292683f9be3cf585e97e4d46fa0e3224d24a4e2b42cbbb,f83baf5732ffbf88b9a448a3d9ab9fa270f7495fe44d1559c1ac49795a30881a,41f184a29ff88aaf275f3365267b8c909ce7598a,ridge_corrected_41f184a29ff8_6ed147cd_f83baf57
Ridge,1,2,2022-07-17,2022-07-18,12.11,12.43723334971191,0.32723334971191065,0.32723334971191065,0.10708166516367762,100.0,submitted_main_linear_features_H1_18col,6ed147cd585e5e8083292683f9be3cf585e97e4d46fa0e3224d24a4e2b42cbbb,f83baf5732ffbf88b9a448a3d9ab9fa270f7495fe44d1559c1ac49795a30881a,41f184a29ff88aaf275f3365267b8c909ce7598a,ridge_corrected_41f184a29ff8_6ed147cd_f83baf57
Ridge,1,2,2022-07-18,2022-07-19,9.71,10.053386294534583,0.34338629453458225,0.34338629453458225,0.11791414727419088,100.0,submitted_main_linear_features_H1_18col,6ed147cd585e5e8083292683f9be3cf585e97e4d46fa0e3224d24a4e2b42cbbb,f83baf5732ffbf88b9a448a3d9ab9fa270f7495fe44d1559c1ac49795a30881a,41f184a29ff88aaf275f3365267b8c909ce7598a,ridge_corrected_41f184a29ff8_6ed147cd_f83baf57
Ridge,1,2,2022-07-19,2022-07-20,12.02,11.37670100308424,-0.6432989969157603,0.6432989969157603,0.4138335994328234,100.0,submitted_main_linear_features_H1_18col,6ed147cd585e5e8083292683f9be3cf585e97e4d46fa0e3224d24a4e2b42cbbb,f83baf5732ffbf88b9a448a3d9ab9fa270f7495fe44d1559c1ac49795a30881a,41f184a29ff88aaf275f3365267b8c909ce7598a,ridge_corrected_41f184a29ff8_6ed147cd_f83baf57
Ridge,1,2,2022-07-20,2022-07-21,11.9,10.880945671173507,-1.0190543288264937,1.0190543288264937,1.0384717251000155,100.0,submitted_main_linear_features_H1_18col,6ed147cd585e5e8083292683f9be3cf585e97e4d46fa0e3224d24a4e2b42cbbb,f83baf5732ffbf88b9a448a3d9ab9fa270f7495fe44d1559c1ac49795a30881a,41f184a29ff88aaf275f3365267b8c909ce7598a,ridge_corrected_41f184a29ff8_6ed147cd_f83baf57
Ridge,1,2,2022-07-21,2022-07-22,11.05,12.41045093997268,1.3604509399726794,1.3604509399726794,1.850826760072547,100.0,submitted_main_linear_features_H1_18col,6ed147cd585e5e8083292683f9be3cf585e97e4d46fa0e3224d24a4e2b42cbbb,f83baf5732ffbf88b9a448a3d9ab9fa270f7495fe44d1559c1ac49795a30881a,41f184a29ff88aaf275f3365267b8c909ce7598a,ridge_corrected_41f184a29ff8_6ed147cd_f83baf57
Ridge,1,2,2022-07-22,2022-07-23,11.92,12.430411284309166,0.5104112843091659,0.5104112843091659,0.26051967915013224,100.0,submitted_main_linear_features_H1_18col,6ed147cd585e5e8083292683f9be3cf585e97e4d46fa0e3224d24a4e2b42cbbb,f83baf5732ffbf88b9a448a3d9ab9fa270f7495fe44d1559c1ac49795a30881a,41f184a29ff88aaf275f3365267b8c909ce7598a,ridge_corrected_41f184a29ff8_6ed147cd_f83baf57
Ridge,1,2,2022-07-23,2022-07-24,11.48,11.827563909243851,0.34756390924385094,0.34756390924385094,0.12080067100886785,100.0,submitted_main_linear_features_H1_18col,6ed147cd585e5e8083292683f9be3cf585e97e4d46fa0e3224d24a4e2b42cbbb,f83baf5732ffbf88b9a448a3d9ab9fa270f7495fe44d1559c1ac49795a30881a,41f184a29ff88aaf275f3365267b8c909ce7598a,ridge_corrected_41f184a29ff8_6ed147cd_f83baf57
Ridge,1,2,2022-07-24,2022-07-25,10.61,11.690601768871268,1.0806017688712686,1.0806017688712686,1.1677001828877145,100.0,submitted_main_linear_features_H1_18col,6ed147cd585e5e8083292683f9be3cf585e97e4d46fa0e3224d24a4e2b42cbbb,f83baf5732ffbf88b9a448a3d9ab9fa270f7495fe44d1559c1ac49795a30881a,41f184a29ff88aaf275f3365267b8c909ce7598a,ridge_corrected_41f184a29ff8_6ed147cd_f83baf57
Ridge,1,2,2022-07-25,2022-07-26,9.41,11.700208307923406,2.2902083079234057,2.2902083079234057,5.245054093681389,100.0,submitted_main_linear_features_H1_18col,6ed147cd585e5e8083292683f9be3cf585e97e4d46fa0e3224d24a4e2b42cbbb,f83baf5732ffbf88b9a448a3d9ab9fa270f7495fe44d1559c1ac49795a30881a,41f184a29ff88aaf275f3365267b8c909ce7598a,ridge_corrected_41f184a29ff8_6ed147cd_f83baf57
Ridge,1,2,2022-07-26,2022-07-27,10.84,12.111521921901451,1.271521921901451,1.271521921901451,1.61676799787596,100.0,submitted_main_linear_features_H1_18col,6ed147cd585e5e8083292683f9be3cf585e97e4d46fa0e3224d24a4e2b42cbbb,f83baf5732ffbf88b9a448a3d9ab9fa270f7495fe44d1559c1ac49795a30881a,41f184a29ff88aaf275f3365267b8c909ce7598a,ridge_corrected_41f184a29ff8_6ed147cd_f83baf57
Ridge,1,2,2022-07-27,2022-07-28,10.36,12.079783323031444,1.7197833230314448,1.7197833230314448,2.9576546781770787,100.0,submitted_main_linear_features_H1_18col,6ed147cd585e5e8083292683f9be3cf585e97e4d46fa0e3224d24a4e2b42cbbb,f83baf5732ffbf88b9a448a3d9ab9fa270f7495fe44d1559c1ac49795a30881a,41f184a29ff88aaf275f3365267b8c909ce7598a,ridge_corrected_41f184a29ff8_6ed147cd_f83baf57
Ridge,1,2,2022-07-28,2022-07-29,12.71,11.475950597947495,-1.2340494020525057,1.2340494020525057,1.5228779267061467,100.0,submitted_main_linear_features_H1_18col,6ed147cd585e5e8083292683f9be3cf585e97e4d46fa0e3224d24a4e2b42cbbb,f83baf5732ffbf88b9a448a3d9ab9fa270f7495fe44d1559c1ac49795a30881a,41f184a29ff88aaf275f3365267b8c909ce7598a,ridge_corrected_41f184a29ff8_6ed147cd_f83baf57
Ridge,1,2,2022-07-29,2022-07-30,11.0,11.48662278162428,0.4866227816242805,0.4866227816242805,0.2368017315957522,100.0,submitted_main_linear_features_H1_18col,6ed147cd585e5e8083292683f9be3cf585e97e4d46fa0e3224d24a4e2b42cbbb,f83baf5732ffbf88b9a448a3d9ab9fa270f7495fe44d1559c1ac49795a30881a,41f184a29ff88aaf275f3365267b8c909ce7598a,ridge_corrected_41f184a29ff8_6ed147cd_f83baf57
Ridge,1,2,2022-07-30,2022-07-31,11.68,12.092248628545066,0.4122486285450666,0.4122486285450666,0.1699489317372883,100.0,submitted_main_linear_features_H1_18col,6ed147cd585e5e8083292683f9be3cf585e97e4d46fa0e3224d24a4e2b42cbbb,f83baf5732ffbf88b9a448a3d9ab9fa270f7495fe44d1559c1ac49795a30881a,41f184a29ff88aaf275f3365267b8c909ce7598a,ridge_corrected_41f184a29ff8_6ed147cd_f83baf57
Ridge,1,2,2022-07-31,2022-08-01,11.72,11.794940588227083,0.07494058822708283,0.07494058822708283,0.005616091763821185,100.0,submitted_main_linear_features_H1_18col,6ed147cd585e5e8083292683f9be3cf585e97e4d46fa0e3224d24a4e2b42cbbb,f83baf5732ffbf88b9a448a3d9ab9fa270f7495fe44d1559c1ac49795a30881a,41f184a29ff88aaf275f3365267b8c909ce7598a,ridge_corrected_41f184a29ff8_6ed147cd_f83baf57
Ridge,1,2,2022-08-01,2022-08-02,13.98,12.171065409999699,-1.8089345900003018,1.8089345900003018,3.27224435089956,100.0,submitted_main_linear_features_H1_18col,6ed147cd585e5e8083292683f9be3cf585e97e4d46fa0e3224d24a4e2b42cbbb,f83baf5732ffbf88b9a448a3d9ab9fa270f7495fe44d1559c1ac49795a30881a,41f184a29ff88aaf275f3365267b8c909ce7598a,ridge_corrected_41f184a29ff8_6ed147cd_f83baf57
Ridge,1,2,2022-08-02,2022-08-03,15.37,12.600031634400944,-2.7699683655990555,2.7699683655990555,7.672724746419503,100.0,submitted_main_linear_features_H1_18col,6ed147cd585e5e8083292683f9be3cf585e97e4d46fa0e3224d24a4e2b42cbbb,f83baf5732ffbf88b9a448a3d9ab9fa270f7495fe44d1559c1ac49795a30881a,41f184a29ff88aaf275f3365267b8c909ce7598a,ridge_corrected_41f184a29ff8_6ed147cd_f83baf57
Ridge,1,2,2022-08-03,2022-08-04,13.75,12.84059888139819,-0.90940111860181,0.90940111860181,0.8270103945142234,100.0,submitted_main_linear_features_H1_18col,6ed147cd585e5e8083292683f9be3cf585e97e4d46fa0e3224d24a4e2b42cbbb,f83baf5732ffbf88b9a448a3d9ab9fa270f7495fe44d1559c1ac49795a30881a,41f184a29ff88aaf275f3365267b8c909ce7598a,ridge_corrected_41f184a29ff8_6ed147cd_f83baf57
Ridge,1,2,2022-08-04,2022-08-05,12.58,13.54009313589712,0.9600931358971199,0.9600931358971199,0.9217788295967655,100.0,submitted_main_linear_features_H1_18col,6ed147cd585e5e8083292683f9be3cf585e97e4d46fa0e3224d24a4e2b42cbbb,f83baf5732ffbf88b9a448a3d9ab9fa270f7495fe44d1559c1ac49795a30881a,41f184a29ff88aaf275f3365267b8c909ce7598a,ridge_corrected_41f184a29ff8_6ed147cd_f83baf57
Ridge,1,2,2022-08-05,2022-08-06,11.47,13.620769494688181,2.1507694946881806,2.1507694946881806,4.625809419281252,100.0,submitted_main_linear_features_H1_18col,6ed147cd585e5e8083292683f9be3cf585e97e4d46fa0e3224d24a4e2b42cbbb,f83baf5732ffbf88b9a448a3d9ab9fa270f7495fe44d1559c1ac49795a30881a,41f184a29ff88aaf275f3365267b8c909ce7598a,ridge_corrected_41f184a29ff8_6ed147cd_f83baf57
Ridge,1,2,2022-08-06,2022-08-07,10.79,12.871015035339699,2.0810150353397,2.0810150353397,4.3306235773098924,100.0,submitted_main_linear_features_H1_18col,6ed147cd585e5e8083292683f9be3cf585e97e4d46fa0e3224d24a4e2b42cbbb,f83baf5732ffbf88b9a448a3d9ab9fa270f7495fe44d1559c1ac49795a30881a,41f184a29ff88aaf275f3365267b8c909ce7598a,ridge_corrected_41f184a29ff8_6ed147cd_f83baf57
Ridge,1,2,2022-08-07,2022-08-08,11.84,12.312876675255831,0.4728766752558311,0.4728766752558311,0.22361235000100874,100.0,submitted_main_linear_features_H1_18col,6ed147cd585e5e8083292683f9be3cf585e97e4d46fa0e3224d24a4e2b42cbbb,f83baf5732ffbf88b9a448a3d9ab9fa270f7495fe44d1559c1ac49795a30881a,41f184a29ff88aaf275f3365267b8c909ce7598a,ridge_corrected_41f184a29ff8_6ed147cd_f83baf57
Ridge,1,2,2022-08-08,2022-08-09,11.92,12.040421599060144,0.12042159906014405,0.12042159906014405,0.014501361520202085,100.0,submitted_main_linear_features_H1_18col,6ed147cd585e5e8083292683f9be3cf585e97e4d46fa0e3224d24a4e2b42cbbb,f83baf5732ffbf88b9a448a3d9ab9fa270f7495fe44d1559c1ac49795a30881a,41f184a29ff88aaf275f3365267b8c909ce7598a,ridge_corrected_41f184a29ff8_6ed147cd_f83baf57
Ridge,1,2,2022-08-09,2022-08-10,9.1,12.479893551766443,3.3798935517664432,3.3798935517664432,11.423680421272383,100.0,submitted_main_linear_features_H1_18col,6ed147cd585e5e8083292683f9be3cf585e97e4d46fa0e3224d24a4e2b42cbbb,f83baf5732ffbf88b9a448a3d9ab9fa270f7495fe44d1559c1ac49795a30881a,41f184a29ff88aaf275f3365267b8c909ce7598a,ridge_corrected_41f184a29ff8_6ed147cd_f83baf57
Ridge,1,2,2022-08-10,2022-08-11,10.85,12.238328706605522,1.388328706605522,1.388328706605522,1.9274565975849618,100.0,submitted_main_linear_features_H1_18col,6ed147cd585e5e8083292683f9be3cf585e97e4d46fa0e3224d24a4e2b42cbbb,f83baf5732ffbf88b9a448a3d9ab9fa270f7495fe44d1559c1ac49795a30881a,41f184a29ff88aaf275f3365267b8c909ce7598a,ridge_corrected_41f184a29ff8_6ed147cd_f83baf57
Ridge,1,2,2022-08-11,2022-08-12,10.13,10.94471964355455,0.8147196435545485,0.8147196435545485,0.6637680975936506,100.0,submitted_main_linear_features_H1_18col,6ed147cd585e5e8083292683f9be3cf585e97e4d46fa0e3224d24a4e2b42cbbb,f83baf5732ffbf88b9a448a3d9ab9fa270f7495fe44d1559c1ac49795a30881a,41f184a29ff88aaf275f3365267b8c909ce7598a,ridge_corrected_41f184a29ff8_6ed147cd_f83baf57
Ridge,1,2,2022-08-12,2022-08-13,9.9,11.516271654747213,1.6162716547472122,1.6162716547472122,2.6123340619392916,100.0,submitted_main_linear_features_H1_18col,6ed147cd585e5e8083292683f9be3cf585e97e4d46fa0e3224d24a4e2b42cbbb,f83baf5732ffbf88b9a448a3d9ab9fa270f7495fe44d1559c1ac49795a30881a,41f184a29ff88aaf275f3365267b8c909ce7598a,ridge_corrected_41f184a29ff8_6ed147cd_f83baf57
Ridge,1,2,2022-08-13,2022-08-14,8.88,11.17363458163097,2.29363458163097,2.29363458163097,5.260759594053475,100.0,submitted_main_linear_features_H1_18col,6ed147cd585e5e8083292683f9be3cf585e97e4d46fa0e3224d24a4e2b42cbbb,f83baf5732ffbf88b9a448a3d9ab9fa270f7495fe44d1559c1ac49795a30881a,41f184a29ff88aaf275f3365267b8c909ce7598a,ridge_corrected_41f184a29ff8_6ed147cd_f83baf57
Ridge,1,2,2022-08-14,2022-08-15,7.51,11.015708061111656,3.5057080611116564,3.5057080611116564,12.28998900974325,100.0,submitted_main_linear_features_H1_18col,6ed147cd585e5e8083292683f9be3cf585e97e4d46fa0e3224d24a4e2b42cbbb,f83baf5732ffbf88b9a448a3d9ab9fa270f7495fe44d1559c1ac49795a30881a,41f184a29ff88aaf275f3365267b8c909ce7598a,ridge_corrected_41f184a29ff8_6ed147cd_f83baf57
Ridge,1,2,2022-08-15,2022-08-16,7.97,11.626725739007508,3.6567257390075083,3.6567257390075083,13.371643130320008,100.0,submitted_main_linear_features_H1_18col,6ed147cd585e5e8083292683f9be3cf585e97e4d46fa0e3224d24a4e2b42cbbb,f83baf5732ffbf88b9a448a3d9ab9fa270f7495fe44d1559c1ac49795a30881a,41f184a29ff88aaf275f3365267b8c909ce7598a,ridge_corrected_41f184a29ff8_6ed147cd_f83baf57
Ridge,1,2,2022-08-16,2022-08-17,10.81,9.897706555923264,-0.9122934440767363,0.9122934440767363,0.8322793281053932,100.0,submitted_main_linear_features_H1_18col,6ed147cd585e5e8083292683f9be3cf585e97e4d46fa0e3224d24a4e2b42cbbb,f83baf5732ffbf88b9a448a3d9ab9fa270f7495fe44d1559c1ac49795a30881a,41f184a29ff88aaf275f3365267b8c909ce7598a,ridge_corrected_41f184a29ff8_6ed147cd_f83baf57
Ridge,1,2,2022-08-17,2022-08-18,10.51,10.11273117594569,-0.39726882405430963,0.39726882405430963,0.15782251856549404,100.0,submitted_main_linear_features_H1_18col,6ed147cd585e5e8083292683f9be3cf585e97e4d46fa0e3224d24a4e2b42cbbb,f83baf5732ffbf88b9a448a3d9ab9fa270f7495fe44d1559c1ac49795a30881a,41f184a29ff88aaf275f3365267b8c909ce7598a,ridge_corrected_41f184a29ff8_6ed147cd_f83baf57
Ridge,1,2,2022-08-18,2022-08-19,8.86,10.614612596010536,1.7546125960105368,1.7546125960105368,3.078665362078835,100.0,submitted_main_linear_features_H1_18col,6ed147cd585e5e8083292683f9be3cf585e97e4d46fa0e3224d24a4e2b42cbbb,f83baf5732ffbf88b9a448a3d9ab9fa270f7495fe44d1559c1ac49795a30881a,41f184a29ff88aaf275f3365267b8c909ce7598a,ridge_corrected_41f184a29ff8_6ed147cd_f83baf57
Ridge,1,2,2022-08-19,2022-08-20,9.42,10.690452651573956,1.2704526515739563,1.2704526515739563,1.6140499398912964,100.0,submitted_main_linear_features_H1_18col,6ed147cd585e5e8083292683f9be3cf585e97e4d46fa0e3224d24a4e2b42cbbb,f83baf5732ffbf88b9a448a3d9ab9fa270f7495fe44d1559c1ac49795a30881a,41f184a29ff88aaf275f3365267b8c909ce7598a,ridge_corrected_41f184a29ff8_6ed147cd_f83baf57
Ridge,1,2,2022-08-20,2022-08-21,9.74,10.042352945635095,0.3023529456350946,0.3023529456350946,0.09141730373421848,100.0,submitted_main_linear_features_H1_18col,6ed147cd585e5e8083292683f9be3cf585e97e4d46fa0e3224d24a4e2b42cbbb,f83baf5732ffbf88b9a448a3d9ab9fa270f7495fe44d1559c1ac49795a30881a,41f184a29ff88aaf275f3365267b8c909ce7598a,ridge_corrected_41f184a29ff8_6ed147cd_f83baf57
Ridge,1,2,2022-08-21,2022-08-22,10.25,10.58016278555549,0.3301627855554905,0.3301627855554905,0.1090074649657608,100.0,submitted_main_linear_features_H1_18col,6ed147cd585e5e8083292683f9be3cf585e97e4d46fa0e3224d24a4e2b42cbbb,f83baf5732ffbf88b9a448a3d9ab9fa270f7495fe44d1559c1ac49795a30881a,41f184a29ff88aaf275f3365267b8c909ce7598a,ridge_corrected_41f184a29ff8_6ed147cd_f83baf57
Ridge,1,2,2022-08-22,2022-08-23,12.0,10.76966390329692,-1.2303360967030805,1.2303360967030805,1.513726910850572,100.0,submitted_main_linear_features_H1_18col,6ed147cd585e5e8083292683f9be3cf585e97e4d46fa0e3224d24a4e2b42cbbb,f83baf5732ffbf88b9a448a3d9ab9fa270f7495fe44d1559c1ac49795a30881a,41f184a29ff88aaf275f3365267b8c909ce7598a,ridge_corrected_41f184a29ff8_6ed147cd_f83baf57
Ridge,1,2,2022-08-23,2022-08-24,9.62,11.360253020060092,1.7402530200600932,1.7402530200600932,3.028480573828275,100.0,submitted_main_linear_features_H1_18col,6ed147cd585e5e8083292683f9be3cf585e97e4d46fa0e3224d24a4e2b42cbbb,f83baf5732ffbf88b9a448a3d9ab9fa270f7495fe44d1559c1ac49795a30881a,41f184a29ff88aaf275f3365267b8c909ce7598a,ridge_corrected_41f184a29ff8_6ed147cd_f83baf57
Ridge,1,2,2022-08-24,2022-08-25,9.98,10.20220967615234,0.2222096761523389,0.2222096761523389,0.04937714017572733,100.0,submitted_main_linear_features_H1_18col,6ed147cd585e5e8083292683f9be3cf585e97e4d46fa0e3224d24a4e2b42cbbb,f83baf5732ffbf88b9a448a3d9ab9fa270f7495fe44d1559c1ac49795a30881a,41f184a29ff88aaf275f3365267b8c909ce7598a,ridge_corrected_41f184a29ff8_6ed147cd_f83baf57
Ridge,1,2,2022-08-25,2022-08-26,10.62,10.125937622487271,-0.4940623775127282,0.4940623775127282,0.24409763287352954,100.0,submitted_main_linear_features_H1_18col,6ed147cd585e5e8083292683f9be3cf585e97e4d46fa0e3224d24a4e2b42cbbb,f83baf5732ffbf88b9a448a3d9ab9fa270f7495fe44d1559c1ac49795a30881a,41f184a29ff88aaf275f3365267b8c909ce7598a,ridge_corrected_41f184a29ff8_6ed147cd_f83baf57
Ridge,1,2,2022-08-26,2022-08-27,12.52,10.566084464412707,-1.9539155355872921,1.9539155355872921,3.8177859202093747,100.0,submitted_main_linear_features_H1_18col,6ed147cd585e5e8083292683f9be3cf585e97e4d46fa0e3224d24a4e2b42cbbb,f83baf5732ffbf88b9a448a3d9ab9fa270f7495fe44d1559c1ac49795a30881a,41f184a29ff88aaf275f3365267b8c909ce7598a,ridge_corrected_41f184a29ff8_6ed147cd_f83baf57
Ridge,1,2,2022-08-27,2022-08-28,13.15,11.529047395767694,-1.620952604232306,1.620952604232306,2.6274873451674945,100.0,submitted_main_linear_features_H1_18col,6ed147cd585e5e8083292683f9be3cf585e97e4d46fa0e3224d24a4e2b42cbbb,f83baf5732ffbf88b9a448a3d9ab9fa270f7495fe44d1559c1ac49795a30881a,41f184a29ff88aaf275f3365267b8c909ce7598a,ridge_corrected_41f184a29ff8_6ed147cd_f83baf57
Ridge,1,2,2022-08-28,2022-08-29,11.3,12.285399993163857,0.9853999931638562,0.9853999931638562,0.9710131465273278,100.0,submitted_main_linear_features_H1_18col,6ed147cd585e5e8083292683f9be3cf585e97e4d46fa0e3224d24a4e2b42cbbb,f83baf5732ffbf88b9a448a3d9ab9fa270f7495fe44d1559c1ac49795a30881a,41f184a29ff88aaf275f3365267b8c909ce7598a,ridge_corrected_41f184a29ff8_6ed147cd_f83baf57
Ridge,1,2,2022-08-29,2022-08-30,11.58,11.928158918801513,0.34815891880151284,0.34815891880151284,0.12121463274103841,100.0,submitted_main_linear_features_H1_18col,6ed147cd585e5e8083292683f9be3cf585e97e4d46fa0e3224d24a4e2b42cbbb,f83baf5732ffbf88b9a448a3d9ab9fa270f7495fe44d1559c1ac49795a30881a,41f184a29ff88aaf275f3365267b8c909ce7598a,ridge_corrected_41f184a29ff8_6ed147cd_f83baf57
Ridge,1,2,2022-08-30,2022-08-31,9.74,11.229385573045246,1.4893855730452454,1.4893855730452454,2.218269385195314,100.0,submitted_main_linear_features_H1_18col,6ed147cd585e5e8083292683f9be3cf585e97e4d46fa0e3224d24a4e2b42cbbb,f83baf5732ffbf88b9a448a3d9ab9fa270f7495fe44d1559c1ac49795a30881a,41f184a29ff88aaf275f3365267b8c909ce7598a,ridge_corrected_41f184a29ff8_6ed147cd_f83baf57
Ridge,1,2,2022-08-31,2022-09-01,6.86,10.481693484386174,3.6216934843861734,3.6216934843861734,13.116663694845261,100.0,submitted_main_linear_features_H1_18col,6ed147cd585e5e8083292683f9be3cf585e97e4d46fa0e3224d24a4e2b42cbbb,f83baf5732ffbf88b9a448a3d9ab9fa270f7495fe44d1559c1ac49795a30881a,41f184a29ff88aaf275f3365267b8c909ce7598a,ridge_corrected_41f184a29ff8_6ed147cd_f83baf57
Ridge,1,2,2022-09-01,2022-09-02,8.57,10.538887331796559,1.9688873317965587,1.9688873317965587,3.8765173253089724,100.0,submitted_main_linear_features_H1_18col,6ed147cd585e5e8083292683f9be3cf585e97e4d46fa0e3224d24a4e2b42cbbb,f83baf5732ffbf88b9a448a3d9ab9fa270f7495fe44d1559c1ac49795a30881a,41f184a29ff88aaf275f3365267b8c909ce7598a,ridge_corrected_41f184a29ff8_6ed147cd_f83baf57
Ridge,1,2,2022-09-02,2022-09-03,11.56,9.617854095461036,-1.9421459045389646,1.9421459045389646,3.771930714517473,100.0,submitted_main_linear_features_H1_18col,6ed147cd585e5e8083292683f9be3cf585e97e4d46fa0e3224d24a4e2b42cbbb,f83baf5732ffbf88b9a448a3d9ab9fa270f7495fe44d1559c1ac49795a30881a,41f184a29ff88aaf275f3365267b8c909ce7598a,ridge_corrected_41f184a29ff8_6ed147cd_f83baf57
Ridge,1,2,2022-09-03,2022-09-04,9.69,10.315119631515106,0.6251196315151066,0.6251196315151066,0.3907745537055827,100.0,submitted_main_linear_features_H1_18col,6ed147cd585e5e8083292683f9be3cf585e97e4d46fa0e3224d24a4e2b42cbbb,f83baf5732ffbf88b9a448a3d9ab9fa270f7495fe44d1559c1ac49795a30881a,41f184a29ff88aaf275f3365267b8c909ce7598a,ridge_corrected_41f184a29ff8_6ed147cd_f83baf57
Ridge,1,2,2022-09-04,2022-09-05,11.27,10.717237003152205,-0.552762996847795,0.552762996847795,0.3055469306841554,100.0,submitted_main_linear_features_H1_18col,6ed147cd585e5e8083292683f9be3cf585e97e4d46fa0e3224d24a4e2b42cbbb,f83baf5732ffbf88b9a448a3d9ab9fa270f7495fe44d1559c1ac49795a30881a,41f184a29ff88aaf275f3365267b8c909ce7598a,ridge_corrected_41f184a29ff8_6ed147cd_f83baf57
Ridge,1,2,2022-09-05,2022-09-06,10.07,10.145011954325934,0.07501195432593377,0.07501195432593377,0.005626793291795974,100.0,submitted_main_linear_features_H1_18col,6ed147cd585e5e8083292683f9be3cf585e97e4d46fa0e3224d24a4e2b42cbbb,f83baf5732ffbf88b9a448a3d9ab9fa270f7495fe44d1559c1ac49795a30881a,41f184a29ff88aaf275f3365267b8c909ce7598a,ridge_corrected_41f184a29ff8_6ed147cd_f83baf57
Ridge,1,2,2022-09-06,2022-09-07,10.8,7.1439195423867705,-3.65608045761323,3.65608045761323,13.366924312541366,100.0,submitted_main_linear_features_H1_18col,6ed147cd585e5e8083292683f9be3cf585e97e4d46fa0e3224d24a4e2b42cbbb,f83baf5732ffbf88b9a448a3d9ab9fa270f7495fe44d1559c1ac49795a30881a,41f184a29ff88aaf275f3365267b8c909ce7598a,ridge_corrected_41f184a29ff8_6ed147cd_f83baf57
Ridge,1,2,2022-09-07,2022-09-08,6.31,9.276035117421987,2.9660351174219874,2.9660351174219874,8.797364317780463,100.0,submitted_main_linear_features_H1_18col,6ed147cd585e5e8083292683f9be3cf585e97e4d46fa0e3224d24a4e2b42cbbb,f83baf5732ffbf88b9a448a3d9ab9fa270f7495fe44d1559c1ac49795a30881a,41f184a29ff88aaf275f3365267b8c909ce7598a,ridge_corrected_41f184a29ff8_6ed147cd_f83baf57
Ridge,1,2,2022-09-08,2022-09-09,9.62,10.49771492725528,0.8777149272552816,0.8777149272552816,0.7703834935267442,100.0,submitted_main_linear_features_H1_18col,6ed147cd585e5e8083292683f9be3cf585e97e4d46fa0e3224d24a4e2b42cbbb,f83baf5732ffbf88b9a448a3d9ab9fa270f7495fe44d1559c1ac49795a30881a,41f184a29ff88aaf275f3365267b8c909ce7598a,ridge_corrected_41f184a29ff8_6ed147cd_f83baf57
Ridge,1,2,2022-09-09,2022-09-10,11.69,10.290732735299326,-1.3992672647006739,1.3992672647006739,1.9579488780629057,100.0,submitted_main_linear_features_H1_18col,6ed147cd585e5e8083292683f9be3cf585e97e4d46fa0e3224d24a4e2b42cbbb,f83baf5732ffbf88b9a448a3d9ab9fa270f7495fe44d1559c1ac49795a30881a,41f184a29ff88aaf275f3365267b8c909ce7598a,ridge_corrected_41f184a29ff8_6ed147cd_f83baf57
Ridge,1,2,2022-09-10,2022-09-11,10.96,11.132003441053076,0.17200344105307508,0.17200344105307508,0.029585183734098672,100.0,submitted_main_linear_features_H1_18col,6ed147cd585e5e8083292683f9be3cf585e97e4d46fa0e3224d24a4e2b42cbbb,f83baf5732ffbf88b9a448a3d9ab9fa270f7495fe44d1559c1ac49795a30881a,41f184a29ff88aaf275f3365267b8c909ce7598a,ridge_corrected_41f184a29ff8_6ed147cd_f83baf57
Ridge,1,2,2022-09-11,2022-09-12,12.9,11.350290734157474,-1.5497092658425267,1.5497092658425267,2.401598808638183,100.0,submitted_main_linear_features_H1_18col,6ed147cd585e5e8083292683f9be3cf585e97e4d46fa0e3224d24a4e2b42cbbb,f83baf5732ffbf88b9a448a3d9ab9fa270f7495fe44d1559c1ac49795a30881a,41f184a29ff88aaf275f3365267b8c909ce7598a,ridge_corrected_41f184a29ff8_6ed147cd_f83baf57
Ridge,1,2,2022-09-12,2022-09-13,15.26,11.390522945335276,-3.869477054664724,3.869477054664724,14.972852676576789,100.0,submitted_main_linear_features_H1_18col,6ed147cd585e5e8083292683f9be3cf585e97e4d46fa0e3224d24a4e2b42cbbb,f83baf5732ffbf88b9a448a3d9ab9fa270f7495fe44d1559c1ac49795a30881a,41f184a29ff88aaf275f3365267b8c909ce7598a,ridge_corrected_41f184a29ff8_6ed147cd_f83baf57
Ridge,1,2,2022-09-13,2022-09-14,10.7,11.881393148492837,1.1813931484928375,1.1813931484928375,1.3956897713058196,100.0,submitted_main_linear_features_H1_18col,6ed147cd585e5e8083292683f9be3cf585e97e4d46fa0e3224d24a4e2b42cbbb,f83baf5732ffbf88b9a448a3d9ab9fa270f7495fe44d1559c1ac49795a30881a,41f184a29ff88aaf275f3365267b8c909ce7598a,ridge_corrected_41f184a29ff8_6ed147cd_f83baf57
Ridge,1,2,2022-09-14,2022-09-15,11.9,12.200009285703395,0.30000928570339447,0.30000928570339447,0.09000557150826097,100.0,submitted_main_linear_features_H1_18col,6ed147cd585e5e8083292683f9be3cf585e97e4d46fa0e3224d24a4e2b42cbbb,f83baf5732ffbf88b9a448a3d9ab9fa270f7495fe44d1559c1ac49795a30881a,41f184a29ff88aaf275f3365267b8c909ce7598a,ridge_corrected_41f184a29ff8_6ed147cd_f83baf57
Ridge,1,2,2022-09-15,2022-09-16,14.33,11.24615644400194,-3.08384355599806,3.08384355599806,9.51009107787076,100.0,submitted_main_linear_features_H1_18col,6ed147cd585e5e8083292683f9be3cf585e97e4d46fa0e3224d24a4e2b42cbbb,f83baf5732ffbf88b9a448a3d9ab9fa270f7495fe44d1559c1ac49795a30881a,41f184a29ff88aaf275f3365267b8c909ce7598a,ridge_corrected_41f184a29ff8_6ed147cd_f83baf57
Ridge,1,2,2022-09-16,2022-09-17,13.67,12.83504283290323,-0.8349571670967695,0.8349571670967695,0.6971534708862627,100.0,submitted_main_linear_features_H1_18col,6ed147cd585e5e8083292683f9be3cf585e97e4d46fa0e3224d24a4e2b42cbbb,f83baf5732ffbf88b9a448a3d9ab9fa270f7495fe44d1559c1ac49795a30881a,41f184a29ff88aaf275f3365267b8c909ce7598a,ridge_corrected_41f184a29ff8_6ed147cd_f83baf57
Ridge,1,2,2022-09-17,2022-09-18,11.3,12.927334361593184,1.6273343615931832,1.6273343615931832,2.648217124421893,100.0,submitted_main_linear_features_H1_18col,6ed147cd585e5e8083292683f9be3cf585e97e4d46fa0e3224d24a4e2b42cbbb,f83baf5732ffbf88b9a448a3d9ab9fa270f7495fe44d1559c1ac49795a30881a,41f184a29ff88aaf275f3365267b8c909ce7598a,ridge_corrected_41f184a29ff8_6ed147cd_f83baf57
Ridge,1,2,2022-09-18,2022-09-19,11.33,12.312290325442087,0.9822903254420865,0.9822903254420865,0.9648942834571202,100.0,submitted_main_linear_features_H1_18col,6ed147cd585e5e8083292683f9be3cf585e97e4d46fa0e3224d24a4e2b42cbbb,f83baf5732ffbf88b9a448a3d9ab9fa270f7495fe44d1559c1ac49795a30881a,41f184a29ff88aaf275f3365267b8c909ce7598a,ridge_corrected_41f184a29ff8_6ed147cd_f83baf57
Ridge,1,2,2022-09-19,2022-09-20,9.44,10.070978292802897,0.6309782928028973,0.6309782928028973,0.3981336059884588,100.0,submitted_main_linear_features_H1_18col,6ed147cd585e5e8083292683f9be3cf585e97e4d46fa0e3224d24a4e2b42cbbb,f83baf5732ffbf88b9a448a3d9ab9fa270f7495fe44d1559c1ac49795a30881a,41f184a29ff88aaf275f3365267b8c909ce7598a,ridge_corrected_41f184a29ff8_6ed147cd_f83baf57
Ridge,1,2,2022-09-20,2022-09-21,10.38,11.365519781238945,0.9855197812389438,0.9855197812389438,0.9712492392132557,100.0,submitted_main_linear_features_H1_18col,6ed147cd585e5e8083292683f9be3cf585e97e4d46fa0e3224d24a4e2b42cbbb,f83baf5732ffbf88b9a448a3d9ab9fa270f7495fe44d1559c1ac49795a30881a,41f184a29ff88aaf275f3365267b8c909ce7598a,ridge_corrected_41f184a29ff8_6ed147cd_f83baf57
Ridge,1,2,2022-09-21,2022-09-22,11.3,11.214866194820074,-0.08513380517992708,0.08513380517992708,0.007247764784413779,100.0,submitted_main_linear_features_H1_18col,6ed147cd585e5e8083292683f9be3cf585e97e4d46fa0e3224d24a4e2b42cbbb,f83baf5732ffbf88b9a448a3d9ab9fa270f7495fe44d1559c1ac49795a30881a,41f184a29ff88aaf275f3365267b8c909ce7598a,ridge_corrected_41f184a29ff8_6ed147cd_f83baf57
Ridge,1,2,2022-09-22,2022-09-23,13.42,11.934722005202243,-1.485277994797757,1.485277994797757,2.206050721830446,100.0,submitted_main_linear_features_H1_18col,6ed147cd585e5e8083292683f9be3cf585e97e4d46fa0e3224d24a4e2b42cbbb,f83baf5732ffbf88b9a448a3d9ab9fa270f7495fe44d1559c1ac49795a30881a,41f184a29ff88aaf275f3365267b8c909ce7598a,ridge_corrected_41f184a29ff8_6ed147cd_f83baf57
Ridge,1,2,2022-09-23,2022-09-24,12.35,11.934089286410995,-0.415910713589005,0.415910713589005,0.17298172167811535,100.0,submitted_main_linear_features_H1_18col,6ed147cd585e5e8083292683f9be3cf585e97e4d46fa0e3224d24a4e2b42cbbb,f83baf5732ffbf88b9a448a3d9ab9fa270f7495fe44d1559c1ac49795a30881a,41f184a29ff88aaf275f3365267b8c909ce7598a,ridge_corrected_41f184a29ff8_6ed147cd_f83baf57
Ridge,1,2,2022-09-24,2022-09-25,13.02,13.732641985824062,0.712641985824062,0.712641985824062,0.5078585999592626,100.0,submitted_main_linear_features_H1_18col,6ed147cd585e5e8083292683f9be3cf585e97e4d46fa0e3224d24a4e2b42cbbb,f83baf5732ffbf88b9a448a3d9ab9fa270f7495fe44d1559c1ac49795a30881a,41f184a29ff88aaf275f3365267b8c909ce7598a,ridge_corrected_41f184a29ff8_6ed147cd_f83baf57
Ridge,1,2,2022-09-25,2022-09-26,13.94,13.707993909064761,-0.23200609093523816,0.23200609093523816,0.05382682623105,100.0,submitted_main_linear_features_H1_18col,6ed147cd585e5e8083292683f9be3cf585e97e4d46fa0e3224d24a4e2b42cbbb,f83baf5732ffbf88b9a448a3d9ab9fa270f7495fe44d1559c1ac49795a30881a,41f184a29ff88aaf275f3365267b8c909ce7598a,ridge_corrected_41f184a29ff8_6ed147cd_f83baf57
Ridge,1,2,2022-09-26,2022-09-27,13.92,14.114030420220526,0.19403042022052652,0.19403042022052652,0.03764780397095411,100.0,submitted_main_linear_features_H1_18col,6ed147cd585e5e8083292683f9be3cf585e97e4d46fa0e3224d24a4e2b42cbbb,f83baf5732ffbf88b9a448a3d9ab9fa270f7495fe44d1559c1ac49795a30881a,41f184a29ff88aaf275f3365267b8c909ce7598a,ridge_corrected_41f184a29ff8_6ed147cd_f83baf57
Ridge,1,2,2022-09-27,2022-09-28,11.36,12.407628261731405,1.0476282617314059,1.0476282617314059,1.097524974778367,100.0,submitted_main_linear_features_H1_18col,6ed147cd585e5e8083292683f9be3cf585e97e4d46fa0e3224d24a4e2b42cbbb,f83baf5732ffbf88b9a448a3d9ab9fa270f7495fe44d1559c1ac49795a30881a,41f184a29ff88aaf275f3365267b8c909ce7598a,ridge_corrected_41f184a29ff8_6ed147cd_f83baf57
Ridge,1,2,2022-09-28,2022-09-29,12.05,14.23817802799172,2.18817802799172,2.18817802799172,4.788123082185732,100.0,submitted_main_linear_features_H1_18col,6ed147cd585e5e8083292683f9be3cf585e97e4d46fa0e3224d24a4e2b42cbbb,f83baf5732ffbf88b9a448a3d9ab9fa270f7495fe44d1559c1ac49795a30881a,41f184a29ff88aaf275f3365267b8c909ce7598a,ridge_corrected_41f184a29ff8_6ed147cd_f83baf57
Ridge,1,2,2022-09-29,2022-09-30,13.66,13.19538723148033,-0.4646127685196699,0.4646127685196699,0.2158650246715124,100.0,submitted_main_linear_features_H1_18col,6ed147cd585e5e8083292683f9be3cf585e97e4d46fa0e3224d24a4e2b42cbbb,f83baf5732ffbf88b9a448a3d9ab9fa270f7495fe44d1559c1ac49795a30881a,41f184a29ff88aaf275f3365267b8c909ce7598a,ridge_corrected_41f184a29ff8_6ed147cd_f83baf57
Ridge,1,2,2022-09-30,2022-10-01,13.19,13.479027902499807,0.28902790249980725,0.28902790249980725,0.08353712842343809,100.0,submitted_main_linear_features_H1_18col,6ed147cd585e5e8083292683f9be3cf585e97e4d46fa0e3224d24a4e2b42cbbb,f83baf5732ffbf88b9a448a3d9ab9fa270f7495fe44d1559c1ac49795a30881a,41f184a29ff88aaf275f3365267b8c909ce7598a,ridge_corrected_41f184a29ff8_6ed147cd_f83baf57
Ridge,1,2,2022-10-01,2022-10-02,13.78,14.063709335182853,0.2837093351828539,0.2837093351828539,0.08049098686989695,100.0,submitted_main_linear_features_H1_18col,6ed147cd585e5e8083292683f9be3cf585e97e4d46fa0e3224d24a4e2b42cbbb,f83baf5732ffbf88b9a448a3d9ab9fa270f7495fe44d1559c1ac49795a30881a,41f184a29ff88aaf275f3365267b8c909ce7598a,ridge_corrected_41f184a29ff8_6ed147cd_f83baf57
Ridge,1,2,2022-10-02,2022-10-03,14.42,13.603432628332213,-0.8165673716677873,0.8165673716677873,0.6667822724724383,100.0,submitted_main_linear_features_H1_18col,6ed147cd585e5e8083292683f9be3cf585e97e4d46fa0e3224d24a4e2b42cbbb,f83baf5732ffbf88b9a448a3d9ab9fa270f7495fe44d1559c1ac49795a30881a,41f184a29ff88aaf275f3365267b8c909ce7598a,ridge_corrected_41f184a29ff8_6ed147cd_f83baf57
Ridge,1,2,2022-10-03,2022-10-04,15.44,13.29328862786205,-2.1467113721379487,2.1467113721379487,4.608369715266394,100.0,submitted_main_linear_features_H1_18col,6ed147cd585e5e8083292683f9be3cf585e97e4d46fa0e3224d24a4e2b42cbbb,f83baf5732ffbf88b9a448a3d9ab9fa270f7495fe44d1559c1ac49795a30881a,41f184a29ff88aaf275f3365267b8c909ce7598a,ridge_corrected_41f184a29ff8_6ed147cd_f83baf57
Ridge,1,2,2022-10-04,2022-10-05,10.33,13.164531652466838,2.834531652466838,2.834531652466838,8.034569688836383,100.0,submitted_main_linear_features_H1_18col,6ed147cd585e5e8083292683f9be3cf585e97e4d46fa0e3224d24a4e2b42cbbb,f83baf5732ffbf88b9a448a3d9ab9fa270f7495fe44d1559c1ac49795a30881a,41f184a29ff88aaf275f3365267b8c909ce7598a,ridge_corrected_41f184a29ff8_6ed147cd_f83baf57
Ridge,1,2,2022-10-05,2022-10-06,16.68,13.498582537869149,-3.1814174621308506,3.1814174621308506,10.121417068351102,100.0,submitted_main_linear_features_H1_18col,6ed147cd585e5e8083292683f9be3cf585e97e4d46fa0e3224d24a4e2b42cbbb,f83baf5732ffbf88b9a448a3d9ab9fa270f7495fe44d1559c1ac49795a30881a,41f184a29ff88aaf275f3365267b8c909ce7598a,ridge_corrected_41f184a29ff8_6ed147cd_f83baf57
Ridge,1,2,2022-10-06,2022-10-07,15.78,13.28841939457134,-2.491580605428659,2.491580605428659,6.207973913348243,100.0,submitted_main_linear_features_H1_18col,6ed147cd585e5e8083292683f9be3cf585e97e4d46fa0e3224d24a4e2b42cbbb,f83baf5732ffbf88b9a448a3d9ab9fa270f7495fe44d1559c1ac49795a30881a,41f184a29ff88aaf275f3365267b8c909ce7598a,ridge_corrected_41f184a29ff8_6ed147cd_f83baf57
Ridge,1,2,2022-10-07,2022-10-08,14.52,14.381537922346899,-0.13846207765310048,0.13846207765310048,0.019171746948013227,100.0,submitted_main_linear_features_H1_18col,6ed147cd585e5e8083292683f9be3cf585e97e4d46fa0e3224d24a4e2b42cbbb,f83baf5732ffbf88b9a448a3d9ab9fa270f7495fe44d1559c1ac49795a30881a,41f184a29ff88aaf275f3365267b8c909ce7598a,ridge_corrected_41f184a29ff8_6ed147cd_f83baf57
Ridge,1,2,2022-10-08,2022-10-09,12.31,14.475237409826613,2.165237409826613,2.165237409826613,4.6882530409126595,100.0,submitted_main_linear_features_H1_18col,6ed147cd585e5e8083292683f9be3cf585e97e4d46fa0e3224d24a4e2b42cbbb,f83baf5732ffbf88b9a448a3d9ab9fa270f7495fe44d1559c1ac49795a30881a,41f184a29ff88aaf275f3365267b8c909ce7598a,ridge_corrected_41f184a29ff8_6ed147cd_f83baf57
Ridge,1,2,2022-10-09,2022-10-10,15.42,14.080231097166275,-1.3397689028337254,1.3397689028337254,1.7949807130002844,100.0,submitted_main_linear_features_H1_18col,6ed147cd585e5e8083292683f9be3cf585e97e4d46fa0e3224d24a4e2b42cbbb,f83baf5732ffbf88b9a448a3d9ab9fa270f7495fe44d1559c1ac49795a30881a,41f184a29ff88aaf275f3365267b8c909ce7598a,ridge_corrected_41f184a29ff8_6ed147cd_f83baf57
Ridge,1,2,2022-10-10,2022-10-11,12.6,13.654539782403834,1.0545397824038343,1.0545397824038343,1.1120541526723262,100.0,submitted_main_linear_features_H1_18col,6ed147cd585e5e8083292683f9be3cf585e97e4d46fa0e3224d24a4e2b42cbbb,f83baf5732ffbf88b9a448a3d9ab9fa270f7495fe44d1559c1ac49795a30881a,41f184a29ff88aaf275f3365267b8c909ce7598a,ridge_corrected_41f184a29ff8_6ed147cd_f83baf57
Ridge,1,2,2022-10-11,2022-10-12,13.87,14.086173034645462,0.2161730346454629,0.2161730346454629,0.0467307809078285,100.0,submitted_main_linear_features_H1_18col,6ed147cd585e5e8083292683f9be3cf585e97e4d46fa0e3224d24a4e2b42cbbb,f83baf5732ffbf88b9a448a3d9ab9fa270f7495fe44d1559c1ac49795a30881a,41f184a29ff88aaf275f3365267b8c909ce7598a,ridge_corrected_41f184a29ff8_6ed147cd_f83baf57
Ridge,1,2,2022-10-12,2022-10-13,13.28,13.53898150908375,0.2589815090837515,0.2589815090837515,0.06707142204729727,100.0,submitted_main_linear_features_H1_18col,6ed147cd585e5e8083292683f9be3cf585e97e4d46fa0e3224d24a4e2b42cbbb,f83baf5732ffbf88b9a448a3d9ab9fa270f7495fe44d1559c1ac49795a30881a,41f184a29ff88aaf275f3365267b8c909ce7598a,ridge_corrected_41f184a29ff8_6ed147cd_f83baf57
Ridge,1,2,2022-10-13,2022-10-14,13.3,13.602195154767708,0.3021951547677073,0.3021951547677073,0.09132191156507857,100.0,submitted_main_linear_features_H1_18col,6ed147cd585e5e8083292683f9be3cf585e97e4d46fa0e3224d24a4e2b42cbbb,f83baf5732ffbf88b9a448a3d9ab9fa270f7495fe44d1559c1ac49795a30881a,41f184a29ff88aaf275f3365267b8c909ce7598a,ridge_corrected_41f184a29ff8_6ed147cd_f83baf57
Ridge,1,2,2022-10-14,2022-10-15,13.45,12.83540307200004,-0.6145969279999601,0.6145969279999601,0.3777293839069882,100.0,submitted_main_linear_features_H1_18col,6ed147cd585e5e8083292683f9be3cf585e97e4d46fa0e3224d24a4e2b42cbbb,f83baf5732ffbf88b9a448a3d9ab9fa270f7495fe44d1559c1ac49795a30881a,41f184a29ff88aaf275f3365267b8c909ce7598a,ridge_corrected_41f184a29ff8_6ed147cd_f83baf57
Ridge,1,2,2022-10-15,2022-10-16,13.31,13.903933346200517,0.593933346200517,0.593933346200517,0.3527568197289431,100.0,submitted_main_linear_features_H1_18col,6ed147cd585e5e8083292683f9be3cf585e97e4d46fa0e3224d24a4e2b42cbbb,f83baf5732ffbf88b9a448a3d9ab9fa270f7495fe44d1559c1ac49795a30881a,41f184a29ff88aaf275f3365267b8c909ce7598a,ridge_corrected_41f184a29ff8_6ed147cd_f83baf57
Ridge,1,2,2022-10-16,2022-10-17,13.04,13.919857444323554,0.8798574443235552,0.8798574443235552,0.774149122331578,100.0,submitted_main_linear_features_H1_18col,6ed147cd585e5e8083292683f9be3cf585e97e4d46fa0e3224d24a4e2b42cbbb,f83baf5732ffbf88b9a448a3d9ab9fa270f7495fe44d1559c1ac49795a30881a,41f184a29ff88aaf275f3365267b8c909ce7598a,ridge_corrected_41f184a29ff8_6ed147cd_f83baf57
Ridge,1,2,2022-10-17,2022-10-18,13.21,14.066079525052924,0.8560795250529232,0.8560795250529232,0.7328721532148386,100.0,submitted_main_linear_features_H1_18col,6ed147cd585e5e8083292683f9be3cf585e97e4d46fa0e3224d24a4e2b42cbbb,f83baf5732ffbf88b9a448a3d9ab9fa270f7495fe44d1559c1ac49795a30881a,41f184a29ff88aaf275f3365267b8c909ce7598a,ridge_corrected_41f184a29ff8_6ed147cd_f83baf57
Ridge,1,2,2022-10-18,2022-10-19,14.93,13.544046228222715,-1.3859537717772845,1.3859537717772845,1.9208678575036813,100.0,submitted_main_linear_features_H1_18col,6ed147cd585e5e8083292683f9be3cf585e97e4d46fa0e3224d24a4e2b42cbbb,f83baf5732ffbf88b9a448a3d9ab9fa270f7495fe44d1559c1ac49795a30881a,41f184a29ff88aaf275f3365267b8c909ce7598a,ridge_corrected_41f184a29ff8_6ed147cd_f83baf57
Ridge,1,2,2022-10-19,2022-10-20,14.18,14.130004584564038,-0.04999541543596209,0.04999541543596209,0.002499541564614436,100.0,submitted_main_linear_features_H1_18col,6ed147cd585e5e8083292683f9be3cf585e97e4d46fa0e3224d24a4e2b42cbbb,f83baf5732ffbf88b9a448a3d9ab9fa270f7495fe44d1559c1ac49795a30881a,41f184a29ff88aaf275f3365267b8c909ce7598a,ridge_corrected_41f184a29ff8_6ed147cd_f83baf57
Ridge,1,2,2022-10-20,2022-10-21,13.73,13.610749100754393,-0.11925089924560694,0.11925089924560694,0.014220776970885899,100.0,submitted_main_linear_features_H1_18col,6ed147cd585e5e8083292683f9be3cf585e97e4d46fa0e3224d24a4e2b42cbbb,f83baf5732ffbf88b9a448a3d9ab9fa270f7495fe44d1559c1ac49795a30881a,41f184a29ff88aaf275f3365267b8c909ce7598a,ridge_corrected_41f184a29ff8_6ed147cd_f83baf57
Ridge,1,2,2022-10-21,2022-10-22,15.16,14.11946516883157,-1.0405348311684293,1.0405348311684293,1.0827127348747116,100.0,submitted_main_linear_features_H1_18col,6ed147cd585e5e8083292683f9be3cf585e97e4d46fa0e3224d24a4e2b42cbbb,f83baf5732ffbf88b9a448a3d9ab9fa270f7495fe44d1559c1ac49795a30881a,41f184a29ff88aaf275f3365267b8c909ce7598a,ridge_corrected_41f184a29ff8_6ed147cd_f83baf57
Ridge,1,2,2022-10-22,2022-10-23,13.21,13.875761283793524,0.6657612837935236,0.6657612837935236,0.44323808699840067,100.0,submitted_main_linear_features_H1_18col,6ed147cd585e5e8083292683f9be3cf585e97e4d46fa0e3224d24a4e2b42cbbb,f83baf5732ffbf88b9a448a3d9ab9fa270f7495fe44d1559c1ac49795a30881a,41f184a29ff88aaf275f3365267b8c909ce7598a,ridge_corrected_41f184a29ff8_6ed147cd_f83baf57
Ridge,1,2,2022-10-23,2022-10-24,14.57,14.100785245051448,-0.4692147549485526,0.4692147549485526,0.22016248626143026,100.0,submitted_main_linear_features_H1_18col,6ed147cd585e5e8083292683f9be3cf585e97e4d46fa0e3224d24a4e2b42cbbb,f83baf5732ffbf88b9a448a3d9ab9fa270f7495fe44d1559c1ac49795a30881a,41f184a29ff88aaf275f3365267b8c909ce7598a,ridge_corrected_41f184a29ff8_6ed147cd_f83baf57
Ridge,1,2,2022-10-24,2022-10-25,16.82,13.937600693036059,-2.8823993069639418,2.8823993069639418,8.308225764786211,100.0,submitted_main_linear_features_H1_18col,6ed147cd585e5e8083292683f9be3cf585e97e4d46fa0e3224d24a4e2b42cbbb,f83baf5732ffbf88b9a448a3d9ab9fa270f7495fe44d1559c1ac49795a30881a,41f184a29ff88aaf275f3365267b8c909ce7598a,ridge_corrected_41f184a29ff8_6ed147cd_f83baf57
Ridge,1,2,2022-10-25,2022-10-26,14.45,15.320657490036842,0.8706574900368427,0.8706574900368427,0.7580444649572547,100.0,submitted_main_linear_features_H1_18col,6ed147cd585e5e8083292683f9be3cf585e97e4d46fa0e3224d24a4e2b42cbbb,f83baf5732ffbf88b9a448a3d9ab9fa270f7495fe44d1559c1ac49795a30881a,41f184a29ff88aaf275f3365267b8c909ce7598a,ridge_corrected_41f184a29ff8_6ed147cd_f83baf57
Ridge,1,2,2022-10-26,2022-10-27,11.03,14.259094596502555,3.2290945965025557,3.2290945965025557,10.427051913162003,100.0,submitted_main_linear_features_H1_18col,6ed147cd585e5e8083292683f9be3cf585e97e4d46fa0e3224d24a4e2b42cbbb,f83baf5732ffbf88b9a448a3d9ab9fa270f7495fe44d1559c1ac49795a30881a,41f184a29ff88aaf275f3365267b8c909ce7598a,ridge_corrected_41f184a29ff8_6ed147cd_f83baf57
Ridge,1,2,2022-10-27,2022-10-28,10.85,14.20898041812579,3.3589804181257907,3.3589804181257907,11.282749449352512,100.0,submitted_main_linear_features_H1_18col,6ed147cd585e5e8083292683f9be3cf585e97e4d46fa0e3224d24a4e2b42cbbb,f83baf5732ffbf88b9a448a3d9ab9fa270f7495fe44d1559c1ac49795a30881a,41f184a29ff88aaf275f3365267b8c909ce7598a,ridge_corrected_41f184a29ff8_6ed147cd_f83baf57
Ridge,1,2,2022-10-28,2022-10-29,13.74,13.81874078753858,0.07874078753857994,0.07874078753857994,0.006200111622195786,100.0,submitted_main_linear_features_H1_18col,6ed147cd585e5e8083292683f9be3cf585e97e4d46fa0e3224d24a4e2b42cbbb,f83baf5732ffbf88b9a448a3d9ab9fa270f7495fe44d1559c1ac49795a30881a,41f184a29ff88aaf275f3365267b8c909ce7598a,ridge_corrected_41f184a29ff8_6ed147cd_f83baf57
Ridge,1,2,2022-10-29,2022-10-30,14.12,13.029491611922637,-1.090508388077362,1.090508388077362,1.1892085444670866,100.0,submitted_main_linear_features_H1_18col,6ed147cd585e5e8083292683f9be3cf585e97e4d46fa0e3224d24a4e2b42cbbb,f83baf5732ffbf88b9a448a3d9ab9fa270f7495fe44d1559c1ac49795a30881a,41f184a29ff88aaf275f3365267b8c909ce7598a,ridge_corrected_41f184a29ff8_6ed147cd_f83baf57
Ridge,1,2,2022-10-30,2022-10-31,14.54,13.444182749610938,-1.0958172503890609,1.0958172503890609,1.2008154462502416,100.0,submitted_main_linear_features_H1_18col,6ed147cd585e5e8083292683f9be3cf585e97e4d46fa0e3224d24a4e2b42cbbb,f83baf5732ffbf88b9a448a3d9ab9fa270f7495fe44d1559c1ac49795a30881a,41f184a29ff88aaf275f3365267b8c909ce7598a,ridge_corrected_41f184a29ff8_6ed147cd_f83baf57
Ridge,1,2,2022-10-31,2022-11-01,13.16,13.329706163412093,0.16970616341209244,0.16970616341209244,0.028800181900051822,100.0,submitted_main_linear_features_H1_18col,6ed147cd585e5e8083292683f9be3cf585e97e4d46fa0e3224d24a4e2b42cbbb,f83baf5732ffbf88b9a448a3d9ab9fa270f7495fe44d1559c1ac49795a30881a,41f184a29ff88aaf275f3365267b8c909ce7598a,ridge_corrected_41f184a29ff8_6ed147cd_f83baf57
Ridge,1,2,2022-11-01,2022-11-02,15.91,13.853549416686871,-2.0564505833131292,2.0564505833131292,4.22898900160891,100.0,submitted_main_linear_features_H1_18col,6ed147cd585e5e8083292683f9be3cf585e97e4d46fa0e3224d24a4e2b42cbbb,f83baf5732ffbf88b9a448a3d9ab9fa270f7495fe44d1559c1ac49795a30881a,41f184a29ff88aaf275f3365267b8c909ce7598a,ridge_corrected_41f184a29ff8_6ed147cd_f83baf57
Ridge,1,2,2022-11-02,2022-11-03,14.39,13.289995564551209,-1.100004435448792,1.100004435448792,1.2100097580070153,100.0,submitted_main_linear_features_H1_18col,6ed147cd585e5e8083292683f9be3cf585e97e4d46fa0e3224d24a4e2b42cbbb,f83baf5732ffbf88b9a448a3d9ab9fa270f7495fe44d1559c1ac49795a30881a,41f184a29ff88aaf275f3365267b8c909ce7598a,ridge_corrected_41f184a29ff8_6ed147cd_f83baf57
Ridge,1,2,2022-11-03,2022-11-04,14.63,13.835315237229068,-0.7946847627709328,0.7946847627709328,0.6315238721802937,100.0,submitted_main_linear_features_H1_18col,6ed147cd585e5e8083292683f9be3cf585e97e4d46fa0e3224d24a4e2b42cbbb,f83baf5732ffbf88b9a448a3d9ab9fa270f7495fe44d1559c1ac49795a30881a,41f184a29ff88aaf275f3365267b8c909ce7598a,ridge_corrected_41f184a29ff8_6ed147cd_f83baf57
Ridge,1,2,2022-11-04,2022-11-05,8.38,13.44838491467101,5.068384914671009,5.068384914671009,25.688525643264654,100.0,submitted_main_linear_features_H1_18col,6ed147cd585e5e8083292683f9be3cf585e97e4d46fa0e3224d24a4e2b42cbbb,f83baf5732ffbf88b9a448a3d9ab9fa270f7495fe44d1559c1ac49795a30881a,41f184a29ff88aaf275f3365267b8c909ce7598a,ridge_corrected_41f184a29ff8_6ed147cd_f83baf57
Ridge,1,2,2022-11-05,2022-11-06,12.91,13.922006495284366,1.012006495284366,1.012006495284366,1.0241571464977453,100.0,submitted_main_linear_features_H1_18col,6ed147cd585e5e8083292683f9be3cf585e97e4d46fa0e3224d24a4e2b42cbbb,f83baf5732ffbf88b9a448a3d9ab9fa270f7495fe44d1559c1ac49795a30881a,41f184a29ff88aaf275f3365267b8c909ce7598a,ridge_corrected_41f184a29ff8_6ed147cd_f83baf57
Ridge,1,2,2022-11-06,2022-11-07,11.06,13.226230716792095,2.1662307167920947,2.1662307167920947,4.6925555183735925,100.0,submitted_main_linear_features_H1_18col,6ed147cd585e5e8083292683f9be3cf585e97e4d46fa0e3224d24a4e2b42cbbb,f83baf5732ffbf88b9a448a3d9ab9fa270f7495fe44d1559c1ac49795a30881a,41f184a29ff88aaf275f3365267b8c909ce7598a,ridge_corrected_41f184a29ff8_6ed147cd_f83baf57
Ridge,1,2,2022-11-07,2022-11-08,15.02,13.535003870541228,-1.4849961294587715,1.4849961294587715,2.2052135045075323,100.0,submitted_main_linear_features_H1_18col,6ed147cd585e5e8083292683f9be3cf585e97e4d46fa0e3224d24a4e2b42cbbb,f83baf5732ffbf88b9a448a3d9ab9fa270f7495fe44d1559c1ac49795a30881a,41f184a29ff88aaf275f3365267b8c909ce7598a,ridge_corrected_41f184a29ff8_6ed147cd_f83baf57
Ridge,1,2,2022-11-08,2022-11-09,12.58,12.42387784307224,-0.15612215692775955,0.15612215692775955,0.02437412788377598,100.0,submitted_main_linear_features_H1_18col,6ed147cd585e5e8083292683f9be3cf585e97e4d46fa0e3224d24a4e2b42cbbb,f83baf5732ffbf88b9a448a3d9ab9fa270f7495fe44d1559c1ac49795a30881a,41f184a29ff88aaf275f3365267b8c909ce7598a,ridge_corrected_41f184a29ff8_6ed147cd_f83baf57
Ridge,1,2,2022-11-09,2022-11-10,12.52,13.555689619954721,1.0356896199547219,1.0356896199547219,1.0726529888819563,100.0,submitted_main_linear_features_H1_18col,6ed147cd585e5e8083292683f9be3cf585e97e4d46fa0e3224d24a4e2b42cbbb,f83baf5732ffbf88b9a448a3d9ab9fa270f7495fe44d1559c1ac49795a30881a,41f184a29ff88aaf275f3365267b8c909ce7598a,ridge_corrected_41f184a29ff8_6ed147cd_f83baf57
Ridge,1,2,2022-11-10,2022-11-11,13.76,13.087519640708896,-0.6724803592911037,0.6724803592911037,0.45222983363229197,100.0,submitted_main_linear_features_H1_18col,6ed147cd585e5e8083292683f9be3cf585e97e4d46fa0e3224d24a4e2b42cbbb,f83baf5732ffbf88b9a448a3d9ab9fa270f7495fe44d1559c1ac49795a30881a,41f184a29ff88aaf275f3365267b8c909ce7598a,ridge_corrected_41f184a29ff8_6ed147cd_f83baf57
Ridge,1,2,2022-11-11,2022-11-12,12.56,13.481451275158527,0.9214512751585264,0.9214512751585264,0.8490724524912744,100.0,submitted_main_linear_features_H1_18col,6ed147cd585e5e8083292683f9be3cf585e97e4d46fa0e3224d24a4e2b42cbbb,f83baf5732ffbf88b9a448a3d9ab9fa270f7495fe44d1559c1ac49795a30881a,41f184a29ff88aaf275f3365267b8c909ce7598a,ridge_corrected_41f184a29ff8_6ed147cd_f83baf57
Ridge,1,2,2022-11-12,2022-11-13,13.19,13.381807965228356,0.19180796522835664,0.19180796522835664,0.03679029552504247,100.0,submitted_main_linear_features_H1_18col,6ed147cd585e5e8083292683f9be3cf585e97e4d46fa0e3224d24a4e2b42cbbb,f83baf5732ffbf88b9a448a3d9ab9fa270f7495fe44d1559c1ac49795a30881a,41f184a29ff88aaf275f3365267b8c909ce7598a,ridge_corrected_41f184a29ff8_6ed147cd_f83baf57
Ridge,1,2,2022-11-13,2022-11-14,13.02,12.628145426486993,-0.39185457351300634,0.39185457351300634,0.1535500067830601,100.0,submitted_main_linear_features_H1_18col,6ed147cd585e5e8083292683f9be3cf585e97e4d46fa0e3224d24a4e2b42cbbb,f83baf5732ffbf88b9a448a3d9ab9fa270f7495fe44d1559c1ac49795a30881a,41f184a29ff88aaf275f3365267b8c909ce7598a,ridge_corrected_41f184a29ff8_6ed147cd_f83baf57
Ridge,1,2,2022-11-14,2022-11-15,12.3,13.604021664546275,1.3040216645462746,1.3040216645462746,1.7004725016060367,100.0,submitted_main_linear_features_H1_18col,6ed147cd585e5e8083292683f9be3cf585e97e4d46fa0e3224d24a4e2b42cbbb,f83baf5732ffbf88b9a448a3d9ab9fa270f7495fe44d1559c1ac49795a30881a,41f184a29ff88aaf275f3365267b8c909ce7598a,ridge_corrected_41f184a29ff8_6ed147cd_f83baf57
Ridge,1,2,2022-11-15,2022-11-16,12.12,13.44546582463781,1.32546582463781,1.32546582463781,1.7568596522827895,100.0,submitted_main_linear_features_H1_18col,6ed147cd585e5e8083292683f9be3cf585e97e4d46fa0e3224d24a4e2b42cbbb,f83baf5732ffbf88b9a448a3d9ab9fa270f7495fe44d1559c1ac49795a30881a,41f184a29ff88aaf275f3365267b8c909ce7598a,ridge_corrected_41f184a29ff8_6ed147cd_f83baf57
Ridge,1,2,2022-11-16,2022-11-17,11.52,12.896442183612958,1.3764421836129586,1.3764421836129586,1.8945930848292096,100.0,submitted_main_linear_features_H1_18col,6ed147cd585e5e8083292683f9be3cf585e97e4d46fa0e3224d24a4e2b42cbbb,f83baf5732ffbf88b9a448a3d9ab9fa270f7495fe44d1559c1ac49795a30881a,41f184a29ff88aaf275f3365267b8c909ce7598a,ridge_corrected_41f184a29ff8_6ed147cd_f83baf57
Ridge,1,2,2022-11-17,2022-11-18,13.18,13.253244376580186,0.07324437658018645,0.07324437658018645,0.005364738700620166,100.0,submitted_main_linear_features_H1_18col,6ed147cd585e5e8083292683f9be3cf585e97e4d46fa0e3224d24a4e2b42cbbb,f83baf5732ffbf88b9a448a3d9ab9fa270f7495fe44d1559c1ac49795a30881a,41f184a29ff88aaf275f3365267b8c909ce7598a,ridge_corrected_41f184a29ff8_6ed147cd_f83baf57
Ridge,1,2,2022-11-18,2022-11-19,12.04,12.408096231259954,0.3680962312599547,0.3680962312599547,0.13549483546778207,100.0,submitted_main_linear_features_H1_18col,6ed147cd585e5e8083292683f9be3cf585e97e4d46fa0e3224d24a4e2b42cbbb,f83baf5732ffbf88b9a448a3d9ab9fa270f7495fe44d1559c1ac49795a30881a,41f184a29ff88aaf275f3365267b8c909ce7598a,ridge_corrected_41f184a29ff8_6ed147cd_f83baf57
Ridge,1,2,2022-11-19,2022-11-20,11.29,13.582433673009577,2.292433673009578,2.292433673009578,5.255252145148184,100.0,submitted_main_linear_features_H1_18col,6ed147cd585e5e8083292683f9be3cf585e97e4d46fa0e3224d24a4e2b42cbbb,f83baf5732ffbf88b9a448a3d9ab9fa270f7495fe44d1559c1ac49795a30881a,41f184a29ff88aaf275f3365267b8c909ce7598a,ridge_corrected_41f184a29ff8_6ed147cd_f83baf57
Ridge,1,2,2022-11-20,2022-11-21,14.21,13.856140019497118,-0.35385998050288237,0.35385998050288237,0.12521688580150028,100.0,submitted_main_linear_features_H1_18col,6ed147cd585e5e8083292683f9be3cf585e97e4d46fa0e3224d24a4e2b42cbbb,f83baf5732ffbf88b9a448a3d9ab9fa270f7495fe44d1559c1ac49795a30881a,41f184a29ff88aaf275f3365267b8c909ce7598a,ridge_corrected_41f184a29ff8_6ed147cd_f83baf57
Ridge,1,2,2022-11-21,2022-11-22,12.13,13.197868560895053,1.067868560895052,1.067868560895052,1.1403432633480695,100.0,submitted_main_linear_features_H1_18col,6ed147cd585e5e8083292683f9be3cf585e97e4d46fa0e3224d24a4e2b42cbbb,f83baf5732ffbf88b9a448a3d9ab9fa270f7495fe44d1559c1ac49795a30881a,41f184a29ff88aaf275f3365267b8c909ce7598a,ridge_corrected_41f184a29ff8_6ed147cd_f83baf57
Ridge,1,2,2022-11-22,2022-11-23,12.79,13.395048397331287,0.6050483973312879,0.6050483973312879,0.36608356311316004,100.0,submitted_main_linear_features_H1_18col,6ed147cd585e5e8083292683f9be3cf585e97e4d46fa0e3224d24a4e2b42cbbb,f83baf5732ffbf88b9a448a3d9ab9fa270f7495fe44d1559c1ac49795a30881a,41f184a29ff88aaf275f3365267b8c909ce7598a,ridge_corrected_41f184a29ff8_6ed147cd_f83baf57
Ridge,1,2,2022-11-23,2022-11-24,14.64,12.942615217657051,-1.697384782342949,1.697384782342949,2.8811150993294206,100.0,submitted_main_linear_features_H1_18col,6ed147cd585e5e8083292683f9be3cf585e97e4d46fa0e3224d24a4e2b42cbbb,f83baf5732ffbf88b9a448a3d9ab9fa270f7495fe44d1559c1ac49795a30881a,41f184a29ff88aaf275f3365267b8c909ce7598a,ridge_corrected_41f184a29ff8_6ed147cd_f83baf57
Ridge,1,2,2022-11-24,2022-11-25,15.19,12.799122666419713,-2.3908773335802866,2.3908773335802866,5.716294424227981,100.0,submitted_main_linear_features_H1_18col,6ed147cd585e5e8083292683f9be3cf585e97e4d46fa0e3224d24a4e2b42cbbb,f83baf5732ffbf88b9a448a3d9ab9fa270f7495fe44d1559c1ac49795a30881a,41f184a29ff88aaf275f3365267b8c909ce7598a,ridge_corrected_41f184a29ff8_6ed147cd_f83baf57
Ridge,1,2,2022-11-25,2022-11-26,11.86,13.507308841824099,1.647308841824099,1.647308841824099,2.7136264203518548,100.0,submitted_main_linear_features_H1_18col,6ed147cd585e5e8083292683f9be3cf585e97e4d46fa0e3224d24a4e2b42cbbb,f83baf5732ffbf88b9a448a3d9ab9fa270f7495fe44d1559c1ac49795a30881a,41f184a29ff88aaf275f3365267b8c909ce7598a,ridge_corrected_41f184a29ff8_6ed147cd_f83baf57
Ridge,1,2,2022-11-26,2022-11-27,10.9,13.864343334560743,2.964343334560743,2.964343334560743,8.787331405154706,100.0,submitted_main_linear_features_H1_18col,6ed147cd585e5e8083292683f9be3cf585e97e4d46fa0e3224d24a4e2b42cbbb,f83baf5732ffbf88b9a448a3d9ab9fa270f7495fe44d1559c1ac49795a30881a,41f184a29ff88aaf275f3365267b8c909ce7598a,ridge_corrected_41f184a29ff8_6ed147cd_f83baf57
Ridge,1,2,2022-11-27,2022-11-28,13.08,12.697782087303688,-0.3822179126963121,0.3822179126963121,0.14609053278592568,100.0,submitted_main_linear_features_H1_18col,6ed147cd585e5e8083292683f9be3cf585e97e4d46fa0e3224d24a4e2b42cbbb,f83baf5732ffbf88b9a448a3d9ab9fa270f7495fe44d1559c1ac49795a30881a,41f184a29ff88aaf275f3365267b8c909ce7598a,ridge_corrected_41f184a29ff8_6ed147cd_f83baf57
Ridge,1,2,2022-11-28,2022-11-29,11.44,12.892274753286257,1.4522747532862574,1.4522747532862574,2.10910195903266,100.0,submitted_main_linear_features_H1_18col,6ed147cd585e5e8083292683f9be3cf585e97e4d46fa0e3224d24a4e2b42cbbb,f83baf5732ffbf88b9a448a3d9ab9fa270f7495fe44d1559c1ac49795a30881a,41f184a29ff88aaf275f3365267b8c909ce7598a,ridge_corrected_41f184a29ff8_6ed147cd_f83baf57
Ridge,1,2,2022-11-29,2022-11-30,10.74,11.631730841092779,0.8917308410927784,0.8917308410927784,0.7951838929560341,100.0,submitted_main_linear_features_H1_18col,6ed147cd585e5e8083292683f9be3cf585e97e4d46fa0e3224d24a4e2b42cbbb,f83baf5732ffbf88b9a448a3d9ab9fa270f7495fe44d1559c1ac49795a30881a,41f184a29ff88aaf275f3365267b8c909ce7598a,ridge_corrected_41f184a29ff8_6ed147cd_f83baf57
Ridge,1,2,2022-11-30,2022-12-01,13.61,12.00391631753885,-1.6060836824611489,1.6060836824611489,2.5795047950679644,100.0,submitted_main_linear_features_H1_18col,6ed147cd585e5e8083292683f9be3cf585e97e4d46fa0e3224d24a4e2b42cbbb,f83baf5732ffbf88b9a448a3d9ab9fa270f7495fe44d1559c1ac49795a30881a,41f184a29ff88aaf275f3365267b8c909ce7598a,ridge_corrected_41f184a29ff8_6ed147cd_f83baf57
Ridge,1,2,2022-12-01,2022-12-02,14.66,12.092380303195831,-2.5676196968041687,2.5676196968041687,6.592670907416731,100.0,submitted_main_linear_features_H1_18col,6ed147cd585e5e8083292683f9be3cf585e97e4d46fa0e3224d24a4e2b42cbbb,f83baf5732ffbf88b9a448a3d9ab9fa270f7495fe44d1559c1ac49795a30881a,41f184a29ff88aaf275f3365267b8c909ce7598a,ridge_corrected_41f184a29ff8_6ed147cd_f83baf57
Ridge,1,2,2022-12-02,2022-12-03,12.89,13.045376880317543,0.15537688031754193,0.15537688031754193,0.02414197493721175,100.0,submitted_main_linear_features_H1_18col,6ed147cd585e5e8083292683f9be3cf585e97e4d46fa0e3224d24a4e2b42cbbb,f83baf5732ffbf88b9a448a3d9ab9fa270f7495fe44d1559c1ac49795a30881a,41f184a29ff88aaf275f3365267b8c909ce7598a,ridge_corrected_41f184a29ff8_6ed147cd_f83baf57
Ridge,1,2,2022-12-03,2022-12-04,15.41,13.753907369018679,-1.6560926309813215,1.6560926309813215,2.7426428023906357,100.0,submitted_main_linear_features_H1_18col,6ed147cd585e5e8083292683f9be3cf585e97e4d46fa0e3224d24a4e2b42cbbb,f83baf5732ffbf88b9a448a3d9ab9fa270f7495fe44d1559c1ac49795a30881a,41f184a29ff88aaf275f3365267b8c909ce7598a,ridge_corrected_41f184a29ff8_6ed147cd_f83baf57
Ridge,1,2,2022-12-04,2022-12-05,14.77,12.959915116366833,-1.8100848836331664,1.8100848836331664,3.2764072859572937,100.0,submitted_main_linear_features_H1_18col,6ed147cd585e5e8083292683f9be3cf585e97e4d46fa0e3224d24a4e2b42cbbb,f83baf5732ffbf88b9a448a3d9ab9fa270f7495fe44d1559c1ac49795a30881a,41f184a29ff88aaf275f3365267b8c909ce7598a,ridge_corrected_41f184a29ff8_6ed147cd_f83baf57
Ridge,1,2,2022-12-05,2022-12-06,12.9,13.862155507902147,0.9621555079021462,0.9621555079021462,0.9257432213864369,100.0,submitted_main_linear_features_H1_18col,6ed147cd585e5e8083292683f9be3cf585e97e4d46fa0e3224d24a4e2b42cbbb,f83baf5732ffbf88b9a448a3d9ab9fa270f7495fe44d1559c1ac49795a30881a,41f184a29ff88aaf275f3365267b8c909ce7598a,ridge_corrected_41f184a29ff8_6ed147cd_f83baf57
Ridge,1,2,2022-12-06,2022-12-07,14.59,13.70779774331946,-0.8822022566805394,0.8822022566805394,0.7782808216922363,100.0,submitted_main_linear_features_H1_18col,6ed147cd585e5e8083292683f9be3cf585e97e4d46fa0e3224d24a4e2b42cbbb,f83baf5732ffbf88b9a448a3d9ab9fa270f7495fe44d1559c1ac49795a30881a,41f184a29ff88aaf275f3365267b8c909ce7598a,ridge_corrected_41f184a29ff8_6ed147cd_f83baf57
Ridge,1,2,2022-12-07,2022-12-08,13.7,12.96558693867763,-0.7344130613223694,0.7344130613223694,0.5393625446408943,100.0,submitted_main_linear_features_H1_18col,6ed147cd585e5e8083292683f9be3cf585e97e4d46fa0e3224d24a4e2b42cbbb,f83baf5732ffbf88b9a448a3d9ab9fa270f7495fe44d1559c1ac49795a30881a,41f184a29ff88aaf275f3365267b8c909ce7598a,ridge_corrected_41f184a29ff8_6ed147cd_f83baf57
Ridge,1,2,2022-12-08,2022-12-09,11.71,13.521673613167415,1.8116736131674145,1.8116736131674145,3.282161280647075,100.0,submitted_main_linear_features_H1_18col,6ed147cd585e5e8083292683f9be3cf585e97e4d46fa0e3224d24a4e2b42cbbb,f83baf5732ffbf88b9a448a3d9ab9fa270f7495fe44d1559c1ac49795a30881a,41f184a29ff88aaf275f3365267b8c909ce7598a,ridge_corrected_41f184a29ff8_6ed147cd_f83baf57
Ridge,1,2,2022-12-09,2022-12-10,11.29,13.297533634574386,2.0075336345743864,2.0075336345743864,4.030191293947446,100.0,submitted_main_linear_features_H1_18col,6ed147cd585e5e8083292683f9be3cf585e97e4d46fa0e3224d24a4e2b42cbbb,f83baf5732ffbf88b9a448a3d9ab9fa270f7495fe44d1559c1ac49795a30881a,41f184a29ff88aaf275f3365267b8c909ce7598a,ridge_corrected_41f184a29ff8_6ed147cd_f83baf57
Ridge,1,2,2022-12-10,2022-12-11,10.86,12.848126507887123,1.9881265078871238,1.9881265078871238,3.9526470113634495,100.0,submitted_main_linear_features_H1_18col,6ed147cd585e5e8083292683f9be3cf585e97e4d46fa0e3224d24a4e2b42cbbb,f83baf5732ffbf88b9a448a3d9ab9fa270f7495fe44d1559c1ac49795a30881a,41f184a29ff88aaf275f3365267b8c909ce7598a,ridge_corrected_41f184a29ff8_6ed147cd_f83baf57
Ridge,1,2,2022-12-11,2022-12-12,12.49,13.508357597283577,1.0183575972835772,1.0183575972835772,1.0370521959451804,100.0,submitted_main_linear_features_H1_18col,6ed147cd585e5e8083292683f9be3cf585e97e4d46fa0e3224d24a4e2b42cbbb,f83baf5732ffbf88b9a448a3d9ab9fa270f7495fe44d1559c1ac49795a30881a,41f184a29ff88aaf275f3365267b8c909ce7598a,ridge_corrected_41f184a29ff8_6ed147cd_f83baf57
Ridge,1,2,2022-12-12,2022-12-13,14.09,12.791243612916988,-1.2987563870830119,1.2987563870830119,1.6867681529889182,100.0,submitted_main_linear_features_H1_18col,6ed147cd585e5e8083292683f9be3cf585e97e4d46fa0e3224d24a4e2b42cbbb,f83baf5732ffbf88b9a448a3d9ab9fa270f7495fe44d1559c1ac49795a30881a,41f184a29ff88aaf275f3365267b8c909ce7598a,ridge_corrected_41f184a29ff8_6ed147cd_f83baf57
Ridge,1,2,2022-12-13,2022-12-14,14.64,13.033906967420442,-1.6060930325795582,1.6060930325795582,2.5795348293006017,100.0,submitted_main_linear_features_H1_18col,6ed147cd585e5e8083292683f9be3cf585e97e4d46fa0e3224d24a4e2b42cbbb,f83baf5732ffbf88b9a448a3d9ab9fa270f7495fe44d1559c1ac49795a30881a,41f184a29ff88aaf275f3365267b8c909ce7598a,ridge_corrected_41f184a29ff8_6ed147cd_f83baf57
Ridge,1,2,2022-12-14,2022-12-15,11.76,13.205602468337675,1.4456024683376754,1.4456024683376754,2.0897664964639797,100.0,submitted_main_linear_features_H1_18col,6ed147cd585e5e8083292683f9be3cf585e97e4d46fa0e3224d24a4e2b42cbbb,f83baf5732ffbf88b9a448a3d9ab9fa270f7495fe44d1559c1ac49795a30881a,41f184a29ff88aaf275f3365267b8c909ce7598a,ridge_corrected_41f184a29ff8_6ed147cd_f83baf57
Ridge,1,2,2022-12-15,2022-12-16,12.11,13.675962777015746,1.5659627770157467,1.5659627770157467,2.4522394189988694,100.0,submitted_main_linear_features_H1_18col,6ed147cd585e5e8083292683f9be3cf585e97e4d46fa0e3224d24a4e2b42cbbb,f83baf5732ffbf88b9a448a3d9ab9fa270f7495fe44d1559c1ac49795a30881a,41f184a29ff88aaf275f3365267b8c909ce7598a,ridge_corrected_41f184a29ff8_6ed147cd_f83baf57
Ridge,1,2,2022-12-16,2022-12-17,14.6,13.51577103224718,-1.0842289677528196,1.0842289677528196,1.1755524545143448,100.0,submitted_main_linear_features_H1_18col,6ed147cd585e5e8083292683f9be3cf585e97e4d46fa0e3224d24a4e2b42cbbb,f83baf5732ffbf88b9a448a3d9ab9fa270f7495fe44d1559c1ac49795a30881a,41f184a29ff88aaf275f3365267b8c909ce7598a,ridge_corrected_41f184a29ff8_6ed147cd_f83baf57
Ridge,1,2,2022-12-17,2022-12-18,14.22,12.874314240613518,-1.3456857593864822,1.3456857593864822,1.8108701630155732,100.0,submitted_main_linear_features_H1_18col,6ed147cd585e5e8083292683f9be3cf585e97e4d46fa0e3224d24a4e2b42cbbb,f83baf5732ffbf88b9a448a3d9ab9fa270f7495fe44d1559c1ac49795a30881a,41f184a29ff88aaf275f3365267b8c909ce7598a,ridge_corrected_41f184a29ff8_6ed147cd_f83baf57
Ridge,1,2,2022-12-18,2022-12-19,13.27,13.177325605928853,-0.09267439407114608,0.09267439407114608,0.008588543316454075,100.0,submitted_main_linear_features_H1_18col,6ed147cd585e5e8083292683f9be3cf585e97e4d46fa0e3224d24a4e2b42cbbb,f83baf5732ffbf88b9a448a3d9ab9fa270f7495fe44d1559c1ac49795a30881a,41f184a29ff88aaf275f3365267b8c909ce7598a,ridge_corrected_41f184a29ff8_6ed147cd_f83baf57
Ridge,1,2,2022-12-19,2022-12-20,12.58,13.102964012851332,0.5229640128513324,0.5229640128513324,0.2734913587375686,100.0,submitted_main_linear_features_H1_18col,6ed147cd585e5e8083292683f9be3cf585e97e4d46fa0e3224d24a4e2b42cbbb,f83baf5732ffbf88b9a448a3d9ab9fa270f7495fe44d1559c1ac49795a30881a,41f184a29ff88aaf275f3365267b8c909ce7598a,ridge_corrected_41f184a29ff8_6ed147cd_f83baf57
Ridge,1,2,2022-12-20,2022-12-21,12.94,13.328843050240339,0.3888430502403395,0.3888430502403395,0.15119891772021118,100.0,submitted_main_linear_features_H1_18col,6ed147cd585e5e8083292683f9be3cf585e97e4d46fa0e3224d24a4e2b42cbbb,f83baf5732ffbf88b9a448a3d9ab9fa270f7495fe44d1559c1ac49795a30881a,41f184a29ff88aaf275f3365267b8c909ce7598a,ridge_corrected_41f184a29ff8_6ed147cd_f83baf57
Ridge,1,2,2022-12-21,2022-12-22,12.92,13.33939967066762,0.4193996706676195,0.4193996706676195,0.1758960837561077,100.0,submitted_main_linear_features_H1_18col,6ed147cd585e5e8083292683f9be3cf585e97e4d46fa0e3224d24a4e2b42cbbb,f83baf5732ffbf88b9a448a3d9ab9fa270f7495fe44d1559c1ac49795a30881a,41f184a29ff88aaf275f3365267b8c909ce7598a,ridge_corrected_41f184a29ff8_6ed147cd_f83baf57
Ridge,1,2,2022-12-22,2022-12-23,14.04,12.716938964491991,-1.3230610355080081,1.3230610355080081,1.7504905036795229,100.0,submitted_main_linear_features_H1_18col,6ed147cd585e5e8083292683f9be3cf585e97e4d46fa0e3224d24a4e2b42cbbb,f83baf5732ffbf88b9a448a3d9ab9fa270f7495fe44d1559c1ac49795a30881a,41f184a29ff88aaf275f3365267b8c909ce7598a,ridge_corrected_41f184a29ff8_6ed147cd_f83baf57
Ridge,1,2,2022-12-23,2022-12-24,13.32,13.429001098852348,0.10900109885234777,0.10900109885234777,0.01188123955101929,100.0,submitted_main_linear_features_H1_18col,6ed147cd585e5e8083292683f9be3cf585e97e4d46fa0e3224d24a4e2b42cbbb,f83baf5732ffbf88b9a448a3d9ab9fa270f7495fe44d1559c1ac49795a30881a,41f184a29ff88aaf275f3365267b8c909ce7598a,ridge_corrected_41f184a29ff8_6ed147cd_f83baf57
Ridge,1,2,2022-12-24,2022-12-25,12.68,13.393284829673172,0.7132848296731726,0.7132848296731726,0.5087752482418869,100.0,submitted_main_linear_features_H1_18col,6ed147cd585e5e8083292683f9be3cf585e97e4d46fa0e3224d24a4e2b42cbbb,f83baf5732ffbf88b9a448a3d9ab9fa270f7495fe44d1559c1ac49795a30881a,41f184a29ff88aaf275f3365267b8c909ce7598a,ridge_corrected_41f184a29ff8_6ed147cd_f83baf57
Ridge,1,2,2022-12-25,2022-12-26,15.24,13.192872520740435,-2.047127479259565,2.047127479259565,4.190730916339621,100.0,submitted_main_linear_features_H1_18col,6ed147cd585e5e8083292683f9be3cf585e97e4d46fa0e3224d24a4e2b42cbbb,f83baf5732ffbf88b9a448a3d9ab9fa270f7495fe44d1559c1ac49795a30881a,41f184a29ff88aaf275f3365267b8c909ce7598a,ridge_corrected_41f184a29ff8_6ed147cd_f83baf57
Ridge,1,2,2022-12-26,2022-12-27,12.37,13.20723616347857,0.8372361634785701,0.8372361634785701,0.700964393436315,100.0,submitted_main_linear_features_H1_18col,6ed147cd585e5e8083292683f9be3cf585e97e4d46fa0e3224d24a4e2b42cbbb,f83baf5732ffbf88b9a448a3d9ab9fa270f7495fe44d1559c1ac49795a30881a,41f184a29ff88aaf275f3365267b8c909ce7598a,ridge_corrected_41f184a29ff8_6ed147cd_f83baf57
Ridge,1,2,2022-12-27,2022-12-28,10.22,13.285964910962875,3.065964910962874,3.065964910962874,9.400140835255584,100.0,submitted_main_linear_features_H1_18col,6ed147cd585e5e8083292683f9be3cf585e97e4d46fa0e3224d24a4e2b42cbbb,f83baf5732ffbf88b9a448a3d9ab9fa270f7495fe44d1559c1ac49795a30881a,41f184a29ff88aaf275f3365267b8c909ce7598a,ridge_corrected_41f184a29ff8_6ed147cd_f83baf57
Ridge,1,2,2022-12-28,2022-12-29,10.45,12.476756312374716,2.026756312374717,2.026756312374717,4.107741149750761,100.0,submitted_main_linear_features_H1_18col,6ed147cd585e5e8083292683f9be3cf585e97e4d46fa0e3224d24a4e2b42cbbb,f83baf5732ffbf88b9a448a3d9ab9fa270f7495fe44d1559c1ac49795a30881a,41f184a29ff88aaf275f3365267b8c909ce7598a,ridge_corrected_41f184a29ff8_6ed147cd_f83baf57
Ridge,1,2,2022-12-29,2022-12-30,11.82,12.178449848427965,0.35844984842796457,0.35844984842796457,0.12848629383803079,100.0,submitted_main_linear_features_H1_18col,6ed147cd585e5e8083292683f9be3cf585e97e4d46fa0e3224d24a4e2b42cbbb,f83baf5732ffbf88b9a448a3d9ab9fa270f7495fe44d1559c1ac49795a30881a,41f184a29ff88aaf275f3365267b8c909ce7598a,ridge_corrected_41f184a29ff8_6ed147cd_f83baf57
Ridge,1,2,2022-12-30,2022-12-31,13.51,12.222001469457542,-1.287998530542458,1.287998530542458,1.658940214679531,100.0,submitted_main_linear_features_H1_18col,6ed147cd585e5e8083292683f9be3cf585e97e4d46fa0e3224d24a4e2b42cbbb,f83baf5732ffbf88b9a448a3d9ab9fa270f7495fe44d1559c1ac49795a30881a,41f184a29ff88aaf275f3365267b8c909ce7598a,ridge_corrected_41f184a29ff8_6ed147cd_f83baf57
Ridge,1,2,2022-12-31,2023-01-01,12.29,12.905035675624154,0.6150356756241546,0.6150356756241546,0.37826888229046035,100.0,submitted_main_linear_features_H1_18col,6ed147cd585e5e8083292683f9be3cf585e97e4d46fa0e3224d24a4e2b42cbbb,f83baf5732ffbf88b9a448a3d9ab9fa270f7495fe44d1559c1ac49795a30881a,41f184a29ff88aaf275f3365267b8c909ce7598a,ridge_corrected_41f184a29ff8_6ed147cd_f83baf57
Ridge,1,2,2023-01-01,2023-01-02,13.67,13.044149896611334,-0.6258501033886663,0.6258501033886663,0.39168835191160434,100.0,submitted_main_linear_features_H1_18col,6ed147cd585e5e8083292683f9be3cf585e97e4d46fa0e3224d24a4e2b42cbbb,f83baf5732ffbf88b9a448a3d9ab9fa270f7495fe44d1559c1ac49795a30881a,41f184a29ff88aaf275f3365267b8c909ce7598a,ridge_corrected_41f184a29ff8_6ed147cd_f83baf57
Ridge,1,2,2023-01-02,2023-01-03,12.94,13.144645428295997,0.20464542829599708,0.20464542829599708,0.04187975132245208,100.0,submitted_main_linear_features_H1_18col,6ed147cd585e5e8083292683f9be3cf585e97e4d46fa0e3224d24a4e2b42cbbb,f83baf5732ffbf88b9a448a3d9ab9fa270f7495fe44d1559c1ac49795a30881a,41f184a29ff88aaf275f3365267b8c909ce7598a,ridge_corrected_41f184a29ff8_6ed147cd_f83baf57
Ridge,1,2,2023-01-03,2023-01-04,13.74,13.572592848512038,-0.16740715148796248,0.16740715148796248,0.028025154369313618,100.0,submitted_main_linear_features_H1_18col,6ed147cd585e5e8083292683f9be3cf585e97e4d46fa0e3224d24a4e2b42cbbb,f83baf5732ffbf88b9a448a3d9ab9fa270f7495fe44d1559c1ac49795a30881a,41f184a29ff88aaf275f3365267b8c909ce7598a,ridge_corrected_41f184a29ff8_6ed147cd_f83baf57
Ridge,1,2,2023-01-04,2023-01-05,10.82,13.04941181933476,2.229411819334759,2.229411819334759,4.97027706018952,100.0,submitted_main_linear_features_H1_18col,6ed147cd585e5e8083292683f9be3cf585e97e4d46fa0e3224d24a4e2b42cbbb,f83baf5732ffbf88b9a448a3d9ab9fa270f7495fe44d1559c1ac49795a30881a,41f184a29ff88aaf275f3365267b8c909ce7598a,ridge_corrected_41f184a29ff8_6ed147cd_f83baf57
Ridge,1,2,2023-01-05,2023-01-06,12.01,13.033338817557619,1.0233388175576188,1.0233388175576188,1.0472223355202255,100.0,submitted_main_linear_features_H1_18col,6ed147cd585e5e8083292683f9be3cf585e97e4d46fa0e3224d24a4e2b42cbbb,f83baf5732ffbf88b9a448a3d9ab9fa270f7495fe44d1559c1ac49795a30881a,41f184a29ff88aaf275f3365267b8c909ce7598a,ridge_corrected_41f184a29ff8_6ed147cd_f83baf57
Ridge,1,2,2023-01-06,2023-01-07,13.3,13.364787176768424,0.06478717676842294,0.06478717676842294,0.004197378273622881,100.0,submitted_main_linear_features_H1_18col,6ed147cd585e5e8083292683f9be3cf585e97e4d46fa0e3224d24a4e2b42cbbb,f83baf5732ffbf88b9a448a3d9ab9fa270f7495fe44d1559c1ac49795a30881a,41f184a29ff88aaf275f3365267b8c909ce7598a,ridge_corrected_41f184a29ff8_6ed147cd_f83baf57
Ridge,1,2,2023-01-07,2023-01-08,11.75,12.848045933203524,1.0980459332035242,1.0980459332035242,1.2057048714247982,100.0,submitted_main_linear_features_H1_18col,6ed147cd585e5e8083292683f9be3cf585e97e4d46fa0e3224d24a4e2b42cbbb,f83baf5732ffbf88b9a448a3d9ab9fa270f7495fe44d1559c1ac49795a30881a,41f184a29ff88aaf275f3365267b8c909ce7598a,ridge_corrected_41f184a29ff8_6ed147cd_f83baf57
Ridge,1,2,2023-01-08,2023-01-09,14.04,13.780663470312621,-0.25933652968737775,0.25933652968737775,0.06725543563029215,100.0,submitted_main_linear_features_H1_18col,6ed147cd585e5e8083292683f9be3cf585e97e4d46fa0e3224d24a4e2b42cbbb,f83baf5732ffbf88b9a448a3d9ab9fa270f7495fe44d1559c1ac49795a30881a,41f184a29ff88aaf275f3365267b8c909ce7598a,ridge_corrected_41f184a29ff8_6ed147cd_f83baf57
Ridge,1,2,2023-01-09,2023-01-10,14.39,13.605937383916825,-0.7840626160831761,0.7840626160831761,0.614754185939194,100.0,submitted_main_linear_features_H1_18col,6ed147cd585e5e8083292683f9be3cf585e97e4d46fa0e3224d24a4e2b42cbbb,f83baf5732ffbf88b9a448a3d9ab9fa270f7495fe44d1559c1ac49795a30881a,41f184a29ff88aaf275f3365267b8c909ce7598a,ridge_corrected_41f184a29ff8_6ed147cd_f83baf57
Ridge,1,2,2023-01-10,2023-01-11,10.31,14.131178231112528,3.821178231112528,3.821178231112528,14.601403073928267,100.0,submitted_main_linear_features_H1_18col,6ed147cd585e5e8083292683f9be3cf585e97e4d46fa0e3224d24a4e2b42cbbb,f83baf5732ffbf88b9a448a3d9ab9fa270f7495fe44d1559c1ac49795a30881a,41f184a29ff88aaf275f3365267b8c909ce7598a,ridge_corrected_41f184a29ff8_6ed147cd_f83baf57
Ridge,1,2,2023-01-11,2023-01-12,12.35,13.407712782279598,1.057712782279598,1.057712782279598,1.1187563297976482,100.0,submitted_main_linear_features_H1_18col,6ed147cd585e5e8083292683f9be3cf585e97e4d46fa0e3224d24a4e2b42cbbb,f83baf5732ffbf88b9a448a3d9ab9fa270f7495fe44d1559c1ac49795a30881a,41f184a29ff88aaf275f3365267b8c909ce7598a,ridge_corrected_41f184a29ff8_6ed147cd_f83baf57
Ridge,1,2,2023-01-12,2023-01-13,13.13,12.01208308880217,-1.117916911197831,1.117916911197831,1.2497382203420995,100.0,submitted_main_linear_features_H1_18col,6ed147cd585e5e8083292683f9be3cf585e97e4d46fa0e3224d24a4e2b42cbbb,f83baf5732ffbf88b9a448a3d9ab9fa270f7495fe44d1559c1ac49795a30881a,41f184a29ff88aaf275f3365267b8c909ce7598a,ridge_corrected_41f184a29ff8_6ed147cd_f83baf57
Ridge,1,2,2023-01-13,2023-01-14,6.71,11.90312087822623,5.193120878226231,5.193120878226231,26.96850445586918,100.0,submitted_main_linear_features_H1_18col,6ed147cd585e5e8083292683f9be3cf585e97e4d46fa0e3224d24a4e2b42cbbb,f83baf5732ffbf88b9a448a3d9ab9fa270f7495fe44d1559c1ac49795a30881a,41f184a29ff88aaf275f3365267b8c909ce7598a,ridge_corrected_41f184a29ff8_6ed147cd_f83baf57
Ridge,1,2,2023-01-14,2023-01-15,10.54,12.409518057494948,1.8695180574949486,1.8695180574949486,3.495097767299686,100.0,submitted_main_linear_features_H1_18col,6ed147cd585e5e8083292683f9be3cf585e97e4d46fa0e3224d24a4e2b42cbbb,f83baf5732ffbf88b9a448a3d9ab9fa270f7495fe44d1559c1ac49795a30881a,41f184a29ff88aaf275f3365267b8c909ce7598a,ridge_corrected_41f184a29ff8_6ed147cd_f83baf57
Ridge,1,2,2023-01-15,2023-01-16,10.56,10.990828871742234,0.43082887174223394,0.43082887174223394,0.18561351672668627,100.0,submitted_main_linear_features_H1_18col,6ed147cd585e5e8083292683f9be3cf585e97e4d46fa0e3224d24a4e2b42cbbb,f83baf5732ffbf88b9a448a3d9ab9fa270f7495fe44d1559c1ac49795a30881a,41f184a29ff88aaf275f3365267b8c909ce7598a,ridge_corrected_41f184a29ff8_6ed147cd_f83baf57
Ridge,1,2,2023-01-16,2023-01-17,10.38,11.894632453653951,1.5146324536539506,1.5146324536539506,2.294111469661787,100.0,submitted_main_linear_features_H1_18col,6ed147cd585e5e8083292683f9be3cf585e97e4d46fa0e3224d24a4e2b42cbbb,f83baf5732ffbf88b9a448a3d9ab9fa270f7495fe44d1559c1ac49795a30881a,41f184a29ff88aaf275f3365267b8c909ce7598a,ridge_corrected_41f184a29ff8_6ed147cd_f83baf57
Ridge,1,2,2023-01-17,2023-01-18,11.68,11.594959608600867,-0.08504039139913289,0.08504039139913289,0.007231868169317714,100.0,submitted_main_linear_features_H1_18col,6ed147cd585e5e8083292683f9be3cf585e97e4d46fa0e3224d24a4e2b42cbbb,f83baf5732ffbf88b9a448a3d9ab9fa270f7495fe44d1559c1ac49795a30881a,41f184a29ff88aaf275f3365267b8c909ce7598a,ridge_corrected_41f184a29ff8_6ed147cd_f83baf57
Ridge,1,2,2023-01-18,2023-01-19,11.39,11.964573265007322,0.5745732650073219,0.5745732650073219,0.3301344368611741,100.0,submitted_main_linear_features_H1_18col,6ed147cd585e5e8083292683f9be3cf585e97e4d46fa0e3224d24a4e2b42cbbb,f83baf5732ffbf88b9a448a3d9ab9fa270f7495fe44d1559c1ac49795a30881a,41f184a29ff88aaf275f3365267b8c909ce7598a,ridge_corrected_41f184a29ff8_6ed147cd_f83baf57
Ridge,1,2,2023-01-19,2023-01-20,13.84,12.063666747428483,-1.7763332525715168,1.7763332525715168,3.155359824191304,100.0,submitted_main_linear_features_H1_18col,6ed147cd585e5e8083292683f9be3cf585e97e4d46fa0e3224d24a4e2b42cbbb,f83baf5732ffbf88b9a448a3d9ab9fa270f7495fe44d1559c1ac49795a30881a,41f184a29ff88aaf275f3365267b8c909ce7598a,ridge_corrected_41f184a29ff8_6ed147cd_f83baf57
Ridge,1,2,2023-01-20,2023-01-21,9.61,12.056416321733238,2.4464163217332384,2.4464163217332384,5.984952819242788,100.0,submitted_main_linear_features_H1_18col,6ed147cd585e5e8083292683f9be3cf585e97e4d46fa0e3224d24a4e2b42cbbb,f83baf5732ffbf88b9a448a3d9ab9fa270f7495fe44d1559c1ac49795a30881a,41f184a29ff88aaf275f3365267b8c909ce7598a,ridge_corrected_41f184a29ff8_6ed147cd_f83baf57
Ridge,1,2,2023-01-21,2023-01-22,11.47,12.995265310046095,1.5252653100460947,1.5252653100460947,2.3264342660300095,100.0,submitted_main_linear_features_H1_18col,6ed147cd585e5e8083292683f9be3cf585e97e4d46fa0e3224d24a4e2b42cbbb,f83baf5732ffbf88b9a448a3d9ab9fa270f7495fe44d1559c1ac49795a30881a,41f184a29ff88aaf275f3365267b8c909ce7598a,ridge_corrected_41f184a29ff8_6ed147cd_f83baf57
Ridge,1,2,2023-01-22,2023-01-23,9.53,12.3542525485267,2.824252548526701,2.824252548526701,7.976402457859566,100.0,submitted_main_linear_features_H1_18col,6ed147cd585e5e8083292683f9be3cf585e97e4d46fa0e3224d24a4e2b42cbbb,f83baf5732ffbf88b9a448a3d9ab9fa270f7495fe44d1559c1ac49795a30881a,41f184a29ff88aaf275f3365267b8c909ce7598a,ridge_corrected_41f184a29ff8_6ed147cd_f83baf57
Ridge,1,2,2023-01-23,2023-01-24,9.61,12.881617927669916,3.271617927669917,3.271617927669917,10.7034838646512,100.0,submitted_main_linear_features_H1_18col,6ed147cd585e5e8083292683f9be3cf585e97e4d46fa0e3224d24a4e2b42cbbb,f83baf5732ffbf88b9a448a3d9ab9fa270f7495fe44d1559c1ac49795a30881a,41f184a29ff88aaf275f3365267b8c909ce7598a,ridge_corrected_41f184a29ff8_6ed147cd_f83baf57
Ridge,1,2,2023-01-24,2023-01-25,13.98,12.494935057204822,-1.4850649427951783,1.4850649427951783,2.205417884319246,100.0,submitted_main_linear_features_H1_18col,6ed147cd585e5e8083292683f9be3cf585e97e4d46fa0e3224d24a4e2b42cbbb,f83baf5732ffbf88b9a448a3d9ab9fa270f7495fe44d1559c1ac49795a30881a,41f184a29ff88aaf275f3365267b8c909ce7598a,ridge_corrected_41f184a29ff8_6ed147cd_f83baf57
Ridge,1,2,2023-01-25,2023-01-26,12.46,12.544449443068265,0.08444944306826407,0.08444944306826407,0.007131708434539975,100.0,submitted_main_linear_features_H1_18col,6ed147cd585e5e8083292683f9be3cf585e97e4d46fa0e3224d24a4e2b42cbbb,f83baf5732ffbf88b9a448a3d9ab9fa270f7495fe44d1559c1ac49795a30881a,41f184a29ff88aaf275f3365267b8c909ce7598a,ridge_corrected_41f184a29ff8_6ed147cd_f83baf57
Ridge,1,2,2023-01-26,2023-01-27,11.69,12.898460620709189,1.2084606207091895,1.2084606207091895,1.4603770718048394,100.0,submitted_main_linear_features_H1_18col,6ed147cd585e5e8083292683f9be3cf585e97e4d46fa0e3224d24a4e2b42cbbb,f83baf5732ffbf88b9a448a3d9ab9fa270f7495fe44d1559c1ac49795a30881a,41f184a29ff88aaf275f3365267b8c909ce7598a,ridge_corrected_41f184a29ff8_6ed147cd_f83baf57
Ridge,1,2,2023-01-27,2023-01-28,12.88,12.491135774841968,-0.38886422515803254,0.38886422515803254,0.15121538560775702,100.0,submitted_main_linear_features_H1_18col,6ed147cd585e5e8083292683f9be3cf585e97e4d46fa0e3224d24a4e2b42cbbb,f83baf5732ffbf88b9a448a3d9ab9fa270f7495fe44d1559c1ac49795a30881a,41f184a29ff88aaf275f3365267b8c909ce7598a,ridge_corrected_41f184a29ff8_6ed147cd_f83baf57
Ridge,1,2,2023-01-28,2023-01-29,12.01,12.596099248490125,0.5860992484901253,0.5860992484901253,0.3435123290806896,100.0,submitted_main_linear_features_H1_18col,6ed147cd585e5e8083292683f9be3cf585e97e4d46fa0e3224d24a4e2b42cbbb,f83baf5732ffbf88b9a448a3d9ab9fa270f7495fe44d1559c1ac49795a30881a,41f184a29ff88aaf275f3365267b8c909ce7598a,ridge_corrected_41f184a29ff8_6ed147cd_f83baf57
Ridge,1,2,2023-01-29,2023-01-30,14.4,12.98125304947407,-1.4187469505259305,1.4187469505259305,2.012842909626627,100.0,submitted_main_linear_features_H1_18col,6ed147cd585e5e8083292683f9be3cf585e97e4d46fa0e3224d24a4e2b42cbbb,f83baf5732ffbf88b9a448a3d9ab9fa270f7495fe44d1559c1ac49795a30881a,41f184a29ff88aaf275f3365267b8c909ce7598a,ridge_corrected_41f184a29ff8_6ed147cd_f83baf57
Ridge,1,2,2023-01-30,2023-01-31,14.68,12.77878617638169,-1.9012138236183098,1.9012138236183098,3.6146140031173535,100.0,submitted_main_linear_features_H1_18col,6ed147cd585e5e8083292683f9be3cf585e97e4d46fa0e3224d24a4e2b42cbbb,f83baf5732ffbf88b9a448a3d9ab9fa270f7495fe44d1559c1ac49795a30881a,41f184a29ff88aaf275f3365267b8c909ce7598a,ridge_corrected_41f184a29ff8_6ed147cd_f83baf57
Ridge,1,2,2023-01-31,2023-02-01,16.7,13.706966113627274,-2.993033886372725,2.993033886372725,8.958251844975418,100.0,submitted_main_linear_features_H1_18col,6ed147cd585e5e8083292683f9be3cf585e97e4d46fa0e3224d24a4e2b42cbbb,f83baf5732ffbf88b9a448a3d9ab9fa270f7495fe44d1559c1ac49795a30881a,41f184a29ff88aaf275f3365267b8c909ce7598a,ridge_corrected_41f184a29ff8_6ed147cd_f83baf57
Ridge,1,2,2023-02-01,2023-02-02,11.45,13.506864803867774,2.056864803867775,2.056864803867775,4.23069282139002,100.0,submitted_main_linear_features_H1_18col,6ed147cd585e5e8083292683f9be3cf585e97e4d46fa0e3224d24a4e2b42cbbb,f83baf5732ffbf88b9a448a3d9ab9fa270f7495fe44d1559c1ac49795a30881a,41f184a29ff88aaf275f3365267b8c909ce7598a,ridge_corrected_41f184a29ff8_6ed147cd_f83baf57
Ridge,1,2,2023-02-02,2023-02-03,8.69,14.330174137156177,5.640174137156178,5.640174137156178,31.811564297445436,100.0,submitted_main_linear_features_H1_18col,6ed147cd585e5e8083292683f9be3cf585e97e4d46fa0e3224d24a4e2b42cbbb,f83baf5732ffbf88b9a448a3d9ab9fa270f7495fe44d1559c1ac49795a30881a,41f184a29ff88aaf275f3365267b8c909ce7598a,ridge_corrected_41f184a29ff8_6ed147cd_f83baf57
Ridge,1,2,2023-02-03,2023-02-04,16.0,13.208506538909798,-2.7914934610902016,2.7914934610902016,7.792435743309353,100.0,submitted_main_linear_features_H1_18col,6ed147cd585e5e8083292683f9be3cf585e97e4d46fa0e3224d24a4e2b42cbbb,f83baf5732ffbf88b9a448a3d9ab9fa270f7495fe44d1559c1ac49795a30881a,41f184a29ff88aaf275f3365267b8c909ce7598a,ridge_corrected_41f184a29ff8_6ed147cd_f83baf57
Ridge,1,2,2023-02-04,2023-02-05,17.45,12.642247005128977,-4.807752994871022,4.807752994871022,23.114488859691278,100.0,submitted_main_linear_features_H1_18col,6ed147cd585e5e8083292683f9be3cf585e97e4d46fa0e3224d24a4e2b42cbbb,f83baf5732ffbf88b9a448a3d9ab9fa270f7495fe44d1559c1ac49795a30881a,41f184a29ff88aaf275f3365267b8c909ce7598a,ridge_corrected_41f184a29ff8_6ed147cd_f83baf57
Ridge,1,2,2023-02-05,2023-02-06,15.54,14.476690074463209,-1.0633099255367906,1.0633099255367906,1.130627997745055,100.0,submitted_main_linear_features_H1_18col,6ed147cd585e5e8083292683f9be3cf585e97e4d46fa0e3224d24a4e2b42cbbb,f83baf5732ffbf88b9a448a3d9ab9fa270f7495fe44d1559c1ac49795a30881a,41f184a29ff88aaf275f3365267b8c909ce7598a,ridge_corrected_41f184a29ff8_6ed147cd_f83baf57
Ridge,1,2,2023-02-06,2023-02-07,13.67,14.89637527934017,1.2263752793401697,1.2263752793401697,1.503996325776679,100.0,submitted_main_linear_features_H1_18col,6ed147cd585e5e8083292683f9be3cf585e97e4d46fa0e3224d24a4e2b42cbbb,f83baf5732ffbf88b9a448a3d9ab9fa270f7495fe44d1559c1ac49795a30881a,41f184a29ff88aaf275f3365267b8c909ce7598a,ridge_corrected_41f184a29ff8_6ed147cd_f83baf57
Ridge,1,2,2023-02-07,2023-02-08,12.29,14.372673551771735,2.0826735517717356,2.0826735517717356,4.337529123249497,100.0,submitted_main_linear_features_H1_18col,6ed147cd585e5e8083292683f9be3cf585e97e4d46fa0e3224d24a4e2b42cbbb,f83baf5732ffbf88b9a448a3d9ab9fa270f7495fe44d1559c1ac49795a30881a,41f184a29ff88aaf275f3365267b8c909ce7598a,ridge_corrected_41f184a29ff8_6ed147cd_f83baf57
Ridge,1,2,2023-02-08,2023-02-09,11.92,13.991420425133446,2.0714204251334465,2.0714204251334465,4.290782577660028,100.0,submitted_main_linear_features_H1_18col,6ed147cd585e5e8083292683f9be3cf585e97e4d46fa0e3224d24a4e2b42cbbb,f83baf5732ffbf88b9a448a3d9ab9fa270f7495fe44d1559c1ac49795a30881a,41f184a29ff88aaf275f3365267b8c909ce7598a,ridge_corrected_41f184a29ff8_6ed147cd_f83baf57
Ridge,1,2,2023-02-09,2023-02-10,10.97,14.058381017023342,3.088381017023341,3.088381017023341,9.538097306310126,100.0,submitted_main_linear_features_H1_18col,6ed147cd585e5e8083292683f9be3cf585e97e4d46fa0e3224d24a4e2b42cbbb,f83baf5732ffbf88b9a448a3d9ab9fa270f7495fe44d1559c1ac49795a30881a,41f184a29ff88aaf275f3365267b8c909ce7598a,ridge_corrected_41f184a29ff8_6ed147cd_f83baf57
Ridge,1,2,2023-02-10,2023-02-11,7.57,12.539802051730861,4.969802051730861,4.969802051730861,24.698932433388276,100.0,submitted_main_linear_features_H1_18col,6ed147cd585e5e8083292683f9be3cf585e97e4d46fa0e3224d24a4e2b42cbbb,f83baf5732ffbf88b9a448a3d9ab9fa270f7495fe44d1559c1ac49795a30881a,41f184a29ff88aaf275f3365267b8c909ce7598a,ridge_corrected_41f184a29ff8_6ed147cd_f83baf57
Ridge,1,2,2023-02-11,2023-02-12,7.45,13.118966817899688,5.668966817899688,5.668966817899688,32.13718478244771,100.0,submitted_main_linear_features_H1_18col,6ed147cd585e5e8083292683f9be3cf585e97e4d46fa0e3224d24a4e2b42cbbb,f83baf5732ffbf88b9a448a3d9ab9fa270f7495fe44d1559c1ac49795a30881a,41f184a29ff88aaf275f3365267b8c909ce7598a,ridge_corrected_41f184a29ff8_6ed147cd_f83baf57
Ridge,1,2,2023-02-12,2023-02-13,8.88,12.052346635421001,3.1723466354210004,3.1723466354210004,10.063783175266941,100.0,submitted_main_linear_features_H1_18col,6ed147cd585e5e8083292683f9be3cf585e97e4d46fa0e3224d24a4e2b42cbbb,f83baf5732ffbf88b9a448a3d9ab9fa270f7495fe44d1559c1ac49795a30881a,41f184a29ff88aaf275f3365267b8c909ce7598a,ridge_corrected_41f184a29ff8_6ed147cd_f83baf57
Ridge,1,2,2023-02-13,2023-02-14,11.27,11.70455529858114,0.43455529858113984,0.43455529858113984,0.1888383075249436,100.0,submitted_main_linear_features_H1_18col,6ed147cd585e5e8083292683f9be3cf585e97e4d46fa0e3224d24a4e2b42cbbb,f83baf5732ffbf88b9a448a3d9ab9fa270f7495fe44d1559c1ac49795a30881a,41f184a29ff88aaf275f3365267b8c909ce7598a,ridge_corrected_41f184a29ff8_6ed147cd_f83baf57
Ridge,1,2,2023-02-14,2023-02-15,14.0,11.196222770702073,-2.8037772292979266,2.8037772292979266,7.8611667515295585,100.0,submitted_main_linear_features_H1_18col,6ed147cd585e5e8083292683f9be3cf585e97e4d46fa0e3224d24a4e2b42cbbb,f83baf5732ffbf88b9a448a3d9ab9fa270f7495fe44d1559c1ac49795a30881a,41f184a29ff88aaf275f3365267b8c909ce7598a,ridge_corrected_41f184a29ff8_6ed147cd_f83baf57
Ridge,1,2,2023-02-15,2023-02-16,15.84,12.60407549535744,-3.2359245046425595,3.2359245046425595,10.471207399746195,100.0,submitted_main_linear_features_H1_18col,6ed147cd585e5e8083292683f9be3cf585e97e4d46fa0e3224d24a4e2b42cbbb,f83baf5732ffbf88b9a448a3d9ab9fa270f7495fe44d1559c1ac49795a30881a,41f184a29ff88aaf275f3365267b8c909ce7598a,ridge_corrected_41f184a29ff8_6ed147cd_f83baf57
Ridge,1,2,2023-02-16,2023-02-17,13.82,12.993286880113002,-0.8267131198869979,0.8267131198869979,0.6834545825932938,100.0,submitted_main_linear_features_H1_18col,6ed147cd585e5e8083292683f9be3cf585e97e4d46fa0e3224d24a4e2b42cbbb,f83baf5732ffbf88b9a448a3d9ab9fa270f7495fe44d1559c1ac49795a30881a,41f184a29ff88aaf275f3365267b8c909ce7598a,ridge_corrected_41f184a29ff8_6ed147cd_f83baf57
Ridge,1,2,2023-02-17,2023-02-18,16.04,13.598208367063787,-2.441791632936212,2.441791632936212,5.962346378677293,100.0,submitted_main_linear_features_H1_18col,6ed147cd585e5e8083292683f9be3cf585e97e4d46fa0e3224d24a4e2b42cbbb,f83baf5732ffbf88b9a448a3d9ab9fa270f7495fe44d1559c1ac49795a30881a,41f184a29ff88aaf275f3365267b8c909ce7598a,ridge_corrected_41f184a29ff8_6ed147cd_f83baf57
Ridge,1,2,2023-02-18,2023-02-19,14.5,13.0330691710227,-1.4669308289773006,1.4669308289773006,2.1518860570040306,100.0,submitted_main_linear_features_H1_18col,6ed147cd585e5e8083292683f9be3cf585e97e4d46fa0e3224d24a4e2b42cbbb,f83baf5732ffbf88b9a448a3d9ab9fa270f7495fe44d1559c1ac49795a30881a,41f184a29ff88aaf275f3365267b8c909ce7598a,ridge_corrected_41f184a29ff8_6ed147cd_f83baf57
Ridge,1,3,2023-02-19,2023-02-20,13.08,13.513911713629552,0.43391171362955205,0.43391171362955205,0.1882793752249344,100.0,submitted_main_linear_features_H1_18col,6ed147cd585e5e8083292683f9be3cf585e97e4d46fa0e3224d24a4e2b42cbbb,f83baf5732ffbf88b9a448a3d9ab9fa270f7495fe44d1559c1ac49795a30881a,41f184a29ff88aaf275f3365267b8c909ce7598a,ridge_corrected_41f184a29ff8_6ed147cd_f83baf57
Ridge,1,3,2023-02-20,2023-02-21,10.58,13.58713873019166,3.0071387301916594,3.0071387301916594,9.042883342618707,100.0,submitted_main_linear_features_H1_18col,6ed147cd585e5e8083292683f9be3cf585e97e4d46fa0e3224d24a4e2b42cbbb,f83baf5732ffbf88b9a448a3d9ab9fa270f7495fe44d1559c1ac49795a30881a,41f184a29ff88aaf275f3365267b8c909ce7598a,ridge_corrected_41f184a29ff8_6ed147cd_f83baf57
Ridge,1,3,2023-02-21,2023-02-22,13.94,13.836745147099299,-0.10325485290070091,0.10325485290070091,0.010661564647545384,100.0,submitted_main_linear_features_H1_18col,6ed147cd585e5e8083292683f9be3cf585e97e4d46fa0e3224d24a4e2b42cbbb,f83baf5732ffbf88b9a448a3d9ab9fa270f7495fe44d1559c1ac49795a30881a,41f184a29ff88aaf275f3365267b8c909ce7598a,ridge_corrected_41f184a29ff8_6ed147cd_f83baf57
Ridge,1,3,2023-02-22,2023-02-23,13.76,12.838540604331852,-0.9214593956681476,0.9214593956681476,0.8490874178651078,100.0,submitted_main_linear_features_H1_18col,6ed147cd585e5e8083292683f9be3cf585e97e4d46fa0e3224d24a4e2b42cbbb,f83baf5732ffbf88b9a448a3d9ab9fa270f7495fe44d1559c1ac49795a30881a,41f184a29ff88aaf275f3365267b8c909ce7598a,ridge_corrected_41f184a29ff8_6ed147cd_f83baf57
Ridge,1,3,2023-02-23,2023-02-24,16.57,13.450028143285083,-3.1199718567149173,3.1199718567149173,9.734224386693128,100.0,submitted_main_linear_features_H1_18col,6ed147cd585e5e8083292683f9be3cf585e97e4d46fa0e3224d24a4e2b42cbbb,f83baf5732ffbf88b9a448a3d9ab9fa270f7495fe44d1559c1ac49795a30881a,41f184a29ff88aaf275f3365267b8c909ce7598a,ridge_corrected_41f184a29ff8_6ed147cd_f83baf57
Ridge,1,3,2023-02-24,2023-02-25,12.14,12.922258385951721,0.7822583859517209,0.7822583859517209,0.6119281823917916,100.0,submitted_main_linear_features_H1_18col,6ed147cd585e5e8083292683f9be3cf585e97e4d46fa0e3224d24a4e2b42cbbb,f83baf5732ffbf88b9a448a3d9ab9fa270f7495fe44d1559c1ac49795a30881a,41f184a29ff88aaf275f3365267b8c909ce7598a,ridge_corrected_41f184a29ff8_6ed147cd_f83baf57
Ridge,1,3,2023-02-25,2023-02-26,10.48,13.867808316669251,3.3878083166692505,3.3878083166692505,11.47724519049334,100.0,submitted_main_linear_features_H1_18col,6ed147cd585e5e8083292683f9be3cf585e97e4d46fa0e3224d24a4e2b42cbbb,f83baf5732ffbf88b9a448a3d9ab9fa270f7495fe44d1559c1ac49795a30881a,41f184a29ff88aaf275f3365267b8c909ce7598a,ridge_corrected_41f184a29ff8_6ed147cd_f83baf57
Ridge,1,3,2023-02-26,2023-02-27,11.17,12.80619054632754,1.6361905463275406,1.6361905463275406,2.677119503891616,100.0,submitted_main_linear_features_H1_18col,6ed147cd585e5e8083292683f9be3cf585e97e4d46fa0e3224d24a4e2b42cbbb,f83baf5732ffbf88b9a448a3d9ab9fa270f7495fe44d1559c1ac49795a30881a,41f184a29ff88aaf275f3365267b8c909ce7598a,ridge_corrected_41f184a29ff8_6ed147cd_f83baf57
Ridge,1,3,2023-02-27,2023-02-28,9.76,12.539953216907273,2.7799532169072734,2.7799532169072734,7.728139888193097,100.0,submitted_main_linear_features_H1_18col,6ed147cd585e5e8083292683f9be3cf585e97e4d46fa0e3224d24a4e2b42cbbb,f83baf5732ffbf88b9a448a3d9ab9fa270f7495fe44d1559c1ac49795a30881a,41f184a29ff88aaf275f3365267b8c909ce7598a,ridge_corrected_41f184a29ff8_6ed147cd_f83baf57
Ridge,1,3,2023-02-28,2023-03-01,12.96,13.041959035171566,0.08195903517156466,0.08195903517156466,0.006717283446253774,100.0,submitted_main_linear_features_H1_18col,6ed147cd585e5e8083292683f9be3cf585e97e4d46fa0e3224d24a4e2b42cbbb,f83baf5732ffbf88b9a448a3d9ab9fa270f7495fe44d1559c1ac49795a30881a,41f184a29ff88aaf275f3365267b8c909ce7598a,ridge_corrected_41f184a29ff8_6ed147cd_f83baf57
Ridge,1,3,2023-03-01,2023-03-02,15.2,12.780214186929522,-2.4197858130704777,2.4197858130704777,5.855363381137153,100.0,submitted_main_linear_features_H1_18col,6ed147cd585e5e8083292683f9be3cf585e97e4d46fa0e3224d24a4e2b42cbbb,f83baf5732ffbf88b9a448a3d9ab9fa270f7495fe44d1559c1ac49795a30881a,41f184a29ff88aaf275f3365267b8c909ce7598a,ridge_corrected_41f184a29ff8_6ed147cd_f83baf57
Ridge,1,3,2023-03-02,2023-03-03,16.39,13.579340646394508,-2.8106593536054927,2.8106593536054927,7.899806002010046,100.0,submitted_main_linear_features_H1_18col,6ed147cd585e5e8083292683f9be3cf585e97e4d46fa0e3224d24a4e2b42cbbb,f83baf5732ffbf88b9a448a3d9ab9fa270f7495fe44d1559c1ac49795a30881a,41f184a29ff88aaf275f3365267b8c909ce7598a,ridge_corrected_41f184a29ff8_6ed147cd_f83baf57
Ridge,1,3,2023-03-03,2023-03-04,15.4,14.144195016683263,-1.2558049833167377,1.2558049833167377,1.577046156123152,100.0,submitted_main_linear_features_H1_18col,6ed147cd585e5e8083292683f9be3cf585e97e4d46fa0e3224d24a4e2b42cbbb,f83baf5732ffbf88b9a448a3d9ab9fa270f7495fe44d1559c1ac49795a30881a,41f184a29ff88aaf275f3365267b8c909ce7598a,ridge_corrected_41f184a29ff8_6ed147cd_f83baf57
Ridge,1,3,2023-03-04,2023-03-05,10.44,14.461521022121975,4.021521022121975,4.021521022121975,16.172631331368976,100.0,submitted_main_linear_features_H1_18col,6ed147cd585e5e8083292683f9be3cf585e97e4d46fa0e3224d24a4e2b42cbbb,f83baf5732ffbf88b9a448a3d9ab9fa270f7495fe44d1559c1ac49795a30881a,41f184a29ff88aaf275f3365267b8c909ce7598a,ridge_corrected_41f184a29ff8_6ed147cd_f83baf57
Ridge,1,3,2023-03-05,2023-03-06,15.14,14.482349811844697,-0.6576501881553032,0.6576501881553032,0.43250376998070567,100.0,submitted_main_linear_features_H1_18col,6ed147cd585e5e8083292683f9be3cf585e97e4d46fa0e3224d24a4e2b42cbbb,f83baf5732ffbf88b9a448a3d9ab9fa270f7495fe44d1559c1ac49795a30881a,41f184a29ff88aaf275f3365267b8c909ce7598a,ridge_corrected_41f184a29ff8_6ed147cd_f83baf57
Ridge,1,3,2023-03-06,2023-03-07,13.92,13.647563133359938,-0.27243686664006184,0.27243686664006184,0.07422184630465484,100.0,submitted_main_linear_features_H1_18col,6ed147cd585e5e8083292683f9be3cf585e97e4d46fa0e3224d24a4e2b42cbbb,f83baf5732ffbf88b9a448a3d9ab9fa270f7495fe44d1559c1ac49795a30881a,41f184a29ff88aaf275f3365267b8c909ce7598a,ridge_corrected_41f184a29ff8_6ed147cd_f83baf57
Ridge,1,3,2023-03-07,2023-03-08,13.87,14.134884367812676,0.26488436781267666,0.26488436781267666,0.07016372831152137,100.0,submitted_main_linear_features_H1_18col,6ed147cd585e5e8083292683f9be3cf585e97e4d46fa0e3224d24a4e2b42cbbb,f83baf5732ffbf88b9a448a3d9ab9fa270f7495fe44d1559c1ac49795a30881a,41f184a29ff88aaf275f3365267b8c909ce7598a,ridge_corrected_41f184a29ff8_6ed147cd_f83baf57
Ridge,1,3,2023-03-08,2023-03-09,12.83,13.641687881625932,0.8116878816259323,0.8116878816259323,0.6588372171783935,100.0,submitted_main_linear_features_H1_18col,6ed147cd585e5e8083292683f9be3cf585e97e4d46fa0e3224d24a4e2b42cbbb,f83baf5732ffbf88b9a448a3d9ab9fa270f7495fe44d1559c1ac49795a30881a,41f184a29ff88aaf275f3365267b8c909ce7598a,ridge_corrected_41f184a29ff8_6ed147cd_f83baf57
Ridge,1,3,2023-03-09,2023-03-10,15.48,13.410727598091178,-2.0692724019088224,2.0692724019088224,4.281888273301507,100.0,submitted_main_linear_features_H1_18col,6ed147cd585e5e8083292683f9be3cf585e97e4d46fa0e3224d24a4e2b42cbbb,f83baf5732ffbf88b9a448a3d9ab9fa270f7495fe44d1559c1ac49795a30881a,41f184a29ff88aaf275f3365267b8c909ce7598a,ridge_corrected_41f184a29ff8_6ed147cd_f83baf57
Ridge,1,3,2023-03-10,2023-03-11,12.28,12.54610355808778,0.2661035580877815,0.2661035580877815,0.07081110362697732,100.0,submitted_main_linear_features_H1_18col,6ed147cd585e5e8083292683f9be3cf585e97e4d46fa0e3224d24a4e2b42cbbb,f83baf5732ffbf88b9a448a3d9ab9fa270f7495fe44d1559c1ac49795a30881a,41f184a29ff88aaf275f3365267b8c909ce7598a,ridge_corrected_41f184a29ff8_6ed147cd_f83baf57
Ridge,1,3,2023-03-11,2023-03-12,9.8,13.556728471361001,3.7567284713610007,3.7567284713610007,14.113008807534362,100.0,submitted_main_linear_features_H1_18col,6ed147cd585e5e8083292683f9be3cf585e97e4d46fa0e3224d24a4e2b42cbbb,f83baf5732ffbf88b9a448a3d9ab9fa270f7495fe44d1559c1ac49795a30881a,41f184a29ff88aaf275f3365267b8c909ce7598a,ridge_corrected_41f184a29ff8_6ed147cd_f83baf57
Ridge,1,3,2023-03-12,2023-03-13,9.82,12.298660685333541,2.4786606853335407,2.4786606853335407,6.143758793018137,100.0,submitted_main_linear_features_H1_18col,6ed147cd585e5e8083292683f9be3cf585e97e4d46fa0e3224d24a4e2b42cbbb,f83baf5732ffbf88b9a448a3d9ab9fa270f7495fe44d1559c1ac49795a30881a,41f184a29ff88aaf275f3365267b8c909ce7598a,ridge_corrected_41f184a29ff8_6ed147cd_f83baf57
Ridge,1,3,2023-03-13,2023-03-14,11.41,12.314050981176758,0.9040509811767574,0.9040509811767574,0.8173081765666578,100.0,submitted_main_linear_features_H1_18col,6ed147cd585e5e8083292683f9be3cf585e97e4d46fa0e3224d24a4e2b42cbbb,f83baf5732ffbf88b9a448a3d9ab9fa270f7495fe44d1559c1ac49795a30881a,41f184a29ff88aaf275f3365267b8c909ce7598a,ridge_corrected_41f184a29ff8_6ed147cd_f83baf57
Ridge,1,3,2023-03-14,2023-03-15,14.0,12.620952322089972,-1.3790476779100285,1.3790476779100285,1.9017724979490416,100.0,submitted_main_linear_features_H1_18col,6ed147cd585e5e8083292683f9be3cf585e97e4d46fa0e3224d24a4e2b42cbbb,f83baf5732ffbf88b9a448a3d9ab9fa270f7495fe44d1559c1ac49795a30881a,41f184a29ff88aaf275f3365267b8c909ce7598a,ridge_corrected_41f184a29ff8_6ed147cd_f83baf57
Ridge,1,3,2023-03-15,2023-03-16,13.31,11.959581704527853,-1.3504182954721475,1.3504182954721475,1.8236295727459004,100.0,submitted_main_linear_features_H1_18col,6ed147cd585e5e8083292683f9be3cf585e97e4d46fa0e3224d24a4e2b42cbbb,f83baf5732ffbf88b9a448a3d9ab9fa270f7495fe44d1559c1ac49795a30881a,41f184a29ff88aaf275f3365267b8c909ce7598a,ridge_corrected_41f184a29ff8_6ed147cd_f83baf57
Ridge,1,3,2023-03-16,2023-03-17,14.64,13.040874917733827,-1.5991250822661733,1.5991250822661733,2.5572010287327958,100.0,submitted_main_linear_features_H1_18col,6ed147cd585e5e8083292683f9be3cf585e97e4d46fa0e3224d24a4e2b42cbbb,f83baf5732ffbf88b9a448a3d9ab9fa270f7495fe44d1559c1ac49795a30881a,41f184a29ff88aaf275f3365267b8c909ce7598a,ridge_corrected_41f184a29ff8_6ed147cd_f83baf57
Ridge,1,3,2023-03-17,2023-03-18,10.03,13.307069664815153,3.277069664815153,3.277069664815153,10.7391855880517,100.0,submitted_main_linear_features_H1_18col,6ed147cd585e5e8083292683f9be3cf585e97e4d46fa0e3224d24a4e2b42cbbb,f83baf5732ffbf88b9a448a3d9ab9fa270f7495fe44d1559c1ac49795a30881a,41f184a29ff88aaf275f3365267b8c909ce7598a,ridge_corrected_41f184a29ff8_6ed147cd_f83baf57
Ridge,1,3,2023-03-18,2023-03-19,10.02,12.723466724966581,2.7034667249665816,2.7034667249665816,7.308732333001535,100.0,submitted_main_linear_features_H1_18col,6ed147cd585e5e8083292683f9be3cf585e97e4d46fa0e3224d24a4e2b42cbbb,f83baf5732ffbf88b9a448a3d9ab9fa270f7495fe44d1559c1ac49795a30881a,41f184a29ff88aaf275f3365267b8c909ce7598a,ridge_corrected_41f184a29ff8_6ed147cd_f83baf57
Ridge,1,3,2023-03-19,2023-03-20,10.02,11.741354228052831,1.7213542280528316,1.7213542280528316,2.9630603784353595,100.0,submitted_main_linear_features_H1_18col,6ed147cd585e5e8083292683f9be3cf585e97e4d46fa0e3224d24a4e2b42cbbb,f83baf5732ffbf88b9a448a3d9ab9fa270f7495fe44d1559c1ac49795a30881a,41f184a29ff88aaf275f3365267b8c909ce7598a,ridge_corrected_41f184a29ff8_6ed147cd_f83baf57
Ridge,1,3,2023-03-20,2023-03-21,13.57,11.636574641534994,-1.9334253584650067,1.9334253584650067,3.73813361675554,100.0,submitted_main_linear_features_H1_18col,6ed147cd585e5e8083292683f9be3cf585e97e4d46fa0e3224d24a4e2b42cbbb,f83baf5732ffbf88b9a448a3d9ab9fa270f7495fe44d1559c1ac49795a30881a,41f184a29ff88aaf275f3365267b8c909ce7598a,ridge_corrected_41f184a29ff8_6ed147cd_f83baf57
Ridge,1,3,2023-03-21,2023-03-22,10.15,11.62538783701207,1.4753878370120699,1.4753878370120699,2.176769269603154,100.0,submitted_main_linear_features_H1_18col,6ed147cd585e5e8083292683f9be3cf585e97e4d46fa0e3224d24a4e2b42cbbb,f83baf5732ffbf88b9a448a3d9ab9fa270f7495fe44d1559c1ac49795a30881a,41f184a29ff88aaf275f3365267b8c909ce7598a,ridge_corrected_41f184a29ff8_6ed147cd_f83baf57
Ridge,1,3,2023-03-22,2023-03-23,15.5,12.823720175140936,-2.676279824859064,2.676279824859064,7.162473700947661,100.0,submitted_main_linear_features_H1_18col,6ed147cd585e5e8083292683f9be3cf585e97e4d46fa0e3224d24a4e2b42cbbb,f83baf5732ffbf88b9a448a3d9ab9fa270f7495fe44d1559c1ac49795a30881a,41f184a29ff88aaf275f3365267b8c909ce7598a,ridge_corrected_41f184a29ff8_6ed147cd_f83baf57
Ridge,1,3,2023-03-23,2023-03-24,7.22,10.713141099133122,3.4931410991331218,3.4931410991331218,12.202034738452953,100.0,submitted_main_linear_features_H1_18col,6ed147cd585e5e8083292683f9be3cf585e97e4d46fa0e3224d24a4e2b42cbbb,f83baf5732ffbf88b9a448a3d9ab9fa270f7495fe44d1559c1ac49795a30881a,41f184a29ff88aaf275f3365267b8c909ce7598a,ridge_corrected_41f184a29ff8_6ed147cd_f83baf57
Ridge,1,3,2023-03-24,2023-03-25,9.46,12.712393680093063,3.2523936800930624,3.2523936800930624,10.578064650309294,100.0,submitted_main_linear_features_H1_18col,6ed147cd585e5e8083292683f9be3cf585e97e4d46fa0e3224d24a4e2b42cbbb,f83baf5732ffbf88b9a448a3d9ab9fa270f7495fe44d1559c1ac49795a30881a,41f184a29ff88aaf275f3365267b8c909ce7598a,ridge_corrected_41f184a29ff8_6ed147cd_f83baf57
Ridge,1,3,2023-03-25,2023-03-26,9.17,10.802817051693406,1.6328170516934062,1.6328170516934062,2.6660915243007475,100.0,submitted_main_linear_features_H1_18col,6ed147cd585e5e8083292683f9be3cf585e97e4d46fa0e3224d24a4e2b42cbbb,f83baf5732ffbf88b9a448a3d9ab9fa270f7495fe44d1559c1ac49795a30881a,41f184a29ff88aaf275f3365267b8c909ce7598a,ridge_corrected_41f184a29ff8_6ed147cd_f83baf57
Ridge,1,3,2023-03-26,2023-03-27,9.34,12.14213538237846,2.8021353823784594,2.8021353823784594,7.851962701177275,100.0,submitted_main_linear_features_H1_18col,6ed147cd585e5e8083292683f9be3cf585e97e4d46fa0e3224d24a4e2b42cbbb,f83baf5732ffbf88b9a448a3d9ab9fa270f7495fe44d1559c1ac49795a30881a,41f184a29ff88aaf275f3365267b8c909ce7598a,ridge_corrected_41f184a29ff8_6ed147cd_f83baf57
Ridge,1,3,2023-03-27,2023-03-28,8.57,11.782794550385537,3.212794550385537,3.212794550385537,10.322048822987004,100.0,submitted_main_linear_features_H1_18col,6ed147cd585e5e8083292683f9be3cf585e97e4d46fa0e3224d24a4e2b42cbbb,f83baf5732ffbf88b9a448a3d9ab9fa270f7495fe44d1559c1ac49795a30881a,41f184a29ff88aaf275f3365267b8c909ce7598a,ridge_corrected_41f184a29ff8_6ed147cd_f83baf57
Ridge,1,3,2023-03-28,2023-03-29,10.73,11.052611926925874,0.32261192692587315,0.32261192692587315,0.10407845539482492,100.0,submitted_main_linear_features_H1_18col,6ed147cd585e5e8083292683f9be3cf585e97e4d46fa0e3224d24a4e2b42cbbb,f83baf5732ffbf88b9a448a3d9ab9fa270f7495fe44d1559c1ac49795a30881a,41f184a29ff88aaf275f3365267b8c909ce7598a,ridge_corrected_41f184a29ff8_6ed147cd_f83baf57
Ridge,1,3,2023-03-29,2023-03-30,14.89,10.766518874803182,-4.123481125196818,4.123481125196818,17.00309658985442,100.0,submitted_main_linear_features_H1_18col,6ed147cd585e5e8083292683f9be3cf585e97e4d46fa0e3224d24a4e2b42cbbb,f83baf5732ffbf88b9a448a3d9ab9fa270f7495fe44d1559c1ac49795a30881a,41f184a29ff88aaf275f3365267b8c909ce7598a,ridge_corrected_41f184a29ff8_6ed147cd_f83baf57
Ridge,1,3,2023-03-30,2023-03-31,11.27,12.295989496701957,1.025989496701957,1.025989496701957,1.0526544473427348,100.0,submitted_main_linear_features_H1_18col,6ed147cd585e5e8083292683f9be3cf585e97e4d46fa0e3224d24a4e2b42cbbb,f83baf5732ffbf88b9a448a3d9ab9fa270f7495fe44d1559c1ac49795a30881a,41f184a29ff88aaf275f3365267b8c909ce7598a,ridge_corrected_41f184a29ff8_6ed147cd_f83baf57
Ridge,1,3,2023-03-31,2023-04-01,11.94,12.131865248438974,0.19186524843897423,0.19186524843897423,0.036812273558549304,100.0,submitted_main_linear_features_H1_18col,6ed147cd585e5e8083292683f9be3cf585e97e4d46fa0e3224d24a4e2b42cbbb,f83baf5732ffbf88b9a448a3d9ab9fa270f7495fe44d1559c1ac49795a30881a,41f184a29ff88aaf275f3365267b8c909ce7598a,ridge_corrected_41f184a29ff8_6ed147cd_f83baf57
Ridge,1,3,2023-04-01,2023-04-02,10.82,11.731823643990719,0.9118236439907186,0.9118236439907186,0.8314223577405127,100.0,submitted_main_linear_features_H1_18col,6ed147cd585e5e8083292683f9be3cf585e97e4d46fa0e3224d24a4e2b42cbbb,f83baf5732ffbf88b9a448a3d9ab9fa270f7495fe44d1559c1ac49795a30881a,41f184a29ff88aaf275f3365267b8c909ce7598a,ridge_corrected_41f184a29ff8_6ed147cd_f83baf57
Ridge,1,3,2023-04-02,2023-04-03,12.71,11.849786421448716,-0.860213578551285,0.860213578551285,0.7399674007240078,100.0,submitted_main_linear_features_H1_18col,6ed147cd585e5e8083292683f9be3cf585e97e4d46fa0e3224d24a4e2b42cbbb,f83baf5732ffbf88b9a448a3d9ab9fa270f7495fe44d1559c1ac49795a30881a,41f184a29ff88aaf275f3365267b8c909ce7598a,ridge_corrected_41f184a29ff8_6ed147cd_f83baf57
Ridge,1,3,2023-04-03,2023-04-04,15.49,11.358360228368953,-4.131639771631047,4.131639771631047,17.07044720252345,100.0,submitted_main_linear_features_H1_18col,6ed147cd585e5e8083292683f9be3cf585e97e4d46fa0e3224d24a4e2b42cbbb,f83baf5732ffbf88b9a448a3d9ab9fa270f7495fe44d1559c1ac49795a30881a,41f184a29ff88aaf275f3365267b8c909ce7598a,ridge_corrected_41f184a29ff8_6ed147cd_f83baf57
Ridge,1,3,2023-04-04,2023-04-05,10.44,12.552070075263973,2.112070075263974,2.112070075263974,4.460840002825568,100.0,submitted_main_linear_features_H1_18col,6ed147cd585e5e8083292683f9be3cf585e97e4d46fa0e3224d24a4e2b42cbbb,f83baf5732ffbf88b9a448a3d9ab9fa270f7495fe44d1559c1ac49795a30881a,41f184a29ff88aaf275f3365267b8c909ce7598a,ridge_corrected_41f184a29ff8_6ed147cd_f83baf57
Ridge,1,3,2023-04-05,2023-04-06,10.42,12.18739113624811,1.7673911362481096,1.7673911362481096,3.123671428488384,100.0,submitted_main_linear_features_H1_18col,6ed147cd585e5e8083292683f9be3cf585e97e4d46fa0e3224d24a4e2b42cbbb,f83baf5732ffbf88b9a448a3d9ab9fa270f7495fe44d1559c1ac49795a30881a,41f184a29ff88aaf275f3365267b8c909ce7598a,ridge_corrected_41f184a29ff8_6ed147cd_f83baf57
Ridge,1,3,2023-04-06,2023-04-07,13.7,11.50465122359283,-2.195348776407169,2.195348776407169,4.819556250072454,100.0,submitted_main_linear_features_H1_18col,6ed147cd585e5e8083292683f9be3cf585e97e4d46fa0e3224d24a4e2b42cbbb,f83baf5732ffbf88b9a448a3d9ab9fa270f7495fe44d1559c1ac49795a30881a,41f184a29ff88aaf275f3365267b8c909ce7598a,ridge_corrected_41f184a29ff8_6ed147cd_f83baf57
Ridge,1,3,2023-04-07,2023-04-08,15.04,11.253735058175414,-3.7862649418245855,3.7862649418245855,14.335802209689932,100.0,submitted_main_linear_features_H1_18col,6ed147cd585e5e8083292683f9be3cf585e97e4d46fa0e3224d24a4e2b42cbbb,f83baf5732ffbf88b9a448a3d9ab9fa270f7495fe44d1559c1ac49795a30881a,41f184a29ff88aaf275f3365267b8c909ce7598a,ridge_corrected_41f184a29ff8_6ed147cd_f83baf57
Ridge,1,3,2023-04-08,2023-04-09,14.68,12.593760215710645,-2.0862397842893543,2.0862397842893543,4.3523964375516915,100.0,submitted_main_linear_features_H1_18col,6ed147cd585e5e8083292683f9be3cf585e97e4d46fa0e3224d24a4e2b42cbbb,f83baf5732ffbf88b9a448a3d9ab9fa270f7495fe44d1559c1ac49795a30881a,41f184a29ff88aaf275f3365267b8c909ce7598a,ridge_corrected_41f184a29ff8_6ed147cd_f83baf57
Ridge,1,3,2023-04-09,2023-04-10,13.15,13.015184832320195,-0.13481516767980573,0.13481516767980573,0.018175129436534133,100.0,submitted_main_linear_features_H1_18col,6ed147cd585e5e8083292683f9be3cf585e97e4d46fa0e3224d24a4e2b42cbbb,f83baf5732ffbf88b9a448a3d9ab9fa270f7495fe44d1559c1ac49795a30881a,41f184a29ff88aaf275f3365267b8c909ce7598a,ridge_corrected_41f184a29ff8_6ed147cd_f83baf57
Ridge,1,3,2023-04-10,2023-04-11,16.98,13.781061395792566,-3.1989386042074344,3.1989386042074344,10.233208193488608,100.0,submitted_main_linear_features_H1_18col,6ed147cd585e5e8083292683f9be3cf585e97e4d46fa0e3224d24a4e2b42cbbb,f83baf5732ffbf88b9a448a3d9ab9fa270f7495fe44d1559c1ac49795a30881a,41f184a29ff88aaf275f3365267b8c909ce7598a,ridge_corrected_41f184a29ff8_6ed147cd_f83baf57
Ridge,1,3,2023-04-11,2023-04-12,14.24,12.569863233390992,-1.6701367666090086,1.6701367666090086,2.789356819179194,100.0,submitted_main_linear_features_H1_18col,6ed147cd585e5e8083292683f9be3cf585e97e4d46fa0e3224d24a4e2b42cbbb,f83baf5732ffbf88b9a448a3d9ab9fa270f7495fe44d1559c1ac49795a30881a,41f184a29ff88aaf275f3365267b8c909ce7598a,ridge_corrected_41f184a29ff8_6ed147cd_f83baf57
Ridge,1,3,2023-04-12,2023-04-13,12.52,13.320463739159962,0.8004637391599623,0.8004637391599623,0.6407421977099481,100.0,submitted_main_linear_features_H1_18col,6ed147cd585e5e8083292683f9be3cf585e97e4d46fa0e3224d24a4e2b42cbbb,f83baf5732ffbf88b9a448a3d9ab9fa270f7495fe44d1559c1ac49795a30881a,41f184a29ff88aaf275f3365267b8c909ce7598a,ridge_corrected_41f184a29ff8_6ed147cd_f83baf57
Ridge,1,3,2023-04-13,2023-04-14,14.83,13.032093375532032,-1.7979066244679682,1.7979066244679682,3.2324682303058037,100.0,submitted_main_linear_features_H1_18col,6ed147cd585e5e8083292683f9be3cf585e97e4d46fa0e3224d24a4e2b42cbbb,f83baf5732ffbf88b9a448a3d9ab9fa270f7495fe44d1559c1ac49795a30881a,41f184a29ff88aaf275f3365267b8c909ce7598a,ridge_corrected_41f184a29ff8_6ed147cd_f83baf57
Ridge,1,3,2023-04-14,2023-04-15,9.9,12.909858357338539,3.0098583573385387,3.0098583573385387,9.059247331240647,100.0,submitted_main_linear_features_H1_18col,6ed147cd585e5e8083292683f9be3cf585e97e4d46fa0e3224d24a4e2b42cbbb,f83baf5732ffbf88b9a448a3d9ab9fa270f7495fe44d1559c1ac49795a30881a,41f184a29ff88aaf275f3365267b8c909ce7598a,ridge_corrected_41f184a29ff8_6ed147cd_f83baf57
Ridge,1,3,2023-04-15,2023-04-16,10.09,12.820237097812763,2.730237097812763,2.730237097812763,7.454194610273059,100.0,submitted_main_linear_features_H1_18col,6ed147cd585e5e8083292683f9be3cf585e97e4d46fa0e3224d24a4e2b42cbbb,f83baf5732ffbf88b9a448a3d9ab9fa270f7495fe44d1559c1ac49795a30881a,41f184a29ff88aaf275f3365267b8c909ce7598a,ridge_corrected_41f184a29ff8_6ed147cd_f83baf57
Ridge,1,3,2023-04-16,2023-04-17,9.66,11.852005966945471,2.1920059669454712,2.1920059669454712,4.80489015912455,100.0,submitted_main_linear_features_H1_18col,6ed147cd585e5e8083292683f9be3cf585e97e4d46fa0e3224d24a4e2b42cbbb,f83baf5732ffbf88b9a448a3d9ab9fa270f7495fe44d1559c1ac49795a30881a,41f184a29ff88aaf275f3365267b8c909ce7598a,ridge_corrected_41f184a29ff8_6ed147cd_f83baf57
Ridge,1,3,2023-04-17,2023-04-18,9.47,11.435213937117938,1.9652139371179373,1.9652139371179373,3.8620658186425842,100.0,submitted_main_linear_features_H1_18col,6ed147cd585e5e8083292683f9be3cf585e97e4d46fa0e3224d24a4e2b42cbbb,f83baf5732ffbf88b9a448a3d9ab9fa270f7495fe44d1559c1ac49795a30881a,41f184a29ff88aaf275f3365267b8c909ce7598a,ridge_corrected_41f184a29ff8_6ed147cd_f83baf57
Ridge,1,3,2023-04-18,2023-04-19,16.0,11.040962326702003,-4.959037673297997,4.959037673297997,24.592054645188814,100.0,submitted_main_linear_features_H1_18col,6ed147cd585e5e8083292683f9be3cf585e97e4d46fa0e3224d24a4e2b42cbbb,f83baf5732ffbf88b9a448a3d9ab9fa270f7495fe44d1559c1ac49795a30881a,41f184a29ff88aaf275f3365267b8c909ce7598a,ridge_corrected_41f184a29ff8_6ed147cd_f83baf57
Ridge,1,3,2023-04-19,2023-04-20,14.68,12.229621207794386,-2.4503787922056137,2.4503787922056137,6.004356225291042,100.0,submitted_main_linear_features_H1_18col,6ed147cd585e5e8083292683f9be3cf585e97e4d46fa0e3224d24a4e2b42cbbb,f83baf5732ffbf88b9a448a3d9ab9fa270f7495fe44d1559c1ac49795a30881a,41f184a29ff88aaf275f3365267b8c909ce7598a,ridge_corrected_41f184a29ff8_6ed147cd_f83baf57
Ridge,1,3,2023-04-20,2023-04-21,12.62,13.327727915536492,0.7077279155364931,0.7077279155364931,0.5008788024296295,100.0,submitted_main_linear_features_H1_18col,6ed147cd585e5e8083292683f9be3cf585e97e4d46fa0e3224d24a4e2b42cbbb,f83baf5732ffbf88b9a448a3d9ab9fa270f7495fe44d1559c1ac49795a30881a,41f184a29ff88aaf275f3365267b8c909ce7598a,ridge_corrected_41f184a29ff8_6ed147cd_f83baf57
Ridge,1,3,2023-04-21,2023-04-22,11.22,13.025134716077433,1.8051347160774327,1.8051347160774327,3.2585113431879535,100.0,submitted_main_linear_features_H1_18col,6ed147cd585e5e8083292683f9be3cf585e97e4d46fa0e3224d24a4e2b42cbbb,f83baf5732ffbf88b9a448a3d9ab9fa270f7495fe44d1559c1ac49795a30881a,41f184a29ff88aaf275f3365267b8c909ce7598a,ridge_corrected_41f184a29ff8_6ed147cd_f83baf57
Ridge,1,3,2023-04-22,2023-04-23,11.23,12.992572532770163,1.7625725327701627,1.7625725327701627,3.1066619332758263,100.0,submitted_main_linear_features_H1_18col,6ed147cd585e5e8083292683f9be3cf585e97e4d46fa0e3224d24a4e2b42cbbb,f83baf5732ffbf88b9a448a3d9ab9fa270f7495fe44d1559c1ac49795a30881a,41f184a29ff88aaf275f3365267b8c909ce7598a,ridge_corrected_41f184a29ff8_6ed147cd_f83baf57
Ridge,1,3,2023-04-23,2023-04-24,13.46,12.640947474574842,-0.8190525254251586,0.8190525254251586,0.6708470394053301,100.0,submitted_main_linear_features_H1_18col,6ed147cd585e5e8083292683f9be3cf585e97e4d46fa0e3224d24a4e2b42cbbb,f83baf5732ffbf88b9a448a3d9ab9fa270f7495fe44d1559c1ac49795a30881a,41f184a29ff88aaf275f3365267b8c909ce7598a,ridge_corrected_41f184a29ff8_6ed147cd_f83baf57
Ridge,1,3,2023-04-24,2023-04-25,13.39,12.162503841649077,-1.2274961583509238,1.2274961583509238,1.5067468187662763,100.0,submitted_main_linear_features_H1_18col,6ed147cd585e5e8083292683f9be3cf585e97e4d46fa0e3224d24a4e2b42cbbb,f83baf5732ffbf88b9a448a3d9ab9fa270f7495fe44d1559c1ac49795a30881a,41f184a29ff88aaf275f3365267b8c909ce7598a,ridge_corrected_41f184a29ff8_6ed147cd_f83baf57
Ridge,1,3,2023-04-25,2023-04-26,9.76,12.829468680421332,3.0694686804213323,3.0694686804213323,9.421637980087475,100.0,submitted_main_linear_features_H1_18col,6ed147cd585e5e8083292683f9be3cf585e97e4d46fa0e3224d24a4e2b42cbbb,f83baf5732ffbf88b9a448a3d9ab9fa270f7495fe44d1559c1ac49795a30881a,41f184a29ff88aaf275f3365267b8c909ce7598a,ridge_corrected_41f184a29ff8_6ed147cd_f83baf57
Ridge,1,3,2023-04-26,2023-04-27,14.44,12.599158339253037,-1.8408416607469622,1.8408416607469622,3.388698019941634,100.0,submitted_main_linear_features_H1_18col,6ed147cd585e5e8083292683f9be3cf585e97e4d46fa0e3224d24a4e2b42cbbb,f83baf5732ffbf88b9a448a3d9ab9fa270f7495fe44d1559c1ac49795a30881a,41f184a29ff88aaf275f3365267b8c909ce7598a,ridge_corrected_41f184a29ff8_6ed147cd_f83baf57
Ridge,1,3,2023-04-27,2023-04-28,13.68,12.183142231804593,-1.4968577681954063,1.4968577681954063,2.2405831782069328,100.0,submitted_main_linear_features_H1_18col,6ed147cd585e5e8083292683f9be3cf585e97e4d46fa0e3224d24a4e2b42cbbb,f83baf5732ffbf88b9a448a3d9ab9fa270f7495fe44d1559c1ac49795a30881a,41f184a29ff88aaf275f3365267b8c909ce7598a,ridge_corrected_41f184a29ff8_6ed147cd_f83baf57
Ridge,1,3,2023-04-28,2023-04-29,11.83,12.928653776603735,1.0986537766037348,1.0986537766037348,1.2070401208456492,100.0,submitted_main_linear_features_H1_18col,6ed147cd585e5e8083292683f9be3cf585e97e4d46fa0e3224d24a4e2b42cbbb,f83baf5732ffbf88b9a448a3d9ab9fa270f7495fe44d1559c1ac49795a30881a,41f184a29ff88aaf275f3365267b8c909ce7598a,ridge_corrected_41f184a29ff8_6ed147cd_f83baf57
Ridge,1,3,2023-04-29,2023-04-30,12.79,12.185891595416273,-0.6041084045837266,0.6041084045837266,0.3649469644886955,100.0,submitted_main_linear_features_H1_18col,6ed147cd585e5e8083292683f9be3cf585e97e4d46fa0e3224d24a4e2b42cbbb,f83baf5732ffbf88b9a448a3d9ab9fa270f7495fe44d1559c1ac49795a30881a,41f184a29ff88aaf275f3365267b8c909ce7598a,ridge_corrected_41f184a29ff8_6ed147cd_f83baf57
Ridge,1,3,2023-04-30,2023-05-01,12.88,11.895364101188923,-0.9846358988110779,0.9846358988110779,0.9695078532274993,100.0,submitted_main_linear_features_H1_18col,6ed147cd585e5e8083292683f9be3cf585e97e4d46fa0e3224d24a4e2b42cbbb,f83baf5732ffbf88b9a448a3d9ab9fa270f7495fe44d1559c1ac49795a30881a,41f184a29ff88aaf275f3365267b8c909ce7598a,ridge_corrected_41f184a29ff8_6ed147cd_f83baf57
Ridge,1,3,2023-05-01,2023-05-02,10.51,12.638030073696198,2.1280300736961983,2.1280300736961983,4.528511994555448,100.0,submitted_main_linear_features_H1_18col,6ed147cd585e5e8083292683f9be3cf585e97e4d46fa0e3224d24a4e2b42cbbb,f83baf5732ffbf88b9a448a3d9ab9fa270f7495fe44d1559c1ac49795a30881a,41f184a29ff88aaf275f3365267b8c909ce7598a,ridge_corrected_41f184a29ff8_6ed147cd_f83baf57
Ridge,1,3,2023-05-02,2023-05-03,16.52,12.632594442153913,-3.887405557846087,3.887405557846087,15.111921971172645,100.0,submitted_main_linear_features_H1_18col,6ed147cd585e5e8083292683f9be3cf585e97e4d46fa0e3224d24a4e2b42cbbb,f83baf5732ffbf88b9a448a3d9ab9fa270f7495fe44d1559c1ac49795a30881a,41f184a29ff88aaf275f3365267b8c909ce7598a,ridge_corrected_41f184a29ff8_6ed147cd_f83baf57
Ridge,1,3,2023-05-03,2023-05-04,14.09,11.890936011287597,-2.1990639887124033,2.1990639887124033,4.835882426451705,100.0,submitted_main_linear_features_H1_18col,6ed147cd585e5e8083292683f9be3cf585e97e4d46fa0e3224d24a4e2b42cbbb,f83baf5732ffbf88b9a448a3d9ab9fa270f7495fe44d1559c1ac49795a30881a,41f184a29ff88aaf275f3365267b8c909ce7598a,ridge_corrected_41f184a29ff8_6ed147cd_f83baf57
Ridge,1,3,2023-05-04,2023-05-05,13.98,13.240276631311026,-0.7397233686889741,0.7397233686889741,0.547190662184564,100.0,submitted_main_linear_features_H1_18col,6ed147cd585e5e8083292683f9be3cf585e97e4d46fa0e3224d24a4e2b42cbbb,f83baf5732ffbf88b9a448a3d9ab9fa270f7495fe44d1559c1ac49795a30881a,41f184a29ff88aaf275f3365267b8c909ce7598a,ridge_corrected_41f184a29ff8_6ed147cd_f83baf57
Ridge,1,3,2023-05-05,2023-05-06,13.97,11.755822625629227,-2.2141773743707738,2.2141773743707738,4.9025814451754535,100.0,submitted_main_linear_features_H1_18col,6ed147cd585e5e8083292683f9be3cf585e97e4d46fa0e3224d24a4e2b42cbbb,f83baf5732ffbf88b9a448a3d9ab9fa270f7495fe44d1559c1ac49795a30881a,41f184a29ff88aaf275f3365267b8c909ce7598a,ridge_corrected_41f184a29ff8_6ed147cd_f83baf57
Ridge,1,3,2023-05-06,2023-05-07,14.0,10.482171854492826,-3.517828145507174,3.517828145507174,12.375114861322443,100.0,submitted_main_linear_features_H1_18col,6ed147cd585e5e8083292683f9be3cf585e97e4d46fa0e3224d24a4e2b42cbbb,f83baf5732ffbf88b9a448a3d9ab9fa270f7495fe44d1559c1ac49795a30881a,41f184a29ff88aaf275f3365267b8c909ce7598a,ridge_corrected_41f184a29ff8_6ed147cd_f83baf57
Ridge,1,3,2023-05-07,2023-05-08,13.94,12.021123371447395,-1.9188766285526047,1.9188766285526047,3.682087515605411,100.0,submitted_main_linear_features_H1_18col,6ed147cd585e5e8083292683f9be3cf585e97e4d46fa0e3224d24a4e2b42cbbb,f83baf5732ffbf88b9a448a3d9ab9fa270f7495fe44d1559c1ac49795a30881a,41f184a29ff88aaf275f3365267b8c909ce7598a,ridge_corrected_41f184a29ff8_6ed147cd_f83baf57
Ridge,1,3,2023-05-08,2023-05-09,14.02,12.255879531035282,-1.7641204689647179,1.7641204689647179,3.112121029020296,100.0,submitted_main_linear_features_H1_18col,6ed147cd585e5e8083292683f9be3cf585e97e4d46fa0e3224d24a4e2b42cbbb,f83baf5732ffbf88b9a448a3d9ab9fa270f7495fe44d1559c1ac49795a30881a,41f184a29ff88aaf275f3365267b8c909ce7598a,ridge_corrected_41f184a29ff8_6ed147cd_f83baf57
Ridge,1,3,2023-05-09,2023-05-10,14.88,12.999576343751581,-1.8804236562484196,1.8804236562484196,3.535993126978674,100.0,submitted_main_linear_features_H1_18col,6ed147cd585e5e8083292683f9be3cf585e97e4d46fa0e3224d24a4e2b42cbbb,f83baf5732ffbf88b9a448a3d9ab9fa270f7495fe44d1559c1ac49795a30881a,41f184a29ff88aaf275f3365267b8c909ce7598a,ridge_corrected_41f184a29ff8_6ed147cd_f83baf57
Ridge,1,3,2023-05-10,2023-05-11,11.52,12.973526575244698,1.4535265752446982,1.4535265752446982,2.1127395049425814,100.0,submitted_main_linear_features_H1_18col,6ed147cd585e5e8083292683f9be3cf585e97e4d46fa0e3224d24a4e2b42cbbb,f83baf5732ffbf88b9a448a3d9ab9fa270f7495fe44d1559c1ac49795a30881a,41f184a29ff88aaf275f3365267b8c909ce7598a,ridge_corrected_41f184a29ff8_6ed147cd_f83baf57
Ridge,1,3,2023-05-11,2023-05-12,13.0,13.002231502228335,0.002231502228335458,0.002231502228335458,4.9796021950661145e-06,100.0,submitted_main_linear_features_H1_18col,6ed147cd585e5e8083292683f9be3cf585e97e4d46fa0e3224d24a4e2b42cbbb,f83baf5732ffbf88b9a448a3d9ab9fa270f7495fe44d1559c1ac49795a30881a,41f184a29ff88aaf275f3365267b8c909ce7598a,ridge_corrected_41f184a29ff8_6ed147cd_f83baf57
Ridge,1,3,2023-05-12,2023-05-13,9.37,12.283949070099899,2.9139490700999,2.9139490700999,8.49109918313607,100.0,submitted_main_linear_features_H1_18col,6ed147cd585e5e8083292683f9be3cf585e97e4d46fa0e3224d24a4e2b42cbbb,f83baf5732ffbf88b9a448a3d9ab9fa270f7495fe44d1559c1ac49795a30881a,41f184a29ff88aaf275f3365267b8c909ce7598a,ridge_corrected_41f184a29ff8_6ed147cd_f83baf57
Ridge,1,3,2023-05-13,2023-05-14,12.59,12.345150714277398,-0.24484928572260145,0.24484928572260145,0.05995117271886812,100.0,submitted_main_linear_features_H1_18col,6ed147cd585e5e8083292683f9be3cf585e97e4d46fa0e3224d24a4e2b42cbbb,f83baf5732ffbf88b9a448a3d9ab9fa270f7495fe44d1559c1ac49795a30881a,41f184a29ff88aaf275f3365267b8c909ce7598a,ridge_corrected_41f184a29ff8_6ed147cd_f83baf57
Ridge,1,3,2023-05-14,2023-05-15,12.67,11.540522165354385,-1.1294778346456145,1.1294778346456145,1.275720178955746,100.0,submitted_main_linear_features_H1_18col,6ed147cd585e5e8083292683f9be3cf585e97e4d46fa0e3224d24a4e2b42cbbb,f83baf5732ffbf88b9a448a3d9ab9fa270f7495fe44d1559c1ac49795a30881a,41f184a29ff88aaf275f3365267b8c909ce7598a,ridge_corrected_41f184a29ff8_6ed147cd_f83baf57
Ridge,1,3,2023-05-15,2023-05-16,12.94,12.03554001620493,-0.9044599837950695,0.9044599837950695,0.8180478622865774,100.0,submitted_main_linear_features_H1_18col,6ed147cd585e5e8083292683f9be3cf585e97e4d46fa0e3224d24a4e2b42cbbb,f83baf5732ffbf88b9a448a3d9ab9fa270f7495fe44d1559c1ac49795a30881a,41f184a29ff88aaf275f3365267b8c909ce7598a,ridge_corrected_41f184a29ff8_6ed147cd_f83baf57
Ridge,1,3,2023-05-16,2023-05-17,11.93,12.07513670954818,0.14513670954818103,0.14513670954818103,0.021064664458473062,100.0,submitted_main_linear_features_H1_18col,6ed147cd585e5e8083292683f9be3cf585e97e4d46fa0e3224d24a4e2b42cbbb,f83baf5732ffbf88b9a448a3d9ab9fa270f7495fe44d1559c1ac49795a30881a,41f184a29ff88aaf275f3365267b8c909ce7598a,ridge_corrected_41f184a29ff8_6ed147cd_f83baf57
Ridge,1,3,2023-05-17,2023-05-18,12.83,13.263394611932318,0.433394611932318,0.433394611932318,0.1878308896519645,100.0,submitted_main_linear_features_H1_18col,6ed147cd585e5e8083292683f9be3cf585e97e4d46fa0e3224d24a4e2b42cbbb,f83baf5732ffbf88b9a448a3d9ab9fa270f7495fe44d1559c1ac49795a30881a,41f184a29ff88aaf275f3365267b8c909ce7598a,ridge_corrected_41f184a29ff8_6ed147cd_f83baf57
Ridge,1,3,2023-05-18,2023-05-19,14.46,12.330808098509358,-2.1291919014906426,2.1291919014906426,4.5334581533733385,100.0,submitted_main_linear_features_H1_18col,6ed147cd585e5e8083292683f9be3cf585e97e4d46fa0e3224d24a4e2b42cbbb,f83baf5732ffbf88b9a448a3d9ab9fa270f7495fe44d1559c1ac49795a30881a,41f184a29ff88aaf275f3365267b8c909ce7598a,ridge_corrected_41f184a29ff8_6ed147cd_f83baf57
Ridge,1,3,2023-05-19,2023-05-20,13.25,11.779780106707317,-1.4702198932926827,1.4702198932926827,2.161546534633547,100.0,submitted_main_linear_features_H1_18col,6ed147cd585e5e8083292683f9be3cf585e97e4d46fa0e3224d24a4e2b42cbbb,f83baf5732ffbf88b9a448a3d9ab9fa270f7495fe44d1559c1ac49795a30881a,41f184a29ff88aaf275f3365267b8c909ce7598a,ridge_corrected_41f184a29ff8_6ed147cd_f83baf57
Ridge,1,3,2023-05-20,2023-05-21,12.85,12.391914413358087,-0.45808558664191246,0.45808558664191246,0.2098424046890651,100.0,submitted_main_linear_features_H1_18col,6ed147cd585e5e8083292683f9be3cf585e97e4d46fa0e3224d24a4e2b42cbbb,f83baf5732ffbf88b9a448a3d9ab9fa270f7495fe44d1559c1ac49795a30881a,41f184a29ff88aaf275f3365267b8c909ce7598a,ridge_corrected_41f184a29ff8_6ed147cd_f83baf57
Ridge,1,3,2023-05-21,2023-05-22,14.51,12.258907576235334,-2.251092423764666,2.251092423764666,5.067417100330678,100.0,submitted_main_linear_features_H1_18col,6ed147cd585e5e8083292683f9be3cf585e97e4d46fa0e3224d24a4e2b42cbbb,f83baf5732ffbf88b9a448a3d9ab9fa270f7495fe44d1559c1ac49795a30881a,41f184a29ff88aaf275f3365267b8c909ce7598a,ridge_corrected_41f184a29ff8_6ed147cd_f83baf57
Ridge,1,3,2023-05-22,2023-05-23,10.07,12.323776212946969,2.2537762129469687,2.2537762129469687,5.07950721804558,100.0,submitted_main_linear_features_H1_18col,6ed147cd585e5e8083292683f9be3cf585e97e4d46fa0e3224d24a4e2b42cbbb,f83baf5732ffbf88b9a448a3d9ab9fa270f7495fe44d1559c1ac49795a30881a,41f184a29ff88aaf275f3365267b8c909ce7598a,ridge_corrected_41f184a29ff8_6ed147cd_f83baf57
Ridge,1,3,2023-05-23,2023-05-24,12.91,12.793849385998046,-0.11615061400195437,0.11615061400195437,0.013490965133030998,100.0,submitted_main_linear_features_H1_18col,6ed147cd585e5e8083292683f9be3cf585e97e4d46fa0e3224d24a4e2b42cbbb,f83baf5732ffbf88b9a448a3d9ab9fa270f7495fe44d1559c1ac49795a30881a,41f184a29ff88aaf275f3365267b8c909ce7598a,ridge_corrected_41f184a29ff8_6ed147cd_f83baf57
Ridge,1,3,2023-05-24,2023-05-25,13.15,11.59934251183547,-1.5506574881645303,1.5506574881645303,2.4045386456007303,100.0,submitted_main_linear_features_H1_18col,6ed147cd585e5e8083292683f9be3cf585e97e4d46fa0e3224d24a4e2b42cbbb,f83baf5732ffbf88b9a448a3d9ab9fa270f7495fe44d1559c1ac49795a30881a,41f184a29ff88aaf275f3365267b8c909ce7598a,ridge_corrected_41f184a29ff8_6ed147cd_f83baf57
Ridge,1,3,2023-05-25,2023-05-26,14.4,12.221052731946616,-2.178947268053385,2.178947268053385,4.747811196957309,100.0,submitted_main_linear_features_H1_18col,6ed147cd585e5e8083292683f9be3cf585e97e4d46fa0e3224d24a4e2b42cbbb,f83baf5732ffbf88b9a448a3d9ab9fa270f7495fe44d1559c1ac49795a30881a,41f184a29ff88aaf275f3365267b8c909ce7598a,ridge_corrected_41f184a29ff8_6ed147cd_f83baf57
Ridge,1,3,2023-05-26,2023-05-27,13.75,12.039634065291727,-1.710365934708273,1.710365934708273,2.9253516306105043,100.0,submitted_main_linear_features_H1_18col,6ed147cd585e5e8083292683f9be3cf585e97e4d46fa0e3224d24a4e2b42cbbb,f83baf5732ffbf88b9a448a3d9ab9fa270f7495fe44d1559c1ac49795a30881a,41f184a29ff88aaf275f3365267b8c909ce7598a,ridge_corrected_41f184a29ff8_6ed147cd_f83baf57
Ridge,1,3,2023-05-27,2023-05-28,12.88,12.722182198972101,-0.15781780102789966,0.15781780102789966,0.024906458321281726,100.0,submitted_main_linear_features_H1_18col,6ed147cd585e5e8083292683f9be3cf585e97e4d46fa0e3224d24a4e2b42cbbb,f83baf5732ffbf88b9a448a3d9ab9fa270f7495fe44d1559c1ac49795a30881a,41f184a29ff88aaf275f3365267b8c909ce7598a,ridge_corrected_41f184a29ff8_6ed147cd_f83baf57
Ridge,1,3,2023-05-28,2023-05-29,12.2,12.68947490636627,0.48947490636627045,0.48947490636627045,0.23958568396226923,100.0,submitted_main_linear_features_H1_18col,6ed147cd585e5e8083292683f9be3cf585e97e4d46fa0e3224d24a4e2b42cbbb,f83baf5732ffbf88b9a448a3d9ab9fa270f7495fe44d1559c1ac49795a30881a,41f184a29ff88aaf275f3365267b8c909ce7598a,ridge_corrected_41f184a29ff8_6ed147cd_f83baf57
Ridge,1,3,2023-05-29,2023-05-30,12.42,10.836723188185493,-1.5832768118145069,1.5832768118145069,2.5067654628295095,100.0,submitted_main_linear_features_H1_18col,6ed147cd585e5e8083292683f9be3cf585e97e4d46fa0e3224d24a4e2b42cbbb,f83baf5732ffbf88b9a448a3d9ab9fa270f7495fe44d1559c1ac49795a30881a,41f184a29ff88aaf275f3365267b8c909ce7598a,ridge_corrected_41f184a29ff8_6ed147cd_f83baf57
Ridge,1,3,2023-05-30,2023-05-31,7.99,11.636371594364444,3.646371594364444,3.646371594364444,13.296025804187899,100.0,submitted_main_linear_features_H1_18col,6ed147cd585e5e8083292683f9be3cf585e97e4d46fa0e3224d24a4e2b42cbbb,f83baf5732ffbf88b9a448a3d9ab9fa270f7495fe44d1559c1ac49795a30881a,41f184a29ff88aaf275f3365267b8c909ce7598a,ridge_corrected_41f184a29ff8_6ed147cd_f83baf57
Ridge,1,3,2023-05-31,2023-06-01,10.55,11.755382875373389,1.2053828753733882,1.2053828753733882,1.4529478762434171,100.0,submitted_main_linear_features_H1_18col,6ed147cd585e5e8083292683f9be3cf585e97e4d46fa0e3224d24a4e2b42cbbb,f83baf5732ffbf88b9a448a3d9ab9fa270f7495fe44d1559c1ac49795a30881a,41f184a29ff88aaf275f3365267b8c909ce7598a,ridge_corrected_41f184a29ff8_6ed147cd_f83baf57
Ridge,1,3,2023-06-01,2023-06-02,9.12,10.702510460175498,1.5825104601754987,1.5825104601754987,2.5043393565648686,100.0,submitted_main_linear_features_H1_18col,6ed147cd585e5e8083292683f9be3cf585e97e4d46fa0e3224d24a4e2b42cbbb,f83baf5732ffbf88b9a448a3d9ab9fa270f7495fe44d1559c1ac49795a30881a,41f184a29ff88aaf275f3365267b8c909ce7598a,ridge_corrected_41f184a29ff8_6ed147cd_f83baf57
Ridge,1,3,2023-06-02,2023-06-03,9.19,10.682083471526088,1.4920834715260884,1.4920834715260884,2.2263130860013436,100.0,submitted_main_linear_features_H1_18col,6ed147cd585e5e8083292683f9be3cf585e97e4d46fa0e3224d24a4e2b42cbbb,f83baf5732ffbf88b9a448a3d9ab9fa270f7495fe44d1559c1ac49795a30881a,41f184a29ff88aaf275f3365267b8c909ce7598a,ridge_corrected_41f184a29ff8_6ed147cd_f83baf57
Ridge,1,3,2023-06-03,2023-06-04,9.29,10.687016881862995,1.3970168818629958,1.3970168818629958,1.9516561682102076,100.0,submitted_main_linear_features_H1_18col,6ed147cd585e5e8083292683f9be3cf585e97e4d46fa0e3224d24a4e2b42cbbb,f83baf5732ffbf88b9a448a3d9ab9fa270f7495fe44d1559c1ac49795a30881a,41f184a29ff88aaf275f3365267b8c909ce7598a,ridge_corrected_41f184a29ff8_6ed147cd_f83baf57
Ridge,1,3,2023-06-04,2023-06-05,10.0,10.719951020230585,0.7199510202305852,0.7199510202305852,0.5183294715310606,100.0,submitted_main_linear_features_H1_18col,6ed147cd585e5e8083292683f9be3cf585e97e4d46fa0e3224d24a4e2b42cbbb,f83baf5732ffbf88b9a448a3d9ab9fa270f7495fe44d1559c1ac49795a30881a,41f184a29ff88aaf275f3365267b8c909ce7598a,ridge_corrected_41f184a29ff8_6ed147cd_f83baf57
Ridge,1,3,2023-06-05,2023-06-06,13.26,11.178075113419897,-2.0819248865801026,2.0819248865801026,4.334411233361573,100.0,submitted_main_linear_features_H1_18col,6ed147cd585e5e8083292683f9be3cf585e97e4d46fa0e3224d24a4e2b42cbbb,f83baf5732ffbf88b9a448a3d9ab9fa270f7495fe44d1559c1ac49795a30881a,41f184a29ff88aaf275f3365267b8c909ce7598a,ridge_corrected_41f184a29ff8_6ed147cd_f83baf57
Ridge,1,3,2023-06-06,2023-06-07,12.56,10.793214555710039,-1.7667854442899618,1.7667854442899618,3.1215308061548774,100.0,submitted_main_linear_features_H1_18col,6ed147cd585e5e8083292683f9be3cf585e97e4d46fa0e3224d24a4e2b42cbbb,f83baf5732ffbf88b9a448a3d9ab9fa270f7495fe44d1559c1ac49795a30881a,41f184a29ff88aaf275f3365267b8c909ce7598a,ridge_corrected_41f184a29ff8_6ed147cd_f83baf57
Ridge,1,3,2023-06-07,2023-06-08,13.64,11.230087496531914,-2.409912503468087,2.409912503468087,5.807678274371822,100.0,submitted_main_linear_features_H1_18col,6ed147cd585e5e8083292683f9be3cf585e97e4d46fa0e3224d24a4e2b42cbbb,f83baf5732ffbf88b9a448a3d9ab9fa270f7495fe44d1559c1ac49795a30881a,41f184a29ff88aaf275f3365267b8c909ce7598a,ridge_corrected_41f184a29ff8_6ed147cd_f83baf57
Ridge,1,3,2023-06-08,2023-06-09,15.85,11.540456960893824,-4.309543039106176,4.309543039106176,18.572161205908493,100.0,submitted_main_linear_features_H1_18col,6ed147cd585e5e8083292683f9be3cf585e97e4d46fa0e3224d24a4e2b42cbbb,f83baf5732ffbf88b9a448a3d9ab9fa270f7495fe44d1559c1ac49795a30881a,41f184a29ff88aaf275f3365267b8c909ce7598a,ridge_corrected_41f184a29ff8_6ed147cd_f83baf57
Ridge,1,3,2023-06-09,2023-06-10,11.12,12.19364733338234,1.0736473333823415,1.0736473333823415,1.1527185964790128,100.0,submitted_main_linear_features_H1_18col,6ed147cd585e5e8083292683f9be3cf585e97e4d46fa0e3224d24a4e2b42cbbb,f83baf5732ffbf88b9a448a3d9ab9fa270f7495fe44d1559c1ac49795a30881a,41f184a29ff88aaf275f3365267b8c909ce7598a,ridge_corrected_41f184a29ff8_6ed147cd_f83baf57
Ridge,1,3,2023-06-10,2023-06-11,10.4,12.021503243425707,1.6215032434257068,1.6215032434257068,2.629272768440087,100.0,submitted_main_linear_features_H1_18col,6ed147cd585e5e8083292683f9be3cf585e97e4d46fa0e3224d24a4e2b42cbbb,f83baf5732ffbf88b9a448a3d9ab9fa270f7495fe44d1559c1ac49795a30881a,41f184a29ff88aaf275f3365267b8c909ce7598a,ridge_corrected_41f184a29ff8_6ed147cd_f83baf57
Ridge,1,3,2023-06-11,2023-06-12,11.4,11.323472771407316,-0.07652722859268479,0.07652722859268479,0.005856416716077033,100.0,submitted_main_linear_features_H1_18col,6ed147cd585e5e8083292683f9be3cf585e97e4d46fa0e3224d24a4e2b42cbbb,f83baf5732ffbf88b9a448a3d9ab9fa270f7495fe44d1559c1ac49795a30881a,41f184a29ff88aaf275f3365267b8c909ce7598a,ridge_corrected_41f184a29ff8_6ed147cd_f83baf57
Ridge,1,3,2023-06-12,2023-06-13,13.16,11.049929585944135,-2.1100704140558655,2.1100704140558655,4.452397152273892,100.0,submitted_main_linear_features_H1_18col,6ed147cd585e5e8083292683f9be3cf585e97e4d46fa0e3224d24a4e2b42cbbb,f83baf5732ffbf88b9a448a3d9ab9fa270f7495fe44d1559c1ac49795a30881a,41f184a29ff88aaf275f3365267b8c909ce7598a,ridge_corrected_41f184a29ff8_6ed147cd_f83baf57
Ridge,1,3,2023-06-13,2023-06-14,16.86,11.82162395877452,-5.038376041225479,5.038376041225479,25.385233132794934,100.0,submitted_main_linear_features_H1_18col,6ed147cd585e5e8083292683f9be3cf585e97e4d46fa0e3224d24a4e2b42cbbb,f83baf5732ffbf88b9a448a3d9ab9fa270f7495fe44d1559c1ac49795a30881a,41f184a29ff88aaf275f3365267b8c909ce7598a,ridge_corrected_41f184a29ff8_6ed147cd_f83baf57
Ridge,1,3,2023-06-14,2023-06-15,10.78,12.525232694688553,1.7452326946885535,1.7452326946885535,3.04583715860987,100.0,submitted_main_linear_features_H1_18col,6ed147cd585e5e8083292683f9be3cf585e97e4d46fa0e3224d24a4e2b42cbbb,f83baf5732ffbf88b9a448a3d9ab9fa270f7495fe44d1559c1ac49795a30881a,41f184a29ff88aaf275f3365267b8c909ce7598a,ridge_corrected_41f184a29ff8_6ed147cd_f83baf57
Ridge,1,3,2023-06-15,2023-06-16,14.09,13.149217643072554,-0.9407823569274463,0.9407823569274463,0.8850714431059609,100.0,submitted_main_linear_features_H1_18col,6ed147cd585e5e8083292683f9be3cf585e97e4d46fa0e3224d24a4e2b42cbbb,f83baf5732ffbf88b9a448a3d9ab9fa270f7495fe44d1559c1ac49795a30881a,41f184a29ff88aaf275f3365267b8c909ce7598a,ridge_corrected_41f184a29ff8_6ed147cd_f83baf57
Ridge,1,3,2023-06-16,2023-06-17,11.4,11.62939238311726,0.2293923831172595,0.2293923831172595,0.052620865432215565,100.0,submitted_main_linear_features_H1_18col,6ed147cd585e5e8083292683f9be3cf585e97e4d46fa0e3224d24a4e2b42cbbb,f83baf5732ffbf88b9a448a3d9ab9fa270f7495fe44d1559c1ac49795a30881a,41f184a29ff88aaf275f3365267b8c909ce7598a,ridge_corrected_41f184a29ff8_6ed147cd_f83baf57
Ridge,1,3,2023-06-17,2023-06-18,10.92,12.659426236936893,1.7394262369368931,1.7394262369368931,3.0256036337444407,100.0,submitted_main_linear_features_H1_18col,6ed147cd585e5e8083292683f9be3cf585e97e4d46fa0e3224d24a4e2b42cbbb,f83baf5732ffbf88b9a448a3d9ab9fa270f7495fe44d1559c1ac49795a30881a,41f184a29ff88aaf275f3365267b8c909ce7598a,ridge_corrected_41f184a29ff8_6ed147cd_f83baf57
Ridge,1,3,2023-06-18,2023-06-19,14.32,12.163426843539844,-2.1565731564601567,2.1565731564601567,4.6508077791645235,100.0,submitted_main_linear_features_H1_18col,6ed147cd585e5e8083292683f9be3cf585e97e4d46fa0e3224d24a4e2b42cbbb,f83baf5732ffbf88b9a448a3d9ab9fa270f7495fe44d1559c1ac49795a30881a,41f184a29ff88aaf275f3365267b8c909ce7598a,ridge_corrected_41f184a29ff8_6ed147cd_f83baf57
Ridge,1,3,2023-06-19,2023-06-20,13.18,12.494586728607795,-0.6854132713922052,0.6854132713922052,0.46979135260056476,100.0,submitted_main_linear_features_H1_18col,6ed147cd585e5e8083292683f9be3cf585e97e4d46fa0e3224d24a4e2b42cbbb,f83baf5732ffbf88b9a448a3d9ab9fa270f7495fe44d1559c1ac49795a30881a,41f184a29ff88aaf275f3365267b8c909ce7598a,ridge_corrected_41f184a29ff8_6ed147cd_f83baf57
Ridge,1,3,2023-06-20,2023-06-21,17.48,12.73464352264633,-4.7453564773536705,4.7453564773536705,22.518408097162435,100.0,submitted_main_linear_features_H1_18col,6ed147cd585e5e8083292683f9be3cf585e97e4d46fa0e3224d24a4e2b42cbbb,f83baf5732ffbf88b9a448a3d9ab9fa270f7495fe44d1559c1ac49795a30881a,41f184a29ff88aaf275f3365267b8c909ce7598a,ridge_corrected_41f184a29ff8_6ed147cd_f83baf57
Ridge,1,3,2023-06-21,2023-06-22,11.56,12.934690837232935,1.3746908372329347,1.3746908372329347,1.8897748979721871,100.0,submitted_main_linear_features_H1_18col,6ed147cd585e5e8083292683f9be3cf585e97e4d46fa0e3224d24a4e2b42cbbb,f83baf5732ffbf88b9a448a3d9ab9fa270f7495fe44d1559c1ac49795a30881a,41f184a29ff88aaf275f3365267b8c909ce7598a,ridge_corrected_41f184a29ff8_6ed147cd_f83baf57
Ridge,1,3,2023-06-22,2023-06-23,16.33,13.465727097764864,-2.8642729022351343,2.8642729022351343,8.204059258478479,100.0,submitted_main_linear_features_H1_18col,6ed147cd585e5e8083292683f9be3cf585e97e4d46fa0e3224d24a4e2b42cbbb,f83baf5732ffbf88b9a448a3d9ab9fa270f7495fe44d1559c1ac49795a30881a,41f184a29ff88aaf275f3365267b8c909ce7598a,ridge_corrected_41f184a29ff8_6ed147cd_f83baf57
Ridge,1,3,2023-06-23,2023-06-24,11.51,12.368595270522682,0.8585952705226827,0.8585952705226827,0.7371858385639187,100.0,submitted_main_linear_features_H1_18col,6ed147cd585e5e8083292683f9be3cf585e97e4d46fa0e3224d24a4e2b42cbbb,f83baf5732ffbf88b9a448a3d9ab9fa270f7495fe44d1559c1ac49795a30881a,41f184a29ff88aaf275f3365267b8c909ce7598a,ridge_corrected_41f184a29ff8_6ed147cd_f83baf57
Ridge,1,3,2023-06-24,2023-06-25,12.68,13.275501871174576,0.5955018711745765,0.5955018711745765,0.35462247857242196,100.0,submitted_main_linear_features_H1_18col,6ed147cd585e5e8083292683f9be3cf585e97e4d46fa0e3224d24a4e2b42cbbb,f83baf5732ffbf88b9a448a3d9ab9fa270f7495fe44d1559c1ac49795a30881a,41f184a29ff88aaf275f3365267b8c909ce7598a,ridge_corrected_41f184a29ff8_6ed147cd_f83baf57
Ridge,1,3,2023-06-25,2023-06-26,12.26,11.99972819324459,-0.2602718067554104,0.2602718067554104,0.0677414133917257,100.0,submitted_main_linear_features_H1_18col,6ed147cd585e5e8083292683f9be3cf585e97e4d46fa0e3224d24a4e2b42cbbb,f83baf5732ffbf88b9a448a3d9ab9fa270f7495fe44d1559c1ac49795a30881a,41f184a29ff88aaf275f3365267b8c909ce7598a,ridge_corrected_41f184a29ff8_6ed147cd_f83baf57
Ridge,1,3,2023-06-26,2023-06-27,11.74,12.13999321220967,0.39999321220967055,0.39999321220967055,0.15999456981381052,100.0,submitted_main_linear_features_H1_18col,6ed147cd585e5e8083292683f9be3cf585e97e4d46fa0e3224d24a4e2b42cbbb,f83baf5732ffbf88b9a448a3d9ab9fa270f7495fe44d1559c1ac49795a30881a,41f184a29ff88aaf275f3365267b8c909ce7598a,ridge_corrected_41f184a29ff8_6ed147cd_f83baf57
Ridge,1,3,2023-06-27,2023-06-28,8.82,11.665417467632743,2.8454174676327426,2.8454174676327426,8.09640056510953,100.0,submitted_main_linear_features_H1_18col,6ed147cd585e5e8083292683f9be3cf585e97e4d46fa0e3224d24a4e2b42cbbb,f83baf5732ffbf88b9a448a3d9ab9fa270f7495fe44d1559c1ac49795a30881a,41f184a29ff88aaf275f3365267b8c909ce7598a,ridge_corrected_41f184a29ff8_6ed147cd_f83baf57
Ridge,1,3,2023-06-28,2023-06-29,10.62,12.131460315872147,1.5114603158721476,1.5114603158721476,2.2845122864563323,100.0,submitted_main_linear_features_H1_18col,6ed147cd585e5e8083292683f9be3cf585e97e4d46fa0e3224d24a4e2b42cbbb,f83baf5732ffbf88b9a448a3d9ab9fa270f7495fe44d1559c1ac49795a30881a,41f184a29ff88aaf275f3365267b8c909ce7598a,ridge_corrected_41f184a29ff8_6ed147cd_f83baf57
Ridge,1,3,2023-06-29,2023-06-30,9.68,10.967683735225853,1.287683735225853,1.287683735225853,1.6581294019652046,100.0,submitted_main_linear_features_H1_18col,6ed147cd585e5e8083292683f9be3cf585e97e4d46fa0e3224d24a4e2b42cbbb,f83baf5732ffbf88b9a448a3d9ab9fa270f7495fe44d1559c1ac49795a30881a,41f184a29ff88aaf275f3365267b8c909ce7598a,ridge_corrected_41f184a29ff8_6ed147cd_f83baf57
Ridge,1,3,2023-06-30,2023-07-01,10.07,11.02886526551889,0.9588652655188898,0.9588652655188898,0.9194225974186111,100.0,submitted_main_linear_features_H1_18col,6ed147cd585e5e8083292683f9be3cf585e97e4d46fa0e3224d24a4e2b42cbbb,f83baf5732ffbf88b9a448a3d9ab9fa270f7495fe44d1559c1ac49795a30881a,41f184a29ff88aaf275f3365267b8c909ce7598a,ridge_corrected_41f184a29ff8_6ed147cd_f83baf57
Ridge,1,3,2023-07-01,2023-07-02,9.04,11.424729090253596,2.3847290902535967,2.3847290902535967,5.686932833901747,100.0,submitted_main_linear_features_H1_18col,6ed147cd585e5e8083292683f9be3cf585e97e4d46fa0e3224d24a4e2b42cbbb,f83baf5732ffbf88b9a448a3d9ab9fa270f7495fe44d1559c1ac49795a30881a,41f184a29ff88aaf275f3365267b8c909ce7598a,ridge_corrected_41f184a29ff8_6ed147cd_f83baf57
Ridge,1,3,2023-07-02,2023-07-03,11.09,11.651331436205194,0.5613314362051938,0.5613314362051938,0.31509298127218555,100.0,submitted_main_linear_features_H1_18col,6ed147cd585e5e8083292683f9be3cf585e97e4d46fa0e3224d24a4e2b42cbbb,f83baf5732ffbf88b9a448a3d9ab9fa270f7495fe44d1559c1ac49795a30881a,41f184a29ff88aaf275f3365267b8c909ce7598a,ridge_corrected_41f184a29ff8_6ed147cd_f83baf57
Ridge,1,3,2023-07-03,2023-07-04,11.9,11.7037882330526,-0.19621176694739972,0.19621176694739972,0.0384990574886207,100.0,submitted_main_linear_features_H1_18col,6ed147cd585e5e8083292683f9be3cf585e97e4d46fa0e3224d24a4e2b42cbbb,f83baf5732ffbf88b9a448a3d9ab9fa270f7495fe44d1559c1ac49795a30881a,41f184a29ff88aaf275f3365267b8c909ce7598a,ridge_corrected_41f184a29ff8_6ed147cd_f83baf57
Ridge,1,3,2023-07-04,2023-07-05,13.57,11.602569362043614,-1.9674306379563866,1.9674306379563866,3.8707833151694744,100.0,submitted_main_linear_features_H1_18col,6ed147cd585e5e8083292683f9be3cf585e97e4d46fa0e3224d24a4e2b42cbbb,f83baf5732ffbf88b9a448a3d9ab9fa270f7495fe44d1559c1ac49795a30881a,41f184a29ff88aaf275f3365267b8c909ce7598a,ridge_corrected_41f184a29ff8_6ed147cd_f83baf57
Ridge,1,3,2023-07-05,2023-07-06,11.6,11.252182273796741,-0.34781772620325846,0.34781772620325846,0.12097717066120486,100.0,submitted_main_linear_features_H1_18col,6ed147cd585e5e8083292683f9be3cf585e97e4d46fa0e3224d24a4e2b42cbbb,f83baf5732ffbf88b9a448a3d9ab9fa270f7495fe44d1559c1ac49795a30881a,41f184a29ff88aaf275f3365267b8c909ce7598a,ridge_corrected_41f184a29ff8_6ed147cd_f83baf57
Ridge,1,3,2023-07-06,2023-07-07,13.75,12.473640726103001,-1.2763592738969987,1.2763592738969987,1.6290929960628737,100.0,submitted_main_linear_features_H1_18col,6ed147cd585e5e8083292683f9be3cf585e97e4d46fa0e3224d24a4e2b42cbbb,f83baf5732ffbf88b9a448a3d9ab9fa270f7495fe44d1559c1ac49795a30881a,41f184a29ff88aaf275f3365267b8c909ce7598a,ridge_corrected_41f184a29ff8_6ed147cd_f83baf57
Ridge,1,3,2023-07-07,2023-07-08,11.11,11.054146522356238,-0.055853477643761806,0.055853477643761806,0.0031196109649022,100.0,submitted_main_linear_features_H1_18col,6ed147cd585e5e8083292683f9be3cf585e97e4d46fa0e3224d24a4e2b42cbbb,f83baf5732ffbf88b9a448a3d9ab9fa270f7495fe44d1559c1ac49795a30881a,41f184a29ff88aaf275f3365267b8c909ce7598a,ridge_corrected_41f184a29ff8_6ed147cd_f83baf57
Ridge,1,3,2023-07-08,2023-07-09,10.33,11.655153881731039,1.3251538817310387,1.3251538817310387,1.7560328102668397,100.0,submitted_main_linear_features_H1_18col,6ed147cd585e5e8083292683f9be3cf585e97e4d46fa0e3224d24a4e2b42cbbb,f83baf5732ffbf88b9a448a3d9ab9fa270f7495fe44d1559c1ac49795a30881a,41f184a29ff88aaf275f3365267b8c909ce7598a,ridge_corrected_41f184a29ff8_6ed147cd_f83baf57
Ridge,1,3,2023-07-09,2023-07-10,11.28,11.224558512061812,-0.055441487938187706,0.055441487938187706,0.003073758584800213,100.0,submitted_main_linear_features_H1_18col,6ed147cd585e5e8083292683f9be3cf585e97e4d46fa0e3224d24a4e2b42cbbb,f83baf5732ffbf88b9a448a3d9ab9fa270f7495fe44d1559c1ac49795a30881a,41f184a29ff88aaf275f3365267b8c909ce7598a,ridge_corrected_41f184a29ff8_6ed147cd_f83baf57
Ridge,1,3,2023-07-10,2023-07-11,11.04,11.59278231418306,0.5527823141830606,0.5527823141830606,0.3055682868735799,100.0,submitted_main_linear_features_H1_18col,6ed147cd585e5e8083292683f9be3cf585e97e4d46fa0e3224d24a4e2b42cbbb,f83baf5732ffbf88b9a448a3d9ab9fa270f7495fe44d1559c1ac49795a30881a,41f184a29ff88aaf275f3365267b8c909ce7598a,ridge_corrected_41f184a29ff8_6ed147cd_f83baf57
Ridge,1,3,2023-07-11,2023-07-12,13.0,11.218056432574826,-1.7819435674251736,1.7819435674251736,3.1753228774879543,100.0,submitted_main_linear_features_H1_18col,6ed147cd585e5e8083292683f9be3cf585e97e4d46fa0e3224d24a4e2b42cbbb,f83baf5732ffbf88b9a448a3d9ab9fa270f7495fe44d1559c1ac49795a30881a,41f184a29ff88aaf275f3365267b8c909ce7598a,ridge_corrected_41f184a29ff8_6ed147cd_f83baf57
Ridge,1,3,2023-07-12,2023-07-13,12.89,11.5943385934685,-1.2956614065315009,1.2956614065315009,1.678738480375187,100.0,submitted_main_linear_features_H1_18col,6ed147cd585e5e8083292683f9be3cf585e97e4d46fa0e3224d24a4e2b42cbbb,f83baf5732ffbf88b9a448a3d9ab9fa270f7495fe44d1559c1ac49795a30881a,41f184a29ff88aaf275f3365267b8c909ce7598a,ridge_corrected_41f184a29ff8_6ed147cd_f83baf57
Ridge,1,3,2023-07-13,2023-07-14,14.05,11.82022750135807,-2.22977249864193,2.22977249864193,4.971885395699876,100.0,submitted_main_linear_features_H1_18col,6ed147cd585e5e8083292683f9be3cf585e97e4d46fa0e3224d24a4e2b42cbbb,f83baf5732ffbf88b9a448a3d9ab9fa270f7495fe44d1559c1ac49795a30881a,41f184a29ff88aaf275f3365267b8c909ce7598a,ridge_corrected_41f184a29ff8_6ed147cd_f83baf57
Ridge,1,3,2023-07-14,2023-07-15,11.64,11.395707810794658,-0.24429218920534268,0.24429218920534268,0.05967867370673895,100.0,submitted_main_linear_features_H1_18col,6ed147cd585e5e8083292683f9be3cf585e97e4d46fa0e3224d24a4e2b42cbbb,f83baf5732ffbf88b9a448a3d9ab9fa270f7495fe44d1559c1ac49795a30881a,41f184a29ff88aaf275f3365267b8c909ce7598a,ridge_corrected_41f184a29ff8_6ed147cd_f83baf57
Ridge,1,3,2023-07-15,2023-07-16,14.52,11.855511869651579,-2.6644881303484205,2.6644881303484205,7.099496996767622,100.0,submitted_main_linear_features_H1_18col,6ed147cd585e5e8083292683f9be3cf585e97e4d46fa0e3224d24a4e2b42cbbb,f83baf5732ffbf88b9a448a3d9ab9fa270f7495fe44d1559c1ac49795a30881a,41f184a29ff88aaf275f3365267b8c909ce7598a,ridge_corrected_41f184a29ff8_6ed147cd_f83baf57
Ridge,1,3,2023-07-16,2023-07-17,12.22,10.457875855068641,-1.7621241449313594,1.7621241449313594,3.1050815021500746,100.0,submitted_main_linear_features_H1_18col,6ed147cd585e5e8083292683f9be3cf585e97e4d46fa0e3224d24a4e2b42cbbb,f83baf5732ffbf88b9a448a3d9ab9fa270f7495fe44d1559c1ac49795a30881a,41f184a29ff88aaf275f3365267b8c909ce7598a,ridge_corrected_41f184a29ff8_6ed147cd_f83baf57
Ridge,1,3,2023-07-17,2023-07-18,11.69,11.711513078530203,0.021513078530203344,0.021513078530203344,0.00046281254784669607,100.0,submitted_main_linear_features_H1_18col,6ed147cd585e5e8083292683f9be3cf585e97e4d46fa0e3224d24a4e2b42cbbb,f83baf5732ffbf88b9a448a3d9ab9fa270f7495fe44d1559c1ac49795a30881a,41f184a29ff88aaf275f3365267b8c909ce7598a,ridge_corrected_41f184a29ff8_6ed147cd_f83baf57
Ridge,1,3,2023-07-18,2023-07-19,12.58,8.954844595864849,-3.6251554041351515,3.6251554041351515,13.141751704130293,100.0,submitted_main_linear_features_H1_18col,6ed147cd585e5e8083292683f9be3cf585e97e4d46fa0e3224d24a4e2b42cbbb,f83baf5732ffbf88b9a448a3d9ab9fa270f7495fe44d1559c1ac49795a30881a,41f184a29ff88aaf275f3365267b8c909ce7598a,ridge_corrected_41f184a29ff8_6ed147cd_f83baf57
Ridge,1,3,2023-07-19,2023-07-20,11.8,11.005511828582163,-0.7944881714178376,0.7944881714178376,0.6312114545228592,100.0,submitted_main_linear_features_H1_18col,6ed147cd585e5e8083292683f9be3cf585e97e4d46fa0e3224d24a4e2b42cbbb,f83baf5732ffbf88b9a448a3d9ab9fa270f7495fe44d1559c1ac49795a30881a,41f184a29ff88aaf275f3365267b8c909ce7598a,ridge_corrected_41f184a29ff8_6ed147cd_f83baf57
Ridge,1,3,2023-07-20,2023-07-21,13.08,11.352498735150267,-1.7275012648497334,1.7275012648497334,2.984260620057429,100.0,submitted_main_linear_features_H1_18col,6ed147cd585e5e8083292683f9be3cf585e97e4d46fa0e3224d24a4e2b42cbbb,f83baf5732ffbf88b9a448a3d9ab9fa270f7495fe44d1559c1ac49795a30881a,41f184a29ff88aaf275f3365267b8c909ce7598a,ridge_corrected_41f184a29ff8_6ed147cd_f83baf57
Ridge,1,3,2023-07-21,2023-07-22,11.95,11.959664388142112,0.009664388142113012,0.009664388142113012,9.340039816141459e-05,100.0,submitted_main_linear_features_H1_18col,6ed147cd585e5e8083292683f9be3cf585e97e4d46fa0e3224d24a4e2b42cbbb,f83baf5732ffbf88b9a448a3d9ab9fa270f7495fe44d1559c1ac49795a30881a,41f184a29ff88aaf275f3365267b8c909ce7598a,ridge_corrected_41f184a29ff8_6ed147cd_f83baf57
Ridge,1,3,2023-07-22,2023-07-23,12.14,12.094596552576157,-0.04540344742384406,0.04540344742384406,0.0020614730379697713,100.0,submitted_main_linear_features_H1_18col,6ed147cd585e5e8083292683f9be3cf585e97e4d46fa0e3224d24a4e2b42cbbb,f83baf5732ffbf88b9a448a3d9ab9fa270f7495fe44d1559c1ac49795a30881a,41f184a29ff88aaf275f3365267b8c909ce7598a,ridge_corrected_41f184a29ff8_6ed147cd_f83baf57
Ridge,1,3,2023-07-23,2023-07-24,12.48,11.706953004085978,-0.7730469959140223,0.7730469959140223,0.5976016578916944,100.0,submitted_main_linear_features_H1_18col,6ed147cd585e5e8083292683f9be3cf585e97e4d46fa0e3224d24a4e2b42cbbb,f83baf5732ffbf88b9a448a3d9ab9fa270f7495fe44d1559c1ac49795a30881a,41f184a29ff88aaf275f3365267b8c909ce7598a,ridge_corrected_41f184a29ff8_6ed147cd_f83baf57
Ridge,1,3,2023-07-24,2023-07-25,12.38444827,11.69070243929677,-0.6937458307032305,0.6937458307032305,0.48128327761811535,100.0,submitted_main_linear_features_H1_18col,6ed147cd585e5e8083292683f9be3cf585e97e4d46fa0e3224d24a4e2b42cbbb,f83baf5732ffbf88b9a448a3d9ab9fa270f7495fe44d1559c1ac49795a30881a,41f184a29ff88aaf275f3365267b8c909ce7598a,ridge_corrected_41f184a29ff8_6ed147cd_f83baf57
Ridge,1,3,2023-07-25,2023-07-26,12.41967703,11.798039898717255,-0.6216371312827462,0.6216371312827462,0.38643272298944226,100.0,submitted_main_linear_features_H1_18col,6ed147cd585e5e8083292683f9be3cf585e97e4d46fa0e3224d24a4e2b42cbbb,f83baf5732ffbf88b9a448a3d9ab9fa270f7495fe44d1559c1ac49795a30881a,41f184a29ff88aaf275f3365267b8c909ce7598a,ridge_corrected_41f184a29ff8_6ed147cd_f83baf57
Ridge,1,3,2023-07-26,2023-07-27,12.43934362,11.767200826209391,-0.6721427937906093,0.6721427937906093,0.4517759352446455,100.0,submitted_main_linear_features_H1_18col,6ed147cd585e5e8083292683f9be3cf585e97e4d46fa0e3224d24a4e2b42cbbb,f83baf5732ffbf88b9a448a3d9ab9fa270f7495fe44d1559c1ac49795a30881a,41f184a29ff88aaf275f3365267b8c909ce7598a,ridge_corrected_41f184a29ff8_6ed147cd_f83baf57
Ridge,1,3,2023-07-27,2023-07-28,12.31367128,11.822240390076198,-0.4914308899238016,0.4914308899238016,0.24150431957129959,100.0,submitted_main_linear_features_H1_18col,6ed147cd585e5e8083292683f9be3cf585e97e4d46fa0e3224d24a4e2b42cbbb,f83baf5732ffbf88b9a448a3d9ab9fa270f7495fe44d1559c1ac49795a30881a,41f184a29ff88aaf275f3365267b8c909ce7598a,ridge_corrected_41f184a29ff8_6ed147cd_f83baf57
Ridge,1,3,2023-07-28,2023-07-29,12.47,11.87280372276266,-0.5971962772373409,0.5971962772373409,0.35664339354613894,100.0,submitted_main_linear_features_H1_18col,6ed147cd585e5e8083292683f9be3cf585e97e4d46fa0e3224d24a4e2b42cbbb,f83baf5732ffbf88b9a448a3d9ab9fa270f7495fe44d1559c1ac49795a30881a,41f184a29ff88aaf275f3365267b8c909ce7598a,ridge_corrected_41f184a29ff8_6ed147cd_f83baf57
Ridge,1,3,2023-07-29,2023-07-30,12.85,11.906103764841259,-0.943896235158741,0.943896235158741,0.8909401027468453,100.0,submitted_main_linear_features_H1_18col,6ed147cd585e5e8083292683f9be3cf585e97e4d46fa0e3224d24a4e2b42cbbb,f83baf5732ffbf88b9a448a3d9ab9fa270f7495fe44d1559c1ac49795a30881a,41f184a29ff88aaf275f3365267b8c909ce7598a,ridge_corrected_41f184a29ff8_6ed147cd_f83baf57
Ridge,1,3,2023-07-30,2023-07-31,12.04,11.843030609695344,-0.19696939030465543,0.19696939030465543,0.03879694071698769,100.0,submitted_main_linear_features_H1_18col,6ed147cd585e5e8083292683f9be3cf585e97e4d46fa0e3224d24a4e2b42cbbb,f83baf5732ffbf88b9a448a3d9ab9fa270f7495fe44d1559c1ac49795a30881a,41f184a29ff88aaf275f3365267b8c909ce7598a,ridge_corrected_41f184a29ff8_6ed147cd_f83baf57
Ridge,1,3,2023-07-31,2023-08-01,12.85,12.160182428930263,-0.689817571069737,0.689817571069737,0.4758482813565516,100.0,submitted_main_linear_features_H1_18col,6ed147cd585e5e8083292683f9be3cf585e97e4d46fa0e3224d24a4e2b42cbbb,f83baf5732ffbf88b9a448a3d9ab9fa270f7495fe44d1559c1ac49795a30881a,41f184a29ff88aaf275f3365267b8c909ce7598a,ridge_corrected_41f184a29ff8_6ed147cd_f83baf57
Ridge,1,3,2023-08-01,2023-08-02,16.85,12.314018157353557,-4.535981842646445,4.535981842646445,20.575131276818237,100.0,submitted_main_linear_features_H1_18col,6ed147cd585e5e8083292683f9be3cf585e97e4d46fa0e3224d24a4e2b42cbbb,f83baf5732ffbf88b9a448a3d9ab9fa270f7495fe44d1559c1ac49795a30881a,41f184a29ff88aaf275f3365267b8c909ce7598a,ridge_corrected_41f184a29ff8_6ed147cd_f83baf57
Ridge,1,3,2023-08-02,2023-08-03,16.13,12.381480173230539,-3.74851982676946,3.74851982676946,14.051400891683741,100.0,submitted_main_linear_features_H1_18col,6ed147cd585e5e8083292683f9be3cf585e97e4d46fa0e3224d24a4e2b42cbbb,f83baf5732ffbf88b9a448a3d9ab9fa270f7495fe44d1559c1ac49795a30881a,41f184a29ff88aaf275f3365267b8c909ce7598a,ridge_corrected_41f184a29ff8_6ed147cd_f83baf57
Ridge,1,3,2023-08-03,2023-08-04,14.14,13.407478244960764,-0.7325217550392367,0.7325217550392367,0.5365881216057634,100.0,submitted_main_linear_features_H1_18col,6ed147cd585e5e8083292683f9be3cf585e97e4d46fa0e3224d24a4e2b42cbbb,f83baf5732ffbf88b9a448a3d9ab9fa270f7495fe44d1559c1ac49795a30881a,41f184a29ff88aaf275f3365267b8c909ce7598a,ridge_corrected_41f184a29ff8_6ed147cd_f83baf57
Ridge,1,3,2023-08-04,2023-08-05,15.94,13.232434170726972,-2.707565829273028,2.707565829273028,7.330912719846939,100.0,submitted_main_linear_features_H1_18col,6ed147cd585e5e8083292683f9be3cf585e97e4d46fa0e3224d24a4e2b42cbbb,f83baf5732ffbf88b9a448a3d9ab9fa270f7495fe44d1559c1ac49795a30881a,41f184a29ff88aaf275f3365267b8c909ce7598a,ridge_corrected_41f184a29ff8_6ed147cd_f83baf57
Ridge,1,3,2023-08-05,2023-08-06,15.74,13.05829195583982,-2.68170804416018,2.68170804416018,7.1915580341134175,100.0,submitted_main_linear_features_H1_18col,6ed147cd585e5e8083292683f9be3cf585e97e4d46fa0e3224d24a4e2b42cbbb,f83baf5732ffbf88b9a448a3d9ab9fa270f7495fe44d1559c1ac49795a30881a,41f184a29ff88aaf275f3365267b8c909ce7598a,ridge_corrected_41f184a29ff8_6ed147cd_f83baf57
Ridge,1,3,2023-08-06,2023-08-07,15.48,13.542600740880319,-1.9373992591196814,1.9373992591196814,3.75351588923749,100.0,submitted_main_linear_features_H1_18col,6ed147cd585e5e8083292683f9be3cf585e97e4d46fa0e3224d24a4e2b42cbbb,f83baf5732ffbf88b9a448a3d9ab9fa270f7495fe44d1559c1ac49795a30881a,41f184a29ff88aaf275f3365267b8c909ce7598a,ridge_corrected_41f184a29ff8_6ed147cd_f83baf57
Ridge,1,3,2023-08-07,2023-08-08,14.32,13.674221437683979,-0.6457785623160213,0.6457785623160213,0.4170299515469474,100.0,submitted_main_linear_features_H1_18col,6ed147cd585e5e8083292683f9be3cf585e97e4d46fa0e3224d24a4e2b42cbbb,f83baf5732ffbf88b9a448a3d9ab9fa270f7495fe44d1559c1ac49795a30881a,41f184a29ff88aaf275f3365267b8c909ce7598a,ridge_corrected_41f184a29ff8_6ed147cd_f83baf57
Ridge,1,3,2023-08-08,2023-08-09,15.96,14.07198760670017,-1.8880123932998316,1.8880123932998316,3.564590797253758,100.0,submitted_main_linear_features_H1_18col,6ed147cd585e5e8083292683f9be3cf585e97e4d46fa0e3224d24a4e2b42cbbb,f83baf5732ffbf88b9a448a3d9ab9fa270f7495fe44d1559c1ac49795a30881a,41f184a29ff88aaf275f3365267b8c909ce7598a,ridge_corrected_41f184a29ff8_6ed147cd_f83baf57
Ridge,1,3,2023-08-09,2023-08-10,10.21,13.095147978909491,2.8851479789094903,2.8851479789094903,8.324078860205516,100.0,submitted_main_linear_features_H1_18col,6ed147cd585e5e8083292683f9be3cf585e97e4d46fa0e3224d24a4e2b42cbbb,f83baf5732ffbf88b9a448a3d9ab9fa270f7495fe44d1559c1ac49795a30881a,41f184a29ff88aaf275f3365267b8c909ce7598a,ridge_corrected_41f184a29ff8_6ed147cd_f83baf57
Ridge,1,3,2023-08-10,2023-08-11,9.23,9.358118224049722,0.12811822404972162,0.12811822404972162,0.016414279333654667,100.0,submitted_main_linear_features_H1_18col,6ed147cd585e5e8083292683f9be3cf585e97e4d46fa0e3224d24a4e2b42cbbb,f83baf5732ffbf88b9a448a3d9ab9fa270f7495fe44d1559c1ac49795a30881a,41f184a29ff88aaf275f3365267b8c909ce7598a,ridge_corrected_41f184a29ff8_6ed147cd_f83baf57
Ridge,1,3,2023-08-11,2023-08-12,13.1,10.492693573297498,-2.607306426702502,2.607306426702502,6.79804680272417,100.0,submitted_main_linear_features_H1_18col,6ed147cd585e5e8083292683f9be3cf585e97e4d46fa0e3224d24a4e2b42cbbb,f83baf5732ffbf88b9a448a3d9ab9fa270f7495fe44d1559c1ac49795a30881a,41f184a29ff88aaf275f3365267b8c909ce7598a,ridge_corrected_41f184a29ff8_6ed147cd_f83baf57
Ridge,1,3,2023-08-12,2023-08-13,12.5,11.00352719791779,-1.4964728020822093,1.4964728020822093,2.2394308473717794,100.0,submitted_main_linear_features_H1_18col,6ed147cd585e5e8083292683f9be3cf585e97e4d46fa0e3224d24a4e2b42cbbb,f83baf5732ffbf88b9a448a3d9ab9fa270f7495fe44d1559c1ac49795a30881a,41f184a29ff88aaf275f3365267b8c909ce7598a,ridge_corrected_41f184a29ff8_6ed147cd_f83baf57
Ridge,1,3,2023-08-13,2023-08-14,13.28,12.94524231012274,-0.33475768987725907,0.33475768987725907,0.11206271093195916,100.0,submitted_main_linear_features_H1_18col,6ed147cd585e5e8083292683f9be3cf585e97e4d46fa0e3224d24a4e2b42cbbb,f83baf5732ffbf88b9a448a3d9ab9fa270f7495fe44d1559c1ac49795a30881a,41f184a29ff88aaf275f3365267b8c909ce7598a,ridge_corrected_41f184a29ff8_6ed147cd_f83baf57
Ridge,1,3,2023-08-14,2023-08-15,11.7,13.030383379543746,1.330383379543747,1.330383379543747,1.7699199365662415,100.0,submitted_main_linear_features_H1_18col,6ed147cd585e5e8083292683f9be3cf585e97e4d46fa0e3224d24a4e2b42cbbb,f83baf5732ffbf88b9a448a3d9ab9fa270f7495fe44d1559c1ac49795a30881a,41f184a29ff88aaf275f3365267b8c909ce7598a,ridge_corrected_41f184a29ff8_6ed147cd_f83baf57
Ridge,1,3,2023-08-15,2023-08-16,13.8,13.179145912089773,-0.620854087910228,0.620854087910228,0.38545979847484113,100.0,submitted_main_linear_features_H1_18col,6ed147cd585e5e8083292683f9be3cf585e97e4d46fa0e3224d24a4e2b42cbbb,f83baf5732ffbf88b9a448a3d9ab9fa270f7495fe44d1559c1ac49795a30881a,41f184a29ff88aaf275f3365267b8c909ce7598a,ridge_corrected_41f184a29ff8_6ed147cd_f83baf57
Ridge,1,3,2023-08-16,2023-08-17,12.3,12.896893149347097,0.5968931493470961,0.5968931493470961,0.3562814317374948,100.0,submitted_main_linear_features_H1_18col,6ed147cd585e5e8083292683f9be3cf585e97e4d46fa0e3224d24a4e2b42cbbb,f83baf5732ffbf88b9a448a3d9ab9fa270f7495fe44d1559c1ac49795a30881a,41f184a29ff88aaf275f3365267b8c909ce7598a,ridge_corrected_41f184a29ff8_6ed147cd_f83baf57
Ridge,1,3,2023-08-17,2023-08-18,15.82,12.760259030301553,-3.0597409696984474,3.0597409696984474,9.362014801651195,100.0,submitted_main_linear_features_H1_18col,6ed147cd585e5e8083292683f9be3cf585e97e4d46fa0e3224d24a4e2b42cbbb,f83baf5732ffbf88b9a448a3d9ab9fa270f7495fe44d1559c1ac49795a30881a,41f184a29ff88aaf275f3365267b8c909ce7598a,ridge_corrected_41f184a29ff8_6ed147cd_f83baf57
Ridge,1,3,2023-08-18,2023-08-19,11.88,11.861808715882148,-0.018191284117852646,0.018191284117852646,0.00033092281785643794,100.0,submitted_main_linear_features_H1_18col,6ed147cd585e5e8083292683f9be3cf585e97e4d46fa0e3224d24a4e2b42cbbb,f83baf5732ffbf88b9a448a3d9ab9fa270f7495fe44d1559c1ac49795a30881a,41f184a29ff88aaf275f3365267b8c909ce7598a,ridge_corrected_41f184a29ff8_6ed147cd_f83baf57
Ridge,1,3,2023-08-19,2023-08-20,11.33,12.044029022896408,0.7140290228964083,0.7140290228964083,0.5098374455383996,100.0,submitted_main_linear_features_H1_18col,6ed147cd585e5e8083292683f9be3cf585e97e4d46fa0e3224d24a4e2b42cbbb,f83baf5732ffbf88b9a448a3d9ab9fa270f7495fe44d1559c1ac49795a30881a,41f184a29ff88aaf275f3365267b8c909ce7598a,ridge_corrected_41f184a29ff8_6ed147cd_f83baf57
Ridge,1,3,2023-08-20,2023-08-21,12.73,11.866496355058791,-0.8635036449412095,0.8635036449412095,0.7456385448267543,100.0,submitted_main_linear_features_H1_18col,6ed147cd585e5e8083292683f9be3cf585e97e4d46fa0e3224d24a4e2b42cbbb,f83baf5732ffbf88b9a448a3d9ab9fa270f7495fe44d1559c1ac49795a30881a,41f184a29ff88aaf275f3365267b8c909ce7598a,ridge_corrected_41f184a29ff8_6ed147cd_f83baf57
Ridge,1,3,2023-08-21,2023-08-22,13.76,11.948725381235846,-1.8112746187641537,1.8112746187641537,3.2807157445792305,100.0,submitted_main_linear_features_H1_18col,6ed147cd585e5e8083292683f9be3cf585e97e4d46fa0e3224d24a4e2b42cbbb,f83baf5732ffbf88b9a448a3d9ab9fa270f7495fe44d1559c1ac49795a30881a,41f184a29ff88aaf275f3365267b8c909ce7598a,ridge_corrected_41f184a29ff8_6ed147cd_f83baf57
Ridge,1,3,2023-08-22,2023-08-23,16.6,12.582456720661742,-4.017543279338259,4.017543279338259,16.140654001356012,100.0,submitted_main_linear_features_H1_18col,6ed147cd585e5e8083292683f9be3cf585e97e4d46fa0e3224d24a4e2b42cbbb,f83baf5732ffbf88b9a448a3d9ab9fa270f7495fe44d1559c1ac49795a30881a,41f184a29ff88aaf275f3365267b8c909ce7598a,ridge_corrected_41f184a29ff8_6ed147cd_f83baf57
Ridge,1,3,2023-08-23,2023-08-24,14.54,12.897474005436132,-1.6425259945638668,1.6425259945638668,2.69789164281802,100.0,submitted_main_linear_features_H1_18col,6ed147cd585e5e8083292683f9be3cf585e97e4d46fa0e3224d24a4e2b42cbbb,f83baf5732ffbf88b9a448a3d9ab9fa270f7495fe44d1559c1ac49795a30881a,41f184a29ff88aaf275f3365267b8c909ce7598a,ridge_corrected_41f184a29ff8_6ed147cd_f83baf57
Ridge,1,3,2023-08-24,2023-08-25,10.69,10.242117474773366,-0.44788252522663363,0.44788252522663363,0.20059875640338612,100.0,submitted_main_linear_features_H1_18col,6ed147cd585e5e8083292683f9be3cf585e97e4d46fa0e3224d24a4e2b42cbbb,f83baf5732ffbf88b9a448a3d9ab9fa270f7495fe44d1559c1ac49795a30881a,41f184a29ff88aaf275f3365267b8c909ce7598a,ridge_corrected_41f184a29ff8_6ed147cd_f83baf57
Ridge,1,3,2023-08-25,2023-08-26,14.03,11.505073179686846,-2.524926820313153,2.524926820313153,6.3752554479366905,100.0,submitted_main_linear_features_H1_18col,6ed147cd585e5e8083292683f9be3cf585e97e4d46fa0e3224d24a4e2b42cbbb,f83baf5732ffbf88b9a448a3d9ab9fa270f7495fe44d1559c1ac49795a30881a,41f184a29ff88aaf275f3365267b8c909ce7598a,ridge_corrected_41f184a29ff8_6ed147cd_f83baf57
Ridge,1,3,2023-08-26,2023-08-27,14.14,11.067421753957813,-3.0725782460421875,3.0725782460421875,9.440737078051686,100.0,submitted_main_linear_features_H1_18col,6ed147cd585e5e8083292683f9be3cf585e97e4d46fa0e3224d24a4e2b42cbbb,f83baf5732ffbf88b9a448a3d9ab9fa270f7495fe44d1559c1ac49795a30881a,41f184a29ff88aaf275f3365267b8c909ce7598a,ridge_corrected_41f184a29ff8_6ed147cd_f83baf57
Ridge,1,3,2023-08-27,2023-08-28,14.38,13.007958928586282,-1.3720410714137188,1.3720410714137188,1.8824967016461054,100.0,submitted_main_linear_features_H1_18col,6ed147cd585e5e8083292683f9be3cf585e97e4d46fa0e3224d24a4e2b42cbbb,f83baf5732ffbf88b9a448a3d9ab9fa270f7495fe44d1559c1ac49795a30881a,41f184a29ff88aaf275f3365267b8c909ce7598a,ridge_corrected_41f184a29ff8_6ed147cd_f83baf57
Ridge,1,3,2023-08-28,2023-08-29,17.3,13.117658469995,-4.182341530005001,4.182341530005001,17.491980673604573,100.0,submitted_main_linear_features_H1_18col,6ed147cd585e5e8083292683f9be3cf585e97e4d46fa0e3224d24a4e2b42cbbb,f83baf5732ffbf88b9a448a3d9ab9fa270f7495fe44d1559c1ac49795a30881a,41f184a29ff88aaf275f3365267b8c909ce7598a,ridge_corrected_41f184a29ff8_6ed147cd_f83baf57
Ridge,1,3,2023-08-29,2023-08-30,17.08,13.650047866163796,-3.4299521338362027,3.4299521338362027,11.76457164040752,100.0,submitted_main_linear_features_H1_18col,6ed147cd585e5e8083292683f9be3cf585e97e4d46fa0e3224d24a4e2b42cbbb,f83baf5732ffbf88b9a448a3d9ab9fa270f7495fe44d1559c1ac49795a30881a,41f184a29ff88aaf275f3365267b8c909ce7598a,ridge_corrected_41f184a29ff8_6ed147cd_f83baf57
Ridge,1,3,2023-08-30,2023-08-31,15.88,14.114316256446802,-1.7656837435531987,1.7656837435531987,3.1176390822480378,100.0,submitted_main_linear_features_H1_18col,6ed147cd585e5e8083292683f9be3cf585e97e4d46fa0e3224d24a4e2b42cbbb,f83baf5732ffbf88b9a448a3d9ab9fa270f7495fe44d1559c1ac49795a30881a,41f184a29ff88aaf275f3365267b8c909ce7598a,ridge_corrected_41f184a29ff8_6ed147cd_f83baf57
Ridge,1,3,2023-08-31,2023-09-01,13.38,13.254596281338392,-0.12540371866160882,0.12540371866160882,0.015726092654159935,100.0,submitted_main_linear_features_H1_18col,6ed147cd585e5e8083292683f9be3cf585e97e4d46fa0e3224d24a4e2b42cbbb,f83baf5732ffbf88b9a448a3d9ab9fa270f7495fe44d1559c1ac49795a30881a,41f184a29ff88aaf275f3365267b8c909ce7598a,ridge_corrected_41f184a29ff8_6ed147cd_f83baf57
Ridge,1,3,2023-09-01,2023-09-02,12.42,12.824600958665428,0.4046009586654282,0.4046009586654282,0.16370193575298356,100.0,submitted_main_linear_features_H1_18col,6ed147cd585e5e8083292683f9be3cf585e97e4d46fa0e3224d24a4e2b42cbbb,f83baf5732ffbf88b9a448a3d9ab9fa270f7495fe44d1559c1ac49795a30881a,41f184a29ff88aaf275f3365267b8c909ce7598a,ridge_corrected_41f184a29ff8_6ed147cd_f83baf57
Ridge,1,3,2023-09-02,2023-09-03,12.66,12.804655396558951,0.1446553965589512,0.1446553965589512,0.020925183753627435,100.0,submitted_main_linear_features_H1_18col,6ed147cd585e5e8083292683f9be3cf585e97e4d46fa0e3224d24a4e2b42cbbb,f83baf5732ffbf88b9a448a3d9ab9fa270f7495fe44d1559c1ac49795a30881a,41f184a29ff88aaf275f3365267b8c909ce7598a,ridge_corrected_41f184a29ff8_6ed147cd_f83baf57
Ridge,1,3,2023-09-03,2023-09-04,14.93,12.85215357125592,-2.0778464287440794,2.0778464287440794,4.317445781444524,100.0,submitted_main_linear_features_H1_18col,6ed147cd585e5e8083292683f9be3cf585e97e4d46fa0e3224d24a4e2b42cbbb,f83baf5732ffbf88b9a448a3d9ab9fa270f7495fe44d1559c1ac49795a30881a,41f184a29ff88aaf275f3365267b8c909ce7598a,ridge_corrected_41f184a29ff8_6ed147cd_f83baf57
Ridge,1,3,2023-09-04,2023-09-05,11.88,13.083027131875266,1.203027131875265,1.203027131875265,1.4472742800280263,100.0,submitted_main_linear_features_H1_18col,6ed147cd585e5e8083292683f9be3cf585e97e4d46fa0e3224d24a4e2b42cbbb,f83baf5732ffbf88b9a448a3d9ab9fa270f7495fe44d1559c1ac49795a30881a,41f184a29ff88aaf275f3365267b8c909ce7598a,ridge_corrected_41f184a29ff8_6ed147cd_f83baf57
Ridge,1,3,2023-09-05,2023-09-06,12.06,13.47560530619857,1.4156053061985698,1.4156053061985698,2.003938382937547,100.0,submitted_main_linear_features_H1_18col,6ed147cd585e5e8083292683f9be3cf585e97e4d46fa0e3224d24a4e2b42cbbb,f83baf5732ffbf88b9a448a3d9ab9fa270f7495fe44d1559c1ac49795a30881a,41f184a29ff88aaf275f3365267b8c909ce7598a,ridge_corrected_41f184a29ff8_6ed147cd_f83baf57
Ridge,1,3,2023-09-06,2023-09-07,13.74,12.68085266233555,-1.0591473376644505,1.0591473376644505,1.1217930828816935,100.0,submitted_main_linear_features_H1_18col,6ed147cd585e5e8083292683f9be3cf585e97e4d46fa0e3224d24a4e2b42cbbb,f83baf5732ffbf88b9a448a3d9ab9fa270f7495fe44d1559c1ac49795a30881a,41f184a29ff88aaf275f3365267b8c909ce7598a,ridge_corrected_41f184a29ff8_6ed147cd_f83baf57
Ridge,1,3,2023-09-07,2023-09-08,14.08,12.462270757765625,-1.6177292422343754,1.6177292422343754,2.6170479011802064,100.0,submitted_main_linear_features_H1_18col,6ed147cd585e5e8083292683f9be3cf585e97e4d46fa0e3224d24a4e2b42cbbb,f83baf5732ffbf88b9a448a3d9ab9fa270f7495fe44d1559c1ac49795a30881a,41f184a29ff88aaf275f3365267b8c909ce7598a,ridge_corrected_41f184a29ff8_6ed147cd_f83baf57
Ridge,1,3,2023-09-08,2023-09-09,12.62,12.81071581148697,0.19071581148697092,0.19071581148697092,0.03637252075113383,100.0,submitted_main_linear_features_H1_18col,6ed147cd585e5e8083292683f9be3cf585e97e4d46fa0e3224d24a4e2b42cbbb,f83baf5732ffbf88b9a448a3d9ab9fa270f7495fe44d1559c1ac49795a30881a,41f184a29ff88aaf275f3365267b8c909ce7598a,ridge_corrected_41f184a29ff8_6ed147cd_f83baf57
Ridge,1,3,2023-09-09,2023-09-10,13.06,13.519908144785493,0.45990814478549247,0.45990814478549247,0.2115155016400335,100.0,submitted_main_linear_features_H1_18col,6ed147cd585e5e8083292683f9be3cf585e97e4d46fa0e3224d24a4e2b42cbbb,f83baf5732ffbf88b9a448a3d9ab9fa270f7495fe44d1559c1ac49795a30881a,41f184a29ff88aaf275f3365267b8c909ce7598a,ridge_corrected_41f184a29ff8_6ed147cd_f83baf57
Ridge,1,3,2023-09-10,2023-09-11,12.67,13.338700433150464,0.6687004331504642,0.6687004331504642,0.4471602692956185,100.0,submitted_main_linear_features_H1_18col,6ed147cd585e5e8083292683f9be3cf585e97e4d46fa0e3224d24a4e2b42cbbb,f83baf5732ffbf88b9a448a3d9ab9fa270f7495fe44d1559c1ac49795a30881a,41f184a29ff88aaf275f3365267b8c909ce7598a,ridge_corrected_41f184a29ff8_6ed147cd_f83baf57
Ridge,1,3,2023-09-11,2023-09-12,15.7,13.365092257138333,-2.3349077428616667,2.3349077428616667,5.451794167675363,100.0,submitted_main_linear_features_H1_18col,6ed147cd585e5e8083292683f9be3cf585e97e4d46fa0e3224d24a4e2b42cbbb,f83baf5732ffbf88b9a448a3d9ab9fa270f7495fe44d1559c1ac49795a30881a,41f184a29ff88aaf275f3365267b8c909ce7598a,ridge_corrected_41f184a29ff8_6ed147cd_f83baf57
Ridge,1,3,2023-09-12,2023-09-13,14.26,13.182764930031556,-1.0772350699684434,1.0772350699684434,1.1604353959699172,100.0,submitted_main_linear_features_H1_18col,6ed147cd585e5e8083292683f9be3cf585e97e4d46fa0e3224d24a4e2b42cbbb,f83baf5732ffbf88b9a448a3d9ab9fa270f7495fe44d1559c1ac49795a30881a,41f184a29ff88aaf275f3365267b8c909ce7598a,ridge_corrected_41f184a29ff8_6ed147cd_f83baf57
Ridge,1,3,2023-09-13,2023-09-14,12.28,12.564947829707567,0.2849478297075674,0.2849478297075674,0.08119526565505282,100.0,submitted_main_linear_features_H1_18col,6ed147cd585e5e8083292683f9be3cf585e97e4d46fa0e3224d24a4e2b42cbbb,f83baf5732ffbf88b9a448a3d9ab9fa270f7495fe44d1559c1ac49795a30881a,41f184a29ff88aaf275f3365267b8c909ce7598a,ridge_corrected_41f184a29ff8_6ed147cd_f83baf57
Ridge,1,3,2023-09-14,2023-09-15,12.04,12.424975566483479,0.3849755664834795,0.3849755664834795,0.14820618678927597,100.0,submitted_main_linear_features_H1_18col,6ed147cd585e5e8083292683f9be3cf585e97e4d46fa0e3224d24a4e2b42cbbb,f83baf5732ffbf88b9a448a3d9ab9fa270f7495fe44d1559c1ac49795a30881a,41f184a29ff88aaf275f3365267b8c909ce7598a,ridge_corrected_41f184a29ff8_6ed147cd_f83baf57
Ridge,1,3,2023-09-15,2023-09-16,9.19,12.880237354301384,3.6902373543013844,3.6902373543013844,13.61785173108128,100.0,submitted_main_linear_features_H1_18col,6ed147cd585e5e8083292683f9be3cf585e97e4d46fa0e3224d24a4e2b42cbbb,f83baf5732ffbf88b9a448a3d9ab9fa270f7495fe44d1559c1ac49795a30881a,41f184a29ff88aaf275f3365267b8c909ce7598a,ridge_corrected_41f184a29ff8_6ed147cd_f83baf57
Ridge,1,3,2023-09-16,2023-09-17,10.2,12.510610541458934,2.310610541458935,2.310610541458935,5.338921074301153,100.0,submitted_main_linear_features_H1_18col,6ed147cd585e5e8083292683f9be3cf585e97e4d46fa0e3224d24a4e2b42cbbb,f83baf5732ffbf88b9a448a3d9ab9fa270f7495fe44d1559c1ac49795a30881a,41f184a29ff88aaf275f3365267b8c909ce7598a,ridge_corrected_41f184a29ff8_6ed147cd_f83baf57
Ridge,1,3,2023-09-17,2023-09-18,7.15,10.819150870675923,3.6691508706759226,3.6691508706759226,13.46266811178188,100.0,submitted_main_linear_features_H1_18col,6ed147cd585e5e8083292683f9be3cf585e97e4d46fa0e3224d24a4e2b42cbbb,f83baf5732ffbf88b9a448a3d9ab9fa270f7495fe44d1559c1ac49795a30881a,41f184a29ff88aaf275f3365267b8c909ce7598a,ridge_corrected_41f184a29ff8_6ed147cd_f83baf57
Ridge,1,3,2023-09-18,2023-09-19,12.17,10.992145470692323,-1.1778545293076768,1.1778545293076768,1.3873412922106088,100.0,submitted_main_linear_features_H1_18col,6ed147cd585e5e8083292683f9be3cf585e97e4d46fa0e3224d24a4e2b42cbbb,f83baf5732ffbf88b9a448a3d9ab9fa270f7495fe44d1559c1ac49795a30881a,41f184a29ff88aaf275f3365267b8c909ce7598a,ridge_corrected_41f184a29ff8_6ed147cd_f83baf57
Ridge,1,3,2023-09-19,2023-09-20,11.05,10.527968485887124,-0.5220315141128768,0.5220315141128768,0.27251690172698273,100.0,submitted_main_linear_features_H1_18col,6ed147cd585e5e8083292683f9be3cf585e97e4d46fa0e3224d24a4e2b42cbbb,f83baf5732ffbf88b9a448a3d9ab9fa270f7495fe44d1559c1ac49795a30881a,41f184a29ff88aaf275f3365267b8c909ce7598a,ridge_corrected_41f184a29ff8_6ed147cd_f83baf57
Ridge,1,3,2023-09-20,2023-09-21,11.64,10.843149303308126,-0.7968506966918749,0.7968506966918749,0.6349710328183265,100.0,submitted_main_linear_features_H1_18col,6ed147cd585e5e8083292683f9be3cf585e97e4d46fa0e3224d24a4e2b42cbbb,f83baf5732ffbf88b9a448a3d9ab9fa270f7495fe44d1559c1ac49795a30881a,41f184a29ff88aaf275f3365267b8c909ce7598a,ridge_corrected_41f184a29ff8_6ed147cd_f83baf57
Ridge,1,3,2023-09-21,2023-09-22,11.64,9.54547390699463,-2.0945260930053706,2.0945260930053706,4.387039554280342,100.0,submitted_main_linear_features_H1_18col,6ed147cd585e5e8083292683f9be3cf585e97e4d46fa0e3224d24a4e2b42cbbb,f83baf5732ffbf88b9a448a3d9ab9fa270f7495fe44d1559c1ac49795a30881a,41f184a29ff88aaf275f3365267b8c909ce7598a,ridge_corrected_41f184a29ff8_6ed147cd_f83baf57
Ridge,1,3,2023-09-22,2023-09-23,10.4,10.51036626866061,0.11036626866060928,0.11036626866060928,0.012180713258065787,100.0,submitted_main_linear_features_H1_18col,6ed147cd585e5e8083292683f9be3cf585e97e4d46fa0e3224d24a4e2b42cbbb,f83baf5732ffbf88b9a448a3d9ab9fa270f7495fe44d1559c1ac49795a30881a,41f184a29ff88aaf275f3365267b8c909ce7598a,ridge_corrected_41f184a29ff8_6ed147cd_f83baf57
Ridge,1,3,2023-09-23,2023-09-24,9.74,10.813956590789346,1.0739565907893454,1.0739565907893454,1.1533827588998733,100.0,submitted_main_linear_features_H1_18col,6ed147cd585e5e8083292683f9be3cf585e97e4d46fa0e3224d24a4e2b42cbbb,f83baf5732ffbf88b9a448a3d9ab9fa270f7495fe44d1559c1ac49795a30881a,41f184a29ff88aaf275f3365267b8c909ce7598a,ridge_corrected_41f184a29ff8_6ed147cd_f83baf57
Ridge,1,3,2023-09-24,2023-09-25,12.97,10.896917514066372,-2.0730824859336288,2.0730824859336288,4.297670993484754,100.0,submitted_main_linear_features_H1_18col,6ed147cd585e5e8083292683f9be3cf585e97e4d46fa0e3224d24a4e2b42cbbb,f83baf5732ffbf88b9a448a3d9ab9fa270f7495fe44d1559c1ac49795a30881a,41f184a29ff88aaf275f3365267b8c909ce7598a,ridge_corrected_41f184a29ff8_6ed147cd_f83baf57
Ridge,1,3,2023-09-25,2023-09-26,15.56,11.511044199198258,-4.0489558008017426,4.0489558008017426,16.39404307684608,100.0,submitted_main_linear_features_H1_18col,6ed147cd585e5e8083292683f9be3cf585e97e4d46fa0e3224d24a4e2b42cbbb,f83baf5732ffbf88b9a448a3d9ab9fa270f7495fe44d1559c1ac49795a30881a,41f184a29ff88aaf275f3365267b8c909ce7598a,ridge_corrected_41f184a29ff8_6ed147cd_f83baf57
Ridge,1,3,2023-09-26,2023-09-27,17.56,12.164251306413902,-5.395748693586096,5.395748693586096,29.114103964336064,100.0,submitted_main_linear_features_H1_18col,6ed147cd585e5e8083292683f9be3cf585e97e4d46fa0e3224d24a4e2b42cbbb,f83baf5732ffbf88b9a448a3d9ab9fa270f7495fe44d1559c1ac49795a30881a,41f184a29ff88aaf275f3365267b8c909ce7598a,ridge_corrected_41f184a29ff8_6ed147cd_f83baf57
Ridge,1,3,2023-09-27,2023-09-28,16.58,13.652980395614213,-2.9270196043857855,2.9270196043857855,8.56744376445872,100.0,submitted_main_linear_features_H1_18col,6ed147cd585e5e8083292683f9be3cf585e97e4d46fa0e3224d24a4e2b42cbbb,f83baf5732ffbf88b9a448a3d9ab9fa270f7495fe44d1559c1ac49795a30881a,41f184a29ff88aaf275f3365267b8c909ce7598a,ridge_corrected_41f184a29ff8_6ed147cd_f83baf57
Ridge,1,3,2023-09-28,2023-09-29,16.36,13.345251836660971,-3.0147481633390285,3.0147481633390285,9.088706488356046,100.0,submitted_main_linear_features_H1_18col,6ed147cd585e5e8083292683f9be3cf585e97e4d46fa0e3224d24a4e2b42cbbb,f83baf5732ffbf88b9a448a3d9ab9fa270f7495fe44d1559c1ac49795a30881a,41f184a29ff88aaf275f3365267b8c909ce7598a,ridge_corrected_41f184a29ff8_6ed147cd_f83baf57
Ridge,1,3,2023-09-29,2023-09-30,15.98,13.499947579885921,-2.4800524201140792,2.4800524201140792,6.150660006513701,100.0,submitted_main_linear_features_H1_18col,6ed147cd585e5e8083292683f9be3cf585e97e4d46fa0e3224d24a4e2b42cbbb,f83baf5732ffbf88b9a448a3d9ab9fa270f7495fe44d1559c1ac49795a30881a,41f184a29ff88aaf275f3365267b8c909ce7598a,ridge_corrected_41f184a29ff8_6ed147cd_f83baf57
Ridge,1,3,2023-09-30,2023-10-01,10.13,13.761348596945819,3.631348596945818,3.631348596945818,13.186692632540362,100.0,submitted_main_linear_features_H1_18col,6ed147cd585e5e8083292683f9be3cf585e97e4d46fa0e3224d24a4e2b42cbbb,f83baf5732ffbf88b9a448a3d9ab9fa270f7495fe44d1559c1ac49795a30881a,41f184a29ff88aaf275f3365267b8c909ce7598a,ridge_corrected_41f184a29ff8_6ed147cd_f83baf57
Ridge,1,3,2023-10-01,2023-10-02,10.34,13.536238676564118,3.1962386765641178,3.1962386765641178,10.215941677564343,100.0,submitted_main_linear_features_H1_18col,6ed147cd585e5e8083292683f9be3cf585e97e4d46fa0e3224d24a4e2b42cbbb,f83baf5732ffbf88b9a448a3d9ab9fa270f7495fe44d1559c1ac49795a30881a,41f184a29ff88aaf275f3365267b8c909ce7598a,ridge_corrected_41f184a29ff8_6ed147cd_f83baf57
Ridge,1,3,2023-10-02,2023-10-03,15.53,12.242487797286644,-3.287512202713355,3.287512202713355,10.807736482989215,100.0,submitted_main_linear_features_H1_18col,6ed147cd585e5e8083292683f9be3cf585e97e4d46fa0e3224d24a4e2b42cbbb,f83baf5732ffbf88b9a448a3d9ab9fa270f7495fe44d1559c1ac49795a30881a,41f184a29ff88aaf275f3365267b8c909ce7598a,ridge_corrected_41f184a29ff8_6ed147cd_f83baf57
Ridge,1,3,2023-10-03,2023-10-04,17.11,12.71050119479605,-4.399498805203949,4.399498805203949,19.355589736990975,100.0,submitted_main_linear_features_H1_18col,6ed147cd585e5e8083292683f9be3cf585e97e4d46fa0e3224d24a4e2b42cbbb,f83baf5732ffbf88b9a448a3d9ab9fa270f7495fe44d1559c1ac49795a30881a,41f184a29ff88aaf275f3365267b8c909ce7598a,ridge_corrected_41f184a29ff8_6ed147cd_f83baf57
Ridge,1,3,2023-10-04,2023-10-05,17.09,13.647435284010983,-3.4425647159890165,3.4425647159890165,11.851251823772538,100.0,submitted_main_linear_features_H1_18col,6ed147cd585e5e8083292683f9be3cf585e97e4d46fa0e3224d24a4e2b42cbbb,f83baf5732ffbf88b9a448a3d9ab9fa270f7495fe44d1559c1ac49795a30881a,41f184a29ff88aaf275f3365267b8c909ce7598a,ridge_corrected_41f184a29ff8_6ed147cd_f83baf57
Ridge,1,3,2023-10-05,2023-10-06,14.6,15.140086670120361,0.5400866701203615,0.5400866701203615,0.2916936112417002,100.0,submitted_main_linear_features_H1_18col,6ed147cd585e5e8083292683f9be3cf585e97e4d46fa0e3224d24a4e2b42cbbb,f83baf5732ffbf88b9a448a3d9ab9fa270f7495fe44d1559c1ac49795a30881a,41f184a29ff88aaf275f3365267b8c909ce7598a,ridge_corrected_41f184a29ff8_6ed147cd_f83baf57
Ridge,1,3,2023-10-06,2023-10-07,15.72,14.265791773445546,-1.4542082265544547,1.4542082265544547,2.1147215661786523,100.0,submitted_main_linear_features_H1_18col,6ed147cd585e5e8083292683f9be3cf585e97e4d46fa0e3224d24a4e2b42cbbb,f83baf5732ffbf88b9a448a3d9ab9fa270f7495fe44d1559c1ac49795a30881a,41f184a29ff88aaf275f3365267b8c909ce7598a,ridge_corrected_41f184a29ff8_6ed147cd_f83baf57
Ridge,1,3,2023-10-07,2023-10-08,16.32,14.0051480596675,-2.3148519403325007,2.3148519403325007,5.358539505661144,100.0,submitted_main_linear_features_H1_18col,6ed147cd585e5e8083292683f9be3cf585e97e4d46fa0e3224d24a4e2b42cbbb,f83baf5732ffbf88b9a448a3d9ab9fa270f7495fe44d1559c1ac49795a30881a,41f184a29ff88aaf275f3365267b8c909ce7598a,ridge_corrected_41f184a29ff8_6ed147cd_f83baf57
Ridge,1,3,2023-10-08,2023-10-09,13.67,14.494815980064141,0.824815980064141,0.824815980064141,0.6803214009691695,100.0,submitted_main_linear_features_H1_18col,6ed147cd585e5e8083292683f9be3cf585e97e4d46fa0e3224d24a4e2b42cbbb,f83baf5732ffbf88b9a448a3d9ab9fa270f7495fe44d1559c1ac49795a30881a,41f184a29ff88aaf275f3365267b8c909ce7598a,ridge_corrected_41f184a29ff8_6ed147cd_f83baf57
Ridge,1,3,2023-10-09,2023-10-10,11.98,14.728541068276577,2.7485410682765767,2.7485410682765767,7.554478004002946,100.0,submitted_main_linear_features_H1_18col,6ed147cd585e5e8083292683f9be3cf585e97e4d46fa0e3224d24a4e2b42cbbb,f83baf5732ffbf88b9a448a3d9ab9fa270f7495fe44d1559c1ac49795a30881a,41f184a29ff88aaf275f3365267b8c909ce7598a,ridge_corrected_41f184a29ff8_6ed147cd_f83baf57
Ridge,1,3,2023-10-10,2023-10-11,10.32,14.351812684285637,4.0318126842856365,4.0318126842856365,16.25551352116655,100.0,submitted_main_linear_features_H1_18col,6ed147cd585e5e8083292683f9be3cf585e97e4d46fa0e3224d24a4e2b42cbbb,f83baf5732ffbf88b9a448a3d9ab9fa270f7495fe44d1559c1ac49795a30881a,41f184a29ff88aaf275f3365267b8c909ce7598a,ridge_corrected_41f184a29ff8_6ed147cd_f83baf57
Ridge,1,3,2023-10-11,2023-10-12,17.41,13.81748619046515,-3.59251380953485,3.59251380953485,12.906155471698602,100.0,submitted_main_linear_features_H1_18col,6ed147cd585e5e8083292683f9be3cf585e97e4d46fa0e3224d24a4e2b42cbbb,f83baf5732ffbf88b9a448a3d9ab9fa270f7495fe44d1559c1ac49795a30881a,41f184a29ff88aaf275f3365267b8c909ce7598a,ridge_corrected_41f184a29ff8_6ed147cd_f83baf57
Ridge,1,3,2023-10-12,2023-10-13,17.69,13.372983620405341,-4.31701637959466,4.31701637959466,18.63663042168859,100.0,submitted_main_linear_features_H1_18col,6ed147cd585e5e8083292683f9be3cf585e97e4d46fa0e3224d24a4e2b42cbbb,f83baf5732ffbf88b9a448a3d9ab9fa270f7495fe44d1559c1ac49795a30881a,41f184a29ff88aaf275f3365267b8c909ce7598a,ridge_corrected_41f184a29ff8_6ed147cd_f83baf57
Ridge,1,3,2023-10-13,2023-10-14,16.43,14.349487641371967,-2.0805123586280327,2.0805123586280327,4.32853167440398,100.0,submitted_main_linear_features_H1_18col,6ed147cd585e5e8083292683f9be3cf585e97e4d46fa0e3224d24a4e2b42cbbb,f83baf5732ffbf88b9a448a3d9ab9fa270f7495fe44d1559c1ac49795a30881a,41f184a29ff88aaf275f3365267b8c909ce7598a,ridge_corrected_41f184a29ff8_6ed147cd_f83baf57
Ridge,1,3,2023-10-14,2023-10-15,16.92,14.710028714589003,-2.209971285410999,2.209971285410999,4.883973082341144,100.0,submitted_main_linear_features_H1_18col,6ed147cd585e5e8083292683f9be3cf585e97e4d46fa0e3224d24a4e2b42cbbb,f83baf5732ffbf88b9a448a3d9ab9fa270f7495fe44d1559c1ac49795a30881a,41f184a29ff88aaf275f3365267b8c909ce7598a,ridge_corrected_41f184a29ff8_6ed147cd_f83baf57
Ridge,1,3,2023-10-15,2023-10-16,16.98,14.341537779754438,-2.6384622202455628,2.6384622202455628,6.961482887663145,100.0,submitted_main_linear_features_H1_18col,6ed147cd585e5e8083292683f9be3cf585e97e4d46fa0e3224d24a4e2b42cbbb,f83baf5732ffbf88b9a448a3d9ab9fa270f7495fe44d1559c1ac49795a30881a,41f184a29ff88aaf275f3365267b8c909ce7598a,ridge_corrected_41f184a29ff8_6ed147cd_f83baf57
Ridge,1,3,2023-10-16,2023-10-17,16.64,14.685398575893748,-1.9546014241062526,1.9546014241062526,3.8204667271181907,100.0,submitted_main_linear_features_H1_18col,6ed147cd585e5e8083292683f9be3cf585e97e4d46fa0e3224d24a4e2b42cbbb,f83baf5732ffbf88b9a448a3d9ab9fa270f7495fe44d1559c1ac49795a30881a,41f184a29ff88aaf275f3365267b8c909ce7598a,ridge_corrected_41f184a29ff8_6ed147cd_f83baf57
Ridge,1,3,2023-10-17,2023-10-18,16.4,14.394017667438792,-2.0059823325612065,2.0059823325612065,4.023965118547699,100.0,submitted_main_linear_features_H1_18col,6ed147cd585e5e8083292683f9be3cf585e97e4d46fa0e3224d24a4e2b42cbbb,f83baf5732ffbf88b9a448a3d9ab9fa270f7495fe44d1559c1ac49795a30881a,41f184a29ff88aaf275f3365267b8c909ce7598a,ridge_corrected_41f184a29ff8_6ed147cd_f83baf57
Ridge,1,3,2023-10-18,2023-10-19,16.8,14.92647556081397,-1.8735244391860313,1.8735244391860313,3.510093824227333,100.0,submitted_main_linear_features_H1_18col,6ed147cd585e5e8083292683f9be3cf585e97e4d46fa0e3224d24a4e2b42cbbb,f83baf5732ffbf88b9a448a3d9ab9fa270f7495fe44d1559c1ac49795a30881a,41f184a29ff88aaf275f3365267b8c909ce7598a,ridge_corrected_41f184a29ff8_6ed147cd_f83baf57
Ridge,1,3,2023-10-19,2023-10-20,17.82,14.807270801717653,-3.012729198282347,3.012729198282347,9.076537222182994,100.0,submitted_main_linear_features_H1_18col,6ed147cd585e5e8083292683f9be3cf585e97e4d46fa0e3224d24a4e2b42cbbb,f83baf5732ffbf88b9a448a3d9ab9fa270f7495fe44d1559c1ac49795a30881a,41f184a29ff88aaf275f3365267b8c909ce7598a,ridge_corrected_41f184a29ff8_6ed147cd_f83baf57
Ridge,1,3,2023-10-20,2023-10-21,16.32,16.292907671355202,-0.027092328644798158,0.027092328644798158,0.0007339942713977508,100.0,submitted_main_linear_features_H1_18col,6ed147cd585e5e8083292683f9be3cf585e97e4d46fa0e3224d24a4e2b42cbbb,f83baf5732ffbf88b9a448a3d9ab9fa270f7495fe44d1559c1ac49795a30881a,41f184a29ff88aaf275f3365267b8c909ce7598a,ridge_corrected_41f184a29ff8_6ed147cd_f83baf57
Ridge,1,3,2023-10-21,2023-10-22,13.3,15.687764212482803,2.387764212482802,2.387764212482802,5.701417934413614,100.0,submitted_main_linear_features_H1_18col,6ed147cd585e5e8083292683f9be3cf585e97e4d46fa0e3224d24a4e2b42cbbb,f83baf5732ffbf88b9a448a3d9ab9fa270f7495fe44d1559c1ac49795a30881a,41f184a29ff88aaf275f3365267b8c909ce7598a,ridge_corrected_41f184a29ff8_6ed147cd_f83baf57
Ridge,1,3,2023-10-22,2023-10-23,15.79,15.468380249960306,-0.3216197500396927,0.3216197500396927,0.1034392636155944,100.0,submitted_main_linear_features_H1_18col,6ed147cd585e5e8083292683f9be3cf585e97e4d46fa0e3224d24a4e2b42cbbb,f83baf5732ffbf88b9a448a3d9ab9fa270f7495fe44d1559c1ac49795a30881a,41f184a29ff88aaf275f3365267b8c909ce7598a,ridge_corrected_41f184a29ff8_6ed147cd_f83baf57
Ridge,1,3,2023-10-23,2023-10-24,15.18,14.653413433045325,-0.5265865669546752,0.5265865669546752,0.27729341249711065,100.0,submitted_main_linear_features_H1_18col,6ed147cd585e5e8083292683f9be3cf585e97e4d46fa0e3224d24a4e2b42cbbb,f83baf5732ffbf88b9a448a3d9ab9fa270f7495fe44d1559c1ac49795a30881a,41f184a29ff88aaf275f3365267b8c909ce7598a,ridge_corrected_41f184a29ff8_6ed147cd_f83baf57
Ridge,1,3,2023-10-24,2023-10-25,17.23,14.596848175475582,-2.6331518245244183,2.6331518245244183,6.933488530996273,100.0,submitted_main_linear_features_H1_18col,6ed147cd585e5e8083292683f9be3cf585e97e4d46fa0e3224d24a4e2b42cbbb,f83baf5732ffbf88b9a448a3d9ab9fa270f7495fe44d1559c1ac49795a30881a,41f184a29ff88aaf275f3365267b8c909ce7598a,ridge_corrected_41f184a29ff8_6ed147cd_f83baf57
Ridge,1,3,2023-10-25,2023-10-26,17.98,14.979309134919196,-3.000690865080804,3.000690865080804,9.004145667779383,100.0,submitted_main_linear_features_H1_18col,6ed147cd585e5e8083292683f9be3cf585e97e4d46fa0e3224d24a4e2b42cbbb,f83baf5732ffbf88b9a448a3d9ab9fa270f7495fe44d1559c1ac49795a30881a,41f184a29ff88aaf275f3365267b8c909ce7598a,ridge_corrected_41f184a29ff8_6ed147cd_f83baf57
Ridge,1,3,2023-10-26,2023-10-27,16.37,15.534976550556996,-0.8350234494430051,0.8350234494430051,0.6972641611196949,100.0,submitted_main_linear_features_H1_18col,6ed147cd585e5e8083292683f9be3cf585e97e4d46fa0e3224d24a4e2b42cbbb,f83baf5732ffbf88b9a448a3d9ab9fa270f7495fe44d1559c1ac49795a30881a,41f184a29ff88aaf275f3365267b8c909ce7598a,ridge_corrected_41f184a29ff8_6ed147cd_f83baf57
Ridge,1,3,2023-10-27,2023-10-28,16.44,16.44788597918669,0.007885979186688985,0.007885979186688985,6.218866773289187e-05,100.0,submitted_main_linear_features_H1_18col,6ed147cd585e5e8083292683f9be3cf585e97e4d46fa0e3224d24a4e2b42cbbb,f83baf5732ffbf88b9a448a3d9ab9fa270f7495fe44d1559c1ac49795a30881a,41f184a29ff88aaf275f3365267b8c909ce7598a,ridge_corrected_41f184a29ff8_6ed147cd_f83baf57
Ridge,1,3,2023-10-28,2023-10-29,14.12,15.623113974317706,1.5031139743177064,1.5031139743177064,2.2593516197891708,100.0,submitted_main_linear_features_H1_18col,6ed147cd585e5e8083292683f9be3cf585e97e4d46fa0e3224d24a4e2b42cbbb,f83baf5732ffbf88b9a448a3d9ab9fa270f7495fe44d1559c1ac49795a30881a,41f184a29ff88aaf275f3365267b8c909ce7598a,ridge_corrected_41f184a29ff8_6ed147cd_f83baf57
Ridge,1,3,2023-10-29,2023-10-30,15.59,15.251725936506528,-0.338274063493472,0.338274063493472,0.11442934203238553,100.0,submitted_main_linear_features_H1_18col,6ed147cd585e5e8083292683f9be3cf585e97e4d46fa0e3224d24a4e2b42cbbb,f83baf5732ffbf88b9a448a3d9ab9fa270f7495fe44d1559c1ac49795a30881a,41f184a29ff88aaf275f3365267b8c909ce7598a,ridge_corrected_41f184a29ff8_6ed147cd_f83baf57
Ridge,1,3,2023-10-30,2023-10-31,17.76,14.7173105557325,-3.042689444267502,3.042689444267502,9.257959054256881,100.0,submitted_main_linear_features_H1_18col,6ed147cd585e5e8083292683f9be3cf585e97e4d46fa0e3224d24a4e2b42cbbb,f83baf5732ffbf88b9a448a3d9ab9fa270f7495fe44d1559c1ac49795a30881a,41f184a29ff88aaf275f3365267b8c909ce7598a,ridge_corrected_41f184a29ff8_6ed147cd_f83baf57
Ridge,3,1,2021-10-12,2021-10-15,15.1,12.735760091977843,-2.3642399080221566,2.3642399080221566,5.5896303426846154,0.01,submitted_main_linear_features_H3_18col,6ed147cd585e5e8083292683f9be3cf585e97e4d46fa0e3224d24a4e2b42cbbb,f83baf5732ffbf88b9a448a3d9ab9fa270f7495fe44d1559c1ac49795a30881a,41f184a29ff88aaf275f3365267b8c909ce7598a,ridge_corrected_41f184a29ff8_6ed147cd_f83baf57
Ridge,3,1,2021-10-13,2021-10-16,11.35,12.786190794965394,1.4361907949653947,1.4361907949653947,2.0626439995433326,0.01,submitted_main_linear_features_H3_18col,6ed147cd585e5e8083292683f9be3cf585e97e4d46fa0e3224d24a4e2b42cbbb,f83baf5732ffbf88b9a448a3d9ab9fa270f7495fe44d1559c1ac49795a30881a,41f184a29ff88aaf275f3365267b8c909ce7598a,ridge_corrected_41f184a29ff8_6ed147cd_f83baf57
Ridge,3,1,2021-10-14,2021-10-17,11.58,13.566390302236378,1.9863903022363782,1.9863903022363782,3.94574643281873,0.01,submitted_main_linear_features_H3_18col,6ed147cd585e5e8083292683f9be3cf585e97e4d46fa0e3224d24a4e2b42cbbb,f83baf5732ffbf88b9a448a3d9ab9fa270f7495fe44d1559c1ac49795a30881a,41f184a29ff88aaf275f3365267b8c909ce7598a,ridge_corrected_41f184a29ff8_6ed147cd_f83baf57
Ridge,3,1,2021-10-15,2021-10-18,13.26,14.097657346384011,0.8376573463840113,0.8376573463840113,0.7016698299511036,0.01,submitted_main_linear_features_H3_18col,6ed147cd585e5e8083292683f9be3cf585e97e4d46fa0e3224d24a4e2b42cbbb,f83baf5732ffbf88b9a448a3d9ab9fa270f7495fe44d1559c1ac49795a30881a,41f184a29ff88aaf275f3365267b8c909ce7598a,ridge_corrected_41f184a29ff8_6ed147cd_f83baf57
Ridge,3,1,2021-10-16,2021-10-19,14.13,13.760948117285349,-0.3690518827146523,0.3690518827146523,0.13619929213522947,0.01,submitted_main_linear_features_H3_18col,6ed147cd585e5e8083292683f9be3cf585e97e4d46fa0e3224d24a4e2b42cbbb,f83baf5732ffbf88b9a448a3d9ab9fa270f7495fe44d1559c1ac49795a30881a,41f184a29ff88aaf275f3365267b8c909ce7598a,ridge_corrected_41f184a29ff8_6ed147cd_f83baf57
Ridge,3,1,2021-10-17,2021-10-20,17.01,13.696636460766035,-3.3133635392339666,3.3133635392339666,10.978377943125038,0.01,submitted_main_linear_features_H3_18col,6ed147cd585e5e8083292683f9be3cf585e97e4d46fa0e3224d24a4e2b42cbbb,f83baf5732ffbf88b9a448a3d9ab9fa270f7495fe44d1559c1ac49795a30881a,41f184a29ff88aaf275f3365267b8c909ce7598a,ridge_corrected_41f184a29ff8_6ed147cd_f83baf57
Ridge,3,1,2021-10-18,2021-10-21,14.11,13.19067357184748,-0.9193264281525195,0.9193264281525195,0.8451610814996696,0.01,submitted_main_linear_features_H3_18col,6ed147cd585e5e8083292683f9be3cf585e97e4d46fa0e3224d24a4e2b42cbbb,f83baf5732ffbf88b9a448a3d9ab9fa270f7495fe44d1559c1ac49795a30881a,41f184a29ff88aaf275f3365267b8c909ce7598a,ridge_corrected_41f184a29ff8_6ed147cd_f83baf57
Ridge,3,1,2021-10-19,2021-10-22,13.32,14.23092870544448,0.9109287054444799,0.9109287054444799,0.829791106402756,0.01,submitted_main_linear_features_H3_18col,6ed147cd585e5e8083292683f9be3cf585e97e4d46fa0e3224d24a4e2b42cbbb,f83baf5732ffbf88b9a448a3d9ab9fa270f7495fe44d1559c1ac49795a30881a,41f184a29ff88aaf275f3365267b8c909ce7598a,ridge_corrected_41f184a29ff8_6ed147cd_f83baf57
Ridge,3,1,2021-10-20,2021-10-23,14.24,14.576680657385008,0.3366806573850081,0.3366806573850081,0.11335386505720119,0.01,submitted_main_linear_features_H3_18col,6ed147cd585e5e8083292683f9be3cf585e97e4d46fa0e3224d24a4e2b42cbbb,f83baf5732ffbf88b9a448a3d9ab9fa270f7495fe44d1559c1ac49795a30881a,41f184a29ff88aaf275f3365267b8c909ce7598a,ridge_corrected_41f184a29ff8_6ed147cd_f83baf57
Ridge,3,1,2021-10-21,2021-10-24,15.48,14.882835009315055,-0.597164990684945,0.597164990684945,0.35660602609975045,0.01,submitted_main_linear_features_H3_18col,6ed147cd585e5e8083292683f9be3cf585e97e4d46fa0e3224d24a4e2b42cbbb,f83baf5732ffbf88b9a448a3d9ab9fa270f7495fe44d1559c1ac49795a30881a,41f184a29ff88aaf275f3365267b8c909ce7598a,ridge_corrected_41f184a29ff8_6ed147cd_f83baf57
Ridge,3,1,2021-10-22,2021-10-25,19.6,14.328097507827403,-5.2719024921725985,5.2719024921725985,27.792955886975655,0.01,submitted_main_linear_features_H3_18col,6ed147cd585e5e8083292683f9be3cf585e97e4d46fa0e3224d24a4e2b42cbbb,f83baf5732ffbf88b9a448a3d9ab9fa270f7495fe44d1559c1ac49795a30881a,41f184a29ff88aaf275f3365267b8c909ce7598a,ridge_corrected_41f184a29ff8_6ed147cd_f83baf57
Ridge,3,1,2021-10-23,2021-10-26,15.56,14.330650204473717,-1.229349795526284,1.229349795526284,1.5113009197605163,0.01,submitted_main_linear_features_H3_18col,6ed147cd585e5e8083292683f9be3cf585e97e4d46fa0e3224d24a4e2b42cbbb,f83baf5732ffbf88b9a448a3d9ab9fa270f7495fe44d1559c1ac49795a30881a,41f184a29ff88aaf275f3365267b8c909ce7598a,ridge_corrected_41f184a29ff8_6ed147cd_f83baf57
Ridge,3,1,2021-10-24,2021-10-27,13.31,15.016653088212482,1.706653088212482,1.706653088212482,2.9126647635052016,0.01,submitted_main_linear_features_H3_18col,6ed147cd585e5e8083292683f9be3cf585e97e4d46fa0e3224d24a4e2b42cbbb,f83baf5732ffbf88b9a448a3d9ab9fa270f7495fe44d1559c1ac49795a30881a,41f184a29ff88aaf275f3365267b8c909ce7598a,ridge_corrected_41f184a29ff8_6ed147cd_f83baf57
Ridge,3,1,2021-10-25,2021-10-28,15.19,15.262438489756365,0.07243848975636524,0.07243848975636524,0.005247334798183032,0.01,submitted_main_linear_features_H3_18col,6ed147cd585e5e8083292683f9be3cf585e97e4d46fa0e3224d24a4e2b42cbbb,f83baf5732ffbf88b9a448a3d9ab9fa270f7495fe44d1559c1ac49795a30881a,41f184a29ff88aaf275f3365267b8c909ce7598a,ridge_corrected_41f184a29ff8_6ed147cd_f83baf57
Ridge,3,1,2021-10-26,2021-10-29,17.0,15.256466169656045,-1.7435338303439547,1.7435338303439547,3.0399102175538624,0.01,submitted_main_linear_features_H3_18col,6ed147cd585e5e8083292683f9be3cf585e97e4d46fa0e3224d24a4e2b42cbbb,f83baf5732ffbf88b9a448a3d9ab9fa270f7495fe44d1559c1ac49795a30881a,41f184a29ff88aaf275f3365267b8c909ce7598a,ridge_corrected_41f184a29ff8_6ed147cd_f83baf57
Ridge,3,1,2021-10-27,2021-10-30,15.17,15.6324957286233,0.4624957286233009,0.4624957286233009,0.21390229899479798,0.01,submitted_main_linear_features_H3_18col,6ed147cd585e5e8083292683f9be3cf585e97e4d46fa0e3224d24a4e2b42cbbb,f83baf5732ffbf88b9a448a3d9ab9fa270f7495fe44d1559c1ac49795a30881a,41f184a29ff88aaf275f3365267b8c909ce7598a,ridge_corrected_41f184a29ff8_6ed147cd_f83baf57
Ridge,3,1,2021-10-28,2021-10-31,14.34,15.663079757302114,1.3230797573021142,1.3230797573021142,1.7505400441826215,0.01,submitted_main_linear_features_H3_18col,6ed147cd585e5e8083292683f9be3cf585e97e4d46fa0e3224d24a4e2b42cbbb,f83baf5732ffbf88b9a448a3d9ab9fa270f7495fe44d1559c1ac49795a30881a,41f184a29ff88aaf275f3365267b8c909ce7598a,ridge_corrected_41f184a29ff8_6ed147cd_f83baf57
Ridge,3,1,2021-10-29,2021-11-01,15.41,15.713434173525545,0.30343417352554525,0.30343417352554525,0.0920722976631307,0.01,submitted_main_linear_features_H3_18col,6ed147cd585e5e8083292683f9be3cf585e97e4d46fa0e3224d24a4e2b42cbbb,f83baf5732ffbf88b9a448a3d9ab9fa270f7495fe44d1559c1ac49795a30881a,41f184a29ff88aaf275f3365267b8c909ce7598a,ridge_corrected_41f184a29ff8_6ed147cd_f83baf57
Ridge,3,1,2021-10-30,2021-11-02,15.17,16.15869128617625,0.98869128617625,0.98869128617625,0.9775104593608475,0.01,submitted_main_linear_features_H3_18col,6ed147cd585e5e8083292683f9be3cf585e97e4d46fa0e3224d24a4e2b42cbbb,f83baf5732ffbf88b9a448a3d9ab9fa270f7495fe44d1559c1ac49795a30881a,41f184a29ff88aaf275f3365267b8c909ce7598a,ridge_corrected_41f184a29ff8_6ed147cd_f83baf57
Ridge,3,1,2021-10-31,2021-11-03,13.4,16.17131757948846,2.771317579488459,2.771317579488459,7.68020112638177,0.01,submitted_main_linear_features_H3_18col,6ed147cd585e5e8083292683f9be3cf585e97e4d46fa0e3224d24a4e2b42cbbb,f83baf5732ffbf88b9a448a3d9ab9fa270f7495fe44d1559c1ac49795a30881a,41f184a29ff88aaf275f3365267b8c909ce7598a,ridge_corrected_41f184a29ff8_6ed147cd_f83baf57
Ridge,3,1,2021-11-01,2021-11-04,15.12,15.91231087440854,0.7923108744085408,0.7923108744085408,0.6277565217060265,0.01,submitted_main_linear_features_H3_18col,6ed147cd585e5e8083292683f9be3cf585e97e4d46fa0e3224d24a4e2b42cbbb,f83baf5732ffbf88b9a448a3d9ab9fa270f7495fe44d1559c1ac49795a30881a,41f184a29ff88aaf275f3365267b8c909ce7598a,ridge_corrected_41f184a29ff8_6ed147cd_f83baf57
Ridge,3,1,2021-11-02,2021-11-05,12.8,14.894598071180665,2.0945980711806644,2.0945980711806644,4.38734107979376,0.01,submitted_main_linear_features_H3_18col,6ed147cd585e5e8083292683f9be3cf585e97e4d46fa0e3224d24a4e2b42cbbb,f83baf5732ffbf88b9a448a3d9ab9fa270f7495fe44d1559c1ac49795a30881a,41f184a29ff88aaf275f3365267b8c909ce7598a,ridge_corrected_41f184a29ff8_6ed147cd_f83baf57
Ridge,3,1,2021-11-03,2021-11-06,12.34,14.800721322094052,2.4607213220940523,2.4607213220940523,6.055149425008301,0.01,submitted_main_linear_features_H3_18col,6ed147cd585e5e8083292683f9be3cf585e97e4d46fa0e3224d24a4e2b42cbbb,f83baf5732ffbf88b9a448a3d9ab9fa270f7495fe44d1559c1ac49795a30881a,41f184a29ff88aaf275f3365267b8c909ce7598a,ridge_corrected_41f184a29ff8_6ed147cd_f83baf57
Ridge,3,1,2021-11-04,2021-11-07,13.03,14.434142742761518,1.4041427427615183,1.4041427427615183,1.9716168420498392,0.01,submitted_main_linear_features_H3_18col,6ed147cd585e5e8083292683f9be3cf585e97e4d46fa0e3224d24a4e2b42cbbb,f83baf5732ffbf88b9a448a3d9ab9fa270f7495fe44d1559c1ac49795a30881a,41f184a29ff88aaf275f3365267b8c909ce7598a,ridge_corrected_41f184a29ff8_6ed147cd_f83baf57
Ridge,3,1,2021-11-05,2021-11-08,13.2,14.105802001196952,0.9058020011969532,0.9058020011969532,0.8204772653724052,0.01,submitted_main_linear_features_H3_18col,6ed147cd585e5e8083292683f9be3cf585e97e4d46fa0e3224d24a4e2b42cbbb,f83baf5732ffbf88b9a448a3d9ab9fa270f7495fe44d1559c1ac49795a30881a,41f184a29ff88aaf275f3365267b8c909ce7598a,ridge_corrected_41f184a29ff8_6ed147cd_f83baf57
Ridge,3,1,2021-11-06,2021-11-09,14.39,13.421207172764406,-0.9687928272355943,0.9687928272355943,0.9385595421031362,0.01,submitted_main_linear_features_H3_18col,6ed147cd585e5e8083292683f9be3cf585e97e4d46fa0e3224d24a4e2b42cbbb,f83baf5732ffbf88b9a448a3d9ab9fa270f7495fe44d1559c1ac49795a30881a,41f184a29ff88aaf275f3365267b8c909ce7598a,ridge_corrected_41f184a29ff8_6ed147cd_f83baf57
Ridge,3,1,2021-11-07,2021-11-10,11.54,13.392874721028319,1.8528747210283196,1.8528747210283196,3.4331447318257733,0.01,submitted_main_linear_features_H3_18col,6ed147cd585e5e8083292683f9be3cf585e97e4d46fa0e3224d24a4e2b42cbbb,f83baf5732ffbf88b9a448a3d9ab9fa270f7495fe44d1559c1ac49795a30881a,41f184a29ff88aaf275f3365267b8c909ce7598a,ridge_corrected_41f184a29ff8_6ed147cd_f83baf57
Ridge,3,1,2021-11-08,2021-11-11,12.82,13.35497701090473,0.5349770109047292,0.5349770109047292,0.2862004021965587,0.01,submitted_main_linear_features_H3_18col,6ed147cd585e5e8083292683f9be3cf585e97e4d46fa0e3224d24a4e2b42cbbb,f83baf5732ffbf88b9a448a3d9ab9fa270f7495fe44d1559c1ac49795a30881a,41f184a29ff88aaf275f3365267b8c909ce7598a,ridge_corrected_41f184a29ff8_6ed147cd_f83baf57
Ridge,3,1,2021-11-09,2021-11-12,13.54,12.982317500832927,-0.5576824991670719,0.5576824991670719,0.31100976987723117,0.01,submitted_main_linear_features_H3_18col,6ed147cd585e5e8083292683f9be3cf585e97e4d46fa0e3224d24a4e2b42cbbb,f83baf5732ffbf88b9a448a3d9ab9fa270f7495fe44d1559c1ac49795a30881a,41f184a29ff88aaf275f3365267b8c909ce7598a,ridge_corrected_41f184a29ff8_6ed147cd_f83baf57
Ridge,3,1,2021-11-10,2021-11-13,13.92,13.375302633530472,-0.5446973664695278,0.5446973664695278,0.2966952210388391,0.01,submitted_main_linear_features_H3_18col,6ed147cd585e5e8083292683f9be3cf585e97e4d46fa0e3224d24a4e2b42cbbb,f83baf5732ffbf88b9a448a3d9ab9fa270f7495fe44d1559c1ac49795a30881a,41f184a29ff88aaf275f3365267b8c909ce7598a,ridge_corrected_41f184a29ff8_6ed147cd_f83baf57
Ridge,3,1,2021-11-11,2021-11-14,15.8,13.85451612670283,-1.9454838732971709,1.9454838732971709,3.7849075012593625,0.01,submitted_main_linear_features_H3_18col,6ed147cd585e5e8083292683f9be3cf585e97e4d46fa0e3224d24a4e2b42cbbb,f83baf5732ffbf88b9a448a3d9ab9fa270f7495fe44d1559c1ac49795a30881a,41f184a29ff88aaf275f3365267b8c909ce7598a,ridge_corrected_41f184a29ff8_6ed147cd_f83baf57
Ridge,3,1,2021-11-12,2021-11-15,14.69,14.078601504824816,-0.6113984951751839,0.6113984951751839,0.3738081199024793,0.01,submitted_main_linear_features_H3_18col,6ed147cd585e5e8083292683f9be3cf585e97e4d46fa0e3224d24a4e2b42cbbb,f83baf5732ffbf88b9a448a3d9ab9fa270f7495fe44d1559c1ac49795a30881a,41f184a29ff88aaf275f3365267b8c909ce7598a,ridge_corrected_41f184a29ff8_6ed147cd_f83baf57
Ridge,3,1,2021-11-13,2021-11-16,12.83,14.702527356681514,1.8725273566815144,1.8725273566815144,3.5063587015206594,0.01,submitted_main_linear_features_H3_18col,6ed147cd585e5e8083292683f9be3cf585e97e4d46fa0e3224d24a4e2b42cbbb,f83baf5732ffbf88b9a448a3d9ab9fa270f7495fe44d1559c1ac49795a30881a,41f184a29ff88aaf275f3365267b8c909ce7598a,ridge_corrected_41f184a29ff8_6ed147cd_f83baf57
Ridge,3,1,2021-11-14,2021-11-17,12.32,14.884032475258065,2.564032475258065,2.564032475258065,6.574262534178,0.01,submitted_main_linear_features_H3_18col,6ed147cd585e5e8083292683f9be3cf585e97e4d46fa0e3224d24a4e2b42cbbb,f83baf5732ffbf88b9a448a3d9ab9fa270f7495fe44d1559c1ac49795a30881a,41f184a29ff88aaf275f3365267b8c909ce7598a,ridge_corrected_41f184a29ff8_6ed147cd_f83baf57
Ridge,3,1,2021-11-15,2021-11-18,17.99,15.077029616281358,-2.9129703837186405,2.9129703837186405,8.485396456421924,0.01,submitted_main_linear_features_H3_18col,6ed147cd585e5e8083292683f9be3cf585e97e4d46fa0e3224d24a4e2b42cbbb,f83baf5732ffbf88b9a448a3d9ab9fa270f7495fe44d1559c1ac49795a30881a,41f184a29ff88aaf275f3365267b8c909ce7598a,ridge_corrected_41f184a29ff8_6ed147cd_f83baf57
Ridge,3,1,2021-11-16,2021-11-19,17.94,14.668912222870599,-3.2710877771294022,3.2710877771294022,10.700015245685375,0.01,submitted_main_linear_features_H3_18col,6ed147cd585e5e8083292683f9be3cf585e97e4d46fa0e3224d24a4e2b42cbbb,f83baf5732ffbf88b9a448a3d9ab9fa270f7495fe44d1559c1ac49795a30881a,41f184a29ff88aaf275f3365267b8c909ce7598a,ridge_corrected_41f184a29ff8_6ed147cd_f83baf57
Ridge,3,1,2021-11-17,2021-11-20,11.8,14.74038194894961,2.940381948949609,2.940381948949609,8.645846005708702,0.01,submitted_main_linear_features_H3_18col,6ed147cd585e5e8083292683f9be3cf585e97e4d46fa0e3224d24a4e2b42cbbb,f83baf5732ffbf88b9a448a3d9ab9fa270f7495fe44d1559c1ac49795a30881a,41f184a29ff88aaf275f3365267b8c909ce7598a,ridge_corrected_41f184a29ff8_6ed147cd_f83baf57
Ridge,3,1,2021-11-18,2021-11-21,11.89,14.601620061832767,2.7116200618327664,2.7116200618327664,7.352883359733935,0.01,submitted_main_linear_features_H3_18col,6ed147cd585e5e8083292683f9be3cf585e97e4d46fa0e3224d24a4e2b42cbbb,f83baf5732ffbf88b9a448a3d9ab9fa270f7495fe44d1559c1ac49795a30881a,41f184a29ff88aaf275f3365267b8c909ce7598a,ridge_corrected_41f184a29ff8_6ed147cd_f83baf57
Ridge,3,1,2021-11-19,2021-11-22,12.22,15.086419697120633,2.866419697120632,2.866419697120632,8.216361880041136,0.01,submitted_main_linear_features_H3_18col,6ed147cd585e5e8083292683f9be3cf585e97e4d46fa0e3224d24a4e2b42cbbb,f83baf5732ffbf88b9a448a3d9ab9fa270f7495fe44d1559c1ac49795a30881a,41f184a29ff88aaf275f3365267b8c909ce7598a,ridge_corrected_41f184a29ff8_6ed147cd_f83baf57
Ridge,3,1,2021-11-20,2021-11-23,13.13,14.801359703902989,1.6713597039029882,1.6713597039029882,2.7934432598306844,0.01,submitted_main_linear_features_H3_18col,6ed147cd585e5e8083292683f9be3cf585e97e4d46fa0e3224d24a4e2b42cbbb,f83baf5732ffbf88b9a448a3d9ab9fa270f7495fe44d1559c1ac49795a30881a,41f184a29ff88aaf275f3365267b8c909ce7598a,ridge_corrected_41f184a29ff8_6ed147cd_f83baf57
Ridge,3,1,2021-11-21,2021-11-24,16.36,13.983178237776919,-2.3768217622230807,2.3768217622230807,5.649281689377231,0.01,submitted_main_linear_features_H3_18col,6ed147cd585e5e8083292683f9be3cf585e97e4d46fa0e3224d24a4e2b42cbbb,f83baf5732ffbf88b9a448a3d9ab9fa270f7495fe44d1559c1ac49795a30881a,41f184a29ff88aaf275f3365267b8c909ce7598a,ridge_corrected_41f184a29ff8_6ed147cd_f83baf57
Ridge,3,1,2021-11-22,2021-11-25,12.85,13.34551610363966,0.4955161036396607,0.4955161036396607,0.24553620896623096,0.01,submitted_main_linear_features_H3_18col,6ed147cd585e5e8083292683f9be3cf585e97e4d46fa0e3224d24a4e2b42cbbb,f83baf5732ffbf88b9a448a3d9ab9fa270f7495fe44d1559c1ac49795a30881a,41f184a29ff88aaf275f3365267b8c909ce7598a,ridge_corrected_41f184a29ff8_6ed147cd_f83baf57
Ridge,3,1,2021-11-23,2021-11-26,11.66,13.186618428512203,1.5266184285122026,1.5266184285122026,2.330563826273067,0.01,submitted_main_linear_features_H3_18col,6ed147cd585e5e8083292683f9be3cf585e97e4d46fa0e3224d24a4e2b42cbbb,f83baf5732ffbf88b9a448a3d9ab9fa270f7495fe44d1559c1ac49795a30881a,41f184a29ff88aaf275f3365267b8c909ce7598a,ridge_corrected_41f184a29ff8_6ed147cd_f83baf57
Ridge,3,1,2021-11-24,2021-11-27,13.7,13.196035634684824,-0.5039643653151753,0.5039643653151753,0.2539800815075275,0.01,submitted_main_linear_features_H3_18col,6ed147cd585e5e8083292683f9be3cf585e97e4d46fa0e3224d24a4e2b42cbbb,f83baf5732ffbf88b9a448a3d9ab9fa270f7495fe44d1559c1ac49795a30881a,41f184a29ff88aaf275f3365267b8c909ce7598a,ridge_corrected_41f184a29ff8_6ed147cd_f83baf57
Ridge,3,1,2021-11-25,2021-11-28,13.18,13.394302515706379,0.21430251570637893,0.21430251570637893,0.04592556823808279,0.01,submitted_main_linear_features_H3_18col,6ed147cd585e5e8083292683f9be3cf585e97e4d46fa0e3224d24a4e2b42cbbb,f83baf5732ffbf88b9a448a3d9ab9fa270f7495fe44d1559c1ac49795a30881a,41f184a29ff88aaf275f3365267b8c909ce7598a,ridge_corrected_41f184a29ff8_6ed147cd_f83baf57
Ridge,3,1,2021-11-26,2021-11-29,13.79,12.360910810458954,-1.4290891895410454,1.4290891895410454,2.0422959116630817,0.01,submitted_main_linear_features_H3_18col,6ed147cd585e5e8083292683f9be3cf585e97e4d46fa0e3224d24a4e2b42cbbb,f83baf5732ffbf88b9a448a3d9ab9fa270f7495fe44d1559c1ac49795a30881a,41f184a29ff88aaf275f3365267b8c909ce7598a,ridge_corrected_41f184a29ff8_6ed147cd_f83baf57
Ridge,3,1,2021-11-27,2021-11-30,12.22,12.208992848086705,-0.011007151913295488,0.011007151913295488,0.00012115739324236451,0.01,submitted_main_linear_features_H3_18col,6ed147cd585e5e8083292683f9be3cf585e97e4d46fa0e3224d24a4e2b42cbbb,f83baf5732ffbf88b9a448a3d9ab9fa270f7495fe44d1559c1ac49795a30881a,41f184a29ff88aaf275f3365267b8c909ce7598a,ridge_corrected_41f184a29ff8_6ed147cd_f83baf57
Ridge,3,1,2021-11-28,2021-12-01,10.84,13.528124589947165,2.688124589947165,2.688124589947165,7.226013811078614,0.01,submitted_main_linear_features_H3_18col,6ed147cd585e5e8083292683f9be3cf585e97e4d46fa0e3224d24a4e2b42cbbb,f83baf5732ffbf88b9a448a3d9ab9fa270f7495fe44d1559c1ac49795a30881a,41f184a29ff88aaf275f3365267b8c909ce7598a,ridge_corrected_41f184a29ff8_6ed147cd_f83baf57
Ridge,3,1,2021-11-29,2021-12-02,13.37,13.85012462566662,0.48012462566662073,0.48012462566662073,0.23051965617151268,0.01,submitted_main_linear_features_H3_18col,6ed147cd585e5e8083292683f9be3cf585e97e4d46fa0e3224d24a4e2b42cbbb,f83baf5732ffbf88b9a448a3d9ab9fa270f7495fe44d1559c1ac49795a30881a,41f184a29ff88aaf275f3365267b8c909ce7598a,ridge_corrected_41f184a29ff8_6ed147cd_f83baf57
Ridge,3,1,2021-11-30,2021-12-03,10.74,13.621251696897387,2.8812516968973867,2.8812516968973867,8.30161134087407,0.01,submitted_main_linear_features_H3_18col,6ed147cd585e5e8083292683f9be3cf585e97e4d46fa0e3224d24a4e2b42cbbb,f83baf5732ffbf88b9a448a3d9ab9fa270f7495fe44d1559c1ac49795a30881a,41f184a29ff88aaf275f3365267b8c909ce7598a,ridge_corrected_41f184a29ff8_6ed147cd_f83baf57
Ridge,3,1,2021-12-01,2021-12-04,11.22,12.853558168305518,1.6335581683055178,1.6335581683055178,2.6685122892376785,0.01,submitted_main_linear_features_H3_18col,6ed147cd585e5e8083292683f9be3cf585e97e4d46fa0e3224d24a4e2b42cbbb,f83baf5732ffbf88b9a448a3d9ab9fa270f7495fe44d1559c1ac49795a30881a,41f184a29ff88aaf275f3365267b8c909ce7598a,ridge_corrected_41f184a29ff8_6ed147cd_f83baf57
Ridge,3,1,2021-12-02,2021-12-05,8.75,12.886237434908022,4.136237434908022,4.136237434908022,17.108460117934495,0.01,submitted_main_linear_features_H3_18col,6ed147cd585e5e8083292683f9be3cf585e97e4d46fa0e3224d24a4e2b42cbbb,f83baf5732ffbf88b9a448a3d9ab9fa270f7495fe44d1559c1ac49795a30881a,41f184a29ff88aaf275f3365267b8c909ce7598a,ridge_corrected_41f184a29ff8_6ed147cd_f83baf57
Ridge,3,1,2021-12-03,2021-12-06,9.91,13.766196345101152,3.856196345101152,3.856196345101152,14.870250251971482,0.01,submitted_main_linear_features_H3_18col,6ed147cd585e5e8083292683f9be3cf585e97e4d46fa0e3224d24a4e2b42cbbb,f83baf5732ffbf88b9a448a3d9ab9fa270f7495fe44d1559c1ac49795a30881a,41f184a29ff88aaf275f3365267b8c909ce7598a,ridge_corrected_41f184a29ff8_6ed147cd_f83baf57
Ridge,3,1,2021-12-04,2021-12-07,10.34,13.681149558041344,3.3411495580413444,3.3411495580413444,11.163280369199871,0.01,submitted_main_linear_features_H3_18col,6ed147cd585e5e8083292683f9be3cf585e97e4d46fa0e3224d24a4e2b42cbbb,f83baf5732ffbf88b9a448a3d9ab9fa270f7495fe44d1559c1ac49795a30881a,41f184a29ff88aaf275f3365267b8c909ce7598a,ridge_corrected_41f184a29ff8_6ed147cd_f83baf57
Ridge,3,1,2021-12-05,2021-12-08,10.51,13.623311360033371,3.1133113600333715,3.1133113600333715,9.692707624512842,0.01,submitted_main_linear_features_H3_18col,6ed147cd585e5e8083292683f9be3cf585e97e4d46fa0e3224d24a4e2b42cbbb,f83baf5732ffbf88b9a448a3d9ab9fa270f7495fe44d1559c1ac49795a30881a,41f184a29ff88aaf275f3365267b8c909ce7598a,ridge_corrected_41f184a29ff8_6ed147cd_f83baf57
Ridge,3,1,2021-12-06,2021-12-09,11.17,12.750477210768967,1.5804772107689669,1.5804772107689669,2.4979082137600535,0.01,submitted_main_linear_features_H3_18col,6ed147cd585e5e8083292683f9be3cf585e97e4d46fa0e3224d24a4e2b42cbbb,f83baf5732ffbf88b9a448a3d9ab9fa270f7495fe44d1559c1ac49795a30881a,41f184a29ff88aaf275f3365267b8c909ce7598a,ridge_corrected_41f184a29ff8_6ed147cd_f83baf57
Ridge,3,1,2021-12-07,2021-12-10,11.52,13.303738341234148,1.783738341234148,1.783738341234148,3.1817224699887503,0.01,submitted_main_linear_features_H3_18col,6ed147cd585e5e8083292683f9be3cf585e97e4d46fa0e3224d24a4e2b42cbbb,f83baf5732ffbf88b9a448a3d9ab9fa270f7495fe44d1559c1ac49795a30881a,41f184a29ff88aaf275f3365267b8c909ce7598a,ridge_corrected_41f184a29ff8_6ed147cd_f83baf57
Ridge,3,1,2021-12-08,2021-12-11,11.81,12.827735051173562,1.0177350511735614,1.0177350511735614,1.0357846343872517,0.01,submitted_main_linear_features_H3_18col,6ed147cd585e5e8083292683f9be3cf585e97e4d46fa0e3224d24a4e2b42cbbb,f83baf5732ffbf88b9a448a3d9ab9fa270f7495fe44d1559c1ac49795a30881a,41f184a29ff88aaf275f3365267b8c909ce7598a,ridge_corrected_41f184a29ff8_6ed147cd_f83baf57
Ridge,3,1,2021-12-09,2021-12-12,12.88,12.508439036240718,-0.3715609637592827,0.3715609637592827,0.138057549789727,0.01,submitted_main_linear_features_H3_18col,6ed147cd585e5e8083292683f9be3cf585e97e4d46fa0e3224d24a4e2b42cbbb,f83baf5732ffbf88b9a448a3d9ab9fa270f7495fe44d1559c1ac49795a30881a,41f184a29ff88aaf275f3365267b8c909ce7598a,ridge_corrected_41f184a29ff8_6ed147cd_f83baf57
Ridge,3,1,2021-12-10,2021-12-13,11.17,12.436625530657636,1.2666255306576364,1.2666255306576364,1.604340234913739,0.01,submitted_main_linear_features_H3_18col,6ed147cd585e5e8083292683f9be3cf585e97e4d46fa0e3224d24a4e2b42cbbb,f83baf5732ffbf88b9a448a3d9ab9fa270f7495fe44d1559c1ac49795a30881a,41f184a29ff88aaf275f3365267b8c909ce7598a,ridge_corrected_41f184a29ff8_6ed147cd_f83baf57
Ridge,3,1,2021-12-11,2021-12-14,12.56,11.873969663041233,-0.6860303369587673,0.6860303369587673,0.47063762322775976,0.01,submitted_main_linear_features_H3_18col,6ed147cd585e5e8083292683f9be3cf585e97e4d46fa0e3224d24a4e2b42cbbb,f83baf5732ffbf88b9a448a3d9ab9fa270f7495fe44d1559c1ac49795a30881a,41f184a29ff88aaf275f3365267b8c909ce7598a,ridge_corrected_41f184a29ff8_6ed147cd_f83baf57
Ridge,3,1,2021-12-12,2021-12-15,12.41,11.605316851067442,-0.8046831489325577,0.8046831489325577,0.6475149701760168,0.01,submitted_main_linear_features_H3_18col,6ed147cd585e5e8083292683f9be3cf585e97e4d46fa0e3224d24a4e2b42cbbb,f83baf5732ffbf88b9a448a3d9ab9fa270f7495fe44d1559c1ac49795a30881a,41f184a29ff88aaf275f3365267b8c909ce7598a,ridge_corrected_41f184a29ff8_6ed147cd_f83baf57
Ridge,3,1,2021-12-13,2021-12-16,12.31,12.133946858536724,-0.17605314146327622,0.17605314146327622,0.03099470861908835,0.01,submitted_main_linear_features_H3_18col,6ed147cd585e5e8083292683f9be3cf585e97e4d46fa0e3224d24a4e2b42cbbb,f83baf5732ffbf88b9a448a3d9ab9fa270f7495fe44d1559c1ac49795a30881a,41f184a29ff88aaf275f3365267b8c909ce7598a,ridge_corrected_41f184a29ff8_6ed147cd_f83baf57
Ridge,3,1,2021-12-14,2021-12-17,12.19,12.238592989731785,0.04859298973178561,0.04859298973178561,0.0023612786510734214,0.01,submitted_main_linear_features_H3_18col,6ed147cd585e5e8083292683f9be3cf585e97e4d46fa0e3224d24a4e2b42cbbb,f83baf5732ffbf88b9a448a3d9ab9fa270f7495fe44d1559c1ac49795a30881a,41f184a29ff88aaf275f3365267b8c909ce7598a,ridge_corrected_41f184a29ff8_6ed147cd_f83baf57
Ridge,3,1,2021-12-15,2021-12-18,13.13,13.073696674461047,-0.056303325538953786,0.056303325538953786,0.0031700644667454056,0.01,submitted_main_linear_features_H3_18col,6ed147cd585e5e8083292683f9be3cf585e97e4d46fa0e3224d24a4e2b42cbbb,f83baf5732ffbf88b9a448a3d9ab9fa270f7495fe44d1559c1ac49795a30881a,41f184a29ff88aaf275f3365267b8c909ce7598a,ridge_corrected_41f184a29ff8_6ed147cd_f83baf57
Ridge,3,1,2021-12-16,2021-12-19,13.1,13.093566919165715,-0.00643308083428451,0.00643308083428451,4.138452902043869e-05,0.01,submitted_main_linear_features_H3_18col,6ed147cd585e5e8083292683f9be3cf585e97e4d46fa0e3224d24a4e2b42cbbb,f83baf5732ffbf88b9a448a3d9ab9fa270f7495fe44d1559c1ac49795a30881a,41f184a29ff88aaf275f3365267b8c909ce7598a,ridge_corrected_41f184a29ff8_6ed147cd_f83baf57
Ridge,3,1,2021-12-17,2021-12-20,11.09,13.333865263771605,2.243865263771605,2.243865263771605,5.034931321960815,0.01,submitted_main_linear_features_H3_18col,6ed147cd585e5e8083292683f9be3cf585e97e4d46fa0e3224d24a4e2b42cbbb,f83baf5732ffbf88b9a448a3d9ab9fa270f7495fe44d1559c1ac49795a30881a,41f184a29ff88aaf275f3365267b8c909ce7598a,ridge_corrected_41f184a29ff8_6ed147cd_f83baf57
Ridge,3,1,2021-12-18,2021-12-21,11.57,13.361275538850325,1.791275538850325,1.791275538850325,3.208668056083522,0.01,submitted_main_linear_features_H3_18col,6ed147cd585e5e8083292683f9be3cf585e97e4d46fa0e3224d24a4e2b42cbbb,f83baf5732ffbf88b9a448a3d9ab9fa270f7495fe44d1559c1ac49795a30881a,41f184a29ff88aaf275f3365267b8c909ce7598a,ridge_corrected_41f184a29ff8_6ed147cd_f83baf57
Ridge,3,1,2021-12-19,2021-12-22,12.64,13.988110870721226,1.348110870721225,1.348110870721225,1.8174029197567396,0.01,submitted_main_linear_features_H3_18col,6ed147cd585e5e8083292683f9be3cf585e97e4d46fa0e3224d24a4e2b42cbbb,f83baf5732ffbf88b9a448a3d9ab9fa270f7495fe44d1559c1ac49795a30881a,41f184a29ff88aaf275f3365267b8c909ce7598a,ridge_corrected_41f184a29ff8_6ed147cd_f83baf57
Ridge,3,1,2021-12-20,2021-12-23,17.51,13.796771696421391,-3.7132283035786102,3.7132283035786102,13.788064434497283,0.01,submitted_main_linear_features_H3_18col,6ed147cd585e5e8083292683f9be3cf585e97e4d46fa0e3224d24a4e2b42cbbb,f83baf5732ffbf88b9a448a3d9ab9fa270f7495fe44d1559c1ac49795a30881a,41f184a29ff88aaf275f3365267b8c909ce7598a,ridge_corrected_41f184a29ff8_6ed147cd_f83baf57
Ridge,3,1,2021-12-21,2021-12-24,17.98,13.3890025856834,-4.5909974143166,4.5909974143166,21.07725725826171,0.01,submitted_main_linear_features_H3_18col,6ed147cd585e5e8083292683f9be3cf585e97e4d46fa0e3224d24a4e2b42cbbb,f83baf5732ffbf88b9a448a3d9ab9fa270f7495fe44d1559c1ac49795a30881a,41f184a29ff88aaf275f3365267b8c909ce7598a,ridge_corrected_41f184a29ff8_6ed147cd_f83baf57
Ridge,3,1,2021-12-22,2021-12-25,13.07,13.878323670707859,0.8083236707078587,0.8083236707078587,0.6533871566266268,0.01,submitted_main_linear_features_H3_18col,6ed147cd585e5e8083292683f9be3cf585e97e4d46fa0e3224d24a4e2b42cbbb,f83baf5732ffbf88b9a448a3d9ab9fa270f7495fe44d1559c1ac49795a30881a,41f184a29ff88aaf275f3365267b8c909ce7598a,ridge_corrected_41f184a29ff8_6ed147cd_f83baf57
Ridge,3,1,2021-12-23,2021-12-26,12.36,14.336415304293011,1.9764153042930115,1.9764153042930115,3.9062174550436373,0.01,submitted_main_linear_features_H3_18col,6ed147cd585e5e8083292683f9be3cf585e97e4d46fa0e3224d24a4e2b42cbbb,f83baf5732ffbf88b9a448a3d9ab9fa270f7495fe44d1559c1ac49795a30881a,41f184a29ff88aaf275f3365267b8c909ce7598a,ridge_corrected_41f184a29ff8_6ed147cd_f83baf57
Ridge,3,1,2021-12-24,2021-12-27,11.88,13.791245448997266,1.9112454489972652,1.9112454489972652,3.652859166312758,0.01,submitted_main_linear_features_H3_18col,6ed147cd585e5e8083292683f9be3cf585e97e4d46fa0e3224d24a4e2b42cbbb,f83baf5732ffbf88b9a448a3d9ab9fa270f7495fe44d1559c1ac49795a30881a,41f184a29ff88aaf275f3365267b8c909ce7598a,ridge_corrected_41f184a29ff8_6ed147cd_f83baf57
Ridge,3,1,2021-12-25,2021-12-28,12.06,13.63711675693319,1.57711675693319,1.57711675693319,2.487297264999463,0.01,submitted_main_linear_features_H3_18col,6ed147cd585e5e8083292683f9be3cf585e97e4d46fa0e3224d24a4e2b42cbbb,f83baf5732ffbf88b9a448a3d9ab9fa270f7495fe44d1559c1ac49795a30881a,41f184a29ff88aaf275f3365267b8c909ce7598a,ridge_corrected_41f184a29ff8_6ed147cd_f83baf57
Ridge,3,1,2021-12-26,2021-12-29,11.48,13.024378994599092,1.5443789945990911,1.5443789945990911,2.3851064789588996,0.01,submitted_main_linear_features_H3_18col,6ed147cd585e5e8083292683f9be3cf585e97e4d46fa0e3224d24a4e2b42cbbb,f83baf5732ffbf88b9a448a3d9ab9fa270f7495fe44d1559c1ac49795a30881a,41f184a29ff88aaf275f3365267b8c909ce7598a,ridge_corrected_41f184a29ff8_6ed147cd_f83baf57
Ridge,3,1,2021-12-27,2021-12-30,11.02,13.359172794633457,2.3391727946334573,2.3391727946334573,5.471729363153298,0.01,submitted_main_linear_features_H3_18col,6ed147cd585e5e8083292683f9be3cf585e97e4d46fa0e3224d24a4e2b42cbbb,f83baf5732ffbf88b9a448a3d9ab9fa270f7495fe44d1559c1ac49795a30881a,41f184a29ff88aaf275f3365267b8c909ce7598a,ridge_corrected_41f184a29ff8_6ed147cd_f83baf57
Ridge,3,1,2021-12-28,2021-12-31,12.37,13.385484753186024,1.0154847531860245,1.0154847531860245,1.0312092839532812,0.01,submitted_main_linear_features_H3_18col,6ed147cd585e5e8083292683f9be3cf585e97e4d46fa0e3224d24a4e2b42cbbb,f83baf5732ffbf88b9a448a3d9ab9fa270f7495fe44d1559c1ac49795a30881a,41f184a29ff88aaf275f3365267b8c909ce7598a,ridge_corrected_41f184a29ff8_6ed147cd_f83baf57
Ridge,3,1,2021-12-29,2022-01-01,13.37,14.15200042505287,0.7820004250528712,0.7820004250528712,0.6115246647828712,0.01,submitted_main_linear_features_H3_18col,6ed147cd585e5e8083292683f9be3cf585e97e4d46fa0e3224d24a4e2b42cbbb,f83baf5732ffbf88b9a448a3d9ab9fa270f7495fe44d1559c1ac49795a30881a,41f184a29ff88aaf275f3365267b8c909ce7598a,ridge_corrected_41f184a29ff8_6ed147cd_f83baf57
Ridge,3,1,2021-12-30,2022-01-02,12.34,13.972970491248223,1.6329704912482228,1.6329704912482228,2.666592625287462,0.01,submitted_main_linear_features_H3_18col,6ed147cd585e5e8083292683f9be3cf585e97e4d46fa0e3224d24a4e2b42cbbb,f83baf5732ffbf88b9a448a3d9ab9fa270f7495fe44d1559c1ac49795a30881a,41f184a29ff88aaf275f3365267b8c909ce7598a,ridge_corrected_41f184a29ff8_6ed147cd_f83baf57
Ridge,3,1,2021-12-31,2022-01-03,12.28,13.622571680437316,1.3425716804373167,1.3425716804373167,1.8024987171122804,0.01,submitted_main_linear_features_H3_18col,6ed147cd585e5e8083292683f9be3cf585e97e4d46fa0e3224d24a4e2b42cbbb,f83baf5732ffbf88b9a448a3d9ab9fa270f7495fe44d1559c1ac49795a30881a,41f184a29ff88aaf275f3365267b8c909ce7598a,ridge_corrected_41f184a29ff8_6ed147cd_f83baf57
Ridge,3,1,2022-01-01,2022-01-04,12.84,13.505881030458212,0.6658810304582126,0.6658810304582126,0.443397546724091,0.01,submitted_main_linear_features_H3_18col,6ed147cd585e5e8083292683f9be3cf585e97e4d46fa0e3224d24a4e2b42cbbb,f83baf5732ffbf88b9a448a3d9ab9fa270f7495fe44d1559c1ac49795a30881a,41f184a29ff88aaf275f3365267b8c909ce7598a,ridge_corrected_41f184a29ff8_6ed147cd_f83baf57
Ridge,3,1,2022-01-02,2022-01-05,12.52,13.771777006296452,1.251777006296452,1.251777006296452,1.5669456734925076,0.01,submitted_main_linear_features_H3_18col,6ed147cd585e5e8083292683f9be3cf585e97e4d46fa0e3224d24a4e2b42cbbb,f83baf5732ffbf88b9a448a3d9ab9fa270f7495fe44d1559c1ac49795a30881a,41f184a29ff88aaf275f3365267b8c909ce7598a,ridge_corrected_41f184a29ff8_6ed147cd_f83baf57
Ridge,3,1,2022-01-03,2022-01-06,12.79,13.28673252637887,0.4967325263788709,0.4967325263788709,0.24674320276273567,0.01,submitted_main_linear_features_H3_18col,6ed147cd585e5e8083292683f9be3cf585e97e4d46fa0e3224d24a4e2b42cbbb,f83baf5732ffbf88b9a448a3d9ab9fa270f7495fe44d1559c1ac49795a30881a,41f184a29ff88aaf275f3365267b8c909ce7598a,ridge_corrected_41f184a29ff8_6ed147cd_f83baf57
Ridge,3,1,2022-01-04,2022-01-07,13.93,13.314246904224117,-0.615753095775883,0.615753095775883,0.37915187495758373,0.01,submitted_main_linear_features_H3_18col,6ed147cd585e5e8083292683f9be3cf585e97e4d46fa0e3224d24a4e2b42cbbb,f83baf5732ffbf88b9a448a3d9ab9fa270f7495fe44d1559c1ac49795a30881a,41f184a29ff88aaf275f3365267b8c909ce7598a,ridge_corrected_41f184a29ff8_6ed147cd_f83baf57
Ridge,3,1,2022-01-05,2022-01-08,14.05,13.530294306136756,-0.5197056938632443,0.5197056938632443,0.2700940082338762,0.01,submitted_main_linear_features_H3_18col,6ed147cd585e5e8083292683f9be3cf585e97e4d46fa0e3224d24a4e2b42cbbb,f83baf5732ffbf88b9a448a3d9ab9fa270f7495fe44d1559c1ac49795a30881a,41f184a29ff88aaf275f3365267b8c909ce7598a,ridge_corrected_41f184a29ff8_6ed147cd_f83baf57
Ridge,3,1,2022-01-06,2022-01-09,11.8,13.394979689567748,1.5949796895677473,1.5949796895677473,2.5439602101336276,0.01,submitted_main_linear_features_H3_18col,6ed147cd585e5e8083292683f9be3cf585e97e4d46fa0e3224d24a4e2b42cbbb,f83baf5732ffbf88b9a448a3d9ab9fa270f7495fe44d1559c1ac49795a30881a,41f184a29ff88aaf275f3365267b8c909ce7598a,ridge_corrected_41f184a29ff8_6ed147cd_f83baf57
Ridge,3,1,2022-01-07,2022-01-10,12.13,12.99668244880657,0.8666824488065696,0.8666824488065696,0.7511384670693522,0.01,submitted_main_linear_features_H3_18col,6ed147cd585e5e8083292683f9be3cf585e97e4d46fa0e3224d24a4e2b42cbbb,f83baf5732ffbf88b9a448a3d9ab9fa270f7495fe44d1559c1ac49795a30881a,41f184a29ff88aaf275f3365267b8c909ce7598a,ridge_corrected_41f184a29ff8_6ed147cd_f83baf57
Ridge,3,1,2022-01-08,2022-01-11,11.1,13.13070731829537,2.03070731829537,2.03070731829537,4.123772212578373,0.01,submitted_main_linear_features_H3_18col,6ed147cd585e5e8083292683f9be3cf585e97e4d46fa0e3224d24a4e2b42cbbb,f83baf5732ffbf88b9a448a3d9ab9fa270f7495fe44d1559c1ac49795a30881a,41f184a29ff88aaf275f3365267b8c909ce7598a,ridge_corrected_41f184a29ff8_6ed147cd_f83baf57
Ridge,3,1,2022-01-09,2022-01-12,12.55,13.373727595759366,0.8237275957593653,0.8237275957593653,0.6785271520155043,0.01,submitted_main_linear_features_H3_18col,6ed147cd585e5e8083292683f9be3cf585e97e4d46fa0e3224d24a4e2b42cbbb,f83baf5732ffbf88b9a448a3d9ab9fa270f7495fe44d1559c1ac49795a30881a,41f184a29ff88aaf275f3365267b8c909ce7598a,ridge_corrected_41f184a29ff8_6ed147cd_f83baf57
Ridge,3,1,2022-01-10,2022-01-13,15.31,13.038367407321065,-2.2716325926789356,2.2716325926789356,5.160314636121223,0.01,submitted_main_linear_features_H3_18col,6ed147cd585e5e8083292683f9be3cf585e97e4d46fa0e3224d24a4e2b42cbbb,f83baf5732ffbf88b9a448a3d9ab9fa270f7495fe44d1559c1ac49795a30881a,41f184a29ff88aaf275f3365267b8c909ce7598a,ridge_corrected_41f184a29ff8_6ed147cd_f83baf57
Ridge,3,1,2022-01-11,2022-01-14,15.32,13.41926078983726,-1.9007392101627403,1.9007392101627403,3.612809545050078,0.01,submitted_main_linear_features_H3_18col,6ed147cd585e5e8083292683f9be3cf585e97e4d46fa0e3224d24a4e2b42cbbb,f83baf5732ffbf88b9a448a3d9ab9fa270f7495fe44d1559c1ac49795a30881a,41f184a29ff88aaf275f3365267b8c909ce7598a,ridge_corrected_41f184a29ff8_6ed147cd_f83baf57
Ridge,3,1,2022-01-12,2022-01-15,13.61,12.875628284593615,-0.7343717154063842,0.7343717154063842,0.5393018163889154,0.01,submitted_main_linear_features_H3_18col,6ed147cd585e5e8083292683f9be3cf585e97e4d46fa0e3224d24a4e2b42cbbb,f83baf5732ffbf88b9a448a3d9ab9fa270f7495fe44d1559c1ac49795a30881a,41f184a29ff88aaf275f3365267b8c909ce7598a,ridge_corrected_41f184a29ff8_6ed147cd_f83baf57
Ridge,3,1,2022-01-13,2022-01-16,10.99,13.073004007748414,2.083004007748414,2.083004007748414,4.338905696295956,0.01,submitted_main_linear_features_H3_18col,6ed147cd585e5e8083292683f9be3cf585e97e4d46fa0e3224d24a4e2b42cbbb,f83baf5732ffbf88b9a448a3d9ab9fa270f7495fe44d1559c1ac49795a30881a,41f184a29ff88aaf275f3365267b8c909ce7598a,ridge_corrected_41f184a29ff8_6ed147cd_f83baf57
Ridge,3,1,2022-01-14,2022-01-17,12.86,13.523880590741157,0.663880590741158,0.663880590741158,0.44073743876282895,0.01,submitted_main_linear_features_H3_18col,6ed147cd585e5e8083292683f9be3cf585e97e4d46fa0e3224d24a4e2b42cbbb,f83baf5732ffbf88b9a448a3d9ab9fa270f7495fe44d1559c1ac49795a30881a,41f184a29ff88aaf275f3365267b8c909ce7598a,ridge_corrected_41f184a29ff8_6ed147cd_f83baf57
Ridge,3,1,2022-01-15,2022-01-18,11.89,13.538758208814194,1.6487582088141934,1.6487582088141934,2.7184036311321873,0.01,submitted_main_linear_features_H3_18col,6ed147cd585e5e8083292683f9be3cf585e97e4d46fa0e3224d24a4e2b42cbbb,f83baf5732ffbf88b9a448a3d9ab9fa270f7495fe44d1559c1ac49795a30881a,41f184a29ff88aaf275f3365267b8c909ce7598a,ridge_corrected_41f184a29ff8_6ed147cd_f83baf57
Ridge,3,1,2022-01-16,2022-01-19,14.33,13.563104142979036,-0.7668958570209643,0.7668958570209643,0.5881292555159193,0.01,submitted_main_linear_features_H3_18col,6ed147cd585e5e8083292683f9be3cf585e97e4d46fa0e3224d24a4e2b42cbbb,f83baf5732ffbf88b9a448a3d9ab9fa270f7495fe44d1559c1ac49795a30881a,41f184a29ff88aaf275f3365267b8c909ce7598a,ridge_corrected_41f184a29ff8_6ed147cd_f83baf57
Ridge,3,1,2022-01-17,2022-01-20,12.26,13.306443584780636,1.0464435847806364,1.0464435847806364,1.095044176128549,0.01,submitted_main_linear_features_H3_18col,6ed147cd585e5e8083292683f9be3cf585e97e4d46fa0e3224d24a4e2b42cbbb,f83baf5732ffbf88b9a448a3d9ab9fa270f7495fe44d1559c1ac49795a30881a,41f184a29ff88aaf275f3365267b8c909ce7598a,ridge_corrected_41f184a29ff8_6ed147cd_f83baf57
Ridge,3,1,2022-01-18,2022-01-21,13.07,13.430475101657443,0.36047510165744256,0.36047510165744256,0.12994229891494355,0.01,submitted_main_linear_features_H3_18col,6ed147cd585e5e8083292683f9be3cf585e97e4d46fa0e3224d24a4e2b42cbbb,f83baf5732ffbf88b9a448a3d9ab9fa270f7495fe44d1559c1ac49795a30881a,41f184a29ff88aaf275f3365267b8c909ce7598a,ridge_corrected_41f184a29ff8_6ed147cd_f83baf57
Ridge,3,1,2022-01-19,2022-01-22,12.98,13.697307375307162,0.7173073753071613,0.7173073753071613,0.5145298706700487,0.01,submitted_main_linear_features_H3_18col,6ed147cd585e5e8083292683f9be3cf585e97e4d46fa0e3224d24a4e2b42cbbb,f83baf5732ffbf88b9a448a3d9ab9fa270f7495fe44d1559c1ac49795a30881a,41f184a29ff88aaf275f3365267b8c909ce7598a,ridge_corrected_41f184a29ff8_6ed147cd_f83baf57
Ridge,3,1,2022-01-20,2022-01-23,13.62,14.139180463020693,0.5191804630206942,0.5191804630206942,0.2695483531823824,0.01,submitted_main_linear_features_H3_18col,6ed147cd585e5e8083292683f9be3cf585e97e4d46fa0e3224d24a4e2b42cbbb,f83baf5732ffbf88b9a448a3d9ab9fa270f7495fe44d1559c1ac49795a30881a,41f184a29ff88aaf275f3365267b8c909ce7598a,ridge_corrected_41f184a29ff8_6ed147cd_f83baf57
Ridge,3,1,2022-01-21,2022-01-24,11.05,13.477276448021529,2.4272764480215283,2.4272764480215283,5.891670955120007,0.01,submitted_main_linear_features_H3_18col,6ed147cd585e5e8083292683f9be3cf585e97e4d46fa0e3224d24a4e2b42cbbb,f83baf5732ffbf88b9a448a3d9ab9fa270f7495fe44d1559c1ac49795a30881a,41f184a29ff88aaf275f3365267b8c909ce7598a,ridge_corrected_41f184a29ff8_6ed147cd_f83baf57
Ridge,3,1,2022-01-22,2022-01-25,11.05,13.99932177239585,2.94932177239585,2.94932177239585,8.698498917128196,0.01,submitted_main_linear_features_H3_18col,6ed147cd585e5e8083292683f9be3cf585e97e4d46fa0e3224d24a4e2b42cbbb,f83baf5732ffbf88b9a448a3d9ab9fa270f7495fe44d1559c1ac49795a30881a,41f184a29ff88aaf275f3365267b8c909ce7598a,ridge_corrected_41f184a29ff8_6ed147cd_f83baf57
Ridge,3,1,2022-01-23,2022-01-26,15.6,13.778375421183577,-1.8216245788164223,1.8216245788164223,3.318316106148108,0.01,submitted_main_linear_features_H3_18col,6ed147cd585e5e8083292683f9be3cf585e97e4d46fa0e3224d24a4e2b42cbbb,f83baf5732ffbf88b9a448a3d9ab9fa270f7495fe44d1559c1ac49795a30881a,41f184a29ff88aaf275f3365267b8c909ce7598a,ridge_corrected_41f184a29ff8_6ed147cd_f83baf57
Ridge,3,1,2022-01-24,2022-01-27,15.83,13.651870052357907,-2.178129947642093,2.178129947642093,4.744250068815346,0.01,submitted_main_linear_features_H3_18col,6ed147cd585e5e8083292683f9be3cf585e97e4d46fa0e3224d24a4e2b42cbbb,f83baf5732ffbf88b9a448a3d9ab9fa270f7495fe44d1559c1ac49795a30881a,41f184a29ff88aaf275f3365267b8c909ce7598a,ridge_corrected_41f184a29ff8_6ed147cd_f83baf57
Ridge,3,1,2022-01-25,2022-01-28,17.57,13.140939341398672,-4.429060658601328,4.429060658601328,19.616578317570028,0.01,submitted_main_linear_features_H3_18col,6ed147cd585e5e8083292683f9be3cf585e97e4d46fa0e3224d24a4e2b42cbbb,f83baf5732ffbf88b9a448a3d9ab9fa270f7495fe44d1559c1ac49795a30881a,41f184a29ff88aaf275f3365267b8c909ce7598a,ridge_corrected_41f184a29ff8_6ed147cd_f83baf57
Ridge,3,1,2022-01-26,2022-01-29,17.94,12.49348833083757,-5.446511669162431,5.446511669162431,29.664489362322534,0.01,submitted_main_linear_features_H3_18col,6ed147cd585e5e8083292683f9be3cf585e97e4d46fa0e3224d24a4e2b42cbbb,f83baf5732ffbf88b9a448a3d9ab9fa270f7495fe44d1559c1ac49795a30881a,41f184a29ff88aaf275f3365267b8c909ce7598a,ridge_corrected_41f184a29ff8_6ed147cd_f83baf57
Ridge,3,1,2022-01-27,2022-01-30,15.82,12.626223622726346,-3.193776377273654,3.193776377273654,10.200207548031225,0.01,submitted_main_linear_features_H3_18col,6ed147cd585e5e8083292683f9be3cf585e97e4d46fa0e3224d24a4e2b42cbbb,f83baf5732ffbf88b9a448a3d9ab9fa270f7495fe44d1559c1ac49795a30881a,41f184a29ff88aaf275f3365267b8c909ce7598a,ridge_corrected_41f184a29ff8_6ed147cd_f83baf57
Ridge,3,1,2022-01-28,2022-01-31,17.88,12.860092944298689,-5.01990705570131,5.01990705570131,25.199466847879798,0.01,submitted_main_linear_features_H3_18col,6ed147cd585e5e8083292683f9be3cf585e97e4d46fa0e3224d24a4e2b42cbbb,f83baf5732ffbf88b9a448a3d9ab9fa270f7495fe44d1559c1ac49795a30881a,41f184a29ff88aaf275f3365267b8c909ce7598a,ridge_corrected_41f184a29ff8_6ed147cd_f83baf57
Ridge,3,1,2022-01-29,2022-02-01,17.53,13.703592112633668,-3.826407887366333,3.826407887366333,14.641397320499284,0.01,submitted_main_linear_features_H3_18col,6ed147cd585e5e8083292683f9be3cf585e97e4d46fa0e3224d24a4e2b42cbbb,f83baf5732ffbf88b9a448a3d9ab9fa270f7495fe44d1559c1ac49795a30881a,41f184a29ff88aaf275f3365267b8c909ce7598a,ridge_corrected_41f184a29ff8_6ed147cd_f83baf57
Ridge,3,1,2022-01-30,2022-02-02,16.85,13.927970210166718,-2.9220297898332834,2.9220297898332834,8.538258092673143,0.01,submitted_main_linear_features_H3_18col,6ed147cd585e5e8083292683f9be3cf585e97e4d46fa0e3224d24a4e2b42cbbb,f83baf5732ffbf88b9a448a3d9ab9fa270f7495fe44d1559c1ac49795a30881a,41f184a29ff88aaf275f3365267b8c909ce7598a,ridge_corrected_41f184a29ff8_6ed147cd_f83baf57
Ridge,3,1,2022-01-31,2022-02-03,15.86,14.170887822680601,-1.689112177319398,1.689112177319398,2.8530999475686776,0.01,submitted_main_linear_features_H3_18col,6ed147cd585e5e8083292683f9be3cf585e97e4d46fa0e3224d24a4e2b42cbbb,f83baf5732ffbf88b9a448a3d9ab9fa270f7495fe44d1559c1ac49795a30881a,41f184a29ff88aaf275f3365267b8c909ce7598a,ridge_corrected_41f184a29ff8_6ed147cd_f83baf57
Ridge,3,1,2022-02-01,2022-02-04,14.95,15.189500419083918,0.23950041908391917,0.23950041908391917,0.057360450741372915,0.01,submitted_main_linear_features_H3_18col,6ed147cd585e5e8083292683f9be3cf585e97e4d46fa0e3224d24a4e2b42cbbb,f83baf5732ffbf88b9a448a3d9ab9fa270f7495fe44d1559c1ac49795a30881a,41f184a29ff88aaf275f3365267b8c909ce7598a,ridge_corrected_41f184a29ff8_6ed147cd_f83baf57
Ridge,3,1,2022-02-02,2022-02-05,16.84,15.077105898909245,-1.7628941010907546,1.7628941010907546,3.10779561166058,0.01,submitted_main_linear_features_H3_18col,6ed147cd585e5e8083292683f9be3cf585e97e4d46fa0e3224d24a4e2b42cbbb,f83baf5732ffbf88b9a448a3d9ab9fa270f7495fe44d1559c1ac49795a30881a,41f184a29ff88aaf275f3365267b8c909ce7598a,ridge_corrected_41f184a29ff8_6ed147cd_f83baf57
Ridge,3,1,2022-02-03,2022-02-06,16.4,14.966548760346534,-1.4334512396534649,1.4334512396534649,2.0547824564640553,0.01,submitted_main_linear_features_H3_18col,6ed147cd585e5e8083292683f9be3cf585e97e4d46fa0e3224d24a4e2b42cbbb,f83baf5732ffbf88b9a448a3d9ab9fa270f7495fe44d1559c1ac49795a30881a,41f184a29ff88aaf275f3365267b8c909ce7598a,ridge_corrected_41f184a29ff8_6ed147cd_f83baf57
Ridge,3,1,2022-02-04,2022-02-07,16.34,14.46315257700417,-1.87684742299583,1.87684742299583,3.5225562492060885,0.01,submitted_main_linear_features_H3_18col,6ed147cd585e5e8083292683f9be3cf585e97e4d46fa0e3224d24a4e2b42cbbb,f83baf5732ffbf88b9a448a3d9ab9fa270f7495fe44d1559c1ac49795a30881a,41f184a29ff88aaf275f3365267b8c909ce7598a,ridge_corrected_41f184a29ff8_6ed147cd_f83baf57
Ridge,3,1,2022-02-05,2022-02-08,17.09,14.29997462089216,-2.79002537910784,2.79002537910784,7.784241616065848,0.01,submitted_main_linear_features_H3_18col,6ed147cd585e5e8083292683f9be3cf585e97e4d46fa0e3224d24a4e2b42cbbb,f83baf5732ffbf88b9a448a3d9ab9fa270f7495fe44d1559c1ac49795a30881a,41f184a29ff88aaf275f3365267b8c909ce7598a,ridge_corrected_41f184a29ff8_6ed147cd_f83baf57
Ridge,3,1,2022-02-06,2022-02-09,16.3,14.330470981115306,-1.9695290188846943,1.9695290188846943,3.879044556228907,0.01,submitted_main_linear_features_H3_18col,6ed147cd585e5e8083292683f9be3cf585e97e4d46fa0e3224d24a4e2b42cbbb,f83baf5732ffbf88b9a448a3d9ab9fa270f7495fe44d1559c1ac49795a30881a,41f184a29ff88aaf275f3365267b8c909ce7598a,ridge_corrected_41f184a29ff8_6ed147cd_f83baf57
Ridge,3,1,2022-02-07,2022-02-10,16.4,14.162832712548623,-2.237167287451376,2.237167287451376,5.004917472042547,0.01,submitted_main_linear_features_H3_18col,6ed147cd585e5e8083292683f9be3cf585e97e4d46fa0e3224d24a4e2b42cbbb,f83baf5732ffbf88b9a448a3d9ab9fa270f7495fe44d1559c1ac49795a30881a,41f184a29ff88aaf275f3365267b8c909ce7598a,ridge_corrected_41f184a29ff8_6ed147cd_f83baf57
Ridge,3,1,2022-02-08,2022-02-11,15.29,14.261033000937513,-1.0289669990624866,1.0289669990624866,1.0587730851596593,0.01,submitted_main_linear_features_H3_18col,6ed147cd585e5e8083292683f9be3cf585e97e4d46fa0e3224d24a4e2b42cbbb,f83baf5732ffbf88b9a448a3d9ab9fa270f7495fe44d1559c1ac49795a30881a,41f184a29ff88aaf275f3365267b8c909ce7598a,ridge_corrected_41f184a29ff8_6ed147cd_f83baf57
Ridge,3,1,2022-02-09,2022-02-12,16.08,13.939583427690959,-2.1404165723090394,2.1404165723090394,4.5813831030151775,0.01,submitted_main_linear_features_H3_18col,6ed147cd585e5e8083292683f9be3cf585e97e4d46fa0e3224d24a4e2b42cbbb,f83baf5732ffbf88b9a448a3d9ab9fa270f7495fe44d1559c1ac49795a30881a,41f184a29ff88aaf275f3365267b8c909ce7598a,ridge_corrected_41f184a29ff8_6ed147cd_f83baf57
Ridge,3,1,2022-02-10,2022-02-13,16.36,13.369427666538954,-2.9905723334610457,2.9905723334610457,8.943522881662643,0.01,submitted_main_linear_features_H3_18col,6ed147cd585e5e8083292683f9be3cf585e97e4d46fa0e3224d24a4e2b42cbbb,f83baf5732ffbf88b9a448a3d9ab9fa270f7495fe44d1559c1ac49795a30881a,41f184a29ff88aaf275f3365267b8c909ce7598a,ridge_corrected_41f184a29ff8_6ed147cd_f83baf57
Ridge,3,1,2022-02-11,2022-02-14,14.56,13.116962972947132,-1.4430370270528687,1.4430370270528687,2.0823558614455817,0.01,submitted_main_linear_features_H3_18col,6ed147cd585e5e8083292683f9be3cf585e97e4d46fa0e3224d24a4e2b42cbbb,f83baf5732ffbf88b9a448a3d9ab9fa270f7495fe44d1559c1ac49795a30881a,41f184a29ff88aaf275f3365267b8c909ce7598a,ridge_corrected_41f184a29ff8_6ed147cd_f83baf57
Ridge,3,1,2022-02-12,2022-02-15,14.23,13.21423333678714,-1.01576666321286,1.01576666321286,1.0317819140945876,0.01,submitted_main_linear_features_H3_18col,6ed147cd585e5e8083292683f9be3cf585e97e4d46fa0e3224d24a4e2b42cbbb,f83baf5732ffbf88b9a448a3d9ab9fa270f7495fe44d1559c1ac49795a30881a,41f184a29ff88aaf275f3365267b8c909ce7598a,ridge_corrected_41f184a29ff8_6ed147cd_f83baf57
Ridge,3,1,2022-02-13,2022-02-16,15.74,13.00079309739122,-2.73920690260878,2.73920690260878,7.503254455299587,0.01,submitted_main_linear_features_H3_18col,6ed147cd585e5e8083292683f9be3cf585e97e4d46fa0e3224d24a4e2b42cbbb,f83baf5732ffbf88b9a448a3d9ab9fa270f7495fe44d1559c1ac49795a30881a,41f184a29ff88aaf275f3365267b8c909ce7598a,ridge_corrected_41f184a29ff8_6ed147cd_f83baf57
Ridge,3,1,2022-02-14,2022-02-17,16.45,12.991933458105375,-3.458066541894624,3.458066541894624,11.958224208171043,0.01,submitted_main_linear_features_H3_18col,6ed147cd585e5e8083292683f9be3cf585e97e4d46fa0e3224d24a4e2b42cbbb,f83baf5732ffbf88b9a448a3d9ab9fa270f7495fe44d1559c1ac49795a30881a,41f184a29ff88aaf275f3365267b8c909ce7598a,ridge_corrected_41f184a29ff8_6ed147cd_f83baf57
Ridge,3,1,2022-02-15,2022-02-18,14.24,12.493423202520223,-1.7465767974797775,1.7465767974797775,3.0505305094947155,0.01,submitted_main_linear_features_H3_18col,6ed147cd585e5e8083292683f9be3cf585e97e4d46fa0e3224d24a4e2b42cbbb,f83baf5732ffbf88b9a448a3d9ab9fa270f7495fe44d1559c1ac49795a30881a,41f184a29ff88aaf275f3365267b8c909ce7598a,ridge_corrected_41f184a29ff8_6ed147cd_f83baf57
Ridge,3,1,2022-02-16,2022-02-19,14.83,12.777810059735081,-2.0521899402649186,2.0521899402649186,4.21148355092453,0.01,submitted_main_linear_features_H3_18col,6ed147cd585e5e8083292683f9be3cf585e97e4d46fa0e3224d24a4e2b42cbbb,f83baf5732ffbf88b9a448a3d9ab9fa270f7495fe44d1559c1ac49795a30881a,41f184a29ff88aaf275f3365267b8c909ce7598a,ridge_corrected_41f184a29ff8_6ed147cd_f83baf57
Ridge,3,1,2022-02-17,2022-02-20,14.17,13.319253539055051,-0.8507464609449489,0.8507464609449489,0.7237695408103554,0.01,submitted_main_linear_features_H3_18col,6ed147cd585e5e8083292683f9be3cf585e97e4d46fa0e3224d24a4e2b42cbbb,f83baf5732ffbf88b9a448a3d9ab9fa270f7495fe44d1559c1ac49795a30881a,41f184a29ff88aaf275f3365267b8c909ce7598a,ridge_corrected_41f184a29ff8_6ed147cd_f83baf57
Ridge,3,1,2022-02-18,2022-02-21,12.42,14.308526174976425,1.888526174976425,1.888526174976425,3.5665311135710867,0.01,submitted_main_linear_features_H3_18col,6ed147cd585e5e8083292683f9be3cf585e97e4d46fa0e3224d24a4e2b42cbbb,f83baf5732ffbf88b9a448a3d9ab9fa270f7495fe44d1559c1ac49795a30881a,41f184a29ff88aaf275f3365267b8c909ce7598a,ridge_corrected_41f184a29ff8_6ed147cd_f83baf57
Ridge,3,1,2022-02-19,2022-02-22,11.98,14.271696265286794,2.2916962652867934,2.2916962652867934,5.251871772329437,0.01,submitted_main_linear_features_H3_18col,6ed147cd585e5e8083292683f9be3cf585e97e4d46fa0e3224d24a4e2b42cbbb,f83baf5732ffbf88b9a448a3d9ab9fa270f7495fe44d1559c1ac49795a30881a,41f184a29ff88aaf275f3365267b8c909ce7598a,ridge_corrected_41f184a29ff8_6ed147cd_f83baf57
Ridge,3,1,2022-02-20,2022-02-23,13.84,14.207651024741583,0.3676510247415834,0.3676510247415834,0.13516727599353637,0.01,submitted_main_linear_features_H3_18col,6ed147cd585e5e8083292683f9be3cf585e97e4d46fa0e3224d24a4e2b42cbbb,f83baf5732ffbf88b9a448a3d9ab9fa270f7495fe44d1559c1ac49795a30881a,41f184a29ff88aaf275f3365267b8c909ce7598a,ridge_corrected_41f184a29ff8_6ed147cd_f83baf57
Ridge,3,1,2022-02-21,2022-02-24,13.06,13.934972486406584,0.874972486406584,0.874972486406584,0.7655768519685198,0.01,submitted_main_linear_features_H3_18col,6ed147cd585e5e8083292683f9be3cf585e97e4d46fa0e3224d24a4e2b42cbbb,f83baf5732ffbf88b9a448a3d9ab9fa270f7495fe44d1559c1ac49795a30881a,41f184a29ff88aaf275f3365267b8c909ce7598a,ridge_corrected_41f184a29ff8_6ed147cd_f83baf57
Ridge,3,1,2022-02-22,2022-02-25,14.66,13.373169670277086,-1.286830329722914,1.286830329722914,1.6559322974947837,0.01,submitted_main_linear_features_H3_18col,6ed147cd585e5e8083292683f9be3cf585e97e4d46fa0e3224d24a4e2b42cbbb,f83baf5732ffbf88b9a448a3d9ab9fa270f7495fe44d1559c1ac49795a30881a,41f184a29ff88aaf275f3365267b8c909ce7598a,ridge_corrected_41f184a29ff8_6ed147cd_f83baf57
Ridge,3,1,2022-02-23,2022-02-26,11.86,13.603025094279465,1.7430250942794654,1.7430250942794654,3.0381364792879393,0.01,submitted_main_linear_features_H3_18col,6ed147cd585e5e8083292683f9be3cf585e97e4d46fa0e3224d24a4e2b42cbbb,f83baf5732ffbf88b9a448a3d9ab9fa270f7495fe44d1559c1ac49795a30881a,41f184a29ff88aaf275f3365267b8c909ce7598a,ridge_corrected_41f184a29ff8_6ed147cd_f83baf57
Ridge,3,1,2022-02-24,2022-02-27,12.23,13.432741741476093,1.2027417414760926,1.2027417414760926,1.446587696688944,0.01,submitted_main_linear_features_H3_18col,6ed147cd585e5e8083292683f9be3cf585e97e4d46fa0e3224d24a4e2b42cbbb,f83baf5732ffbf88b9a448a3d9ab9fa270f7495fe44d1559c1ac49795a30881a,41f184a29ff88aaf275f3365267b8c909ce7598a,ridge_corrected_41f184a29ff8_6ed147cd_f83baf57
Ridge,3,1,2022-02-25,2022-02-28,8.96,12.952428619826192,3.9924286198261907,3.9924286198261907,15.939486284407263,0.01,submitted_main_linear_features_H3_18col,6ed147cd585e5e8083292683f9be3cf585e97e4d46fa0e3224d24a4e2b42cbbb,f83baf5732ffbf88b9a448a3d9ab9fa270f7495fe44d1559c1ac49795a30881a,41f184a29ff88aaf275f3365267b8c909ce7598a,ridge_corrected_41f184a29ff8_6ed147cd_f83baf57
Ridge,3,1,2022-02-26,2022-03-01,10.55,12.895960749545493,2.345960749545492,2.345960749545492,5.503531838408048,0.01,submitted_main_linear_features_H3_18col,6ed147cd585e5e8083292683f9be3cf585e97e4d46fa0e3224d24a4e2b42cbbb,f83baf5732ffbf88b9a448a3d9ab9fa270f7495fe44d1559c1ac49795a30881a,41f184a29ff88aaf275f3365267b8c909ce7598a,ridge_corrected_41f184a29ff8_6ed147cd_f83baf57
Ridge,3,1,2022-02-27,2022-03-02,10.09,12.342282215744882,2.2522822157448825,2.2522822157448825,5.0727751793606775,0.01,submitted_main_linear_features_H3_18col,6ed147cd585e5e8083292683f9be3cf585e97e4d46fa0e3224d24a4e2b42cbbb,f83baf5732ffbf88b9a448a3d9ab9fa270f7495fe44d1559c1ac49795a30881a,41f184a29ff88aaf275f3365267b8c909ce7598a,ridge_corrected_41f184a29ff8_6ed147cd_f83baf57
Ridge,3,1,2022-02-28,2022-03-03,9.89,12.209957132219952,2.319957132219951,2.319957132219951,5.382201095338219,0.01,submitted_main_linear_features_H3_18col,6ed147cd585e5e8083292683f9be3cf585e97e4d46fa0e3224d24a4e2b42cbbb,f83baf5732ffbf88b9a448a3d9ab9fa270f7495fe44d1559c1ac49795a30881a,41f184a29ff88aaf275f3365267b8c909ce7598a,ridge_corrected_41f184a29ff8_6ed147cd_f83baf57
Ridge,3,1,2022-03-01,2022-03-04,12.55,11.298782445324866,-1.2512175546751347,1.2512175546751347,1.5655453691272239,0.01,submitted_main_linear_features_H3_18col,6ed147cd585e5e8083292683f9be3cf585e97e4d46fa0e3224d24a4e2b42cbbb,f83baf5732ffbf88b9a448a3d9ab9fa270f7495fe44d1559c1ac49795a30881a,41f184a29ff88aaf275f3365267b8c909ce7598a,ridge_corrected_41f184a29ff8_6ed147cd_f83baf57
Ridge,3,1,2022-03-02,2022-03-05,15.67,11.081635381649207,-4.588364618350793,4.588364618350793,21.05308987093342,0.01,submitted_main_linear_features_H3_18col,6ed147cd585e5e8083292683f9be3cf585e97e4d46fa0e3224d24a4e2b42cbbb,f83baf5732ffbf88b9a448a3d9ab9fa270f7495fe44d1559c1ac49795a30881a,41f184a29ff88aaf275f3365267b8c909ce7598a,ridge_corrected_41f184a29ff8_6ed147cd_f83baf57
Ridge,3,1,2022-03-03,2022-03-06,14.47,10.46937312734969,-4.00062687265031,4.00062687265031,16.005015374171798,0.01,submitted_main_linear_features_H3_18col,6ed147cd585e5e8083292683f9be3cf585e97e4d46fa0e3224d24a4e2b42cbbb,f83baf5732ffbf88b9a448a3d9ab9fa270f7495fe44d1559c1ac49795a30881a,41f184a29ff88aaf275f3365267b8c909ce7598a,ridge_corrected_41f184a29ff8_6ed147cd_f83baf57
Ridge,3,1,2022-03-04,2022-03-07,15.59,10.390252699611196,-5.199747300388804,5.199747300388804,27.037371987900656,0.01,submitted_main_linear_features_H3_18col,6ed147cd585e5e8083292683f9be3cf585e97e4d46fa0e3224d24a4e2b42cbbb,f83baf5732ffbf88b9a448a3d9ab9fa270f7495fe44d1559c1ac49795a30881a,41f184a29ff88aaf275f3365267b8c909ce7598a,ridge_corrected_41f184a29ff8_6ed147cd_f83baf57
Ridge,3,1,2022-03-05,2022-03-08,17.47,10.554333021609615,-6.915666978390384,6.915666978390384,47.82644975599918,0.01,submitted_main_linear_features_H3_18col,6ed147cd585e5e8083292683f9be3cf585e97e4d46fa0e3224d24a4e2b42cbbb,f83baf5732ffbf88b9a448a3d9ab9fa270f7495fe44d1559c1ac49795a30881a,41f184a29ff88aaf275f3365267b8c909ce7598a,ridge_corrected_41f184a29ff8_6ed147cd_f83baf57
Ridge,3,1,2022-03-06,2022-03-09,15.23,10.96688760745946,-4.26311239254054,4.26311239254054,18.174127271432727,0.01,submitted_main_linear_features_H3_18col,6ed147cd585e5e8083292683f9be3cf585e97e4d46fa0e3224d24a4e2b42cbbb,f83baf5732ffbf88b9a448a3d9ab9fa270f7495fe44d1559c1ac49795a30881a,41f184a29ff88aaf275f3365267b8c909ce7598a,ridge_corrected_41f184a29ff8_6ed147cd_f83baf57
Ridge,3,1,2022-03-07,2022-03-10,15.48,11.778149933528105,-3.701850066471895,3.701850066471895,13.703693914637974,0.01,submitted_main_linear_features_H3_18col,6ed147cd585e5e8083292683f9be3cf585e97e4d46fa0e3224d24a4e2b42cbbb,f83baf5732ffbf88b9a448a3d9ab9fa270f7495fe44d1559c1ac49795a30881a,41f184a29ff88aaf275f3365267b8c909ce7598a,ridge_corrected_41f184a29ff8_6ed147cd_f83baf57
Ridge,3,1,2022-03-08,2022-03-11,16.87,12.514657897784392,-4.355342102215609,4.355342102215609,18.969004827331876,0.01,submitted_main_linear_features_H3_18col,6ed147cd585e5e8083292683f9be3cf585e97e4d46fa0e3224d24a4e2b42cbbb,f83baf5732ffbf88b9a448a3d9ab9fa270f7495fe44d1559c1ac49795a30881a,41f184a29ff88aaf275f3365267b8c909ce7598a,ridge_corrected_41f184a29ff8_6ed147cd_f83baf57
Ridge,3,1,2022-03-09,2022-03-12,16.91,12.492667595679738,-4.417332404320263,4.417332404320263,19.51282557025783,0.01,submitted_main_linear_features_H3_18col,6ed147cd585e5e8083292683f9be3cf585e97e4d46fa0e3224d24a4e2b42cbbb,f83baf5732ffbf88b9a448a3d9ab9fa270f7495fe44d1559c1ac49795a30881a,41f184a29ff88aaf275f3365267b8c909ce7598a,ridge_corrected_41f184a29ff8_6ed147cd_f83baf57
Ridge,3,1,2022-03-10,2022-03-13,16.7,12.852628596332082,-3.8473714036679176,3.8473714036679176,14.802266717761643,0.01,submitted_main_linear_features_H3_18col,6ed147cd585e5e8083292683f9be3cf585e97e4d46fa0e3224d24a4e2b42cbbb,f83baf5732ffbf88b9a448a3d9ab9fa270f7495fe44d1559c1ac49795a30881a,41f184a29ff88aaf275f3365267b8c909ce7598a,ridge_corrected_41f184a29ff8_6ed147cd_f83baf57
Ridge,3,1,2022-03-11,2022-03-14,17.6,13.3480574659839,-4.251942534016102,4.251942534016102,18.079015312575272,0.01,submitted_main_linear_features_H3_18col,6ed147cd585e5e8083292683f9be3cf585e97e4d46fa0e3224d24a4e2b42cbbb,f83baf5732ffbf88b9a448a3d9ab9fa270f7495fe44d1559c1ac49795a30881a,41f184a29ff88aaf275f3365267b8c909ce7598a,ridge_corrected_41f184a29ff8_6ed147cd_f83baf57
Ridge,3,1,2022-03-12,2022-03-15,15.05,13.671460716870758,-1.3785392831292427,1.3785392831292427,1.9003705551304864,0.01,submitted_main_linear_features_H3_18col,6ed147cd585e5e8083292683f9be3cf585e97e4d46fa0e3224d24a4e2b42cbbb,f83baf5732ffbf88b9a448a3d9ab9fa270f7495fe44d1559c1ac49795a30881a,41f184a29ff88aaf275f3365267b8c909ce7598a,ridge_corrected_41f184a29ff8_6ed147cd_f83baf57
Ridge,3,1,2022-03-13,2022-03-16,14.66,13.342413465739886,-1.3175865342601139,1.3175865342601139,1.7360342752635782,0.01,submitted_main_linear_features_H3_18col,6ed147cd585e5e8083292683f9be3cf585e97e4d46fa0e3224d24a4e2b42cbbb,f83baf5732ffbf88b9a448a3d9ab9fa270f7495fe44d1559c1ac49795a30881a,41f184a29ff88aaf275f3365267b8c909ce7598a,ridge_corrected_41f184a29ff8_6ed147cd_f83baf57
Ridge,3,1,2022-03-14,2022-03-17,14.99,12.358264129299442,-2.631735870700558,2.631735870700558,6.926033693132023,0.01,submitted_main_linear_features_H3_18col,6ed147cd585e5e8083292683f9be3cf585e97e4d46fa0e3224d24a4e2b42cbbb,f83baf5732ffbf88b9a448a3d9ab9fa270f7495fe44d1559c1ac49795a30881a,41f184a29ff88aaf275f3365267b8c909ce7598a,ridge_corrected_41f184a29ff8_6ed147cd_f83baf57
Ridge,3,1,2022-03-15,2022-03-18,16.39,12.49618118935618,-3.89381881064382,3.89381881064382,15.161824930123654,0.01,submitted_main_linear_features_H3_18col,6ed147cd585e5e8083292683f9be3cf585e97e4d46fa0e3224d24a4e2b42cbbb,f83baf5732ffbf88b9a448a3d9ab9fa270f7495fe44d1559c1ac49795a30881a,41f184a29ff88aaf275f3365267b8c909ce7598a,ridge_corrected_41f184a29ff8_6ed147cd_f83baf57
Ridge,3,1,2022-03-16,2022-03-19,14.39,11.757125341949044,-2.632874658050957,2.632874658050957,6.9320289650069435,0.01,submitted_main_linear_features_H3_18col,6ed147cd585e5e8083292683f9be3cf585e97e4d46fa0e3224d24a4e2b42cbbb,f83baf5732ffbf88b9a448a3d9ab9fa270f7495fe44d1559c1ac49795a30881a,41f184a29ff88aaf275f3365267b8c909ce7598a,ridge_corrected_41f184a29ff8_6ed147cd_f83baf57
Ridge,3,1,2022-03-17,2022-03-20,14.16,11.124582748954065,-3.035417251045935,3.035417251045935,9.21375788794726,0.01,submitted_main_linear_features_H3_18col,6ed147cd585e5e8083292683f9be3cf585e97e4d46fa0e3224d24a4e2b42cbbb,f83baf5732ffbf88b9a448a3d9ab9fa270f7495fe44d1559c1ac49795a30881a,41f184a29ff88aaf275f3365267b8c909ce7598a,ridge_corrected_41f184a29ff8_6ed147cd_f83baf57
Ridge,3,1,2022-03-18,2022-03-21,15.02,11.208215073312859,-3.8117849266871406,3.8117849266871406,14.52970432731929,0.01,submitted_main_linear_features_H3_18col,6ed147cd585e5e8083292683f9be3cf585e97e4d46fa0e3224d24a4e2b42cbbb,f83baf5732ffbf88b9a448a3d9ab9fa270f7495fe44d1559c1ac49795a30881a,41f184a29ff88aaf275f3365267b8c909ce7598a,ridge_corrected_41f184a29ff8_6ed147cd_f83baf57
Ridge,3,1,2022-03-19,2022-03-22,14.66,11.87430777211947,-2.7856922278805296,2.7856922278805296,7.760081188473989,0.01,submitted_main_linear_features_H3_18col,6ed147cd585e5e8083292683f9be3cf585e97e4d46fa0e3224d24a4e2b42cbbb,f83baf5732ffbf88b9a448a3d9ab9fa270f7495fe44d1559c1ac49795a30881a,41f184a29ff88aaf275f3365267b8c909ce7598a,ridge_corrected_41f184a29ff8_6ed147cd_f83baf57
Ridge,3,1,2022-03-20,2022-03-23,13.91,11.87728175407969,-2.032718245920311,2.032718245920311,4.131943467297345,0.01,submitted_main_linear_features_H3_18col,6ed147cd585e5e8083292683f9be3cf585e97e4d46fa0e3224d24a4e2b42cbbb,f83baf5732ffbf88b9a448a3d9ab9fa270f7495fe44d1559c1ac49795a30881a,41f184a29ff88aaf275f3365267b8c909ce7598a,ridge_corrected_41f184a29ff8_6ed147cd_f83baf57
Ridge,3,1,2022-03-21,2022-03-24,15.36,12.092051689755271,-3.267948310244728,3.267948310244728,10.679486158431374,0.01,submitted_main_linear_features_H3_18col,6ed147cd585e5e8083292683f9be3cf585e97e4d46fa0e3224d24a4e2b42cbbb,f83baf5732ffbf88b9a448a3d9ab9fa270f7495fe44d1559c1ac49795a30881a,41f184a29ff88aaf275f3365267b8c909ce7598a,ridge_corrected_41f184a29ff8_6ed147cd_f83baf57
Ridge,3,1,2022-03-22,2022-03-25,14.02,12.299333522087638,-1.7206664779123617,1.7206664779123617,2.960693128211332,0.01,submitted_main_linear_features_H3_18col,6ed147cd585e5e8083292683f9be3cf585e97e4d46fa0e3224d24a4e2b42cbbb,f83baf5732ffbf88b9a448a3d9ab9fa270f7495fe44d1559c1ac49795a30881a,41f184a29ff88aaf275f3365267b8c909ce7598a,ridge_corrected_41f184a29ff8_6ed147cd_f83baf57
Ridge,3,1,2022-03-23,2022-03-26,12.34,12.456974889023597,0.11697488902359687,0.11697488902359687,0.013683124662082805,0.01,submitted_main_linear_features_H3_18col,6ed147cd585e5e8083292683f9be3cf585e97e4d46fa0e3224d24a4e2b42cbbb,f83baf5732ffbf88b9a448a3d9ab9fa270f7495fe44d1559c1ac49795a30881a,41f184a29ff88aaf275f3365267b8c909ce7598a,ridge_corrected_41f184a29ff8_6ed147cd_f83baf57
Ridge,3,1,2022-03-24,2022-03-27,10.51,12.1432022940053,1.6332022940053008,1.6332022940053008,2.667349733144177,0.01,submitted_main_linear_features_H3_18col,6ed147cd585e5e8083292683f9be3cf585e97e4d46fa0e3224d24a4e2b42cbbb,f83baf5732ffbf88b9a448a3d9ab9fa270f7495fe44d1559c1ac49795a30881a,41f184a29ff88aaf275f3365267b8c909ce7598a,ridge_corrected_41f184a29ff8_6ed147cd_f83baf57
Ridge,3,1,2022-03-25,2022-03-28,11.68,12.126638064541485,0.44663806454148514,0.44663806454148514,0.19948556069736384,0.01,submitted_main_linear_features_H3_18col,6ed147cd585e5e8083292683f9be3cf585e97e4d46fa0e3224d24a4e2b42cbbb,f83baf5732ffbf88b9a448a3d9ab9fa270f7495fe44d1559c1ac49795a30881a,41f184a29ff88aaf275f3365267b8c909ce7598a,ridge_corrected_41f184a29ff8_6ed147cd_f83baf57
Ridge,3,1,2022-03-26,2022-03-29,13.13,10.98375549693679,-2.14624450306321,2.14624450306321,4.606365466929045,0.01,submitted_main_linear_features_H3_18col,6ed147cd585e5e8083292683f9be3cf585e97e4d46fa0e3224d24a4e2b42cbbb,f83baf5732ffbf88b9a448a3d9ab9fa270f7495fe44d1559c1ac49795a30881a,41f184a29ff88aaf275f3365267b8c909ce7598a,ridge_corrected_41f184a29ff8_6ed147cd_f83baf57
Ridge,3,1,2022-03-27,2022-03-30,9.49,10.379249635232432,0.8892496352324315,0.8892496352324315,0.7907649137610124,0.01,submitted_main_linear_features_H3_18col,6ed147cd585e5e8083292683f9be3cf585e97e4d46fa0e3224d24a4e2b42cbbb,f83baf5732ffbf88b9a448a3d9ab9fa270f7495fe44d1559c1ac49795a30881a,41f184a29ff88aaf275f3365267b8c909ce7598a,ridge_corrected_41f184a29ff8_6ed147cd_f83baf57
Ridge,3,1,2022-03-28,2022-03-31,12.8,10.404968783930594,-2.395031216069407,2.395031216069407,5.736174525946903,0.01,submitted_main_linear_features_H3_18col,6ed147cd585e5e8083292683f9be3cf585e97e4d46fa0e3224d24a4e2b42cbbb,f83baf5732ffbf88b9a448a3d9ab9fa270f7495fe44d1559c1ac49795a30881a,41f184a29ff88aaf275f3365267b8c909ce7598a,ridge_corrected_41f184a29ff8_6ed147cd_f83baf57
Ridge,3,1,2022-03-29,2022-04-01,10.76,10.591618497520884,-0.1683815024791162,0.1683815024791162,0.028352330377124618,0.01,submitted_main_linear_features_H3_18col,6ed147cd585e5e8083292683f9be3cf585e97e4d46fa0e3224d24a4e2b42cbbb,f83baf5732ffbf88b9a448a3d9ab9fa270f7495fe44d1559c1ac49795a30881a,41f184a29ff88aaf275f3365267b8c909ce7598a,ridge_corrected_41f184a29ff8_6ed147cd_f83baf57
Ridge,3,1,2022-03-30,2022-04-02,9.76,10.306616739659603,0.5466167396596031,0.5466167396596031,0.2987898600760943,0.01,submitted_main_linear_features_H3_18col,6ed147cd585e5e8083292683f9be3cf585e97e4d46fa0e3224d24a4e2b42cbbb,f83baf5732ffbf88b9a448a3d9ab9fa270f7495fe44d1559c1ac49795a30881a,41f184a29ff88aaf275f3365267b8c909ce7598a,ridge_corrected_41f184a29ff8_6ed147cd_f83baf57
Ridge,3,1,2022-03-31,2022-04-03,11.41,9.603052811152079,-1.8069471888479214,1.8069471888479214,3.2650581432854056,0.01,submitted_main_linear_features_H3_18col,6ed147cd585e5e8083292683f9be3cf585e97e4d46fa0e3224d24a4e2b42cbbb,f83baf5732ffbf88b9a448a3d9ab9fa270f7495fe44d1559c1ac49795a30881a,41f184a29ff88aaf275f3365267b8c909ce7598a,ridge_corrected_41f184a29ff8_6ed147cd_f83baf57
Ridge,3,1,2022-04-01,2022-04-04,12.77,10.104435612853933,-2.665564387146066,2.665564387146066,7.105233502021383,0.01,submitted_main_linear_features_H3_18col,6ed147cd585e5e8083292683f9be3cf585e97e4d46fa0e3224d24a4e2b42cbbb,f83baf5732ffbf88b9a448a3d9ab9fa270f7495fe44d1559c1ac49795a30881a,41f184a29ff88aaf275f3365267b8c909ce7598a,ridge_corrected_41f184a29ff8_6ed147cd_f83baf57
Ridge,3,1,2022-04-02,2022-04-05,13.25,10.320917428637712,-2.9290825713622883,2.9290825713622883,8.579524709858315,0.01,submitted_main_linear_features_H3_18col,6ed147cd585e5e8083292683f9be3cf585e97e4d46fa0e3224d24a4e2b42cbbb,f83baf5732ffbf88b9a448a3d9ab9fa270f7495fe44d1559c1ac49795a30881a,41f184a29ff88aaf275f3365267b8c909ce7598a,ridge_corrected_41f184a29ff8_6ed147cd_f83baf57
Ridge,3,1,2022-04-03,2022-04-06,12.49,10.168685171540524,-2.3213148284594762,2.3213148284594762,5.388502532825847,0.01,submitted_main_linear_features_H3_18col,6ed147cd585e5e8083292683f9be3cf585e97e4d46fa0e3224d24a4e2b42cbbb,f83baf5732ffbf88b9a448a3d9ab9fa270f7495fe44d1559c1ac49795a30881a,41f184a29ff88aaf275f3365267b8c909ce7598a,ridge_corrected_41f184a29ff8_6ed147cd_f83baf57
Ridge,3,1,2022-04-04,2022-04-07,14.95,10.724341462878414,-4.225658537121586,4.225658537121586,17.85619007234854,0.01,submitted_main_linear_features_H3_18col,6ed147cd585e5e8083292683f9be3cf585e97e4d46fa0e3224d24a4e2b42cbbb,f83baf5732ffbf88b9a448a3d9ab9fa270f7495fe44d1559c1ac49795a30881a,41f184a29ff88aaf275f3365267b8c909ce7598a,ridge_corrected_41f184a29ff8_6ed147cd_f83baf57
Ridge,3,1,2022-04-05,2022-04-08,17.18,11.01373254890568,-6.1662674510943205,6.1662674510943205,38.02285427842525,0.01,submitted_main_linear_features_H3_18col,6ed147cd585e5e8083292683f9be3cf585e97e4d46fa0e3224d24a4e2b42cbbb,f83baf5732ffbf88b9a448a3d9ab9fa270f7495fe44d1559c1ac49795a30881a,41f184a29ff88aaf275f3365267b8c909ce7598a,ridge_corrected_41f184a29ff8_6ed147cd_f83baf57
Ridge,3,1,2022-04-06,2022-04-09,15.3,10.651017181041553,-4.648982818958448,4.648982818958448,21.613041250970838,0.01,submitted_main_linear_features_H3_18col,6ed147cd585e5e8083292683f9be3cf585e97e4d46fa0e3224d24a4e2b42cbbb,f83baf5732ffbf88b9a448a3d9ab9fa270f7495fe44d1559c1ac49795a30881a,41f184a29ff88aaf275f3365267b8c909ce7598a,ridge_corrected_41f184a29ff8_6ed147cd_f83baf57
Ridge,3,1,2022-04-07,2022-04-10,14.35,11.330614502777593,-3.019385497222407,3.019385497222407,9.116688780837002,0.01,submitted_main_linear_features_H3_18col,6ed147cd585e5e8083292683f9be3cf585e97e4d46fa0e3224d24a4e2b42cbbb,f83baf5732ffbf88b9a448a3d9ab9fa270f7495fe44d1559c1ac49795a30881a,41f184a29ff88aaf275f3365267b8c909ce7598a,ridge_corrected_41f184a29ff8_6ed147cd_f83baf57
Ridge,3,1,2022-04-08,2022-04-11,14.05,11.291806706279278,-2.7581932937207227,2.7581932937207227,7.607630245525969,0.01,submitted_main_linear_features_H3_18col,6ed147cd585e5e8083292683f9be3cf585e97e4d46fa0e3224d24a4e2b42cbbb,f83baf5732ffbf88b9a448a3d9ab9fa270f7495fe44d1559c1ac49795a30881a,41f184a29ff88aaf275f3365267b8c909ce7598a,ridge_corrected_41f184a29ff8_6ed147cd_f83baf57
Ridge,3,1,2022-04-09,2022-04-12,12.72,12.02063227838666,-0.6993677216133403,0.6993677216133403,0.4891152100346346,0.01,submitted_main_linear_features_H3_18col,6ed147cd585e5e8083292683f9be3cf585e97e4d46fa0e3224d24a4e2b42cbbb,f83baf5732ffbf88b9a448a3d9ab9fa270f7495fe44d1559c1ac49795a30881a,41f184a29ff88aaf275f3365267b8c909ce7598a,ridge_corrected_41f184a29ff8_6ed147cd_f83baf57
Ridge,3,1,2022-04-10,2022-04-13,14.57,12.039168731847651,-2.5308312681523493,2.5308312681523493,6.405106907857628,0.01,submitted_main_linear_features_H3_18col,6ed147cd585e5e8083292683f9be3cf585e97e4d46fa0e3224d24a4e2b42cbbb,f83baf5732ffbf88b9a448a3d9ab9fa270f7495fe44d1559c1ac49795a30881a,41f184a29ff88aaf275f3365267b8c909ce7598a,ridge_corrected_41f184a29ff8_6ed147cd_f83baf57
Ridge,3,1,2022-04-11,2022-04-14,13.69,11.828081611483507,-1.861918388516493,1.861918388516493,3.466740085495854,0.01,submitted_main_linear_features_H3_18col,6ed147cd585e5e8083292683f9be3cf585e97e4d46fa0e3224d24a4e2b42cbbb,f83baf5732ffbf88b9a448a3d9ab9fa270f7495fe44d1559c1ac49795a30881a,41f184a29ff88aaf275f3365267b8c909ce7598a,ridge_corrected_41f184a29ff8_6ed147cd_f83baf57
Ridge,3,1,2022-04-12,2022-04-15,15.92,11.888535496423305,-4.031464503576695,4.031464503576695,16.252706043598884,0.01,submitted_main_linear_features_H3_18col,6ed147cd585e5e8083292683f9be3cf585e97e4d46fa0e3224d24a4e2b42cbbb,f83baf5732ffbf88b9a448a3d9ab9fa270f7495fe44d1559c1ac49795a30881a,41f184a29ff88aaf275f3365267b8c909ce7598a,ridge_corrected_41f184a29ff8_6ed147cd_f83baf57
Ridge,3,1,2022-04-13,2022-04-16,11.75,11.06187533897631,-0.6881246610236893,0.6881246610236893,0.4735155491089673,0.01,submitted_main_linear_features_H3_18col,6ed147cd585e5e8083292683f9be3cf585e97e4d46fa0e3224d24a4e2b42cbbb,f83baf5732ffbf88b9a448a3d9ab9fa270f7495fe44d1559c1ac49795a30881a,41f184a29ff88aaf275f3365267b8c909ce7598a,ridge_corrected_41f184a29ff8_6ed147cd_f83baf57
Ridge,3,1,2022-04-14,2022-04-17,11.92,10.967591877953748,-0.9524081220462524,0.9524081220462524,0.9070812309396691,0.01,submitted_main_linear_features_H3_18col,6ed147cd585e5e8083292683f9be3cf585e97e4d46fa0e3224d24a4e2b42cbbb,f83baf5732ffbf88b9a448a3d9ab9fa270f7495fe44d1559c1ac49795a30881a,41f184a29ff88aaf275f3365267b8c909ce7598a,ridge_corrected_41f184a29ff8_6ed147cd_f83baf57
Ridge,3,1,2022-04-15,2022-04-18,13.1,11.279730507940675,-1.8202694920593245,1.8202694920593245,3.3133810237219112,0.01,submitted_main_linear_features_H3_18col,6ed147cd585e5e8083292683f9be3cf585e97e4d46fa0e3224d24a4e2b42cbbb,f83baf5732ffbf88b9a448a3d9ab9fa270f7495fe44d1559c1ac49795a30881a,41f184a29ff88aaf275f3365267b8c909ce7598a,ridge_corrected_41f184a29ff8_6ed147cd_f83baf57
Ridge,3,1,2022-04-16,2022-04-19,13.5,11.009140349580775,-2.4908596504192246,2.4908596504192246,6.204381798086582,0.01,submitted_main_linear_features_H3_18col,6ed147cd585e5e8083292683f9be3cf585e97e4d46fa0e3224d24a4e2b42cbbb,f83baf5732ffbf88b9a448a3d9ab9fa270f7495fe44d1559c1ac49795a30881a,41f184a29ff88aaf275f3365267b8c909ce7598a,ridge_corrected_41f184a29ff8_6ed147cd_f83baf57
Ridge,3,1,2022-04-17,2022-04-20,13.24,10.261428252903476,-2.978571747096524,2.978571747096524,8.871889652601638,0.01,submitted_main_linear_features_H3_18col,6ed147cd585e5e8083292683f9be3cf585e97e4d46fa0e3224d24a4e2b42cbbb,f83baf5732ffbf88b9a448a3d9ab9fa270f7495fe44d1559c1ac49795a30881a,41f184a29ff88aaf275f3365267b8c909ce7598a,ridge_corrected_41f184a29ff8_6ed147cd_f83baf57
Ridge,3,1,2022-04-18,2022-04-21,13.75,10.287834337891322,-3.462165662108678,3.462165662108678,11.986591071884419,0.01,submitted_main_linear_features_H3_18col,6ed147cd585e5e8083292683f9be3cf585e97e4d46fa0e3224d24a4e2b42cbbb,f83baf5732ffbf88b9a448a3d9ab9fa270f7495fe44d1559c1ac49795a30881a,41f184a29ff88aaf275f3365267b8c909ce7598a,ridge_corrected_41f184a29ff8_6ed147cd_f83baf57
Ridge,3,1,2022-04-19,2022-04-22,17.64,9.916910482632927,-7.7230895173670735,7.7230895173670735,59.646111693265176,0.01,submitted_main_linear_features_H3_18col,6ed147cd585e5e8083292683f9be3cf585e97e4d46fa0e3224d24a4e2b42cbbb,f83baf5732ffbf88b9a448a3d9ab9fa270f7495fe44d1559c1ac49795a30881a,41f184a29ff88aaf275f3365267b8c909ce7598a,ridge_corrected_41f184a29ff8_6ed147cd_f83baf57
Ridge,3,1,2022-04-20,2022-04-23,11.22,9.786514338574078,-1.433485661425923,1.433485661425923,2.0548811415137163,0.01,submitted_main_linear_features_H3_18col,6ed147cd585e5e8083292683f9be3cf585e97e4d46fa0e3224d24a4e2b42cbbb,f83baf5732ffbf88b9a448a3d9ab9fa270f7495fe44d1559c1ac49795a30881a,41f184a29ff88aaf275f3365267b8c909ce7598a,ridge_corrected_41f184a29ff8_6ed147cd_f83baf57
Ridge,3,1,2022-04-21,2022-04-24,11.23,9.218195248546067,-2.0118047514539334,2.0118047514539334,4.047358357972623,0.01,submitted_main_linear_features_H3_18col,6ed147cd585e5e8083292683f9be3cf585e97e4d46fa0e3224d24a4e2b42cbbb,f83baf5732ffbf88b9a448a3d9ab9fa270f7495fe44d1559c1ac49795a30881a,41f184a29ff88aaf275f3365267b8c909ce7598a,ridge_corrected_41f184a29ff8_6ed147cd_f83baf57
Ridge,3,1,2022-04-22,2022-04-25,13.46,9.673075799500385,-3.786924200499616,3.786924200499616,14.340794900329655,0.01,submitted_main_linear_features_H3_18col,6ed147cd585e5e8083292683f9be3cf585e97e4d46fa0e3224d24a4e2b42cbbb,f83baf5732ffbf88b9a448a3d9ab9fa270f7495fe44d1559c1ac49795a30881a,41f184a29ff88aaf275f3365267b8c909ce7598a,ridge_corrected_41f184a29ff8_6ed147cd_f83baf57
Ridge,3,1,2022-04-23,2022-04-26,14.5,10.15545224664099,-4.344547753359009,4.344547753359009,18.875095181216814,0.01,submitted_main_linear_features_H3_18col,6ed147cd585e5e8083292683f9be3cf585e97e4d46fa0e3224d24a4e2b42cbbb,f83baf5732ffbf88b9a448a3d9ab9fa270f7495fe44d1559c1ac49795a30881a,41f184a29ff88aaf275f3365267b8c909ce7598a,ridge_corrected_41f184a29ff8_6ed147cd_f83baf57
Ridge,3,1,2022-04-24,2022-04-27,11.69,9.453304664040505,-2.236695335959494,2.236695335959494,5.002806025902954,0.01,submitted_main_linear_features_H3_18col,6ed147cd585e5e8083292683f9be3cf585e97e4d46fa0e3224d24a4e2b42cbbb,f83baf5732ffbf88b9a448a3d9ab9fa270f7495fe44d1559c1ac49795a30881a,41f184a29ff88aaf275f3365267b8c909ce7598a,ridge_corrected_41f184a29ff8_6ed147cd_f83baf57
Ridge,3,1,2022-04-25,2022-04-28,11.68,9.245399825261357,-2.4346001747386428,2.4346001747386428,5.92727801083743,0.01,submitted_main_linear_features_H3_18col,6ed147cd585e5e8083292683f9be3cf585e97e4d46fa0e3224d24a4e2b42cbbb,f83baf5732ffbf88b9a448a3d9ab9fa270f7495fe44d1559c1ac49795a30881a,41f184a29ff88aaf275f3365267b8c909ce7598a,ridge_corrected_41f184a29ff8_6ed147cd_f83baf57
Ridge,3,1,2022-04-26,2022-04-29,11.09,8.330718301864643,-2.759281698135357,2.759281698135357,7.61363548966474,0.01,submitted_main_linear_features_H3_18col,6ed147cd585e5e8083292683f9be3cf585e97e4d46fa0e3224d24a4e2b42cbbb,f83baf5732ffbf88b9a448a3d9ab9fa270f7495fe44d1559c1ac49795a30881a,41f184a29ff88aaf275f3365267b8c909ce7598a,ridge_corrected_41f184a29ff8_6ed147cd_f83baf57
Ridge,3,1,2022-04-27,2022-04-30,8.23,8.724402411890733,0.4944024118907322,0.4944024118907322,0.24443374488337322,0.01,submitted_main_linear_features_H3_18col,6ed147cd585e5e8083292683f9be3cf585e97e4d46fa0e3224d24a4e2b42cbbb,f83baf5732ffbf88b9a448a3d9ab9fa270f7495fe44d1559c1ac49795a30881a,41f184a29ff88aaf275f3365267b8c909ce7598a,ridge_corrected_41f184a29ff8_6ed147cd_f83baf57
Ridge,3,1,2022-04-28,2022-05-01,7.6,8.789923153403045,1.1899231534030452,1.1899231534030452,1.4159171110046471,0.01,submitted_main_linear_features_H3_18col,6ed147cd585e5e8083292683f9be3cf585e97e4d46fa0e3224d24a4e2b42cbbb,f83baf5732ffbf88b9a448a3d9ab9fa270f7495fe44d1559c1ac49795a30881a,41f184a29ff88aaf275f3365267b8c909ce7598a,ridge_corrected_41f184a29ff8_6ed147cd_f83baf57
Ridge,3,1,2022-04-29,2022-05-02,10.04,9.374143373056265,-0.665856626943734,0.665856626943734,0.443365047644887,0.01,submitted_main_linear_features_H3_18col,6ed147cd585e5e8083292683f9be3cf585e97e4d46fa0e3224d24a4e2b42cbbb,f83baf5732ffbf88b9a448a3d9ab9fa270f7495fe44d1559c1ac49795a30881a,41f184a29ff88aaf275f3365267b8c909ce7598a,ridge_corrected_41f184a29ff8_6ed147cd_f83baf57
Ridge,3,1,2022-04-30,2022-05-03,9.17,9.753756838413196,0.5837568384131959,0.5837568384131959,0.34077204639417014,0.01,submitted_main_linear_features_H3_18col,6ed147cd585e5e8083292683f9be3cf585e97e4d46fa0e3224d24a4e2b42cbbb,f83baf5732ffbf88b9a448a3d9ab9fa270f7495fe44d1559c1ac49795a30881a,41f184a29ff88aaf275f3365267b8c909ce7598a,ridge_corrected_41f184a29ff8_6ed147cd_f83baf57
Ridge,3,1,2022-05-01,2022-05-04,10.49,9.939228787157475,-0.5507712128425251,0.5507712128425251,0.30334892889602605,0.01,submitted_main_linear_features_H3_18col,6ed147cd585e5e8083292683f9be3cf585e97e4d46fa0e3224d24a4e2b42cbbb,f83baf5732ffbf88b9a448a3d9ab9fa270f7495fe44d1559c1ac49795a30881a,41f184a29ff88aaf275f3365267b8c909ce7598a,ridge_corrected_41f184a29ff8_6ed147cd_f83baf57
Ridge,3,1,2022-05-02,2022-05-05,9.19,10.159603744553285,0.9696037445532859,0.9696037445532859,0.9401314214517537,0.01,submitted_main_linear_features_H3_18col,6ed147cd585e5e8083292683f9be3cf585e97e4d46fa0e3224d24a4e2b42cbbb,f83baf5732ffbf88b9a448a3d9ab9fa270f7495fe44d1559c1ac49795a30881a,41f184a29ff88aaf275f3365267b8c909ce7598a,ridge_corrected_41f184a29ff8_6ed147cd_f83baf57
Ridge,3,1,2022-05-03,2022-05-06,9.34,10.897541907934343,1.5575419079343433,1.5575419079343433,2.4259367949717543,0.01,submitted_main_linear_features_H3_18col,6ed147cd585e5e8083292683f9be3cf585e97e4d46fa0e3224d24a4e2b42cbbb,f83baf5732ffbf88b9a448a3d9ab9fa270f7495fe44d1559c1ac49795a30881a,41f184a29ff88aaf275f3365267b8c909ce7598a,ridge_corrected_41f184a29ff8_6ed147cd_f83baf57
Ridge,3,1,2022-05-04,2022-05-07,10.28,10.171163212203293,-0.10883678779670625,0.10883678779670625,0.011845446377905265,0.01,submitted_main_linear_features_H3_18col,6ed147cd585e5e8083292683f9be3cf585e97e4d46fa0e3224d24a4e2b42cbbb,f83baf5732ffbf88b9a448a3d9ab9fa270f7495fe44d1559c1ac49795a30881a,41f184a29ff88aaf275f3365267b8c909ce7598a,ridge_corrected_41f184a29ff8_6ed147cd_f83baf57
Ridge,3,1,2022-05-05,2022-05-08,10.58,9.827023067903927,-0.7529769320960735,0.7529769320960735,0.5669742602688149,0.01,submitted_main_linear_features_H3_18col,6ed147cd585e5e8083292683f9be3cf585e97e4d46fa0e3224d24a4e2b42cbbb,f83baf5732ffbf88b9a448a3d9ab9fa270f7495fe44d1559c1ac49795a30881a,41f184a29ff88aaf275f3365267b8c909ce7598a,ridge_corrected_41f184a29ff8_6ed147cd_f83baf57
Ridge,3,1,2022-05-06,2022-05-09,12.71,9.153331163868907,-3.5566688361310934,3.5566688361310934,12.649893209906107,0.01,submitted_main_linear_features_H3_18col,6ed147cd585e5e8083292683f9be3cf585e97e4d46fa0e3224d24a4e2b42cbbb,f83baf5732ffbf88b9a448a3d9ab9fa270f7495fe44d1559c1ac49795a30881a,41f184a29ff88aaf275f3365267b8c909ce7598a,ridge_corrected_41f184a29ff8_6ed147cd_f83baf57
Ridge,3,1,2022-05-07,2022-05-10,12.64,9.179715271639544,-3.460284728360456,3.460284728360456,11.973570401324595,0.01,submitted_main_linear_features_H3_18col,6ed147cd585e5e8083292683f9be3cf585e97e4d46fa0e3224d24a4e2b42cbbb,f83baf5732ffbf88b9a448a3d9ab9fa270f7495fe44d1559c1ac49795a30881a,41f184a29ff88aaf275f3365267b8c909ce7598a,ridge_corrected_41f184a29ff8_6ed147cd_f83baf57
Ridge,3,1,2022-05-08,2022-05-11,12.72,9.316069907669288,-3.4039300923307128,3.4039300923307128,11.586740073474575,0.01,submitted_main_linear_features_H3_18col,6ed147cd585e5e8083292683f9be3cf585e97e4d46fa0e3224d24a4e2b42cbbb,f83baf5732ffbf88b9a448a3d9ab9fa270f7495fe44d1559c1ac49795a30881a,41f184a29ff88aaf275f3365267b8c909ce7598a,ridge_corrected_41f184a29ff8_6ed147cd_f83baf57
Ridge,3,1,2022-05-09,2022-05-12,13.37,10.211459337489687,-3.158540662510312,3.158540662510312,9.97637911673108,0.01,submitted_main_linear_features_H3_18col,6ed147cd585e5e8083292683f9be3cf585e97e4d46fa0e3224d24a4e2b42cbbb,f83baf5732ffbf88b9a448a3d9ab9fa270f7495fe44d1559c1ac49795a30881a,41f184a29ff88aaf275f3365267b8c909ce7598a,ridge_corrected_41f184a29ff8_6ed147cd_f83baf57
Ridge,3,1,2022-05-10,2022-05-13,12.94,10.104234840145747,-2.835765159854253,2.835765159854253,8.041564041843216,0.01,submitted_main_linear_features_H3_18col,6ed147cd585e5e8083292683f9be3cf585e97e4d46fa0e3224d24a4e2b42cbbb,f83baf5732ffbf88b9a448a3d9ab9fa270f7495fe44d1559c1ac49795a30881a,41f184a29ff88aaf275f3365267b8c909ce7598a,ridge_corrected_41f184a29ff8_6ed147cd_f83baf57
Ridge,3,1,2022-05-11,2022-05-14,15.8,11.298192563521273,-4.501807436478728,4.501807436478728,20.266270195135178,0.01,submitted_main_linear_features_H3_18col,6ed147cd585e5e8083292683f9be3cf585e97e4d46fa0e3224d24a4e2b42cbbb,f83baf5732ffbf88b9a448a3d9ab9fa270f7495fe44d1559c1ac49795a30881a,41f184a29ff88aaf275f3365267b8c909ce7598a,ridge_corrected_41f184a29ff8_6ed147cd_f83baf57
Ridge,3,1,2022-05-12,2022-05-15,13.32,10.611451313226706,-2.7085486867732946,2.7085486867732946,7.336235988621339,0.01,submitted_main_linear_features_H3_18col,6ed147cd585e5e8083292683f9be3cf585e97e4d46fa0e3224d24a4e2b42cbbb,f83baf5732ffbf88b9a448a3d9ab9fa270f7495fe44d1559c1ac49795a30881a,41f184a29ff88aaf275f3365267b8c909ce7598a,ridge_corrected_41f184a29ff8_6ed147cd_f83baf57
Ridge,3,1,2022-05-13,2022-05-16,11.74,11.606492083108835,-0.13350791689116548,0.13350791689116548,0.01782436387261835,0.01,submitted_main_linear_features_H3_18col,6ed147cd585e5e8083292683f9be3cf585e97e4d46fa0e3224d24a4e2b42cbbb,f83baf5732ffbf88b9a448a3d9ab9fa270f7495fe44d1559c1ac49795a30881a,41f184a29ff88aaf275f3365267b8c909ce7598a,ridge_corrected_41f184a29ff8_6ed147cd_f83baf57
Ridge,3,1,2022-05-14,2022-05-17,11.9,12.6057948549503,0.7057948549502999,0.7057948549502999,0.4981463772743149,0.01,submitted_main_linear_features_H3_18col,6ed147cd585e5e8083292683f9be3cf585e97e4d46fa0e3224d24a4e2b42cbbb,f83baf5732ffbf88b9a448a3d9ab9fa270f7495fe44d1559c1ac49795a30881a,41f184a29ff88aaf275f3365267b8c909ce7598a,ridge_corrected_41f184a29ff8_6ed147cd_f83baf57
Ridge,3,1,2022-05-15,2022-05-18,13.99,13.444840656265555,-0.5451593437344453,0.5451593437344453,0.2971987100609711,0.01,submitted_main_linear_features_H3_18col,6ed147cd585e5e8083292683f9be3cf585e97e4d46fa0e3224d24a4e2b42cbbb,f83baf5732ffbf88b9a448a3d9ab9fa270f7495fe44d1559c1ac49795a30881a,41f184a29ff88aaf275f3365267b8c909ce7598a,ridge_corrected_41f184a29ff8_6ed147cd_f83baf57
Ridge,3,1,2022-05-16,2022-05-19,13.14,13.125864177293174,-0.014135822706826673,0.014135822706826673,0.00019982148359883658,0.01,submitted_main_linear_features_H3_18col,6ed147cd585e5e8083292683f9be3cf585e97e4d46fa0e3224d24a4e2b42cbbb,f83baf5732ffbf88b9a448a3d9ab9fa270f7495fe44d1559c1ac49795a30881a,41f184a29ff88aaf275f3365267b8c909ce7598a,ridge_corrected_41f184a29ff8_6ed147cd_f83baf57
Ridge,3,1,2022-05-17,2022-05-20,13.2,13.023152531571883,-0.17684746842811627,0.17684746842811627,0.03127502708943358,0.01,submitted_main_linear_features_H3_18col,6ed147cd585e5e8083292683f9be3cf585e97e4d46fa0e3224d24a4e2b42cbbb,f83baf5732ffbf88b9a448a3d9ab9fa270f7495fe44d1559c1ac49795a30881a,41f184a29ff88aaf275f3365267b8c909ce7598a,ridge_corrected_41f184a29ff8_6ed147cd_f83baf57
Ridge,3,1,2022-05-18,2022-05-21,12.84,13.10772442576826,0.26772442576826094,0.26772442576826094,0.07167636815294506,0.01,submitted_main_linear_features_H3_18col,6ed147cd585e5e8083292683f9be3cf585e97e4d46fa0e3224d24a4e2b42cbbb,f83baf5732ffbf88b9a448a3d9ab9fa270f7495fe44d1559c1ac49795a30881a,41f184a29ff88aaf275f3365267b8c909ce7598a,ridge_corrected_41f184a29ff8_6ed147cd_f83baf57
Ridge,3,1,2022-05-19,2022-05-22,12.78,12.154897795578272,-0.6251022044217276,0.6251022044217276,0.3907527659729033,0.01,submitted_main_linear_features_H3_18col,6ed147cd585e5e8083292683f9be3cf585e97e4d46fa0e3224d24a4e2b42cbbb,f83baf5732ffbf88b9a448a3d9ab9fa270f7495fe44d1559c1ac49795a30881a,41f184a29ff88aaf275f3365267b8c909ce7598a,ridge_corrected_41f184a29ff8_6ed147cd_f83baf57
Ridge,3,1,2022-05-20,2022-05-23,13.42,11.131996998175369,-2.288003001824631,2.288003001824631,5.234957736358522,0.01,submitted_main_linear_features_H3_18col,6ed147cd585e5e8083292683f9be3cf585e97e4d46fa0e3224d24a4e2b42cbbb,f83baf5732ffbf88b9a448a3d9ab9fa270f7495fe44d1559c1ac49795a30881a,41f184a29ff88aaf275f3365267b8c909ce7598a,ridge_corrected_41f184a29ff8_6ed147cd_f83baf57
Ridge,3,1,2022-05-21,2022-05-24,12.91,10.879643299694017,-2.0303567003059833,2.0303567003059833,4.122348330477401,0.01,submitted_main_linear_features_H3_18col,6ed147cd585e5e8083292683f9be3cf585e97e4d46fa0e3224d24a4e2b42cbbb,f83baf5732ffbf88b9a448a3d9ab9fa270f7495fe44d1559c1ac49795a30881a,41f184a29ff88aaf275f3365267b8c909ce7598a,ridge_corrected_41f184a29ff8_6ed147cd_f83baf57
Ridge,3,1,2022-05-22,2022-05-25,14.44,10.41630793718075,-4.023692062819249,4.023692062819249,16.190097816394623,0.01,submitted_main_linear_features_H3_18col,6ed147cd585e5e8083292683f9be3cf585e97e4d46fa0e3224d24a4e2b42cbbb,f83baf5732ffbf88b9a448a3d9ab9fa270f7495fe44d1559c1ac49795a30881a,41f184a29ff88aaf275f3365267b8c909ce7598a,ridge_corrected_41f184a29ff8_6ed147cd_f83baf57
Ridge,3,1,2022-05-23,2022-05-26,13.75,9.905904303980774,-3.8440956960192256,3.8440956960192256,14.777071720153534,0.01,submitted_main_linear_features_H3_18col,6ed147cd585e5e8083292683f9be3cf585e97e4d46fa0e3224d24a4e2b42cbbb,f83baf5732ffbf88b9a448a3d9ab9fa270f7495fe44d1559c1ac49795a30881a,41f184a29ff88aaf275f3365267b8c909ce7598a,ridge_corrected_41f184a29ff8_6ed147cd_f83baf57
Ridge,3,1,2022-05-24,2022-05-27,13.81,9.94452107220937,-3.8654789277906296,3.8654789277906296,14.941927341193395,0.01,submitted_main_linear_features_H3_18col,6ed147cd585e5e8083292683f9be3cf585e97e4d46fa0e3224d24a4e2b42cbbb,f83baf5732ffbf88b9a448a3d9ab9fa270f7495fe44d1559c1ac49795a30881a,41f184a29ff88aaf275f3365267b8c909ce7598a,ridge_corrected_41f184a29ff8_6ed147cd_f83baf57
Ridge,3,1,2022-05-25,2022-05-28,16.48,10.429856301256972,-6.050143698743028,6.050143698743028,36.60423877543997,0.01,submitted_main_linear_features_H3_18col,6ed147cd585e5e8083292683f9be3cf585e97e4d46fa0e3224d24a4e2b42cbbb,f83baf5732ffbf88b9a448a3d9ab9fa270f7495fe44d1559c1ac49795a30881a,41f184a29ff88aaf275f3365267b8c909ce7598a,ridge_corrected_41f184a29ff8_6ed147cd_f83baf57
Ridge,3,1,2022-05-26,2022-05-29,15.8,10.324939243749446,-5.475060756250555,5.475060756250555,29.976290284634896,0.01,submitted_main_linear_features_H3_18col,6ed147cd585e5e8083292683f9be3cf585e97e4d46fa0e3224d24a4e2b42cbbb,f83baf5732ffbf88b9a448a3d9ab9fa270f7495fe44d1559c1ac49795a30881a,41f184a29ff88aaf275f3365267b8c909ce7598a,ridge_corrected_41f184a29ff8_6ed147cd_f83baf57
Ridge,3,1,2022-05-27,2022-05-30,12.42,10.863398034903867,-1.5566019650961334,1.5566019650961334,2.423009677741144,0.01,submitted_main_linear_features_H3_18col,6ed147cd585e5e8083292683f9be3cf585e97e4d46fa0e3224d24a4e2b42cbbb,f83baf5732ffbf88b9a448a3d9ab9fa270f7495fe44d1559c1ac49795a30881a,41f184a29ff88aaf275f3365267b8c909ce7598a,ridge_corrected_41f184a29ff8_6ed147cd_f83baf57
Ridge,3,1,2022-05-28,2022-05-31,13.5,10.061534761145369,-3.438465238854631,3.438465238854631,11.823043198811636,0.01,submitted_main_linear_features_H3_18col,6ed147cd585e5e8083292683f9be3cf585e97e4d46fa0e3224d24a4e2b42cbbb,f83baf5732ffbf88b9a448a3d9ab9fa270f7495fe44d1559c1ac49795a30881a,41f184a29ff88aaf275f3365267b8c909ce7598a,ridge_corrected_41f184a29ff8_6ed147cd_f83baf57
Ridge,3,1,2022-05-29,2022-06-01,12.92,10.833124910455341,-2.086875089544659,2.086875089544659,4.355047639362028,0.01,submitted_main_linear_features_H3_18col,6ed147cd585e5e8083292683f9be3cf585e97e4d46fa0e3224d24a4e2b42cbbb,f83baf5732ffbf88b9a448a3d9ab9fa270f7495fe44d1559c1ac49795a30881a,41f184a29ff88aaf275f3365267b8c909ce7598a,ridge_corrected_41f184a29ff8_6ed147cd_f83baf57
Ridge,3,1,2022-05-30,2022-06-02,13.51,10.733531440182016,-2.7764685598179835,2.7764685598179835,7.708777663657747,0.01,submitted_main_linear_features_H3_18col,6ed147cd585e5e8083292683f9be3cf585e97e4d46fa0e3224d24a4e2b42cbbb,f83baf5732ffbf88b9a448a3d9ab9fa270f7495fe44d1559c1ac49795a30881a,41f184a29ff88aaf275f3365267b8c909ce7598a,ridge_corrected_41f184a29ff8_6ed147cd_f83baf57
Ridge,3,1,2022-05-31,2022-06-03,12.24,10.258082652680068,-1.981917347319932,1.981917347319932,3.9279963716076765,0.01,submitted_main_linear_features_H3_18col,6ed147cd585e5e8083292683f9be3cf585e97e4d46fa0e3224d24a4e2b42cbbb,f83baf5732ffbf88b9a448a3d9ab9fa270f7495fe44d1559c1ac49795a30881a,41f184a29ff88aaf275f3365267b8c909ce7598a,ridge_corrected_41f184a29ff8_6ed147cd_f83baf57
Ridge,3,1,2022-06-01,2022-06-04,10.24,11.07234839141568,0.83234839141568,0.83234839141568,0.69280384469227,0.01,submitted_main_linear_features_H3_18col,6ed147cd585e5e8083292683f9be3cf585e97e4d46fa0e3224d24a4e2b42cbbb,f83baf5732ffbf88b9a448a3d9ab9fa270f7495fe44d1559c1ac49795a30881a,41f184a29ff88aaf275f3365267b8c909ce7598a,ridge_corrected_41f184a29ff8_6ed147cd_f83baf57
Ridge,3,1,2022-06-02,2022-06-05,9.78,11.137050384198377,1.3570503841983772,1.3570503841983772,1.8415857452529631,0.01,submitted_main_linear_features_H3_18col,6ed147cd585e5e8083292683f9be3cf585e97e4d46fa0e3224d24a4e2b42cbbb,f83baf5732ffbf88b9a448a3d9ab9fa270f7495fe44d1559c1ac49795a30881a,41f184a29ff88aaf275f3365267b8c909ce7598a,ridge_corrected_41f184a29ff8_6ed147cd_f83baf57
Ridge,3,1,2022-06-03,2022-06-06,8.76,11.226699250122735,2.466699250122735,2.466699250122735,6.084605190556064,0.01,submitted_main_linear_features_H3_18col,6ed147cd585e5e8083292683f9be3cf585e97e4d46fa0e3224d24a4e2b42cbbb,f83baf5732ffbf88b9a448a3d9ab9fa270f7495fe44d1559c1ac49795a30881a,41f184a29ff88aaf275f3365267b8c909ce7598a,ridge_corrected_41f184a29ff8_6ed147cd_f83baf57
Ridge,3,1,2022-06-04,2022-06-07,9.5,11.256688855033854,1.756688855033854,1.756688855033854,3.085955733400153,0.01,submitted_main_linear_features_H3_18col,6ed147cd585e5e8083292683f9be3cf585e97e4d46fa0e3224d24a4e2b42cbbb,f83baf5732ffbf88b9a448a3d9ab9fa270f7495fe44d1559c1ac49795a30881a,41f184a29ff88aaf275f3365267b8c909ce7598a,ridge_corrected_41f184a29ff8_6ed147cd_f83baf57
Ridge,3,1,2022-06-05,2022-06-08,13.81,9.859837522615816,-3.9501624773841844,3.9501624773841844,15.603783597733957,0.01,submitted_main_linear_features_H3_18col,6ed147cd585e5e8083292683f9be3cf585e97e4d46fa0e3224d24a4e2b42cbbb,f83baf5732ffbf88b9a448a3d9ab9fa270f7495fe44d1559c1ac49795a30881a,41f184a29ff88aaf275f3365267b8c909ce7598a,ridge_corrected_41f184a29ff8_6ed147cd_f83baf57
Ridge,3,1,2022-06-06,2022-06-09,13.99,8.76582998446738,-5.22417001553262,5.22417001553262,27.29195235119009,0.01,submitted_main_linear_features_H3_18col,6ed147cd585e5e8083292683f9be3cf585e97e4d46fa0e3224d24a4e2b42cbbb,f83baf5732ffbf88b9a448a3d9ab9fa270f7495fe44d1559c1ac49795a30881a,41f184a29ff88aaf275f3365267b8c909ce7598a,ridge_corrected_41f184a29ff8_6ed147cd_f83baf57
Ridge,3,1,2022-06-07,2022-06-10,13.16,8.997030804115507,-4.162969195884493,4.162969195884493,17.330312525883183,0.01,submitted_main_linear_features_H3_18col,6ed147cd585e5e8083292683f9be3cf585e97e4d46fa0e3224d24a4e2b42cbbb,f83baf5732ffbf88b9a448a3d9ab9fa270f7495fe44d1559c1ac49795a30881a,41f184a29ff88aaf275f3365267b8c909ce7598a,ridge_corrected_41f184a29ff8_6ed147cd_f83baf57
Ridge,3,1,2022-06-08,2022-06-11,11.9,9.656964613856251,-2.243035386143749,2.243035386143749,5.031207743493036,0.01,submitted_main_linear_features_H3_18col,6ed147cd585e5e8083292683f9be3cf585e97e4d46fa0e3224d24a4e2b42cbbb,f83baf5732ffbf88b9a448a3d9ab9fa270f7495fe44d1559c1ac49795a30881a,41f184a29ff88aaf275f3365267b8c909ce7598a,ridge_corrected_41f184a29ff8_6ed147cd_f83baf57
Ridge,3,1,2022-06-09,2022-06-12,12.11,10.670930561751042,-1.439069438248957,1.439069438248957,2.070920848102169,0.01,submitted_main_linear_features_H3_18col,6ed147cd585e5e8083292683f9be3cf585e97e4d46fa0e3224d24a4e2b42cbbb,f83baf5732ffbf88b9a448a3d9ab9fa270f7495fe44d1559c1ac49795a30881a,41f184a29ff88aaf275f3365267b8c909ce7598a,ridge_corrected_41f184a29ff8_6ed147cd_f83baf57
Ridge,3,1,2022-06-10,2022-06-13,10.94,10.666358337176655,-0.27364166282334423,0.27364166282334423,0.07487975963272481,0.01,submitted_main_linear_features_H3_18col,6ed147cd585e5e8083292683f9be3cf585e97e4d46fa0e3224d24a4e2b42cbbb,f83baf5732ffbf88b9a448a3d9ab9fa270f7495fe44d1559c1ac49795a30881a,41f184a29ff88aaf275f3365267b8c909ce7598a,ridge_corrected_41f184a29ff8_6ed147cd_f83baf57
Ridge,3,1,2022-06-11,2022-06-14,14.46,11.287093243883788,-3.1729067561162125,3.1729067561162125,10.067337283007907,0.01,submitted_main_linear_features_H3_18col,6ed147cd585e5e8083292683f9be3cf585e97e4d46fa0e3224d24a4e2b42cbbb,f83baf5732ffbf88b9a448a3d9ab9fa270f7495fe44d1559c1ac49795a30881a,41f184a29ff88aaf275f3365267b8c909ce7598a,ridge_corrected_41f184a29ff8_6ed147cd_f83baf57
Ridge,3,1,2022-06-12,2022-06-15,10.28,11.179671997836095,0.8996719978360961,0.8996719978360961,0.8094097036903924,0.01,submitted_main_linear_features_H3_18col,6ed147cd585e5e8083292683f9be3cf585e97e4d46fa0e3224d24a4e2b42cbbb,f83baf5732ffbf88b9a448a3d9ab9fa270f7495fe44d1559c1ac49795a30881a,41f184a29ff88aaf275f3365267b8c909ce7598a,ridge_corrected_41f184a29ff8_6ed147cd_f83baf57
Ridge,3,1,2022-06-13,2022-06-16,9.31,11.185659070038088,1.875659070038088,1.875659070038088,3.518096947016145,0.01,submitted_main_linear_features_H3_18col,6ed147cd585e5e8083292683f9be3cf585e97e4d46fa0e3224d24a4e2b42cbbb,f83baf5732ffbf88b9a448a3d9ab9fa270f7495fe44d1559c1ac49795a30881a,41f184a29ff88aaf275f3365267b8c909ce7598a,ridge_corrected_41f184a29ff8_6ed147cd_f83baf57
Ridge,3,1,2022-06-14,2022-06-17,11.4,10.750348544656175,-0.6496514553438253,0.6496514553438253,0.4220470134303502,0.01,submitted_main_linear_features_H3_18col,6ed147cd585e5e8083292683f9be3cf585e97e4d46fa0e3224d24a4e2b42cbbb,f83baf5732ffbf88b9a448a3d9ab9fa270f7495fe44d1559c1ac49795a30881a,41f184a29ff88aaf275f3365267b8c909ce7598a,ridge_corrected_41f184a29ff8_6ed147cd_f83baf57
Ridge,3,1,2022-06-15,2022-06-18,10.92,11.385917823204348,0.4659178232043484,0.4659178232043484,0.21707941797947844,0.01,submitted_main_linear_features_H3_18col,6ed147cd585e5e8083292683f9be3cf585e97e4d46fa0e3224d24a4e2b42cbbb,f83baf5732ffbf88b9a448a3d9ab9fa270f7495fe44d1559c1ac49795a30881a,41f184a29ff88aaf275f3365267b8c909ce7598a,ridge_corrected_41f184a29ff8_6ed147cd_f83baf57
Ridge,3,1,2022-06-16,2022-06-19,10.96,11.35844094533947,0.3984409453394697,0.3984409453394697,0.1587551869230103,0.01,submitted_main_linear_features_H3_18col,6ed147cd585e5e8083292683f9be3cf585e97e4d46fa0e3224d24a4e2b42cbbb,f83baf5732ffbf88b9a448a3d9ab9fa270f7495fe44d1559c1ac49795a30881a,41f184a29ff88aaf275f3365267b8c909ce7598a,ridge_corrected_41f184a29ff8_6ed147cd_f83baf57
Ridge,3,1,2022-06-17,2022-06-20,10.97,11.280844417466763,0.31084441746676283,0.31084441746676283,0.09662425187025113,0.01,submitted_main_linear_features_H3_18col,6ed147cd585e5e8083292683f9be3cf585e97e4d46fa0e3224d24a4e2b42cbbb,f83baf5732ffbf88b9a448a3d9ab9fa270f7495fe44d1559c1ac49795a30881a,41f184a29ff88aaf275f3365267b8c909ce7598a,ridge_corrected_41f184a29ff8_6ed147cd_f83baf57
Ridge,3,2,2022-06-18,2022-06-21,11.96,11.853542981738407,-0.10645701826159382,0.10645701826159382,0.01133309673714932,100.0,submitted_main_linear_features_H3_18col,6ed147cd585e5e8083292683f9be3cf585e97e4d46fa0e3224d24a4e2b42cbbb,f83baf5732ffbf88b9a448a3d9ab9fa270f7495fe44d1559c1ac49795a30881a,41f184a29ff88aaf275f3365267b8c909ce7598a,ridge_corrected_41f184a29ff8_6ed147cd_f83baf57
Ridge,3,2,2022-06-19,2022-06-22,13.96,11.761518389708588,-2.198481610291413,2.198481610291413,4.833321390789525,100.0,submitted_main_linear_features_H3_18col,6ed147cd585e5e8083292683f9be3cf585e97e4d46fa0e3224d24a4e2b42cbbb,f83baf5732ffbf88b9a448a3d9ab9fa270f7495fe44d1559c1ac49795a30881a,41f184a29ff88aaf275f3365267b8c909ce7598a,ridge_corrected_41f184a29ff8_6ed147cd_f83baf57
Ridge,3,2,2022-06-20,2022-06-23,13.33,11.813701215731442,-1.5162987842685585,1.5162987842685585,2.2991620031743083,100.0,submitted_main_linear_features_H3_18col,6ed147cd585e5e8083292683f9be3cf585e97e4d46fa0e3224d24a4e2b42cbbb,f83baf5732ffbf88b9a448a3d9ab9fa270f7495fe44d1559c1ac49795a30881a,41f184a29ff88aaf275f3365267b8c909ce7598a,ridge_corrected_41f184a29ff8_6ed147cd_f83baf57
Ridge,3,2,2022-06-21,2022-06-24,13.07,11.67887721759912,-1.3911227824008812,1.3911227824008812,1.9352225957147693,100.0,submitted_main_linear_features_H3_18col,6ed147cd585e5e8083292683f9be3cf585e97e4d46fa0e3224d24a4e2b42cbbb,f83baf5732ffbf88b9a448a3d9ab9fa270f7495fe44d1559c1ac49795a30881a,41f184a29ff88aaf275f3365267b8c909ce7598a,ridge_corrected_41f184a29ff8_6ed147cd_f83baf57
Ridge,3,2,2022-06-22,2022-06-25,11.83,11.567587483743448,-0.2624125162565516,0.2624125162565516,0.06886032868809495,100.0,submitted_main_linear_features_H3_18col,6ed147cd585e5e8083292683f9be3cf585e97e4d46fa0e3224d24a4e2b42cbbb,f83baf5732ffbf88b9a448a3d9ab9fa270f7495fe44d1559c1ac49795a30881a,41f184a29ff88aaf275f3365267b8c909ce7598a,ridge_corrected_41f184a29ff8_6ed147cd_f83baf57
Ridge,3,2,2022-06-23,2022-06-26,11.71,12.331147475444999,0.6211474754449977,0.6211474754449977,0.385824186251694,100.0,submitted_main_linear_features_H3_18col,6ed147cd585e5e8083292683f9be3cf585e97e4d46fa0e3224d24a4e2b42cbbb,f83baf5732ffbf88b9a448a3d9ab9fa270f7495fe44d1559c1ac49795a30881a,41f184a29ff88aaf275f3365267b8c909ce7598a,ridge_corrected_41f184a29ff8_6ed147cd_f83baf57
Ridge,3,2,2022-06-24,2022-06-27,12.04,12.29654724902852,0.25654724902852166,0.25654724902852166,0.0658164909841023,100.0,submitted_main_linear_features_H3_18col,6ed147cd585e5e8083292683f9be3cf585e97e4d46fa0e3224d24a4e2b42cbbb,f83baf5732ffbf88b9a448a3d9ab9fa270f7495fe44d1559c1ac49795a30881a,41f184a29ff88aaf275f3365267b8c909ce7598a,ridge_corrected_41f184a29ff8_6ed147cd_f83baf57
Ridge,3,2,2022-06-25,2022-06-28,9.34,12.510091260614338,3.1700912606143383,3.1700912606143383,10.049478600623404,100.0,submitted_main_linear_features_H3_18col,6ed147cd585e5e8083292683f9be3cf585e97e4d46fa0e3224d24a4e2b42cbbb,f83baf5732ffbf88b9a448a3d9ab9fa270f7495fe44d1559c1ac49795a30881a,41f184a29ff88aaf275f3365267b8c909ce7598a,ridge_corrected_41f184a29ff8_6ed147cd_f83baf57
Ridge,3,2,2022-06-26,2022-06-29,9.1,12.416338650286335,3.316338650286335,3.316338650286335,10.99810204338299,100.0,submitted_main_linear_features_H3_18col,6ed147cd585e5e8083292683f9be3cf585e97e4d46fa0e3224d24a4e2b42cbbb,f83baf5732ffbf88b9a448a3d9ab9fa270f7495fe44d1559c1ac49795a30881a,41f184a29ff88aaf275f3365267b8c909ce7598a,ridge_corrected_41f184a29ff8_6ed147cd_f83baf57
Ridge,3,2,2022-06-27,2022-06-30,12.71,11.607457896443167,-1.102542103556834,1.102542103556834,1.2155990901155282,100.0,submitted_main_linear_features_H3_18col,6ed147cd585e5e8083292683f9be3cf585e97e4d46fa0e3224d24a4e2b42cbbb,f83baf5732ffbf88b9a448a3d9ab9fa270f7495fe44d1559c1ac49795a30881a,41f184a29ff88aaf275f3365267b8c909ce7598a,ridge_corrected_41f184a29ff8_6ed147cd_f83baf57
Ridge,3,2,2022-06-28,2022-07-01,12.94,11.845343645258282,-1.0946563547417174,1.0946563547417174,1.1982725349764247,100.0,submitted_main_linear_features_H3_18col,6ed147cd585e5e8083292683f9be3cf585e97e4d46fa0e3224d24a4e2b42cbbb,f83baf5732ffbf88b9a448a3d9ab9fa270f7495fe44d1559c1ac49795a30881a,41f184a29ff88aaf275f3365267b8c909ce7598a,ridge_corrected_41f184a29ff8_6ed147cd_f83baf57
Ridge,3,2,2022-06-29,2022-07-02,10.07,11.036856539920123,0.9668565399201228,0.9668565399201228,0.934811568786312,100.0,submitted_main_linear_features_H3_18col,6ed147cd585e5e8083292683f9be3cf585e97e4d46fa0e3224d24a4e2b42cbbb,f83baf5732ffbf88b9a448a3d9ab9fa270f7495fe44d1559c1ac49795a30881a,41f184a29ff88aaf275f3365267b8c909ce7598a,ridge_corrected_41f184a29ff8_6ed147cd_f83baf57
Ridge,3,2,2022-06-30,2022-07-03,9.04,11.591810170845601,2.5518101708456022,2.5518101708456022,6.511735148031062,100.0,submitted_main_linear_features_H3_18col,6ed147cd585e5e8083292683f9be3cf585e97e4d46fa0e3224d24a4e2b42cbbb,f83baf5732ffbf88b9a448a3d9ab9fa270f7495fe44d1559c1ac49795a30881a,41f184a29ff88aaf275f3365267b8c909ce7598a,ridge_corrected_41f184a29ff8_6ed147cd_f83baf57
Ridge,3,2,2022-07-01,2022-07-04,11.09,12.381340626715604,1.2913406267156038,1.2913406267156038,1.6675606142062485,100.0,submitted_main_linear_features_H3_18col,6ed147cd585e5e8083292683f9be3cf585e97e4d46fa0e3224d24a4e2b42cbbb,f83baf5732ffbf88b9a448a3d9ab9fa270f7495fe44d1559c1ac49795a30881a,41f184a29ff88aaf275f3365267b8c909ce7598a,ridge_corrected_41f184a29ff8_6ed147cd_f83baf57
Ridge,3,2,2022-07-02,2022-07-05,11.74,12.319513134522024,0.5795131345220241,0.5795131345220241,0.3358354730835416,100.0,submitted_main_linear_features_H3_18col,6ed147cd585e5e8083292683f9be3cf585e97e4d46fa0e3224d24a4e2b42cbbb,f83baf5732ffbf88b9a448a3d9ab9fa270f7495fe44d1559c1ac49795a30881a,41f184a29ff88aaf275f3365267b8c909ce7598a,ridge_corrected_41f184a29ff8_6ed147cd_f83baf57
Ridge,3,2,2022-07-03,2022-07-06,11.62,11.693325520743967,0.07332552074396759,0.07332552074396759,0.005376631992374021,100.0,submitted_main_linear_features_H3_18col,6ed147cd585e5e8083292683f9be3cf585e97e4d46fa0e3224d24a4e2b42cbbb,f83baf5732ffbf88b9a448a3d9ab9fa270f7495fe44d1559c1ac49795a30881a,41f184a29ff88aaf275f3365267b8c909ce7598a,ridge_corrected_41f184a29ff8_6ed147cd_f83baf57
Ridge,3,2,2022-07-04,2022-07-07,13.14,11.54588252168438,-1.5941174783156207,1.5941174783156207,2.5412105346713534,100.0,submitted_main_linear_features_H3_18col,6ed147cd585e5e8083292683f9be3cf585e97e4d46fa0e3224d24a4e2b42cbbb,f83baf5732ffbf88b9a448a3d9ab9fa270f7495fe44d1559c1ac49795a30881a,41f184a29ff88aaf275f3365267b8c909ce7598a,ridge_corrected_41f184a29ff8_6ed147cd_f83baf57
Ridge,3,2,2022-07-05,2022-07-08,10.84,11.898510055585804,1.0585100555858045,1.0585100555858045,1.120443537776263,100.0,submitted_main_linear_features_H3_18col,6ed147cd585e5e8083292683f9be3cf585e97e4d46fa0e3224d24a4e2b42cbbb,f83baf5732ffbf88b9a448a3d9ab9fa270f7495fe44d1559c1ac49795a30881a,41f184a29ff88aaf275f3365267b8c909ce7598a,ridge_corrected_41f184a29ff8_6ed147cd_f83baf57
Ridge,3,2,2022-07-06,2022-07-09,11.6,11.907422278110735,0.3074222781107352,0.3074222781107352,0.09450845707879421,100.0,submitted_main_linear_features_H3_18col,6ed147cd585e5e8083292683f9be3cf585e97e4d46fa0e3224d24a4e2b42cbbb,f83baf5732ffbf88b9a448a3d9ab9fa270f7495fe44d1559c1ac49795a30881a,41f184a29ff88aaf275f3365267b8c909ce7598a,ridge_corrected_41f184a29ff8_6ed147cd_f83baf57
Ridge,3,2,2022-07-07,2022-07-10,11.35,11.954397385063594,0.604397385063594,0.604397385063594,0.3652961990717103,100.0,submitted_main_linear_features_H3_18col,6ed147cd585e5e8083292683f9be3cf585e97e4d46fa0e3224d24a4e2b42cbbb,f83baf5732ffbf88b9a448a3d9ab9fa270f7495fe44d1559c1ac49795a30881a,41f184a29ff88aaf275f3365267b8c909ce7598a,ridge_corrected_41f184a29ff8_6ed147cd_f83baf57
Ridge,3,2,2022-07-08,2022-07-11,12.84,12.204728695972808,-0.6352713040271922,0.6352713040271922,0.40356962972040933,100.0,submitted_main_linear_features_H3_18col,6ed147cd585e5e8083292683f9be3cf585e97e4d46fa0e3224d24a4e2b42cbbb,f83baf5732ffbf88b9a448a3d9ab9fa270f7495fe44d1559c1ac49795a30881a,41f184a29ff88aaf275f3365267b8c909ce7598a,ridge_corrected_41f184a29ff8_6ed147cd_f83baf57
Ridge,3,2,2022-07-09,2022-07-12,10.85,11.888871228307313,1.038871228307313,1.038871228307313,1.079253429004745,100.0,submitted_main_linear_features_H3_18col,6ed147cd585e5e8083292683f9be3cf585e97e4d46fa0e3224d24a4e2b42cbbb,f83baf5732ffbf88b9a448a3d9ab9fa270f7495fe44d1559c1ac49795a30881a,41f184a29ff88aaf275f3365267b8c909ce7598a,ridge_corrected_41f184a29ff8_6ed147cd_f83baf57
Ridge,3,2,2022-07-10,2022-07-13,12.23,12.229947901806483,-5.209819351748024e-05,5.209819351748024e-05,2.7142217677848202e-09,100.0,submitted_main_linear_features_H3_18col,6ed147cd585e5e8083292683f9be3cf585e97e4d46fa0e3224d24a4e2b42cbbb,f83baf5732ffbf88b9a448a3d9ab9fa270f7495fe44d1559c1ac49795a30881a,41f184a29ff88aaf275f3365267b8c909ce7598a,ridge_corrected_41f184a29ff8_6ed147cd_f83baf57
Ridge,3,2,2022-07-11,2022-07-14,13.62,11.908307669691375,-1.7116923303086242,1.7116923303086242,2.9298906336373682,100.0,submitted_main_linear_features_H3_18col,6ed147cd585e5e8083292683f9be3cf585e97e4d46fa0e3224d24a4e2b42cbbb,f83baf5732ffbf88b9a448a3d9ab9fa270f7495fe44d1559c1ac49795a30881a,41f184a29ff88aaf275f3365267b8c909ce7598a,ridge_corrected_41f184a29ff8_6ed147cd_f83baf57
Ridge,3,2,2022-07-12,2022-07-15,12.58,12.041033016473802,-0.5389669835261977,0.5389669835261977,0.2904854093313286,100.0,submitted_main_linear_features_H3_18col,6ed147cd585e5e8083292683f9be3cf585e97e4d46fa0e3224d24a4e2b42cbbb,f83baf5732ffbf88b9a448a3d9ab9fa270f7495fe44d1559c1ac49795a30881a,41f184a29ff88aaf275f3365267b8c909ce7598a,ridge_corrected_41f184a29ff8_6ed147cd_f83baf57
Ridge,3,2,2022-07-13,2022-07-16,12.6,11.664304763206749,-0.9356952367932507,0.9356952367932507,0.8755255761575775,100.0,submitted_main_linear_features_H3_18col,6ed147cd585e5e8083292683f9be3cf585e97e4d46fa0e3224d24a4e2b42cbbb,f83baf5732ffbf88b9a448a3d9ab9fa270f7495fe44d1559c1ac49795a30881a,41f184a29ff88aaf275f3365267b8c909ce7598a,ridge_corrected_41f184a29ff8_6ed147cd_f83baf57
Ridge,3,2,2022-07-14,2022-07-17,11.39,11.791995931698821,0.40199593169882064,0.40199593169882064,0.16160072910240286,100.0,submitted_main_linear_features_H3_18col,6ed147cd585e5e8083292683f9be3cf585e97e4d46fa0e3224d24a4e2b42cbbb,f83baf5732ffbf88b9a448a3d9ab9fa270f7495fe44d1559c1ac49795a30881a,41f184a29ff88aaf275f3365267b8c909ce7598a,ridge_corrected_41f184a29ff8_6ed147cd_f83baf57
Ridge,3,2,2022-07-15,2022-07-18,12.11,12.228794771044804,0.11879477104480429,0.11879477104480429,0.014112197627587472,100.0,submitted_main_linear_features_H3_18col,6ed147cd585e5e8083292683f9be3cf585e97e4d46fa0e3224d24a4e2b42cbbb,f83baf5732ffbf88b9a448a3d9ab9fa270f7495fe44d1559c1ac49795a30881a,41f184a29ff88aaf275f3365267b8c909ce7598a,ridge_corrected_41f184a29ff8_6ed147cd_f83baf57
Ridge,3,2,2022-07-16,2022-07-19,9.71,12.19855565306112,2.4885556530611197,2.4885556530611197,6.192909238382456,100.0,submitted_main_linear_features_H3_18col,6ed147cd585e5e8083292683f9be3cf585e97e4d46fa0e3224d24a4e2b42cbbb,f83baf5732ffbf88b9a448a3d9ab9fa270f7495fe44d1559c1ac49795a30881a,41f184a29ff88aaf275f3365267b8c909ce7598a,ridge_corrected_41f184a29ff8_6ed147cd_f83baf57
Ridge,3,2,2022-07-17,2022-07-20,12.02,12.198152191625057,0.1781521916250579,0.1781521916250579,0.031738203380811354,100.0,submitted_main_linear_features_H3_18col,6ed147cd585e5e8083292683f9be3cf585e97e4d46fa0e3224d24a4e2b42cbbb,f83baf5732ffbf88b9a448a3d9ab9fa270f7495fe44d1559c1ac49795a30881a,41f184a29ff88aaf275f3365267b8c909ce7598a,ridge_corrected_41f184a29ff8_6ed147cd_f83baf57
Ridge,3,2,2022-07-18,2022-07-21,11.9,11.135900912736425,-0.7640990872635758,0.7640990872635758,0.5838474151570296,100.0,submitted_main_linear_features_H3_18col,6ed147cd585e5e8083292683f9be3cf585e97e4d46fa0e3224d24a4e2b42cbbb,f83baf5732ffbf88b9a448a3d9ab9fa270f7495fe44d1559c1ac49795a30881a,41f184a29ff88aaf275f3365267b8c909ce7598a,ridge_corrected_41f184a29ff8_6ed147cd_f83baf57
Ridge,3,2,2022-07-19,2022-07-22,11.05,11.443511418650036,0.3935114186500357,0.3935114186500357,0.15485123660796365,100.0,submitted_main_linear_features_H3_18col,6ed147cd585e5e8083292683f9be3cf585e97e4d46fa0e3224d24a4e2b42cbbb,f83baf5732ffbf88b9a448a3d9ab9fa270f7495fe44d1559c1ac49795a30881a,41f184a29ff88aaf275f3365267b8c909ce7598a,ridge_corrected_41f184a29ff8_6ed147cd_f83baf57
Ridge,3,2,2022-07-20,2022-07-23,11.92,10.964424802434928,-0.9555751975650715,0.9555751975650715,0.9131239582015254,100.0,submitted_main_linear_features_H3_18col,6ed147cd585e5e8083292683f9be3cf585e97e4d46fa0e3224d24a4e2b42cbbb,f83baf5732ffbf88b9a448a3d9ab9fa270f7495fe44d1559c1ac49795a30881a,41f184a29ff88aaf275f3365267b8c909ce7598a,ridge_corrected_41f184a29ff8_6ed147cd_f83baf57
Ridge,3,2,2022-07-21,2022-07-24,11.48,12.049017087335706,0.5690170873357054,0.5690170873357054,0.32378044568000985,100.0,submitted_main_linear_features_H3_18col,6ed147cd585e5e8083292683f9be3cf585e97e4d46fa0e3224d24a4e2b42cbbb,f83baf5732ffbf88b9a448a3d9ab9fa270f7495fe44d1559c1ac49795a30881a,41f184a29ff88aaf275f3365267b8c909ce7598a,ridge_corrected_41f184a29ff8_6ed147cd_f83baf57
Ridge,3,2,2022-07-22,2022-07-25,10.61,12.054161659523945,1.444161659523946,1.444161659523946,2.0856028988389577,100.0,submitted_main_linear_features_H3_18col,6ed147cd585e5e8083292683f9be3cf585e97e4d46fa0e3224d24a4e2b42cbbb,f83baf5732ffbf88b9a448a3d9ab9fa270f7495fe44d1559c1ac49795a30881a,41f184a29ff88aaf275f3365267b8c909ce7598a,ridge_corrected_41f184a29ff8_6ed147cd_f83baf57
Ridge,3,2,2022-07-23,2022-07-26,9.41,11.762339312261357,2.352339312261357,2.352339312261357,5.533500240010234,100.0,submitted_main_linear_features_H3_18col,6ed147cd585e5e8083292683f9be3cf585e97e4d46fa0e3224d24a4e2b42cbbb,f83baf5732ffbf88b9a448a3d9ab9fa270f7495fe44d1559c1ac49795a30881a,41f184a29ff88aaf275f3365267b8c909ce7598a,ridge_corrected_41f184a29ff8_6ed147cd_f83baf57
Ridge,3,2,2022-07-24,2022-07-27,10.84,11.951466952170435,1.111466952170435,1.111466952170435,1.235358785767036,100.0,submitted_main_linear_features_H3_18col,6ed147cd585e5e8083292683f9be3cf585e97e4d46fa0e3224d24a4e2b42cbbb,f83baf5732ffbf88b9a448a3d9ab9fa270f7495fe44d1559c1ac49795a30881a,41f184a29ff88aaf275f3365267b8c909ce7598a,ridge_corrected_41f184a29ff8_6ed147cd_f83baf57
Ridge,3,2,2022-07-25,2022-07-28,10.36,11.537373837463438,1.1773738374634384,1.1773738374634384,1.386209153143383,100.0,submitted_main_linear_features_H3_18col,6ed147cd585e5e8083292683f9be3cf585e97e4d46fa0e3224d24a4e2b42cbbb,f83baf5732ffbf88b9a448a3d9ab9fa270f7495fe44d1559c1ac49795a30881a,41f184a29ff88aaf275f3365267b8c909ce7598a,ridge_corrected_41f184a29ff8_6ed147cd_f83baf57
Ridge,3,2,2022-07-26,2022-07-29,12.71,11.762868583513715,-0.9471314164862861,0.9471314164862861,0.8970579200953187,100.0,submitted_main_linear_features_H3_18col,6ed147cd585e5e8083292683f9be3cf585e97e4d46fa0e3224d24a4e2b42cbbb,f83baf5732ffbf88b9a448a3d9ab9fa270f7495fe44d1559c1ac49795a30881a,41f184a29ff88aaf275f3365267b8c909ce7598a,ridge_corrected_41f184a29ff8_6ed147cd_f83baf57
Ridge,3,2,2022-07-27,2022-07-30,11.0,11.679703571272402,0.6797035712724018,0.6797035712724018,0.46199694480045694,100.0,submitted_main_linear_features_H3_18col,6ed147cd585e5e8083292683f9be3cf585e97e4d46fa0e3224d24a4e2b42cbbb,f83baf5732ffbf88b9a448a3d9ab9fa270f7495fe44d1559c1ac49795a30881a,41f184a29ff88aaf275f3365267b8c909ce7598a,ridge_corrected_41f184a29ff8_6ed147cd_f83baf57
Ridge,3,2,2022-07-28,2022-07-31,11.68,11.710841299889484,0.030841299889484475,0.030841299889484475,0.0009511857788731151,100.0,submitted_main_linear_features_H3_18col,6ed147cd585e5e8083292683f9be3cf585e97e4d46fa0e3224d24a4e2b42cbbb,f83baf5732ffbf88b9a448a3d9ab9fa270f7495fe44d1559c1ac49795a30881a,41f184a29ff88aaf275f3365267b8c909ce7598a,ridge_corrected_41f184a29ff8_6ed147cd_f83baf57
Ridge,3,2,2022-07-29,2022-08-01,11.72,11.537847598347495,-0.18215240165250535,0.18215240165250535,0.03317949742777563,100.0,submitted_main_linear_features_H3_18col,6ed147cd585e5e8083292683f9be3cf585e97e4d46fa0e3224d24a4e2b42cbbb,f83baf5732ffbf88b9a448a3d9ab9fa270f7495fe44d1559c1ac49795a30881a,41f184a29ff88aaf275f3365267b8c909ce7598a,ridge_corrected_41f184a29ff8_6ed147cd_f83baf57
Ridge,3,2,2022-07-30,2022-08-02,13.98,11.951236868395496,-2.0287631316045047,2.0287631316045047,4.115879844157717,100.0,submitted_main_linear_features_H3_18col,6ed147cd585e5e8083292683f9be3cf585e97e4d46fa0e3224d24a4e2b42cbbb,f83baf5732ffbf88b9a448a3d9ab9fa270f7495fe44d1559c1ac49795a30881a,41f184a29ff88aaf275f3365267b8c909ce7598a,ridge_corrected_41f184a29ff8_6ed147cd_f83baf57
Ridge,3,2,2022-07-31,2022-08-03,15.37,11.555775717276122,-3.8142242827238775,3.8142242827238775,14.548306878920478,100.0,submitted_main_linear_features_H3_18col,6ed147cd585e5e8083292683f9be3cf585e97e4d46fa0e3224d24a4e2b42cbbb,f83baf5732ffbf88b9a448a3d9ab9fa270f7495fe44d1559c1ac49795a30881a,41f184a29ff88aaf275f3365267b8c909ce7598a,ridge_corrected_41f184a29ff8_6ed147cd_f83baf57
Ridge,3,2,2022-08-01,2022-08-04,13.75,11.841558313665997,-1.9084416863340028,1.9084416863340028,3.642149670137372,100.0,submitted_main_linear_features_H3_18col,6ed147cd585e5e8083292683f9be3cf585e97e4d46fa0e3224d24a4e2b42cbbb,f83baf5732ffbf88b9a448a3d9ab9fa270f7495fe44d1559c1ac49795a30881a,41f184a29ff88aaf275f3365267b8c909ce7598a,ridge_corrected_41f184a29ff8_6ed147cd_f83baf57
Ridge,3,2,2022-08-02,2022-08-05,12.58,12.078986974735477,-0.5010130252645233,0.5010130252645233,0.25101405148470984,100.0,submitted_main_linear_features_H3_18col,6ed147cd585e5e8083292683f9be3cf585e97e4d46fa0e3224d24a4e2b42cbbb,f83baf5732ffbf88b9a448a3d9ab9fa270f7495fe44d1559c1ac49795a30881a,41f184a29ff88aaf275f3365267b8c909ce7598a,ridge_corrected_41f184a29ff8_6ed147cd_f83baf57
Ridge,3,2,2022-08-03,2022-08-06,11.47,12.432415452009302,0.9624154520093011,0.9624154520093011,0.9262435022662674,100.0,submitted_main_linear_features_H3_18col,6ed147cd585e5e8083292683f9be3cf585e97e4d46fa0e3224d24a4e2b42cbbb,f83baf5732ffbf88b9a448a3d9ab9fa270f7495fe44d1559c1ac49795a30881a,41f184a29ff88aaf275f3365267b8c909ce7598a,ridge_corrected_41f184a29ff8_6ed147cd_f83baf57
Ridge,3,2,2022-08-04,2022-08-07,10.79,12.870241074976686,2.080241074976687,2.080241074976687,4.327402930020162,100.0,submitted_main_linear_features_H3_18col,6ed147cd585e5e8083292683f9be3cf585e97e4d46fa0e3224d24a4e2b42cbbb,f83baf5732ffbf88b9a448a3d9ab9fa270f7495fe44d1559c1ac49795a30881a,41f184a29ff88aaf275f3365267b8c909ce7598a,ridge_corrected_41f184a29ff8_6ed147cd_f83baf57
Ridge,3,2,2022-08-05,2022-08-08,11.84,12.845833210879361,1.005833210879361,1.005833210879361,1.0117004481078853,100.0,submitted_main_linear_features_H3_18col,6ed147cd585e5e8083292683f9be3cf585e97e4d46fa0e3224d24a4e2b42cbbb,f83baf5732ffbf88b9a448a3d9ab9fa270f7495fe44d1559c1ac49795a30881a,41f184a29ff88aaf275f3365267b8c909ce7598a,ridge_corrected_41f184a29ff8_6ed147cd_f83baf57
Ridge,3,2,2022-08-06,2022-08-09,11.92,12.486775282792738,0.5667752827927384,0.5667752827927384,0.32123422118478856,100.0,submitted_main_linear_features_H3_18col,6ed147cd585e5e8083292683f9be3cf585e97e4d46fa0e3224d24a4e2b42cbbb,f83baf5732ffbf88b9a448a3d9ab9fa270f7495fe44d1559c1ac49795a30881a,41f184a29ff88aaf275f3365267b8c909ce7598a,ridge_corrected_41f184a29ff8_6ed147cd_f83baf57
Ridge,3,2,2022-08-07,2022-08-10,9.1,11.851662395216964,2.7516623952169645,2.7516623952169645,7.571645937251162,100.0,submitted_main_linear_features_H3_18col,6ed147cd585e5e8083292683f9be3cf585e97e4d46fa0e3224d24a4e2b42cbbb,f83baf5732ffbf88b9a448a3d9ab9fa270f7495fe44d1559c1ac49795a30881a,41f184a29ff88aaf275f3365267b8c909ce7598a,ridge_corrected_41f184a29ff8_6ed147cd_f83baf57
Ridge,3,2,2022-08-08,2022-08-11,10.85,11.898081550627907,1.0480815506279075,1.0480815506279075,1.0984749367665991,100.0,submitted_main_linear_features_H3_18col,6ed147cd585e5e8083292683f9be3cf585e97e4d46fa0e3224d24a4e2b42cbbb,f83baf5732ffbf88b9a448a3d9ab9fa270f7495fe44d1559c1ac49795a30881a,41f184a29ff88aaf275f3365267b8c909ce7598a,ridge_corrected_41f184a29ff8_6ed147cd_f83baf57
Ridge,3,2,2022-08-09,2022-08-12,10.13,12.110015065890634,1.9800150658906333,1.9800150658906333,3.9204596611538887,100.0,submitted_main_linear_features_H3_18col,6ed147cd585e5e8083292683f9be3cf585e97e4d46fa0e3224d24a4e2b42cbbb,f83baf5732ffbf88b9a448a3d9ab9fa270f7495fe44d1559c1ac49795a30881a,41f184a29ff88aaf275f3365267b8c909ce7598a,ridge_corrected_41f184a29ff8_6ed147cd_f83baf57
Ridge,3,2,2022-08-10,2022-08-13,9.9,12.029556062121198,2.129556062121198,2.129556062121198,4.535009021717143,100.0,submitted_main_linear_features_H3_18col,6ed147cd585e5e8083292683f9be3cf585e97e4d46fa0e3224d24a4e2b42cbbb,f83baf5732ffbf88b9a448a3d9ab9fa270f7495fe44d1559c1ac49795a30881a,41f184a29ff88aaf275f3365267b8c909ce7598a,ridge_corrected_41f184a29ff8_6ed147cd_f83baf57
Ridge,3,2,2022-08-11,2022-08-14,8.88,11.185675782895544,2.305675782895543,2.305675782895543,5.316140815830975,100.0,submitted_main_linear_features_H3_18col,6ed147cd585e5e8083292683f9be3cf585e97e4d46fa0e3224d24a4e2b42cbbb,f83baf5732ffbf88b9a448a3d9ab9fa270f7495fe44d1559c1ac49795a30881a,41f184a29ff88aaf275f3365267b8c909ce7598a,ridge_corrected_41f184a29ff8_6ed147cd_f83baf57
Ridge,3,2,2022-08-12,2022-08-15,7.51,11.392781558671006,3.882781558671006,3.882781558671006,15.075992632355646,100.0,submitted_main_linear_features_H3_18col,6ed147cd585e5e8083292683f9be3cf585e97e4d46fa0e3224d24a4e2b42cbbb,f83baf5732ffbf88b9a448a3d9ab9fa270f7495fe44d1559c1ac49795a30881a,41f184a29ff88aaf275f3365267b8c909ce7598a,ridge_corrected_41f184a29ff8_6ed147cd_f83baf57
Ridge,3,2,2022-08-13,2022-08-16,7.97,11.339689467766135,3.3696894677661353,3.3696894677661353,11.35480710917402,100.0,submitted_main_linear_features_H3_18col,6ed147cd585e5e8083292683f9be3cf585e97e4d46fa0e3224d24a4e2b42cbbb,f83baf5732ffbf88b9a448a3d9ab9fa270f7495fe44d1559c1ac49795a30881a,41f184a29ff88aaf275f3365267b8c909ce7598a,ridge_corrected_41f184a29ff8_6ed147cd_f83baf57
Ridge,3,2,2022-08-14,2022-08-17,10.81,11.122740834635115,0.3127408346351146,0.3127408346351146,0.09780682964826809,100.0,submitted_main_linear_features_H3_18col,6ed147cd585e5e8083292683f9be3cf585e97e4d46fa0e3224d24a4e2b42cbbb,f83baf5732ffbf88b9a448a3d9ab9fa270f7495fe44d1559c1ac49795a30881a,41f184a29ff88aaf275f3365267b8c909ce7598a,ridge_corrected_41f184a29ff8_6ed147cd_f83baf57
Ridge,3,2,2022-08-15,2022-08-18,10.51,11.223882945796685,0.7138829457966853,0.7138829457966853,0.5096288602993532,100.0,submitted_main_linear_features_H3_18col,6ed147cd585e5e8083292683f9be3cf585e97e4d46fa0e3224d24a4e2b42cbbb,f83baf5732ffbf88b9a448a3d9ab9fa270f7495fe44d1559c1ac49795a30881a,41f184a29ff88aaf275f3365267b8c909ce7598a,ridge_corrected_41f184a29ff8_6ed147cd_f83baf57
Ridge,3,2,2022-08-16,2022-08-19,8.86,10.202511960882951,1.3425119608829519,1.3425119608829519,1.8023383651137885,100.0,submitted_main_linear_features_H3_18col,6ed147cd585e5e8083292683f9be3cf585e97e4d46fa0e3224d24a4e2b42cbbb,f83baf5732ffbf88b9a448a3d9ab9fa270f7495fe44d1559c1ac49795a30881a,41f184a29ff88aaf275f3365267b8c909ce7598a,ridge_corrected_41f184a29ff8_6ed147cd_f83baf57
Ridge,3,2,2022-08-17,2022-08-20,9.42,10.129623634704508,0.7096236347045082,0.7096236347045082,0.5035657029312373,100.0,submitted_main_linear_features_H3_18col,6ed147cd585e5e8083292683f9be3cf585e97e4d46fa0e3224d24a4e2b42cbbb,f83baf5732ffbf88b9a448a3d9ab9fa270f7495fe44d1559c1ac49795a30881a,41f184a29ff88aaf275f3365267b8c909ce7598a,ridge_corrected_41f184a29ff8_6ed147cd_f83baf57
Ridge,3,2,2022-08-18,2022-08-21,9.74,10.80995660751571,1.06995660751571,1.06995660751571,1.1448071419665273,100.0,submitted_main_linear_features_H3_18col,6ed147cd585e5e8083292683f9be3cf585e97e4d46fa0e3224d24a4e2b42cbbb,f83baf5732ffbf88b9a448a3d9ab9fa270f7495fe44d1559c1ac49795a30881a,41f184a29ff88aaf275f3365267b8c909ce7598a,ridge_corrected_41f184a29ff8_6ed147cd_f83baf57
Ridge,3,2,2022-08-19,2022-08-22,10.25,10.790298841836583,0.5402988418365826,0.5402988418365826,0.2919228384899525,100.0,submitted_main_linear_features_H3_18col,6ed147cd585e5e8083292683f9be3cf585e97e4d46fa0e3224d24a4e2b42cbbb,f83baf5732ffbf88b9a448a3d9ab9fa270f7495fe44d1559c1ac49795a30881a,41f184a29ff88aaf275f3365267b8c909ce7598a,ridge_corrected_41f184a29ff8_6ed147cd_f83baf57
Ridge,3,2,2022-08-20,2022-08-23,12.0,10.376219879601972,-1.6237801203980275,1.6237801203980275,2.6366618793998327,100.0,submitted_main_linear_features_H3_18col,6ed147cd585e5e8083292683f9be3cf585e97e4d46fa0e3224d24a4e2b42cbbb,f83baf5732ffbf88b9a448a3d9ab9fa270f7495fe44d1559c1ac49795a30881a,41f184a29ff88aaf275f3365267b8c909ce7598a,ridge_corrected_41f184a29ff8_6ed147cd_f83baf57
Ridge,3,2,2022-08-21,2022-08-24,9.62,10.619754605061004,0.9997546050610051,0.9997546050610051,0.9995092703406863,100.0,submitted_main_linear_features_H3_18col,6ed147cd585e5e8083292683f9be3cf585e97e4d46fa0e3224d24a4e2b42cbbb,f83baf5732ffbf88b9a448a3d9ab9fa270f7495fe44d1559c1ac49795a30881a,41f184a29ff88aaf275f3365267b8c909ce7598a,ridge_corrected_41f184a29ff8_6ed147cd_f83baf57
Ridge,3,2,2022-08-22,2022-08-25,9.98,10.584318269511224,0.6043182695112232,0.6043182695112232,0.3652005708650395,100.0,submitted_main_linear_features_H3_18col,6ed147cd585e5e8083292683f9be3cf585e97e4d46fa0e3224d24a4e2b42cbbb,f83baf5732ffbf88b9a448a3d9ab9fa270f7495fe44d1559c1ac49795a30881a,41f184a29ff88aaf275f3365267b8c909ce7598a,ridge_corrected_41f184a29ff8_6ed147cd_f83baf57
Ridge,3,2,2022-08-23,2022-08-26,10.62,11.348363828118117,0.728363828118118,0.728363828118118,0.5305138661108793,100.0,submitted_main_linear_features_H3_18col,6ed147cd585e5e8083292683f9be3cf585e97e4d46fa0e3224d24a4e2b42cbbb,f83baf5732ffbf88b9a448a3d9ab9fa270f7495fe44d1559c1ac49795a30881a,41f184a29ff88aaf275f3365267b8c909ce7598a,ridge_corrected_41f184a29ff8_6ed147cd_f83baf57
Ridge,3,2,2022-08-24,2022-08-27,12.52,11.101103088027664,-1.418896911972336,1.418896911972336,2.013268446804631,100.0,submitted_main_linear_features_H3_18col,6ed147cd585e5e8083292683f9be3cf585e97e4d46fa0e3224d24a4e2b42cbbb,f83baf5732ffbf88b9a448a3d9ab9fa270f7495fe44d1559c1ac49795a30881a,41f184a29ff88aaf275f3365267b8c909ce7598a,ridge_corrected_41f184a29ff8_6ed147cd_f83baf57
Ridge,3,2,2022-08-25,2022-08-28,13.15,10.600488516644972,-2.549511483355028,2.549511483355028,6.500008803759155,100.0,submitted_main_linear_features_H3_18col,6ed147cd585e5e8083292683f9be3cf585e97e4d46fa0e3224d24a4e2b42cbbb,f83baf5732ffbf88b9a448a3d9ab9fa270f7495fe44d1559c1ac49795a30881a,41f184a29ff88aaf275f3365267b8c909ce7598a,ridge_corrected_41f184a29ff8_6ed147cd_f83baf57
Ridge,3,2,2022-08-26,2022-08-29,11.3,10.747371724296679,-0.5526282757033218,0.5526282757033218,0.3053980111068267,100.0,submitted_main_linear_features_H3_18col,6ed147cd585e5e8083292683f9be3cf585e97e4d46fa0e3224d24a4e2b42cbbb,f83baf5732ffbf88b9a448a3d9ab9fa270f7495fe44d1559c1ac49795a30881a,41f184a29ff88aaf275f3365267b8c909ce7598a,ridge_corrected_41f184a29ff8_6ed147cd_f83baf57
Ridge,3,2,2022-08-27,2022-08-30,11.58,11.44585045592863,-0.13414954407137003,0.13414954407137003,0.01799610017455645,100.0,submitted_main_linear_features_H3_18col,6ed147cd585e5e8083292683f9be3cf585e97e4d46fa0e3224d24a4e2b42cbbb,f83baf5732ffbf88b9a448a3d9ab9fa270f7495fe44d1559c1ac49795a30881a,41f184a29ff88aaf275f3365267b8c909ce7598a,ridge_corrected_41f184a29ff8_6ed147cd_f83baf57
Ridge,3,2,2022-08-28,2022-08-31,9.74,12.002476013875423,2.262476013875423,2.262476013875423,5.118797713361623,100.0,submitted_main_linear_features_H3_18col,6ed147cd585e5e8083292683f9be3cf585e97e4d46fa0e3224d24a4e2b42cbbb,f83baf5732ffbf88b9a448a3d9ab9fa270f7495fe44d1559c1ac49795a30881a,41f184a29ff88aaf275f3365267b8c909ce7598a,ridge_corrected_41f184a29ff8_6ed147cd_f83baf57
Ridge,3,2,2022-08-29,2022-09-01,6.86,11.938095204285252,5.078095204285252,5.078095204285252,25.787050903784877,100.0,submitted_main_linear_features_H3_18col,6ed147cd585e5e8083292683f9be3cf585e97e4d46fa0e3224d24a4e2b42cbbb,f83baf5732ffbf88b9a448a3d9ab9fa270f7495fe44d1559c1ac49795a30881a,41f184a29ff88aaf275f3365267b8c909ce7598a,ridge_corrected_41f184a29ff8_6ed147cd_f83baf57
Ridge,3,2,2022-08-30,2022-09-02,8.57,11.435783383151946,2.865783383151946,2.865783383151946,8.212714399149814,100.0,submitted_main_linear_features_H3_18col,6ed147cd585e5e8083292683f9be3cf585e97e4d46fa0e3224d24a4e2b42cbbb,f83baf5732ffbf88b9a448a3d9ab9fa270f7495fe44d1559c1ac49795a30881a,41f184a29ff88aaf275f3365267b8c909ce7598a,ridge_corrected_41f184a29ff8_6ed147cd_f83baf57
Ridge,3,2,2022-08-31,2022-09-03,11.56,11.136214228340744,-0.4237857716592561,0.4237857716592561,0.17959438026083116,100.0,submitted_main_linear_features_H3_18col,6ed147cd585e5e8083292683f9be3cf585e97e4d46fa0e3224d24a4e2b42cbbb,f83baf5732ffbf88b9a448a3d9ab9fa270f7495fe44d1559c1ac49795a30881a,41f184a29ff88aaf275f3365267b8c909ce7598a,ridge_corrected_41f184a29ff8_6ed147cd_f83baf57
Ridge,3,2,2022-09-01,2022-09-04,9.69,10.857210787516145,1.1672107875161455,1.1672107875161455,1.3623810224940605,100.0,submitted_main_linear_features_H3_18col,6ed147cd585e5e8083292683f9be3cf585e97e4d46fa0e3224d24a4e2b42cbbb,f83baf5732ffbf88b9a448a3d9ab9fa270f7495fe44d1559c1ac49795a30881a,41f184a29ff88aaf275f3365267b8c909ce7598a,ridge_corrected_41f184a29ff8_6ed147cd_f83baf57
Ridge,3,2,2022-09-02,2022-09-05,11.27,10.103467018771362,-1.166532981228638,1.166532981228638,1.360799196294174,100.0,submitted_main_linear_features_H3_18col,6ed147cd585e5e8083292683f9be3cf585e97e4d46fa0e3224d24a4e2b42cbbb,f83baf5732ffbf88b9a448a3d9ab9fa270f7495fe44d1559c1ac49795a30881a,41f184a29ff88aaf275f3365267b8c909ce7598a,ridge_corrected_41f184a29ff8_6ed147cd_f83baf57
Ridge,3,2,2022-09-03,2022-09-06,10.07,10.71821980869974,0.6482198086997393,0.6482198086997393,0.4201889203907266,100.0,submitted_main_linear_features_H3_18col,6ed147cd585e5e8083292683f9be3cf585e97e4d46fa0e3224d24a4e2b42cbbb,f83baf5732ffbf88b9a448a3d9ab9fa270f7495fe44d1559c1ac49795a30881a,41f184a29ff88aaf275f3365267b8c909ce7598a,ridge_corrected_41f184a29ff8_6ed147cd_f83baf57
Ridge,3,2,2022-09-04,2022-09-07,10.8,11.149222873488087,0.34922287348808645,0.34922287348808645,0.12195661536727603,100.0,submitted_main_linear_features_H3_18col,6ed147cd585e5e8083292683f9be3cf585e97e4d46fa0e3224d24a4e2b42cbbb,f83baf5732ffbf88b9a448a3d9ab9fa270f7495fe44d1559c1ac49795a30881a,41f184a29ff88aaf275f3365267b8c909ce7598a,ridge_corrected_41f184a29ff8_6ed147cd_f83baf57
Ridge,3,2,2022-09-05,2022-09-08,6.31,10.592901122051247,4.282901122051247,4.282901122051247,18.343242021267834,100.0,submitted_main_linear_features_H3_18col,6ed147cd585e5e8083292683f9be3cf585e97e4d46fa0e3224d24a4e2b42cbbb,f83baf5732ffbf88b9a448a3d9ab9fa270f7495fe44d1559c1ac49795a30881a,41f184a29ff88aaf275f3365267b8c909ce7598a,ridge_corrected_41f184a29ff8_6ed147cd_f83baf57
Ridge,3,2,2022-09-06,2022-09-09,9.62,9.585502003138686,-0.034497996861313496,0.034497996861313496,0.0011901117874431957,100.0,submitted_main_linear_features_H3_18col,6ed147cd585e5e8083292683f9be3cf585e97e4d46fa0e3224d24a4e2b42cbbb,f83baf5732ffbf88b9a448a3d9ab9fa270f7495fe44d1559c1ac49795a30881a,41f184a29ff88aaf275f3365267b8c909ce7598a,ridge_corrected_41f184a29ff8_6ed147cd_f83baf57
Ridge,3,2,2022-09-07,2022-09-10,11.69,9.642705596057047,-2.047294403942953,2.047294403942953,4.19141437641613,100.0,submitted_main_linear_features_H3_18col,6ed147cd585e5e8083292683f9be3cf585e97e4d46fa0e3224d24a4e2b42cbbb,f83baf5732ffbf88b9a448a3d9ab9fa270f7495fe44d1559c1ac49795a30881a,41f184a29ff88aaf275f3365267b8c909ce7598a,ridge_corrected_41f184a29ff8_6ed147cd_f83baf57
Ridge,3,2,2022-09-08,2022-09-11,10.96,10.385133180907058,-0.5748668190929429,0.5748668190929429,0.33047185969403836,100.0,submitted_main_linear_features_H3_18col,6ed147cd585e5e8083292683f9be3cf585e97e4d46fa0e3224d24a4e2b42cbbb,f83baf5732ffbf88b9a448a3d9ab9fa270f7495fe44d1559c1ac49795a30881a,41f184a29ff88aaf275f3365267b8c909ce7598a,ridge_corrected_41f184a29ff8_6ed147cd_f83baf57
Ridge,3,2,2022-09-09,2022-09-12,12.9,10.318278535440818,-2.581721464559182,2.581721464559182,6.665285720565609,100.0,submitted_main_linear_features_H3_18col,6ed147cd585e5e8083292683f9be3cf585e97e4d46fa0e3224d24a4e2b42cbbb,f83baf5732ffbf88b9a448a3d9ab9fa270f7495fe44d1559c1ac49795a30881a,41f184a29ff88aaf275f3365267b8c909ce7598a,ridge_corrected_41f184a29ff8_6ed147cd_f83baf57
Ridge,3,2,2022-09-10,2022-09-13,15.26,10.998724368922321,-4.2612756310776785,4.2612756310776785,18.15847000401647,100.0,submitted_main_linear_features_H3_18col,6ed147cd585e5e8083292683f9be3cf585e97e4d46fa0e3224d24a4e2b42cbbb,f83baf5732ffbf88b9a448a3d9ab9fa270f7495fe44d1559c1ac49795a30881a,41f184a29ff88aaf275f3365267b8c909ce7598a,ridge_corrected_41f184a29ff8_6ed147cd_f83baf57
Ridge,3,2,2022-09-11,2022-09-14,10.7,11.341145704179473,0.6411457041794737,0.6411457041794737,0.4110678139877932,100.0,submitted_main_linear_features_H3_18col,6ed147cd585e5e8083292683f9be3cf585e97e4d46fa0e3224d24a4e2b42cbbb,f83baf5732ffbf88b9a448a3d9ab9fa270f7495fe44d1559c1ac49795a30881a,41f184a29ff88aaf275f3365267b8c909ce7598a,ridge_corrected_41f184a29ff8_6ed147cd_f83baf57
Ridge,3,2,2022-09-12,2022-09-15,11.9,11.350578540612243,-0.5494214593877569,0.5494214593877569,0.3018639400357726,100.0,submitted_main_linear_features_H3_18col,6ed147cd585e5e8083292683f9be3cf585e97e4d46fa0e3224d24a4e2b42cbbb,f83baf5732ffbf88b9a448a3d9ab9fa270f7495fe44d1559c1ac49795a30881a,41f184a29ff88aaf275f3365267b8c909ce7598a,ridge_corrected_41f184a29ff8_6ed147cd_f83baf57
Ridge,3,2,2022-09-13,2022-09-16,14.33,11.832022564532558,-2.497977435467442,2.497977435467442,6.2398912681045,100.0,submitted_main_linear_features_H3_18col,6ed147cd585e5e8083292683f9be3cf585e97e4d46fa0e3224d24a4e2b42cbbb,f83baf5732ffbf88b9a448a3d9ab9fa270f7495fe44d1559c1ac49795a30881a,41f184a29ff88aaf275f3365267b8c909ce7598a,ridge_corrected_41f184a29ff8_6ed147cd_f83baf57
Ridge,3,2,2022-09-14,2022-09-17,13.67,12.256713838668052,-1.413286161331948,1.413286161331948,1.9973777738123932,100.0,submitted_main_linear_features_H3_18col,6ed147cd585e5e8083292683f9be3cf585e97e4d46fa0e3224d24a4e2b42cbbb,f83baf5732ffbf88b9a448a3d9ab9fa270f7495fe44d1559c1ac49795a30881a,41f184a29ff88aaf275f3365267b8c909ce7598a,ridge_corrected_41f184a29ff8_6ed147cd_f83baf57
Ridge,3,2,2022-09-15,2022-09-18,11.3,11.317812199515991,0.017812199515990557,0.017812199515990557,0.00031727445159745424,100.0,submitted_main_linear_features_H3_18col,6ed147cd585e5e8083292683f9be3cf585e97e4d46fa0e3224d24a4e2b42cbbb,f83baf5732ffbf88b9a448a3d9ab9fa270f7495fe44d1559c1ac49795a30881a,41f184a29ff88aaf275f3365267b8c909ce7598a,ridge_corrected_41f184a29ff8_6ed147cd_f83baf57
Ridge,3,2,2022-09-16,2022-09-19,11.33,12.157585942225452,0.8275859422254523,0.8275859422254523,0.6848984917691897,100.0,submitted_main_linear_features_H3_18col,6ed147cd585e5e8083292683f9be3cf585e97e4d46fa0e3224d24a4e2b42cbbb,f83baf5732ffbf88b9a448a3d9ab9fa270f7495fe44d1559c1ac49795a30881a,41f184a29ff88aaf275f3365267b8c909ce7598a,ridge_corrected_41f184a29ff8_6ed147cd_f83baf57
Ridge,3,2,2022-09-17,2022-09-20,9.44,12.723374216366672,3.2833742163666724,3.2833742163666724,10.78054624470146,100.0,submitted_main_linear_features_H3_18col,6ed147cd585e5e8083292683f9be3cf585e97e4d46fa0e3224d24a4e2b42cbbb,f83baf5732ffbf88b9a448a3d9ab9fa270f7495fe44d1559c1ac49795a30881a,41f184a29ff88aaf275f3365267b8c909ce7598a,ridge_corrected_41f184a29ff8_6ed147cd_f83baf57
Ridge,3,2,2022-09-18,2022-09-21,10.38,12.466677135010402,2.086677135010401,2.086677135010401,4.354221465775215,100.0,submitted_main_linear_features_H3_18col,6ed147cd585e5e8083292683f9be3cf585e97e4d46fa0e3224d24a4e2b42cbbb,f83baf5732ffbf88b9a448a3d9ab9fa270f7495fe44d1559c1ac49795a30881a,41f184a29ff88aaf275f3365267b8c909ce7598a,ridge_corrected_41f184a29ff8_6ed147cd_f83baf57
Ridge,3,2,2022-09-19,2022-09-22,11.3,11.241751689932975,-0.058248310067025244,0.058248310067025244,0.0033928656256643143,100.0,submitted_main_linear_features_H3_18col,6ed147cd585e5e8083292683f9be3cf585e97e4d46fa0e3224d24a4e2b42cbbb,f83baf5732ffbf88b9a448a3d9ab9fa270f7495fe44d1559c1ac49795a30881a,41f184a29ff88aaf275f3365267b8c909ce7598a,ridge_corrected_41f184a29ff8_6ed147cd_f83baf57
Ridge,3,2,2022-09-20,2022-09-23,13.42,11.338050102766589,-2.081949897233411,2.081949897233411,4.33451537459021,100.0,submitted_main_linear_features_H3_18col,6ed147cd585e5e8083292683f9be3cf585e97e4d46fa0e3224d24a4e2b42cbbb,f83baf5732ffbf88b9a448a3d9ab9fa270f7495fe44d1559c1ac49795a30881a,41f184a29ff88aaf275f3365267b8c909ce7598a,ridge_corrected_41f184a29ff8_6ed147cd_f83baf57
Ridge,3,2,2022-09-21,2022-09-24,12.35,10.939524957064695,-1.410475042935305,1.410475042935305,1.9894398467433505,100.0,submitted_main_linear_features_H3_18col,6ed147cd585e5e8083292683f9be3cf585e97e4d46fa0e3224d24a4e2b42cbbb,f83baf5732ffbf88b9a448a3d9ab9fa270f7495fe44d1559c1ac49795a30881a,41f184a29ff88aaf275f3365267b8c909ce7598a,ridge_corrected_41f184a29ff8_6ed147cd_f83baf57
Ridge,3,2,2022-09-22,2022-09-25,13.02,11.81719813600689,-1.202801863993109,1.202801863993109,1.4467323240252976,100.0,submitted_main_linear_features_H3_18col,6ed147cd585e5e8083292683f9be3cf585e97e4d46fa0e3224d24a4e2b42cbbb,f83baf5732ffbf88b9a448a3d9ab9fa270f7495fe44d1559c1ac49795a30881a,41f184a29ff88aaf275f3365267b8c909ce7598a,ridge_corrected_41f184a29ff8_6ed147cd_f83baf57
Ridge,3,2,2022-09-23,2022-09-26,13.94,11.841087918442735,-2.0989120815572644,2.0989120815572644,4.405431926107048,100.0,submitted_main_linear_features_H3_18col,6ed147cd585e5e8083292683f9be3cf585e97e4d46fa0e3224d24a4e2b42cbbb,f83baf5732ffbf88b9a448a3d9ab9fa270f7495fe44d1559c1ac49795a30881a,41f184a29ff88aaf275f3365267b8c909ce7598a,ridge_corrected_41f184a29ff8_6ed147cd_f83baf57
Ridge,3,2,2022-09-24,2022-09-27,13.92,12.77516558675066,-1.14483441324934,1.14483441324934,1.3106458337599605,100.0,submitted_main_linear_features_H3_18col,6ed147cd585e5e8083292683f9be3cf585e97e4d46fa0e3224d24a4e2b42cbbb,f83baf5732ffbf88b9a448a3d9ab9fa270f7495fe44d1559c1ac49795a30881a,41f184a29ff88aaf275f3365267b8c909ce7598a,ridge_corrected_41f184a29ff8_6ed147cd_f83baf57
Ridge,3,2,2022-09-25,2022-09-28,11.36,12.719312093380145,1.3593120933801455,1.3593120933801455,1.8477293672095134,100.0,submitted_main_linear_features_H3_18col,6ed147cd585e5e8083292683f9be3cf585e97e4d46fa0e3224d24a4e2b42cbbb,f83baf5732ffbf88b9a448a3d9ab9fa270f7495fe44d1559c1ac49795a30881a,41f184a29ff88aaf275f3365267b8c909ce7598a,ridge_corrected_41f184a29ff8_6ed147cd_f83baf57
Ridge,3,2,2022-09-26,2022-09-29,12.05,13.086077704038187,1.0360777040381866,1.0360777040381866,1.0734570088050401,100.0,submitted_main_linear_features_H3_18col,6ed147cd585e5e8083292683f9be3cf585e97e4d46fa0e3224d24a4e2b42cbbb,f83baf5732ffbf88b9a448a3d9ab9fa270f7495fe44d1559c1ac49795a30881a,41f184a29ff88aaf275f3365267b8c909ce7598a,ridge_corrected_41f184a29ff8_6ed147cd_f83baf57
Ridge,3,2,2022-09-27,2022-09-30,13.66,12.609839587605702,-1.0501604123942982,1.0501604123942982,1.1028368917601625,100.0,submitted_main_linear_features_H3_18col,6ed147cd585e5e8083292683f9be3cf585e97e4d46fa0e3224d24a4e2b42cbbb,f83baf5732ffbf88b9a448a3d9ab9fa270f7495fe44d1559c1ac49795a30881a,41f184a29ff88aaf275f3365267b8c909ce7598a,ridge_corrected_41f184a29ff8_6ed147cd_f83baf57
Ridge,3,2,2022-09-28,2022-10-01,13.19,13.408858931063616,0.21885893106361642,0.21885893106361642,0.047899231706308804,100.0,submitted_main_linear_features_H3_18col,6ed147cd585e5e8083292683f9be3cf585e97e4d46fa0e3224d24a4e2b42cbbb,f83baf5732ffbf88b9a448a3d9ab9fa270f7495fe44d1559c1ac49795a30881a,41f184a29ff88aaf275f3365267b8c909ce7598a,ridge_corrected_41f184a29ff8_6ed147cd_f83baf57
Ridge,3,2,2022-09-29,2022-10-02,13.78,12.68629411042591,-1.093705889574089,1.093705889574089,1.1961925728890492,100.0,submitted_main_linear_features_H3_18col,6ed147cd585e5e8083292683f9be3cf585e97e4d46fa0e3224d24a4e2b42cbbb,f83baf5732ffbf88b9a448a3d9ab9fa270f7495fe44d1559c1ac49795a30881a,41f184a29ff88aaf275f3365267b8c909ce7598a,ridge_corrected_41f184a29ff8_6ed147cd_f83baf57
Ridge,3,2,2022-09-30,2022-10-03,14.42,12.931801862910271,-1.4881981370897286,1.4881981370897286,2.2147336952373387,100.0,submitted_main_linear_features_H3_18col,6ed147cd585e5e8083292683f9be3cf585e97e4d46fa0e3224d24a4e2b42cbbb,f83baf5732ffbf88b9a448a3d9ab9fa270f7495fe44d1559c1ac49795a30881a,41f184a29ff88aaf275f3365267b8c909ce7598a,ridge_corrected_41f184a29ff8_6ed147cd_f83baf57
Ridge,3,2,2022-10-01,2022-10-04,15.44,13.501026559086558,-1.9389734409134416,1.9389734409134416,3.7596180045677117,100.0,submitted_main_linear_features_H3_18col,6ed147cd585e5e8083292683f9be3cf585e97e4d46fa0e3224d24a4e2b42cbbb,f83baf5732ffbf88b9a448a3d9ab9fa270f7495fe44d1559c1ac49795a30881a,41f184a29ff88aaf275f3365267b8c909ce7598a,ridge_corrected_41f184a29ff8_6ed147cd_f83baf57
Ridge,3,2,2022-10-02,2022-10-05,10.33,13.017920258177872,2.687920258177872,2.687920258177872,7.224915314322998,100.0,submitted_main_linear_features_H3_18col,6ed147cd585e5e8083292683f9be3cf585e97e4d46fa0e3224d24a4e2b42cbbb,f83baf5732ffbf88b9a448a3d9ab9fa270f7495fe44d1559c1ac49795a30881a,41f184a29ff88aaf275f3365267b8c909ce7598a,ridge_corrected_41f184a29ff8_6ed147cd_f83baf57
Ridge,3,2,2022-10-03,2022-10-06,16.68,13.241685127493009,-3.438314872506991,3.438314872506991,11.822009162502766,100.0,submitted_main_linear_features_H3_18col,6ed147cd585e5e8083292683f9be3cf585e97e4d46fa0e3224d24a4e2b42cbbb,f83baf5732ffbf88b9a448a3d9ab9fa270f7495fe44d1559c1ac49795a30881a,41f184a29ff88aaf275f3365267b8c909ce7598a,ridge_corrected_41f184a29ff8_6ed147cd_f83baf57
Ridge,3,2,2022-10-04,2022-10-07,15.78,13.288168368917855,-2.4918316310821442,2.4918316310821442,6.209224877661499,100.0,submitted_main_linear_features_H3_18col,6ed147cd585e5e8083292683f9be3cf585e97e4d46fa0e3224d24a4e2b42cbbb,f83baf5732ffbf88b9a448a3d9ab9fa270f7495fe44d1559c1ac49795a30881a,41f184a29ff88aaf275f3365267b8c909ce7598a,ridge_corrected_41f184a29ff8_6ed147cd_f83baf57
Ridge,3,2,2022-10-05,2022-10-08,14.52,13.311916752748957,-1.208083247251043,1.208083247251043,1.4594651322886247,100.0,submitted_main_linear_features_H3_18col,6ed147cd585e5e8083292683f9be3cf585e97e4d46fa0e3224d24a4e2b42cbbb,f83baf5732ffbf88b9a448a3d9ab9fa270f7495fe44d1559c1ac49795a30881a,41f184a29ff88aaf275f3365267b8c909ce7598a,ridge_corrected_41f184a29ff8_6ed147cd_f83baf57
Ridge,3,2,2022-10-06,2022-10-09,12.31,12.517963488565377,0.20796348856537605,0.20796348856537605,0.0432488125762813,100.0,submitted_main_linear_features_H3_18col,6ed147cd585e5e8083292683f9be3cf585e97e4d46fa0e3224d24a4e2b42cbbb,f83baf5732ffbf88b9a448a3d9ab9fa270f7495fe44d1559c1ac49795a30881a,41f184a29ff88aaf275f3365267b8c909ce7598a,ridge_corrected_41f184a29ff8_6ed147cd_f83baf57
Ridge,3,2,2022-10-07,2022-10-10,15.42,13.887738602022434,-1.5322613979775657,1.5322613979775657,2.347824991732164,100.0,submitted_main_linear_features_H3_18col,6ed147cd585e5e8083292683f9be3cf585e97e4d46fa0e3224d24a4e2b42cbbb,f83baf5732ffbf88b9a448a3d9ab9fa270f7495fe44d1559c1ac49795a30881a,41f184a29ff88aaf275f3365267b8c909ce7598a,ridge_corrected_41f184a29ff8_6ed147cd_f83baf57
Ridge,3,2,2022-10-08,2022-10-11,12.6,13.939061798181756,1.3390617981817563,1.3390617981817563,1.7930864993497586,100.0,submitted_main_linear_features_H3_18col,6ed147cd585e5e8083292683f9be3cf585e97e4d46fa0e3224d24a4e2b42cbbb,f83baf5732ffbf88b9a448a3d9ab9fa270f7495fe44d1559c1ac49795a30881a,41f184a29ff88aaf275f3365267b8c909ce7598a,ridge_corrected_41f184a29ff8_6ed147cd_f83baf57
Ridge,3,2,2022-10-09,2022-10-12,13.87,13.557010192471395,-0.31298980752860395,0.31298980752860395,0.09796261961679255,100.0,submitted_main_linear_features_H3_18col,6ed147cd585e5e8083292683f9be3cf585e97e4d46fa0e3224d24a4e2b42cbbb,f83baf5732ffbf88b9a448a3d9ab9fa270f7495fe44d1559c1ac49795a30881a,41f184a29ff88aaf275f3365267b8c909ce7598a,ridge_corrected_41f184a29ff8_6ed147cd_f83baf57
Ridge,3,2,2022-10-10,2022-10-13,13.28,13.114493373170498,-0.1655066268295009,0.1655066268295009,0.027392443524479667,100.0,submitted_main_linear_features_H3_18col,6ed147cd585e5e8083292683f9be3cf585e97e4d46fa0e3224d24a4e2b42cbbb,f83baf5732ffbf88b9a448a3d9ab9fa270f7495fe44d1559c1ac49795a30881a,41f184a29ff88aaf275f3365267b8c909ce7598a,ridge_corrected_41f184a29ff8_6ed147cd_f83baf57
Ridge,3,2,2022-10-11,2022-10-14,13.3,13.714656156241295,0.4146561562412945,0.4146561562412945,0.17193972790880482,100.0,submitted_main_linear_features_H3_18col,6ed147cd585e5e8083292683f9be3cf585e97e4d46fa0e3224d24a4e2b42cbbb,f83baf5732ffbf88b9a448a3d9ab9fa270f7495fe44d1559c1ac49795a30881a,41f184a29ff88aaf275f3365267b8c909ce7598a,ridge_corrected_41f184a29ff8_6ed147cd_f83baf57
Ridge,3,2,2022-10-12,2022-10-15,13.45,13.09452486348593,-0.3554751365140696,0.3554751365140696,0.12636257267969642,100.0,submitted_main_linear_features_H3_18col,6ed147cd585e5e8083292683f9be3cf585e97e4d46fa0e3224d24a4e2b42cbbb,f83baf5732ffbf88b9a448a3d9ab9fa270f7495fe44d1559c1ac49795a30881a,41f184a29ff88aaf275f3365267b8c909ce7598a,ridge_corrected_41f184a29ff8_6ed147cd_f83baf57
Ridge,3,2,2022-10-13,2022-10-16,13.31,13.346207300521796,0.036207300521795105,0.036207300521795105,0.001310968611075584,100.0,submitted_main_linear_features_H3_18col,6ed147cd585e5e8083292683f9be3cf585e97e4d46fa0e3224d24a4e2b42cbbb,f83baf5732ffbf88b9a448a3d9ab9fa270f7495fe44d1559c1ac49795a30881a,41f184a29ff88aaf275f3365267b8c909ce7598a,ridge_corrected_41f184a29ff8_6ed147cd_f83baf57
Ridge,3,2,2022-10-14,2022-10-17,13.04,12.901140736572975,-0.13885926342702426,0.13885926342702426,0.019281895039495716,100.0,submitted_main_linear_features_H3_18col,6ed147cd585e5e8083292683f9be3cf585e97e4d46fa0e3224d24a4e2b42cbbb,f83baf5732ffbf88b9a448a3d9ab9fa270f7495fe44d1559c1ac49795a30881a,41f184a29ff88aaf275f3365267b8c909ce7598a,ridge_corrected_41f184a29ff8_6ed147cd_f83baf57
Ridge,3,2,2022-10-15,2022-10-18,13.21,13.164572845001771,-0.04542715499822947,0.04542715499822947,0.0020636264112331645,100.0,submitted_main_linear_features_H3_18col,6ed147cd585e5e8083292683f9be3cf585e97e4d46fa0e3224d24a4e2b42cbbb,f83baf5732ffbf88b9a448a3d9ab9fa270f7495fe44d1559c1ac49795a30881a,41f184a29ff88aaf275f3365267b8c909ce7598a,ridge_corrected_41f184a29ff8_6ed147cd_f83baf57
Ridge,3,2,2022-10-16,2022-10-19,14.93,13.291057477983392,-1.6389425220166078,1.6389425220166078,2.686132590474159,100.0,submitted_main_linear_features_H3_18col,6ed147cd585e5e8083292683f9be3cf585e97e4d46fa0e3224d24a4e2b42cbbb,f83baf5732ffbf88b9a448a3d9ab9fa270f7495fe44d1559c1ac49795a30881a,41f184a29ff88aaf275f3365267b8c909ce7598a,ridge_corrected_41f184a29ff8_6ed147cd_f83baf57
Ridge,3,2,2022-10-17,2022-10-20,14.18,13.341798615624734,-0.8382013843752656,0.8382013843752656,0.7025815607686118,100.0,submitted_main_linear_features_H3_18col,6ed147cd585e5e8083292683f9be3cf585e97e4d46fa0e3224d24a4e2b42cbbb,f83baf5732ffbf88b9a448a3d9ab9fa270f7495fe44d1559c1ac49795a30881a,41f184a29ff88aaf275f3365267b8c909ce7598a,ridge_corrected_41f184a29ff8_6ed147cd_f83baf57
Ridge,3,2,2022-10-18,2022-10-21,13.73,13.076610403889742,-0.6533895961102587,0.6533895961102587,0.426917964305127,100.0,submitted_main_linear_features_H3_18col,6ed147cd585e5e8083292683f9be3cf585e97e4d46fa0e3224d24a4e2b42cbbb,f83baf5732ffbf88b9a448a3d9ab9fa270f7495fe44d1559c1ac49795a30881a,41f184a29ff88aaf275f3365267b8c909ce7598a,ridge_corrected_41f184a29ff8_6ed147cd_f83baf57
Ridge,3,2,2022-10-19,2022-10-22,15.16,13.38281340939847,-1.7771865906015307,1.7771865906015307,3.1583921778138926,100.0,submitted_main_linear_features_H3_18col,6ed147cd585e5e8083292683f9be3cf585e97e4d46fa0e3224d24a4e2b42cbbb,f83baf5732ffbf88b9a448a3d9ab9fa270f7495fe44d1559c1ac49795a30881a,41f184a29ff88aaf275f3365267b8c909ce7598a,ridge_corrected_41f184a29ff8_6ed147cd_f83baf57
Ridge,3,2,2022-10-20,2022-10-23,13.21,13.345035946245941,0.1350359462459405,0.1350359462459405,0.018234706778536534,100.0,submitted_main_linear_features_H3_18col,6ed147cd585e5e8083292683f9be3cf585e97e4d46fa0e3224d24a4e2b42cbbb,f83baf5732ffbf88b9a448a3d9ab9fa270f7495fe44d1559c1ac49795a30881a,41f184a29ff88aaf275f3365267b8c909ce7598a,ridge_corrected_41f184a29ff8_6ed147cd_f83baf57
Ridge,3,2,2022-10-21,2022-10-24,14.57,13.573166639591205,-0.9968333604087949,0.9968333604087949,0.9936767484238903,100.0,submitted_main_linear_features_H3_18col,6ed147cd585e5e8083292683f9be3cf585e97e4d46fa0e3224d24a4e2b42cbbb,f83baf5732ffbf88b9a448a3d9ab9fa270f7495fe44d1559c1ac49795a30881a,41f184a29ff88aaf275f3365267b8c909ce7598a,ridge_corrected_41f184a29ff8_6ed147cd_f83baf57
Ridge,3,2,2022-10-22,2022-10-25,16.82,13.468402524421705,-3.351597475578295,3.351597475578295,11.233205638302799,100.0,submitted_main_linear_features_H3_18col,6ed147cd585e5e8083292683f9be3cf585e97e4d46fa0e3224d24a4e2b42cbbb,f83baf5732ffbf88b9a448a3d9ab9fa270f7495fe44d1559c1ac49795a30881a,41f184a29ff88aaf275f3365267b8c909ce7598a,ridge_corrected_41f184a29ff8_6ed147cd_f83baf57
Ridge,3,2,2022-10-23,2022-10-26,14.45,13.756064601356805,-0.6939353986431946,0.6939353986431946,0.48154633749008946,100.0,submitted_main_linear_features_H3_18col,6ed147cd585e5e8083292683f9be3cf585e97e4d46fa0e3224d24a4e2b42cbbb,f83baf5732ffbf88b9a448a3d9ab9fa270f7495fe44d1559c1ac49795a30881a,41f184a29ff88aaf275f3365267b8c909ce7598a,ridge_corrected_41f184a29ff8_6ed147cd_f83baf57
Ridge,3,2,2022-10-24,2022-10-27,11.03,13.35814811898053,2.328148118980531,2.328148118980531,5.420273663912584,100.0,submitted_main_linear_features_H3_18col,6ed147cd585e5e8083292683f9be3cf585e97e4d46fa0e3224d24a4e2b42cbbb,f83baf5732ffbf88b9a448a3d9ab9fa270f7495fe44d1559c1ac49795a30881a,41f184a29ff88aaf275f3365267b8c909ce7598a,ridge_corrected_41f184a29ff8_6ed147cd_f83baf57
Ridge,3,2,2022-10-25,2022-10-28,10.85,14.067898394696783,3.2178983946967836,3.2178983946967836,10.354870078592137,100.0,submitted_main_linear_features_H3_18col,6ed147cd585e5e8083292683f9be3cf585e97e4d46fa0e3224d24a4e2b42cbbb,f83baf5732ffbf88b9a448a3d9ab9fa270f7495fe44d1559c1ac49795a30881a,41f184a29ff88aaf275f3365267b8c909ce7598a,ridge_corrected_41f184a29ff8_6ed147cd_f83baf57
Ridge,3,2,2022-10-26,2022-10-29,13.74,14.279535903734489,0.5395359037344889,0.5395359037344889,0.2910989914185917,100.0,submitted_main_linear_features_H3_18col,6ed147cd585e5e8083292683f9be3cf585e97e4d46fa0e3224d24a4e2b42cbbb,f83baf5732ffbf88b9a448a3d9ab9fa270f7495fe44d1559c1ac49795a30881a,41f184a29ff88aaf275f3365267b8c909ce7598a,ridge_corrected_41f184a29ff8_6ed147cd_f83baf57
Ridge,3,2,2022-10-27,2022-10-30,14.12,13.999818038009664,-0.12018196199033504,0.12018196199033504,0.014443703987846336,100.0,submitted_main_linear_features_H3_18col,6ed147cd585e5e8083292683f9be3cf585e97e4d46fa0e3224d24a4e2b42cbbb,f83baf5732ffbf88b9a448a3d9ab9fa270f7495fe44d1559c1ac49795a30881a,41f184a29ff88aaf275f3365267b8c909ce7598a,ridge_corrected_41f184a29ff8_6ed147cd_f83baf57
Ridge,3,2,2022-10-28,2022-10-31,14.54,13.241381181833134,-1.2986188181668652,1.2986188181668652,1.6864108348971056,100.0,submitted_main_linear_features_H3_18col,6ed147cd585e5e8083292683f9be3cf585e97e4d46fa0e3224d24a4e2b42cbbb,f83baf5732ffbf88b9a448a3d9ab9fa270f7495fe44d1559c1ac49795a30881a,41f184a29ff88aaf275f3365267b8c909ce7598a,ridge_corrected_41f184a29ff8_6ed147cd_f83baf57
Ridge,3,2,2022-10-29,2022-11-01,13.16,13.108613575336518,-0.05138642466348209,0.05138642466348209,0.00264056463969572,100.0,submitted_main_linear_features_H3_18col,6ed147cd585e5e8083292683f9be3cf585e97e4d46fa0e3224d24a4e2b42cbbb,f83baf5732ffbf88b9a448a3d9ab9fa270f7495fe44d1559c1ac49795a30881a,41f184a29ff88aaf275f3365267b8c909ce7598a,ridge_corrected_41f184a29ff8_6ed147cd_f83baf57
Ridge,3,2,2022-10-30,2022-11-02,15.91,13.591643288218133,-2.318356711781867,2.318356711781867,5.37477784306403,100.0,submitted_main_linear_features_H3_18col,6ed147cd585e5e8083292683f9be3cf585e97e4d46fa0e3224d24a4e2b42cbbb,f83baf5732ffbf88b9a448a3d9ab9fa270f7495fe44d1559c1ac49795a30881a,41f184a29ff88aaf275f3365267b8c909ce7598a,ridge_corrected_41f184a29ff8_6ed147cd_f83baf57
Ridge,3,2,2022-10-31,2022-11-03,14.39,13.544763109703306,-0.8452368902966949,0.8452368902966949,0.7144254007184271,100.0,submitted_main_linear_features_H3_18col,6ed147cd585e5e8083292683f9be3cf585e97e4d46fa0e3224d24a4e2b42cbbb,f83baf5732ffbf88b9a448a3d9ab9fa270f7495fe44d1559c1ac49795a30881a,41f184a29ff88aaf275f3365267b8c909ce7598a,ridge_corrected_41f184a29ff8_6ed147cd_f83baf57
Ridge,3,2,2022-11-01,2022-11-04,14.63,13.536810719736597,-1.0931892802634042,1.0931892802634042,1.1950628024828198,100.0,submitted_main_linear_features_H3_18col,6ed147cd585e5e8083292683f9be3cf585e97e4d46fa0e3224d24a4e2b42cbbb,f83baf5732ffbf88b9a448a3d9ab9fa270f7495fe44d1559c1ac49795a30881a,41f184a29ff88aaf275f3365267b8c909ce7598a,ridge_corrected_41f184a29ff8_6ed147cd_f83baf57
Ridge,3,2,2022-11-02,2022-11-05,8.38,13.01435202843655,4.634352028436549,4.634352028436549,21.477218723473957,100.0,submitted_main_linear_features_H3_18col,6ed147cd585e5e8083292683f9be3cf585e97e4d46fa0e3224d24a4e2b42cbbb,f83baf5732ffbf88b9a448a3d9ab9fa270f7495fe44d1559c1ac49795a30881a,41f184a29ff88aaf275f3365267b8c909ce7598a,ridge_corrected_41f184a29ff8_6ed147cd_f83baf57
Ridge,3,2,2022-11-03,2022-11-06,12.91,13.645098483076493,0.7350984830764933,0.7350984830764933,0.5403697798213615,100.0,submitted_main_linear_features_H3_18col,6ed147cd585e5e8083292683f9be3cf585e97e4d46fa0e3224d24a4e2b42cbbb,f83baf5732ffbf88b9a448a3d9ab9fa270f7495fe44d1559c1ac49795a30881a,41f184a29ff88aaf275f3365267b8c909ce7598a,ridge_corrected_41f184a29ff8_6ed147cd_f83baf57
Ridge,3,2,2022-11-04,2022-11-07,11.06,13.226482252307829,2.166482252307828,2.166482252307828,4.6936453495648,100.0,submitted_main_linear_features_H3_18col,6ed147cd585e5e8083292683f9be3cf585e97e4d46fa0e3224d24a4e2b42cbbb,f83baf5732ffbf88b9a448a3d9ab9fa270f7495fe44d1559c1ac49795a30881a,41f184a29ff88aaf275f3365267b8c909ce7598a,ridge_corrected_41f184a29ff8_6ed147cd_f83baf57
Ridge,3,2,2022-11-05,2022-11-08,15.02,13.443131723219913,-1.5768682767800861,1.5768682767800861,2.486513562315398,100.0,submitted_main_linear_features_H3_18col,6ed147cd585e5e8083292683f9be3cf585e97e4d46fa0e3224d24a4e2b42cbbb,f83baf5732ffbf88b9a448a3d9ab9fa270f7495fe44d1559c1ac49795a30881a,41f184a29ff88aaf275f3365267b8c909ce7598a,ridge_corrected_41f184a29ff8_6ed147cd_f83baf57
Ridge,3,2,2022-11-06,2022-11-09,12.58,12.476516531694422,-0.10348346830557809,0.10348346830557809,0.010708828212551584,100.0,submitted_main_linear_features_H3_18col,6ed147cd585e5e8083292683f9be3cf585e97e4d46fa0e3224d24a4e2b42cbbb,f83baf5732ffbf88b9a448a3d9ab9fa270f7495fe44d1559c1ac49795a30881a,41f184a29ff88aaf275f3365267b8c909ce7598a,ridge_corrected_41f184a29ff8_6ed147cd_f83baf57
Ridge,3,2,2022-11-07,2022-11-10,12.52,13.149552051158132,0.6295520511581323,0.6295520511581323,0.39633578511741163,100.0,submitted_main_linear_features_H3_18col,6ed147cd585e5e8083292683f9be3cf585e97e4d46fa0e3224d24a4e2b42cbbb,f83baf5732ffbf88b9a448a3d9ab9fa270f7495fe44d1559c1ac49795a30881a,41f184a29ff88aaf275f3365267b8c909ce7598a,ridge_corrected_41f184a29ff8_6ed147cd_f83baf57
Ridge,3,2,2022-11-08,2022-11-11,13.76,12.662119897528505,-1.0978801024714944,1.0978801024714944,1.205340719402819,100.0,submitted_main_linear_features_H3_18col,6ed147cd585e5e8083292683f9be3cf585e97e4d46fa0e3224d24a4e2b42cbbb,f83baf5732ffbf88b9a448a3d9ab9fa270f7495fe44d1559c1ac49795a30881a,41f184a29ff88aaf275f3365267b8c909ce7598a,ridge_corrected_41f184a29ff8_6ed147cd_f83baf57
Ridge,3,2,2022-11-09,2022-11-12,12.56,13.474957781557839,0.9149577815578382,0.9149577815578382,0.8371477420332408,100.0,submitted_main_linear_features_H3_18col,6ed147cd585e5e8083292683f9be3cf585e97e4d46fa0e3224d24a4e2b42cbbb,f83baf5732ffbf88b9a448a3d9ab9fa270f7495fe44d1559c1ac49795a30881a,41f184a29ff88aaf275f3365267b8c909ce7598a,ridge_corrected_41f184a29ff8_6ed147cd_f83baf57
Ridge,3,2,2022-11-10,2022-11-13,13.19,13.023108544465455,-0.16689145553454487,0.16689145553454487,0.027852757930438968,100.0,submitted_main_linear_features_H3_18col,6ed147cd585e5e8083292683f9be3cf585e97e4d46fa0e3224d24a4e2b42cbbb,f83baf5732ffbf88b9a448a3d9ab9fa270f7495fe44d1559c1ac49795a30881a,41f184a29ff88aaf275f3365267b8c909ce7598a,ridge_corrected_41f184a29ff8_6ed147cd_f83baf57
Ridge,3,2,2022-11-11,2022-11-14,13.02,13.128691846707467,0.10869184670746712,0.10869184670746712,0.01181391754067953,100.0,submitted_main_linear_features_H3_18col,6ed147cd585e5e8083292683f9be3cf585e97e4d46fa0e3224d24a4e2b42cbbb,f83baf5732ffbf88b9a448a3d9ab9fa270f7495fe44d1559c1ac49795a30881a,41f184a29ff88aaf275f3365267b8c909ce7598a,ridge_corrected_41f184a29ff8_6ed147cd_f83baf57
Ridge,3,2,2022-11-12,2022-11-15,12.3,13.2623440638016,0.9623440638015985,0.9623440638015985,0.9261060971341751,100.0,submitted_main_linear_features_H3_18col,6ed147cd585e5e8083292683f9be3cf585e97e4d46fa0e3224d24a4e2b42cbbb,f83baf5732ffbf88b9a448a3d9ab9fa270f7495fe44d1559c1ac49795a30881a,41f184a29ff88aaf275f3365267b8c909ce7598a,ridge_corrected_41f184a29ff8_6ed147cd_f83baf57
Ridge,3,2,2022-11-13,2022-11-16,12.12,12.888545180338411,0.7685451803384122,0.7685451803384122,0.5906616942214026,100.0,submitted_main_linear_features_H3_18col,6ed147cd585e5e8083292683f9be3cf585e97e4d46fa0e3224d24a4e2b42cbbb,f83baf5732ffbf88b9a448a3d9ab9fa270f7495fe44d1559c1ac49795a30881a,41f184a29ff88aaf275f3365267b8c909ce7598a,ridge_corrected_41f184a29ff8_6ed147cd_f83baf57
Ridge,3,2,2022-11-14,2022-11-17,11.52,13.082548031254358,1.5625480312543587,1.5625480312543587,2.441556349976872,100.0,submitted_main_linear_features_H3_18col,6ed147cd585e5e8083292683f9be3cf585e97e4d46fa0e3224d24a4e2b42cbbb,f83baf5732ffbf88b9a448a3d9ab9fa270f7495fe44d1559c1ac49795a30881a,41f184a29ff88aaf275f3365267b8c909ce7598a,ridge_corrected_41f184a29ff8_6ed147cd_f83baf57
Ridge,3,2,2022-11-15,2022-11-18,13.18,13.020122436653246,-0.15987756334675396,0.15987756334675396,0.025560835261695326,100.0,submitted_main_linear_features_H3_18col,6ed147cd585e5e8083292683f9be3cf585e97e4d46fa0e3224d24a4e2b42cbbb,f83baf5732ffbf88b9a448a3d9ab9fa270f7495fe44d1559c1ac49795a30881a,41f184a29ff88aaf275f3365267b8c909ce7598a,ridge_corrected_41f184a29ff8_6ed147cd_f83baf57
Ridge,3,2,2022-11-16,2022-11-19,12.04,12.819309787258089,0.7793097872580894,0.7793097872580894,0.6073237445162486,100.0,submitted_main_linear_features_H3_18col,6ed147cd585e5e8083292683f9be3cf585e97e4d46fa0e3224d24a4e2b42cbbb,f83baf5732ffbf88b9a448a3d9ab9fa270f7495fe44d1559c1ac49795a30881a,41f184a29ff88aaf275f3365267b8c909ce7598a,ridge_corrected_41f184a29ff8_6ed147cd_f83baf57
Ridge,3,2,2022-11-17,2022-11-20,11.29,12.974432207673162,1.6844322076731633,1.6844322076731633,2.8373118622466866,100.0,submitted_main_linear_features_H3_18col,6ed147cd585e5e8083292683f9be3cf585e97e4d46fa0e3224d24a4e2b42cbbb,f83baf5732ffbf88b9a448a3d9ab9fa270f7495fe44d1559c1ac49795a30881a,41f184a29ff88aaf275f3365267b8c909ce7598a,ridge_corrected_41f184a29ff8_6ed147cd_f83baf57
Ridge,3,2,2022-11-18,2022-11-21,14.21,12.60017954251925,-1.609820457480751,1.609820457480751,2.5915219053235345,100.0,submitted_main_linear_features_H3_18col,6ed147cd585e5e8083292683f9be3cf585e97e4d46fa0e3224d24a4e2b42cbbb,f83baf5732ffbf88b9a448a3d9ab9fa270f7495fe44d1559c1ac49795a30881a,41f184a29ff88aaf275f3365267b8c909ce7598a,ridge_corrected_41f184a29ff8_6ed147cd_f83baf57
Ridge,3,2,2022-11-19,2022-11-22,12.13,13.291098083116987,1.1610980831169861,1.1610980831169861,1.3481487586179397,100.0,submitted_main_linear_features_H3_18col,6ed147cd585e5e8083292683f9be3cf585e97e4d46fa0e3224d24a4e2b42cbbb,f83baf5732ffbf88b9a448a3d9ab9fa270f7495fe44d1559c1ac49795a30881a,41f184a29ff88aaf275f3365267b8c909ce7598a,ridge_corrected_41f184a29ff8_6ed147cd_f83baf57
Ridge,3,2,2022-11-20,2022-11-23,12.79,13.225307819500415,0.43530781950041586,0.43530781950041586,0.18949289771820663,100.0,submitted_main_linear_features_H3_18col,6ed147cd585e5e8083292683f9be3cf585e97e4d46fa0e3224d24a4e2b42cbbb,f83baf5732ffbf88b9a448a3d9ab9fa270f7495fe44d1559c1ac49795a30881a,41f184a29ff88aaf275f3365267b8c909ce7598a,ridge_corrected_41f184a29ff8_6ed147cd_f83baf57
Ridge,3,2,2022-11-21,2022-11-24,14.64,12.95896567990616,-1.6810343200938398,1.6810343200938398,2.825876385333358,100.0,submitted_main_linear_features_H3_18col,6ed147cd585e5e8083292683f9be3cf585e97e4d46fa0e3224d24a4e2b42cbbb,f83baf5732ffbf88b9a448a3d9ab9fa270f7495fe44d1559c1ac49795a30881a,41f184a29ff88aaf275f3365267b8c909ce7598a,ridge_corrected_41f184a29ff8_6ed147cd_f83baf57
Ridge,3,2,2022-11-22,2022-11-25,15.19,13.409189639936862,-1.7808103600631373,1.7808103600631373,3.171285538508201,100.0,submitted_main_linear_features_H3_18col,6ed147cd585e5e8083292683f9be3cf585e97e4d46fa0e3224d24a4e2b42cbbb,f83baf5732ffbf88b9a448a3d9ab9fa270f7495fe44d1559c1ac49795a30881a,41f184a29ff88aaf275f3365267b8c909ce7598a,ridge_corrected_41f184a29ff8_6ed147cd_f83baf57
Ridge,3,2,2022-11-23,2022-11-26,11.86,12.925387751657409,1.0653877516574095,1.0653877516574095,1.13505106138163,100.0,submitted_main_linear_features_H3_18col,6ed147cd585e5e8083292683f9be3cf585e97e4d46fa0e3224d24a4e2b42cbbb,f83baf5732ffbf88b9a448a3d9ab9fa270f7495fe44d1559c1ac49795a30881a,41f184a29ff88aaf275f3365267b8c909ce7598a,ridge_corrected_41f184a29ff8_6ed147cd_f83baf57
Ridge,3,2,2022-11-24,2022-11-27,10.9,12.845224923132648,1.9452249231326473,1.9452249231326473,3.7839000015764137,100.0,submitted_main_linear_features_H3_18col,6ed147cd585e5e8083292683f9be3cf585e97e4d46fa0e3224d24a4e2b42cbbb,f83baf5732ffbf88b9a448a3d9ab9fa270f7495fe44d1559c1ac49795a30881a,41f184a29ff88aaf275f3365267b8c909ce7598a,ridge_corrected_41f184a29ff8_6ed147cd_f83baf57
Ridge,3,2,2022-11-25,2022-11-28,13.08,13.43152735181935,0.3515273518193496,0.3515273518193496,0.12357147907712478,100.0,submitted_main_linear_features_H3_18col,6ed147cd585e5e8083292683f9be3cf585e97e4d46fa0e3224d24a4e2b42cbbb,f83baf5732ffbf88b9a448a3d9ab9fa270f7495fe44d1559c1ac49795a30881a,41f184a29ff88aaf275f3365267b8c909ce7598a,ridge_corrected_41f184a29ff8_6ed147cd_f83baf57
Ridge,3,2,2022-11-26,2022-11-29,11.44,13.569705209991273,2.1297052099912737,2.1297052099912737,4.535644281463975,100.0,submitted_main_linear_features_H3_18col,6ed147cd585e5e8083292683f9be3cf585e97e4d46fa0e3224d24a4e2b42cbbb,f83baf5732ffbf88b9a448a3d9ab9fa270f7495fe44d1559c1ac49795a30881a,41f184a29ff88aaf275f3365267b8c909ce7598a,ridge_corrected_41f184a29ff8_6ed147cd_f83baf57
Ridge,3,2,2022-11-27,2022-11-30,10.74,12.773392209446857,2.0333922094468573,2.0333922094468573,4.134683877439172,100.0,submitted_main_linear_features_H3_18col,6ed147cd585e5e8083292683f9be3cf585e97e4d46fa0e3224d24a4e2b42cbbb,f83baf5732ffbf88b9a448a3d9ab9fa270f7495fe44d1559c1ac49795a30881a,41f184a29ff88aaf275f3365267b8c909ce7598a,ridge_corrected_41f184a29ff8_6ed147cd_f83baf57
Ridge,3,2,2022-11-28,2022-12-01,13.61,12.763239291458623,-0.8467607085413764,0.8467607085413764,0.7170036975294938,100.0,submitted_main_linear_features_H3_18col,6ed147cd585e5e8083292683f9be3cf585e97e4d46fa0e3224d24a4e2b42cbbb,f83baf5732ffbf88b9a448a3d9ab9fa270f7495fe44d1559c1ac49795a30881a,41f184a29ff88aaf275f3365267b8c909ce7598a,ridge_corrected_41f184a29ff8_6ed147cd_f83baf57
Ridge,3,2,2022-11-29,2022-12-02,14.66,12.459722229704548,-2.200277770295452,2.200277770295452,4.8412222664563265,100.0,submitted_main_linear_features_H3_18col,6ed147cd585e5e8083292683f9be3cf585e97e4d46fa0e3224d24a4e2b42cbbb,f83baf5732ffbf88b9a448a3d9ab9fa270f7495fe44d1559c1ac49795a30881a,41f184a29ff88aaf275f3365267b8c909ce7598a,ridge_corrected_41f184a29ff8_6ed147cd_f83baf57
Ridge,3,2,2022-11-30,2022-12-03,12.89,12.335017353070779,-0.5549826469292221,0.5549826469292221,0.30800573839256556,100.0,submitted_main_linear_features_H3_18col,6ed147cd585e5e8083292683f9be3cf585e97e4d46fa0e3224d24a4e2b42cbbb,f83baf5732ffbf88b9a448a3d9ab9fa270f7495fe44d1559c1ac49795a30881a,41f184a29ff88aaf275f3365267b8c909ce7598a,ridge_corrected_41f184a29ff8_6ed147cd_f83baf57
Ridge,3,2,2022-12-01,2022-12-04,15.41,12.21802086079439,-3.1919791392056105,3.1919791392056105,10.18873082512379,100.0,submitted_main_linear_features_H3_18col,6ed147cd585e5e8083292683f9be3cf585e97e4d46fa0e3224d24a4e2b42cbbb,f83baf5732ffbf88b9a448a3d9ab9fa270f7495fe44d1559c1ac49795a30881a,41f184a29ff88aaf275f3365267b8c909ce7598a,ridge_corrected_41f184a29ff8_6ed147cd_f83baf57
Ridge,3,2,2022-12-02,2022-12-05,14.77,13.108884220804839,-1.6611157791951605,1.6611157791951605,2.759305631891145,100.0,submitted_main_linear_features_H3_18col,6ed147cd585e5e8083292683f9be3cf585e97e4d46fa0e3224d24a4e2b42cbbb,f83baf5732ffbf88b9a448a3d9ab9fa270f7495fe44d1559c1ac49795a30881a,41f184a29ff88aaf275f3365267b8c909ce7598a,ridge_corrected_41f184a29ff8_6ed147cd_f83baf57
Ridge,3,2,2022-12-03,2022-12-06,12.9,13.556873658383749,0.6568736583837484,0.6568736583837484,0.43148300307844945,100.0,submitted_main_linear_features_H3_18col,6ed147cd585e5e8083292683f9be3cf585e97e4d46fa0e3224d24a4e2b42cbbb,f83baf5732ffbf88b9a448a3d9ab9fa270f7495fe44d1559c1ac49795a30881a,41f184a29ff88aaf275f3365267b8c909ce7598a,ridge_corrected_41f184a29ff8_6ed147cd_f83baf57
Ridge,3,2,2022-12-04,2022-12-07,14.59,12.821769726413182,-1.768230273586818,1.768230273586818,3.1266383004289136,100.0,submitted_main_linear_features_H3_18col,6ed147cd585e5e8083292683f9be3cf585e97e4d46fa0e3224d24a4e2b42cbbb,f83baf5732ffbf88b9a448a3d9ab9fa270f7495fe44d1559c1ac49795a30881a,41f184a29ff88aaf275f3365267b8c909ce7598a,ridge_corrected_41f184a29ff8_6ed147cd_f83baf57
Ridge,3,2,2022-12-05,2022-12-08,13.7,13.817526608213665,0.1175266082136659,0.1175266082136659,0.01381250363820852,100.0,submitted_main_linear_features_H3_18col,6ed147cd585e5e8083292683f9be3cf585e97e4d46fa0e3224d24a4e2b42cbbb,f83baf5732ffbf88b9a448a3d9ab9fa270f7495fe44d1559c1ac49795a30881a,41f184a29ff88aaf275f3365267b8c909ce7598a,ridge_corrected_41f184a29ff8_6ed147cd_f83baf57
Ridge,3,2,2022-12-06,2022-12-09,11.71,13.695668097693568,1.9856680976935674,1.9856680976935674,3.942877794197991,100.0,submitted_main_linear_features_H3_18col,6ed147cd585e5e8083292683f9be3cf585e97e4d46fa0e3224d24a4e2b42cbbb,f83baf5732ffbf88b9a448a3d9ab9fa270f7495fe44d1559c1ac49795a30881a,41f184a29ff88aaf275f3365267b8c909ce7598a,ridge_corrected_41f184a29ff8_6ed147cd_f83baf57
Ridge,3,2,2022-12-07,2022-12-10,11.29,13.209891951267934,1.9198919512679353,1.9198919512679353,3.6859851045434002,100.0,submitted_main_linear_features_H3_18col,6ed147cd585e5e8083292683f9be3cf585e97e4d46fa0e3224d24a4e2b42cbbb,f83baf5732ffbf88b9a448a3d9ab9fa270f7495fe44d1559c1ac49795a30881a,41f184a29ff88aaf275f3365267b8c909ce7598a,ridge_corrected_41f184a29ff8_6ed147cd_f83baf57
Ridge,3,2,2022-12-08,2022-12-11,10.86,13.6884006224231,2.8284006224231,2.8284006224231,7.9998500809233795,100.0,submitted_main_linear_features_H3_18col,6ed147cd585e5e8083292683f9be3cf585e97e4d46fa0e3224d24a4e2b42cbbb,f83baf5732ffbf88b9a448a3d9ab9fa270f7495fe44d1559c1ac49795a30881a,41f184a29ff88aaf275f3365267b8c909ce7598a,ridge_corrected_41f184a29ff8_6ed147cd_f83baf57
Ridge,3,2,2022-12-09,2022-12-12,12.49,13.456998885867717,0.9669988858677172,0.9669988858677172,0.9350868452694063,100.0,submitted_main_linear_features_H3_18col,6ed147cd585e5e8083292683f9be3cf585e97e4d46fa0e3224d24a4e2b42cbbb,f83baf5732ffbf88b9a448a3d9ab9fa270f7495fe44d1559c1ac49795a30881a,41f184a29ff88aaf275f3365267b8c909ce7598a,ridge_corrected_41f184a29ff8_6ed147cd_f83baf57
Ridge,3,2,2022-12-10,2022-12-13,14.09,12.933559611948475,-1.156440388051525,1.156440388051525,1.337354371116762,100.0,submitted_main_linear_features_H3_18col,6ed147cd585e5e8083292683f9be3cf585e97e4d46fa0e3224d24a4e2b42cbbb,f83baf5732ffbf88b9a448a3d9ab9fa270f7495fe44d1559c1ac49795a30881a,41f184a29ff88aaf275f3365267b8c909ce7598a,ridge_corrected_41f184a29ff8_6ed147cd_f83baf57
Ridge,3,2,2022-12-11,2022-12-14,14.64,13.053592999106463,-1.5864070008935371,1.5864070008935371,2.516687172484027,100.0,submitted_main_linear_features_H3_18col,6ed147cd585e5e8083292683f9be3cf585e97e4d46fa0e3224d24a4e2b42cbbb,f83baf5732ffbf88b9a448a3d9ab9fa270f7495fe44d1559c1ac49795a30881a,41f184a29ff88aaf275f3365267b8c909ce7598a,ridge_corrected_41f184a29ff8_6ed147cd_f83baf57
Ridge,3,2,2022-12-12,2022-12-15,11.76,12.647934106653716,0.8879341066537165,0.8879341066537165,0.7884269777589337,100.0,submitted_main_linear_features_H3_18col,6ed147cd585e5e8083292683f9be3cf585e97e4d46fa0e3224d24a4e2b42cbbb,f83baf5732ffbf88b9a448a3d9ab9fa270f7495fe44d1559c1ac49795a30881a,41f184a29ff88aaf275f3365267b8c909ce7598a,ridge_corrected_41f184a29ff8_6ed147cd_f83baf57
Ridge,3,2,2022-12-13,2022-12-16,12.11,12.88441887166737,0.7744188716673701,0.7744188716673701,0.5997245887945627,100.0,submitted_main_linear_features_H3_18col,6ed147cd585e5e8083292683f9be3cf585e97e4d46fa0e3224d24a4e2b42cbbb,f83baf5732ffbf88b9a448a3d9ab9fa270f7495fe44d1559c1ac49795a30881a,41f184a29ff88aaf275f3365267b8c909ce7598a,ridge_corrected_41f184a29ff8_6ed147cd_f83baf57
Ridge,3,2,2022-12-14,2022-12-17,14.6,13.12239741916554,-1.4776025808344588,1.4776025808344588,2.1833093868886535,100.0,submitted_main_linear_features_H3_18col,6ed147cd585e5e8083292683f9be3cf585e97e4d46fa0e3224d24a4e2b42cbbb,f83baf5732ffbf88b9a448a3d9ab9fa270f7495fe44d1559c1ac49795a30881a,41f184a29ff88aaf275f3365267b8c909ce7598a,ridge_corrected_41f184a29ff8_6ed147cd_f83baf57
Ridge,3,2,2022-12-15,2022-12-18,14.22,13.424262833606155,-0.7957371663938453,0.7957371663938453,0.6331976379805062,100.0,submitted_main_linear_features_H3_18col,6ed147cd585e5e8083292683f9be3cf585e97e4d46fa0e3224d24a4e2b42cbbb,f83baf5732ffbf88b9a448a3d9ab9fa270f7495fe44d1559c1ac49795a30881a,41f184a29ff88aaf275f3365267b8c909ce7598a,ridge_corrected_41f184a29ff8_6ed147cd_f83baf57
Ridge,3,2,2022-12-16,2022-12-19,13.27,13.011120155027122,-0.25887984497287775,0.25887984497287775,0.06701877413318122,100.0,submitted_main_linear_features_H3_18col,6ed147cd585e5e8083292683f9be3cf585e97e4d46fa0e3224d24a4e2b42cbbb,f83baf5732ffbf88b9a448a3d9ab9fa270f7495fe44d1559c1ac49795a30881a,41f184a29ff88aaf275f3365267b8c909ce7598a,ridge_corrected_41f184a29ff8_6ed147cd_f83baf57
Ridge,3,2,2022-12-17,2022-12-20,12.58,12.762020305742615,0.18202030574261485,0.18202030574261485,0.03313139170263499,100.0,submitted_main_linear_features_H3_18col,6ed147cd585e5e8083292683f9be3cf585e97e4d46fa0e3224d24a4e2b42cbbb,f83baf5732ffbf88b9a448a3d9ab9fa270f7495fe44d1559c1ac49795a30881a,41f184a29ff88aaf275f3365267b8c909ce7598a,ridge_corrected_41f184a29ff8_6ed147cd_f83baf57
Ridge,3,2,2022-12-18,2022-12-21,12.94,13.269050938270706,0.3290509382707061,0.3290509382707061,0.10827451997683203,100.0,submitted_main_linear_features_H3_18col,6ed147cd585e5e8083292683f9be3cf585e97e4d46fa0e3224d24a4e2b42cbbb,f83baf5732ffbf88b9a448a3d9ab9fa270f7495fe44d1559c1ac49795a30881a,41f184a29ff88aaf275f3365267b8c909ce7598a,ridge_corrected_41f184a29ff8_6ed147cd_f83baf57
Ridge,3,2,2022-12-19,2022-12-22,12.92,13.271667427049898,0.3516674270498985,0.3516674270498985,0.12366997924789569,100.0,submitted_main_linear_features_H3_18col,6ed147cd585e5e8083292683f9be3cf585e97e4d46fa0e3224d24a4e2b42cbbb,f83baf5732ffbf88b9a448a3d9ab9fa270f7495fe44d1559c1ac49795a30881a,41f184a29ff88aaf275f3365267b8c909ce7598a,ridge_corrected_41f184a29ff8_6ed147cd_f83baf57
Ridge,3,2,2022-12-20,2022-12-23,14.04,13.49544581901765,-0.5445541809823489,0.5445541809823489,0.29653925602535675,100.0,submitted_main_linear_features_H3_18col,6ed147cd585e5e8083292683f9be3cf585e97e4d46fa0e3224d24a4e2b42cbbb,f83baf5732ffbf88b9a448a3d9ab9fa270f7495fe44d1559c1ac49795a30881a,41f184a29ff88aaf275f3365267b8c909ce7598a,ridge_corrected_41f184a29ff8_6ed147cd_f83baf57
Ridge,3,2,2022-12-21,2022-12-24,13.32,13.291799911261794,-0.02820008873820612,0.02820008873820612,0.0007952450048426996,100.0,submitted_main_linear_features_H3_18col,6ed147cd585e5e8083292683f9be3cf585e97e4d46fa0e3224d24a4e2b42cbbb,f83baf5732ffbf88b9a448a3d9ab9fa270f7495fe44d1559c1ac49795a30881a,41f184a29ff88aaf275f3365267b8c909ce7598a,ridge_corrected_41f184a29ff8_6ed147cd_f83baf57
Ridge,3,2,2022-12-22,2022-12-25,12.68,13.0745708966028,0.39457089660280076,0.39457089660280076,0.1556861924459381,100.0,submitted_main_linear_features_H3_18col,6ed147cd585e5e8083292683f9be3cf585e97e4d46fa0e3224d24a4e2b42cbbb,f83baf5732ffbf88b9a448a3d9ab9fa270f7495fe44d1559c1ac49795a30881a,41f184a29ff88aaf275f3365267b8c909ce7598a,ridge_corrected_41f184a29ff8_6ed147cd_f83baf57
Ridge,3,2,2022-12-23,2022-12-26,15.24,13.35001017994605,-1.88998982005395,1.88998982005395,3.5720615199075625,100.0,submitted_main_linear_features_H3_18col,6ed147cd585e5e8083292683f9be3cf585e97e4d46fa0e3224d24a4e2b42cbbb,f83baf5732ffbf88b9a448a3d9ab9fa270f7495fe44d1559c1ac49795a30881a,41f184a29ff88aaf275f3365267b8c909ce7598a,ridge_corrected_41f184a29ff8_6ed147cd_f83baf57
Ridge,3,2,2022-12-24,2022-12-27,12.37,13.63802996125517,1.26802996125517,1.26802996125517,1.6078999826407878,100.0,submitted_main_linear_features_H3_18col,6ed147cd585e5e8083292683f9be3cf585e97e4d46fa0e3224d24a4e2b42cbbb,f83baf5732ffbf88b9a448a3d9ab9fa270f7495fe44d1559c1ac49795a30881a,41f184a29ff88aaf275f3365267b8c909ce7598a,ridge_corrected_41f184a29ff8_6ed147cd_f83baf57
Ridge,3,2,2022-12-25,2022-12-28,10.22,13.429862333583884,3.2098623335838834,3.2098623335838834,10.303216200560573,100.0,submitted_main_linear_features_H3_18col,6ed147cd585e5e8083292683f9be3cf585e97e4d46fa0e3224d24a4e2b42cbbb,f83baf5732ffbf88b9a448a3d9ab9fa270f7495fe44d1559c1ac49795a30881a,41f184a29ff88aaf275f3365267b8c909ce7598a,ridge_corrected_41f184a29ff8_6ed147cd_f83baf57
Ridge,3,2,2022-12-26,2022-12-29,10.45,13.256524430479175,2.8065244304791754,2.8065244304791754,7.87657937887646,100.0,submitted_main_linear_features_H3_18col,6ed147cd585e5e8083292683f9be3cf585e97e4d46fa0e3224d24a4e2b42cbbb,f83baf5732ffbf88b9a448a3d9ab9fa270f7495fe44d1559c1ac49795a30881a,41f184a29ff88aaf275f3365267b8c909ce7598a,ridge_corrected_41f184a29ff8_6ed147cd_f83baf57
Ridge,3,2,2022-12-27,2022-12-30,11.82,13.715422539943638,1.8954225399436382,1.8954225399436382,3.5926266049263926,100.0,submitted_main_linear_features_H3_18col,6ed147cd585e5e8083292683f9be3cf585e97e4d46fa0e3224d24a4e2b42cbbb,f83baf5732ffbf88b9a448a3d9ab9fa270f7495fe44d1559c1ac49795a30881a,41f184a29ff88aaf275f3365267b8c909ce7598a,ridge_corrected_41f184a29ff8_6ed147cd_f83baf57
Ridge,3,2,2022-12-28,2022-12-31,13.51,12.944275541395179,-0.5657244586048211,0.5657244586048211,0.32004416306371797,100.0,submitted_main_linear_features_H3_18col,6ed147cd585e5e8083292683f9be3cf585e97e4d46fa0e3224d24a4e2b42cbbb,f83baf5732ffbf88b9a448a3d9ab9fa270f7495fe44d1559c1ac49795a30881a,41f184a29ff88aaf275f3365267b8c909ce7598a,ridge_corrected_41f184a29ff8_6ed147cd_f83baf57
Ridge,3,2,2022-12-29,2023-01-01,12.29,12.481668270942198,0.1916682709421984,0.1916682709421984,0.03673672608597198,100.0,submitted_main_linear_features_H3_18col,6ed147cd585e5e8083292683f9be3cf585e97e4d46fa0e3224d24a4e2b42cbbb,f83baf5732ffbf88b9a448a3d9ab9fa270f7495fe44d1559c1ac49795a30881a,41f184a29ff88aaf275f3365267b8c909ce7598a,ridge_corrected_41f184a29ff8_6ed147cd_f83baf57
Ridge,3,2,2022-12-30,2023-01-02,13.67,12.423822206469849,-1.2461777935301512,1.2461777935301512,1.5529590930876762,100.0,submitted_main_linear_features_H3_18col,6ed147cd585e5e8083292683f9be3cf585e97e4d46fa0e3224d24a4e2b42cbbb,f83baf5732ffbf88b9a448a3d9ab9fa270f7495fe44d1559c1ac49795a30881a,41f184a29ff88aaf275f3365267b8c909ce7598a,ridge_corrected_41f184a29ff8_6ed147cd_f83baf57
Ridge,3,2,2022-12-31,2023-01-03,12.94,12.743746949025251,-0.19625305097474843,0.19625305097474843,0.03851526001689721,100.0,submitted_main_linear_features_H3_18col,6ed147cd585e5e8083292683f9be3cf585e97e4d46fa0e3224d24a4e2b42cbbb,f83baf5732ffbf88b9a448a3d9ab9fa270f7495fe44d1559c1ac49795a30881a,41f184a29ff88aaf275f3365267b8c909ce7598a,ridge_corrected_41f184a29ff8_6ed147cd_f83baf57
Ridge,3,2,2023-01-01,2023-01-04,13.74,13.10801222829065,-0.6319877717093494,0.6319877717093494,0.3994085435901487,100.0,submitted_main_linear_features_H3_18col,6ed147cd585e5e8083292683f9be3cf585e97e4d46fa0e3224d24a4e2b42cbbb,f83baf5732ffbf88b9a448a3d9ab9fa270f7495fe44d1559c1ac49795a30881a,41f184a29ff88aaf275f3365267b8c909ce7598a,ridge_corrected_41f184a29ff8_6ed147cd_f83baf57
Ridge,3,2,2023-01-02,2023-01-05,10.82,12.999717155529128,2.1797171555291275,2.1797171555291275,4.75116687810799,100.0,submitted_main_linear_features_H3_18col,6ed147cd585e5e8083292683f9be3cf585e97e4d46fa0e3224d24a4e2b42cbbb,f83baf5732ffbf88b9a448a3d9ab9fa270f7495fe44d1559c1ac49795a30881a,41f184a29ff88aaf275f3365267b8c909ce7598a,ridge_corrected_41f184a29ff8_6ed147cd_f83baf57
Ridge,3,2,2023-01-03,2023-01-06,12.01,13.356459375701643,1.3464593757016434,1.3464593757016434,1.8129528504148593,100.0,submitted_main_linear_features_H3_18col,6ed147cd585e5e8083292683f9be3cf585e97e4d46fa0e3224d24a4e2b42cbbb,f83baf5732ffbf88b9a448a3d9ab9fa270f7495fe44d1559c1ac49795a30881a,41f184a29ff88aaf275f3365267b8c909ce7598a,ridge_corrected_41f184a29ff8_6ed147cd_f83baf57
Ridge,3,2,2023-01-04,2023-01-07,13.3,13.119043787567428,-0.18095621243257298,0.18095621243257298,0.03274515081794248,100.0,submitted_main_linear_features_H3_18col,6ed147cd585e5e8083292683f9be3cf585e97e4d46fa0e3224d24a4e2b42cbbb,f83baf5732ffbf88b9a448a3d9ab9fa270f7495fe44d1559c1ac49795a30881a,41f184a29ff88aaf275f3365267b8c909ce7598a,ridge_corrected_41f184a29ff8_6ed147cd_f83baf57
Ridge,3,2,2023-01-05,2023-01-08,11.75,13.197131207473861,1.447131207473861,1.447131207473861,2.0941887316447545,100.0,submitted_main_linear_features_H3_18col,6ed147cd585e5e8083292683f9be3cf585e97e4d46fa0e3224d24a4e2b42cbbb,f83baf5732ffbf88b9a448a3d9ab9fa270f7495fe44d1559c1ac49795a30881a,41f184a29ff88aaf275f3365267b8c909ce7598a,ridge_corrected_41f184a29ff8_6ed147cd_f83baf57
Ridge,3,2,2023-01-06,2023-01-09,14.04,13.039619773735676,-1.0003802262643227,1.0003802262643227,1.0007605971006575,100.0,submitted_main_linear_features_H3_18col,6ed147cd585e5e8083292683f9be3cf585e97e4d46fa0e3224d24a4e2b42cbbb,f83baf5732ffbf88b9a448a3d9ab9fa270f7495fe44d1559c1ac49795a30881a,41f184a29ff88aaf275f3365267b8c909ce7598a,ridge_corrected_41f184a29ff8_6ed147cd_f83baf57
Ridge,3,2,2023-01-07,2023-01-10,14.39,12.951542169782524,-1.4384578302174766,1.4384578302174766,2.0691609293139708,100.0,submitted_main_linear_features_H3_18col,6ed147cd585e5e8083292683f9be3cf585e97e4d46fa0e3224d24a4e2b42cbbb,f83baf5732ffbf88b9a448a3d9ab9fa270f7495fe44d1559c1ac49795a30881a,41f184a29ff88aaf275f3365267b8c909ce7598a,ridge_corrected_41f184a29ff8_6ed147cd_f83baf57
Ridge,3,2,2023-01-08,2023-01-11,10.31,13.586480650841485,3.276480650841485,3.276480650841485,10.735325455338641,100.0,submitted_main_linear_features_H3_18col,6ed147cd585e5e8083292683f9be3cf585e97e4d46fa0e3224d24a4e2b42cbbb,f83baf5732ffbf88b9a448a3d9ab9fa270f7495fe44d1559c1ac49795a30881a,41f184a29ff88aaf275f3365267b8c909ce7598a,ridge_corrected_41f184a29ff8_6ed147cd_f83baf57
Ridge,3,2,2023-01-09,2023-01-12,12.35,13.355633155657232,1.0056331556572324,1.0056331556572324,1.0112980437571235,100.0,submitted_main_linear_features_H3_18col,6ed147cd585e5e8083292683f9be3cf585e97e4d46fa0e3224d24a4e2b42cbbb,f83baf5732ffbf88b9a448a3d9ab9fa270f7495fe44d1559c1ac49795a30881a,41f184a29ff88aaf275f3365267b8c909ce7598a,ridge_corrected_41f184a29ff8_6ed147cd_f83baf57
Ridge,3,2,2023-01-10,2023-01-13,13.13,13.870206114409287,0.7402061144092862,0.7402061144092862,0.5479050918088932,100.0,submitted_main_linear_features_H3_18col,6ed147cd585e5e8083292683f9be3cf585e97e4d46fa0e3224d24a4e2b42cbbb,f83baf5732ffbf88b9a448a3d9ab9fa270f7495fe44d1559c1ac49795a30881a,41f184a29ff88aaf275f3365267b8c909ce7598a,ridge_corrected_41f184a29ff8_6ed147cd_f83baf57
Ridge,3,2,2023-01-11,2023-01-14,6.71,13.610831319847447,6.900831319847447,6.900831319847447,47.62147290498746,100.0,submitted_main_linear_features_H3_18col,6ed147cd585e5e8083292683f9be3cf585e97e4d46fa0e3224d24a4e2b42cbbb,f83baf5732ffbf88b9a448a3d9ab9fa270f7495fe44d1559c1ac49795a30881a,41f184a29ff88aaf275f3365267b8c909ce7598a,ridge_corrected_41f184a29ff8_6ed147cd_f83baf57
Ridge,3,2,2023-01-12,2023-01-15,10.54,12.530607081592963,1.9906070815929642,1.9906070815929642,3.962516553288058,100.0,submitted_main_linear_features_H3_18col,6ed147cd585e5e8083292683f9be3cf585e97e4d46fa0e3224d24a4e2b42cbbb,f83baf5732ffbf88b9a448a3d9ab9fa270f7495fe44d1559c1ac49795a30881a,41f184a29ff88aaf275f3365267b8c909ce7598a,ridge_corrected_41f184a29ff8_6ed147cd_f83baf57
Ridge,3,2,2023-01-13,2023-01-16,10.56,12.76174809066506,2.2017480906650597,2.2017480906650597,4.847694654747236,100.0,submitted_main_linear_features_H3_18col,6ed147cd585e5e8083292683f9be3cf585e97e4d46fa0e3224d24a4e2b42cbbb,f83baf5732ffbf88b9a448a3d9ab9fa270f7495fe44d1559c1ac49795a30881a,41f184a29ff88aaf275f3365267b8c909ce7598a,ridge_corrected_41f184a29ff8_6ed147cd_f83baf57
Ridge,3,2,2023-01-14,2023-01-17,10.38,12.83835804703176,2.4583580470317585,2.4583580470317585,6.043524287405802,100.0,submitted_main_linear_features_H3_18col,6ed147cd585e5e8083292683f9be3cf585e97e4d46fa0e3224d24a4e2b42cbbb,f83baf5732ffbf88b9a448a3d9ab9fa270f7495fe44d1559c1ac49795a30881a,41f184a29ff88aaf275f3365267b8c909ce7598a,ridge_corrected_41f184a29ff8_6ed147cd_f83baf57
Ridge,3,2,2023-01-15,2023-01-18,11.68,11.213608006867073,-0.4663919931329268,0.4663919931329268,0.21752149125850403,100.0,submitted_main_linear_features_H3_18col,6ed147cd585e5e8083292683f9be3cf585e97e4d46fa0e3224d24a4e2b42cbbb,f83baf5732ffbf88b9a448a3d9ab9fa270f7495fe44d1559c1ac49795a30881a,41f184a29ff88aaf275f3365267b8c909ce7598a,ridge_corrected_41f184a29ff8_6ed147cd_f83baf57
Ridge,3,2,2023-01-16,2023-01-19,11.39,12.19016478396815,0.8001647839681496,0.8001647839681496,0.6402636815027956,100.0,submitted_main_linear_features_H3_18col,6ed147cd585e5e8083292683f9be3cf585e97e4d46fa0e3224d24a4e2b42cbbb,f83baf5732ffbf88b9a448a3d9ab9fa270f7495fe44d1559c1ac49795a30881a,41f184a29ff88aaf275f3365267b8c909ce7598a,ridge_corrected_41f184a29ff8_6ed147cd_f83baf57
Ridge,3,2,2023-01-17,2023-01-20,13.84,12.08863264595644,-1.751367354043559,1.751367354043559,3.067287608809537,100.0,submitted_main_linear_features_H3_18col,6ed147cd585e5e8083292683f9be3cf585e97e4d46fa0e3224d24a4e2b42cbbb,f83baf5732ffbf88b9a448a3d9ab9fa270f7495fe44d1559c1ac49795a30881a,41f184a29ff88aaf275f3365267b8c909ce7598a,ridge_corrected_41f184a29ff8_6ed147cd_f83baf57
Ridge,3,2,2023-01-18,2023-01-21,9.61,12.17039368508998,2.5603936850899807,2.5603936850899807,6.555615822648651,100.0,submitted_main_linear_features_H3_18col,6ed147cd585e5e8083292683f9be3cf585e97e4d46fa0e3224d24a4e2b42cbbb,f83baf5732ffbf88b9a448a3d9ab9fa270f7495fe44d1559c1ac49795a30881a,41f184a29ff88aaf275f3365267b8c909ce7598a,ridge_corrected_41f184a29ff8_6ed147cd_f83baf57
Ridge,3,2,2023-01-19,2023-01-22,11.47,12.351010346980168,0.8810103469801671,0.8810103469801671,0.7761792314861145,100.0,submitted_main_linear_features_H3_18col,6ed147cd585e5e8083292683f9be3cf585e97e4d46fa0e3224d24a4e2b42cbbb,f83baf5732ffbf88b9a448a3d9ab9fa270f7495fe44d1559c1ac49795a30881a,41f184a29ff88aaf275f3365267b8c909ce7598a,ridge_corrected_41f184a29ff8_6ed147cd_f83baf57
Ridge,3,2,2023-01-20,2023-01-23,9.53,12.32968885196331,2.7996888519633103,2.7996888519633103,7.838257667807638,100.0,submitted_main_linear_features_H3_18col,6ed147cd585e5e8083292683f9be3cf585e97e4d46fa0e3224d24a4e2b42cbbb,f83baf5732ffbf88b9a448a3d9ab9fa270f7495fe44d1559c1ac49795a30881a,41f184a29ff88aaf275f3365267b8c909ce7598a,ridge_corrected_41f184a29ff8_6ed147cd_f83baf57
Ridge,3,2,2023-01-21,2023-01-24,9.61,13.015203785166031,3.405203785166032,3.405203785166032,11.595412818509072,100.0,submitted_main_linear_features_H3_18col,6ed147cd585e5e8083292683f9be3cf585e97e4d46fa0e3224d24a4e2b42cbbb,f83baf5732ffbf88b9a448a3d9ab9fa270f7495fe44d1559c1ac49795a30881a,41f184a29ff88aaf275f3365267b8c909ce7598a,ridge_corrected_41f184a29ff8_6ed147cd_f83baf57
Ridge,3,2,2023-01-22,2023-01-25,13.98,12.276392987005277,-1.7036070129947234,1.7036070129947234,2.9022768547248035,100.0,submitted_main_linear_features_H3_18col,6ed147cd585e5e8083292683f9be3cf585e97e4d46fa0e3224d24a4e2b42cbbb,f83baf5732ffbf88b9a448a3d9ab9fa270f7495fe44d1559c1ac49795a30881a,41f184a29ff88aaf275f3365267b8c909ce7598a,ridge_corrected_41f184a29ff8_6ed147cd_f83baf57
Ridge,3,2,2023-01-23,2023-01-26,12.46,12.92049998511097,0.46049998511096923,0.46049998511096923,0.21206023628720289,100.0,submitted_main_linear_features_H3_18col,6ed147cd585e5e8083292683f9be3cf585e97e4d46fa0e3224d24a4e2b42cbbb,f83baf5732ffbf88b9a448a3d9ab9fa270f7495fe44d1559c1ac49795a30881a,41f184a29ff88aaf275f3365267b8c909ce7598a,ridge_corrected_41f184a29ff8_6ed147cd_f83baf57
Ridge,3,2,2023-01-24,2023-01-27,11.69,12.490689123981474,0.8006891239814742,0.8006891239814742,0.6411030732622205,100.0,submitted_main_linear_features_H3_18col,6ed147cd585e5e8083292683f9be3cf585e97e4d46fa0e3224d24a4e2b42cbbb,f83baf5732ffbf88b9a448a3d9ab9fa270f7495fe44d1559c1ac49795a30881a,41f184a29ff88aaf275f3365267b8c909ce7598a,ridge_corrected_41f184a29ff8_6ed147cd_f83baf57
Ridge,3,2,2023-01-25,2023-01-28,12.88,12.585320986046582,-0.29467901395341833,0.29467901395341833,0.08683572126455892,100.0,submitted_main_linear_features_H3_18col,6ed147cd585e5e8083292683f9be3cf585e97e4d46fa0e3224d24a4e2b42cbbb,f83baf5732ffbf88b9a448a3d9ab9fa270f7495fe44d1559c1ac49795a30881a,41f184a29ff88aaf275f3365267b8c909ce7598a,ridge_corrected_41f184a29ff8_6ed147cd_f83baf57
Ridge,3,2,2023-01-26,2023-01-29,12.01,13.437157038106665,1.4271570381066656,1.4271570381066656,2.0367772114173905,100.0,submitted_main_linear_features_H3_18col,6ed147cd585e5e8083292683f9be3cf585e97e4d46fa0e3224d24a4e2b42cbbb,f83baf5732ffbf88b9a448a3d9ab9fa270f7495fe44d1559c1ac49795a30881a,41f184a29ff88aaf275f3365267b8c909ce7598a,ridge_corrected_41f184a29ff8_6ed147cd_f83baf57
Ridge,3,2,2023-01-27,2023-01-30,14.4,13.05914622277303,-1.34085377722697,1.34085377722697,1.7978888519038327,100.0,submitted_main_linear_features_H3_18col,6ed147cd585e5e8083292683f9be3cf585e97e4d46fa0e3224d24a4e2b42cbbb,f83baf5732ffbf88b9a448a3d9ab9fa270f7495fe44d1559c1ac49795a30881a,41f184a29ff88aaf275f3365267b8c909ce7598a,ridge_corrected_41f184a29ff8_6ed147cd_f83baf57
Ridge,3,2,2023-01-28,2023-01-31,14.68,13.042946394600362,-1.6370536053996378,1.6370536053996378,2.679944506951953,100.0,submitted_main_linear_features_H3_18col,6ed147cd585e5e8083292683f9be3cf585e97e4d46fa0e3224d24a4e2b42cbbb,f83baf5732ffbf88b9a448a3d9ab9fa270f7495fe44d1559c1ac49795a30881a,41f184a29ff88aaf275f3365267b8c909ce7598a,ridge_corrected_41f184a29ff8_6ed147cd_f83baf57
Ridge,3,2,2023-01-29,2023-02-01,16.7,13.29230386131461,-3.40769613868539,3.40769613868539,11.612392973611316,100.0,submitted_main_linear_features_H3_18col,6ed147cd585e5e8083292683f9be3cf585e97e4d46fa0e3224d24a4e2b42cbbb,f83baf5732ffbf88b9a448a3d9ab9fa270f7495fe44d1559c1ac49795a30881a,41f184a29ff88aaf275f3365267b8c909ce7598a,ridge_corrected_41f184a29ff8_6ed147cd_f83baf57
Ridge,3,2,2023-01-30,2023-02-02,11.45,12.858483584965004,1.4084835849650048,1.4084835849650048,1.983826009115872,100.0,submitted_main_linear_features_H3_18col,6ed147cd585e5e8083292683f9be3cf585e97e4d46fa0e3224d24a4e2b42cbbb,f83baf5732ffbf88b9a448a3d9ab9fa270f7495fe44d1559c1ac49795a30881a,41f184a29ff88aaf275f3365267b8c909ce7598a,ridge_corrected_41f184a29ff8_6ed147cd_f83baf57
Ridge,3,2,2023-01-31,2023-02-03,8.69,14.013970586540013,5.323970586540014,5.323970586540014,28.34466280634322,100.0,submitted_main_linear_features_H3_18col,6ed147cd585e5e8083292683f9be3cf585e97e4d46fa0e3224d24a4e2b42cbbb,f83baf5732ffbf88b9a448a3d9ab9fa270f7495fe44d1559c1ac49795a30881a,41f184a29ff88aaf275f3365267b8c909ce7598a,ridge_corrected_41f184a29ff8_6ed147cd_f83baf57
Ridge,3,2,2023-02-01,2023-02-04,16.0,13.527949404584769,-2.472050595415231,2.472050595415231,6.111034146292799,100.0,submitted_main_linear_features_H3_18col,6ed147cd585e5e8083292683f9be3cf585e97e4d46fa0e3224d24a4e2b42cbbb,f83baf5732ffbf88b9a448a3d9ab9fa270f7495fe44d1559c1ac49795a30881a,41f184a29ff88aaf275f3365267b8c909ce7598a,ridge_corrected_41f184a29ff8_6ed147cd_f83baf57
Ridge,3,2,2023-02-02,2023-02-05,17.45,14.545490338508909,-2.9045096614910904,2.9045096614910904,8.436176373695089,100.0,submitted_main_linear_features_H3_18col,6ed147cd585e5e8083292683f9be3cf585e97e4d46fa0e3224d24a4e2b42cbbb,f83baf5732ffbf88b9a448a3d9ab9fa270f7495fe44d1559c1ac49795a30881a,41f184a29ff88aaf275f3365267b8c909ce7598a,ridge_corrected_41f184a29ff8_6ed147cd_f83baf57
Ridge,3,2,2023-02-03,2023-02-06,15.54,13.52878023548767,-2.0112197645123295,2.0112197645123295,4.04500494116503,100.0,submitted_main_linear_features_H3_18col,6ed147cd585e5e8083292683f9be3cf585e97e4d46fa0e3224d24a4e2b42cbbb,f83baf5732ffbf88b9a448a3d9ab9fa270f7495fe44d1559c1ac49795a30881a,41f184a29ff88aaf275f3365267b8c909ce7598a,ridge_corrected_41f184a29ff8_6ed147cd_f83baf57
Ridge,3,2,2023-02-04,2023-02-07,13.67,12.957819681857677,-0.7121803181423232,0.7121803181423232,0.5072008055493007,100.0,submitted_main_linear_features_H3_18col,6ed147cd585e5e8083292683f9be3cf585e97e4d46fa0e3224d24a4e2b42cbbb,f83baf5732ffbf88b9a448a3d9ab9fa270f7495fe44d1559c1ac49795a30881a,41f184a29ff88aaf275f3365267b8c909ce7598a,ridge_corrected_41f184a29ff8_6ed147cd_f83baf57
Ridge,3,2,2023-02-05,2023-02-08,12.29,14.612930481356628,2.3229304813566287,2.3229304813566287,5.396006021215738,100.0,submitted_main_linear_features_H3_18col,6ed147cd585e5e8083292683f9be3cf585e97e4d46fa0e3224d24a4e2b42cbbb,f83baf5732ffbf88b9a448a3d9ab9fa270f7495fe44d1559c1ac49795a30881a,41f184a29ff88aaf275f3365267b8c909ce7598a,ridge_corrected_41f184a29ff8_6ed147cd_f83baf57
Ridge,3,2,2023-02-06,2023-02-09,11.92,14.993012624438194,3.073012624438194,3.073012624438194,9.443406589956517,100.0,submitted_main_linear_features_H3_18col,6ed147cd585e5e8083292683f9be3cf585e97e4d46fa0e3224d24a4e2b42cbbb,f83baf5732ffbf88b9a448a3d9ab9fa270f7495fe44d1559c1ac49795a30881a,41f184a29ff88aaf275f3365267b8c909ce7598a,ridge_corrected_41f184a29ff8_6ed147cd_f83baf57
Ridge,3,2,2023-02-07,2023-02-10,10.97,14.425664922529878,3.455664922529877,3.455664922529877,11.941620056803421,100.0,submitted_main_linear_features_H3_18col,6ed147cd585e5e8083292683f9be3cf585e97e4d46fa0e3224d24a4e2b42cbbb,f83baf5732ffbf88b9a448a3d9ab9fa270f7495fe44d1559c1ac49795a30881a,41f184a29ff88aaf275f3365267b8c909ce7598a,ridge_corrected_41f184a29ff8_6ed147cd_f83baf57
Ridge,3,2,2023-02-08,2023-02-11,7.57,13.895807663759665,6.325807663759665,6.325807663759665,40.01584259888051,100.0,submitted_main_linear_features_H3_18col,6ed147cd585e5e8083292683f9be3cf585e97e4d46fa0e3224d24a4e2b42cbbb,f83baf5732ffbf88b9a448a3d9ab9fa270f7495fe44d1559c1ac49795a30881a,41f184a29ff88aaf275f3365267b8c909ce7598a,ridge_corrected_41f184a29ff8_6ed147cd_f83baf57
Ridge,3,2,2023-02-09,2023-02-12,7.45,13.593968991978796,6.143968991978796,6.143968991978796,37.748354974396946,100.0,submitted_main_linear_features_H3_18col,6ed147cd585e5e8083292683f9be3cf585e97e4d46fa0e3224d24a4e2b42cbbb,f83baf5732ffbf88b9a448a3d9ab9fa270f7495fe44d1559c1ac49795a30881a,41f184a29ff88aaf275f3365267b8c909ce7598a,ridge_corrected_41f184a29ff8_6ed147cd_f83baf57
Ridge,3,2,2023-02-10,2023-02-13,8.88,12.81009544835986,3.930095448359859,3.930095448359859,15.445650233218883,100.0,submitted_main_linear_features_H3_18col,6ed147cd585e5e8083292683f9be3cf585e97e4d46fa0e3224d24a4e2b42cbbb,f83baf5732ffbf88b9a448a3d9ab9fa270f7495fe44d1559c1ac49795a30881a,41f184a29ff88aaf275f3365267b8c909ce7598a,ridge_corrected_41f184a29ff8_6ed147cd_f83baf57
Ridge,3,2,2023-02-11,2023-02-14,11.27,12.818510458398308,1.548510458398308,1.548510458398308,2.397884639768938,100.0,submitted_main_linear_features_H3_18col,6ed147cd585e5e8083292683f9be3cf585e97e4d46fa0e3224d24a4e2b42cbbb,f83baf5732ffbf88b9a448a3d9ab9fa270f7495fe44d1559c1ac49795a30881a,41f184a29ff88aaf275f3365267b8c909ce7598a,ridge_corrected_41f184a29ff8_6ed147cd_f83baf57
Ridge,3,2,2023-02-12,2023-02-15,14.0,12.107470795215361,-1.8925292047846387,1.8925292047846387,3.581666790962777,100.0,submitted_main_linear_features_H3_18col,6ed147cd585e5e8083292683f9be3cf585e97e4d46fa0e3224d24a4e2b42cbbb,f83baf5732ffbf88b9a448a3d9ab9fa270f7495fe44d1559c1ac49795a30881a,41f184a29ff88aaf275f3365267b8c909ce7598a,ridge_corrected_41f184a29ff8_6ed147cd_f83baf57
Ridge,3,2,2023-02-13,2023-02-16,15.84,12.095158248766479,-3.744841751233521,3.744841751233521,14.023839741781742,100.0,submitted_main_linear_features_H3_18col,6ed147cd585e5e8083292683f9be3cf585e97e4d46fa0e3224d24a4e2b42cbbb,f83baf5732ffbf88b9a448a3d9ab9fa270f7495fe44d1559c1ac49795a30881a,41f184a29ff88aaf275f3365267b8c909ce7598a,ridge_corrected_41f184a29ff8_6ed147cd_f83baf57
Ridge,3,2,2023-02-14,2023-02-17,13.82,11.831939480950973,-1.9880605190490268,1.9880605190490268,3.9523846274014858,100.0,submitted_main_linear_features_H3_18col,6ed147cd585e5e8083292683f9be3cf585e97e4d46fa0e3224d24a4e2b42cbbb,f83baf5732ffbf88b9a448a3d9ab9fa270f7495fe44d1559c1ac49795a30881a,41f184a29ff88aaf275f3365267b8c909ce7598a,ridge_corrected_41f184a29ff8_6ed147cd_f83baf57
Ridge,3,2,2023-02-15,2023-02-18,16.04,12.143169027492954,-3.896830972507045,3.896830972507045,15.185291628290203,100.0,submitted_main_linear_features_H3_18col,6ed147cd585e5e8083292683f9be3cf585e97e4d46fa0e3224d24a4e2b42cbbb,f83baf5732ffbf88b9a448a3d9ab9fa270f7495fe44d1559c1ac49795a30881a,41f184a29ff88aaf275f3365267b8c909ce7598a,ridge_corrected_41f184a29ff8_6ed147cd_f83baf57
Ridge,3,2,2023-02-16,2023-02-19,14.5,13.384392539602032,-1.1156074603979675,1.1156074603979675,1.2445800056956027,100.0,submitted_main_linear_features_H3_18col,6ed147cd585e5e8083292683f9be3cf585e97e4d46fa0e3224d24a4e2b42cbbb,f83baf5732ffbf88b9a448a3d9ab9fa270f7495fe44d1559c1ac49795a30881a,41f184a29ff88aaf275f3365267b8c909ce7598a,ridge_corrected_41f184a29ff8_6ed147cd_f83baf57
Ridge,3,2,2023-02-17,2023-02-20,13.08,13.82756926248029,0.7475692624802903,0.7475692624802903,0.5588598022053252,100.0,submitted_main_linear_features_H3_18col,6ed147cd585e5e8083292683f9be3cf585e97e4d46fa0e3224d24a4e2b42cbbb,f83baf5732ffbf88b9a448a3d9ab9fa270f7495fe44d1559c1ac49795a30881a,41f184a29ff88aaf275f3365267b8c909ce7598a,ridge_corrected_41f184a29ff8_6ed147cd_f83baf57
Ridge,3,2,2023-02-18,2023-02-21,10.58,13.288505826468045,2.708505826468045,2.708505826468045,7.336003812011347,100.0,submitted_main_linear_features_H3_18col,6ed147cd585e5e8083292683f9be3cf585e97e4d46fa0e3224d24a4e2b42cbbb,f83baf5732ffbf88b9a448a3d9ab9fa270f7495fe44d1559c1ac49795a30881a,41f184a29ff88aaf275f3365267b8c909ce7598a,ridge_corrected_41f184a29ff8_6ed147cd_f83baf57
Ridge,3,2,2023-02-19,2023-02-22,13.94,13.665358572244628,-0.2746414277553715,0.2746414277553715,0.07542791383950893,100.0,submitted_main_linear_features_H3_18col,6ed147cd585e5e8083292683f9be3cf585e97e4d46fa0e3224d24a4e2b42cbbb,f83baf5732ffbf88b9a448a3d9ab9fa270f7495fe44d1559c1ac49795a30881a,41f184a29ff88aaf275f3365267b8c909ce7598a,ridge_corrected_41f184a29ff8_6ed147cd_f83baf57
Ridge,3,2,2023-02-20,2023-02-23,13.76,13.989818092919224,0.22981809291922417,0.22981809291922417,0.052816355833029155,100.0,submitted_main_linear_features_H3_18col,6ed147cd585e5e8083292683f9be3cf585e97e4d46fa0e3224d24a4e2b42cbbb,f83baf5732ffbf88b9a448a3d9ab9fa270f7495fe44d1559c1ac49795a30881a,41f184a29ff88aaf275f3365267b8c909ce7598a,ridge_corrected_41f184a29ff8_6ed147cd_f83baf57
Ridge,3,2,2023-02-21,2023-02-24,16.57,13.947205791997842,-2.6227942080021585,2.6227942080021585,6.8790494575296695,100.0,submitted_main_linear_features_H3_18col,6ed147cd585e5e8083292683f9be3cf585e97e4d46fa0e3224d24a4e2b42cbbb,f83baf5732ffbf88b9a448a3d9ab9fa270f7495fe44d1559c1ac49795a30881a,41f184a29ff88aaf275f3365267b8c909ce7598a,ridge_corrected_41f184a29ff8_6ed147cd_f83baf57
Ridge,3,3,2023-02-22,2023-02-25,12.14,12.898279638012543,0.7582796380125423,0.7582796380125423,0.5749880094244322,100.0,submitted_main_linear_features_H3_18col,6ed147cd585e5e8083292683f9be3cf585e97e4d46fa0e3224d24a4e2b42cbbb,f83baf5732ffbf88b9a448a3d9ab9fa270f7495fe44d1559c1ac49795a30881a,41f184a29ff88aaf275f3365267b8c909ce7598a,ridge_corrected_41f184a29ff8_6ed147cd_f83baf57
Ridge,3,3,2023-02-23,2023-02-26,10.48,13.458030929702263,2.9780309297022622,2.9780309297022622,8.86866821826332,100.0,submitted_main_linear_features_H3_18col,6ed147cd585e5e8083292683f9be3cf585e97e4d46fa0e3224d24a4e2b42cbbb,f83baf5732ffbf88b9a448a3d9ab9fa270f7495fe44d1559c1ac49795a30881a,41f184a29ff88aaf275f3365267b8c909ce7598a,ridge_corrected_41f184a29ff8_6ed147cd_f83baf57
Ridge,3,3,2023-02-24,2023-02-27,11.17,13.24963048197151,2.0796304819715097,2.0796304819715097,4.324862941545054,100.0,submitted_main_linear_features_H3_18col,6ed147cd585e5e8083292683f9be3cf585e97e4d46fa0e3224d24a4e2b42cbbb,f83baf5732ffbf88b9a448a3d9ab9fa270f7495fe44d1559c1ac49795a30881a,41f184a29ff88aaf275f3365267b8c909ce7598a,ridge_corrected_41f184a29ff8_6ed147cd_f83baf57
Ridge,3,3,2023-02-25,2023-02-28,9.76,13.953695308888747,4.193695308888747,4.193695308888747,17.58708034379549,100.0,submitted_main_linear_features_H3_18col,6ed147cd585e5e8083292683f9be3cf585e97e4d46fa0e3224d24a4e2b42cbbb,f83baf5732ffbf88b9a448a3d9ab9fa270f7495fe44d1559c1ac49795a30881a,41f184a29ff88aaf275f3365267b8c909ce7598a,ridge_corrected_41f184a29ff8_6ed147cd_f83baf57
Ridge,3,3,2023-02-26,2023-03-01,12.96,12.99061279748134,0.03061279748133927,0.03061279748133927,0.000937143369633492,100.0,submitted_main_linear_features_H3_18col,6ed147cd585e5e8083292683f9be3cf585e97e4d46fa0e3224d24a4e2b42cbbb,f83baf5732ffbf88b9a448a3d9ab9fa270f7495fe44d1559c1ac49795a30881a,41f184a29ff88aaf275f3365267b8c909ce7598a,ridge_corrected_41f184a29ff8_6ed147cd_f83baf57
Ridge,3,3,2023-02-27,2023-03-02,15.2,12.691523909378931,-2.508476090621068,2.508476090621068,6.292452297217556,100.0,submitted_main_linear_features_H3_18col,6ed147cd585e5e8083292683f9be3cf585e97e4d46fa0e3224d24a4e2b42cbbb,f83baf5732ffbf88b9a448a3d9ab9fa270f7495fe44d1559c1ac49795a30881a,41f184a29ff88aaf275f3365267b8c909ce7598a,ridge_corrected_41f184a29ff8_6ed147cd_f83baf57
Ridge,3,3,2023-02-28,2023-03-03,16.39,12.888990090695607,-3.5010099093043934,3.5010099093043934,12.257070385047557,100.0,submitted_main_linear_features_H3_18col,6ed147cd585e5e8083292683f9be3cf585e97e4d46fa0e3224d24a4e2b42cbbb,f83baf5732ffbf88b9a448a3d9ab9fa270f7495fe44d1559c1ac49795a30881a,41f184a29ff88aaf275f3365267b8c909ce7598a,ridge_corrected_41f184a29ff8_6ed147cd_f83baf57
Ridge,3,3,2023-03-01,2023-03-04,15.4,12.512602482546049,-2.8873975174539517,2.8873975174539517,8.337064423799243,100.0,submitted_main_linear_features_H3_18col,6ed147cd585e5e8083292683f9be3cf585e97e4d46fa0e3224d24a4e2b42cbbb,f83baf5732ffbf88b9a448a3d9ab9fa270f7495fe44d1559c1ac49795a30881a,41f184a29ff88aaf275f3365267b8c909ce7598a,ridge_corrected_41f184a29ff8_6ed147cd_f83baf57
Ridge,3,3,2023-03-02,2023-03-05,10.44,13.077910295935256,2.6379102959352565,2.6379102959352565,6.958570729401233,100.0,submitted_main_linear_features_H3_18col,6ed147cd585e5e8083292683f9be3cf585e97e4d46fa0e3224d24a4e2b42cbbb,f83baf5732ffbf88b9a448a3d9ab9fa270f7495fe44d1559c1ac49795a30881a,41f184a29ff88aaf275f3365267b8c909ce7598a,ridge_corrected_41f184a29ff8_6ed147cd_f83baf57
Ridge,3,3,2023-03-03,2023-03-06,15.14,13.595639431890996,-1.5443605681090045,1.5443605681090045,2.385049564329967,100.0,submitted_main_linear_features_H3_18col,6ed147cd585e5e8083292683f9be3cf585e97e4d46fa0e3224d24a4e2b42cbbb,f83baf5732ffbf88b9a448a3d9ab9fa270f7495fe44d1559c1ac49795a30881a,41f184a29ff88aaf275f3365267b8c909ce7598a,ridge_corrected_41f184a29ff8_6ed147cd_f83baf57
Ridge,3,3,2023-03-04,2023-03-07,13.92,13.704788310209683,-0.21521168979031735,0.21521168979031735,0.046316071422403786,100.0,submitted_main_linear_features_H3_18col,6ed147cd585e5e8083292683f9be3cf585e97e4d46fa0e3224d24a4e2b42cbbb,f83baf5732ffbf88b9a448a3d9ab9fa270f7495fe44d1559c1ac49795a30881a,41f184a29ff88aaf275f3365267b8c909ce7598a,ridge_corrected_41f184a29ff8_6ed147cd_f83baf57
Ridge,3,3,2023-03-05,2023-03-08,13.87,13.8039187644599,-0.06608123554009993,0.06608123554009993,0.004366729690506165,100.0,submitted_main_linear_features_H3_18col,6ed147cd585e5e8083292683f9be3cf585e97e4d46fa0e3224d24a4e2b42cbbb,f83baf5732ffbf88b9a448a3d9ab9fa270f7495fe44d1559c1ac49795a30881a,41f184a29ff88aaf275f3365267b8c909ce7598a,ridge_corrected_41f184a29ff8_6ed147cd_f83baf57
Ridge,3,3,2023-03-06,2023-03-09,12.83,13.187029604737972,0.3570296047379724,0.3570296047379724,0.1274701386593528,100.0,submitted_main_linear_features_H3_18col,6ed147cd585e5e8083292683f9be3cf585e97e4d46fa0e3224d24a4e2b42cbbb,f83baf5732ffbf88b9a448a3d9ab9fa270f7495fe44d1559c1ac49795a30881a,41f184a29ff88aaf275f3365267b8c909ce7598a,ridge_corrected_41f184a29ff8_6ed147cd_f83baf57
Ridge,3,3,2023-03-07,2023-03-10,15.48,13.825466180900602,-1.6545338190993988,1.6545338190993988,2.737482158543642,100.0,submitted_main_linear_features_H3_18col,6ed147cd585e5e8083292683f9be3cf585e97e4d46fa0e3224d24a4e2b42cbbb,f83baf5732ffbf88b9a448a3d9ab9fa270f7495fe44d1559c1ac49795a30881a,41f184a29ff88aaf275f3365267b8c909ce7598a,ridge_corrected_41f184a29ff8_6ed147cd_f83baf57
Ridge,3,3,2023-03-08,2023-03-11,12.28,13.753473070354904,1.4734730703549044,1.4734730703549044,2.171122889061109,100.0,submitted_main_linear_features_H3_18col,6ed147cd585e5e8083292683f9be3cf585e97e4d46fa0e3224d24a4e2b42cbbb,f83baf5732ffbf88b9a448a3d9ab9fa270f7495fe44d1559c1ac49795a30881a,41f184a29ff88aaf275f3365267b8c909ce7598a,ridge_corrected_41f184a29ff8_6ed147cd_f83baf57
Ridge,3,3,2023-03-09,2023-03-12,9.8,13.423014424502284,3.6230144245022835,3.6230144245022835,13.126233520151613,100.0,submitted_main_linear_features_H3_18col,6ed147cd585e5e8083292683f9be3cf585e97e4d46fa0e3224d24a4e2b42cbbb,f83baf5732ffbf88b9a448a3d9ab9fa270f7495fe44d1559c1ac49795a30881a,41f184a29ff88aaf275f3365267b8c909ce7598a,ridge_corrected_41f184a29ff8_6ed147cd_f83baf57
Ridge,3,3,2023-03-10,2023-03-13,9.82,12.87443306691194,3.0544330669119404,3.0544330669119404,9.329561360245082,100.0,submitted_main_linear_features_H3_18col,6ed147cd585e5e8083292683f9be3cf585e97e4d46fa0e3224d24a4e2b42cbbb,f83baf5732ffbf88b9a448a3d9ab9fa270f7495fe44d1559c1ac49795a30881a,41f184a29ff88aaf275f3365267b8c909ce7598a,ridge_corrected_41f184a29ff8_6ed147cd_f83baf57
Ridge,3,3,2023-03-11,2023-03-14,11.41,13.438340598904329,2.028340598904329,2.028340598904329,4.114165585163572,100.0,submitted_main_linear_features_H3_18col,6ed147cd585e5e8083292683f9be3cf585e97e4d46fa0e3224d24a4e2b42cbbb,f83baf5732ffbf88b9a448a3d9ab9fa270f7495fe44d1559c1ac49795a30881a,41f184a29ff88aaf275f3365267b8c909ce7598a,ridge_corrected_41f184a29ff8_6ed147cd_f83baf57
Ridge,3,3,2023-03-12,2023-03-15,14.0,12.509829351520672,-1.490170648479328,1.490170648479328,2.2206085615893008,100.0,submitted_main_linear_features_H3_18col,6ed147cd585e5e8083292683f9be3cf585e97e4d46fa0e3224d24a4e2b42cbbb,f83baf5732ffbf88b9a448a3d9ab9fa270f7495fe44d1559c1ac49795a30881a,41f184a29ff88aaf275f3365267b8c909ce7598a,ridge_corrected_41f184a29ff8_6ed147cd_f83baf57
Ridge,3,3,2023-03-13,2023-03-16,13.31,12.208454993484562,-1.1015450065154386,1.1015450065154386,1.2134014013790977,100.0,submitted_main_linear_features_H3_18col,6ed147cd585e5e8083292683f9be3cf585e97e4d46fa0e3224d24a4e2b42cbbb,f83baf5732ffbf88b9a448a3d9ab9fa270f7495fe44d1559c1ac49795a30881a,41f184a29ff88aaf275f3365267b8c909ce7598a,ridge_corrected_41f184a29ff8_6ed147cd_f83baf57
Ridge,3,3,2023-03-14,2023-03-17,14.64,12.273215046415784,-2.366784953584217,2.366784953584217,5.601671016512644,100.0,submitted_main_linear_features_H3_18col,6ed147cd585e5e8083292683f9be3cf585e97e4d46fa0e3224d24a4e2b42cbbb,f83baf5732ffbf88b9a448a3d9ab9fa270f7495fe44d1559c1ac49795a30881a,41f184a29ff88aaf275f3365267b8c909ce7598a,ridge_corrected_41f184a29ff8_6ed147cd_f83baf57
Ridge,3,3,2023-03-15,2023-03-18,10.03,12.15727968952416,2.12727968952416,2.12727968952416,4.5253188774620074,100.0,submitted_main_linear_features_H3_18col,6ed147cd585e5e8083292683f9be3cf585e97e4d46fa0e3224d24a4e2b42cbbb,f83baf5732ffbf88b9a448a3d9ab9fa270f7495fe44d1559c1ac49795a30881a,41f184a29ff88aaf275f3365267b8c909ce7598a,ridge_corrected_41f184a29ff8_6ed147cd_f83baf57
Ridge,3,3,2023-03-16,2023-03-19,10.02,12.734030765210248,2.714030765210248,2.714030765210248,7.365962994507726,100.0,submitted_main_linear_features_H3_18col,6ed147cd585e5e8083292683f9be3cf585e97e4d46fa0e3224d24a4e2b42cbbb,f83baf5732ffbf88b9a448a3d9ab9fa270f7495fe44d1559c1ac49795a30881a,41f184a29ff88aaf275f3365267b8c909ce7598a,ridge_corrected_41f184a29ff8_6ed147cd_f83baf57
Ridge,3,3,2023-03-17,2023-03-20,10.02,12.755122841771692,2.735122841771693,2.735122841771693,7.480896959581261,100.0,submitted_main_linear_features_H3_18col,6ed147cd585e5e8083292683f9be3cf585e97e4d46fa0e3224d24a4e2b42cbbb,f83baf5732ffbf88b9a448a3d9ab9fa270f7495fe44d1559c1ac49795a30881a,41f184a29ff88aaf275f3365267b8c909ce7598a,ridge_corrected_41f184a29ff8_6ed147cd_f83baf57
Ridge,3,3,2023-03-18,2023-03-21,13.57,12.667708611865105,-0.9022913881348948,0.9022913881348948,0.8141297491023954,100.0,submitted_main_linear_features_H3_18col,6ed147cd585e5e8083292683f9be3cf585e97e4d46fa0e3224d24a4e2b42cbbb,f83baf5732ffbf88b9a448a3d9ab9fa270f7495fe44d1559c1ac49795a30881a,41f184a29ff88aaf275f3365267b8c909ce7598a,ridge_corrected_41f184a29ff8_6ed147cd_f83baf57
Ridge,3,3,2023-03-19,2023-03-22,10.15,11.813009251701258,1.6630092517012578,1.6630092517012578,2.7655997712439775,100.0,submitted_main_linear_features_H3_18col,6ed147cd585e5e8083292683f9be3cf585e97e4d46fa0e3224d24a4e2b42cbbb,f83baf5732ffbf88b9a448a3d9ab9fa270f7495fe44d1559c1ac49795a30881a,41f184a29ff88aaf275f3365267b8c909ce7598a,ridge_corrected_41f184a29ff8_6ed147cd_f83baf57
Ridge,3,3,2023-03-20,2023-03-23,15.5,11.73682343302147,-3.7631765669785295,3.7631765669785295,14.16149787425631,100.0,submitted_main_linear_features_H3_18col,6ed147cd585e5e8083292683f9be3cf585e97e4d46fa0e3224d24a4e2b42cbbb,f83baf5732ffbf88b9a448a3d9ab9fa270f7495fe44d1559c1ac49795a30881a,41f184a29ff88aaf275f3365267b8c909ce7598a,ridge_corrected_41f184a29ff8_6ed147cd_f83baf57
Ridge,3,3,2023-03-21,2023-03-24,7.22,11.584784017720244,4.364784017720244,4.364784017720244,19.051339521346076,100.0,submitted_main_linear_features_H3_18col,6ed147cd585e5e8083292683f9be3cf585e97e4d46fa0e3224d24a4e2b42cbbb,f83baf5732ffbf88b9a448a3d9ab9fa270f7495fe44d1559c1ac49795a30881a,41f184a29ff88aaf275f3365267b8c909ce7598a,ridge_corrected_41f184a29ff8_6ed147cd_f83baf57
Ridge,3,3,2023-03-22,2023-03-25,9.46,12.55048518598251,3.0904851859825087,3.0904851859825087,9.55109868477734,100.0,submitted_main_linear_features_H3_18col,6ed147cd585e5e8083292683f9be3cf585e97e4d46fa0e3224d24a4e2b42cbbb,f83baf5732ffbf88b9a448a3d9ab9fa270f7495fe44d1559c1ac49795a30881a,41f184a29ff88aaf275f3365267b8c909ce7598a,ridge_corrected_41f184a29ff8_6ed147cd_f83baf57
Ridge,3,3,2023-03-23,2023-03-26,9.17,11.3557755120833,2.1857755120833,2.1857755120833,4.7776145892230115,100.0,submitted_main_linear_features_H3_18col,6ed147cd585e5e8083292683f9be3cf585e97e4d46fa0e3224d24a4e2b42cbbb,f83baf5732ffbf88b9a448a3d9ab9fa270f7495fe44d1559c1ac49795a30881a,41f184a29ff88aaf275f3365267b8c909ce7598a,ridge_corrected_41f184a29ff8_6ed147cd_f83baf57
Ridge,3,3,2023-03-24,2023-03-27,9.34,12.537106706500387,3.197106706500387,3.197106706500387,10.22149129274975,100.0,submitted_main_linear_features_H3_18col,6ed147cd585e5e8083292683f9be3cf585e97e4d46fa0e3224d24a4e2b42cbbb,f83baf5732ffbf88b9a448a3d9ab9fa270f7495fe44d1559c1ac49795a30881a,41f184a29ff88aaf275f3365267b8c909ce7598a,ridge_corrected_41f184a29ff8_6ed147cd_f83baf57
Ridge,3,3,2023-03-25,2023-03-28,8.57,10.885412934375292,2.315412934375292,2.315412934375292,5.3611370566724,100.0,submitted_main_linear_features_H3_18col,6ed147cd585e5e8083292683f9be3cf585e97e4d46fa0e3224d24a4e2b42cbbb,f83baf5732ffbf88b9a448a3d9ab9fa270f7495fe44d1559c1ac49795a30881a,41f184a29ff88aaf275f3365267b8c909ce7598a,ridge_corrected_41f184a29ff8_6ed147cd_f83baf57
Ridge,3,3,2023-03-26,2023-03-29,10.73,11.69753150681007,0.9675315068100687,0.9675315068100687,0.936117216670162,100.0,submitted_main_linear_features_H3_18col,6ed147cd585e5e8083292683f9be3cf585e97e4d46fa0e3224d24a4e2b42cbbb,f83baf5732ffbf88b9a448a3d9ab9fa270f7495fe44d1559c1ac49795a30881a,41f184a29ff88aaf275f3365267b8c909ce7598a,ridge_corrected_41f184a29ff8_6ed147cd_f83baf57
Ridge,3,3,2023-03-27,2023-03-30,14.89,11.58074388759853,-3.3092561124014708,3.3092561124014708,10.951176017466496,100.0,submitted_main_linear_features_H3_18col,6ed147cd585e5e8083292683f9be3cf585e97e4d46fa0e3224d24a4e2b42cbbb,f83baf5732ffbf88b9a448a3d9ab9fa270f7495fe44d1559c1ac49795a30881a,41f184a29ff88aaf275f3365267b8c909ce7598a,ridge_corrected_41f184a29ff8_6ed147cd_f83baf57
Ridge,3,3,2023-03-28,2023-03-31,11.27,11.243196374498236,-0.026803625501763406,0.026803625501763406,0.0007184343400387816,100.0,submitted_main_linear_features_H3_18col,6ed147cd585e5e8083292683f9be3cf585e97e4d46fa0e3224d24a4e2b42cbbb,f83baf5732ffbf88b9a448a3d9ab9fa270f7495fe44d1559c1ac49795a30881a,41f184a29ff88aaf275f3365267b8c909ce7598a,ridge_corrected_41f184a29ff8_6ed147cd_f83baf57
Ridge,3,3,2023-03-29,2023-04-01,11.94,11.108967332134165,-0.8310326678658342,0.8310326678658342,0.6906152950602059,100.0,submitted_main_linear_features_H3_18col,6ed147cd585e5e8083292683f9be3cf585e97e4d46fa0e3224d24a4e2b42cbbb,f83baf5732ffbf88b9a448a3d9ab9fa270f7495fe44d1559c1ac49795a30881a,41f184a29ff88aaf275f3365267b8c909ce7598a,ridge_corrected_41f184a29ff8_6ed147cd_f83baf57
Ridge,3,3,2023-03-30,2023-04-02,10.82,11.873026832941852,1.0530268329418515,1.0530268329418515,1.108865510895546,100.0,submitted_main_linear_features_H3_18col,6ed147cd585e5e8083292683f9be3cf585e97e4d46fa0e3224d24a4e2b42cbbb,f83baf5732ffbf88b9a448a3d9ab9fa270f7495fe44d1559c1ac49795a30881a,41f184a29ff88aaf275f3365267b8c909ce7598a,ridge_corrected_41f184a29ff8_6ed147cd_f83baf57
Ridge,3,3,2023-03-31,2023-04-03,12.71,12.246230494868934,-0.46376950513106685,0.46376950513106685,0.21508215388951465,100.0,submitted_main_linear_features_H3_18col,6ed147cd585e5e8083292683f9be3cf585e97e4d46fa0e3224d24a4e2b42cbbb,f83baf5732ffbf88b9a448a3d9ab9fa270f7495fe44d1559c1ac49795a30881a,41f184a29ff88aaf275f3365267b8c909ce7598a,ridge_corrected_41f184a29ff8_6ed147cd_f83baf57
Ridge,3,3,2023-04-01,2023-04-04,15.49,11.811121953454313,-3.6788780465456874,3.6788780465456874,13.534143681355813,100.0,submitted_main_linear_features_H3_18col,6ed147cd585e5e8083292683f9be3cf585e97e4d46fa0e3224d24a4e2b42cbbb,f83baf5732ffbf88b9a448a3d9ab9fa270f7495fe44d1559c1ac49795a30881a,41f184a29ff88aaf275f3365267b8c909ce7598a,ridge_corrected_41f184a29ff8_6ed147cd_f83baf57
Ridge,3,3,2023-04-02,2023-04-05,10.44,11.940615965128558,1.5006159651285582,1.5006159651285582,2.2518482747987143,100.0,submitted_main_linear_features_H3_18col,6ed147cd585e5e8083292683f9be3cf585e97e4d46fa0e3224d24a4e2b42cbbb,f83baf5732ffbf88b9a448a3d9ab9fa270f7495fe44d1559c1ac49795a30881a,41f184a29ff88aaf275f3365267b8c909ce7598a,ridge_corrected_41f184a29ff8_6ed147cd_f83baf57
Ridge,3,3,2023-04-03,2023-04-06,10.42,11.37087573192893,0.9508757319289298,0.9508757319289298,0.904164657571378,100.0,submitted_main_linear_features_H3_18col,6ed147cd585e5e8083292683f9be3cf585e97e4d46fa0e3224d24a4e2b42cbbb,f83baf5732ffbf88b9a448a3d9ab9fa270f7495fe44d1559c1ac49795a30881a,41f184a29ff88aaf275f3365267b8c909ce7598a,ridge_corrected_41f184a29ff8_6ed147cd_f83baf57
Ridge,3,3,2023-04-04,2023-04-07,13.7,12.211974063448617,-1.4880259365513826,1.4880259365513826,2.214221187849619,100.0,submitted_main_linear_features_H3_18col,6ed147cd585e5e8083292683f9be3cf585e97e4d46fa0e3224d24a4e2b42cbbb,f83baf5732ffbf88b9a448a3d9ab9fa270f7495fe44d1559c1ac49795a30881a,41f184a29ff88aaf275f3365267b8c909ce7598a,ridge_corrected_41f184a29ff8_6ed147cd_f83baf57
Ridge,3,3,2023-04-05,2023-04-08,15.04,12.387707486756902,-2.652292513243097,2.652292513243097,7.034655575805384,100.0,submitted_main_linear_features_H3_18col,6ed147cd585e5e8083292683f9be3cf585e97e4d46fa0e3224d24a4e2b42cbbb,f83baf5732ffbf88b9a448a3d9ab9fa270f7495fe44d1559c1ac49795a30881a,41f184a29ff88aaf275f3365267b8c909ce7598a,ridge_corrected_41f184a29ff8_6ed147cd_f83baf57
Ridge,3,3,2023-04-06,2023-04-09,14.68,11.667105776305142,-3.0128942236948575,3.0128942236948575,9.077531603173838,100.0,submitted_main_linear_features_H3_18col,6ed147cd585e5e8083292683f9be3cf585e97e4d46fa0e3224d24a4e2b42cbbb,f83baf5732ffbf88b9a448a3d9ab9fa270f7495fe44d1559c1ac49795a30881a,41f184a29ff88aaf275f3365267b8c909ce7598a,ridge_corrected_41f184a29ff8_6ed147cd_f83baf57
Ridge,3,3,2023-04-07,2023-04-10,13.15,11.457228173231472,-1.6927718267685279,1.6927718267685279,2.865476457501259,100.0,submitted_main_linear_features_H3_18col,6ed147cd585e5e8083292683f9be3cf585e97e4d46fa0e3224d24a4e2b42cbbb,f83baf5732ffbf88b9a448a3d9ab9fa270f7495fe44d1559c1ac49795a30881a,41f184a29ff88aaf275f3365267b8c909ce7598a,ridge_corrected_41f184a29ff8_6ed147cd_f83baf57
Ridge,3,3,2023-04-08,2023-04-11,16.98,12.225556528340222,-4.754443471659778,4.754443471659778,22.604732725208283,100.0,submitted_main_linear_features_H3_18col,6ed147cd585e5e8083292683f9be3cf585e97e4d46fa0e3224d24a4e2b42cbbb,f83baf5732ffbf88b9a448a3d9ab9fa270f7495fe44d1559c1ac49795a30881a,41f184a29ff88aaf275f3365267b8c909ce7598a,ridge_corrected_41f184a29ff8_6ed147cd_f83baf57
Ridge,3,3,2023-04-09,2023-04-12,14.24,12.88211318723128,-1.3578868127687205,1.3578868127687205,1.8438565962911941,100.0,submitted_main_linear_features_H3_18col,6ed147cd585e5e8083292683f9be3cf585e97e4d46fa0e3224d24a4e2b42cbbb,f83baf5732ffbf88b9a448a3d9ab9fa270f7495fe44d1559c1ac49795a30881a,41f184a29ff88aaf275f3365267b8c909ce7598a,ridge_corrected_41f184a29ff8_6ed147cd_f83baf57
Ridge,3,3,2023-04-10,2023-04-13,12.52,13.13582149089503,0.6158214908950299,0.6158214908950299,0.3792361086481774,100.0,submitted_main_linear_features_H3_18col,6ed147cd585e5e8083292683f9be3cf585e97e4d46fa0e3224d24a4e2b42cbbb,f83baf5732ffbf88b9a448a3d9ab9fa270f7495fe44d1559c1ac49795a30881a,41f184a29ff88aaf275f3365267b8c909ce7598a,ridge_corrected_41f184a29ff8_6ed147cd_f83baf57
Ridge,3,3,2023-04-11,2023-04-14,14.83,12.616787272909672,-2.213212727090328,2.213212727090328,4.898310575354606,100.0,submitted_main_linear_features_H3_18col,6ed147cd585e5e8083292683f9be3cf585e97e4d46fa0e3224d24a4e2b42cbbb,f83baf5732ffbf88b9a448a3d9ab9fa270f7495fe44d1559c1ac49795a30881a,41f184a29ff88aaf275f3365267b8c909ce7598a,ridge_corrected_41f184a29ff8_6ed147cd_f83baf57
Ridge,3,3,2023-04-12,2023-04-15,9.9,13.105128920379782,3.2051289203797815,3.2051289203797815,10.272851396254863,100.0,submitted_main_linear_features_H3_18col,6ed147cd585e5e8083292683f9be3cf585e97e4d46fa0e3224d24a4e2b42cbbb,f83baf5732ffbf88b9a448a3d9ab9fa270f7495fe44d1559c1ac49795a30881a,41f184a29ff88aaf275f3365267b8c909ce7598a,ridge_corrected_41f184a29ff8_6ed147cd_f83baf57
Ridge,3,3,2023-04-13,2023-04-16,10.09,12.760466227442945,2.6704662274429456,2.6704662274429456,7.131389871913358,100.0,submitted_main_linear_features_H3_18col,6ed147cd585e5e8083292683f9be3cf585e97e4d46fa0e3224d24a4e2b42cbbb,f83baf5732ffbf88b9a448a3d9ab9fa270f7495fe44d1559c1ac49795a30881a,41f184a29ff88aaf275f3365267b8c909ce7598a,ridge_corrected_41f184a29ff8_6ed147cd_f83baf57
Ridge,3,3,2023-04-14,2023-04-17,9.66,12.52530727333585,2.8653072733358496,2.8653072733358496,8.20998577063132,100.0,submitted_main_linear_features_H3_18col,6ed147cd585e5e8083292683f9be3cf585e97e4d46fa0e3224d24a4e2b42cbbb,f83baf5732ffbf88b9a448a3d9ab9fa270f7495fe44d1559c1ac49795a30881a,41f184a29ff88aaf275f3365267b8c909ce7598a,ridge_corrected_41f184a29ff8_6ed147cd_f83baf57
Ridge,3,3,2023-04-15,2023-04-18,9.47,12.712916002139222,3.2429160021392214,3.2429160021392214,10.516504196930631,100.0,submitted_main_linear_features_H3_18col,6ed147cd585e5e8083292683f9be3cf585e97e4d46fa0e3224d24a4e2b42cbbb,f83baf5732ffbf88b9a448a3d9ab9fa270f7495fe44d1559c1ac49795a30881a,41f184a29ff88aaf275f3365267b8c909ce7598a,ridge_corrected_41f184a29ff8_6ed147cd_f83baf57
Ridge,3,3,2023-04-16,2023-04-19,16.0,11.72934314614318,-4.270656853856821,4.270656853856821,18.238509963394236,100.0,submitted_main_linear_features_H3_18col,6ed147cd585e5e8083292683f9be3cf585e97e4d46fa0e3224d24a4e2b42cbbb,f83baf5732ffbf88b9a448a3d9ab9fa270f7495fe44d1559c1ac49795a30881a,41f184a29ff88aaf275f3365267b8c909ce7598a,ridge_corrected_41f184a29ff8_6ed147cd_f83baf57
Ridge,3,3,2023-04-17,2023-04-20,14.68,11.497805017726785,-3.1821949822732147,3.1821949822732147,10.126364905204825,100.0,submitted_main_linear_features_H3_18col,6ed147cd585e5e8083292683f9be3cf585e97e4d46fa0e3224d24a4e2b42cbbb,f83baf5732ffbf88b9a448a3d9ab9fa270f7495fe44d1559c1ac49795a30881a,41f184a29ff88aaf275f3365267b8c909ce7598a,ridge_corrected_41f184a29ff8_6ed147cd_f83baf57
Ridge,3,3,2023-04-18,2023-04-21,12.62,11.243013018972155,-1.3769869810278443,1.3769869810278443,1.8960931459201769,100.0,submitted_main_linear_features_H3_18col,6ed147cd585e5e8083292683f9be3cf585e97e4d46fa0e3224d24a4e2b42cbbb,f83baf5732ffbf88b9a448a3d9ab9fa270f7495fe44d1559c1ac49795a30881a,41f184a29ff88aaf275f3365267b8c909ce7598a,ridge_corrected_41f184a29ff8_6ed147cd_f83baf57
Ridge,3,3,2023-04-19,2023-04-22,11.22,11.489808528230956,0.26980852823095525,0.26980852823095525,0.07279664190615417,100.0,submitted_main_linear_features_H3_18col,6ed147cd585e5e8083292683f9be3cf585e97e4d46fa0e3224d24a4e2b42cbbb,f83baf5732ffbf88b9a448a3d9ab9fa270f7495fe44d1559c1ac49795a30881a,41f184a29ff88aaf275f3365267b8c909ce7598a,ridge_corrected_41f184a29ff8_6ed147cd_f83baf57
Ridge,3,3,2023-04-20,2023-04-23,11.23,12.595027157579612,1.3650271575796111,1.3650271575796111,1.8632991409298725,100.0,submitted_main_linear_features_H3_18col,6ed147cd585e5e8083292683f9be3cf585e97e4d46fa0e3224d24a4e2b42cbbb,f83baf5732ffbf88b9a448a3d9ab9fa270f7495fe44d1559c1ac49795a30881a,41f184a29ff88aaf275f3365267b8c909ce7598a,ridge_corrected_41f184a29ff8_6ed147cd_f83baf57
Ridge,3,3,2023-04-21,2023-04-24,13.46,12.386202303748052,-1.0737976962519493,1.0737976962519493,1.1530414924759935,100.0,submitted_main_linear_features_H3_18col,6ed147cd585e5e8083292683f9be3cf585e97e4d46fa0e3224d24a4e2b42cbbb,f83baf5732ffbf88b9a448a3d9ab9fa270f7495fe44d1559c1ac49795a30881a,41f184a29ff88aaf275f3365267b8c909ce7598a,ridge_corrected_41f184a29ff8_6ed147cd_f83baf57
Ridge,3,3,2023-04-22,2023-04-25,13.39,12.160536847588567,-1.2294631524114337,1.2294631524114337,1.5115796431374602,100.0,submitted_main_linear_features_H3_18col,6ed147cd585e5e8083292683f9be3cf585e97e4d46fa0e3224d24a4e2b42cbbb,f83baf5732ffbf88b9a448a3d9ab9fa270f7495fe44d1559c1ac49795a30881a,41f184a29ff88aaf275f3365267b8c909ce7598a,ridge_corrected_41f184a29ff8_6ed147cd_f83baf57
Ridge,3,3,2023-04-23,2023-04-26,9.76,12.016017203625479,2.256017203625479,2.256017203625479,5.0896136230541265,100.0,submitted_main_linear_features_H3_18col,6ed147cd585e5e8083292683f9be3cf585e97e4d46fa0e3224d24a4e2b42cbbb,f83baf5732ffbf88b9a448a3d9ab9fa270f7495fe44d1559c1ac49795a30881a,41f184a29ff88aaf275f3365267b8c909ce7598a,ridge_corrected_41f184a29ff8_6ed147cd_f83baf57
Ridge,3,3,2023-04-24,2023-04-27,14.44,11.968194182076898,-2.4718058179231015,2.4718058179231015,6.109824001518493,100.0,submitted_main_linear_features_H3_18col,6ed147cd585e5e8083292683f9be3cf585e97e4d46fa0e3224d24a4e2b42cbbb,f83baf5732ffbf88b9a448a3d9ab9fa270f7495fe44d1559c1ac49795a30881a,41f184a29ff88aaf275f3365267b8c909ce7598a,ridge_corrected_41f184a29ff8_6ed147cd_f83baf57
Ridge,3,3,2023-04-25,2023-04-28,13.68,12.565733701332135,-1.1142662986678644,1.1142662986678644,1.2415893843469825,100.0,submitted_main_linear_features_H3_18col,6ed147cd585e5e8083292683f9be3cf585e97e4d46fa0e3224d24a4e2b42cbbb,f83baf5732ffbf88b9a448a3d9ab9fa270f7495fe44d1559c1ac49795a30881a,41f184a29ff88aaf275f3365267b8c909ce7598a,ridge_corrected_41f184a29ff8_6ed147cd_f83baf57
Ridge,3,3,2023-04-26,2023-04-29,11.83,12.40222479930699,0.5722247993069907,0.5722247993069907,0.32744122094192574,100.0,submitted_main_linear_features_H3_18col,6ed147cd585e5e8083292683f9be3cf585e97e4d46fa0e3224d24a4e2b42cbbb,f83baf5732ffbf88b9a448a3d9ab9fa270f7495fe44d1559c1ac49795a30881a,41f184a29ff88aaf275f3365267b8c909ce7598a,ridge_corrected_41f184a29ff8_6ed147cd_f83baf57
Ridge,3,3,2023-04-27,2023-04-30,12.79,11.845047555478148,-0.9449524445218511,0.9449524445218511,0.8929351224078221,100.0,submitted_main_linear_features_H3_18col,6ed147cd585e5e8083292683f9be3cf585e97e4d46fa0e3224d24a4e2b42cbbb,f83baf5732ffbf88b9a448a3d9ab9fa270f7495fe44d1559c1ac49795a30881a,41f184a29ff88aaf275f3365267b8c909ce7598a,ridge_corrected_41f184a29ff8_6ed147cd_f83baf57
Ridge,3,3,2023-04-28,2023-05-01,12.88,12.610960982050871,-0.26903901794912954,0.26903901794912954,0.07238199317903204,100.0,submitted_main_linear_features_H3_18col,6ed147cd585e5e8083292683f9be3cf585e97e4d46fa0e3224d24a4e2b42cbbb,f83baf5732ffbf88b9a448a3d9ab9fa270f7495fe44d1559c1ac49795a30881a,41f184a29ff88aaf275f3365267b8c909ce7598a,ridge_corrected_41f184a29ff8_6ed147cd_f83baf57
Ridge,3,3,2023-04-29,2023-05-02,10.51,12.44689497761857,1.9368949776185698,1.9368949776185698,3.75156215432404,100.0,submitted_main_linear_features_H3_18col,6ed147cd585e5e8083292683f9be3cf585e97e4d46fa0e3224d24a4e2b42cbbb,f83baf5732ffbf88b9a448a3d9ab9fa270f7495fe44d1559c1ac49795a30881a,41f184a29ff88aaf275f3365267b8c909ce7598a,ridge_corrected_41f184a29ff8_6ed147cd_f83baf57
Ridge,3,3,2023-04-30,2023-05-03,16.52,11.855000271482474,-4.664999728517525,4.664999728517525,21.762222467068586,100.0,submitted_main_linear_features_H3_18col,6ed147cd585e5e8083292683f9be3cf585e97e4d46fa0e3224d24a4e2b42cbbb,f83baf5732ffbf88b9a448a3d9ab9fa270f7495fe44d1559c1ac49795a30881a,41f184a29ff88aaf275f3365267b8c909ce7598a,ridge_corrected_41f184a29ff8_6ed147cd_f83baf57
Ridge,3,3,2023-05-01,2023-05-04,14.09,12.461086501835402,-1.6289134981645983,1.6289134981645983,2.6533591845028286,100.0,submitted_main_linear_features_H3_18col,6ed147cd585e5e8083292683f9be3cf585e97e4d46fa0e3224d24a4e2b42cbbb,f83baf5732ffbf88b9a448a3d9ab9fa270f7495fe44d1559c1ac49795a30881a,41f184a29ff88aaf275f3365267b8c909ce7598a,ridge_corrected_41f184a29ff8_6ed147cd_f83baf57
Ridge,3,3,2023-05-02,2023-05-05,13.98,12.22928283720105,-1.750717162798951,1.750717162798951,3.065010584118809,100.0,submitted_main_linear_features_H3_18col,6ed147cd585e5e8083292683f9be3cf585e97e4d46fa0e3224d24a4e2b42cbbb,f83baf5732ffbf88b9a448a3d9ab9fa270f7495fe44d1559c1ac49795a30881a,41f184a29ff88aaf275f3365267b8c909ce7598a,ridge_corrected_41f184a29ff8_6ed147cd_f83baf57
Ridge,3,3,2023-05-03,2023-05-06,13.97,11.7367389819211,-2.2332610180789008,2.2332610180789008,4.987454774870808,100.0,submitted_main_linear_features_H3_18col,6ed147cd585e5e8083292683f9be3cf585e97e4d46fa0e3224d24a4e2b42cbbb,f83baf5732ffbf88b9a448a3d9ab9fa270f7495fe44d1559c1ac49795a30881a,41f184a29ff88aaf275f3365267b8c909ce7598a,ridge_corrected_41f184a29ff8_6ed147cd_f83baf57
Ridge,3,3,2023-05-04,2023-05-07,14.0,12.96576614196278,-1.0342338580372203,1.0342338580372203,1.0696396731105533,100.0,submitted_main_linear_features_H3_18col,6ed147cd585e5e8083292683f9be3cf585e97e4d46fa0e3224d24a4e2b42cbbb,f83baf5732ffbf88b9a448a3d9ab9fa270f7495fe44d1559c1ac49795a30881a,41f184a29ff88aaf275f3365267b8c909ce7598a,ridge_corrected_41f184a29ff8_6ed147cd_f83baf57
Ridge,3,3,2023-05-05,2023-05-08,13.94,12.07260593174321,-1.8673940682567896,1.8673940682567896,3.4871606061606433,100.0,submitted_main_linear_features_H3_18col,6ed147cd585e5e8083292683f9be3cf585e97e4d46fa0e3224d24a4e2b42cbbb,f83baf5732ffbf88b9a448a3d9ab9fa270f7495fe44d1559c1ac49795a30881a,41f184a29ff88aaf275f3365267b8c909ce7598a,ridge_corrected_41f184a29ff8_6ed147cd_f83baf57
Ridge,3,3,2023-05-06,2023-05-09,14.02,11.600608403904502,-2.4193915960954975,2.4193915960954975,5.8534556952575185,100.0,submitted_main_linear_features_H3_18col,6ed147cd585e5e8083292683f9be3cf585e97e4d46fa0e3224d24a4e2b42cbbb,f83baf5732ffbf88b9a448a3d9ab9fa270f7495fe44d1559c1ac49795a30881a,41f184a29ff88aaf275f3365267b8c909ce7598a,ridge_corrected_41f184a29ff8_6ed147cd_f83baf57
Ridge,3,3,2023-05-07,2023-05-10,14.88,12.089422295539753,-2.7905777044602473,2.7905777044602473,7.787323924630623,100.0,submitted_main_linear_features_H3_18col,6ed147cd585e5e8083292683f9be3cf585e97e4d46fa0e3224d24a4e2b42cbbb,f83baf5732ffbf88b9a448a3d9ab9fa270f7495fe44d1559c1ac49795a30881a,41f184a29ff88aaf275f3365267b8c909ce7598a,ridge_corrected_41f184a29ff8_6ed147cd_f83baf57
Ridge,3,3,2023-05-08,2023-05-11,11.52,12.243733937631124,0.723733937631124,0.723733937631124,0.5237908124790517,100.0,submitted_main_linear_features_H3_18col,6ed147cd585e5e8083292683f9be3cf585e97e4d46fa0e3224d24a4e2b42cbbb,f83baf5732ffbf88b9a448a3d9ab9fa270f7495fe44d1559c1ac49795a30881a,41f184a29ff88aaf275f3365267b8c909ce7598a,ridge_corrected_41f184a29ff8_6ed147cd_f83baf57
Ridge,3,3,2023-05-09,2023-05-12,13.0,12.445274367464839,-0.5547256325351615,0.5547256325351615,0.30772052739153505,100.0,submitted_main_linear_features_H3_18col,6ed147cd585e5e8083292683f9be3cf585e97e4d46fa0e3224d24a4e2b42cbbb,f83baf5732ffbf88b9a448a3d9ab9fa270f7495fe44d1559c1ac49795a30881a,41f184a29ff88aaf275f3365267b8c909ce7598a,ridge_corrected_41f184a29ff8_6ed147cd_f83baf57
Ridge,3,3,2023-05-10,2023-05-13,9.37,12.574062132067302,3.2040621320673033,3.2040621320673033,10.266014146147674,100.0,submitted_main_linear_features_H3_18col,6ed147cd585e5e8083292683f9be3cf585e97e4d46fa0e3224d24a4e2b42cbbb,f83baf5732ffbf88b9a448a3d9ab9fa270f7495fe44d1559c1ac49795a30881a,41f184a29ff88aaf275f3365267b8c909ce7598a,ridge_corrected_41f184a29ff8_6ed147cd_f83baf57
Ridge,3,3,2023-05-11,2023-05-14,12.59,12.734722933659427,0.1447229336594269,0.1447229336594269,0.02094472752699088,100.0,submitted_main_linear_features_H3_18col,6ed147cd585e5e8083292683f9be3cf585e97e4d46fa0e3224d24a4e2b42cbbb,f83baf5732ffbf88b9a448a3d9ab9fa270f7495fe44d1559c1ac49795a30881a,41f184a29ff88aaf275f3365267b8c909ce7598a,ridge_corrected_41f184a29ff8_6ed147cd_f83baf57
Ridge,3,3,2023-05-12,2023-05-15,12.67,12.20466428473721,-0.46533571526278905,0.46533571526278905,0.2165373278991315,100.0,submitted_main_linear_features_H3_18col,6ed147cd585e5e8083292683f9be3cf585e97e4d46fa0e3224d24a4e2b42cbbb,f83baf5732ffbf88b9a448a3d9ab9fa270f7495fe44d1559c1ac49795a30881a,41f184a29ff88aaf275f3365267b8c909ce7598a,ridge_corrected_41f184a29ff8_6ed147cd_f83baf57
Ridge,3,3,2023-05-13,2023-05-16,12.94,12.122864670601567,-0.8171353293984325,0.8171353293984325,0.6677101465510847,100.0,submitted_main_linear_features_H3_18col,6ed147cd585e5e8083292683f9be3cf585e97e4d46fa0e3224d24a4e2b42cbbb,f83baf5732ffbf88b9a448a3d9ab9fa270f7495fe44d1559c1ac49795a30881a,41f184a29ff88aaf275f3365267b8c909ce7598a,ridge_corrected_41f184a29ff8_6ed147cd_f83baf57
Ridge,3,3,2023-05-14,2023-05-17,11.93,11.484167091324853,-0.4458329086751469,0.4458329086751469,0.19876698245774188,100.0,submitted_main_linear_features_H3_18col,6ed147cd585e5e8083292683f9be3cf585e97e4d46fa0e3224d24a4e2b42cbbb,f83baf5732ffbf88b9a448a3d9ab9fa270f7495fe44d1559c1ac49795a30881a,41f184a29ff88aaf275f3365267b8c909ce7598a,ridge_corrected_41f184a29ff8_6ed147cd_f83baf57
Ridge,3,3,2023-05-15,2023-05-18,12.83,11.905210703514186,-0.9247892964858142,0.9247892964858142,0.8552352428947272,100.0,submitted_main_linear_features_H3_18col,6ed147cd585e5e8083292683f9be3cf585e97e4d46fa0e3224d24a4e2b42cbbb,f83baf5732ffbf88b9a448a3d9ab9fa270f7495fe44d1559c1ac49795a30881a,41f184a29ff88aaf275f3365267b8c909ce7598a,ridge_corrected_41f184a29ff8_6ed147cd_f83baf57
Ridge,3,3,2023-05-16,2023-05-19,14.46,11.916243833739504,-2.543756166260497,2.543756166260497,6.470695433388301,100.0,submitted_main_linear_features_H3_18col,6ed147cd585e5e8083292683f9be3cf585e97e4d46fa0e3224d24a4e2b42cbbb,f83baf5732ffbf88b9a448a3d9ab9fa270f7495fe44d1559c1ac49795a30881a,41f184a29ff88aaf275f3365267b8c909ce7598a,ridge_corrected_41f184a29ff8_6ed147cd_f83baf57
Ridge,3,3,2023-05-17,2023-05-20,13.25,12.351414958234201,-0.8985850417657986,0.8985850417657986,0.8074550772852419,100.0,submitted_main_linear_features_H3_18col,6ed147cd585e5e8083292683f9be3cf585e97e4d46fa0e3224d24a4e2b42cbbb,f83baf5732ffbf88b9a448a3d9ab9fa270f7495fe44d1559c1ac49795a30881a,41f184a29ff88aaf275f3365267b8c909ce7598a,ridge_corrected_41f184a29ff8_6ed147cd_f83baf57
Ridge,3,3,2023-05-18,2023-05-21,12.85,11.905482271989076,-0.9445177280109238,0.9445177280109238,0.8921137385269174,100.0,submitted_main_linear_features_H3_18col,6ed147cd585e5e8083292683f9be3cf585e97e4d46fa0e3224d24a4e2b42cbbb,f83baf5732ffbf88b9a448a3d9ab9fa270f7495fe44d1559c1ac49795a30881a,41f184a29ff88aaf275f3365267b8c909ce7598a,ridge_corrected_41f184a29ff8_6ed147cd_f83baf57
Ridge,3,3,2023-05-19,2023-05-22,14.51,11.903414486373753,-2.6065855136262464,2.6065855136262464,6.794288039846203,100.0,submitted_main_linear_features_H3_18col,6ed147cd585e5e8083292683f9be3cf585e97e4d46fa0e3224d24a4e2b42cbbb,f83baf5732ffbf88b9a448a3d9ab9fa270f7495fe44d1559c1ac49795a30881a,41f184a29ff88aaf275f3365267b8c909ce7598a,ridge_corrected_41f184a29ff8_6ed147cd_f83baf57
Ridge,3,3,2023-05-20,2023-05-23,10.07,12.146871858342697,2.076871858342697,2.076871858342697,4.3133967159758475,100.0,submitted_main_linear_features_H3_18col,6ed147cd585e5e8083292683f9be3cf585e97e4d46fa0e3224d24a4e2b42cbbb,f83baf5732ffbf88b9a448a3d9ab9fa270f7495fe44d1559c1ac49795a30881a,41f184a29ff88aaf275f3365267b8c909ce7598a,ridge_corrected_41f184a29ff8_6ed147cd_f83baf57
Ridge,3,3,2023-05-21,2023-05-24,12.91,12.177930161192997,-0.7320698388070035,0.7320698388070035,0.5359262488909121,100.0,submitted_main_linear_features_H3_18col,6ed147cd585e5e8083292683f9be3cf585e97e4d46fa0e3224d24a4e2b42cbbb,f83baf5732ffbf88b9a448a3d9ab9fa270f7495fe44d1559c1ac49795a30881a,41f184a29ff88aaf275f3365267b8c909ce7598a,ridge_corrected_41f184a29ff8_6ed147cd_f83baf57
Ridge,3,3,2023-05-22,2023-05-25,13.15,12.037734213748923,-1.1122657862510774,1.1122657862510774,1.2371351792647274,100.0,submitted_main_linear_features_H3_18col,6ed147cd585e5e8083292683f9be3cf585e97e4d46fa0e3224d24a4e2b42cbbb,f83baf5732ffbf88b9a448a3d9ab9fa270f7495fe44d1559c1ac49795a30881a,41f184a29ff88aaf275f3365267b8c909ce7598a,ridge_corrected_41f184a29ff8_6ed147cd_f83baf57
Ridge,3,3,2023-05-23,2023-05-26,14.4,12.588362725749452,-1.8116372742505487,1.8116372742505487,3.2820296134539575,100.0,submitted_main_linear_features_H3_18col,6ed147cd585e5e8083292683f9be3cf585e97e4d46fa0e3224d24a4e2b42cbbb,f83baf5732ffbf88b9a448a3d9ab9fa270f7495fe44d1559c1ac49795a30881a,41f184a29ff88aaf275f3365267b8c909ce7598a,ridge_corrected_41f184a29ff8_6ed147cd_f83baf57
Ridge,3,3,2023-05-24,2023-05-27,13.75,11.505554409404738,-2.2444455905952623,2.2444455905952623,5.037536009142515,100.0,submitted_main_linear_features_H3_18col,6ed147cd585e5e8083292683f9be3cf585e97e4d46fa0e3224d24a4e2b42cbbb,f83baf5732ffbf88b9a448a3d9ab9fa270f7495fe44d1559c1ac49795a30881a,41f184a29ff88aaf275f3365267b8c909ce7598a,ridge_corrected_41f184a29ff8_6ed147cd_f83baf57
Ridge,3,3,2023-05-25,2023-05-28,12.88,12.179974983347837,-0.7000250166521642,0.7000250166521642,0.4900350239388628,100.0,submitted_main_linear_features_H3_18col,6ed147cd585e5e8083292683f9be3cf585e97e4d46fa0e3224d24a4e2b42cbbb,f83baf5732ffbf88b9a448a3d9ab9fa270f7495fe44d1559c1ac49795a30881a,41f184a29ff88aaf275f3365267b8c909ce7598a,ridge_corrected_41f184a29ff8_6ed147cd_f83baf57
Ridge,3,3,2023-05-26,2023-05-29,12.2,12.238190252418443,0.03819025241844365,0.03819025241844365,0.001458495379784441,100.0,submitted_main_linear_features_H3_18col,6ed147cd585e5e8083292683f9be3cf585e97e4d46fa0e3224d24a4e2b42cbbb,f83baf5732ffbf88b9a448a3d9ab9fa270f7495fe44d1559c1ac49795a30881a,41f184a29ff88aaf275f3365267b8c909ce7598a,ridge_corrected_41f184a29ff8_6ed147cd_f83baf57
Ridge,3,3,2023-05-27,2023-05-30,12.42,12.561862797295925,0.141862797295925,0.141862797295925,0.020125053256624705,100.0,submitted_main_linear_features_H3_18col,6ed147cd585e5e8083292683f9be3cf585e97e4d46fa0e3224d24a4e2b42cbbb,f83baf5732ffbf88b9a448a3d9ab9fa270f7495fe44d1559c1ac49795a30881a,41f184a29ff88aaf275f3365267b8c909ce7598a,ridge_corrected_41f184a29ff8_6ed147cd_f83baf57
Ridge,3,3,2023-05-28,2023-05-31,7.99,12.498177213571877,4.5081772135718765,4.5081772135718765,20.32366178896869,100.0,submitted_main_linear_features_H3_18col,6ed147cd585e5e8083292683f9be3cf585e97e4d46fa0e3224d24a4e2b42cbbb,f83baf5732ffbf88b9a448a3d9ab9fa270f7495fe44d1559c1ac49795a30881a,41f184a29ff88aaf275f3365267b8c909ce7598a,ridge_corrected_41f184a29ff8_6ed147cd_f83baf57
Ridge,3,3,2023-05-29,2023-06-01,10.55,11.633901047121235,1.083901047121234,1.083901047121234,1.1748414799505076,100.0,submitted_main_linear_features_H3_18col,6ed147cd585e5e8083292683f9be3cf585e97e4d46fa0e3224d24a4e2b42cbbb,f83baf5732ffbf88b9a448a3d9ab9fa270f7495fe44d1559c1ac49795a30881a,41f184a29ff88aaf275f3365267b8c909ce7598a,ridge_corrected_41f184a29ff8_6ed147cd_f83baf57
Ridge,3,3,2023-05-30,2023-06-02,9.12,11.594889075233914,2.4748890752339143,2.4748890752339143,6.1250759347121795,100.0,submitted_main_linear_features_H3_18col,6ed147cd585e5e8083292683f9be3cf585e97e4d46fa0e3224d24a4e2b42cbbb,f83baf5732ffbf88b9a448a3d9ab9fa270f7495fe44d1559c1ac49795a30881a,41f184a29ff88aaf275f3365267b8c909ce7598a,ridge_corrected_41f184a29ff8_6ed147cd_f83baf57
Ridge,3,3,2023-05-31,2023-06-03,9.19,11.872128597947384,2.6821285979473846,2.6821285979473846,7.193813815927203,100.0,submitted_main_linear_features_H3_18col,6ed147cd585e5e8083292683f9be3cf585e97e4d46fa0e3224d24a4e2b42cbbb,f83baf5732ffbf88b9a448a3d9ab9fa270f7495fe44d1559c1ac49795a30881a,41f184a29ff88aaf275f3365267b8c909ce7598a,ridge_corrected_41f184a29ff8_6ed147cd_f83baf57
Ridge,3,3,2023-06-01,2023-06-04,9.29,10.872201535985994,1.5822015359859947,1.5822015359859947,2.503361700476441,100.0,submitted_main_linear_features_H3_18col,6ed147cd585e5e8083292683f9be3cf585e97e4d46fa0e3224d24a4e2b42cbbb,f83baf5732ffbf88b9a448a3d9ab9fa270f7495fe44d1559c1ac49795a30881a,41f184a29ff88aaf275f3365267b8c909ce7598a,ridge_corrected_41f184a29ff8_6ed147cd_f83baf57
Ridge,3,3,2023-06-02,2023-06-05,10.0,11.040477505135577,1.040477505135577,1.040477505135577,1.0825934386931546,100.0,submitted_main_linear_features_H3_18col,6ed147cd585e5e8083292683f9be3cf585e97e4d46fa0e3224d24a4e2b42cbbb,f83baf5732ffbf88b9a448a3d9ab9fa270f7495fe44d1559c1ac49795a30881a,41f184a29ff88aaf275f3365267b8c909ce7598a,ridge_corrected_41f184a29ff8_6ed147cd_f83baf57
Ridge,3,3,2023-06-03,2023-06-06,13.26,10.782178646417965,-2.4778213535820353,2.4778213535820353,6.13959866026711,100.0,submitted_main_linear_features_H3_18col,6ed147cd585e5e8083292683f9be3cf585e97e4d46fa0e3224d24a4e2b42cbbb,f83baf5732ffbf88b9a448a3d9ab9fa270f7495fe44d1559c1ac49795a30881a,41f184a29ff88aaf275f3365267b8c909ce7598a,ridge_corrected_41f184a29ff8_6ed147cd_f83baf57
Ridge,3,3,2023-06-04,2023-06-07,12.56,10.724930474370762,-1.8350695256292386,1.8350695256292386,3.367480163893119,100.0,submitted_main_linear_features_H3_18col,6ed147cd585e5e8083292683f9be3cf585e97e4d46fa0e3224d24a4e2b42cbbb,f83baf5732ffbf88b9a448a3d9ab9fa270f7495fe44d1559c1ac49795a30881a,41f184a29ff88aaf275f3365267b8c909ce7598a,ridge_corrected_41f184a29ff8_6ed147cd_f83baf57
Ridge,3,3,2023-06-05,2023-06-08,13.64,10.866188200130575,-2.773811799869426,2.773811799869426,7.694031901094865,100.0,submitted_main_linear_features_H3_18col,6ed147cd585e5e8083292683f9be3cf585e97e4d46fa0e3224d24a4e2b42cbbb,f83baf5732ffbf88b9a448a3d9ab9fa270f7495fe44d1559c1ac49795a30881a,41f184a29ff88aaf275f3365267b8c909ce7598a,ridge_corrected_41f184a29ff8_6ed147cd_f83baf57
Ridge,3,3,2023-06-06,2023-06-09,15.85,10.692122379047586,-5.157877620952414,5.157877620952414,26.603701552721734,100.0,submitted_main_linear_features_H3_18col,6ed147cd585e5e8083292683f9be3cf585e97e4d46fa0e3224d24a4e2b42cbbb,f83baf5732ffbf88b9a448a3d9ab9fa270f7495fe44d1559c1ac49795a30881a,41f184a29ff88aaf275f3365267b8c909ce7598a,ridge_corrected_41f184a29ff8_6ed147cd_f83baf57
Ridge,3,3,2023-06-07,2023-06-10,11.12,11.26370715044452,0.14370715044451998,0.14370715044451998,0.0206517450888839,100.0,submitted_main_linear_features_H3_18col,6ed147cd585e5e8083292683f9be3cf585e97e4d46fa0e3224d24a4e2b42cbbb,f83baf5732ffbf88b9a448a3d9ab9fa270f7495fe44d1559c1ac49795a30881a,41f184a29ff88aaf275f3365267b8c909ce7598a,ridge_corrected_41f184a29ff8_6ed147cd_f83baf57
Ridge,3,3,2023-06-08,2023-06-11,10.4,11.31343164824491,0.9134316482449094,0.9134316482449094,0.8343573760154119,100.0,submitted_main_linear_features_H3_18col,6ed147cd585e5e8083292683f9be3cf585e97e4d46fa0e3224d24a4e2b42cbbb,f83baf5732ffbf88b9a448a3d9ab9fa270f7495fe44d1559c1ac49795a30881a,41f184a29ff88aaf275f3365267b8c909ce7598a,ridge_corrected_41f184a29ff8_6ed147cd_f83baf57
Ridge,3,3,2023-06-09,2023-06-12,11.4,11.72135813554241,0.32135813554240933,0.32135813554240933,0.10327105127929352,100.0,submitted_main_linear_features_H3_18col,6ed147cd585e5e8083292683f9be3cf585e97e4d46fa0e3224d24a4e2b42cbbb,f83baf5732ffbf88b9a448a3d9ab9fa270f7495fe44d1559c1ac49795a30881a,41f184a29ff88aaf275f3365267b8c909ce7598a,ridge_corrected_41f184a29ff8_6ed147cd_f83baf57
Ridge,3,3,2023-06-10,2023-06-13,13.16,11.966042140928442,-1.193957859071558,1.193957859071558,1.4255353692387385,100.0,submitted_main_linear_features_H3_18col,6ed147cd585e5e8083292683f9be3cf585e97e4d46fa0e3224d24a4e2b42cbbb,f83baf5732ffbf88b9a448a3d9ab9fa270f7495fe44d1559c1ac49795a30881a,41f184a29ff88aaf275f3365267b8c909ce7598a,ridge_corrected_41f184a29ff8_6ed147cd_f83baf57
Ridge,3,3,2023-06-11,2023-06-14,16.86,11.237799802157724,-5.622200197842275,5.622200197842275,31.60913506461772,100.0,submitted_main_linear_features_H3_18col,6ed147cd585e5e8083292683f9be3cf585e97e4d46fa0e3224d24a4e2b42cbbb,f83baf5732ffbf88b9a448a3d9ab9fa270f7495fe44d1559c1ac49795a30881a,41f184a29ff88aaf275f3365267b8c909ce7598a,ridge_corrected_41f184a29ff8_6ed147cd_f83baf57
Ridge,3,3,2023-06-12,2023-06-15,10.78,11.115967214085527,0.3359672140855281,0.3359672140855281,0.11287396894039108,100.0,submitted_main_linear_features_H3_18col,6ed147cd585e5e8083292683f9be3cf585e97e4d46fa0e3224d24a4e2b42cbbb,f83baf5732ffbf88b9a448a3d9ab9fa270f7495fe44d1559c1ac49795a30881a,41f184a29ff88aaf275f3365267b8c909ce7598a,ridge_corrected_41f184a29ff8_6ed147cd_f83baf57
Ridge,3,3,2023-06-13,2023-06-16,14.09,11.361577270014026,-2.728422729985974,2.728422729985974,7.444290593504116,100.0,submitted_main_linear_features_H3_18col,6ed147cd585e5e8083292683f9be3cf585e97e4d46fa0e3224d24a4e2b42cbbb,f83baf5732ffbf88b9a448a3d9ab9fa270f7495fe44d1559c1ac49795a30881a,41f184a29ff88aaf275f3365267b8c909ce7598a,ridge_corrected_41f184a29ff8_6ed147cd_f83baf57
Ridge,3,3,2023-06-14,2023-06-17,11.4,11.906299156577,0.5062991565770005,0.5062991565770005,0.2563388359505821,100.0,submitted_main_linear_features_H3_18col,6ed147cd585e5e8083292683f9be3cf585e97e4d46fa0e3224d24a4e2b42cbbb,f83baf5732ffbf88b9a448a3d9ab9fa270f7495fe44d1559c1ac49795a30881a,41f184a29ff88aaf275f3365267b8c909ce7598a,ridge_corrected_41f184a29ff8_6ed147cd_f83baf57
Ridge,3,3,2023-06-15,2023-06-18,10.92,12.752412566070504,1.832412566070504,1.832412566070504,3.357735812293089,100.0,submitted_main_linear_features_H3_18col,6ed147cd585e5e8083292683f9be3cf585e97e4d46fa0e3224d24a4e2b42cbbb,f83baf5732ffbf88b9a448a3d9ab9fa270f7495fe44d1559c1ac49795a30881a,41f184a29ff88aaf275f3365267b8c909ce7598a,ridge_corrected_41f184a29ff8_6ed147cd_f83baf57
Ridge,3,3,2023-06-16,2023-06-19,14.32,11.5423091464152,-2.777690853584801,2.777690853584801,7.715566478088659,100.0,submitted_main_linear_features_H3_18col,6ed147cd585e5e8083292683f9be3cf585e97e4d46fa0e3224d24a4e2b42cbbb,f83baf5732ffbf88b9a448a3d9ab9fa270f7495fe44d1559c1ac49795a30881a,41f184a29ff88aaf275f3365267b8c909ce7598a,ridge_corrected_41f184a29ff8_6ed147cd_f83baf57
Ridge,3,3,2023-06-17,2023-06-20,13.18,12.17768416609531,-1.0023158339046905,1.0023158339046905,1.004637030896055,100.0,submitted_main_linear_features_H3_18col,6ed147cd585e5e8083292683f9be3cf585e97e4d46fa0e3224d24a4e2b42cbbb,f83baf5732ffbf88b9a448a3d9ab9fa270f7495fe44d1559c1ac49795a30881a,41f184a29ff88aaf275f3365267b8c909ce7598a,ridge_corrected_41f184a29ff8_6ed147cd_f83baf57
Ridge,3,3,2023-06-18,2023-06-21,17.48,11.68237681668426,-5.797623183315741,5.797623183315741,33.612434575720144,100.0,submitted_main_linear_features_H3_18col,6ed147cd585e5e8083292683f9be3cf585e97e4d46fa0e3224d24a4e2b42cbbb,f83baf5732ffbf88b9a448a3d9ab9fa270f7495fe44d1559c1ac49795a30881a,41f184a29ff88aaf275f3365267b8c909ce7598a,ridge_corrected_41f184a29ff8_6ed147cd_f83baf57
Ridge,3,3,2023-06-19,2023-06-22,11.56,11.856238172218058,0.29623817221805737,0.29623817221805737,0.08775705467909542,100.0,submitted_main_linear_features_H3_18col,6ed147cd585e5e8083292683f9be3cf585e97e4d46fa0e3224d24a4e2b42cbbb,f83baf5732ffbf88b9a448a3d9ab9fa270f7495fe44d1559c1ac49795a30881a,41f184a29ff88aaf275f3365267b8c909ce7598a,ridge_corrected_41f184a29ff8_6ed147cd_f83baf57
Ridge,3,3,2023-06-20,2023-06-23,16.33,12.351926827972312,-3.9780731720276865,3.9780731720276865,15.82506616200642,100.0,submitted_main_linear_features_H3_18col,6ed147cd585e5e8083292683f9be3cf585e97e4d46fa0e3224d24a4e2b42cbbb,f83baf5732ffbf88b9a448a3d9ab9fa270f7495fe44d1559c1ac49795a30881a,41f184a29ff88aaf275f3365267b8c909ce7598a,ridge_corrected_41f184a29ff8_6ed147cd_f83baf57
Ridge,3,3,2023-06-21,2023-06-24,11.51,12.137774280328541,0.6277742803285413,0.6277742803285413,0.39410054704201797,100.0,submitted_main_linear_features_H3_18col,6ed147cd585e5e8083292683f9be3cf585e97e4d46fa0e3224d24a4e2b42cbbb,f83baf5732ffbf88b9a448a3d9ab9fa270f7495fe44d1559c1ac49795a30881a,41f184a29ff88aaf275f3365267b8c909ce7598a,ridge_corrected_41f184a29ff8_6ed147cd_f83baf57
Ridge,3,3,2023-06-22,2023-06-25,12.68,12.974419381610083,0.2944193816100835,0.2944193816100835,0.08668277226766398,100.0,submitted_main_linear_features_H3_18col,6ed147cd585e5e8083292683f9be3cf585e97e4d46fa0e3224d24a4e2b42cbbb,f83baf5732ffbf88b9a448a3d9ab9fa270f7495fe44d1559c1ac49795a30881a,41f184a29ff88aaf275f3365267b8c909ce7598a,ridge_corrected_41f184a29ff8_6ed147cd_f83baf57
Ridge,3,3,2023-06-23,2023-06-26,12.26,12.037696878756227,-0.2223031212437725,0.2223031212437725,0.049418677714723414,100.0,submitted_main_linear_features_H3_18col,6ed147cd585e5e8083292683f9be3cf585e97e4d46fa0e3224d24a4e2b42cbbb,f83baf5732ffbf88b9a448a3d9ab9fa270f7495fe44d1559c1ac49795a30881a,41f184a29ff88aaf275f3365267b8c909ce7598a,ridge_corrected_41f184a29ff8_6ed147cd_f83baf57
Ridge,3,3,2023-06-24,2023-06-27,11.74,12.893942869767633,1.1539428697676328,1.1539428697676328,1.33158414668756,100.0,submitted_main_linear_features_H3_18col,6ed147cd585e5e8083292683f9be3cf585e97e4d46fa0e3224d24a4e2b42cbbb,f83baf5732ffbf88b9a448a3d9ab9fa270f7495fe44d1559c1ac49795a30881a,41f184a29ff88aaf275f3365267b8c909ce7598a,ridge_corrected_41f184a29ff8_6ed147cd_f83baf57
Ridge,3,3,2023-06-25,2023-06-28,8.82,11.89595152165184,3.07595152165184,3.07595152165184,9.461477763552269,100.0,submitted_main_linear_features_H3_18col,6ed147cd585e5e8083292683f9be3cf585e97e4d46fa0e3224d24a4e2b42cbbb,f83baf5732ffbf88b9a448a3d9ab9fa270f7495fe44d1559c1ac49795a30881a,41f184a29ff88aaf275f3365267b8c909ce7598a,ridge_corrected_41f184a29ff8_6ed147cd_f83baf57
Ridge,3,3,2023-06-26,2023-06-29,10.62,11.985468185650054,1.3654681856500552,1.3654681856500552,1.8645033660224537,100.0,submitted_main_linear_features_H3_18col,6ed147cd585e5e8083292683f9be3cf585e97e4d46fa0e3224d24a4e2b42cbbb,f83baf5732ffbf88b9a448a3d9ab9fa270f7495fe44d1559c1ac49795a30881a,41f184a29ff88aaf275f3365267b8c909ce7598a,ridge_corrected_41f184a29ff8_6ed147cd_f83baf57
Ridge,3,3,2023-06-27,2023-06-30,9.68,11.623827553004464,1.9438275530044642,1.9438275530044642,3.778465555819323,100.0,submitted_main_linear_features_H3_18col,6ed147cd585e5e8083292683f9be3cf585e97e4d46fa0e3224d24a4e2b42cbbb,f83baf5732ffbf88b9a448a3d9ab9fa270f7495fe44d1559c1ac49795a30881a,41f184a29ff88aaf275f3365267b8c909ce7598a,ridge_corrected_41f184a29ff8_6ed147cd_f83baf57
Ridge,3,3,2023-06-28,2023-07-01,10.07,11.83288734542732,1.7628873454273197,1.7628873454273197,3.107771792667782,100.0,submitted_main_linear_features_H3_18col,6ed147cd585e5e8083292683f9be3cf585e97e4d46fa0e3224d24a4e2b42cbbb,f83baf5732ffbf88b9a448a3d9ab9fa270f7495fe44d1559c1ac49795a30881a,41f184a29ff88aaf275f3365267b8c909ce7598a,ridge_corrected_41f184a29ff8_6ed147cd_f83baf57
Ridge,3,3,2023-06-29,2023-07-02,9.04,11.00416356644677,1.9641635664467714,1.9641635664467714,3.8579385157569006,100.0,submitted_main_linear_features_H3_18col,6ed147cd585e5e8083292683f9be3cf585e97e4d46fa0e3224d24a4e2b42cbbb,f83baf5732ffbf88b9a448a3d9ab9fa270f7495fe44d1559c1ac49795a30881a,41f184a29ff88aaf275f3365267b8c909ce7598a,ridge_corrected_41f184a29ff8_6ed147cd_f83baf57
Ridge,3,3,2023-06-30,2023-07-03,11.09,11.146054912615083,0.05605491261508355,0.05605491261508355,0.0031421532282846533,100.0,submitted_main_linear_features_H3_18col,6ed147cd585e5e8083292683f9be3cf585e97e4d46fa0e3224d24a4e2b42cbbb,f83baf5732ffbf88b9a448a3d9ab9fa270f7495fe44d1559c1ac49795a30881a,41f184a29ff88aaf275f3365267b8c909ce7598a,ridge_corrected_41f184a29ff8_6ed147cd_f83baf57
Ridge,3,3,2023-07-01,2023-07-04,11.9,11.052773585254002,-0.8472264147459985,0.8472264147459985,0.7177925978433586,100.0,submitted_main_linear_features_H3_18col,6ed147cd585e5e8083292683f9be3cf585e97e4d46fa0e3224d24a4e2b42cbbb,f83baf5732ffbf88b9a448a3d9ab9fa270f7495fe44d1559c1ac49795a30881a,41f184a29ff88aaf275f3365267b8c909ce7598a,ridge_corrected_41f184a29ff8_6ed147cd_f83baf57
Ridge,3,3,2023-07-02,2023-07-05,13.57,11.25068015636101,-2.31931984363899,2.31931984363899,5.3792445370975885,100.0,submitted_main_linear_features_H3_18col,6ed147cd585e5e8083292683f9be3cf585e97e4d46fa0e3224d24a4e2b42cbbb,f83baf5732ffbf88b9a448a3d9ab9fa270f7495fe44d1559c1ac49795a30881a,41f184a29ff88aaf275f3365267b8c909ce7598a,ridge_corrected_41f184a29ff8_6ed147cd_f83baf57
Ridge,3,3,2023-07-03,2023-07-06,11.6,11.225425523554794,-0.3745744764452059,0.3745744764452059,0.1403060384042001,100.0,submitted_main_linear_features_H3_18col,6ed147cd585e5e8083292683f9be3cf585e97e4d46fa0e3224d24a4e2b42cbbb,f83baf5732ffbf88b9a448a3d9ab9fa270f7495fe44d1559c1ac49795a30881a,41f184a29ff88aaf275f3365267b8c909ce7598a,ridge_corrected_41f184a29ff8_6ed147cd_f83baf57
Ridge,3,3,2023-07-04,2023-07-07,13.75,11.319910604397208,-2.430089395602792,2.430089395602792,5.905334470621143,100.0,submitted_main_linear_features_H3_18col,6ed147cd585e5e8083292683f9be3cf585e97e4d46fa0e3224d24a4e2b42cbbb,f83baf5732ffbf88b9a448a3d9ab9fa270f7495fe44d1559c1ac49795a30881a,41f184a29ff88aaf275f3365267b8c909ce7598a,ridge_corrected_41f184a29ff8_6ed147cd_f83baf57
Ridge,3,3,2023-07-05,2023-07-08,11.11,11.239833083183134,0.1298330831831347,0.1298330831831347,0.016856629488838773,100.0,submitted_main_linear_features_H3_18col,6ed147cd585e5e8083292683f9be3cf585e97e4d46fa0e3224d24a4e2b42cbbb,f83baf5732ffbf88b9a448a3d9ab9fa270f7495fe44d1559c1ac49795a30881a,41f184a29ff88aaf275f3365267b8c909ce7598a,ridge_corrected_41f184a29ff8_6ed147cd_f83baf57
Ridge,3,3,2023-07-06,2023-07-09,10.33,12.046837386635971,1.7168373866359712,1.7168373866359712,2.947530612151031,100.0,submitted_main_linear_features_H3_18col,6ed147cd585e5e8083292683f9be3cf585e97e4d46fa0e3224d24a4e2b42cbbb,f83baf5732ffbf88b9a448a3d9ab9fa270f7495fe44d1559c1ac49795a30881a,41f184a29ff88aaf275f3365267b8c909ce7598a,ridge_corrected_41f184a29ff8_6ed147cd_f83baf57
Ridge,3,3,2023-07-07,2023-07-10,11.28,11.327486251178296,0.04748625117829697,0.04748625117829697,0.0022549440509683103,100.0,submitted_main_linear_features_H3_18col,6ed147cd585e5e8083292683f9be3cf585e97e4d46fa0e3224d24a4e2b42cbbb,f83baf5732ffbf88b9a448a3d9ab9fa270f7495fe44d1559c1ac49795a30881a,41f184a29ff88aaf275f3365267b8c909ce7598a,ridge_corrected_41f184a29ff8_6ed147cd_f83baf57
Ridge,3,3,2023-07-08,2023-07-11,11.04,11.797092513091952,0.757092513091953,0.757092513091953,0.5731890733798891,100.0,submitted_main_linear_features_H3_18col,6ed147cd585e5e8083292683f9be3cf585e97e4d46fa0e3224d24a4e2b42cbbb,f83baf5732ffbf88b9a448a3d9ab9fa270f7495fe44d1559c1ac49795a30881a,41f184a29ff88aaf275f3365267b8c909ce7598a,ridge_corrected_41f184a29ff8_6ed147cd_f83baf57
Ridge,3,3,2023-07-09,2023-07-12,13.0,11.377439855487637,-1.622560144512363,1.622560144512363,2.6327014225599803,100.0,submitted_main_linear_features_H3_18col,6ed147cd585e5e8083292683f9be3cf585e97e4d46fa0e3224d24a4e2b42cbbb,f83baf5732ffbf88b9a448a3d9ab9fa270f7495fe44d1559c1ac49795a30881a,41f184a29ff88aaf275f3365267b8c909ce7598a,ridge_corrected_41f184a29ff8_6ed147cd_f83baf57
Ridge,3,3,2023-07-10,2023-07-13,12.89,11.484034776989603,-1.4059652230103978,1.4059652230103978,1.9767382083146776,100.0,submitted_main_linear_features_H3_18col,6ed147cd585e5e8083292683f9be3cf585e97e4d46fa0e3224d24a4e2b42cbbb,f83baf5732ffbf88b9a448a3d9ab9fa270f7495fe44d1559c1ac49795a30881a,41f184a29ff88aaf275f3365267b8c909ce7598a,ridge_corrected_41f184a29ff8_6ed147cd_f83baf57
Ridge,3,3,2023-07-11,2023-07-14,14.05,11.428080245209015,-2.6219197547909854,2.6219197547909854,6.874463200563221,100.0,submitted_main_linear_features_H3_18col,6ed147cd585e5e8083292683f9be3cf585e97e4d46fa0e3224d24a4e2b42cbbb,f83baf5732ffbf88b9a448a3d9ab9fa270f7495fe44d1559c1ac49795a30881a,41f184a29ff88aaf275f3365267b8c909ce7598a,ridge_corrected_41f184a29ff8_6ed147cd_f83baf57
Ridge,3,3,2023-07-12,2023-07-15,11.64,11.409251607027805,-0.2307483929721954,0.2307483929721954,0.05324482085925072,100.0,submitted_main_linear_features_H3_18col,6ed147cd585e5e8083292683f9be3cf585e97e4d46fa0e3224d24a4e2b42cbbb,f83baf5732ffbf88b9a448a3d9ab9fa270f7495fe44d1559c1ac49795a30881a,41f184a29ff88aaf275f3365267b8c909ce7598a,ridge_corrected_41f184a29ff8_6ed147cd_f83baf57
Ridge,3,3,2023-07-13,2023-07-16,14.52,11.75001644079918,-2.769983559200819,2.769983559200819,7.672808918242836,100.0,submitted_main_linear_features_H3_18col,6ed147cd585e5e8083292683f9be3cf585e97e4d46fa0e3224d24a4e2b42cbbb,f83baf5732ffbf88b9a448a3d9ab9fa270f7495fe44d1559c1ac49795a30881a,41f184a29ff88aaf275f3365267b8c909ce7598a,ridge_corrected_41f184a29ff8_6ed147cd_f83baf57
Ridge,3,3,2023-07-14,2023-07-17,12.22,11.56813874213745,-0.6518612578625511,0.6518612578625511,0.42492309950214735,100.0,submitted_main_linear_features_H3_18col,6ed147cd585e5e8083292683f9be3cf585e97e4d46fa0e3224d24a4e2b42cbbb,f83baf5732ffbf88b9a448a3d9ab9fa270f7495fe44d1559c1ac49795a30881a,41f184a29ff88aaf275f3365267b8c909ce7598a,ridge_corrected_41f184a29ff8_6ed147cd_f83baf57
Ridge,3,3,2023-07-15,2023-07-18,11.69,11.874070811100143,0.18407081110014367,0.18407081110014367,0.03388206349906477,100.0,submitted_main_linear_features_H3_18col,6ed147cd585e5e8083292683f9be3cf585e97e4d46fa0e3224d24a4e2b42cbbb,f83baf5732ffbf88b9a448a3d9ab9fa270f7495fe44d1559c1ac49795a30881a,41f184a29ff88aaf275f3365267b8c909ce7598a,ridge_corrected_41f184a29ff8_6ed147cd_f83baf57
Ridge,3,3,2023-07-16,2023-07-19,12.58,11.00742816916473,-1.5725718308352707,1.5725718308352707,2.4729821631365954,100.0,submitted_main_linear_features_H3_18col,6ed147cd585e5e8083292683f9be3cf585e97e4d46fa0e3224d24a4e2b42cbbb,f83baf5732ffbf88b9a448a3d9ab9fa270f7495fe44d1559c1ac49795a30881a,41f184a29ff88aaf275f3365267b8c909ce7598a,ridge_corrected_41f184a29ff8_6ed147cd_f83baf57
Ridge,3,3,2023-07-17,2023-07-20,11.8,11.935044041722081,0.13504404172208062,0.13504404172208062,0.018236893204635053,100.0,submitted_main_linear_features_H3_18col,6ed147cd585e5e8083292683f9be3cf585e97e4d46fa0e3224d24a4e2b42cbbb,f83baf5732ffbf88b9a448a3d9ab9fa270f7495fe44d1559c1ac49795a30881a,41f184a29ff88aaf275f3365267b8c909ce7598a,ridge_corrected_41f184a29ff8_6ed147cd_f83baf57
Ridge,3,3,2023-07-18,2023-07-21,13.08,10.642910948555215,-2.4370890514447847,2.4370890514447847,5.939403044672041,100.0,submitted_main_linear_features_H3_18col,6ed147cd585e5e8083292683f9be3cf585e97e4d46fa0e3224d24a4e2b42cbbb,f83baf5732ffbf88b9a448a3d9ab9fa270f7495fe44d1559c1ac49795a30881a,41f184a29ff88aaf275f3365267b8c909ce7598a,ridge_corrected_41f184a29ff8_6ed147cd_f83baf57
Ridge,3,3,2023-07-19,2023-07-22,11.95,11.308776291330458,-0.6412237086695409,0.6412237086695409,0.4111678445599203,100.0,submitted_main_linear_features_H3_18col,6ed147cd585e5e8083292683f9be3cf585e97e4d46fa0e3224d24a4e2b42cbbb,f83baf5732ffbf88b9a448a3d9ab9fa270f7495fe44d1559c1ac49795a30881a,41f184a29ff88aaf275f3365267b8c909ce7598a,ridge_corrected_41f184a29ff8_6ed147cd_f83baf57
Ridge,3,3,2023-07-20,2023-07-23,12.14,11.514587523207524,-0.6254124767924765,0.6254124767924765,0.39114076612769993,100.0,submitted_main_linear_features_H3_18col,6ed147cd585e5e8083292683f9be3cf585e97e4d46fa0e3224d24a4e2b42cbbb,f83baf5732ffbf88b9a448a3d9ab9fa270f7495fe44d1559c1ac49795a30881a,41f184a29ff88aaf275f3365267b8c909ce7598a,ridge_corrected_41f184a29ff8_6ed147cd_f83baf57
Ridge,3,3,2023-07-21,2023-07-24,12.48,11.753915831000588,-0.726084168999412,0.726084168999412,0.5271982204715666,100.0,submitted_main_linear_features_H3_18col,6ed147cd585e5e8083292683f9be3cf585e97e4d46fa0e3224d24a4e2b42cbbb,f83baf5732ffbf88b9a448a3d9ab9fa270f7495fe44d1559c1ac49795a30881a,41f184a29ff88aaf275f3365267b8c909ce7598a,ridge_corrected_41f184a29ff8_6ed147cd_f83baf57
Ridge,3,3,2023-07-22,2023-07-25,12.38444827,11.95360474245365,-0.4308435275463509,0.4308435275463509,0.18562614522858323,100.0,submitted_main_linear_features_H3_18col,6ed147cd585e5e8083292683f9be3cf585e97e4d46fa0e3224d24a4e2b42cbbb,f83baf5732ffbf88b9a448a3d9ab9fa270f7495fe44d1559c1ac49795a30881a,41f184a29ff88aaf275f3365267b8c909ce7598a,ridge_corrected_41f184a29ff8_6ed147cd_f83baf57
Ridge,3,3,2023-07-23,2023-07-26,12.41967703,11.6703471632108,-0.7493298667892017,0.7493298667892017,0.5614952492623227,100.0,submitted_main_linear_features_H3_18col,6ed147cd585e5e8083292683f9be3cf585e97e4d46fa0e3224d24a4e2b42cbbb,f83baf5732ffbf88b9a448a3d9ab9fa270f7495fe44d1559c1ac49795a30881a,41f184a29ff88aaf275f3365267b8c909ce7598a,ridge_corrected_41f184a29ff8_6ed147cd_f83baf57
Ridge,3,3,2023-07-24,2023-07-27,12.43934362,11.589062821678262,-0.8502807983217391,0.8502807983217391,0.7229774359946539,100.0,submitted_main_linear_features_H3_18col,6ed147cd585e5e8083292683f9be3cf585e97e4d46fa0e3224d24a4e2b42cbbb,f83baf5732ffbf88b9a448a3d9ab9fa270f7495fe44d1559c1ac49795a30881a,41f184a29ff88aaf275f3365267b8c909ce7598a,ridge_corrected_41f184a29ff8_6ed147cd_f83baf57
Ridge,3,3,2023-07-25,2023-07-28,12.31367128,11.608543520078383,-0.7051277599216164,0.7051277599216164,0.49720515781207664,100.0,submitted_main_linear_features_H3_18col,6ed147cd585e5e8083292683f9be3cf585e97e4d46fa0e3224d24a4e2b42cbbb,f83baf5732ffbf88b9a448a3d9ab9fa270f7495fe44d1559c1ac49795a30881a,41f184a29ff88aaf275f3365267b8c909ce7598a,ridge_corrected_41f184a29ff8_6ed147cd_f83baf57
Ridge,3,3,2023-07-26,2023-07-29,12.47,11.576501244172093,-0.8934987558279079,0.8934987558279079,0.7983400266660194,100.0,submitted_main_linear_features_H3_18col,6ed147cd585e5e8083292683f9be3cf585e97e4d46fa0e3224d24a4e2b42cbbb,f83baf5732ffbf88b9a448a3d9ab9fa270f7495fe44d1559c1ac49795a30881a,41f184a29ff88aaf275f3365267b8c909ce7598a,ridge_corrected_41f184a29ff8_6ed147cd_f83baf57
Ridge,3,3,2023-07-27,2023-07-30,12.85,11.57619817877416,-1.27380182122584,1.27380182122584,1.6225710797582666,100.0,submitted_main_linear_features_H3_18col,6ed147cd585e5e8083292683f9be3cf585e97e4d46fa0e3224d24a4e2b42cbbb,f83baf5732ffbf88b9a448a3d9ab9fa270f7495fe44d1559c1ac49795a30881a,41f184a29ff88aaf275f3365267b8c909ce7598a,ridge_corrected_41f184a29ff8_6ed147cd_f83baf57
Ridge,3,3,2023-07-28,2023-07-31,12.04,11.587036643955127,-0.45296335604487226,0.45296335604487226,0.20517580191943371,100.0,submitted_main_linear_features_H3_18col,6ed147cd585e5e8083292683f9be3cf585e97e4d46fa0e3224d24a4e2b42cbbb,f83baf5732ffbf88b9a448a3d9ab9fa270f7495fe44d1559c1ac49795a30881a,41f184a29ff88aaf275f3365267b8c909ce7598a,ridge_corrected_41f184a29ff8_6ed147cd_f83baf57
Ridge,3,3,2023-07-29,2023-08-01,12.85,11.506430056208933,-1.343569943791067,1.343569943791067,1.805180193858731,100.0,submitted_main_linear_features_H3_18col,6ed147cd585e5e8083292683f9be3cf585e97e4d46fa0e3224d24a4e2b42cbbb,f83baf5732ffbf88b9a448a3d9ab9fa270f7495fe44d1559c1ac49795a30881a,41f184a29ff88aaf275f3365267b8c909ce7598a,ridge_corrected_41f184a29ff8_6ed147cd_f83baf57
Ridge,3,3,2023-07-30,2023-08-02,16.85,11.723141480853855,-5.126858519146147,5.126858519146147,26.28467827534142,100.0,submitted_main_linear_features_H3_18col,6ed147cd585e5e8083292683f9be3cf585e97e4d46fa0e3224d24a4e2b42cbbb,f83baf5732ffbf88b9a448a3d9ab9fa270f7495fe44d1559c1ac49795a30881a,41f184a29ff88aaf275f3365267b8c909ce7598a,ridge_corrected_41f184a29ff8_6ed147cd_f83baf57
Ridge,3,3,2023-07-31,2023-08-03,16.13,11.967017320941345,-4.162982679058654,4.162982679058654,17.33042478614237,100.0,submitted_main_linear_features_H3_18col,6ed147cd585e5e8083292683f9be3cf585e97e4d46fa0e3224d24a4e2b42cbbb,f83baf5732ffbf88b9a448a3d9ab9fa270f7495fe44d1559c1ac49795a30881a,41f184a29ff88aaf275f3365267b8c909ce7598a,ridge_corrected_41f184a29ff8_6ed147cd_f83baf57
Ridge,3,3,2023-08-01,2023-08-04,14.14,12.070981065964205,-2.069018934035796,2.069018934035796,4.280839349398621,100.0,submitted_main_linear_features_H3_18col,6ed147cd585e5e8083292683f9be3cf585e97e4d46fa0e3224d24a4e2b42cbbb,f83baf5732ffbf88b9a448a3d9ab9fa270f7495fe44d1559c1ac49795a30881a,41f184a29ff88aaf275f3365267b8c909ce7598a,ridge_corrected_41f184a29ff8_6ed147cd_f83baf57
Ridge,3,3,2023-08-02,2023-08-05,15.94,12.071245417044738,-3.868754582955262,3.868754582955262,14.967262023137343,100.0,submitted_main_linear_features_H3_18col,6ed147cd585e5e8083292683f9be3cf585e97e4d46fa0e3224d24a4e2b42cbbb,f83baf5732ffbf88b9a448a3d9ab9fa270f7495fe44d1559c1ac49795a30881a,41f184a29ff88aaf275f3365267b8c909ce7598a,ridge_corrected_41f184a29ff8_6ed147cd_f83baf57
Ridge,3,3,2023-08-03,2023-08-06,15.74,12.857728668972014,-2.8822713310279866,2.8822713310279866,8.307488025665842,100.0,submitted_main_linear_features_H3_18col,6ed147cd585e5e8083292683f9be3cf585e97e4d46fa0e3224d24a4e2b42cbbb,f83baf5732ffbf88b9a448a3d9ab9fa270f7495fe44d1559c1ac49795a30881a,41f184a29ff88aaf275f3365267b8c909ce7598a,ridge_corrected_41f184a29ff8_6ed147cd_f83baf57
Ridge,3,3,2023-08-04,2023-08-07,15.48,12.819936450346352,-2.660063549653648,2.660063549653648,7.075938088195966,100.0,submitted_main_linear_features_H3_18col,6ed147cd585e5e8083292683f9be3cf585e97e4d46fa0e3224d24a4e2b42cbbb,f83baf5732ffbf88b9a448a3d9ab9fa270f7495fe44d1559c1ac49795a30881a,41f184a29ff88aaf275f3365267b8c909ce7598a,ridge_corrected_41f184a29ff8_6ed147cd_f83baf57
Ridge,3,3,2023-08-05,2023-08-08,14.32,12.643947947971693,-1.6760520520283073,1.6760520520283073,2.8091504811082997,100.0,submitted_main_linear_features_H3_18col,6ed147cd585e5e8083292683f9be3cf585e97e4d46fa0e3224d24a4e2b42cbbb,f83baf5732ffbf88b9a448a3d9ab9fa270f7495fe44d1559c1ac49795a30881a,41f184a29ff88aaf275f3365267b8c909ce7598a,ridge_corrected_41f184a29ff8_6ed147cd_f83baf57
Ridge,3,3,2023-08-06,2023-08-09,15.96,12.969336298832227,-2.990663701167774,2.990663701167774,8.94406937348253,100.0,submitted_main_linear_features_H3_18col,6ed147cd585e5e8083292683f9be3cf585e97e4d46fa0e3224d24a4e2b42cbbb,f83baf5732ffbf88b9a448a3d9ab9fa270f7495fe44d1559c1ac49795a30881a,41f184a29ff88aaf275f3365267b8c909ce7598a,ridge_corrected_41f184a29ff8_6ed147cd_f83baf57
Ridge,3,3,2023-08-07,2023-08-10,10.21,13.076341846463704,2.866341846463703,2.866341846463703,8.21591558078895,100.0,submitted_main_linear_features_H3_18col,6ed147cd585e5e8083292683f9be3cf585e97e4d46fa0e3224d24a4e2b42cbbb,f83baf5732ffbf88b9a448a3d9ab9fa270f7495fe44d1559c1ac49795a30881a,41f184a29ff88aaf275f3365267b8c909ce7598a,ridge_corrected_41f184a29ff8_6ed147cd_f83baf57
Ridge,3,3,2023-08-08,2023-08-11,9.23,13.22962261982641,3.9996226198264093,3.9996226198264093,15.99698110102707,100.0,submitted_main_linear_features_H3_18col,6ed147cd585e5e8083292683f9be3cf585e97e4d46fa0e3224d24a4e2b42cbbb,f83baf5732ffbf88b9a448a3d9ab9fa270f7495fe44d1559c1ac49795a30881a,41f184a29ff88aaf275f3365267b8c909ce7598a,ridge_corrected_41f184a29ff8_6ed147cd_f83baf57
Ridge,3,3,2023-08-09,2023-08-12,13.1,12.848965167065675,-0.2510348329343248,0.2510348329343248,0.06301848734636438,100.0,submitted_main_linear_features_H3_18col,6ed147cd585e5e8083292683f9be3cf585e97e4d46fa0e3224d24a4e2b42cbbb,f83baf5732ffbf88b9a448a3d9ab9fa270f7495fe44d1559c1ac49795a30881a,41f184a29ff88aaf275f3365267b8c909ce7598a,ridge_corrected_41f184a29ff8_6ed147cd_f83baf57
Ridge,3,3,2023-08-10,2023-08-13,12.5,11.560472760669992,-0.9395272393300083,0.9395272393300083,0.8827114334430666,100.0,submitted_main_linear_features_H3_18col,6ed147cd585e5e8083292683f9be3cf585e97e4d46fa0e3224d24a4e2b42cbbb,f83baf5732ffbf88b9a448a3d9ab9fa270f7495fe44d1559c1ac49795a30881a,41f184a29ff88aaf275f3365267b8c909ce7598a,ridge_corrected_41f184a29ff8_6ed147cd_f83baf57
Ridge,3,3,2023-08-11,2023-08-14,13.28,11.09610509882059,-2.183894901179409,2.183894901179409,4.76939693939742,100.0,submitted_main_linear_features_H3_18col,6ed147cd585e5e8083292683f9be3cf585e97e4d46fa0e3224d24a4e2b42cbbb,f83baf5732ffbf88b9a448a3d9ab9fa270f7495fe44d1559c1ac49795a30881a,41f184a29ff88aaf275f3365267b8c909ce7598a,ridge_corrected_41f184a29ff8_6ed147cd_f83baf57
Ridge,3,3,2023-08-12,2023-08-15,11.7,11.271151222246917,-0.42884877775308183,0.42884877775308183,0.18391127418031217,100.0,submitted_main_linear_features_H3_18col,6ed147cd585e5e8083292683f9be3cf585e97e4d46fa0e3224d24a4e2b42cbbb,f83baf5732ffbf88b9a448a3d9ab9fa270f7495fe44d1559c1ac49795a30881a,41f184a29ff88aaf275f3365267b8c909ce7598a,ridge_corrected_41f184a29ff8_6ed147cd_f83baf57
Ridge,3,3,2023-08-13,2023-08-16,13.8,12.44968731866739,-1.3503126813326105,1.3503126813326105,1.823344337367664,100.0,submitted_main_linear_features_H3_18col,6ed147cd585e5e8083292683f9be3cf585e97e4d46fa0e3224d24a4e2b42cbbb,f83baf5732ffbf88b9a448a3d9ab9fa270f7495fe44d1559c1ac49795a30881a,41f184a29ff88aaf275f3365267b8c909ce7598a,ridge_corrected_41f184a29ff8_6ed147cd_f83baf57
Ridge,3,3,2023-08-14,2023-08-17,12.3,12.4463890232098,0.14638902320979952,0.14638902320979952,0.02142974611631922,100.0,submitted_main_linear_features_H3_18col,6ed147cd585e5e8083292683f9be3cf585e97e4d46fa0e3224d24a4e2b42cbbb,f83baf5732ffbf88b9a448a3d9ab9fa270f7495fe44d1559c1ac49795a30881a,41f184a29ff88aaf275f3365267b8c909ce7598a,ridge_corrected_41f184a29ff8_6ed147cd_f83baf57
Ridge,3,3,2023-08-15,2023-08-18,15.82,12.52347965014833,-3.2965203498516704,3.2965203498516704,10.86704641698618,100.0,submitted_main_linear_features_H3_18col,6ed147cd585e5e8083292683f9be3cf585e97e4d46fa0e3224d24a4e2b42cbbb,f83baf5732ffbf88b9a448a3d9ab9fa270f7495fe44d1559c1ac49795a30881a,41f184a29ff88aaf275f3365267b8c909ce7598a,ridge_corrected_41f184a29ff8_6ed147cd_f83baf57
Ridge,3,3,2023-08-16,2023-08-19,11.88,12.103791756664691,0.2237917566646903,0.2237917566646903,0.05008275035106796,100.0,submitted_main_linear_features_H3_18col,6ed147cd585e5e8083292683f9be3cf585e97e4d46fa0e3224d24a4e2b42cbbb,f83baf5732ffbf88b9a448a3d9ab9fa270f7495fe44d1559c1ac49795a30881a,41f184a29ff88aaf275f3365267b8c909ce7598a,ridge_corrected_41f184a29ff8_6ed147cd_f83baf57
Ridge,3,3,2023-08-17,2023-08-20,11.33,12.246394665372142,0.9163946653721418,0.9163946653721418,0.8397791827225197,100.0,submitted_main_linear_features_H3_18col,6ed147cd585e5e8083292683f9be3cf585e97e4d46fa0e3224d24a4e2b42cbbb,f83baf5732ffbf88b9a448a3d9ab9fa270f7495fe44d1559c1ac49795a30881a,41f184a29ff88aaf275f3365267b8c909ce7598a,ridge_corrected_41f184a29ff8_6ed147cd_f83baf57
Ridge,3,3,2023-08-18,2023-08-21,12.73,11.82299214823043,-0.9070078517695706,0.9070078517695706,0.8226632431716513,100.0,submitted_main_linear_features_H3_18col,6ed147cd585e5e8083292683f9be3cf585e97e4d46fa0e3224d24a4e2b42cbbb,f83baf5732ffbf88b9a448a3d9ab9fa270f7495fe44d1559c1ac49795a30881a,41f184a29ff88aaf275f3365267b8c909ce7598a,ridge_corrected_41f184a29ff8_6ed147cd_f83baf57
Ridge,3,3,2023-08-19,2023-08-22,13.76,12.389098031101202,-1.3709019688987976,1.3709019688987976,1.8793722083305997,100.0,submitted_main_linear_features_H3_18col,6ed147cd585e5e8083292683f9be3cf585e97e4d46fa0e3224d24a4e2b42cbbb,f83baf5732ffbf88b9a448a3d9ab9fa270f7495fe44d1559c1ac49795a30881a,41f184a29ff88aaf275f3365267b8c909ce7598a,ridge_corrected_41f184a29ff8_6ed147cd_f83baf57
Ridge,3,3,2023-08-20,2023-08-23,16.6,11.909241323727251,-4.6907586762727504,4.6907586762727504,22.003216959028087,100.0,submitted_main_linear_features_H3_18col,6ed147cd585e5e8083292683f9be3cf585e97e4d46fa0e3224d24a4e2b42cbbb,f83baf5732ffbf88b9a448a3d9ab9fa270f7495fe44d1559c1ac49795a30881a,41f184a29ff88aaf275f3365267b8c909ce7598a,ridge_corrected_41f184a29ff8_6ed147cd_f83baf57
Ridge,3,3,2023-08-21,2023-08-24,14.54,11.89855611250178,-2.6414438874982196,2.6414438874982196,6.9772258108017065,100.0,submitted_main_linear_features_H3_18col,6ed147cd585e5e8083292683f9be3cf585e97e4d46fa0e3224d24a4e2b42cbbb,f83baf5732ffbf88b9a448a3d9ab9fa270f7495fe44d1559c1ac49795a30881a,41f184a29ff88aaf275f3365267b8c909ce7598a,ridge_corrected_41f184a29ff8_6ed147cd_f83baf57
Ridge,3,3,2023-08-22,2023-08-25,10.69,12.462493108422041,1.7724931084220419,1.7724931084220419,3.141731819403632,100.0,submitted_main_linear_features_H3_18col,6ed147cd585e5e8083292683f9be3cf585e97e4d46fa0e3224d24a4e2b42cbbb,f83baf5732ffbf88b9a448a3d9ab9fa270f7495fe44d1559c1ac49795a30881a,41f184a29ff88aaf275f3365267b8c909ce7598a,ridge_corrected_41f184a29ff8_6ed147cd_f83baf57
Ridge,3,3,2023-08-23,2023-08-26,14.03,12.511349589923624,-1.5186504100763756,1.5186504100763756,2.306299068025144,100.0,submitted_main_linear_features_H3_18col,6ed147cd585e5e8083292683f9be3cf585e97e4d46fa0e3224d24a4e2b42cbbb,f83baf5732ffbf88b9a448a3d9ab9fa270f7495fe44d1559c1ac49795a30881a,41f184a29ff88aaf275f3365267b8c909ce7598a,ridge_corrected_41f184a29ff8_6ed147cd_f83baf57
Ridge,3,3,2023-08-24,2023-08-27,14.14,11.743188556316452,-2.396811443683548,2.396811443683548,5.744705096572415,100.0,submitted_main_linear_features_H3_18col,6ed147cd585e5e8083292683f9be3cf585e97e4d46fa0e3224d24a4e2b42cbbb,f83baf5732ffbf88b9a448a3d9ab9fa270f7495fe44d1559c1ac49795a30881a,41f184a29ff88aaf275f3365267b8c909ce7598a,ridge_corrected_41f184a29ff8_6ed147cd_f83baf57
Ridge,3,3,2023-08-25,2023-08-28,14.38,11.936945210713947,-2.4430547892860535,2.4430547892860535,5.968516703453523,100.0,submitted_main_linear_features_H3_18col,6ed147cd585e5e8083292683f9be3cf585e97e4d46fa0e3224d24a4e2b42cbbb,f83baf5732ffbf88b9a448a3d9ab9fa270f7495fe44d1559c1ac49795a30881a,41f184a29ff88aaf275f3365267b8c909ce7598a,ridge_corrected_41f184a29ff8_6ed147cd_f83baf57
Ridge,3,3,2023-08-26,2023-08-29,17.3,11.298762861545347,-6.001237138454654,6.001237138454654,36.0148471919674,100.0,submitted_main_linear_features_H3_18col,6ed147cd585e5e8083292683f9be3cf585e97e4d46fa0e3224d24a4e2b42cbbb,f83baf5732ffbf88b9a448a3d9ab9fa270f7495fe44d1559c1ac49795a30881a,41f184a29ff88aaf275f3365267b8c909ce7598a,ridge_corrected_41f184a29ff8_6ed147cd_f83baf57
Ridge,3,3,2023-08-27,2023-08-30,17.08,12.61092852280796,-4.469071477192038,4.469071477192038,19.97259986825143,100.0,submitted_main_linear_features_H3_18col,6ed147cd585e5e8083292683f9be3cf585e97e4d46fa0e3224d24a4e2b42cbbb,f83baf5732ffbf88b9a448a3d9ab9fa270f7495fe44d1559c1ac49795a30881a,41f184a29ff88aaf275f3365267b8c909ce7598a,ridge_corrected_41f184a29ff8_6ed147cd_f83baf57
Ridge,3,3,2023-08-28,2023-08-31,15.88,12.58759946003746,-3.292400539962541,3.292400539962541,10.839901315545632,100.0,submitted_main_linear_features_H3_18col,6ed147cd585e5e8083292683f9be3cf585e97e4d46fa0e3224d24a4e2b42cbbb,f83baf5732ffbf88b9a448a3d9ab9fa270f7495fe44d1559c1ac49795a30881a,41f184a29ff88aaf275f3365267b8c909ce7598a,ridge_corrected_41f184a29ff8_6ed147cd_f83baf57
Ridge,3,3,2023-08-29,2023-09-01,13.38,12.98030922704266,-0.39969077295734046,0.39969077295734046,0.15975271398723628,100.0,submitted_main_linear_features_H3_18col,6ed147cd585e5e8083292683f9be3cf585e97e4d46fa0e3224d24a4e2b42cbbb,f83baf5732ffbf88b9a448a3d9ab9fa270f7495fe44d1559c1ac49795a30881a,41f184a29ff88aaf275f3365267b8c909ce7598a,ridge_corrected_41f184a29ff8_6ed147cd_f83baf57
Ridge,3,3,2023-08-30,2023-09-02,12.42,13.565676134209797,1.145676134209797,1.145676134209797,1.3125738044979047,100.0,submitted_main_linear_features_H3_18col,6ed147cd585e5e8083292683f9be3cf585e97e4d46fa0e3224d24a4e2b42cbbb,f83baf5732ffbf88b9a448a3d9ab9fa270f7495fe44d1559c1ac49795a30881a,41f184a29ff88aaf275f3365267b8c909ce7598a,ridge_corrected_41f184a29ff8_6ed147cd_f83baf57
Ridge,3,3,2023-08-31,2023-09-03,12.66,13.22679905183567,0.5667990518356696,0.5667990518356696,0.3212611651618141,100.0,submitted_main_linear_features_H3_18col,6ed147cd585e5e8083292683f9be3cf585e97e4d46fa0e3224d24a4e2b42cbbb,f83baf5732ffbf88b9a448a3d9ab9fa270f7495fe44d1559c1ac49795a30881a,41f184a29ff88aaf275f3365267b8c909ce7598a,ridge_corrected_41f184a29ff8_6ed147cd_f83baf57
Ridge,3,3,2023-09-01,2023-09-04,14.93,12.972625776405149,-1.9573742235948508,1.9573742235948508,3.831313851193545,100.0,submitted_main_linear_features_H3_18col,6ed147cd585e5e8083292683f9be3cf585e97e4d46fa0e3224d24a4e2b42cbbb,f83baf5732ffbf88b9a448a3d9ab9fa270f7495fe44d1559c1ac49795a30881a,41f184a29ff88aaf275f3365267b8c909ce7598a,ridge_corrected_41f184a29ff8_6ed147cd_f83baf57
Ridge,3,3,2023-09-02,2023-09-05,11.88,12.678898674219786,0.7988986742197852,0.7988986742197852,0.6382390916701305,100.0,submitted_main_linear_features_H3_18col,6ed147cd585e5e8083292683f9be3cf585e97e4d46fa0e3224d24a4e2b42cbbb,f83baf5732ffbf88b9a448a3d9ab9fa270f7495fe44d1559c1ac49795a30881a,41f184a29ff88aaf275f3365267b8c909ce7598a,ridge_corrected_41f184a29ff8_6ed147cd_f83baf57
Ridge,3,3,2023-09-03,2023-09-06,12.06,12.573596317391168,0.5135963173911673,0.5135963173911673,0.26378117723776867,100.0,submitted_main_linear_features_H3_18col,6ed147cd585e5e8083292683f9be3cf585e97e4d46fa0e3224d24a4e2b42cbbb,f83baf5732ffbf88b9a448a3d9ab9fa270f7495fe44d1559c1ac49795a30881a,41f184a29ff88aaf275f3365267b8c909ce7598a,ridge_corrected_41f184a29ff8_6ed147cd_f83baf57
Ridge,3,3,2023-09-04,2023-09-07,13.74,12.707256671619025,-1.0327433283809757,1.0327433283809757,1.066558782315416,100.0,submitted_main_linear_features_H3_18col,6ed147cd585e5e8083292683f9be3cf585e97e4d46fa0e3224d24a4e2b42cbbb,f83baf5732ffbf88b9a448a3d9ab9fa270f7495fe44d1559c1ac49795a30881a,41f184a29ff88aaf275f3365267b8c909ce7598a,ridge_corrected_41f184a29ff8_6ed147cd_f83baf57
Ridge,3,3,2023-09-05,2023-09-08,14.08,12.992527921578215,-1.0874720784217846,1.0874720784217846,1.182595521346996,100.0,submitted_main_linear_features_H3_18col,6ed147cd585e5e8083292683f9be3cf585e97e4d46fa0e3224d24a4e2b42cbbb,f83baf5732ffbf88b9a448a3d9ab9fa270f7495fe44d1559c1ac49795a30881a,41f184a29ff88aaf275f3365267b8c909ce7598a,ridge_corrected_41f184a29ff8_6ed147cd_f83baf57
Ridge,3,3,2023-09-06,2023-09-09,12.62,12.506018801968889,-0.11398119803111051,0.11398119803111051,0.01299171350460723,100.0,submitted_main_linear_features_H3_18col,6ed147cd585e5e8083292683f9be3cf585e97e4d46fa0e3224d24a4e2b42cbbb,f83baf5732ffbf88b9a448a3d9ab9fa270f7495fe44d1559c1ac49795a30881a,41f184a29ff88aaf275f3365267b8c909ce7598a,ridge_corrected_41f184a29ff8_6ed147cd_f83baf57
Ridge,3,3,2023-09-07,2023-09-10,13.06,12.287953334916207,-0.7720466650837938,0.7720466650837938,0.5960560530670077,100.0,submitted_main_linear_features_H3_18col,6ed147cd585e5e8083292683f9be3cf585e97e4d46fa0e3224d24a4e2b42cbbb,f83baf5732ffbf88b9a448a3d9ab9fa270f7495fe44d1559c1ac49795a30881a,41f184a29ff88aaf275f3365267b8c909ce7598a,ridge_corrected_41f184a29ff8_6ed147cd_f83baf57
Ridge,3,3,2023-09-08,2023-09-11,12.67,12.57007857299134,-0.09992142700865969,0.09992142700865969,0.009984291575446906,100.0,submitted_main_linear_features_H3_18col,6ed147cd585e5e8083292683f9be3cf585e97e4d46fa0e3224d24a4e2b42cbbb,f83baf5732ffbf88b9a448a3d9ab9fa270f7495fe44d1559c1ac49795a30881a,41f184a29ff88aaf275f3365267b8c909ce7598a,ridge_corrected_41f184a29ff8_6ed147cd_f83baf57
Ridge,3,3,2023-09-09,2023-09-12,15.7,12.973944483994257,-2.726055516005742,2.726055516005742,7.431378676345331,100.0,submitted_main_linear_features_H3_18col,6ed147cd585e5e8083292683f9be3cf585e97e4d46fa0e3224d24a4e2b42cbbb,f83baf5732ffbf88b9a448a3d9ab9fa270f7495fe44d1559c1ac49795a30881a,41f184a29ff88aaf275f3365267b8c909ce7598a,ridge_corrected_41f184a29ff8_6ed147cd_f83baf57
Ridge,3,3,2023-09-10,2023-09-13,14.26,12.821241670920944,-1.4387583290790555,1.4387583290790555,2.0700255294943557,100.0,submitted_main_linear_features_H3_18col,6ed147cd585e5e8083292683f9be3cf585e97e4d46fa0e3224d24a4e2b42cbbb,f83baf5732ffbf88b9a448a3d9ab9fa270f7495fe44d1559c1ac49795a30881a,41f184a29ff88aaf275f3365267b8c909ce7598a,ridge_corrected_41f184a29ff8_6ed147cd_f83baf57
Ridge,3,3,2023-09-11,2023-09-14,12.28,12.934405993709225,0.6544059937092257,0.6544059937092257,0.42824720460255916,100.0,submitted_main_linear_features_H3_18col,6ed147cd585e5e8083292683f9be3cf585e97e4d46fa0e3224d24a4e2b42cbbb,f83baf5732ffbf88b9a448a3d9ab9fa270f7495fe44d1559c1ac49795a30881a,41f184a29ff88aaf275f3365267b8c909ce7598a,ridge_corrected_41f184a29ff8_6ed147cd_f83baf57
Ridge,3,3,2023-09-12,2023-09-15,12.04,12.711569607587204,0.6715696075872053,0.6715696075872053,0.4510057378348329,100.0,submitted_main_linear_features_H3_18col,6ed147cd585e5e8083292683f9be3cf585e97e4d46fa0e3224d24a4e2b42cbbb,f83baf5732ffbf88b9a448a3d9ab9fa270f7495fe44d1559c1ac49795a30881a,41f184a29ff88aaf275f3365267b8c909ce7598a,ridge_corrected_41f184a29ff8_6ed147cd_f83baf57
Ridge,3,3,2023-09-13,2023-09-16,9.19,12.71758309656802,3.527583096568021,3.527583096568021,12.443842503192428,100.0,submitted_main_linear_features_H3_18col,6ed147cd585e5e8083292683f9be3cf585e97e4d46fa0e3224d24a4e2b42cbbb,f83baf5732ffbf88b9a448a3d9ab9fa270f7495fe44d1559c1ac49795a30881a,41f184a29ff88aaf275f3365267b8c909ce7598a,ridge_corrected_41f184a29ff8_6ed147cd_f83baf57
Ridge,3,3,2023-09-14,2023-09-17,10.2,12.56189905294764,2.3618990529476402,2.3618990529476402,5.57856713631496,100.0,submitted_main_linear_features_H3_18col,6ed147cd585e5e8083292683f9be3cf585e97e4d46fa0e3224d24a4e2b42cbbb,f83baf5732ffbf88b9a448a3d9ab9fa270f7495fe44d1559c1ac49795a30881a,41f184a29ff88aaf275f3365267b8c909ce7598a,ridge_corrected_41f184a29ff8_6ed147cd_f83baf57
Ridge,3,3,2023-09-15,2023-09-18,7.15,12.624489792434131,5.474489792434131,5.474489792434131,29.970038487465494,100.0,submitted_main_linear_features_H3_18col,6ed147cd585e5e8083292683f9be3cf585e97e4d46fa0e3224d24a4e2b42cbbb,f83baf5732ffbf88b9a448a3d9ab9fa270f7495fe44d1559c1ac49795a30881a,41f184a29ff88aaf275f3365267b8c909ce7598a,ridge_corrected_41f184a29ff8_6ed147cd_f83baf57
Ridge,3,3,2023-09-16,2023-09-19,12.17,12.549424126840732,0.3794241268407319,0.3794241268407319,0.1439626680288518,100.0,submitted_main_linear_features_H3_18col,6ed147cd585e5e8083292683f9be3cf585e97e4d46fa0e3224d24a4e2b42cbbb,f83baf5732ffbf88b9a448a3d9ab9fa270f7495fe44d1559c1ac49795a30881a,41f184a29ff88aaf275f3365267b8c909ce7598a,ridge_corrected_41f184a29ff8_6ed147cd_f83baf57
Ridge,3,3,2023-09-17,2023-09-20,11.05,11.688110517190188,0.6381105171901869,0.6381105171901869,0.40718503214872775,100.0,submitted_main_linear_features_H3_18col,6ed147cd585e5e8083292683f9be3cf585e97e4d46fa0e3224d24a4e2b42cbbb,f83baf5732ffbf88b9a448a3d9ab9fa270f7495fe44d1559c1ac49795a30881a,41f184a29ff88aaf275f3365267b8c909ce7598a,ridge_corrected_41f184a29ff8_6ed147cd_f83baf57
Ridge,3,3,2023-09-18,2023-09-21,11.64,11.62494356895645,-0.015056431043550589,0.015056431043550589,0.00022669611576919387,100.0,submitted_main_linear_features_H3_18col,6ed147cd585e5e8083292683f9be3cf585e97e4d46fa0e3224d24a4e2b42cbbb,f83baf5732ffbf88b9a448a3d9ab9fa270f7495fe44d1559c1ac49795a30881a,41f184a29ff88aaf275f3365267b8c909ce7598a,ridge_corrected_41f184a29ff8_6ed147cd_f83baf57
Ridge,3,3,2023-09-19,2023-09-22,11.64,10.999182658953496,-0.640817341046505,0.640817341046505,0.4106468645859127,100.0,submitted_main_linear_features_H3_18col,6ed147cd585e5e8083292683f9be3cf585e97e4d46fa0e3224d24a4e2b42cbbb,f83baf5732ffbf88b9a448a3d9ab9fa270f7495fe44d1559c1ac49795a30881a,41f184a29ff88aaf275f3365267b8c909ce7598a,ridge_corrected_41f184a29ff8_6ed147cd_f83baf57
Ridge,3,3,2023-09-20,2023-09-23,10.4,11.596967768858788,1.1969677688587872,1.1969677688587872,1.432731839686783,100.0,submitted_main_linear_features_H3_18col,6ed147cd585e5e8083292683f9be3cf585e97e4d46fa0e3224d24a4e2b42cbbb,f83baf5732ffbf88b9a448a3d9ab9fa270f7495fe44d1559c1ac49795a30881a,41f184a29ff88aaf275f3365267b8c909ce7598a,ridge_corrected_41f184a29ff8_6ed147cd_f83baf57
Ridge,3,3,2023-09-21,2023-09-24,9.74,10.939396420909617,1.1993964209096166,1.1993964209096166,1.4385517744907983,100.0,submitted_main_linear_features_H3_18col,6ed147cd585e5e8083292683f9be3cf585e97e4d46fa0e3224d24a4e2b42cbbb,f83baf5732ffbf88b9a448a3d9ab9fa270f7495fe44d1559c1ac49795a30881a,41f184a29ff88aaf275f3365267b8c909ce7598a,ridge_corrected_41f184a29ff8_6ed147cd_f83baf57
Ridge,3,3,2023-09-22,2023-09-25,12.97,11.117967400374603,-1.8520325996253977,1.8520325996253977,3.4300247500752086,100.0,submitted_main_linear_features_H3_18col,6ed147cd585e5e8083292683f9be3cf585e97e4d46fa0e3224d24a4e2b42cbbb,f83baf5732ffbf88b9a448a3d9ab9fa270f7495fe44d1559c1ac49795a30881a,41f184a29ff88aaf275f3365267b8c909ce7598a,ridge_corrected_41f184a29ff8_6ed147cd_f83baf57
Ridge,3,3,2023-09-23,2023-09-26,15.56,11.249894682455823,-4.310105317544178,4.310105317544178,18.577007848322598,100.0,submitted_main_linear_features_H3_18col,6ed147cd585e5e8083292683f9be3cf585e97e4d46fa0e3224d24a4e2b42cbbb,f83baf5732ffbf88b9a448a3d9ab9fa270f7495fe44d1559c1ac49795a30881a,41f184a29ff88aaf275f3365267b8c909ce7598a,ridge_corrected_41f184a29ff8_6ed147cd_f83baf57
Ridge,3,3,2023-09-24,2023-09-27,17.56,11.363946777262264,-6.196053222737735,6.196053222737735,38.39107553899867,100.0,submitted_main_linear_features_H3_18col,6ed147cd585e5e8083292683f9be3cf585e97e4d46fa0e3224d24a4e2b42cbbb,f83baf5732ffbf88b9a448a3d9ab9fa270f7495fe44d1559c1ac49795a30881a,41f184a29ff88aaf275f3365267b8c909ce7598a,ridge_corrected_41f184a29ff8_6ed147cd_f83baf57
Ridge,3,3,2023-09-25,2023-09-28,16.58,11.553190917352183,-5.026809082647816,5.026809082647816,25.268809553390575,100.0,submitted_main_linear_features_H3_18col,6ed147cd585e5e8083292683f9be3cf585e97e4d46fa0e3224d24a4e2b42cbbb,f83baf5732ffbf88b9a448a3d9ab9fa270f7495fe44d1559c1ac49795a30881a,41f184a29ff88aaf275f3365267b8c909ce7598a,ridge_corrected_41f184a29ff8_6ed147cd_f83baf57
Ridge,3,3,2023-09-26,2023-09-29,16.36,12.150616899308002,-4.209383100691998,4.209383100691998,17.71890608839138,100.0,submitted_main_linear_features_H3_18col,6ed147cd585e5e8083292683f9be3cf585e97e4d46fa0e3224d24a4e2b42cbbb,f83baf5732ffbf88b9a448a3d9ab9fa270f7495fe44d1559c1ac49795a30881a,41f184a29ff88aaf275f3365267b8c909ce7598a,ridge_corrected_41f184a29ff8_6ed147cd_f83baf57
Ridge,3,3,2023-09-27,2023-09-30,15.98,13.002197498384477,-2.977802501615523,2.977802501615523,8.867307738627666,100.0,submitted_main_linear_features_H3_18col,6ed147cd585e5e8083292683f9be3cf585e97e4d46fa0e3224d24a4e2b42cbbb,f83baf5732ffbf88b9a448a3d9ab9fa270f7495fe44d1559c1ac49795a30881a,41f184a29ff88aaf275f3365267b8c909ce7598a,ridge_corrected_41f184a29ff8_6ed147cd_f83baf57
Ridge,3,3,2023-09-28,2023-10-01,10.13,13.256612718403609,3.1266127184036083,3.1266127184036083,9.775707090883202,100.0,submitted_main_linear_features_H3_18col,6ed147cd585e5e8083292683f9be3cf585e97e4d46fa0e3224d24a4e2b42cbbb,f83baf5732ffbf88b9a448a3d9ab9fa270f7495fe44d1559c1ac49795a30881a,41f184a29ff88aaf275f3365267b8c909ce7598a,ridge_corrected_41f184a29ff8_6ed147cd_f83baf57
Ridge,3,3,2023-09-29,2023-10-02,10.34,13.254871585560018,2.914871585560018,2.914871585560018,8.496476360305174,100.0,submitted_main_linear_features_H3_18col,6ed147cd585e5e8083292683f9be3cf585e97e4d46fa0e3224d24a4e2b42cbbb,f83baf5732ffbf88b9a448a3d9ab9fa270f7495fe44d1559c1ac49795a30881a,41f184a29ff88aaf275f3365267b8c909ce7598a,ridge_corrected_41f184a29ff8_6ed147cd_f83baf57
Ridge,3,3,2023-09-30,2023-10-03,15.53,13.488995665530497,-2.041004334469502,2.041004334469502,4.165698693323295,100.0,submitted_main_linear_features_H3_18col,6ed147cd585e5e8083292683f9be3cf585e97e4d46fa0e3224d24a4e2b42cbbb,f83baf5732ffbf88b9a448a3d9ab9fa270f7495fe44d1559c1ac49795a30881a,41f184a29ff88aaf275f3365267b8c909ce7598a,ridge_corrected_41f184a29ff8_6ed147cd_f83baf57
Ridge,3,3,2023-10-01,2023-10-04,17.11,13.417575617929959,-3.6924243820700404,3.6924243820700404,13.63399781730532,100.0,submitted_main_linear_features_H3_18col,6ed147cd585e5e8083292683f9be3cf585e97e4d46fa0e3224d24a4e2b42cbbb,f83baf5732ffbf88b9a448a3d9ab9fa270f7495fe44d1559c1ac49795a30881a,41f184a29ff88aaf275f3365267b8c909ce7598a,ridge_corrected_41f184a29ff8_6ed147cd_f83baf57
Ridge,3,3,2023-10-02,2023-10-05,17.09,12.339920698917286,-4.750079301082714,4.750079301082714,22.563253366574443,100.0,submitted_main_linear_features_H3_18col,6ed147cd585e5e8083292683f9be3cf585e97e4d46fa0e3224d24a4e2b42cbbb,f83baf5732ffbf88b9a448a3d9ab9fa270f7495fe44d1559c1ac49795a30881a,41f184a29ff88aaf275f3365267b8c909ce7598a,ridge_corrected_41f184a29ff8_6ed147cd_f83baf57
Ridge,3,3,2023-10-03,2023-10-06,14.6,12.482098918345939,-2.117901081654061,2.117901081654061,4.485504991671442,100.0,submitted_main_linear_features_H3_18col,6ed147cd585e5e8083292683f9be3cf585e97e4d46fa0e3224d24a4e2b42cbbb,f83baf5732ffbf88b9a448a3d9ab9fa270f7495fe44d1559c1ac49795a30881a,41f184a29ff88aaf275f3365267b8c909ce7598a,ridge_corrected_41f184a29ff8_6ed147cd_f83baf57
Ridge,3,3,2023-10-04,2023-10-07,15.72,13.295109266240319,-2.424890733759682,2.424890733759682,5.880095070673568,100.0,submitted_main_linear_features_H3_18col,6ed147cd585e5e8083292683f9be3cf585e97e4d46fa0e3224d24a4e2b42cbbb,f83baf5732ffbf88b9a448a3d9ab9fa270f7495fe44d1559c1ac49795a30881a,41f184a29ff88aaf275f3365267b8c909ce7598a,ridge_corrected_41f184a29ff8_6ed147cd_f83baf57
Ridge,3,3,2023-10-05,2023-10-08,16.32,14.147819498258638,-2.1721805017413622,2.1721805017413622,4.718368132145356,100.0,submitted_main_linear_features_H3_18col,6ed147cd585e5e8083292683f9be3cf585e97e4d46fa0e3224d24a4e2b42cbbb,f83baf5732ffbf88b9a448a3d9ab9fa270f7495fe44d1559c1ac49795a30881a,41f184a29ff88aaf275f3365267b8c909ce7598a,ridge_corrected_41f184a29ff8_6ed147cd_f83baf57
Ridge,3,3,2023-10-06,2023-10-09,13.67,13.961913613971294,0.29191361397129434,0.29191361397129434,0.08521355802178185,100.0,submitted_main_linear_features_H3_18col,6ed147cd585e5e8083292683f9be3cf585e97e4d46fa0e3224d24a4e2b42cbbb,f83baf5732ffbf88b9a448a3d9ab9fa270f7495fe44d1559c1ac49795a30881a,41f184a29ff88aaf275f3365267b8c909ce7598a,ridge_corrected_41f184a29ff8_6ed147cd_f83baf57
Ridge,3,3,2023-10-07,2023-10-10,11.98,13.571473260206814,1.5914732602068131,1.5914732602068131,2.532787137953303,100.0,submitted_main_linear_features_H3_18col,6ed147cd585e5e8083292683f9be3cf585e97e4d46fa0e3224d24a4e2b42cbbb,f83baf5732ffbf88b9a448a3d9ab9fa270f7495fe44d1559c1ac49795a30881a,41f184a29ff88aaf275f3365267b8c909ce7598a,ridge_corrected_41f184a29ff8_6ed147cd_f83baf57
Ridge,3,3,2023-10-08,2023-10-11,10.32,13.852011037711542,3.5320110377115412,3.5320110377115412,12.475101970516159,100.0,submitted_main_linear_features_H3_18col,6ed147cd585e5e8083292683f9be3cf585e97e4d46fa0e3224d24a4e2b42cbbb,f83baf5732ffbf88b9a448a3d9ab9fa270f7495fe44d1559c1ac49795a30881a,41f184a29ff88aaf275f3365267b8c909ce7598a,ridge_corrected_41f184a29ff8_6ed147cd_f83baf57
Ridge,3,3,2023-10-09,2023-10-12,17.41,14.376854462839933,-3.033145537160067,3.033145537160067,9.19997184959403,100.0,submitted_main_linear_features_H3_18col,6ed147cd585e5e8083292683f9be3cf585e97e4d46fa0e3224d24a4e2b42cbbb,f83baf5732ffbf88b9a448a3d9ab9fa270f7495fe44d1559c1ac49795a30881a,41f184a29ff88aaf275f3365267b8c909ce7598a,ridge_corrected_41f184a29ff8_6ed147cd_f83baf57
Ridge,3,3,2023-10-10,2023-10-13,17.69,14.070634342826324,-3.6193656571736774,3.6193656571736774,13.099807760328245,100.0,submitted_main_linear_features_H3_18col,6ed147cd585e5e8083292683f9be3cf585e97e4d46fa0e3224d24a4e2b42cbbb,f83baf5732ffbf88b9a448a3d9ab9fa270f7495fe44d1559c1ac49795a30881a,41f184a29ff88aaf275f3365267b8c909ce7598a,ridge_corrected_41f184a29ff8_6ed147cd_f83baf57
Ridge,3,3,2023-10-11,2023-10-14,16.43,13.487073247722105,-2.942926752277895,2.942926752277895,8.660817869272918,100.0,submitted_main_linear_features_H3_18col,6ed147cd585e5e8083292683f9be3cf585e97e4d46fa0e3224d24a4e2b42cbbb,f83baf5732ffbf88b9a448a3d9ab9fa270f7495fe44d1559c1ac49795a30881a,41f184a29ff88aaf275f3365267b8c909ce7598a,ridge_corrected_41f184a29ff8_6ed147cd_f83baf57
Ridge,3,3,2023-10-12,2023-10-15,16.92,12.92282273507611,-3.9971772649238915,3.9971772649238915,15.977426087224442,100.0,submitted_main_linear_features_H3_18col,6ed147cd585e5e8083292683f9be3cf585e97e4d46fa0e3224d24a4e2b42cbbb,f83baf5732ffbf88b9a448a3d9ab9fa270f7495fe44d1559c1ac49795a30881a,41f184a29ff88aaf275f3365267b8c909ce7598a,ridge_corrected_41f184a29ff8_6ed147cd_f83baf57
Ridge,3,3,2023-10-13,2023-10-16,16.98,13.94510545939665,-3.03489454060335,3.03489454060335,9.21058487258402,100.0,submitted_main_linear_features_H3_18col,6ed147cd585e5e8083292683f9be3cf585e97e4d46fa0e3224d24a4e2b42cbbb,f83baf5732ffbf88b9a448a3d9ab9fa270f7495fe44d1559c1ac49795a30881a,41f184a29ff88aaf275f3365267b8c909ce7598a,ridge_corrected_41f184a29ff8_6ed147cd_f83baf57
Ridge,3,3,2023-10-14,2023-10-17,16.64,14.082046515331825,-2.5579534846681753,2.5579534846681753,6.543126029726061,100.0,submitted_main_linear_features_H3_18col,6ed147cd585e5e8083292683f9be3cf585e97e4d46fa0e3224d24a4e2b42cbbb,f83baf5732ffbf88b9a448a3d9ab9fa270f7495fe44d1559c1ac49795a30881a,41f184a29ff88aaf275f3365267b8c909ce7598a,ridge_corrected_41f184a29ff8_6ed147cd_f83baf57
Ridge,3,3,2023-10-15,2023-10-18,16.4,13.675779597628233,-2.724220402371765,2.724220402371765,7.421376800698582,100.0,submitted_main_linear_features_H3_18col,6ed147cd585e5e8083292683f9be3cf585e97e4d46fa0e3224d24a4e2b42cbbb,f83baf5732ffbf88b9a448a3d9ab9fa270f7495fe44d1559c1ac49795a30881a,41f184a29ff88aaf275f3365267b8c909ce7598a,ridge_corrected_41f184a29ff8_6ed147cd_f83baf57
Ridge,3,3,2023-10-16,2023-10-19,16.8,14.241571481028934,-2.5584285189710663,2.5584285189710663,6.545556486684483,100.0,submitted_main_linear_features_H3_18col,6ed147cd585e5e8083292683f9be3cf585e97e4d46fa0e3224d24a4e2b42cbbb,f83baf5732ffbf88b9a448a3d9ab9fa270f7495fe44d1559c1ac49795a30881a,41f184a29ff88aaf275f3365267b8c909ce7598a,ridge_corrected_41f184a29ff8_6ed147cd_f83baf57
Ridge,3,3,2023-10-17,2023-10-20,17.82,14.307007108833993,-3.5129928911660073,3.5129928911660073,12.341119053382902,100.0,submitted_main_linear_features_H3_18col,6ed147cd585e5e8083292683f9be3cf585e97e4d46fa0e3224d24a4e2b42cbbb,f83baf5732ffbf88b9a448a3d9ab9fa270f7495fe44d1559c1ac49795a30881a,41f184a29ff88aaf275f3365267b8c909ce7598a,ridge_corrected_41f184a29ff8_6ed147cd_f83baf57
Ridge,3,3,2023-10-18,2023-10-21,16.32,14.59023001792764,-1.7297699820723604,1.7297699820723604,2.992104190878614,100.0,submitted_main_linear_features_H3_18col,6ed147cd585e5e8083292683f9be3cf585e97e4d46fa0e3224d24a4e2b42cbbb,f83baf5732ffbf88b9a448a3d9ab9fa270f7495fe44d1559c1ac49795a30881a,41f184a29ff88aaf275f3365267b8c909ce7598a,ridge_corrected_41f184a29ff8_6ed147cd_f83baf57
Ridge,3,3,2023-10-19,2023-10-22,13.3,14.464596835508129,1.164596835508128,1.164596835508128,1.3562857892755458,100.0,submitted_main_linear_features_H3_18col,6ed147cd585e5e8083292683f9be3cf585e97e4d46fa0e3224d24a4e2b42cbbb,f83baf5732ffbf88b9a448a3d9ab9fa270f7495fe44d1559c1ac49795a30881a,41f184a29ff88aaf275f3365267b8c909ce7598a,ridge_corrected_41f184a29ff8_6ed147cd_f83baf57
Ridge,3,3,2023-10-20,2023-10-23,15.79,14.970525082570289,-0.8194749174297105,0.8194749174297105,0.6715391402964308,100.0,submitted_main_linear_features_H3_18col,6ed147cd585e5e8083292683f9be3cf585e97e4d46fa0e3224d24a4e2b42cbbb,f83baf5732ffbf88b9a448a3d9ab9fa270f7495fe44d1559c1ac49795a30881a,41f184a29ff88aaf275f3365267b8c909ce7598a,ridge_corrected_41f184a29ff8_6ed147cd_f83baf57
Ridge,3,3,2023-10-21,2023-10-24,15.18,14.922269270299207,-0.2577307297007927,0.2577307297007927,0.06642512903210307,100.0,submitted_main_linear_features_H3_18col,6ed147cd585e5e8083292683f9be3cf585e97e4d46fa0e3224d24a4e2b42cbbb,f83baf5732ffbf88b9a448a3d9ab9fa270f7495fe44d1559c1ac49795a30881a,41f184a29ff88aaf275f3365267b8c909ce7598a,ridge_corrected_41f184a29ff8_6ed147cd_f83baf57
Ridge,3,3,2023-10-22,2023-10-25,17.23,14.82652760949984,-2.403472390500161,2.403472390500161,5.7766795318965585,100.0,submitted_main_linear_features_H3_18col,6ed147cd585e5e8083292683f9be3cf585e97e4d46fa0e3224d24a4e2b42cbbb,f83baf5732ffbf88b9a448a3d9ab9fa270f7495fe44d1559c1ac49795a30881a,41f184a29ff88aaf275f3365267b8c909ce7598a,ridge_corrected_41f184a29ff8_6ed147cd_f83baf57
Ridge,3,3,2023-10-23,2023-10-26,17.98,14.255038612251862,-3.724961387748138,3.724961387748138,13.875337340214534,100.0,submitted_main_linear_features_H3_18col,6ed147cd585e5e8083292683f9be3cf585e97e4d46fa0e3224d24a4e2b42cbbb,f83baf5732ffbf88b9a448a3d9ab9fa270f7495fe44d1559c1ac49795a30881a,41f184a29ff88aaf275f3365267b8c909ce7598a,ridge_corrected_41f184a29ff8_6ed147cd_f83baf57
Ridge,3,3,2023-10-24,2023-10-27,16.37,14.231786204108728,-2.1382137958912733,2.1382137958912733,4.571958236939768,100.0,submitted_main_linear_features_H3_18col,6ed147cd585e5e8083292683f9be3cf585e97e4d46fa0e3224d24a4e2b42cbbb,f83baf5732ffbf88b9a448a3d9ab9fa270f7495fe44d1559c1ac49795a30881a,41f184a29ff88aaf275f3365267b8c909ce7598a,ridge_corrected_41f184a29ff8_6ed147cd_f83baf57
Ridge,3,3,2023-10-25,2023-10-28,16.44,14.296436950659654,-2.1435630493403472,2.1435630493403472,4.594862546497288,100.0,submitted_main_linear_features_H3_18col,6ed147cd585e5e8083292683f9be3cf585e97e4d46fa0e3224d24a4e2b42cbbb,f83baf5732ffbf88b9a448a3d9ab9fa270f7495fe44d1559c1ac49795a30881a,41f184a29ff88aaf275f3365267b8c909ce7598a,ridge_corrected_41f184a29ff8_6ed147cd_f83baf57
Ridge,3,3,2023-10-26,2023-10-29,14.12,14.904956753985703,0.7849567539857034,0.7849567539857034,0.6161571056277722,100.0,submitted_main_linear_features_H3_18col,6ed147cd585e5e8083292683f9be3cf585e97e4d46fa0e3224d24a4e2b42cbbb,f83baf5732ffbf88b9a448a3d9ab9fa270f7495fe44d1559c1ac49795a30881a,41f184a29ff88aaf275f3365267b8c909ce7598a,ridge_corrected_41f184a29ff8_6ed147cd_f83baf57
Ridge,3,3,2023-10-27,2023-10-30,15.59,15.336497351414504,-0.25350264858549565,0.25350264858549565,0.0642635928398613,100.0,submitted_main_linear_features_H3_18col,6ed147cd585e5e8083292683f9be3cf585e97e4d46fa0e3224d24a4e2b42cbbb,f83baf5732ffbf88b9a448a3d9ab9fa270f7495fe44d1559c1ac49795a30881a,41f184a29ff88aaf275f3365267b8c909ce7598a,ridge_corrected_41f184a29ff8_6ed147cd_f83baf57
Ridge,3,3,2023-10-28,2023-10-31,17.76,14.991832992419525,-2.7681670075804767,2.7681670075804767,7.662748581857051,100.0,submitted_main_linear_features_H3_18col,6ed147cd585e5e8083292683f9be3cf585e97e4d46fa0e3224d24a4e2b42cbbb,f83baf5732ffbf88b9a448a3d9ab9fa270f7495fe44d1559c1ac49795a30881a,41f184a29ff88aaf275f3365267b8c909ce7598a,ridge_corrected_41f184a29ff8_6ed147cd_f83baf57
Ridge,5,1,2021-10-10,2021-10-15,15.1,12.8613289733702,-2.238671026629799,2.238671026629799,5.011647965471718,100.0,submitted_main_linear_features_H5_18col,6ed147cd585e5e8083292683f9be3cf585e97e4d46fa0e3224d24a4e2b42cbbb,f83baf5732ffbf88b9a448a3d9ab9fa270f7495fe44d1559c1ac49795a30881a,41f184a29ff88aaf275f3365267b8c909ce7598a,ridge_corrected_41f184a29ff8_6ed147cd_f83baf57
Ridge,5,1,2021-10-11,2021-10-16,11.35,12.872958275922699,1.522958275922699,1.522958275922699,2.3194019102014396,100.0,submitted_main_linear_features_H5_18col,6ed147cd585e5e8083292683f9be3cf585e97e4d46fa0e3224d24a4e2b42cbbb,f83baf5732ffbf88b9a448a3d9ab9fa270f7495fe44d1559c1ac49795a30881a,41f184a29ff88aaf275f3365267b8c909ce7598a,ridge_corrected_41f184a29ff8_6ed147cd_f83baf57
Ridge,5,1,2021-10-12,2021-10-17,11.58,13.363643941698845,1.7836439416988448,1.7836439416988448,3.181385710758992,100.0,submitted_main_linear_features_H5_18col,6ed147cd585e5e8083292683f9be3cf585e97e4d46fa0e3224d24a4e2b42cbbb,f83baf5732ffbf88b9a448a3d9ab9fa270f7495fe44d1559c1ac49795a30881a,41f184a29ff88aaf275f3365267b8c909ce7598a,ridge_corrected_41f184a29ff8_6ed147cd_f83baf57
Ridge,5,1,2021-10-13,2021-10-18,13.26,13.011576310716887,-0.2484236892831131,0.2484236892831131,0.06171432939703272,100.0,submitted_main_linear_features_H5_18col,6ed147cd585e5e8083292683f9be3cf585e97e4d46fa0e3224d24a4e2b42cbbb,f83baf5732ffbf88b9a448a3d9ab9fa270f7495fe44d1559c1ac49795a30881a,41f184a29ff88aaf275f3365267b8c909ce7598a,ridge_corrected_41f184a29ff8_6ed147cd_f83baf57
Ridge,5,1,2021-10-14,2021-10-19,14.13,13.206117889203064,-0.9238821107969368,0.9238821107969368,0.8535581546506035,100.0,submitted_main_linear_features_H5_18col,6ed147cd585e5e8083292683f9be3cf585e97e4d46fa0e3224d24a4e2b42cbbb,f83baf5732ffbf88b9a448a3d9ab9fa270f7495fe44d1559c1ac49795a30881a,41f184a29ff88aaf275f3365267b8c909ce7598a,ridge_corrected_41f184a29ff8_6ed147cd_f83baf57
Ridge,5,1,2021-10-15,2021-10-20,17.01,13.754627844339934,-3.2553721556600674,3.2553721556600674,10.597447871846875,100.0,submitted_main_linear_features_H5_18col,6ed147cd585e5e8083292683f9be3cf585e97e4d46fa0e3224d24a4e2b42cbbb,f83baf5732ffbf88b9a448a3d9ab9fa270f7495fe44d1559c1ac49795a30881a,41f184a29ff88aaf275f3365267b8c909ce7598a,ridge_corrected_41f184a29ff8_6ed147cd_f83baf57
Ridge,5,1,2021-10-16,2021-10-21,14.11,13.234214425499978,-0.8757855745000214,0.8757855745000214,0.7670003725023324,100.0,submitted_main_linear_features_H5_18col,6ed147cd585e5e8083292683f9be3cf585e97e4d46fa0e3224d24a4e2b42cbbb,f83baf5732ffbf88b9a448a3d9ab9fa270f7495fe44d1559c1ac49795a30881a,41f184a29ff88aaf275f3365267b8c909ce7598a,ridge_corrected_41f184a29ff8_6ed147cd_f83baf57
Ridge,5,1,2021-10-17,2021-10-22,13.32,12.980142443309026,-0.3398575566909745,0.3398575566909745,0.11550315883995894,100.0,submitted_main_linear_features_H5_18col,6ed147cd585e5e8083292683f9be3cf585e97e4d46fa0e3224d24a4e2b42cbbb,f83baf5732ffbf88b9a448a3d9ab9fa270f7495fe44d1559c1ac49795a30881a,41f184a29ff88aaf275f3365267b8c909ce7598a,ridge_corrected_41f184a29ff8_6ed147cd_f83baf57
Ridge,5,1,2021-10-18,2021-10-23,14.24,12.613454554631662,-1.626545445368338,1.626545445368338,2.6456500858484846,100.0,submitted_main_linear_features_H5_18col,6ed147cd585e5e8083292683f9be3cf585e97e4d46fa0e3224d24a4e2b42cbbb,f83baf5732ffbf88b9a448a3d9ab9fa270f7495fe44d1559c1ac49795a30881a,41f184a29ff88aaf275f3365267b8c909ce7598a,ridge_corrected_41f184a29ff8_6ed147cd_f83baf57
Ridge,5,1,2021-10-19,2021-10-24,15.48,13.317240971462725,-2.162759028537275,2.162759028537275,4.677526615519498,100.0,submitted_main_linear_features_H5_18col,6ed147cd585e5e8083292683f9be3cf585e97e4d46fa0e3224d24a4e2b42cbbb,f83baf5732ffbf88b9a448a3d9ab9fa270f7495fe44d1559c1ac49795a30881a,41f184a29ff88aaf275f3365267b8c909ce7598a,ridge_corrected_41f184a29ff8_6ed147cd_f83baf57
Ridge,5,1,2021-10-20,2021-10-25,19.6,13.548879970477753,-6.051120029522249,6.051120029522249,36.61605361168534,100.0,submitted_main_linear_features_H5_18col,6ed147cd585e5e8083292683f9be3cf585e97e4d46fa0e3224d24a4e2b42cbbb,f83baf5732ffbf88b9a448a3d9ab9fa270f7495fe44d1559c1ac49795a30881a,41f184a29ff88aaf275f3365267b8c909ce7598a,ridge_corrected_41f184a29ff8_6ed147cd_f83baf57
Ridge,5,1,2021-10-21,2021-10-26,15.56,13.554305229348147,-2.0056947706518535,2.0056947706518535,4.022811513020192,100.0,submitted_main_linear_features_H5_18col,6ed147cd585e5e8083292683f9be3cf585e97e4d46fa0e3224d24a4e2b42cbbb,f83baf5732ffbf88b9a448a3d9ab9fa270f7495fe44d1559c1ac49795a30881a,41f184a29ff88aaf275f3365267b8c909ce7598a,ridge_corrected_41f184a29ff8_6ed147cd_f83baf57
Ridge,5,1,2021-10-22,2021-10-27,13.31,13.251309037528245,-0.05869096247175598,0.05869096247175598,0.003444629075861069,100.0,submitted_main_linear_features_H5_18col,6ed147cd585e5e8083292683f9be3cf585e97e4d46fa0e3224d24a4e2b42cbbb,f83baf5732ffbf88b9a448a3d9ab9fa270f7495fe44d1559c1ac49795a30881a,41f184a29ff88aaf275f3365267b8c909ce7598a,ridge_corrected_41f184a29ff8_6ed147cd_f83baf57
Ridge,5,1,2021-10-23,2021-10-28,15.19,13.208225791449141,-1.981774208550858,1.981774208550858,3.9274290136773797,100.0,submitted_main_linear_features_H5_18col,6ed147cd585e5e8083292683f9be3cf585e97e4d46fa0e3224d24a4e2b42cbbb,f83baf5732ffbf88b9a448a3d9ab9fa270f7495fe44d1559c1ac49795a30881a,41f184a29ff88aaf275f3365267b8c909ce7598a,ridge_corrected_41f184a29ff8_6ed147cd_f83baf57
Ridge,5,1,2021-10-24,2021-10-29,17.0,13.648345943549753,-3.351654056450247,3.351654056450247,11.233584914119396,100.0,submitted_main_linear_features_H5_18col,6ed147cd585e5e8083292683f9be3cf585e97e4d46fa0e3224d24a4e2b42cbbb,f83baf5732ffbf88b9a448a3d9ab9fa270f7495fe44d1559c1ac49795a30881a,41f184a29ff88aaf275f3365267b8c909ce7598a,ridge_corrected_41f184a29ff8_6ed147cd_f83baf57
Ridge,5,1,2021-10-25,2021-10-30,15.17,14.50689368222513,-0.6631063177748704,0.6631063177748704,0.4397099886729474,100.0,submitted_main_linear_features_H5_18col,6ed147cd585e5e8083292683f9be3cf585e97e4d46fa0e3224d24a4e2b42cbbb,f83baf5732ffbf88b9a448a3d9ab9fa270f7495fe44d1559c1ac49795a30881a,41f184a29ff88aaf275f3365267b8c909ce7598a,ridge_corrected_41f184a29ff8_6ed147cd_f83baf57
Ridge,5,1,2021-10-26,2021-10-31,14.34,14.377127619121723,0.03712761912172269,0.03712761912172269,0.0013784601016477082,100.0,submitted_main_linear_features_H5_18col,6ed147cd585e5e8083292683f9be3cf585e97e4d46fa0e3224d24a4e2b42cbbb,f83baf5732ffbf88b9a448a3d9ab9fa270f7495fe44d1559c1ac49795a30881a,41f184a29ff88aaf275f3365267b8c909ce7598a,ridge_corrected_41f184a29ff8_6ed147cd_f83baf57
Ridge,5,1,2021-10-27,2021-11-01,15.41,14.478729420570057,-0.9312705794299436,0.9312705794299436,0.8672648921117829,100.0,submitted_main_linear_features_H5_18col,6ed147cd585e5e8083292683f9be3cf585e97e4d46fa0e3224d24a4e2b42cbbb,f83baf5732ffbf88b9a448a3d9ab9fa270f7495fe44d1559c1ac49795a30881a,41f184a29ff88aaf275f3365267b8c909ce7598a,ridge_corrected_41f184a29ff8_6ed147cd_f83baf57
Ridge,5,1,2021-10-28,2021-11-02,15.17,14.481428939188387,-0.6885710608116131,0.6885710608116131,0.4741301057872302,100.0,submitted_main_linear_features_H5_18col,6ed147cd585e5e8083292683f9be3cf585e97e4d46fa0e3224d24a4e2b42cbbb,f83baf5732ffbf88b9a448a3d9ab9fa270f7495fe44d1559c1ac49795a30881a,41f184a29ff88aaf275f3365267b8c909ce7598a,ridge_corrected_41f184a29ff8_6ed147cd_f83baf57
Ridge,5,1,2021-10-29,2021-11-03,13.4,14.410213550257577,1.0102135502575766,1.0102135502575766,1.0205314171240174,100.0,submitted_main_linear_features_H5_18col,6ed147cd585e5e8083292683f9be3cf585e97e4d46fa0e3224d24a4e2b42cbbb,f83baf5732ffbf88b9a448a3d9ab9fa270f7495fe44d1559c1ac49795a30881a,41f184a29ff88aaf275f3365267b8c909ce7598a,ridge_corrected_41f184a29ff8_6ed147cd_f83baf57
Ridge,5,1,2021-10-30,2021-11-04,15.12,14.659051347514385,-0.4609486524856141,0.4609486524856141,0.21247366022830344,100.0,submitted_main_linear_features_H5_18col,6ed147cd585e5e8083292683f9be3cf585e97e4d46fa0e3224d24a4e2b42cbbb,f83baf5732ffbf88b9a448a3d9ab9fa270f7495fe44d1559c1ac49795a30881a,41f184a29ff88aaf275f3365267b8c909ce7598a,ridge_corrected_41f184a29ff8_6ed147cd_f83baf57
Ridge,5,1,2021-10-31,2021-11-05,12.8,14.529194403414355,1.729194403414354,1.729194403414354,2.990113284799524,100.0,submitted_main_linear_features_H5_18col,6ed147cd585e5e8083292683f9be3cf585e97e4d46fa0e3224d24a4e2b42cbbb,f83baf5732ffbf88b9a448a3d9ab9fa270f7495fe44d1559c1ac49795a30881a,41f184a29ff88aaf275f3365267b8c909ce7598a,ridge_corrected_41f184a29ff8_6ed147cd_f83baf57
Ridge,5,1,2021-11-01,2021-11-06,12.34,14.296398155318876,1.956398155318876,1.956398155318876,3.827493742135101,100.0,submitted_main_linear_features_H5_18col,6ed147cd585e5e8083292683f9be3cf585e97e4d46fa0e3224d24a4e2b42cbbb,f83baf5732ffbf88b9a448a3d9ab9fa270f7495fe44d1559c1ac49795a30881a,41f184a29ff88aaf275f3365267b8c909ce7598a,ridge_corrected_41f184a29ff8_6ed147cd_f83baf57
Ridge,5,1,2021-11-02,2021-11-07,13.03,14.00231298524309,0.9723129852430912,0.9723129852430912,0.9453925412723316,100.0,submitted_main_linear_features_H5_18col,6ed147cd585e5e8083292683f9be3cf585e97e4d46fa0e3224d24a4e2b42cbbb,f83baf5732ffbf88b9a448a3d9ab9fa270f7495fe44d1559c1ac49795a30881a,41f184a29ff88aaf275f3365267b8c909ce7598a,ridge_corrected_41f184a29ff8_6ed147cd_f83baf57
Ridge,5,1,2021-11-03,2021-11-08,13.2,13.897631504197372,0.6976315041973731,0.6976315041973731,0.48668971564868935,100.0,submitted_main_linear_features_H5_18col,6ed147cd585e5e8083292683f9be3cf585e97e4d46fa0e3224d24a4e2b42cbbb,f83baf5732ffbf88b9a448a3d9ab9fa270f7495fe44d1559c1ac49795a30881a,41f184a29ff88aaf275f3365267b8c909ce7598a,ridge_corrected_41f184a29ff8_6ed147cd_f83baf57
Ridge,5,1,2021-11-04,2021-11-09,14.39,13.506692688125032,-0.8833073118749688,0.8833073118749688,0.7802318072117834,100.0,submitted_main_linear_features_H5_18col,6ed147cd585e5e8083292683f9be3cf585e97e4d46fa0e3224d24a4e2b42cbbb,f83baf5732ffbf88b9a448a3d9ab9fa270f7495fe44d1559c1ac49795a30881a,41f184a29ff88aaf275f3365267b8c909ce7598a,ridge_corrected_41f184a29ff8_6ed147cd_f83baf57
Ridge,5,1,2021-11-05,2021-11-10,11.54,13.284116963821754,1.7441169638217549,1.7441169638217549,3.0419439834908166,100.0,submitted_main_linear_features_H5_18col,6ed147cd585e5e8083292683f9be3cf585e97e4d46fa0e3224d24a4e2b42cbbb,f83baf5732ffbf88b9a448a3d9ab9fa270f7495fe44d1559c1ac49795a30881a,41f184a29ff88aaf275f3365267b8c909ce7598a,ridge_corrected_41f184a29ff8_6ed147cd_f83baf57
Ridge,5,1,2021-11-06,2021-11-11,12.82,12.846606323664016,0.02660632366401572,0.02660632366401572,0.0007078964589143629,100.0,submitted_main_linear_features_H5_18col,6ed147cd585e5e8083292683f9be3cf585e97e4d46fa0e3224d24a4e2b42cbbb,f83baf5732ffbf88b9a448a3d9ab9fa270f7495fe44d1559c1ac49795a30881a,41f184a29ff88aaf275f3365267b8c909ce7598a,ridge_corrected_41f184a29ff8_6ed147cd_f83baf57
Ridge,5,1,2021-11-07,2021-11-12,13.54,12.859812760830543,-0.6801872391694559,0.6801872391694559,0.4626546803289666,100.0,submitted_main_linear_features_H5_18col,6ed147cd585e5e8083292683f9be3cf585e97e4d46fa0e3224d24a4e2b42cbbb,f83baf5732ffbf88b9a448a3d9ab9fa270f7495fe44d1559c1ac49795a30881a,41f184a29ff88aaf275f3365267b8c909ce7598a,ridge_corrected_41f184a29ff8_6ed147cd_f83baf57
Ridge,5,1,2021-11-08,2021-11-13,13.92,12.980428895828705,-0.9395711041712946,0.9395711041712946,0.8827938597936658,100.0,submitted_main_linear_features_H5_18col,6ed147cd585e5e8083292683f9be3cf585e97e4d46fa0e3224d24a4e2b42cbbb,f83baf5732ffbf88b9a448a3d9ab9fa270f7495fe44d1559c1ac49795a30881a,41f184a29ff88aaf275f3365267b8c909ce7598a,ridge_corrected_41f184a29ff8_6ed147cd_f83baf57
Ridge,5,1,2021-11-09,2021-11-14,15.8,13.210781441497858,-2.589218558502143,2.589218558502143,6.704052743691915,100.0,submitted_main_linear_features_H5_18col,6ed147cd585e5e8083292683f9be3cf585e97e4d46fa0e3224d24a4e2b42cbbb,f83baf5732ffbf88b9a448a3d9ab9fa270f7495fe44d1559c1ac49795a30881a,41f184a29ff88aaf275f3365267b8c909ce7598a,ridge_corrected_41f184a29ff8_6ed147cd_f83baf57
Ridge,5,1,2021-11-10,2021-11-15,14.69,13.439530181893373,-1.2504698181066267,1.2504698181066267,1.56367476599562,100.0,submitted_main_linear_features_H5_18col,6ed147cd585e5e8083292683f9be3cf585e97e4d46fa0e3224d24a4e2b42cbbb,f83baf5732ffbf88b9a448a3d9ab9fa270f7495fe44d1559c1ac49795a30881a,41f184a29ff88aaf275f3365267b8c909ce7598a,ridge_corrected_41f184a29ff8_6ed147cd_f83baf57
Ridge,5,1,2021-11-11,2021-11-16,12.83,13.377588474039218,0.5475884740392178,0.5475884740392178,0.29985313690059917,100.0,submitted_main_linear_features_H5_18col,6ed147cd585e5e8083292683f9be3cf585e97e4d46fa0e3224d24a4e2b42cbbb,f83baf5732ffbf88b9a448a3d9ab9fa270f7495fe44d1559c1ac49795a30881a,41f184a29ff88aaf275f3365267b8c909ce7598a,ridge_corrected_41f184a29ff8_6ed147cd_f83baf57
Ridge,5,1,2021-11-12,2021-11-17,12.32,13.534439844969564,1.2144398449695633,1.2144398449695633,1.4748641370496969,100.0,submitted_main_linear_features_H5_18col,6ed147cd585e5e8083292683f9be3cf585e97e4d46fa0e3224d24a4e2b42cbbb,f83baf5732ffbf88b9a448a3d9ab9fa270f7495fe44d1559c1ac49795a30881a,41f184a29ff88aaf275f3365267b8c909ce7598a,ridge_corrected_41f184a29ff8_6ed147cd_f83baf57
Ridge,5,1,2021-11-13,2021-11-18,17.99,13.781141204996263,-4.208858795003735,4.208858795003735,17.714492356280292,100.0,submitted_main_linear_features_H5_18col,6ed147cd585e5e8083292683f9be3cf585e97e4d46fa0e3224d24a4e2b42cbbb,f83baf5732ffbf88b9a448a3d9ab9fa270f7495fe44d1559c1ac49795a30881a,41f184a29ff88aaf275f3365267b8c909ce7598a,ridge_corrected_41f184a29ff8_6ed147cd_f83baf57
Ridge,5,1,2021-11-14,2021-11-19,17.94,13.59033380180517,-4.349666198194832,4.349666198194832,18.919596035718683,100.0,submitted_main_linear_features_H5_18col,6ed147cd585e5e8083292683f9be3cf585e97e4d46fa0e3224d24a4e2b42cbbb,f83baf5732ffbf88b9a448a3d9ab9fa270f7495fe44d1559c1ac49795a30881a,41f184a29ff88aaf275f3365267b8c909ce7598a,ridge_corrected_41f184a29ff8_6ed147cd_f83baf57
Ridge,5,1,2021-11-15,2021-11-20,11.8,13.7109902112248,1.9109902112247994,1.9109902112247994,3.6518835873970033,100.0,submitted_main_linear_features_H5_18col,6ed147cd585e5e8083292683f9be3cf585e97e4d46fa0e3224d24a4e2b42cbbb,f83baf5732ffbf88b9a448a3d9ab9fa270f7495fe44d1559c1ac49795a30881a,41f184a29ff88aaf275f3365267b8c909ce7598a,ridge_corrected_41f184a29ff8_6ed147cd_f83baf57
Ridge,5,1,2021-11-16,2021-11-21,11.89,13.369245546822306,1.4792455468223054,1.4792455468223054,2.188167387793621,100.0,submitted_main_linear_features_H5_18col,6ed147cd585e5e8083292683f9be3cf585e97e4d46fa0e3224d24a4e2b42cbbb,f83baf5732ffbf88b9a448a3d9ab9fa270f7495fe44d1559c1ac49795a30881a,41f184a29ff88aaf275f3365267b8c909ce7598a,ridge_corrected_41f184a29ff8_6ed147cd_f83baf57
Ridge,5,1,2021-11-17,2021-11-22,12.22,13.547340540454236,1.3273405404542356,1.3273405404542356,1.761832910333342,100.0,submitted_main_linear_features_H5_18col,6ed147cd585e5e8083292683f9be3cf585e97e4d46fa0e3224d24a4e2b42cbbb,f83baf5732ffbf88b9a448a3d9ab9fa270f7495fe44d1559c1ac49795a30881a,41f184a29ff88aaf275f3365267b8c909ce7598a,ridge_corrected_41f184a29ff8_6ed147cd_f83baf57
Ridge,5,1,2021-11-18,2021-11-23,13.13,13.300991973655414,0.17099197365541308,0.17099197365541308,0.02923825505457348,100.0,submitted_main_linear_features_H5_18col,6ed147cd585e5e8083292683f9be3cf585e97e4d46fa0e3224d24a4e2b42cbbb,f83baf5732ffbf88b9a448a3d9ab9fa270f7495fe44d1559c1ac49795a30881a,41f184a29ff88aaf275f3365267b8c909ce7598a,ridge_corrected_41f184a29ff8_6ed147cd_f83baf57
Ridge,5,1,2021-11-19,2021-11-24,16.36,13.912352225713644,-2.447647774286356,2.447647774286356,5.990979626968952,100.0,submitted_main_linear_features_H5_18col,6ed147cd585e5e8083292683f9be3cf585e97e4d46fa0e3224d24a4e2b42cbbb,f83baf5732ffbf88b9a448a3d9ab9fa270f7495fe44d1559c1ac49795a30881a,41f184a29ff88aaf275f3365267b8c909ce7598a,ridge_corrected_41f184a29ff8_6ed147cd_f83baf57
Ridge,5,1,2021-11-20,2021-11-25,12.85,13.422723768399093,0.5727237683990936,0.5727237683990936,0.32801251488925853,100.0,submitted_main_linear_features_H5_18col,6ed147cd585e5e8083292683f9be3cf585e97e4d46fa0e3224d24a4e2b42cbbb,f83baf5732ffbf88b9a448a3d9ab9fa270f7495fe44d1559c1ac49795a30881a,41f184a29ff88aaf275f3365267b8c909ce7598a,ridge_corrected_41f184a29ff8_6ed147cd_f83baf57
Ridge,5,1,2021-11-21,2021-11-26,11.66,12.738097707853454,1.0780977078534537,1.0780977078534537,1.1622946676788708,100.0,submitted_main_linear_features_H5_18col,6ed147cd585e5e8083292683f9be3cf585e97e4d46fa0e3224d24a4e2b42cbbb,f83baf5732ffbf88b9a448a3d9ab9fa270f7495fe44d1559c1ac49795a30881a,41f184a29ff88aaf275f3365267b8c909ce7598a,ridge_corrected_41f184a29ff8_6ed147cd_f83baf57
Ridge,5,1,2021-11-22,2021-11-27,13.7,12.6551846329854,-1.0448153670145999,1.0448153670145999,1.091639151149853,100.0,submitted_main_linear_features_H5_18col,6ed147cd585e5e8083292683f9be3cf585e97e4d46fa0e3224d24a4e2b42cbbb,f83baf5732ffbf88b9a448a3d9ab9fa270f7495fe44d1559c1ac49795a30881a,41f184a29ff88aaf275f3365267b8c909ce7598a,ridge_corrected_41f184a29ff8_6ed147cd_f83baf57
Ridge,5,1,2021-11-23,2021-11-28,13.18,12.669095707351085,-0.5109042926489149,0.5109042926489149,0.2610231962470881,100.0,submitted_main_linear_features_H5_18col,6ed147cd585e5e8083292683f9be3cf585e97e4d46fa0e3224d24a4e2b42cbbb,f83baf5732ffbf88b9a448a3d9ab9fa270f7495fe44d1559c1ac49795a30881a,41f184a29ff88aaf275f3365267b8c909ce7598a,ridge_corrected_41f184a29ff8_6ed147cd_f83baf57
Ridge,5,1,2021-11-24,2021-11-29,13.79,12.507449487732835,-1.2825505122671643,1.2825505122671643,1.6449358165167656,100.0,submitted_main_linear_features_H5_18col,6ed147cd585e5e8083292683f9be3cf585e97e4d46fa0e3224d24a4e2b42cbbb,f83baf5732ffbf88b9a448a3d9ab9fa270f7495fe44d1559c1ac49795a30881a,41f184a29ff88aaf275f3365267b8c909ce7598a,ridge_corrected_41f184a29ff8_6ed147cd_f83baf57
Ridge,5,1,2021-11-25,2021-11-30,12.22,12.451720341764847,0.2317203417648468,0.2317203417648468,0.0536943167876174,100.0,submitted_main_linear_features_H5_18col,6ed147cd585e5e8083292683f9be3cf585e97e4d46fa0e3224d24a4e2b42cbbb,f83baf5732ffbf88b9a448a3d9ab9fa270f7495fe44d1559c1ac49795a30881a,41f184a29ff88aaf275f3365267b8c909ce7598a,ridge_corrected_41f184a29ff8_6ed147cd_f83baf57
Ridge,5,1,2021-11-26,2021-12-01,10.84,11.83525693611328,0.9952569361132806,0.9952569361132806,0.9905363688815947,100.0,submitted_main_linear_features_H5_18col,6ed147cd585e5e8083292683f9be3cf585e97e4d46fa0e3224d24a4e2b42cbbb,f83baf5732ffbf88b9a448a3d9ab9fa270f7495fe44d1559c1ac49795a30881a,41f184a29ff88aaf275f3365267b8c909ce7598a,ridge_corrected_41f184a29ff8_6ed147cd_f83baf57
Ridge,5,1,2021-11-27,2021-12-02,13.37,11.937404337124756,-1.4325956628752436,1.4325956628752436,2.0523303332889586,100.0,submitted_main_linear_features_H5_18col,6ed147cd585e5e8083292683f9be3cf585e97e4d46fa0e3224d24a4e2b42cbbb,f83baf5732ffbf88b9a448a3d9ab9fa270f7495fe44d1559c1ac49795a30881a,41f184a29ff88aaf275f3365267b8c909ce7598a,ridge_corrected_41f184a29ff8_6ed147cd_f83baf57
Ridge,5,1,2021-11-28,2021-12-03,10.74,12.70086219071744,1.9608621907174406,1.9608621907174406,3.8449805309852003,100.0,submitted_main_linear_features_H5_18col,6ed147cd585e5e8083292683f9be3cf585e97e4d46fa0e3224d24a4e2b42cbbb,f83baf5732ffbf88b9a448a3d9ab9fa270f7495fe44d1559c1ac49795a30881a,41f184a29ff88aaf275f3365267b8c909ce7598a,ridge_corrected_41f184a29ff8_6ed147cd_f83baf57
Ridge,5,1,2021-11-29,2021-12-04,11.22,12.790046650060983,1.5700466500609824,1.5700466500609824,2.465046483367713,100.0,submitted_main_linear_features_H5_18col,6ed147cd585e5e8083292683f9be3cf585e97e4d46fa0e3224d24a4e2b42cbbb,f83baf5732ffbf88b9a448a3d9ab9fa270f7495fe44d1559c1ac49795a30881a,41f184a29ff88aaf275f3365267b8c909ce7598a,ridge_corrected_41f184a29ff8_6ed147cd_f83baf57
Ridge,5,1,2021-11-30,2021-12-05,8.75,12.612978554590134,3.862978554590134,3.862978554590134,14.922603313223279,100.0,submitted_main_linear_features_H5_18col,6ed147cd585e5e8083292683f9be3cf585e97e4d46fa0e3224d24a4e2b42cbbb,f83baf5732ffbf88b9a448a3d9ab9fa270f7495fe44d1559c1ac49795a30881a,41f184a29ff88aaf275f3365267b8c909ce7598a,ridge_corrected_41f184a29ff8_6ed147cd_f83baf57
Ridge,5,1,2021-12-01,2021-12-06,9.91,12.489081330883394,2.579081330883394,2.579081330883394,6.651660511311259,100.0,submitted_main_linear_features_H5_18col,6ed147cd585e5e8083292683f9be3cf585e97e4d46fa0e3224d24a4e2b42cbbb,f83baf5732ffbf88b9a448a3d9ab9fa270f7495fe44d1559c1ac49795a30881a,41f184a29ff88aaf275f3365267b8c909ce7598a,ridge_corrected_41f184a29ff8_6ed147cd_f83baf57
Ridge,5,1,2021-12-02,2021-12-07,10.34,12.6085468602141,2.2685468602140997,2.2685468602140997,5.14630485698725,100.0,submitted_main_linear_features_H5_18col,6ed147cd585e5e8083292683f9be3cf585e97e4d46fa0e3224d24a4e2b42cbbb,f83baf5732ffbf88b9a448a3d9ab9fa270f7495fe44d1559c1ac49795a30881a,41f184a29ff88aaf275f3365267b8c909ce7598a,ridge_corrected_41f184a29ff8_6ed147cd_f83baf57
Ridge,5,1,2021-12-03,2021-12-08,10.51,12.722252633100991,2.2122526331009915,2.2122526331009915,4.89406171266227,100.0,submitted_main_linear_features_H5_18col,6ed147cd585e5e8083292683f9be3cf585e97e4d46fa0e3224d24a4e2b42cbbb,f83baf5732ffbf88b9a448a3d9ab9fa270f7495fe44d1559c1ac49795a30881a,41f184a29ff88aaf275f3365267b8c909ce7598a,ridge_corrected_41f184a29ff8_6ed147cd_f83baf57
Ridge,5,1,2021-12-04,2021-12-09,11.17,12.575518883378045,1.4055188833780452,1.4055188833780452,1.975483331532267,100.0,submitted_main_linear_features_H5_18col,6ed147cd585e5e8083292683f9be3cf585e97e4d46fa0e3224d24a4e2b42cbbb,f83baf5732ffbf88b9a448a3d9ab9fa270f7495fe44d1559c1ac49795a30881a,41f184a29ff88aaf275f3365267b8c909ce7598a,ridge_corrected_41f184a29ff8_6ed147cd_f83baf57
Ridge,5,1,2021-12-05,2021-12-10,11.52,12.427371177134948,0.907371177134948,0.907371177134948,0.8233224530952611,100.0,submitted_main_linear_features_H5_18col,6ed147cd585e5e8083292683f9be3cf585e97e4d46fa0e3224d24a4e2b42cbbb,f83baf5732ffbf88b9a448a3d9ab9fa270f7495fe44d1559c1ac49795a30881a,41f184a29ff88aaf275f3365267b8c909ce7598a,ridge_corrected_41f184a29ff8_6ed147cd_f83baf57
Ridge,5,1,2021-12-06,2021-12-11,11.81,11.744868108021924,-0.06513189197807634,0.06513189197807634,0.004242163352643805,100.0,submitted_main_linear_features_H5_18col,6ed147cd585e5e8083292683f9be3cf585e97e4d46fa0e3224d24a4e2b42cbbb,f83baf5732ffbf88b9a448a3d9ab9fa270f7495fe44d1559c1ac49795a30881a,41f184a29ff88aaf275f3365267b8c909ce7598a,ridge_corrected_41f184a29ff8_6ed147cd_f83baf57
Ridge,5,1,2021-12-07,2021-12-12,12.88,12.380115601536096,-0.4998843984639052,0.4998843984639052,0.24988441182762033,100.0,submitted_main_linear_features_H5_18col,6ed147cd585e5e8083292683f9be3cf585e97e4d46fa0e3224d24a4e2b42cbbb,f83baf5732ffbf88b9a448a3d9ab9fa270f7495fe44d1559c1ac49795a30881a,41f184a29ff88aaf275f3365267b8c909ce7598a,ridge_corrected_41f184a29ff8_6ed147cd_f83baf57
Ridge,5,1,2021-12-08,2021-12-13,11.17,12.119534213489647,0.9495342134896472,0.9495342134896472,0.9016152225874029,100.0,submitted_main_linear_features_H5_18col,6ed147cd585e5e8083292683f9be3cf585e97e4d46fa0e3224d24a4e2b42cbbb,f83baf5732ffbf88b9a448a3d9ab9fa270f7495fe44d1559c1ac49795a30881a,41f184a29ff88aaf275f3365267b8c909ce7598a,ridge_corrected_41f184a29ff8_6ed147cd_f83baf57
Ridge,5,1,2021-12-09,2021-12-14,12.56,11.994513084232258,-0.5654869157677425,0.5654869157677425,0.31977545190451384,100.0,submitted_main_linear_features_H5_18col,6ed147cd585e5e8083292683f9be3cf585e97e4d46fa0e3224d24a4e2b42cbbb,f83baf5732ffbf88b9a448a3d9ab9fa270f7495fe44d1559c1ac49795a30881a,41f184a29ff88aaf275f3365267b8c909ce7598a,ridge_corrected_41f184a29ff8_6ed147cd_f83baf57
Ridge,5,1,2021-12-10,2021-12-15,12.41,11.994646520178893,-0.41535347982110693,0.41535347982110693,0.17251851319950268,100.0,submitted_main_linear_features_H5_18col,6ed147cd585e5e8083292683f9be3cf585e97e4d46fa0e3224d24a4e2b42cbbb,f83baf5732ffbf88b9a448a3d9ab9fa270f7495fe44d1559c1ac49795a30881a,41f184a29ff88aaf275f3365267b8c909ce7598a,ridge_corrected_41f184a29ff8_6ed147cd_f83baf57
Ridge,5,1,2021-12-11,2021-12-16,12.31,11.823232714417104,-0.4867672855828964,0.4867672855828964,0.236942390313741,100.0,submitted_main_linear_features_H5_18col,6ed147cd585e5e8083292683f9be3cf585e97e4d46fa0e3224d24a4e2b42cbbb,f83baf5732ffbf88b9a448a3d9ab9fa270f7495fe44d1559c1ac49795a30881a,41f184a29ff88aaf275f3365267b8c909ce7598a,ridge_corrected_41f184a29ff8_6ed147cd_f83baf57
Ridge,5,1,2021-12-12,2021-12-17,12.19,11.793641646599738,-0.39635835340026127,0.39635835340026127,0.1570999443101664,100.0,submitted_main_linear_features_H5_18col,6ed147cd585e5e8083292683f9be3cf585e97e4d46fa0e3224d24a4e2b42cbbb,f83baf5732ffbf88b9a448a3d9ab9fa270f7495fe44d1559c1ac49795a30881a,41f184a29ff88aaf275f3365267b8c909ce7598a,ridge_corrected_41f184a29ff8_6ed147cd_f83baf57
Ridge,5,1,2021-12-13,2021-12-18,13.13,12.028463491011278,-1.1015365089887226,1.1015365089887226,1.213382680635062,100.0,submitted_main_linear_features_H5_18col,6ed147cd585e5e8083292683f9be3cf585e97e4d46fa0e3224d24a4e2b42cbbb,f83baf5732ffbf88b9a448a3d9ab9fa270f7495fe44d1559c1ac49795a30881a,41f184a29ff88aaf275f3365267b8c909ce7598a,ridge_corrected_41f184a29ff8_6ed147cd_f83baf57
Ridge,5,1,2021-12-14,2021-12-19,13.1,11.80719164367912,-1.2928083563208794,1.2928083563208794,1.671353446173094,100.0,submitted_main_linear_features_H5_18col,6ed147cd585e5e8083292683f9be3cf585e97e4d46fa0e3224d24a4e2b42cbbb,f83baf5732ffbf88b9a448a3d9ab9fa270f7495fe44d1559c1ac49795a30881a,41f184a29ff88aaf275f3365267b8c909ce7598a,ridge_corrected_41f184a29ff8_6ed147cd_f83baf57
Ridge,5,1,2021-12-15,2021-12-20,11.09,12.064118126267148,0.9741181262671486,0.9741181262671486,0.9489061239222204,100.0,submitted_main_linear_features_H5_18col,6ed147cd585e5e8083292683f9be3cf585e97e4d46fa0e3224d24a4e2b42cbbb,f83baf5732ffbf88b9a448a3d9ab9fa270f7495fe44d1559c1ac49795a30881a,41f184a29ff88aaf275f3365267b8c909ce7598a,ridge_corrected_41f184a29ff8_6ed147cd_f83baf57
Ridge,5,1,2021-12-16,2021-12-21,11.57,12.119967561951697,0.5499675619516964,0.5499675619516964,0.302464319199093,100.0,submitted_main_linear_features_H5_18col,6ed147cd585e5e8083292683f9be3cf585e97e4d46fa0e3224d24a4e2b42cbbb,f83baf5732ffbf88b9a448a3d9ab9fa270f7495fe44d1559c1ac49795a30881a,41f184a29ff88aaf275f3365267b8c909ce7598a,ridge_corrected_41f184a29ff8_6ed147cd_f83baf57
Ridge,5,1,2021-12-17,2021-12-22,12.64,12.352890707648253,-0.2871092923517473,0.2871092923517473,0.0824317457547211,100.0,submitted_main_linear_features_H5_18col,6ed147cd585e5e8083292683f9be3cf585e97e4d46fa0e3224d24a4e2b42cbbb,f83baf5732ffbf88b9a448a3d9ab9fa270f7495fe44d1559c1ac49795a30881a,41f184a29ff88aaf275f3365267b8c909ce7598a,ridge_corrected_41f184a29ff8_6ed147cd_f83baf57
Ridge,5,1,2021-12-18,2021-12-23,17.51,12.261654311109165,-5.248345688890836,5.248345688890836,27.545132470099027,100.0,submitted_main_linear_features_H5_18col,6ed147cd585e5e8083292683f9be3cf585e97e4d46fa0e3224d24a4e2b42cbbb,f83baf5732ffbf88b9a448a3d9ab9fa270f7495fe44d1559c1ac49795a30881a,41f184a29ff88aaf275f3365267b8c909ce7598a,ridge_corrected_41f184a29ff8_6ed147cd_f83baf57
Ridge,5,1,2021-12-19,2021-12-24,17.98,12.353766965643167,-5.626233034356833,5.626233034356833,31.654498156888096,100.0,submitted_main_linear_features_H5_18col,6ed147cd585e5e8083292683f9be3cf585e97e4d46fa0e3224d24a4e2b42cbbb,f83baf5732ffbf88b9a448a3d9ab9fa270f7495fe44d1559c1ac49795a30881a,41f184a29ff88aaf275f3365267b8c909ce7598a,ridge_corrected_41f184a29ff8_6ed147cd_f83baf57
Ridge,5,1,2021-12-20,2021-12-25,13.07,12.124764816568442,-0.9452351834315582,0.9452351834315582,0.8934695519968915,100.0,submitted_main_linear_features_H5_18col,6ed147cd585e5e8083292683f9be3cf585e97e4d46fa0e3224d24a4e2b42cbbb,f83baf5732ffbf88b9a448a3d9ab9fa270f7495fe44d1559c1ac49795a30881a,41f184a29ff88aaf275f3365267b8c909ce7598a,ridge_corrected_41f184a29ff8_6ed147cd_f83baf57
Ridge,5,1,2021-12-21,2021-12-26,12.36,11.739723761365822,-0.6202762386341778,0.6202762386341778,0.3847426122141635,100.0,submitted_main_linear_features_H5_18col,6ed147cd585e5e8083292683f9be3cf585e97e4d46fa0e3224d24a4e2b42cbbb,f83baf5732ffbf88b9a448a3d9ab9fa270f7495fe44d1559c1ac49795a30881a,41f184a29ff88aaf275f3365267b8c909ce7598a,ridge_corrected_41f184a29ff8_6ed147cd_f83baf57
Ridge,5,1,2021-12-22,2021-12-27,11.88,12.232529676229065,0.3525296762290644,0.3525296762290644,0.12427717262216897,100.0,submitted_main_linear_features_H5_18col,6ed147cd585e5e8083292683f9be3cf585e97e4d46fa0e3224d24a4e2b42cbbb,f83baf5732ffbf88b9a448a3d9ab9fa270f7495fe44d1559c1ac49795a30881a,41f184a29ff88aaf275f3365267b8c909ce7598a,ridge_corrected_41f184a29ff8_6ed147cd_f83baf57
Ridge,5,1,2021-12-23,2021-12-28,12.06,12.686481801158989,0.6264818011589881,0.6264818011589881,0.39247944718340994,100.0,submitted_main_linear_features_H5_18col,6ed147cd585e5e8083292683f9be3cf585e97e4d46fa0e3224d24a4e2b42cbbb,f83baf5732ffbf88b9a448a3d9ab9fa270f7495fe44d1559c1ac49795a30881a,41f184a29ff88aaf275f3365267b8c909ce7598a,ridge_corrected_41f184a29ff8_6ed147cd_f83baf57
Ridge,5,1,2021-12-24,2021-12-29,11.48,12.687983154475136,1.2079831544751354,1.2079831544751354,1.4592233014956988,100.0,submitted_main_linear_features_H5_18col,6ed147cd585e5e8083292683f9be3cf585e97e4d46fa0e3224d24a4e2b42cbbb,f83baf5732ffbf88b9a448a3d9ab9fa270f7495fe44d1559c1ac49795a30881a,41f184a29ff88aaf275f3365267b8c909ce7598a,ridge_corrected_41f184a29ff8_6ed147cd_f83baf57
Ridge,5,1,2021-12-25,2021-12-30,11.02,12.9957143776753,1.9757143776753008,1.9757143776753008,3.9034473021529013,100.0,submitted_main_linear_features_H5_18col,6ed147cd585e5e8083292683f9be3cf585e97e4d46fa0e3224d24a4e2b42cbbb,f83baf5732ffbf88b9a448a3d9ab9fa270f7495fe44d1559c1ac49795a30881a,41f184a29ff88aaf275f3365267b8c909ce7598a,ridge_corrected_41f184a29ff8_6ed147cd_f83baf57
Ridge,5,1,2021-12-26,2021-12-31,12.37,12.586502142937645,0.21650214293764591,0.21650214293764591,0.046873177896592864,100.0,submitted_main_linear_features_H5_18col,6ed147cd585e5e8083292683f9be3cf585e97e4d46fa0e3224d24a4e2b42cbbb,f83baf5732ffbf88b9a448a3d9ab9fa270f7495fe44d1559c1ac49795a30881a,41f184a29ff88aaf275f3365267b8c909ce7598a,ridge_corrected_41f184a29ff8_6ed147cd_f83baf57
Ridge,5,1,2021-12-27,2022-01-01,13.37,12.61734503816938,-0.7526549618306184,0.7526549618306184,0.5664894915682497,100.0,submitted_main_linear_features_H5_18col,6ed147cd585e5e8083292683f9be3cf585e97e4d46fa0e3224d24a4e2b42cbbb,f83baf5732ffbf88b9a448a3d9ab9fa270f7495fe44d1559c1ac49795a30881a,41f184a29ff88aaf275f3365267b8c909ce7598a,ridge_corrected_41f184a29ff8_6ed147cd_f83baf57
Ridge,5,1,2021-12-28,2022-01-02,12.34,12.452012271689325,0.11201227168932526,0.11201227168932526,0.012546749009003218,100.0,submitted_main_linear_features_H5_18col,6ed147cd585e5e8083292683f9be3cf585e97e4d46fa0e3224d24a4e2b42cbbb,f83baf5732ffbf88b9a448a3d9ab9fa270f7495fe44d1559c1ac49795a30881a,41f184a29ff88aaf275f3365267b8c909ce7598a,ridge_corrected_41f184a29ff8_6ed147cd_f83baf57
Ridge,5,1,2021-12-29,2022-01-03,12.28,12.77089047048195,0.49089047048195056,0.49089047048195056,0.24097345400999076,100.0,submitted_main_linear_features_H5_18col,6ed147cd585e5e8083292683f9be3cf585e97e4d46fa0e3224d24a4e2b42cbbb,f83baf5732ffbf88b9a448a3d9ab9fa270f7495fe44d1559c1ac49795a30881a,41f184a29ff88aaf275f3365267b8c909ce7598a,ridge_corrected_41f184a29ff8_6ed147cd_f83baf57
Ridge,5,1,2021-12-30,2022-01-04,12.84,12.575461761528008,-0.2645382384719923,0.2645382384719923,0.06998047961386468,100.0,submitted_main_linear_features_H5_18col,6ed147cd585e5e8083292683f9be3cf585e97e4d46fa0e3224d24a4e2b42cbbb,f83baf5732ffbf88b9a448a3d9ab9fa270f7495fe44d1559c1ac49795a30881a,41f184a29ff88aaf275f3365267b8c909ce7598a,ridge_corrected_41f184a29ff8_6ed147cd_f83baf57
Ridge,5,1,2021-12-31,2022-01-05,12.52,12.497250833190051,-0.022749166809948207,0.022749166809948207,0.000517524590546849,100.0,submitted_main_linear_features_H5_18col,6ed147cd585e5e8083292683f9be3cf585e97e4d46fa0e3224d24a4e2b42cbbb,f83baf5732ffbf88b9a448a3d9ab9fa270f7495fe44d1559c1ac49795a30881a,41f184a29ff88aaf275f3365267b8c909ce7598a,ridge_corrected_41f184a29ff8_6ed147cd_f83baf57
Ridge,5,1,2022-01-01,2022-01-06,12.79,12.547515138172672,-0.24248486182732698,0.24248486182732698,0.058798908215417854,100.0,submitted_main_linear_features_H5_18col,6ed147cd585e5e8083292683f9be3cf585e97e4d46fa0e3224d24a4e2b42cbbb,f83baf5732ffbf88b9a448a3d9ab9fa270f7495fe44d1559c1ac49795a30881a,41f184a29ff88aaf275f3365267b8c909ce7598a,ridge_corrected_41f184a29ff8_6ed147cd_f83baf57
Ridge,5,1,2022-01-02,2022-01-07,13.93,12.638445155166618,-1.2915548448333816,1.2915548448333816,1.6681139172125803,100.0,submitted_main_linear_features_H5_18col,6ed147cd585e5e8083292683f9be3cf585e97e4d46fa0e3224d24a4e2b42cbbb,f83baf5732ffbf88b9a448a3d9ab9fa270f7495fe44d1559c1ac49795a30881a,41f184a29ff88aaf275f3365267b8c909ce7598a,ridge_corrected_41f184a29ff8_6ed147cd_f83baf57
Ridge,5,1,2022-01-03,2022-01-08,14.05,12.315411348517408,-1.7345886514825928,1.7345886514825928,3.0087977898521996,100.0,submitted_main_linear_features_H5_18col,6ed147cd585e5e8083292683f9be3cf585e97e4d46fa0e3224d24a4e2b42cbbb,f83baf5732ffbf88b9a448a3d9ab9fa270f7495fe44d1559c1ac49795a30881a,41f184a29ff88aaf275f3365267b8c909ce7598a,ridge_corrected_41f184a29ff8_6ed147cd_f83baf57
Ridge,5,1,2022-01-04,2022-01-09,11.8,12.412366588491695,0.6123665884916942,0.6123665884916942,0.37499283870095595,100.0,submitted_main_linear_features_H5_18col,6ed147cd585e5e8083292683f9be3cf585e97e4d46fa0e3224d24a4e2b42cbbb,f83baf5732ffbf88b9a448a3d9ab9fa270f7495fe44d1559c1ac49795a30881a,41f184a29ff88aaf275f3365267b8c909ce7598a,ridge_corrected_41f184a29ff8_6ed147cd_f83baf57
Ridge,5,1,2022-01-05,2022-01-10,12.13,12.602987887640678,0.47298788764067723,0.47298788764067723,0.2237175418547899,100.0,submitted_main_linear_features_H5_18col,6ed147cd585e5e8083292683f9be3cf585e97e4d46fa0e3224d24a4e2b42cbbb,f83baf5732ffbf88b9a448a3d9ab9fa270f7495fe44d1559c1ac49795a30881a,41f184a29ff88aaf275f3365267b8c909ce7598a,ridge_corrected_41f184a29ff8_6ed147cd_f83baf57
Ridge,5,1,2022-01-06,2022-01-11,11.1,12.525746136403352,1.4257461364033528,1.4257461364033528,2.032752045469088,100.0,submitted_main_linear_features_H5_18col,6ed147cd585e5e8083292683f9be3cf585e97e4d46fa0e3224d24a4e2b42cbbb,f83baf5732ffbf88b9a448a3d9ab9fa270f7495fe44d1559c1ac49795a30881a,41f184a29ff88aaf275f3365267b8c909ce7598a,ridge_corrected_41f184a29ff8_6ed147cd_f83baf57
Ridge,5,1,2022-01-07,2022-01-12,12.55,12.112492835870846,-0.4375071641291548,0.4375071641291548,0.1914125186643352,100.0,submitted_main_linear_features_H5_18col,6ed147cd585e5e8083292683f9be3cf585e97e4d46fa0e3224d24a4e2b42cbbb,f83baf5732ffbf88b9a448a3d9ab9fa270f7495fe44d1559c1ac49795a30881a,41f184a29ff88aaf275f3365267b8c909ce7598a,ridge_corrected_41f184a29ff8_6ed147cd_f83baf57
Ridge,5,1,2022-01-08,2022-01-13,15.31,12.270366835674867,-3.0396331643251333,3.0396331643251333,9.239369773665222,100.0,submitted_main_linear_features_H5_18col,6ed147cd585e5e8083292683f9be3cf585e97e4d46fa0e3224d24a4e2b42cbbb,f83baf5732ffbf88b9a448a3d9ab9fa270f7495fe44d1559c1ac49795a30881a,41f184a29ff88aaf275f3365267b8c909ce7598a,ridge_corrected_41f184a29ff8_6ed147cd_f83baf57
Ridge,5,1,2022-01-09,2022-01-14,15.32,12.358390817490989,-2.9616091825090116,2.9616091825090116,8.771128949921696,100.0,submitted_main_linear_features_H5_18col,6ed147cd585e5e8083292683f9be3cf585e97e4d46fa0e3224d24a4e2b42cbbb,f83baf5732ffbf88b9a448a3d9ab9fa270f7495fe44d1559c1ac49795a30881a,41f184a29ff88aaf275f3365267b8c909ce7598a,ridge_corrected_41f184a29ff8_6ed147cd_f83baf57
Ridge,5,1,2022-01-10,2022-01-15,13.61,12.171458349413145,-1.4385416505868545,1.4385416505868545,2.069402080473152,100.0,submitted_main_linear_features_H5_18col,6ed147cd585e5e8083292683f9be3cf585e97e4d46fa0e3224d24a4e2b42cbbb,f83baf5732ffbf88b9a448a3d9ab9fa270f7495fe44d1559c1ac49795a30881a,41f184a29ff88aaf275f3365267b8c909ce7598a,ridge_corrected_41f184a29ff8_6ed147cd_f83baf57
Ridge,5,1,2022-01-11,2022-01-16,10.99,12.655300914422865,1.6653009144228648,1.6653009144228648,2.7732271355776295,100.0,submitted_main_linear_features_H5_18col,6ed147cd585e5e8083292683f9be3cf585e97e4d46fa0e3224d24a4e2b42cbbb,f83baf5732ffbf88b9a448a3d9ab9fa270f7495fe44d1559c1ac49795a30881a,41f184a29ff88aaf275f3365267b8c909ce7598a,ridge_corrected_41f184a29ff8_6ed147cd_f83baf57
Ridge,5,1,2022-01-12,2022-01-17,12.86,12.18271005249652,-0.6772899475034801,0.6772899475034801,0.4587216729892669,100.0,submitted_main_linear_features_H5_18col,6ed147cd585e5e8083292683f9be3cf585e97e4d46fa0e3224d24a4e2b42cbbb,f83baf5732ffbf88b9a448a3d9ab9fa270f7495fe44d1559c1ac49795a30881a,41f184a29ff88aaf275f3365267b8c909ce7598a,ridge_corrected_41f184a29ff8_6ed147cd_f83baf57
Ridge,5,1,2022-01-13,2022-01-18,11.89,12.461045342358306,0.5710453423583051,0.5710453423583051,0.3260927830291138,100.0,submitted_main_linear_features_H5_18col,6ed147cd585e5e8083292683f9be3cf585e97e4d46fa0e3224d24a4e2b42cbbb,f83baf5732ffbf88b9a448a3d9ab9fa270f7495fe44d1559c1ac49795a30881a,41f184a29ff88aaf275f3365267b8c909ce7598a,ridge_corrected_41f184a29ff8_6ed147cd_f83baf57
Ridge,5,1,2022-01-14,2022-01-19,14.33,12.609081239109242,-1.7209187608907577,1.7209187608907577,2.961561381585781,100.0,submitted_main_linear_features_H5_18col,6ed147cd585e5e8083292683f9be3cf585e97e4d46fa0e3224d24a4e2b42cbbb,f83baf5732ffbf88b9a448a3d9ab9fa270f7495fe44d1559c1ac49795a30881a,41f184a29ff88aaf275f3365267b8c909ce7598a,ridge_corrected_41f184a29ff8_6ed147cd_f83baf57
Ridge,5,1,2022-01-15,2022-01-20,12.26,12.454935263737582,0.19493526373758208,0.19493526373758208,0.037999757048440684,100.0,submitted_main_linear_features_H5_18col,6ed147cd585e5e8083292683f9be3cf585e97e4d46fa0e3224d24a4e2b42cbbb,f83baf5732ffbf88b9a448a3d9ab9fa270f7495fe44d1559c1ac49795a30881a,41f184a29ff88aaf275f3365267b8c909ce7598a,ridge_corrected_41f184a29ff8_6ed147cd_f83baf57
Ridge,5,1,2022-01-16,2022-01-21,13.07,12.313617696528551,-0.7563823034714492,0.7563823034714492,0.5721141890047755,100.0,submitted_main_linear_features_H5_18col,6ed147cd585e5e8083292683f9be3cf585e97e4d46fa0e3224d24a4e2b42cbbb,f83baf5732ffbf88b9a448a3d9ab9fa270f7495fe44d1559c1ac49795a30881a,41f184a29ff88aaf275f3365267b8c909ce7598a,ridge_corrected_41f184a29ff8_6ed147cd_f83baf57
Ridge,5,1,2022-01-17,2022-01-22,12.98,12.06187157594506,-0.9181284240549399,0.9181284240549399,0.8429598030576075,100.0,submitted_main_linear_features_H5_18col,6ed147cd585e5e8083292683f9be3cf585e97e4d46fa0e3224d24a4e2b42cbbb,f83baf5732ffbf88b9a448a3d9ab9fa270f7495fe44d1559c1ac49795a30881a,41f184a29ff88aaf275f3365267b8c909ce7598a,ridge_corrected_41f184a29ff8_6ed147cd_f83baf57
Ridge,5,1,2022-01-18,2022-01-23,13.62,12.338094725054146,-1.2819052749458528,1.2819052749458528,1.6432811339340025,100.0,submitted_main_linear_features_H5_18col,6ed147cd585e5e8083292683f9be3cf585e97e4d46fa0e3224d24a4e2b42cbbb,f83baf5732ffbf88b9a448a3d9ab9fa270f7495fe44d1559c1ac49795a30881a,41f184a29ff88aaf275f3365267b8c909ce7598a,ridge_corrected_41f184a29ff8_6ed147cd_f83baf57
Ridge,5,1,2022-01-19,2022-01-24,11.05,12.26253927432513,1.2125392743251293,1.2125392743251293,1.4702514917809113,100.0,submitted_main_linear_features_H5_18col,6ed147cd585e5e8083292683f9be3cf585e97e4d46fa0e3224d24a4e2b42cbbb,f83baf5732ffbf88b9a448a3d9ab9fa270f7495fe44d1559c1ac49795a30881a,41f184a29ff88aaf275f3365267b8c909ce7598a,ridge_corrected_41f184a29ff8_6ed147cd_f83baf57
Ridge,5,1,2022-01-20,2022-01-25,11.05,12.926938118103225,1.876938118103224,1.876938118103224,3.5228966991888724,100.0,submitted_main_linear_features_H5_18col,6ed147cd585e5e8083292683f9be3cf585e97e4d46fa0e3224d24a4e2b42cbbb,f83baf5732ffbf88b9a448a3d9ab9fa270f7495fe44d1559c1ac49795a30881a,41f184a29ff88aaf275f3365267b8c909ce7598a,ridge_corrected_41f184a29ff8_6ed147cd_f83baf57
Ridge,5,1,2022-01-21,2022-01-26,15.6,12.349470537742507,-3.250529462257493,3.250529462257493,10.565941785003986,100.0,submitted_main_linear_features_H5_18col,6ed147cd585e5e8083292683f9be3cf585e97e4d46fa0e3224d24a4e2b42cbbb,f83baf5732ffbf88b9a448a3d9ab9fa270f7495fe44d1559c1ac49795a30881a,41f184a29ff88aaf275f3365267b8c909ce7598a,ridge_corrected_41f184a29ff8_6ed147cd_f83baf57
Ridge,5,1,2022-01-22,2022-01-27,15.83,12.59860710337172,-3.2313928966282806,3.2313928966282806,10.44190005237971,100.0,submitted_main_linear_features_H5_18col,6ed147cd585e5e8083292683f9be3cf585e97e4d46fa0e3224d24a4e2b42cbbb,f83baf5732ffbf88b9a448a3d9ab9fa270f7495fe44d1559c1ac49795a30881a,41f184a29ff88aaf275f3365267b8c909ce7598a,ridge_corrected_41f184a29ff8_6ed147cd_f83baf57
Ridge,5,1,2022-01-23,2022-01-28,17.57,12.434671681586531,-5.135328318413469,5.135328318413469,26.37159693789931,100.0,submitted_main_linear_features_H5_18col,6ed147cd585e5e8083292683f9be3cf585e97e4d46fa0e3224d24a4e2b42cbbb,f83baf5732ffbf88b9a448a3d9ab9fa270f7495fe44d1559c1ac49795a30881a,41f184a29ff88aaf275f3365267b8c909ce7598a,ridge_corrected_41f184a29ff8_6ed147cd_f83baf57
Ridge,5,1,2022-01-24,2022-01-29,17.94,12.385408323411227,-5.554591676588775,5.554591676588775,30.853488693629295,100.0,submitted_main_linear_features_H5_18col,6ed147cd585e5e8083292683f9be3cf585e97e4d46fa0e3224d24a4e2b42cbbb,f83baf5732ffbf88b9a448a3d9ab9fa270f7495fe44d1559c1ac49795a30881a,41f184a29ff88aaf275f3365267b8c909ce7598a,ridge_corrected_41f184a29ff8_6ed147cd_f83baf57
Ridge,5,1,2022-01-25,2022-01-30,15.82,12.220739950828627,-3.5992600491713738,3.5992600491713738,12.95467290156112,100.0,submitted_main_linear_features_H5_18col,6ed147cd585e5e8083292683f9be3cf585e97e4d46fa0e3224d24a4e2b42cbbb,f83baf5732ffbf88b9a448a3d9ab9fa270f7495fe44d1559c1ac49795a30881a,41f184a29ff88aaf275f3365267b8c909ce7598a,ridge_corrected_41f184a29ff8_6ed147cd_f83baf57
Ridge,5,1,2022-01-26,2022-01-31,17.88,11.805233919639251,-6.074766080360748,6.074766080360748,36.902782931101484,100.0,submitted_main_linear_features_H5_18col,6ed147cd585e5e8083292683f9be3cf585e97e4d46fa0e3224d24a4e2b42cbbb,f83baf5732ffbf88b9a448a3d9ab9fa270f7495fe44d1559c1ac49795a30881a,41f184a29ff88aaf275f3365267b8c909ce7598a,ridge_corrected_41f184a29ff8_6ed147cd_f83baf57
Ridge,5,1,2022-01-27,2022-02-01,17.53,12.254700086878215,-5.275299913121787,5.275299913121787,27.82878917338273,100.0,submitted_main_linear_features_H5_18col,6ed147cd585e5e8083292683f9be3cf585e97e4d46fa0e3224d24a4e2b42cbbb,f83baf5732ffbf88b9a448a3d9ab9fa270f7495fe44d1559c1ac49795a30881a,41f184a29ff88aaf275f3365267b8c909ce7598a,ridge_corrected_41f184a29ff8_6ed147cd_f83baf57
Ridge,5,1,2022-01-28,2022-02-02,16.85,12.594110620972808,-4.255889379027193,4.255889379027193,18.11259440651647,100.0,submitted_main_linear_features_H5_18col,6ed147cd585e5e8083292683f9be3cf585e97e4d46fa0e3224d24a4e2b42cbbb,f83baf5732ffbf88b9a448a3d9ab9fa270f7495fe44d1559c1ac49795a30881a,41f184a29ff88aaf275f3365267b8c909ce7598a,ridge_corrected_41f184a29ff8_6ed147cd_f83baf57
Ridge,5,1,2022-01-29,2022-02-03,15.86,12.846944616115481,-3.0130553838845184,3.0130553838845184,9.078502746355483,100.0,submitted_main_linear_features_H5_18col,6ed147cd585e5e8083292683f9be3cf585e97e4d46fa0e3224d24a4e2b42cbbb,f83baf5732ffbf88b9a448a3d9ab9fa270f7495fe44d1559c1ac49795a30881a,41f184a29ff88aaf275f3365267b8c909ce7598a,ridge_corrected_41f184a29ff8_6ed147cd_f83baf57
Ridge,5,1,2022-01-30,2022-02-04,14.95,12.883442675432974,-2.0665573245670252,2.0665573245670252,4.2706591757216215,100.0,submitted_main_linear_features_H5_18col,6ed147cd585e5e8083292683f9be3cf585e97e4d46fa0e3224d24a4e2b42cbbb,f83baf5732ffbf88b9a448a3d9ab9fa270f7495fe44d1559c1ac49795a30881a,41f184a29ff88aaf275f3365267b8c909ce7598a,ridge_corrected_41f184a29ff8_6ed147cd_f83baf57
Ridge,5,1,2022-01-31,2022-02-05,16.84,12.843154017851623,-3.9968459821483773,3.9968459821483773,15.974777805015627,100.0,submitted_main_linear_features_H5_18col,6ed147cd585e5e8083292683f9be3cf585e97e4d46fa0e3224d24a4e2b42cbbb,f83baf5732ffbf88b9a448a3d9ab9fa270f7495fe44d1559c1ac49795a30881a,41f184a29ff88aaf275f3365267b8c909ce7598a,ridge_corrected_41f184a29ff8_6ed147cd_f83baf57
Ridge,5,1,2022-02-01,2022-02-06,16.4,13.15938831583787,-3.240611684162129,3.240611684162129,10.501564087528111,100.0,submitted_main_linear_features_H5_18col,6ed147cd585e5e8083292683f9be3cf585e97e4d46fa0e3224d24a4e2b42cbbb,f83baf5732ffbf88b9a448a3d9ab9fa270f7495fe44d1559c1ac49795a30881a,41f184a29ff88aaf275f3365267b8c909ce7598a,ridge_corrected_41f184a29ff8_6ed147cd_f83baf57
Ridge,5,1,2022-02-02,2022-02-07,16.34,12.947798380613046,-3.392201619386954,3.392201619386954,11.507031826571474,100.0,submitted_main_linear_features_H5_18col,6ed147cd585e5e8083292683f9be3cf585e97e4d46fa0e3224d24a4e2b42cbbb,f83baf5732ffbf88b9a448a3d9ab9fa270f7495fe44d1559c1ac49795a30881a,41f184a29ff88aaf275f3365267b8c909ce7598a,ridge_corrected_41f184a29ff8_6ed147cd_f83baf57
Ridge,5,1,2022-02-03,2022-02-08,17.09,12.874460844794232,-4.215539155205768,4.215539155205768,17.77077036907296,100.0,submitted_main_linear_features_H5_18col,6ed147cd585e5e8083292683f9be3cf585e97e4d46fa0e3224d24a4e2b42cbbb,f83baf5732ffbf88b9a448a3d9ab9fa270f7495fe44d1559c1ac49795a30881a,41f184a29ff88aaf275f3365267b8c909ce7598a,ridge_corrected_41f184a29ff8_6ed147cd_f83baf57
Ridge,5,1,2022-02-04,2022-02-09,16.3,12.548363600812532,-3.7516363991874684,3.7516363991874684,14.074775671708313,100.0,submitted_main_linear_features_H5_18col,6ed147cd585e5e8083292683f9be3cf585e97e4d46fa0e3224d24a4e2b42cbbb,f83baf5732ffbf88b9a448a3d9ab9fa270f7495fe44d1559c1ac49795a30881a,41f184a29ff88aaf275f3365267b8c909ce7598a,ridge_corrected_41f184a29ff8_6ed147cd_f83baf57
Ridge,5,1,2022-02-05,2022-02-10,16.4,12.667949809763819,-3.73205019023618,3.73205019023618,13.928198622441906,100.0,submitted_main_linear_features_H5_18col,6ed147cd585e5e8083292683f9be3cf585e97e4d46fa0e3224d24a4e2b42cbbb,f83baf5732ffbf88b9a448a3d9ab9fa270f7495fe44d1559c1ac49795a30881a,41f184a29ff88aaf275f3365267b8c909ce7598a,ridge_corrected_41f184a29ff8_6ed147cd_f83baf57
Ridge,5,1,2022-02-06,2022-02-11,15.29,12.695705859345539,-2.59429414065446,2.59429414065446,6.730362088234064,100.0,submitted_main_linear_features_H5_18col,6ed147cd585e5e8083292683f9be3cf585e97e4d46fa0e3224d24a4e2b42cbbb,f83baf5732ffbf88b9a448a3d9ab9fa270f7495fe44d1559c1ac49795a30881a,41f184a29ff88aaf275f3365267b8c909ce7598a,ridge_corrected_41f184a29ff8_6ed147cd_f83baf57
Ridge,5,1,2022-02-07,2022-02-12,16.08,12.637561495042553,-3.4424385049574457,3.4424385049574457,11.850382860413655,100.0,submitted_main_linear_features_H5_18col,6ed147cd585e5e8083292683f9be3cf585e97e4d46fa0e3224d24a4e2b42cbbb,f83baf5732ffbf88b9a448a3d9ab9fa270f7495fe44d1559c1ac49795a30881a,41f184a29ff88aaf275f3365267b8c909ce7598a,ridge_corrected_41f184a29ff8_6ed147cd_f83baf57
Ridge,5,1,2022-02-08,2022-02-13,16.36,12.700708959552667,-3.659291040447332,3.659291040447332,13.39041091869812,100.0,submitted_main_linear_features_H5_18col,6ed147cd585e5e8083292683f9be3cf585e97e4d46fa0e3224d24a4e2b42cbbb,f83baf5732ffbf88b9a448a3d9ab9fa270f7495fe44d1559c1ac49795a30881a,41f184a29ff88aaf275f3365267b8c909ce7598a,ridge_corrected_41f184a29ff8_6ed147cd_f83baf57
Ridge,5,1,2022-02-09,2022-02-14,14.56,12.565497537279368,-1.9945024627206323,1.9945024627206323,3.978040073798667,100.0,submitted_main_linear_features_H5_18col,6ed147cd585e5e8083292683f9be3cf585e97e4d46fa0e3224d24a4e2b42cbbb,f83baf5732ffbf88b9a448a3d9ab9fa270f7495fe44d1559c1ac49795a30881a,41f184a29ff88aaf275f3365267b8c909ce7598a,ridge_corrected_41f184a29ff8_6ed147cd_f83baf57
Ridge,5,1,2022-02-10,2022-02-15,14.23,12.346198245028996,-1.8838017549710049,1.8838017549710049,3.548709052031838,100.0,submitted_main_linear_features_H5_18col,6ed147cd585e5e8083292683f9be3cf585e97e4d46fa0e3224d24a4e2b42cbbb,f83baf5732ffbf88b9a448a3d9ab9fa270f7495fe44d1559c1ac49795a30881a,41f184a29ff88aaf275f3365267b8c909ce7598a,ridge_corrected_41f184a29ff8_6ed147cd_f83baf57
Ridge,5,1,2022-02-11,2022-02-16,15.74,12.199748757463897,-3.540251242536103,3.540251242536103,12.53337886027842,100.0,submitted_main_linear_features_H5_18col,6ed147cd585e5e8083292683f9be3cf585e97e4d46fa0e3224d24a4e2b42cbbb,f83baf5732ffbf88b9a448a3d9ab9fa270f7495fe44d1559c1ac49795a30881a,41f184a29ff88aaf275f3365267b8c909ce7598a,ridge_corrected_41f184a29ff8_6ed147cd_f83baf57
Ridge,5,1,2022-02-12,2022-02-17,16.45,12.41797268320888,-4.032027316791119,4.032027316791119,16.25724428334979,100.0,submitted_main_linear_features_H5_18col,6ed147cd585e5e8083292683f9be3cf585e97e4d46fa0e3224d24a4e2b42cbbb,f83baf5732ffbf88b9a448a3d9ab9fa270f7495fe44d1559c1ac49795a30881a,41f184a29ff88aaf275f3365267b8c909ce7598a,ridge_corrected_41f184a29ff8_6ed147cd_f83baf57
Ridge,5,1,2022-02-13,2022-02-18,14.24,12.497433936735218,-1.742566063264782,1.742566063264782,3.03653648484212,100.0,submitted_main_linear_features_H5_18col,6ed147cd585e5e8083292683f9be3cf585e97e4d46fa0e3224d24a4e2b42cbbb,f83baf5732ffbf88b9a448a3d9ab9fa270f7495fe44d1559c1ac49795a30881a,41f184a29ff88aaf275f3365267b8c909ce7598a,ridge_corrected_41f184a29ff8_6ed147cd_f83baf57
Ridge,5,1,2022-02-14,2022-02-19,14.83,12.603131984153283,-2.2268680158467173,2.2268680158467173,4.958941160001096,100.0,submitted_main_linear_features_H5_18col,6ed147cd585e5e8083292683f9be3cf585e97e4d46fa0e3224d24a4e2b42cbbb,f83baf5732ffbf88b9a448a3d9ab9fa270f7495fe44d1559c1ac49795a30881a,41f184a29ff88aaf275f3365267b8c909ce7598a,ridge_corrected_41f184a29ff8_6ed147cd_f83baf57
Ridge,5,1,2022-02-15,2022-02-20,14.17,12.398034031492195,-1.7719659685078053,1.7719659685078053,3.1398633935498044,100.0,submitted_main_linear_features_H5_18col,6ed147cd585e5e8083292683f9be3cf585e97e4d46fa0e3224d24a4e2b42cbbb,f83baf5732ffbf88b9a448a3d9ab9fa270f7495fe44d1559c1ac49795a30881a,41f184a29ff88aaf275f3365267b8c909ce7598a,ridge_corrected_41f184a29ff8_6ed147cd_f83baf57
Ridge,5,1,2022-02-16,2022-02-21,12.42,12.36177587476508,-0.058224125234920265,0.058224125234920265,0.003390048759371679,100.0,submitted_main_linear_features_H5_18col,6ed147cd585e5e8083292683f9be3cf585e97e4d46fa0e3224d24a4e2b42cbbb,f83baf5732ffbf88b9a448a3d9ab9fa270f7495fe44d1559c1ac49795a30881a,41f184a29ff88aaf275f3365267b8c909ce7598a,ridge_corrected_41f184a29ff8_6ed147cd_f83baf57
Ridge,5,1,2022-02-17,2022-02-22,11.98,13.017708235251867,1.0377082352518663,1.0377082352518663,1.0768383815095426,100.0,submitted_main_linear_features_H5_18col,6ed147cd585e5e8083292683f9be3cf585e97e4d46fa0e3224d24a4e2b42cbbb,f83baf5732ffbf88b9a448a3d9ab9fa270f7495fe44d1559c1ac49795a30881a,41f184a29ff88aaf275f3365267b8c909ce7598a,ridge_corrected_41f184a29ff8_6ed147cd_f83baf57
Ridge,5,1,2022-02-18,2022-02-23,13.84,13.348374735995218,-0.49162526400478157,0.49162526400478157,0.24169540020777117,100.0,submitted_main_linear_features_H5_18col,6ed147cd585e5e8083292683f9be3cf585e97e4d46fa0e3224d24a4e2b42cbbb,f83baf5732ffbf88b9a448a3d9ab9fa270f7495fe44d1559c1ac49795a30881a,41f184a29ff88aaf275f3365267b8c909ce7598a,ridge_corrected_41f184a29ff8_6ed147cd_f83baf57
Ridge,5,1,2022-02-19,2022-02-24,13.06,13.059391945695275,-0.0006080543047257692,0.0006080543047257692,3.697300374955385e-07,100.0,submitted_main_linear_features_H5_18col,6ed147cd585e5e8083292683f9be3cf585e97e4d46fa0e3224d24a4e2b42cbbb,f83baf5732ffbf88b9a448a3d9ab9fa270f7495fe44d1559c1ac49795a30881a,41f184a29ff88aaf275f3365267b8c909ce7598a,ridge_corrected_41f184a29ff8_6ed147cd_f83baf57
Ridge,5,1,2022-02-20,2022-02-25,14.66,13.043742753156916,-1.6162572468430838,1.6162572468430838,2.612287487972785,100.0,submitted_main_linear_features_H5_18col,6ed147cd585e5e8083292683f9be3cf585e97e4d46fa0e3224d24a4e2b42cbbb,f83baf5732ffbf88b9a448a3d9ab9fa270f7495fe44d1559c1ac49795a30881a,41f184a29ff88aaf275f3365267b8c909ce7598a,ridge_corrected_41f184a29ff8_6ed147cd_f83baf57
Ridge,5,1,2022-02-21,2022-02-26,11.86,12.605530352486168,0.7455303524861687,0.7455303524861687,0.555815506478151,100.0,submitted_main_linear_features_H5_18col,6ed147cd585e5e8083292683f9be3cf585e97e4d46fa0e3224d24a4e2b42cbbb,f83baf5732ffbf88b9a448a3d9ab9fa270f7495fe44d1559c1ac49795a30881a,41f184a29ff88aaf275f3365267b8c909ce7598a,ridge_corrected_41f184a29ff8_6ed147cd_f83baf57
Ridge,5,1,2022-02-22,2022-02-27,12.23,12.205376203046367,-0.024623796953633814,0.024623796953633814,0.0006063313764137859,100.0,submitted_main_linear_features_H5_18col,6ed147cd585e5e8083292683f9be3cf585e97e4d46fa0e3224d24a4e2b42cbbb,f83baf5732ffbf88b9a448a3d9ab9fa270f7495fe44d1559c1ac49795a30881a,41f184a29ff88aaf275f3365267b8c909ce7598a,ridge_corrected_41f184a29ff8_6ed147cd_f83baf57
Ridge,5,1,2022-02-23,2022-02-28,8.96,12.363491513318642,3.4034915133186416,3.4034915133186416,11.583754481232017,100.0,submitted_main_linear_features_H5_18col,6ed147cd585e5e8083292683f9be3cf585e97e4d46fa0e3224d24a4e2b42cbbb,f83baf5732ffbf88b9a448a3d9ab9fa270f7495fe44d1559c1ac49795a30881a,41f184a29ff88aaf275f3365267b8c909ce7598a,ridge_corrected_41f184a29ff8_6ed147cd_f83baf57
Ridge,5,1,2022-02-24,2022-03-01,10.55,12.407865394087622,1.8578653940876215,1.8578653940876215,3.4516638225483534,100.0,submitted_main_linear_features_H5_18col,6ed147cd585e5e8083292683f9be3cf585e97e4d46fa0e3224d24a4e2b42cbbb,f83baf5732ffbf88b9a448a3d9ab9fa270f7495fe44d1559c1ac49795a30881a,41f184a29ff88aaf275f3365267b8c909ce7598a,ridge_corrected_41f184a29ff8_6ed147cd_f83baf57
Ridge,5,1,2022-02-25,2022-03-02,10.09,11.995689941590307,1.9056899415903068,1.9056899415903068,3.631654153478467,100.0,submitted_main_linear_features_H5_18col,6ed147cd585e5e8083292683f9be3cf585e97e4d46fa0e3224d24a4e2b42cbbb,f83baf5732ffbf88b9a448a3d9ab9fa270f7495fe44d1559c1ac49795a30881a,41f184a29ff88aaf275f3365267b8c909ce7598a,ridge_corrected_41f184a29ff8_6ed147cd_f83baf57
Ridge,5,1,2022-02-26,2022-03-03,9.89,12.032016355162606,2.142016355162605,2.142016355162605,4.588234065784091,100.0,submitted_main_linear_features_H5_18col,6ed147cd585e5e8083292683f9be3cf585e97e4d46fa0e3224d24a4e2b42cbbb,f83baf5732ffbf88b9a448a3d9ab9fa270f7495fe44d1559c1ac49795a30881a,41f184a29ff88aaf275f3365267b8c909ce7598a,ridge_corrected_41f184a29ff8_6ed147cd_f83baf57
Ridge,5,1,2022-02-27,2022-03-04,12.55,11.771022411870428,-0.7789775881295729,0.7789775881295729,0.6068060828081664,100.0,submitted_main_linear_features_H5_18col,6ed147cd585e5e8083292683f9be3cf585e97e4d46fa0e3224d24a4e2b42cbbb,f83baf5732ffbf88b9a448a3d9ab9fa270f7495fe44d1559c1ac49795a30881a,41f184a29ff88aaf275f3365267b8c909ce7598a,ridge_corrected_41f184a29ff8_6ed147cd_f83baf57
Ridge,5,1,2022-02-28,2022-03-05,15.67,11.74301497778961,-3.92698502221039,3.92698502221039,15.421211364664739,100.0,submitted_main_linear_features_H5_18col,6ed147cd585e5e8083292683f9be3cf585e97e4d46fa0e3224d24a4e2b42cbbb,f83baf5732ffbf88b9a448a3d9ab9fa270f7495fe44d1559c1ac49795a30881a,41f184a29ff88aaf275f3365267b8c909ce7598a,ridge_corrected_41f184a29ff8_6ed147cd_f83baf57
Ridge,5,1,2022-03-01,2022-03-06,14.47,11.149517855641326,-3.3204821443586745,3.3204821443586745,11.02560167100478,100.0,submitted_main_linear_features_H5_18col,6ed147cd585e5e8083292683f9be3cf585e97e4d46fa0e3224d24a4e2b42cbbb,f83baf5732ffbf88b9a448a3d9ab9fa270f7495fe44d1559c1ac49795a30881a,41f184a29ff88aaf275f3365267b8c909ce7598a,ridge_corrected_41f184a29ff8_6ed147cd_f83baf57
Ridge,5,1,2022-03-02,2022-03-07,15.59,11.321682184840427,-4.268317815159573,4.268317815159573,18.218536971208593,100.0,submitted_main_linear_features_H5_18col,6ed147cd585e5e8083292683f9be3cf585e97e4d46fa0e3224d24a4e2b42cbbb,f83baf5732ffbf88b9a448a3d9ab9fa270f7495fe44d1559c1ac49795a30881a,41f184a29ff88aaf275f3365267b8c909ce7598a,ridge_corrected_41f184a29ff8_6ed147cd_f83baf57
Ridge,5,1,2022-03-03,2022-03-08,17.47,10.808975831369494,-6.6610241686305045,6.6610241686305045,44.3692429750797,100.0,submitted_main_linear_features_H5_18col,6ed147cd585e5e8083292683f9be3cf585e97e4d46fa0e3224d24a4e2b42cbbb,f83baf5732ffbf88b9a448a3d9ab9fa270f7495fe44d1559c1ac49795a30881a,41f184a29ff88aaf275f3365267b8c909ce7598a,ridge_corrected_41f184a29ff8_6ed147cd_f83baf57
Ridge,5,1,2022-03-04,2022-03-09,15.23,10.82833608921234,-4.40166391078766,4.40166391078766,19.374645183530514,100.0,submitted_main_linear_features_H5_18col,6ed147cd585e5e8083292683f9be3cf585e97e4d46fa0e3224d24a4e2b42cbbb,f83baf5732ffbf88b9a448a3d9ab9fa270f7495fe44d1559c1ac49795a30881a,41f184a29ff88aaf275f3365267b8c909ce7598a,ridge_corrected_41f184a29ff8_6ed147cd_f83baf57
Ridge,5,1,2022-03-05,2022-03-10,15.48,11.307799335259832,-4.172200664740169,4.172200664740169,17.407258386858306,100.0,submitted_main_linear_features_H5_18col,6ed147cd585e5e8083292683f9be3cf585e97e4d46fa0e3224d24a4e2b42cbbb,f83baf5732ffbf88b9a448a3d9ab9fa270f7495fe44d1559c1ac49795a30881a,41f184a29ff88aaf275f3365267b8c909ce7598a,ridge_corrected_41f184a29ff8_6ed147cd_f83baf57
Ridge,5,1,2022-03-06,2022-03-11,16.87,11.753958249944734,-5.116041750055267,5.116041750055267,26.173883188308558,100.0,submitted_main_linear_features_H5_18col,6ed147cd585e5e8083292683f9be3cf585e97e4d46fa0e3224d24a4e2b42cbbb,f83baf5732ffbf88b9a448a3d9ab9fa270f7495fe44d1559c1ac49795a30881a,41f184a29ff88aaf275f3365267b8c909ce7598a,ridge_corrected_41f184a29ff8_6ed147cd_f83baf57
Ridge,5,1,2022-03-07,2022-03-12,16.91,12.025582801639464,-4.884417198360536,4.884417198360536,23.85753136764019,100.0,submitted_main_linear_features_H5_18col,6ed147cd585e5e8083292683f9be3cf585e97e4d46fa0e3224d24a4e2b42cbbb,f83baf5732ffbf88b9a448a3d9ab9fa270f7495fe44d1559c1ac49795a30881a,41f184a29ff88aaf275f3365267b8c909ce7598a,ridge_corrected_41f184a29ff8_6ed147cd_f83baf57
Ridge,5,1,2022-03-08,2022-03-13,16.7,11.97103585668629,-4.728964143313709,4.728964143313709,22.36310186874676,100.0,submitted_main_linear_features_H5_18col,6ed147cd585e5e8083292683f9be3cf585e97e4d46fa0e3224d24a4e2b42cbbb,f83baf5732ffbf88b9a448a3d9ab9fa270f7495fe44d1559c1ac49795a30881a,41f184a29ff88aaf275f3365267b8c909ce7598a,ridge_corrected_41f184a29ff8_6ed147cd_f83baf57
Ridge,5,1,2022-03-09,2022-03-14,17.6,12.00348847529399,-5.5965115247060115,5.5965115247060115,31.320941246167205,100.0,submitted_main_linear_features_H5_18col,6ed147cd585e5e8083292683f9be3cf585e97e4d46fa0e3224d24a4e2b42cbbb,f83baf5732ffbf88b9a448a3d9ab9fa270f7495fe44d1559c1ac49795a30881a,41f184a29ff88aaf275f3365267b8c909ce7598a,ridge_corrected_41f184a29ff8_6ed147cd_f83baf57
Ridge,5,1,2022-03-10,2022-03-15,15.05,11.793495131297972,-3.256504868702029,3.256504868702029,10.604823959880019,100.0,submitted_main_linear_features_H5_18col,6ed147cd585e5e8083292683f9be3cf585e97e4d46fa0e3224d24a4e2b42cbbb,f83baf5732ffbf88b9a448a3d9ab9fa270f7495fe44d1559c1ac49795a30881a,41f184a29ff88aaf275f3365267b8c909ce7598a,ridge_corrected_41f184a29ff8_6ed147cd_f83baf57
Ridge,5,1,2022-03-11,2022-03-16,14.66,12.006346846534344,-2.6536531534656564,2.6536531534656564,7.041875058898222,100.0,submitted_main_linear_features_H5_18col,6ed147cd585e5e8083292683f9be3cf585e97e4d46fa0e3224d24a4e2b42cbbb,f83baf5732ffbf88b9a448a3d9ab9fa270f7495fe44d1559c1ac49795a30881a,41f184a29ff88aaf275f3365267b8c909ce7598a,ridge_corrected_41f184a29ff8_6ed147cd_f83baf57
Ridge,5,1,2022-03-12,2022-03-17,14.99,12.435900822265914,-2.554099177734086,2.554099177734086,6.523422609701934,100.0,submitted_main_linear_features_H5_18col,6ed147cd585e5e8083292683f9be3cf585e97e4d46fa0e3224d24a4e2b42cbbb,f83baf5732ffbf88b9a448a3d9ab9fa270f7495fe44d1559c1ac49795a30881a,41f184a29ff88aaf275f3365267b8c909ce7598a,ridge_corrected_41f184a29ff8_6ed147cd_f83baf57
Ridge,5,1,2022-03-13,2022-03-18,16.39,12.513062196378208,-3.876937803621793,3.876937803621793,15.030646733151771,100.0,submitted_main_linear_features_H5_18col,6ed147cd585e5e8083292683f9be3cf585e97e4d46fa0e3224d24a4e2b42cbbb,f83baf5732ffbf88b9a448a3d9ab9fa270f7495fe44d1559c1ac49795a30881a,41f184a29ff88aaf275f3365267b8c909ce7598a,ridge_corrected_41f184a29ff8_6ed147cd_f83baf57
Ridge,5,1,2022-03-14,2022-03-19,14.39,12.174801977837266,-2.2151980221627348,2.2151980221627348,4.907102277393692,100.0,submitted_main_linear_features_H5_18col,6ed147cd585e5e8083292683f9be3cf585e97e4d46fa0e3224d24a4e2b42cbbb,f83baf5732ffbf88b9a448a3d9ab9fa270f7495fe44d1559c1ac49795a30881a,41f184a29ff88aaf275f3365267b8c909ce7598a,ridge_corrected_41f184a29ff8_6ed147cd_f83baf57
Ridge,5,1,2022-03-15,2022-03-20,14.16,12.288672883248635,-1.871327116751365,1.871327116751365,3.501865177888977,100.0,submitted_main_linear_features_H5_18col,6ed147cd585e5e8083292683f9be3cf585e97e4d46fa0e3224d24a4e2b42cbbb,f83baf5732ffbf88b9a448a3d9ab9fa270f7495fe44d1559c1ac49795a30881a,41f184a29ff88aaf275f3365267b8c909ce7598a,ridge_corrected_41f184a29ff8_6ed147cd_f83baf57
Ridge,5,1,2022-03-16,2022-03-21,15.02,11.831961596041344,-3.1880384039586556,3.1880384039586556,10.163588865115251,100.0,submitted_main_linear_features_H5_18col,6ed147cd585e5e8083292683f9be3cf585e97e4d46fa0e3224d24a4e2b42cbbb,f83baf5732ffbf88b9a448a3d9ab9fa270f7495fe44d1559c1ac49795a30881a,41f184a29ff88aaf275f3365267b8c909ce7598a,ridge_corrected_41f184a29ff8_6ed147cd_f83baf57
Ridge,5,1,2022-03-17,2022-03-22,14.66,11.765617323630225,-2.8943826763697746,2.8943826763697746,8.377451077269459,100.0,submitted_main_linear_features_H5_18col,6ed147cd585e5e8083292683f9be3cf585e97e4d46fa0e3224d24a4e2b42cbbb,f83baf5732ffbf88b9a448a3d9ab9fa270f7495fe44d1559c1ac49795a30881a,41f184a29ff88aaf275f3365267b8c909ce7598a,ridge_corrected_41f184a29ff8_6ed147cd_f83baf57
Ridge,5,1,2022-03-18,2022-03-23,13.91,11.836992103860554,-2.073007896139446,2.073007896139446,4.297361737456491,100.0,submitted_main_linear_features_H5_18col,6ed147cd585e5e8083292683f9be3cf585e97e4d46fa0e3224d24a4e2b42cbbb,f83baf5732ffbf88b9a448a3d9ab9fa270f7495fe44d1559c1ac49795a30881a,41f184a29ff88aaf275f3365267b8c909ce7598a,ridge_corrected_41f184a29ff8_6ed147cd_f83baf57
Ridge,5,1,2022-03-19,2022-03-24,15.36,12.481572125679424,-2.8784278743205753,2.8784278743205753,8.285347027665665,100.0,submitted_main_linear_features_H5_18col,6ed147cd585e5e8083292683f9be3cf585e97e4d46fa0e3224d24a4e2b42cbbb,f83baf5732ffbf88b9a448a3d9ab9fa270f7495fe44d1559c1ac49795a30881a,41f184a29ff88aaf275f3365267b8c909ce7598a,ridge_corrected_41f184a29ff8_6ed147cd_f83baf57
Ridge,5,1,2022-03-20,2022-03-25,14.02,12.147741511213168,-1.8722584887868319,1.8722584887868319,3.5053518488343514,100.0,submitted_main_linear_features_H5_18col,6ed147cd585e5e8083292683f9be3cf585e97e4d46fa0e3224d24a4e2b42cbbb,f83baf5732ffbf88b9a448a3d9ab9fa270f7495fe44d1559c1ac49795a30881a,41f184a29ff88aaf275f3365267b8c909ce7598a,ridge_corrected_41f184a29ff8_6ed147cd_f83baf57
Ridge,5,1,2022-03-21,2022-03-26,12.34,12.07396747149755,-0.26603252850244985,0.26603252850244985,0.07077330622140679,100.0,submitted_main_linear_features_H5_18col,6ed147cd585e5e8083292683f9be3cf585e97e4d46fa0e3224d24a4e2b42cbbb,f83baf5732ffbf88b9a448a3d9ab9fa270f7495fe44d1559c1ac49795a30881a,41f184a29ff88aaf275f3365267b8c909ce7598a,ridge_corrected_41f184a29ff8_6ed147cd_f83baf57
Ridge,5,1,2022-03-22,2022-03-27,10.51,12.217934173435642,1.7079341734356426,1.7079341734356426,2.9170391407892917,100.0,submitted_main_linear_features_H5_18col,6ed147cd585e5e8083292683f9be3cf585e97e4d46fa0e3224d24a4e2b42cbbb,f83baf5732ffbf88b9a448a3d9ab9fa270f7495fe44d1559c1ac49795a30881a,41f184a29ff88aaf275f3365267b8c909ce7598a,ridge_corrected_41f184a29ff8_6ed147cd_f83baf57
Ridge,5,1,2022-03-23,2022-03-28,11.68,12.107254624080275,0.42725462408027504,0.42725462408027504,0.18254651379797715,100.0,submitted_main_linear_features_H5_18col,6ed147cd585e5e8083292683f9be3cf585e97e4d46fa0e3224d24a4e2b42cbbb,f83baf5732ffbf88b9a448a3d9ab9fa270f7495fe44d1559c1ac49795a30881a,41f184a29ff88aaf275f3365267b8c909ce7598a,ridge_corrected_41f184a29ff8_6ed147cd_f83baf57
Ridge,5,1,2022-03-24,2022-03-29,13.13,11.84585728506385,-1.2841427149361504,1.2841427149361504,1.6490225123235873,100.0,submitted_main_linear_features_H5_18col,6ed147cd585e5e8083292683f9be3cf585e97e4d46fa0e3224d24a4e2b42cbbb,f83baf5732ffbf88b9a448a3d9ab9fa270f7495fe44d1559c1ac49795a30881a,41f184a29ff88aaf275f3365267b8c909ce7598a,ridge_corrected_41f184a29ff8_6ed147cd_f83baf57
Ridge,5,1,2022-03-25,2022-03-30,9.49,11.863755072868052,2.373755072868052,2.373755072868052,5.634713145966812,100.0,submitted_main_linear_features_H5_18col,6ed147cd585e5e8083292683f9be3cf585e97e4d46fa0e3224d24a4e2b42cbbb,f83baf5732ffbf88b9a448a3d9ab9fa270f7495fe44d1559c1ac49795a30881a,41f184a29ff88aaf275f3365267b8c909ce7598a,ridge_corrected_41f184a29ff8_6ed147cd_f83baf57
Ridge,5,1,2022-03-26,2022-03-31,12.8,11.07701844825533,-1.7229815517446703,1.7229815517446703,2.9686654276524718,100.0,submitted_main_linear_features_H5_18col,6ed147cd585e5e8083292683f9be3cf585e97e4d46fa0e3224d24a4e2b42cbbb,f83baf5732ffbf88b9a448a3d9ab9fa270f7495fe44d1559c1ac49795a30881a,41f184a29ff88aaf275f3365267b8c909ce7598a,ridge_corrected_41f184a29ff8_6ed147cd_f83baf57
Ridge,5,1,2022-03-27,2022-04-01,10.76,11.262179500067141,0.5021795000671414,0.5021795000671414,0.2521842502876841,100.0,submitted_main_linear_features_H5_18col,6ed147cd585e5e8083292683f9be3cf585e97e4d46fa0e3224d24a4e2b42cbbb,f83baf5732ffbf88b9a448a3d9ab9fa270f7495fe44d1559c1ac49795a30881a,41f184a29ff88aaf275f3365267b8c909ce7598a,ridge_corrected_41f184a29ff8_6ed147cd_f83baf57
Ridge,5,1,2022-03-28,2022-04-02,9.76,11.279513830704436,1.5195138307044367,1.5195138307044367,2.3089222817020714,100.0,submitted_main_linear_features_H5_18col,6ed147cd585e5e8083292683f9be3cf585e97e4d46fa0e3224d24a4e2b42cbbb,f83baf5732ffbf88b9a448a3d9ab9fa270f7495fe44d1559c1ac49795a30881a,41f184a29ff88aaf275f3365267b8c909ce7598a,ridge_corrected_41f184a29ff8_6ed147cd_f83baf57
Ridge,5,1,2022-03-29,2022-04-03,11.41,11.15572325735693,-0.25427674264306965,0.25427674264306965,0.06465666184916988,100.0,submitted_main_linear_features_H5_18col,6ed147cd585e5e8083292683f9be3cf585e97e4d46fa0e3224d24a4e2b42cbbb,f83baf5732ffbf88b9a448a3d9ab9fa270f7495fe44d1559c1ac49795a30881a,41f184a29ff88aaf275f3365267b8c909ce7598a,ridge_corrected_41f184a29ff8_6ed147cd_f83baf57
Ridge,5,1,2022-03-30,2022-04-04,12.77,10.914779223815518,-1.8552207761844812,1.8552207761844812,3.441844128386549,100.0,submitted_main_linear_features_H5_18col,6ed147cd585e5e8083292683f9be3cf585e97e4d46fa0e3224d24a4e2b42cbbb,f83baf5732ffbf88b9a448a3d9ab9fa270f7495fe44d1559c1ac49795a30881a,41f184a29ff88aaf275f3365267b8c909ce7598a,ridge_corrected_41f184a29ff8_6ed147cd_f83baf57
Ridge,5,1,2022-03-31,2022-04-05,13.25,10.639341911859963,-2.6106580881400365,2.6106580881400365,6.815535653170991,100.0,submitted_main_linear_features_H5_18col,6ed147cd585e5e8083292683f9be3cf585e97e4d46fa0e3224d24a4e2b42cbbb,f83baf5732ffbf88b9a448a3d9ab9fa270f7495fe44d1559c1ac49795a30881a,41f184a29ff88aaf275f3365267b8c909ce7598a,ridge_corrected_41f184a29ff8_6ed147cd_f83baf57
Ridge,5,1,2022-04-01,2022-04-06,12.49,11.443204627270665,-1.0467953727293349,1.0467953727293349,1.095780552367547,100.0,submitted_main_linear_features_H5_18col,6ed147cd585e5e8083292683f9be3cf585e97e4d46fa0e3224d24a4e2b42cbbb,f83baf5732ffbf88b9a448a3d9ab9fa270f7495fe44d1559c1ac49795a30881a,41f184a29ff88aaf275f3365267b8c909ce7598a,ridge_corrected_41f184a29ff8_6ed147cd_f83baf57
Ridge,5,1,2022-04-02,2022-04-07,14.95,11.332924302312861,-3.617075697687138,3.617075697687138,13.083236602798896,100.0,submitted_main_linear_features_H5_18col,6ed147cd585e5e8083292683f9be3cf585e97e4d46fa0e3224d24a4e2b42cbbb,f83baf5732ffbf88b9a448a3d9ab9fa270f7495fe44d1559c1ac49795a30881a,41f184a29ff88aaf275f3365267b8c909ce7598a,ridge_corrected_41f184a29ff8_6ed147cd_f83baf57
Ridge,5,1,2022-04-03,2022-04-08,17.18,11.07365790324021,-6.106342096759789,6.106342096759789,37.28741380266074,100.0,submitted_main_linear_features_H5_18col,6ed147cd585e5e8083292683f9be3cf585e97e4d46fa0e3224d24a4e2b42cbbb,f83baf5732ffbf88b9a448a3d9ab9fa270f7495fe44d1559c1ac49795a30881a,41f184a29ff88aaf275f3365267b8c909ce7598a,ridge_corrected_41f184a29ff8_6ed147cd_f83baf57
Ridge,5,1,2022-04-04,2022-04-09,15.3,11.46897976681199,-3.83102023318801,3.83102023318801,14.676716027095914,100.0,submitted_main_linear_features_H5_18col,6ed147cd585e5e8083292683f9be3cf585e97e4d46fa0e3224d24a4e2b42cbbb,f83baf5732ffbf88b9a448a3d9ab9fa270f7495fe44d1559c1ac49795a30881a,41f184a29ff88aaf275f3365267b8c909ce7598a,ridge_corrected_41f184a29ff8_6ed147cd_f83baf57
Ridge,5,1,2022-04-05,2022-04-10,14.35,11.563039633885982,-2.786960366114018,2.786960366114018,7.7671480822903805,100.0,submitted_main_linear_features_H5_18col,6ed147cd585e5e8083292683f9be3cf585e97e4d46fa0e3224d24a4e2b42cbbb,f83baf5732ffbf88b9a448a3d9ab9fa270f7495fe44d1559c1ac49795a30881a,41f184a29ff88aaf275f3365267b8c909ce7598a,ridge_corrected_41f184a29ff8_6ed147cd_f83baf57
Ridge,5,1,2022-04-06,2022-04-11,14.05,11.420636325951815,-2.629363674048186,2.629363674048186,6.9135533304041745,100.0,submitted_main_linear_features_H5_18col,6ed147cd585e5e8083292683f9be3cf585e97e4d46fa0e3224d24a4e2b42cbbb,f83baf5732ffbf88b9a448a3d9ab9fa270f7495fe44d1559c1ac49795a30881a,41f184a29ff88aaf275f3365267b8c909ce7598a,ridge_corrected_41f184a29ff8_6ed147cd_f83baf57
Ridge,5,1,2022-04-07,2022-04-12,12.72,11.798597234412554,-0.9214027655874464,0.9214027655874464,0.8489830564321946,100.0,submitted_main_linear_features_H5_18col,6ed147cd585e5e8083292683f9be3cf585e97e4d46fa0e3224d24a4e2b42cbbb,f83baf5732ffbf88b9a448a3d9ab9fa270f7495fe44d1559c1ac49795a30881a,41f184a29ff88aaf275f3365267b8c909ce7598a,ridge_corrected_41f184a29ff8_6ed147cd_f83baf57
Ridge,5,1,2022-04-08,2022-04-13,14.57,11.82163948686213,-2.74836051313787,2.74836051313787,7.553485510175456,100.0,submitted_main_linear_features_H5_18col,6ed147cd585e5e8083292683f9be3cf585e97e4d46fa0e3224d24a4e2b42cbbb,f83baf5732ffbf88b9a448a3d9ab9fa270f7495fe44d1559c1ac49795a30881a,41f184a29ff88aaf275f3365267b8c909ce7598a,ridge_corrected_41f184a29ff8_6ed147cd_f83baf57
Ridge,5,1,2022-04-09,2022-04-14,13.69,12.058073083522416,-1.6319269164775836,1.6319269164775836,2.663185460724034,100.0,submitted_main_linear_features_H5_18col,6ed147cd585e5e8083292683f9be3cf585e97e4d46fa0e3224d24a4e2b42cbbb,f83baf5732ffbf88b9a448a3d9ab9fa270f7495fe44d1559c1ac49795a30881a,41f184a29ff88aaf275f3365267b8c909ce7598a,ridge_corrected_41f184a29ff8_6ed147cd_f83baf57
Ridge,5,1,2022-04-10,2022-04-15,15.92,11.88522652961673,-4.03477347038327,4.03477347038327,16.279396957308652,100.0,submitted_main_linear_features_H5_18col,6ed147cd585e5e8083292683f9be3cf585e97e4d46fa0e3224d24a4e2b42cbbb,f83baf5732ffbf88b9a448a3d9ab9fa270f7495fe44d1559c1ac49795a30881a,41f184a29ff88aaf275f3365267b8c909ce7598a,ridge_corrected_41f184a29ff8_6ed147cd_f83baf57
Ridge,5,1,2022-04-11,2022-04-16,11.75,11.778956232346884,0.028956232346883937,0.028956232346883937,0.0008384633917267276,100.0,submitted_main_linear_features_H5_18col,6ed147cd585e5e8083292683f9be3cf585e97e4d46fa0e3224d24a4e2b42cbbb,f83baf5732ffbf88b9a448a3d9ab9fa270f7495fe44d1559c1ac49795a30881a,41f184a29ff88aaf275f3365267b8c909ce7598a,ridge_corrected_41f184a29ff8_6ed147cd_f83baf57
Ridge,5,1,2022-04-12,2022-04-17,11.92,12.031203341378413,0.11120334137841326,0.11120334137841326,0.012366183133723918,100.0,submitted_main_linear_features_H5_18col,6ed147cd585e5e8083292683f9be3cf585e97e4d46fa0e3224d24a4e2b42cbbb,f83baf5732ffbf88b9a448a3d9ab9fa270f7495fe44d1559c1ac49795a30881a,41f184a29ff88aaf275f3365267b8c909ce7598a,ridge_corrected_41f184a29ff8_6ed147cd_f83baf57
Ridge,5,1,2022-04-13,2022-04-18,13.1,11.373072429762528,-1.7269275702374713,1.7269275702374713,2.9822788328462964,100.0,submitted_main_linear_features_H5_18col,6ed147cd585e5e8083292683f9be3cf585e97e4d46fa0e3224d24a4e2b42cbbb,f83baf5732ffbf88b9a448a3d9ab9fa270f7495fe44d1559c1ac49795a30881a,41f184a29ff88aaf275f3365267b8c909ce7598a,ridge_corrected_41f184a29ff8_6ed147cd_f83baf57
Ridge,5,1,2022-04-14,2022-04-19,13.5,11.30261026369951,-2.19738973630049,2.19738973630049,4.828521653198738,100.0,submitted_main_linear_features_H5_18col,6ed147cd585e5e8083292683f9be3cf585e97e4d46fa0e3224d24a4e2b42cbbb,f83baf5732ffbf88b9a448a3d9ab9fa270f7495fe44d1559c1ac49795a30881a,41f184a29ff88aaf275f3365267b8c909ce7598a,ridge_corrected_41f184a29ff8_6ed147cd_f83baf57
Ridge,5,1,2022-04-15,2022-04-20,13.24,11.559367926387234,-1.6806320736127667,1.6806320736127667,2.824524166855948,100.0,submitted_main_linear_features_H5_18col,6ed147cd585e5e8083292683f9be3cf585e97e4d46fa0e3224d24a4e2b42cbbb,f83baf5732ffbf88b9a448a3d9ab9fa270f7495fe44d1559c1ac49795a30881a,41f184a29ff88aaf275f3365267b8c909ce7598a,ridge_corrected_41f184a29ff8_6ed147cd_f83baf57
Ridge,5,1,2022-04-16,2022-04-21,13.75,11.158724547951648,-2.591275452048352,2.591275452048352,6.714708468388391,100.0,submitted_main_linear_features_H5_18col,6ed147cd585e5e8083292683f9be3cf585e97e4d46fa0e3224d24a4e2b42cbbb,f83baf5732ffbf88b9a448a3d9ab9fa270f7495fe44d1559c1ac49795a30881a,41f184a29ff88aaf275f3365267b8c909ce7598a,ridge_corrected_41f184a29ff8_6ed147cd_f83baf57
Ridge,5,1,2022-04-17,2022-04-22,17.64,10.418116561738497,-7.221883438261504,7.221883438261504,52.1556003958358,100.0,submitted_main_linear_features_H5_18col,6ed147cd585e5e8083292683f9be3cf585e97e4d46fa0e3224d24a4e2b42cbbb,f83baf5732ffbf88b9a448a3d9ab9fa270f7495fe44d1559c1ac49795a30881a,41f184a29ff88aaf275f3365267b8c909ce7598a,ridge_corrected_41f184a29ff8_6ed147cd_f83baf57
Ridge,5,1,2022-04-18,2022-04-23,11.22,10.50299638190004,-0.7170036180999606,0.7170036180999606,0.5140941883684341,100.0,submitted_main_linear_features_H5_18col,6ed147cd585e5e8083292683f9be3cf585e97e4d46fa0e3224d24a4e2b42cbbb,f83baf5732ffbf88b9a448a3d9ab9fa270f7495fe44d1559c1ac49795a30881a,41f184a29ff88aaf275f3365267b8c909ce7598a,ridge_corrected_41f184a29ff8_6ed147cd_f83baf57
Ridge,5,1,2022-04-19,2022-04-24,11.23,10.375303318609753,-0.8546966813902479,0.8546966813902479,0.7305064171795029,100.0,submitted_main_linear_features_H5_18col,6ed147cd585e5e8083292683f9be3cf585e97e4d46fa0e3224d24a4e2b42cbbb,f83baf5732ffbf88b9a448a3d9ab9fa270f7495fe44d1559c1ac49795a30881a,41f184a29ff88aaf275f3365267b8c909ce7598a,ridge_corrected_41f184a29ff8_6ed147cd_f83baf57
Ridge,5,1,2022-04-20,2022-04-25,13.46,10.218607096906434,-3.2413929030935673,3.2413929030935673,10.506627952225344,100.0,submitted_main_linear_features_H5_18col,6ed147cd585e5e8083292683f9be3cf585e97e4d46fa0e3224d24a4e2b42cbbb,f83baf5732ffbf88b9a448a3d9ab9fa270f7495fe44d1559c1ac49795a30881a,41f184a29ff88aaf275f3365267b8c909ce7598a,ridge_corrected_41f184a29ff8_6ed147cd_f83baf57
Ridge,5,1,2022-04-21,2022-04-26,14.5,10.087247860030816,-4.412752139969184,4.412752139969184,19.47238144880261,100.0,submitted_main_linear_features_H5_18col,6ed147cd585e5e8083292683f9be3cf585e97e4d46fa0e3224d24a4e2b42cbbb,f83baf5732ffbf88b9a448a3d9ab9fa270f7495fe44d1559c1ac49795a30881a,41f184a29ff88aaf275f3365267b8c909ce7598a,ridge_corrected_41f184a29ff8_6ed147cd_f83baf57
Ridge,5,1,2022-04-22,2022-04-27,11.69,10.547894234999601,-1.142105765000398,1.142105765000398,1.3044055784471444,100.0,submitted_main_linear_features_H5_18col,6ed147cd585e5e8083292683f9be3cf585e97e4d46fa0e3224d24a4e2b42cbbb,f83baf5732ffbf88b9a448a3d9ab9fa270f7495fe44d1559c1ac49795a30881a,41f184a29ff88aaf275f3365267b8c909ce7598a,ridge_corrected_41f184a29ff8_6ed147cd_f83baf57
Ridge,5,1,2022-04-23,2022-04-28,11.68,11.117850091587005,-0.5621499084129944,0.5621499084129944,0.316012519528738,100.0,submitted_main_linear_features_H5_18col,6ed147cd585e5e8083292683f9be3cf585e97e4d46fa0e3224d24a4e2b42cbbb,f83baf5732ffbf88b9a448a3d9ab9fa270f7495fe44d1559c1ac49795a30881a,41f184a29ff88aaf275f3365267b8c909ce7598a,ridge_corrected_41f184a29ff8_6ed147cd_f83baf57
Ridge,5,1,2022-04-24,2022-04-29,11.09,10.27561539672335,-0.8143846032766504,0.8143846032766504,0.6632222820540673,100.0,submitted_main_linear_features_H5_18col,6ed147cd585e5e8083292683f9be3cf585e97e4d46fa0e3224d24a4e2b42cbbb,f83baf5732ffbf88b9a448a3d9ab9fa270f7495fe44d1559c1ac49795a30881a,41f184a29ff88aaf275f3365267b8c909ce7598a,ridge_corrected_41f184a29ff8_6ed147cd_f83baf57
Ridge,5,1,2022-04-25,2022-04-30,8.23,10.09251546770297,1.8625154677029698,1.8625154677029698,3.4689638674328123,100.0,submitted_main_linear_features_H5_18col,6ed147cd585e5e8083292683f9be3cf585e97e4d46fa0e3224d24a4e2b42cbbb,f83baf5732ffbf88b9a448a3d9ab9fa270f7495fe44d1559c1ac49795a30881a,41f184a29ff88aaf275f3365267b8c909ce7598a,ridge_corrected_41f184a29ff8_6ed147cd_f83baf57
Ridge,5,1,2022-04-26,2022-05-01,7.6,10.042811950938884,2.442811950938884,2.442811950938884,5.967330227649836,100.0,submitted_main_linear_features_H5_18col,6ed147cd585e5e8083292683f9be3cf585e97e4d46fa0e3224d24a4e2b42cbbb,f83baf5732ffbf88b9a448a3d9ab9fa270f7495fe44d1559c1ac49795a30881a,41f184a29ff88aaf275f3365267b8c909ce7598a,ridge_corrected_41f184a29ff8_6ed147cd_f83baf57
Ridge,5,1,2022-04-27,2022-05-02,10.04,10.929319671026311,0.8893196710263123,0.8893196710263123,0.7908894772743482,100.0,submitted_main_linear_features_H5_18col,6ed147cd585e5e8083292683f9be3cf585e97e4d46fa0e3224d24a4e2b42cbbb,f83baf5732ffbf88b9a448a3d9ab9fa270f7495fe44d1559c1ac49795a30881a,41f184a29ff88aaf275f3365267b8c909ce7598a,ridge_corrected_41f184a29ff8_6ed147cd_f83baf57
Ridge,5,1,2022-04-28,2022-05-03,9.17,10.782941273652169,1.6129412736521687,1.6129412736521687,2.60157955225068,100.0,submitted_main_linear_features_H5_18col,6ed147cd585e5e8083292683f9be3cf585e97e4d46fa0e3224d24a4e2b42cbbb,f83baf5732ffbf88b9a448a3d9ab9fa270f7495fe44d1559c1ac49795a30881a,41f184a29ff88aaf275f3365267b8c909ce7598a,ridge_corrected_41f184a29ff8_6ed147cd_f83baf57
Ridge,5,1,2022-04-29,2022-05-04,10.49,10.633180959447841,0.14318095944784126,0.14318095944784126,0.020500787148404365,100.0,submitted_main_linear_features_H5_18col,6ed147cd585e5e8083292683f9be3cf585e97e4d46fa0e3224d24a4e2b42cbbb,f83baf5732ffbf88b9a448a3d9ab9fa270f7495fe44d1559c1ac49795a30881a,41f184a29ff88aaf275f3365267b8c909ce7598a,ridge_corrected_41f184a29ff8_6ed147cd_f83baf57
Ridge,5,1,2022-04-30,2022-05-05,9.19,11.019575671883578,1.8295756718835783,1.8295756718835783,3.3473471391482468,100.0,submitted_main_linear_features_H5_18col,6ed147cd585e5e8083292683f9be3cf585e97e4d46fa0e3224d24a4e2b42cbbb,f83baf5732ffbf88b9a448a3d9ab9fa270f7495fe44d1559c1ac49795a30881a,41f184a29ff88aaf275f3365267b8c909ce7598a,ridge_corrected_41f184a29ff8_6ed147cd_f83baf57
Ridge,5,1,2022-05-01,2022-05-06,9.34,10.755123704247548,1.4151237042475486,1.4151237042475486,2.0025750983233035,100.0,submitted_main_linear_features_H5_18col,6ed147cd585e5e8083292683f9be3cf585e97e4d46fa0e3224d24a4e2b42cbbb,f83baf5732ffbf88b9a448a3d9ab9fa270f7495fe44d1559c1ac49795a30881a,41f184a29ff88aaf275f3365267b8c909ce7598a,ridge_corrected_41f184a29ff8_6ed147cd_f83baf57
Ridge,5,1,2022-05-02,2022-05-07,10.28,10.51341438730605,0.23341438730605013,0.23341438730605013,0.054482276201458776,100.0,submitted_main_linear_features_H5_18col,6ed147cd585e5e8083292683f9be3cf585e97e4d46fa0e3224d24a4e2b42cbbb,f83baf5732ffbf88b9a448a3d9ab9fa270f7495fe44d1559c1ac49795a30881a,41f184a29ff88aaf275f3365267b8c909ce7598a,ridge_corrected_41f184a29ff8_6ed147cd_f83baf57
Ridge,5,1,2022-05-03,2022-05-08,10.58,11.223998992606028,0.6439989926060274,0.6439989926060274,0.4147347024775782,100.0,submitted_main_linear_features_H5_18col,6ed147cd585e5e8083292683f9be3cf585e97e4d46fa0e3224d24a4e2b42cbbb,f83baf5732ffbf88b9a448a3d9ab9fa270f7495fe44d1559c1ac49795a30881a,41f184a29ff88aaf275f3365267b8c909ce7598a,ridge_corrected_41f184a29ff8_6ed147cd_f83baf57
Ridge,5,1,2022-05-04,2022-05-09,12.71,10.695946009035422,-2.0140539909645785,2.0140539909645785,4.056413478520346,100.0,submitted_main_linear_features_H5_18col,6ed147cd585e5e8083292683f9be3cf585e97e4d46fa0e3224d24a4e2b42cbbb,f83baf5732ffbf88b9a448a3d9ab9fa270f7495fe44d1559c1ac49795a30881a,41f184a29ff88aaf275f3365267b8c909ce7598a,ridge_corrected_41f184a29ff8_6ed147cd_f83baf57
Ridge,5,1,2022-05-05,2022-05-10,12.64,10.457154103044667,-2.1828458969553335,2.1828458969553335,4.764816209854734,100.0,submitted_main_linear_features_H5_18col,6ed147cd585e5e8083292683f9be3cf585e97e4d46fa0e3224d24a4e2b42cbbb,f83baf5732ffbf88b9a448a3d9ab9fa270f7495fe44d1559c1ac49795a30881a,41f184a29ff88aaf275f3365267b8c909ce7598a,ridge_corrected_41f184a29ff8_6ed147cd_f83baf57
Ridge,5,1,2022-05-06,2022-05-11,12.72,10.125089103994434,-2.594910896005567,2.594910896005567,6.7335625582084155,100.0,submitted_main_linear_features_H5_18col,6ed147cd585e5e8083292683f9be3cf585e97e4d46fa0e3224d24a4e2b42cbbb,f83baf5732ffbf88b9a448a3d9ab9fa270f7495fe44d1559c1ac49795a30881a,41f184a29ff88aaf275f3365267b8c909ce7598a,ridge_corrected_41f184a29ff8_6ed147cd_f83baf57
Ridge,5,1,2022-05-07,2022-05-12,13.37,10.327953447691185,-3.0420465523088147,3.0420465523088147,9.254047226413945,100.0,submitted_main_linear_features_H5_18col,6ed147cd585e5e8083292683f9be3cf585e97e4d46fa0e3224d24a4e2b42cbbb,f83baf5732ffbf88b9a448a3d9ab9fa270f7495fe44d1559c1ac49795a30881a,41f184a29ff88aaf275f3365267b8c909ce7598a,ridge_corrected_41f184a29ff8_6ed147cd_f83baf57
Ridge,5,1,2022-05-08,2022-05-13,12.94,10.876950137256454,-2.0630498627435454,2.0630498627435454,4.2561747361661615,100.0,submitted_main_linear_features_H5_18col,6ed147cd585e5e8083292683f9be3cf585e97e4d46fa0e3224d24a4e2b42cbbb,f83baf5732ffbf88b9a448a3d9ab9fa270f7495fe44d1559c1ac49795a30881a,41f184a29ff88aaf275f3365267b8c909ce7598a,ridge_corrected_41f184a29ff8_6ed147cd_f83baf57
Ridge,5,1,2022-05-09,2022-05-14,15.8,11.707474466147692,-4.092525533852308,4.092525533852308,16.74876524523312,100.0,submitted_main_linear_features_H5_18col,6ed147cd585e5e8083292683f9be3cf585e97e4d46fa0e3224d24a4e2b42cbbb,f83baf5732ffbf88b9a448a3d9ab9fa270f7495fe44d1559c1ac49795a30881a,41f184a29ff88aaf275f3365267b8c909ce7598a,ridge_corrected_41f184a29ff8_6ed147cd_f83baf57
Ridge,5,1,2022-05-10,2022-05-15,13.32,11.53785351420217,-1.7821464857978295,1.7821464857978295,3.1760460968415534,100.0,submitted_main_linear_features_H5_18col,6ed147cd585e5e8083292683f9be3cf585e97e4d46fa0e3224d24a4e2b42cbbb,f83baf5732ffbf88b9a448a3d9ab9fa270f7495fe44d1559c1ac49795a30881a,41f184a29ff88aaf275f3365267b8c909ce7598a,ridge_corrected_41f184a29ff8_6ed147cd_f83baf57
Ridge,5,1,2022-05-11,2022-05-16,11.74,12.197021216574147,0.4570212165741463,0.4570212165741463,0.20886839239891272,100.0,submitted_main_linear_features_H5_18col,6ed147cd585e5e8083292683f9be3cf585e97e4d46fa0e3224d24a4e2b42cbbb,f83baf5732ffbf88b9a448a3d9ab9fa270f7495fe44d1559c1ac49795a30881a,41f184a29ff88aaf275f3365267b8c909ce7598a,ridge_corrected_41f184a29ff8_6ed147cd_f83baf57
Ridge,5,1,2022-05-12,2022-05-17,11.9,11.687445168096355,-0.21255483190364544,0.21255483190364544,0.04517955656558697,100.0,submitted_main_linear_features_H5_18col,6ed147cd585e5e8083292683f9be3cf585e97e4d46fa0e3224d24a4e2b42cbbb,f83baf5732ffbf88b9a448a3d9ab9fa270f7495fe44d1559c1ac49795a30881a,41f184a29ff88aaf275f3365267b8c909ce7598a,ridge_corrected_41f184a29ff8_6ed147cd_f83baf57
Ridge,5,1,2022-05-13,2022-05-18,13.99,12.279438218476995,-1.7105617815230048,1.7105617815230048,2.9260216084071557,100.0,submitted_main_linear_features_H5_18col,6ed147cd585e5e8083292683f9be3cf585e97e4d46fa0e3224d24a4e2b42cbbb,f83baf5732ffbf88b9a448a3d9ab9fa270f7495fe44d1559c1ac49795a30881a,41f184a29ff88aaf275f3365267b8c909ce7598a,ridge_corrected_41f184a29ff8_6ed147cd_f83baf57
Ridge,5,1,2022-05-14,2022-05-19,13.14,12.644769242202623,-0.495230757797378,0.495230757797378,0.24525350346856528,100.0,submitted_main_linear_features_H5_18col,6ed147cd585e5e8083292683f9be3cf585e97e4d46fa0e3224d24a4e2b42cbbb,f83baf5732ffbf88b9a448a3d9ab9fa270f7495fe44d1559c1ac49795a30881a,41f184a29ff88aaf275f3365267b8c909ce7598a,ridge_corrected_41f184a29ff8_6ed147cd_f83baf57
Ridge,5,1,2022-05-15,2022-05-20,13.2,13.06559534813108,-0.1344046518689197,0.1344046518689197,0.0180646104440055,100.0,submitted_main_linear_features_H5_18col,6ed147cd585e5e8083292683f9be3cf585e97e4d46fa0e3224d24a4e2b42cbbb,f83baf5732ffbf88b9a448a3d9ab9fa270f7495fe44d1559c1ac49795a30881a,41f184a29ff88aaf275f3365267b8c909ce7598a,ridge_corrected_41f184a29ff8_6ed147cd_f83baf57
Ridge,5,1,2022-05-16,2022-05-21,12.84,12.505729046746765,-0.33427095325323464,0.33427095325323464,0.11173707018882617,100.0,submitted_main_linear_features_H5_18col,6ed147cd585e5e8083292683f9be3cf585e97e4d46fa0e3224d24a4e2b42cbbb,f83baf5732ffbf88b9a448a3d9ab9fa270f7495fe44d1559c1ac49795a30881a,41f184a29ff88aaf275f3365267b8c909ce7598a,ridge_corrected_41f184a29ff8_6ed147cd_f83baf57
Ridge,5,1,2022-05-17,2022-05-22,12.78,12.17547891158224,-0.6045210884177585,0.6045210884177585,0.36544574634179144,100.0,submitted_main_linear_features_H5_18col,6ed147cd585e5e8083292683f9be3cf585e97e4d46fa0e3224d24a4e2b42cbbb,f83baf5732ffbf88b9a448a3d9ab9fa270f7495fe44d1559c1ac49795a30881a,41f184a29ff88aaf275f3365267b8c909ce7598a,ridge_corrected_41f184a29ff8_6ed147cd_f83baf57
Ridge,5,1,2022-05-18,2022-05-23,13.42,12.238873786170137,-1.181126213829863,1.181126213829863,1.3950591329960673,100.0,submitted_main_linear_features_H5_18col,6ed147cd585e5e8083292683f9be3cf585e97e4d46fa0e3224d24a4e2b42cbbb,f83baf5732ffbf88b9a448a3d9ab9fa270f7495fe44d1559c1ac49795a30881a,41f184a29ff88aaf275f3365267b8c909ce7598a,ridge_corrected_41f184a29ff8_6ed147cd_f83baf57
Ridge,5,1,2022-05-19,2022-05-24,12.91,11.87042743945366,-1.0395725605463397,1.0395725605463397,1.0807111086408732,100.0,submitted_main_linear_features_H5_18col,6ed147cd585e5e8083292683f9be3cf585e97e4d46fa0e3224d24a4e2b42cbbb,f83baf5732ffbf88b9a448a3d9ab9fa270f7495fe44d1559c1ac49795a30881a,41f184a29ff88aaf275f3365267b8c909ce7598a,ridge_corrected_41f184a29ff8_6ed147cd_f83baf57
Ridge,5,1,2022-05-20,2022-05-25,14.44,11.342692829150431,-3.097307170849568,3.097307170849568,9.593311710596156,100.0,submitted_main_linear_features_H5_18col,6ed147cd585e5e8083292683f9be3cf585e97e4d46fa0e3224d24a4e2b42cbbb,f83baf5732ffbf88b9a448a3d9ab9fa270f7495fe44d1559c1ac49795a30881a,41f184a29ff88aaf275f3365267b8c909ce7598a,ridge_corrected_41f184a29ff8_6ed147cd_f83baf57
Ridge,5,1,2022-05-21,2022-05-26,13.75,11.211028394438786,-2.5389716055612137,2.5389716055612137,6.446376813846087,100.0,submitted_main_linear_features_H5_18col,6ed147cd585e5e8083292683f9be3cf585e97e4d46fa0e3224d24a4e2b42cbbb,f83baf5732ffbf88b9a448a3d9ab9fa270f7495fe44d1559c1ac49795a30881a,41f184a29ff88aaf275f3365267b8c909ce7598a,ridge_corrected_41f184a29ff8_6ed147cd_f83baf57
Ridge,5,1,2022-05-22,2022-05-27,13.81,10.966366825362998,-2.8436331746370023,2.8436331746370023,8.086249631896116,100.0,submitted_main_linear_features_H5_18col,6ed147cd585e5e8083292683f9be3cf585e97e4d46fa0e3224d24a4e2b42cbbb,f83baf5732ffbf88b9a448a3d9ab9fa270f7495fe44d1559c1ac49795a30881a,41f184a29ff88aaf275f3365267b8c909ce7598a,ridge_corrected_41f184a29ff8_6ed147cd_f83baf57
Ridge,5,1,2022-05-23,2022-05-28,16.48,10.965104496348063,-5.514895503651937,5.514895503651937,30.414072416200355,100.0,submitted_main_linear_features_H5_18col,6ed147cd585e5e8083292683f9be3cf585e97e4d46fa0e3224d24a4e2b42cbbb,f83baf5732ffbf88b9a448a3d9ab9fa270f7495fe44d1559c1ac49795a30881a,41f184a29ff88aaf275f3365267b8c909ce7598a,ridge_corrected_41f184a29ff8_6ed147cd_f83baf57
Ridge,5,1,2022-05-24,2022-05-29,15.8,10.822355794643405,-4.9776442053565955,4.9776442053565955,24.77694183512009,100.0,submitted_main_linear_features_H5_18col,6ed147cd585e5e8083292683f9be3cf585e97e4d46fa0e3224d24a4e2b42cbbb,f83baf5732ffbf88b9a448a3d9ab9fa270f7495fe44d1559c1ac49795a30881a,41f184a29ff88aaf275f3365267b8c909ce7598a,ridge_corrected_41f184a29ff8_6ed147cd_f83baf57
Ridge,5,1,2022-05-25,2022-05-30,12.42,10.996330226498475,-1.4236697735015245,1.4236697735015245,2.026835623981882,100.0,submitted_main_linear_features_H5_18col,6ed147cd585e5e8083292683f9be3cf585e97e4d46fa0e3224d24a4e2b42cbbb,f83baf5732ffbf88b9a448a3d9ab9fa270f7495fe44d1559c1ac49795a30881a,41f184a29ff88aaf275f3365267b8c909ce7598a,ridge_corrected_41f184a29ff8_6ed147cd_f83baf57
Ridge,5,1,2022-05-26,2022-05-31,13.5,11.188146730744448,-2.3118532692555522,2.3118532692555522,5.344665538567585,100.0,submitted_main_linear_features_H5_18col,6ed147cd585e5e8083292683f9be3cf585e97e4d46fa0e3224d24a4e2b42cbbb,f83baf5732ffbf88b9a448a3d9ab9fa270f7495fe44d1559c1ac49795a30881a,41f184a29ff88aaf275f3365267b8c909ce7598a,ridge_corrected_41f184a29ff8_6ed147cd_f83baf57
Ridge,5,1,2022-05-27,2022-06-01,12.92,11.247272748661532,-1.6727272513384683,1.6727272513384683,2.7980164573703474,100.0,submitted_main_linear_features_H5_18col,6ed147cd585e5e8083292683f9be3cf585e97e4d46fa0e3224d24a4e2b42cbbb,f83baf5732ffbf88b9a448a3d9ab9fa270f7495fe44d1559c1ac49795a30881a,41f184a29ff88aaf275f3365267b8c909ce7598a,ridge_corrected_41f184a29ff8_6ed147cd_f83baf57
Ridge,5,1,2022-05-28,2022-06-02,13.51,11.245906183563973,-2.264093816436027,2.264093816436027,5.126120809623854,100.0,submitted_main_linear_features_H5_18col,6ed147cd585e5e8083292683f9be3cf585e97e4d46fa0e3224d24a4e2b42cbbb,f83baf5732ffbf88b9a448a3d9ab9fa270f7495fe44d1559c1ac49795a30881a,41f184a29ff88aaf275f3365267b8c909ce7598a,ridge_corrected_41f184a29ff8_6ed147cd_f83baf57
Ridge,5,1,2022-05-29,2022-06-03,12.24,11.770190043807633,-0.46980995619236765,0.46980995619236765,0.22072139493747442,100.0,submitted_main_linear_features_H5_18col,6ed147cd585e5e8083292683f9be3cf585e97e4d46fa0e3224d24a4e2b42cbbb,f83baf5732ffbf88b9a448a3d9ab9fa270f7495fe44d1559c1ac49795a30881a,41f184a29ff88aaf275f3365267b8c909ce7598a,ridge_corrected_41f184a29ff8_6ed147cd_f83baf57
Ridge,5,1,2022-05-30,2022-06-04,10.24,11.570397538247649,1.3303975382476487,1.3303975382476487,1.769957609775404,100.0,submitted_main_linear_features_H5_18col,6ed147cd585e5e8083292683f9be3cf585e97e4d46fa0e3224d24a4e2b42cbbb,f83baf5732ffbf88b9a448a3d9ab9fa270f7495fe44d1559c1ac49795a30881a,41f184a29ff88aaf275f3365267b8c909ce7598a,ridge_corrected_41f184a29ff8_6ed147cd_f83baf57
Ridge,5,1,2022-05-31,2022-06-05,9.78,10.962649701405036,1.1826497014050368,1.1826497014050368,1.3986603162334226,100.0,submitted_main_linear_features_H5_18col,6ed147cd585e5e8083292683f9be3cf585e97e4d46fa0e3224d24a4e2b42cbbb,f83baf5732ffbf88b9a448a3d9ab9fa270f7495fe44d1559c1ac49795a30881a,41f184a29ff88aaf275f3365267b8c909ce7598a,ridge_corrected_41f184a29ff8_6ed147cd_f83baf57
Ridge,5,1,2022-06-01,2022-06-06,8.76,11.640651409787015,2.8806514097870153,2.8806514097870153,8.298152544707918,100.0,submitted_main_linear_features_H5_18col,6ed147cd585e5e8083292683f9be3cf585e97e4d46fa0e3224d24a4e2b42cbbb,f83baf5732ffbf88b9a448a3d9ab9fa270f7495fe44d1559c1ac49795a30881a,41f184a29ff88aaf275f3365267b8c909ce7598a,ridge_corrected_41f184a29ff8_6ed147cd_f83baf57
Ridge,5,1,2022-06-02,2022-06-07,9.5,11.559006450997542,2.0590064509975416,2.0590064509975416,4.239507565249492,100.0,submitted_main_linear_features_H5_18col,6ed147cd585e5e8083292683f9be3cf585e97e4d46fa0e3224d24a4e2b42cbbb,f83baf5732ffbf88b9a448a3d9ab9fa270f7495fe44d1559c1ac49795a30881a,41f184a29ff88aaf275f3365267b8c909ce7598a,ridge_corrected_41f184a29ff8_6ed147cd_f83baf57
Ridge,5,1,2022-06-03,2022-06-08,13.81,11.448967642243675,-2.3610323577563257,2.3610323577563257,5.574473794372395,100.0,submitted_main_linear_features_H5_18col,6ed147cd585e5e8083292683f9be3cf585e97e4d46fa0e3224d24a4e2b42cbbb,f83baf5732ffbf88b9a448a3d9ab9fa270f7495fe44d1559c1ac49795a30881a,41f184a29ff88aaf275f3365267b8c909ce7598a,ridge_corrected_41f184a29ff8_6ed147cd_f83baf57
Ridge,5,1,2022-06-04,2022-06-09,13.99,11.207636632907912,-2.7823633670920884,2.7823633670920884,7.7415459065360235,100.0,submitted_main_linear_features_H5_18col,6ed147cd585e5e8083292683f9be3cf585e97e4d46fa0e3224d24a4e2b42cbbb,f83baf5732ffbf88b9a448a3d9ab9fa270f7495fe44d1559c1ac49795a30881a,41f184a29ff88aaf275f3365267b8c909ce7598a,ridge_corrected_41f184a29ff8_6ed147cd_f83baf57
Ridge,5,1,2022-06-05,2022-06-10,13.16,10.664697239350565,-2.4953027606494356,2.4953027606494356,6.226535867304694,100.0,submitted_main_linear_features_H5_18col,6ed147cd585e5e8083292683f9be3cf585e97e4d46fa0e3224d24a4e2b42cbbb,f83baf5732ffbf88b9a448a3d9ab9fa270f7495fe44d1559c1ac49795a30881a,41f184a29ff88aaf275f3365267b8c909ce7598a,ridge_corrected_41f184a29ff8_6ed147cd_f83baf57
Ridge,5,1,2022-06-06,2022-06-11,11.9,10.701623428994306,-1.198376571005694,1.198376571005694,1.436106405935365,100.0,submitted_main_linear_features_H5_18col,6ed147cd585e5e8083292683f9be3cf585e97e4d46fa0e3224d24a4e2b42cbbb,f83baf5732ffbf88b9a448a3d9ab9fa270f7495fe44d1559c1ac49795a30881a,41f184a29ff88aaf275f3365267b8c909ce7598a,ridge_corrected_41f184a29ff8_6ed147cd_f83baf57
Ridge,5,1,2022-06-07,2022-06-12,12.11,10.773628739048267,-1.3363712609517329,1.3363712609517329,1.7858881470977246,100.0,submitted_main_linear_features_H5_18col,6ed147cd585e5e8083292683f9be3cf585e97e4d46fa0e3224d24a4e2b42cbbb,f83baf5732ffbf88b9a448a3d9ab9fa270f7495fe44d1559c1ac49795a30881a,41f184a29ff88aaf275f3365267b8c909ce7598a,ridge_corrected_41f184a29ff8_6ed147cd_f83baf57
Ridge,5,1,2022-06-08,2022-06-13,10.94,10.665347466591605,-0.27465253340839446,0.27465253340839446,0.07543401410764923,100.0,submitted_main_linear_features_H5_18col,6ed147cd585e5e8083292683f9be3cf585e97e4d46fa0e3224d24a4e2b42cbbb,f83baf5732ffbf88b9a448a3d9ab9fa270f7495fe44d1559c1ac49795a30881a,41f184a29ff88aaf275f3365267b8c909ce7598a,ridge_corrected_41f184a29ff8_6ed147cd_f83baf57
Ridge,5,1,2022-06-09,2022-06-14,14.46,11.023286791567227,-3.4367132084327743,3.4367132084327743,11.810997677016294,100.0,submitted_main_linear_features_H5_18col,6ed147cd585e5e8083292683f9be3cf585e97e4d46fa0e3224d24a4e2b42cbbb,f83baf5732ffbf88b9a448a3d9ab9fa270f7495fe44d1559c1ac49795a30881a,41f184a29ff88aaf275f3365267b8c909ce7598a,ridge_corrected_41f184a29ff8_6ed147cd_f83baf57
Ridge,5,1,2022-06-10,2022-06-15,10.28,11.15477451540772,0.8747745154077204,0.8747745154077204,0.7652304528068121,100.0,submitted_main_linear_features_H5_18col,6ed147cd585e5e8083292683f9be3cf585e97e4d46fa0e3224d24a4e2b42cbbb,f83baf5732ffbf88b9a448a3d9ab9fa270f7495fe44d1559c1ac49795a30881a,41f184a29ff88aaf275f3365267b8c909ce7598a,ridge_corrected_41f184a29ff8_6ed147cd_f83baf57
Ridge,5,1,2022-06-11,2022-06-16,9.31,11.209257605180081,1.8992576051800807,1.8992576051800807,3.607179450834375,100.0,submitted_main_linear_features_H5_18col,6ed147cd585e5e8083292683f9be3cf585e97e4d46fa0e3224d24a4e2b42cbbb,f83baf5732ffbf88b9a448a3d9ab9fa270f7495fe44d1559c1ac49795a30881a,41f184a29ff88aaf275f3365267b8c909ce7598a,ridge_corrected_41f184a29ff8_6ed147cd_f83baf57
Ridge,5,1,2022-06-12,2022-06-17,11.4,10.860462915668673,-0.539537084331327,0.539537084331327,0.29110026536874944,100.0,submitted_main_linear_features_H5_18col,6ed147cd585e5e8083292683f9be3cf585e97e4d46fa0e3224d24a4e2b42cbbb,f83baf5732ffbf88b9a448a3d9ab9fa270f7495fe44d1559c1ac49795a30881a,41f184a29ff88aaf275f3365267b8c909ce7598a,ridge_corrected_41f184a29ff8_6ed147cd_f83baf57
Ridge,5,1,2022-06-13,2022-06-18,10.92,11.071001247826814,0.15100124782681412,0.15100124782681412,0.022801376845254937,100.0,submitted_main_linear_features_H5_18col,6ed147cd585e5e8083292683f9be3cf585e97e4d46fa0e3224d24a4e2b42cbbb,f83baf5732ffbf88b9a448a3d9ab9fa270f7495fe44d1559c1ac49795a30881a,41f184a29ff88aaf275f3365267b8c909ce7598a,ridge_corrected_41f184a29ff8_6ed147cd_f83baf57
Ridge,5,1,2022-06-14,2022-06-19,10.96,10.689638098070956,-0.27036190192904463,0.27036190192904463,0.07309555801469035,100.0,submitted_main_linear_features_H5_18col,6ed147cd585e5e8083292683f9be3cf585e97e4d46fa0e3224d24a4e2b42cbbb,f83baf5732ffbf88b9a448a3d9ab9fa270f7495fe44d1559c1ac49795a30881a,41f184a29ff88aaf275f3365267b8c909ce7598a,ridge_corrected_41f184a29ff8_6ed147cd_f83baf57
Ridge,5,1,2022-06-15,2022-06-20,10.97,11.528835833269008,0.5588358332690078,0.5588358332690078,0.31229748854546624,100.0,submitted_main_linear_features_H5_18col,6ed147cd585e5e8083292683f9be3cf585e97e4d46fa0e3224d24a4e2b42cbbb,f83baf5732ffbf88b9a448a3d9ab9fa270f7495fe44d1559c1ac49795a30881a,41f184a29ff88aaf275f3365267b8c909ce7598a,ridge_corrected_41f184a29ff8_6ed147cd_f83baf57
Ridge,5,2,2022-06-16,2022-06-21,11.96,11.522128911686647,-0.4378710883133543,0.4378710883133543,0.19173108998072133,100.0,submitted_main_linear_features_H5_18col,6ed147cd585e5e8083292683f9be3cf585e97e4d46fa0e3224d24a4e2b42cbbb,f83baf5732ffbf88b9a448a3d9ab9fa270f7495fe44d1559c1ac49795a30881a,41f184a29ff88aaf275f3365267b8c909ce7598a,ridge_corrected_41f184a29ff8_6ed147cd_f83baf57
Ridge,5,2,2022-06-17,2022-06-22,13.96,11.29270246541612,-2.6672975345838807,2.6672975345838807,7.114476137997248,100.0,submitted_main_linear_features_H5_18col,6ed147cd585e5e8083292683f9be3cf585e97e4d46fa0e3224d24a4e2b42cbbb,f83baf5732ffbf88b9a448a3d9ab9fa270f7495fe44d1559c1ac49795a30881a,41f184a29ff88aaf275f3365267b8c909ce7598a,ridge_corrected_41f184a29ff8_6ed147cd_f83baf57
Ridge,5,2,2022-06-18,2022-06-23,13.33,11.574356509304039,-1.7556434906959613,1.7556434906959613,3.0822840664231,100.0,submitted_main_linear_features_H5_18col,6ed147cd585e5e8083292683f9be3cf585e97e4d46fa0e3224d24a4e2b42cbbb,f83baf5732ffbf88b9a448a3d9ab9fa270f7495fe44d1559c1ac49795a30881a,41f184a29ff88aaf275f3365267b8c909ce7598a,ridge_corrected_41f184a29ff8_6ed147cd_f83baf57
Ridge,5,2,2022-06-19,2022-06-24,13.07,11.712665708588755,-1.3573342914112452,1.3573342914112452,1.842356378640867,100.0,submitted_main_linear_features_H5_18col,6ed147cd585e5e8083292683f9be3cf585e97e4d46fa0e3224d24a4e2b42cbbb,f83baf5732ffbf88b9a448a3d9ab9fa270f7495fe44d1559c1ac49795a30881a,41f184a29ff88aaf275f3365267b8c909ce7598a,ridge_corrected_41f184a29ff8_6ed147cd_f83baf57
Ridge,5,2,2022-06-20,2022-06-25,11.83,11.687363104638598,-0.14263689536140234,0.14263689536140234,0.02034528391833964,100.0,submitted_main_linear_features_H5_18col,6ed147cd585e5e8083292683f9be3cf585e97e4d46fa0e3224d24a4e2b42cbbb,f83baf5732ffbf88b9a448a3d9ab9fa270f7495fe44d1559c1ac49795a30881a,41f184a29ff88aaf275f3365267b8c909ce7598a,ridge_corrected_41f184a29ff8_6ed147cd_f83baf57
Ridge,5,2,2022-06-21,2022-06-26,11.71,11.646184505252958,-0.06381549474704329,0.06381549474704329,0.004072417369809909,100.0,submitted_main_linear_features_H5_18col,6ed147cd585e5e8083292683f9be3cf585e97e4d46fa0e3224d24a4e2b42cbbb,f83baf5732ffbf88b9a448a3d9ab9fa270f7495fe44d1559c1ac49795a30881a,41f184a29ff88aaf275f3365267b8c909ce7598a,ridge_corrected_41f184a29ff8_6ed147cd_f83baf57
Ridge,5,2,2022-06-22,2022-06-27,12.04,11.746923310985538,-0.2930766890144607,0.2930766890144607,0.08589394564367892,100.0,submitted_main_linear_features_H5_18col,6ed147cd585e5e8083292683f9be3cf585e97e4d46fa0e3224d24a4e2b42cbbb,f83baf5732ffbf88b9a448a3d9ab9fa270f7495fe44d1559c1ac49795a30881a,41f184a29ff88aaf275f3365267b8c909ce7598a,ridge_corrected_41f184a29ff8_6ed147cd_f83baf57
Ridge,5,2,2022-06-23,2022-06-28,9.34,12.037493238592445,2.697493238592445,2.697493238592445,7.276469772251958,100.0,submitted_main_linear_features_H5_18col,6ed147cd585e5e8083292683f9be3cf585e97e4d46fa0e3224d24a4e2b42cbbb,f83baf5732ffbf88b9a448a3d9ab9fa270f7495fe44d1559c1ac49795a30881a,41f184a29ff88aaf275f3365267b8c909ce7598a,ridge_corrected_41f184a29ff8_6ed147cd_f83baf57
Ridge,5,2,2022-06-24,2022-06-29,9.1,12.027880392002858,2.9278803920028587,2.9278803920028587,8.572483589874814,100.0,submitted_main_linear_features_H5_18col,6ed147cd585e5e8083292683f9be3cf585e97e4d46fa0e3224d24a4e2b42cbbb,f83baf5732ffbf88b9a448a3d9ab9fa270f7495fe44d1559c1ac49795a30881a,41f184a29ff88aaf275f3365267b8c909ce7598a,ridge_corrected_41f184a29ff8_6ed147cd_f83baf57
Ridge,5,2,2022-06-25,2022-06-30,12.71,12.283422168603792,-0.42657783139620875,0.42657783139620875,0.1819686462386923,100.0,submitted_main_linear_features_H5_18col,6ed147cd585e5e8083292683f9be3cf585e97e4d46fa0e3224d24a4e2b42cbbb,f83baf5732ffbf88b9a448a3d9ab9fa270f7495fe44d1559c1ac49795a30881a,41f184a29ff88aaf275f3365267b8c909ce7598a,ridge_corrected_41f184a29ff8_6ed147cd_f83baf57
Ridge,5,2,2022-06-26,2022-07-01,12.94,12.282076490238884,-0.6579235097611154,0.6579235097611154,0.43286334469638443,100.0,submitted_main_linear_features_H5_18col,6ed147cd585e5e8083292683f9be3cf585e97e4d46fa0e3224d24a4e2b42cbbb,f83baf5732ffbf88b9a448a3d9ab9fa270f7495fe44d1559c1ac49795a30881a,41f184a29ff88aaf275f3365267b8c909ce7598a,ridge_corrected_41f184a29ff8_6ed147cd_f83baf57
Ridge,5,2,2022-06-27,2022-07-02,10.07,11.397656288120665,1.3276562881206644,1.3276562881206644,1.7626712193863405,100.0,submitted_main_linear_features_H5_18col,6ed147cd585e5e8083292683f9be3cf585e97e4d46fa0e3224d24a4e2b42cbbb,f83baf5732ffbf88b9a448a3d9ab9fa270f7495fe44d1559c1ac49795a30881a,41f184a29ff88aaf275f3365267b8c909ce7598a,ridge_corrected_41f184a29ff8_6ed147cd_f83baf57
Ridge,5,2,2022-06-28,2022-07-03,9.04,12.229052824266553,3.189052824266554,3.189052824266554,10.170057915962484,100.0,submitted_main_linear_features_H5_18col,6ed147cd585e5e8083292683f9be3cf585e97e4d46fa0e3224d24a4e2b42cbbb,f83baf5732ffbf88b9a448a3d9ab9fa270f7495fe44d1559c1ac49795a30881a,41f184a29ff88aaf275f3365267b8c909ce7598a,ridge_corrected_41f184a29ff8_6ed147cd_f83baf57
Ridge,5,2,2022-06-29,2022-07-04,11.09,11.468091080121354,0.3780910801213544,0.3780910801213544,0.14295286486733244,100.0,submitted_main_linear_features_H5_18col,6ed147cd585e5e8083292683f9be3cf585e97e4d46fa0e3224d24a4e2b42cbbb,f83baf5732ffbf88b9a448a3d9ab9fa270f7495fe44d1559c1ac49795a30881a,41f184a29ff88aaf275f3365267b8c909ce7598a,ridge_corrected_41f184a29ff8_6ed147cd_f83baf57
Ridge,5,2,2022-06-30,2022-07-05,11.74,11.392606444381732,-0.3473935556182681,0.3473935556182681,0.12068228248510275,100.0,submitted_main_linear_features_H5_18col,6ed147cd585e5e8083292683f9be3cf585e97e4d46fa0e3224d24a4e2b42cbbb,f83baf5732ffbf88b9a448a3d9ab9fa270f7495fe44d1559c1ac49795a30881a,41f184a29ff88aaf275f3365267b8c909ce7598a,ridge_corrected_41f184a29ff8_6ed147cd_f83baf57
Ridge,5,2,2022-07-01,2022-07-06,11.62,12.14863368101595,0.5286336810159504,0.5286336810159504,0.27945356870447363,100.0,submitted_main_linear_features_H5_18col,6ed147cd585e5e8083292683f9be3cf585e97e4d46fa0e3224d24a4e2b42cbbb,f83baf5732ffbf88b9a448a3d9ab9fa270f7495fe44d1559c1ac49795a30881a,41f184a29ff88aaf275f3365267b8c909ce7598a,ridge_corrected_41f184a29ff8_6ed147cd_f83baf57
Ridge,5,2,2022-07-02,2022-07-07,13.14,12.374051008401809,-0.7659489915981919,0.7659489915981919,0.586677857730287,100.0,submitted_main_linear_features_H5_18col,6ed147cd585e5e8083292683f9be3cf585e97e4d46fa0e3224d24a4e2b42cbbb,f83baf5732ffbf88b9a448a3d9ab9fa270f7495fe44d1559c1ac49795a30881a,41f184a29ff88aaf275f3365267b8c909ce7598a,ridge_corrected_41f184a29ff8_6ed147cd_f83baf57
Ridge,5,2,2022-07-03,2022-07-08,10.84,11.721068519402287,0.8810685194022874,0.8810685194022874,0.7762817358817389,100.0,submitted_main_linear_features_H5_18col,6ed147cd585e5e8083292683f9be3cf585e97e4d46fa0e3224d24a4e2b42cbbb,f83baf5732ffbf88b9a448a3d9ab9fa270f7495fe44d1559c1ac49795a30881a,41f184a29ff88aaf275f3365267b8c909ce7598a,ridge_corrected_41f184a29ff8_6ed147cd_f83baf57
Ridge,5,2,2022-07-04,2022-07-09,11.6,11.363899031554313,-0.23610096844568673,0.23610096844568673,0.05574366730099116,100.0,submitted_main_linear_features_H5_18col,6ed147cd585e5e8083292683f9be3cf585e97e4d46fa0e3224d24a4e2b42cbbb,f83baf5732ffbf88b9a448a3d9ab9fa270f7495fe44d1559c1ac49795a30881a,41f184a29ff88aaf275f3365267b8c909ce7598a,ridge_corrected_41f184a29ff8_6ed147cd_f83baf57
Ridge,5,2,2022-07-05,2022-07-10,11.35,11.680471144938997,0.330471144938997,0.330471144938997,0.10921117763729156,100.0,submitted_main_linear_features_H5_18col,6ed147cd585e5e8083292683f9be3cf585e97e4d46fa0e3224d24a4e2b42cbbb,f83baf5732ffbf88b9a448a3d9ab9fa270f7495fe44d1559c1ac49795a30881a,41f184a29ff88aaf275f3365267b8c909ce7598a,ridge_corrected_41f184a29ff8_6ed147cd_f83baf57
Ridge,5,2,2022-07-06,2022-07-11,12.84,11.729741478974736,-1.1102585210252638,1.1102585210252638,1.2326739835092062,100.0,submitted_main_linear_features_H5_18col,6ed147cd585e5e8083292683f9be3cf585e97e4d46fa0e3224d24a4e2b42cbbb,f83baf5732ffbf88b9a448a3d9ab9fa270f7495fe44d1559c1ac49795a30881a,41f184a29ff88aaf275f3365267b8c909ce7598a,ridge_corrected_41f184a29ff8_6ed147cd_f83baf57
Ridge,5,2,2022-07-07,2022-07-12,10.85,11.831163630832528,0.981163630832528,0.981163630832528,0.9626820704684693,100.0,submitted_main_linear_features_H5_18col,6ed147cd585e5e8083292683f9be3cf585e97e4d46fa0e3224d24a4e2b42cbbb,f83baf5732ffbf88b9a448a3d9ab9fa270f7495fe44d1559c1ac49795a30881a,41f184a29ff88aaf275f3365267b8c909ce7598a,ridge_corrected_41f184a29ff8_6ed147cd_f83baf57
Ridge,5,2,2022-07-08,2022-07-13,12.23,12.072438720245591,-0.15756127975440926,0.15756127975440926,0.024825556877847217,100.0,submitted_main_linear_features_H5_18col,6ed147cd585e5e8083292683f9be3cf585e97e4d46fa0e3224d24a4e2b42cbbb,f83baf5732ffbf88b9a448a3d9ab9fa270f7495fe44d1559c1ac49795a30881a,41f184a29ff88aaf275f3365267b8c909ce7598a,ridge_corrected_41f184a29ff8_6ed147cd_f83baf57
Ridge,5,2,2022-07-09,2022-07-14,13.62,11.975528839481354,-1.6444711605186448,1.6444711605186448,2.7042853977775385,100.0,submitted_main_linear_features_H5_18col,6ed147cd585e5e8083292683f9be3cf585e97e4d46fa0e3224d24a4e2b42cbbb,f83baf5732ffbf88b9a448a3d9ab9fa270f7495fe44d1559c1ac49795a30881a,41f184a29ff88aaf275f3365267b8c909ce7598a,ridge_corrected_41f184a29ff8_6ed147cd_f83baf57
Ridge,5,2,2022-07-10,2022-07-15,12.58,12.040083923985271,-0.5399160760147286,0.5399160760147286,0.29150936913914216,100.0,submitted_main_linear_features_H5_18col,6ed147cd585e5e8083292683f9be3cf585e97e4d46fa0e3224d24a4e2b42cbbb,f83baf5732ffbf88b9a448a3d9ab9fa270f7495fe44d1559c1ac49795a30881a,41f184a29ff88aaf275f3365267b8c909ce7598a,ridge_corrected_41f184a29ff8_6ed147cd_f83baf57
Ridge,5,2,2022-07-11,2022-07-16,12.6,11.60474883729608,-0.9952511627039193,0.9952511627039193,0.9905248768635033,100.0,submitted_main_linear_features_H5_18col,6ed147cd585e5e8083292683f9be3cf585e97e4d46fa0e3224d24a4e2b42cbbb,f83baf5732ffbf88b9a448a3d9ab9fa270f7495fe44d1559c1ac49795a30881a,41f184a29ff88aaf275f3365267b8c909ce7598a,ridge_corrected_41f184a29ff8_6ed147cd_f83baf57
Ridge,5,2,2022-07-12,2022-07-17,11.39,12.052857623836543,0.6628576238365422,0.6628576238365422,0.4393802294782269,100.0,submitted_main_linear_features_H5_18col,6ed147cd585e5e8083292683f9be3cf585e97e4d46fa0e3224d24a4e2b42cbbb,f83baf5732ffbf88b9a448a3d9ab9fa270f7495fe44d1559c1ac49795a30881a,41f184a29ff88aaf275f3365267b8c909ce7598a,ridge_corrected_41f184a29ff8_6ed147cd_f83baf57
Ridge,5,2,2022-07-13,2022-07-18,12.11,11.474051438209166,-0.6359485617908334,0.6359485617908334,0.4044305732438294,100.0,submitted_main_linear_features_H5_18col,6ed147cd585e5e8083292683f9be3cf585e97e4d46fa0e3224d24a4e2b42cbbb,f83baf5732ffbf88b9a448a3d9ab9fa270f7495fe44d1559c1ac49795a30881a,41f184a29ff88aaf275f3365267b8c909ce7598a,ridge_corrected_41f184a29ff8_6ed147cd_f83baf57
Ridge,5,2,2022-07-14,2022-07-19,9.71,11.854349182586665,2.144349182586664,2.144349182586664,4.5982334168600945,100.0,submitted_main_linear_features_H5_18col,6ed147cd585e5e8083292683f9be3cf585e97e4d46fa0e3224d24a4e2b42cbbb,f83baf5732ffbf88b9a448a3d9ab9fa270f7495fe44d1559c1ac49795a30881a,41f184a29ff88aaf275f3365267b8c909ce7598a,ridge_corrected_41f184a29ff8_6ed147cd_f83baf57
Ridge,5,2,2022-07-15,2022-07-20,12.02,12.212536830065137,0.1925368300651371,0.1925368300651371,0.037070430931531485,100.0,submitted_main_linear_features_H5_18col,6ed147cd585e5e8083292683f9be3cf585e97e4d46fa0e3224d24a4e2b42cbbb,f83baf5732ffbf88b9a448a3d9ab9fa270f7495fe44d1559c1ac49795a30881a,41f184a29ff88aaf275f3365267b8c909ce7598a,ridge_corrected_41f184a29ff8_6ed147cd_f83baf57
Ridge,5,2,2022-07-16,2022-07-21,11.9,11.918325372900625,0.01832537290062497,0.01832537290062497,0.00033581929194696005,100.0,submitted_main_linear_features_H5_18col,6ed147cd585e5e8083292683f9be3cf585e97e4d46fa0e3224d24a4e2b42cbbb,f83baf5732ffbf88b9a448a3d9ab9fa270f7495fe44d1559c1ac49795a30881a,41f184a29ff88aaf275f3365267b8c909ce7598a,ridge_corrected_41f184a29ff8_6ed147cd_f83baf57
Ridge,5,2,2022-07-17,2022-07-22,11.05,11.921014980421534,0.871014980421533,0.871014980421533,0.7586670961187235,100.0,submitted_main_linear_features_H5_18col,6ed147cd585e5e8083292683f9be3cf585e97e4d46fa0e3224d24a4e2b42cbbb,f83baf5732ffbf88b9a448a3d9ab9fa270f7495fe44d1559c1ac49795a30881a,41f184a29ff88aaf275f3365267b8c909ce7598a,ridge_corrected_41f184a29ff8_6ed147cd_f83baf57
Ridge,5,2,2022-07-18,2022-07-23,11.92,10.668670943333353,-1.2513290566666466,1.2513290566666466,1.5658244080582397,100.0,submitted_main_linear_features_H5_18col,6ed147cd585e5e8083292683f9be3cf585e97e4d46fa0e3224d24a4e2b42cbbb,f83baf5732ffbf88b9a448a3d9ab9fa270f7495fe44d1559c1ac49795a30881a,41f184a29ff88aaf275f3365267b8c909ce7598a,ridge_corrected_41f184a29ff8_6ed147cd_f83baf57
Ridge,5,2,2022-07-19,2022-07-24,11.48,11.811625592545848,0.3316255925458478,0.3316255925458478,0.10997553363138465,100.0,submitted_main_linear_features_H5_18col,6ed147cd585e5e8083292683f9be3cf585e97e4d46fa0e3224d24a4e2b42cbbb,f83baf5732ffbf88b9a448a3d9ab9fa270f7495fe44d1559c1ac49795a30881a,41f184a29ff88aaf275f3365267b8c909ce7598a,ridge_corrected_41f184a29ff8_6ed147cd_f83baf57
Ridge,5,2,2022-07-20,2022-07-25,10.61,11.7350493683563,1.1250493683563008,1.1250493683563008,1.2657360812389113,100.0,submitted_main_linear_features_H5_18col,6ed147cd585e5e8083292683f9be3cf585e97e4d46fa0e3224d24a4e2b42cbbb,f83baf5732ffbf88b9a448a3d9ab9fa270f7495fe44d1559c1ac49795a30881a,41f184a29ff88aaf275f3365267b8c909ce7598a,ridge_corrected_41f184a29ff8_6ed147cd_f83baf57
Ridge,5,2,2022-07-21,2022-07-26,9.41,11.764270237294479,2.354270237294479,2.354270237294479,5.542588350210601,100.0,submitted_main_linear_features_H5_18col,6ed147cd585e5e8083292683f9be3cf585e97e4d46fa0e3224d24a4e2b42cbbb,f83baf5732ffbf88b9a448a3d9ab9fa270f7495fe44d1559c1ac49795a30881a,41f184a29ff88aaf275f3365267b8c909ce7598a,ridge_corrected_41f184a29ff8_6ed147cd_f83baf57
Ridge,5,2,2022-07-22,2022-07-27,10.84,12.0319645622122,1.1919645622122008,1.1919645622122008,1.4207795175697235,100.0,submitted_main_linear_features_H5_18col,6ed147cd585e5e8083292683f9be3cf585e97e4d46fa0e3224d24a4e2b42cbbb,f83baf5732ffbf88b9a448a3d9ab9fa270f7495fe44d1559c1ac49795a30881a,41f184a29ff88aaf275f3365267b8c909ce7598a,ridge_corrected_41f184a29ff8_6ed147cd_f83baf57
Ridge,5,2,2022-07-23,2022-07-28,10.36,11.707841442973999,1.3478414429739995,1.3478414429739995,1.8166765553982334,100.0,submitted_main_linear_features_H5_18col,6ed147cd585e5e8083292683f9be3cf585e97e4d46fa0e3224d24a4e2b42cbbb,f83baf5732ffbf88b9a448a3d9ab9fa270f7495fe44d1559c1ac49795a30881a,41f184a29ff88aaf275f3365267b8c909ce7598a,ridge_corrected_41f184a29ff8_6ed147cd_f83baf57
Ridge,5,2,2022-07-24,2022-07-29,12.71,11.628351643148019,-1.0816483568519821,1.0816483568519821,1.1699631678805928,100.0,submitted_main_linear_features_H5_18col,6ed147cd585e5e8083292683f9be3cf585e97e4d46fa0e3224d24a4e2b42cbbb,f83baf5732ffbf88b9a448a3d9ab9fa270f7495fe44d1559c1ac49795a30881a,41f184a29ff88aaf275f3365267b8c909ce7598a,ridge_corrected_41f184a29ff8_6ed147cd_f83baf57
Ridge,5,2,2022-07-25,2022-07-30,11.0,11.69617272248,0.6961727224800001,0.6961727224800001,0.4846564595252152,100.0,submitted_main_linear_features_H5_18col,6ed147cd585e5e8083292683f9be3cf585e97e4d46fa0e3224d24a4e2b42cbbb,f83baf5732ffbf88b9a448a3d9ab9fa270f7495fe44d1559c1ac49795a30881a,41f184a29ff88aaf275f3365267b8c909ce7598a,ridge_corrected_41f184a29ff8_6ed147cd_f83baf57
Ridge,5,2,2022-07-26,2022-07-31,11.68,11.901053977147338,0.22105397714733854,0.22105397714733854,0.04886486081265607,100.0,submitted_main_linear_features_H5_18col,6ed147cd585e5e8083292683f9be3cf585e97e4d46fa0e3224d24a4e2b42cbbb,f83baf5732ffbf88b9a448a3d9ab9fa270f7495fe44d1559c1ac49795a30881a,41f184a29ff88aaf275f3365267b8c909ce7598a,ridge_corrected_41f184a29ff8_6ed147cd_f83baf57
Ridge,5,2,2022-07-27,2022-08-01,11.72,11.733876931891153,0.013876931891152466,0.013876931891152466,0.00019256923871168436,100.0,submitted_main_linear_features_H5_18col,6ed147cd585e5e8083292683f9be3cf585e97e4d46fa0e3224d24a4e2b42cbbb,f83baf5732ffbf88b9a448a3d9ab9fa270f7495fe44d1559c1ac49795a30881a,41f184a29ff88aaf275f3365267b8c909ce7598a,ridge_corrected_41f184a29ff8_6ed147cd_f83baf57
Ridge,5,2,2022-07-28,2022-08-02,13.98,11.461520731394012,-2.5184792686059883,2.5184792686059883,6.342737826398153,100.0,submitted_main_linear_features_H5_18col,6ed147cd585e5e8083292683f9be3cf585e97e4d46fa0e3224d24a4e2b42cbbb,f83baf5732ffbf88b9a448a3d9ab9fa270f7495fe44d1559c1ac49795a30881a,41f184a29ff88aaf275f3365267b8c909ce7598a,ridge_corrected_41f184a29ff8_6ed147cd_f83baf57
Ridge,5,2,2022-07-29,2022-08-03,15.37,11.370102383027326,-3.9998976169726728,3.9998976169726728,15.999180946263666,100.0,submitted_main_linear_features_H5_18col,6ed147cd585e5e8083292683f9be3cf585e97e4d46fa0e3224d24a4e2b42cbbb,f83baf5732ffbf88b9a448a3d9ab9fa270f7495fe44d1559c1ac49795a30881a,41f184a29ff88aaf275f3365267b8c909ce7598a,ridge_corrected_41f184a29ff8_6ed147cd_f83baf57
Ridge,5,2,2022-07-30,2022-08-04,13.75,11.902220239147749,-1.8477797608522515,1.8477797608522515,3.414290044615204,100.0,submitted_main_linear_features_H5_18col,6ed147cd585e5e8083292683f9be3cf585e97e4d46fa0e3224d24a4e2b42cbbb,f83baf5732ffbf88b9a448a3d9ab9fa270f7495fe44d1559c1ac49795a30881a,41f184a29ff88aaf275f3365267b8c909ce7598a,ridge_corrected_41f184a29ff8_6ed147cd_f83baf57
Ridge,5,2,2022-07-31,2022-08-05,12.58,11.482639999993761,-1.0973600000062387,1.0973600000062387,1.204198969613692,100.0,submitted_main_linear_features_H5_18col,6ed147cd585e5e8083292683f9be3cf585e97e4d46fa0e3224d24a4e2b42cbbb,f83baf5732ffbf88b9a448a3d9ab9fa270f7495fe44d1559c1ac49795a30881a,41f184a29ff88aaf275f3365267b8c909ce7598a,ridge_corrected_41f184a29ff8_6ed147cd_f83baf57
Ridge,5,2,2022-08-01,2022-08-06,11.47,11.77066670234032,0.3006667023403189,0.3006667023403189,0.09040046589620192,100.0,submitted_main_linear_features_H5_18col,6ed147cd585e5e8083292683f9be3cf585e97e4d46fa0e3224d24a4e2b42cbbb,f83baf5732ffbf88b9a448a3d9ab9fa270f7495fe44d1559c1ac49795a30881a,41f184a29ff88aaf275f3365267b8c909ce7598a,ridge_corrected_41f184a29ff8_6ed147cd_f83baf57
Ridge,5,2,2022-08-02,2022-08-07,10.79,11.970420133877594,1.180420133877595,1.180420133877595,1.3933916924635994,100.0,submitted_main_linear_features_H5_18col,6ed147cd585e5e8083292683f9be3cf585e97e4d46fa0e3224d24a4e2b42cbbb,f83baf5732ffbf88b9a448a3d9ab9fa270f7495fe44d1559c1ac49795a30881a,41f184a29ff88aaf275f3365267b8c909ce7598a,ridge_corrected_41f184a29ff8_6ed147cd_f83baf57
Ridge,5,2,2022-08-03,2022-08-08,11.84,12.111899520164505,0.2718995201645047,0.2718995201645047,0.07392934906568789,100.0,submitted_main_linear_features_H5_18col,6ed147cd585e5e8083292683f9be3cf585e97e4d46fa0e3224d24a4e2b42cbbb,f83baf5732ffbf88b9a448a3d9ab9fa270f7495fe44d1559c1ac49795a30881a,41f184a29ff88aaf275f3365267b8c909ce7598a,ridge_corrected_41f184a29ff8_6ed147cd_f83baf57
Ridge,5,2,2022-08-04,2022-08-09,11.92,12.514031471275889,0.5940314712758887,0.5940314712758887,0.352873388866197,100.0,submitted_main_linear_features_H5_18col,6ed147cd585e5e8083292683f9be3cf585e97e4d46fa0e3224d24a4e2b42cbbb,f83baf5732ffbf88b9a448a3d9ab9fa270f7495fe44d1559c1ac49795a30881a,41f184a29ff88aaf275f3365267b8c909ce7598a,ridge_corrected_41f184a29ff8_6ed147cd_f83baf57
Ridge,5,2,2022-08-05,2022-08-10,9.1,12.477937782072958,3.3779377820729586,3.3779377820729586,11.410463659555978,100.0,submitted_main_linear_features_H5_18col,6ed147cd585e5e8083292683f9be3cf585e97e4d46fa0e3224d24a4e2b42cbbb,f83baf5732ffbf88b9a448a3d9ab9fa270f7495fe44d1559c1ac49795a30881a,41f184a29ff88aaf275f3365267b8c909ce7598a,ridge_corrected_41f184a29ff8_6ed147cd_f83baf57
Ridge,5,2,2022-08-06,2022-08-11,10.85,12.12519528354069,1.2751952835406897,1.2751952835406897,1.6261230111644198,100.0,submitted_main_linear_features_H5_18col,6ed147cd585e5e8083292683f9be3cf585e97e4d46fa0e3224d24a4e2b42cbbb,f83baf5732ffbf88b9a448a3d9ab9fa270f7495fe44d1559c1ac49795a30881a,41f184a29ff88aaf275f3365267b8c909ce7598a,ridge_corrected_41f184a29ff8_6ed147cd_f83baf57
Ridge,5,2,2022-08-07,2022-08-12,10.13,11.582780532536413,1.452780532536412,1.452780532536412,2.110571275716781,100.0,submitted_main_linear_features_H5_18col,6ed147cd585e5e8083292683f9be3cf585e97e4d46fa0e3224d24a4e2b42cbbb,f83baf5732ffbf88b9a448a3d9ab9fa270f7495fe44d1559c1ac49795a30881a,41f184a29ff88aaf275f3365267b8c909ce7598a,ridge_corrected_41f184a29ff8_6ed147cd_f83baf57
Ridge,5,2,2022-08-08,2022-08-13,9.9,11.518665357558765,1.6186653575587648,1.6186653575587648,2.6200775397608442,100.0,submitted_main_linear_features_H5_18col,6ed147cd585e5e8083292683f9be3cf585e97e4d46fa0e3224d24a4e2b42cbbb,f83baf5732ffbf88b9a448a3d9ab9fa270f7495fe44d1559c1ac49795a30881a,41f184a29ff88aaf275f3365267b8c909ce7598a,ridge_corrected_41f184a29ff8_6ed147cd_f83baf57
Ridge,5,2,2022-08-09,2022-08-14,8.88,11.729266564977994,2.8492665649779934,2.8492665649779934,8.118319958301493,100.0,submitted_main_linear_features_H5_18col,6ed147cd585e5e8083292683f9be3cf585e97e4d46fa0e3224d24a4e2b42cbbb,f83baf5732ffbf88b9a448a3d9ab9fa270f7495fe44d1559c1ac49795a30881a,41f184a29ff88aaf275f3365267b8c909ce7598a,ridge_corrected_41f184a29ff8_6ed147cd_f83baf57
Ridge,5,2,2022-08-10,2022-08-15,7.51,11.708792099123386,4.198792099123386,4.198792099123386,17.62985509166097,100.0,submitted_main_linear_features_H5_18col,6ed147cd585e5e8083292683f9be3cf585e97e4d46fa0e3224d24a4e2b42cbbb,f83baf5732ffbf88b9a448a3d9ab9fa270f7495fe44d1559c1ac49795a30881a,41f184a29ff88aaf275f3365267b8c909ce7598a,ridge_corrected_41f184a29ff8_6ed147cd_f83baf57
Ridge,5,2,2022-08-11,2022-08-16,7.97,10.806792259068297,2.8367922590682975,2.8367922590682975,8.047390321109814,100.0,submitted_main_linear_features_H5_18col,6ed147cd585e5e8083292683f9be3cf585e97e4d46fa0e3224d24a4e2b42cbbb,f83baf5732ffbf88b9a448a3d9ab9fa270f7495fe44d1559c1ac49795a30881a,41f184a29ff88aaf275f3365267b8c909ce7598a,ridge_corrected_41f184a29ff8_6ed147cd_f83baf57
Ridge,5,2,2022-08-12,2022-08-17,10.81,11.274684260202005,0.46468426020200404,0.46468426020200404,0.2159314616794838,100.0,submitted_main_linear_features_H5_18col,6ed147cd585e5e8083292683f9be3cf585e97e4d46fa0e3224d24a4e2b42cbbb,f83baf5732ffbf88b9a448a3d9ab9fa270f7495fe44d1559c1ac49795a30881a,41f184a29ff88aaf275f3365267b8c909ce7598a,ridge_corrected_41f184a29ff8_6ed147cd_f83baf57
Ridge,5,2,2022-08-13,2022-08-18,10.51,11.14529919334009,0.6352991933400904,0.6352991933400904,0.40360506505856963,100.0,submitted_main_linear_features_H5_18col,6ed147cd585e5e8083292683f9be3cf585e97e4d46fa0e3224d24a4e2b42cbbb,f83baf5732ffbf88b9a448a3d9ab9fa270f7495fe44d1559c1ac49795a30881a,41f184a29ff88aaf275f3365267b8c909ce7598a,ridge_corrected_41f184a29ff8_6ed147cd_f83baf57
Ridge,5,2,2022-08-14,2022-08-19,8.86,10.859880753999981,1.9998807539999817,1.9998807539999817,3.9995230302195353,100.0,submitted_main_linear_features_H5_18col,6ed147cd585e5e8083292683f9be3cf585e97e4d46fa0e3224d24a4e2b42cbbb,f83baf5732ffbf88b9a448a3d9ab9fa270f7495fe44d1559c1ac49795a30881a,41f184a29ff88aaf275f3365267b8c909ce7598a,ridge_corrected_41f184a29ff8_6ed147cd_f83baf57
Ridge,5,2,2022-08-15,2022-08-20,9.42,10.903891159496277,1.4838911594962774,1.4838911594962774,2.2019329732312065,100.0,submitted_main_linear_features_H5_18col,6ed147cd585e5e8083292683f9be3cf585e97e4d46fa0e3224d24a4e2b42cbbb,f83baf5732ffbf88b9a448a3d9ab9fa270f7495fe44d1559c1ac49795a30881a,41f184a29ff88aaf275f3365267b8c909ce7598a,ridge_corrected_41f184a29ff8_6ed147cd_f83baf57
Ridge,5,2,2022-08-16,2022-08-21,9.74,10.25118133534005,0.5111813353400496,0.5111813353400496,0.26130635760003623,100.0,submitted_main_linear_features_H5_18col,6ed147cd585e5e8083292683f9be3cf585e97e4d46fa0e3224d24a4e2b42cbbb,f83baf5732ffbf88b9a448a3d9ab9fa270f7495fe44d1559c1ac49795a30881a,41f184a29ff88aaf275f3365267b8c909ce7598a,ridge_corrected_41f184a29ff8_6ed147cd_f83baf57
Ridge,5,2,2022-08-17,2022-08-22,10.25,10.49843466506776,0.24843466506776046,0.24843466506776046,0.06171978280733032,100.0,submitted_main_linear_features_H5_18col,6ed147cd585e5e8083292683f9be3cf585e97e4d46fa0e3224d24a4e2b42cbbb,f83baf5732ffbf88b9a448a3d9ab9fa270f7495fe44d1559c1ac49795a30881a,41f184a29ff88aaf275f3365267b8c909ce7598a,ridge_corrected_41f184a29ff8_6ed147cd_f83baf57
Ridge,5,2,2022-08-18,2022-08-23,12.0,10.963676612598402,-1.0363233874015982,1.0363233874015982,1.073966163275523,100.0,submitted_main_linear_features_H5_18col,6ed147cd585e5e8083292683f9be3cf585e97e4d46fa0e3224d24a4e2b42cbbb,f83baf5732ffbf88b9a448a3d9ab9fa270f7495fe44d1559c1ac49795a30881a,41f184a29ff88aaf275f3365267b8c909ce7598a,ridge_corrected_41f184a29ff8_6ed147cd_f83baf57
Ridge,5,2,2022-08-19,2022-08-24,9.62,10.844635022526496,1.2246350225264973,1.2246350225264973,1.4997309383984745,100.0,submitted_main_linear_features_H5_18col,6ed147cd585e5e8083292683f9be3cf585e97e4d46fa0e3224d24a4e2b42cbbb,f83baf5732ffbf88b9a448a3d9ab9fa270f7495fe44d1559c1ac49795a30881a,41f184a29ff88aaf275f3365267b8c909ce7598a,ridge_corrected_41f184a29ff8_6ed147cd_f83baf57
Ridge,5,2,2022-08-20,2022-08-25,9.98,10.274740154614559,0.2947401546145585,0.2947401546145585,0.08687175874221384,100.0,submitted_main_linear_features_H5_18col,6ed147cd585e5e8083292683f9be3cf585e97e4d46fa0e3224d24a4e2b42cbbb,f83baf5732ffbf88b9a448a3d9ab9fa270f7495fe44d1559c1ac49795a30881a,41f184a29ff88aaf275f3365267b8c909ce7598a,ridge_corrected_41f184a29ff8_6ed147cd_f83baf57
Ridge,5,2,2022-08-21,2022-08-26,10.62,10.73846855206053,0.11846855206053064,0.11846855206053064,0.014034797827318658,100.0,submitted_main_linear_features_H5_18col,6ed147cd585e5e8083292683f9be3cf585e97e4d46fa0e3224d24a4e2b42cbbb,f83baf5732ffbf88b9a448a3d9ab9fa270f7495fe44d1559c1ac49795a30881a,41f184a29ff88aaf275f3365267b8c909ce7598a,ridge_corrected_41f184a29ff8_6ed147cd_f83baf57
Ridge,5,2,2022-08-22,2022-08-27,12.52,10.905071134144727,-1.6149288658552727,1.6149288658552727,2.6079952417725973,100.0,submitted_main_linear_features_H5_18col,6ed147cd585e5e8083292683f9be3cf585e97e4d46fa0e3224d24a4e2b42cbbb,f83baf5732ffbf88b9a448a3d9ab9fa270f7495fe44d1559c1ac49795a30881a,41f184a29ff88aaf275f3365267b8c909ce7598a,ridge_corrected_41f184a29ff8_6ed147cd_f83baf57
Ridge,5,2,2022-08-23,2022-08-28,13.15,11.260194723664394,-1.889805276335606,1.889805276335606,3.571363982465896,100.0,submitted_main_linear_features_H5_18col,6ed147cd585e5e8083292683f9be3cf585e97e4d46fa0e3224d24a4e2b42cbbb,f83baf5732ffbf88b9a448a3d9ab9fa270f7495fe44d1559c1ac49795a30881a,41f184a29ff88aaf275f3365267b8c909ce7598a,ridge_corrected_41f184a29ff8_6ed147cd_f83baf57
Ridge,5,2,2022-08-24,2022-08-29,11.3,10.897616097224697,-0.4023839027753038,0.4023839027753038,0.1619128052126851,100.0,submitted_main_linear_features_H5_18col,6ed147cd585e5e8083292683f9be3cf585e97e4d46fa0e3224d24a4e2b42cbbb,f83baf5732ffbf88b9a448a3d9ab9fa270f7495fe44d1559c1ac49795a30881a,41f184a29ff88aaf275f3365267b8c909ce7598a,ridge_corrected_41f184a29ff8_6ed147cd_f83baf57
Ridge,5,2,2022-08-25,2022-08-30,11.58,11.003987260514297,-0.5760127394857033,0.5760127394857033,0.3317906760498247,100.0,submitted_main_linear_features_H5_18col,6ed147cd585e5e8083292683f9be3cf585e97e4d46fa0e3224d24a4e2b42cbbb,f83baf5732ffbf88b9a448a3d9ab9fa270f7495fe44d1559c1ac49795a30881a,41f184a29ff88aaf275f3365267b8c909ce7598a,ridge_corrected_41f184a29ff8_6ed147cd_f83baf57
Ridge,5,2,2022-08-26,2022-08-31,9.74,11.305802746135493,1.5658027461354926,1.5658027461354926,2.45173823980545,100.0,submitted_main_linear_features_H5_18col,6ed147cd585e5e8083292683f9be3cf585e97e4d46fa0e3224d24a4e2b42cbbb,f83baf5732ffbf88b9a448a3d9ab9fa270f7495fe44d1559c1ac49795a30881a,41f184a29ff88aaf275f3365267b8c909ce7598a,ridge_corrected_41f184a29ff8_6ed147cd_f83baf57
Ridge,5,2,2022-08-27,2022-09-01,6.86,11.459153321320716,4.599153321320716,4.599153321320716,21.152211273015375,100.0,submitted_main_linear_features_H5_18col,6ed147cd585e5e8083292683f9be3cf585e97e4d46fa0e3224d24a4e2b42cbbb,f83baf5732ffbf88b9a448a3d9ab9fa270f7495fe44d1559c1ac49795a30881a,41f184a29ff88aaf275f3365267b8c909ce7598a,ridge_corrected_41f184a29ff8_6ed147cd_f83baf57
Ridge,5,2,2022-08-28,2022-09-02,8.57,11.993607311356584,3.4236073113565837,3.4236073113565837,11.721087022374256,100.0,submitted_main_linear_features_H5_18col,6ed147cd585e5e8083292683f9be3cf585e97e4d46fa0e3224d24a4e2b42cbbb,f83baf5732ffbf88b9a448a3d9ab9fa270f7495fe44d1559c1ac49795a30881a,41f184a29ff88aaf275f3365267b8c909ce7598a,ridge_corrected_41f184a29ff8_6ed147cd_f83baf57
Ridge,5,2,2022-08-29,2022-09-03,11.56,11.73208636891747,0.1720863689174692,0.1720863689174692,0.02961371836719931,100.0,submitted_main_linear_features_H5_18col,6ed147cd585e5e8083292683f9be3cf585e97e4d46fa0e3224d24a4e2b42cbbb,f83baf5732ffbf88b9a448a3d9ab9fa270f7495fe44d1559c1ac49795a30881a,41f184a29ff88aaf275f3365267b8c909ce7598a,ridge_corrected_41f184a29ff8_6ed147cd_f83baf57
Ridge,5,2,2022-08-30,2022-09-04,9.69,11.235406414495063,1.5454064144950639,1.5454064144950639,2.3882809859624894,100.0,submitted_main_linear_features_H5_18col,6ed147cd585e5e8083292683f9be3cf585e97e4d46fa0e3224d24a4e2b42cbbb,f83baf5732ffbf88b9a448a3d9ab9fa270f7495fe44d1559c1ac49795a30881a,41f184a29ff88aaf275f3365267b8c909ce7598a,ridge_corrected_41f184a29ff8_6ed147cd_f83baf57
Ridge,5,2,2022-08-31,2022-09-05,11.27,10.955168461307295,-0.3148315386927045,0.3148315386927045,0.0991188977556159,100.0,submitted_main_linear_features_H5_18col,6ed147cd585e5e8083292683f9be3cf585e97e4d46fa0e3224d24a4e2b42cbbb,f83baf5732ffbf88b9a448a3d9ab9fa270f7495fe44d1559c1ac49795a30881a,41f184a29ff88aaf275f3365267b8c909ce7598a,ridge_corrected_41f184a29ff8_6ed147cd_f83baf57
Ridge,5,2,2022-09-01,2022-09-06,10.07,10.980004585129949,0.9100045851299488,0.9100045851299488,0.8281083449575302,100.0,submitted_main_linear_features_H5_18col,6ed147cd585e5e8083292683f9be3cf585e97e4d46fa0e3224d24a4e2b42cbbb,f83baf5732ffbf88b9a448a3d9ab9fa270f7495fe44d1559c1ac49795a30881a,41f184a29ff88aaf275f3365267b8c909ce7598a,ridge_corrected_41f184a29ff8_6ed147cd_f83baf57
Ridge,5,2,2022-09-02,2022-09-07,10.8,10.354168529479738,-0.44583147052026284,0.44583147052026284,0.19876570010626,100.0,submitted_main_linear_features_H5_18col,6ed147cd585e5e8083292683f9be3cf585e97e4d46fa0e3224d24a4e2b42cbbb,f83baf5732ffbf88b9a448a3d9ab9fa270f7495fe44d1559c1ac49795a30881a,41f184a29ff88aaf275f3365267b8c909ce7598a,ridge_corrected_41f184a29ff8_6ed147cd_f83baf57
Ridge,5,2,2022-09-03,2022-09-08,6.31,10.409517190217342,4.099517190217342,4.099517190217342,16.80604119288749,100.0,submitted_main_linear_features_H5_18col,6ed147cd585e5e8083292683f9be3cf585e97e4d46fa0e3224d24a4e2b42cbbb,f83baf5732ffbf88b9a448a3d9ab9fa270f7495fe44d1559c1ac49795a30881a,41f184a29ff88aaf275f3365267b8c909ce7598a,ridge_corrected_41f184a29ff8_6ed147cd_f83baf57
Ridge,5,2,2022-09-04,2022-09-09,9.62,11.086071694641689,1.4660716946416894,1.4660716946416894,2.149366213829555,100.0,submitted_main_linear_features_H5_18col,6ed147cd585e5e8083292683f9be3cf585e97e4d46fa0e3224d24a4e2b42cbbb,f83baf5732ffbf88b9a448a3d9ab9fa270f7495fe44d1559c1ac49795a30881a,41f184a29ff88aaf275f3365267b8c909ce7598a,ridge_corrected_41f184a29ff8_6ed147cd_f83baf57
Ridge,5,2,2022-09-05,2022-09-10,11.69,10.658694168923866,-1.0313058310761338,1.0313058310761338,1.0635917172116351,100.0,submitted_main_linear_features_H5_18col,6ed147cd585e5e8083292683f9be3cf585e97e4d46fa0e3224d24a4e2b42cbbb,f83baf5732ffbf88b9a448a3d9ab9fa270f7495fe44d1559c1ac49795a30881a,41f184a29ff88aaf275f3365267b8c909ce7598a,ridge_corrected_41f184a29ff8_6ed147cd_f83baf57
Ridge,5,2,2022-09-06,2022-09-11,10.96,9.354061987383792,-1.6059380126162086,1.6059380126162086,2.579036900365698,100.0,submitted_main_linear_features_H5_18col,6ed147cd585e5e8083292683f9be3cf585e97e4d46fa0e3224d24a4e2b42cbbb,f83baf5732ffbf88b9a448a3d9ab9fa270f7495fe44d1559c1ac49795a30881a,41f184a29ff88aaf275f3365267b8c909ce7598a,ridge_corrected_41f184a29ff8_6ed147cd_f83baf57
Ridge,5,2,2022-09-07,2022-09-12,12.9,11.371902631406078,-1.5280973685939223,1.5280973685939223,2.3350815679036696,100.0,submitted_main_linear_features_H5_18col,6ed147cd585e5e8083292683f9be3cf585e97e4d46fa0e3224d24a4e2b42cbbb,f83baf5732ffbf88b9a448a3d9ab9fa270f7495fe44d1559c1ac49795a30881a,41f184a29ff88aaf275f3365267b8c909ce7598a,ridge_corrected_41f184a29ff8_6ed147cd_f83baf57
Ridge,5,2,2022-09-08,2022-09-13,15.26,11.522382530642957,-3.7376174693570423,3.7376174693570423,13.96978434724294,100.0,submitted_main_linear_features_H5_18col,6ed147cd585e5e8083292683f9be3cf585e97e4d46fa0e3224d24a4e2b42cbbb,f83baf5732ffbf88b9a448a3d9ab9fa270f7495fe44d1559c1ac49795a30881a,41f184a29ff88aaf275f3365267b8c909ce7598a,ridge_corrected_41f184a29ff8_6ed147cd_f83baf57
Ridge,5,2,2022-09-09,2022-09-14,10.7,10.371853377509126,-0.32814662249087334,0.32814662249087334,0.10768020585216774,100.0,submitted_main_linear_features_H5_18col,6ed147cd585e5e8083292683f9be3cf585e97e4d46fa0e3224d24a4e2b42cbbb,f83baf5732ffbf88b9a448a3d9ab9fa270f7495fe44d1559c1ac49795a30881a,41f184a29ff88aaf275f3365267b8c909ce7598a,ridge_corrected_41f184a29ff8_6ed147cd_f83baf57
Ridge,5,2,2022-09-10,2022-09-15,11.9,11.130647600703814,-0.7693523992961868,0.7693523992961868,0.5919031143027993,100.0,submitted_main_linear_features_H5_18col,6ed147cd585e5e8083292683f9be3cf585e97e4d46fa0e3224d24a4e2b42cbbb,f83baf5732ffbf88b9a448a3d9ab9fa270f7495fe44d1559c1ac49795a30881a,41f184a29ff88aaf275f3365267b8c909ce7598a,ridge_corrected_41f184a29ff8_6ed147cd_f83baf57
Ridge,5,2,2022-09-11,2022-09-16,14.33,11.38848754320981,-2.941512456790191,2.941512456790191,8.652495533451864,100.0,submitted_main_linear_features_H5_18col,6ed147cd585e5e8083292683f9be3cf585e97e4d46fa0e3224d24a4e2b42cbbb,f83baf5732ffbf88b9a448a3d9ab9fa270f7495fe44d1559c1ac49795a30881a,41f184a29ff88aaf275f3365267b8c909ce7598a,ridge_corrected_41f184a29ff8_6ed147cd_f83baf57
Ridge,5,2,2022-09-12,2022-09-17,13.67,11.35867715923547,-2.3113228407645305,2.3113228407645305,5.342213274239819,100.0,submitted_main_linear_features_H5_18col,6ed147cd585e5e8083292683f9be3cf585e97e4d46fa0e3224d24a4e2b42cbbb,f83baf5732ffbf88b9a448a3d9ab9fa270f7495fe44d1559c1ac49795a30881a,41f184a29ff88aaf275f3365267b8c909ce7598a,ridge_corrected_41f184a29ff8_6ed147cd_f83baf57
Ridge,5,2,2022-09-13,2022-09-18,11.3,11.654447115379963,0.354447115379962,0.354447115379962,0.1256327576011761,100.0,submitted_main_linear_features_H5_18col,6ed147cd585e5e8083292683f9be3cf585e97e4d46fa0e3224d24a4e2b42cbbb,f83baf5732ffbf88b9a448a3d9ab9fa270f7495fe44d1559c1ac49795a30881a,41f184a29ff88aaf275f3365267b8c909ce7598a,ridge_corrected_41f184a29ff8_6ed147cd_f83baf57
Ridge,5,2,2022-09-14,2022-09-19,11.33,12.259379995642721,0.9293799956427211,0.9293799956427211,0.8637471763008643,100.0,submitted_main_linear_features_H5_18col,6ed147cd585e5e8083292683f9be3cf585e97e4d46fa0e3224d24a4e2b42cbbb,f83baf5732ffbf88b9a448a3d9ab9fa270f7495fe44d1559c1ac49795a30881a,41f184a29ff88aaf275f3365267b8c909ce7598a,ridge_corrected_41f184a29ff8_6ed147cd_f83baf57
Ridge,5,2,2022-09-15,2022-09-20,9.44,11.111556974920045,1.6715569749200458,1.6715569749200458,2.794102720403855,100.0,submitted_main_linear_features_H5_18col,6ed147cd585e5e8083292683f9be3cf585e97e4d46fa0e3224d24a4e2b42cbbb,f83baf5732ffbf88b9a448a3d9ab9fa270f7495fe44d1559c1ac49795a30881a,41f184a29ff88aaf275f3365267b8c909ce7598a,ridge_corrected_41f184a29ff8_6ed147cd_f83baf57
Ridge,5,2,2022-09-16,2022-09-21,10.38,11.834026567618064,1.4540265676180635,1.4540265676180635,2.114193259339167,100.0,submitted_main_linear_features_H5_18col,6ed147cd585e5e8083292683f9be3cf585e97e4d46fa0e3224d24a4e2b42cbbb,f83baf5732ffbf88b9a448a3d9ab9fa270f7495fe44d1559c1ac49795a30881a,41f184a29ff88aaf275f3365267b8c909ce7598a,ridge_corrected_41f184a29ff8_6ed147cd_f83baf57
Ridge,5,2,2022-09-17,2022-09-22,11.3,12.282548523168417,0.9825485231684166,0.9825485231684166,0.9654016003804364,100.0,submitted_main_linear_features_H5_18col,6ed147cd585e5e8083292683f9be3cf585e97e4d46fa0e3224d24a4e2b42cbbb,f83baf5732ffbf88b9a448a3d9ab9fa270f7495fe44d1559c1ac49795a30881a,41f184a29ff88aaf275f3365267b8c909ce7598a,ridge_corrected_41f184a29ff8_6ed147cd_f83baf57
Ridge,5,2,2022-09-18,2022-09-23,13.42,11.833868589096,-1.5861314109040006,1.5861314109040006,2.5158128526563153,100.0,submitted_main_linear_features_H5_18col,6ed147cd585e5e8083292683f9be3cf585e97e4d46fa0e3224d24a4e2b42cbbb,f83baf5732ffbf88b9a448a3d9ab9fa270f7495fe44d1559c1ac49795a30881a,41f184a29ff88aaf275f3365267b8c909ce7598a,ridge_corrected_41f184a29ff8_6ed147cd_f83baf57
Ridge,5,2,2022-09-19,2022-09-24,12.35,10.549356162850259,-1.8006438371497406,1.8006438371497406,3.2423182282653418,100.0,submitted_main_linear_features_H5_18col,6ed147cd585e5e8083292683f9be3cf585e97e4d46fa0e3224d24a4e2b42cbbb,f83baf5732ffbf88b9a448a3d9ab9fa270f7495fe44d1559c1ac49795a30881a,41f184a29ff88aaf275f3365267b8c909ce7598a,ridge_corrected_41f184a29ff8_6ed147cd_f83baf57
Ridge,5,2,2022-09-20,2022-09-25,13.02,11.854747326864201,-1.1652526731357984,1.1652526731357984,1.3578137922501239,100.0,submitted_main_linear_features_H5_18col,6ed147cd585e5e8083292683f9be3cf585e97e4d46fa0e3224d24a4e2b42cbbb,f83baf5732ffbf88b9a448a3d9ab9fa270f7495fe44d1559c1ac49795a30881a,41f184a29ff88aaf275f3365267b8c909ce7598a,ridge_corrected_41f184a29ff8_6ed147cd_f83baf57
Ridge,5,2,2022-09-21,2022-09-26,13.94,11.574847520810053,-2.3651524791899465,2.3651524791899465,5.593946249818351,100.0,submitted_main_linear_features_H5_18col,6ed147cd585e5e8083292683f9be3cf585e97e4d46fa0e3224d24a4e2b42cbbb,f83baf5732ffbf88b9a448a3d9ab9fa270f7495fe44d1559c1ac49795a30881a,41f184a29ff88aaf275f3365267b8c909ce7598a,ridge_corrected_41f184a29ff8_6ed147cd_f83baf57
Ridge,5,2,2022-09-22,2022-09-27,13.92,11.677750423628128,-2.242249576371872,2.242249576371872,5.02768316273984,100.0,submitted_main_linear_features_H5_18col,6ed147cd585e5e8083292683f9be3cf585e97e4d46fa0e3224d24a4e2b42cbbb,f83baf5732ffbf88b9a448a3d9ab9fa270f7495fe44d1559c1ac49795a30881a,41f184a29ff88aaf275f3365267b8c909ce7598a,ridge_corrected_41f184a29ff8_6ed147cd_f83baf57
Ridge,5,2,2022-09-23,2022-09-28,11.36,11.676217519090564,0.3162175190905643,0.3162175190905643,0.09999351937979138,100.0,submitted_main_linear_features_H5_18col,6ed147cd585e5e8083292683f9be3cf585e97e4d46fa0e3224d24a4e2b42cbbb,f83baf5732ffbf88b9a448a3d9ab9fa270f7495fe44d1559c1ac49795a30881a,41f184a29ff88aaf275f3365267b8c909ce7598a,ridge_corrected_41f184a29ff8_6ed147cd_f83baf57
Ridge,5,2,2022-09-24,2022-09-29,12.05,12.554486581265857,0.5044865812658568,0.5044865812658568,0.2545067106773119,100.0,submitted_main_linear_features_H5_18col,6ed147cd585e5e8083292683f9be3cf585e97e4d46fa0e3224d24a4e2b42cbbb,f83baf5732ffbf88b9a448a3d9ab9fa270f7495fe44d1559c1ac49795a30881a,41f184a29ff88aaf275f3365267b8c909ce7598a,ridge_corrected_41f184a29ff8_6ed147cd_f83baf57
Ridge,5,2,2022-09-25,2022-09-30,13.66,12.595580095813192,-1.064419904186808,1.064419904186808,1.1329897324290537,100.0,submitted_main_linear_features_H5_18col,6ed147cd585e5e8083292683f9be3cf585e97e4d46fa0e3224d24a4e2b42cbbb,f83baf5732ffbf88b9a448a3d9ab9fa270f7495fe44d1559c1ac49795a30881a,41f184a29ff88aaf275f3365267b8c909ce7598a,ridge_corrected_41f184a29ff8_6ed147cd_f83baf57
Ridge,5,2,2022-09-26,2022-10-01,13.19,12.962946120204784,-0.22705387979521596,0.22705387979521596,0.05155346433006038,100.0,submitted_main_linear_features_H5_18col,6ed147cd585e5e8083292683f9be3cf585e97e4d46fa0e3224d24a4e2b42cbbb,f83baf5732ffbf88b9a448a3d9ab9fa270f7495fe44d1559c1ac49795a30881a,41f184a29ff88aaf275f3365267b8c909ce7598a,ridge_corrected_41f184a29ff8_6ed147cd_f83baf57
Ridge,5,2,2022-09-27,2022-10-02,13.78,12.889353320497335,-0.8906466795026642,0.8906466795026642,0.7932515077091215,100.0,submitted_main_linear_features_H5_18col,6ed147cd585e5e8083292683f9be3cf585e97e4d46fa0e3224d24a4e2b42cbbb,f83baf5732ffbf88b9a448a3d9ab9fa270f7495fe44d1559c1ac49795a30881a,41f184a29ff88aaf275f3365267b8c909ce7598a,ridge_corrected_41f184a29ff8_6ed147cd_f83baf57
Ridge,5,2,2022-09-28,2022-10-03,14.42,12.934096749057808,-1.4859032509421919,1.4859032509421919,2.2079084711605743,100.0,submitted_main_linear_features_H5_18col,6ed147cd585e5e8083292683f9be3cf585e97e4d46fa0e3224d24a4e2b42cbbb,f83baf5732ffbf88b9a448a3d9ab9fa270f7495fe44d1559c1ac49795a30881a,41f184a29ff88aaf275f3365267b8c909ce7598a,ridge_corrected_41f184a29ff8_6ed147cd_f83baf57
Ridge,5,2,2022-09-29,2022-10-04,15.44,12.460083325509094,-2.979916674490905,2.979916674490905,8.879903386908936,100.0,submitted_main_linear_features_H5_18col,6ed147cd585e5e8083292683f9be3cf585e97e4d46fa0e3224d24a4e2b42cbbb,f83baf5732ffbf88b9a448a3d9ab9fa270f7495fe44d1559c1ac49795a30881a,41f184a29ff88aaf275f3365267b8c909ce7598a,ridge_corrected_41f184a29ff8_6ed147cd_f83baf57
Ridge,5,2,2022-09-30,2022-10-05,10.33,12.912944145635542,2.582944145635542,2.582944145635542,6.671600459472921,100.0,submitted_main_linear_features_H5_18col,6ed147cd585e5e8083292683f9be3cf585e97e4d46fa0e3224d24a4e2b42cbbb,f83baf5732ffbf88b9a448a3d9ab9fa270f7495fe44d1559c1ac49795a30881a,41f184a29ff88aaf275f3365267b8c909ce7598a,ridge_corrected_41f184a29ff8_6ed147cd_f83baf57
Ridge,5,2,2022-10-01,2022-10-06,16.68,13.316068601214464,-3.3639313987855353,3.3639313987855353,11.316034455735208,100.0,submitted_main_linear_features_H5_18col,6ed147cd585e5e8083292683f9be3cf585e97e4d46fa0e3224d24a4e2b42cbbb,f83baf5732ffbf88b9a448a3d9ab9fa270f7495fe44d1559c1ac49795a30881a,41f184a29ff88aaf275f3365267b8c909ce7598a,ridge_corrected_41f184a29ff8_6ed147cd_f83baf57
Ridge,5,2,2022-10-02,2022-10-07,15.78,13.117332301236486,-2.6626676987635136,2.6626676987635136,7.089799274038585,100.0,submitted_main_linear_features_H5_18col,6ed147cd585e5e8083292683f9be3cf585e97e4d46fa0e3224d24a4e2b42cbbb,f83baf5732ffbf88b9a448a3d9ab9fa270f7495fe44d1559c1ac49795a30881a,41f184a29ff88aaf275f3365267b8c909ce7598a,ridge_corrected_41f184a29ff8_6ed147cd_f83baf57
Ridge,5,2,2022-10-03,2022-10-08,14.52,12.86285804466851,-1.6571419553314897,1.6571419553314897,2.746119460119873,100.0,submitted_main_linear_features_H5_18col,6ed147cd585e5e8083292683f9be3cf585e97e4d46fa0e3224d24a4e2b42cbbb,f83baf5732ffbf88b9a448a3d9ab9fa270f7495fe44d1559c1ac49795a30881a,41f184a29ff88aaf275f3365267b8c909ce7598a,ridge_corrected_41f184a29ff8_6ed147cd_f83baf57
Ridge,5,2,2022-10-04,2022-10-09,12.31,12.80324836164913,0.49324836164912966,0.49324836164912966,0.24329394626955061,100.0,submitted_main_linear_features_H5_18col,6ed147cd585e5e8083292683f9be3cf585e97e4d46fa0e3224d24a4e2b42cbbb,f83baf5732ffbf88b9a448a3d9ab9fa270f7495fe44d1559c1ac49795a30881a,41f184a29ff88aaf275f3365267b8c909ce7598a,ridge_corrected_41f184a29ff8_6ed147cd_f83baf57
Ridge,5,2,2022-10-05,2022-10-10,15.42,13.214369384898346,-2.2056306151016543,2.2056306151016543,4.864806410273702,100.0,submitted_main_linear_features_H5_18col,6ed147cd585e5e8083292683f9be3cf585e97e4d46fa0e3224d24a4e2b42cbbb,f83baf5732ffbf88b9a448a3d9ab9fa270f7495fe44d1559c1ac49795a30881a,41f184a29ff88aaf275f3365267b8c909ce7598a,ridge_corrected_41f184a29ff8_6ed147cd_f83baf57
Ridge,5,2,2022-10-06,2022-10-11,12.6,12.635051715151953,0.035051715151952934,0.035051715151952934,0.001228622735093647,100.0,submitted_main_linear_features_H5_18col,6ed147cd585e5e8083292683f9be3cf585e97e4d46fa0e3224d24a4e2b42cbbb,f83baf5732ffbf88b9a448a3d9ab9fa270f7495fe44d1559c1ac49795a30881a,41f184a29ff88aaf275f3365267b8c909ce7598a,ridge_corrected_41f184a29ff8_6ed147cd_f83baf57
Ridge,5,2,2022-10-07,2022-10-12,13.87,13.597818632956907,-0.2721813670430926,0.2721813670430926,0.07408269656544669,100.0,submitted_main_linear_features_H5_18col,6ed147cd585e5e8083292683f9be3cf585e97e4d46fa0e3224d24a4e2b42cbbb,f83baf5732ffbf88b9a448a3d9ab9fa270f7495fe44d1559c1ac49795a30881a,41f184a29ff88aaf275f3365267b8c909ce7598a,ridge_corrected_41f184a29ff8_6ed147cd_f83baf57
Ridge,5,2,2022-10-08,2022-10-13,13.28,13.48504414743786,0.20504414743786015,0.20504414743786015,0.04204310239851893,100.0,submitted_main_linear_features_H5_18col,6ed147cd585e5e8083292683f9be3cf585e97e4d46fa0e3224d24a4e2b42cbbb,f83baf5732ffbf88b9a448a3d9ab9fa270f7495fe44d1559c1ac49795a30881a,41f184a29ff88aaf275f3365267b8c909ce7598a,ridge_corrected_41f184a29ff8_6ed147cd_f83baf57
Ridge,5,2,2022-10-09,2022-10-14,13.3,13.12721905483142,-0.1727809451685811,0.1727809451685811,0.029853255013348234,100.0,submitted_main_linear_features_H5_18col,6ed147cd585e5e8083292683f9be3cf585e97e4d46fa0e3224d24a4e2b42cbbb,f83baf5732ffbf88b9a448a3d9ab9fa270f7495fe44d1559c1ac49795a30881a,41f184a29ff88aaf275f3365267b8c909ce7598a,ridge_corrected_41f184a29ff8_6ed147cd_f83baf57
Ridge,5,2,2022-10-10,2022-10-15,13.45,12.863932221042205,-0.5860677789577942,0.5860677789577942,0.34347544153252185,100.0,submitted_main_linear_features_H5_18col,6ed147cd585e5e8083292683f9be3cf585e97e4d46fa0e3224d24a4e2b42cbbb,f83baf5732ffbf88b9a448a3d9ab9fa270f7495fe44d1559c1ac49795a30881a,41f184a29ff88aaf275f3365267b8c909ce7598a,ridge_corrected_41f184a29ff8_6ed147cd_f83baf57
Ridge,5,2,2022-10-11,2022-10-16,13.31,13.199297405214038,-0.11070259478596256,0.11070259478596256,0.012255064492345025,100.0,submitted_main_linear_features_H5_18col,6ed147cd585e5e8083292683f9be3cf585e97e4d46fa0e3224d24a4e2b42cbbb,f83baf5732ffbf88b9a448a3d9ab9fa270f7495fe44d1559c1ac49795a30881a,41f184a29ff88aaf275f3365267b8c909ce7598a,ridge_corrected_41f184a29ff8_6ed147cd_f83baf57
Ridge,5,2,2022-10-12,2022-10-17,13.04,12.824688977297118,-0.21531102270288116,0.21531102270288116,0.046358836497360605,100.0,submitted_main_linear_features_H5_18col,6ed147cd585e5e8083292683f9be3cf585e97e4d46fa0e3224d24a4e2b42cbbb,f83baf5732ffbf88b9a448a3d9ab9fa270f7495fe44d1559c1ac49795a30881a,41f184a29ff88aaf275f3365267b8c909ce7598a,ridge_corrected_41f184a29ff8_6ed147cd_f83baf57
Ridge,5,2,2022-10-13,2022-10-18,13.21,12.845201177055273,-0.3647988229447279,0.3647988229447279,0.1330781812218589,100.0,submitted_main_linear_features_H5_18col,6ed147cd585e5e8083292683f9be3cf585e97e4d46fa0e3224d24a4e2b42cbbb,f83baf5732ffbf88b9a448a3d9ab9fa270f7495fe44d1559c1ac49795a30881a,41f184a29ff88aaf275f3365267b8c909ce7598a,ridge_corrected_41f184a29ff8_6ed147cd_f83baf57
Ridge,5,2,2022-10-14,2022-10-19,14.93,12.440125519826111,-2.4898744801738886,2.4898744801738886,6.199474927021192,100.0,submitted_main_linear_features_H5_18col,6ed147cd585e5e8083292683f9be3cf585e97e4d46fa0e3224d24a4e2b42cbbb,f83baf5732ffbf88b9a448a3d9ab9fa270f7495fe44d1559c1ac49795a30881a,41f184a29ff88aaf275f3365267b8c909ce7598a,ridge_corrected_41f184a29ff8_6ed147cd_f83baf57
Ridge,5,2,2022-10-15,2022-10-20,14.18,12.896012703144597,-1.2839872968554022,1.2839872968554022,1.648623378486043,100.0,submitted_main_linear_features_H5_18col,6ed147cd585e5e8083292683f9be3cf585e97e4d46fa0e3224d24a4e2b42cbbb,f83baf5732ffbf88b9a448a3d9ab9fa270f7495fe44d1559c1ac49795a30881a,41f184a29ff88aaf275f3365267b8c909ce7598a,ridge_corrected_41f184a29ff8_6ed147cd_f83baf57
Ridge,5,2,2022-10-16,2022-10-21,13.73,12.892824352064697,-0.8371756479353039,0.8371756479353039,0.7008630654958958,100.0,submitted_main_linear_features_H5_18col,6ed147cd585e5e8083292683f9be3cf585e97e4d46fa0e3224d24a4e2b42cbbb,f83baf5732ffbf88b9a448a3d9ab9fa270f7495fe44d1559c1ac49795a30881a,41f184a29ff88aaf275f3365267b8c909ce7598a,ridge_corrected_41f184a29ff8_6ed147cd_f83baf57
Ridge,5,2,2022-10-17,2022-10-22,15.16,13.114647742572192,-2.0453522574278082,2.0453522574278082,4.183465856965031,100.0,submitted_main_linear_features_H5_18col,6ed147cd585e5e8083292683f9be3cf585e97e4d46fa0e3224d24a4e2b42cbbb,f83baf5732ffbf88b9a448a3d9ab9fa270f7495fe44d1559c1ac49795a30881a,41f184a29ff88aaf275f3365267b8c909ce7598a,ridge_corrected_41f184a29ff8_6ed147cd_f83baf57
Ridge,5,2,2022-10-18,2022-10-23,13.21,12.92435148421774,-0.28564851578226147,0.28564851578226147,0.08159507456860889,100.0,submitted_main_linear_features_H5_18col,6ed147cd585e5e8083292683f9be3cf585e97e4d46fa0e3224d24a4e2b42cbbb,f83baf5732ffbf88b9a448a3d9ab9fa270f7495fe44d1559c1ac49795a30881a,41f184a29ff88aaf275f3365267b8c909ce7598a,ridge_corrected_41f184a29ff8_6ed147cd_f83baf57
Ridge,5,2,2022-10-19,2022-10-24,14.57,13.121273326123426,-1.4487266738765747,1.4487266738765747,2.098808975601483,100.0,submitted_main_linear_features_H5_18col,6ed147cd585e5e8083292683f9be3cf585e97e4d46fa0e3224d24a4e2b42cbbb,f83baf5732ffbf88b9a448a3d9ab9fa270f7495fe44d1559c1ac49795a30881a,41f184a29ff88aaf275f3365267b8c909ce7598a,ridge_corrected_41f184a29ff8_6ed147cd_f83baf57
Ridge,5,2,2022-10-20,2022-10-25,16.82,13.257271064195088,-3.5627289358049126,3.5627289358049126,12.693037470021604,100.0,submitted_main_linear_features_H5_18col,6ed147cd585e5e8083292683f9be3cf585e97e4d46fa0e3224d24a4e2b42cbbb,f83baf5732ffbf88b9a448a3d9ab9fa270f7495fe44d1559c1ac49795a30881a,41f184a29ff88aaf275f3365267b8c909ce7598a,ridge_corrected_41f184a29ff8_6ed147cd_f83baf57
Ridge,5,2,2022-10-21,2022-10-26,14.45,13.474129987904336,-0.9758700120956636,0.9758700120956636,0.9523222805075906,100.0,submitted_main_linear_features_H5_18col,6ed147cd585e5e8083292683f9be3cf585e97e4d46fa0e3224d24a4e2b42cbbb,f83baf5732ffbf88b9a448a3d9ab9fa270f7495fe44d1559c1ac49795a30881a,41f184a29ff88aaf275f3365267b8c909ce7598a,ridge_corrected_41f184a29ff8_6ed147cd_f83baf57
Ridge,5,2,2022-10-22,2022-10-27,11.03,13.204074609552169,2.1740746095521697,2.1740746095521697,4.7266004078994195,100.0,submitted_main_linear_features_H5_18col,6ed147cd585e5e8083292683f9be3cf585e97e4d46fa0e3224d24a4e2b42cbbb,f83baf5732ffbf88b9a448a3d9ab9fa270f7495fe44d1559c1ac49795a30881a,41f184a29ff88aaf275f3365267b8c909ce7598a,ridge_corrected_41f184a29ff8_6ed147cd_f83baf57
Ridge,5,2,2022-10-23,2022-10-28,10.85,13.42281877910203,2.5728187791020307,2.5728187791020307,6.619396470100064,100.0,submitted_main_linear_features_H5_18col,6ed147cd585e5e8083292683f9be3cf585e97e4d46fa0e3224d24a4e2b42cbbb,f83baf5732ffbf88b9a448a3d9ab9fa270f7495fe44d1559c1ac49795a30881a,41f184a29ff88aaf275f3365267b8c909ce7598a,ridge_corrected_41f184a29ff8_6ed147cd_f83baf57
Ridge,5,2,2022-10-24,2022-10-29,13.74,13.142289690458723,-0.5977103095412772,0.5977103095412772,0.35725761413192947,100.0,submitted_main_linear_features_H5_18col,6ed147cd585e5e8083292683f9be3cf585e97e4d46fa0e3224d24a4e2b42cbbb,f83baf5732ffbf88b9a448a3d9ab9fa270f7495fe44d1559c1ac49795a30881a,41f184a29ff88aaf275f3365267b8c909ce7598a,ridge_corrected_41f184a29ff8_6ed147cd_f83baf57
Ridge,5,2,2022-10-25,2022-10-30,14.12,14.4529020395456,0.33290203954560127,0.33290203954560127,0.11082376793362107,100.0,submitted_main_linear_features_H5_18col,6ed147cd585e5e8083292683f9be3cf585e97e4d46fa0e3224d24a4e2b42cbbb,f83baf5732ffbf88b9a448a3d9ab9fa270f7495fe44d1559c1ac49795a30881a,41f184a29ff88aaf275f3365267b8c909ce7598a,ridge_corrected_41f184a29ff8_6ed147cd_f83baf57
Ridge,5,2,2022-10-26,2022-10-31,14.54,13.96026659984977,-0.5797334001502286,0.5797334001502286,0.33609081524974505,100.0,submitted_main_linear_features_H5_18col,6ed147cd585e5e8083292683f9be3cf585e97e4d46fa0e3224d24a4e2b42cbbb,f83baf5732ffbf88b9a448a3d9ab9fa270f7495fe44d1559c1ac49795a30881a,41f184a29ff88aaf275f3365267b8c909ce7598a,ridge_corrected_41f184a29ff8_6ed147cd_f83baf57
Ridge,5,2,2022-10-27,2022-11-01,13.16,13.646039649616096,0.4860396496160959,0.4860396496160959,0.2362345409989373,100.0,submitted_main_linear_features_H5_18col,6ed147cd585e5e8083292683f9be3cf585e97e4d46fa0e3224d24a4e2b42cbbb,f83baf5732ffbf88b9a448a3d9ab9fa270f7495fe44d1559c1ac49795a30881a,41f184a29ff88aaf275f3365267b8c909ce7598a,ridge_corrected_41f184a29ff8_6ed147cd_f83baf57
Ridge,5,2,2022-10-28,2022-11-02,15.91,13.248150690105206,-2.6618493098947944,2.6618493098947944,7.085441748587393,100.0,submitted_main_linear_features_H5_18col,6ed147cd585e5e8083292683f9be3cf585e97e4d46fa0e3224d24a4e2b42cbbb,f83baf5732ffbf88b9a448a3d9ab9fa270f7495fe44d1559c1ac49795a30881a,41f184a29ff88aaf275f3365267b8c909ce7598a,ridge_corrected_41f184a29ff8_6ed147cd_f83baf57
Ridge,5,2,2022-10-29,2022-11-03,14.39,12.831304394629235,-1.5586956053707652,1.5586956053707652,2.429531990202136,100.0,submitted_main_linear_features_H5_18col,6ed147cd585e5e8083292683f9be3cf585e97e4d46fa0e3224d24a4e2b42cbbb,f83baf5732ffbf88b9a448a3d9ab9fa270f7495fe44d1559c1ac49795a30881a,41f184a29ff88aaf275f3365267b8c909ce7598a,ridge_corrected_41f184a29ff8_6ed147cd_f83baf57
Ridge,5,2,2022-10-30,2022-11-04,14.63,13.278153868024283,-1.3518461319757176,1.3518461319757176,1.8274879645377091,100.0,submitted_main_linear_features_H5_18col,6ed147cd585e5e8083292683f9be3cf585e97e4d46fa0e3224d24a4e2b42cbbb,f83baf5732ffbf88b9a448a3d9ab9fa270f7495fe44d1559c1ac49795a30881a,41f184a29ff88aaf275f3365267b8c909ce7598a,ridge_corrected_41f184a29ff8_6ed147cd_f83baf57
Ridge,5,2,2022-10-31,2022-11-05,8.38,13.146918207484218,4.766918207484217,4.766918207484217,22.72350919684454,100.0,submitted_main_linear_features_H5_18col,6ed147cd585e5e8083292683f9be3cf585e97e4d46fa0e3224d24a4e2b42cbbb,f83baf5732ffbf88b9a448a3d9ab9fa270f7495fe44d1559c1ac49795a30881a,41f184a29ff88aaf275f3365267b8c909ce7598a,ridge_corrected_41f184a29ff8_6ed147cd_f83baf57
Ridge,5,2,2022-11-01,2022-11-06,12.91,13.020046190084809,0.11004619008480887,0.11004619008480887,0.012110163952181886,100.0,submitted_main_linear_features_H5_18col,6ed147cd585e5e8083292683f9be3cf585e97e4d46fa0e3224d24a4e2b42cbbb,f83baf5732ffbf88b9a448a3d9ab9fa270f7495fe44d1559c1ac49795a30881a,41f184a29ff88aaf275f3365267b8c909ce7598a,ridge_corrected_41f184a29ff8_6ed147cd_f83baf57
Ridge,5,2,2022-11-02,2022-11-07,11.06,12.887405761042647,1.8274057610426464,1.8274057610426464,3.3394118154918537,100.0,submitted_main_linear_features_H5_18col,6ed147cd585e5e8083292683f9be3cf585e97e4d46fa0e3224d24a4e2b42cbbb,f83baf5732ffbf88b9a448a3d9ab9fa270f7495fe44d1559c1ac49795a30881a,41f184a29ff88aaf275f3365267b8c909ce7598a,ridge_corrected_41f184a29ff8_6ed147cd_f83baf57
Ridge,5,2,2022-11-03,2022-11-08,15.02,13.339953714844754,-1.680046285155246,1.680046285155246,2.822555520263942,100.0,submitted_main_linear_features_H5_18col,6ed147cd585e5e8083292683f9be3cf585e97e4d46fa0e3224d24a4e2b42cbbb,f83baf5732ffbf88b9a448a3d9ab9fa270f7495fe44d1559c1ac49795a30881a,41f184a29ff88aaf275f3365267b8c909ce7598a,ridge_corrected_41f184a29ff8_6ed147cd_f83baf57
Ridge,5,2,2022-11-04,2022-11-09,12.58,12.981142849513265,0.4011428495132652,0.4011428495132652,0.16091558571562212,100.0,submitted_main_linear_features_H5_18col,6ed147cd585e5e8083292683f9be3cf585e97e4d46fa0e3224d24a4e2b42cbbb,f83baf5732ffbf88b9a448a3d9ab9fa270f7495fe44d1559c1ac49795a30881a,41f184a29ff88aaf275f3365267b8c909ce7598a,ridge_corrected_41f184a29ff8_6ed147cd_f83baf57
Ridge,5,2,2022-11-05,2022-11-10,12.52,13.284120541647214,0.7641205416472143,0.7641205416472143,0.5838802021672322,100.0,submitted_main_linear_features_H5_18col,6ed147cd585e5e8083292683f9be3cf585e97e4d46fa0e3224d24a4e2b42cbbb,f83baf5732ffbf88b9a448a3d9ab9fa270f7495fe44d1559c1ac49795a30881a,41f184a29ff88aaf275f3365267b8c909ce7598a,ridge_corrected_41f184a29ff8_6ed147cd_f83baf57
Ridge,5,2,2022-11-06,2022-11-11,13.76,12.34949173917172,-1.41050826082828,1.41050826082828,1.9895335538648191,100.0,submitted_main_linear_features_H5_18col,6ed147cd585e5e8083292683f9be3cf585e97e4d46fa0e3224d24a4e2b42cbbb,f83baf5732ffbf88b9a448a3d9ab9fa270f7495fe44d1559c1ac49795a30881a,41f184a29ff88aaf275f3365267b8c909ce7598a,ridge_corrected_41f184a29ff8_6ed147cd_f83baf57
Ridge,5,2,2022-11-07,2022-11-12,12.56,13.08877847398982,0.5287784739898189,0.5287784739898189,0.2796066745550016,100.0,submitted_main_linear_features_H5_18col,6ed147cd585e5e8083292683f9be3cf585e97e4d46fa0e3224d24a4e2b42cbbb,f83baf5732ffbf88b9a448a3d9ab9fa270f7495fe44d1559c1ac49795a30881a,41f184a29ff88aaf275f3365267b8c909ce7598a,ridge_corrected_41f184a29ff8_6ed147cd_f83baf57
Ridge,5,2,2022-11-08,2022-11-13,13.19,12.497812298627789,-0.6921877013722106,0.6921877013722106,0.47912381393094466,100.0,submitted_main_linear_features_H5_18col,6ed147cd585e5e8083292683f9be3cf585e97e4d46fa0e3224d24a4e2b42cbbb,f83baf5732ffbf88b9a448a3d9ab9fa270f7495fe44d1559c1ac49795a30881a,41f184a29ff88aaf275f3365267b8c909ce7598a,ridge_corrected_41f184a29ff8_6ed147cd_f83baf57
Ridge,5,2,2022-11-09,2022-11-14,13.02,13.507086930756046,0.48708693075604614,0.48708693075604614,0.2372536781133453,100.0,submitted_main_linear_features_H5_18col,6ed147cd585e5e8083292683f9be3cf585e97e4d46fa0e3224d24a4e2b42cbbb,f83baf5732ffbf88b9a448a3d9ab9fa270f7495fe44d1559c1ac49795a30881a,41f184a29ff88aaf275f3365267b8c909ce7598a,ridge_corrected_41f184a29ff8_6ed147cd_f83baf57
Ridge,5,2,2022-11-10,2022-11-15,12.3,12.809351384679065,0.5093513846790643,0.5093513846790643,0.2594388330744801,100.0,submitted_main_linear_features_H5_18col,6ed147cd585e5e8083292683f9be3cf585e97e4d46fa0e3224d24a4e2b42cbbb,f83baf5732ffbf88b9a448a3d9ab9fa270f7495fe44d1559c1ac49795a30881a,41f184a29ff88aaf275f3365267b8c909ce7598a,ridge_corrected_41f184a29ff8_6ed147cd_f83baf57
Ridge,5,2,2022-11-11,2022-11-16,12.12,12.93473539068276,0.8147353906827615,0.8147353906827615,0.663793756830992,100.0,submitted_main_linear_features_H5_18col,6ed147cd585e5e8083292683f9be3cf585e97e4d46fa0e3224d24a4e2b42cbbb,f83baf5732ffbf88b9a448a3d9ab9fa270f7495fe44d1559c1ac49795a30881a,41f184a29ff88aaf275f3365267b8c909ce7598a,ridge_corrected_41f184a29ff8_6ed147cd_f83baf57
Ridge,5,2,2022-11-12,2022-11-17,11.52,12.938398906326661,1.4183989063266615,1.4183989063266615,2.01185545746867,100.0,submitted_main_linear_features_H5_18col,6ed147cd585e5e8083292683f9be3cf585e97e4d46fa0e3224d24a4e2b42cbbb,f83baf5732ffbf88b9a448a3d9ab9fa270f7495fe44d1559c1ac49795a30881a,41f184a29ff88aaf275f3365267b8c909ce7598a,ridge_corrected_41f184a29ff8_6ed147cd_f83baf57
Ridge,5,2,2022-11-13,2022-11-18,13.18,12.298714114575631,-0.8812858854243686,0.8812858854243686,0.7766648118482133,100.0,submitted_main_linear_features_H5_18col,6ed147cd585e5e8083292683f9be3cf585e97e4d46fa0e3224d24a4e2b42cbbb,f83baf5732ffbf88b9a448a3d9ab9fa270f7495fe44d1559c1ac49795a30881a,41f184a29ff88aaf275f3365267b8c909ce7598a,ridge_corrected_41f184a29ff8_6ed147cd_f83baf57
Ridge,5,2,2022-11-14,2022-11-19,12.04,13.073358176197154,1.0333581761971544,1.0333581761971544,1.0678291203135093,100.0,submitted_main_linear_features_H5_18col,6ed147cd585e5e8083292683f9be3cf585e97e4d46fa0e3224d24a4e2b42cbbb,f83baf5732ffbf88b9a448a3d9ab9fa270f7495fe44d1559c1ac49795a30881a,41f184a29ff88aaf275f3365267b8c909ce7598a,ridge_corrected_41f184a29ff8_6ed147cd_f83baf57
Ridge,5,2,2022-11-15,2022-11-20,11.29,13.134982275811511,1.8449822758115122,1.8449822758115122,3.403959598058627,100.0,submitted_main_linear_features_H5_18col,6ed147cd585e5e8083292683f9be3cf585e97e4d46fa0e3224d24a4e2b42cbbb,f83baf5732ffbf88b9a448a3d9ab9fa270f7495fe44d1559c1ac49795a30881a,41f184a29ff88aaf275f3365267b8c909ce7598a,ridge_corrected_41f184a29ff8_6ed147cd_f83baf57
Ridge,5,2,2022-11-16,2022-11-21,14.21,12.952992586326994,-1.2570074136730067,1.2570074136730067,1.5800676380289014,100.0,submitted_main_linear_features_H5_18col,6ed147cd585e5e8083292683f9be3cf585e97e4d46fa0e3224d24a4e2b42cbbb,f83baf5732ffbf88b9a448a3d9ab9fa270f7495fe44d1559c1ac49795a30881a,41f184a29ff88aaf275f3365267b8c909ce7598a,ridge_corrected_41f184a29ff8_6ed147cd_f83baf57
Ridge,5,2,2022-11-17,2022-11-22,12.13,13.017113933455795,0.8871139334557938,0.8871139334557938,0.7869711309314106,100.0,submitted_main_linear_features_H5_18col,6ed147cd585e5e8083292683f9be3cf585e97e4d46fa0e3224d24a4e2b42cbbb,f83baf5732ffbf88b9a448a3d9ab9fa270f7495fe44d1559c1ac49795a30881a,41f184a29ff88aaf275f3365267b8c909ce7598a,ridge_corrected_41f184a29ff8_6ed147cd_f83baf57
Ridge,5,2,2022-11-18,2022-11-23,12.79,12.58021162921893,-0.2097883707810695,0.2097883707810695,0.04401116051497549,100.0,submitted_main_linear_features_H5_18col,6ed147cd585e5e8083292683f9be3cf585e97e4d46fa0e3224d24a4e2b42cbbb,f83baf5732ffbf88b9a448a3d9ab9fa270f7495fe44d1559c1ac49795a30881a,41f184a29ff88aaf275f3365267b8c909ce7598a,ridge_corrected_41f184a29ff8_6ed147cd_f83baf57
Ridge,5,2,2022-11-19,2022-11-24,14.64,13.187926702779082,-1.4520732972209185,1.4520732972209185,2.10851686050203,100.0,submitted_main_linear_features_H5_18col,6ed147cd585e5e8083292683f9be3cf585e97e4d46fa0e3224d24a4e2b42cbbb,f83baf5732ffbf88b9a448a3d9ab9fa270f7495fe44d1559c1ac49795a30881a,41f184a29ff88aaf275f3365267b8c909ce7598a,ridge_corrected_41f184a29ff8_6ed147cd_f83baf57
Ridge,5,2,2022-11-20,2022-11-25,15.19,13.080666752291375,-2.1093332477086246,2.1093332477086246,4.449286749889014,100.0,submitted_main_linear_features_H5_18col,6ed147cd585e5e8083292683f9be3cf585e97e4d46fa0e3224d24a4e2b42cbbb,f83baf5732ffbf88b9a448a3d9ab9fa270f7495fe44d1559c1ac49795a30881a,41f184a29ff88aaf275f3365267b8c909ce7598a,ridge_corrected_41f184a29ff8_6ed147cd_f83baf57
Ridge,5,2,2022-11-21,2022-11-26,11.86,12.8899888093666,1.0299888093665999,1.0299888093665999,1.060876947420426,100.0,submitted_main_linear_features_H5_18col,6ed147cd585e5e8083292683f9be3cf585e97e4d46fa0e3224d24a4e2b42cbbb,f83baf5732ffbf88b9a448a3d9ab9fa270f7495fe44d1559c1ac49795a30881a,41f184a29ff88aaf275f3365267b8c909ce7598a,ridge_corrected_41f184a29ff8_6ed147cd_f83baf57
Ridge,5,2,2022-11-22,2022-11-27,10.9,13.221971863665491,2.3219718636654907,2.3219718636654907,5.3915533356541925,100.0,submitted_main_linear_features_H5_18col,6ed147cd585e5e8083292683f9be3cf585e97e4d46fa0e3224d24a4e2b42cbbb,f83baf5732ffbf88b9a448a3d9ab9fa270f7495fe44d1559c1ac49795a30881a,41f184a29ff88aaf275f3365267b8c909ce7598a,ridge_corrected_41f184a29ff8_6ed147cd_f83baf57
Ridge,5,2,2022-11-23,2022-11-28,13.08,12.973976183305265,-0.10602381669473537,0.10602381669473537,0.011241049706518848,100.0,submitted_main_linear_features_H5_18col,6ed147cd585e5e8083292683f9be3cf585e97e4d46fa0e3224d24a4e2b42cbbb,f83baf5732ffbf88b9a448a3d9ab9fa270f7495fe44d1559c1ac49795a30881a,41f184a29ff88aaf275f3365267b8c909ce7598a,ridge_corrected_41f184a29ff8_6ed147cd_f83baf57
Ridge,5,2,2022-11-24,2022-11-29,11.44,12.965235256012011,1.525235256012012,1.525235256012012,2.3263425861820277,100.0,submitted_main_linear_features_H5_18col,6ed147cd585e5e8083292683f9be3cf585e97e4d46fa0e3224d24a4e2b42cbbb,f83baf5732ffbf88b9a448a3d9ab9fa270f7495fe44d1559c1ac49795a30881a,41f184a29ff88aaf275f3365267b8c909ce7598a,ridge_corrected_41f184a29ff8_6ed147cd_f83baf57
Ridge,5,2,2022-11-25,2022-11-30,10.74,13.448240144345698,2.708240144345698,2.708240144345698,7.334564679445608,100.0,submitted_main_linear_features_H5_18col,6ed147cd585e5e8083292683f9be3cf585e97e4d46fa0e3224d24a4e2b42cbbb,f83baf5732ffbf88b9a448a3d9ab9fa270f7495fe44d1559c1ac49795a30881a,41f184a29ff88aaf275f3365267b8c909ce7598a,ridge_corrected_41f184a29ff8_6ed147cd_f83baf57
Ridge,5,2,2022-11-26,2022-12-01,13.61,13.654632878060758,0.04463287806075833,0.04463287806075833,0.0019920938039865222,100.0,submitted_main_linear_features_H5_18col,6ed147cd585e5e8083292683f9be3cf585e97e4d46fa0e3224d24a4e2b42cbbb,f83baf5732ffbf88b9a448a3d9ab9fa270f7495fe44d1559c1ac49795a30881a,41f184a29ff88aaf275f3365267b8c909ce7598a,ridge_corrected_41f184a29ff8_6ed147cd_f83baf57
Ridge,5,2,2022-11-27,2022-12-02,14.66,12.807160303247779,-1.8528396967522216,1.8528396967522216,3.4330149418608644,100.0,submitted_main_linear_features_H5_18col,6ed147cd585e5e8083292683f9be3cf585e97e4d46fa0e3224d24a4e2b42cbbb,f83baf5732ffbf88b9a448a3d9ab9fa270f7495fe44d1559c1ac49795a30881a,41f184a29ff88aaf275f3365267b8c909ce7598a,ridge_corrected_41f184a29ff8_6ed147cd_f83baf57
Ridge,5,2,2022-11-28,2022-12-03,12.89,12.604430325565568,-0.2855696744344325,0.2855696744344325,0.08155003895658776,100.0,submitted_main_linear_features_H5_18col,6ed147cd585e5e8083292683f9be3cf585e97e4d46fa0e3224d24a4e2b42cbbb,f83baf5732ffbf88b9a448a3d9ab9fa270f7495fe44d1559c1ac49795a30881a,41f184a29ff88aaf275f3365267b8c909ce7598a,ridge_corrected_41f184a29ff8_6ed147cd_f83baf57
Ridge,5,2,2022-11-29,2022-12-04,15.41,12.582780125182348,-2.8272198748176525,2.8272198748176525,7.993172220563943,100.0,submitted_main_linear_features_H5_18col,6ed147cd585e5e8083292683f9be3cf585e97e4d46fa0e3224d24a4e2b42cbbb,f83baf5732ffbf88b9a448a3d9ab9fa270f7495fe44d1559c1ac49795a30881a,41f184a29ff88aaf275f3365267b8c909ce7598a,ridge_corrected_41f184a29ff8_6ed147cd_f83baf57
Ridge,5,2,2022-11-30,2022-12-05,14.77,12.440624667203915,-2.3293753327960847,2.3293753327960847,5.42598944103887,100.0,submitted_main_linear_features_H5_18col,6ed147cd585e5e8083292683f9be3cf585e97e4d46fa0e3224d24a4e2b42cbbb,f83baf5732ffbf88b9a448a3d9ab9fa270f7495fe44d1559c1ac49795a30881a,41f184a29ff88aaf275f3365267b8c909ce7598a,ridge_corrected_41f184a29ff8_6ed147cd_f83baf57
Ridge,5,2,2022-12-01,2022-12-06,12.9,12.471178144760012,-0.4288218552399883,0.4288218552399883,0.18388818353146547,100.0,submitted_main_linear_features_H5_18col,6ed147cd585e5e8083292683f9be3cf585e97e4d46fa0e3224d24a4e2b42cbbb,f83baf5732ffbf88b9a448a3d9ab9fa270f7495fe44d1559c1ac49795a30881a,41f184a29ff88aaf275f3365267b8c909ce7598a,ridge_corrected_41f184a29ff8_6ed147cd_f83baf57
Ridge,5,2,2022-12-02,2022-12-07,14.59,13.010960394511482,-1.5790396054885179,1.5790396054885179,2.493366075701334,100.0,submitted_main_linear_features_H5_18col,6ed147cd585e5e8083292683f9be3cf585e97e4d46fa0e3224d24a4e2b42cbbb,f83baf5732ffbf88b9a448a3d9ab9fa270f7495fe44d1559c1ac49795a30881a,41f184a29ff88aaf275f3365267b8c909ce7598a,ridge_corrected_41f184a29ff8_6ed147cd_f83baf57
Ridge,5,2,2022-12-03,2022-12-08,13.7,13.309047160895414,-0.39095283910458534,0.39095283910458534,0.1528441224039358,100.0,submitted_main_linear_features_H5_18col,6ed147cd585e5e8083292683f9be3cf585e97e4d46fa0e3224d24a4e2b42cbbb,f83baf5732ffbf88b9a448a3d9ab9fa270f7495fe44d1559c1ac49795a30881a,41f184a29ff88aaf275f3365267b8c909ce7598a,ridge_corrected_41f184a29ff8_6ed147cd_f83baf57
Ridge,5,2,2022-12-04,2022-12-09,11.71,13.02343538269034,1.31343538269034,1.31343538269034,1.7251125045029199,100.0,submitted_main_linear_features_H5_18col,6ed147cd585e5e8083292683f9be3cf585e97e4d46fa0e3224d24a4e2b42cbbb,f83baf5732ffbf88b9a448a3d9ab9fa270f7495fe44d1559c1ac49795a30881a,41f184a29ff88aaf275f3365267b8c909ce7598a,ridge_corrected_41f184a29ff8_6ed147cd_f83baf57
Ridge,5,2,2022-12-05,2022-12-10,11.29,13.752958721051204,2.462958721051205,2.462958721051205,6.066165661602187,100.0,submitted_main_linear_features_H5_18col,6ed147cd585e5e8083292683f9be3cf585e97e4d46fa0e3224d24a4e2b42cbbb,f83baf5732ffbf88b9a448a3d9ab9fa270f7495fe44d1559c1ac49795a30881a,41f184a29ff88aaf275f3365267b8c909ce7598a,ridge_corrected_41f184a29ff8_6ed147cd_f83baf57
Ridge,5,2,2022-12-06,2022-12-11,10.86,13.664815072470414,2.804815072470415,2.804815072470415,7.86698759075722,100.0,submitted_main_linear_features_H5_18col,6ed147cd585e5e8083292683f9be3cf585e97e4d46fa0e3224d24a4e2b42cbbb,f83baf5732ffbf88b9a448a3d9ab9fa270f7495fe44d1559c1ac49795a30881a,41f184a29ff88aaf275f3365267b8c909ce7598a,ridge_corrected_41f184a29ff8_6ed147cd_f83baf57
Ridge,5,2,2022-12-07,2022-12-12,12.49,13.269232363037467,0.7792323630374671,0.7792323630374671,0.607203075604955,100.0,submitted_main_linear_features_H5_18col,6ed147cd585e5e8083292683f9be3cf585e97e4d46fa0e3224d24a4e2b42cbbb,f83baf5732ffbf88b9a448a3d9ab9fa270f7495fe44d1559c1ac49795a30881a,41f184a29ff88aaf275f3365267b8c909ce7598a,ridge_corrected_41f184a29ff8_6ed147cd_f83baf57
Ridge,5,2,2022-12-08,2022-12-13,14.09,13.507173371214858,-0.582826628785142,0.582826628785142,0.33968687922105373,100.0,submitted_main_linear_features_H5_18col,6ed147cd585e5e8083292683f9be3cf585e97e4d46fa0e3224d24a4e2b42cbbb,f83baf5732ffbf88b9a448a3d9ab9fa270f7495fe44d1559c1ac49795a30881a,41f184a29ff88aaf275f3365267b8c909ce7598a,ridge_corrected_41f184a29ff8_6ed147cd_f83baf57
Ridge,5,2,2022-12-09,2022-12-14,14.64,13.189128936114763,-1.4508710638852378,1.4508710638852378,2.105026844019482,100.0,submitted_main_linear_features_H5_18col,6ed147cd585e5e8083292683f9be3cf585e97e4d46fa0e3224d24a4e2b42cbbb,f83baf5732ffbf88b9a448a3d9ab9fa270f7495fe44d1559c1ac49795a30881a,41f184a29ff88aaf275f3365267b8c909ce7598a,ridge_corrected_41f184a29ff8_6ed147cd_f83baf57
Ridge,5,2,2022-12-10,2022-12-15,11.76,12.825653094948457,1.0656530949484573,1.0656530949484573,1.1356165187732257,100.0,submitted_main_linear_features_H5_18col,6ed147cd585e5e8083292683f9be3cf585e97e4d46fa0e3224d24a4e2b42cbbb,f83baf5732ffbf88b9a448a3d9ab9fa270f7495fe44d1559c1ac49795a30881a,41f184a29ff88aaf275f3365267b8c909ce7598a,ridge_corrected_41f184a29ff8_6ed147cd_f83baf57
Ridge,5,2,2022-12-11,2022-12-16,12.11,12.697040727782529,0.5870407277825294,0.5870407277825294,0.34461681607544176,100.0,submitted_main_linear_features_H5_18col,6ed147cd585e5e8083292683f9be3cf585e97e4d46fa0e3224d24a4e2b42cbbb,f83baf5732ffbf88b9a448a3d9ab9fa270f7495fe44d1559c1ac49795a30881a,41f184a29ff88aaf275f3365267b8c909ce7598a,ridge_corrected_41f184a29ff8_6ed147cd_f83baf57
Ridge,5,2,2022-12-12,2022-12-17,14.6,12.426596275694633,-2.1734037243053663,2.1734037243053663,4.7236837488244365,100.0,submitted_main_linear_features_H5_18col,6ed147cd585e5e8083292683f9be3cf585e97e4d46fa0e3224d24a4e2b42cbbb,f83baf5732ffbf88b9a448a3d9ab9fa270f7495fe44d1559c1ac49795a30881a,41f184a29ff88aaf275f3365267b8c909ce7598a,ridge_corrected_41f184a29ff8_6ed147cd_f83baf57
Ridge,5,2,2022-12-13,2022-12-18,14.22,12.950098513489225,-1.2699014865107756,1.2699014865107756,1.6126497854422777,100.0,submitted_main_linear_features_H5_18col,6ed147cd585e5e8083292683f9be3cf585e97e4d46fa0e3224d24a4e2b42cbbb,f83baf5732ffbf88b9a448a3d9ab9fa270f7495fe44d1559c1ac49795a30881a,41f184a29ff88aaf275f3365267b8c909ce7598a,ridge_corrected_41f184a29ff8_6ed147cd_f83baf57
Ridge,5,2,2022-12-14,2022-12-19,13.27,13.1902939800521,-0.07970601994789916,0.07970601994789916,0.0063530496159349,100.0,submitted_main_linear_features_H5_18col,6ed147cd585e5e8083292683f9be3cf585e97e4d46fa0e3224d24a4e2b42cbbb,f83baf5732ffbf88b9a448a3d9ab9fa270f7495fe44d1559c1ac49795a30881a,41f184a29ff88aaf275f3365267b8c909ce7598a,ridge_corrected_41f184a29ff8_6ed147cd_f83baf57
Ridge,5,2,2022-12-15,2022-12-20,12.58,13.435462255895116,0.8554622558951159,0.8554622558951159,0.7318156712611608,100.0,submitted_main_linear_features_H5_18col,6ed147cd585e5e8083292683f9be3cf585e97e4d46fa0e3224d24a4e2b42cbbb,f83baf5732ffbf88b9a448a3d9ab9fa270f7495fe44d1559c1ac49795a30881a,41f184a29ff88aaf275f3365267b8c909ce7598a,ridge_corrected_41f184a29ff8_6ed147cd_f83baf57
Ridge,5,2,2022-12-16,2022-12-21,12.94,13.210803487551422,0.27080348755142225,0.27080348755142225,0.07333452887001331,100.0,submitted_main_linear_features_H5_18col,6ed147cd585e5e8083292683f9be3cf585e97e4d46fa0e3224d24a4e2b42cbbb,f83baf5732ffbf88b9a448a3d9ab9fa270f7495fe44d1559c1ac49795a30881a,41f184a29ff88aaf275f3365267b8c909ce7598a,ridge_corrected_41f184a29ff8_6ed147cd_f83baf57
Ridge,5,2,2022-12-17,2022-12-22,12.92,13.101232913612543,0.18123291361254346,0.18123291361254346,0.03284536897649164,100.0,submitted_main_linear_features_H5_18col,6ed147cd585e5e8083292683f9be3cf585e97e4d46fa0e3224d24a4e2b42cbbb,f83baf5732ffbf88b9a448a3d9ab9fa270f7495fe44d1559c1ac49795a30881a,41f184a29ff88aaf275f3365267b8c909ce7598a,ridge_corrected_41f184a29ff8_6ed147cd_f83baf57
Ridge,5,2,2022-12-18,2022-12-23,14.04,13.557249272321664,-0.4827507276783347,0.4827507276783347,0.23304826507396167,100.0,submitted_main_linear_features_H5_18col,6ed147cd585e5e8083292683f9be3cf585e97e4d46fa0e3224d24a4e2b42cbbb,f83baf5732ffbf88b9a448a3d9ab9fa270f7495fe44d1559c1ac49795a30881a,41f184a29ff88aaf275f3365267b8c909ce7598a,ridge_corrected_41f184a29ff8_6ed147cd_f83baf57
Ridge,5,2,2022-12-19,2022-12-24,13.32,13.474733515534576,0.15473351553457526,0.15473351553457526,0.023942460829688643,100.0,submitted_main_linear_features_H5_18col,6ed147cd585e5e8083292683f9be3cf585e97e4d46fa0e3224d24a4e2b42cbbb,f83baf5732ffbf88b9a448a3d9ab9fa270f7495fe44d1559c1ac49795a30881a,41f184a29ff88aaf275f3365267b8c909ce7598a,ridge_corrected_41f184a29ff8_6ed147cd_f83baf57
Ridge,5,2,2022-12-20,2022-12-25,12.68,13.413610743140392,0.7336107431403924,0.7336107431403924,0.5381847224509988,100.0,submitted_main_linear_features_H5_18col,6ed147cd585e5e8083292683f9be3cf585e97e4d46fa0e3224d24a4e2b42cbbb,f83baf5732ffbf88b9a448a3d9ab9fa270f7495fe44d1559c1ac49795a30881a,41f184a29ff88aaf275f3365267b8c909ce7598a,ridge_corrected_41f184a29ff8_6ed147cd_f83baf57
Ridge,5,2,2022-12-21,2022-12-26,15.24,13.332337402943232,-1.9076625970567687,1.9076625970567687,3.6391765842093755,100.0,submitted_main_linear_features_H5_18col,6ed147cd585e5e8083292683f9be3cf585e97e4d46fa0e3224d24a4e2b42cbbb,f83baf5732ffbf88b9a448a3d9ab9fa270f7495fe44d1559c1ac49795a30881a,41f184a29ff88aaf275f3365267b8c909ce7598a,ridge_corrected_41f184a29ff8_6ed147cd_f83baf57
Ridge,5,2,2022-12-22,2022-12-27,12.37,13.365829202136549,0.9958292021365498,0.9958292021365498,0.9916757998279173,100.0,submitted_main_linear_features_H5_18col,6ed147cd585e5e8083292683f9be3cf585e97e4d46fa0e3224d24a4e2b42cbbb,f83baf5732ffbf88b9a448a3d9ab9fa270f7495fe44d1559c1ac49795a30881a,41f184a29ff88aaf275f3365267b8c909ce7598a,ridge_corrected_41f184a29ff8_6ed147cd_f83baf57
Ridge,5,2,2022-12-23,2022-12-28,10.22,13.552299922647626,3.332299922647625,3.332299922647625,11.104222774477366,100.0,submitted_main_linear_features_H5_18col,6ed147cd585e5e8083292683f9be3cf585e97e4d46fa0e3224d24a4e2b42cbbb,f83baf5732ffbf88b9a448a3d9ab9fa270f7495fe44d1559c1ac49795a30881a,41f184a29ff88aaf275f3365267b8c909ce7598a,ridge_corrected_41f184a29ff8_6ed147cd_f83baf57
Ridge,5,2,2022-12-24,2022-12-29,10.45,13.720530122333845,3.270530122333845,3.270530122333845,10.696367281093037,100.0,submitted_main_linear_features_H5_18col,6ed147cd585e5e8083292683f9be3cf585e97e4d46fa0e3224d24a4e2b42cbbb,f83baf5732ffbf88b9a448a3d9ab9fa270f7495fe44d1559c1ac49795a30881a,41f184a29ff88aaf275f3365267b8c909ce7598a,ridge_corrected_41f184a29ff8_6ed147cd_f83baf57
Ridge,5,2,2022-12-25,2022-12-30,11.82,13.49809854468666,1.6780985446866605,1.6780985446866605,2.816014725679488,100.0,submitted_main_linear_features_H5_18col,6ed147cd585e5e8083292683f9be3cf585e97e4d46fa0e3224d24a4e2b42cbbb,f83baf5732ffbf88b9a448a3d9ab9fa270f7495fe44d1559c1ac49795a30881a,41f184a29ff88aaf275f3365267b8c909ce7598a,ridge_corrected_41f184a29ff8_6ed147cd_f83baf57
Ridge,5,2,2022-12-26,2022-12-31,13.51,13.391003097462951,-0.11899690253704875,0.11899690253704875,0.014160262813411881,100.0,submitted_main_linear_features_H5_18col,6ed147cd585e5e8083292683f9be3cf585e97e4d46fa0e3224d24a4e2b42cbbb,f83baf5732ffbf88b9a448a3d9ab9fa270f7495fe44d1559c1ac49795a30881a,41f184a29ff88aaf275f3365267b8c909ce7598a,ridge_corrected_41f184a29ff8_6ed147cd_f83baf57
Ridge,5,2,2022-12-27,2023-01-01,12.29,13.850860766259135,1.560860766259136,1.560860766259136,2.4362863316470573,100.0,submitted_main_linear_features_H5_18col,6ed147cd585e5e8083292683f9be3cf585e97e4d46fa0e3224d24a4e2b42cbbb,f83baf5732ffbf88b9a448a3d9ab9fa270f7495fe44d1559c1ac49795a30881a,41f184a29ff88aaf275f3365267b8c909ce7598a,ridge_corrected_41f184a29ff8_6ed147cd_f83baf57
Ridge,5,2,2022-12-28,2023-01-02,13.67,13.109128892664081,-0.5608711073359185,0.5608711073359185,0.3145763990442194,100.0,submitted_main_linear_features_H5_18col,6ed147cd585e5e8083292683f9be3cf585e97e4d46fa0e3224d24a4e2b42cbbb,f83baf5732ffbf88b9a448a3d9ab9fa270f7495fe44d1559c1ac49795a30881a,41f184a29ff88aaf275f3365267b8c909ce7598a,ridge_corrected_41f184a29ff8_6ed147cd_f83baf57
Ridge,5,2,2022-12-29,2023-01-03,12.94,12.623966896535745,-0.31603310346425495,0.31603310346425495,0.09987692248524847,100.0,submitted_main_linear_features_H5_18col,6ed147cd585e5e8083292683f9be3cf585e97e4d46fa0e3224d24a4e2b42cbbb,f83baf5732ffbf88b9a448a3d9ab9fa270f7495fe44d1559c1ac49795a30881a,41f184a29ff88aaf275f3365267b8c909ce7598a,ridge_corrected_41f184a29ff8_6ed147cd_f83baf57
Ridge,5,2,2022-12-30,2023-01-04,13.74,12.540426952043669,-1.1995730479563314,1.1995730479563314,1.438975497383243,100.0,submitted_main_linear_features_H5_18col,6ed147cd585e5e8083292683f9be3cf585e97e4d46fa0e3224d24a4e2b42cbbb,f83baf5732ffbf88b9a448a3d9ab9fa270f7495fe44d1559c1ac49795a30881a,41f184a29ff88aaf275f3365267b8c909ce7598a,ridge_corrected_41f184a29ff8_6ed147cd_f83baf57
Ridge,5,2,2022-12-31,2023-01-05,10.82,12.838330757919056,2.018330757919056,2.018330757919056,4.073659048362112,100.0,submitted_main_linear_features_H5_18col,6ed147cd585e5e8083292683f9be3cf585e97e4d46fa0e3224d24a4e2b42cbbb,f83baf5732ffbf88b9a448a3d9ab9fa270f7495fe44d1559c1ac49795a30881a,41f184a29ff88aaf275f3365267b8c909ce7598a,ridge_corrected_41f184a29ff8_6ed147cd_f83baf57
Ridge,5,2,2023-01-01,2023-01-06,12.01,13.111680884709212,1.1016808847092125,1.1016808847092125,1.2137007717336732,100.0,submitted_main_linear_features_H5_18col,6ed147cd585e5e8083292683f9be3cf585e97e4d46fa0e3224d24a4e2b42cbbb,f83baf5732ffbf88b9a448a3d9ab9fa270f7495fe44d1559c1ac49795a30881a,41f184a29ff88aaf275f3365267b8c909ce7598a,ridge_corrected_41f184a29ff8_6ed147cd_f83baf57
Ridge,5,2,2023-01-02,2023-01-07,13.3,12.98759045150864,-0.3124095484913614,0.3124095484913614,0.09759972598857627,100.0,submitted_main_linear_features_H5_18col,6ed147cd585e5e8083292683f9be3cf585e97e4d46fa0e3224d24a4e2b42cbbb,f83baf5732ffbf88b9a448a3d9ab9fa270f7495fe44d1559c1ac49795a30881a,41f184a29ff88aaf275f3365267b8c909ce7598a,ridge_corrected_41f184a29ff8_6ed147cd_f83baf57
Ridge,5,2,2023-01-03,2023-01-08,11.75,13.453819655907033,1.7038196559070329,1.7038196559070329,2.90300141985516,100.0,submitted_main_linear_features_H5_18col,6ed147cd585e5e8083292683f9be3cf585e97e4d46fa0e3224d24a4e2b42cbbb,f83baf5732ffbf88b9a448a3d9ab9fa270f7495fe44d1559c1ac49795a30881a,41f184a29ff88aaf275f3365267b8c909ce7598a,ridge_corrected_41f184a29ff8_6ed147cd_f83baf57
Ridge,5,2,2023-01-04,2023-01-09,14.04,13.287664314736121,-0.7523356852638781,0.7523356852638781,0.566008983321469,100.0,submitted_main_linear_features_H5_18col,6ed147cd585e5e8083292683f9be3cf585e97e4d46fa0e3224d24a4e2b42cbbb,f83baf5732ffbf88b9a448a3d9ab9fa270f7495fe44d1559c1ac49795a30881a,41f184a29ff88aaf275f3365267b8c909ce7598a,ridge_corrected_41f184a29ff8_6ed147cd_f83baf57
Ridge,5,2,2023-01-05,2023-01-10,14.39,13.42687953883564,-0.96312046116436,0.96312046116436,0.9276010227134495,100.0,submitted_main_linear_features_H5_18col,6ed147cd585e5e8083292683f9be3cf585e97e4d46fa0e3224d24a4e2b42cbbb,f83baf5732ffbf88b9a448a3d9ab9fa270f7495fe44d1559c1ac49795a30881a,41f184a29ff88aaf275f3365267b8c909ce7598a,ridge_corrected_41f184a29ff8_6ed147cd_f83baf57
Ridge,5,2,2023-01-06,2023-01-11,10.31,13.189556841667985,2.879556841667984,2.879556841667984,8.291847604396896,100.0,submitted_main_linear_features_H5_18col,6ed147cd585e5e8083292683f9be3cf585e97e4d46fa0e3224d24a4e2b42cbbb,f83baf5732ffbf88b9a448a3d9ab9fa270f7495fe44d1559c1ac49795a30881a,41f184a29ff88aaf275f3365267b8c909ce7598a,ridge_corrected_41f184a29ff8_6ed147cd_f83baf57
Ridge,5,2,2023-01-07,2023-01-12,12.35,13.345313120460586,0.9953131204605867,0.9953131204605867,0.9906482077609904,100.0,submitted_main_linear_features_H5_18col,6ed147cd585e5e8083292683f9be3cf585e97e4d46fa0e3224d24a4e2b42cbbb,f83baf5732ffbf88b9a448a3d9ab9fa270f7495fe44d1559c1ac49795a30881a,41f184a29ff88aaf275f3365267b8c909ce7598a,ridge_corrected_41f184a29ff8_6ed147cd_f83baf57
Ridge,5,2,2023-01-08,2023-01-13,13.13,13.756315821583584,0.6263158215835833,0.6263158215835833,0.392271508365919,100.0,submitted_main_linear_features_H5_18col,6ed147cd585e5e8083292683f9be3cf585e97e4d46fa0e3224d24a4e2b42cbbb,f83baf5732ffbf88b9a448a3d9ab9fa270f7495fe44d1559c1ac49795a30881a,41f184a29ff88aaf275f3365267b8c909ce7598a,ridge_corrected_41f184a29ff8_6ed147cd_f83baf57
Ridge,5,2,2023-01-09,2023-01-14,6.71,13.389944643054463,6.679944643054463,6.679944643054463,44.621660434272016,100.0,submitted_main_linear_features_H5_18col,6ed147cd585e5e8083292683f9be3cf585e97e4d46fa0e3224d24a4e2b42cbbb,f83baf5732ffbf88b9a448a3d9ab9fa270f7495fe44d1559c1ac49795a30881a,41f184a29ff88aaf275f3365267b8c909ce7598a,ridge_corrected_41f184a29ff8_6ed147cd_f83baf57
Ridge,5,2,2023-01-10,2023-01-15,10.54,13.87118235100068,3.331182351000681,3.331182351000681,11.096775855618425,100.0,submitted_main_linear_features_H5_18col,6ed147cd585e5e8083292683f9be3cf585e97e4d46fa0e3224d24a4e2b42cbbb,f83baf5732ffbf88b9a448a3d9ab9fa270f7495fe44d1559c1ac49795a30881a,41f184a29ff88aaf275f3365267b8c909ce7598a,ridge_corrected_41f184a29ff8_6ed147cd_f83baf57
Ridge,5,2,2023-01-11,2023-01-16,10.56,13.773941322660633,3.2139413226606326,3.2139413226606326,10.329418825505577,100.0,submitted_main_linear_features_H5_18col,6ed147cd585e5e8083292683f9be3cf585e97e4d46fa0e3224d24a4e2b42cbbb,f83baf5732ffbf88b9a448a3d9ab9fa270f7495fe44d1559c1ac49795a30881a,41f184a29ff88aaf275f3365267b8c909ce7598a,ridge_corrected_41f184a29ff8_6ed147cd_f83baf57
Ridge,5,2,2023-01-12,2023-01-17,10.38,12.687277475836897,2.307277475836896,2.307277475836896,5.323529350504279,100.0,submitted_main_linear_features_H5_18col,6ed147cd585e5e8083292683f9be3cf585e97e4d46fa0e3224d24a4e2b42cbbb,f83baf5732ffbf88b9a448a3d9ab9fa270f7495fe44d1559c1ac49795a30881a,41f184a29ff88aaf275f3365267b8c909ce7598a,ridge_corrected_41f184a29ff8_6ed147cd_f83baf57
Ridge,5,2,2023-01-13,2023-01-18,11.68,12.536630343695379,0.8566303436953788,0.8566303436953788,0.7338155457396629,100.0,submitted_main_linear_features_H5_18col,6ed147cd585e5e8083292683f9be3cf585e97e4d46fa0e3224d24a4e2b42cbbb,f83baf5732ffbf88b9a448a3d9ab9fa270f7495fe44d1559c1ac49795a30881a,41f184a29ff88aaf275f3365267b8c909ce7598a,ridge_corrected_41f184a29ff8_6ed147cd_f83baf57
Ridge,5,2,2023-01-14,2023-01-19,11.39,13.297119749474053,1.9071197494740524,1.9071197494740524,3.6371057388339723,100.0,submitted_main_linear_features_H5_18col,6ed147cd585e5e8083292683f9be3cf585e97e4d46fa0e3224d24a4e2b42cbbb,f83baf5732ffbf88b9a448a3d9ab9fa270f7495fe44d1559c1ac49795a30881a,41f184a29ff88aaf275f3365267b8c909ce7598a,ridge_corrected_41f184a29ff8_6ed147cd_f83baf57
Ridge,5,2,2023-01-15,2023-01-20,13.84,12.190339228411,-1.6496607715889997,1.6496607715889997,2.7213806613196136,100.0,submitted_main_linear_features_H5_18col,6ed147cd585e5e8083292683f9be3cf585e97e4d46fa0e3224d24a4e2b42cbbb,f83baf5732ffbf88b9a448a3d9ab9fa270f7495fe44d1559c1ac49795a30881a,41f184a29ff88aaf275f3365267b8c909ce7598a,ridge_corrected_41f184a29ff8_6ed147cd_f83baf57
Ridge,5,2,2023-01-16,2023-01-21,9.61,12.711227920160148,3.1012279201601487,3.1012279201601487,9.61761461278084,100.0,submitted_main_linear_features_H5_18col,6ed147cd585e5e8083292683f9be3cf585e97e4d46fa0e3224d24a4e2b42cbbb,f83baf5732ffbf88b9a448a3d9ab9fa270f7495fe44d1559c1ac49795a30881a,41f184a29ff88aaf275f3365267b8c909ce7598a,ridge_corrected_41f184a29ff8_6ed147cd_f83baf57
Ridge,5,2,2023-01-17,2023-01-22,11.47,12.51310177619442,1.043101776194419,1.043101776194419,1.0880613154999519,100.0,submitted_main_linear_features_H5_18col,6ed147cd585e5e8083292683f9be3cf585e97e4d46fa0e3224d24a4e2b42cbbb,f83baf5732ffbf88b9a448a3d9ab9fa270f7495fe44d1559c1ac49795a30881a,41f184a29ff88aaf275f3365267b8c909ce7598a,ridge_corrected_41f184a29ff8_6ed147cd_f83baf57
Ridge,5,2,2023-01-18,2023-01-23,9.53,12.420850909713062,2.8908509097130626,2.8908509097130626,8.357018982188842,100.0,submitted_main_linear_features_H5_18col,6ed147cd585e5e8083292683f9be3cf585e97e4d46fa0e3224d24a4e2b42cbbb,f83baf5732ffbf88b9a448a3d9ab9fa270f7495fe44d1559c1ac49795a30881a,41f184a29ff88aaf275f3365267b8c909ce7598a,ridge_corrected_41f184a29ff8_6ed147cd_f83baf57
Ridge,5,2,2023-01-19,2023-01-24,9.61,12.758453501568754,3.1484535015687545,3.1484535015687545,9.91275945154055,100.0,submitted_main_linear_features_H5_18col,6ed147cd585e5e8083292683f9be3cf585e97e4d46fa0e3224d24a4e2b42cbbb,f83baf5732ffbf88b9a448a3d9ab9fa270f7495fe44d1559c1ac49795a30881a,41f184a29ff88aaf275f3365267b8c909ce7598a,ridge_corrected_41f184a29ff8_6ed147cd_f83baf57
Ridge,5,2,2023-01-20,2023-01-25,13.98,12.714219902995874,-1.2657800970041269,1.2657800970041269,1.6021992539717769,100.0,submitted_main_linear_features_H5_18col,6ed147cd585e5e8083292683f9be3cf585e97e4d46fa0e3224d24a4e2b42cbbb,f83baf5732ffbf88b9a448a3d9ab9fa270f7495fe44d1559c1ac49795a30881a,41f184a29ff88aaf275f3365267b8c909ce7598a,ridge_corrected_41f184a29ff8_6ed147cd_f83baf57
Ridge,5,2,2023-01-21,2023-01-26,12.46,13.445749938756329,0.985749938756328,0.985749938756328,0.9717029417581043,100.0,submitted_main_linear_features_H5_18col,6ed147cd585e5e8083292683f9be3cf585e97e4d46fa0e3224d24a4e2b42cbbb,f83baf5732ffbf88b9a448a3d9ab9fa270f7495fe44d1559c1ac49795a30881a,41f184a29ff88aaf275f3365267b8c909ce7598a,ridge_corrected_41f184a29ff8_6ed147cd_f83baf57
Ridge,5,2,2023-01-22,2023-01-27,11.69,12.739005016767832,1.0490050167678326,1.0490050167678326,1.100411525204081,100.0,submitted_main_linear_features_H5_18col,6ed147cd585e5e8083292683f9be3cf585e97e4d46fa0e3224d24a4e2b42cbbb,f83baf5732ffbf88b9a448a3d9ab9fa270f7495fe44d1559c1ac49795a30881a,41f184a29ff88aaf275f3365267b8c909ce7598a,ridge_corrected_41f184a29ff8_6ed147cd_f83baf57
Ridge,5,2,2023-01-23,2023-01-28,12.88,13.348807002317479,0.46880700231747774,0.46880700231747774,0.21978000542189957,100.0,submitted_main_linear_features_H5_18col,6ed147cd585e5e8083292683f9be3cf585e97e4d46fa0e3224d24a4e2b42cbbb,f83baf5732ffbf88b9a448a3d9ab9fa270f7495fe44d1559c1ac49795a30881a,41f184a29ff88aaf275f3365267b8c909ce7598a,ridge_corrected_41f184a29ff8_6ed147cd_f83baf57
Ridge,5,2,2023-01-24,2023-01-29,12.01,13.154464278826794,1.1444642788267938,1.1444642788267938,1.3097984855105331,100.0,submitted_main_linear_features_H5_18col,6ed147cd585e5e8083292683f9be3cf585e97e4d46fa0e3224d24a4e2b42cbbb,f83baf5732ffbf88b9a448a3d9ab9fa270f7495fe44d1559c1ac49795a30881a,41f184a29ff88aaf275f3365267b8c909ce7598a,ridge_corrected_41f184a29ff8_6ed147cd_f83baf57
Ridge,5,2,2023-01-25,2023-01-30,14.4,13.389299984293082,-1.0107000157069184,1.0107000157069184,1.021514521749965,100.0,submitted_main_linear_features_H5_18col,6ed147cd585e5e8083292683f9be3cf585e97e4d46fa0e3224d24a4e2b42cbbb,f83baf5732ffbf88b9a448a3d9ab9fa270f7495fe44d1559c1ac49795a30881a,41f184a29ff88aaf275f3365267b8c909ce7598a,ridge_corrected_41f184a29ff8_6ed147cd_f83baf57
Ridge,5,2,2023-01-26,2023-01-31,14.68,14.006714739821792,-0.6732852601782078,0.6732852601782078,0.45331304157323693,100.0,submitted_main_linear_features_H5_18col,6ed147cd585e5e8083292683f9be3cf585e97e4d46fa0e3224d24a4e2b42cbbb,f83baf5732ffbf88b9a448a3d9ab9fa270f7495fe44d1559c1ac49795a30881a,41f184a29ff88aaf275f3365267b8c909ce7598a,ridge_corrected_41f184a29ff8_6ed147cd_f83baf57
Ridge,5,2,2023-01-27,2023-02-01,16.7,13.8976842581441,-2.8023157418558995,2.8023157418558995,7.85297351705338,100.0,submitted_main_linear_features_H5_18col,6ed147cd585e5e8083292683f9be3cf585e97e4d46fa0e3224d24a4e2b42cbbb,f83baf5732ffbf88b9a448a3d9ab9fa270f7495fe44d1559c1ac49795a30881a,41f184a29ff88aaf275f3365267b8c909ce7598a,ridge_corrected_41f184a29ff8_6ed147cd_f83baf57
Ridge,5,2,2023-01-28,2023-02-02,11.45,13.663830811449293,2.2138308114492933,2.2138308114492933,4.901046861722237,100.0,submitted_main_linear_features_H5_18col,6ed147cd585e5e8083292683f9be3cf585e97e4d46fa0e3224d24a4e2b42cbbb,f83baf5732ffbf88b9a448a3d9ab9fa270f7495fe44d1559c1ac49795a30881a,41f184a29ff88aaf275f3365267b8c909ce7598a,ridge_corrected_41f184a29ff8_6ed147cd_f83baf57
Ridge,5,2,2023-01-29,2023-02-03,8.69,13.752988498759162,5.062988498759163,5.062988498759163,25.63385253856756,100.0,submitted_main_linear_features_H5_18col,6ed147cd585e5e8083292683f9be3cf585e97e4d46fa0e3224d24a4e2b42cbbb,f83baf5732ffbf88b9a448a3d9ab9fa270f7495fe44d1559c1ac49795a30881a,41f184a29ff88aaf275f3365267b8c909ce7598a,ridge_corrected_41f184a29ff8_6ed147cd_f83baf57
Ridge,5,2,2023-01-30,2023-02-04,16.0,13.68839279857747,-2.3116072014225306,2.3116072014225306,5.343527853668504,100.0,submitted_main_linear_features_H5_18col,6ed147cd585e5e8083292683f9be3cf585e97e4d46fa0e3224d24a4e2b42cbbb,f83baf5732ffbf88b9a448a3d9ab9fa270f7495fe44d1559c1ac49795a30881a,41f184a29ff88aaf275f3365267b8c909ce7598a,ridge_corrected_41f184a29ff8_6ed147cd_f83baf57
Ridge,5,2,2023-01-31,2023-02-05,17.45,14.258055032375808,-3.1919449676241918,3.1919449676241918,10.188512676341404,100.0,submitted_main_linear_features_H5_18col,6ed147cd585e5e8083292683f9be3cf585e97e4d46fa0e3224d24a4e2b42cbbb,f83baf5732ffbf88b9a448a3d9ab9fa270f7495fe44d1559c1ac49795a30881a,41f184a29ff88aaf275f3365267b8c909ce7598a,ridge_corrected_41f184a29ff8_6ed147cd_f83baf57
Ridge,5,2,2023-02-01,2023-02-06,15.54,14.087078344110886,-1.4529216558891136,1.4529216558891136,2.110981338151564,100.0,submitted_main_linear_features_H5_18col,6ed147cd585e5e8083292683f9be3cf585e97e4d46fa0e3224d24a4e2b42cbbb,f83baf5732ffbf88b9a448a3d9ab9fa270f7495fe44d1559c1ac49795a30881a,41f184a29ff88aaf275f3365267b8c909ce7598a,ridge_corrected_41f184a29ff8_6ed147cd_f83baf57
Ridge,5,2,2023-02-02,2023-02-07,13.67,14.601962330682868,0.9319623306828682,0.9319623306828682,0.8685537858118437,100.0,submitted_main_linear_features_H5_18col,6ed147cd585e5e8083292683f9be3cf585e97e4d46fa0e3224d24a4e2b42cbbb,f83baf5732ffbf88b9a448a3d9ab9fa270f7495fe44d1559c1ac49795a30881a,41f184a29ff88aaf275f3365267b8c909ce7598a,ridge_corrected_41f184a29ff8_6ed147cd_f83baf57
Ridge,5,2,2023-02-03,2023-02-08,12.29,13.608680829318782,1.318680829318783,1.318680829318783,1.7389191296128734,100.0,submitted_main_linear_features_H5_18col,6ed147cd585e5e8083292683f9be3cf585e97e4d46fa0e3224d24a4e2b42cbbb,f83baf5732ffbf88b9a448a3d9ab9fa270f7495fe44d1559c1ac49795a30881a,41f184a29ff88aaf275f3365267b8c909ce7598a,ridge_corrected_41f184a29ff8_6ed147cd_f83baf57
Ridge,5,2,2023-02-04,2023-02-09,11.92,13.265446167006736,1.3454461670067364,1.3454461670067364,1.8102253883131187,100.0,submitted_main_linear_features_H5_18col,6ed147cd585e5e8083292683f9be3cf585e97e4d46fa0e3224d24a4e2b42cbbb,f83baf5732ffbf88b9a448a3d9ab9fa270f7495fe44d1559c1ac49795a30881a,41f184a29ff88aaf275f3365267b8c909ce7598a,ridge_corrected_41f184a29ff8_6ed147cd_f83baf57
Ridge,5,2,2023-02-05,2023-02-10,10.97,14.773620555870414,3.8036205558704133,3.8036205558704133,14.467529333039952,100.0,submitted_main_linear_features_H5_18col,6ed147cd585e5e8083292683f9be3cf585e97e4d46fa0e3224d24a4e2b42cbbb,f83baf5732ffbf88b9a448a3d9ab9fa270f7495fe44d1559c1ac49795a30881a,41f184a29ff88aaf275f3365267b8c909ce7598a,ridge_corrected_41f184a29ff8_6ed147cd_f83baf57
Ridge,5,2,2023-02-06,2023-02-11,7.57,14.911465620279381,7.341465620279381,7.341465620279381,53.897117453744116,100.0,submitted_main_linear_features_H5_18col,6ed147cd585e5e8083292683f9be3cf585e97e4d46fa0e3224d24a4e2b42cbbb,f83baf5732ffbf88b9a448a3d9ab9fa270f7495fe44d1559c1ac49795a30881a,41f184a29ff88aaf275f3365267b8c909ce7598a,ridge_corrected_41f184a29ff8_6ed147cd_f83baf57
Ridge,5,2,2023-02-07,2023-02-12,7.45,14.54679803677493,7.09679803677493,7.09679803677493,50.364542374772505,100.0,submitted_main_linear_features_H5_18col,6ed147cd585e5e8083292683f9be3cf585e97e4d46fa0e3224d24a4e2b42cbbb,f83baf5732ffbf88b9a448a3d9ab9fa270f7495fe44d1559c1ac49795a30881a,41f184a29ff88aaf275f3365267b8c909ce7598a,ridge_corrected_41f184a29ff8_6ed147cd_f83baf57
Ridge,5,2,2023-02-08,2023-02-13,8.88,13.916400342382687,5.036400342382686,5.036400342382686,25.36532840875244,100.0,submitted_main_linear_features_H5_18col,6ed147cd585e5e8083292683f9be3cf585e97e4d46fa0e3224d24a4e2b42cbbb,f83baf5732ffbf88b9a448a3d9ab9fa270f7495fe44d1559c1ac49795a30881a,41f184a29ff88aaf275f3365267b8c909ce7598a,ridge_corrected_41f184a29ff8_6ed147cd_f83baf57
Ridge,5,2,2023-02-09,2023-02-14,11.27,13.520170068542743,2.2501700685427437,2.2501700685427437,5.063265337365656,100.0,submitted_main_linear_features_H5_18col,6ed147cd585e5e8083292683f9be3cf585e97e4d46fa0e3224d24a4e2b42cbbb,f83baf5732ffbf88b9a448a3d9ab9fa270f7495fe44d1559c1ac49795a30881a,41f184a29ff88aaf275f3365267b8c909ce7598a,ridge_corrected_41f184a29ff8_6ed147cd_f83baf57
Ridge,5,2,2023-02-10,2023-02-15,14.0,13.050807405566916,-0.9491925944330841,0.9491925944330841,0.9009665813266093,100.0,submitted_main_linear_features_H5_18col,6ed147cd585e5e8083292683f9be3cf585e97e4d46fa0e3224d24a4e2b42cbbb,f83baf5732ffbf88b9a448a3d9ab9fa270f7495fe44d1559c1ac49795a30881a,41f184a29ff88aaf275f3365267b8c909ce7598a,ridge_corrected_41f184a29ff8_6ed147cd_f83baf57
Ridge,5,2,2023-02-11,2023-02-16,15.84,13.504308743858706,-2.3356912561412937,2.3356912561412937,5.455453644014894,100.0,submitted_main_linear_features_H5_18col,6ed147cd585e5e8083292683f9be3cf585e97e4d46fa0e3224d24a4e2b42cbbb,f83baf5732ffbf88b9a448a3d9ab9fa270f7495fe44d1559c1ac49795a30881a,41f184a29ff88aaf275f3365267b8c909ce7598a,ridge_corrected_41f184a29ff8_6ed147cd_f83baf57
Ridge,5,2,2023-02-12,2023-02-17,13.82,12.701692625609555,-1.1183073743904455,1.1183073743904455,1.250611383616052,100.0,submitted_main_linear_features_H5_18col,6ed147cd585e5e8083292683f9be3cf585e97e4d46fa0e3224d24a4e2b42cbbb,f83baf5732ffbf88b9a448a3d9ab9fa270f7495fe44d1559c1ac49795a30881a,41f184a29ff88aaf275f3365267b8c909ce7598a,ridge_corrected_41f184a29ff8_6ed147cd_f83baf57
Ridge,5,2,2023-02-13,2023-02-18,16.04,12.408182785500243,-3.6318172144997565,3.6318172144997565,13.19009627953677,100.0,submitted_main_linear_features_H5_18col,6ed147cd585e5e8083292683f9be3cf585e97e4d46fa0e3224d24a4e2b42cbbb,f83baf5732ffbf88b9a448a3d9ab9fa270f7495fe44d1559c1ac49795a30881a,41f184a29ff88aaf275f3365267b8c909ce7598a,ridge_corrected_41f184a29ff8_6ed147cd_f83baf57
Ridge,5,2,2023-02-14,2023-02-19,14.5,12.343567999707439,-2.156432000292561,2.156432000292561,4.650198971885777,100.0,submitted_main_linear_features_H5_18col,6ed147cd585e5e8083292683f9be3cf585e97e4d46fa0e3224d24a4e2b42cbbb,f83baf5732ffbf88b9a448a3d9ab9fa270f7495fe44d1559c1ac49795a30881a,41f184a29ff88aaf275f3365267b8c909ce7598a,ridge_corrected_41f184a29ff8_6ed147cd_f83baf57
Ridge,5,2,2023-02-15,2023-02-20,13.08,13.067258227018877,-0.012741772981122779,0.012741772981122779,0.00016235277870247047,100.0,submitted_main_linear_features_H5_18col,6ed147cd585e5e8083292683f9be3cf585e97e4d46fa0e3224d24a4e2b42cbbb,f83baf5732ffbf88b9a448a3d9ab9fa270f7495fe44d1559c1ac49795a30881a,41f184a29ff88aaf275f3365267b8c909ce7598a,ridge_corrected_41f184a29ff8_6ed147cd_f83baf57
Ridge,5,2,2023-02-16,2023-02-21,10.58,13.705003800058003,3.1250038000580034,3.1250038000580034,9.765648750376961,100.0,submitted_main_linear_features_H5_18col,6ed147cd585e5e8083292683f9be3cf585e97e4d46fa0e3224d24a4e2b42cbbb,f83baf5732ffbf88b9a448a3d9ab9fa270f7495fe44d1559c1ac49795a30881a,41f184a29ff88aaf275f3365267b8c909ce7598a,ridge_corrected_41f184a29ff8_6ed147cd_f83baf57
Ridge,5,2,2023-02-17,2023-02-22,13.94,14.150414809659921,0.21041480965992143,0.21041480965992143,0.04427439212422096,100.0,submitted_main_linear_features_H5_18col,6ed147cd585e5e8083292683f9be3cf585e97e4d46fa0e3224d24a4e2b42cbbb,f83baf5732ffbf88b9a448a3d9ab9fa270f7495fe44d1559c1ac49795a30881a,41f184a29ff88aaf275f3365267b8c909ce7598a,ridge_corrected_41f184a29ff8_6ed147cd_f83baf57
Ridge,5,2,2023-02-18,2023-02-23,13.76,13.543269775772979,-0.21673022422702104,0.21673022422702104,0.04697199009349482,100.0,submitted_main_linear_features_H5_18col,6ed147cd585e5e8083292683f9be3cf585e97e4d46fa0e3224d24a4e2b42cbbb,f83baf5732ffbf88b9a448a3d9ab9fa270f7495fe44d1559c1ac49795a30881a,41f184a29ff88aaf275f3365267b8c909ce7598a,ridge_corrected_41f184a29ff8_6ed147cd_f83baf57
Ridge,5,2,2023-02-19,2023-02-24,16.57,14.199167282903735,-2.370832717096265,2.370832717096265,5.620847772454059,100.0,submitted_main_linear_features_H5_18col,6ed147cd585e5e8083292683f9be3cf585e97e4d46fa0e3224d24a4e2b42cbbb,f83baf5732ffbf88b9a448a3d9ab9fa270f7495fe44d1559c1ac49795a30881a,41f184a29ff88aaf275f3365267b8c909ce7598a,ridge_corrected_41f184a29ff8_6ed147cd_f83baf57
Ridge,5,3,2023-02-20,2023-02-25,12.14,13.678025485242024,1.5380254852420236,1.5380254852420236,2.365522393253962,100.0,submitted_main_linear_features_H5_18col,6ed147cd585e5e8083292683f9be3cf585e97e4d46fa0e3224d24a4e2b42cbbb,f83baf5732ffbf88b9a448a3d9ab9fa270f7495fe44d1559c1ac49795a30881a,41f184a29ff88aaf275f3365267b8c909ce7598a,ridge_corrected_41f184a29ff8_6ed147cd_f83baf57
Ridge,5,3,2023-02-21,2023-02-26,10.48,13.697063290708362,3.217063290708362,3.217063290708362,10.349496216423313,100.0,submitted_main_linear_features_H5_18col,6ed147cd585e5e8083292683f9be3cf585e97e4d46fa0e3224d24a4e2b42cbbb,f83baf5732ffbf88b9a448a3d9ab9fa270f7495fe44d1559c1ac49795a30881a,41f184a29ff88aaf275f3365267b8c909ce7598a,ridge_corrected_41f184a29ff8_6ed147cd_f83baf57
Ridge,5,3,2023-02-22,2023-02-27,11.17,13.175386699307305,2.005386699307305,2.005386699307305,4.0215758137586475,100.0,submitted_main_linear_features_H5_18col,6ed147cd585e5e8083292683f9be3cf585e97e4d46fa0e3224d24a4e2b42cbbb,f83baf5732ffbf88b9a448a3d9ab9fa270f7495fe44d1559c1ac49795a30881a,41f184a29ff88aaf275f3365267b8c909ce7598a,ridge_corrected_41f184a29ff8_6ed147cd_f83baf57
Ridge,5,3,2023-02-23,2023-02-28,9.76,13.381978600499291,3.6219786004992915,3.6219786004992915,13.118728982474806,100.0,submitted_main_linear_features_H5_18col,6ed147cd585e5e8083292683f9be3cf585e97e4d46fa0e3224d24a4e2b42cbbb,f83baf5732ffbf88b9a448a3d9ab9fa270f7495fe44d1559c1ac49795a30881a,41f184a29ff88aaf275f3365267b8c909ce7598a,ridge_corrected_41f184a29ff8_6ed147cd_f83baf57
Ridge,5,3,2023-02-24,2023-03-01,12.96,13.320181356828968,0.3601813568289671,0.3601813568289671,0.12973060980715576,100.0,submitted_main_linear_features_H5_18col,6ed147cd585e5e8083292683f9be3cf585e97e4d46fa0e3224d24a4e2b42cbbb,f83baf5732ffbf88b9a448a3d9ab9fa270f7495fe44d1559c1ac49795a30881a,41f184a29ff88aaf275f3365267b8c909ce7598a,ridge_corrected_41f184a29ff8_6ed147cd_f83baf57
Ridge,5,3,2023-02-25,2023-03-02,15.2,14.219819484604546,-0.9801805153954533,0.9801805153954533,0.9607538427608964,100.0,submitted_main_linear_features_H5_18col,6ed147cd585e5e8083292683f9be3cf585e97e4d46fa0e3224d24a4e2b42cbbb,f83baf5732ffbf88b9a448a3d9ab9fa270f7495fe44d1559c1ac49795a30881a,41f184a29ff88aaf275f3365267b8c909ce7598a,ridge_corrected_41f184a29ff8_6ed147cd_f83baf57
Ridge,5,3,2023-02-26,2023-03-03,16.39,13.369046518620554,-3.020953481379447,3.020953481379447,9.1261599366586,100.0,submitted_main_linear_features_H5_18col,6ed147cd585e5e8083292683f9be3cf585e97e4d46fa0e3224d24a4e2b42cbbb,f83baf5732ffbf88b9a448a3d9ab9fa270f7495fe44d1559c1ac49795a30881a,41f184a29ff88aaf275f3365267b8c909ce7598a,ridge_corrected_41f184a29ff8_6ed147cd_f83baf57
Ridge,5,3,2023-02-27,2023-03-04,15.4,13.050636674265778,-2.349363325734222,2.349363325734222,5.5195080363049644,100.0,submitted_main_linear_features_H5_18col,6ed147cd585e5e8083292683f9be3cf585e97e4d46fa0e3224d24a4e2b42cbbb,f83baf5732ffbf88b9a448a3d9ab9fa270f7495fe44d1559c1ac49795a30881a,41f184a29ff88aaf275f3365267b8c909ce7598a,ridge_corrected_41f184a29ff8_6ed147cd_f83baf57
Ridge,5,3,2023-02-28,2023-03-05,10.44,12.391979329704776,1.951979329704777,1.951979329704777,3.8102233035947104,100.0,submitted_main_linear_features_H5_18col,6ed147cd585e5e8083292683f9be3cf585e97e4d46fa0e3224d24a4e2b42cbbb,f83baf5732ffbf88b9a448a3d9ab9fa270f7495fe44d1559c1ac49795a30881a,41f184a29ff88aaf275f3365267b8c909ce7598a,ridge_corrected_41f184a29ff8_6ed147cd_f83baf57
Ridge,5,3,2023-03-01,2023-03-06,15.14,12.278545629376497,-2.8614543706235036,2.8614543706235036,8.187921115160352,100.0,submitted_main_linear_features_H5_18col,6ed147cd585e5e8083292683f9be3cf585e97e4d46fa0e3224d24a4e2b42cbbb,f83baf5732ffbf88b9a448a3d9ab9fa270f7495fe44d1559c1ac49795a30881a,41f184a29ff88aaf275f3365267b8c909ce7598a,ridge_corrected_41f184a29ff8_6ed147cd_f83baf57
Ridge,5,3,2023-03-02,2023-03-07,13.92,12.861351637343146,-1.0586483626568537,1.0586483626568537,1.1207363557560373,100.0,submitted_main_linear_features_H5_18col,6ed147cd585e5e8083292683f9be3cf585e97e4d46fa0e3224d24a4e2b42cbbb,f83baf5732ffbf88b9a448a3d9ab9fa270f7495fe44d1559c1ac49795a30881a,41f184a29ff88aaf275f3365267b8c909ce7598a,ridge_corrected_41f184a29ff8_6ed147cd_f83baf57
Ridge,5,3,2023-03-03,2023-03-08,13.87,13.248344818121623,-0.621655181878376,0.621655181878376,0.38645516515623674,100.0,submitted_main_linear_features_H5_18col,6ed147cd585e5e8083292683f9be3cf585e97e4d46fa0e3224d24a4e2b42cbbb,f83baf5732ffbf88b9a448a3d9ab9fa270f7495fe44d1559c1ac49795a30881a,41f184a29ff88aaf275f3365267b8c909ce7598a,ridge_corrected_41f184a29ff8_6ed147cd_f83baf57
Ridge,5,3,2023-03-04,2023-03-09,12.83,13.980627976632324,1.1506279766323235,1.1506279766323235,1.3239447406089948,100.0,submitted_main_linear_features_H5_18col,6ed147cd585e5e8083292683f9be3cf585e97e4d46fa0e3224d24a4e2b42cbbb,f83baf5732ffbf88b9a448a3d9ab9fa270f7495fe44d1559c1ac49795a30881a,41f184a29ff88aaf275f3365267b8c909ce7598a,ridge_corrected_41f184a29ff8_6ed147cd_f83baf57
Ridge,5,3,2023-03-05,2023-03-10,15.48,13.838251137693847,-1.6417488623061534,1.6417488623061534,2.695339326883549,100.0,submitted_main_linear_features_H5_18col,6ed147cd585e5e8083292683f9be3cf585e97e4d46fa0e3224d24a4e2b42cbbb,f83baf5732ffbf88b9a448a3d9ab9fa270f7495fe44d1559c1ac49795a30881a,41f184a29ff88aaf275f3365267b8c909ce7598a,ridge_corrected_41f184a29ff8_6ed147cd_f83baf57
Ridge,5,3,2023-03-06,2023-03-11,12.28,13.232661974555462,0.952661974555463,0.952661974555463,0.9075648377639136,100.0,submitted_main_linear_features_H5_18col,6ed147cd585e5e8083292683f9be3cf585e97e4d46fa0e3224d24a4e2b42cbbb,f83baf5732ffbf88b9a448a3d9ab9fa270f7495fe44d1559c1ac49795a30881a,41f184a29ff88aaf275f3365267b8c909ce7598a,ridge_corrected_41f184a29ff8_6ed147cd_f83baf57
Ridge,5,3,2023-03-07,2023-03-12,9.8,13.928232878445309,4.128232878445308,4.128232878445308,17.042306698676835,100.0,submitted_main_linear_features_H5_18col,6ed147cd585e5e8083292683f9be3cf585e97e4d46fa0e3224d24a4e2b42cbbb,f83baf5732ffbf88b9a448a3d9ab9fa270f7495fe44d1559c1ac49795a30881a,41f184a29ff88aaf275f3365267b8c909ce7598a,ridge_corrected_41f184a29ff8_6ed147cd_f83baf57
Ridge,5,3,2023-03-08,2023-03-13,9.82,13.400047823189615,3.5800478231896147,3.5800478231896147,12.816742416324699,100.0,submitted_main_linear_features_H5_18col,6ed147cd585e5e8083292683f9be3cf585e97e4d46fa0e3224d24a4e2b42cbbb,f83baf5732ffbf88b9a448a3d9ab9fa270f7495fe44d1559c1ac49795a30881a,41f184a29ff88aaf275f3365267b8c909ce7598a,ridge_corrected_41f184a29ff8_6ed147cd_f83baf57
Ridge,5,3,2023-03-09,2023-03-14,11.41,13.349790338376147,1.939790338376147,1.939790338376147,3.762786556857447,100.0,submitted_main_linear_features_H5_18col,6ed147cd585e5e8083292683f9be3cf585e97e4d46fa0e3224d24a4e2b42cbbb,f83baf5732ffbf88b9a448a3d9ab9fa270f7495fe44d1559c1ac49795a30881a,41f184a29ff88aaf275f3365267b8c909ce7598a,ridge_corrected_41f184a29ff8_6ed147cd_f83baf57
Ridge,5,3,2023-03-10,2023-03-15,14.0,13.004853355519746,-0.9951466444802541,0.9951466444802541,0.9903168440203093,100.0,submitted_main_linear_features_H5_18col,6ed147cd585e5e8083292683f9be3cf585e97e4d46fa0e3224d24a4e2b42cbbb,f83baf5732ffbf88b9a448a3d9ab9fa270f7495fe44d1559c1ac49795a30881a,41f184a29ff88aaf275f3365267b8c909ce7598a,ridge_corrected_41f184a29ff8_6ed147cd_f83baf57
Ridge,5,3,2023-03-11,2023-03-16,13.31,13.354579312965315,0.0445793129653147,0.0445793129653147,0.001987315144459475,100.0,submitted_main_linear_features_H5_18col,6ed147cd585e5e8083292683f9be3cf585e97e4d46fa0e3224d24a4e2b42cbbb,f83baf5732ffbf88b9a448a3d9ab9fa270f7495fe44d1559c1ac49795a30881a,41f184a29ff88aaf275f3365267b8c909ce7598a,ridge_corrected_41f184a29ff8_6ed147cd_f83baf57
Ridge,5,3,2023-03-12,2023-03-17,14.64,12.408703316563086,-2.2312966834369146,2.2312966834369146,4.9786848895165745,100.0,submitted_main_linear_features_H5_18col,6ed147cd585e5e8083292683f9be3cf585e97e4d46fa0e3224d24a4e2b42cbbb,f83baf5732ffbf88b9a448a3d9ab9fa270f7495fe44d1559c1ac49795a30881a,41f184a29ff88aaf275f3365267b8c909ce7598a,ridge_corrected_41f184a29ff8_6ed147cd_f83baf57
Ridge,5,3,2023-03-13,2023-03-18,10.03,12.3150953691334,2.2850953691334013,2.2850953691334013,5.221660846034916,100.0,submitted_main_linear_features_H5_18col,6ed147cd585e5e8083292683f9be3cf585e97e4d46fa0e3224d24a4e2b42cbbb,f83baf5732ffbf88b9a448a3d9ab9fa270f7495fe44d1559c1ac49795a30881a,41f184a29ff88aaf275f3365267b8c909ce7598a,ridge_corrected_41f184a29ff8_6ed147cd_f83baf57
Ridge,5,3,2023-03-14,2023-03-19,10.02,12.145140868854021,2.1251408688540216,2.1251408688540216,4.516223712473626,100.0,submitted_main_linear_features_H5_18col,6ed147cd585e5e8083292683f9be3cf585e97e4d46fa0e3224d24a4e2b42cbbb,f83baf5732ffbf88b9a448a3d9ab9fa270f7495fe44d1559c1ac49795a30881a,41f184a29ff88aaf275f3365267b8c909ce7598a,ridge_corrected_41f184a29ff8_6ed147cd_f83baf57
Ridge,5,3,2023-03-15,2023-03-20,10.02,11.889858014412185,1.869858014412186,1.869858014412186,3.4963689940614824,100.0,submitted_main_linear_features_H5_18col,6ed147cd585e5e8083292683f9be3cf585e97e4d46fa0e3224d24a4e2b42cbbb,f83baf5732ffbf88b9a448a3d9ab9fa270f7495fe44d1559c1ac49795a30881a,41f184a29ff88aaf275f3365267b8c909ce7598a,ridge_corrected_41f184a29ff8_6ed147cd_f83baf57
Ridge,5,3,2023-03-16,2023-03-21,13.57,12.619250851187674,-0.9507491488123261,0.9507491488123261,0.9039239439673625,100.0,submitted_main_linear_features_H5_18col,6ed147cd585e5e8083292683f9be3cf585e97e4d46fa0e3224d24a4e2b42cbbb,f83baf5732ffbf88b9a448a3d9ab9fa270f7495fe44d1559c1ac49795a30881a,41f184a29ff88aaf275f3365267b8c909ce7598a,ridge_corrected_41f184a29ff8_6ed147cd_f83baf57
Ridge,5,3,2023-03-17,2023-03-22,10.15,12.687026481037229,2.5370264810372287,2.5370264810372287,6.4365033654841435,100.0,submitted_main_linear_features_H5_18col,6ed147cd585e5e8083292683f9be3cf585e97e4d46fa0e3224d24a4e2b42cbbb,f83baf5732ffbf88b9a448a3d9ab9fa270f7495fe44d1559c1ac49795a30881a,41f184a29ff88aaf275f3365267b8c909ce7598a,ridge_corrected_41f184a29ff8_6ed147cd_f83baf57
Ridge,5,3,2023-03-18,2023-03-23,15.5,12.863049387316588,-2.636950612683412,2.636950612683412,6.953508533731423,100.0,submitted_main_linear_features_H5_18col,6ed147cd585e5e8083292683f9be3cf585e97e4d46fa0e3224d24a4e2b42cbbb,f83baf5732ffbf88b9a448a3d9ab9fa270f7495fe44d1559c1ac49795a30881a,41f184a29ff88aaf275f3365267b8c909ce7598a,ridge_corrected_41f184a29ff8_6ed147cd_f83baf57
Ridge,5,3,2023-03-19,2023-03-24,7.22,12.110571488561778,4.890571488561778,4.890571488561778,23.917689484733366,100.0,submitted_main_linear_features_H5_18col,6ed147cd585e5e8083292683f9be3cf585e97e4d46fa0e3224d24a4e2b42cbbb,f83baf5732ffbf88b9a448a3d9ab9fa270f7495fe44d1559c1ac49795a30881a,41f184a29ff88aaf275f3365267b8c909ce7598a,ridge_corrected_41f184a29ff8_6ed147cd_f83baf57
Ridge,5,3,2023-03-20,2023-03-25,9.46,11.81346738013224,2.3534673801322388,2.3534673801322388,5.538808709346504,100.0,submitted_main_linear_features_H5_18col,6ed147cd585e5e8083292683f9be3cf585e97e4d46fa0e3224d24a4e2b42cbbb,f83baf5732ffbf88b9a448a3d9ab9fa270f7495fe44d1559c1ac49795a30881a,41f184a29ff88aaf275f3365267b8c909ce7598a,ridge_corrected_41f184a29ff8_6ed147cd_f83baf57
Ridge,5,3,2023-03-21,2023-03-26,9.17,11.898085139205532,2.7280851392055325,2.7280851392055325,7.442448526754069,100.0,submitted_main_linear_features_H5_18col,6ed147cd585e5e8083292683f9be3cf585e97e4d46fa0e3224d24a4e2b42cbbb,f83baf5732ffbf88b9a448a3d9ab9fa270f7495fe44d1559c1ac49795a30881a,41f184a29ff88aaf275f3365267b8c909ce7598a,ridge_corrected_41f184a29ff8_6ed147cd_f83baf57
Ridge,5,3,2023-03-22,2023-03-27,9.34,12.229854268130254,2.8898542681302537,2.8898542681302537,8.351257691030645,100.0,submitted_main_linear_features_H5_18col,6ed147cd585e5e8083292683f9be3cf585e97e4d46fa0e3224d24a4e2b42cbbb,f83baf5732ffbf88b9a448a3d9ab9fa270f7495fe44d1559c1ac49795a30881a,41f184a29ff88aaf275f3365267b8c909ce7598a,ridge_corrected_41f184a29ff8_6ed147cd_f83baf57
Ridge,5,3,2023-03-23,2023-03-28,8.57,11.377787840536142,2.8077878405361414,2.8077878405361414,7.883672557462608,100.0,submitted_main_linear_features_H5_18col,6ed147cd585e5e8083292683f9be3cf585e97e4d46fa0e3224d24a4e2b42cbbb,f83baf5732ffbf88b9a448a3d9ab9fa270f7495fe44d1559c1ac49795a30881a,41f184a29ff88aaf275f3365267b8c909ce7598a,ridge_corrected_41f184a29ff8_6ed147cd_f83baf57
Ridge,5,3,2023-03-24,2023-03-29,10.73,12.959999836667759,2.2299998366677585,2.2299998366677585,4.972899271538229,100.0,submitted_main_linear_features_H5_18col,6ed147cd585e5e8083292683f9be3cf585e97e4d46fa0e3224d24a4e2b42cbbb,f83baf5732ffbf88b9a448a3d9ab9fa270f7495fe44d1559c1ac49795a30881a,41f184a29ff88aaf275f3365267b8c909ce7598a,ridge_corrected_41f184a29ff8_6ed147cd_f83baf57
Ridge,5,3,2023-03-25,2023-03-30,14.89,11.480025324231013,-3.4099746757689875,3.4099746757689875,11.627927289385811,100.0,submitted_main_linear_features_H5_18col,6ed147cd585e5e8083292683f9be3cf585e97e4d46fa0e3224d24a4e2b42cbbb,f83baf5732ffbf88b9a448a3d9ab9fa270f7495fe44d1559c1ac49795a30881a,41f184a29ff88aaf275f3365267b8c909ce7598a,ridge_corrected_41f184a29ff8_6ed147cd_f83baf57
Ridge,5,3,2023-03-26,2023-03-31,11.27,11.662403547667095,0.3924035476670955,0.3924035476670955,0.1539805442217225,100.0,submitted_main_linear_features_H5_18col,6ed147cd585e5e8083292683f9be3cf585e97e4d46fa0e3224d24a4e2b42cbbb,f83baf5732ffbf88b9a448a3d9ab9fa270f7495fe44d1559c1ac49795a30881a,41f184a29ff88aaf275f3365267b8c909ce7598a,ridge_corrected_41f184a29ff8_6ed147cd_f83baf57
Ridge,5,3,2023-03-27,2023-04-01,11.94,11.815714447558484,-0.12428555244151518,0.12428555244151518,0.01544689854569262,100.0,submitted_main_linear_features_H5_18col,6ed147cd585e5e8083292683f9be3cf585e97e4d46fa0e3224d24a4e2b42cbbb,f83baf5732ffbf88b9a448a3d9ab9fa270f7495fe44d1559c1ac49795a30881a,41f184a29ff88aaf275f3365267b8c909ce7598a,ridge_corrected_41f184a29ff8_6ed147cd_f83baf57
Ridge,5,3,2023-03-28,2023-04-02,10.82,11.76625531749638,0.9462553174963801,0.9462553174963801,0.8953991258901752,100.0,submitted_main_linear_features_H5_18col,6ed147cd585e5e8083292683f9be3cf585e97e4d46fa0e3224d24a4e2b42cbbb,f83baf5732ffbf88b9a448a3d9ab9fa270f7495fe44d1559c1ac49795a30881a,41f184a29ff88aaf275f3365267b8c909ce7598a,ridge_corrected_41f184a29ff8_6ed147cd_f83baf57
Ridge,5,3,2023-03-29,2023-04-03,12.71,11.49989942822445,-1.2101005717755502,1.2101005717755502,1.4643433938115136,100.0,submitted_main_linear_features_H5_18col,6ed147cd585e5e8083292683f9be3cf585e97e4d46fa0e3224d24a4e2b42cbbb,f83baf5732ffbf88b9a448a3d9ab9fa270f7495fe44d1559c1ac49795a30881a,41f184a29ff88aaf275f3365267b8c909ce7598a,ridge_corrected_41f184a29ff8_6ed147cd_f83baf57
Ridge,5,3,2023-03-30,2023-04-04,15.49,11.90698314997049,-3.5830168500295105,3.5830168500295105,12.838009747595397,100.0,submitted_main_linear_features_H5_18col,6ed147cd585e5e8083292683f9be3cf585e97e4d46fa0e3224d24a4e2b42cbbb,f83baf5732ffbf88b9a448a3d9ab9fa270f7495fe44d1559c1ac49795a30881a,41f184a29ff88aaf275f3365267b8c909ce7598a,ridge_corrected_41f184a29ff8_6ed147cd_f83baf57
Ridge,5,3,2023-03-31,2023-04-05,10.44,12.699600193986102,2.2596001939861026,2.2596001939861026,5.105793036662033,100.0,submitted_main_linear_features_H5_18col,6ed147cd585e5e8083292683f9be3cf585e97e4d46fa0e3224d24a4e2b42cbbb,f83baf5732ffbf88b9a448a3d9ab9fa270f7495fe44d1559c1ac49795a30881a,41f184a29ff88aaf275f3365267b8c909ce7598a,ridge_corrected_41f184a29ff8_6ed147cd_f83baf57
Ridge,5,3,2023-04-01,2023-04-06,10.42,11.84826966494692,1.4282696649469209,1.4282696649469209,2.0399542358075897,100.0,submitted_main_linear_features_H5_18col,6ed147cd585e5e8083292683f9be3cf585e97e4d46fa0e3224d24a4e2b42cbbb,f83baf5732ffbf88b9a448a3d9ab9fa270f7495fe44d1559c1ac49795a30881a,41f184a29ff88aaf275f3365267b8c909ce7598a,ridge_corrected_41f184a29ff8_6ed147cd_f83baf57
Ridge,5,3,2023-04-02,2023-04-07,13.7,11.818671345128942,-1.8813286548710568,1.8813286548710568,3.53939750763894,100.0,submitted_main_linear_features_H5_18col,6ed147cd585e5e8083292683f9be3cf585e97e4d46fa0e3224d24a4e2b42cbbb,f83baf5732ffbf88b9a448a3d9ab9fa270f7495fe44d1559c1ac49795a30881a,41f184a29ff88aaf275f3365267b8c909ce7598a,ridge_corrected_41f184a29ff8_6ed147cd_f83baf57
Ridge,5,3,2023-04-03,2023-04-08,15.04,11.615593748866644,-3.4244062511333553,3.4244062511333553,11.7265581728012,100.0,submitted_main_linear_features_H5_18col,6ed147cd585e5e8083292683f9be3cf585e97e4d46fa0e3224d24a4e2b42cbbb,f83baf5732ffbf88b9a448a3d9ab9fa270f7495fe44d1559c1ac49795a30881a,41f184a29ff88aaf275f3365267b8c909ce7598a,ridge_corrected_41f184a29ff8_6ed147cd_f83baf57
Ridge,5,3,2023-04-04,2023-04-09,14.68,12.179554645717865,-2.500445354282135,2.500445354282135,6.252226969751113,100.0,submitted_main_linear_features_H5_18col,6ed147cd585e5e8083292683f9be3cf585e97e4d46fa0e3224d24a4e2b42cbbb,f83baf5732ffbf88b9a448a3d9ab9fa270f7495fe44d1559c1ac49795a30881a,41f184a29ff88aaf275f3365267b8c909ce7598a,ridge_corrected_41f184a29ff8_6ed147cd_f83baf57
Ridge,5,3,2023-04-05,2023-04-10,13.15,11.98632587325129,-1.1636741267487096,1.1636741267487096,1.3541374732643718,100.0,submitted_main_linear_features_H5_18col,6ed147cd585e5e8083292683f9be3cf585e97e4d46fa0e3224d24a4e2b42cbbb,f83baf5732ffbf88b9a448a3d9ab9fa270f7495fe44d1559c1ac49795a30881a,41f184a29ff88aaf275f3365267b8c909ce7598a,ridge_corrected_41f184a29ff8_6ed147cd_f83baf57
Ridge,5,3,2023-04-06,2023-04-11,16.98,11.293582320705987,-5.6864176792940135,5.6864176792940135,32.335346023387515,100.0,submitted_main_linear_features_H5_18col,6ed147cd585e5e8083292683f9be3cf585e97e4d46fa0e3224d24a4e2b42cbbb,f83baf5732ffbf88b9a448a3d9ab9fa270f7495fe44d1559c1ac49795a30881a,41f184a29ff88aaf275f3365267b8c909ce7598a,ridge_corrected_41f184a29ff8_6ed147cd_f83baf57
Ridge,5,3,2023-04-07,2023-04-12,14.24,11.32541722344658,-2.91458277655342,2.91458277655342,8.494792761381843,100.0,submitted_main_linear_features_H5_18col,6ed147cd585e5e8083292683f9be3cf585e97e4d46fa0e3224d24a4e2b42cbbb,f83baf5732ffbf88b9a448a3d9ab9fa270f7495fe44d1559c1ac49795a30881a,41f184a29ff88aaf275f3365267b8c909ce7598a,ridge_corrected_41f184a29ff8_6ed147cd_f83baf57
Ridge,5,3,2023-04-08,2023-04-13,12.52,12.622274880566193,0.10227488056619372,0.10227488056619372,0.010460151194829188,100.0,submitted_main_linear_features_H5_18col,6ed147cd585e5e8083292683f9be3cf585e97e4d46fa0e3224d24a4e2b42cbbb,f83baf5732ffbf88b9a448a3d9ab9fa270f7495fe44d1559c1ac49795a30881a,41f184a29ff88aaf275f3365267b8c909ce7598a,ridge_corrected_41f184a29ff8_6ed147cd_f83baf57
Ridge,5,3,2023-04-09,2023-04-14,14.83,12.995548370778955,-1.8344516292210447,1.8344516292210447,3.365212779951745,100.0,submitted_main_linear_features_H5_18col,6ed147cd585e5e8083292683f9be3cf585e97e4d46fa0e3224d24a4e2b42cbbb,f83baf5732ffbf88b9a448a3d9ab9fa270f7495fe44d1559c1ac49795a30881a,41f184a29ff88aaf275f3365267b8c909ce7598a,ridge_corrected_41f184a29ff8_6ed147cd_f83baf57
Ridge,5,3,2023-04-10,2023-04-15,9.9,12.987610519256894,3.0876105192568932,3.0876105192568932,9.533338718625822,100.0,submitted_main_linear_features_H5_18col,6ed147cd585e5e8083292683f9be3cf585e97e4d46fa0e3224d24a4e2b42cbbb,f83baf5732ffbf88b9a448a3d9ab9fa270f7495fe44d1559c1ac49795a30881a,41f184a29ff88aaf275f3365267b8c909ce7598a,ridge_corrected_41f184a29ff8_6ed147cd_f83baf57
Ridge,5,3,2023-04-11,2023-04-16,10.09,12.553445525090615,2.4634455250906147,2.4634455250906147,6.068563855088974,100.0,submitted_main_linear_features_H5_18col,6ed147cd585e5e8083292683f9be3cf585e97e4d46fa0e3224d24a4e2b42cbbb,f83baf5732ffbf88b9a448a3d9ab9fa270f7495fe44d1559c1ac49795a30881a,41f184a29ff88aaf275f3365267b8c909ce7598a,ridge_corrected_41f184a29ff8_6ed147cd_f83baf57
Ridge,5,3,2023-04-12,2023-04-17,9.66,12.81781075326258,3.157810753262579,3.157810753262579,9.971768753420777,100.0,submitted_main_linear_features_H5_18col,6ed147cd585e5e8083292683f9be3cf585e97e4d46fa0e3224d24a4e2b42cbbb,f83baf5732ffbf88b9a448a3d9ab9fa270f7495fe44d1559c1ac49795a30881a,41f184a29ff88aaf275f3365267b8c909ce7598a,ridge_corrected_41f184a29ff8_6ed147cd_f83baf57
Ridge,5,3,2023-04-13,2023-04-18,9.47,12.45531231377081,2.985312313770809,2.985312313770809,8.91208961075162,100.0,submitted_main_linear_features_H5_18col,6ed147cd585e5e8083292683f9be3cf585e97e4d46fa0e3224d24a4e2b42cbbb,f83baf5732ffbf88b9a448a3d9ab9fa270f7495fe44d1559c1ac49795a30881a,41f184a29ff88aaf275f3365267b8c909ce7598a,ridge_corrected_41f184a29ff8_6ed147cd_f83baf57
Ridge,5,3,2023-04-14,2023-04-19,16.0,12.269613538375909,-3.730386461624091,3.730386461624091,13.915783153068308,100.0,submitted_main_linear_features_H5_18col,6ed147cd585e5e8083292683f9be3cf585e97e4d46fa0e3224d24a4e2b42cbbb,f83baf5732ffbf88b9a448a3d9ab9fa270f7495fe44d1559c1ac49795a30881a,41f184a29ff88aaf275f3365267b8c909ce7598a,ridge_corrected_41f184a29ff8_6ed147cd_f83baf57
Ridge,5,3,2023-04-15,2023-04-20,14.68,12.459937071798647,-2.2200629282013526,2.2200629282013526,4.928679405173964,100.0,submitted_main_linear_features_H5_18col,6ed147cd585e5e8083292683f9be3cf585e97e4d46fa0e3224d24a4e2b42cbbb,f83baf5732ffbf88b9a448a3d9ab9fa270f7495fe44d1559c1ac49795a30881a,41f184a29ff88aaf275f3365267b8c909ce7598a,ridge_corrected_41f184a29ff8_6ed147cd_f83baf57
Ridge,5,3,2023-04-16,2023-04-21,12.62,11.607577194432304,-1.0124228055676951,1.0124228055676951,1.024999937233563,100.0,submitted_main_linear_features_H5_18col,6ed147cd585e5e8083292683f9be3cf585e97e4d46fa0e3224d24a4e2b42cbbb,f83baf5732ffbf88b9a448a3d9ab9fa270f7495fe44d1559c1ac49795a30881a,41f184a29ff88aaf275f3365267b8c909ce7598a,ridge_corrected_41f184a29ff8_6ed147cd_f83baf57
Ridge,5,3,2023-04-17,2023-04-22,11.22,11.323233856067036,0.10323385606703539,0.10323385606703539,0.01065722903846938,100.0,submitted_main_linear_features_H5_18col,6ed147cd585e5e8083292683f9be3cf585e97e4d46fa0e3224d24a4e2b42cbbb,f83baf5732ffbf88b9a448a3d9ab9fa270f7495fe44d1559c1ac49795a30881a,41f184a29ff88aaf275f3365267b8c909ce7598a,ridge_corrected_41f184a29ff8_6ed147cd_f83baf57
Ridge,5,3,2023-04-18,2023-04-23,11.23,11.227134753143812,-0.002865246856188719,0.002865246856188719,8.209639546899338e-06,100.0,submitted_main_linear_features_H5_18col,6ed147cd585e5e8083292683f9be3cf585e97e4d46fa0e3224d24a4e2b42cbbb,f83baf5732ffbf88b9a448a3d9ab9fa270f7495fe44d1559c1ac49795a30881a,41f184a29ff88aaf275f3365267b8c909ce7598a,ridge_corrected_41f184a29ff8_6ed147cd_f83baf57
Ridge,5,3,2023-04-19,2023-04-24,13.46,11.263362075559439,-2.1966379244405623,2.1966379244405623,4.825218171090541,100.0,submitted_main_linear_features_H5_18col,6ed147cd585e5e8083292683f9be3cf585e97e4d46fa0e3224d24a4e2b42cbbb,f83baf5732ffbf88b9a448a3d9ab9fa270f7495fe44d1559c1ac49795a30881a,41f184a29ff88aaf275f3365267b8c909ce7598a,ridge_corrected_41f184a29ff8_6ed147cd_f83baf57
Ridge,5,3,2023-04-20,2023-04-25,13.39,12.409995411186623,-0.9800045888133777,0.9800045888133777,0.9604089940952775,100.0,submitted_main_linear_features_H5_18col,6ed147cd585e5e8083292683f9be3cf585e97e4d46fa0e3224d24a4e2b42cbbb,f83baf5732ffbf88b9a448a3d9ab9fa270f7495fe44d1559c1ac49795a30881a,41f184a29ff88aaf275f3365267b8c909ce7598a,ridge_corrected_41f184a29ff8_6ed147cd_f83baf57
Ridge,5,3,2023-04-21,2023-04-26,9.76,12.298860711771963,2.5388607117719637,2.5388607117719637,6.445813713779242,100.0,submitted_main_linear_features_H5_18col,6ed147cd585e5e8083292683f9be3cf585e97e4d46fa0e3224d24a4e2b42cbbb,f83baf5732ffbf88b9a448a3d9ab9fa270f7495fe44d1559c1ac49795a30881a,41f184a29ff88aaf275f3365267b8c909ce7598a,ridge_corrected_41f184a29ff8_6ed147cd_f83baf57
Ridge,5,3,2023-04-22,2023-04-27,14.44,12.158252002601078,-2.281747997398922,2.281747997398922,5.206373923633991,100.0,submitted_main_linear_features_H5_18col,6ed147cd585e5e8083292683f9be3cf585e97e4d46fa0e3224d24a4e2b42cbbb,f83baf5732ffbf88b9a448a3d9ab9fa270f7495fe44d1559c1ac49795a30881a,41f184a29ff88aaf275f3365267b8c909ce7598a,ridge_corrected_41f184a29ff8_6ed147cd_f83baf57
Ridge,5,3,2023-04-23,2023-04-28,13.68,12.084518821411992,-1.5954811785880079,1.5954811785880079,2.545560191228579,100.0,submitted_main_linear_features_H5_18col,6ed147cd585e5e8083292683f9be3cf585e97e4d46fa0e3224d24a4e2b42cbbb,f83baf5732ffbf88b9a448a3d9ab9fa270f7495fe44d1559c1ac49795a30881a,41f184a29ff88aaf275f3365267b8c909ce7598a,ridge_corrected_41f184a29ff8_6ed147cd_f83baf57
Ridge,5,3,2023-04-24,2023-04-29,11.83,12.141173742791072,0.31117374279107146,0.31117374279107146,0.0968290982026039,100.0,submitted_main_linear_features_H5_18col,6ed147cd585e5e8083292683f9be3cf585e97e4d46fa0e3224d24a4e2b42cbbb,f83baf5732ffbf88b9a448a3d9ab9fa270f7495fe44d1559c1ac49795a30881a,41f184a29ff88aaf275f3365267b8c909ce7598a,ridge_corrected_41f184a29ff8_6ed147cd_f83baf57
Ridge,5,3,2023-04-25,2023-04-30,12.79,12.5905966046645,-0.19940339533549967,0.19940339533549967,0.03976171407132557,100.0,submitted_main_linear_features_H5_18col,6ed147cd585e5e8083292683f9be3cf585e97e4d46fa0e3224d24a4e2b42cbbb,f83baf5732ffbf88b9a448a3d9ab9fa270f7495fe44d1559c1ac49795a30881a,41f184a29ff88aaf275f3365267b8c909ce7598a,ridge_corrected_41f184a29ff8_6ed147cd_f83baf57
Ridge,5,3,2023-04-26,2023-05-01,12.88,12.53851252607041,-0.34148747392959145,0.34148747392959145,0.1166136948508134,100.0,submitted_main_linear_features_H5_18col,6ed147cd585e5e8083292683f9be3cf585e97e4d46fa0e3224d24a4e2b42cbbb,f83baf5732ffbf88b9a448a3d9ab9fa270f7495fe44d1559c1ac49795a30881a,41f184a29ff88aaf275f3365267b8c909ce7598a,ridge_corrected_41f184a29ff8_6ed147cd_f83baf57
Ridge,5,3,2023-04-27,2023-05-02,10.51,11.92982527099178,1.4198252709917796,1.4198252709917796,2.01590380014688,100.0,submitted_main_linear_features_H5_18col,6ed147cd585e5e8083292683f9be3cf585e97e4d46fa0e3224d24a4e2b42cbbb,f83baf5732ffbf88b9a448a3d9ab9fa270f7495fe44d1559c1ac49795a30881a,41f184a29ff88aaf275f3365267b8c909ce7598a,ridge_corrected_41f184a29ff8_6ed147cd_f83baf57
Ridge,5,3,2023-04-28,2023-05-03,16.52,12.604216063898855,-3.9157839361011444,3.9157839361011444,15.333363834227772,100.0,submitted_main_linear_features_H5_18col,6ed147cd585e5e8083292683f9be3cf585e97e4d46fa0e3224d24a4e2b42cbbb,f83baf5732ffbf88b9a448a3d9ab9fa270f7495fe44d1559c1ac49795a30881a,41f184a29ff88aaf275f3365267b8c909ce7598a,ridge_corrected_41f184a29ff8_6ed147cd_f83baf57
Ridge,5,3,2023-04-29,2023-05-04,14.09,11.991079868713053,-2.098920131286947,2.098920131286947,4.405465717521616,100.0,submitted_main_linear_features_H5_18col,6ed147cd585e5e8083292683f9be3cf585e97e4d46fa0e3224d24a4e2b42cbbb,f83baf5732ffbf88b9a448a3d9ab9fa270f7495fe44d1559c1ac49795a30881a,41f184a29ff88aaf275f3365267b8c909ce7598a,ridge_corrected_41f184a29ff8_6ed147cd_f83baf57
Ridge,5,3,2023-04-30,2023-05-05,13.98,11.84755696204232,-2.13244303795768,2.13244303795768,4.54731331013418,100.0,submitted_main_linear_features_H5_18col,6ed147cd585e5e8083292683f9be3cf585e97e4d46fa0e3224d24a4e2b42cbbb,f83baf5732ffbf88b9a448a3d9ab9fa270f7495fe44d1559c1ac49795a30881a,41f184a29ff88aaf275f3365267b8c909ce7598a,ridge_corrected_41f184a29ff8_6ed147cd_f83baf57
Ridge,5,3,2023-05-01,2023-05-06,13.97,11.995917105577673,-1.9740828944223274,1.9740828944223274,3.897003274050834,100.0,submitted_main_linear_features_H5_18col,6ed147cd585e5e8083292683f9be3cf585e97e4d46fa0e3224d24a4e2b42cbbb,f83baf5732ffbf88b9a448a3d9ab9fa270f7495fe44d1559c1ac49795a30881a,41f184a29ff88aaf275f3365267b8c909ce7598a,ridge_corrected_41f184a29ff8_6ed147cd_f83baf57
Ridge,5,3,2023-05-02,2023-05-07,14.0,12.103085419122797,-1.896914580877203,1.896914580877203,3.5982849271445345,100.0,submitted_main_linear_features_H5_18col,6ed147cd585e5e8083292683f9be3cf585e97e4d46fa0e3224d24a4e2b42cbbb,f83baf5732ffbf88b9a448a3d9ab9fa270f7495fe44d1559c1ac49795a30881a,41f184a29ff88aaf275f3365267b8c909ce7598a,ridge_corrected_41f184a29ff8_6ed147cd_f83baf57
Ridge,5,3,2023-05-03,2023-05-08,13.94,11.801953546025093,-2.1380464539749067,2.1380464539749067,4.571242639354673,100.0,submitted_main_linear_features_H5_18col,6ed147cd585e5e8083292683f9be3cf585e97e4d46fa0e3224d24a4e2b42cbbb,f83baf5732ffbf88b9a448a3d9ab9fa270f7495fe44d1559c1ac49795a30881a,41f184a29ff88aaf275f3365267b8c909ce7598a,ridge_corrected_41f184a29ff8_6ed147cd_f83baf57
Ridge,5,3,2023-05-04,2023-05-09,14.02,12.678606226809668,-1.3413937731903314,1.3413937731903314,1.7993372547537942,100.0,submitted_main_linear_features_H5_18col,6ed147cd585e5e8083292683f9be3cf585e97e4d46fa0e3224d24a4e2b42cbbb,f83baf5732ffbf88b9a448a3d9ab9fa270f7495fe44d1559c1ac49795a30881a,41f184a29ff88aaf275f3365267b8c909ce7598a,ridge_corrected_41f184a29ff8_6ed147cd_f83baf57
Ridge,5,3,2023-05-05,2023-05-10,14.88,11.789530997784082,-3.0904690022159187,3.0904690022159187,9.550998653657457,100.0,submitted_main_linear_features_H5_18col,6ed147cd585e5e8083292683f9be3cf585e97e4d46fa0e3224d24a4e2b42cbbb,f83baf5732ffbf88b9a448a3d9ab9fa270f7495fe44d1559c1ac49795a30881a,41f184a29ff88aaf275f3365267b8c909ce7598a,ridge_corrected_41f184a29ff8_6ed147cd_f83baf57
Ridge,5,3,2023-05-06,2023-05-11,11.52,11.599832398445274,0.07983239844527468,0.07983239844527468,0.0063732118415250946,100.0,submitted_main_linear_features_H5_18col,6ed147cd585e5e8083292683f9be3cf585e97e4d46fa0e3224d24a4e2b42cbbb,f83baf5732ffbf88b9a448a3d9ab9fa270f7495fe44d1559c1ac49795a30881a,41f184a29ff88aaf275f3365267b8c909ce7598a,ridge_corrected_41f184a29ff8_6ed147cd_f83baf57
Ridge,5,3,2023-05-07,2023-05-12,13.0,12.633591545535973,-0.36640845446402714,0.36640845446402714,0.13425515550271705,100.0,submitted_main_linear_features_H5_18col,6ed147cd585e5e8083292683f9be3cf585e97e4d46fa0e3224d24a4e2b42cbbb,f83baf5732ffbf88b9a448a3d9ab9fa270f7495fe44d1559c1ac49795a30881a,41f184a29ff88aaf275f3365267b8c909ce7598a,ridge_corrected_41f184a29ff8_6ed147cd_f83baf57
Ridge,5,3,2023-05-08,2023-05-13,9.37,12.635077731872515,3.265077731872516,3.265077731872516,10.660732595169774,100.0,submitted_main_linear_features_H5_18col,6ed147cd585e5e8083292683f9be3cf585e97e4d46fa0e3224d24a4e2b42cbbb,f83baf5732ffbf88b9a448a3d9ab9fa270f7495fe44d1559c1ac49795a30881a,41f184a29ff88aaf275f3365267b8c909ce7598a,ridge_corrected_41f184a29ff8_6ed147cd_f83baf57
Ridge,5,3,2023-05-09,2023-05-14,12.59,12.345076779547762,-0.2449232204522378,0.2449232204522378,0.059987383916695475,100.0,submitted_main_linear_features_H5_18col,6ed147cd585e5e8083292683f9be3cf585e97e4d46fa0e3224d24a4e2b42cbbb,f83baf5732ffbf88b9a448a3d9ab9fa270f7495fe44d1559c1ac49795a30881a,41f184a29ff88aaf275f3365267b8c909ce7598a,ridge_corrected_41f184a29ff8_6ed147cd_f83baf57
Ridge,5,3,2023-05-10,2023-05-15,12.67,12.347642689505662,-0.322357310494338,0.322357310494338,0.10391423562914305,100.0,submitted_main_linear_features_H5_18col,6ed147cd585e5e8083292683f9be3cf585e97e4d46fa0e3224d24a4e2b42cbbb,f83baf5732ffbf88b9a448a3d9ab9fa270f7495fe44d1559c1ac49795a30881a,41f184a29ff88aaf275f3365267b8c909ce7598a,ridge_corrected_41f184a29ff8_6ed147cd_f83baf57
Ridge,5,3,2023-05-11,2023-05-16,12.94,12.455778247628126,-0.48422175237187304,0.48422175237187304,0.23447070547008753,100.0,submitted_main_linear_features_H5_18col,6ed147cd585e5e8083292683f9be3cf585e97e4d46fa0e3224d24a4e2b42cbbb,f83baf5732ffbf88b9a448a3d9ab9fa270f7495fe44d1559c1ac49795a30881a,41f184a29ff88aaf275f3365267b8c909ce7598a,ridge_corrected_41f184a29ff8_6ed147cd_f83baf57
Ridge,5,3,2023-05-12,2023-05-17,11.93,11.854059532960916,-0.07594046703908397,0.07594046703908397,0.0057669545341141985,100.0,submitted_main_linear_features_H5_18col,6ed147cd585e5e8083292683f9be3cf585e97e4d46fa0e3224d24a4e2b42cbbb,f83baf5732ffbf88b9a448a3d9ab9fa270f7495fe44d1559c1ac49795a30881a,41f184a29ff88aaf275f3365267b8c909ce7598a,ridge_corrected_41f184a29ff8_6ed147cd_f83baf57
Ridge,5,3,2023-05-13,2023-05-18,12.83,12.236769956418701,-0.5932300435812987,0.5932300435812987,0.3519218846074696,100.0,submitted_main_linear_features_H5_18col,6ed147cd585e5e8083292683f9be3cf585e97e4d46fa0e3224d24a4e2b42cbbb,f83baf5732ffbf88b9a448a3d9ab9fa270f7495fe44d1559c1ac49795a30881a,41f184a29ff88aaf275f3365267b8c909ce7598a,ridge_corrected_41f184a29ff8_6ed147cd_f83baf57
Ridge,5,3,2023-05-14,2023-05-19,14.46,11.62785886715539,-2.83214113284461,2.83214113284461,8.021023396350351,100.0,submitted_main_linear_features_H5_18col,6ed147cd585e5e8083292683f9be3cf585e97e4d46fa0e3224d24a4e2b42cbbb,f83baf5732ffbf88b9a448a3d9ab9fa270f7495fe44d1559c1ac49795a30881a,41f184a29ff88aaf275f3365267b8c909ce7598a,ridge_corrected_41f184a29ff8_6ed147cd_f83baf57
Ridge,5,3,2023-05-15,2023-05-20,13.25,11.926779256879193,-1.3232207431208067,1.3232207431208067,1.75091313502518,100.0,submitted_main_linear_features_H5_18col,6ed147cd585e5e8083292683f9be3cf585e97e4d46fa0e3224d24a4e2b42cbbb,f83baf5732ffbf88b9a448a3d9ab9fa270f7495fe44d1559c1ac49795a30881a,41f184a29ff88aaf275f3365267b8c909ce7598a,ridge_corrected_41f184a29ff8_6ed147cd_f83baf57
Ridge,5,3,2023-05-16,2023-05-21,12.85,11.424713431088975,-1.4252865689110248,1.4252865689110248,2.0314418035181614,100.0,submitted_main_linear_features_H5_18col,6ed147cd585e5e8083292683f9be3cf585e97e4d46fa0e3224d24a4e2b42cbbb,f83baf5732ffbf88b9a448a3d9ab9fa270f7495fe44d1559c1ac49795a30881a,41f184a29ff88aaf275f3365267b8c909ce7598a,ridge_corrected_41f184a29ff8_6ed147cd_f83baf57
Ridge,5,3,2023-05-17,2023-05-22,14.51,12.093731848883452,-2.4162681511165474,2.4162681511165474,5.838351778100178,100.0,submitted_main_linear_features_H5_18col,6ed147cd585e5e8083292683f9be3cf585e97e4d46fa0e3224d24a4e2b42cbbb,f83baf5732ffbf88b9a448a3d9ab9fa270f7495fe44d1559c1ac49795a30881a,41f184a29ff88aaf275f3365267b8c909ce7598a,ridge_corrected_41f184a29ff8_6ed147cd_f83baf57
Ridge,5,3,2023-05-18,2023-05-23,10.07,11.79028528995175,1.7202852899517502,1.7202852899517502,2.9593814788243775,100.0,submitted_main_linear_features_H5_18col,6ed147cd585e5e8083292683f9be3cf585e97e4d46fa0e3224d24a4e2b42cbbb,f83baf5732ffbf88b9a448a3d9ab9fa270f7495fe44d1559c1ac49795a30881a,41f184a29ff88aaf275f3365267b8c909ce7598a,ridge_corrected_41f184a29ff8_6ed147cd_f83baf57
Ridge,5,3,2023-05-19,2023-05-24,12.91,11.785248992834994,-1.1247510071650062,1.1247510071650062,1.2650648281186958,100.0,submitted_main_linear_features_H5_18col,6ed147cd585e5e8083292683f9be3cf585e97e4d46fa0e3224d24a4e2b42cbbb,f83baf5732ffbf88b9a448a3d9ab9fa270f7495fe44d1559c1ac49795a30881a,41f184a29ff88aaf275f3365267b8c909ce7598a,ridge_corrected_41f184a29ff8_6ed147cd_f83baf57
Ridge,5,3,2023-05-20,2023-05-25,13.15,12.38396898320357,-0.7660310167964308,0.7660310167964308,0.5868035186941737,100.0,submitted_main_linear_features_H5_18col,6ed147cd585e5e8083292683f9be3cf585e97e4d46fa0e3224d24a4e2b42cbbb,f83baf5732ffbf88b9a448a3d9ab9fa270f7495fe44d1559c1ac49795a30881a,41f184a29ff88aaf275f3365267b8c909ce7598a,ridge_corrected_41f184a29ff8_6ed147cd_f83baf57
Ridge,5,3,2023-05-21,2023-05-26,14.4,12.252312349333115,-2.147687650666885,2.147687650666885,4.6125622448270445,100.0,submitted_main_linear_features_H5_18col,6ed147cd585e5e8083292683f9be3cf585e97e4d46fa0e3224d24a4e2b42cbbb,f83baf5732ffbf88b9a448a3d9ab9fa270f7495fe44d1559c1ac49795a30881a,41f184a29ff88aaf275f3365267b8c909ce7598a,ridge_corrected_41f184a29ff8_6ed147cd_f83baf57
Ridge,5,3,2023-05-22,2023-05-27,13.75,12.1275408389441,-1.6224591610559003,1.6224591610559003,2.6323737292942155,100.0,submitted_main_linear_features_H5_18col,6ed147cd585e5e8083292683f9be3cf585e97e4d46fa0e3224d24a4e2b42cbbb,f83baf5732ffbf88b9a448a3d9ab9fa270f7495fe44d1559c1ac49795a30881a,41f184a29ff88aaf275f3365267b8c909ce7598a,ridge_corrected_41f184a29ff8_6ed147cd_f83baf57
Ridge,5,3,2023-05-23,2023-05-28,12.88,12.025870087045252,-0.8541299129547486,0.8541299129547486,0.7295379082040865,100.0,submitted_main_linear_features_H5_18col,6ed147cd585e5e8083292683f9be3cf585e97e4d46fa0e3224d24a4e2b42cbbb,f83baf5732ffbf88b9a448a3d9ab9fa270f7495fe44d1559c1ac49795a30881a,41f184a29ff88aaf275f3365267b8c909ce7598a,ridge_corrected_41f184a29ff8_6ed147cd_f83baf57
Ridge,5,3,2023-05-24,2023-05-29,12.2,11.412524964612253,-0.7874750353877467,0.7874750353877467,0.6201169313589329,100.0,submitted_main_linear_features_H5_18col,6ed147cd585e5e8083292683f9be3cf585e97e4d46fa0e3224d24a4e2b42cbbb,f83baf5732ffbf88b9a448a3d9ab9fa270f7495fe44d1559c1ac49795a30881a,41f184a29ff88aaf275f3365267b8c909ce7598a,ridge_corrected_41f184a29ff8_6ed147cd_f83baf57
Ridge,5,3,2023-05-25,2023-05-30,12.42,11.742140539560449,-0.6778594604395511,0.6778594604395511,0.4594934481073994,100.0,submitted_main_linear_features_H5_18col,6ed147cd585e5e8083292683f9be3cf585e97e4d46fa0e3224d24a4e2b42cbbb,f83baf5732ffbf88b9a448a3d9ab9fa270f7495fe44d1559c1ac49795a30881a,41f184a29ff88aaf275f3365267b8c909ce7598a,ridge_corrected_41f184a29ff8_6ed147cd_f83baf57
Ridge,5,3,2023-05-26,2023-05-31,7.99,11.807559521578117,3.817559521578117,3.817559521578117,14.573760700791741,100.0,submitted_main_linear_features_H5_18col,6ed147cd585e5e8083292683f9be3cf585e97e4d46fa0e3224d24a4e2b42cbbb,f83baf5732ffbf88b9a448a3d9ab9fa270f7495fe44d1559c1ac49795a30881a,41f184a29ff88aaf275f3365267b8c909ce7598a,ridge_corrected_41f184a29ff8_6ed147cd_f83baf57
Ridge,5,3,2023-05-27,2023-06-01,10.55,12.051309342512495,1.501309342512494,1.501309342512494,2.2539297419152966,100.0,submitted_main_linear_features_H5_18col,6ed147cd585e5e8083292683f9be3cf585e97e4d46fa0e3224d24a4e2b42cbbb,f83baf5732ffbf88b9a448a3d9ab9fa270f7495fe44d1559c1ac49795a30881a,41f184a29ff88aaf275f3365267b8c909ce7598a,ridge_corrected_41f184a29ff8_6ed147cd_f83baf57
Ridge,5,3,2023-05-28,2023-06-02,9.12,12.154755388239295,3.0347553882392955,3.0347553882392955,9.209740266447437,100.0,submitted_main_linear_features_H5_18col,6ed147cd585e5e8083292683f9be3cf585e97e4d46fa0e3224d24a4e2b42cbbb,f83baf5732ffbf88b9a448a3d9ab9fa270f7495fe44d1559c1ac49795a30881a,41f184a29ff88aaf275f3365267b8c909ce7598a,ridge_corrected_41f184a29ff8_6ed147cd_f83baf57
Ridge,5,3,2023-05-29,2023-06-03,9.19,11.287252279976128,2.0972522799761286,2.0972522799761286,4.39846712586507,100.0,submitted_main_linear_features_H5_18col,6ed147cd585e5e8083292683f9be3cf585e97e4d46fa0e3224d24a4e2b42cbbb,f83baf5732ffbf88b9a448a3d9ab9fa270f7495fe44d1559c1ac49795a30881a,41f184a29ff88aaf275f3365267b8c909ce7598a,ridge_corrected_41f184a29ff8_6ed147cd_f83baf57
Ridge,5,3,2023-05-30,2023-06-04,9.29,12.10009417875973,2.81009417875973,2.81009417875973,7.896629293499322,100.0,submitted_main_linear_features_H5_18col,6ed147cd585e5e8083292683f9be3cf585e97e4d46fa0e3224d24a4e2b42cbbb,f83baf5732ffbf88b9a448a3d9ab9fa270f7495fe44d1559c1ac49795a30881a,41f184a29ff88aaf275f3365267b8c909ce7598a,ridge_corrected_41f184a29ff8_6ed147cd_f83baf57
Ridge,5,3,2023-05-31,2023-06-05,10.0,11.9700840827411,1.9700840827410993,1.9700840827410993,3.8812312930698383,100.0,submitted_main_linear_features_H5_18col,6ed147cd585e5e8083292683f9be3cf585e97e4d46fa0e3224d24a4e2b42cbbb,f83baf5732ffbf88b9a448a3d9ab9fa270f7495fe44d1559c1ac49795a30881a,41f184a29ff88aaf275f3365267b8c909ce7598a,ridge_corrected_41f184a29ff8_6ed147cd_f83baf57
Ridge,5,3,2023-06-01,2023-06-06,13.26,11.015589332432848,-2.244410667567152,2.244410667567152,5.037379244689229,100.0,submitted_main_linear_features_H5_18col,6ed147cd585e5e8083292683f9be3cf585e97e4d46fa0e3224d24a4e2b42cbbb,f83baf5732ffbf88b9a448a3d9ab9fa270f7495fe44d1559c1ac49795a30881a,41f184a29ff88aaf275f3365267b8c909ce7598a,ridge_corrected_41f184a29ff8_6ed147cd_f83baf57
Ridge,5,3,2023-06-02,2023-06-07,12.56,11.171325082213867,-1.3886749177861333,1.3886749177861333,1.928418027288324,100.0,submitted_main_linear_features_H5_18col,6ed147cd585e5e8083292683f9be3cf585e97e4d46fa0e3224d24a4e2b42cbbb,f83baf5732ffbf88b9a448a3d9ab9fa270f7495fe44d1559c1ac49795a30881a,41f184a29ff88aaf275f3365267b8c909ce7598a,ridge_corrected_41f184a29ff8_6ed147cd_f83baf57
Ridge,5,3,2023-06-03,2023-06-08,13.64,11.087570761639718,-2.5524292383602827,2.5524292383602827,6.514895016836452,100.0,submitted_main_linear_features_H5_18col,6ed147cd585e5e8083292683f9be3cf585e97e4d46fa0e3224d24a4e2b42cbbb,f83baf5732ffbf88b9a448a3d9ab9fa270f7495fe44d1559c1ac49795a30881a,41f184a29ff88aaf275f3365267b8c909ce7598a,ridge_corrected_41f184a29ff8_6ed147cd_f83baf57
Ridge,5,3,2023-06-04,2023-06-09,15.85,10.920939014217375,-4.929060985782625,4.929060985782625,24.295642201564384,100.0,submitted_main_linear_features_H5_18col,6ed147cd585e5e8083292683f9be3cf585e97e4d46fa0e3224d24a4e2b42cbbb,f83baf5732ffbf88b9a448a3d9ab9fa270f7495fe44d1559c1ac49795a30881a,41f184a29ff88aaf275f3365267b8c909ce7598a,ridge_corrected_41f184a29ff8_6ed147cd_f83baf57
Ridge,5,3,2023-06-05,2023-06-10,11.12,10.84147897936342,-0.27852102063658,0.27852102063658,0.07757395893644223,100.0,submitted_main_linear_features_H5_18col,6ed147cd585e5e8083292683f9be3cf585e97e4d46fa0e3224d24a4e2b42cbbb,f83baf5732ffbf88b9a448a3d9ab9fa270f7495fe44d1559c1ac49795a30881a,41f184a29ff88aaf275f3365267b8c909ce7598a,ridge_corrected_41f184a29ff8_6ed147cd_f83baf57
Ridge,5,3,2023-06-06,2023-06-11,10.4,10.863052119106934,0.46305211910693345,0.46305211910693345,0.21441726500942168,100.0,submitted_main_linear_features_H5_18col,6ed147cd585e5e8083292683f9be3cf585e97e4d46fa0e3224d24a4e2b42cbbb,f83baf5732ffbf88b9a448a3d9ab9fa270f7495fe44d1559c1ac49795a30881a,41f184a29ff88aaf275f3365267b8c909ce7598a,ridge_corrected_41f184a29ff8_6ed147cd_f83baf57
Ridge,5,3,2023-06-07,2023-06-12,11.4,11.068775933298886,-0.3312240667011146,0.3312240667011146,0.1097093823620244,100.0,submitted_main_linear_features_H5_18col,6ed147cd585e5e8083292683f9be3cf585e97e4d46fa0e3224d24a4e2b42cbbb,f83baf5732ffbf88b9a448a3d9ab9fa270f7495fe44d1559c1ac49795a30881a,41f184a29ff88aaf275f3365267b8c909ce7598a,ridge_corrected_41f184a29ff8_6ed147cd_f83baf57
Ridge,5,3,2023-06-08,2023-06-13,13.16,11.130047346947755,-2.029952653052245,2.029952653052245,4.120707773633848,100.0,submitted_main_linear_features_H5_18col,6ed147cd585e5e8083292683f9be3cf585e97e4d46fa0e3224d24a4e2b42cbbb,f83baf5732ffbf88b9a448a3d9ab9fa270f7495fe44d1559c1ac49795a30881a,41f184a29ff88aaf275f3365267b8c909ce7598a,ridge_corrected_41f184a29ff8_6ed147cd_f83baf57
Ridge,5,3,2023-06-09,2023-06-14,16.86,11.43310816128195,-5.426891838718049,5.426891838718049,29.45115502914457,100.0,submitted_main_linear_features_H5_18col,6ed147cd585e5e8083292683f9be3cf585e97e4d46fa0e3224d24a4e2b42cbbb,f83baf5732ffbf88b9a448a3d9ab9fa270f7495fe44d1559c1ac49795a30881a,41f184a29ff88aaf275f3365267b8c909ce7598a,ridge_corrected_41f184a29ff8_6ed147cd_f83baf57
Ridge,5,3,2023-06-10,2023-06-15,10.78,11.915794041799709,1.1357940417997092,1.1357940417997092,1.2900281053877196,100.0,submitted_main_linear_features_H5_18col,6ed147cd585e5e8083292683f9be3cf585e97e4d46fa0e3224d24a4e2b42cbbb,f83baf5732ffbf88b9a448a3d9ab9fa270f7495fe44d1559c1ac49795a30881a,41f184a29ff88aaf275f3365267b8c909ce7598a,ridge_corrected_41f184a29ff8_6ed147cd_f83baf57
Ridge,5,3,2023-06-11,2023-06-16,14.09,11.312597162909828,-2.7774028370901718,2.7774028370901718,7.713966519476536,100.0,submitted_main_linear_features_H5_18col,6ed147cd585e5e8083292683f9be3cf585e97e4d46fa0e3224d24a4e2b42cbbb,f83baf5732ffbf88b9a448a3d9ab9fa270f7495fe44d1559c1ac49795a30881a,41f184a29ff88aaf275f3365267b8c909ce7598a,ridge_corrected_41f184a29ff8_6ed147cd_f83baf57
Ridge,5,3,2023-06-12,2023-06-17,11.4,10.952641950907495,-0.44735804909250554,0.44735804909250554,0.2001292240878526,100.0,submitted_main_linear_features_H5_18col,6ed147cd585e5e8083292683f9be3cf585e97e4d46fa0e3224d24a4e2b42cbbb,f83baf5732ffbf88b9a448a3d9ab9fa270f7495fe44d1559c1ac49795a30881a,41f184a29ff88aaf275f3365267b8c909ce7598a,ridge_corrected_41f184a29ff8_6ed147cd_f83baf57
Ridge,5,3,2023-06-13,2023-06-18,10.92,11.09744528514635,0.17744528514634972,0.17744528514634972,0.03148682922066936,100.0,submitted_main_linear_features_H5_18col,6ed147cd585e5e8083292683f9be3cf585e97e4d46fa0e3224d24a4e2b42cbbb,f83baf5732ffbf88b9a448a3d9ab9fa270f7495fe44d1559c1ac49795a30881a,41f184a29ff88aaf275f3365267b8c909ce7598a,ridge_corrected_41f184a29ff8_6ed147cd_f83baf57
Ridge,5,3,2023-06-14,2023-06-19,14.32,11.534493443080894,-2.785506556919106,2.785506556919106,7.759046778639334,100.0,submitted_main_linear_features_H5_18col,6ed147cd585e5e8083292683f9be3cf585e97e4d46fa0e3224d24a4e2b42cbbb,f83baf5732ffbf88b9a448a3d9ab9fa270f7495fe44d1559c1ac49795a30881a,41f184a29ff88aaf275f3365267b8c909ce7598a,ridge_corrected_41f184a29ff8_6ed147cd_f83baf57
Ridge,5,3,2023-06-15,2023-06-20,13.18,12.269289108841415,-0.9107108911585851,0.9107108911585851,0.8293943272748642,100.0,submitted_main_linear_features_H5_18col,6ed147cd585e5e8083292683f9be3cf585e97e4d46fa0e3224d24a4e2b42cbbb,f83baf5732ffbf88b9a448a3d9ab9fa270f7495fe44d1559c1ac49795a30881a,41f184a29ff88aaf275f3365267b8c909ce7598a,ridge_corrected_41f184a29ff8_6ed147cd_f83baf57
Ridge,5,3,2023-06-16,2023-06-21,17.48,11.07333698389674,-6.406663016103261,6.406663016103261,41.04533100190533,100.0,submitted_main_linear_features_H5_18col,6ed147cd585e5e8083292683f9be3cf585e97e4d46fa0e3224d24a4e2b42cbbb,f83baf5732ffbf88b9a448a3d9ab9fa270f7495fe44d1559c1ac49795a30881a,41f184a29ff88aaf275f3365267b8c909ce7598a,ridge_corrected_41f184a29ff8_6ed147cd_f83baf57
Ridge,5,3,2023-06-17,2023-06-22,11.56,11.696737142771156,0.136737142771155,0.136737142771155,0.01869704621321923,100.0,submitted_main_linear_features_H5_18col,6ed147cd585e5e8083292683f9be3cf585e97e4d46fa0e3224d24a4e2b42cbbb,f83baf5732ffbf88b9a448a3d9ab9fa270f7495fe44d1559c1ac49795a30881a,41f184a29ff88aaf275f3365267b8c909ce7598a,ridge_corrected_41f184a29ff8_6ed147cd_f83baf57
Ridge,5,3,2023-06-18,2023-06-23,16.33,11.333765762425765,-4.9962342375742335,4.9962342375742335,24.962356556708983,100.0,submitted_main_linear_features_H5_18col,6ed147cd585e5e8083292683f9be3cf585e97e4d46fa0e3224d24a4e2b42cbbb,f83baf5732ffbf88b9a448a3d9ab9fa270f7495fe44d1559c1ac49795a30881a,41f184a29ff88aaf275f3365267b8c909ce7598a,ridge_corrected_41f184a29ff8_6ed147cd_f83baf57
Ridge,5,3,2023-06-19,2023-06-24,11.51,11.54224657863031,0.03224657863031055,0.03224657863031055,0.001039841833360801,100.0,submitted_main_linear_features_H5_18col,6ed147cd585e5e8083292683f9be3cf585e97e4d46fa0e3224d24a4e2b42cbbb,f83baf5732ffbf88b9a448a3d9ab9fa270f7495fe44d1559c1ac49795a30881a,41f184a29ff88aaf275f3365267b8c909ce7598a,ridge_corrected_41f184a29ff8_6ed147cd_f83baf57
Ridge,5,3,2023-06-20,2023-06-25,12.68,12.097181561636962,-0.5828184383630379,0.5828184383630379,0.33967733209593026,100.0,submitted_main_linear_features_H5_18col,6ed147cd585e5e8083292683f9be3cf585e97e4d46fa0e3224d24a4e2b42cbbb,f83baf5732ffbf88b9a448a3d9ab9fa270f7495fe44d1559c1ac49795a30881a,41f184a29ff88aaf275f3365267b8c909ce7598a,ridge_corrected_41f184a29ff8_6ed147cd_f83baf57
Ridge,5,3,2023-06-21,2023-06-26,12.26,11.997666408784488,-0.26233359121551203,0.26233359121551203,0.06881891308002737,100.0,submitted_main_linear_features_H5_18col,6ed147cd585e5e8083292683f9be3cf585e97e4d46fa0e3224d24a4e2b42cbbb,f83baf5732ffbf88b9a448a3d9ab9fa270f7495fe44d1559c1ac49795a30881a,41f184a29ff88aaf275f3365267b8c909ce7598a,ridge_corrected_41f184a29ff8_6ed147cd_f83baf57
Ridge,5,3,2023-06-22,2023-06-27,11.74,12.700778845165368,0.9607788451653683,0.9607788451653683,0.9230959893172986,100.0,submitted_main_linear_features_H5_18col,6ed147cd585e5e8083292683f9be3cf585e97e4d46fa0e3224d24a4e2b42cbbb,f83baf5732ffbf88b9a448a3d9ab9fa270f7495fe44d1559c1ac49795a30881a,41f184a29ff88aaf275f3365267b8c909ce7598a,ridge_corrected_41f184a29ff8_6ed147cd_f83baf57
Ridge,5,3,2023-06-23,2023-06-28,8.82,11.908725030420038,3.088725030420038,3.088725030420038,9.540222313543266,100.0,submitted_main_linear_features_H5_18col,6ed147cd585e5e8083292683f9be3cf585e97e4d46fa0e3224d24a4e2b42cbbb,f83baf5732ffbf88b9a448a3d9ab9fa270f7495fe44d1559c1ac49795a30881a,41f184a29ff88aaf275f3365267b8c909ce7598a,ridge_corrected_41f184a29ff8_6ed147cd_f83baf57
Ridge,5,3,2023-06-24,2023-06-29,10.62,12.528331916915521,1.9083319169155217,1.9083319169155217,3.6417307051184697,100.0,submitted_main_linear_features_H5_18col,6ed147cd585e5e8083292683f9be3cf585e97e4d46fa0e3224d24a4e2b42cbbb,f83baf5732ffbf88b9a448a3d9ab9fa270f7495fe44d1559c1ac49795a30881a,41f184a29ff88aaf275f3365267b8c909ce7598a,ridge_corrected_41f184a29ff8_6ed147cd_f83baf57
Ridge,5,3,2023-06-25,2023-06-30,9.68,11.290752384301353,1.6107523843013531,1.6107523843013531,2.594523243532494,100.0,submitted_main_linear_features_H5_18col,6ed147cd585e5e8083292683f9be3cf585e97e4d46fa0e3224d24a4e2b42cbbb,f83baf5732ffbf88b9a448a3d9ab9fa270f7495fe44d1559c1ac49795a30881a,41f184a29ff88aaf275f3365267b8c909ce7598a,ridge_corrected_41f184a29ff8_6ed147cd_f83baf57
Ridge,5,3,2023-06-26,2023-07-01,10.07,11.353799302656732,1.2837993026567318,1.2837993026567318,1.6481406495019109,100.0,submitted_main_linear_features_H5_18col,6ed147cd585e5e8083292683f9be3cf585e97e4d46fa0e3224d24a4e2b42cbbb,f83baf5732ffbf88b9a448a3d9ab9fa270f7495fe44d1559c1ac49795a30881a,41f184a29ff88aaf275f3365267b8c909ce7598a,ridge_corrected_41f184a29ff8_6ed147cd_f83baf57
Ridge,5,3,2023-06-27,2023-07-02,9.04,12.255027996349435,3.215027996349436,3.215027996349436,10.33640501731067,100.0,submitted_main_linear_features_H5_18col,6ed147cd585e5e8083292683f9be3cf585e97e4d46fa0e3224d24a4e2b42cbbb,f83baf5732ffbf88b9a448a3d9ab9fa270f7495fe44d1559c1ac49795a30881a,41f184a29ff88aaf275f3365267b8c909ce7598a,ridge_corrected_41f184a29ff8_6ed147cd_f83baf57
Ridge,5,3,2023-06-28,2023-07-03,11.09,11.654977634514848,0.5649776345148485,0.5649776345148485,0.3191997275019937,100.0,submitted_main_linear_features_H5_18col,6ed147cd585e5e8083292683f9be3cf585e97e4d46fa0e3224d24a4e2b42cbbb,f83baf5732ffbf88b9a448a3d9ab9fa270f7495fe44d1559c1ac49795a30881a,41f184a29ff88aaf275f3365267b8c909ce7598a,ridge_corrected_41f184a29ff8_6ed147cd_f83baf57
Ridge,5,3,2023-06-29,2023-07-04,11.9,11.064519107123825,-0.8354808928761752,0.8354808928761752,0.698028322361171,100.0,submitted_main_linear_features_H5_18col,6ed147cd585e5e8083292683f9be3cf585e97e4d46fa0e3224d24a4e2b42cbbb,f83baf5732ffbf88b9a448a3d9ab9fa270f7495fe44d1559c1ac49795a30881a,41f184a29ff88aaf275f3365267b8c909ce7598a,ridge_corrected_41f184a29ff8_6ed147cd_f83baf57
Ridge,5,3,2023-06-30,2023-07-05,13.57,11.342745071512171,-2.227254928487829,2.227254928487829,4.960664516473325,100.0,submitted_main_linear_features_H5_18col,6ed147cd585e5e8083292683f9be3cf585e97e4d46fa0e3224d24a4e2b42cbbb,f83baf5732ffbf88b9a448a3d9ab9fa270f7495fe44d1559c1ac49795a30881a,41f184a29ff88aaf275f3365267b8c909ce7598a,ridge_corrected_41f184a29ff8_6ed147cd_f83baf57
Ridge,5,3,2023-07-01,2023-07-06,11.6,11.54947963969172,-0.05052036030827978,0.05052036030827978,0.0025523068056784106,100.0,submitted_main_linear_features_H5_18col,6ed147cd585e5e8083292683f9be3cf585e97e4d46fa0e3224d24a4e2b42cbbb,f83baf5732ffbf88b9a448a3d9ab9fa270f7495fe44d1559c1ac49795a30881a,41f184a29ff88aaf275f3365267b8c909ce7598a,ridge_corrected_41f184a29ff8_6ed147cd_f83baf57
Ridge,5,3,2023-07-02,2023-07-07,13.75,11.487585857482411,-2.2624141425175885,2.2624141425175885,5.118517752263595,100.0,submitted_main_linear_features_H5_18col,6ed147cd585e5e8083292683f9be3cf585e97e4d46fa0e3224d24a4e2b42cbbb,f83baf5732ffbf88b9a448a3d9ab9fa270f7495fe44d1559c1ac49795a30881a,41f184a29ff88aaf275f3365267b8c909ce7598a,ridge_corrected_41f184a29ff8_6ed147cd_f83baf57
Ridge,5,3,2023-07-03,2023-07-08,11.11,11.335555180191003,0.2255551801910034,0.2255551801910034,0.05087513931099601,100.0,submitted_main_linear_features_H5_18col,6ed147cd585e5e8083292683f9be3cf585e97e4d46fa0e3224d24a4e2b42cbbb,f83baf5732ffbf88b9a448a3d9ab9fa270f7495fe44d1559c1ac49795a30881a,41f184a29ff88aaf275f3365267b8c909ce7598a,ridge_corrected_41f184a29ff8_6ed147cd_f83baf57
Ridge,5,3,2023-07-04,2023-07-09,10.33,11.440402773737167,1.1104027737371673,1.1104027737371673,1.2329943199231947,100.0,submitted_main_linear_features_H5_18col,6ed147cd585e5e8083292683f9be3cf585e97e4d46fa0e3224d24a4e2b42cbbb,f83baf5732ffbf88b9a448a3d9ab9fa270f7495fe44d1559c1ac49795a30881a,41f184a29ff88aaf275f3365267b8c909ce7598a,ridge_corrected_41f184a29ff8_6ed147cd_f83baf57
Ridge,5,3,2023-07-05,2023-07-10,11.28,11.291159426213337,0.011159426213337653,0.011159426213337653,0.00012453279341092754,100.0,submitted_main_linear_features_H5_18col,6ed147cd585e5e8083292683f9be3cf585e97e4d46fa0e3224d24a4e2b42cbbb,f83baf5732ffbf88b9a448a3d9ab9fa270f7495fe44d1559c1ac49795a30881a,41f184a29ff88aaf275f3365267b8c909ce7598a,ridge_corrected_41f184a29ff8_6ed147cd_f83baf57
Ridge,5,3,2023-07-06,2023-07-11,11.04,12.081333072475509,1.0413330724755099,1.0413330724755099,1.0843745678312855,100.0,submitted_main_linear_features_H5_18col,6ed147cd585e5e8083292683f9be3cf585e97e4d46fa0e3224d24a4e2b42cbbb,f83baf5732ffbf88b9a448a3d9ab9fa270f7495fe44d1559c1ac49795a30881a,41f184a29ff88aaf275f3365267b8c909ce7598a,ridge_corrected_41f184a29ff8_6ed147cd_f83baf57
Ridge,5,3,2023-07-07,2023-07-12,13.0,11.442961825937148,-1.5570381740628516,1.5570381740628516,2.424367875488979,100.0,submitted_main_linear_features_H5_18col,6ed147cd585e5e8083292683f9be3cf585e97e4d46fa0e3224d24a4e2b42cbbb,f83baf5732ffbf88b9a448a3d9ab9fa270f7495fe44d1559c1ac49795a30881a,41f184a29ff88aaf275f3365267b8c909ce7598a,ridge_corrected_41f184a29ff8_6ed147cd_f83baf57
Ridge,5,3,2023-07-08,2023-07-13,12.89,12.330574400793134,-0.5594255992068664,0.5594255992068664,0.31295700104796154,100.0,submitted_main_linear_features_H5_18col,6ed147cd585e5e8083292683f9be3cf585e97e4d46fa0e3224d24a4e2b42cbbb,f83baf5732ffbf88b9a448a3d9ab9fa270f7495fe44d1559c1ac49795a30881a,41f184a29ff88aaf275f3365267b8c909ce7598a,ridge_corrected_41f184a29ff8_6ed147cd_f83baf57
Ridge,5,3,2023-07-09,2023-07-14,14.05,11.900686324364308,-2.1493136756356925,2.1493136756356925,4.619549276274611,100.0,submitted_main_linear_features_H5_18col,6ed147cd585e5e8083292683f9be3cf585e97e4d46fa0e3224d24a4e2b42cbbb,f83baf5732ffbf88b9a448a3d9ab9fa270f7495fe44d1559c1ac49795a30881a,41f184a29ff88aaf275f3365267b8c909ce7598a,ridge_corrected_41f184a29ff8_6ed147cd_f83baf57
Ridge,5,3,2023-07-10,2023-07-15,11.64,11.427542410342328,-0.21245758965767259,0.21245758965767259,0.04513822740314798,100.0,submitted_main_linear_features_H5_18col,6ed147cd585e5e8083292683f9be3cf585e97e4d46fa0e3224d24a4e2b42cbbb,f83baf5732ffbf88b9a448a3d9ab9fa270f7495fe44d1559c1ac49795a30881a,41f184a29ff88aaf275f3365267b8c909ce7598a,ridge_corrected_41f184a29ff8_6ed147cd_f83baf57
Ridge,5,3,2023-07-11,2023-07-16,14.52,11.390162809846661,-3.1298371901533386,3.1298371901533386,9.795880836866946,100.0,submitted_main_linear_features_H5_18col,6ed147cd585e5e8083292683f9be3cf585e97e4d46fa0e3224d24a4e2b42cbbb,f83baf5732ffbf88b9a448a3d9ab9fa270f7495fe44d1559c1ac49795a30881a,41f184a29ff88aaf275f3365267b8c909ce7598a,ridge_corrected_41f184a29ff8_6ed147cd_f83baf57
Ridge,5,3,2023-07-12,2023-07-17,12.22,11.461713842516595,-0.7582861574834059,0.7582861574834059,0.5749978966309486,100.0,submitted_main_linear_features_H5_18col,6ed147cd585e5e8083292683f9be3cf585e97e4d46fa0e3224d24a4e2b42cbbb,f83baf5732ffbf88b9a448a3d9ab9fa270f7495fe44d1559c1ac49795a30881a,41f184a29ff88aaf275f3365267b8c909ce7598a,ridge_corrected_41f184a29ff8_6ed147cd_f83baf57
Ridge,5,3,2023-07-13,2023-07-18,11.69,11.453418279078674,-0.23658172092132546,0.23658172092132546,0.055970910674095924,100.0,submitted_main_linear_features_H5_18col,6ed147cd585e5e8083292683f9be3cf585e97e4d46fa0e3224d24a4e2b42cbbb,f83baf5732ffbf88b9a448a3d9ab9fa270f7495fe44d1559c1ac49795a30881a,41f184a29ff88aaf275f3365267b8c909ce7598a,ridge_corrected_41f184a29ff8_6ed147cd_f83baf57
Ridge,5,3,2023-07-14,2023-07-19,12.58,11.47688016767673,-1.1031198323232694,1.1031198323232694,1.216873364464918,100.0,submitted_main_linear_features_H5_18col,6ed147cd585e5e8083292683f9be3cf585e97e4d46fa0e3224d24a4e2b42cbbb,f83baf5732ffbf88b9a448a3d9ab9fa270f7495fe44d1559c1ac49795a30881a,41f184a29ff88aaf275f3365267b8c909ce7598a,ridge_corrected_41f184a29ff8_6ed147cd_f83baf57
Ridge,5,3,2023-07-15,2023-07-20,11.8,11.725962460717351,-0.07403753928264933,0.07403753928264933,0.0054815572230298435,100.0,submitted_main_linear_features_H5_18col,6ed147cd585e5e8083292683f9be3cf585e97e4d46fa0e3224d24a4e2b42cbbb,f83baf5732ffbf88b9a448a3d9ab9fa270f7495fe44d1559c1ac49795a30881a,41f184a29ff88aaf275f3365267b8c909ce7598a,ridge_corrected_41f184a29ff8_6ed147cd_f83baf57
Ridge,5,3,2023-07-16,2023-07-21,13.08,11.01092582313612,-2.0690741768638805,2.0690741768638805,4.281067949364945,100.0,submitted_main_linear_features_H5_18col,6ed147cd585e5e8083292683f9be3cf585e97e4d46fa0e3224d24a4e2b42cbbb,f83baf5732ffbf88b9a448a3d9ab9fa270f7495fe44d1559c1ac49795a30881a,41f184a29ff88aaf275f3365267b8c909ce7598a,ridge_corrected_41f184a29ff8_6ed147cd_f83baf57
Ridge,5,3,2023-07-17,2023-07-22,11.95,12.13456407102893,0.18456407102893024,0.18456407102893024,0.03406389631477201,100.0,submitted_main_linear_features_H5_18col,6ed147cd585e5e8083292683f9be3cf585e97e4d46fa0e3224d24a4e2b42cbbb,f83baf5732ffbf88b9a448a3d9ab9fa270f7495fe44d1559c1ac49795a30881a,41f184a29ff88aaf275f3365267b8c909ce7598a,ridge_corrected_41f184a29ff8_6ed147cd_f83baf57
Ridge,5,3,2023-07-18,2023-07-23,12.14,11.32747889819204,-0.8125211018079614,0.8125211018079614,0.6601905408832236,100.0,submitted_main_linear_features_H5_18col,6ed147cd585e5e8083292683f9be3cf585e97e4d46fa0e3224d24a4e2b42cbbb,f83baf5732ffbf88b9a448a3d9ab9fa270f7495fe44d1559c1ac49795a30881a,41f184a29ff88aaf275f3365267b8c909ce7598a,ridge_corrected_41f184a29ff8_6ed147cd_f83baf57
Ridge,5,3,2023-07-19,2023-07-24,12.48,12.096611911752523,-0.38338808824747694,0.38338808824747694,0.14698642621005517,100.0,submitted_main_linear_features_H5_18col,6ed147cd585e5e8083292683f9be3cf585e97e4d46fa0e3224d24a4e2b42cbbb,f83baf5732ffbf88b9a448a3d9ab9fa270f7495fe44d1559c1ac49795a30881a,41f184a29ff88aaf275f3365267b8c909ce7598a,ridge_corrected_41f184a29ff8_6ed147cd_f83baf57
Ridge,5,3,2023-07-20,2023-07-25,12.38444827,12.162290106988657,-0.2221581630113434,0.2221581630113434,0.04935424939257462,100.0,submitted_main_linear_features_H5_18col,6ed147cd585e5e8083292683f9be3cf585e97e4d46fa0e3224d24a4e2b42cbbb,f83baf5732ffbf88b9a448a3d9ab9fa270f7495fe44d1559c1ac49795a30881a,41f184a29ff88aaf275f3365267b8c909ce7598a,ridge_corrected_41f184a29ff8_6ed147cd_f83baf57
Ridge,5,3,2023-07-21,2023-07-26,12.41967703,11.671038084100934,-0.7486389458990672,0.7486389458990672,0.5604602713168665,100.0,submitted_main_linear_features_H5_18col,6ed147cd585e5e8083292683f9be3cf585e97e4d46fa0e3224d24a4e2b42cbbb,f83baf5732ffbf88b9a448a3d9ab9fa270f7495fe44d1559c1ac49795a30881a,41f184a29ff88aaf275f3365267b8c909ce7598a,ridge_corrected_41f184a29ff8_6ed147cd_f83baf57
Ridge,5,3,2023-07-22,2023-07-27,12.43934362,11.927203589332642,-0.5121400306673589,0.5121400306673589,0.26228741101196335,100.0,submitted_main_linear_features_H5_18col,6ed147cd585e5e8083292683f9be3cf585e97e4d46fa0e3224d24a4e2b42cbbb,f83baf5732ffbf88b9a448a3d9ab9fa270f7495fe44d1559c1ac49795a30881a,41f184a29ff88aaf275f3365267b8c909ce7598a,ridge_corrected_41f184a29ff8_6ed147cd_f83baf57
Ridge,5,3,2023-07-23,2023-07-28,12.31367128,11.454726953555666,-0.8589443264443339,0.8589443264443339,0.7377853559309105,100.0,submitted_main_linear_features_H5_18col,6ed147cd585e5e8083292683f9be3cf585e97e4d46fa0e3224d24a4e2b42cbbb,f83baf5732ffbf88b9a448a3d9ab9fa270f7495fe44d1559c1ac49795a30881a,41f184a29ff88aaf275f3365267b8c909ce7598a,ridge_corrected_41f184a29ff8_6ed147cd_f83baf57
Ridge,5,3,2023-07-24,2023-07-29,12.47,11.461930803348055,-1.0080691966519453,1.0080691966519453,1.0162035052384983,100.0,submitted_main_linear_features_H5_18col,6ed147cd585e5e8083292683f9be3cf585e97e4d46fa0e3224d24a4e2b42cbbb,f83baf5732ffbf88b9a448a3d9ab9fa270f7495fe44d1559c1ac49795a30881a,41f184a29ff88aaf275f3365267b8c909ce7598a,ridge_corrected_41f184a29ff8_6ed147cd_f83baf57
Ridge,5,3,2023-07-25,2023-07-30,12.85,11.45271015787721,-1.39728984212279,1.39728984212279,1.9524189028995313,100.0,submitted_main_linear_features_H5_18col,6ed147cd585e5e8083292683f9be3cf585e97e4d46fa0e3224d24a4e2b42cbbb,f83baf5732ffbf88b9a448a3d9ab9fa270f7495fe44d1559c1ac49795a30881a,41f184a29ff88aaf275f3365267b8c909ce7598a,ridge_corrected_41f184a29ff8_6ed147cd_f83baf57
Ridge,5,3,2023-07-26,2023-07-31,12.04,11.446269150918914,-0.5937308490810853,0.5937308490810853,0.3525163211505465,100.0,submitted_main_linear_features_H5_18col,6ed147cd585e5e8083292683f9be3cf585e97e4d46fa0e3224d24a4e2b42cbbb,f83baf5732ffbf88b9a448a3d9ab9fa270f7495fe44d1559c1ac49795a30881a,41f184a29ff88aaf275f3365267b8c909ce7598a,ridge_corrected_41f184a29ff8_6ed147cd_f83baf57
Ridge,5,3,2023-07-27,2023-08-01,12.85,11.427268640731768,-1.4227313592682318,1.4227313592682318,2.0241645206452303,100.0,submitted_main_linear_features_H5_18col,6ed147cd585e5e8083292683f9be3cf585e97e4d46fa0e3224d24a4e2b42cbbb,f83baf5732ffbf88b9a448a3d9ab9fa270f7495fe44d1559c1ac49795a30881a,41f184a29ff88aaf275f3365267b8c909ce7598a,ridge_corrected_41f184a29ff8_6ed147cd_f83baf57
Ridge,5,3,2023-07-28,2023-08-02,16.85,11.439614931801522,-5.4103850681984795,5.4103850681984795,29.272266586185065,100.0,submitted_main_linear_features_H5_18col,6ed147cd585e5e8083292683f9be3cf585e97e4d46fa0e3224d24a4e2b42cbbb,f83baf5732ffbf88b9a448a3d9ab9fa270f7495fe44d1559c1ac49795a30881a,41f184a29ff88aaf275f3365267b8c909ce7598a,ridge_corrected_41f184a29ff8_6ed147cd_f83baf57
Ridge,5,3,2023-07-29,2023-08-03,16.13,11.456526668576693,-4.673473331423306,4.673473331423306,21.841352979524856,100.0,submitted_main_linear_features_H5_18col,6ed147cd585e5e8083292683f9be3cf585e97e4d46fa0e3224d24a4e2b42cbbb,f83baf5732ffbf88b9a448a3d9ab9fa270f7495fe44d1559c1ac49795a30881a,41f184a29ff88aaf275f3365267b8c909ce7598a,ridge_corrected_41f184a29ff8_6ed147cd_f83baf57
Ridge,5,3,2023-07-30,2023-08-04,14.14,11.54857870833546,-2.59142129166454,2.59142129166454,6.7154643108923135,100.0,submitted_main_linear_features_H5_18col,6ed147cd585e5e8083292683f9be3cf585e97e4d46fa0e3224d24a4e2b42cbbb,f83baf5732ffbf88b9a448a3d9ab9fa270f7495fe44d1559c1ac49795a30881a,41f184a29ff88aaf275f3365267b8c909ce7598a,ridge_corrected_41f184a29ff8_6ed147cd_f83baf57
Ridge,5,3,2023-07-31,2023-08-05,15.94,11.869019282873488,-4.0709807171265115,4.0709807171265115,16.572883999215886,100.0,submitted_main_linear_features_H5_18col,6ed147cd585e5e8083292683f9be3cf585e97e4d46fa0e3224d24a4e2b42cbbb,f83baf5732ffbf88b9a448a3d9ab9fa270f7495fe44d1559c1ac49795a30881a,41f184a29ff88aaf275f3365267b8c909ce7598a,ridge_corrected_41f184a29ff8_6ed147cd_f83baf57
Ridge,5,3,2023-08-01,2023-08-06,15.74,11.620551317465864,-4.119448682534136,4.119448682534136,16.96985744803223,100.0,submitted_main_linear_features_H5_18col,6ed147cd585e5e8083292683f9be3cf585e97e4d46fa0e3224d24a4e2b42cbbb,f83baf5732ffbf88b9a448a3d9ab9fa270f7495fe44d1559c1ac49795a30881a,41f184a29ff88aaf275f3365267b8c909ce7598a,ridge_corrected_41f184a29ff8_6ed147cd_f83baf57
Ridge,5,3,2023-08-02,2023-08-07,15.48,11.829268647307073,-3.6507313526929277,3.6507313526929277,13.327839409535134,100.0,submitted_main_linear_features_H5_18col,6ed147cd585e5e8083292683f9be3cf585e97e4d46fa0e3224d24a4e2b42cbbb,f83baf5732ffbf88b9a448a3d9ab9fa270f7495fe44d1559c1ac49795a30881a,41f184a29ff88aaf275f3365267b8c909ce7598a,ridge_corrected_41f184a29ff8_6ed147cd_f83baf57
Ridge,5,3,2023-08-03,2023-08-08,14.32,12.457641452286598,-1.8623585477134021,1.8623585477134021,3.4683793602411725,100.0,submitted_main_linear_features_H5_18col,6ed147cd585e5e8083292683f9be3cf585e97e4d46fa0e3224d24a4e2b42cbbb,f83baf5732ffbf88b9a448a3d9ab9fa270f7495fe44d1559c1ac49795a30881a,41f184a29ff88aaf275f3365267b8c909ce7598a,ridge_corrected_41f184a29ff8_6ed147cd_f83baf57
Ridge,5,3,2023-08-04,2023-08-09,15.96,12.44409390034037,-3.515906099659631,3.515906099659631,12.361595701623799,100.0,submitted_main_linear_features_H5_18col,6ed147cd585e5e8083292683f9be3cf585e97e4d46fa0e3224d24a4e2b42cbbb,f83baf5732ffbf88b9a448a3d9ab9fa270f7495fe44d1559c1ac49795a30881a,41f184a29ff88aaf275f3365267b8c909ce7598a,ridge_corrected_41f184a29ff8_6ed147cd_f83baf57
Ridge,5,3,2023-08-05,2023-08-10,10.21,12.161469004985126,1.9514690049851247,1.9514690049851247,3.8082312774176326,100.0,submitted_main_linear_features_H5_18col,6ed147cd585e5e8083292683f9be3cf585e97e4d46fa0e3224d24a4e2b42cbbb,f83baf5732ffbf88b9a448a3d9ab9fa270f7495fe44d1559c1ac49795a30881a,41f184a29ff88aaf275f3365267b8c909ce7598a,ridge_corrected_41f184a29ff8_6ed147cd_f83baf57
Ridge,5,3,2023-08-06,2023-08-11,9.23,12.431215282919219,3.201215282919218,3.201215282919218,10.24777928759557,100.0,submitted_main_linear_features_H5_18col,6ed147cd585e5e8083292683f9be3cf585e97e4d46fa0e3224d24a4e2b42cbbb,f83baf5732ffbf88b9a448a3d9ab9fa270f7495fe44d1559c1ac49795a30881a,41f184a29ff88aaf275f3365267b8c909ce7598a,ridge_corrected_41f184a29ff8_6ed147cd_f83baf57
Ridge,5,3,2023-08-07,2023-08-12,13.1,12.663823416540389,-0.43617658345961097,0.43617658345961097,0.19025001195849897,100.0,submitted_main_linear_features_H5_18col,6ed147cd585e5e8083292683f9be3cf585e97e4d46fa0e3224d24a4e2b42cbbb,f83baf5732ffbf88b9a448a3d9ab9fa270f7495fe44d1559c1ac49795a30881a,41f184a29ff88aaf275f3365267b8c909ce7598a,ridge_corrected_41f184a29ff8_6ed147cd_f83baf57
Ridge,5,3,2023-08-08,2023-08-13,12.5,12.911862134208828,0.4118621342088282,0.4118621342088282,0.16963041759505082,100.0,submitted_main_linear_features_H5_18col,6ed147cd585e5e8083292683f9be3cf585e97e4d46fa0e3224d24a4e2b42cbbb,f83baf5732ffbf88b9a448a3d9ab9fa270f7495fe44d1559c1ac49795a30881a,41f184a29ff88aaf275f3365267b8c909ce7598a,ridge_corrected_41f184a29ff8_6ed147cd_f83baf57
Ridge,5,3,2023-08-09,2023-08-14,13.28,12.294472883510466,-0.9855271164895338,0.9855271164895338,0.9712636973361752,100.0,submitted_main_linear_features_H5_18col,6ed147cd585e5e8083292683f9be3cf585e97e4d46fa0e3224d24a4e2b42cbbb,f83baf5732ffbf88b9a448a3d9ab9fa270f7495fe44d1559c1ac49795a30881a,41f184a29ff88aaf275f3365267b8c909ce7598a,ridge_corrected_41f184a29ff8_6ed147cd_f83baf57
Ridge,5,3,2023-08-10,2023-08-15,11.7,11.388481563567321,-0.31151843643267796,0.31151843643267796,0.09704373623746042,100.0,submitted_main_linear_features_H5_18col,6ed147cd585e5e8083292683f9be3cf585e97e4d46fa0e3224d24a4e2b42cbbb,f83baf5732ffbf88b9a448a3d9ab9fa270f7495fe44d1559c1ac49795a30881a,41f184a29ff88aaf275f3365267b8c909ce7598a,ridge_corrected_41f184a29ff8_6ed147cd_f83baf57
Ridge,5,3,2023-08-11,2023-08-16,13.8,12.64636729593076,-1.1536327040692402,1.1536327040692402,1.3308684158981072,100.0,submitted_main_linear_features_H5_18col,6ed147cd585e5e8083292683f9be3cf585e97e4d46fa0e3224d24a4e2b42cbbb,f83baf5732ffbf88b9a448a3d9ab9fa270f7495fe44d1559c1ac49795a30881a,41f184a29ff88aaf275f3365267b8c909ce7598a,ridge_corrected_41f184a29ff8_6ed147cd_f83baf57
Ridge,5,3,2023-08-12,2023-08-17,12.3,12.656687421932583,0.3566874219325822,0.3566874219325822,0.12722591696491192,100.0,submitted_main_linear_features_H5_18col,6ed147cd585e5e8083292683f9be3cf585e97e4d46fa0e3224d24a4e2b42cbbb,f83baf5732ffbf88b9a448a3d9ab9fa270f7495fe44d1559c1ac49795a30881a,41f184a29ff88aaf275f3365267b8c909ce7598a,ridge_corrected_41f184a29ff8_6ed147cd_f83baf57
Ridge,5,3,2023-08-13,2023-08-18,15.82,12.35212769207626,-3.4678723079237397,3.4678723079237397,12.026138344064325,100.0,submitted_main_linear_features_H5_18col,6ed147cd585e5e8083292683f9be3cf585e97e4d46fa0e3224d24a4e2b42cbbb,f83baf5732ffbf88b9a448a3d9ab9fa270f7495fe44d1559c1ac49795a30881a,41f184a29ff88aaf275f3365267b8c909ce7598a,ridge_corrected_41f184a29ff8_6ed147cd_f83baf57
Ridge,5,3,2023-08-14,2023-08-19,11.88,12.071937970586784,0.19193797058678363,0.19193797058678363,0.03684018455297302,100.0,submitted_main_linear_features_H5_18col,6ed147cd585e5e8083292683f9be3cf585e97e4d46fa0e3224d24a4e2b42cbbb,f83baf5732ffbf88b9a448a3d9ab9fa270f7495fe44d1559c1ac49795a30881a,41f184a29ff88aaf275f3365267b8c909ce7598a,ridge_corrected_41f184a29ff8_6ed147cd_f83baf57
Ridge,5,3,2023-08-15,2023-08-20,11.33,12.310341875342308,0.9803418753423081,0.9803418753423081,0.9610701925496735,100.0,submitted_main_linear_features_H5_18col,6ed147cd585e5e8083292683f9be3cf585e97e4d46fa0e3224d24a4e2b42cbbb,f83baf5732ffbf88b9a448a3d9ab9fa270f7495fe44d1559c1ac49795a30881a,41f184a29ff88aaf275f3365267b8c909ce7598a,ridge_corrected_41f184a29ff8_6ed147cd_f83baf57
Ridge,5,3,2023-08-16,2023-08-21,12.73,12.036292373555085,-0.6937076264449153,0.6937076264449153,0.4812302709878382,100.0,submitted_main_linear_features_H5_18col,6ed147cd585e5e8083292683f9be3cf585e97e4d46fa0e3224d24a4e2b42cbbb,f83baf5732ffbf88b9a448a3d9ab9fa270f7495fe44d1559c1ac49795a30881a,41f184a29ff88aaf275f3365267b8c909ce7598a,ridge_corrected_41f184a29ff8_6ed147cd_f83baf57
Ridge,5,3,2023-08-17,2023-08-22,13.76,12.281619164543189,-1.4783808354568109,1.4783808354568109,2.185609894645978,100.0,submitted_main_linear_features_H5_18col,6ed147cd585e5e8083292683f9be3cf585e97e4d46fa0e3224d24a4e2b42cbbb,f83baf5732ffbf88b9a448a3d9ab9fa270f7495fe44d1559c1ac49795a30881a,41f184a29ff88aaf275f3365267b8c909ce7598a,ridge_corrected_41f184a29ff8_6ed147cd_f83baf57
Ridge,5,3,2023-08-18,2023-08-23,16.6,11.90907806126819,-4.690921938731812,4.690921938731812,22.00474863527542,100.0,submitted_main_linear_features_H5_18col,6ed147cd585e5e8083292683f9be3cf585e97e4d46fa0e3224d24a4e2b42cbbb,f83baf5732ffbf88b9a448a3d9ab9fa270f7495fe44d1559c1ac49795a30881a,41f184a29ff88aaf275f3365267b8c909ce7598a,ridge_corrected_41f184a29ff8_6ed147cd_f83baf57
Ridge,5,3,2023-08-19,2023-08-24,14.54,12.729403628295536,-1.810596371704463,1.810596371704463,3.278259221229366,100.0,submitted_main_linear_features_H5_18col,6ed147cd585e5e8083292683f9be3cf585e97e4d46fa0e3224d24a4e2b42cbbb,f83baf5732ffbf88b9a448a3d9ab9fa270f7495fe44d1559c1ac49795a30881a,41f184a29ff88aaf275f3365267b8c909ce7598a,ridge_corrected_41f184a29ff8_6ed147cd_f83baf57
Ridge,5,3,2023-08-20,2023-08-25,10.69,12.64367353985076,1.9536735398507599,1.9536735398507599,3.8168403003129985,100.0,submitted_main_linear_features_H5_18col,6ed147cd585e5e8083292683f9be3cf585e97e4d46fa0e3224d24a4e2b42cbbb,f83baf5732ffbf88b9a448a3d9ab9fa270f7495fe44d1559c1ac49795a30881a,41f184a29ff88aaf275f3365267b8c909ce7598a,ridge_corrected_41f184a29ff8_6ed147cd_f83baf57
Ridge,5,3,2023-08-21,2023-08-26,14.03,12.330825825575278,-1.699174174424721,1.699174174424721,2.8871928750319324,100.0,submitted_main_linear_features_H5_18col,6ed147cd585e5e8083292683f9be3cf585e97e4d46fa0e3224d24a4e2b42cbbb,f83baf5732ffbf88b9a448a3d9ab9fa270f7495fe44d1559c1ac49795a30881a,41f184a29ff88aaf275f3365267b8c909ce7598a,ridge_corrected_41f184a29ff8_6ed147cd_f83baf57
Ridge,5,3,2023-08-22,2023-08-27,14.14,12.29798283959387,-1.8420171604061313,1.8420171604061313,3.393027219230667,100.0,submitted_main_linear_features_H5_18col,6ed147cd585e5e8083292683f9be3cf585e97e4d46fa0e3224d24a4e2b42cbbb,f83baf5732ffbf88b9a448a3d9ab9fa270f7495fe44d1559c1ac49795a30881a,41f184a29ff88aaf275f3365267b8c909ce7598a,ridge_corrected_41f184a29ff8_6ed147cd_f83baf57
Ridge,5,3,2023-08-23,2023-08-28,14.38,12.204601035909922,-2.1753989640900784,2.1753989640900784,4.732360652964186,100.0,submitted_main_linear_features_H5_18col,6ed147cd585e5e8083292683f9be3cf585e97e4d46fa0e3224d24a4e2b42cbbb,f83baf5732ffbf88b9a448a3d9ab9fa270f7495fe44d1559c1ac49795a30881a,41f184a29ff88aaf275f3365267b8c909ce7598a,ridge_corrected_41f184a29ff8_6ed147cd_f83baf57
Ridge,5,3,2023-08-24,2023-08-29,17.3,11.785935605089122,-5.5140643949108785,5.5140643949108785,30.404906151223873,100.0,submitted_main_linear_features_H5_18col,6ed147cd585e5e8083292683f9be3cf585e97e4d46fa0e3224d24a4e2b42cbbb,f83baf5732ffbf88b9a448a3d9ab9fa270f7495fe44d1559c1ac49795a30881a,41f184a29ff88aaf275f3365267b8c909ce7598a,ridge_corrected_41f184a29ff8_6ed147cd_f83baf57
Ridge,5,3,2023-08-25,2023-08-30,17.08,12.653299079461423,-4.4267009205385754,4.4267009205385754,19.59568103989707,100.0,submitted_main_linear_features_H5_18col,6ed147cd585e5e8083292683f9be3cf585e97e4d46fa0e3224d24a4e2b42cbbb,f83baf5732ffbf88b9a448a3d9ab9fa270f7495fe44d1559c1ac49795a30881a,41f184a29ff88aaf275f3365267b8c909ce7598a,ridge_corrected_41f184a29ff8_6ed147cd_f83baf57
Ridge,5,3,2023-08-26,2023-08-31,15.88,12.273610888014435,-3.6063891119855658,3.6063891119855658,13.006042427048037,100.0,submitted_main_linear_features_H5_18col,6ed147cd585e5e8083292683f9be3cf585e97e4d46fa0e3224d24a4e2b42cbbb,f83baf5732ffbf88b9a448a3d9ab9fa270f7495fe44d1559c1ac49795a30881a,41f184a29ff88aaf275f3365267b8c909ce7598a,ridge_corrected_41f184a29ff8_6ed147cd_f83baf57
Ridge,5,3,2023-08-27,2023-09-01,13.38,12.154765381376812,-1.2252346186231886,1.2252346186231886,1.5011998706727105,100.0,submitted_main_linear_features_H5_18col,6ed147cd585e5e8083292683f9be3cf585e97e4d46fa0e3224d24a4e2b42cbbb,f83baf5732ffbf88b9a448a3d9ab9fa270f7495fe44d1559c1ac49795a30881a,41f184a29ff88aaf275f3365267b8c909ce7598a,ridge_corrected_41f184a29ff8_6ed147cd_f83baf57
Ridge,5,3,2023-08-28,2023-09-02,12.42,12.197612153591859,-0.22238784640814124,0.22238784640814124,0.04945635423005102,100.0,submitted_main_linear_features_H5_18col,6ed147cd585e5e8083292683f9be3cf585e97e4d46fa0e3224d24a4e2b42cbbb,f83baf5732ffbf88b9a448a3d9ab9fa270f7495fe44d1559c1ac49795a30881a,41f184a29ff88aaf275f3365267b8c909ce7598a,ridge_corrected_41f184a29ff8_6ed147cd_f83baf57
Ridge,5,3,2023-08-29,2023-09-03,12.66,12.709411921434912,0.049411921434911577,0.049411921434911577,0.0024415379798898742,100.0,submitted_main_linear_features_H5_18col,6ed147cd585e5e8083292683f9be3cf585e97e4d46fa0e3224d24a4e2b42cbbb,f83baf5732ffbf88b9a448a3d9ab9fa270f7495fe44d1559c1ac49795a30881a,41f184a29ff88aaf275f3365267b8c909ce7598a,ridge_corrected_41f184a29ff8_6ed147cd_f83baf57
Ridge,5,3,2023-08-30,2023-09-04,14.93,13.173593317369702,-1.7564066826302973,1.7564066826302973,3.084964434788366,100.0,submitted_main_linear_features_H5_18col,6ed147cd585e5e8083292683f9be3cf585e97e4d46fa0e3224d24a4e2b42cbbb,f83baf5732ffbf88b9a448a3d9ab9fa270f7495fe44d1559c1ac49795a30881a,41f184a29ff88aaf275f3365267b8c909ce7598a,ridge_corrected_41f184a29ff8_6ed147cd_f83baf57
Ridge,5,3,2023-08-31,2023-09-05,11.88,13.01203709822305,1.1320370982230497,1.1320370982230497,1.2815079917532626,100.0,submitted_main_linear_features_H5_18col,6ed147cd585e5e8083292683f9be3cf585e97e4d46fa0e3224d24a4e2b42cbbb,f83baf5732ffbf88b9a448a3d9ab9fa270f7495fe44d1559c1ac49795a30881a,41f184a29ff88aaf275f3365267b8c909ce7598a,ridge_corrected_41f184a29ff8_6ed147cd_f83baf57
Ridge,5,3,2023-09-01,2023-09-06,12.06,13.104286076349966,1.044286076349966,1.044286076349966,1.090533409258407,100.0,submitted_main_linear_features_H5_18col,6ed147cd585e5e8083292683f9be3cf585e97e4d46fa0e3224d24a4e2b42cbbb,f83baf5732ffbf88b9a448a3d9ab9fa270f7495fe44d1559c1ac49795a30881a,41f184a29ff88aaf275f3365267b8c909ce7598a,ridge_corrected_41f184a29ff8_6ed147cd_f83baf57
Ridge,5,3,2023-09-02,2023-09-07,13.74,12.943787870044916,-0.7962121299550837,0.7962121299550837,0.6339537558876112,100.0,submitted_main_linear_features_H5_18col,6ed147cd585e5e8083292683f9be3cf585e97e4d46fa0e3224d24a4e2b42cbbb,f83baf5732ffbf88b9a448a3d9ab9fa270f7495fe44d1559c1ac49795a30881a,41f184a29ff88aaf275f3365267b8c909ce7598a,ridge_corrected_41f184a29ff8_6ed147cd_f83baf57
Ridge,5,3,2023-09-03,2023-09-08,14.08,12.63737585181362,-1.4426241481863809,1.4426241481863809,2.081164432930481,100.0,submitted_main_linear_features_H5_18col,6ed147cd585e5e8083292683f9be3cf585e97e4d46fa0e3224d24a4e2b42cbbb,f83baf5732ffbf88b9a448a3d9ab9fa270f7495fe44d1559c1ac49795a30881a,41f184a29ff88aaf275f3365267b8c909ce7598a,ridge_corrected_41f184a29ff8_6ed147cd_f83baf57
Ridge,5,3,2023-09-04,2023-09-09,12.62,12.560333540923263,-0.059666459076735734,0.059666459076735734,0.00356008633875578,100.0,submitted_main_linear_features_H5_18col,6ed147cd585e5e8083292683f9be3cf585e97e4d46fa0e3224d24a4e2b42cbbb,f83baf5732ffbf88b9a448a3d9ab9fa270f7495fe44d1559c1ac49795a30881a,41f184a29ff88aaf275f3365267b8c909ce7598a,ridge_corrected_41f184a29ff8_6ed147cd_f83baf57
Ridge,5,3,2023-09-05,2023-09-10,13.06,12.836121497794794,-0.22387850220520633,0.22387850220520633,0.05012158374964658,100.0,submitted_main_linear_features_H5_18col,6ed147cd585e5e8083292683f9be3cf585e97e4d46fa0e3224d24a4e2b42cbbb,f83baf5732ffbf88b9a448a3d9ab9fa270f7495fe44d1559c1ac49795a30881a,41f184a29ff88aaf275f3365267b8c909ce7598a,ridge_corrected_41f184a29ff8_6ed147cd_f83baf57
Ridge,5,3,2023-09-06,2023-09-11,12.67,12.247219872669037,-0.42278012733096304,0.42278012733096304,0.17874303606598532,100.0,submitted_main_linear_features_H5_18col,6ed147cd585e5e8083292683f9be3cf585e97e4d46fa0e3224d24a4e2b42cbbb,f83baf5732ffbf88b9a448a3d9ab9fa270f7495fe44d1559c1ac49795a30881a,41f184a29ff88aaf275f3365267b8c909ce7598a,ridge_corrected_41f184a29ff8_6ed147cd_f83baf57
Ridge,5,3,2023-09-07,2023-09-12,15.7,12.078415631510799,-3.6215843684892004,3.6215843684892004,13.11587333808532,100.0,submitted_main_linear_features_H5_18col,6ed147cd585e5e8083292683f9be3cf585e97e4d46fa0e3224d24a4e2b42cbbb,f83baf5732ffbf88b9a448a3d9ab9fa270f7495fe44d1559c1ac49795a30881a,41f184a29ff88aaf275f3365267b8c909ce7598a,ridge_corrected_41f184a29ff8_6ed147cd_f83baf57
Ridge,5,3,2023-09-08,2023-09-13,14.26,12.586864777821695,-1.6731352221783045,1.6731352221783045,2.799381471693644,100.0,submitted_main_linear_features_H5_18col,6ed147cd585e5e8083292683f9be3cf585e97e4d46fa0e3224d24a4e2b42cbbb,f83baf5732ffbf88b9a448a3d9ab9fa270f7495fe44d1559c1ac49795a30881a,41f184a29ff88aaf275f3365267b8c909ce7598a,ridge_corrected_41f184a29ff8_6ed147cd_f83baf57
Ridge,5,3,2023-09-09,2023-09-14,12.28,12.784157846091853,0.5041578460918537,0.5041578460918537,0.2541751337759772,100.0,submitted_main_linear_features_H5_18col,6ed147cd585e5e8083292683f9be3cf585e97e4d46fa0e3224d24a4e2b42cbbb,f83baf5732ffbf88b9a448a3d9ab9fa270f7495fe44d1559c1ac49795a30881a,41f184a29ff88aaf275f3365267b8c909ce7598a,ridge_corrected_41f184a29ff8_6ed147cd_f83baf57
Ridge,5,3,2023-09-10,2023-09-15,12.04,12.599847936073676,0.5598479360736768,0.5598479360736768,0.31342971152595567,100.0,submitted_main_linear_features_H5_18col,6ed147cd585e5e8083292683f9be3cf585e97e4d46fa0e3224d24a4e2b42cbbb,f83baf5732ffbf88b9a448a3d9ab9fa270f7495fe44d1559c1ac49795a30881a,41f184a29ff88aaf275f3365267b8c909ce7598a,ridge_corrected_41f184a29ff8_6ed147cd_f83baf57
Ridge,5,3,2023-09-11,2023-09-16,9.19,12.700633528151604,3.5106335281516046,3.5106335281516046,12.324547768982184,100.0,submitted_main_linear_features_H5_18col,6ed147cd585e5e8083292683f9be3cf585e97e4d46fa0e3224d24a4e2b42cbbb,f83baf5732ffbf88b9a448a3d9ab9fa270f7495fe44d1559c1ac49795a30881a,41f184a29ff88aaf275f3365267b8c909ce7598a,ridge_corrected_41f184a29ff8_6ed147cd_f83baf57
Ridge,5,3,2023-09-12,2023-09-17,10.2,12.608156348183917,2.408156348183917,2.408156348183917,5.7992169972985,100.0,submitted_main_linear_features_H5_18col,6ed147cd585e5e8083292683f9be3cf585e97e4d46fa0e3224d24a4e2b42cbbb,f83baf5732ffbf88b9a448a3d9ab9fa270f7495fe44d1559c1ac49795a30881a,41f184a29ff88aaf275f3365267b8c909ce7598a,ridge_corrected_41f184a29ff8_6ed147cd_f83baf57
Ridge,5,3,2023-09-13,2023-09-18,7.15,12.729206233277642,5.579206233277642,5.579206233277642,31.127542193444093,100.0,submitted_main_linear_features_H5_18col,6ed147cd585e5e8083292683f9be3cf585e97e4d46fa0e3224d24a4e2b42cbbb,f83baf5732ffbf88b9a448a3d9ab9fa270f7495fe44d1559c1ac49795a30881a,41f184a29ff88aaf275f3365267b8c909ce7598a,ridge_corrected_41f184a29ff8_6ed147cd_f83baf57
Ridge,5,3,2023-09-14,2023-09-19,12.17,12.92290831480505,0.7529083148050493,0.7529083148050493,0.5668709305025792,100.0,submitted_main_linear_features_H5_18col,6ed147cd585e5e8083292683f9be3cf585e97e4d46fa0e3224d24a4e2b42cbbb,f83baf5732ffbf88b9a448a3d9ab9fa270f7495fe44d1559c1ac49795a30881a,41f184a29ff88aaf275f3365267b8c909ce7598a,ridge_corrected_41f184a29ff8_6ed147cd_f83baf57
Ridge,5,3,2023-09-15,2023-09-20,11.05,13.214002317542647,2.1640023175426464,2.1640023175426464,4.682906030329945,100.0,submitted_main_linear_features_H5_18col,6ed147cd585e5e8083292683f9be3cf585e97e4d46fa0e3224d24a4e2b42cbbb,f83baf5732ffbf88b9a448a3d9ab9fa270f7495fe44d1559c1ac49795a30881a,41f184a29ff88aaf275f3365267b8c909ce7598a,ridge_corrected_41f184a29ff8_6ed147cd_f83baf57
Ridge,5,3,2023-09-16,2023-09-21,11.64,12.462930621549193,0.822930621549192,0.822930621549192,0.6772148078833395,100.0,submitted_main_linear_features_H5_18col,6ed147cd585e5e8083292683f9be3cf585e97e4d46fa0e3224d24a4e2b42cbbb,f83baf5732ffbf88b9a448a3d9ab9fa270f7495fe44d1559c1ac49795a30881a,41f184a29ff88aaf275f3365267b8c909ce7598a,ridge_corrected_41f184a29ff8_6ed147cd_f83baf57
Ridge,5,3,2023-09-17,2023-09-22,11.64,11.712676301263064,0.07267630126306379,0.07267630126306379,0.005281844765279608,100.0,submitted_main_linear_features_H5_18col,6ed147cd585e5e8083292683f9be3cf585e97e4d46fa0e3224d24a4e2b42cbbb,f83baf5732ffbf88b9a448a3d9ab9fa270f7495fe44d1559c1ac49795a30881a,41f184a29ff88aaf275f3365267b8c909ce7598a,ridge_corrected_41f184a29ff8_6ed147cd_f83baf57
Ridge,5,3,2023-09-18,2023-09-23,10.4,12.715689124508744,2.3156891245087436,2.3156891245087436,5.362416121368072,100.0,submitted_main_linear_features_H5_18col,6ed147cd585e5e8083292683f9be3cf585e97e4d46fa0e3224d24a4e2b42cbbb,f83baf5732ffbf88b9a448a3d9ab9fa270f7495fe44d1559c1ac49795a30881a,41f184a29ff88aaf275f3365267b8c909ce7598a,ridge_corrected_41f184a29ff8_6ed147cd_f83baf57
Ridge,5,3,2023-09-19,2023-09-24,9.74,12.10859062465207,2.36859062465207,2.36859062465207,5.610221547189682,100.0,submitted_main_linear_features_H5_18col,6ed147cd585e5e8083292683f9be3cf585e97e4d46fa0e3224d24a4e2b42cbbb,f83baf5732ffbf88b9a448a3d9ab9fa270f7495fe44d1559c1ac49795a30881a,41f184a29ff88aaf275f3365267b8c909ce7598a,ridge_corrected_41f184a29ff8_6ed147cd_f83baf57
Ridge,5,3,2023-09-20,2023-09-25,12.97,11.886965856969256,-1.0830341430307442,1.0830341430307442,1.1729629549703384,100.0,submitted_main_linear_features_H5_18col,6ed147cd585e5e8083292683f9be3cf585e97e4d46fa0e3224d24a4e2b42cbbb,f83baf5732ffbf88b9a448a3d9ab9fa270f7495fe44d1559c1ac49795a30881a,41f184a29ff88aaf275f3365267b8c909ce7598a,ridge_corrected_41f184a29ff8_6ed147cd_f83baf57
Ridge,5,3,2023-09-21,2023-09-26,15.56,11.675160065502613,-3.8848399344973874,3.8848399344973874,15.091981316665665,100.0,submitted_main_linear_features_H5_18col,6ed147cd585e5e8083292683f9be3cf585e97e4d46fa0e3224d24a4e2b42cbbb,f83baf5732ffbf88b9a448a3d9ab9fa270f7495fe44d1559c1ac49795a30881a,41f184a29ff88aaf275f3365267b8c909ce7598a,ridge_corrected_41f184a29ff8_6ed147cd_f83baf57
Ridge,5,3,2023-09-22,2023-09-27,17.56,12.381850602904958,-5.178149397095041,5.178149397095041,26.813231178635736,100.0,submitted_main_linear_features_H5_18col,6ed147cd585e5e8083292683f9be3cf585e97e4d46fa0e3224d24a4e2b42cbbb,f83baf5732ffbf88b9a448a3d9ab9fa270f7495fe44d1559c1ac49795a30881a,41f184a29ff88aaf275f3365267b8c909ce7598a,ridge_corrected_41f184a29ff8_6ed147cd_f83baf57
Ridge,5,3,2023-09-23,2023-09-28,16.58,12.28062003804349,-4.299379961956509,4.299379961956509,18.484668057273154,100.0,submitted_main_linear_features_H5_18col,6ed147cd585e5e8083292683f9be3cf585e97e4d46fa0e3224d24a4e2b42cbbb,f83baf5732ffbf88b9a448a3d9ab9fa270f7495fe44d1559c1ac49795a30881a,41f184a29ff88aaf275f3365267b8c909ce7598a,ridge_corrected_41f184a29ff8_6ed147cd_f83baf57
Ridge,5,3,2023-09-24,2023-09-29,16.36,11.472502968772462,-4.887497031227538,4.887497031227538,23.887627230257994,100.0,submitted_main_linear_features_H5_18col,6ed147cd585e5e8083292683f9be3cf585e97e4d46fa0e3224d24a4e2b42cbbb,f83baf5732ffbf88b9a448a3d9ab9fa270f7495fe44d1559c1ac49795a30881a,41f184a29ff88aaf275f3365267b8c909ce7598a,ridge_corrected_41f184a29ff8_6ed147cd_f83baf57
Ridge,5,3,2023-09-25,2023-09-30,15.98,11.601859939751325,-4.3781400602486755,4.3781400602486755,19.168110387154275,100.0,submitted_main_linear_features_H5_18col,6ed147cd585e5e8083292683f9be3cf585e97e4d46fa0e3224d24a4e2b42cbbb,f83baf5732ffbf88b9a448a3d9ab9fa270f7495fe44d1559c1ac49795a30881a,41f184a29ff88aaf275f3365267b8c909ce7598a,ridge_corrected_41f184a29ff8_6ed147cd_f83baf57
Ridge,5,3,2023-09-26,2023-10-01,10.13,12.273667922186494,2.143667922186493,2.143667922186493,4.595312160611357,100.0,submitted_main_linear_features_H5_18col,6ed147cd585e5e8083292683f9be3cf585e97e4d46fa0e3224d24a4e2b42cbbb,f83baf5732ffbf88b9a448a3d9ab9fa270f7495fe44d1559c1ac49795a30881a,41f184a29ff88aaf275f3365267b8c909ce7598a,ridge_corrected_41f184a29ff8_6ed147cd_f83baf57
Ridge,5,3,2023-09-27,2023-10-02,10.34,12.994059461093295,2.6540594610932953,2.6540594610932953,7.044031623018833,100.0,submitted_main_linear_features_H5_18col,6ed147cd585e5e8083292683f9be3cf585e97e4d46fa0e3224d24a4e2b42cbbb,f83baf5732ffbf88b9a448a3d9ab9fa270f7495fe44d1559c1ac49795a30881a,41f184a29ff88aaf275f3365267b8c909ce7598a,ridge_corrected_41f184a29ff8_6ed147cd_f83baf57
Ridge,5,3,2023-09-28,2023-10-03,15.53,13.163886873767739,-2.3661131262322606,2.3661131262322606,5.598491326128602,100.0,submitted_main_linear_features_H5_18col,6ed147cd585e5e8083292683f9be3cf585e97e4d46fa0e3224d24a4e2b42cbbb,f83baf5732ffbf88b9a448a3d9ab9fa270f7495fe44d1559c1ac49795a30881a,41f184a29ff88aaf275f3365267b8c909ce7598a,ridge_corrected_41f184a29ff8_6ed147cd_f83baf57
Ridge,5,3,2023-09-29,2023-10-04,17.11,13.23741887892082,-3.872581121079179,3.872581121079179,14.99688453933887,100.0,submitted_main_linear_features_H5_18col,6ed147cd585e5e8083292683f9be3cf585e97e4d46fa0e3224d24a4e2b42cbbb,f83baf5732ffbf88b9a448a3d9ab9fa270f7495fe44d1559c1ac49795a30881a,41f184a29ff88aaf275f3365267b8c909ce7598a,ridge_corrected_41f184a29ff8_6ed147cd_f83baf57
Ridge,5,3,2023-09-30,2023-10-05,17.09,13.298838037290931,-3.7911619627090687,3.7911619627090687,14.372909027492078,100.0,submitted_main_linear_features_H5_18col,6ed147cd585e5e8083292683f9be3cf585e97e4d46fa0e3224d24a4e2b42cbbb,f83baf5732ffbf88b9a448a3d9ab9fa270f7495fe44d1559c1ac49795a30881a,41f184a29ff88aaf275f3365267b8c909ce7598a,ridge_corrected_41f184a29ff8_6ed147cd_f83baf57
Ridge,5,3,2023-10-01,2023-10-06,14.6,13.321371355615804,-1.2786286443841952,1.2786286443841952,1.6348912102397648,100.0,submitted_main_linear_features_H5_18col,6ed147cd585e5e8083292683f9be3cf585e97e4d46fa0e3224d24a4e2b42cbbb,f83baf5732ffbf88b9a448a3d9ab9fa270f7495fe44d1559c1ac49795a30881a,41f184a29ff88aaf275f3365267b8c909ce7598a,ridge_corrected_41f184a29ff8_6ed147cd_f83baf57
Ridge,5,3,2023-10-02,2023-10-07,15.72,12.349518965678897,-3.370481034321104,3.370481034321104,11.360142402718258,100.0,submitted_main_linear_features_H5_18col,6ed147cd585e5e8083292683f9be3cf585e97e4d46fa0e3224d24a4e2b42cbbb,f83baf5732ffbf88b9a448a3d9ab9fa270f7495fe44d1559c1ac49795a30881a,41f184a29ff88aaf275f3365267b8c909ce7598a,ridge_corrected_41f184a29ff8_6ed147cd_f83baf57
Ridge,5,3,2023-10-03,2023-10-08,16.32,12.352671001893075,-3.9673289981069253,3.9673289981069253,15.7396993792201,100.0,submitted_main_linear_features_H5_18col,6ed147cd585e5e8083292683f9be3cf585e97e4d46fa0e3224d24a4e2b42cbbb,f83baf5732ffbf88b9a448a3d9ab9fa270f7495fe44d1559c1ac49795a30881a,41f184a29ff88aaf275f3365267b8c909ce7598a,ridge_corrected_41f184a29ff8_6ed147cd_f83baf57
Ridge,5,3,2023-10-04,2023-10-09,13.67,13.101377953779094,-0.5686220462209057,0.5686220462209057,0.3233310314484499,100.0,submitted_main_linear_features_H5_18col,6ed147cd585e5e8083292683f9be3cf585e97e4d46fa0e3224d24a4e2b42cbbb,f83baf5732ffbf88b9a448a3d9ab9fa270f7495fe44d1559c1ac49795a30881a,41f184a29ff88aaf275f3365267b8c909ce7598a,ridge_corrected_41f184a29ff8_6ed147cd_f83baf57
Ridge,5,3,2023-10-05,2023-10-10,11.98,13.515710274073346,1.5357102740733453,1.5357102740733453,2.358406045894429,100.0,submitted_main_linear_features_H5_18col,6ed147cd585e5e8083292683f9be3cf585e97e4d46fa0e3224d24a4e2b42cbbb,f83baf5732ffbf88b9a448a3d9ab9fa270f7495fe44d1559c1ac49795a30881a,41f184a29ff88aaf275f3365267b8c909ce7598a,ridge_corrected_41f184a29ff8_6ed147cd_f83baf57
Ridge,5,3,2023-10-06,2023-10-11,10.32,13.753031406411068,3.433031406411068,3.433031406411068,11.785704637404756,100.0,submitted_main_linear_features_H5_18col,6ed147cd585e5e8083292683f9be3cf585e97e4d46fa0e3224d24a4e2b42cbbb,f83baf5732ffbf88b9a448a3d9ab9fa270f7495fe44d1559c1ac49795a30881a,41f184a29ff88aaf275f3365267b8c909ce7598a,ridge_corrected_41f184a29ff8_6ed147cd_f83baf57
Ridge,5,3,2023-10-07,2023-10-12,17.41,13.29129165744279,-4.118708342557211,4.118708342557211,16.963758411050367,100.0,submitted_main_linear_features_H5_18col,6ed147cd585e5e8083292683f9be3cf585e97e4d46fa0e3224d24a4e2b42cbbb,f83baf5732ffbf88b9a448a3d9ab9fa270f7495fe44d1559c1ac49795a30881a,41f184a29ff88aaf275f3365267b8c909ce7598a,ridge_corrected_41f184a29ff8_6ed147cd_f83baf57
Ridge,5,3,2023-10-08,2023-10-13,17.69,13.742939501967934,-3.9470604980320676,3.9470604980320676,15.579286575125154,100.0,submitted_main_linear_features_H5_18col,6ed147cd585e5e8083292683f9be3cf585e97e4d46fa0e3224d24a4e2b42cbbb,f83baf5732ffbf88b9a448a3d9ab9fa270f7495fe44d1559c1ac49795a30881a,41f184a29ff88aaf275f3365267b8c909ce7598a,ridge_corrected_41f184a29ff8_6ed147cd_f83baf57
Ridge,5,3,2023-10-09,2023-10-14,16.43,13.994812327664789,-2.4351876723352106,2.4351876723352106,5.930138999493381,100.0,submitted_main_linear_features_H5_18col,6ed147cd585e5e8083292683f9be3cf585e97e4d46fa0e3224d24a4e2b42cbbb,f83baf5732ffbf88b9a448a3d9ab9fa270f7495fe44d1559c1ac49795a30881a,41f184a29ff88aaf275f3365267b8c909ce7598a,ridge_corrected_41f184a29ff8_6ed147cd_f83baf57
Ridge,5,3,2023-10-10,2023-10-15,16.92,13.721768667108025,-3.198231332891977,3.198231332891977,10.228683658691992,100.0,submitted_main_linear_features_H5_18col,6ed147cd585e5e8083292683f9be3cf585e97e4d46fa0e3224d24a4e2b42cbbb,f83baf5732ffbf88b9a448a3d9ab9fa270f7495fe44d1559c1ac49795a30881a,41f184a29ff88aaf275f3365267b8c909ce7598a,ridge_corrected_41f184a29ff8_6ed147cd_f83baf57
Ridge,5,3,2023-10-11,2023-10-16,16.98,13.467594911453261,-3.512405088546739,3.512405088546739,12.336989506049026,100.0,submitted_main_linear_features_H5_18col,6ed147cd585e5e8083292683f9be3cf585e97e4d46fa0e3224d24a4e2b42cbbb,f83baf5732ffbf88b9a448a3d9ab9fa270f7495fe44d1559c1ac49795a30881a,41f184a29ff88aaf275f3365267b8c909ce7598a,ridge_corrected_41f184a29ff8_6ed147cd_f83baf57
Ridge,5,3,2023-10-12,2023-10-17,16.64,12.870504533183853,-3.7694954668161476,3.7694954668161476,14.209096074347487,100.0,submitted_main_linear_features_H5_18col,6ed147cd585e5e8083292683f9be3cf585e97e4d46fa0e3224d24a4e2b42cbbb,f83baf5732ffbf88b9a448a3d9ab9fa270f7495fe44d1559c1ac49795a30881a,41f184a29ff88aaf275f3365267b8c909ce7598a,ridge_corrected_41f184a29ff8_6ed147cd_f83baf57
Ridge,5,3,2023-10-13,2023-10-18,16.4,13.749935158383543,-2.650064841616455,2.650064841616455,7.0228436647716475,100.0,submitted_main_linear_features_H5_18col,6ed147cd585e5e8083292683f9be3cf585e97e4d46fa0e3224d24a4e2b42cbbb,f83baf5732ffbf88b9a448a3d9ab9fa270f7495fe44d1559c1ac49795a30881a,41f184a29ff88aaf275f3365267b8c909ce7598a,ridge_corrected_41f184a29ff8_6ed147cd_f83baf57
Ridge,5,3,2023-10-14,2023-10-19,16.8,13.95264989380151,-2.8473501061984905,2.8473501061984905,8.107402627268556,100.0,submitted_main_linear_features_H5_18col,6ed147cd585e5e8083292683f9be3cf585e97e4d46fa0e3224d24a4e2b42cbbb,f83baf5732ffbf88b9a448a3d9ab9fa270f7495fe44d1559c1ac49795a30881a,41f184a29ff88aaf275f3365267b8c909ce7598a,ridge_corrected_41f184a29ff8_6ed147cd_f83baf57
Ridge,5,3,2023-10-15,2023-10-20,17.82,13.737379835067681,-4.082620164932319,4.082620164932319,16.667787411111995,100.0,submitted_main_linear_features_H5_18col,6ed147cd585e5e8083292683f9be3cf585e97e4d46fa0e3224d24a4e2b42cbbb,f83baf5732ffbf88b9a448a3d9ab9fa270f7495fe44d1559c1ac49795a30881a,41f184a29ff88aaf275f3365267b8c909ce7598a,ridge_corrected_41f184a29ff8_6ed147cd_f83baf57
Ridge,5,3,2023-10-16,2023-10-21,16.32,13.899598178704238,-2.420401821295762,2.420401821295762,5.858344976531842,100.0,submitted_main_linear_features_H5_18col,6ed147cd585e5e8083292683f9be3cf585e97e4d46fa0e3224d24a4e2b42cbbb,f83baf5732ffbf88b9a448a3d9ab9fa270f7495fe44d1559c1ac49795a30881a,41f184a29ff88aaf275f3365267b8c909ce7598a,ridge_corrected_41f184a29ff8_6ed147cd_f83baf57
Ridge,5,3,2023-10-17,2023-10-22,13.3,13.969791515232165,0.6697915152321645,0.6697915152321645,0.4486206738769989,100.0,submitted_main_linear_features_H5_18col,6ed147cd585e5e8083292683f9be3cf585e97e4d46fa0e3224d24a4e2b42cbbb,f83baf5732ffbf88b9a448a3d9ab9fa270f7495fe44d1559c1ac49795a30881a,41f184a29ff88aaf275f3365267b8c909ce7598a,ridge_corrected_41f184a29ff8_6ed147cd_f83baf57
Ridge,5,3,2023-10-18,2023-10-23,15.79,13.876294577753656,-1.913705422246343,1.913705422246343,3.662268443135054,100.0,submitted_main_linear_features_H5_18col,6ed147cd585e5e8083292683f9be3cf585e97e4d46fa0e3224d24a4e2b42cbbb,f83baf5732ffbf88b9a448a3d9ab9fa270f7495fe44d1559c1ac49795a30881a,41f184a29ff88aaf275f3365267b8c909ce7598a,ridge_corrected_41f184a29ff8_6ed147cd_f83baf57
Ridge,5,3,2023-10-19,2023-10-24,15.18,13.970220583834106,-1.209779416165894,1.209779416165894,1.4635662357786912,100.0,submitted_main_linear_features_H5_18col,6ed147cd585e5e8083292683f9be3cf585e97e4d46fa0e3224d24a4e2b42cbbb,f83baf5732ffbf88b9a448a3d9ab9fa270f7495fe44d1559c1ac49795a30881a,41f184a29ff88aaf275f3365267b8c909ce7598a,ridge_corrected_41f184a29ff8_6ed147cd_f83baf57
Ridge,5,3,2023-10-20,2023-10-25,17.23,14.617868529198823,-2.6121314708011774,2.6121314708011774,6.823230820749922,100.0,submitted_main_linear_features_H5_18col,6ed147cd585e5e8083292683f9be3cf585e97e4d46fa0e3224d24a4e2b42cbbb,f83baf5732ffbf88b9a448a3d9ab9fa270f7495fe44d1559c1ac49795a30881a,41f184a29ff88aaf275f3365267b8c909ce7598a,ridge_corrected_41f184a29ff8_6ed147cd_f83baf57
Ridge,5,3,2023-10-21,2023-10-26,17.98,14.815327032275663,-3.1646729677243375,3.1646729677243375,10.015154992645165,100.0,submitted_main_linear_features_H5_18col,6ed147cd585e5e8083292683f9be3cf585e97e4d46fa0e3224d24a4e2b42cbbb,f83baf5732ffbf88b9a448a3d9ab9fa270f7495fe44d1559c1ac49795a30881a,41f184a29ff88aaf275f3365267b8c909ce7598a,ridge_corrected_41f184a29ff8_6ed147cd_f83baf57
Ridge,5,3,2023-10-22,2023-10-27,16.37,14.566451627367776,-1.8035483726322248,1.8035483726322248,3.2527867324243465,100.0,submitted_main_linear_features_H5_18col,6ed147cd585e5e8083292683f9be3cf585e97e4d46fa0e3224d24a4e2b42cbbb,f83baf5732ffbf88b9a448a3d9ab9fa270f7495fe44d1559c1ac49795a30881a,41f184a29ff88aaf275f3365267b8c909ce7598a,ridge_corrected_41f184a29ff8_6ed147cd_f83baf57
Ridge,5,3,2023-10-23,2023-10-28,16.44,13.971920526627844,-2.468079473372157,2.468079473372157,6.091416286880984,100.0,submitted_main_linear_features_H5_18col,6ed147cd585e5e8083292683f9be3cf585e97e4d46fa0e3224d24a4e2b42cbbb,f83baf5732ffbf88b9a448a3d9ab9fa270f7495fe44d1559c1ac49795a30881a,41f184a29ff88aaf275f3365267b8c909ce7598a,ridge_corrected_41f184a29ff8_6ed147cd_f83baf57
Ridge,5,3,2023-10-24,2023-10-29,14.12,14.144433824274705,0.02443382427470553,0.02443382427470553,0.0005970117686871891,100.0,submitted_main_linear_features_H5_18col,6ed147cd585e5e8083292683f9be3cf585e97e4d46fa0e3224d24a4e2b42cbbb,f83baf5732ffbf88b9a448a3d9ab9fa270f7495fe44d1559c1ac49795a30881a,41f184a29ff88aaf275f3365267b8c909ce7598a,ridge_corrected_41f184a29ff8_6ed147cd_f83baf57
Ridge,5,3,2023-10-25,2023-10-30,15.59,14.08408172304759,-1.5059182769524107,1.5059182769524107,2.2677898568593173,100.0,submitted_main_linear_features_H5_18col,6ed147cd585e5e8083292683f9be3cf585e97e4d46fa0e3224d24a4e2b42cbbb,f83baf5732ffbf88b9a448a3d9ab9fa270f7495fe44d1559c1ac49795a30881a,41f184a29ff88aaf275f3365267b8c909ce7598a,ridge_corrected_41f184a29ff8_6ed147cd_f83baf57
Ridge,5,3,2023-10-26,2023-10-31,17.76,14.76170350625839,-2.998296493741611,2.998296493741611,8.989781864383238,100.0,submitted_main_linear_features_H5_18col,6ed147cd585e5e8083292683f9be3cf585e97e4d46fa0e3224d24a4e2b42cbbb,f83baf5732ffbf88b9a448a3d9ab9fa270f7495fe44d1559c1ac49795a30881a,41f184a29ff88aaf275f3365267b8c909ce7598a,ridge_corrected_41f184a29ff8_6ed147cd_f83baf57
