model,horizon,outer_fold,feature_date,target_date,y_true,y_pred,error,absolute_error,squared_error,event_tau15,event_tau16,event_tau17,dataset_sha256,split_sha256,git_commit,run_id
Persistence,1,1,2021-09-29,2021-09-30,17.11,17.17,0.060000000000002274,0.060000000000002274,0.0036000000000002727,1,1,1,6ed147cd585e5e8083292683f9be3cf585e97e4d46fa0e3224d24a4e2b42cbbb,f83baf5732ffbf88b9a448a3d9ab9fa270f7495fe44d1559c1ac49795a30881a,2bbf5eba419b0650693f1e88326107bf9a346c68,persistence_corrected_2bbf5eba419b_6ed147cd_f83baf57
Persistence,1,1,2021-09-30,2021-10-01,12.83,17.11,4.279999999999999,4.279999999999999,18.318399999999993,0,0,0,6ed147cd585e5e8083292683f9be3cf585e97e4d46fa0e3224d24a4e2b42cbbb,f83baf5732ffbf88b9a448a3d9ab9fa270f7495fe44d1559c1ac49795a30881a,2bbf5eba419b0650693f1e88326107bf9a346c68,persistence_corrected_2bbf5eba419b_6ed147cd_f83baf57
Persistence,1,1,2021-10-01,2021-10-02,12.78,12.83,0.05000000000000071,0.05000000000000071,0.002500000000000071,0,0,0,6ed147cd585e5e8083292683f9be3cf585e97e4d46fa0e3224d24a4e2b42cbbb,f83baf5732ffbf88b9a448a3d9ab9fa270f7495fe44d1559c1ac49795a30881a,2bbf5eba419b0650693f1e88326107bf9a346c68,persistence_corrected_2bbf5eba419b_6ed147cd_f83baf57
Persistence,1,1,2021-10-02,2021-10-03,13.13,12.78,-0.3500000000000014,0.3500000000000014,0.122500000000001,0,0,0,6ed147cd585e5e8083292683f9be3cf585e97e4d46fa0e3224d24a4e2b42cbbb,f83baf5732ffbf88b9a448a3d9ab9fa270f7495fe44d1559c1ac49795a30881a,2bbf5eba419b0650693f1e88326107bf9a346c68,persistence_corrected_2bbf5eba419b_6ed147cd_f83baf57
Persistence,1,1,2021-10-03,2021-10-04,15.38,13.13,-2.25,2.25,5.0625,1,0,0,6ed147cd585e5e8083292683f9be3cf585e97e4d46fa0e3224d24a4e2b42cbbb,f83baf5732ffbf88b9a448a3d9ab9fa270f7495fe44d1559c1ac49795a30881a,2bbf5eba419b0650693f1e88326107bf9a346c68,persistence_corrected_2bbf5eba419b_6ed147cd_f83baf57
Persistence,1,1,2021-10-04,2021-10-05,15.49,15.38,-0.10999999999999943,0.10999999999999943,0.012099999999999875,1,0,0,6ed147cd585e5e8083292683f9be3cf585e97e4d46fa0e3224d24a4e2b42cbbb,f83baf5732ffbf88b9a448a3d9ab9fa270f7495fe44d1559c1ac49795a30881a,2bbf5eba419b0650693f1e88326107bf9a346c68,persistence_corrected_2bbf5eba419b_6ed147cd_f83baf57
Persistence,1,1,2021-10-05,2021-10-06,16.42,15.49,-0.9300000000000015,0.9300000000000015,0.8649000000000028,1,1,0,6ed147cd585e5e8083292683f9be3cf585e97e4d46fa0e3224d24a4e2b42cbbb,f83baf5732ffbf88b9a448a3d9ab9fa270f7495fe44d1559c1ac49795a30881a,2bbf5eba419b0650693f1e88326107bf9a346c68,persistence_corrected_2bbf5eba419b_6ed147cd_f83baf57
Persistence,1,1,2021-10-06,2021-10-07,15.95,16.42,0.4700000000000024,0.4700000000000024,0.22090000000000226,1,0,0,6ed147cd585e5e8083292683f9be3cf585e97e4d46fa0e3224d24a4e2b42cbbb,f83baf5732ffbf88b9a448a3d9ab9fa270f7495fe44d1559c1ac49795a30881a,2bbf5eba419b0650693f1e88326107bf9a346c68,persistence_corrected_2bbf5eba419b_6ed147cd_f83baf57
Persistence,1,1,2021-10-07,2021-10-08,15.19,15.95,0.7599999999999998,0.7599999999999998,0.5775999999999997,1,0,0,6ed147cd585e5e8083292683f9be3cf585e97e4d46fa0e3224d24a4e2b42cbbb,f83baf5732ffbf88b9a448a3d9ab9fa270f7495fe44d1559c1ac49795a30881a,2bbf5eba419b0650693f1e88326107bf9a346c68,persistence_corrected_2bbf5eba419b_6ed147cd_f83baf57
Persistence,1,1,2021-10-08,2021-10-09,13.78,15.19,1.4100000000000001,1.4100000000000001,1.9881000000000004,0,0,0,6ed147cd585e5e8083292683f9be3cf585e97e4d46fa0e3224d24a4e2b42cbbb,f83baf5732ffbf88b9a448a3d9ab9fa270f7495fe44d1559c1ac49795a30881a,2bbf5eba419b0650693f1e88326107bf9a346c68,persistence_corrected_2bbf5eba419b_6ed147cd_f83baf57
Persistence,1,1,2021-10-09,2021-10-10,13.13,13.78,0.6499999999999986,0.6499999999999986,0.42249999999999815,0,0,0,6ed147cd585e5e8083292683f9be3cf585e97e4d46fa0e3224d24a4e2b42cbbb,f83baf5732ffbf88b9a448a3d9ab9fa270f7495fe44d1559c1ac49795a30881a,2bbf5eba419b0650693f1e88326107bf9a346c68,persistence_corrected_2bbf5eba419b_6ed147cd_f83baf57
Persistence,1,1,2021-10-10,2021-10-11,14.65,13.13,-1.5199999999999996,1.5199999999999996,2.3103999999999987,0,0,0,6ed147cd585e5e8083292683f9be3cf585e97e4d46fa0e3224d24a4e2b42cbbb,f83baf5732ffbf88b9a448a3d9ab9fa270f7495fe44d1559c1ac49795a30881a,2bbf5eba419b0650693f1e88326107bf9a346c68,persistence_corrected_2bbf5eba419b_6ed147cd_f83baf57
Persistence,1,1,2021-10-11,2021-10-12,12.77,14.65,1.8800000000000008,1.8800000000000008,3.534400000000003,0,0,0,6ed147cd585e5e8083292683f9be3cf585e97e4d46fa0e3224d24a4e2b42cbbb,f83baf5732ffbf88b9a448a3d9ab9fa270f7495fe44d1559c1ac49795a30881a,2bbf5eba419b0650693f1e88326107bf9a346c68,persistence_corrected_2bbf5eba419b_6ed147cd_f83baf57
Persistence,1,1,2021-10-12,2021-10-13,14.23,12.77,-1.4600000000000009,1.4600000000000009,2.1316000000000024,0,0,0,6ed147cd585e5e8083292683f9be3cf585e97e4d46fa0e3224d24a4e2b42cbbb,f83baf5732ffbf88b9a448a3d9ab9fa270f7495fe44d1559c1ac49795a30881a,2bbf5eba419b0650693f1e88326107bf9a346c68,persistence_corrected_2bbf5eba419b_6ed147cd_f83baf57
Persistence,1,1,2021-10-13,2021-10-14,16.94,14.23,-2.710000000000001,2.710000000000001,7.3441000000000045,1,1,0,6ed147cd585e5e8083292683f9be3cf585e97e4d46fa0e3224d24a4e2b42cbbb,f83baf5732ffbf88b9a448a3d9ab9fa270f7495fe44d1559c1ac49795a30881a,2bbf5eba419b0650693f1e88326107bf9a346c68,persistence_corrected_2bbf5eba419b_6ed147cd_f83baf57
Persistence,1,1,2021-10-14,2021-10-15,15.1,16.94,1.8400000000000016,1.8400000000000016,3.385600000000006,1,0,0,6ed147cd585e5e8083292683f9be3cf585e97e4d46fa0e3224d24a4e2b42cbbb,f83baf5732ffbf88b9a448a3d9ab9fa270f7495fe44d1559c1ac49795a30881a,2bbf5eba419b0650693f1e88326107bf9a346c68,persistence_corrected_2bbf5eba419b_6ed147cd_f83baf57
Persistence,1,1,2021-10-15,2021-10-16,11.35,15.1,3.75,3.75,14.0625,0,0,0,6ed147cd585e5e8083292683f9be3cf585e97e4d46fa0e3224d24a4e2b42cbbb,f83baf5732ffbf88b9a448a3d9ab9fa270f7495fe44d1559c1ac49795a30881a,2bbf5eba419b0650693f1e88326107bf9a346c68,persistence_corrected_2bbf5eba419b_6ed147cd_f83baf57
Persistence,1,1,2021-10-16,2021-10-17,11.58,11.35,-0.23000000000000043,0.23000000000000043,0.0529000000000002,0,0,0,6ed147cd585e5e8083292683f9be3cf585e97e4d46fa0e3224d24a4e2b42cbbb,f83baf5732ffbf88b9a448a3d9ab9fa270f7495fe44d1559c1ac49795a30881a,2bbf5eba419b0650693f1e88326107bf9a346c68,persistence_corrected_2bbf5eba419b_6ed147cd_f83baf57
Persistence,1,1,2021-10-17,2021-10-18,13.26,11.58,-1.6799999999999997,1.6799999999999997,2.822399999999999,0,0,0,6ed147cd585e5e8083292683f9be3cf585e97e4d46fa0e3224d24a4e2b42cbbb,f83baf5732ffbf88b9a448a3d9ab9fa270f7495fe44d1559c1ac49795a30881a,2bbf5eba419b0650693f1e88326107bf9a346c68,persistence_corrected_2bbf5eba419b_6ed147cd_f83baf57
Persistence,1,1,2021-10-18,2021-10-19,14.13,13.26,-0.870000000000001,0.870000000000001,0.7569000000000017,0,0,0,6ed147cd585e5e8083292683f9be3cf585e97e4d46fa0e3224d24a4e2b42cbbb,f83baf5732ffbf88b9a448a3d9ab9fa270f7495fe44d1559c1ac49795a30881a,2bbf5eba419b0650693f1e88326107bf9a346c68,persistence_corrected_2bbf5eba419b_6ed147cd_f83baf57
Persistence,1,1,2021-10-19,2021-10-20,17.01,14.13,-2.880000000000001,2.880000000000001,8.294400000000005,1,1,1,6ed147cd585e5e8083292683f9be3cf585e97e4d46fa0e3224d24a4e2b42cbbb,f83baf5732ffbf88b9a448a3d9ab9fa270f7495fe44d1559c1ac49795a30881a,2bbf5eba419b0650693f1e88326107bf9a346c68,persistence_corrected_2bbf5eba419b_6ed147cd_f83baf57
Persistence,1,1,2021-10-20,2021-10-21,14.11,17.01,2.900000000000002,2.900000000000002,8.410000000000013,0,0,0,6ed147cd585e5e8083292683f9be3cf585e97e4d46fa0e3224d24a4e2b42cbbb,f83baf5732ffbf88b9a448a3d9ab9fa270f7495fe44d1559c1ac49795a30881a,2bbf5eba419b0650693f1e88326107bf9a346c68,persistence_corrected_2bbf5eba419b_6ed147cd_f83baf57
Persistence,1,1,2021-10-21,2021-10-22,13.32,14.11,0.7899999999999991,0.7899999999999991,0.6240999999999987,0,0,0,6ed147cd585e5e8083292683f9be3cf585e97e4d46fa0e3224d24a4e2b42cbbb,f83baf5732ffbf88b9a448a3d9ab9fa270f7495fe44d1559c1ac49795a30881a,2bbf5eba419b0650693f1e88326107bf9a346c68,persistence_corrected_2bbf5eba419b_6ed147cd_f83baf57
Persistence,1,1,2021-10-22,2021-10-23,14.24,13.32,-0.9199999999999999,0.9199999999999999,0.8463999999999998,0,0,0,6ed147cd585e5e8083292683f9be3cf585e97e4d46fa0e3224d24a4e2b42cbbb,f83baf5732ffbf88b9a448a3d9ab9fa270f7495fe44d1559c1ac49795a30881a,2bbf5eba419b0650693f1e88326107bf9a346c68,persistence_corrected_2bbf5eba419b_6ed147cd_f83baf57
Persistence,1,1,2021-10-23,2021-10-24,15.48,14.24,-1.2400000000000002,1.2400000000000002,1.5376000000000005,1,0,0,6ed147cd585e5e8083292683f9be3cf585e97e4d46fa0e3224d24a4e2b42cbbb,f83baf5732ffbf88b9a448a3d9ab9fa270f7495fe44d1559c1ac49795a30881a,2bbf5eba419b0650693f1e88326107bf9a346c68,persistence_corrected_2bbf5eba419b_6ed147cd_f83baf57
Persistence,1,1,2021-10-24,2021-10-25,19.6,15.48,-4.120000000000001,4.120000000000001,16.97440000000001,1,1,1,6ed147cd585e5e8083292683f9be3cf585e97e4d46fa0e3224d24a4e2b42cbbb,f83baf5732ffbf88b9a448a3d9ab9fa270f7495fe44d1559c1ac49795a30881a,2bbf5eba419b0650693f1e88326107bf9a346c68,persistence_corrected_2bbf5eba419b_6ed147cd_f83baf57
Persistence,1,1,2021-10-25,2021-10-26,15.56,19.6,4.040000000000001,4.040000000000001,16.321600000000007,1,0,0,6ed147cd585e5e8083292683f9be3cf585e97e4d46fa0e3224d24a4e2b42cbbb,f83baf5732ffbf88b9a448a3d9ab9fa270f7495fe44d1559c1ac49795a30881a,2bbf5eba419b0650693f1e88326107bf9a346c68,persistence_corrected_2bbf5eba419b_6ed147cd_f83baf57
Persistence,1,1,2021-10-26,2021-10-27,13.31,15.56,2.25,2.25,5.0625,0,0,0,6ed147cd585e5e8083292683f9be3cf585e97e4d46fa0e3224d24a4e2b42cbbb,f83baf5732ffbf88b9a448a3d9ab9fa270f7495fe44d1559c1ac49795a30881a,2bbf5eba419b0650693f1e88326107bf9a346c68,persistence_corrected_2bbf5eba419b_6ed147cd_f83baf57
Persistence,1,1,2021-10-27,2021-10-28,15.19,13.31,-1.879999999999999,1.879999999999999,3.534399999999996,1,0,0,6ed147cd585e5e8083292683f9be3cf585e97e4d46fa0e3224d24a4e2b42cbbb,f83baf5732ffbf88b9a448a3d9ab9fa270f7495fe44d1559c1ac49795a30881a,2bbf5eba419b0650693f1e88326107bf9a346c68,persistence_corrected_2bbf5eba419b_6ed147cd_f83baf57
Persistence,1,1,2021-10-28,2021-10-29,17.0,15.19,-1.8100000000000005,1.8100000000000005,3.276100000000002,1,1,1,6ed147cd585e5e8083292683f9be3cf585e97e4d46fa0e3224d24a4e2b42cbbb,f83baf5732ffbf88b9a448a3d9ab9fa270f7495fe44d1559c1ac49795a30881a,2bbf5eba419b0650693f1e88326107bf9a346c68,persistence_corrected_2bbf5eba419b_6ed147cd_f83baf57
Persistence,1,1,2021-10-29,2021-10-30,15.17,17.0,1.83,1.83,3.3489000000000004,1,0,0,6ed147cd585e5e8083292683f9be3cf585e97e4d46fa0e3224d24a4e2b42cbbb,f83baf5732ffbf88b9a448a3d9ab9fa270f7495fe44d1559c1ac49795a30881a,2bbf5eba419b0650693f1e88326107bf9a346c68,persistence_corrected_2bbf5eba419b_6ed147cd_f83baf57
Persistence,1,1,2021-10-30,2021-10-31,14.34,15.17,0.8300000000000001,0.8300000000000001,0.6889000000000001,0,0,0,6ed147cd585e5e8083292683f9be3cf585e97e4d46fa0e3224d24a4e2b42cbbb,f83baf5732ffbf88b9a448a3d9ab9fa270f7495fe44d1559c1ac49795a30881a,2bbf5eba419b0650693f1e88326107bf9a346c68,persistence_corrected_2bbf5eba419b_6ed147cd_f83baf57
Persistence,1,1,2021-10-31,2021-11-01,15.41,14.34,-1.0700000000000003,1.0700000000000003,1.1449000000000007,1,0,0,6ed147cd585e5e8083292683f9be3cf585e97e4d46fa0e3224d24a4e2b42cbbb,f83baf5732ffbf88b9a448a3d9ab9fa270f7495fe44d1559c1ac49795a30881a,2bbf5eba419b0650693f1e88326107bf9a346c68,persistence_corrected_2bbf5eba419b_6ed147cd_f83baf57
Persistence,1,1,2021-11-01,2021-11-02,15.17,15.41,0.2400000000000002,0.2400000000000002,0.0576000000000001,1,0,0,6ed147cd585e5e8083292683f9be3cf585e97e4d46fa0e3224d24a4e2b42cbbb,f83baf5732ffbf88b9a448a3d9ab9fa270f7495fe44d1559c1ac49795a30881a,2bbf5eba419b0650693f1e88326107bf9a346c68,persistence_corrected_2bbf5eba419b_6ed147cd_f83baf57
Persistence,1,1,2021-11-02,2021-11-03,13.4,15.17,1.7699999999999996,1.7699999999999996,3.1328999999999985,0,0,0,6ed147cd585e5e8083292683f9be3cf585e97e4d46fa0e3224d24a4e2b42cbbb,f83baf5732ffbf88b9a448a3d9ab9fa270f7495fe44d1559c1ac49795a30881a,2bbf5eba419b0650693f1e88326107bf9a346c68,persistence_corrected_2bbf5eba419b_6ed147cd_f83baf57
Persistence,1,1,2021-11-03,2021-11-04,15.12,13.4,-1.7199999999999989,1.7199999999999989,2.958399999999996,1,0,0,6ed147cd585e5e8083292683f9be3cf585e97e4d46fa0e3224d24a4e2b42cbbb,f83baf5732ffbf88b9a448a3d9ab9fa270f7495fe44d1559c1ac49795a30881a,2bbf5eba419b0650693f1e88326107bf9a346c68,persistence_corrected_2bbf5eba419b_6ed147cd_f83baf57
Persistence,1,1,2021-11-04,2021-11-05,12.8,15.12,2.3199999999999985,2.3199999999999985,5.382399999999993,0,0,0,6ed147cd585e5e8083292683f9be3cf585e97e4d46fa0e3224d24a4e2b42cbbb,f83baf5732ffbf88b9a448a3d9ab9fa270f7495fe44d1559c1ac49795a30881a,2bbf5eba419b0650693f1e88326107bf9a346c68,persistence_corrected_2bbf5eba419b_6ed147cd_f83baf57
Persistence,1,1,2021-11-05,2021-11-06,12.34,12.8,0.46000000000000085,0.46000000000000085,0.2116000000000008,0,0,0,6ed147cd585e5e8083292683f9be3cf585e97e4d46fa0e3224d24a4e2b42cbbb,f83baf5732ffbf88b9a448a3d9ab9fa270f7495fe44d1559c1ac49795a30881a,2bbf5eba419b0650693f1e88326107bf9a346c68,persistence_corrected_2bbf5eba419b_6ed147cd_f83baf57
Persistence,1,1,2021-11-06,2021-11-07,13.03,12.34,-0.6899999999999995,0.6899999999999995,0.4760999999999993,0,0,0,6ed147cd585e5e8083292683f9be3cf585e97e4d46fa0e3224d24a4e2b42cbbb,f83baf5732ffbf88b9a448a3d9ab9fa270f7495fe44d1559c1ac49795a30881a,2bbf5eba419b0650693f1e88326107bf9a346c68,persistence_corrected_2bbf5eba419b_6ed147cd_f83baf57
Persistence,1,1,2021-11-07,2021-11-08,13.2,13.03,-0.16999999999999993,0.16999999999999993,0.028899999999999974,0,0,0,6ed147cd585e5e8083292683f9be3cf585e97e4d46fa0e3224d24a4e2b42cbbb,f83baf5732ffbf88b9a448a3d9ab9fa270f7495fe44d1559c1ac49795a30881a,2bbf5eba419b0650693f1e88326107bf9a346c68,persistence_corrected_2bbf5eba419b_6ed147cd_f83baf57
Persistence,1,1,2021-11-08,2021-11-09,14.39,13.2,-1.1900000000000013,1.1900000000000013,1.416100000000003,0,0,0,6ed147cd585e5e8083292683f9be3cf585e97e4d46fa0e3224d24a4e2b42cbbb,f83baf5732ffbf88b9a448a3d9ab9fa270f7495fe44d1559c1ac49795a30881a,2bbf5eba419b0650693f1e88326107bf9a346c68,persistence_corrected_2bbf5eba419b_6ed147cd_f83baf57
Persistence,1,1,2021-11-09,2021-11-10,11.54,14.39,2.8500000000000014,2.8500000000000014,8.122500000000008,0,0,0,6ed147cd585e5e8083292683f9be3cf585e97e4d46fa0e3224d24a4e2b42cbbb,f83baf5732ffbf88b9a448a3d9ab9fa270f7495fe44d1559c1ac49795a30881a,2bbf5eba419b0650693f1e88326107bf9a346c68,persistence_corrected_2bbf5eba419b_6ed147cd_f83baf57
Persistence,1,1,2021-11-10,2021-11-11,12.82,11.54,-1.2800000000000011,1.2800000000000011,1.638400000000003,0,0,0,6ed147cd585e5e8083292683f9be3cf585e97e4d46fa0e3224d24a4e2b42cbbb,f83baf5732ffbf88b9a448a3d9ab9fa270f7495fe44d1559c1ac49795a30881a,2bbf5eba419b0650693f1e88326107bf9a346c68,persistence_corrected_2bbf5eba419b_6ed147cd_f83baf57
Persistence,1,1,2021-11-11,2021-11-12,13.54,12.82,-0.7199999999999989,0.7199999999999989,0.5183999999999984,0,0,0,6ed147cd585e5e8083292683f9be3cf585e97e4d46fa0e3224d24a4e2b42cbbb,f83baf5732ffbf88b9a448a3d9ab9fa270f7495fe44d1559c1ac49795a30881a,2bbf5eba419b0650693f1e88326107bf9a346c68,persistence_corrected_2bbf5eba419b_6ed147cd_f83baf57
Persistence,1,1,2021-11-12,2021-11-13,13.92,13.54,-0.3800000000000008,0.3800000000000008,0.14440000000000058,0,0,0,6ed147cd585e5e8083292683f9be3cf585e97e4d46fa0e3224d24a4e2b42cbbb,f83baf5732ffbf88b9a448a3d9ab9fa270f7495fe44d1559c1ac49795a30881a,2bbf5eba419b0650693f1e88326107bf9a346c68,persistence_corrected_2bbf5eba419b_6ed147cd_f83baf57
Persistence,1,1,2021-11-13,2021-11-14,15.8,13.92,-1.8800000000000008,1.8800000000000008,3.534400000000003,1,0,0,6ed147cd585e5e8083292683f9be3cf585e97e4d46fa0e3224d24a4e2b42cbbb,f83baf5732ffbf88b9a448a3d9ab9fa270f7495fe44d1559c1ac49795a30881a,2bbf5eba419b0650693f1e88326107bf9a346c68,persistence_corrected_2bbf5eba419b_6ed147cd_f83baf57
Persistence,1,1,2021-11-14,2021-11-15,14.69,15.8,1.1100000000000012,1.1100000000000012,1.2321000000000026,0,0,0,6ed147cd585e5e8083292683f9be3cf585e97e4d46fa0e3224d24a4e2b42cbbb,f83baf5732ffbf88b9a448a3d9ab9fa270f7495fe44d1559c1ac49795a30881a,2bbf5eba419b0650693f1e88326107bf9a346c68,persistence_corrected_2bbf5eba419b_6ed147cd_f83baf57
Persistence,1,1,2021-11-15,2021-11-16,12.83,14.69,1.8599999999999994,1.8599999999999994,3.459599999999998,0,0,0,6ed147cd585e5e8083292683f9be3cf585e97e4d46fa0e3224d24a4e2b42cbbb,f83baf5732ffbf88b9a448a3d9ab9fa270f7495fe44d1559c1ac49795a30881a,2bbf5eba419b0650693f1e88326107bf9a346c68,persistence_corrected_2bbf5eba419b_6ed147cd_f83baf57
Persistence,1,1,2021-11-16,2021-11-17,12.32,12.83,0.5099999999999998,0.5099999999999998,0.2600999999999998,0,0,0,6ed147cd585e5e8083292683f9be3cf585e97e4d46fa0e3224d24a4e2b42cbbb,f83baf5732ffbf88b9a448a3d9ab9fa270f7495fe44d1559c1ac49795a30881a,2bbf5eba419b0650693f1e88326107bf9a346c68,persistence_corrected_2bbf5eba419b_6ed147cd_f83baf57
Persistence,1,1,2021-11-17,2021-11-18,17.99,12.32,-5.669999999999998,5.669999999999998,32.148899999999976,1,1,1,6ed147cd585e5e8083292683f9be3cf585e97e4d46fa0e3224d24a4e2b42cbbb,f83baf5732ffbf88b9a448a3d9ab9fa270f7495fe44d1559c1ac49795a30881a,2bbf5eba419b0650693f1e88326107bf9a346c68,persistence_corrected_2bbf5eba419b_6ed147cd_f83baf57
Persistence,1,1,2021-11-18,2021-11-19,17.94,17.99,0.04999999999999716,0.04999999999999716,0.002499999999999716,1,1,1,6ed147cd585e5e8083292683f9be3cf585e97e4d46fa0e3224d24a4e2b42cbbb,f83baf5732ffbf88b9a448a3d9ab9fa270f7495fe44d1559c1ac49795a30881a,2bbf5eba419b0650693f1e88326107bf9a346c68,persistence_corrected_2bbf5eba419b_6ed147cd_f83baf57
Persistence,1,1,2021-11-19,2021-11-20,11.8,17.94,6.140000000000001,6.140000000000001,37.699600000000004,0,0,0,6ed147cd585e5e8083292683f9be3cf585e97e4d46fa0e3224d24a4e2b42cbbb,f83baf5732ffbf88b9a448a3d9ab9fa270f7495fe44d1559c1ac49795a30881a,2bbf5eba419b0650693f1e88326107bf9a346c68,persistence_corrected_2bbf5eba419b_6ed147cd_f83baf57
Persistence,1,1,2021-11-20,2021-11-21,11.89,11.8,-0.08999999999999986,0.08999999999999986,0.008099999999999975,0,0,0,6ed147cd585e5e8083292683f9be3cf585e97e4d46fa0e3224d24a4e2b42cbbb,f83baf5732ffbf88b9a448a3d9ab9fa270f7495fe44d1559c1ac49795a30881a,2bbf5eba419b0650693f1e88326107bf9a346c68,persistence_corrected_2bbf5eba419b_6ed147cd_f83baf57
Persistence,1,1,2021-11-21,2021-11-22,12.22,11.89,-0.33000000000000007,0.33000000000000007,0.10890000000000005,0,0,0,6ed147cd585e5e8083292683f9be3cf585e97e4d46fa0e3224d24a4e2b42cbbb,f83baf5732ffbf88b9a448a3d9ab9fa270f7495fe44d1559c1ac49795a30881a,2bbf5eba419b0650693f1e88326107bf9a346c68,persistence_corrected_2bbf5eba419b_6ed147cd_f83baf57
Persistence,1,1,2021-11-22,2021-11-23,13.13,12.22,-0.9100000000000001,0.9100000000000001,0.8281000000000003,0,0,0,6ed147cd585e5e8083292683f9be3cf585e97e4d46fa0e3224d24a4e2b42cbbb,f83baf5732ffbf88b9a448a3d9ab9fa270f7495fe44d1559c1ac49795a30881a,2bbf5eba419b0650693f1e88326107bf9a346c68,persistence_corrected_2bbf5eba419b_6ed147cd_f83baf57
Persistence,1,1,2021-11-23,2021-11-24,16.36,13.13,-3.2299999999999986,3.2299999999999986,10.432899999999991,1,1,0,6ed147cd585e5e8083292683f9be3cf585e97e4d46fa0e3224d24a4e2b42cbbb,f83baf5732ffbf88b9a448a3d9ab9fa270f7495fe44d1559c1ac49795a30881a,2bbf5eba419b0650693f1e88326107bf9a346c68,persistence_corrected_2bbf5eba419b_6ed147cd_f83baf57
Persistence,1,1,2021-11-24,2021-11-25,12.85,16.36,3.51,3.51,12.320099999999998,0,0,0,6ed147cd585e5e8083292683f9be3cf585e97e4d46fa0e3224d24a4e2b42cbbb,f83baf5732ffbf88b9a448a3d9ab9fa270f7495fe44d1559c1ac49795a30881a,2bbf5eba419b0650693f1e88326107bf9a346c68,persistence_corrected_2bbf5eba419b_6ed147cd_f83baf57
Persistence,1,1,2021-11-25,2021-11-26,11.66,12.85,1.1899999999999995,1.1899999999999995,1.4160999999999988,0,0,0,6ed147cd585e5e8083292683f9be3cf585e97e4d46fa0e3224d24a4e2b42cbbb,f83baf5732ffbf88b9a448a3d9ab9fa270f7495fe44d1559c1ac49795a30881a,2bbf5eba419b0650693f1e88326107bf9a346c68,persistence_corrected_2bbf5eba419b_6ed147cd_f83baf57
Persistence,1,1,2021-11-26,2021-11-27,13.7,11.66,-2.039999999999999,2.039999999999999,4.161599999999996,0,0,0,6ed147cd585e5e8083292683f9be3cf585e97e4d46fa0e3224d24a4e2b42cbbb,f83baf5732ffbf88b9a448a3d9ab9fa270f7495fe44d1559c1ac49795a30881a,2bbf5eba419b0650693f1e88326107bf9a346c68,persistence_corrected_2bbf5eba419b_6ed147cd_f83baf57
Persistence,1,1,2021-11-27,2021-11-28,13.18,13.7,0.5199999999999996,0.5199999999999996,0.27039999999999953,0,0,0,6ed147cd585e5e8083292683f9be3cf585e97e4d46fa0e3224d24a4e2b42cbbb,f83baf5732ffbf88b9a448a3d9ab9fa270f7495fe44d1559c1ac49795a30881a,2bbf5eba419b0650693f1e88326107bf9a346c68,persistence_corrected_2bbf5eba419b_6ed147cd_f83baf57
Persistence,1,1,2021-11-28,2021-11-29,13.79,13.18,-0.6099999999999994,0.6099999999999994,0.3720999999999993,0,0,0,6ed147cd585e5e8083292683f9be3cf585e97e4d46fa0e3224d24a4e2b42cbbb,f83baf5732ffbf88b9a448a3d9ab9fa270f7495fe44d1559c1ac49795a30881a,2bbf5eba419b0650693f1e88326107bf9a346c68,persistence_corrected_2bbf5eba419b_6ed147cd_f83baf57
Persistence,1,1,2021-11-29,2021-11-30,12.22,13.79,1.5699999999999985,1.5699999999999985,2.464899999999995,0,0,0,6ed147cd585e5e8083292683f9be3cf585e97e4d46fa0e3224d24a4e2b42cbbb,f83baf5732ffbf88b9a448a3d9ab9fa270f7495fe44d1559c1ac49795a30881a,2bbf5eba419b0650693f1e88326107bf9a346c68,persistence_corrected_2bbf5eba419b_6ed147cd_f83baf57
Persistence,1,1,2021-11-30,2021-12-01,10.84,12.22,1.3800000000000008,1.3800000000000008,1.904400000000002,0,0,0,6ed147cd585e5e8083292683f9be3cf585e97e4d46fa0e3224d24a4e2b42cbbb,f83baf5732ffbf88b9a448a3d9ab9fa270f7495fe44d1559c1ac49795a30881a,2bbf5eba419b0650693f1e88326107bf9a346c68,persistence_corrected_2bbf5eba419b_6ed147cd_f83baf57
Persistence,1,1,2021-12-01,2021-12-02,13.37,10.84,-2.5299999999999994,2.5299999999999994,6.4008999999999965,0,0,0,6ed147cd585e5e8083292683f9be3cf585e97e4d46fa0e3224d24a4e2b42cbbb,f83baf5732ffbf88b9a448a3d9ab9fa270f7495fe44d1559c1ac49795a30881a,2bbf5eba419b0650693f1e88326107bf9a346c68,persistence_corrected_2bbf5eba419b_6ed147cd_f83baf57
Persistence,1,1,2021-12-02,2021-12-03,10.74,13.37,2.629999999999999,2.629999999999999,6.916899999999995,0,0,0,6ed147cd585e5e8083292683f9be3cf585e97e4d46fa0e3224d24a4e2b42cbbb,f83baf5732ffbf88b9a448a3d9ab9fa270f7495fe44d1559c1ac49795a30881a,2bbf5eba419b0650693f1e88326107bf9a346c68,persistence_corrected_2bbf5eba419b_6ed147cd_f83baf57
Persistence,1,1,2021-12-03,2021-12-04,11.22,10.74,-0.4800000000000004,0.4800000000000004,0.2304000000000004,0,0,0,6ed147cd585e5e8083292683f9be3cf585e97e4d46fa0e3224d24a4e2b42cbbb,f83baf5732ffbf88b9a448a3d9ab9fa270f7495fe44d1559c1ac49795a30881a,2bbf5eba419b0650693f1e88326107bf9a346c68,persistence_corrected_2bbf5eba419b_6ed147cd_f83baf57
Persistence,1,1,2021-12-04,2021-12-05,8.75,11.22,2.4700000000000006,2.4700000000000006,6.100900000000003,0,0,0,6ed147cd585e5e8083292683f9be3cf585e97e4d46fa0e3224d24a4e2b42cbbb,f83baf5732ffbf88b9a448a3d9ab9fa270f7495fe44d1559c1ac49795a30881a,2bbf5eba419b0650693f1e88326107bf9a346c68,persistence_corrected_2bbf5eba419b_6ed147cd_f83baf57
Persistence,1,1,2021-12-05,2021-12-06,9.91,8.75,-1.1600000000000001,1.1600000000000001,1.3456000000000004,0,0,0,6ed147cd585e5e8083292683f9be3cf585e97e4d46fa0e3224d24a4e2b42cbbb,f83baf5732ffbf88b9a448a3d9ab9fa270f7495fe44d1559c1ac49795a30881a,2bbf5eba419b0650693f1e88326107bf9a346c68,persistence_corrected_2bbf5eba419b_6ed147cd_f83baf57
Persistence,1,1,2021-12-06,2021-12-07,10.34,9.91,-0.4299999999999997,0.4299999999999997,0.18489999999999976,0,0,0,6ed147cd585e5e8083292683f9be3cf585e97e4d46fa0e3224d24a4e2b42cbbb,f83baf5732ffbf88b9a448a3d9ab9fa270f7495fe44d1559c1ac49795a30881a,2bbf5eba419b0650693f1e88326107bf9a346c68,persistence_corrected_2bbf5eba419b_6ed147cd_f83baf57
Persistence,1,1,2021-12-07,2021-12-08,10.51,10.34,-0.16999999999999993,0.16999999999999993,0.028899999999999974,0,0,0,6ed147cd585e5e8083292683f9be3cf585e97e4d46fa0e3224d24a4e2b42cbbb,f83baf5732ffbf88b9a448a3d9ab9fa270f7495fe44d1559c1ac49795a30881a,2bbf5eba419b0650693f1e88326107bf9a346c68,persistence_corrected_2bbf5eba419b_6ed147cd_f83baf57
Persistence,1,1,2021-12-08,2021-12-09,11.17,10.51,-0.6600000000000001,0.6600000000000001,0.4356000000000002,0,0,0,6ed147cd585e5e8083292683f9be3cf585e97e4d46fa0e3224d24a4e2b42cbbb,f83baf5732ffbf88b9a448a3d9ab9fa270f7495fe44d1559c1ac49795a30881a,2bbf5eba419b0650693f1e88326107bf9a346c68,persistence_corrected_2bbf5eba419b_6ed147cd_f83baf57
Persistence,1,1,2021-12-09,2021-12-10,11.52,11.17,-0.34999999999999964,0.34999999999999964,0.12249999999999975,0,0,0,6ed147cd585e5e8083292683f9be3cf585e97e4d46fa0e3224d24a4e2b42cbbb,f83baf5732ffbf88b9a448a3d9ab9fa270f7495fe44d1559c1ac49795a30881a,2bbf5eba419b0650693f1e88326107bf9a346c68,persistence_corrected_2bbf5eba419b_6ed147cd_f83baf57
Persistence,1,1,2021-12-10,2021-12-11,11.81,11.52,-0.2900000000000009,0.2900000000000009,0.08410000000000054,0,0,0,6ed147cd585e5e8083292683f9be3cf585e97e4d46fa0e3224d24a4e2b42cbbb,f83baf5732ffbf88b9a448a3d9ab9fa270f7495fe44d1559c1ac49795a30881a,2bbf5eba419b0650693f1e88326107bf9a346c68,persistence_corrected_2bbf5eba419b_6ed147cd_f83baf57
Persistence,1,1,2021-12-11,2021-12-12,12.88,11.81,-1.0700000000000003,1.0700000000000003,1.1449000000000007,0,0,0,6ed147cd585e5e8083292683f9be3cf585e97e4d46fa0e3224d24a4e2b42cbbb,f83baf5732ffbf88b9a448a3d9ab9fa270f7495fe44d1559c1ac49795a30881a,2bbf5eba419b0650693f1e88326107bf9a346c68,persistence_corrected_2bbf5eba419b_6ed147cd_f83baf57
Persistence,1,1,2021-12-12,2021-12-13,11.17,12.88,1.7100000000000009,1.7100000000000009,2.924100000000003,0,0,0,6ed147cd585e5e8083292683f9be3cf585e97e4d46fa0e3224d24a4e2b42cbbb,f83baf5732ffbf88b9a448a3d9ab9fa270f7495fe44d1559c1ac49795a30881a,2bbf5eba419b0650693f1e88326107bf9a346c68,persistence_corrected_2bbf5eba419b_6ed147cd_f83baf57
Persistence,1,1,2021-12-13,2021-12-14,12.56,11.17,-1.3900000000000006,1.3900000000000006,1.9321000000000015,0,0,0,6ed147cd585e5e8083292683f9be3cf585e97e4d46fa0e3224d24a4e2b42cbbb,f83baf5732ffbf88b9a448a3d9ab9fa270f7495fe44d1559c1ac49795a30881a,2bbf5eba419b0650693f1e88326107bf9a346c68,persistence_corrected_2bbf5eba419b_6ed147cd_f83baf57
Persistence,1,1,2021-12-14,2021-12-15,12.41,12.56,0.15000000000000036,0.15000000000000036,0.022500000000000107,0,0,0,6ed147cd585e5e8083292683f9be3cf585e97e4d46fa0e3224d24a4e2b42cbbb,f83baf5732ffbf88b9a448a3d9ab9fa270f7495fe44d1559c1ac49795a30881a,2bbf5eba419b0650693f1e88326107bf9a346c68,persistence_corrected_2bbf5eba419b_6ed147cd_f83baf57
Persistence,1,1,2021-12-15,2021-12-16,12.31,12.41,0.09999999999999964,0.09999999999999964,0.009999999999999929,0,0,0,6ed147cd585e5e8083292683f9be3cf585e97e4d46fa0e3224d24a4e2b42cbbb,f83baf5732ffbf88b9a448a3d9ab9fa270f7495fe44d1559c1ac49795a30881a,2bbf5eba419b0650693f1e88326107bf9a346c68,persistence_corrected_2bbf5eba419b_6ed147cd_f83baf57
Persistence,1,1,2021-12-16,2021-12-17,12.19,12.31,0.120000000000001,0.120000000000001,0.014400000000000239,0,0,0,6ed147cd585e5e8083292683f9be3cf585e97e4d46fa0e3224d24a4e2b42cbbb,f83baf5732ffbf88b9a448a3d9ab9fa270f7495fe44d1559c1ac49795a30881a,2bbf5eba419b0650693f1e88326107bf9a346c68,persistence_corrected_2bbf5eba419b_6ed147cd_f83baf57
Persistence,1,1,2021-12-17,2021-12-18,13.13,12.19,-0.9400000000000013,0.9400000000000013,0.8836000000000024,0,0,0,6ed147cd585e5e8083292683f9be3cf585e97e4d46fa0e3224d24a4e2b42cbbb,f83baf5732ffbf88b9a448a3d9ab9fa270f7495fe44d1559c1ac49795a30881a,2bbf5eba419b0650693f1e88326107bf9a346c68,persistence_corrected_2bbf5eba419b_6ed147cd_f83baf57
Persistence,1,1,2021-12-18,2021-12-19,13.1,13.13,0.030000000000001137,0.030000000000001137,0.0009000000000000682,0,0,0,6ed147cd585e5e8083292683f9be3cf585e97e4d46fa0e3224d24a4e2b42cbbb,f83baf5732ffbf88b9a448a3d9ab9fa270f7495fe44d1559c1ac49795a30881a,2bbf5eba419b0650693f1e88326107bf9a346c68,persistence_corrected_2bbf5eba419b_6ed147cd_f83baf57
Persistence,1,1,2021-12-19,2021-12-20,11.09,13.1,2.01,2.01,4.040099999999999,0,0,0,6ed147cd585e5e8083292683f9be3cf585e97e4d46fa0e3224d24a4e2b42cbbb,f83baf5732ffbf88b9a448a3d9ab9fa270f7495fe44d1559c1ac49795a30881a,2bbf5eba419b0650693f1e88326107bf9a346c68,persistence_corrected_2bbf5eba419b_6ed147cd_f83baf57
Persistence,1,1,2021-12-20,2021-12-21,11.57,11.09,-0.4800000000000004,0.4800000000000004,0.2304000000000004,0,0,0,6ed147cd585e5e8083292683f9be3cf585e97e4d46fa0e3224d24a4e2b42cbbb,f83baf5732ffbf88b9a448a3d9ab9fa270f7495fe44d1559c1ac49795a30881a,2bbf5eba419b0650693f1e88326107bf9a346c68,persistence_corrected_2bbf5eba419b_6ed147cd_f83baf57
Persistence,1,1,2021-12-21,2021-12-22,12.64,11.57,-1.0700000000000003,1.0700000000000003,1.1449000000000007,0,0,0,6ed147cd585e5e8083292683f9be3cf585e97e4d46fa0e3224d24a4e2b42cbbb,f83baf5732ffbf88b9a448a3d9ab9fa270f7495fe44d1559c1ac49795a30881a,2bbf5eba419b0650693f1e88326107bf9a346c68,persistence_corrected_2bbf5eba419b_6ed147cd_f83baf57
Persistence,1,1,2021-12-22,2021-12-23,17.51,12.64,-4.870000000000001,4.870000000000001,23.71690000000001,1,1,1,6ed147cd585e5e8083292683f9be3cf585e97e4d46fa0e3224d24a4e2b42cbbb,f83baf5732ffbf88b9a448a3d9ab9fa270f7495fe44d1559c1ac49795a30881a,2bbf5eba419b0650693f1e88326107bf9a346c68,persistence_corrected_2bbf5eba419b_6ed147cd_f83baf57
Persistence,1,1,2021-12-23,2021-12-24,17.98,17.51,-0.46999999999999886,0.46999999999999886,0.22089999999999893,1,1,1,6ed147cd585e5e8083292683f9be3cf585e97e4d46fa0e3224d24a4e2b42cbbb,f83baf5732ffbf88b9a448a3d9ab9fa270f7495fe44d1559c1ac49795a30881a,2bbf5eba419b0650693f1e88326107bf9a346c68,persistence_corrected_2bbf5eba419b_6ed147cd_f83baf57
Persistence,1,1,2021-12-24,2021-12-25,13.07,17.98,4.91,4.91,24.1081,0,0,0,6ed147cd585e5e8083292683f9be3cf585e97e4d46fa0e3224d24a4e2b42cbbb,f83baf5732ffbf88b9a448a3d9ab9fa270f7495fe44d1559c1ac49795a30881a,2bbf5eba419b0650693f1e88326107bf9a346c68,persistence_corrected_2bbf5eba419b_6ed147cd_f83baf57
Persistence,1,1,2021-12-25,2021-12-26,12.36,13.07,0.7100000000000009,0.7100000000000009,0.5041000000000012,0,0,0,6ed147cd585e5e8083292683f9be3cf585e97e4d46fa0e3224d24a4e2b42cbbb,f83baf5732ffbf88b9a448a3d9ab9fa270f7495fe44d1559c1ac49795a30881a,2bbf5eba419b0650693f1e88326107bf9a346c68,persistence_corrected_2bbf5eba419b_6ed147cd_f83baf57
Persistence,1,1,2021-12-26,2021-12-27,11.88,12.36,0.47999999999999865,0.47999999999999865,0.23039999999999872,0,0,0,6ed147cd585e5e8083292683f9be3cf585e97e4d46fa0e3224d24a4e2b42cbbb,f83baf5732ffbf88b9a448a3d9ab9fa270f7495fe44d1559c1ac49795a30881a,2bbf5eba419b0650693f1e88326107bf9a346c68,persistence_corrected_2bbf5eba419b_6ed147cd_f83baf57
Persistence,1,1,2021-12-27,2021-12-28,12.06,11.88,-0.17999999999999972,0.17999999999999972,0.0323999999999999,0,0,0,6ed147cd585e5e8083292683f9be3cf585e97e4d46fa0e3224d24a4e2b42cbbb,f83baf5732ffbf88b9a448a3d9ab9fa270f7495fe44d1559c1ac49795a30881a,2bbf5eba419b0650693f1e88326107bf9a346c68,persistence_corrected_2bbf5eba419b_6ed147cd_f83baf57
Persistence,1,1,2021-12-28,2021-12-29,11.48,12.06,0.5800000000000001,0.5800000000000001,0.3364000000000001,0,0,0,6ed147cd585e5e8083292683f9be3cf585e97e4d46fa0e3224d24a4e2b42cbbb,f83baf5732ffbf88b9a448a3d9ab9fa270f7495fe44d1559c1ac49795a30881a,2bbf5eba419b0650693f1e88326107bf9a346c68,persistence_corrected_2bbf5eba419b_6ed147cd_f83baf57
Persistence,1,1,2021-12-29,2021-12-30,11.02,11.48,0.46000000000000085,0.46000000000000085,0.2116000000000008,0,0,0,6ed147cd585e5e8083292683f9be3cf585e97e4d46fa0e3224d24a4e2b42cbbb,f83baf5732ffbf88b9a448a3d9ab9fa270f7495fe44d1559c1ac49795a30881a,2bbf5eba419b0650693f1e88326107bf9a346c68,persistence_corrected_2bbf5eba419b_6ed147cd_f83baf57
Persistence,1,1,2021-12-30,2021-12-31,12.37,11.02,-1.3499999999999996,1.3499999999999996,1.8224999999999991,0,0,0,6ed147cd585e5e8083292683f9be3cf585e97e4d46fa0e3224d24a4e2b42cbbb,f83baf5732ffbf88b9a448a3d9ab9fa270f7495fe44d1559c1ac49795a30881a,2bbf5eba419b0650693f1e88326107bf9a346c68,persistence_corrected_2bbf5eba419b_6ed147cd_f83baf57
Persistence,1,1,2021-12-31,2022-01-01,13.37,12.37,-1.0,1.0,1.0,0,0,0,6ed147cd585e5e8083292683f9be3cf585e97e4d46fa0e3224d24a4e2b42cbbb,f83baf5732ffbf88b9a448a3d9ab9fa270f7495fe44d1559c1ac49795a30881a,2bbf5eba419b0650693f1e88326107bf9a346c68,persistence_corrected_2bbf5eba419b_6ed147cd_f83baf57
Persistence,1,1,2022-01-01,2022-01-02,12.34,13.37,1.0299999999999994,1.0299999999999994,1.0608999999999986,0,0,0,6ed147cd585e5e8083292683f9be3cf585e97e4d46fa0e3224d24a4e2b42cbbb,f83baf5732ffbf88b9a448a3d9ab9fa270f7495fe44d1559c1ac49795a30881a,2bbf5eba419b0650693f1e88326107bf9a346c68,persistence_corrected_2bbf5eba419b_6ed147cd_f83baf57
Persistence,1,1,2022-01-02,2022-01-03,12.28,12.34,0.0600000000000005,0.0600000000000005,0.0036000000000000597,0,0,0,6ed147cd585e5e8083292683f9be3cf585e97e4d46fa0e3224d24a4e2b42cbbb,f83baf5732ffbf88b9a448a3d9ab9fa270f7495fe44d1559c1ac49795a30881a,2bbf5eba419b0650693f1e88326107bf9a346c68,persistence_corrected_2bbf5eba419b_6ed147cd_f83baf57
Persistence,1,1,2022-01-03,2022-01-04,12.84,12.28,-0.5600000000000005,0.5600000000000005,0.31360000000000054,0,0,0,6ed147cd585e5e8083292683f9be3cf585e97e4d46fa0e3224d24a4e2b42cbbb,f83baf5732ffbf88b9a448a3d9ab9fa270f7495fe44d1559c1ac49795a30881a,2bbf5eba419b0650693f1e88326107bf9a346c68,persistence_corrected_2bbf5eba419b_6ed147cd_f83baf57
Persistence,1,1,2022-01-04,2022-01-05,12.52,12.84,0.3200000000000003,0.3200000000000003,0.10240000000000019,0,0,0,6ed147cd585e5e8083292683f9be3cf585e97e4d46fa0e3224d24a4e2b42cbbb,f83baf5732ffbf88b9a448a3d9ab9fa270f7495fe44d1559c1ac49795a30881a,2bbf5eba419b0650693f1e88326107bf9a346c68,persistence_corrected_2bbf5eba419b_6ed147cd_f83baf57
Persistence,1,1,2022-01-05,2022-01-06,12.79,12.52,-0.2699999999999996,0.2699999999999996,0.07289999999999977,0,0,0,6ed147cd585e5e8083292683f9be3cf585e97e4d46fa0e3224d24a4e2b42cbbb,f83baf5732ffbf88b9a448a3d9ab9fa270f7495fe44d1559c1ac49795a30881a,2bbf5eba419b0650693f1e88326107bf9a346c68,persistence_corrected_2bbf5eba419b_6ed147cd_f83baf57
Persistence,1,1,2022-01-06,2022-01-07,13.93,12.79,-1.1400000000000006,1.1400000000000006,1.2996000000000012,0,0,0,6ed147cd585e5e8083292683f9be3cf585e97e4d46fa0e3224d24a4e2b42cbbb,f83baf5732ffbf88b9a448a3d9ab9fa270f7495fe44d1559c1ac49795a30881a,2bbf5eba419b0650693f1e88326107bf9a346c68,persistence_corrected_2bbf5eba419b_6ed147cd_f83baf57
Persistence,1,1,2022-01-07,2022-01-08,14.05,13.93,-0.120000000000001,0.120000000000001,0.014400000000000239,0,0,0,6ed147cd585e5e8083292683f9be3cf585e97e4d46fa0e3224d24a4e2b42cbbb,f83baf5732ffbf88b9a448a3d9ab9fa270f7495fe44d1559c1ac49795a30881a,2bbf5eba419b0650693f1e88326107bf9a346c68,persistence_corrected_2bbf5eba419b_6ed147cd_f83baf57
Persistence,1,1,2022-01-08,2022-01-09,11.8,14.05,2.25,2.25,5.0625,0,0,0,6ed147cd585e5e8083292683f9be3cf585e97e4d46fa0e3224d24a4e2b42cbbb,f83baf5732ffbf88b9a448a3d9ab9fa270f7495fe44d1559c1ac49795a30881a,2bbf5eba419b0650693f1e88326107bf9a346c68,persistence_corrected_2bbf5eba419b_6ed147cd_f83baf57
Persistence,1,1,2022-01-09,2022-01-10,12.13,11.8,-0.33000000000000007,0.33000000000000007,0.10890000000000005,0,0,0,6ed147cd585e5e8083292683f9be3cf585e97e4d46fa0e3224d24a4e2b42cbbb,f83baf5732ffbf88b9a448a3d9ab9fa270f7495fe44d1559c1ac49795a30881a,2bbf5eba419b0650693f1e88326107bf9a346c68,persistence_corrected_2bbf5eba419b_6ed147cd_f83baf57
Persistence,1,1,2022-01-10,2022-01-11,11.1,12.13,1.0300000000000011,1.0300000000000011,1.0609000000000024,0,0,0,6ed147cd585e5e8083292683f9be3cf585e97e4d46fa0e3224d24a4e2b42cbbb,f83baf5732ffbf88b9a448a3d9ab9fa270f7495fe44d1559c1ac49795a30881a,2bbf5eba419b0650693f1e88326107bf9a346c68,persistence_corrected_2bbf5eba419b_6ed147cd_f83baf57
Persistence,1,1,2022-01-11,2022-01-12,12.55,11.1,-1.450000000000001,1.450000000000001,2.102500000000003,0,0,0,6ed147cd585e5e8083292683f9be3cf585e97e4d46fa0e3224d24a4e2b42cbbb,f83baf5732ffbf88b9a448a3d9ab9fa270f7495fe44d1559c1ac49795a30881a,2bbf5eba419b0650693f1e88326107bf9a346c68,persistence_corrected_2bbf5eba419b_6ed147cd_f83baf57
Persistence,1,1,2022-01-12,2022-01-13,15.31,12.55,-2.76,2.76,7.617599999999999,1,0,0,6ed147cd585e5e8083292683f9be3cf585e97e4d46fa0e3224d24a4e2b42cbbb,f83baf5732ffbf88b9a448a3d9ab9fa270f7495fe44d1559c1ac49795a30881a,2bbf5eba419b0650693f1e88326107bf9a346c68,persistence_corrected_2bbf5eba419b_6ed147cd_f83baf57
Persistence,1,1,2022-01-13,2022-01-14,15.32,15.31,-0.009999999999999787,0.009999999999999787,9.999999999999574e-05,1,0,0,6ed147cd585e5e8083292683f9be3cf585e97e4d46fa0e3224d24a4e2b42cbbb,f83baf5732ffbf88b9a448a3d9ab9fa270f7495fe44d1559c1ac49795a30881a,2bbf5eba419b0650693f1e88326107bf9a346c68,persistence_corrected_2bbf5eba419b_6ed147cd_f83baf57
Persistence,1,1,2022-01-14,2022-01-15,13.61,15.32,1.7100000000000009,1.7100000000000009,2.924100000000003,0,0,0,6ed147cd585e5e8083292683f9be3cf585e97e4d46fa0e3224d24a4e2b42cbbb,f83baf5732ffbf88b9a448a3d9ab9fa270f7495fe44d1559c1ac49795a30881a,2bbf5eba419b0650693f1e88326107bf9a346c68,persistence_corrected_2bbf5eba419b_6ed147cd_f83baf57
Persistence,1,1,2022-01-15,2022-01-16,10.99,13.61,2.619999999999999,2.619999999999999,6.864399999999996,0,0,0,6ed147cd585e5e8083292683f9be3cf585e97e4d46fa0e3224d24a4e2b42cbbb,f83baf5732ffbf88b9a448a3d9ab9fa270f7495fe44d1559c1ac49795a30881a,2bbf5eba419b0650693f1e88326107bf9a346c68,persistence_corrected_2bbf5eba419b_6ed147cd_f83baf57
Persistence,1,1,2022-01-16,2022-01-17,12.86,10.99,-1.8699999999999992,1.8699999999999992,3.496899999999997,0,0,0,6ed147cd585e5e8083292683f9be3cf585e97e4d46fa0e3224d24a4e2b42cbbb,f83baf5732ffbf88b9a448a3d9ab9fa270f7495fe44d1559c1ac49795a30881a,2bbf5eba419b0650693f1e88326107bf9a346c68,persistence_corrected_2bbf5eba419b_6ed147cd_f83baf57
Persistence,1,1,2022-01-17,2022-01-18,11.89,12.86,0.9699999999999989,0.9699999999999989,0.9408999999999978,0,0,0,6ed147cd585e5e8083292683f9be3cf585e97e4d46fa0e3224d24a4e2b42cbbb,f83baf5732ffbf88b9a448a3d9ab9fa270f7495fe44d1559c1ac49795a30881a,2bbf5eba419b0650693f1e88326107bf9a346c68,persistence_corrected_2bbf5eba419b_6ed147cd_f83baf57
Persistence,1,1,2022-01-18,2022-01-19,14.33,11.89,-2.4399999999999995,2.4399999999999995,5.953599999999998,0,0,0,6ed147cd585e5e8083292683f9be3cf585e97e4d46fa0e3224d24a4e2b42cbbb,f83baf5732ffbf88b9a448a3d9ab9fa270f7495fe44d1559c1ac49795a30881a,2bbf5eba419b0650693f1e88326107bf9a346c68,persistence_corrected_2bbf5eba419b_6ed147cd_f83baf57
Persistence,1,1,2022-01-19,2022-01-20,12.26,14.33,2.0700000000000003,2.0700000000000003,4.284900000000001,0,0,0,6ed147cd585e5e8083292683f9be3cf585e97e4d46fa0e3224d24a4e2b42cbbb,f83baf5732ffbf88b9a448a3d9ab9fa270f7495fe44d1559c1ac49795a30881a,2bbf5eba419b0650693f1e88326107bf9a346c68,persistence_corrected_2bbf5eba419b_6ed147cd_f83baf57
Persistence,1,1,2022-01-20,2022-01-21,13.07,12.26,-0.8100000000000005,0.8100000000000005,0.6561000000000008,0,0,0,6ed147cd585e5e8083292683f9be3cf585e97e4d46fa0e3224d24a4e2b42cbbb,f83baf5732ffbf88b9a448a3d9ab9fa270f7495fe44d1559c1ac49795a30881a,2bbf5eba419b0650693f1e88326107bf9a346c68,persistence_corrected_2bbf5eba419b_6ed147cd_f83baf57
Persistence,1,1,2022-01-21,2022-01-22,12.98,13.07,0.08999999999999986,0.08999999999999986,0.008099999999999975,0,0,0,6ed147cd585e5e8083292683f9be3cf585e97e4d46fa0e3224d24a4e2b42cbbb,f83baf5732ffbf88b9a448a3d9ab9fa270f7495fe44d1559c1ac49795a30881a,2bbf5eba419b0650693f1e88326107bf9a346c68,persistence_corrected_2bbf5eba419b_6ed147cd_f83baf57
Persistence,1,1,2022-01-22,2022-01-23,13.62,12.98,-0.6399999999999988,0.6399999999999988,0.40959999999999847,0,0,0,6ed147cd585e5e8083292683f9be3cf585e97e4d46fa0e3224d24a4e2b42cbbb,f83baf5732ffbf88b9a448a3d9ab9fa270f7495fe44d1559c1ac49795a30881a,2bbf5eba419b0650693f1e88326107bf9a346c68,persistence_corrected_2bbf5eba419b_6ed147cd_f83baf57
Persistence,1,1,2022-01-23,2022-01-24,11.05,13.62,2.5699999999999985,2.5699999999999985,6.604899999999993,0,0,0,6ed147cd585e5e8083292683f9be3cf585e97e4d46fa0e3224d24a4e2b42cbbb,f83baf5732ffbf88b9a448a3d9ab9fa270f7495fe44d1559c1ac49795a30881a,2bbf5eba419b0650693f1e88326107bf9a346c68,persistence_corrected_2bbf5eba419b_6ed147cd_f83baf57
Persistence,1,1,2022-01-24,2022-01-25,11.05,11.05,0.0,0.0,0.0,0,0,0,6ed147cd585e5e8083292683f9be3cf585e97e4d46fa0e3224d24a4e2b42cbbb,f83baf5732ffbf88b9a448a3d9ab9fa270f7495fe44d1559c1ac49795a30881a,2bbf5eba419b0650693f1e88326107bf9a346c68,persistence_corrected_2bbf5eba419b_6ed147cd_f83baf57
Persistence,1,1,2022-01-25,2022-01-26,15.6,11.05,-4.549999999999999,4.549999999999999,20.70249999999999,1,0,0,6ed147cd585e5e8083292683f9be3cf585e97e4d46fa0e3224d24a4e2b42cbbb,f83baf5732ffbf88b9a448a3d9ab9fa270f7495fe44d1559c1ac49795a30881a,2bbf5eba419b0650693f1e88326107bf9a346c68,persistence_corrected_2bbf5eba419b_6ed147cd_f83baf57
Persistence,1,1,2022-01-26,2022-01-27,15.83,15.6,-0.23000000000000043,0.23000000000000043,0.0529000000000002,1,0,0,6ed147cd585e5e8083292683f9be3cf585e97e4d46fa0e3224d24a4e2b42cbbb,f83baf5732ffbf88b9a448a3d9ab9fa270f7495fe44d1559c1ac49795a30881a,2bbf5eba419b0650693f1e88326107bf9a346c68,persistence_corrected_2bbf5eba419b_6ed147cd_f83baf57
Persistence,1,1,2022-01-27,2022-01-28,17.57,15.83,-1.7400000000000002,1.7400000000000002,3.027600000000001,1,1,1,6ed147cd585e5e8083292683f9be3cf585e97e4d46fa0e3224d24a4e2b42cbbb,f83baf5732ffbf88b9a448a3d9ab9fa270f7495fe44d1559c1ac49795a30881a,2bbf5eba419b0650693f1e88326107bf9a346c68,persistence_corrected_2bbf5eba419b_6ed147cd_f83baf57
Persistence,1,1,2022-01-28,2022-01-29,17.94,17.57,-0.370000000000001,0.370000000000001,0.13690000000000074,1,1,1,6ed147cd585e5e8083292683f9be3cf585e97e4d46fa0e3224d24a4e2b42cbbb,f83baf5732ffbf88b9a448a3d9ab9fa270f7495fe44d1559c1ac49795a30881a,2bbf5eba419b0650693f1e88326107bf9a346c68,persistence_corrected_2bbf5eba419b_6ed147cd_f83baf57
Persistence,1,1,2022-01-29,2022-01-30,15.82,17.94,2.120000000000001,2.120000000000001,4.494400000000004,1,0,0,6ed147cd585e5e8083292683f9be3cf585e97e4d46fa0e3224d24a4e2b42cbbb,f83baf5732ffbf88b9a448a3d9ab9fa270f7495fe44d1559c1ac49795a30881a,2bbf5eba419b0650693f1e88326107bf9a346c68,persistence_corrected_2bbf5eba419b_6ed147cd_f83baf57
Persistence,1,1,2022-01-30,2022-01-31,17.88,15.82,-2.0599999999999987,2.0599999999999987,4.2435999999999945,1,1,1,6ed147cd585e5e8083292683f9be3cf585e97e4d46fa0e3224d24a4e2b42cbbb,f83baf5732ffbf88b9a448a3d9ab9fa270f7495fe44d1559c1ac49795a30881a,2bbf5eba419b0650693f1e88326107bf9a346c68,persistence_corrected_2bbf5eba419b_6ed147cd_f83baf57
Persistence,1,1,2022-01-31,2022-02-01,17.53,17.88,0.34999999999999787,0.34999999999999787,0.12249999999999851,1,1,1,6ed147cd585e5e8083292683f9be3cf585e97e4d46fa0e3224d24a4e2b42cbbb,f83baf5732ffbf88b9a448a3d9ab9fa270f7495fe44d1559c1ac49795a30881a,2bbf5eba419b0650693f1e88326107bf9a346c68,persistence_corrected_2bbf5eba419b_6ed147cd_f83baf57
Persistence,1,1,2022-02-01,2022-02-02,16.85,17.53,0.6799999999999997,0.6799999999999997,0.4623999999999996,1,1,0,6ed147cd585e5e8083292683f9be3cf585e97e4d46fa0e3224d24a4e2b42cbbb,f83baf5732ffbf88b9a448a3d9ab9fa270f7495fe44d1559c1ac49795a30881a,2bbf5eba419b0650693f1e88326107bf9a346c68,persistence_corrected_2bbf5eba419b_6ed147cd_f83baf57
Persistence,1,1,2022-02-02,2022-02-03,15.86,16.85,0.990000000000002,0.990000000000002,0.980100000000004,1,0,0,6ed147cd585e5e8083292683f9be3cf585e97e4d46fa0e3224d24a4e2b42cbbb,f83baf5732ffbf88b9a448a3d9ab9fa270f7495fe44d1559c1ac49795a30881a,2bbf5eba419b0650693f1e88326107bf9a346c68,persistence_corrected_2bbf5eba419b_6ed147cd_f83baf57
Persistence,1,1,2022-02-03,2022-02-04,14.95,15.86,0.9100000000000001,0.9100000000000001,0.8281000000000003,0,0,0,6ed147cd585e5e8083292683f9be3cf585e97e4d46fa0e3224d24a4e2b42cbbb,f83baf5732ffbf88b9a448a3d9ab9fa270f7495fe44d1559c1ac49795a30881a,2bbf5eba419b0650693f1e88326107bf9a346c68,persistence_corrected_2bbf5eba419b_6ed147cd_f83baf57
Persistence,1,1,2022-02-04,2022-02-05,16.84,14.95,-1.8900000000000006,1.8900000000000006,3.572100000000002,1,1,0,6ed147cd585e5e8083292683f9be3cf585e97e4d46fa0e3224d24a4e2b42cbbb,f83baf5732ffbf88b9a448a3d9ab9fa270f7495fe44d1559c1ac49795a30881a,2bbf5eba419b0650693f1e88326107bf9a346c68,persistence_corrected_2bbf5eba419b_6ed147cd_f83baf57
Persistence,1,1,2022-02-05,2022-02-06,16.4,16.84,0.4400000000000013,0.4400000000000013,0.19360000000000113,1,1,0,6ed147cd585e5e8083292683f9be3cf585e97e4d46fa0e3224d24a4e2b42cbbb,f83baf5732ffbf88b9a448a3d9ab9fa270f7495fe44d1559c1ac49795a30881a,2bbf5eba419b0650693f1e88326107bf9a346c68,persistence_corrected_2bbf5eba419b_6ed147cd_f83baf57
Persistence,1,1,2022-02-06,2022-02-07,16.34,16.4,0.05999999999999872,0.05999999999999872,0.0035999999999998464,1,1,0,6ed147cd585e5e8083292683f9be3cf585e97e4d46fa0e3224d24a4e2b42cbbb,f83baf5732ffbf88b9a448a3d9ab9fa270f7495fe44d1559c1ac49795a30881a,2bbf5eba419b0650693f1e88326107bf9a346c68,persistence_corrected_2bbf5eba419b_6ed147cd_f83baf57
Persistence,1,1,2022-02-07,2022-02-08,17.09,16.34,-0.75,0.75,0.5625,1,1,1,6ed147cd585e5e8083292683f9be3cf585e97e4d46fa0e3224d24a4e2b42cbbb,f83baf5732ffbf88b9a448a3d9ab9fa270f7495fe44d1559c1ac49795a30881a,2bbf5eba419b0650693f1e88326107bf9a346c68,persistence_corrected_2bbf5eba419b_6ed147cd_f83baf57
Persistence,1,1,2022-02-08,2022-02-09,16.3,17.09,0.7899999999999991,0.7899999999999991,0.6240999999999987,1,1,0,6ed147cd585e5e8083292683f9be3cf585e97e4d46fa0e3224d24a4e2b42cbbb,f83baf5732ffbf88b9a448a3d9ab9fa270f7495fe44d1559c1ac49795a30881a,2bbf5eba419b0650693f1e88326107bf9a346c68,persistence_corrected_2bbf5eba419b_6ed147cd_f83baf57
Persistence,1,1,2022-02-09,2022-02-10,16.4,16.3,-0.09999999999999787,0.09999999999999787,0.009999999999999573,1,1,0,6ed147cd585e5e8083292683f9be3cf585e97e4d46fa0e3224d24a4e2b42cbbb,f83baf5732ffbf88b9a448a3d9ab9fa270f7495fe44d1559c1ac49795a30881a,2bbf5eba419b0650693f1e88326107bf9a346c68,persistence_corrected_2bbf5eba419b_6ed147cd_f83baf57
Persistence,1,1,2022-02-10,2022-02-11,15.29,16.4,1.1099999999999994,1.1099999999999994,1.2320999999999986,1,0,0,6ed147cd585e5e8083292683f9be3cf585e97e4d46fa0e3224d24a4e2b42cbbb,f83baf5732ffbf88b9a448a3d9ab9fa270f7495fe44d1559c1ac49795a30881a,2bbf5eba419b0650693f1e88326107bf9a346c68,persistence_corrected_2bbf5eba419b_6ed147cd_f83baf57
Persistence,1,1,2022-02-11,2022-02-12,16.08,15.29,-0.7899999999999991,0.7899999999999991,0.6240999999999987,1,1,0,6ed147cd585e5e8083292683f9be3cf585e97e4d46fa0e3224d24a4e2b42cbbb,f83baf5732ffbf88b9a448a3d9ab9fa270f7495fe44d1559c1ac49795a30881a,2bbf5eba419b0650693f1e88326107bf9a346c68,persistence_corrected_2bbf5eba419b_6ed147cd_f83baf57
Persistence,1,1,2022-02-12,2022-02-13,16.36,16.08,-0.28000000000000114,0.28000000000000114,0.07840000000000064,1,1,0,6ed147cd585e5e8083292683f9be3cf585e97e4d46fa0e3224d24a4e2b42cbbb,f83baf5732ffbf88b9a448a3d9ab9fa270f7495fe44d1559c1ac49795a30881a,2bbf5eba419b0650693f1e88326107bf9a346c68,persistence_corrected_2bbf5eba419b_6ed147cd_f83baf57
Persistence,1,1,2022-02-13,2022-02-14,14.56,16.36,1.799999999999999,1.799999999999999,3.239999999999996,0,0,0,6ed147cd585e5e8083292683f9be3cf585e97e4d46fa0e3224d24a4e2b42cbbb,f83baf5732ffbf88b9a448a3d9ab9fa270f7495fe44d1559c1ac49795a30881a,2bbf5eba419b0650693f1e88326107bf9a346c68,persistence_corrected_2bbf5eba419b_6ed147cd_f83baf57
Persistence,1,1,2022-02-14,2022-02-15,14.23,14.56,0.33000000000000007,0.33000000000000007,0.10890000000000005,0,0,0,6ed147cd585e5e8083292683f9be3cf585e97e4d46fa0e3224d24a4e2b42cbbb,f83baf5732ffbf88b9a448a3d9ab9fa270f7495fe44d1559c1ac49795a30881a,2bbf5eba419b0650693f1e88326107bf9a346c68,persistence_corrected_2bbf5eba419b_6ed147cd_f83baf57
Persistence,1,1,2022-02-15,2022-02-16,15.74,14.23,-1.5099999999999998,1.5099999999999998,2.2800999999999996,1,0,0,6ed147cd585e5e8083292683f9be3cf585e97e4d46fa0e3224d24a4e2b42cbbb,f83baf5732ffbf88b9a448a3d9ab9fa270f7495fe44d1559c1ac49795a30881a,2bbf5eba419b0650693f1e88326107bf9a346c68,persistence_corrected_2bbf5eba419b_6ed147cd_f83baf57
Persistence,1,1,2022-02-16,2022-02-17,16.45,15.74,-0.7099999999999991,0.7099999999999991,0.5040999999999987,1,1,0,6ed147cd585e5e8083292683f9be3cf585e97e4d46fa0e3224d24a4e2b42cbbb,f83baf5732ffbf88b9a448a3d9ab9fa270f7495fe44d1559c1ac49795a30881a,2bbf5eba419b0650693f1e88326107bf9a346c68,persistence_corrected_2bbf5eba419b_6ed147cd_f83baf57
Persistence,1,1,2022-02-17,2022-02-18,14.24,16.45,2.209999999999999,2.209999999999999,4.884099999999996,0,0,0,6ed147cd585e5e8083292683f9be3cf585e97e4d46fa0e3224d24a4e2b42cbbb,f83baf5732ffbf88b9a448a3d9ab9fa270f7495fe44d1559c1ac49795a30881a,2bbf5eba419b0650693f1e88326107bf9a346c68,persistence_corrected_2bbf5eba419b_6ed147cd_f83baf57
Persistence,1,1,2022-02-18,2022-02-19,14.83,14.24,-0.5899999999999999,0.5899999999999999,0.34809999999999985,0,0,0,6ed147cd585e5e8083292683f9be3cf585e97e4d46fa0e3224d24a4e2b42cbbb,f83baf5732ffbf88b9a448a3d9ab9fa270f7495fe44d1559c1ac49795a30881a,2bbf5eba419b0650693f1e88326107bf9a346c68,persistence_corrected_2bbf5eba419b_6ed147cd_f83baf57
Persistence,1,1,2022-02-19,2022-02-20,14.17,14.83,0.6600000000000001,0.6600000000000001,0.4356000000000002,0,0,0,6ed147cd585e5e8083292683f9be3cf585e97e4d46fa0e3224d24a4e2b42cbbb,f83baf5732ffbf88b9a448a3d9ab9fa270f7495fe44d1559c1ac49795a30881a,2bbf5eba419b0650693f1e88326107bf9a346c68,persistence_corrected_2bbf5eba419b_6ed147cd_f83baf57
Persistence,1,1,2022-02-20,2022-02-21,12.42,14.17,1.75,1.75,3.0625,0,0,0,6ed147cd585e5e8083292683f9be3cf585e97e4d46fa0e3224d24a4e2b42cbbb,f83baf5732ffbf88b9a448a3d9ab9fa270f7495fe44d1559c1ac49795a30881a,2bbf5eba419b0650693f1e88326107bf9a346c68,persistence_corrected_2bbf5eba419b_6ed147cd_f83baf57
Persistence,1,1,2022-02-21,2022-02-22,11.98,12.42,0.4399999999999995,0.4399999999999995,0.19359999999999955,0,0,0,6ed147cd585e5e8083292683f9be3cf585e97e4d46fa0e3224d24a4e2b42cbbb,f83baf5732ffbf88b9a448a3d9ab9fa270f7495fe44d1559c1ac49795a30881a,2bbf5eba419b0650693f1e88326107bf9a346c68,persistence_corrected_2bbf5eba419b_6ed147cd_f83baf57
Persistence,1,1,2022-02-22,2022-02-23,13.84,11.98,-1.8599999999999994,1.8599999999999994,3.459599999999998,0,0,0,6ed147cd585e5e8083292683f9be3cf585e97e4d46fa0e3224d24a4e2b42cbbb,f83baf5732ffbf88b9a448a3d9ab9fa270f7495fe44d1559c1ac49795a30881a,2bbf5eba419b0650693f1e88326107bf9a346c68,persistence_corrected_2bbf5eba419b_6ed147cd_f83baf57
Persistence,1,1,2022-02-23,2022-02-24,13.06,13.84,0.7799999999999994,0.7799999999999994,0.608399999999999,0,0,0,6ed147cd585e5e8083292683f9be3cf585e97e4d46fa0e3224d24a4e2b42cbbb,f83baf5732ffbf88b9a448a3d9ab9fa270f7495fe44d1559c1ac49795a30881a,2bbf5eba419b0650693f1e88326107bf9a346c68,persistence_corrected_2bbf5eba419b_6ed147cd_f83baf57
Persistence,1,1,2022-02-24,2022-02-25,14.66,13.06,-1.5999999999999996,1.5999999999999996,2.5599999999999987,0,0,0,6ed147cd585e5e8083292683f9be3cf585e97e4d46fa0e3224d24a4e2b42cbbb,f83baf5732ffbf88b9a448a3d9ab9fa270f7495fe44d1559c1ac49795a30881a,2bbf5eba419b0650693f1e88326107bf9a346c68,persistence_corrected_2bbf5eba419b_6ed147cd_f83baf57
Persistence,1,1,2022-02-25,2022-02-26,11.86,14.66,2.8000000000000007,2.8000000000000007,7.840000000000004,0,0,0,6ed147cd585e5e8083292683f9be3cf585e97e4d46fa0e3224d24a4e2b42cbbb,f83baf5732ffbf88b9a448a3d9ab9fa270f7495fe44d1559c1ac49795a30881a,2bbf5eba419b0650693f1e88326107bf9a346c68,persistence_corrected_2bbf5eba419b_6ed147cd_f83baf57
Persistence,1,1,2022-02-26,2022-02-27,12.23,11.86,-0.370000000000001,0.370000000000001,0.13690000000000074,0,0,0,6ed147cd585e5e8083292683f9be3cf585e97e4d46fa0e3224d24a4e2b42cbbb,f83baf5732ffbf88b9a448a3d9ab9fa270f7495fe44d1559c1ac49795a30881a,2bbf5eba419b0650693f1e88326107bf9a346c68,persistence_corrected_2bbf5eba419b_6ed147cd_f83baf57
Persistence,1,1,2022-02-27,2022-02-28,8.96,12.23,3.2699999999999996,3.2699999999999996,10.692899999999998,0,0,0,6ed147cd585e5e8083292683f9be3cf585e97e4d46fa0e3224d24a4e2b42cbbb,f83baf5732ffbf88b9a448a3d9ab9fa270f7495fe44d1559c1ac49795a30881a,2bbf5eba419b0650693f1e88326107bf9a346c68,persistence_corrected_2bbf5eba419b_6ed147cd_f83baf57
Persistence,1,1,2022-02-28,2022-03-01,10.55,8.96,-1.5899999999999999,1.5899999999999999,2.5280999999999993,0,0,0,6ed147cd585e5e8083292683f9be3cf585e97e4d46fa0e3224d24a4e2b42cbbb,f83baf5732ffbf88b9a448a3d9ab9fa270f7495fe44d1559c1ac49795a30881a,2bbf5eba419b0650693f1e88326107bf9a346c68,persistence_corrected_2bbf5eba419b_6ed147cd_f83baf57
Persistence,1,1,2022-03-01,2022-03-02,10.09,10.55,0.46000000000000085,0.46000000000000085,0.2116000000000008,0,0,0,6ed147cd585e5e8083292683f9be3cf585e97e4d46fa0e3224d24a4e2b42cbbb,f83baf5732ffbf88b9a448a3d9ab9fa270f7495fe44d1559c1ac49795a30881a,2bbf5eba419b0650693f1e88326107bf9a346c68,persistence_corrected_2bbf5eba419b_6ed147cd_f83baf57
Persistence,1,1,2022-03-02,2022-03-03,9.89,10.09,0.1999999999999993,0.1999999999999993,0.039999999999999716,0,0,0,6ed147cd585e5e8083292683f9be3cf585e97e4d46fa0e3224d24a4e2b42cbbb,f83baf5732ffbf88b9a448a3d9ab9fa270f7495fe44d1559c1ac49795a30881a,2bbf5eba419b0650693f1e88326107bf9a346c68,persistence_corrected_2bbf5eba419b_6ed147cd_f83baf57
Persistence,1,1,2022-03-03,2022-03-04,12.55,9.89,-2.66,2.66,7.0756000000000006,0,0,0,6ed147cd585e5e8083292683f9be3cf585e97e4d46fa0e3224d24a4e2b42cbbb,f83baf5732ffbf88b9a448a3d9ab9fa270f7495fe44d1559c1ac49795a30881a,2bbf5eba419b0650693f1e88326107bf9a346c68,persistence_corrected_2bbf5eba419b_6ed147cd_f83baf57
Persistence,1,1,2022-03-04,2022-03-05,15.67,12.55,-3.119999999999999,3.119999999999999,9.734399999999996,1,0,0,6ed147cd585e5e8083292683f9be3cf585e97e4d46fa0e3224d24a4e2b42cbbb,f83baf5732ffbf88b9a448a3d9ab9fa270f7495fe44d1559c1ac49795a30881a,2bbf5eba419b0650693f1e88326107bf9a346c68,persistence_corrected_2bbf5eba419b_6ed147cd_f83baf57
Persistence,1,1,2022-03-05,2022-03-06,14.47,15.67,1.1999999999999993,1.1999999999999993,1.4399999999999984,0,0,0,6ed147cd585e5e8083292683f9be3cf585e97e4d46fa0e3224d24a4e2b42cbbb,f83baf5732ffbf88b9a448a3d9ab9fa270f7495fe44d1559c1ac49795a30881a,2bbf5eba419b0650693f1e88326107bf9a346c68,persistence_corrected_2bbf5eba419b_6ed147cd_f83baf57
Persistence,1,1,2022-03-06,2022-03-07,15.59,14.47,-1.1199999999999992,1.1199999999999992,1.2543999999999982,1,0,0,6ed147cd585e5e8083292683f9be3cf585e97e4d46fa0e3224d24a4e2b42cbbb,f83baf5732ffbf88b9a448a3d9ab9fa270f7495fe44d1559c1ac49795a30881a,2bbf5eba419b0650693f1e88326107bf9a346c68,persistence_corrected_2bbf5eba419b_6ed147cd_f83baf57
Persistence,1,1,2022-03-07,2022-03-08,17.47,15.59,-1.879999999999999,1.879999999999999,3.534399999999996,1,1,1,6ed147cd585e5e8083292683f9be3cf585e97e4d46fa0e3224d24a4e2b42cbbb,f83baf5732ffbf88b9a448a3d9ab9fa270f7495fe44d1559c1ac49795a30881a,2bbf5eba419b0650693f1e88326107bf9a346c68,persistence_corrected_2bbf5eba419b_6ed147cd_f83baf57
Persistence,1,1,2022-03-08,2022-03-09,15.23,17.47,2.2399999999999984,2.2399999999999984,5.017599999999993,1,0,0,6ed147cd585e5e8083292683f9be3cf585e97e4d46fa0e3224d24a4e2b42cbbb,f83baf5732ffbf88b9a448a3d9ab9fa270f7495fe44d1559c1ac49795a30881a,2bbf5eba419b0650693f1e88326107bf9a346c68,persistence_corrected_2bbf5eba419b_6ed147cd_f83baf57
Persistence,1,1,2022-03-09,2022-03-10,15.48,15.23,-0.25,0.25,0.0625,1,0,0,6ed147cd585e5e8083292683f9be3cf585e97e4d46fa0e3224d24a4e2b42cbbb,f83baf5732ffbf88b9a448a3d9ab9fa270f7495fe44d1559c1ac49795a30881a,2bbf5eba419b0650693f1e88326107bf9a346c68,persistence_corrected_2bbf5eba419b_6ed147cd_f83baf57
Persistence,1,1,2022-03-10,2022-03-11,16.87,15.48,-1.3900000000000006,1.3900000000000006,1.9321000000000015,1,1,0,6ed147cd585e5e8083292683f9be3cf585e97e4d46fa0e3224d24a4e2b42cbbb,f83baf5732ffbf88b9a448a3d9ab9fa270f7495fe44d1559c1ac49795a30881a,2bbf5eba419b0650693f1e88326107bf9a346c68,persistence_corrected_2bbf5eba419b_6ed147cd_f83baf57
Persistence,1,1,2022-03-11,2022-03-12,16.91,16.87,-0.03999999999999915,0.03999999999999915,0.0015999999999999318,1,1,0,6ed147cd585e5e8083292683f9be3cf585e97e4d46fa0e3224d24a4e2b42cbbb,f83baf5732ffbf88b9a448a3d9ab9fa270f7495fe44d1559c1ac49795a30881a,2bbf5eba419b0650693f1e88326107bf9a346c68,persistence_corrected_2bbf5eba419b_6ed147cd_f83baf57
Persistence,1,1,2022-03-12,2022-03-13,16.7,16.91,0.21000000000000085,0.21000000000000085,0.04410000000000036,1,1,0,6ed147cd585e5e8083292683f9be3cf585e97e4d46fa0e3224d24a4e2b42cbbb,f83baf5732ffbf88b9a448a3d9ab9fa270f7495fe44d1559c1ac49795a30881a,2bbf5eba419b0650693f1e88326107bf9a346c68,persistence_corrected_2bbf5eba419b_6ed147cd_f83baf57
Persistence,1,1,2022-03-13,2022-03-14,17.6,16.7,-0.9000000000000021,0.9000000000000021,0.8100000000000038,1,1,1,6ed147cd585e5e8083292683f9be3cf585e97e4d46fa0e3224d24a4e2b42cbbb,f83baf5732ffbf88b9a448a3d9ab9fa270f7495fe44d1559c1ac49795a30881a,2bbf5eba419b0650693f1e88326107bf9a346c68,persistence_corrected_2bbf5eba419b_6ed147cd_f83baf57
Persistence,1,1,2022-03-14,2022-03-15,15.05,17.6,2.5500000000000007,2.5500000000000007,6.502500000000004,1,0,0,6ed147cd585e5e8083292683f9be3cf585e97e4d46fa0e3224d24a4e2b42cbbb,f83baf5732ffbf88b9a448a3d9ab9fa270f7495fe44d1559c1ac49795a30881a,2bbf5eba419b0650693f1e88326107bf9a346c68,persistence_corrected_2bbf5eba419b_6ed147cd_f83baf57
Persistence,1,1,2022-03-15,2022-03-16,14.66,15.05,0.39000000000000057,0.39000000000000057,0.15210000000000046,0,0,0,6ed147cd585e5e8083292683f9be3cf585e97e4d46fa0e3224d24a4e2b42cbbb,f83baf5732ffbf88b9a448a3d9ab9fa270f7495fe44d1559c1ac49795a30881a,2bbf5eba419b0650693f1e88326107bf9a346c68,persistence_corrected_2bbf5eba419b_6ed147cd_f83baf57
Persistence,1,1,2022-03-16,2022-03-17,14.99,14.66,-0.33000000000000007,0.33000000000000007,0.10890000000000005,0,0,0,6ed147cd585e5e8083292683f9be3cf585e97e4d46fa0e3224d24a4e2b42cbbb,f83baf5732ffbf88b9a448a3d9ab9fa270f7495fe44d1559c1ac49795a30881a,2bbf5eba419b0650693f1e88326107bf9a346c68,persistence_corrected_2bbf5eba419b_6ed147cd_f83baf57
Persistence,1,1,2022-03-17,2022-03-18,16.39,14.99,-1.4000000000000004,1.4000000000000004,1.960000000000001,1,1,0,6ed147cd585e5e8083292683f9be3cf585e97e4d46fa0e3224d24a4e2b42cbbb,f83baf5732ffbf88b9a448a3d9ab9fa270f7495fe44d1559c1ac49795a30881a,2bbf5eba419b0650693f1e88326107bf9a346c68,persistence_corrected_2bbf5eba419b_6ed147cd_f83baf57
Persistence,1,1,2022-03-18,2022-03-19,14.39,16.39,2.0,2.0,4.0,0,0,0,6ed147cd585e5e8083292683f9be3cf585e97e4d46fa0e3224d24a4e2b42cbbb,f83baf5732ffbf88b9a448a3d9ab9fa270f7495fe44d1559c1ac49795a30881a,2bbf5eba419b0650693f1e88326107bf9a346c68,persistence_corrected_2bbf5eba419b_6ed147cd_f83baf57
Persistence,1,1,2022-03-19,2022-03-20,14.16,14.39,0.23000000000000043,0.23000000000000043,0.0529000000000002,0,0,0,6ed147cd585e5e8083292683f9be3cf585e97e4d46fa0e3224d24a4e2b42cbbb,f83baf5732ffbf88b9a448a3d9ab9fa270f7495fe44d1559c1ac49795a30881a,2bbf5eba419b0650693f1e88326107bf9a346c68,persistence_corrected_2bbf5eba419b_6ed147cd_f83baf57
Persistence,1,1,2022-03-20,2022-03-21,15.02,14.16,-0.8599999999999994,0.8599999999999994,0.739599999999999,1,0,0,6ed147cd585e5e8083292683f9be3cf585e97e4d46fa0e3224d24a4e2b42cbbb,f83baf5732ffbf88b9a448a3d9ab9fa270f7495fe44d1559c1ac49795a30881a,2bbf5eba419b0650693f1e88326107bf9a346c68,persistence_corrected_2bbf5eba419b_6ed147cd_f83baf57
Persistence,1,1,2022-03-21,2022-03-22,14.66,15.02,0.35999999999999943,0.35999999999999943,0.1295999999999996,0,0,0,6ed147cd585e5e8083292683f9be3cf585e97e4d46fa0e3224d24a4e2b42cbbb,f83baf5732ffbf88b9a448a3d9ab9fa270f7495fe44d1559c1ac49795a30881a,2bbf5eba419b0650693f1e88326107bf9a346c68,persistence_corrected_2bbf5eba419b_6ed147cd_f83baf57
Persistence,1,1,2022-03-22,2022-03-23,13.91,14.66,0.75,0.75,0.5625,0,0,0,6ed147cd585e5e8083292683f9be3cf585e97e4d46fa0e3224d24a4e2b42cbbb,f83baf5732ffbf88b9a448a3d9ab9fa270f7495fe44d1559c1ac49795a30881a,2bbf5eba419b0650693f1e88326107bf9a346c68,persistence_corrected_2bbf5eba419b_6ed147cd_f83baf57
Persistence,1,1,2022-03-23,2022-03-24,15.36,13.91,-1.4499999999999993,1.4499999999999993,2.102499999999998,1,0,0,6ed147cd585e5e8083292683f9be3cf585e97e4d46fa0e3224d24a4e2b42cbbb,f83baf5732ffbf88b9a448a3d9ab9fa270f7495fe44d1559c1ac49795a30881a,2bbf5eba419b0650693f1e88326107bf9a346c68,persistence_corrected_2bbf5eba419b_6ed147cd_f83baf57
Persistence,1,1,2022-03-24,2022-03-25,14.02,15.36,1.3399999999999999,1.3399999999999999,1.7955999999999996,0,0,0,6ed147cd585e5e8083292683f9be3cf585e97e4d46fa0e3224d24a4e2b42cbbb,f83baf5732ffbf88b9a448a3d9ab9fa270f7495fe44d1559c1ac49795a30881a,2bbf5eba419b0650693f1e88326107bf9a346c68,persistence_corrected_2bbf5eba419b_6ed147cd_f83baf57
Persistence,1,1,2022-03-25,2022-03-26,12.34,14.02,1.6799999999999997,1.6799999999999997,2.822399999999999,0,0,0,6ed147cd585e5e8083292683f9be3cf585e97e4d46fa0e3224d24a4e2b42cbbb,f83baf5732ffbf88b9a448a3d9ab9fa270f7495fe44d1559c1ac49795a30881a,2bbf5eba419b0650693f1e88326107bf9a346c68,persistence_corrected_2bbf5eba419b_6ed147cd_f83baf57
Persistence,1,1,2022-03-26,2022-03-27,10.51,12.34,1.83,1.83,3.3489000000000004,0,0,0,6ed147cd585e5e8083292683f9be3cf585e97e4d46fa0e3224d24a4e2b42cbbb,f83baf5732ffbf88b9a448a3d9ab9fa270f7495fe44d1559c1ac49795a30881a,2bbf5eba419b0650693f1e88326107bf9a346c68,persistence_corrected_2bbf5eba419b_6ed147cd_f83baf57
Persistence,1,1,2022-03-27,2022-03-28,11.68,10.51,-1.17,1.17,1.3688999999999998,0,0,0,6ed147cd585e5e8083292683f9be3cf585e97e4d46fa0e3224d24a4e2b42cbbb,f83baf5732ffbf88b9a448a3d9ab9fa270f7495fe44d1559c1ac49795a30881a,2bbf5eba419b0650693f1e88326107bf9a346c68,persistence_corrected_2bbf5eba419b_6ed147cd_f83baf57
Persistence,1,1,2022-03-28,2022-03-29,13.13,11.68,-1.450000000000001,1.450000000000001,2.102500000000003,0,0,0,6ed147cd585e5e8083292683f9be3cf585e97e4d46fa0e3224d24a4e2b42cbbb,f83baf5732ffbf88b9a448a3d9ab9fa270f7495fe44d1559c1ac49795a30881a,2bbf5eba419b0650693f1e88326107bf9a346c68,persistence_corrected_2bbf5eba419b_6ed147cd_f83baf57
Persistence,1,1,2022-03-29,2022-03-30,9.49,13.13,3.6400000000000006,3.6400000000000006,13.249600000000004,0,0,0,6ed147cd585e5e8083292683f9be3cf585e97e4d46fa0e3224d24a4e2b42cbbb,f83baf5732ffbf88b9a448a3d9ab9fa270f7495fe44d1559c1ac49795a30881a,2bbf5eba419b0650693f1e88326107bf9a346c68,persistence_corrected_2bbf5eba419b_6ed147cd_f83baf57
Persistence,1,1,2022-03-30,2022-03-31,12.8,9.49,-3.3100000000000005,3.3100000000000005,10.956100000000003,0,0,0,6ed147cd585e5e8083292683f9be3cf585e97e4d46fa0e3224d24a4e2b42cbbb,f83baf5732ffbf88b9a448a3d9ab9fa270f7495fe44d1559c1ac49795a30881a,2bbf5eba419b0650693f1e88326107bf9a346c68,persistence_corrected_2bbf5eba419b_6ed147cd_f83baf57
Persistence,1,1,2022-03-31,2022-04-01,10.76,12.8,2.040000000000001,2.040000000000001,4.1616000000000035,0,0,0,6ed147cd585e5e8083292683f9be3cf585e97e4d46fa0e3224d24a4e2b42cbbb,f83baf5732ffbf88b9a448a3d9ab9fa270f7495fe44d1559c1ac49795a30881a,2bbf5eba419b0650693f1e88326107bf9a346c68,persistence_corrected_2bbf5eba419b_6ed147cd_f83baf57
Persistence,1,1,2022-04-01,2022-04-02,9.76,10.76,1.0,1.0,1.0,0,0,0,6ed147cd585e5e8083292683f9be3cf585e97e4d46fa0e3224d24a4e2b42cbbb,f83baf5732ffbf88b9a448a3d9ab9fa270f7495fe44d1559c1ac49795a30881a,2bbf5eba419b0650693f1e88326107bf9a346c68,persistence_corrected_2bbf5eba419b_6ed147cd_f83baf57
Persistence,1,1,2022-04-02,2022-04-03,11.41,9.76,-1.6500000000000004,1.6500000000000004,2.722500000000001,0,0,0,6ed147cd585e5e8083292683f9be3cf585e97e4d46fa0e3224d24a4e2b42cbbb,f83baf5732ffbf88b9a448a3d9ab9fa270f7495fe44d1559c1ac49795a30881a,2bbf5eba419b0650693f1e88326107bf9a346c68,persistence_corrected_2bbf5eba419b_6ed147cd_f83baf57
Persistence,1,1,2022-04-03,2022-04-04,12.77,11.41,-1.3599999999999994,1.3599999999999994,1.8495999999999984,0,0,0,6ed147cd585e5e8083292683f9be3cf585e97e4d46fa0e3224d24a4e2b42cbbb,f83baf5732ffbf88b9a448a3d9ab9fa270f7495fe44d1559c1ac49795a30881a,2bbf5eba419b0650693f1e88326107bf9a346c68,persistence_corrected_2bbf5eba419b_6ed147cd_f83baf57
Persistence,1,1,2022-04-04,2022-04-05,13.25,12.77,-0.4800000000000004,0.4800000000000004,0.2304000000000004,0,0,0,6ed147cd585e5e8083292683f9be3cf585e97e4d46fa0e3224d24a4e2b42cbbb,f83baf5732ffbf88b9a448a3d9ab9fa270f7495fe44d1559c1ac49795a30881a,2bbf5eba419b0650693f1e88326107bf9a346c68,persistence_corrected_2bbf5eba419b_6ed147cd_f83baf57
Persistence,1,1,2022-04-05,2022-04-06,12.49,13.25,0.7599999999999998,0.7599999999999998,0.5775999999999997,0,0,0,6ed147cd585e5e8083292683f9be3cf585e97e4d46fa0e3224d24a4e2b42cbbb,f83baf5732ffbf88b9a448a3d9ab9fa270f7495fe44d1559c1ac49795a30881a,2bbf5eba419b0650693f1e88326107bf9a346c68,persistence_corrected_2bbf5eba419b_6ed147cd_f83baf57
Persistence,1,1,2022-04-06,2022-04-07,14.95,12.49,-2.459999999999999,2.459999999999999,6.051599999999995,0,0,0,6ed147cd585e5e8083292683f9be3cf585e97e4d46fa0e3224d24a4e2b42cbbb,f83baf5732ffbf88b9a448a3d9ab9fa270f7495fe44d1559c1ac49795a30881a,2bbf5eba419b0650693f1e88326107bf9a346c68,persistence_corrected_2bbf5eba419b_6ed147cd_f83baf57
Persistence,1,1,2022-04-07,2022-04-08,17.18,14.95,-2.2300000000000004,2.2300000000000004,4.972900000000002,1,1,1,6ed147cd585e5e8083292683f9be3cf585e97e4d46fa0e3224d24a4e2b42cbbb,f83baf5732ffbf88b9a448a3d9ab9fa270f7495fe44d1559c1ac49795a30881a,2bbf5eba419b0650693f1e88326107bf9a346c68,persistence_corrected_2bbf5eba419b_6ed147cd_f83baf57
Persistence,1,1,2022-04-08,2022-04-09,15.3,17.18,1.879999999999999,1.879999999999999,3.534399999999996,1,0,0,6ed147cd585e5e8083292683f9be3cf585e97e4d46fa0e3224d24a4e2b42cbbb,f83baf5732ffbf88b9a448a3d9ab9fa270f7495fe44d1559c1ac49795a30881a,2bbf5eba419b0650693f1e88326107bf9a346c68,persistence_corrected_2bbf5eba419b_6ed147cd_f83baf57
Persistence,1,1,2022-04-09,2022-04-10,14.35,15.3,0.9500000000000011,0.9500000000000011,0.9025000000000021,0,0,0,6ed147cd585e5e8083292683f9be3cf585e97e4d46fa0e3224d24a4e2b42cbbb,f83baf5732ffbf88b9a448a3d9ab9fa270f7495fe44d1559c1ac49795a30881a,2bbf5eba419b0650693f1e88326107bf9a346c68,persistence_corrected_2bbf5eba419b_6ed147cd_f83baf57
Persistence,1,1,2022-04-10,2022-04-11,14.05,14.35,0.29999999999999893,0.29999999999999893,0.08999999999999936,0,0,0,6ed147cd585e5e8083292683f9be3cf585e97e4d46fa0e3224d24a4e2b42cbbb,f83baf5732ffbf88b9a448a3d9ab9fa270f7495fe44d1559c1ac49795a30881a,2bbf5eba419b0650693f1e88326107bf9a346c68,persistence_corrected_2bbf5eba419b_6ed147cd_f83baf57
Persistence,1,1,2022-04-11,2022-04-12,12.72,14.05,1.33,1.33,1.7689000000000001,0,0,0,6ed147cd585e5e8083292683f9be3cf585e97e4d46fa0e3224d24a4e2b42cbbb,f83baf5732ffbf88b9a448a3d9ab9fa270f7495fe44d1559c1ac49795a30881a,2bbf5eba419b0650693f1e88326107bf9a346c68,persistence_corrected_2bbf5eba419b_6ed147cd_f83baf57
Persistence,1,1,2022-04-12,2022-04-13,14.57,12.72,-1.8499999999999996,1.8499999999999996,3.4224999999999985,0,0,0,6ed147cd585e5e8083292683f9be3cf585e97e4d46fa0e3224d24a4e2b42cbbb,f83baf5732ffbf88b9a448a3d9ab9fa270f7495fe44d1559c1ac49795a30881a,2bbf5eba419b0650693f1e88326107bf9a346c68,persistence_corrected_2bbf5eba419b_6ed147cd_f83baf57
Persistence,1,1,2022-04-13,2022-04-14,13.69,14.57,0.8800000000000008,0.8800000000000008,0.7744000000000014,0,0,0,6ed147cd585e5e8083292683f9be3cf585e97e4d46fa0e3224d24a4e2b42cbbb,f83baf5732ffbf88b9a448a3d9ab9fa270f7495fe44d1559c1ac49795a30881a,2bbf5eba419b0650693f1e88326107bf9a346c68,persistence_corrected_2bbf5eba419b_6ed147cd_f83baf57
Persistence,1,1,2022-04-14,2022-04-15,15.92,13.69,-2.2300000000000004,2.2300000000000004,4.972900000000002,1,0,0,6ed147cd585e5e8083292683f9be3cf585e97e4d46fa0e3224d24a4e2b42cbbb,f83baf5732ffbf88b9a448a3d9ab9fa270f7495fe44d1559c1ac49795a30881a,2bbf5eba419b0650693f1e88326107bf9a346c68,persistence_corrected_2bbf5eba419b_6ed147cd_f83baf57
Persistence,1,1,2022-04-15,2022-04-16,11.75,15.92,4.17,4.17,17.3889,0,0,0,6ed147cd585e5e8083292683f9be3cf585e97e4d46fa0e3224d24a4e2b42cbbb,f83baf5732ffbf88b9a448a3d9ab9fa270f7495fe44d1559c1ac49795a30881a,2bbf5eba419b0650693f1e88326107bf9a346c68,persistence_corrected_2bbf5eba419b_6ed147cd_f83baf57
Persistence,1,1,2022-04-16,2022-04-17,11.92,11.75,-0.16999999999999993,0.16999999999999993,0.028899999999999974,0,0,0,6ed147cd585e5e8083292683f9be3cf585e97e4d46fa0e3224d24a4e2b42cbbb,f83baf5732ffbf88b9a448a3d9ab9fa270f7495fe44d1559c1ac49795a30881a,2bbf5eba419b0650693f1e88326107bf9a346c68,persistence_corrected_2bbf5eba419b_6ed147cd_f83baf57
Persistence,1,1,2022-04-17,2022-04-18,13.1,11.92,-1.1799999999999997,1.1799999999999997,1.3923999999999994,0,0,0,6ed147cd585e5e8083292683f9be3cf585e97e4d46fa0e3224d24a4e2b42cbbb,f83baf5732ffbf88b9a448a3d9ab9fa270f7495fe44d1559c1ac49795a30881a,2bbf5eba419b0650693f1e88326107bf9a346c68,persistence_corrected_2bbf5eba419b_6ed147cd_f83baf57
Persistence,1,1,2022-04-18,2022-04-19,13.5,13.1,-0.40000000000000036,0.40000000000000036,0.16000000000000028,0,0,0,6ed147cd585e5e8083292683f9be3cf585e97e4d46fa0e3224d24a4e2b42cbbb,f83baf5732ffbf88b9a448a3d9ab9fa270f7495fe44d1559c1ac49795a30881a,2bbf5eba419b0650693f1e88326107bf9a346c68,persistence_corrected_2bbf5eba419b_6ed147cd_f83baf57
Persistence,1,1,2022-04-19,2022-04-20,13.24,13.5,0.2599999999999998,0.2599999999999998,0.06759999999999988,0,0,0,6ed147cd585e5e8083292683f9be3cf585e97e4d46fa0e3224d24a4e2b42cbbb,f83baf5732ffbf88b9a448a3d9ab9fa270f7495fe44d1559c1ac49795a30881a,2bbf5eba419b0650693f1e88326107bf9a346c68,persistence_corrected_2bbf5eba419b_6ed147cd_f83baf57
Persistence,1,1,2022-04-20,2022-04-21,13.75,13.24,-0.5099999999999998,0.5099999999999998,0.2600999999999998,0,0,0,6ed147cd585e5e8083292683f9be3cf585e97e4d46fa0e3224d24a4e2b42cbbb,f83baf5732ffbf88b9a448a3d9ab9fa270f7495fe44d1559c1ac49795a30881a,2bbf5eba419b0650693f1e88326107bf9a346c68,persistence_corrected_2bbf5eba419b_6ed147cd_f83baf57
Persistence,1,1,2022-04-21,2022-04-22,17.64,13.75,-3.8900000000000006,3.8900000000000006,15.132100000000005,1,1,1,6ed147cd585e5e8083292683f9be3cf585e97e4d46fa0e3224d24a4e2b42cbbb,f83baf5732ffbf88b9a448a3d9ab9fa270f7495fe44d1559c1ac49795a30881a,2bbf5eba419b0650693f1e88326107bf9a346c68,persistence_corrected_2bbf5eba419b_6ed147cd_f83baf57
Persistence,1,1,2022-04-22,2022-04-23,11.22,17.64,6.42,6.42,41.2164,0,0,0,6ed147cd585e5e8083292683f9be3cf585e97e4d46fa0e3224d24a4e2b42cbbb,f83baf5732ffbf88b9a448a3d9ab9fa270f7495fe44d1559c1ac49795a30881a,2bbf5eba419b0650693f1e88326107bf9a346c68,persistence_corrected_2bbf5eba419b_6ed147cd_f83baf57
Persistence,1,1,2022-04-23,2022-04-24,11.23,11.22,-0.009999999999999787,0.009999999999999787,9.999999999999574e-05,0,0,0,6ed147cd585e5e8083292683f9be3cf585e97e4d46fa0e3224d24a4e2b42cbbb,f83baf5732ffbf88b9a448a3d9ab9fa270f7495fe44d1559c1ac49795a30881a,2bbf5eba419b0650693f1e88326107bf9a346c68,persistence_corrected_2bbf5eba419b_6ed147cd_f83baf57
Persistence,1,1,2022-04-24,2022-04-25,13.46,11.23,-2.2300000000000004,2.2300000000000004,4.972900000000002,0,0,0,6ed147cd585e5e8083292683f9be3cf585e97e4d46fa0e3224d24a4e2b42cbbb,f83baf5732ffbf88b9a448a3d9ab9fa270f7495fe44d1559c1ac49795a30881a,2bbf5eba419b0650693f1e88326107bf9a346c68,persistence_corrected_2bbf5eba419b_6ed147cd_f83baf57
Persistence,1,1,2022-04-25,2022-04-26,14.5,13.46,-1.0399999999999991,1.0399999999999991,1.0815999999999981,0,0,0,6ed147cd585e5e8083292683f9be3cf585e97e4d46fa0e3224d24a4e2b42cbbb,f83baf5732ffbf88b9a448a3d9ab9fa270f7495fe44d1559c1ac49795a30881a,2bbf5eba419b0650693f1e88326107bf9a346c68,persistence_corrected_2bbf5eba419b_6ed147cd_f83baf57
Persistence,1,1,2022-04-26,2022-04-27,11.69,14.5,2.8100000000000005,2.8100000000000005,7.896100000000003,0,0,0,6ed147cd585e5e8083292683f9be3cf585e97e4d46fa0e3224d24a4e2b42cbbb,f83baf5732ffbf88b9a448a3d9ab9fa270f7495fe44d1559c1ac49795a30881a,2bbf5eba419b0650693f1e88326107bf9a346c68,persistence_corrected_2bbf5eba419b_6ed147cd_f83baf57
Persistence,1,1,2022-04-27,2022-04-28,11.68,11.69,0.009999999999999787,0.009999999999999787,9.999999999999574e-05,0,0,0,6ed147cd585e5e8083292683f9be3cf585e97e4d46fa0e3224d24a4e2b42cbbb,f83baf5732ffbf88b9a448a3d9ab9fa270f7495fe44d1559c1ac49795a30881a,2bbf5eba419b0650693f1e88326107bf9a346c68,persistence_corrected_2bbf5eba419b_6ed147cd_f83baf57
Persistence,1,1,2022-04-28,2022-04-29,11.09,11.68,0.5899999999999999,0.5899999999999999,0.34809999999999985,0,0,0,6ed147cd585e5e8083292683f9be3cf585e97e4d46fa0e3224d24a4e2b42cbbb,f83baf5732ffbf88b9a448a3d9ab9fa270f7495fe44d1559c1ac49795a30881a,2bbf5eba419b0650693f1e88326107bf9a346c68,persistence_corrected_2bbf5eba419b_6ed147cd_f83baf57
Persistence,1,1,2022-04-29,2022-04-30,8.23,11.09,2.8599999999999994,2.8599999999999994,8.179599999999997,0,0,0,6ed147cd585e5e8083292683f9be3cf585e97e4d46fa0e3224d24a4e2b42cbbb,f83baf5732ffbf88b9a448a3d9ab9fa270f7495fe44d1559c1ac49795a30881a,2bbf5eba419b0650693f1e88326107bf9a346c68,persistence_corrected_2bbf5eba419b_6ed147cd_f83baf57
Persistence,1,1,2022-04-30,2022-05-01,7.6,8.23,0.6300000000000008,0.6300000000000008,0.396900000000001,0,0,0,6ed147cd585e5e8083292683f9be3cf585e97e4d46fa0e3224d24a4e2b42cbbb,f83baf5732ffbf88b9a448a3d9ab9fa270f7495fe44d1559c1ac49795a30881a,2bbf5eba419b0650693f1e88326107bf9a346c68,persistence_corrected_2bbf5eba419b_6ed147cd_f83baf57
Persistence,1,1,2022-05-01,2022-05-02,10.04,7.6,-2.4399999999999995,2.4399999999999995,5.953599999999998,0,0,0,6ed147cd585e5e8083292683f9be3cf585e97e4d46fa0e3224d24a4e2b42cbbb,f83baf5732ffbf88b9a448a3d9ab9fa270f7495fe44d1559c1ac49795a30881a,2bbf5eba419b0650693f1e88326107bf9a346c68,persistence_corrected_2bbf5eba419b_6ed147cd_f83baf57
Persistence,1,1,2022-05-02,2022-05-03,9.17,10.04,0.8699999999999992,0.8699999999999992,0.7568999999999987,0,0,0,6ed147cd585e5e8083292683f9be3cf585e97e4d46fa0e3224d24a4e2b42cbbb,f83baf5732ffbf88b9a448a3d9ab9fa270f7495fe44d1559c1ac49795a30881a,2bbf5eba419b0650693f1e88326107bf9a346c68,persistence_corrected_2bbf5eba419b_6ed147cd_f83baf57
Persistence,1,1,2022-05-03,2022-05-04,10.49,9.17,-1.3200000000000003,1.3200000000000003,1.7424000000000008,0,0,0,6ed147cd585e5e8083292683f9be3cf585e97e4d46fa0e3224d24a4e2b42cbbb,f83baf5732ffbf88b9a448a3d9ab9fa270f7495fe44d1559c1ac49795a30881a,2bbf5eba419b0650693f1e88326107bf9a346c68,persistence_corrected_2bbf5eba419b_6ed147cd_f83baf57
Persistence,1,1,2022-05-04,2022-05-05,9.19,10.49,1.3000000000000007,1.3000000000000007,1.690000000000002,0,0,0,6ed147cd585e5e8083292683f9be3cf585e97e4d46fa0e3224d24a4e2b42cbbb,f83baf5732ffbf88b9a448a3d9ab9fa270f7495fe44d1559c1ac49795a30881a,2bbf5eba419b0650693f1e88326107bf9a346c68,persistence_corrected_2bbf5eba419b_6ed147cd_f83baf57
Persistence,1,1,2022-05-05,2022-05-06,9.34,9.19,-0.15000000000000036,0.15000000000000036,0.022500000000000107,0,0,0,6ed147cd585e5e8083292683f9be3cf585e97e4d46fa0e3224d24a4e2b42cbbb,f83baf5732ffbf88b9a448a3d9ab9fa270f7495fe44d1559c1ac49795a30881a,2bbf5eba419b0650693f1e88326107bf9a346c68,persistence_corrected_2bbf5eba419b_6ed147cd_f83baf57
Persistence,1,1,2022-05-06,2022-05-07,10.28,9.34,-0.9399999999999995,0.9399999999999995,0.883599999999999,0,0,0,6ed147cd585e5e8083292683f9be3cf585e97e4d46fa0e3224d24a4e2b42cbbb,f83baf5732ffbf88b9a448a3d9ab9fa270f7495fe44d1559c1ac49795a30881a,2bbf5eba419b0650693f1e88326107bf9a346c68,persistence_corrected_2bbf5eba419b_6ed147cd_f83baf57
Persistence,1,1,2022-05-07,2022-05-08,10.58,10.28,-0.3000000000000007,0.3000000000000007,0.09000000000000043,0,0,0,6ed147cd585e5e8083292683f9be3cf585e97e4d46fa0e3224d24a4e2b42cbbb,f83baf5732ffbf88b9a448a3d9ab9fa270f7495fe44d1559c1ac49795a30881a,2bbf5eba419b0650693f1e88326107bf9a346c68,persistence_corrected_2bbf5eba419b_6ed147cd_f83baf57
Persistence,1,1,2022-05-08,2022-05-09,12.71,10.58,-2.130000000000001,2.130000000000001,4.536900000000004,0,0,0,6ed147cd585e5e8083292683f9be3cf585e97e4d46fa0e3224d24a4e2b42cbbb,f83baf5732ffbf88b9a448a3d9ab9fa270f7495fe44d1559c1ac49795a30881a,2bbf5eba419b0650693f1e88326107bf9a346c68,persistence_corrected_2bbf5eba419b_6ed147cd_f83baf57
Persistence,1,1,2022-05-09,2022-05-10,12.64,12.71,0.07000000000000028,0.07000000000000028,0.00490000000000004,0,0,0,6ed147cd585e5e8083292683f9be3cf585e97e4d46fa0e3224d24a4e2b42cbbb,f83baf5732ffbf88b9a448a3d9ab9fa270f7495fe44d1559c1ac49795a30881a,2bbf5eba419b0650693f1e88326107bf9a346c68,persistence_corrected_2bbf5eba419b_6ed147cd_f83baf57
Persistence,1,1,2022-05-10,2022-05-11,12.72,12.64,-0.08000000000000007,0.08000000000000007,0.006400000000000012,0,0,0,6ed147cd585e5e8083292683f9be3cf585e97e4d46fa0e3224d24a4e2b42cbbb,f83baf5732ffbf88b9a448a3d9ab9fa270f7495fe44d1559c1ac49795a30881a,2bbf5eba419b0650693f1e88326107bf9a346c68,persistence_corrected_2bbf5eba419b_6ed147cd_f83baf57
Persistence,1,1,2022-05-11,2022-05-12,13.37,12.72,-0.6499999999999986,0.6499999999999986,0.42249999999999815,0,0,0,6ed147cd585e5e8083292683f9be3cf585e97e4d46fa0e3224d24a4e2b42cbbb,f83baf5732ffbf88b9a448a3d9ab9fa270f7495fe44d1559c1ac49795a30881a,2bbf5eba419b0650693f1e88326107bf9a346c68,persistence_corrected_2bbf5eba419b_6ed147cd_f83baf57
Persistence,1,1,2022-05-12,2022-05-13,12.94,13.37,0.4299999999999997,0.4299999999999997,0.18489999999999976,0,0,0,6ed147cd585e5e8083292683f9be3cf585e97e4d46fa0e3224d24a4e2b42cbbb,f83baf5732ffbf88b9a448a3d9ab9fa270f7495fe44d1559c1ac49795a30881a,2bbf5eba419b0650693f1e88326107bf9a346c68,persistence_corrected_2bbf5eba419b_6ed147cd_f83baf57
Persistence,1,1,2022-05-13,2022-05-14,15.8,12.94,-2.860000000000001,2.860000000000001,8.179600000000008,1,0,0,6ed147cd585e5e8083292683f9be3cf585e97e4d46fa0e3224d24a4e2b42cbbb,f83baf5732ffbf88b9a448a3d9ab9fa270f7495fe44d1559c1ac49795a30881a,2bbf5eba419b0650693f1e88326107bf9a346c68,persistence_corrected_2bbf5eba419b_6ed147cd_f83baf57
Persistence,1,1,2022-05-14,2022-05-15,13.32,15.8,2.4800000000000004,2.4800000000000004,6.150400000000002,0,0,0,6ed147cd585e5e8083292683f9be3cf585e97e4d46fa0e3224d24a4e2b42cbbb,f83baf5732ffbf88b9a448a3d9ab9fa270f7495fe44d1559c1ac49795a30881a,2bbf5eba419b0650693f1e88326107bf9a346c68,persistence_corrected_2bbf5eba419b_6ed147cd_f83baf57
Persistence,1,1,2022-05-15,2022-05-16,11.74,13.32,1.58,1.58,2.4964000000000004,0,0,0,6ed147cd585e5e8083292683f9be3cf585e97e4d46fa0e3224d24a4e2b42cbbb,f83baf5732ffbf88b9a448a3d9ab9fa270f7495fe44d1559c1ac49795a30881a,2bbf5eba419b0650693f1e88326107bf9a346c68,persistence_corrected_2bbf5eba419b_6ed147cd_f83baf57
Persistence,1,1,2022-05-16,2022-05-17,11.9,11.74,-0.16000000000000014,0.16000000000000014,0.025600000000000046,0,0,0,6ed147cd585e5e8083292683f9be3cf585e97e4d46fa0e3224d24a4e2b42cbbb,f83baf5732ffbf88b9a448a3d9ab9fa270f7495fe44d1559c1ac49795a30881a,2bbf5eba419b0650693f1e88326107bf9a346c68,persistence_corrected_2bbf5eba419b_6ed147cd_f83baf57
Persistence,1,1,2022-05-17,2022-05-18,13.99,11.9,-2.09,2.09,4.368099999999999,0,0,0,6ed147cd585e5e8083292683f9be3cf585e97e4d46fa0e3224d24a4e2b42cbbb,f83baf5732ffbf88b9a448a3d9ab9fa270f7495fe44d1559c1ac49795a30881a,2bbf5eba419b0650693f1e88326107bf9a346c68,persistence_corrected_2bbf5eba419b_6ed147cd_f83baf57
Persistence,1,1,2022-05-18,2022-05-19,13.14,13.99,0.8499999999999996,0.8499999999999996,0.7224999999999994,0,0,0,6ed147cd585e5e8083292683f9be3cf585e97e4d46fa0e3224d24a4e2b42cbbb,f83baf5732ffbf88b9a448a3d9ab9fa270f7495fe44d1559c1ac49795a30881a,2bbf5eba419b0650693f1e88326107bf9a346c68,persistence_corrected_2bbf5eba419b_6ed147cd_f83baf57
Persistence,1,1,2022-05-19,2022-05-20,13.2,13.14,-0.05999999999999872,0.05999999999999872,0.0035999999999998464,0,0,0,6ed147cd585e5e8083292683f9be3cf585e97e4d46fa0e3224d24a4e2b42cbbb,f83baf5732ffbf88b9a448a3d9ab9fa270f7495fe44d1559c1ac49795a30881a,2bbf5eba419b0650693f1e88326107bf9a346c68,persistence_corrected_2bbf5eba419b_6ed147cd_f83baf57
Persistence,1,1,2022-05-20,2022-05-21,12.84,13.2,0.35999999999999943,0.35999999999999943,0.1295999999999996,0,0,0,6ed147cd585e5e8083292683f9be3cf585e97e4d46fa0e3224d24a4e2b42cbbb,f83baf5732ffbf88b9a448a3d9ab9fa270f7495fe44d1559c1ac49795a30881a,2bbf5eba419b0650693f1e88326107bf9a346c68,persistence_corrected_2bbf5eba419b_6ed147cd_f83baf57
Persistence,1,1,2022-05-21,2022-05-22,12.78,12.84,0.0600000000000005,0.0600000000000005,0.0036000000000000597,0,0,0,6ed147cd585e5e8083292683f9be3cf585e97e4d46fa0e3224d24a4e2b42cbbb,f83baf5732ffbf88b9a448a3d9ab9fa270f7495fe44d1559c1ac49795a30881a,2bbf5eba419b0650693f1e88326107bf9a346c68,persistence_corrected_2bbf5eba419b_6ed147cd_f83baf57
Persistence,1,1,2022-05-22,2022-05-23,13.42,12.78,-0.6400000000000006,0.6400000000000006,0.40960000000000074,0,0,0,6ed147cd585e5e8083292683f9be3cf585e97e4d46fa0e3224d24a4e2b42cbbb,f83baf5732ffbf88b9a448a3d9ab9fa270f7495fe44d1559c1ac49795a30881a,2bbf5eba419b0650693f1e88326107bf9a346c68,persistence_corrected_2bbf5eba419b_6ed147cd_f83baf57
Persistence,1,1,2022-05-23,2022-05-24,12.91,13.42,0.5099999999999998,0.5099999999999998,0.2600999999999998,0,0,0,6ed147cd585e5e8083292683f9be3cf585e97e4d46fa0e3224d24a4e2b42cbbb,f83baf5732ffbf88b9a448a3d9ab9fa270f7495fe44d1559c1ac49795a30881a,2bbf5eba419b0650693f1e88326107bf9a346c68,persistence_corrected_2bbf5eba419b_6ed147cd_f83baf57
Persistence,1,1,2022-05-24,2022-05-25,14.44,12.91,-1.5299999999999994,1.5299999999999994,2.340899999999998,0,0,0,6ed147cd585e5e8083292683f9be3cf585e97e4d46fa0e3224d24a4e2b42cbbb,f83baf5732ffbf88b9a448a3d9ab9fa270f7495fe44d1559c1ac49795a30881a,2bbf5eba419b0650693f1e88326107bf9a346c68,persistence_corrected_2bbf5eba419b_6ed147cd_f83baf57
Persistence,1,1,2022-05-25,2022-05-26,13.75,14.44,0.6899999999999995,0.6899999999999995,0.4760999999999993,0,0,0,6ed147cd585e5e8083292683f9be3cf585e97e4d46fa0e3224d24a4e2b42cbbb,f83baf5732ffbf88b9a448a3d9ab9fa270f7495fe44d1559c1ac49795a30881a,2bbf5eba419b0650693f1e88326107bf9a346c68,persistence_corrected_2bbf5eba419b_6ed147cd_f83baf57
Persistence,1,1,2022-05-26,2022-05-27,13.81,13.75,-0.0600000000000005,0.0600000000000005,0.0036000000000000597,0,0,0,6ed147cd585e5e8083292683f9be3cf585e97e4d46fa0e3224d24a4e2b42cbbb,f83baf5732ffbf88b9a448a3d9ab9fa270f7495fe44d1559c1ac49795a30881a,2bbf5eba419b0650693f1e88326107bf9a346c68,persistence_corrected_2bbf5eba419b_6ed147cd_f83baf57
Persistence,1,1,2022-05-27,2022-05-28,16.48,13.81,-2.67,2.67,7.1289,1,1,0,6ed147cd585e5e8083292683f9be3cf585e97e4d46fa0e3224d24a4e2b42cbbb,f83baf5732ffbf88b9a448a3d9ab9fa270f7495fe44d1559c1ac49795a30881a,2bbf5eba419b0650693f1e88326107bf9a346c68,persistence_corrected_2bbf5eba419b_6ed147cd_f83baf57
Persistence,1,1,2022-05-28,2022-05-29,15.8,16.48,0.6799999999999997,0.6799999999999997,0.4623999999999996,1,0,0,6ed147cd585e5e8083292683f9be3cf585e97e4d46fa0e3224d24a4e2b42cbbb,f83baf5732ffbf88b9a448a3d9ab9fa270f7495fe44d1559c1ac49795a30881a,2bbf5eba419b0650693f1e88326107bf9a346c68,persistence_corrected_2bbf5eba419b_6ed147cd_f83baf57
Persistence,1,1,2022-05-29,2022-05-30,12.42,15.8,3.380000000000001,3.380000000000001,11.424400000000006,0,0,0,6ed147cd585e5e8083292683f9be3cf585e97e4d46fa0e3224d24a4e2b42cbbb,f83baf5732ffbf88b9a448a3d9ab9fa270f7495fe44d1559c1ac49795a30881a,2bbf5eba419b0650693f1e88326107bf9a346c68,persistence_corrected_2bbf5eba419b_6ed147cd_f83baf57
Persistence,1,1,2022-05-30,2022-05-31,13.5,12.42,-1.08,1.08,1.1664,0,0,0,6ed147cd585e5e8083292683f9be3cf585e97e4d46fa0e3224d24a4e2b42cbbb,f83baf5732ffbf88b9a448a3d9ab9fa270f7495fe44d1559c1ac49795a30881a,2bbf5eba419b0650693f1e88326107bf9a346c68,persistence_corrected_2bbf5eba419b_6ed147cd_f83baf57
Persistence,1,1,2022-05-31,2022-06-01,12.92,13.5,0.5800000000000001,0.5800000000000001,0.3364000000000001,0,0,0,6ed147cd585e5e8083292683f9be3cf585e97e4d46fa0e3224d24a4e2b42cbbb,f83baf5732ffbf88b9a448a3d9ab9fa270f7495fe44d1559c1ac49795a30881a,2bbf5eba419b0650693f1e88326107bf9a346c68,persistence_corrected_2bbf5eba419b_6ed147cd_f83baf57
Persistence,1,1,2022-06-01,2022-06-02,13.51,12.92,-0.5899999999999999,0.5899999999999999,0.34809999999999985,0,0,0,6ed147cd585e5e8083292683f9be3cf585e97e4d46fa0e3224d24a4e2b42cbbb,f83baf5732ffbf88b9a448a3d9ab9fa270f7495fe44d1559c1ac49795a30881a,2bbf5eba419b0650693f1e88326107bf9a346c68,persistence_corrected_2bbf5eba419b_6ed147cd_f83baf57
Persistence,1,1,2022-06-02,2022-06-03,12.24,13.51,1.2699999999999996,1.2699999999999996,1.612899999999999,0,0,0,6ed147cd585e5e8083292683f9be3cf585e97e4d46fa0e3224d24a4e2b42cbbb,f83baf5732ffbf88b9a448a3d9ab9fa270f7495fe44d1559c1ac49795a30881a,2bbf5eba419b0650693f1e88326107bf9a346c68,persistence_corrected_2bbf5eba419b_6ed147cd_f83baf57
Persistence,1,1,2022-06-03,2022-06-04,10.24,12.24,2.0,2.0,4.0,0,0,0,6ed147cd585e5e8083292683f9be3cf585e97e4d46fa0e3224d24a4e2b42cbbb,f83baf5732ffbf88b9a448a3d9ab9fa270f7495fe44d1559c1ac49795a30881a,2bbf5eba419b0650693f1e88326107bf9a346c68,persistence_corrected_2bbf5eba419b_6ed147cd_f83baf57
Persistence,1,1,2022-06-04,2022-06-05,9.78,10.24,0.46000000000000085,0.46000000000000085,0.2116000000000008,0,0,0,6ed147cd585e5e8083292683f9be3cf585e97e4d46fa0e3224d24a4e2b42cbbb,f83baf5732ffbf88b9a448a3d9ab9fa270f7495fe44d1559c1ac49795a30881a,2bbf5eba419b0650693f1e88326107bf9a346c68,persistence_corrected_2bbf5eba419b_6ed147cd_f83baf57
Persistence,1,1,2022-06-05,2022-06-06,8.76,9.78,1.0199999999999996,1.0199999999999996,1.040399999999999,0,0,0,6ed147cd585e5e8083292683f9be3cf585e97e4d46fa0e3224d24a4e2b42cbbb,f83baf5732ffbf88b9a448a3d9ab9fa270f7495fe44d1559c1ac49795a30881a,2bbf5eba419b0650693f1e88326107bf9a346c68,persistence_corrected_2bbf5eba419b_6ed147cd_f83baf57
Persistence,1,1,2022-06-06,2022-06-07,9.5,8.76,-0.7400000000000002,0.7400000000000002,0.5476000000000003,0,0,0,6ed147cd585e5e8083292683f9be3cf585e97e4d46fa0e3224d24a4e2b42cbbb,f83baf5732ffbf88b9a448a3d9ab9fa270f7495fe44d1559c1ac49795a30881a,2bbf5eba419b0650693f1e88326107bf9a346c68,persistence_corrected_2bbf5eba419b_6ed147cd_f83baf57
Persistence,1,1,2022-06-07,2022-06-08,13.81,9.5,-4.3100000000000005,4.3100000000000005,18.576100000000004,0,0,0,6ed147cd585e5e8083292683f9be3cf585e97e4d46fa0e3224d24a4e2b42cbbb,f83baf5732ffbf88b9a448a3d9ab9fa270f7495fe44d1559c1ac49795a30881a,2bbf5eba419b0650693f1e88326107bf9a346c68,persistence_corrected_2bbf5eba419b_6ed147cd_f83baf57
Persistence,1,1,2022-06-08,2022-06-09,13.99,13.81,-0.17999999999999972,0.17999999999999972,0.0323999999999999,0,0,0,6ed147cd585e5e8083292683f9be3cf585e97e4d46fa0e3224d24a4e2b42cbbb,f83baf5732ffbf88b9a448a3d9ab9fa270f7495fe44d1559c1ac49795a30881a,2bbf5eba419b0650693f1e88326107bf9a346c68,persistence_corrected_2bbf5eba419b_6ed147cd_f83baf57
Persistence,1,1,2022-06-09,2022-06-10,13.16,13.99,0.8300000000000001,0.8300000000000001,0.6889000000000001,0,0,0,6ed147cd585e5e8083292683f9be3cf585e97e4d46fa0e3224d24a4e2b42cbbb,f83baf5732ffbf88b9a448a3d9ab9fa270f7495fe44d1559c1ac49795a30881a,2bbf5eba419b0650693f1e88326107bf9a346c68,persistence_corrected_2bbf5eba419b_6ed147cd_f83baf57
Persistence,1,2,2022-06-10,2022-06-11,11.9,13.16,1.2599999999999998,1.2599999999999998,1.5875999999999995,0,0,0,6ed147cd585e5e8083292683f9be3cf585e97e4d46fa0e3224d24a4e2b42cbbb,f83baf5732ffbf88b9a448a3d9ab9fa270f7495fe44d1559c1ac49795a30881a,2bbf5eba419b0650693f1e88326107bf9a346c68,persistence_corrected_2bbf5eba419b_6ed147cd_f83baf57
Persistence,1,2,2022-06-11,2022-06-12,12.11,11.9,-0.20999999999999908,0.20999999999999908,0.04409999999999961,0,0,0,6ed147cd585e5e8083292683f9be3cf585e97e4d46fa0e3224d24a4e2b42cbbb,f83baf5732ffbf88b9a448a3d9ab9fa270f7495fe44d1559c1ac49795a30881a,2bbf5eba419b0650693f1e88326107bf9a346c68,persistence_corrected_2bbf5eba419b_6ed147cd_f83baf57
Persistence,1,2,2022-06-12,2022-06-13,10.94,12.11,1.17,1.17,1.3688999999999998,0,0,0,6ed147cd585e5e8083292683f9be3cf585e97e4d46fa0e3224d24a4e2b42cbbb,f83baf5732ffbf88b9a448a3d9ab9fa270f7495fe44d1559c1ac49795a30881a,2bbf5eba419b0650693f1e88326107bf9a346c68,persistence_corrected_2bbf5eba419b_6ed147cd_f83baf57
Persistence,1,2,2022-06-13,2022-06-14,14.46,10.94,-3.5200000000000014,3.5200000000000014,12.39040000000001,0,0,0,6ed147cd585e5e8083292683f9be3cf585e97e4d46fa0e3224d24a4e2b42cbbb,f83baf5732ffbf88b9a448a3d9ab9fa270f7495fe44d1559c1ac49795a30881a,2bbf5eba419b0650693f1e88326107bf9a346c68,persistence_corrected_2bbf5eba419b_6ed147cd_f83baf57
Persistence,1,2,2022-06-14,2022-06-15,10.28,14.46,4.1800000000000015,4.1800000000000015,17.47240000000001,0,0,0,6ed147cd585e5e8083292683f9be3cf585e97e4d46fa0e3224d24a4e2b42cbbb,f83baf5732ffbf88b9a448a3d9ab9fa270f7495fe44d1559c1ac49795a30881a,2bbf5eba419b0650693f1e88326107bf9a346c68,persistence_corrected_2bbf5eba419b_6ed147cd_f83baf57
Persistence,1,2,2022-06-15,2022-06-16,9.31,10.28,0.9699999999999989,0.9699999999999989,0.9408999999999978,0,0,0,6ed147cd585e5e8083292683f9be3cf585e97e4d46fa0e3224d24a4e2b42cbbb,f83baf5732ffbf88b9a448a3d9ab9fa270f7495fe44d1559c1ac49795a30881a,2bbf5eba419b0650693f1e88326107bf9a346c68,persistence_corrected_2bbf5eba419b_6ed147cd_f83baf57
Persistence,1,2,2022-06-16,2022-06-17,11.4,9.31,-2.09,2.09,4.368099999999999,0,0,0,6ed147cd585e5e8083292683f9be3cf585e97e4d46fa0e3224d24a4e2b42cbbb,f83baf5732ffbf88b9a448a3d9ab9fa270f7495fe44d1559c1ac49795a30881a,2bbf5eba419b0650693f1e88326107bf9a346c68,persistence_corrected_2bbf5eba419b_6ed147cd_f83baf57
Persistence,1,2,2022-06-17,2022-06-18,10.92,11.4,0.4800000000000004,0.4800000000000004,0.2304000000000004,0,0,0,6ed147cd585e5e8083292683f9be3cf585e97e4d46fa0e3224d24a4e2b42cbbb,f83baf5732ffbf88b9a448a3d9ab9fa270f7495fe44d1559c1ac49795a30881a,2bbf5eba419b0650693f1e88326107bf9a346c68,persistence_corrected_2bbf5eba419b_6ed147cd_f83baf57
Persistence,1,2,2022-06-18,2022-06-19,10.96,10.92,-0.040000000000000924,0.040000000000000924,0.0016000000000000738,0,0,0,6ed147cd585e5e8083292683f9be3cf585e97e4d46fa0e3224d24a4e2b42cbbb,f83baf5732ffbf88b9a448a3d9ab9fa270f7495fe44d1559c1ac49795a30881a,2bbf5eba419b0650693f1e88326107bf9a346c68,persistence_corrected_2bbf5eba419b_6ed147cd_f83baf57
Persistence,1,2,2022-06-19,2022-06-20,10.97,10.96,-0.009999999999999787,0.009999999999999787,9.999999999999574e-05,0,0,0,6ed147cd585e5e8083292683f9be3cf585e97e4d46fa0e3224d24a4e2b42cbbb,f83baf5732ffbf88b9a448a3d9ab9fa270f7495fe44d1559c1ac49795a30881a,2bbf5eba419b0650693f1e88326107bf9a346c68,persistence_corrected_2bbf5eba419b_6ed147cd_f83baf57
Persistence,1,2,2022-06-20,2022-06-21,11.96,10.97,-0.9900000000000002,0.9900000000000002,0.9801000000000004,0,0,0,6ed147cd585e5e8083292683f9be3cf585e97e4d46fa0e3224d24a4e2b42cbbb,f83baf5732ffbf88b9a448a3d9ab9fa270f7495fe44d1559c1ac49795a30881a,2bbf5eba419b0650693f1e88326107bf9a346c68,persistence_corrected_2bbf5eba419b_6ed147cd_f83baf57
Persistence,1,2,2022-06-21,2022-06-22,13.96,11.96,-2.0,2.0,4.0,0,0,0,6ed147cd585e5e8083292683f9be3cf585e97e4d46fa0e3224d24a4e2b42cbbb,f83baf5732ffbf88b9a448a3d9ab9fa270f7495fe44d1559c1ac49795a30881a,2bbf5eba419b0650693f1e88326107bf9a346c68,persistence_corrected_2bbf5eba419b_6ed147cd_f83baf57
Persistence,1,2,2022-06-22,2022-06-23,13.33,13.96,0.6300000000000008,0.6300000000000008,0.396900000000001,0,0,0,6ed147cd585e5e8083292683f9be3cf585e97e4d46fa0e3224d24a4e2b42cbbb,f83baf5732ffbf88b9a448a3d9ab9fa270f7495fe44d1559c1ac49795a30881a,2bbf5eba419b0650693f1e88326107bf9a346c68,persistence_corrected_2bbf5eba419b_6ed147cd_f83baf57
Persistence,1,2,2022-06-23,2022-06-24,13.07,13.33,0.2599999999999998,0.2599999999999998,0.06759999999999988,0,0,0,6ed147cd585e5e8083292683f9be3cf585e97e4d46fa0e3224d24a4e2b42cbbb,f83baf5732ffbf88b9a448a3d9ab9fa270f7495fe44d1559c1ac49795a30881a,2bbf5eba419b0650693f1e88326107bf9a346c68,persistence_corrected_2bbf5eba419b_6ed147cd_f83baf57
Persistence,1,2,2022-06-24,2022-06-25,11.83,13.07,1.2400000000000002,1.2400000000000002,1.5376000000000005,0,0,0,6ed147cd585e5e8083292683f9be3cf585e97e4d46fa0e3224d24a4e2b42cbbb,f83baf5732ffbf88b9a448a3d9ab9fa270f7495fe44d1559c1ac49795a30881a,2bbf5eba419b0650693f1e88326107bf9a346c68,persistence_corrected_2bbf5eba419b_6ed147cd_f83baf57
Persistence,1,2,2022-06-25,2022-06-26,11.71,11.83,0.11999999999999922,0.11999999999999922,0.014399999999999812,0,0,0,6ed147cd585e5e8083292683f9be3cf585e97e4d46fa0e3224d24a4e2b42cbbb,f83baf5732ffbf88b9a448a3d9ab9fa270f7495fe44d1559c1ac49795a30881a,2bbf5eba419b0650693f1e88326107bf9a346c68,persistence_corrected_2bbf5eba419b_6ed147cd_f83baf57
Persistence,1,2,2022-06-26,2022-06-27,12.04,11.71,-0.3299999999999983,0.3299999999999983,0.10889999999999887,0,0,0,6ed147cd585e5e8083292683f9be3cf585e97e4d46fa0e3224d24a4e2b42cbbb,f83baf5732ffbf88b9a448a3d9ab9fa270f7495fe44d1559c1ac49795a30881a,2bbf5eba419b0650693f1e88326107bf9a346c68,persistence_corrected_2bbf5eba419b_6ed147cd_f83baf57
Persistence,1,2,2022-06-27,2022-06-28,9.34,12.04,2.6999999999999993,2.6999999999999993,7.2899999999999965,0,0,0,6ed147cd585e5e8083292683f9be3cf585e97e4d46fa0e3224d24a4e2b42cbbb,f83baf5732ffbf88b9a448a3d9ab9fa270f7495fe44d1559c1ac49795a30881a,2bbf5eba419b0650693f1e88326107bf9a346c68,persistence_corrected_2bbf5eba419b_6ed147cd_f83baf57
Persistence,1,2,2022-06-28,2022-06-29,9.1,9.34,0.2400000000000002,0.2400000000000002,0.0576000000000001,0,0,0,6ed147cd585e5e8083292683f9be3cf585e97e4d46fa0e3224d24a4e2b42cbbb,f83baf5732ffbf88b9a448a3d9ab9fa270f7495fe44d1559c1ac49795a30881a,2bbf5eba419b0650693f1e88326107bf9a346c68,persistence_corrected_2bbf5eba419b_6ed147cd_f83baf57
Persistence,1,2,2022-06-29,2022-06-30,12.71,9.1,-3.610000000000001,3.610000000000001,13.032100000000009,0,0,0,6ed147cd585e5e8083292683f9be3cf585e97e4d46fa0e3224d24a4e2b42cbbb,f83baf5732ffbf88b9a448a3d9ab9fa270f7495fe44d1559c1ac49795a30881a,2bbf5eba419b0650693f1e88326107bf9a346c68,persistence_corrected_2bbf5eba419b_6ed147cd_f83baf57
Persistence,1,2,2022-06-30,2022-07-01,12.94,12.71,-0.22999999999999865,0.22999999999999865,0.05289999999999938,0,0,0,6ed147cd585e5e8083292683f9be3cf585e97e4d46fa0e3224d24a4e2b42cbbb,f83baf5732ffbf88b9a448a3d9ab9fa270f7495fe44d1559c1ac49795a30881a,2bbf5eba419b0650693f1e88326107bf9a346c68,persistence_corrected_2bbf5eba419b_6ed147cd_f83baf57
Persistence,1,2,2022-07-01,2022-07-02,10.07,12.94,2.869999999999999,2.869999999999999,8.236899999999995,0,0,0,6ed147cd585e5e8083292683f9be3cf585e97e4d46fa0e3224d24a4e2b42cbbb,f83baf5732ffbf88b9a448a3d9ab9fa270f7495fe44d1559c1ac49795a30881a,2bbf5eba419b0650693f1e88326107bf9a346c68,persistence_corrected_2bbf5eba419b_6ed147cd_f83baf57
Persistence,1,2,2022-07-02,2022-07-03,9.04,10.07,1.0300000000000011,1.0300000000000011,1.0609000000000024,0,0,0,6ed147cd585e5e8083292683f9be3cf585e97e4d46fa0e3224d24a4e2b42cbbb,f83baf5732ffbf88b9a448a3d9ab9fa270f7495fe44d1559c1ac49795a30881a,2bbf5eba419b0650693f1e88326107bf9a346c68,persistence_corrected_2bbf5eba419b_6ed147cd_f83baf57
Persistence,1,2,2022-07-03,2022-07-04,11.09,9.04,-2.0500000000000007,2.0500000000000007,4.202500000000003,0,0,0,6ed147cd585e5e8083292683f9be3cf585e97e4d46fa0e3224d24a4e2b42cbbb,f83baf5732ffbf88b9a448a3d9ab9fa270f7495fe44d1559c1ac49795a30881a,2bbf5eba419b0650693f1e88326107bf9a346c68,persistence_corrected_2bbf5eba419b_6ed147cd_f83baf57
Persistence,1,2,2022-07-04,2022-07-05,11.74,11.09,-0.6500000000000004,0.6500000000000004,0.4225000000000005,0,0,0,6ed147cd585e5e8083292683f9be3cf585e97e4d46fa0e3224d24a4e2b42cbbb,f83baf5732ffbf88b9a448a3d9ab9fa270f7495fe44d1559c1ac49795a30881a,2bbf5eba419b0650693f1e88326107bf9a346c68,persistence_corrected_2bbf5eba419b_6ed147cd_f83baf57
Persistence,1,2,2022-07-05,2022-07-06,11.62,11.74,0.120000000000001,0.120000000000001,0.014400000000000239,0,0,0,6ed147cd585e5e8083292683f9be3cf585e97e4d46fa0e3224d24a4e2b42cbbb,f83baf5732ffbf88b9a448a3d9ab9fa270f7495fe44d1559c1ac49795a30881a,2bbf5eba419b0650693f1e88326107bf9a346c68,persistence_corrected_2bbf5eba419b_6ed147cd_f83baf57
Persistence,1,2,2022-07-06,2022-07-07,13.14,11.62,-1.5200000000000014,1.5200000000000014,2.310400000000004,0,0,0,6ed147cd585e5e8083292683f9be3cf585e97e4d46fa0e3224d24a4e2b42cbbb,f83baf5732ffbf88b9a448a3d9ab9fa270f7495fe44d1559c1ac49795a30881a,2bbf5eba419b0650693f1e88326107bf9a346c68,persistence_corrected_2bbf5eba419b_6ed147cd_f83baf57
Persistence,1,2,2022-07-07,2022-07-08,10.84,13.14,2.3000000000000007,2.3000000000000007,5.290000000000004,0,0,0,6ed147cd585e5e8083292683f9be3cf585e97e4d46fa0e3224d24a4e2b42cbbb,f83baf5732ffbf88b9a448a3d9ab9fa270f7495fe44d1559c1ac49795a30881a,2bbf5eba419b0650693f1e88326107bf9a346c68,persistence_corrected_2bbf5eba419b_6ed147cd_f83baf57
Persistence,1,2,2022-07-08,2022-07-09,11.6,10.84,-0.7599999999999998,0.7599999999999998,0.5775999999999997,0,0,0,6ed147cd585e5e8083292683f9be3cf585e97e4d46fa0e3224d24a4e2b42cbbb,f83baf5732ffbf88b9a448a3d9ab9fa270f7495fe44d1559c1ac49795a30881a,2bbf5eba419b0650693f1e88326107bf9a346c68,persistence_corrected_2bbf5eba419b_6ed147cd_f83baf57
Persistence,1,2,2022-07-09,2022-07-10,11.35,11.6,0.25,0.25,0.0625,0,0,0,6ed147cd585e5e8083292683f9be3cf585e97e4d46fa0e3224d24a4e2b42cbbb,f83baf5732ffbf88b9a448a3d9ab9fa270f7495fe44d1559c1ac49795a30881a,2bbf5eba419b0650693f1e88326107bf9a346c68,persistence_corrected_2bbf5eba419b_6ed147cd_f83baf57
Persistence,1,2,2022-07-10,2022-07-11,12.84,11.35,-1.4900000000000002,1.4900000000000002,2.220100000000001,0,0,0,6ed147cd585e5e8083292683f9be3cf585e97e4d46fa0e3224d24a4e2b42cbbb,f83baf5732ffbf88b9a448a3d9ab9fa270f7495fe44d1559c1ac49795a30881a,2bbf5eba419b0650693f1e88326107bf9a346c68,persistence_corrected_2bbf5eba419b_6ed147cd_f83baf57
Persistence,1,2,2022-07-11,2022-07-12,10.85,12.84,1.9900000000000002,1.9900000000000002,3.960100000000001,0,0,0,6ed147cd585e5e8083292683f9be3cf585e97e4d46fa0e3224d24a4e2b42cbbb,f83baf5732ffbf88b9a448a3d9ab9fa270f7495fe44d1559c1ac49795a30881a,2bbf5eba419b0650693f1e88326107bf9a346c68,persistence_corrected_2bbf5eba419b_6ed147cd_f83baf57
Persistence,1,2,2022-07-12,2022-07-13,12.23,10.85,-1.3800000000000008,1.3800000000000008,1.904400000000002,0,0,0,6ed147cd585e5e8083292683f9be3cf585e97e4d46fa0e3224d24a4e2b42cbbb,f83baf5732ffbf88b9a448a3d9ab9fa270f7495fe44d1559c1ac49795a30881a,2bbf5eba419b0650693f1e88326107bf9a346c68,persistence_corrected_2bbf5eba419b_6ed147cd_f83baf57
Persistence,1,2,2022-07-13,2022-07-14,13.62,12.23,-1.3899999999999988,1.3899999999999988,1.9320999999999966,0,0,0,6ed147cd585e5e8083292683f9be3cf585e97e4d46fa0e3224d24a4e2b42cbbb,f83baf5732ffbf88b9a448a3d9ab9fa270f7495fe44d1559c1ac49795a30881a,2bbf5eba419b0650693f1e88326107bf9a346c68,persistence_corrected_2bbf5eba419b_6ed147cd_f83baf57
Persistence,1,2,2022-07-14,2022-07-15,12.58,13.62,1.0399999999999991,1.0399999999999991,1.0815999999999981,0,0,0,6ed147cd585e5e8083292683f9be3cf585e97e4d46fa0e3224d24a4e2b42cbbb,f83baf5732ffbf88b9a448a3d9ab9fa270f7495fe44d1559c1ac49795a30881a,2bbf5eba419b0650693f1e88326107bf9a346c68,persistence_corrected_2bbf5eba419b_6ed147cd_f83baf57
Persistence,1,2,2022-07-15,2022-07-16,12.6,12.58,-0.019999999999999574,0.019999999999999574,0.00039999999999998294,0,0,0,6ed147cd585e5e8083292683f9be3cf585e97e4d46fa0e3224d24a4e2b42cbbb,f83baf5732ffbf88b9a448a3d9ab9fa270f7495fe44d1559c1ac49795a30881a,2bbf5eba419b0650693f1e88326107bf9a346c68,persistence_corrected_2bbf5eba419b_6ed147cd_f83baf57
Persistence,1,2,2022-07-16,2022-07-17,11.39,12.6,1.209999999999999,1.209999999999999,1.4640999999999977,0,0,0,6ed147cd585e5e8083292683f9be3cf585e97e4d46fa0e3224d24a4e2b42cbbb,f83baf5732ffbf88b9a448a3d9ab9fa270f7495fe44d1559c1ac49795a30881a,2bbf5eba419b0650693f1e88326107bf9a346c68,persistence_corrected_2bbf5eba419b_6ed147cd_f83baf57
Persistence,1,2,2022-07-17,2022-07-18,12.11,11.39,-0.7199999999999989,0.7199999999999989,0.5183999999999984,0,0,0,6ed147cd585e5e8083292683f9be3cf585e97e4d46fa0e3224d24a4e2b42cbbb,f83baf5732ffbf88b9a448a3d9ab9fa270f7495fe44d1559c1ac49795a30881a,2bbf5eba419b0650693f1e88326107bf9a346c68,persistence_corrected_2bbf5eba419b_6ed147cd_f83baf57
Persistence,1,2,2022-07-18,2022-07-19,9.71,12.11,2.3999999999999986,2.3999999999999986,5.759999999999994,0,0,0,6ed147cd585e5e8083292683f9be3cf585e97e4d46fa0e3224d24a4e2b42cbbb,f83baf5732ffbf88b9a448a3d9ab9fa270f7495fe44d1559c1ac49795a30881a,2bbf5eba419b0650693f1e88326107bf9a346c68,persistence_corrected_2bbf5eba419b_6ed147cd_f83baf57
Persistence,1,2,2022-07-19,2022-07-20,12.02,9.71,-2.3099999999999987,2.3099999999999987,5.336099999999994,0,0,0,6ed147cd585e5e8083292683f9be3cf585e97e4d46fa0e3224d24a4e2b42cbbb,f83baf5732ffbf88b9a448a3d9ab9fa270f7495fe44d1559c1ac49795a30881a,2bbf5eba419b0650693f1e88326107bf9a346c68,persistence_corrected_2bbf5eba419b_6ed147cd_f83baf57
Persistence,1,2,2022-07-20,2022-07-21,11.9,12.02,0.11999999999999922,0.11999999999999922,0.014399999999999812,0,0,0,6ed147cd585e5e8083292683f9be3cf585e97e4d46fa0e3224d24a4e2b42cbbb,f83baf5732ffbf88b9a448a3d9ab9fa270f7495fe44d1559c1ac49795a30881a,2bbf5eba419b0650693f1e88326107bf9a346c68,persistence_corrected_2bbf5eba419b_6ed147cd_f83baf57
Persistence,1,2,2022-07-21,2022-07-22,11.05,11.9,0.8499999999999996,0.8499999999999996,0.7224999999999994,0,0,0,6ed147cd585e5e8083292683f9be3cf585e97e4d46fa0e3224d24a4e2b42cbbb,f83baf5732ffbf88b9a448a3d9ab9fa270f7495fe44d1559c1ac49795a30881a,2bbf5eba419b0650693f1e88326107bf9a346c68,persistence_corrected_2bbf5eba419b_6ed147cd_f83baf57
Persistence,1,2,2022-07-22,2022-07-23,11.92,11.05,-0.8699999999999992,0.8699999999999992,0.7568999999999987,0,0,0,6ed147cd585e5e8083292683f9be3cf585e97e4d46fa0e3224d24a4e2b42cbbb,f83baf5732ffbf88b9a448a3d9ab9fa270f7495fe44d1559c1ac49795a30881a,2bbf5eba419b0650693f1e88326107bf9a346c68,persistence_corrected_2bbf5eba419b_6ed147cd_f83baf57
Persistence,1,2,2022-07-23,2022-07-24,11.48,11.92,0.4399999999999995,0.4399999999999995,0.19359999999999955,0,0,0,6ed147cd585e5e8083292683f9be3cf585e97e4d46fa0e3224d24a4e2b42cbbb,f83baf5732ffbf88b9a448a3d9ab9fa270f7495fe44d1559c1ac49795a30881a,2bbf5eba419b0650693f1e88326107bf9a346c68,persistence_corrected_2bbf5eba419b_6ed147cd_f83baf57
Persistence,1,2,2022-07-24,2022-07-25,10.61,11.48,0.870000000000001,0.870000000000001,0.7569000000000017,0,0,0,6ed147cd585e5e8083292683f9be3cf585e97e4d46fa0e3224d24a4e2b42cbbb,f83baf5732ffbf88b9a448a3d9ab9fa270f7495fe44d1559c1ac49795a30881a,2bbf5eba419b0650693f1e88326107bf9a346c68,persistence_corrected_2bbf5eba419b_6ed147cd_f83baf57
Persistence,1,2,2022-07-25,2022-07-26,9.41,10.61,1.1999999999999993,1.1999999999999993,1.4399999999999984,0,0,0,6ed147cd585e5e8083292683f9be3cf585e97e4d46fa0e3224d24a4e2b42cbbb,f83baf5732ffbf88b9a448a3d9ab9fa270f7495fe44d1559c1ac49795a30881a,2bbf5eba419b0650693f1e88326107bf9a346c68,persistence_corrected_2bbf5eba419b_6ed147cd_f83baf57
Persistence,1,2,2022-07-26,2022-07-27,10.84,9.41,-1.4299999999999997,1.4299999999999997,2.0448999999999993,0,0,0,6ed147cd585e5e8083292683f9be3cf585e97e4d46fa0e3224d24a4e2b42cbbb,f83baf5732ffbf88b9a448a3d9ab9fa270f7495fe44d1559c1ac49795a30881a,2bbf5eba419b0650693f1e88326107bf9a346c68,persistence_corrected_2bbf5eba419b_6ed147cd_f83baf57
Persistence,1,2,2022-07-27,2022-07-28,10.36,10.84,0.4800000000000004,0.4800000000000004,0.2304000000000004,0,0,0,6ed147cd585e5e8083292683f9be3cf585e97e4d46fa0e3224d24a4e2b42cbbb,f83baf5732ffbf88b9a448a3d9ab9fa270f7495fe44d1559c1ac49795a30881a,2bbf5eba419b0650693f1e88326107bf9a346c68,persistence_corrected_2bbf5eba419b_6ed147cd_f83baf57
Persistence,1,2,2022-07-28,2022-07-29,12.71,10.36,-2.3500000000000014,2.3500000000000014,5.522500000000007,0,0,0,6ed147cd585e5e8083292683f9be3cf585e97e4d46fa0e3224d24a4e2b42cbbb,f83baf5732ffbf88b9a448a3d9ab9fa270f7495fe44d1559c1ac49795a30881a,2bbf5eba419b0650693f1e88326107bf9a346c68,persistence_corrected_2bbf5eba419b_6ed147cd_f83baf57
Persistence,1,2,2022-07-29,2022-07-30,11.0,12.71,1.7100000000000009,1.7100000000000009,2.924100000000003,0,0,0,6ed147cd585e5e8083292683f9be3cf585e97e4d46fa0e3224d24a4e2b42cbbb,f83baf5732ffbf88b9a448a3d9ab9fa270f7495fe44d1559c1ac49795a30881a,2bbf5eba419b0650693f1e88326107bf9a346c68,persistence_corrected_2bbf5eba419b_6ed147cd_f83baf57
Persistence,1,2,2022-07-30,2022-07-31,11.68,11.0,-0.6799999999999997,0.6799999999999997,0.4623999999999996,0,0,0,6ed147cd585e5e8083292683f9be3cf585e97e4d46fa0e3224d24a4e2b42cbbb,f83baf5732ffbf88b9a448a3d9ab9fa270f7495fe44d1559c1ac49795a30881a,2bbf5eba419b0650693f1e88326107bf9a346c68,persistence_corrected_2bbf5eba419b_6ed147cd_f83baf57
Persistence,1,2,2022-07-31,2022-08-01,11.72,11.68,-0.040000000000000924,0.040000000000000924,0.0016000000000000738,0,0,0,6ed147cd585e5e8083292683f9be3cf585e97e4d46fa0e3224d24a4e2b42cbbb,f83baf5732ffbf88b9a448a3d9ab9fa270f7495fe44d1559c1ac49795a30881a,2bbf5eba419b0650693f1e88326107bf9a346c68,persistence_corrected_2bbf5eba419b_6ed147cd_f83baf57
Persistence,1,2,2022-08-01,2022-08-02,13.98,11.72,-2.26,2.26,5.107599999999999,0,0,0,6ed147cd585e5e8083292683f9be3cf585e97e4d46fa0e3224d24a4e2b42cbbb,f83baf5732ffbf88b9a448a3d9ab9fa270f7495fe44d1559c1ac49795a30881a,2bbf5eba419b0650693f1e88326107bf9a346c68,persistence_corrected_2bbf5eba419b_6ed147cd_f83baf57
Persistence,1,2,2022-08-02,2022-08-03,15.37,13.98,-1.3899999999999988,1.3899999999999988,1.9320999999999966,1,0,0,6ed147cd585e5e8083292683f9be3cf585e97e4d46fa0e3224d24a4e2b42cbbb,f83baf5732ffbf88b9a448a3d9ab9fa270f7495fe44d1559c1ac49795a30881a,2bbf5eba419b0650693f1e88326107bf9a346c68,persistence_corrected_2bbf5eba419b_6ed147cd_f83baf57
Persistence,1,2,2022-08-03,2022-08-04,13.75,15.37,1.6199999999999992,1.6199999999999992,2.6243999999999974,0,0,0,6ed147cd585e5e8083292683f9be3cf585e97e4d46fa0e3224d24a4e2b42cbbb,f83baf5732ffbf88b9a448a3d9ab9fa270f7495fe44d1559c1ac49795a30881a,2bbf5eba419b0650693f1e88326107bf9a346c68,persistence_corrected_2bbf5eba419b_6ed147cd_f83baf57
Persistence,1,2,2022-08-04,2022-08-05,12.58,13.75,1.17,1.17,1.3688999999999998,0,0,0,6ed147cd585e5e8083292683f9be3cf585e97e4d46fa0e3224d24a4e2b42cbbb,f83baf5732ffbf88b9a448a3d9ab9fa270f7495fe44d1559c1ac49795a30881a,2bbf5eba419b0650693f1e88326107bf9a346c68,persistence_corrected_2bbf5eba419b_6ed147cd_f83baf57
Persistence,1,2,2022-08-05,2022-08-06,11.47,12.58,1.1099999999999994,1.1099999999999994,1.2320999999999986,0,0,0,6ed147cd585e5e8083292683f9be3cf585e97e4d46fa0e3224d24a4e2b42cbbb,f83baf5732ffbf88b9a448a3d9ab9fa270f7495fe44d1559c1ac49795a30881a,2bbf5eba419b0650693f1e88326107bf9a346c68,persistence_corrected_2bbf5eba419b_6ed147cd_f83baf57
Persistence,1,2,2022-08-06,2022-08-07,10.79,11.47,0.6800000000000015,0.6800000000000015,0.46240000000000203,0,0,0,6ed147cd585e5e8083292683f9be3cf585e97e4d46fa0e3224d24a4e2b42cbbb,f83baf5732ffbf88b9a448a3d9ab9fa270f7495fe44d1559c1ac49795a30881a,2bbf5eba419b0650693f1e88326107bf9a346c68,persistence_corrected_2bbf5eba419b_6ed147cd_f83baf57
Persistence,1,2,2022-08-07,2022-08-08,11.84,10.79,-1.0500000000000007,1.0500000000000007,1.1025000000000016,0,0,0,6ed147cd585e5e8083292683f9be3cf585e97e4d46fa0e3224d24a4e2b42cbbb,f83baf5732ffbf88b9a448a3d9ab9fa270f7495fe44d1559c1ac49795a30881a,2bbf5eba419b0650693f1e88326107bf9a346c68,persistence_corrected_2bbf5eba419b_6ed147cd_f83baf57
Persistence,1,2,2022-08-08,2022-08-09,11.92,11.84,-0.08000000000000007,0.08000000000000007,0.006400000000000012,0,0,0,6ed147cd585e5e8083292683f9be3cf585e97e4d46fa0e3224d24a4e2b42cbbb,f83baf5732ffbf88b9a448a3d9ab9fa270f7495fe44d1559c1ac49795a30881a,2bbf5eba419b0650693f1e88326107bf9a346c68,persistence_corrected_2bbf5eba419b_6ed147cd_f83baf57
Persistence,1,2,2022-08-09,2022-08-10,9.1,11.92,2.8200000000000003,2.8200000000000003,7.952400000000002,0,0,0,6ed147cd585e5e8083292683f9be3cf585e97e4d46fa0e3224d24a4e2b42cbbb,f83baf5732ffbf88b9a448a3d9ab9fa270f7495fe44d1559c1ac49795a30881a,2bbf5eba419b0650693f1e88326107bf9a346c68,persistence_corrected_2bbf5eba419b_6ed147cd_f83baf57
Persistence,1,2,2022-08-10,2022-08-11,10.85,9.1,-1.75,1.75,3.0625,0,0,0,6ed147cd585e5e8083292683f9be3cf585e97e4d46fa0e3224d24a4e2b42cbbb,f83baf5732ffbf88b9a448a3d9ab9fa270f7495fe44d1559c1ac49795a30881a,2bbf5eba419b0650693f1e88326107bf9a346c68,persistence_corrected_2bbf5eba419b_6ed147cd_f83baf57
Persistence,1,2,2022-08-11,2022-08-12,10.13,10.85,0.7199999999999989,0.7199999999999989,0.5183999999999984,0,0,0,6ed147cd585e5e8083292683f9be3cf585e97e4d46fa0e3224d24a4e2b42cbbb,f83baf5732ffbf88b9a448a3d9ab9fa270f7495fe44d1559c1ac49795a30881a,2bbf5eba419b0650693f1e88326107bf9a346c68,persistence_corrected_2bbf5eba419b_6ed147cd_f83baf57
Persistence,1,2,2022-08-12,2022-08-13,9.9,10.13,0.23000000000000043,0.23000000000000043,0.0529000000000002,0,0,0,6ed147cd585e5e8083292683f9be3cf585e97e4d46fa0e3224d24a4e2b42cbbb,f83baf5732ffbf88b9a448a3d9ab9fa270f7495fe44d1559c1ac49795a30881a,2bbf5eba419b0650693f1e88326107bf9a346c68,persistence_corrected_2bbf5eba419b_6ed147cd_f83baf57
Persistence,1,2,2022-08-13,2022-08-14,8.88,9.9,1.0199999999999996,1.0199999999999996,1.040399999999999,0,0,0,6ed147cd585e5e8083292683f9be3cf585e97e4d46fa0e3224d24a4e2b42cbbb,f83baf5732ffbf88b9a448a3d9ab9fa270f7495fe44d1559c1ac49795a30881a,2bbf5eba419b0650693f1e88326107bf9a346c68,persistence_corrected_2bbf5eba419b_6ed147cd_f83baf57
Persistence,1,2,2022-08-14,2022-08-15,7.51,8.88,1.370000000000001,1.370000000000001,1.8769000000000027,0,0,0,6ed147cd585e5e8083292683f9be3cf585e97e4d46fa0e3224d24a4e2b42cbbb,f83baf5732ffbf88b9a448a3d9ab9fa270f7495fe44d1559c1ac49795a30881a,2bbf5eba419b0650693f1e88326107bf9a346c68,persistence_corrected_2bbf5eba419b_6ed147cd_f83baf57
Persistence,1,2,2022-08-15,2022-08-16,7.97,7.51,-0.45999999999999996,0.45999999999999996,0.21159999999999995,0,0,0,6ed147cd585e5e8083292683f9be3cf585e97e4d46fa0e3224d24a4e2b42cbbb,f83baf5732ffbf88b9a448a3d9ab9fa270f7495fe44d1559c1ac49795a30881a,2bbf5eba419b0650693f1e88326107bf9a346c68,persistence_corrected_2bbf5eba419b_6ed147cd_f83baf57
Persistence,1,2,2022-08-16,2022-08-17,10.81,7.97,-2.8400000000000007,2.8400000000000007,8.065600000000003,0,0,0,6ed147cd585e5e8083292683f9be3cf585e97e4d46fa0e3224d24a4e2b42cbbb,f83baf5732ffbf88b9a448a3d9ab9fa270f7495fe44d1559c1ac49795a30881a,2bbf5eba419b0650693f1e88326107bf9a346c68,persistence_corrected_2bbf5eba419b_6ed147cd_f83baf57
Persistence,1,2,2022-08-17,2022-08-18,10.51,10.81,0.3000000000000007,0.3000000000000007,0.09000000000000043,0,0,0,6ed147cd585e5e8083292683f9be3cf585e97e4d46fa0e3224d24a4e2b42cbbb,f83baf5732ffbf88b9a448a3d9ab9fa270f7495fe44d1559c1ac49795a30881a,2bbf5eba419b0650693f1e88326107bf9a346c68,persistence_corrected_2bbf5eba419b_6ed147cd_f83baf57
Persistence,1,2,2022-08-18,2022-08-19,8.86,10.51,1.6500000000000004,1.6500000000000004,2.722500000000001,0,0,0,6ed147cd585e5e8083292683f9be3cf585e97e4d46fa0e3224d24a4e2b42cbbb,f83baf5732ffbf88b9a448a3d9ab9fa270f7495fe44d1559c1ac49795a30881a,2bbf5eba419b0650693f1e88326107bf9a346c68,persistence_corrected_2bbf5eba419b_6ed147cd_f83baf57
Persistence,1,2,2022-08-19,2022-08-20,9.42,8.86,-0.5600000000000005,0.5600000000000005,0.31360000000000054,0,0,0,6ed147cd585e5e8083292683f9be3cf585e97e4d46fa0e3224d24a4e2b42cbbb,f83baf5732ffbf88b9a448a3d9ab9fa270f7495fe44d1559c1ac49795a30881a,2bbf5eba419b0650693f1e88326107bf9a346c68,persistence_corrected_2bbf5eba419b_6ed147cd_f83baf57
Persistence,1,2,2022-08-20,2022-08-21,9.74,9.42,-0.3200000000000003,0.3200000000000003,0.10240000000000019,0,0,0,6ed147cd585e5e8083292683f9be3cf585e97e4d46fa0e3224d24a4e2b42cbbb,f83baf5732ffbf88b9a448a3d9ab9fa270f7495fe44d1559c1ac49795a30881a,2bbf5eba419b0650693f1e88326107bf9a346c68,persistence_corrected_2bbf5eba419b_6ed147cd_f83baf57
Persistence,1,2,2022-08-21,2022-08-22,10.25,9.74,-0.5099999999999998,0.5099999999999998,0.2600999999999998,0,0,0,6ed147cd585e5e8083292683f9be3cf585e97e4d46fa0e3224d24a4e2b42cbbb,f83baf5732ffbf88b9a448a3d9ab9fa270f7495fe44d1559c1ac49795a30881a,2bbf5eba419b0650693f1e88326107bf9a346c68,persistence_corrected_2bbf5eba419b_6ed147cd_f83baf57
Persistence,1,2,2022-08-22,2022-08-23,12.0,10.25,-1.75,1.75,3.0625,0,0,0,6ed147cd585e5e8083292683f9be3cf585e97e4d46fa0e3224d24a4e2b42cbbb,f83baf5732ffbf88b9a448a3d9ab9fa270f7495fe44d1559c1ac49795a30881a,2bbf5eba419b0650693f1e88326107bf9a346c68,persistence_corrected_2bbf5eba419b_6ed147cd_f83baf57
Persistence,1,2,2022-08-23,2022-08-24,9.62,12.0,2.380000000000001,2.380000000000001,5.664400000000004,0,0,0,6ed147cd585e5e8083292683f9be3cf585e97e4d46fa0e3224d24a4e2b42cbbb,f83baf5732ffbf88b9a448a3d9ab9fa270f7495fe44d1559c1ac49795a30881a,2bbf5eba419b0650693f1e88326107bf9a346c68,persistence_corrected_2bbf5eba419b_6ed147cd_f83baf57
Persistence,1,2,2022-08-24,2022-08-25,9.98,9.62,-0.3600000000000012,0.3600000000000012,0.12960000000000088,0,0,0,6ed147cd585e5e8083292683f9be3cf585e97e4d46fa0e3224d24a4e2b42cbbb,f83baf5732ffbf88b9a448a3d9ab9fa270f7495fe44d1559c1ac49795a30881a,2bbf5eba419b0650693f1e88326107bf9a346c68,persistence_corrected_2bbf5eba419b_6ed147cd_f83baf57
Persistence,1,2,2022-08-25,2022-08-26,10.62,9.98,-0.6399999999999988,0.6399999999999988,0.40959999999999847,0,0,0,6ed147cd585e5e8083292683f9be3cf585e97e4d46fa0e3224d24a4e2b42cbbb,f83baf5732ffbf88b9a448a3d9ab9fa270f7495fe44d1559c1ac49795a30881a,2bbf5eba419b0650693f1e88326107bf9a346c68,persistence_corrected_2bbf5eba419b_6ed147cd_f83baf57
Persistence,1,2,2022-08-26,2022-08-27,12.52,10.62,-1.9000000000000004,1.9000000000000004,3.610000000000001,0,0,0,6ed147cd585e5e8083292683f9be3cf585e97e4d46fa0e3224d24a4e2b42cbbb,f83baf5732ffbf88b9a448a3d9ab9fa270f7495fe44d1559c1ac49795a30881a,2bbf5eba419b0650693f1e88326107bf9a346c68,persistence_corrected_2bbf5eba419b_6ed147cd_f83baf57
Persistence,1,2,2022-08-27,2022-08-28,13.15,12.52,-0.6300000000000008,0.6300000000000008,0.396900000000001,0,0,0,6ed147cd585e5e8083292683f9be3cf585e97e4d46fa0e3224d24a4e2b42cbbb,f83baf5732ffbf88b9a448a3d9ab9fa270f7495fe44d1559c1ac49795a30881a,2bbf5eba419b0650693f1e88326107bf9a346c68,persistence_corrected_2bbf5eba419b_6ed147cd_f83baf57
Persistence,1,2,2022-08-28,2022-08-29,11.3,13.15,1.8499999999999996,1.8499999999999996,3.4224999999999985,0,0,0,6ed147cd585e5e8083292683f9be3cf585e97e4d46fa0e3224d24a4e2b42cbbb,f83baf5732ffbf88b9a448a3d9ab9fa270f7495fe44d1559c1ac49795a30881a,2bbf5eba419b0650693f1e88326107bf9a346c68,persistence_corrected_2bbf5eba419b_6ed147cd_f83baf57
Persistence,1,2,2022-08-29,2022-08-30,11.58,11.3,-0.27999999999999936,0.27999999999999936,0.07839999999999964,0,0,0,6ed147cd585e5e8083292683f9be3cf585e97e4d46fa0e3224d24a4e2b42cbbb,f83baf5732ffbf88b9a448a3d9ab9fa270f7495fe44d1559c1ac49795a30881a,2bbf5eba419b0650693f1e88326107bf9a346c68,persistence_corrected_2bbf5eba419b_6ed147cd_f83baf57
Persistence,1,2,2022-08-30,2022-08-31,9.74,11.58,1.8399999999999999,1.8399999999999999,3.3855999999999993,0,0,0,6ed147cd585e5e8083292683f9be3cf585e97e4d46fa0e3224d24a4e2b42cbbb,f83baf5732ffbf88b9a448a3d9ab9fa270f7495fe44d1559c1ac49795a30881a,2bbf5eba419b0650693f1e88326107bf9a346c68,persistence_corrected_2bbf5eba419b_6ed147cd_f83baf57
Persistence,1,2,2022-08-31,2022-09-01,6.86,9.74,2.88,2.88,8.2944,0,0,0,6ed147cd585e5e8083292683f9be3cf585e97e4d46fa0e3224d24a4e2b42cbbb,f83baf5732ffbf88b9a448a3d9ab9fa270f7495fe44d1559c1ac49795a30881a,2bbf5eba419b0650693f1e88326107bf9a346c68,persistence_corrected_2bbf5eba419b_6ed147cd_f83baf57
Persistence,1,2,2022-09-01,2022-09-02,8.57,6.86,-1.71,1.71,2.9240999999999997,0,0,0,6ed147cd585e5e8083292683f9be3cf585e97e4d46fa0e3224d24a4e2b42cbbb,f83baf5732ffbf88b9a448a3d9ab9fa270f7495fe44d1559c1ac49795a30881a,2bbf5eba419b0650693f1e88326107bf9a346c68,persistence_corrected_2bbf5eba419b_6ed147cd_f83baf57
Persistence,1,2,2022-09-02,2022-09-03,11.56,8.57,-2.99,2.99,8.940100000000001,0,0,0,6ed147cd585e5e8083292683f9be3cf585e97e4d46fa0e3224d24a4e2b42cbbb,f83baf5732ffbf88b9a448a3d9ab9fa270f7495fe44d1559c1ac49795a30881a,2bbf5eba419b0650693f1e88326107bf9a346c68,persistence_corrected_2bbf5eba419b_6ed147cd_f83baf57
Persistence,1,2,2022-09-03,2022-09-04,9.69,11.56,1.870000000000001,1.870000000000001,3.4969000000000037,0,0,0,6ed147cd585e5e8083292683f9be3cf585e97e4d46fa0e3224d24a4e2b42cbbb,f83baf5732ffbf88b9a448a3d9ab9fa270f7495fe44d1559c1ac49795a30881a,2bbf5eba419b0650693f1e88326107bf9a346c68,persistence_corrected_2bbf5eba419b_6ed147cd_f83baf57
Persistence,1,2,2022-09-04,2022-09-05,11.27,9.69,-1.58,1.58,2.4964000000000004,0,0,0,6ed147cd585e5e8083292683f9be3cf585e97e4d46fa0e3224d24a4e2b42cbbb,f83baf5732ffbf88b9a448a3d9ab9fa270f7495fe44d1559c1ac49795a30881a,2bbf5eba419b0650693f1e88326107bf9a346c68,persistence_corrected_2bbf5eba419b_6ed147cd_f83baf57
Persistence,1,2,2022-09-05,2022-09-06,10.07,11.27,1.1999999999999993,1.1999999999999993,1.4399999999999984,0,0,0,6ed147cd585e5e8083292683f9be3cf585e97e4d46fa0e3224d24a4e2b42cbbb,f83baf5732ffbf88b9a448a3d9ab9fa270f7495fe44d1559c1ac49795a30881a,2bbf5eba419b0650693f1e88326107bf9a346c68,persistence_corrected_2bbf5eba419b_6ed147cd_f83baf57
Persistence,1,2,2022-09-06,2022-09-07,10.8,10.07,-0.7300000000000004,0.7300000000000004,0.5329000000000006,0,0,0,6ed147cd585e5e8083292683f9be3cf585e97e4d46fa0e3224d24a4e2b42cbbb,f83baf5732ffbf88b9a448a3d9ab9fa270f7495fe44d1559c1ac49795a30881a,2bbf5eba419b0650693f1e88326107bf9a346c68,persistence_corrected_2bbf5eba419b_6ed147cd_f83baf57
Persistence,1,2,2022-09-07,2022-09-08,6.31,10.8,4.490000000000001,4.490000000000001,20.16010000000001,0,0,0,6ed147cd585e5e8083292683f9be3cf585e97e4d46fa0e3224d24a4e2b42cbbb,f83baf5732ffbf88b9a448a3d9ab9fa270f7495fe44d1559c1ac49795a30881a,2bbf5eba419b0650693f1e88326107bf9a346c68,persistence_corrected_2bbf5eba419b_6ed147cd_f83baf57
Persistence,1,2,2022-09-08,2022-09-09,9.62,6.31,-3.3099999999999996,3.3099999999999996,10.956099999999998,0,0,0,6ed147cd585e5e8083292683f9be3cf585e97e4d46fa0e3224d24a4e2b42cbbb,f83baf5732ffbf88b9a448a3d9ab9fa270f7495fe44d1559c1ac49795a30881a,2bbf5eba419b0650693f1e88326107bf9a346c68,persistence_corrected_2bbf5eba419b_6ed147cd_f83baf57
Persistence,1,2,2022-09-09,2022-09-10,11.69,9.62,-2.0700000000000003,2.0700000000000003,4.284900000000001,0,0,0,6ed147cd585e5e8083292683f9be3cf585e97e4d46fa0e3224d24a4e2b42cbbb,f83baf5732ffbf88b9a448a3d9ab9fa270f7495fe44d1559c1ac49795a30881a,2bbf5eba419b0650693f1e88326107bf9a346c68,persistence_corrected_2bbf5eba419b_6ed147cd_f83baf57
Persistence,1,2,2022-09-10,2022-09-11,10.96,11.69,0.7299999999999986,0.7299999999999986,0.532899999999998,0,0,0,6ed147cd585e5e8083292683f9be3cf585e97e4d46fa0e3224d24a4e2b42cbbb,f83baf5732ffbf88b9a448a3d9ab9fa270f7495fe44d1559c1ac49795a30881a,2bbf5eba419b0650693f1e88326107bf9a346c68,persistence_corrected_2bbf5eba419b_6ed147cd_f83baf57
Persistence,1,2,2022-09-11,2022-09-12,12.9,10.96,-1.9399999999999995,1.9399999999999995,3.763599999999998,0,0,0,6ed147cd585e5e8083292683f9be3cf585e97e4d46fa0e3224d24a4e2b42cbbb,f83baf5732ffbf88b9a448a3d9ab9fa270f7495fe44d1559c1ac49795a30881a,2bbf5eba419b0650693f1e88326107bf9a346c68,persistence_corrected_2bbf5eba419b_6ed147cd_f83baf57
Persistence,1,2,2022-09-12,2022-09-13,15.26,12.9,-2.3599999999999994,2.3599999999999994,5.569599999999998,1,0,0,6ed147cd585e5e8083292683f9be3cf585e97e4d46fa0e3224d24a4e2b42cbbb,f83baf5732ffbf88b9a448a3d9ab9fa270f7495fe44d1559c1ac49795a30881a,2bbf5eba419b0650693f1e88326107bf9a346c68,persistence_corrected_2bbf5eba419b_6ed147cd_f83baf57
Persistence,1,2,2022-09-13,2022-09-14,10.7,15.26,4.5600000000000005,4.5600000000000005,20.793600000000005,0,0,0,6ed147cd585e5e8083292683f9be3cf585e97e4d46fa0e3224d24a4e2b42cbbb,f83baf5732ffbf88b9a448a3d9ab9fa270f7495fe44d1559c1ac49795a30881a,2bbf5eba419b0650693f1e88326107bf9a346c68,persistence_corrected_2bbf5eba419b_6ed147cd_f83baf57
Persistence,1,2,2022-09-14,2022-09-15,11.9,10.7,-1.200000000000001,1.200000000000001,1.4400000000000026,0,0,0,6ed147cd585e5e8083292683f9be3cf585e97e4d46fa0e3224d24a4e2b42cbbb,f83baf5732ffbf88b9a448a3d9ab9fa270f7495fe44d1559c1ac49795a30881a,2bbf5eba419b0650693f1e88326107bf9a346c68,persistence_corrected_2bbf5eba419b_6ed147cd_f83baf57
Persistence,1,2,2022-09-15,2022-09-16,14.33,11.9,-2.4299999999999997,2.4299999999999997,5.904899999999999,0,0,0,6ed147cd585e5e8083292683f9be3cf585e97e4d46fa0e3224d24a4e2b42cbbb,f83baf5732ffbf88b9a448a3d9ab9fa270f7495fe44d1559c1ac49795a30881a,2bbf5eba419b0650693f1e88326107bf9a346c68,persistence_corrected_2bbf5eba419b_6ed147cd_f83baf57
Persistence,1,2,2022-09-16,2022-09-17,13.67,14.33,0.6600000000000001,0.6600000000000001,0.4356000000000002,0,0,0,6ed147cd585e5e8083292683f9be3cf585e97e4d46fa0e3224d24a4e2b42cbbb,f83baf5732ffbf88b9a448a3d9ab9fa270f7495fe44d1559c1ac49795a30881a,2bbf5eba419b0650693f1e88326107bf9a346c68,persistence_corrected_2bbf5eba419b_6ed147cd_f83baf57
Persistence,1,2,2022-09-17,2022-09-18,11.3,13.67,2.369999999999999,2.369999999999999,5.616899999999997,0,0,0,6ed147cd585e5e8083292683f9be3cf585e97e4d46fa0e3224d24a4e2b42cbbb,f83baf5732ffbf88b9a448a3d9ab9fa270f7495fe44d1559c1ac49795a30881a,2bbf5eba419b0650693f1e88326107bf9a346c68,persistence_corrected_2bbf5eba419b_6ed147cd_f83baf57
Persistence,1,2,2022-09-18,2022-09-19,11.33,11.3,-0.02999999999999936,0.02999999999999936,0.0008999999999999616,0,0,0,6ed147cd585e5e8083292683f9be3cf585e97e4d46fa0e3224d24a4e2b42cbbb,f83baf5732ffbf88b9a448a3d9ab9fa270f7495fe44d1559c1ac49795a30881a,2bbf5eba419b0650693f1e88326107bf9a346c68,persistence_corrected_2bbf5eba419b_6ed147cd_f83baf57
Persistence,1,2,2022-09-19,2022-09-20,9.44,11.33,1.8900000000000006,1.8900000000000006,3.572100000000002,0,0,0,6ed147cd585e5e8083292683f9be3cf585e97e4d46fa0e3224d24a4e2b42cbbb,f83baf5732ffbf88b9a448a3d9ab9fa270f7495fe44d1559c1ac49795a30881a,2bbf5eba419b0650693f1e88326107bf9a346c68,persistence_corrected_2bbf5eba419b_6ed147cd_f83baf57
Persistence,1,2,2022-09-20,2022-09-21,10.38,9.44,-0.9400000000000013,0.9400000000000013,0.8836000000000024,0,0,0,6ed147cd585e5e8083292683f9be3cf585e97e4d46fa0e3224d24a4e2b42cbbb,f83baf5732ffbf88b9a448a3d9ab9fa270f7495fe44d1559c1ac49795a30881a,2bbf5eba419b0650693f1e88326107bf9a346c68,persistence_corrected_2bbf5eba419b_6ed147cd_f83baf57
Persistence,1,2,2022-09-21,2022-09-22,11.3,10.38,-0.9199999999999999,0.9199999999999999,0.8463999999999998,0,0,0,6ed147cd585e5e8083292683f9be3cf585e97e4d46fa0e3224d24a4e2b42cbbb,f83baf5732ffbf88b9a448a3d9ab9fa270f7495fe44d1559c1ac49795a30881a,2bbf5eba419b0650693f1e88326107bf9a346c68,persistence_corrected_2bbf5eba419b_6ed147cd_f83baf57
Persistence,1,2,2022-09-22,2022-09-23,13.42,11.3,-2.119999999999999,2.119999999999999,4.494399999999997,0,0,0,6ed147cd585e5e8083292683f9be3cf585e97e4d46fa0e3224d24a4e2b42cbbb,f83baf5732ffbf88b9a448a3d9ab9fa270f7495fe44d1559c1ac49795a30881a,2bbf5eba419b0650693f1e88326107bf9a346c68,persistence_corrected_2bbf5eba419b_6ed147cd_f83baf57
Persistence,1,2,2022-09-23,2022-09-24,12.35,13.42,1.0700000000000003,1.0700000000000003,1.1449000000000007,0,0,0,6ed147cd585e5e8083292683f9be3cf585e97e4d46fa0e3224d24a4e2b42cbbb,f83baf5732ffbf88b9a448a3d9ab9fa270f7495fe44d1559c1ac49795a30881a,2bbf5eba419b0650693f1e88326107bf9a346c68,persistence_corrected_2bbf5eba419b_6ed147cd_f83baf57
Persistence,1,2,2022-09-24,2022-09-25,13.02,12.35,-0.6699999999999999,0.6699999999999999,0.4488999999999999,0,0,0,6ed147cd585e5e8083292683f9be3cf585e97e4d46fa0e3224d24a4e2b42cbbb,f83baf5732ffbf88b9a448a3d9ab9fa270f7495fe44d1559c1ac49795a30881a,2bbf5eba419b0650693f1e88326107bf9a346c68,persistence_corrected_2bbf5eba419b_6ed147cd_f83baf57
Persistence,1,2,2022-09-25,2022-09-26,13.94,13.02,-0.9199999999999999,0.9199999999999999,0.8463999999999998,0,0,0,6ed147cd585e5e8083292683f9be3cf585e97e4d46fa0e3224d24a4e2b42cbbb,f83baf5732ffbf88b9a448a3d9ab9fa270f7495fe44d1559c1ac49795a30881a,2bbf5eba419b0650693f1e88326107bf9a346c68,persistence_corrected_2bbf5eba419b_6ed147cd_f83baf57
Persistence,1,2,2022-09-26,2022-09-27,13.92,13.94,0.019999999999999574,0.019999999999999574,0.00039999999999998294,0,0,0,6ed147cd585e5e8083292683f9be3cf585e97e4d46fa0e3224d24a4e2b42cbbb,f83baf5732ffbf88b9a448a3d9ab9fa270f7495fe44d1559c1ac49795a30881a,2bbf5eba419b0650693f1e88326107bf9a346c68,persistence_corrected_2bbf5eba419b_6ed147cd_f83baf57
Persistence,1,2,2022-09-27,2022-09-28,11.36,13.92,2.5600000000000005,2.5600000000000005,6.553600000000003,0,0,0,6ed147cd585e5e8083292683f9be3cf585e97e4d46fa0e3224d24a4e2b42cbbb,f83baf5732ffbf88b9a448a3d9ab9fa270f7495fe44d1559c1ac49795a30881a,2bbf5eba419b0650693f1e88326107bf9a346c68,persistence_corrected_2bbf5eba419b_6ed147cd_f83baf57
Persistence,1,2,2022-09-28,2022-09-29,12.05,11.36,-0.6900000000000013,0.6900000000000013,0.47610000000000174,0,0,0,6ed147cd585e5e8083292683f9be3cf585e97e4d46fa0e3224d24a4e2b42cbbb,f83baf5732ffbf88b9a448a3d9ab9fa270f7495fe44d1559c1ac49795a30881a,2bbf5eba419b0650693f1e88326107bf9a346c68,persistence_corrected_2bbf5eba419b_6ed147cd_f83baf57
Persistence,1,2,2022-09-29,2022-09-30,13.66,12.05,-1.6099999999999994,1.6099999999999994,2.592099999999998,0,0,0,6ed147cd585e5e8083292683f9be3cf585e97e4d46fa0e3224d24a4e2b42cbbb,f83baf5732ffbf88b9a448a3d9ab9fa270f7495fe44d1559c1ac49795a30881a,2bbf5eba419b0650693f1e88326107bf9a346c68,persistence_corrected_2bbf5eba419b_6ed147cd_f83baf57
Persistence,1,2,2022-09-30,2022-10-01,13.19,13.66,0.47000000000000064,0.47000000000000064,0.2209000000000006,0,0,0,6ed147cd585e5e8083292683f9be3cf585e97e4d46fa0e3224d24a4e2b42cbbb,f83baf5732ffbf88b9a448a3d9ab9fa270f7495fe44d1559c1ac49795a30881a,2bbf5eba419b0650693f1e88326107bf9a346c68,persistence_corrected_2bbf5eba419b_6ed147cd_f83baf57
Persistence,1,2,2022-10-01,2022-10-02,13.78,13.19,-0.5899999999999999,0.5899999999999999,0.34809999999999985,0,0,0,6ed147cd585e5e8083292683f9be3cf585e97e4d46fa0e3224d24a4e2b42cbbb,f83baf5732ffbf88b9a448a3d9ab9fa270f7495fe44d1559c1ac49795a30881a,2bbf5eba419b0650693f1e88326107bf9a346c68,persistence_corrected_2bbf5eba419b_6ed147cd_f83baf57
Persistence,1,2,2022-10-02,2022-10-03,14.42,13.78,-0.6400000000000006,0.6400000000000006,0.40960000000000074,0,0,0,6ed147cd585e5e8083292683f9be3cf585e97e4d46fa0e3224d24a4e2b42cbbb,f83baf5732ffbf88b9a448a3d9ab9fa270f7495fe44d1559c1ac49795a30881a,2bbf5eba419b0650693f1e88326107bf9a346c68,persistence_corrected_2bbf5eba419b_6ed147cd_f83baf57
Persistence,1,2,2022-10-03,2022-10-04,15.44,14.42,-1.0199999999999996,1.0199999999999996,1.040399999999999,1,0,0,6ed147cd585e5e8083292683f9be3cf585e97e4d46fa0e3224d24a4e2b42cbbb,f83baf5732ffbf88b9a448a3d9ab9fa270f7495fe44d1559c1ac49795a30881a,2bbf5eba419b0650693f1e88326107bf9a346c68,persistence_corrected_2bbf5eba419b_6ed147cd_f83baf57
Persistence,1,2,2022-10-04,2022-10-05,10.33,15.44,5.109999999999999,5.109999999999999,26.112099999999995,0,0,0,6ed147cd585e5e8083292683f9be3cf585e97e4d46fa0e3224d24a4e2b42cbbb,f83baf5732ffbf88b9a448a3d9ab9fa270f7495fe44d1559c1ac49795a30881a,2bbf5eba419b0650693f1e88326107bf9a346c68,persistence_corrected_2bbf5eba419b_6ed147cd_f83baf57
Persistence,1,2,2022-10-05,2022-10-06,16.68,10.33,-6.35,6.35,40.3225,1,1,0,6ed147cd585e5e8083292683f9be3cf585e97e4d46fa0e3224d24a4e2b42cbbb,f83baf5732ffbf88b9a448a3d9ab9fa270f7495fe44d1559c1ac49795a30881a,2bbf5eba419b0650693f1e88326107bf9a346c68,persistence_corrected_2bbf5eba419b_6ed147cd_f83baf57
Persistence,1,2,2022-10-06,2022-10-07,15.78,16.68,0.9000000000000004,0.9000000000000004,0.8100000000000006,1,0,0,6ed147cd585e5e8083292683f9be3cf585e97e4d46fa0e3224d24a4e2b42cbbb,f83baf5732ffbf88b9a448a3d9ab9fa270f7495fe44d1559c1ac49795a30881a,2bbf5eba419b0650693f1e88326107bf9a346c68,persistence_corrected_2bbf5eba419b_6ed147cd_f83baf57
Persistence,1,2,2022-10-07,2022-10-08,14.52,15.78,1.2599999999999998,1.2599999999999998,1.5875999999999995,0,0,0,6ed147cd585e5e8083292683f9be3cf585e97e4d46fa0e3224d24a4e2b42cbbb,f83baf5732ffbf88b9a448a3d9ab9fa270f7495fe44d1559c1ac49795a30881a,2bbf5eba419b0650693f1e88326107bf9a346c68,persistence_corrected_2bbf5eba419b_6ed147cd_f83baf57
Persistence,1,2,2022-10-08,2022-10-09,12.31,14.52,2.209999999999999,2.209999999999999,4.884099999999996,0,0,0,6ed147cd585e5e8083292683f9be3cf585e97e4d46fa0e3224d24a4e2b42cbbb,f83baf5732ffbf88b9a448a3d9ab9fa270f7495fe44d1559c1ac49795a30881a,2bbf5eba419b0650693f1e88326107bf9a346c68,persistence_corrected_2bbf5eba419b_6ed147cd_f83baf57
Persistence,1,2,2022-10-09,2022-10-10,15.42,12.31,-3.1099999999999994,3.1099999999999994,9.672099999999997,1,0,0,6ed147cd585e5e8083292683f9be3cf585e97e4d46fa0e3224d24a4e2b42cbbb,f83baf5732ffbf88b9a448a3d9ab9fa270f7495fe44d1559c1ac49795a30881a,2bbf5eba419b0650693f1e88326107bf9a346c68,persistence_corrected_2bbf5eba419b_6ed147cd_f83baf57
Persistence,1,2,2022-10-10,2022-10-11,12.6,15.42,2.8200000000000003,2.8200000000000003,7.952400000000002,0,0,0,6ed147cd585e5e8083292683f9be3cf585e97e4d46fa0e3224d24a4e2b42cbbb,f83baf5732ffbf88b9a448a3d9ab9fa270f7495fe44d1559c1ac49795a30881a,2bbf5eba419b0650693f1e88326107bf9a346c68,persistence_corrected_2bbf5eba419b_6ed147cd_f83baf57
Persistence,1,2,2022-10-11,2022-10-12,13.87,12.6,-1.2699999999999996,1.2699999999999996,1.612899999999999,0,0,0,6ed147cd585e5e8083292683f9be3cf585e97e4d46fa0e3224d24a4e2b42cbbb,f83baf5732ffbf88b9a448a3d9ab9fa270f7495fe44d1559c1ac49795a30881a,2bbf5eba419b0650693f1e88326107bf9a346c68,persistence_corrected_2bbf5eba419b_6ed147cd_f83baf57
Persistence,1,2,2022-10-12,2022-10-13,13.28,13.87,0.5899999999999999,0.5899999999999999,0.34809999999999985,0,0,0,6ed147cd585e5e8083292683f9be3cf585e97e4d46fa0e3224d24a4e2b42cbbb,f83baf5732ffbf88b9a448a3d9ab9fa270f7495fe44d1559c1ac49795a30881a,2bbf5eba419b0650693f1e88326107bf9a346c68,persistence_corrected_2bbf5eba419b_6ed147cd_f83baf57
Persistence,1,2,2022-10-13,2022-10-14,13.3,13.28,-0.02000000000000135,0.02000000000000135,0.000400000000000054,0,0,0,6ed147cd585e5e8083292683f9be3cf585e97e4d46fa0e3224d24a4e2b42cbbb,f83baf5732ffbf88b9a448a3d9ab9fa270f7495fe44d1559c1ac49795a30881a,2bbf5eba419b0650693f1e88326107bf9a346c68,persistence_corrected_2bbf5eba419b_6ed147cd_f83baf57
Persistence,1,2,2022-10-14,2022-10-15,13.45,13.3,-0.14999999999999858,0.14999999999999858,0.022499999999999572,0,0,0,6ed147cd585e5e8083292683f9be3cf585e97e4d46fa0e3224d24a4e2b42cbbb,f83baf5732ffbf88b9a448a3d9ab9fa270f7495fe44d1559c1ac49795a30881a,2bbf5eba419b0650693f1e88326107bf9a346c68,persistence_corrected_2bbf5eba419b_6ed147cd_f83baf57
Persistence,1,2,2022-10-15,2022-10-16,13.31,13.45,0.1399999999999988,0.1399999999999988,0.019599999999999663,0,0,0,6ed147cd585e5e8083292683f9be3cf585e97e4d46fa0e3224d24a4e2b42cbbb,f83baf5732ffbf88b9a448a3d9ab9fa270f7495fe44d1559c1ac49795a30881a,2bbf5eba419b0650693f1e88326107bf9a346c68,persistence_corrected_2bbf5eba419b_6ed147cd_f83baf57
Persistence,1,2,2022-10-16,2022-10-17,13.04,13.31,0.27000000000000135,0.27000000000000135,0.07290000000000073,0,0,0,6ed147cd585e5e8083292683f9be3cf585e97e4d46fa0e3224d24a4e2b42cbbb,f83baf5732ffbf88b9a448a3d9ab9fa270f7495fe44d1559c1ac49795a30881a,2bbf5eba419b0650693f1e88326107bf9a346c68,persistence_corrected_2bbf5eba419b_6ed147cd_f83baf57
Persistence,1,2,2022-10-17,2022-10-18,13.21,13.04,-0.1700000000000017,0.1700000000000017,0.02890000000000058,0,0,0,6ed147cd585e5e8083292683f9be3cf585e97e4d46fa0e3224d24a4e2b42cbbb,f83baf5732ffbf88b9a448a3d9ab9fa270f7495fe44d1559c1ac49795a30881a,2bbf5eba419b0650693f1e88326107bf9a346c68,persistence_corrected_2bbf5eba419b_6ed147cd_f83baf57
Persistence,1,2,2022-10-18,2022-10-19,14.93,13.21,-1.7199999999999989,1.7199999999999989,2.958399999999996,0,0,0,6ed147cd585e5e8083292683f9be3cf585e97e4d46fa0e3224d24a4e2b42cbbb,f83baf5732ffbf88b9a448a3d9ab9fa270f7495fe44d1559c1ac49795a30881a,2bbf5eba419b0650693f1e88326107bf9a346c68,persistence_corrected_2bbf5eba419b_6ed147cd_f83baf57
Persistence,1,2,2022-10-19,2022-10-20,14.18,14.93,0.75,0.75,0.5625,0,0,0,6ed147cd585e5e8083292683f9be3cf585e97e4d46fa0e3224d24a4e2b42cbbb,f83baf5732ffbf88b9a448a3d9ab9fa270f7495fe44d1559c1ac49795a30881a,2bbf5eba419b0650693f1e88326107bf9a346c68,persistence_corrected_2bbf5eba419b_6ed147cd_f83baf57
Persistence,1,2,2022-10-20,2022-10-21,13.73,14.18,0.4499999999999993,0.4499999999999993,0.20249999999999935,0,0,0,6ed147cd585e5e8083292683f9be3cf585e97e4d46fa0e3224d24a4e2b42cbbb,f83baf5732ffbf88b9a448a3d9ab9fa270f7495fe44d1559c1ac49795a30881a,2bbf5eba419b0650693f1e88326107bf9a346c68,persistence_corrected_2bbf5eba419b_6ed147cd_f83baf57
Persistence,1,2,2022-10-21,2022-10-22,15.16,13.73,-1.4299999999999997,1.4299999999999997,2.0448999999999993,1,0,0,6ed147cd585e5e8083292683f9be3cf585e97e4d46fa0e3224d24a4e2b42cbbb,f83baf5732ffbf88b9a448a3d9ab9fa270f7495fe44d1559c1ac49795a30881a,2bbf5eba419b0650693f1e88326107bf9a346c68,persistence_corrected_2bbf5eba419b_6ed147cd_f83baf57
Persistence,1,2,2022-10-22,2022-10-23,13.21,15.16,1.9499999999999993,1.9499999999999993,3.802499999999997,0,0,0,6ed147cd585e5e8083292683f9be3cf585e97e4d46fa0e3224d24a4e2b42cbbb,f83baf5732ffbf88b9a448a3d9ab9fa270f7495fe44d1559c1ac49795a30881a,2bbf5eba419b0650693f1e88326107bf9a346c68,persistence_corrected_2bbf5eba419b_6ed147cd_f83baf57
Persistence,1,2,2022-10-23,2022-10-24,14.57,13.21,-1.3599999999999994,1.3599999999999994,1.8495999999999984,0,0,0,6ed147cd585e5e8083292683f9be3cf585e97e4d46fa0e3224d24a4e2b42cbbb,f83baf5732ffbf88b9a448a3d9ab9fa270f7495fe44d1559c1ac49795a30881a,2bbf5eba419b0650693f1e88326107bf9a346c68,persistence_corrected_2bbf5eba419b_6ed147cd_f83baf57
Persistence,1,2,2022-10-24,2022-10-25,16.82,14.57,-2.25,2.25,5.0625,1,1,0,6ed147cd585e5e8083292683f9be3cf585e97e4d46fa0e3224d24a4e2b42cbbb,f83baf5732ffbf88b9a448a3d9ab9fa270f7495fe44d1559c1ac49795a30881a,2bbf5eba419b0650693f1e88326107bf9a346c68,persistence_corrected_2bbf5eba419b_6ed147cd_f83baf57
Persistence,1,2,2022-10-25,2022-10-26,14.45,16.82,2.370000000000001,2.370000000000001,5.616900000000005,0,0,0,6ed147cd585e5e8083292683f9be3cf585e97e4d46fa0e3224d24a4e2b42cbbb,f83baf5732ffbf88b9a448a3d9ab9fa270f7495fe44d1559c1ac49795a30881a,2bbf5eba419b0650693f1e88326107bf9a346c68,persistence_corrected_2bbf5eba419b_6ed147cd_f83baf57
Persistence,1,2,2022-10-26,2022-10-27,11.03,14.45,3.42,3.42,11.696399999999999,0,0,0,6ed147cd585e5e8083292683f9be3cf585e97e4d46fa0e3224d24a4e2b42cbbb,f83baf5732ffbf88b9a448a3d9ab9fa270f7495fe44d1559c1ac49795a30881a,2bbf5eba419b0650693f1e88326107bf9a346c68,persistence_corrected_2bbf5eba419b_6ed147cd_f83baf57
Persistence,1,2,2022-10-27,2022-10-28,10.85,11.03,0.17999999999999972,0.17999999999999972,0.0323999999999999,0,0,0,6ed147cd585e5e8083292683f9be3cf585e97e4d46fa0e3224d24a4e2b42cbbb,f83baf5732ffbf88b9a448a3d9ab9fa270f7495fe44d1559c1ac49795a30881a,2bbf5eba419b0650693f1e88326107bf9a346c68,persistence_corrected_2bbf5eba419b_6ed147cd_f83baf57
Persistence,1,2,2022-10-28,2022-10-29,13.74,10.85,-2.8900000000000006,2.8900000000000006,8.352100000000004,0,0,0,6ed147cd585e5e8083292683f9be3cf585e97e4d46fa0e3224d24a4e2b42cbbb,f83baf5732ffbf88b9a448a3d9ab9fa270f7495fe44d1559c1ac49795a30881a,2bbf5eba419b0650693f1e88326107bf9a346c68,persistence_corrected_2bbf5eba419b_6ed147cd_f83baf57
Persistence,1,2,2022-10-29,2022-10-30,14.12,13.74,-0.379999999999999,0.379999999999999,0.14439999999999925,0,0,0,6ed147cd585e5e8083292683f9be3cf585e97e4d46fa0e3224d24a4e2b42cbbb,f83baf5732ffbf88b9a448a3d9ab9fa270f7495fe44d1559c1ac49795a30881a,2bbf5eba419b0650693f1e88326107bf9a346c68,persistence_corrected_2bbf5eba419b_6ed147cd_f83baf57
Persistence,1,2,2022-10-30,2022-10-31,14.54,14.12,-0.41999999999999993,0.41999999999999993,0.17639999999999995,0,0,0,6ed147cd585e5e8083292683f9be3cf585e97e4d46fa0e3224d24a4e2b42cbbb,f83baf5732ffbf88b9a448a3d9ab9fa270f7495fe44d1559c1ac49795a30881a,2bbf5eba419b0650693f1e88326107bf9a346c68,persistence_corrected_2bbf5eba419b_6ed147cd_f83baf57
Persistence,1,2,2022-10-31,2022-11-01,13.16,14.54,1.379999999999999,1.379999999999999,1.9043999999999972,0,0,0,6ed147cd585e5e8083292683f9be3cf585e97e4d46fa0e3224d24a4e2b42cbbb,f83baf5732ffbf88b9a448a3d9ab9fa270f7495fe44d1559c1ac49795a30881a,2bbf5eba419b0650693f1e88326107bf9a346c68,persistence_corrected_2bbf5eba419b_6ed147cd_f83baf57
Persistence,1,2,2022-11-01,2022-11-02,15.91,13.16,-2.75,2.75,7.5625,1,0,0,6ed147cd585e5e8083292683f9be3cf585e97e4d46fa0e3224d24a4e2b42cbbb,f83baf5732ffbf88b9a448a3d9ab9fa270f7495fe44d1559c1ac49795a30881a,2bbf5eba419b0650693f1e88326107bf9a346c68,persistence_corrected_2bbf5eba419b_6ed147cd_f83baf57
Persistence,1,2,2022-11-02,2022-11-03,14.39,15.91,1.5199999999999996,1.5199999999999996,2.3103999999999987,0,0,0,6ed147cd585e5e8083292683f9be3cf585e97e4d46fa0e3224d24a4e2b42cbbb,f83baf5732ffbf88b9a448a3d9ab9fa270f7495fe44d1559c1ac49795a30881a,2bbf5eba419b0650693f1e88326107bf9a346c68,persistence_corrected_2bbf5eba419b_6ed147cd_f83baf57
Persistence,1,2,2022-11-03,2022-11-04,14.63,14.39,-0.2400000000000002,0.2400000000000002,0.0576000000000001,0,0,0,6ed147cd585e5e8083292683f9be3cf585e97e4d46fa0e3224d24a4e2b42cbbb,f83baf5732ffbf88b9a448a3d9ab9fa270f7495fe44d1559c1ac49795a30881a,2bbf5eba419b0650693f1e88326107bf9a346c68,persistence_corrected_2bbf5eba419b_6ed147cd_f83baf57
Persistence,1,2,2022-11-04,2022-11-05,8.38,14.63,6.25,6.25,39.0625,0,0,0,6ed147cd585e5e8083292683f9be3cf585e97e4d46fa0e3224d24a4e2b42cbbb,f83baf5732ffbf88b9a448a3d9ab9fa270f7495fe44d1559c1ac49795a30881a,2bbf5eba419b0650693f1e88326107bf9a346c68,persistence_corrected_2bbf5eba419b_6ed147cd_f83baf57
Persistence,1,2,2022-11-05,2022-11-06,12.91,8.38,-4.529999999999999,4.529999999999999,20.520899999999994,0,0,0,6ed147cd585e5e8083292683f9be3cf585e97e4d46fa0e3224d24a4e2b42cbbb,f83baf5732ffbf88b9a448a3d9ab9fa270f7495fe44d1559c1ac49795a30881a,2bbf5eba419b0650693f1e88326107bf9a346c68,persistence_corrected_2bbf5eba419b_6ed147cd_f83baf57
Persistence,1,2,2022-11-06,2022-11-07,11.06,12.91,1.8499999999999996,1.8499999999999996,3.4224999999999985,0,0,0,6ed147cd585e5e8083292683f9be3cf585e97e4d46fa0e3224d24a4e2b42cbbb,f83baf5732ffbf88b9a448a3d9ab9fa270f7495fe44d1559c1ac49795a30881a,2bbf5eba419b0650693f1e88326107bf9a346c68,persistence_corrected_2bbf5eba419b_6ed147cd_f83baf57
Persistence,1,2,2022-11-07,2022-11-08,15.02,11.06,-3.959999999999999,3.959999999999999,15.681599999999992,1,0,0,6ed147cd585e5e8083292683f9be3cf585e97e4d46fa0e3224d24a4e2b42cbbb,f83baf5732ffbf88b9a448a3d9ab9fa270f7495fe44d1559c1ac49795a30881a,2bbf5eba419b0650693f1e88326107bf9a346c68,persistence_corrected_2bbf5eba419b_6ed147cd_f83baf57
Persistence,1,2,2022-11-08,2022-11-09,12.58,15.02,2.4399999999999995,2.4399999999999995,5.953599999999998,0,0,0,6ed147cd585e5e8083292683f9be3cf585e97e4d46fa0e3224d24a4e2b42cbbb,f83baf5732ffbf88b9a448a3d9ab9fa270f7495fe44d1559c1ac49795a30881a,2bbf5eba419b0650693f1e88326107bf9a346c68,persistence_corrected_2bbf5eba419b_6ed147cd_f83baf57
Persistence,1,2,2022-11-09,2022-11-10,12.52,12.58,0.0600000000000005,0.0600000000000005,0.0036000000000000597,0,0,0,6ed147cd585e5e8083292683f9be3cf585e97e4d46fa0e3224d24a4e2b42cbbb,f83baf5732ffbf88b9a448a3d9ab9fa270f7495fe44d1559c1ac49795a30881a,2bbf5eba419b0650693f1e88326107bf9a346c68,persistence_corrected_2bbf5eba419b_6ed147cd_f83baf57
Persistence,1,2,2022-11-10,2022-11-11,13.76,12.52,-1.2400000000000002,1.2400000000000002,1.5376000000000005,0,0,0,6ed147cd585e5e8083292683f9be3cf585e97e4d46fa0e3224d24a4e2b42cbbb,f83baf5732ffbf88b9a448a3d9ab9fa270f7495fe44d1559c1ac49795a30881a,2bbf5eba419b0650693f1e88326107bf9a346c68,persistence_corrected_2bbf5eba419b_6ed147cd_f83baf57
Persistence,1,2,2022-11-11,2022-11-12,12.56,13.76,1.1999999999999993,1.1999999999999993,1.4399999999999984,0,0,0,6ed147cd585e5e8083292683f9be3cf585e97e4d46fa0e3224d24a4e2b42cbbb,f83baf5732ffbf88b9a448a3d9ab9fa270f7495fe44d1559c1ac49795a30881a,2bbf5eba419b0650693f1e88326107bf9a346c68,persistence_corrected_2bbf5eba419b_6ed147cd_f83baf57
Persistence,1,2,2022-11-12,2022-11-13,13.19,12.56,-0.629999999999999,0.629999999999999,0.39689999999999875,0,0,0,6ed147cd585e5e8083292683f9be3cf585e97e4d46fa0e3224d24a4e2b42cbbb,f83baf5732ffbf88b9a448a3d9ab9fa270f7495fe44d1559c1ac49795a30881a,2bbf5eba419b0650693f1e88326107bf9a346c68,persistence_corrected_2bbf5eba419b_6ed147cd_f83baf57
Persistence,1,2,2022-11-13,2022-11-14,13.02,13.19,0.16999999999999993,0.16999999999999993,0.028899999999999974,0,0,0,6ed147cd585e5e8083292683f9be3cf585e97e4d46fa0e3224d24a4e2b42cbbb,f83baf5732ffbf88b9a448a3d9ab9fa270f7495fe44d1559c1ac49795a30881a,2bbf5eba419b0650693f1e88326107bf9a346c68,persistence_corrected_2bbf5eba419b_6ed147cd_f83baf57
Persistence,1,2,2022-11-14,2022-11-15,12.3,13.02,0.7199999999999989,0.7199999999999989,0.5183999999999984,0,0,0,6ed147cd585e5e8083292683f9be3cf585e97e4d46fa0e3224d24a4e2b42cbbb,f83baf5732ffbf88b9a448a3d9ab9fa270f7495fe44d1559c1ac49795a30881a,2bbf5eba419b0650693f1e88326107bf9a346c68,persistence_corrected_2bbf5eba419b_6ed147cd_f83baf57
Persistence,1,2,2022-11-15,2022-11-16,12.12,12.3,0.1800000000000015,0.1800000000000015,0.03240000000000054,0,0,0,6ed147cd585e5e8083292683f9be3cf585e97e4d46fa0e3224d24a4e2b42cbbb,f83baf5732ffbf88b9a448a3d9ab9fa270f7495fe44d1559c1ac49795a30881a,2bbf5eba419b0650693f1e88326107bf9a346c68,persistence_corrected_2bbf5eba419b_6ed147cd_f83baf57
Persistence,1,2,2022-11-16,2022-11-17,11.52,12.12,0.5999999999999996,0.5999999999999996,0.3599999999999996,0,0,0,6ed147cd585e5e8083292683f9be3cf585e97e4d46fa0e3224d24a4e2b42cbbb,f83baf5732ffbf88b9a448a3d9ab9fa270f7495fe44d1559c1ac49795a30881a,2bbf5eba419b0650693f1e88326107bf9a346c68,persistence_corrected_2bbf5eba419b_6ed147cd_f83baf57
Persistence,1,2,2022-11-17,2022-11-18,13.18,11.52,-1.6600000000000001,1.6600000000000001,2.7556000000000003,0,0,0,6ed147cd585e5e8083292683f9be3cf585e97e4d46fa0e3224d24a4e2b42cbbb,f83baf5732ffbf88b9a448a3d9ab9fa270f7495fe44d1559c1ac49795a30881a,2bbf5eba419b0650693f1e88326107bf9a346c68,persistence_corrected_2bbf5eba419b_6ed147cd_f83baf57
Persistence,1,2,2022-11-18,2022-11-19,12.04,13.18,1.1400000000000006,1.1400000000000006,1.2996000000000012,0,0,0,6ed147cd585e5e8083292683f9be3cf585e97e4d46fa0e3224d24a4e2b42cbbb,f83baf5732ffbf88b9a448a3d9ab9fa270f7495fe44d1559c1ac49795a30881a,2bbf5eba419b0650693f1e88326107bf9a346c68,persistence_corrected_2bbf5eba419b_6ed147cd_f83baf57
Persistence,1,2,2022-11-19,2022-11-20,11.29,12.04,0.75,0.75,0.5625,0,0,0,6ed147cd585e5e8083292683f9be3cf585e97e4d46fa0e3224d24a4e2b42cbbb,f83baf5732ffbf88b9a448a3d9ab9fa270f7495fe44d1559c1ac49795a30881a,2bbf5eba419b0650693f1e88326107bf9a346c68,persistence_corrected_2bbf5eba419b_6ed147cd_f83baf57
Persistence,1,2,2022-11-20,2022-11-21,14.21,11.29,-2.9200000000000017,2.9200000000000017,8.52640000000001,0,0,0,6ed147cd585e5e8083292683f9be3cf585e97e4d46fa0e3224d24a4e2b42cbbb,f83baf5732ffbf88b9a448a3d9ab9fa270f7495fe44d1559c1ac49795a30881a,2bbf5eba419b0650693f1e88326107bf9a346c68,persistence_corrected_2bbf5eba419b_6ed147cd_f83baf57
Persistence,1,2,2022-11-21,2022-11-22,12.13,14.21,2.08,2.08,4.3264000000000005,0,0,0,6ed147cd585e5e8083292683f9be3cf585e97e4d46fa0e3224d24a4e2b42cbbb,f83baf5732ffbf88b9a448a3d9ab9fa270f7495fe44d1559c1ac49795a30881a,2bbf5eba419b0650693f1e88326107bf9a346c68,persistence_corrected_2bbf5eba419b_6ed147cd_f83baf57
Persistence,1,2,2022-11-22,2022-11-23,12.79,12.13,-0.6599999999999984,0.6599999999999984,0.4355999999999978,0,0,0,6ed147cd585e5e8083292683f9be3cf585e97e4d46fa0e3224d24a4e2b42cbbb,f83baf5732ffbf88b9a448a3d9ab9fa270f7495fe44d1559c1ac49795a30881a,2bbf5eba419b0650693f1e88326107bf9a346c68,persistence_corrected_2bbf5eba419b_6ed147cd_f83baf57
Persistence,1,2,2022-11-23,2022-11-24,14.64,12.79,-1.8500000000000014,1.8500000000000014,3.422500000000005,0,0,0,6ed147cd585e5e8083292683f9be3cf585e97e4d46fa0e3224d24a4e2b42cbbb,f83baf5732ffbf88b9a448a3d9ab9fa270f7495fe44d1559c1ac49795a30881a,2bbf5eba419b0650693f1e88326107bf9a346c68,persistence_corrected_2bbf5eba419b_6ed147cd_f83baf57
Persistence,1,2,2022-11-24,2022-11-25,15.19,14.64,-0.5499999999999989,0.5499999999999989,0.3024999999999988,1,0,0,6ed147cd585e5e8083292683f9be3cf585e97e4d46fa0e3224d24a4e2b42cbbb,f83baf5732ffbf88b9a448a3d9ab9fa270f7495fe44d1559c1ac49795a30881a,2bbf5eba419b0650693f1e88326107bf9a346c68,persistence_corrected_2bbf5eba419b_6ed147cd_f83baf57
Persistence,1,2,2022-11-25,2022-11-26,11.86,15.19,3.33,3.33,11.0889,0,0,0,6ed147cd585e5e8083292683f9be3cf585e97e4d46fa0e3224d24a4e2b42cbbb,f83baf5732ffbf88b9a448a3d9ab9fa270f7495fe44d1559c1ac49795a30881a,2bbf5eba419b0650693f1e88326107bf9a346c68,persistence_corrected_2bbf5eba419b_6ed147cd_f83baf57
Persistence,1,2,2022-11-26,2022-11-27,10.9,11.86,0.9599999999999991,0.9599999999999991,0.9215999999999982,0,0,0,6ed147cd585e5e8083292683f9be3cf585e97e4d46fa0e3224d24a4e2b42cbbb,f83baf5732ffbf88b9a448a3d9ab9fa270f7495fe44d1559c1ac49795a30881a,2bbf5eba419b0650693f1e88326107bf9a346c68,persistence_corrected_2bbf5eba419b_6ed147cd_f83baf57
Persistence,1,2,2022-11-27,2022-11-28,13.08,10.9,-2.1799999999999997,2.1799999999999997,4.752399999999999,0,0,0,6ed147cd585e5e8083292683f9be3cf585e97e4d46fa0e3224d24a4e2b42cbbb,f83baf5732ffbf88b9a448a3d9ab9fa270f7495fe44d1559c1ac49795a30881a,2bbf5eba419b0650693f1e88326107bf9a346c68,persistence_corrected_2bbf5eba419b_6ed147cd_f83baf57
Persistence,1,2,2022-11-28,2022-11-29,11.44,13.08,1.6400000000000006,1.6400000000000006,2.6896000000000018,0,0,0,6ed147cd585e5e8083292683f9be3cf585e97e4d46fa0e3224d24a4e2b42cbbb,f83baf5732ffbf88b9a448a3d9ab9fa270f7495fe44d1559c1ac49795a30881a,2bbf5eba419b0650693f1e88326107bf9a346c68,persistence_corrected_2bbf5eba419b_6ed147cd_f83baf57
Persistence,1,2,2022-11-29,2022-11-30,10.74,11.44,0.6999999999999993,0.6999999999999993,0.489999999999999,0,0,0,6ed147cd585e5e8083292683f9be3cf585e97e4d46fa0e3224d24a4e2b42cbbb,f83baf5732ffbf88b9a448a3d9ab9fa270f7495fe44d1559c1ac49795a30881a,2bbf5eba419b0650693f1e88326107bf9a346c68,persistence_corrected_2bbf5eba419b_6ed147cd_f83baf57
Persistence,1,2,2022-11-30,2022-12-01,13.61,10.74,-2.869999999999999,2.869999999999999,8.236899999999995,0,0,0,6ed147cd585e5e8083292683f9be3cf585e97e4d46fa0e3224d24a4e2b42cbbb,f83baf5732ffbf88b9a448a3d9ab9fa270f7495fe44d1559c1ac49795a30881a,2bbf5eba419b0650693f1e88326107bf9a346c68,persistence_corrected_2bbf5eba419b_6ed147cd_f83baf57
Persistence,1,2,2022-12-01,2022-12-02,14.66,13.61,-1.0500000000000007,1.0500000000000007,1.1025000000000016,0,0,0,6ed147cd585e5e8083292683f9be3cf585e97e4d46fa0e3224d24a4e2b42cbbb,f83baf5732ffbf88b9a448a3d9ab9fa270f7495fe44d1559c1ac49795a30881a,2bbf5eba419b0650693f1e88326107bf9a346c68,persistence_corrected_2bbf5eba419b_6ed147cd_f83baf57
Persistence,1,2,2022-12-02,2022-12-03,12.89,14.66,1.7699999999999996,1.7699999999999996,3.1328999999999985,0,0,0,6ed147cd585e5e8083292683f9be3cf585e97e4d46fa0e3224d24a4e2b42cbbb,f83baf5732ffbf88b9a448a3d9ab9fa270f7495fe44d1559c1ac49795a30881a,2bbf5eba419b0650693f1e88326107bf9a346c68,persistence_corrected_2bbf5eba419b_6ed147cd_f83baf57
Persistence,1,2,2022-12-03,2022-12-04,15.41,12.89,-2.5199999999999996,2.5199999999999996,6.350399999999998,1,0,0,6ed147cd585e5e8083292683f9be3cf585e97e4d46fa0e3224d24a4e2b42cbbb,f83baf5732ffbf88b9a448a3d9ab9fa270f7495fe44d1559c1ac49795a30881a,2bbf5eba419b0650693f1e88326107bf9a346c68,persistence_corrected_2bbf5eba419b_6ed147cd_f83baf57
Persistence,1,2,2022-12-04,2022-12-05,14.77,15.41,0.6400000000000006,0.6400000000000006,0.40960000000000074,0,0,0,6ed147cd585e5e8083292683f9be3cf585e97e4d46fa0e3224d24a4e2b42cbbb,f83baf5732ffbf88b9a448a3d9ab9fa270f7495fe44d1559c1ac49795a30881a,2bbf5eba419b0650693f1e88326107bf9a346c68,persistence_corrected_2bbf5eba419b_6ed147cd_f83baf57
Persistence,1,2,2022-12-05,2022-12-06,12.9,14.77,1.8699999999999992,1.8699999999999992,3.496899999999997,0,0,0,6ed147cd585e5e8083292683f9be3cf585e97e4d46fa0e3224d24a4e2b42cbbb,f83baf5732ffbf88b9a448a3d9ab9fa270f7495fe44d1559c1ac49795a30881a,2bbf5eba419b0650693f1e88326107bf9a346c68,persistence_corrected_2bbf5eba419b_6ed147cd_f83baf57
Persistence,1,2,2022-12-06,2022-12-07,14.59,12.9,-1.6899999999999995,1.6899999999999995,2.8560999999999983,0,0,0,6ed147cd585e5e8083292683f9be3cf585e97e4d46fa0e3224d24a4e2b42cbbb,f83baf5732ffbf88b9a448a3d9ab9fa270f7495fe44d1559c1ac49795a30881a,2bbf5eba419b0650693f1e88326107bf9a346c68,persistence_corrected_2bbf5eba419b_6ed147cd_f83baf57
Persistence,1,2,2022-12-07,2022-12-08,13.7,14.59,0.8900000000000006,0.8900000000000006,0.792100000000001,0,0,0,6ed147cd585e5e8083292683f9be3cf585e97e4d46fa0e3224d24a4e2b42cbbb,f83baf5732ffbf88b9a448a3d9ab9fa270f7495fe44d1559c1ac49795a30881a,2bbf5eba419b0650693f1e88326107bf9a346c68,persistence_corrected_2bbf5eba419b_6ed147cd_f83baf57
Persistence,1,2,2022-12-08,2022-12-09,11.71,13.7,1.9899999999999984,1.9899999999999984,3.960099999999994,0,0,0,6ed147cd585e5e8083292683f9be3cf585e97e4d46fa0e3224d24a4e2b42cbbb,f83baf5732ffbf88b9a448a3d9ab9fa270f7495fe44d1559c1ac49795a30881a,2bbf5eba419b0650693f1e88326107bf9a346c68,persistence_corrected_2bbf5eba419b_6ed147cd_f83baf57
Persistence,1,2,2022-12-09,2022-12-10,11.29,11.71,0.4200000000000017,0.4200000000000017,0.17640000000000144,0,0,0,6ed147cd585e5e8083292683f9be3cf585e97e4d46fa0e3224d24a4e2b42cbbb,f83baf5732ffbf88b9a448a3d9ab9fa270f7495fe44d1559c1ac49795a30881a,2bbf5eba419b0650693f1e88326107bf9a346c68,persistence_corrected_2bbf5eba419b_6ed147cd_f83baf57
Persistence,1,2,2022-12-10,2022-12-11,10.86,11.29,0.4299999999999997,0.4299999999999997,0.18489999999999976,0,0,0,6ed147cd585e5e8083292683f9be3cf585e97e4d46fa0e3224d24a4e2b42cbbb,f83baf5732ffbf88b9a448a3d9ab9fa270f7495fe44d1559c1ac49795a30881a,2bbf5eba419b0650693f1e88326107bf9a346c68,persistence_corrected_2bbf5eba419b_6ed147cd_f83baf57
Persistence,1,2,2022-12-11,2022-12-12,12.49,10.86,-1.6300000000000008,1.6300000000000008,2.6569000000000025,0,0,0,6ed147cd585e5e8083292683f9be3cf585e97e4d46fa0e3224d24a4e2b42cbbb,f83baf5732ffbf88b9a448a3d9ab9fa270f7495fe44d1559c1ac49795a30881a,2bbf5eba419b0650693f1e88326107bf9a346c68,persistence_corrected_2bbf5eba419b_6ed147cd_f83baf57
Persistence,1,2,2022-12-12,2022-12-13,14.09,12.49,-1.5999999999999996,1.5999999999999996,2.5599999999999987,0,0,0,6ed147cd585e5e8083292683f9be3cf585e97e4d46fa0e3224d24a4e2b42cbbb,f83baf5732ffbf88b9a448a3d9ab9fa270f7495fe44d1559c1ac49795a30881a,2bbf5eba419b0650693f1e88326107bf9a346c68,persistence_corrected_2bbf5eba419b_6ed147cd_f83baf57
Persistence,1,2,2022-12-13,2022-12-14,14.64,14.09,-0.5500000000000007,0.5500000000000007,0.30250000000000077,0,0,0,6ed147cd585e5e8083292683f9be3cf585e97e4d46fa0e3224d24a4e2b42cbbb,f83baf5732ffbf88b9a448a3d9ab9fa270f7495fe44d1559c1ac49795a30881a,2bbf5eba419b0650693f1e88326107bf9a346c68,persistence_corrected_2bbf5eba419b_6ed147cd_f83baf57
Persistence,1,2,2022-12-14,2022-12-15,11.76,14.64,2.880000000000001,2.880000000000001,8.294400000000005,0,0,0,6ed147cd585e5e8083292683f9be3cf585e97e4d46fa0e3224d24a4e2b42cbbb,f83baf5732ffbf88b9a448a3d9ab9fa270f7495fe44d1559c1ac49795a30881a,2bbf5eba419b0650693f1e88326107bf9a346c68,persistence_corrected_2bbf5eba419b_6ed147cd_f83baf57
Persistence,1,2,2022-12-15,2022-12-16,12.11,11.76,-0.34999999999999964,0.34999999999999964,0.12249999999999975,0,0,0,6ed147cd585e5e8083292683f9be3cf585e97e4d46fa0e3224d24a4e2b42cbbb,f83baf5732ffbf88b9a448a3d9ab9fa270f7495fe44d1559c1ac49795a30881a,2bbf5eba419b0650693f1e88326107bf9a346c68,persistence_corrected_2bbf5eba419b_6ed147cd_f83baf57
Persistence,1,2,2022-12-16,2022-12-17,14.6,12.11,-2.49,2.49,6.200100000000001,0,0,0,6ed147cd585e5e8083292683f9be3cf585e97e4d46fa0e3224d24a4e2b42cbbb,f83baf5732ffbf88b9a448a3d9ab9fa270f7495fe44d1559c1ac49795a30881a,2bbf5eba419b0650693f1e88326107bf9a346c68,persistence_corrected_2bbf5eba419b_6ed147cd_f83baf57
Persistence,1,2,2022-12-17,2022-12-18,14.22,14.6,0.379999999999999,0.379999999999999,0.14439999999999925,0,0,0,6ed147cd585e5e8083292683f9be3cf585e97e4d46fa0e3224d24a4e2b42cbbb,f83baf5732ffbf88b9a448a3d9ab9fa270f7495fe44d1559c1ac49795a30881a,2bbf5eba419b0650693f1e88326107bf9a346c68,persistence_corrected_2bbf5eba419b_6ed147cd_f83baf57
Persistence,1,2,2022-12-18,2022-12-19,13.27,14.22,0.9500000000000011,0.9500000000000011,0.9025000000000021,0,0,0,6ed147cd585e5e8083292683f9be3cf585e97e4d46fa0e3224d24a4e2b42cbbb,f83baf5732ffbf88b9a448a3d9ab9fa270f7495fe44d1559c1ac49795a30881a,2bbf5eba419b0650693f1e88326107bf9a346c68,persistence_corrected_2bbf5eba419b_6ed147cd_f83baf57
Persistence,1,2,2022-12-19,2022-12-20,12.58,13.27,0.6899999999999995,0.6899999999999995,0.4760999999999993,0,0,0,6ed147cd585e5e8083292683f9be3cf585e97e4d46fa0e3224d24a4e2b42cbbb,f83baf5732ffbf88b9a448a3d9ab9fa270f7495fe44d1559c1ac49795a30881a,2bbf5eba419b0650693f1e88326107bf9a346c68,persistence_corrected_2bbf5eba419b_6ed147cd_f83baf57
Persistence,1,2,2022-12-20,2022-12-21,12.94,12.58,-0.35999999999999943,0.35999999999999943,0.1295999999999996,0,0,0,6ed147cd585e5e8083292683f9be3cf585e97e4d46fa0e3224d24a4e2b42cbbb,f83baf5732ffbf88b9a448a3d9ab9fa270f7495fe44d1559c1ac49795a30881a,2bbf5eba419b0650693f1e88326107bf9a346c68,persistence_corrected_2bbf5eba419b_6ed147cd_f83baf57
Persistence,1,2,2022-12-21,2022-12-22,12.92,12.94,0.019999999999999574,0.019999999999999574,0.00039999999999998294,0,0,0,6ed147cd585e5e8083292683f9be3cf585e97e4d46fa0e3224d24a4e2b42cbbb,f83baf5732ffbf88b9a448a3d9ab9fa270f7495fe44d1559c1ac49795a30881a,2bbf5eba419b0650693f1e88326107bf9a346c68,persistence_corrected_2bbf5eba419b_6ed147cd_f83baf57
Persistence,1,2,2022-12-22,2022-12-23,14.04,12.92,-1.1199999999999992,1.1199999999999992,1.2543999999999982,0,0,0,6ed147cd585e5e8083292683f9be3cf585e97e4d46fa0e3224d24a4e2b42cbbb,f83baf5732ffbf88b9a448a3d9ab9fa270f7495fe44d1559c1ac49795a30881a,2bbf5eba419b0650693f1e88326107bf9a346c68,persistence_corrected_2bbf5eba419b_6ed147cd_f83baf57
Persistence,1,2,2022-12-23,2022-12-24,13.32,14.04,0.7199999999999989,0.7199999999999989,0.5183999999999984,0,0,0,6ed147cd585e5e8083292683f9be3cf585e97e4d46fa0e3224d24a4e2b42cbbb,f83baf5732ffbf88b9a448a3d9ab9fa270f7495fe44d1559c1ac49795a30881a,2bbf5eba419b0650693f1e88326107bf9a346c68,persistence_corrected_2bbf5eba419b_6ed147cd_f83baf57
Persistence,1,2,2022-12-24,2022-12-25,12.68,13.32,0.6400000000000006,0.6400000000000006,0.40960000000000074,0,0,0,6ed147cd585e5e8083292683f9be3cf585e97e4d46fa0e3224d24a4e2b42cbbb,f83baf5732ffbf88b9a448a3d9ab9fa270f7495fe44d1559c1ac49795a30881a,2bbf5eba419b0650693f1e88326107bf9a346c68,persistence_corrected_2bbf5eba419b_6ed147cd_f83baf57
Persistence,1,2,2022-12-25,2022-12-26,15.24,12.68,-2.5600000000000005,2.5600000000000005,6.553600000000003,1,0,0,6ed147cd585e5e8083292683f9be3cf585e97e4d46fa0e3224d24a4e2b42cbbb,f83baf5732ffbf88b9a448a3d9ab9fa270f7495fe44d1559c1ac49795a30881a,2bbf5eba419b0650693f1e88326107bf9a346c68,persistence_corrected_2bbf5eba419b_6ed147cd_f83baf57
Persistence,1,2,2022-12-26,2022-12-27,12.37,15.24,2.870000000000001,2.870000000000001,8.236900000000006,0,0,0,6ed147cd585e5e8083292683f9be3cf585e97e4d46fa0e3224d24a4e2b42cbbb,f83baf5732ffbf88b9a448a3d9ab9fa270f7495fe44d1559c1ac49795a30881a,2bbf5eba419b0650693f1e88326107bf9a346c68,persistence_corrected_2bbf5eba419b_6ed147cd_f83baf57
Persistence,1,2,2022-12-27,2022-12-28,10.22,12.37,2.1499999999999986,2.1499999999999986,4.622499999999994,0,0,0,6ed147cd585e5e8083292683f9be3cf585e97e4d46fa0e3224d24a4e2b42cbbb,f83baf5732ffbf88b9a448a3d9ab9fa270f7495fe44d1559c1ac49795a30881a,2bbf5eba419b0650693f1e88326107bf9a346c68,persistence_corrected_2bbf5eba419b_6ed147cd_f83baf57
Persistence,1,2,2022-12-28,2022-12-29,10.45,10.22,-0.22999999999999865,0.22999999999999865,0.05289999999999938,0,0,0,6ed147cd585e5e8083292683f9be3cf585e97e4d46fa0e3224d24a4e2b42cbbb,f83baf5732ffbf88b9a448a3d9ab9fa270f7495fe44d1559c1ac49795a30881a,2bbf5eba419b0650693f1e88326107bf9a346c68,persistence_corrected_2bbf5eba419b_6ed147cd_f83baf57
Persistence,1,2,2022-12-29,2022-12-30,11.82,10.45,-1.370000000000001,1.370000000000001,1.8769000000000027,0,0,0,6ed147cd585e5e8083292683f9be3cf585e97e4d46fa0e3224d24a4e2b42cbbb,f83baf5732ffbf88b9a448a3d9ab9fa270f7495fe44d1559c1ac49795a30881a,2bbf5eba419b0650693f1e88326107bf9a346c68,persistence_corrected_2bbf5eba419b_6ed147cd_f83baf57
Persistence,1,2,2022-12-30,2022-12-31,13.51,11.82,-1.6899999999999995,1.6899999999999995,2.8560999999999983,0,0,0,6ed147cd585e5e8083292683f9be3cf585e97e4d46fa0e3224d24a4e2b42cbbb,f83baf5732ffbf88b9a448a3d9ab9fa270f7495fe44d1559c1ac49795a30881a,2bbf5eba419b0650693f1e88326107bf9a346c68,persistence_corrected_2bbf5eba419b_6ed147cd_f83baf57
Persistence,1,2,2022-12-31,2023-01-01,12.29,13.51,1.2200000000000006,1.2200000000000006,1.4884000000000015,0,0,0,6ed147cd585e5e8083292683f9be3cf585e97e4d46fa0e3224d24a4e2b42cbbb,f83baf5732ffbf88b9a448a3d9ab9fa270f7495fe44d1559c1ac49795a30881a,2bbf5eba419b0650693f1e88326107bf9a346c68,persistence_corrected_2bbf5eba419b_6ed147cd_f83baf57
Persistence,1,2,2023-01-01,2023-01-02,13.67,12.29,-1.3800000000000008,1.3800000000000008,1.904400000000002,0,0,0,6ed147cd585e5e8083292683f9be3cf585e97e4d46fa0e3224d24a4e2b42cbbb,f83baf5732ffbf88b9a448a3d9ab9fa270f7495fe44d1559c1ac49795a30881a,2bbf5eba419b0650693f1e88326107bf9a346c68,persistence_corrected_2bbf5eba419b_6ed147cd_f83baf57
Persistence,1,2,2023-01-02,2023-01-03,12.94,13.67,0.7300000000000004,0.7300000000000004,0.5329000000000006,0,0,0,6ed147cd585e5e8083292683f9be3cf585e97e4d46fa0e3224d24a4e2b42cbbb,f83baf5732ffbf88b9a448a3d9ab9fa270f7495fe44d1559c1ac49795a30881a,2bbf5eba419b0650693f1e88326107bf9a346c68,persistence_corrected_2bbf5eba419b_6ed147cd_f83baf57
Persistence,1,2,2023-01-03,2023-01-04,13.74,12.94,-0.8000000000000007,0.8000000000000007,0.6400000000000011,0,0,0,6ed147cd585e5e8083292683f9be3cf585e97e4d46fa0e3224d24a4e2b42cbbb,f83baf5732ffbf88b9a448a3d9ab9fa270f7495fe44d1559c1ac49795a30881a,2bbf5eba419b0650693f1e88326107bf9a346c68,persistence_corrected_2bbf5eba419b_6ed147cd_f83baf57
Persistence,1,2,2023-01-04,2023-01-05,10.82,13.74,2.92,2.92,8.526399999999999,0,0,0,6ed147cd585e5e8083292683f9be3cf585e97e4d46fa0e3224d24a4e2b42cbbb,f83baf5732ffbf88b9a448a3d9ab9fa270f7495fe44d1559c1ac49795a30881a,2bbf5eba419b0650693f1e88326107bf9a346c68,persistence_corrected_2bbf5eba419b_6ed147cd_f83baf57
Persistence,1,2,2023-01-05,2023-01-06,12.01,10.82,-1.1899999999999995,1.1899999999999995,1.4160999999999988,0,0,0,6ed147cd585e5e8083292683f9be3cf585e97e4d46fa0e3224d24a4e2b42cbbb,f83baf5732ffbf88b9a448a3d9ab9fa270f7495fe44d1559c1ac49795a30881a,2bbf5eba419b0650693f1e88326107bf9a346c68,persistence_corrected_2bbf5eba419b_6ed147cd_f83baf57
Persistence,1,2,2023-01-06,2023-01-07,13.3,12.01,-1.290000000000001,1.290000000000001,1.6641000000000024,0,0,0,6ed147cd585e5e8083292683f9be3cf585e97e4d46fa0e3224d24a4e2b42cbbb,f83baf5732ffbf88b9a448a3d9ab9fa270f7495fe44d1559c1ac49795a30881a,2bbf5eba419b0650693f1e88326107bf9a346c68,persistence_corrected_2bbf5eba419b_6ed147cd_f83baf57
Persistence,1,2,2023-01-07,2023-01-08,11.75,13.3,1.5500000000000007,1.5500000000000007,2.402500000000002,0,0,0,6ed147cd585e5e8083292683f9be3cf585e97e4d46fa0e3224d24a4e2b42cbbb,f83baf5732ffbf88b9a448a3d9ab9fa270f7495fe44d1559c1ac49795a30881a,2bbf5eba419b0650693f1e88326107bf9a346c68,persistence_corrected_2bbf5eba419b_6ed147cd_f83baf57
Persistence,1,2,2023-01-08,2023-01-09,14.04,11.75,-2.289999999999999,2.289999999999999,5.244099999999996,0,0,0,6ed147cd585e5e8083292683f9be3cf585e97e4d46fa0e3224d24a4e2b42cbbb,f83baf5732ffbf88b9a448a3d9ab9fa270f7495fe44d1559c1ac49795a30881a,2bbf5eba419b0650693f1e88326107bf9a346c68,persistence_corrected_2bbf5eba419b_6ed147cd_f83baf57
Persistence,1,2,2023-01-09,2023-01-10,14.39,14.04,-0.3500000000000014,0.3500000000000014,0.122500000000001,0,0,0,6ed147cd585e5e8083292683f9be3cf585e97e4d46fa0e3224d24a4e2b42cbbb,f83baf5732ffbf88b9a448a3d9ab9fa270f7495fe44d1559c1ac49795a30881a,2bbf5eba419b0650693f1e88326107bf9a346c68,persistence_corrected_2bbf5eba419b_6ed147cd_f83baf57
Persistence,1,2,2023-01-10,2023-01-11,10.31,14.39,4.08,4.08,16.6464,0,0,0,6ed147cd585e5e8083292683f9be3cf585e97e4d46fa0e3224d24a4e2b42cbbb,f83baf5732ffbf88b9a448a3d9ab9fa270f7495fe44d1559c1ac49795a30881a,2bbf5eba419b0650693f1e88326107bf9a346c68,persistence_corrected_2bbf5eba419b_6ed147cd_f83baf57
Persistence,1,2,2023-01-11,2023-01-12,12.35,10.31,-2.039999999999999,2.039999999999999,4.161599999999996,0,0,0,6ed147cd585e5e8083292683f9be3cf585e97e4d46fa0e3224d24a4e2b42cbbb,f83baf5732ffbf88b9a448a3d9ab9fa270f7495fe44d1559c1ac49795a30881a,2bbf5eba419b0650693f1e88326107bf9a346c68,persistence_corrected_2bbf5eba419b_6ed147cd_f83baf57
Persistence,1,2,2023-01-12,2023-01-13,13.13,12.35,-0.7800000000000011,0.7800000000000011,0.6084000000000018,0,0,0,6ed147cd585e5e8083292683f9be3cf585e97e4d46fa0e3224d24a4e2b42cbbb,f83baf5732ffbf88b9a448a3d9ab9fa270f7495fe44d1559c1ac49795a30881a,2bbf5eba419b0650693f1e88326107bf9a346c68,persistence_corrected_2bbf5eba419b_6ed147cd_f83baf57
Persistence,1,2,2023-01-13,2023-01-14,6.71,13.13,6.420000000000001,6.420000000000001,41.21640000000001,0,0,0,6ed147cd585e5e8083292683f9be3cf585e97e4d46fa0e3224d24a4e2b42cbbb,f83baf5732ffbf88b9a448a3d9ab9fa270f7495fe44d1559c1ac49795a30881a,2bbf5eba419b0650693f1e88326107bf9a346c68,persistence_corrected_2bbf5eba419b_6ed147cd_f83baf57
Persistence,1,2,2023-01-14,2023-01-15,10.54,6.71,-3.829999999999999,3.829999999999999,14.668899999999994,0,0,0,6ed147cd585e5e8083292683f9be3cf585e97e4d46fa0e3224d24a4e2b42cbbb,f83baf5732ffbf88b9a448a3d9ab9fa270f7495fe44d1559c1ac49795a30881a,2bbf5eba419b0650693f1e88326107bf9a346c68,persistence_corrected_2bbf5eba419b_6ed147cd_f83baf57
Persistence,1,2,2023-01-15,2023-01-16,10.56,10.54,-0.02000000000000135,0.02000000000000135,0.000400000000000054,0,0,0,6ed147cd585e5e8083292683f9be3cf585e97e4d46fa0e3224d24a4e2b42cbbb,f83baf5732ffbf88b9a448a3d9ab9fa270f7495fe44d1559c1ac49795a30881a,2bbf5eba419b0650693f1e88326107bf9a346c68,persistence_corrected_2bbf5eba419b_6ed147cd_f83baf57
Persistence,1,2,2023-01-16,2023-01-17,10.38,10.56,0.17999999999999972,0.17999999999999972,0.0323999999999999,0,0,0,6ed147cd585e5e8083292683f9be3cf585e97e4d46fa0e3224d24a4e2b42cbbb,f83baf5732ffbf88b9a448a3d9ab9fa270f7495fe44d1559c1ac49795a30881a,2bbf5eba419b0650693f1e88326107bf9a346c68,persistence_corrected_2bbf5eba419b_6ed147cd_f83baf57
Persistence,1,2,2023-01-17,2023-01-18,11.68,10.38,-1.299999999999999,1.299999999999999,1.6899999999999973,0,0,0,6ed147cd585e5e8083292683f9be3cf585e97e4d46fa0e3224d24a4e2b42cbbb,f83baf5732ffbf88b9a448a3d9ab9fa270f7495fe44d1559c1ac49795a30881a,2bbf5eba419b0650693f1e88326107bf9a346c68,persistence_corrected_2bbf5eba419b_6ed147cd_f83baf57
Persistence,1,2,2023-01-18,2023-01-19,11.39,11.68,0.28999999999999915,0.28999999999999915,0.08409999999999951,0,0,0,6ed147cd585e5e8083292683f9be3cf585e97e4d46fa0e3224d24a4e2b42cbbb,f83baf5732ffbf88b9a448a3d9ab9fa270f7495fe44d1559c1ac49795a30881a,2bbf5eba419b0650693f1e88326107bf9a346c68,persistence_corrected_2bbf5eba419b_6ed147cd_f83baf57
Persistence,1,2,2023-01-19,2023-01-20,13.84,11.39,-2.4499999999999993,2.4499999999999993,6.002499999999997,0,0,0,6ed147cd585e5e8083292683f9be3cf585e97e4d46fa0e3224d24a4e2b42cbbb,f83baf5732ffbf88b9a448a3d9ab9fa270f7495fe44d1559c1ac49795a30881a,2bbf5eba419b0650693f1e88326107bf9a346c68,persistence_corrected_2bbf5eba419b_6ed147cd_f83baf57
Persistence,1,2,2023-01-20,2023-01-21,9.61,13.84,4.23,4.23,17.892900000000004,0,0,0,6ed147cd585e5e8083292683f9be3cf585e97e4d46fa0e3224d24a4e2b42cbbb,f83baf5732ffbf88b9a448a3d9ab9fa270f7495fe44d1559c1ac49795a30881a,2bbf5eba419b0650693f1e88326107bf9a346c68,persistence_corrected_2bbf5eba419b_6ed147cd_f83baf57
Persistence,1,2,2023-01-21,2023-01-22,11.47,9.61,-1.8600000000000012,1.8600000000000012,3.4596000000000044,0,0,0,6ed147cd585e5e8083292683f9be3cf585e97e4d46fa0e3224d24a4e2b42cbbb,f83baf5732ffbf88b9a448a3d9ab9fa270f7495fe44d1559c1ac49795a30881a,2bbf5eba419b0650693f1e88326107bf9a346c68,persistence_corrected_2bbf5eba419b_6ed147cd_f83baf57
Persistence,1,2,2023-01-22,2023-01-23,9.53,11.47,1.9400000000000013,1.9400000000000013,3.763600000000005,0,0,0,6ed147cd585e5e8083292683f9be3cf585e97e4d46fa0e3224d24a4e2b42cbbb,f83baf5732ffbf88b9a448a3d9ab9fa270f7495fe44d1559c1ac49795a30881a,2bbf5eba419b0650693f1e88326107bf9a346c68,persistence_corrected_2bbf5eba419b_6ed147cd_f83baf57
Persistence,1,2,2023-01-23,2023-01-24,9.61,9.53,-0.08000000000000007,0.08000000000000007,0.006400000000000012,0,0,0,6ed147cd585e5e8083292683f9be3cf585e97e4d46fa0e3224d24a4e2b42cbbb,f83baf5732ffbf88b9a448a3d9ab9fa270f7495fe44d1559c1ac49795a30881a,2bbf5eba419b0650693f1e88326107bf9a346c68,persistence_corrected_2bbf5eba419b_6ed147cd_f83baf57
Persistence,1,2,2023-01-24,2023-01-25,13.98,9.61,-4.370000000000001,4.370000000000001,19.09690000000001,0,0,0,6ed147cd585e5e8083292683f9be3cf585e97e4d46fa0e3224d24a4e2b42cbbb,f83baf5732ffbf88b9a448a3d9ab9fa270f7495fe44d1559c1ac49795a30881a,2bbf5eba419b0650693f1e88326107bf9a346c68,persistence_corrected_2bbf5eba419b_6ed147cd_f83baf57
Persistence,1,2,2023-01-25,2023-01-26,12.46,13.98,1.5199999999999996,1.5199999999999996,2.3103999999999987,0,0,0,6ed147cd585e5e8083292683f9be3cf585e97e4d46fa0e3224d24a4e2b42cbbb,f83baf5732ffbf88b9a448a3d9ab9fa270f7495fe44d1559c1ac49795a30881a,2bbf5eba419b0650693f1e88326107bf9a346c68,persistence_corrected_2bbf5eba419b_6ed147cd_f83baf57
Persistence,1,2,2023-01-26,2023-01-27,11.69,12.46,0.7700000000000014,0.7700000000000014,0.5929000000000021,0,0,0,6ed147cd585e5e8083292683f9be3cf585e97e4d46fa0e3224d24a4e2b42cbbb,f83baf5732ffbf88b9a448a3d9ab9fa270f7495fe44d1559c1ac49795a30881a,2bbf5eba419b0650693f1e88326107bf9a346c68,persistence_corrected_2bbf5eba419b_6ed147cd_f83baf57
Persistence,1,2,2023-01-27,2023-01-28,12.88,11.69,-1.1900000000000013,1.1900000000000013,1.416100000000003,0,0,0,6ed147cd585e5e8083292683f9be3cf585e97e4d46fa0e3224d24a4e2b42cbbb,f83baf5732ffbf88b9a448a3d9ab9fa270f7495fe44d1559c1ac49795a30881a,2bbf5eba419b0650693f1e88326107bf9a346c68,persistence_corrected_2bbf5eba419b_6ed147cd_f83baf57
Persistence,1,2,2023-01-28,2023-01-29,12.01,12.88,0.870000000000001,0.870000000000001,0.7569000000000017,0,0,0,6ed147cd585e5e8083292683f9be3cf585e97e4d46fa0e3224d24a4e2b42cbbb,f83baf5732ffbf88b9a448a3d9ab9fa270f7495fe44d1559c1ac49795a30881a,2bbf5eba419b0650693f1e88326107bf9a346c68,persistence_corrected_2bbf5eba419b_6ed147cd_f83baf57
Persistence,1,2,2023-01-29,2023-01-30,14.4,12.01,-2.3900000000000006,2.3900000000000006,5.712100000000003,0,0,0,6ed147cd585e5e8083292683f9be3cf585e97e4d46fa0e3224d24a4e2b42cbbb,f83baf5732ffbf88b9a448a3d9ab9fa270f7495fe44d1559c1ac49795a30881a,2bbf5eba419b0650693f1e88326107bf9a346c68,persistence_corrected_2bbf5eba419b_6ed147cd_f83baf57
Persistence,1,2,2023-01-30,2023-01-31,14.68,14.4,-0.27999999999999936,0.27999999999999936,0.07839999999999964,0,0,0,6ed147cd585e5e8083292683f9be3cf585e97e4d46fa0e3224d24a4e2b42cbbb,f83baf5732ffbf88b9a448a3d9ab9fa270f7495fe44d1559c1ac49795a30881a,2bbf5eba419b0650693f1e88326107bf9a346c68,persistence_corrected_2bbf5eba419b_6ed147cd_f83baf57
Persistence,1,2,2023-01-31,2023-02-01,16.7,14.68,-2.0199999999999996,2.0199999999999996,4.080399999999998,1,1,0,6ed147cd585e5e8083292683f9be3cf585e97e4d46fa0e3224d24a4e2b42cbbb,f83baf5732ffbf88b9a448a3d9ab9fa270f7495fe44d1559c1ac49795a30881a,2bbf5eba419b0650693f1e88326107bf9a346c68,persistence_corrected_2bbf5eba419b_6ed147cd_f83baf57
Persistence,1,2,2023-02-01,2023-02-02,11.45,16.7,5.25,5.25,27.5625,0,0,0,6ed147cd585e5e8083292683f9be3cf585e97e4d46fa0e3224d24a4e2b42cbbb,f83baf5732ffbf88b9a448a3d9ab9fa270f7495fe44d1559c1ac49795a30881a,2bbf5eba419b0650693f1e88326107bf9a346c68,persistence_corrected_2bbf5eba419b_6ed147cd_f83baf57
Persistence,1,2,2023-02-02,2023-02-03,8.69,11.45,2.76,2.76,7.617599999999999,0,0,0,6ed147cd585e5e8083292683f9be3cf585e97e4d46fa0e3224d24a4e2b42cbbb,f83baf5732ffbf88b9a448a3d9ab9fa270f7495fe44d1559c1ac49795a30881a,2bbf5eba419b0650693f1e88326107bf9a346c68,persistence_corrected_2bbf5eba419b_6ed147cd_f83baf57
Persistence,1,2,2023-02-03,2023-02-04,16.0,8.69,-7.3100000000000005,7.3100000000000005,53.43610000000001,1,1,0,6ed147cd585e5e8083292683f9be3cf585e97e4d46fa0e3224d24a4e2b42cbbb,f83baf5732ffbf88b9a448a3d9ab9fa270f7495fe44d1559c1ac49795a30881a,2bbf5eba419b0650693f1e88326107bf9a346c68,persistence_corrected_2bbf5eba419b_6ed147cd_f83baf57
Persistence,1,2,2023-02-04,2023-02-05,17.45,16.0,-1.4499999999999993,1.4499999999999993,2.102499999999998,1,1,1,6ed147cd585e5e8083292683f9be3cf585e97e4d46fa0e3224d24a4e2b42cbbb,f83baf5732ffbf88b9a448a3d9ab9fa270f7495fe44d1559c1ac49795a30881a,2bbf5eba419b0650693f1e88326107bf9a346c68,persistence_corrected_2bbf5eba419b_6ed147cd_f83baf57
Persistence,1,2,2023-02-05,2023-02-06,15.54,17.45,1.9100000000000001,1.9100000000000001,3.6481000000000003,1,0,0,6ed147cd585e5e8083292683f9be3cf585e97e4d46fa0e3224d24a4e2b42cbbb,f83baf5732ffbf88b9a448a3d9ab9fa270f7495fe44d1559c1ac49795a30881a,2bbf5eba419b0650693f1e88326107bf9a346c68,persistence_corrected_2bbf5eba419b_6ed147cd_f83baf57
Persistence,1,2,2023-02-06,2023-02-07,13.67,15.54,1.8699999999999992,1.8699999999999992,3.496899999999997,0,0,0,6ed147cd585e5e8083292683f9be3cf585e97e4d46fa0e3224d24a4e2b42cbbb,f83baf5732ffbf88b9a448a3d9ab9fa270f7495fe44d1559c1ac49795a30881a,2bbf5eba419b0650693f1e88326107bf9a346c68,persistence_corrected_2bbf5eba419b_6ed147cd_f83baf57
Persistence,1,2,2023-02-07,2023-02-08,12.29,13.67,1.3800000000000008,1.3800000000000008,1.904400000000002,0,0,0,6ed147cd585e5e8083292683f9be3cf585e97e4d46fa0e3224d24a4e2b42cbbb,f83baf5732ffbf88b9a448a3d9ab9fa270f7495fe44d1559c1ac49795a30881a,2bbf5eba419b0650693f1e88326107bf9a346c68,persistence_corrected_2bbf5eba419b_6ed147cd_f83baf57
Persistence,1,2,2023-02-08,2023-02-09,11.92,12.29,0.3699999999999992,0.3699999999999992,0.1368999999999994,0,0,0,6ed147cd585e5e8083292683f9be3cf585e97e4d46fa0e3224d24a4e2b42cbbb,f83baf5732ffbf88b9a448a3d9ab9fa270f7495fe44d1559c1ac49795a30881a,2bbf5eba419b0650693f1e88326107bf9a346c68,persistence_corrected_2bbf5eba419b_6ed147cd_f83baf57
Persistence,1,2,2023-02-09,2023-02-10,10.97,11.92,0.9499999999999993,0.9499999999999993,0.9024999999999986,0,0,0,6ed147cd585e5e8083292683f9be3cf585e97e4d46fa0e3224d24a4e2b42cbbb,f83baf5732ffbf88b9a448a3d9ab9fa270f7495fe44d1559c1ac49795a30881a,2bbf5eba419b0650693f1e88326107bf9a346c68,persistence_corrected_2bbf5eba419b_6ed147cd_f83baf57
Persistence,1,2,2023-02-10,2023-02-11,7.57,10.97,3.4000000000000004,3.4000000000000004,11.560000000000002,0,0,0,6ed147cd585e5e8083292683f9be3cf585e97e4d46fa0e3224d24a4e2b42cbbb,f83baf5732ffbf88b9a448a3d9ab9fa270f7495fe44d1559c1ac49795a30881a,2bbf5eba419b0650693f1e88326107bf9a346c68,persistence_corrected_2bbf5eba419b_6ed147cd_f83baf57
Persistence,1,2,2023-02-11,2023-02-12,7.45,7.57,0.1200000000000001,0.1200000000000001,0.014400000000000026,0,0,0,6ed147cd585e5e8083292683f9be3cf585e97e4d46fa0e3224d24a4e2b42cbbb,f83baf5732ffbf88b9a448a3d9ab9fa270f7495fe44d1559c1ac49795a30881a,2bbf5eba419b0650693f1e88326107bf9a346c68,persistence_corrected_2bbf5eba419b_6ed147cd_f83baf57
Persistence,1,2,2023-02-12,2023-02-13,8.88,7.45,-1.4300000000000006,1.4300000000000006,2.044900000000002,0,0,0,6ed147cd585e5e8083292683f9be3cf585e97e4d46fa0e3224d24a4e2b42cbbb,f83baf5732ffbf88b9a448a3d9ab9fa270f7495fe44d1559c1ac49795a30881a,2bbf5eba419b0650693f1e88326107bf9a346c68,persistence_corrected_2bbf5eba419b_6ed147cd_f83baf57
Persistence,1,2,2023-02-13,2023-02-14,11.27,8.88,-2.389999999999999,2.389999999999999,5.712099999999994,0,0,0,6ed147cd585e5e8083292683f9be3cf585e97e4d46fa0e3224d24a4e2b42cbbb,f83baf5732ffbf88b9a448a3d9ab9fa270f7495fe44d1559c1ac49795a30881a,2bbf5eba419b0650693f1e88326107bf9a346c68,persistence_corrected_2bbf5eba419b_6ed147cd_f83baf57
Persistence,1,2,2023-02-14,2023-02-15,14.0,11.27,-2.7300000000000004,2.7300000000000004,7.452900000000002,0,0,0,6ed147cd585e5e8083292683f9be3cf585e97e4d46fa0e3224d24a4e2b42cbbb,f83baf5732ffbf88b9a448a3d9ab9fa270f7495fe44d1559c1ac49795a30881a,2bbf5eba419b0650693f1e88326107bf9a346c68,persistence_corrected_2bbf5eba419b_6ed147cd_f83baf57
Persistence,1,2,2023-02-15,2023-02-16,15.84,14.0,-1.8399999999999999,1.8399999999999999,3.3855999999999993,1,0,0,6ed147cd585e5e8083292683f9be3cf585e97e4d46fa0e3224d24a4e2b42cbbb,f83baf5732ffbf88b9a448a3d9ab9fa270f7495fe44d1559c1ac49795a30881a,2bbf5eba419b0650693f1e88326107bf9a346c68,persistence_corrected_2bbf5eba419b_6ed147cd_f83baf57
Persistence,1,2,2023-02-16,2023-02-17,13.82,15.84,2.0199999999999996,2.0199999999999996,4.080399999999998,0,0,0,6ed147cd585e5e8083292683f9be3cf585e97e4d46fa0e3224d24a4e2b42cbbb,f83baf5732ffbf88b9a448a3d9ab9fa270f7495fe44d1559c1ac49795a30881a,2bbf5eba419b0650693f1e88326107bf9a346c68,persistence_corrected_2bbf5eba419b_6ed147cd_f83baf57
Persistence,1,2,2023-02-17,2023-02-18,16.04,13.82,-2.219999999999999,2.219999999999999,4.928399999999995,1,1,0,6ed147cd585e5e8083292683f9be3cf585e97e4d46fa0e3224d24a4e2b42cbbb,f83baf5732ffbf88b9a448a3d9ab9fa270f7495fe44d1559c1ac49795a30881a,2bbf5eba419b0650693f1e88326107bf9a346c68,persistence_corrected_2bbf5eba419b_6ed147cd_f83baf57
Persistence,1,2,2023-02-18,2023-02-19,14.5,16.04,1.5399999999999991,1.5399999999999991,2.3715999999999973,0,0,0,6ed147cd585e5e8083292683f9be3cf585e97e4d46fa0e3224d24a4e2b42cbbb,f83baf5732ffbf88b9a448a3d9ab9fa270f7495fe44d1559c1ac49795a30881a,2bbf5eba419b0650693f1e88326107bf9a346c68,persistence_corrected_2bbf5eba419b_6ed147cd_f83baf57
Persistence,1,3,2023-02-19,2023-02-20,13.08,14.5,1.42,1.42,2.0164,0,0,0,6ed147cd585e5e8083292683f9be3cf585e97e4d46fa0e3224d24a4e2b42cbbb,f83baf5732ffbf88b9a448a3d9ab9fa270f7495fe44d1559c1ac49795a30881a,2bbf5eba419b0650693f1e88326107bf9a346c68,persistence_corrected_2bbf5eba419b_6ed147cd_f83baf57
Persistence,1,3,2023-02-20,2023-02-21,10.58,13.08,2.5,2.5,6.25,0,0,0,6ed147cd585e5e8083292683f9be3cf585e97e4d46fa0e3224d24a4e2b42cbbb,f83baf5732ffbf88b9a448a3d9ab9fa270f7495fe44d1559c1ac49795a30881a,2bbf5eba419b0650693f1e88326107bf9a346c68,persistence_corrected_2bbf5eba419b_6ed147cd_f83baf57
Persistence,1,3,2023-02-21,2023-02-22,13.94,10.58,-3.3599999999999994,3.3599999999999994,11.289599999999997,0,0,0,6ed147cd585e5e8083292683f9be3cf585e97e4d46fa0e3224d24a4e2b42cbbb,f83baf5732ffbf88b9a448a3d9ab9fa270f7495fe44d1559c1ac49795a30881a,2bbf5eba419b0650693f1e88326107bf9a346c68,persistence_corrected_2bbf5eba419b_6ed147cd_f83baf57
Persistence,1,3,2023-02-22,2023-02-23,13.76,13.94,0.17999999999999972,0.17999999999999972,0.0323999999999999,0,0,0,6ed147cd585e5e8083292683f9be3cf585e97e4d46fa0e3224d24a4e2b42cbbb,f83baf5732ffbf88b9a448a3d9ab9fa270f7495fe44d1559c1ac49795a30881a,2bbf5eba419b0650693f1e88326107bf9a346c68,persistence_corrected_2bbf5eba419b_6ed147cd_f83baf57
Persistence,1,3,2023-02-23,2023-02-24,16.57,13.76,-2.8100000000000005,2.8100000000000005,7.896100000000003,1,1,0,6ed147cd585e5e8083292683f9be3cf585e97e4d46fa0e3224d24a4e2b42cbbb,f83baf5732ffbf88b9a448a3d9ab9fa270f7495fe44d1559c1ac49795a30881a,2bbf5eba419b0650693f1e88326107bf9a346c68,persistence_corrected_2bbf5eba419b_6ed147cd_f83baf57
Persistence,1,3,2023-02-24,2023-02-25,12.14,16.57,4.43,4.43,19.624899999999997,0,0,0,6ed147cd585e5e8083292683f9be3cf585e97e4d46fa0e3224d24a4e2b42cbbb,f83baf5732ffbf88b9a448a3d9ab9fa270f7495fe44d1559c1ac49795a30881a,2bbf5eba419b0650693f1e88326107bf9a346c68,persistence_corrected_2bbf5eba419b_6ed147cd_f83baf57
Persistence,1,3,2023-02-25,2023-02-26,10.48,12.14,1.6600000000000001,1.6600000000000001,2.7556000000000003,0,0,0,6ed147cd585e5e8083292683f9be3cf585e97e4d46fa0e3224d24a4e2b42cbbb,f83baf5732ffbf88b9a448a3d9ab9fa270f7495fe44d1559c1ac49795a30881a,2bbf5eba419b0650693f1e88326107bf9a346c68,persistence_corrected_2bbf5eba419b_6ed147cd_f83baf57
Persistence,1,3,2023-02-26,2023-02-27,11.17,10.48,-0.6899999999999995,0.6899999999999995,0.4760999999999993,0,0,0,6ed147cd585e5e8083292683f9be3cf585e97e4d46fa0e3224d24a4e2b42cbbb,f83baf5732ffbf88b9a448a3d9ab9fa270f7495fe44d1559c1ac49795a30881a,2bbf5eba419b0650693f1e88326107bf9a346c68,persistence_corrected_2bbf5eba419b_6ed147cd_f83baf57
Persistence,1,3,2023-02-27,2023-02-28,9.76,11.17,1.4100000000000001,1.4100000000000001,1.9881000000000004,0,0,0,6ed147cd585e5e8083292683f9be3cf585e97e4d46fa0e3224d24a4e2b42cbbb,f83baf5732ffbf88b9a448a3d9ab9fa270f7495fe44d1559c1ac49795a30881a,2bbf5eba419b0650693f1e88326107bf9a346c68,persistence_corrected_2bbf5eba419b_6ed147cd_f83baf57
Persistence,1,3,2023-02-28,2023-03-01,12.96,9.76,-3.200000000000001,3.200000000000001,10.240000000000007,0,0,0,6ed147cd585e5e8083292683f9be3cf585e97e4d46fa0e3224d24a4e2b42cbbb,f83baf5732ffbf88b9a448a3d9ab9fa270f7495fe44d1559c1ac49795a30881a,2bbf5eba419b0650693f1e88326107bf9a346c68,persistence_corrected_2bbf5eba419b_6ed147cd_f83baf57
Persistence,1,3,2023-03-01,2023-03-02,15.2,12.96,-2.2399999999999984,2.2399999999999984,5.017599999999993,1,0,0,6ed147cd585e5e8083292683f9be3cf585e97e4d46fa0e3224d24a4e2b42cbbb,f83baf5732ffbf88b9a448a3d9ab9fa270f7495fe44d1559c1ac49795a30881a,2bbf5eba419b0650693f1e88326107bf9a346c68,persistence_corrected_2bbf5eba419b_6ed147cd_f83baf57
Persistence,1,3,2023-03-02,2023-03-03,16.39,15.2,-1.1900000000000013,1.1900000000000013,1.416100000000003,1,1,0,6ed147cd585e5e8083292683f9be3cf585e97e4d46fa0e3224d24a4e2b42cbbb,f83baf5732ffbf88b9a448a3d9ab9fa270f7495fe44d1559c1ac49795a30881a,2bbf5eba419b0650693f1e88326107bf9a346c68,persistence_corrected_2bbf5eba419b_6ed147cd_f83baf57
Persistence,1,3,2023-03-03,2023-03-04,15.4,16.39,0.9900000000000002,0.9900000000000002,0.9801000000000004,1,0,0,6ed147cd585e5e8083292683f9be3cf585e97e4d46fa0e3224d24a4e2b42cbbb,f83baf5732ffbf88b9a448a3d9ab9fa270f7495fe44d1559c1ac49795a30881a,2bbf5eba419b0650693f1e88326107bf9a346c68,persistence_corrected_2bbf5eba419b_6ed147cd_f83baf57
Persistence,1,3,2023-03-04,2023-03-05,10.44,15.4,4.960000000000001,4.960000000000001,24.60160000000001,0,0,0,6ed147cd585e5e8083292683f9be3cf585e97e4d46fa0e3224d24a4e2b42cbbb,f83baf5732ffbf88b9a448a3d9ab9fa270f7495fe44d1559c1ac49795a30881a,2bbf5eba419b0650693f1e88326107bf9a346c68,persistence_corrected_2bbf5eba419b_6ed147cd_f83baf57
Persistence,1,3,2023-03-05,2023-03-06,15.14,10.44,-4.700000000000001,4.700000000000001,22.09000000000001,1,0,0,6ed147cd585e5e8083292683f9be3cf585e97e4d46fa0e3224d24a4e2b42cbbb,f83baf5732ffbf88b9a448a3d9ab9fa270f7495fe44d1559c1ac49795a30881a,2bbf5eba419b0650693f1e88326107bf9a346c68,persistence_corrected_2bbf5eba419b_6ed147cd_f83baf57
Persistence,1,3,2023-03-06,2023-03-07,13.92,15.14,1.2200000000000006,1.2200000000000006,1.4884000000000015,0,0,0,6ed147cd585e5e8083292683f9be3cf585e97e4d46fa0e3224d24a4e2b42cbbb,f83baf5732ffbf88b9a448a3d9ab9fa270f7495fe44d1559c1ac49795a30881a,2bbf5eba419b0650693f1e88326107bf9a346c68,persistence_corrected_2bbf5eba419b_6ed147cd_f83baf57
Persistence,1,3,2023-03-07,2023-03-08,13.87,13.92,0.05000000000000071,0.05000000000000071,0.002500000000000071,0,0,0,6ed147cd585e5e8083292683f9be3cf585e97e4d46fa0e3224d24a4e2b42cbbb,f83baf5732ffbf88b9a448a3d9ab9fa270f7495fe44d1559c1ac49795a30881a,2bbf5eba419b0650693f1e88326107bf9a346c68,persistence_corrected_2bbf5eba419b_6ed147cd_f83baf57
Persistence,1,3,2023-03-08,2023-03-09,12.83,13.87,1.0399999999999991,1.0399999999999991,1.0815999999999981,0,0,0,6ed147cd585e5e8083292683f9be3cf585e97e4d46fa0e3224d24a4e2b42cbbb,f83baf5732ffbf88b9a448a3d9ab9fa270f7495fe44d1559c1ac49795a30881a,2bbf5eba419b0650693f1e88326107bf9a346c68,persistence_corrected_2bbf5eba419b_6ed147cd_f83baf57
Persistence,1,3,2023-03-09,2023-03-10,15.48,12.83,-2.6500000000000004,2.6500000000000004,7.022500000000002,1,0,0,6ed147cd585e5e8083292683f9be3cf585e97e4d46fa0e3224d24a4e2b42cbbb,f83baf5732ffbf88b9a448a3d9ab9fa270f7495fe44d1559c1ac49795a30881a,2bbf5eba419b0650693f1e88326107bf9a346c68,persistence_corrected_2bbf5eba419b_6ed147cd_f83baf57
Persistence,1,3,2023-03-10,2023-03-11,12.28,15.48,3.200000000000001,3.200000000000001,10.240000000000007,0,0,0,6ed147cd585e5e8083292683f9be3cf585e97e4d46fa0e3224d24a4e2b42cbbb,f83baf5732ffbf88b9a448a3d9ab9fa270f7495fe44d1559c1ac49795a30881a,2bbf5eba419b0650693f1e88326107bf9a346c68,persistence_corrected_2bbf5eba419b_6ed147cd_f83baf57
Persistence,1,3,2023-03-11,2023-03-12,9.8,12.28,2.4799999999999986,2.4799999999999986,6.150399999999993,0,0,0,6ed147cd585e5e8083292683f9be3cf585e97e4d46fa0e3224d24a4e2b42cbbb,f83baf5732ffbf88b9a448a3d9ab9fa270f7495fe44d1559c1ac49795a30881a,2bbf5eba419b0650693f1e88326107bf9a346c68,persistence_corrected_2bbf5eba419b_6ed147cd_f83baf57
Persistence,1,3,2023-03-12,2023-03-13,9.82,9.8,-0.019999999999999574,0.019999999999999574,0.00039999999999998294,0,0,0,6ed147cd585e5e8083292683f9be3cf585e97e4d46fa0e3224d24a4e2b42cbbb,f83baf5732ffbf88b9a448a3d9ab9fa270f7495fe44d1559c1ac49795a30881a,2bbf5eba419b0650693f1e88326107bf9a346c68,persistence_corrected_2bbf5eba419b_6ed147cd_f83baf57
Persistence,1,3,2023-03-13,2023-03-14,11.41,9.82,-1.5899999999999999,1.5899999999999999,2.5280999999999993,0,0,0,6ed147cd585e5e8083292683f9be3cf585e97e4d46fa0e3224d24a4e2b42cbbb,f83baf5732ffbf88b9a448a3d9ab9fa270f7495fe44d1559c1ac49795a30881a,2bbf5eba419b0650693f1e88326107bf9a346c68,persistence_corrected_2bbf5eba419b_6ed147cd_f83baf57
Persistence,1,3,2023-03-14,2023-03-15,14.0,11.41,-2.59,2.59,6.708099999999999,0,0,0,6ed147cd585e5e8083292683f9be3cf585e97e4d46fa0e3224d24a4e2b42cbbb,f83baf5732ffbf88b9a448a3d9ab9fa270f7495fe44d1559c1ac49795a30881a,2bbf5eba419b0650693f1e88326107bf9a346c68,persistence_corrected_2bbf5eba419b_6ed147cd_f83baf57
Persistence,1,3,2023-03-15,2023-03-16,13.31,14.0,0.6899999999999995,0.6899999999999995,0.4760999999999993,0,0,0,6ed147cd585e5e8083292683f9be3cf585e97e4d46fa0e3224d24a4e2b42cbbb,f83baf5732ffbf88b9a448a3d9ab9fa270f7495fe44d1559c1ac49795a30881a,2bbf5eba419b0650693f1e88326107bf9a346c68,persistence_corrected_2bbf5eba419b_6ed147cd_f83baf57
Persistence,1,3,2023-03-16,2023-03-17,14.64,13.31,-1.33,1.33,1.7689000000000001,0,0,0,6ed147cd585e5e8083292683f9be3cf585e97e4d46fa0e3224d24a4e2b42cbbb,f83baf5732ffbf88b9a448a3d9ab9fa270f7495fe44d1559c1ac49795a30881a,2bbf5eba419b0650693f1e88326107bf9a346c68,persistence_corrected_2bbf5eba419b_6ed147cd_f83baf57
Persistence,1,3,2023-03-17,2023-03-18,10.03,14.64,4.610000000000001,4.610000000000001,21.252100000000013,0,0,0,6ed147cd585e5e8083292683f9be3cf585e97e4d46fa0e3224d24a4e2b42cbbb,f83baf5732ffbf88b9a448a3d9ab9fa270f7495fe44d1559c1ac49795a30881a,2bbf5eba419b0650693f1e88326107bf9a346c68,persistence_corrected_2bbf5eba419b_6ed147cd_f83baf57
Persistence,1,3,2023-03-18,2023-03-19,10.02,10.03,0.009999999999999787,0.009999999999999787,9.999999999999574e-05,0,0,0,6ed147cd585e5e8083292683f9be3cf585e97e4d46fa0e3224d24a4e2b42cbbb,f83baf5732ffbf88b9a448a3d9ab9fa270f7495fe44d1559c1ac49795a30881a,2bbf5eba419b0650693f1e88326107bf9a346c68,persistence_corrected_2bbf5eba419b_6ed147cd_f83baf57
Persistence,1,3,2023-03-19,2023-03-20,10.02,10.02,0.0,0.0,0.0,0,0,0,6ed147cd585e5e8083292683f9be3cf585e97e4d46fa0e3224d24a4e2b42cbbb,f83baf5732ffbf88b9a448a3d9ab9fa270f7495fe44d1559c1ac49795a30881a,2bbf5eba419b0650693f1e88326107bf9a346c68,persistence_corrected_2bbf5eba419b_6ed147cd_f83baf57
Persistence,1,3,2023-03-20,2023-03-21,13.57,10.02,-3.5500000000000007,3.5500000000000007,12.602500000000004,0,0,0,6ed147cd585e5e8083292683f9be3cf585e97e4d46fa0e3224d24a4e2b42cbbb,f83baf5732ffbf88b9a448a3d9ab9fa270f7495fe44d1559c1ac49795a30881a,2bbf5eba419b0650693f1e88326107bf9a346c68,persistence_corrected_2bbf5eba419b_6ed147cd_f83baf57
Persistence,1,3,2023-03-21,2023-03-22,10.15,13.57,3.42,3.42,11.696399999999999,0,0,0,6ed147cd585e5e8083292683f9be3cf585e97e4d46fa0e3224d24a4e2b42cbbb,f83baf5732ffbf88b9a448a3d9ab9fa270f7495fe44d1559c1ac49795a30881a,2bbf5eba419b0650693f1e88326107bf9a346c68,persistence_corrected_2bbf5eba419b_6ed147cd_f83baf57
Persistence,1,3,2023-03-22,2023-03-23,15.5,10.15,-5.35,5.35,28.622499999999995,1,0,0,6ed147cd585e5e8083292683f9be3cf585e97e4d46fa0e3224d24a4e2b42cbbb,f83baf5732ffbf88b9a448a3d9ab9fa270f7495fe44d1559c1ac49795a30881a,2bbf5eba419b0650693f1e88326107bf9a346c68,persistence_corrected_2bbf5eba419b_6ed147cd_f83baf57
Persistence,1,3,2023-03-23,2023-03-24,7.22,15.5,8.280000000000001,8.280000000000001,68.55840000000002,0,0,0,6ed147cd585e5e8083292683f9be3cf585e97e4d46fa0e3224d24a4e2b42cbbb,f83baf5732ffbf88b9a448a3d9ab9fa270f7495fe44d1559c1ac49795a30881a,2bbf5eba419b0650693f1e88326107bf9a346c68,persistence_corrected_2bbf5eba419b_6ed147cd_f83baf57
Persistence,1,3,2023-03-24,2023-03-25,9.46,7.22,-2.240000000000001,2.240000000000001,5.017600000000005,0,0,0,6ed147cd585e5e8083292683f9be3cf585e97e4d46fa0e3224d24a4e2b42cbbb,f83baf5732ffbf88b9a448a3d9ab9fa270f7495fe44d1559c1ac49795a30881a,2bbf5eba419b0650693f1e88326107bf9a346c68,persistence_corrected_2bbf5eba419b_6ed147cd_f83baf57
Persistence,1,3,2023-03-25,2023-03-26,9.17,9.46,0.2900000000000009,0.2900000000000009,0.08410000000000054,0,0,0,6ed147cd585e5e8083292683f9be3cf585e97e4d46fa0e3224d24a4e2b42cbbb,f83baf5732ffbf88b9a448a3d9ab9fa270f7495fe44d1559c1ac49795a30881a,2bbf5eba419b0650693f1e88326107bf9a346c68,persistence_corrected_2bbf5eba419b_6ed147cd_f83baf57
Persistence,1,3,2023-03-26,2023-03-27,9.34,9.17,-0.16999999999999993,0.16999999999999993,0.028899999999999974,0,0,0,6ed147cd585e5e8083292683f9be3cf585e97e4d46fa0e3224d24a4e2b42cbbb,f83baf5732ffbf88b9a448a3d9ab9fa270f7495fe44d1559c1ac49795a30881a,2bbf5eba419b0650693f1e88326107bf9a346c68,persistence_corrected_2bbf5eba419b_6ed147cd_f83baf57
Persistence,1,3,2023-03-27,2023-03-28,8.57,9.34,0.7699999999999996,0.7699999999999996,0.5928999999999993,0,0,0,6ed147cd585e5e8083292683f9be3cf585e97e4d46fa0e3224d24a4e2b42cbbb,f83baf5732ffbf88b9a448a3d9ab9fa270f7495fe44d1559c1ac49795a30881a,2bbf5eba419b0650693f1e88326107bf9a346c68,persistence_corrected_2bbf5eba419b_6ed147cd_f83baf57
Persistence,1,3,2023-03-28,2023-03-29,10.73,8.57,-2.16,2.16,4.6656,0,0,0,6ed147cd585e5e8083292683f9be3cf585e97e4d46fa0e3224d24a4e2b42cbbb,f83baf5732ffbf88b9a448a3d9ab9fa270f7495fe44d1559c1ac49795a30881a,2bbf5eba419b0650693f1e88326107bf9a346c68,persistence_corrected_2bbf5eba419b_6ed147cd_f83baf57
Persistence,1,3,2023-03-29,2023-03-30,14.89,10.73,-4.16,4.16,17.305600000000002,0,0,0,6ed147cd585e5e8083292683f9be3cf585e97e4d46fa0e3224d24a4e2b42cbbb,f83baf5732ffbf88b9a448a3d9ab9fa270f7495fe44d1559c1ac49795a30881a,2bbf5eba419b0650693f1e88326107bf9a346c68,persistence_corrected_2bbf5eba419b_6ed147cd_f83baf57
Persistence,1,3,2023-03-30,2023-03-31,11.27,14.89,3.620000000000001,3.620000000000001,13.104400000000007,0,0,0,6ed147cd585e5e8083292683f9be3cf585e97e4d46fa0e3224d24a4e2b42cbbb,f83baf5732ffbf88b9a448a3d9ab9fa270f7495fe44d1559c1ac49795a30881a,2bbf5eba419b0650693f1e88326107bf9a346c68,persistence_corrected_2bbf5eba419b_6ed147cd_f83baf57
Persistence,1,3,2023-03-31,2023-04-01,11.94,11.27,-0.6699999999999999,0.6699999999999999,0.4488999999999999,0,0,0,6ed147cd585e5e8083292683f9be3cf585e97e4d46fa0e3224d24a4e2b42cbbb,f83baf5732ffbf88b9a448a3d9ab9fa270f7495fe44d1559c1ac49795a30881a,2bbf5eba419b0650693f1e88326107bf9a346c68,persistence_corrected_2bbf5eba419b_6ed147cd_f83baf57
Persistence,1,3,2023-04-01,2023-04-02,10.82,11.94,1.1199999999999992,1.1199999999999992,1.2543999999999982,0,0,0,6ed147cd585e5e8083292683f9be3cf585e97e4d46fa0e3224d24a4e2b42cbbb,f83baf5732ffbf88b9a448a3d9ab9fa270f7495fe44d1559c1ac49795a30881a,2bbf5eba419b0650693f1e88326107bf9a346c68,persistence_corrected_2bbf5eba419b_6ed147cd_f83baf57
Persistence,1,3,2023-04-02,2023-04-03,12.71,10.82,-1.8900000000000006,1.8900000000000006,3.572100000000002,0,0,0,6ed147cd585e5e8083292683f9be3cf585e97e4d46fa0e3224d24a4e2b42cbbb,f83baf5732ffbf88b9a448a3d9ab9fa270f7495fe44d1559c1ac49795a30881a,2bbf5eba419b0650693f1e88326107bf9a346c68,persistence_corrected_2bbf5eba419b_6ed147cd_f83baf57
Persistence,1,3,2023-04-03,2023-04-04,15.49,12.71,-2.7799999999999994,2.7799999999999994,7.728399999999996,1,0,0,6ed147cd585e5e8083292683f9be3cf585e97e4d46fa0e3224d24a4e2b42cbbb,f83baf5732ffbf88b9a448a3d9ab9fa270f7495fe44d1559c1ac49795a30881a,2bbf5eba419b0650693f1e88326107bf9a346c68,persistence_corrected_2bbf5eba419b_6ed147cd_f83baf57
Persistence,1,3,2023-04-04,2023-04-05,10.44,15.49,5.050000000000001,5.050000000000001,25.50250000000001,0,0,0,6ed147cd585e5e8083292683f9be3cf585e97e4d46fa0e3224d24a4e2b42cbbb,f83baf5732ffbf88b9a448a3d9ab9fa270f7495fe44d1559c1ac49795a30881a,2bbf5eba419b0650693f1e88326107bf9a346c68,persistence_corrected_2bbf5eba419b_6ed147cd_f83baf57
Persistence,1,3,2023-04-05,2023-04-06,10.42,10.44,0.019999999999999574,0.019999999999999574,0.00039999999999998294,0,0,0,6ed147cd585e5e8083292683f9be3cf585e97e4d46fa0e3224d24a4e2b42cbbb,f83baf5732ffbf88b9a448a3d9ab9fa270f7495fe44d1559c1ac49795a30881a,2bbf5eba419b0650693f1e88326107bf9a346c68,persistence_corrected_2bbf5eba419b_6ed147cd_f83baf57
Persistence,1,3,2023-04-06,2023-04-07,13.7,10.42,-3.2799999999999994,3.2799999999999994,10.758399999999996,0,0,0,6ed147cd585e5e8083292683f9be3cf585e97e4d46fa0e3224d24a4e2b42cbbb,f83baf5732ffbf88b9a448a3d9ab9fa270f7495fe44d1559c1ac49795a30881a,2bbf5eba419b0650693f1e88326107bf9a346c68,persistence_corrected_2bbf5eba419b_6ed147cd_f83baf57
Persistence,1,3,2023-04-07,2023-04-08,15.04,13.7,-1.3399999999999999,1.3399999999999999,1.7955999999999996,1,0,0,6ed147cd585e5e8083292683f9be3cf585e97e4d46fa0e3224d24a4e2b42cbbb,f83baf5732ffbf88b9a448a3d9ab9fa270f7495fe44d1559c1ac49795a30881a,2bbf5eba419b0650693f1e88326107bf9a346c68,persistence_corrected_2bbf5eba419b_6ed147cd_f83baf57
Persistence,1,3,2023-04-08,2023-04-09,14.68,15.04,0.35999999999999943,0.35999999999999943,0.1295999999999996,0,0,0,6ed147cd585e5e8083292683f9be3cf585e97e4d46fa0e3224d24a4e2b42cbbb,f83baf5732ffbf88b9a448a3d9ab9fa270f7495fe44d1559c1ac49795a30881a,2bbf5eba419b0650693f1e88326107bf9a346c68,persistence_corrected_2bbf5eba419b_6ed147cd_f83baf57
Persistence,1,3,2023-04-09,2023-04-10,13.15,14.68,1.5299999999999994,1.5299999999999994,2.340899999999998,0,0,0,6ed147cd585e5e8083292683f9be3cf585e97e4d46fa0e3224d24a4e2b42cbbb,f83baf5732ffbf88b9a448a3d9ab9fa270f7495fe44d1559c1ac49795a30881a,2bbf5eba419b0650693f1e88326107bf9a346c68,persistence_corrected_2bbf5eba419b_6ed147cd_f83baf57
Persistence,1,3,2023-04-10,2023-04-11,16.98,13.15,-3.83,3.83,14.6689,1,1,0,6ed147cd585e5e8083292683f9be3cf585e97e4d46fa0e3224d24a4e2b42cbbb,f83baf5732ffbf88b9a448a3d9ab9fa270f7495fe44d1559c1ac49795a30881a,2bbf5eba419b0650693f1e88326107bf9a346c68,persistence_corrected_2bbf5eba419b_6ed147cd_f83baf57
Persistence,1,3,2023-04-11,2023-04-12,14.24,16.98,2.74,2.74,7.507600000000001,0,0,0,6ed147cd585e5e8083292683f9be3cf585e97e4d46fa0e3224d24a4e2b42cbbb,f83baf5732ffbf88b9a448a3d9ab9fa270f7495fe44d1559c1ac49795a30881a,2bbf5eba419b0650693f1e88326107bf9a346c68,persistence_corrected_2bbf5eba419b_6ed147cd_f83baf57
Persistence,1,3,2023-04-12,2023-04-13,12.52,14.24,1.7200000000000006,1.7200000000000006,2.9584000000000024,0,0,0,6ed147cd585e5e8083292683f9be3cf585e97e4d46fa0e3224d24a4e2b42cbbb,f83baf5732ffbf88b9a448a3d9ab9fa270f7495fe44d1559c1ac49795a30881a,2bbf5eba419b0650693f1e88326107bf9a346c68,persistence_corrected_2bbf5eba419b_6ed147cd_f83baf57
Persistence,1,3,2023-04-13,2023-04-14,14.83,12.52,-2.3100000000000005,2.3100000000000005,5.336100000000003,0,0,0,6ed147cd585e5e8083292683f9be3cf585e97e4d46fa0e3224d24a4e2b42cbbb,f83baf5732ffbf88b9a448a3d9ab9fa270f7495fe44d1559c1ac49795a30881a,2bbf5eba419b0650693f1e88326107bf9a346c68,persistence_corrected_2bbf5eba419b_6ed147cd_f83baf57
Persistence,1,3,2023-04-14,2023-04-15,9.9,14.83,4.93,4.93,24.304899999999996,0,0,0,6ed147cd585e5e8083292683f9be3cf585e97e4d46fa0e3224d24a4e2b42cbbb,f83baf5732ffbf88b9a448a3d9ab9fa270f7495fe44d1559c1ac49795a30881a,2bbf5eba419b0650693f1e88326107bf9a346c68,persistence_corrected_2bbf5eba419b_6ed147cd_f83baf57
Persistence,1,3,2023-04-15,2023-04-16,10.09,9.9,-0.1899999999999995,0.1899999999999995,0.03609999999999981,0,0,0,6ed147cd585e5e8083292683f9be3cf585e97e4d46fa0e3224d24a4e2b42cbbb,f83baf5732ffbf88b9a448a3d9ab9fa270f7495fe44d1559c1ac49795a30881a,2bbf5eba419b0650693f1e88326107bf9a346c68,persistence_corrected_2bbf5eba419b_6ed147cd_f83baf57
Persistence,1,3,2023-04-16,2023-04-17,9.66,10.09,0.4299999999999997,0.4299999999999997,0.18489999999999976,0,0,0,6ed147cd585e5e8083292683f9be3cf585e97e4d46fa0e3224d24a4e2b42cbbb,f83baf5732ffbf88b9a448a3d9ab9fa270f7495fe44d1559c1ac49795a30881a,2bbf5eba419b0650693f1e88326107bf9a346c68,persistence_corrected_2bbf5eba419b_6ed147cd_f83baf57
Persistence,1,3,2023-04-17,2023-04-18,9.47,9.66,0.1899999999999995,0.1899999999999995,0.03609999999999981,0,0,0,6ed147cd585e5e8083292683f9be3cf585e97e4d46fa0e3224d24a4e2b42cbbb,f83baf5732ffbf88b9a448a3d9ab9fa270f7495fe44d1559c1ac49795a30881a,2bbf5eba419b0650693f1e88326107bf9a346c68,persistence_corrected_2bbf5eba419b_6ed147cd_f83baf57
Persistence,1,3,2023-04-18,2023-04-19,16.0,9.47,-6.529999999999999,6.529999999999999,42.640899999999995,1,1,0,6ed147cd585e5e8083292683f9be3cf585e97e4d46fa0e3224d24a4e2b42cbbb,f83baf5732ffbf88b9a448a3d9ab9fa270f7495fe44d1559c1ac49795a30881a,2bbf5eba419b0650693f1e88326107bf9a346c68,persistence_corrected_2bbf5eba419b_6ed147cd_f83baf57
Persistence,1,3,2023-04-19,2023-04-20,14.68,16.0,1.3200000000000003,1.3200000000000003,1.7424000000000008,0,0,0,6ed147cd585e5e8083292683f9be3cf585e97e4d46fa0e3224d24a4e2b42cbbb,f83baf5732ffbf88b9a448a3d9ab9fa270f7495fe44d1559c1ac49795a30881a,2bbf5eba419b0650693f1e88326107bf9a346c68,persistence_corrected_2bbf5eba419b_6ed147cd_f83baf57
Persistence,1,3,2023-04-20,2023-04-21,12.62,14.68,2.0600000000000005,2.0600000000000005,4.2436000000000025,0,0,0,6ed147cd585e5e8083292683f9be3cf585e97e4d46fa0e3224d24a4e2b42cbbb,f83baf5732ffbf88b9a448a3d9ab9fa270f7495fe44d1559c1ac49795a30881a,2bbf5eba419b0650693f1e88326107bf9a346c68,persistence_corrected_2bbf5eba419b_6ed147cd_f83baf57
Persistence,1,3,2023-04-21,2023-04-22,11.22,12.62,1.3999999999999986,1.3999999999999986,1.959999999999996,0,0,0,6ed147cd585e5e8083292683f9be3cf585e97e4d46fa0e3224d24a4e2b42cbbb,f83baf5732ffbf88b9a448a3d9ab9fa270f7495fe44d1559c1ac49795a30881a,2bbf5eba419b0650693f1e88326107bf9a346c68,persistence_corrected_2bbf5eba419b_6ed147cd_f83baf57
Persistence,1,3,2023-04-22,2023-04-23,11.23,11.22,-0.009999999999999787,0.009999999999999787,9.999999999999574e-05,0,0,0,6ed147cd585e5e8083292683f9be3cf585e97e4d46fa0e3224d24a4e2b42cbbb,f83baf5732ffbf88b9a448a3d9ab9fa270f7495fe44d1559c1ac49795a30881a,2bbf5eba419b0650693f1e88326107bf9a346c68,persistence_corrected_2bbf5eba419b_6ed147cd_f83baf57
Persistence,1,3,2023-04-23,2023-04-24,13.46,11.23,-2.2300000000000004,2.2300000000000004,4.972900000000002,0,0,0,6ed147cd585e5e8083292683f9be3cf585e97e4d46fa0e3224d24a4e2b42cbbb,f83baf5732ffbf88b9a448a3d9ab9fa270f7495fe44d1559c1ac49795a30881a,2bbf5eba419b0650693f1e88326107bf9a346c68,persistence_corrected_2bbf5eba419b_6ed147cd_f83baf57
Persistence,1,3,2023-04-24,2023-04-25,13.39,13.46,0.07000000000000028,0.07000000000000028,0.00490000000000004,0,0,0,6ed147cd585e5e8083292683f9be3cf585e97e4d46fa0e3224d24a4e2b42cbbb,f83baf5732ffbf88b9a448a3d9ab9fa270f7495fe44d1559c1ac49795a30881a,2bbf5eba419b0650693f1e88326107bf9a346c68,persistence_corrected_2bbf5eba419b_6ed147cd_f83baf57
Persistence,1,3,2023-04-25,2023-04-26,9.76,13.39,3.630000000000001,3.630000000000001,13.176900000000005,0,0,0,6ed147cd585e5e8083292683f9be3cf585e97e4d46fa0e3224d24a4e2b42cbbb,f83baf5732ffbf88b9a448a3d9ab9fa270f7495fe44d1559c1ac49795a30881a,2bbf5eba419b0650693f1e88326107bf9a346c68,persistence_corrected_2bbf5eba419b_6ed147cd_f83baf57
Persistence,1,3,2023-04-26,2023-04-27,14.44,9.76,-4.68,4.68,21.902399999999997,0,0,0,6ed147cd585e5e8083292683f9be3cf585e97e4d46fa0e3224d24a4e2b42cbbb,f83baf5732ffbf88b9a448a3d9ab9fa270f7495fe44d1559c1ac49795a30881a,2bbf5eba419b0650693f1e88326107bf9a346c68,persistence_corrected_2bbf5eba419b_6ed147cd_f83baf57
Persistence,1,3,2023-04-27,2023-04-28,13.68,14.44,0.7599999999999998,0.7599999999999998,0.5775999999999997,0,0,0,6ed147cd585e5e8083292683f9be3cf585e97e4d46fa0e3224d24a4e2b42cbbb,f83baf5732ffbf88b9a448a3d9ab9fa270f7495fe44d1559c1ac49795a30881a,2bbf5eba419b0650693f1e88326107bf9a346c68,persistence_corrected_2bbf5eba419b_6ed147cd_f83baf57
Persistence,1,3,2023-04-28,2023-04-29,11.83,13.68,1.8499999999999996,1.8499999999999996,3.4224999999999985,0,0,0,6ed147cd585e5e8083292683f9be3cf585e97e4d46fa0e3224d24a4e2b42cbbb,f83baf5732ffbf88b9a448a3d9ab9fa270f7495fe44d1559c1ac49795a30881a,2bbf5eba419b0650693f1e88326107bf9a346c68,persistence_corrected_2bbf5eba419b_6ed147cd_f83baf57
Persistence,1,3,2023-04-29,2023-04-30,12.79,11.83,-0.9599999999999991,0.9599999999999991,0.9215999999999982,0,0,0,6ed147cd585e5e8083292683f9be3cf585e97e4d46fa0e3224d24a4e2b42cbbb,f83baf5732ffbf88b9a448a3d9ab9fa270f7495fe44d1559c1ac49795a30881a,2bbf5eba419b0650693f1e88326107bf9a346c68,persistence_corrected_2bbf5eba419b_6ed147cd_f83baf57
Persistence,1,3,2023-04-30,2023-05-01,12.88,12.79,-0.09000000000000163,0.09000000000000163,0.008100000000000294,0,0,0,6ed147cd585e5e8083292683f9be3cf585e97e4d46fa0e3224d24a4e2b42cbbb,f83baf5732ffbf88b9a448a3d9ab9fa270f7495fe44d1559c1ac49795a30881a,2bbf5eba419b0650693f1e88326107bf9a346c68,persistence_corrected_2bbf5eba419b_6ed147cd_f83baf57
Persistence,1,3,2023-05-01,2023-05-02,10.51,12.88,2.370000000000001,2.370000000000001,5.616900000000005,0,0,0,6ed147cd585e5e8083292683f9be3cf585e97e4d46fa0e3224d24a4e2b42cbbb,f83baf5732ffbf88b9a448a3d9ab9fa270f7495fe44d1559c1ac49795a30881a,2bbf5eba419b0650693f1e88326107bf9a346c68,persistence_corrected_2bbf5eba419b_6ed147cd_f83baf57
Persistence,1,3,2023-05-02,2023-05-03,16.52,10.51,-6.01,6.01,36.1201,1,1,0,6ed147cd585e5e8083292683f9be3cf585e97e4d46fa0e3224d24a4e2b42cbbb,f83baf5732ffbf88b9a448a3d9ab9fa270f7495fe44d1559c1ac49795a30881a,2bbf5eba419b0650693f1e88326107bf9a346c68,persistence_corrected_2bbf5eba419b_6ed147cd_f83baf57
Persistence,1,3,2023-05-03,2023-05-04,14.09,16.52,2.4299999999999997,2.4299999999999997,5.904899999999999,0,0,0,6ed147cd585e5e8083292683f9be3cf585e97e4d46fa0e3224d24a4e2b42cbbb,f83baf5732ffbf88b9a448a3d9ab9fa270f7495fe44d1559c1ac49795a30881a,2bbf5eba419b0650693f1e88326107bf9a346c68,persistence_corrected_2bbf5eba419b_6ed147cd_f83baf57
Persistence,1,3,2023-05-04,2023-05-05,13.98,14.09,0.10999999999999943,0.10999999999999943,0.012099999999999875,0,0,0,6ed147cd585e5e8083292683f9be3cf585e97e4d46fa0e3224d24a4e2b42cbbb,f83baf5732ffbf88b9a448a3d9ab9fa270f7495fe44d1559c1ac49795a30881a,2bbf5eba419b0650693f1e88326107bf9a346c68,persistence_corrected_2bbf5eba419b_6ed147cd_f83baf57
Persistence,1,3,2023-05-05,2023-05-06,13.97,13.98,0.009999999999999787,0.009999999999999787,9.999999999999574e-05,0,0,0,6ed147cd585e5e8083292683f9be3cf585e97e4d46fa0e3224d24a4e2b42cbbb,f83baf5732ffbf88b9a448a3d9ab9fa270f7495fe44d1559c1ac49795a30881a,2bbf5eba419b0650693f1e88326107bf9a346c68,persistence_corrected_2bbf5eba419b_6ed147cd_f83baf57
Persistence,1,3,2023-05-06,2023-05-07,14.0,13.97,-0.02999999999999936,0.02999999999999936,0.0008999999999999616,0,0,0,6ed147cd585e5e8083292683f9be3cf585e97e4d46fa0e3224d24a4e2b42cbbb,f83baf5732ffbf88b9a448a3d9ab9fa270f7495fe44d1559c1ac49795a30881a,2bbf5eba419b0650693f1e88326107bf9a346c68,persistence_corrected_2bbf5eba419b_6ed147cd_f83baf57
Persistence,1,3,2023-05-07,2023-05-08,13.94,14.0,0.0600000000000005,0.0600000000000005,0.0036000000000000597,0,0,0,6ed147cd585e5e8083292683f9be3cf585e97e4d46fa0e3224d24a4e2b42cbbb,f83baf5732ffbf88b9a448a3d9ab9fa270f7495fe44d1559c1ac49795a30881a,2bbf5eba419b0650693f1e88326107bf9a346c68,persistence_corrected_2bbf5eba419b_6ed147cd_f83baf57
Persistence,1,3,2023-05-08,2023-05-09,14.02,13.94,-0.08000000000000007,0.08000000000000007,0.006400000000000012,0,0,0,6ed147cd585e5e8083292683f9be3cf585e97e4d46fa0e3224d24a4e2b42cbbb,f83baf5732ffbf88b9a448a3d9ab9fa270f7495fe44d1559c1ac49795a30881a,2bbf5eba419b0650693f1e88326107bf9a346c68,persistence_corrected_2bbf5eba419b_6ed147cd_f83baf57
Persistence,1,3,2023-05-09,2023-05-10,14.88,14.02,-0.8600000000000012,0.8600000000000012,0.739600000000002,0,0,0,6ed147cd585e5e8083292683f9be3cf585e97e4d46fa0e3224d24a4e2b42cbbb,f83baf5732ffbf88b9a448a3d9ab9fa270f7495fe44d1559c1ac49795a30881a,2bbf5eba419b0650693f1e88326107bf9a346c68,persistence_corrected_2bbf5eba419b_6ed147cd_f83baf57
Persistence,1,3,2023-05-10,2023-05-11,11.52,14.88,3.360000000000001,3.360000000000001,11.289600000000009,0,0,0,6ed147cd585e5e8083292683f9be3cf585e97e4d46fa0e3224d24a4e2b42cbbb,f83baf5732ffbf88b9a448a3d9ab9fa270f7495fe44d1559c1ac49795a30881a,2bbf5eba419b0650693f1e88326107bf9a346c68,persistence_corrected_2bbf5eba419b_6ed147cd_f83baf57
Persistence,1,3,2023-05-11,2023-05-12,13.0,11.52,-1.4800000000000004,1.4800000000000004,2.1904000000000012,0,0,0,6ed147cd585e5e8083292683f9be3cf585e97e4d46fa0e3224d24a4e2b42cbbb,f83baf5732ffbf88b9a448a3d9ab9fa270f7495fe44d1559c1ac49795a30881a,2bbf5eba419b0650693f1e88326107bf9a346c68,persistence_corrected_2bbf5eba419b_6ed147cd_f83baf57
Persistence,1,3,2023-05-12,2023-05-13,9.37,13.0,3.630000000000001,3.630000000000001,13.176900000000005,0,0,0,6ed147cd585e5e8083292683f9be3cf585e97e4d46fa0e3224d24a4e2b42cbbb,f83baf5732ffbf88b9a448a3d9ab9fa270f7495fe44d1559c1ac49795a30881a,2bbf5eba419b0650693f1e88326107bf9a346c68,persistence_corrected_2bbf5eba419b_6ed147cd_f83baf57
Persistence,1,3,2023-05-13,2023-05-14,12.59,9.37,-3.2200000000000006,3.2200000000000006,10.368400000000005,0,0,0,6ed147cd585e5e8083292683f9be3cf585e97e4d46fa0e3224d24a4e2b42cbbb,f83baf5732ffbf88b9a448a3d9ab9fa270f7495fe44d1559c1ac49795a30881a,2bbf5eba419b0650693f1e88326107bf9a346c68,persistence_corrected_2bbf5eba419b_6ed147cd_f83baf57
Persistence,1,3,2023-05-14,2023-05-15,12.67,12.59,-0.08000000000000007,0.08000000000000007,0.006400000000000012,0,0,0,6ed147cd585e5e8083292683f9be3cf585e97e4d46fa0e3224d24a4e2b42cbbb,f83baf5732ffbf88b9a448a3d9ab9fa270f7495fe44d1559c1ac49795a30881a,2bbf5eba419b0650693f1e88326107bf9a346c68,persistence_corrected_2bbf5eba419b_6ed147cd_f83baf57
Persistence,1,3,2023-05-15,2023-05-16,12.94,12.67,-0.2699999999999996,0.2699999999999996,0.07289999999999977,0,0,0,6ed147cd585e5e8083292683f9be3cf585e97e4d46fa0e3224d24a4e2b42cbbb,f83baf5732ffbf88b9a448a3d9ab9fa270f7495fe44d1559c1ac49795a30881a,2bbf5eba419b0650693f1e88326107bf9a346c68,persistence_corrected_2bbf5eba419b_6ed147cd_f83baf57
Persistence,1,3,2023-05-16,2023-05-17,11.93,12.94,1.0099999999999998,1.0099999999999998,1.0200999999999996,0,0,0,6ed147cd585e5e8083292683f9be3cf585e97e4d46fa0e3224d24a4e2b42cbbb,f83baf5732ffbf88b9a448a3d9ab9fa270f7495fe44d1559c1ac49795a30881a,2bbf5eba419b0650693f1e88326107bf9a346c68,persistence_corrected_2bbf5eba419b_6ed147cd_f83baf57
Persistence,1,3,2023-05-17,2023-05-18,12.83,11.93,-0.9000000000000004,0.9000000000000004,0.8100000000000006,0,0,0,6ed147cd585e5e8083292683f9be3cf585e97e4d46fa0e3224d24a4e2b42cbbb,f83baf5732ffbf88b9a448a3d9ab9fa270f7495fe44d1559c1ac49795a30881a,2bbf5eba419b0650693f1e88326107bf9a346c68,persistence_corrected_2bbf5eba419b_6ed147cd_f83baf57
Persistence,1,3,2023-05-18,2023-05-19,14.46,12.83,-1.6300000000000008,1.6300000000000008,2.6569000000000025,0,0,0,6ed147cd585e5e8083292683f9be3cf585e97e4d46fa0e3224d24a4e2b42cbbb,f83baf5732ffbf88b9a448a3d9ab9fa270f7495fe44d1559c1ac49795a30881a,2bbf5eba419b0650693f1e88326107bf9a346c68,persistence_corrected_2bbf5eba419b_6ed147cd_f83baf57
Persistence,1,3,2023-05-19,2023-05-20,13.25,14.46,1.2100000000000009,1.2100000000000009,1.464100000000002,0,0,0,6ed147cd585e5e8083292683f9be3cf585e97e4d46fa0e3224d24a4e2b42cbbb,f83baf5732ffbf88b9a448a3d9ab9fa270f7495fe44d1559c1ac49795a30881a,2bbf5eba419b0650693f1e88326107bf9a346c68,persistence_corrected_2bbf5eba419b_6ed147cd_f83baf57
Persistence,1,3,2023-05-20,2023-05-21,12.85,13.25,0.40000000000000036,0.40000000000000036,0.16000000000000028,0,0,0,6ed147cd585e5e8083292683f9be3cf585e97e4d46fa0e3224d24a4e2b42cbbb,f83baf5732ffbf88b9a448a3d9ab9fa270f7495fe44d1559c1ac49795a30881a,2bbf5eba419b0650693f1e88326107bf9a346c68,persistence_corrected_2bbf5eba419b_6ed147cd_f83baf57
Persistence,1,3,2023-05-21,2023-05-22,14.51,12.85,-1.6600000000000001,1.6600000000000001,2.7556000000000003,0,0,0,6ed147cd585e5e8083292683f9be3cf585e97e4d46fa0e3224d24a4e2b42cbbb,f83baf5732ffbf88b9a448a3d9ab9fa270f7495fe44d1559c1ac49795a30881a,2bbf5eba419b0650693f1e88326107bf9a346c68,persistence_corrected_2bbf5eba419b_6ed147cd_f83baf57
Persistence,1,3,2023-05-22,2023-05-23,10.07,14.51,4.4399999999999995,4.4399999999999995,19.713599999999996,0,0,0,6ed147cd585e5e8083292683f9be3cf585e97e4d46fa0e3224d24a4e2b42cbbb,f83baf5732ffbf88b9a448a3d9ab9fa270f7495fe44d1559c1ac49795a30881a,2bbf5eba419b0650693f1e88326107bf9a346c68,persistence_corrected_2bbf5eba419b_6ed147cd_f83baf57
Persistence,1,3,2023-05-23,2023-05-24,12.91,10.07,-2.84,2.84,8.0656,0,0,0,6ed147cd585e5e8083292683f9be3cf585e97e4d46fa0e3224d24a4e2b42cbbb,f83baf5732ffbf88b9a448a3d9ab9fa270f7495fe44d1559c1ac49795a30881a,2bbf5eba419b0650693f1e88326107bf9a346c68,persistence_corrected_2bbf5eba419b_6ed147cd_f83baf57
Persistence,1,3,2023-05-24,2023-05-25,13.15,12.91,-0.2400000000000002,0.2400000000000002,0.0576000000000001,0,0,0,6ed147cd585e5e8083292683f9be3cf585e97e4d46fa0e3224d24a4e2b42cbbb,f83baf5732ffbf88b9a448a3d9ab9fa270f7495fe44d1559c1ac49795a30881a,2bbf5eba419b0650693f1e88326107bf9a346c68,persistence_corrected_2bbf5eba419b_6ed147cd_f83baf57
Persistence,1,3,2023-05-25,2023-05-26,14.4,13.15,-1.25,1.25,1.5625,0,0,0,6ed147cd585e5e8083292683f9be3cf585e97e4d46fa0e3224d24a4e2b42cbbb,f83baf5732ffbf88b9a448a3d9ab9fa270f7495fe44d1559c1ac49795a30881a,2bbf5eba419b0650693f1e88326107bf9a346c68,persistence_corrected_2bbf5eba419b_6ed147cd_f83baf57
Persistence,1,3,2023-05-26,2023-05-27,13.75,14.4,0.6500000000000004,0.6500000000000004,0.4225000000000005,0,0,0,6ed147cd585e5e8083292683f9be3cf585e97e4d46fa0e3224d24a4e2b42cbbb,f83baf5732ffbf88b9a448a3d9ab9fa270f7495fe44d1559c1ac49795a30881a,2bbf5eba419b0650693f1e88326107bf9a346c68,persistence_corrected_2bbf5eba419b_6ed147cd_f83baf57
Persistence,1,3,2023-05-27,2023-05-28,12.88,13.75,0.8699999999999992,0.8699999999999992,0.7568999999999987,0,0,0,6ed147cd585e5e8083292683f9be3cf585e97e4d46fa0e3224d24a4e2b42cbbb,f83baf5732ffbf88b9a448a3d9ab9fa270f7495fe44d1559c1ac49795a30881a,2bbf5eba419b0650693f1e88326107bf9a346c68,persistence_corrected_2bbf5eba419b_6ed147cd_f83baf57
Persistence,1,3,2023-05-28,2023-05-29,12.2,12.88,0.6800000000000015,0.6800000000000015,0.46240000000000203,0,0,0,6ed147cd585e5e8083292683f9be3cf585e97e4d46fa0e3224d24a4e2b42cbbb,f83baf5732ffbf88b9a448a3d9ab9fa270f7495fe44d1559c1ac49795a30881a,2bbf5eba419b0650693f1e88326107bf9a346c68,persistence_corrected_2bbf5eba419b_6ed147cd_f83baf57
Persistence,1,3,2023-05-29,2023-05-30,12.42,12.2,-0.22000000000000064,0.22000000000000064,0.04840000000000028,0,0,0,6ed147cd585e5e8083292683f9be3cf585e97e4d46fa0e3224d24a4e2b42cbbb,f83baf5732ffbf88b9a448a3d9ab9fa270f7495fe44d1559c1ac49795a30881a,2bbf5eba419b0650693f1e88326107bf9a346c68,persistence_corrected_2bbf5eba419b_6ed147cd_f83baf57
Persistence,1,3,2023-05-30,2023-05-31,7.99,12.42,4.43,4.43,19.624899999999997,0,0,0,6ed147cd585e5e8083292683f9be3cf585e97e4d46fa0e3224d24a4e2b42cbbb,f83baf5732ffbf88b9a448a3d9ab9fa270f7495fe44d1559c1ac49795a30881a,2bbf5eba419b0650693f1e88326107bf9a346c68,persistence_corrected_2bbf5eba419b_6ed147cd_f83baf57
Persistence,1,3,2023-05-31,2023-06-01,10.55,7.99,-2.5600000000000005,2.5600000000000005,6.553600000000003,0,0,0,6ed147cd585e5e8083292683f9be3cf585e97e4d46fa0e3224d24a4e2b42cbbb,f83baf5732ffbf88b9a448a3d9ab9fa270f7495fe44d1559c1ac49795a30881a,2bbf5eba419b0650693f1e88326107bf9a346c68,persistence_corrected_2bbf5eba419b_6ed147cd_f83baf57
Persistence,1,3,2023-06-01,2023-06-02,9.12,10.55,1.4300000000000015,1.4300000000000015,2.044900000000004,0,0,0,6ed147cd585e5e8083292683f9be3cf585e97e4d46fa0e3224d24a4e2b42cbbb,f83baf5732ffbf88b9a448a3d9ab9fa270f7495fe44d1559c1ac49795a30881a,2bbf5eba419b0650693f1e88326107bf9a346c68,persistence_corrected_2bbf5eba419b_6ed147cd_f83baf57
Persistence,1,3,2023-06-02,2023-06-03,9.19,9.12,-0.07000000000000028,0.07000000000000028,0.00490000000000004,0,0,0,6ed147cd585e5e8083292683f9be3cf585e97e4d46fa0e3224d24a4e2b42cbbb,f83baf5732ffbf88b9a448a3d9ab9fa270f7495fe44d1559c1ac49795a30881a,2bbf5eba419b0650693f1e88326107bf9a346c68,persistence_corrected_2bbf5eba419b_6ed147cd_f83baf57
Persistence,1,3,2023-06-03,2023-06-04,9.29,9.19,-0.09999999999999964,0.09999999999999964,0.009999999999999929,0,0,0,6ed147cd585e5e8083292683f9be3cf585e97e4d46fa0e3224d24a4e2b42cbbb,f83baf5732ffbf88b9a448a3d9ab9fa270f7495fe44d1559c1ac49795a30881a,2bbf5eba419b0650693f1e88326107bf9a346c68,persistence_corrected_2bbf5eba419b_6ed147cd_f83baf57
Persistence,1,3,2023-06-04,2023-06-05,10.0,9.29,-0.7100000000000009,0.7100000000000009,0.5041000000000012,0,0,0,6ed147cd585e5e8083292683f9be3cf585e97e4d46fa0e3224d24a4e2b42cbbb,f83baf5732ffbf88b9a448a3d9ab9fa270f7495fe44d1559c1ac49795a30881a,2bbf5eba419b0650693f1e88326107bf9a346c68,persistence_corrected_2bbf5eba419b_6ed147cd_f83baf57
Persistence,1,3,2023-06-05,2023-06-06,13.26,10.0,-3.26,3.26,10.6276,0,0,0,6ed147cd585e5e8083292683f9be3cf585e97e4d46fa0e3224d24a4e2b42cbbb,f83baf5732ffbf88b9a448a3d9ab9fa270f7495fe44d1559c1ac49795a30881a,2bbf5eba419b0650693f1e88326107bf9a346c68,persistence_corrected_2bbf5eba419b_6ed147cd_f83baf57
Persistence,1,3,2023-06-06,2023-06-07,12.56,13.26,0.6999999999999993,0.6999999999999993,0.489999999999999,0,0,0,6ed147cd585e5e8083292683f9be3cf585e97e4d46fa0e3224d24a4e2b42cbbb,f83baf5732ffbf88b9a448a3d9ab9fa270f7495fe44d1559c1ac49795a30881a,2bbf5eba419b0650693f1e88326107bf9a346c68,persistence_corrected_2bbf5eba419b_6ed147cd_f83baf57
Persistence,1,3,2023-06-07,2023-06-08,13.64,12.56,-1.08,1.08,1.1664,0,0,0,6ed147cd585e5e8083292683f9be3cf585e97e4d46fa0e3224d24a4e2b42cbbb,f83baf5732ffbf88b9a448a3d9ab9fa270f7495fe44d1559c1ac49795a30881a,2bbf5eba419b0650693f1e88326107bf9a346c68,persistence_corrected_2bbf5eba419b_6ed147cd_f83baf57
Persistence,1,3,2023-06-08,2023-06-09,15.85,13.64,-2.209999999999999,2.209999999999999,4.884099999999996,1,0,0,6ed147cd585e5e8083292683f9be3cf585e97e4d46fa0e3224d24a4e2b42cbbb,f83baf5732ffbf88b9a448a3d9ab9fa270f7495fe44d1559c1ac49795a30881a,2bbf5eba419b0650693f1e88326107bf9a346c68,persistence_corrected_2bbf5eba419b_6ed147cd_f83baf57
Persistence,1,3,2023-06-09,2023-06-10,11.12,15.85,4.73,4.73,22.372900000000005,0,0,0,6ed147cd585e5e8083292683f9be3cf585e97e4d46fa0e3224d24a4e2b42cbbb,f83baf5732ffbf88b9a448a3d9ab9fa270f7495fe44d1559c1ac49795a30881a,2bbf5eba419b0650693f1e88326107bf9a346c68,persistence_corrected_2bbf5eba419b_6ed147cd_f83baf57
Persistence,1,3,2023-06-10,2023-06-11,10.4,11.12,0.7199999999999989,0.7199999999999989,0.5183999999999984,0,0,0,6ed147cd585e5e8083292683f9be3cf585e97e4d46fa0e3224d24a4e2b42cbbb,f83baf5732ffbf88b9a448a3d9ab9fa270f7495fe44d1559c1ac49795a30881a,2bbf5eba419b0650693f1e88326107bf9a346c68,persistence_corrected_2bbf5eba419b_6ed147cd_f83baf57
Persistence,1,3,2023-06-11,2023-06-12,11.4,10.4,-1.0,1.0,1.0,0,0,0,6ed147cd585e5e8083292683f9be3cf585e97e4d46fa0e3224d24a4e2b42cbbb,f83baf5732ffbf88b9a448a3d9ab9fa270f7495fe44d1559c1ac49795a30881a,2bbf5eba419b0650693f1e88326107bf9a346c68,persistence_corrected_2bbf5eba419b_6ed147cd_f83baf57
Persistence,1,3,2023-06-12,2023-06-13,13.16,11.4,-1.7599999999999998,1.7599999999999998,3.0975999999999995,0,0,0,6ed147cd585e5e8083292683f9be3cf585e97e4d46fa0e3224d24a4e2b42cbbb,f83baf5732ffbf88b9a448a3d9ab9fa270f7495fe44d1559c1ac49795a30881a,2bbf5eba419b0650693f1e88326107bf9a346c68,persistence_corrected_2bbf5eba419b_6ed147cd_f83baf57
Persistence,1,3,2023-06-13,2023-06-14,16.86,13.16,-3.6999999999999993,3.6999999999999993,13.689999999999994,1,1,0,6ed147cd585e5e8083292683f9be3cf585e97e4d46fa0e3224d24a4e2b42cbbb,f83baf5732ffbf88b9a448a3d9ab9fa270f7495fe44d1559c1ac49795a30881a,2bbf5eba419b0650693f1e88326107bf9a346c68,persistence_corrected_2bbf5eba419b_6ed147cd_f83baf57
Persistence,1,3,2023-06-14,2023-06-15,10.78,16.86,6.08,6.08,36.9664,0,0,0,6ed147cd585e5e8083292683f9be3cf585e97e4d46fa0e3224d24a4e2b42cbbb,f83baf5732ffbf88b9a448a3d9ab9fa270f7495fe44d1559c1ac49795a30881a,2bbf5eba419b0650693f1e88326107bf9a346c68,persistence_corrected_2bbf5eba419b_6ed147cd_f83baf57
Persistence,1,3,2023-06-15,2023-06-16,14.09,10.78,-3.3100000000000005,3.3100000000000005,10.956100000000003,0,0,0,6ed147cd585e5e8083292683f9be3cf585e97e4d46fa0e3224d24a4e2b42cbbb,f83baf5732ffbf88b9a448a3d9ab9fa270f7495fe44d1559c1ac49795a30881a,2bbf5eba419b0650693f1e88326107bf9a346c68,persistence_corrected_2bbf5eba419b_6ed147cd_f83baf57
Persistence,1,3,2023-06-16,2023-06-17,11.4,14.09,2.6899999999999995,2.6899999999999995,7.236099999999998,0,0,0,6ed147cd585e5e8083292683f9be3cf585e97e4d46fa0e3224d24a4e2b42cbbb,f83baf5732ffbf88b9a448a3d9ab9fa270f7495fe44d1559c1ac49795a30881a,2bbf5eba419b0650693f1e88326107bf9a346c68,persistence_corrected_2bbf5eba419b_6ed147cd_f83baf57
Persistence,1,3,2023-06-17,2023-06-18,10.92,11.4,0.4800000000000004,0.4800000000000004,0.2304000000000004,0,0,0,6ed147cd585e5e8083292683f9be3cf585e97e4d46fa0e3224d24a4e2b42cbbb,f83baf5732ffbf88b9a448a3d9ab9fa270f7495fe44d1559c1ac49795a30881a,2bbf5eba419b0650693f1e88326107bf9a346c68,persistence_corrected_2bbf5eba419b_6ed147cd_f83baf57
Persistence,1,3,2023-06-18,2023-06-19,14.32,10.92,-3.4000000000000004,3.4000000000000004,11.560000000000002,0,0,0,6ed147cd585e5e8083292683f9be3cf585e97e4d46fa0e3224d24a4e2b42cbbb,f83baf5732ffbf88b9a448a3d9ab9fa270f7495fe44d1559c1ac49795a30881a,2bbf5eba419b0650693f1e88326107bf9a346c68,persistence_corrected_2bbf5eba419b_6ed147cd_f83baf57
Persistence,1,3,2023-06-19,2023-06-20,13.18,14.32,1.1400000000000006,1.1400000000000006,1.2996000000000012,0,0,0,6ed147cd585e5e8083292683f9be3cf585e97e4d46fa0e3224d24a4e2b42cbbb,f83baf5732ffbf88b9a448a3d9ab9fa270f7495fe44d1559c1ac49795a30881a,2bbf5eba419b0650693f1e88326107bf9a346c68,persistence_corrected_2bbf5eba419b_6ed147cd_f83baf57
Persistence,1,3,2023-06-20,2023-06-21,17.48,13.18,-4.300000000000001,4.300000000000001,18.490000000000006,1,1,1,6ed147cd585e5e8083292683f9be3cf585e97e4d46fa0e3224d24a4e2b42cbbb,f83baf5732ffbf88b9a448a3d9ab9fa270f7495fe44d1559c1ac49795a30881a,2bbf5eba419b0650693f1e88326107bf9a346c68,persistence_corrected_2bbf5eba419b_6ed147cd_f83baf57
Persistence,1,3,2023-06-21,2023-06-22,11.56,17.48,5.92,5.92,35.0464,0,0,0,6ed147cd585e5e8083292683f9be3cf585e97e4d46fa0e3224d24a4e2b42cbbb,f83baf5732ffbf88b9a448a3d9ab9fa270f7495fe44d1559c1ac49795a30881a,2bbf5eba419b0650693f1e88326107bf9a346c68,persistence_corrected_2bbf5eba419b_6ed147cd_f83baf57
Persistence,1,3,2023-06-22,2023-06-23,16.33,11.56,-4.769999999999998,4.769999999999998,22.75289999999998,1,1,0,6ed147cd585e5e8083292683f9be3cf585e97e4d46fa0e3224d24a4e2b42cbbb,f83baf5732ffbf88b9a448a3d9ab9fa270f7495fe44d1559c1ac49795a30881a,2bbf5eba419b0650693f1e88326107bf9a346c68,persistence_corrected_2bbf5eba419b_6ed147cd_f83baf57
Persistence,1,3,2023-06-23,2023-06-24,11.51,16.33,4.8199999999999985,4.8199999999999985,23.232399999999984,0,0,0,6ed147cd585e5e8083292683f9be3cf585e97e4d46fa0e3224d24a4e2b42cbbb,f83baf5732ffbf88b9a448a3d9ab9fa270f7495fe44d1559c1ac49795a30881a,2bbf5eba419b0650693f1e88326107bf9a346c68,persistence_corrected_2bbf5eba419b_6ed147cd_f83baf57
Persistence,1,3,2023-06-24,2023-06-25,12.68,11.51,-1.17,1.17,1.3688999999999998,0,0,0,6ed147cd585e5e8083292683f9be3cf585e97e4d46fa0e3224d24a4e2b42cbbb,f83baf5732ffbf88b9a448a3d9ab9fa270f7495fe44d1559c1ac49795a30881a,2bbf5eba419b0650693f1e88326107bf9a346c68,persistence_corrected_2bbf5eba419b_6ed147cd_f83baf57
Persistence,1,3,2023-06-25,2023-06-26,12.26,12.68,0.41999999999999993,0.41999999999999993,0.17639999999999995,0,0,0,6ed147cd585e5e8083292683f9be3cf585e97e4d46fa0e3224d24a4e2b42cbbb,f83baf5732ffbf88b9a448a3d9ab9fa270f7495fe44d1559c1ac49795a30881a,2bbf5eba419b0650693f1e88326107bf9a346c68,persistence_corrected_2bbf5eba419b_6ed147cd_f83baf57
Persistence,1,3,2023-06-26,2023-06-27,11.74,12.26,0.5199999999999996,0.5199999999999996,0.27039999999999953,0,0,0,6ed147cd585e5e8083292683f9be3cf585e97e4d46fa0e3224d24a4e2b42cbbb,f83baf5732ffbf88b9a448a3d9ab9fa270f7495fe44d1559c1ac49795a30881a,2bbf5eba419b0650693f1e88326107bf9a346c68,persistence_corrected_2bbf5eba419b_6ed147cd_f83baf57
Persistence,1,3,2023-06-27,2023-06-28,8.82,11.74,2.92,2.92,8.526399999999999,0,0,0,6ed147cd585e5e8083292683f9be3cf585e97e4d46fa0e3224d24a4e2b42cbbb,f83baf5732ffbf88b9a448a3d9ab9fa270f7495fe44d1559c1ac49795a30881a,2bbf5eba419b0650693f1e88326107bf9a346c68,persistence_corrected_2bbf5eba419b_6ed147cd_f83baf57
Persistence,1,3,2023-06-28,2023-06-29,10.62,8.82,-1.799999999999999,1.799999999999999,3.239999999999996,0,0,0,6ed147cd585e5e8083292683f9be3cf585e97e4d46fa0e3224d24a4e2b42cbbb,f83baf5732ffbf88b9a448a3d9ab9fa270f7495fe44d1559c1ac49795a30881a,2bbf5eba419b0650693f1e88326107bf9a346c68,persistence_corrected_2bbf5eba419b_6ed147cd_f83baf57
Persistence,1,3,2023-06-29,2023-06-30,9.68,10.62,0.9399999999999995,0.9399999999999995,0.883599999999999,0,0,0,6ed147cd585e5e8083292683f9be3cf585e97e4d46fa0e3224d24a4e2b42cbbb,f83baf5732ffbf88b9a448a3d9ab9fa270f7495fe44d1559c1ac49795a30881a,2bbf5eba419b0650693f1e88326107bf9a346c68,persistence_corrected_2bbf5eba419b_6ed147cd_f83baf57
Persistence,1,3,2023-06-30,2023-07-01,10.07,9.68,-0.39000000000000057,0.39000000000000057,0.15210000000000046,0,0,0,6ed147cd585e5e8083292683f9be3cf585e97e4d46fa0e3224d24a4e2b42cbbb,f83baf5732ffbf88b9a448a3d9ab9fa270f7495fe44d1559c1ac49795a30881a,2bbf5eba419b0650693f1e88326107bf9a346c68,persistence_corrected_2bbf5eba419b_6ed147cd_f83baf57
Persistence,1,3,2023-07-01,2023-07-02,9.04,10.07,1.0300000000000011,1.0300000000000011,1.0609000000000024,0,0,0,6ed147cd585e5e8083292683f9be3cf585e97e4d46fa0e3224d24a4e2b42cbbb,f83baf5732ffbf88b9a448a3d9ab9fa270f7495fe44d1559c1ac49795a30881a,2bbf5eba419b0650693f1e88326107bf9a346c68,persistence_corrected_2bbf5eba419b_6ed147cd_f83baf57
Persistence,1,3,2023-07-02,2023-07-03,11.09,9.04,-2.0500000000000007,2.0500000000000007,4.202500000000003,0,0,0,6ed147cd585e5e8083292683f9be3cf585e97e4d46fa0e3224d24a4e2b42cbbb,f83baf5732ffbf88b9a448a3d9ab9fa270f7495fe44d1559c1ac49795a30881a,2bbf5eba419b0650693f1e88326107bf9a346c68,persistence_corrected_2bbf5eba419b_6ed147cd_f83baf57
Persistence,1,3,2023-07-03,2023-07-04,11.9,11.09,-0.8100000000000005,0.8100000000000005,0.6561000000000008,0,0,0,6ed147cd585e5e8083292683f9be3cf585e97e4d46fa0e3224d24a4e2b42cbbb,f83baf5732ffbf88b9a448a3d9ab9fa270f7495fe44d1559c1ac49795a30881a,2bbf5eba419b0650693f1e88326107bf9a346c68,persistence_corrected_2bbf5eba419b_6ed147cd_f83baf57
Persistence,1,3,2023-07-04,2023-07-05,13.57,11.9,-1.67,1.67,2.7889,0,0,0,6ed147cd585e5e8083292683f9be3cf585e97e4d46fa0e3224d24a4e2b42cbbb,f83baf5732ffbf88b9a448a3d9ab9fa270f7495fe44d1559c1ac49795a30881a,2bbf5eba419b0650693f1e88326107bf9a346c68,persistence_corrected_2bbf5eba419b_6ed147cd_f83baf57
Persistence,1,3,2023-07-05,2023-07-06,11.6,13.57,1.9700000000000006,1.9700000000000006,3.8809000000000027,0,0,0,6ed147cd585e5e8083292683f9be3cf585e97e4d46fa0e3224d24a4e2b42cbbb,f83baf5732ffbf88b9a448a3d9ab9fa270f7495fe44d1559c1ac49795a30881a,2bbf5eba419b0650693f1e88326107bf9a346c68,persistence_corrected_2bbf5eba419b_6ed147cd_f83baf57
Persistence,1,3,2023-07-06,2023-07-07,13.75,11.6,-2.1500000000000004,2.1500000000000004,4.622500000000001,0,0,0,6ed147cd585e5e8083292683f9be3cf585e97e4d46fa0e3224d24a4e2b42cbbb,f83baf5732ffbf88b9a448a3d9ab9fa270f7495fe44d1559c1ac49795a30881a,2bbf5eba419b0650693f1e88326107bf9a346c68,persistence_corrected_2bbf5eba419b_6ed147cd_f83baf57
Persistence,1,3,2023-07-07,2023-07-08,11.11,13.75,2.6400000000000006,2.6400000000000006,6.969600000000003,0,0,0,6ed147cd585e5e8083292683f9be3cf585e97e4d46fa0e3224d24a4e2b42cbbb,f83baf5732ffbf88b9a448a3d9ab9fa270f7495fe44d1559c1ac49795a30881a,2bbf5eba419b0650693f1e88326107bf9a346c68,persistence_corrected_2bbf5eba419b_6ed147cd_f83baf57
Persistence,1,3,2023-07-08,2023-07-09,10.33,11.11,0.7799999999999994,0.7799999999999994,0.608399999999999,0,0,0,6ed147cd585e5e8083292683f9be3cf585e97e4d46fa0e3224d24a4e2b42cbbb,f83baf5732ffbf88b9a448a3d9ab9fa270f7495fe44d1559c1ac49795a30881a,2bbf5eba419b0650693f1e88326107bf9a346c68,persistence_corrected_2bbf5eba419b_6ed147cd_f83baf57
Persistence,1,3,2023-07-09,2023-07-10,11.28,10.33,-0.9499999999999993,0.9499999999999993,0.9024999999999986,0,0,0,6ed147cd585e5e8083292683f9be3cf585e97e4d46fa0e3224d24a4e2b42cbbb,f83baf5732ffbf88b9a448a3d9ab9fa270f7495fe44d1559c1ac49795a30881a,2bbf5eba419b0650693f1e88326107bf9a346c68,persistence_corrected_2bbf5eba419b_6ed147cd_f83baf57
Persistence,1,3,2023-07-10,2023-07-11,11.04,11.28,0.2400000000000002,0.2400000000000002,0.0576000000000001,0,0,0,6ed147cd585e5e8083292683f9be3cf585e97e4d46fa0e3224d24a4e2b42cbbb,f83baf5732ffbf88b9a448a3d9ab9fa270f7495fe44d1559c1ac49795a30881a,2bbf5eba419b0650693f1e88326107bf9a346c68,persistence_corrected_2bbf5eba419b_6ed147cd_f83baf57
Persistence,1,3,2023-07-11,2023-07-12,13.0,11.04,-1.9600000000000009,1.9600000000000009,3.8416000000000032,0,0,0,6ed147cd585e5e8083292683f9be3cf585e97e4d46fa0e3224d24a4e2b42cbbb,f83baf5732ffbf88b9a448a3d9ab9fa270f7495fe44d1559c1ac49795a30881a,2bbf5eba419b0650693f1e88326107bf9a346c68,persistence_corrected_2bbf5eba419b_6ed147cd_f83baf57
Persistence,1,3,2023-07-12,2023-07-13,12.89,13.0,0.10999999999999943,0.10999999999999943,0.012099999999999875,0,0,0,6ed147cd585e5e8083292683f9be3cf585e97e4d46fa0e3224d24a4e2b42cbbb,f83baf5732ffbf88b9a448a3d9ab9fa270f7495fe44d1559c1ac49795a30881a,2bbf5eba419b0650693f1e88326107bf9a346c68,persistence_corrected_2bbf5eba419b_6ed147cd_f83baf57
Persistence,1,3,2023-07-13,2023-07-14,14.05,12.89,-1.1600000000000001,1.1600000000000001,1.3456000000000004,0,0,0,6ed147cd585e5e8083292683f9be3cf585e97e4d46fa0e3224d24a4e2b42cbbb,f83baf5732ffbf88b9a448a3d9ab9fa270f7495fe44d1559c1ac49795a30881a,2bbf5eba419b0650693f1e88326107bf9a346c68,persistence_corrected_2bbf5eba419b_6ed147cd_f83baf57
Persistence,1,3,2023-07-14,2023-07-15,11.64,14.05,2.41,2.41,5.8081000000000005,0,0,0,6ed147cd585e5e8083292683f9be3cf585e97e4d46fa0e3224d24a4e2b42cbbb,f83baf5732ffbf88b9a448a3d9ab9fa270f7495fe44d1559c1ac49795a30881a,2bbf5eba419b0650693f1e88326107bf9a346c68,persistence_corrected_2bbf5eba419b_6ed147cd_f83baf57
Persistence,1,3,2023-07-15,2023-07-16,14.52,11.64,-2.879999999999999,2.879999999999999,8.294399999999994,0,0,0,6ed147cd585e5e8083292683f9be3cf585e97e4d46fa0e3224d24a4e2b42cbbb,f83baf5732ffbf88b9a448a3d9ab9fa270f7495fe44d1559c1ac49795a30881a,2bbf5eba419b0650693f1e88326107bf9a346c68,persistence_corrected_2bbf5eba419b_6ed147cd_f83baf57
Persistence,1,3,2023-07-16,2023-07-17,12.22,14.52,2.299999999999999,2.299999999999999,5.289999999999995,0,0,0,6ed147cd585e5e8083292683f9be3cf585e97e4d46fa0e3224d24a4e2b42cbbb,f83baf5732ffbf88b9a448a3d9ab9fa270f7495fe44d1559c1ac49795a30881a,2bbf5eba419b0650693f1e88326107bf9a346c68,persistence_corrected_2bbf5eba419b_6ed147cd_f83baf57
Persistence,1,3,2023-07-17,2023-07-18,11.69,12.22,0.5300000000000011,0.5300000000000011,0.2809000000000012,0,0,0,6ed147cd585e5e8083292683f9be3cf585e97e4d46fa0e3224d24a4e2b42cbbb,f83baf5732ffbf88b9a448a3d9ab9fa270f7495fe44d1559c1ac49795a30881a,2bbf5eba419b0650693f1e88326107bf9a346c68,persistence_corrected_2bbf5eba419b_6ed147cd_f83baf57
Persistence,1,3,2023-07-18,2023-07-19,12.58,11.69,-0.8900000000000006,0.8900000000000006,0.792100000000001,0,0,0,6ed147cd585e5e8083292683f9be3cf585e97e4d46fa0e3224d24a4e2b42cbbb,f83baf5732ffbf88b9a448a3d9ab9fa270f7495fe44d1559c1ac49795a30881a,2bbf5eba419b0650693f1e88326107bf9a346c68,persistence_corrected_2bbf5eba419b_6ed147cd_f83baf57
Persistence,1,3,2023-07-19,2023-07-20,11.8,12.58,0.7799999999999994,0.7799999999999994,0.608399999999999,0,0,0,6ed147cd585e5e8083292683f9be3cf585e97e4d46fa0e3224d24a4e2b42cbbb,f83baf5732ffbf88b9a448a3d9ab9fa270f7495fe44d1559c1ac49795a30881a,2bbf5eba419b0650693f1e88326107bf9a346c68,persistence_corrected_2bbf5eba419b_6ed147cd_f83baf57
Persistence,1,3,2023-07-20,2023-07-21,13.08,11.8,-1.2799999999999994,1.2799999999999994,1.6383999999999983,0,0,0,6ed147cd585e5e8083292683f9be3cf585e97e4d46fa0e3224d24a4e2b42cbbb,f83baf5732ffbf88b9a448a3d9ab9fa270f7495fe44d1559c1ac49795a30881a,2bbf5eba419b0650693f1e88326107bf9a346c68,persistence_corrected_2bbf5eba419b_6ed147cd_f83baf57
Persistence,1,3,2023-07-21,2023-07-22,11.95,13.08,1.1300000000000008,1.1300000000000008,1.2769000000000017,0,0,0,6ed147cd585e5e8083292683f9be3cf585e97e4d46fa0e3224d24a4e2b42cbbb,f83baf5732ffbf88b9a448a3d9ab9fa270f7495fe44d1559c1ac49795a30881a,2bbf5eba419b0650693f1e88326107bf9a346c68,persistence_corrected_2bbf5eba419b_6ed147cd_f83baf57
Persistence,1,3,2023-07-22,2023-07-23,12.14,11.95,-0.19000000000000128,0.19000000000000128,0.036100000000000486,0,0,0,6ed147cd585e5e8083292683f9be3cf585e97e4d46fa0e3224d24a4e2b42cbbb,f83baf5732ffbf88b9a448a3d9ab9fa270f7495fe44d1559c1ac49795a30881a,2bbf5eba419b0650693f1e88326107bf9a346c68,persistence_corrected_2bbf5eba419b_6ed147cd_f83baf57
Persistence,1,3,2023-07-23,2023-07-24,12.48,12.14,-0.33999999999999986,0.33999999999999986,0.1155999999999999,0,0,0,6ed147cd585e5e8083292683f9be3cf585e97e4d46fa0e3224d24a4e2b42cbbb,f83baf5732ffbf88b9a448a3d9ab9fa270f7495fe44d1559c1ac49795a30881a,2bbf5eba419b0650693f1e88326107bf9a346c68,persistence_corrected_2bbf5eba419b_6ed147cd_f83baf57
Persistence,1,3,2023-07-24,2023-07-25,12.38444827,12.48,0.09555173000000039,0.09555173000000039,0.009130133105992975,0,0,0,6ed147cd585e5e8083292683f9be3cf585e97e4d46fa0e3224d24a4e2b42cbbb,f83baf5732ffbf88b9a448a3d9ab9fa270f7495fe44d1559c1ac49795a30881a,2bbf5eba419b0650693f1e88326107bf9a346c68,persistence_corrected_2bbf5eba419b_6ed147cd_f83baf57
Persistence,1,3,2023-07-25,2023-07-26,12.41967703,12.38444827,-0.03522876000000075,0.03522876000000075,0.0012410655311376527,0,0,0,6ed147cd585e5e8083292683f9be3cf585e97e4d46fa0e3224d24a4e2b42cbbb,f83baf5732ffbf88b9a448a3d9ab9fa270f7495fe44d1559c1ac49795a30881a,2bbf5eba419b0650693f1e88326107bf9a346c68,persistence_corrected_2bbf5eba419b_6ed147cd_f83baf57
Persistence,1,3,2023-07-26,2023-07-27,12.43934362,12.41967703,-0.01966658999999993,0.01966658999999993,0.0003867747622280972,0,0,0,6ed147cd585e5e8083292683f9be3cf585e97e4d46fa0e3224d24a4e2b42cbbb,f83baf5732ffbf88b9a448a3d9ab9fa270f7495fe44d1559c1ac49795a30881a,2bbf5eba419b0650693f1e88326107bf9a346c68,persistence_corrected_2bbf5eba419b_6ed147cd_f83baf57
Persistence,1,3,2023-07-27,2023-07-28,12.31367128,12.43934362,0.12567234000000127,0.12567234000000127,0.01579353704107592,0,0,0,6ed147cd585e5e8083292683f9be3cf585e97e4d46fa0e3224d24a4e2b42cbbb,f83baf5732ffbf88b9a448a3d9ab9fa270f7495fe44d1559c1ac49795a30881a,2bbf5eba419b0650693f1e88326107bf9a346c68,persistence_corrected_2bbf5eba419b_6ed147cd_f83baf57
Persistence,1,3,2023-07-28,2023-07-29,12.47,12.31367128,-0.1563287200000012,0.1563287200000012,0.024438668696838774,0,0,0,6ed147cd585e5e8083292683f9be3cf585e97e4d46fa0e3224d24a4e2b42cbbb,f83baf5732ffbf88b9a448a3d9ab9fa270f7495fe44d1559c1ac49795a30881a,2bbf5eba419b0650693f1e88326107bf9a346c68,persistence_corrected_2bbf5eba419b_6ed147cd_f83baf57
Persistence,1,3,2023-07-29,2023-07-30,12.85,12.47,-0.379999999999999,0.379999999999999,0.14439999999999925,0,0,0,6ed147cd585e5e8083292683f9be3cf585e97e4d46fa0e3224d24a4e2b42cbbb,f83baf5732ffbf88b9a448a3d9ab9fa270f7495fe44d1559c1ac49795a30881a,2bbf5eba419b0650693f1e88326107bf9a346c68,persistence_corrected_2bbf5eba419b_6ed147cd_f83baf57
Persistence,1,3,2023-07-30,2023-07-31,12.04,12.85,0.8100000000000005,0.8100000000000005,0.6561000000000008,0,0,0,6ed147cd585e5e8083292683f9be3cf585e97e4d46fa0e3224d24a4e2b42cbbb,f83baf5732ffbf88b9a448a3d9ab9fa270f7495fe44d1559c1ac49795a30881a,2bbf5eba419b0650693f1e88326107bf9a346c68,persistence_corrected_2bbf5eba419b_6ed147cd_f83baf57
Persistence,1,3,2023-07-31,2023-08-01,12.85,12.04,-0.8100000000000005,0.8100000000000005,0.6561000000000008,0,0,0,6ed147cd585e5e8083292683f9be3cf585e97e4d46fa0e3224d24a4e2b42cbbb,f83baf5732ffbf88b9a448a3d9ab9fa270f7495fe44d1559c1ac49795a30881a,2bbf5eba419b0650693f1e88326107bf9a346c68,persistence_corrected_2bbf5eba419b_6ed147cd_f83baf57
Persistence,1,3,2023-08-01,2023-08-02,16.85,12.85,-4.000000000000002,4.000000000000002,16.000000000000014,1,1,0,6ed147cd585e5e8083292683f9be3cf585e97e4d46fa0e3224d24a4e2b42cbbb,f83baf5732ffbf88b9a448a3d9ab9fa270f7495fe44d1559c1ac49795a30881a,2bbf5eba419b0650693f1e88326107bf9a346c68,persistence_corrected_2bbf5eba419b_6ed147cd_f83baf57
Persistence,1,3,2023-08-02,2023-08-03,16.13,16.85,0.7200000000000024,0.7200000000000024,0.5184000000000035,1,1,0,6ed147cd585e5e8083292683f9be3cf585e97e4d46fa0e3224d24a4e2b42cbbb,f83baf5732ffbf88b9a448a3d9ab9fa270f7495fe44d1559c1ac49795a30881a,2bbf5eba419b0650693f1e88326107bf9a346c68,persistence_corrected_2bbf5eba419b_6ed147cd_f83baf57
Persistence,1,3,2023-08-03,2023-08-04,14.14,16.13,1.9899999999999984,1.9899999999999984,3.960099999999994,0,0,0,6ed147cd585e5e8083292683f9be3cf585e97e4d46fa0e3224d24a4e2b42cbbb,f83baf5732ffbf88b9a448a3d9ab9fa270f7495fe44d1559c1ac49795a30881a,2bbf5eba419b0650693f1e88326107bf9a346c68,persistence_corrected_2bbf5eba419b_6ed147cd_f83baf57
Persistence,1,3,2023-08-04,2023-08-05,15.94,14.14,-1.799999999999999,1.799999999999999,3.239999999999996,1,0,0,6ed147cd585e5e8083292683f9be3cf585e97e4d46fa0e3224d24a4e2b42cbbb,f83baf5732ffbf88b9a448a3d9ab9fa270f7495fe44d1559c1ac49795a30881a,2bbf5eba419b0650693f1e88326107bf9a346c68,persistence_corrected_2bbf5eba419b_6ed147cd_f83baf57
Persistence,1,3,2023-08-05,2023-08-06,15.74,15.94,0.1999999999999993,0.1999999999999993,0.039999999999999716,1,0,0,6ed147cd585e5e8083292683f9be3cf585e97e4d46fa0e3224d24a4e2b42cbbb,f83baf5732ffbf88b9a448a3d9ab9fa270f7495fe44d1559c1ac49795a30881a,2bbf5eba419b0650693f1e88326107bf9a346c68,persistence_corrected_2bbf5eba419b_6ed147cd_f83baf57
Persistence,1,3,2023-08-06,2023-08-07,15.48,15.74,0.2599999999999998,0.2599999999999998,0.06759999999999988,1,0,0,6ed147cd585e5e8083292683f9be3cf585e97e4d46fa0e3224d24a4e2b42cbbb,f83baf5732ffbf88b9a448a3d9ab9fa270f7495fe44d1559c1ac49795a30881a,2bbf5eba419b0650693f1e88326107bf9a346c68,persistence_corrected_2bbf5eba419b_6ed147cd_f83baf57
Persistence,1,3,2023-08-07,2023-08-08,14.32,15.48,1.1600000000000001,1.1600000000000001,1.3456000000000004,0,0,0,6ed147cd585e5e8083292683f9be3cf585e97e4d46fa0e3224d24a4e2b42cbbb,f83baf5732ffbf88b9a448a3d9ab9fa270f7495fe44d1559c1ac49795a30881a,2bbf5eba419b0650693f1e88326107bf9a346c68,persistence_corrected_2bbf5eba419b_6ed147cd_f83baf57
Persistence,1,3,2023-08-08,2023-08-09,15.96,14.32,-1.6400000000000006,1.6400000000000006,2.6896000000000018,1,0,0,6ed147cd585e5e8083292683f9be3cf585e97e4d46fa0e3224d24a4e2b42cbbb,f83baf5732ffbf88b9a448a3d9ab9fa270f7495fe44d1559c1ac49795a30881a,2bbf5eba419b0650693f1e88326107bf9a346c68,persistence_corrected_2bbf5eba419b_6ed147cd_f83baf57
Persistence,1,3,2023-08-09,2023-08-10,10.21,15.96,5.75,5.75,33.0625,0,0,0,6ed147cd585e5e8083292683f9be3cf585e97e4d46fa0e3224d24a4e2b42cbbb,f83baf5732ffbf88b9a448a3d9ab9fa270f7495fe44d1559c1ac49795a30881a,2bbf5eba419b0650693f1e88326107bf9a346c68,persistence_corrected_2bbf5eba419b_6ed147cd_f83baf57
Persistence,1,3,2023-08-10,2023-08-11,9.23,10.21,0.9800000000000004,0.9800000000000004,0.9604000000000008,0,0,0,6ed147cd585e5e8083292683f9be3cf585e97e4d46fa0e3224d24a4e2b42cbbb,f83baf5732ffbf88b9a448a3d9ab9fa270f7495fe44d1559c1ac49795a30881a,2bbf5eba419b0650693f1e88326107bf9a346c68,persistence_corrected_2bbf5eba419b_6ed147cd_f83baf57
Persistence,1,3,2023-08-11,2023-08-12,13.1,9.23,-3.869999999999999,3.869999999999999,14.976899999999993,0,0,0,6ed147cd585e5e8083292683f9be3cf585e97e4d46fa0e3224d24a4e2b42cbbb,f83baf5732ffbf88b9a448a3d9ab9fa270f7495fe44d1559c1ac49795a30881a,2bbf5eba419b0650693f1e88326107bf9a346c68,persistence_corrected_2bbf5eba419b_6ed147cd_f83baf57
Persistence,1,3,2023-08-12,2023-08-13,12.5,13.1,0.5999999999999996,0.5999999999999996,0.3599999999999996,0,0,0,6ed147cd585e5e8083292683f9be3cf585e97e4d46fa0e3224d24a4e2b42cbbb,f83baf5732ffbf88b9a448a3d9ab9fa270f7495fe44d1559c1ac49795a30881a,2bbf5eba419b0650693f1e88326107bf9a346c68,persistence_corrected_2bbf5eba419b_6ed147cd_f83baf57
Persistence,1,3,2023-08-13,2023-08-14,13.28,12.5,-0.7799999999999994,0.7799999999999994,0.608399999999999,0,0,0,6ed147cd585e5e8083292683f9be3cf585e97e4d46fa0e3224d24a4e2b42cbbb,f83baf5732ffbf88b9a448a3d9ab9fa270f7495fe44d1559c1ac49795a30881a,2bbf5eba419b0650693f1e88326107bf9a346c68,persistence_corrected_2bbf5eba419b_6ed147cd_f83baf57
Persistence,1,3,2023-08-14,2023-08-15,11.7,13.28,1.58,1.58,2.4964000000000004,0,0,0,6ed147cd585e5e8083292683f9be3cf585e97e4d46fa0e3224d24a4e2b42cbbb,f83baf5732ffbf88b9a448a3d9ab9fa270f7495fe44d1559c1ac49795a30881a,2bbf5eba419b0650693f1e88326107bf9a346c68,persistence_corrected_2bbf5eba419b_6ed147cd_f83baf57
Persistence,1,3,2023-08-15,2023-08-16,13.8,11.7,-2.1000000000000014,2.1000000000000014,4.410000000000006,0,0,0,6ed147cd585e5e8083292683f9be3cf585e97e4d46fa0e3224d24a4e2b42cbbb,f83baf5732ffbf88b9a448a3d9ab9fa270f7495fe44d1559c1ac49795a30881a,2bbf5eba419b0650693f1e88326107bf9a346c68,persistence_corrected_2bbf5eba419b_6ed147cd_f83baf57
Persistence,1,3,2023-08-16,2023-08-17,12.3,13.8,1.5,1.5,2.25,0,0,0,6ed147cd585e5e8083292683f9be3cf585e97e4d46fa0e3224d24a4e2b42cbbb,f83baf5732ffbf88b9a448a3d9ab9fa270f7495fe44d1559c1ac49795a30881a,2bbf5eba419b0650693f1e88326107bf9a346c68,persistence_corrected_2bbf5eba419b_6ed147cd_f83baf57
Persistence,1,3,2023-08-17,2023-08-18,15.82,12.3,-3.5199999999999996,3.5199999999999996,12.390399999999998,1,0,0,6ed147cd585e5e8083292683f9be3cf585e97e4d46fa0e3224d24a4e2b42cbbb,f83baf5732ffbf88b9a448a3d9ab9fa270f7495fe44d1559c1ac49795a30881a,2bbf5eba419b0650693f1e88326107bf9a346c68,persistence_corrected_2bbf5eba419b_6ed147cd_f83baf57
Persistence,1,3,2023-08-18,2023-08-19,11.88,15.82,3.9399999999999995,3.9399999999999995,15.523599999999997,0,0,0,6ed147cd585e5e8083292683f9be3cf585e97e4d46fa0e3224d24a4e2b42cbbb,f83baf5732ffbf88b9a448a3d9ab9fa270f7495fe44d1559c1ac49795a30881a,2bbf5eba419b0650693f1e88326107bf9a346c68,persistence_corrected_2bbf5eba419b_6ed147cd_f83baf57
Persistence,1,3,2023-08-19,2023-08-20,11.33,11.88,0.5500000000000007,0.5500000000000007,0.30250000000000077,0,0,0,6ed147cd585e5e8083292683f9be3cf585e97e4d46fa0e3224d24a4e2b42cbbb,f83baf5732ffbf88b9a448a3d9ab9fa270f7495fe44d1559c1ac49795a30881a,2bbf5eba419b0650693f1e88326107bf9a346c68,persistence_corrected_2bbf5eba419b_6ed147cd_f83baf57
Persistence,1,3,2023-08-20,2023-08-21,12.73,11.33,-1.4000000000000004,1.4000000000000004,1.960000000000001,0,0,0,6ed147cd585e5e8083292683f9be3cf585e97e4d46fa0e3224d24a4e2b42cbbb,f83baf5732ffbf88b9a448a3d9ab9fa270f7495fe44d1559c1ac49795a30881a,2bbf5eba419b0650693f1e88326107bf9a346c68,persistence_corrected_2bbf5eba419b_6ed147cd_f83baf57
Persistence,1,3,2023-08-21,2023-08-22,13.76,12.73,-1.0299999999999994,1.0299999999999994,1.0608999999999986,0,0,0,6ed147cd585e5e8083292683f9be3cf585e97e4d46fa0e3224d24a4e2b42cbbb,f83baf5732ffbf88b9a448a3d9ab9fa270f7495fe44d1559c1ac49795a30881a,2bbf5eba419b0650693f1e88326107bf9a346c68,persistence_corrected_2bbf5eba419b_6ed147cd_f83baf57
Persistence,1,3,2023-08-22,2023-08-23,16.6,13.76,-2.8400000000000016,2.8400000000000016,8.065600000000009,1,1,0,6ed147cd585e5e8083292683f9be3cf585e97e4d46fa0e3224d24a4e2b42cbbb,f83baf5732ffbf88b9a448a3d9ab9fa270f7495fe44d1559c1ac49795a30881a,2bbf5eba419b0650693f1e88326107bf9a346c68,persistence_corrected_2bbf5eba419b_6ed147cd_f83baf57
Persistence,1,3,2023-08-23,2023-08-24,14.54,16.6,2.0600000000000023,2.0600000000000023,4.24360000000001,0,0,0,6ed147cd585e5e8083292683f9be3cf585e97e4d46fa0e3224d24a4e2b42cbbb,f83baf5732ffbf88b9a448a3d9ab9fa270f7495fe44d1559c1ac49795a30881a,2bbf5eba419b0650693f1e88326107bf9a346c68,persistence_corrected_2bbf5eba419b_6ed147cd_f83baf57
Persistence,1,3,2023-08-24,2023-08-25,10.69,14.54,3.8499999999999996,3.8499999999999996,14.822499999999998,0,0,0,6ed147cd585e5e8083292683f9be3cf585e97e4d46fa0e3224d24a4e2b42cbbb,f83baf5732ffbf88b9a448a3d9ab9fa270f7495fe44d1559c1ac49795a30881a,2bbf5eba419b0650693f1e88326107bf9a346c68,persistence_corrected_2bbf5eba419b_6ed147cd_f83baf57
Persistence,1,3,2023-08-25,2023-08-26,14.03,10.69,-3.34,3.34,11.1556,0,0,0,6ed147cd585e5e8083292683f9be3cf585e97e4d46fa0e3224d24a4e2b42cbbb,f83baf5732ffbf88b9a448a3d9ab9fa270f7495fe44d1559c1ac49795a30881a,2bbf5eba419b0650693f1e88326107bf9a346c68,persistence_corrected_2bbf5eba419b_6ed147cd_f83baf57
Persistence,1,3,2023-08-26,2023-08-27,14.14,14.03,-0.11000000000000121,0.11000000000000121,0.012100000000000265,0,0,0,6ed147cd585e5e8083292683f9be3cf585e97e4d46fa0e3224d24a4e2b42cbbb,f83baf5732ffbf88b9a448a3d9ab9fa270f7495fe44d1559c1ac49795a30881a,2bbf5eba419b0650693f1e88326107bf9a346c68,persistence_corrected_2bbf5eba419b_6ed147cd_f83baf57
Persistence,1,3,2023-08-27,2023-08-28,14.38,14.14,-0.2400000000000002,0.2400000000000002,0.0576000000000001,0,0,0,6ed147cd585e5e8083292683f9be3cf585e97e4d46fa0e3224d24a4e2b42cbbb,f83baf5732ffbf88b9a448a3d9ab9fa270f7495fe44d1559c1ac49795a30881a,2bbf5eba419b0650693f1e88326107bf9a346c68,persistence_corrected_2bbf5eba419b_6ed147cd_f83baf57
Persistence,1,3,2023-08-28,2023-08-29,17.3,14.38,-2.92,2.92,8.526399999999999,1,1,1,6ed147cd585e5e8083292683f9be3cf585e97e4d46fa0e3224d24a4e2b42cbbb,f83baf5732ffbf88b9a448a3d9ab9fa270f7495fe44d1559c1ac49795a30881a,2bbf5eba419b0650693f1e88326107bf9a346c68,persistence_corrected_2bbf5eba419b_6ed147cd_f83baf57
Persistence,1,3,2023-08-29,2023-08-30,17.08,17.3,0.22000000000000242,0.22000000000000242,0.04840000000000106,1,1,1,6ed147cd585e5e8083292683f9be3cf585e97e4d46fa0e3224d24a4e2b42cbbb,f83baf5732ffbf88b9a448a3d9ab9fa270f7495fe44d1559c1ac49795a30881a,2bbf5eba419b0650693f1e88326107bf9a346c68,persistence_corrected_2bbf5eba419b_6ed147cd_f83baf57
Persistence,1,3,2023-08-30,2023-08-31,15.88,17.08,1.1999999999999975,1.1999999999999975,1.439999999999994,1,0,0,6ed147cd585e5e8083292683f9be3cf585e97e4d46fa0e3224d24a4e2b42cbbb,f83baf5732ffbf88b9a448a3d9ab9fa270f7495fe44d1559c1ac49795a30881a,2bbf5eba419b0650693f1e88326107bf9a346c68,persistence_corrected_2bbf5eba419b_6ed147cd_f83baf57
Persistence,1,3,2023-08-31,2023-09-01,13.38,15.88,2.5,2.5,6.25,0,0,0,6ed147cd585e5e8083292683f9be3cf585e97e4d46fa0e3224d24a4e2b42cbbb,f83baf5732ffbf88b9a448a3d9ab9fa270f7495fe44d1559c1ac49795a30881a,2bbf5eba419b0650693f1e88326107bf9a346c68,persistence_corrected_2bbf5eba419b_6ed147cd_f83baf57
Persistence,1,3,2023-09-01,2023-09-02,12.42,13.38,0.9600000000000009,0.9600000000000009,0.9216000000000016,0,0,0,6ed147cd585e5e8083292683f9be3cf585e97e4d46fa0e3224d24a4e2b42cbbb,f83baf5732ffbf88b9a448a3d9ab9fa270f7495fe44d1559c1ac49795a30881a,2bbf5eba419b0650693f1e88326107bf9a346c68,persistence_corrected_2bbf5eba419b_6ed147cd_f83baf57
Persistence,1,3,2023-09-02,2023-09-03,12.66,12.42,-0.2400000000000002,0.2400000000000002,0.0576000000000001,0,0,0,6ed147cd585e5e8083292683f9be3cf585e97e4d46fa0e3224d24a4e2b42cbbb,f83baf5732ffbf88b9a448a3d9ab9fa270f7495fe44d1559c1ac49795a30881a,2bbf5eba419b0650693f1e88326107bf9a346c68,persistence_corrected_2bbf5eba419b_6ed147cd_f83baf57
Persistence,1,3,2023-09-03,2023-09-04,14.93,12.66,-2.2699999999999996,2.2699999999999996,5.152899999999998,0,0,0,6ed147cd585e5e8083292683f9be3cf585e97e4d46fa0e3224d24a4e2b42cbbb,f83baf5732ffbf88b9a448a3d9ab9fa270f7495fe44d1559c1ac49795a30881a,2bbf5eba419b0650693f1e88326107bf9a346c68,persistence_corrected_2bbf5eba419b_6ed147cd_f83baf57
Persistence,1,3,2023-09-04,2023-09-05,11.88,14.93,3.049999999999999,3.049999999999999,9.302499999999993,0,0,0,6ed147cd585e5e8083292683f9be3cf585e97e4d46fa0e3224d24a4e2b42cbbb,f83baf5732ffbf88b9a448a3d9ab9fa270f7495fe44d1559c1ac49795a30881a,2bbf5eba419b0650693f1e88326107bf9a346c68,persistence_corrected_2bbf5eba419b_6ed147cd_f83baf57
Persistence,1,3,2023-09-05,2023-09-06,12.06,11.88,-0.17999999999999972,0.17999999999999972,0.0323999999999999,0,0,0,6ed147cd585e5e8083292683f9be3cf585e97e4d46fa0e3224d24a4e2b42cbbb,f83baf5732ffbf88b9a448a3d9ab9fa270f7495fe44d1559c1ac49795a30881a,2bbf5eba419b0650693f1e88326107bf9a346c68,persistence_corrected_2bbf5eba419b_6ed147cd_f83baf57
Persistence,1,3,2023-09-06,2023-09-07,13.74,12.06,-1.6799999999999997,1.6799999999999997,2.822399999999999,0,0,0,6ed147cd585e5e8083292683f9be3cf585e97e4d46fa0e3224d24a4e2b42cbbb,f83baf5732ffbf88b9a448a3d9ab9fa270f7495fe44d1559c1ac49795a30881a,2bbf5eba419b0650693f1e88326107bf9a346c68,persistence_corrected_2bbf5eba419b_6ed147cd_f83baf57
Persistence,1,3,2023-09-07,2023-09-08,14.08,13.74,-0.33999999999999986,0.33999999999999986,0.1155999999999999,0,0,0,6ed147cd585e5e8083292683f9be3cf585e97e4d46fa0e3224d24a4e2b42cbbb,f83baf5732ffbf88b9a448a3d9ab9fa270f7495fe44d1559c1ac49795a30881a,2bbf5eba419b0650693f1e88326107bf9a346c68,persistence_corrected_2bbf5eba419b_6ed147cd_f83baf57
Persistence,1,3,2023-09-08,2023-09-09,12.62,14.08,1.4600000000000009,1.4600000000000009,2.1316000000000024,0,0,0,6ed147cd585e5e8083292683f9be3cf585e97e4d46fa0e3224d24a4e2b42cbbb,f83baf5732ffbf88b9a448a3d9ab9fa270f7495fe44d1559c1ac49795a30881a,2bbf5eba419b0650693f1e88326107bf9a346c68,persistence_corrected_2bbf5eba419b_6ed147cd_f83baf57
Persistence,1,3,2023-09-09,2023-09-10,13.06,12.62,-0.4400000000000013,0.4400000000000013,0.19360000000000113,0,0,0,6ed147cd585e5e8083292683f9be3cf585e97e4d46fa0e3224d24a4e2b42cbbb,f83baf5732ffbf88b9a448a3d9ab9fa270f7495fe44d1559c1ac49795a30881a,2bbf5eba419b0650693f1e88326107bf9a346c68,persistence_corrected_2bbf5eba419b_6ed147cd_f83baf57
Persistence,1,3,2023-09-10,2023-09-11,12.67,13.06,0.39000000000000057,0.39000000000000057,0.15210000000000046,0,0,0,6ed147cd585e5e8083292683f9be3cf585e97e4d46fa0e3224d24a4e2b42cbbb,f83baf5732ffbf88b9a448a3d9ab9fa270f7495fe44d1559c1ac49795a30881a,2bbf5eba419b0650693f1e88326107bf9a346c68,persistence_corrected_2bbf5eba419b_6ed147cd_f83baf57
Persistence,1,3,2023-09-11,2023-09-12,15.7,12.67,-3.0299999999999994,3.0299999999999994,9.180899999999996,1,0,0,6ed147cd585e5e8083292683f9be3cf585e97e4d46fa0e3224d24a4e2b42cbbb,f83baf5732ffbf88b9a448a3d9ab9fa270f7495fe44d1559c1ac49795a30881a,2bbf5eba419b0650693f1e88326107bf9a346c68,persistence_corrected_2bbf5eba419b_6ed147cd_f83baf57
Persistence,1,3,2023-09-12,2023-09-13,14.26,15.7,1.4399999999999995,1.4399999999999995,2.0735999999999986,0,0,0,6ed147cd585e5e8083292683f9be3cf585e97e4d46fa0e3224d24a4e2b42cbbb,f83baf5732ffbf88b9a448a3d9ab9fa270f7495fe44d1559c1ac49795a30881a,2bbf5eba419b0650693f1e88326107bf9a346c68,persistence_corrected_2bbf5eba419b_6ed147cd_f83baf57
Persistence,1,3,2023-09-13,2023-09-14,12.28,14.26,1.9800000000000004,1.9800000000000004,3.9204000000000017,0,0,0,6ed147cd585e5e8083292683f9be3cf585e97e4d46fa0e3224d24a4e2b42cbbb,f83baf5732ffbf88b9a448a3d9ab9fa270f7495fe44d1559c1ac49795a30881a,2bbf5eba419b0650693f1e88326107bf9a346c68,persistence_corrected_2bbf5eba419b_6ed147cd_f83baf57
Persistence,1,3,2023-09-14,2023-09-15,12.04,12.28,0.2400000000000002,0.2400000000000002,0.0576000000000001,0,0,0,6ed147cd585e5e8083292683f9be3cf585e97e4d46fa0e3224d24a4e2b42cbbb,f83baf5732ffbf88b9a448a3d9ab9fa270f7495fe44d1559c1ac49795a30881a,2bbf5eba419b0650693f1e88326107bf9a346c68,persistence_corrected_2bbf5eba419b_6ed147cd_f83baf57
Persistence,1,3,2023-09-15,2023-09-16,9.19,12.04,2.8499999999999996,2.8499999999999996,8.122499999999999,0,0,0,6ed147cd585e5e8083292683f9be3cf585e97e4d46fa0e3224d24a4e2b42cbbb,f83baf5732ffbf88b9a448a3d9ab9fa270f7495fe44d1559c1ac49795a30881a,2bbf5eba419b0650693f1e88326107bf9a346c68,persistence_corrected_2bbf5eba419b_6ed147cd_f83baf57
Persistence,1,3,2023-09-16,2023-09-17,10.2,9.19,-1.0099999999999998,1.0099999999999998,1.0200999999999996,0,0,0,6ed147cd585e5e8083292683f9be3cf585e97e4d46fa0e3224d24a4e2b42cbbb,f83baf5732ffbf88b9a448a3d9ab9fa270f7495fe44d1559c1ac49795a30881a,2bbf5eba419b0650693f1e88326107bf9a346c68,persistence_corrected_2bbf5eba419b_6ed147cd_f83baf57
Persistence,1,3,2023-09-17,2023-09-18,7.15,10.2,3.049999999999999,3.049999999999999,9.302499999999993,0,0,0,6ed147cd585e5e8083292683f9be3cf585e97e4d46fa0e3224d24a4e2b42cbbb,f83baf5732ffbf88b9a448a3d9ab9fa270f7495fe44d1559c1ac49795a30881a,2bbf5eba419b0650693f1e88326107bf9a346c68,persistence_corrected_2bbf5eba419b_6ed147cd_f83baf57
Persistence,1,3,2023-09-18,2023-09-19,12.17,7.15,-5.02,5.02,25.200399999999995,0,0,0,6ed147cd585e5e8083292683f9be3cf585e97e4d46fa0e3224d24a4e2b42cbbb,f83baf5732ffbf88b9a448a3d9ab9fa270f7495fe44d1559c1ac49795a30881a,2bbf5eba419b0650693f1e88326107bf9a346c68,persistence_corrected_2bbf5eba419b_6ed147cd_f83baf57
Persistence,1,3,2023-09-19,2023-09-20,11.05,12.17,1.1199999999999992,1.1199999999999992,1.2543999999999982,0,0,0,6ed147cd585e5e8083292683f9be3cf585e97e4d46fa0e3224d24a4e2b42cbbb,f83baf5732ffbf88b9a448a3d9ab9fa270f7495fe44d1559c1ac49795a30881a,2bbf5eba419b0650693f1e88326107bf9a346c68,persistence_corrected_2bbf5eba419b_6ed147cd_f83baf57
Persistence,1,3,2023-09-20,2023-09-21,11.64,11.05,-0.5899999999999999,0.5899999999999999,0.34809999999999985,0,0,0,6ed147cd585e5e8083292683f9be3cf585e97e4d46fa0e3224d24a4e2b42cbbb,f83baf5732ffbf88b9a448a3d9ab9fa270f7495fe44d1559c1ac49795a30881a,2bbf5eba419b0650693f1e88326107bf9a346c68,persistence_corrected_2bbf5eba419b_6ed147cd_f83baf57
Persistence,1,3,2023-09-21,2023-09-22,11.64,11.64,0.0,0.0,0.0,0,0,0,6ed147cd585e5e8083292683f9be3cf585e97e4d46fa0e3224d24a4e2b42cbbb,f83baf5732ffbf88b9a448a3d9ab9fa270f7495fe44d1559c1ac49795a30881a,2bbf5eba419b0650693f1e88326107bf9a346c68,persistence_corrected_2bbf5eba419b_6ed147cd_f83baf57
Persistence,1,3,2023-09-22,2023-09-23,10.4,11.64,1.2400000000000002,1.2400000000000002,1.5376000000000005,0,0,0,6ed147cd585e5e8083292683f9be3cf585e97e4d46fa0e3224d24a4e2b42cbbb,f83baf5732ffbf88b9a448a3d9ab9fa270f7495fe44d1559c1ac49795a30881a,2bbf5eba419b0650693f1e88326107bf9a346c68,persistence_corrected_2bbf5eba419b_6ed147cd_f83baf57
Persistence,1,3,2023-09-23,2023-09-24,9.74,10.4,0.6600000000000001,0.6600000000000001,0.4356000000000002,0,0,0,6ed147cd585e5e8083292683f9be3cf585e97e4d46fa0e3224d24a4e2b42cbbb,f83baf5732ffbf88b9a448a3d9ab9fa270f7495fe44d1559c1ac49795a30881a,2bbf5eba419b0650693f1e88326107bf9a346c68,persistence_corrected_2bbf5eba419b_6ed147cd_f83baf57
Persistence,1,3,2023-09-24,2023-09-25,12.97,9.74,-3.2300000000000004,3.2300000000000004,10.432900000000004,0,0,0,6ed147cd585e5e8083292683f9be3cf585e97e4d46fa0e3224d24a4e2b42cbbb,f83baf5732ffbf88b9a448a3d9ab9fa270f7495fe44d1559c1ac49795a30881a,2bbf5eba419b0650693f1e88326107bf9a346c68,persistence_corrected_2bbf5eba419b_6ed147cd_f83baf57
Persistence,1,3,2023-09-25,2023-09-26,15.56,12.97,-2.59,2.59,6.708099999999999,1,0,0,6ed147cd585e5e8083292683f9be3cf585e97e4d46fa0e3224d24a4e2b42cbbb,f83baf5732ffbf88b9a448a3d9ab9fa270f7495fe44d1559c1ac49795a30881a,2bbf5eba419b0650693f1e88326107bf9a346c68,persistence_corrected_2bbf5eba419b_6ed147cd_f83baf57
Persistence,1,3,2023-09-26,2023-09-27,17.56,15.56,-1.9999999999999982,1.9999999999999982,3.999999999999993,1,1,1,6ed147cd585e5e8083292683f9be3cf585e97e4d46fa0e3224d24a4e2b42cbbb,f83baf5732ffbf88b9a448a3d9ab9fa270f7495fe44d1559c1ac49795a30881a,2bbf5eba419b0650693f1e88326107bf9a346c68,persistence_corrected_2bbf5eba419b_6ed147cd_f83baf57
Persistence,1,3,2023-09-27,2023-09-28,16.58,17.56,0.9800000000000004,0.9800000000000004,0.9604000000000008,1,1,0,6ed147cd585e5e8083292683f9be3cf585e97e4d46fa0e3224d24a4e2b42cbbb,f83baf5732ffbf88b9a448a3d9ab9fa270f7495fe44d1559c1ac49795a30881a,2bbf5eba419b0650693f1e88326107bf9a346c68,persistence_corrected_2bbf5eba419b_6ed147cd_f83baf57
Persistence,1,3,2023-09-28,2023-09-29,16.36,16.58,0.21999999999999886,0.21999999999999886,0.0483999999999995,1,1,0,6ed147cd585e5e8083292683f9be3cf585e97e4d46fa0e3224d24a4e2b42cbbb,f83baf5732ffbf88b9a448a3d9ab9fa270f7495fe44d1559c1ac49795a30881a,2bbf5eba419b0650693f1e88326107bf9a346c68,persistence_corrected_2bbf5eba419b_6ed147cd_f83baf57
Persistence,1,3,2023-09-29,2023-09-30,15.98,16.36,0.379999999999999,0.379999999999999,0.14439999999999925,1,0,0,6ed147cd585e5e8083292683f9be3cf585e97e4d46fa0e3224d24a4e2b42cbbb,f83baf5732ffbf88b9a448a3d9ab9fa270f7495fe44d1559c1ac49795a30881a,2bbf5eba419b0650693f1e88326107bf9a346c68,persistence_corrected_2bbf5eba419b_6ed147cd_f83baf57
Persistence,1,3,2023-09-30,2023-10-01,10.13,15.98,5.85,5.85,34.2225,0,0,0,6ed147cd585e5e8083292683f9be3cf585e97e4d46fa0e3224d24a4e2b42cbbb,f83baf5732ffbf88b9a448a3d9ab9fa270f7495fe44d1559c1ac49795a30881a,2bbf5eba419b0650693f1e88326107bf9a346c68,persistence_corrected_2bbf5eba419b_6ed147cd_f83baf57
Persistence,1,3,2023-10-01,2023-10-02,10.34,10.13,-0.20999999999999908,0.20999999999999908,0.04409999999999961,0,0,0,6ed147cd585e5e8083292683f9be3cf585e97e4d46fa0e3224d24a4e2b42cbbb,f83baf5732ffbf88b9a448a3d9ab9fa270f7495fe44d1559c1ac49795a30881a,2bbf5eba419b0650693f1e88326107bf9a346c68,persistence_corrected_2bbf5eba419b_6ed147cd_f83baf57
Persistence,1,3,2023-10-02,2023-10-03,15.53,10.34,-5.1899999999999995,5.1899999999999995,26.936099999999996,1,0,0,6ed147cd585e5e8083292683f9be3cf585e97e4d46fa0e3224d24a4e2b42cbbb,f83baf5732ffbf88b9a448a3d9ab9fa270f7495fe44d1559c1ac49795a30881a,2bbf5eba419b0650693f1e88326107bf9a346c68,persistence_corrected_2bbf5eba419b_6ed147cd_f83baf57
Persistence,1,3,2023-10-03,2023-10-04,17.11,15.53,-1.58,1.58,2.4964000000000004,1,1,1,6ed147cd585e5e8083292683f9be3cf585e97e4d46fa0e3224d24a4e2b42cbbb,f83baf5732ffbf88b9a448a3d9ab9fa270f7495fe44d1559c1ac49795a30881a,2bbf5eba419b0650693f1e88326107bf9a346c68,persistence_corrected_2bbf5eba419b_6ed147cd_f83baf57
Persistence,1,3,2023-10-04,2023-10-05,17.09,17.11,0.019999999999999574,0.019999999999999574,0.00039999999999998294,1,1,1,6ed147cd585e5e8083292683f9be3cf585e97e4d46fa0e3224d24a4e2b42cbbb,f83baf5732ffbf88b9a448a3d9ab9fa270f7495fe44d1559c1ac49795a30881a,2bbf5eba419b0650693f1e88326107bf9a346c68,persistence_corrected_2bbf5eba419b_6ed147cd_f83baf57
Persistence,1,3,2023-10-05,2023-10-06,14.6,17.09,2.49,2.49,6.200100000000001,0,0,0,6ed147cd585e5e8083292683f9be3cf585e97e4d46fa0e3224d24a4e2b42cbbb,f83baf5732ffbf88b9a448a3d9ab9fa270f7495fe44d1559c1ac49795a30881a,2bbf5eba419b0650693f1e88326107bf9a346c68,persistence_corrected_2bbf5eba419b_6ed147cd_f83baf57
Persistence,1,3,2023-10-06,2023-10-07,15.72,14.6,-1.120000000000001,1.120000000000001,1.2544000000000022,1,0,0,6ed147cd585e5e8083292683f9be3cf585e97e4d46fa0e3224d24a4e2b42cbbb,f83baf5732ffbf88b9a448a3d9ab9fa270f7495fe44d1559c1ac49795a30881a,2bbf5eba419b0650693f1e88326107bf9a346c68,persistence_corrected_2bbf5eba419b_6ed147cd_f83baf57
Persistence,1,3,2023-10-07,2023-10-08,16.32,15.72,-0.5999999999999996,0.5999999999999996,0.3599999999999996,1,1,0,6ed147cd585e5e8083292683f9be3cf585e97e4d46fa0e3224d24a4e2b42cbbb,f83baf5732ffbf88b9a448a3d9ab9fa270f7495fe44d1559c1ac49795a30881a,2bbf5eba419b0650693f1e88326107bf9a346c68,persistence_corrected_2bbf5eba419b_6ed147cd_f83baf57
Persistence,1,3,2023-10-08,2023-10-09,13.67,16.32,2.6500000000000004,2.6500000000000004,7.022500000000002,0,0,0,6ed147cd585e5e8083292683f9be3cf585e97e4d46fa0e3224d24a4e2b42cbbb,f83baf5732ffbf88b9a448a3d9ab9fa270f7495fe44d1559c1ac49795a30881a,2bbf5eba419b0650693f1e88326107bf9a346c68,persistence_corrected_2bbf5eba419b_6ed147cd_f83baf57
Persistence,1,3,2023-10-09,2023-10-10,11.98,13.67,1.6899999999999995,1.6899999999999995,2.8560999999999983,0,0,0,6ed147cd585e5e8083292683f9be3cf585e97e4d46fa0e3224d24a4e2b42cbbb,f83baf5732ffbf88b9a448a3d9ab9fa270f7495fe44d1559c1ac49795a30881a,2bbf5eba419b0650693f1e88326107bf9a346c68,persistence_corrected_2bbf5eba419b_6ed147cd_f83baf57
Persistence,1,3,2023-10-10,2023-10-11,10.32,11.98,1.6600000000000001,1.6600000000000001,2.7556000000000003,0,0,0,6ed147cd585e5e8083292683f9be3cf585e97e4d46fa0e3224d24a4e2b42cbbb,f83baf5732ffbf88b9a448a3d9ab9fa270f7495fe44d1559c1ac49795a30881a,2bbf5eba419b0650693f1e88326107bf9a346c68,persistence_corrected_2bbf5eba419b_6ed147cd_f83baf57
Persistence,1,3,2023-10-11,2023-10-12,17.41,10.32,-7.09,7.09,50.2681,1,1,1,6ed147cd585e5e8083292683f9be3cf585e97e4d46fa0e3224d24a4e2b42cbbb,f83baf5732ffbf88b9a448a3d9ab9fa270f7495fe44d1559c1ac49795a30881a,2bbf5eba419b0650693f1e88326107bf9a346c68,persistence_corrected_2bbf5eba419b_6ed147cd_f83baf57
Persistence,1,3,2023-10-12,2023-10-13,17.69,17.41,-0.28000000000000114,0.28000000000000114,0.07840000000000064,1,1,1,6ed147cd585e5e8083292683f9be3cf585e97e4d46fa0e3224d24a4e2b42cbbb,f83baf5732ffbf88b9a448a3d9ab9fa270f7495fe44d1559c1ac49795a30881a,2bbf5eba419b0650693f1e88326107bf9a346c68,persistence_corrected_2bbf5eba419b_6ed147cd_f83baf57
Persistence,1,3,2023-10-13,2023-10-14,16.43,17.69,1.2600000000000016,1.2600000000000016,1.587600000000004,1,1,0,6ed147cd585e5e8083292683f9be3cf585e97e4d46fa0e3224d24a4e2b42cbbb,f83baf5732ffbf88b9a448a3d9ab9fa270f7495fe44d1559c1ac49795a30881a,2bbf5eba419b0650693f1e88326107bf9a346c68,persistence_corrected_2bbf5eba419b_6ed147cd_f83baf57
Persistence,1,3,2023-10-14,2023-10-15,16.92,16.43,-0.490000000000002,0.490000000000002,0.24010000000000195,1,1,0,6ed147cd585e5e8083292683f9be3cf585e97e4d46fa0e3224d24a4e2b42cbbb,f83baf5732ffbf88b9a448a3d9ab9fa270f7495fe44d1559c1ac49795a30881a,2bbf5eba419b0650693f1e88326107bf9a346c68,persistence_corrected_2bbf5eba419b_6ed147cd_f83baf57
Persistence,1,3,2023-10-15,2023-10-16,16.98,16.92,-0.05999999999999872,0.05999999999999872,0.0035999999999998464,1,1,0,6ed147cd585e5e8083292683f9be3cf585e97e4d46fa0e3224d24a4e2b42cbbb,f83baf5732ffbf88b9a448a3d9ab9fa270f7495fe44d1559c1ac49795a30881a,2bbf5eba419b0650693f1e88326107bf9a346c68,persistence_corrected_2bbf5eba419b_6ed147cd_f83baf57
Persistence,1,3,2023-10-16,2023-10-17,16.64,16.98,0.33999999999999986,0.33999999999999986,0.1155999999999999,1,1,0,6ed147cd585e5e8083292683f9be3cf585e97e4d46fa0e3224d24a4e2b42cbbb,f83baf5732ffbf88b9a448a3d9ab9fa270f7495fe44d1559c1ac49795a30881a,2bbf5eba419b0650693f1e88326107bf9a346c68,persistence_corrected_2bbf5eba419b_6ed147cd_f83baf57
Persistence,1,3,2023-10-17,2023-10-18,16.4,16.64,0.240000000000002,0.240000000000002,0.057600000000000956,1,1,0,6ed147cd585e5e8083292683f9be3cf585e97e4d46fa0e3224d24a4e2b42cbbb,f83baf5732ffbf88b9a448a3d9ab9fa270f7495fe44d1559c1ac49795a30881a,2bbf5eba419b0650693f1e88326107bf9a346c68,persistence_corrected_2bbf5eba419b_6ed147cd_f83baf57
Persistence,1,3,2023-10-18,2023-10-19,16.8,16.4,-0.40000000000000213,0.40000000000000213,0.1600000000000017,1,1,0,6ed147cd585e5e8083292683f9be3cf585e97e4d46fa0e3224d24a4e2b42cbbb,f83baf5732ffbf88b9a448a3d9ab9fa270f7495fe44d1559c1ac49795a30881a,2bbf5eba419b0650693f1e88326107bf9a346c68,persistence_corrected_2bbf5eba419b_6ed147cd_f83baf57
Persistence,1,3,2023-10-19,2023-10-20,17.82,16.8,-1.0199999999999996,1.0199999999999996,1.040399999999999,1,1,1,6ed147cd585e5e8083292683f9be3cf585e97e4d46fa0e3224d24a4e2b42cbbb,f83baf5732ffbf88b9a448a3d9ab9fa270f7495fe44d1559c1ac49795a30881a,2bbf5eba419b0650693f1e88326107bf9a346c68,persistence_corrected_2bbf5eba419b_6ed147cd_f83baf57
Persistence,1,3,2023-10-20,2023-10-21,16.32,17.82,1.5,1.5,2.25,1,1,0,6ed147cd585e5e8083292683f9be3cf585e97e4d46fa0e3224d24a4e2b42cbbb,f83baf5732ffbf88b9a448a3d9ab9fa270f7495fe44d1559c1ac49795a30881a,2bbf5eba419b0650693f1e88326107bf9a346c68,persistence_corrected_2bbf5eba419b_6ed147cd_f83baf57
Persistence,1,3,2023-10-21,2023-10-22,13.3,16.32,3.0199999999999996,3.0199999999999996,9.120399999999998,0,0,0,6ed147cd585e5e8083292683f9be3cf585e97e4d46fa0e3224d24a4e2b42cbbb,f83baf5732ffbf88b9a448a3d9ab9fa270f7495fe44d1559c1ac49795a30881a,2bbf5eba419b0650693f1e88326107bf9a346c68,persistence_corrected_2bbf5eba419b_6ed147cd_f83baf57
Persistence,1,3,2023-10-22,2023-10-23,15.79,13.3,-2.4899999999999984,2.4899999999999984,6.200099999999992,1,0,0,6ed147cd585e5e8083292683f9be3cf585e97e4d46fa0e3224d24a4e2b42cbbb,f83baf5732ffbf88b9a448a3d9ab9fa270f7495fe44d1559c1ac49795a30881a,2bbf5eba419b0650693f1e88326107bf9a346c68,persistence_corrected_2bbf5eba419b_6ed147cd_f83baf57
Persistence,1,3,2023-10-23,2023-10-24,15.18,15.79,0.6099999999999994,0.6099999999999994,0.3720999999999993,1,0,0,6ed147cd585e5e8083292683f9be3cf585e97e4d46fa0e3224d24a4e2b42cbbb,f83baf5732ffbf88b9a448a3d9ab9fa270f7495fe44d1559c1ac49795a30881a,2bbf5eba419b0650693f1e88326107bf9a346c68,persistence_corrected_2bbf5eba419b_6ed147cd_f83baf57
Persistence,1,3,2023-10-24,2023-10-25,17.23,15.18,-2.0500000000000007,2.0500000000000007,4.202500000000003,1,1,1,6ed147cd585e5e8083292683f9be3cf585e97e4d46fa0e3224d24a4e2b42cbbb,f83baf5732ffbf88b9a448a3d9ab9fa270f7495fe44d1559c1ac49795a30881a,2bbf5eba419b0650693f1e88326107bf9a346c68,persistence_corrected_2bbf5eba419b_6ed147cd_f83baf57
Persistence,1,3,2023-10-25,2023-10-26,17.98,17.23,-0.75,0.75,0.5625,1,1,1,6ed147cd585e5e8083292683f9be3cf585e97e4d46fa0e3224d24a4e2b42cbbb,f83baf5732ffbf88b9a448a3d9ab9fa270f7495fe44d1559c1ac49795a30881a,2bbf5eba419b0650693f1e88326107bf9a346c68,persistence_corrected_2bbf5eba419b_6ed147cd_f83baf57
Persistence,1,3,2023-10-26,2023-10-27,16.37,17.98,1.6099999999999994,1.6099999999999994,2.592099999999998,1,1,0,6ed147cd585e5e8083292683f9be3cf585e97e4d46fa0e3224d24a4e2b42cbbb,f83baf5732ffbf88b9a448a3d9ab9fa270f7495fe44d1559c1ac49795a30881a,2bbf5eba419b0650693f1e88326107bf9a346c68,persistence_corrected_2bbf5eba419b_6ed147cd_f83baf57
Persistence,1,3,2023-10-27,2023-10-28,16.44,16.37,-0.07000000000000028,0.07000000000000028,0.00490000000000004,1,1,0,6ed147cd585e5e8083292683f9be3cf585e97e4d46fa0e3224d24a4e2b42cbbb,f83baf5732ffbf88b9a448a3d9ab9fa270f7495fe44d1559c1ac49795a30881a,2bbf5eba419b0650693f1e88326107bf9a346c68,persistence_corrected_2bbf5eba419b_6ed147cd_f83baf57
Persistence,1,3,2023-10-28,2023-10-29,14.12,16.44,2.320000000000002,2.320000000000002,5.382400000000009,0,0,0,6ed147cd585e5e8083292683f9be3cf585e97e4d46fa0e3224d24a4e2b42cbbb,f83baf5732ffbf88b9a448a3d9ab9fa270f7495fe44d1559c1ac49795a30881a,2bbf5eba419b0650693f1e88326107bf9a346c68,persistence_corrected_2bbf5eba419b_6ed147cd_f83baf57
Persistence,1,3,2023-10-29,2023-10-30,15.59,14.12,-1.4700000000000006,1.4700000000000006,2.160900000000002,1,0,0,6ed147cd585e5e8083292683f9be3cf585e97e4d46fa0e3224d24a4e2b42cbbb,f83baf5732ffbf88b9a448a3d9ab9fa270f7495fe44d1559c1ac49795a30881a,2bbf5eba419b0650693f1e88326107bf9a346c68,persistence_corrected_2bbf5eba419b_6ed147cd_f83baf57
Persistence,1,3,2023-10-30,2023-10-31,17.76,15.59,-2.1700000000000017,2.1700000000000017,4.708900000000007,1,1,1,6ed147cd585e5e8083292683f9be3cf585e97e4d46fa0e3224d24a4e2b42cbbb,f83baf5732ffbf88b9a448a3d9ab9fa270f7495fe44d1559c1ac49795a30881a,2bbf5eba419b0650693f1e88326107bf9a346c68,persistence_corrected_2bbf5eba419b_6ed147cd_f83baf57
Persistence,3,1,2021-10-12,2021-10-15,15.1,12.77,-2.33,2.33,5.4289000000000005,1,0,0,6ed147cd585e5e8083292683f9be3cf585e97e4d46fa0e3224d24a4e2b42cbbb,f83baf5732ffbf88b9a448a3d9ab9fa270f7495fe44d1559c1ac49795a30881a,2bbf5eba419b0650693f1e88326107bf9a346c68,persistence_corrected_2bbf5eba419b_6ed147cd_f83baf57
Persistence,3,1,2021-10-13,2021-10-16,11.35,14.23,2.880000000000001,2.880000000000001,8.294400000000005,0,0,0,6ed147cd585e5e8083292683f9be3cf585e97e4d46fa0e3224d24a4e2b42cbbb,f83baf5732ffbf88b9a448a3d9ab9fa270f7495fe44d1559c1ac49795a30881a,2bbf5eba419b0650693f1e88326107bf9a346c68,persistence_corrected_2bbf5eba419b_6ed147cd_f83baf57
Persistence,3,1,2021-10-14,2021-10-17,11.58,16.94,5.360000000000001,5.360000000000001,28.729600000000012,0,0,0,6ed147cd585e5e8083292683f9be3cf585e97e4d46fa0e3224d24a4e2b42cbbb,f83baf5732ffbf88b9a448a3d9ab9fa270f7495fe44d1559c1ac49795a30881a,2bbf5eba419b0650693f1e88326107bf9a346c68,persistence_corrected_2bbf5eba419b_6ed147cd_f83baf57
Persistence,3,1,2021-10-15,2021-10-18,13.26,15.1,1.8399999999999999,1.8399999999999999,3.3855999999999993,0,0,0,6ed147cd585e5e8083292683f9be3cf585e97e4d46fa0e3224d24a4e2b42cbbb,f83baf5732ffbf88b9a448a3d9ab9fa270f7495fe44d1559c1ac49795a30881a,2bbf5eba419b0650693f1e88326107bf9a346c68,persistence_corrected_2bbf5eba419b_6ed147cd_f83baf57
Persistence,3,1,2021-10-16,2021-10-19,14.13,11.35,-2.780000000000001,2.780000000000001,7.728400000000006,0,0,0,6ed147cd585e5e8083292683f9be3cf585e97e4d46fa0e3224d24a4e2b42cbbb,f83baf5732ffbf88b9a448a3d9ab9fa270f7495fe44d1559c1ac49795a30881a,2bbf5eba419b0650693f1e88326107bf9a346c68,persistence_corrected_2bbf5eba419b_6ed147cd_f83baf57
Persistence,3,1,2021-10-17,2021-10-20,17.01,11.58,-5.4300000000000015,5.4300000000000015,29.484900000000017,1,1,1,6ed147cd585e5e8083292683f9be3cf585e97e4d46fa0e3224d24a4e2b42cbbb,f83baf5732ffbf88b9a448a3d9ab9fa270f7495fe44d1559c1ac49795a30881a,2bbf5eba419b0650693f1e88326107bf9a346c68,persistence_corrected_2bbf5eba419b_6ed147cd_f83baf57
Persistence,3,1,2021-10-18,2021-10-21,14.11,13.26,-0.8499999999999996,0.8499999999999996,0.7224999999999994,0,0,0,6ed147cd585e5e8083292683f9be3cf585e97e4d46fa0e3224d24a4e2b42cbbb,f83baf5732ffbf88b9a448a3d9ab9fa270f7495fe44d1559c1ac49795a30881a,2bbf5eba419b0650693f1e88326107bf9a346c68,persistence_corrected_2bbf5eba419b_6ed147cd_f83baf57
Persistence,3,1,2021-10-19,2021-10-22,13.32,14.13,0.8100000000000005,0.8100000000000005,0.6561000000000008,0,0,0,6ed147cd585e5e8083292683f9be3cf585e97e4d46fa0e3224d24a4e2b42cbbb,f83baf5732ffbf88b9a448a3d9ab9fa270f7495fe44d1559c1ac49795a30881a,2bbf5eba419b0650693f1e88326107bf9a346c68,persistence_corrected_2bbf5eba419b_6ed147cd_f83baf57
Persistence,3,1,2021-10-20,2021-10-23,14.24,17.01,2.7700000000000014,2.7700000000000014,7.672900000000007,0,0,0,6ed147cd585e5e8083292683f9be3cf585e97e4d46fa0e3224d24a4e2b42cbbb,f83baf5732ffbf88b9a448a3d9ab9fa270f7495fe44d1559c1ac49795a30881a,2bbf5eba419b0650693f1e88326107bf9a346c68,persistence_corrected_2bbf5eba419b_6ed147cd_f83baf57
Persistence,3,1,2021-10-21,2021-10-24,15.48,14.11,-1.370000000000001,1.370000000000001,1.8769000000000027,1,0,0,6ed147cd585e5e8083292683f9be3cf585e97e4d46fa0e3224d24a4e2b42cbbb,f83baf5732ffbf88b9a448a3d9ab9fa270f7495fe44d1559c1ac49795a30881a,2bbf5eba419b0650693f1e88326107bf9a346c68,persistence_corrected_2bbf5eba419b_6ed147cd_f83baf57
Persistence,3,1,2021-10-22,2021-10-25,19.6,13.32,-6.280000000000001,6.280000000000001,39.438400000000016,1,1,1,6ed147cd585e5e8083292683f9be3cf585e97e4d46fa0e3224d24a4e2b42cbbb,f83baf5732ffbf88b9a448a3d9ab9fa270f7495fe44d1559c1ac49795a30881a,2bbf5eba419b0650693f1e88326107bf9a346c68,persistence_corrected_2bbf5eba419b_6ed147cd_f83baf57
Persistence,3,1,2021-10-23,2021-10-26,15.56,14.24,-1.3200000000000003,1.3200000000000003,1.7424000000000008,1,0,0,6ed147cd585e5e8083292683f9be3cf585e97e4d46fa0e3224d24a4e2b42cbbb,f83baf5732ffbf88b9a448a3d9ab9fa270f7495fe44d1559c1ac49795a30881a,2bbf5eba419b0650693f1e88326107bf9a346c68,persistence_corrected_2bbf5eba419b_6ed147cd_f83baf57
Persistence,3,1,2021-10-24,2021-10-27,13.31,15.48,2.17,2.17,4.7089,0,0,0,6ed147cd585e5e8083292683f9be3cf585e97e4d46fa0e3224d24a4e2b42cbbb,f83baf5732ffbf88b9a448a3d9ab9fa270f7495fe44d1559c1ac49795a30881a,2bbf5eba419b0650693f1e88326107bf9a346c68,persistence_corrected_2bbf5eba419b_6ed147cd_f83baf57
Persistence,3,1,2021-10-25,2021-10-28,15.19,19.6,4.410000000000002,4.410000000000002,19.448100000000018,1,0,0,6ed147cd585e5e8083292683f9be3cf585e97e4d46fa0e3224d24a4e2b42cbbb,f83baf5732ffbf88b9a448a3d9ab9fa270f7495fe44d1559c1ac49795a30881a,2bbf5eba419b0650693f1e88326107bf9a346c68,persistence_corrected_2bbf5eba419b_6ed147cd_f83baf57
Persistence,3,1,2021-10-26,2021-10-29,17.0,15.56,-1.4399999999999995,1.4399999999999995,2.0735999999999986,1,1,1,6ed147cd585e5e8083292683f9be3cf585e97e4d46fa0e3224d24a4e2b42cbbb,f83baf5732ffbf88b9a448a3d9ab9fa270f7495fe44d1559c1ac49795a30881a,2bbf5eba419b0650693f1e88326107bf9a346c68,persistence_corrected_2bbf5eba419b_6ed147cd_f83baf57
Persistence,3,1,2021-10-27,2021-10-30,15.17,13.31,-1.8599999999999994,1.8599999999999994,3.459599999999998,1,0,0,6ed147cd585e5e8083292683f9be3cf585e97e4d46fa0e3224d24a4e2b42cbbb,f83baf5732ffbf88b9a448a3d9ab9fa270f7495fe44d1559c1ac49795a30881a,2bbf5eba419b0650693f1e88326107bf9a346c68,persistence_corrected_2bbf5eba419b_6ed147cd_f83baf57
Persistence,3,1,2021-10-28,2021-10-31,14.34,15.19,0.8499999999999996,0.8499999999999996,0.7224999999999994,0,0,0,6ed147cd585e5e8083292683f9be3cf585e97e4d46fa0e3224d24a4e2b42cbbb,f83baf5732ffbf88b9a448a3d9ab9fa270f7495fe44d1559c1ac49795a30881a,2bbf5eba419b0650693f1e88326107bf9a346c68,persistence_corrected_2bbf5eba419b_6ed147cd_f83baf57
Persistence,3,1,2021-10-29,2021-11-01,15.41,17.0,1.5899999999999999,1.5899999999999999,2.5280999999999993,1,0,0,6ed147cd585e5e8083292683f9be3cf585e97e4d46fa0e3224d24a4e2b42cbbb,f83baf5732ffbf88b9a448a3d9ab9fa270f7495fe44d1559c1ac49795a30881a,2bbf5eba419b0650693f1e88326107bf9a346c68,persistence_corrected_2bbf5eba419b_6ed147cd_f83baf57
Persistence,3,1,2021-10-30,2021-11-02,15.17,15.17,0.0,0.0,0.0,1,0,0,6ed147cd585e5e8083292683f9be3cf585e97e4d46fa0e3224d24a4e2b42cbbb,f83baf5732ffbf88b9a448a3d9ab9fa270f7495fe44d1559c1ac49795a30881a,2bbf5eba419b0650693f1e88326107bf9a346c68,persistence_corrected_2bbf5eba419b_6ed147cd_f83baf57
Persistence,3,1,2021-10-31,2021-11-03,13.4,14.34,0.9399999999999995,0.9399999999999995,0.883599999999999,0,0,0,6ed147cd585e5e8083292683f9be3cf585e97e4d46fa0e3224d24a4e2b42cbbb,f83baf5732ffbf88b9a448a3d9ab9fa270f7495fe44d1559c1ac49795a30881a,2bbf5eba419b0650693f1e88326107bf9a346c68,persistence_corrected_2bbf5eba419b_6ed147cd_f83baf57
Persistence,3,1,2021-11-01,2021-11-04,15.12,15.41,0.2900000000000009,0.2900000000000009,0.08410000000000054,1,0,0,6ed147cd585e5e8083292683f9be3cf585e97e4d46fa0e3224d24a4e2b42cbbb,f83baf5732ffbf88b9a448a3d9ab9fa270f7495fe44d1559c1ac49795a30881a,2bbf5eba419b0650693f1e88326107bf9a346c68,persistence_corrected_2bbf5eba419b_6ed147cd_f83baf57
Persistence,3,1,2021-11-02,2021-11-05,12.8,15.17,2.369999999999999,2.369999999999999,5.616899999999997,0,0,0,6ed147cd585e5e8083292683f9be3cf585e97e4d46fa0e3224d24a4e2b42cbbb,f83baf5732ffbf88b9a448a3d9ab9fa270f7495fe44d1559c1ac49795a30881a,2bbf5eba419b0650693f1e88326107bf9a346c68,persistence_corrected_2bbf5eba419b_6ed147cd_f83baf57
Persistence,3,1,2021-11-03,2021-11-06,12.34,13.4,1.0600000000000005,1.0600000000000005,1.123600000000001,0,0,0,6ed147cd585e5e8083292683f9be3cf585e97e4d46fa0e3224d24a4e2b42cbbb,f83baf5732ffbf88b9a448a3d9ab9fa270f7495fe44d1559c1ac49795a30881a,2bbf5eba419b0650693f1e88326107bf9a346c68,persistence_corrected_2bbf5eba419b_6ed147cd_f83baf57
Persistence,3,1,2021-11-04,2021-11-07,13.03,15.12,2.09,2.09,4.368099999999999,0,0,0,6ed147cd585e5e8083292683f9be3cf585e97e4d46fa0e3224d24a4e2b42cbbb,f83baf5732ffbf88b9a448a3d9ab9fa270f7495fe44d1559c1ac49795a30881a,2bbf5eba419b0650693f1e88326107bf9a346c68,persistence_corrected_2bbf5eba419b_6ed147cd_f83baf57
Persistence,3,1,2021-11-05,2021-11-08,13.2,12.8,-0.3999999999999986,0.3999999999999986,0.15999999999999887,0,0,0,6ed147cd585e5e8083292683f9be3cf585e97e4d46fa0e3224d24a4e2b42cbbb,f83baf5732ffbf88b9a448a3d9ab9fa270f7495fe44d1559c1ac49795a30881a,2bbf5eba419b0650693f1e88326107bf9a346c68,persistence_corrected_2bbf5eba419b_6ed147cd_f83baf57
Persistence,3,1,2021-11-06,2021-11-09,14.39,12.34,-2.0500000000000007,2.0500000000000007,4.202500000000003,0,0,0,6ed147cd585e5e8083292683f9be3cf585e97e4d46fa0e3224d24a4e2b42cbbb,f83baf5732ffbf88b9a448a3d9ab9fa270f7495fe44d1559c1ac49795a30881a,2bbf5eba419b0650693f1e88326107bf9a346c68,persistence_corrected_2bbf5eba419b_6ed147cd_f83baf57
Persistence,3,1,2021-11-07,2021-11-10,11.54,13.03,1.4900000000000002,1.4900000000000002,2.220100000000001,0,0,0,6ed147cd585e5e8083292683f9be3cf585e97e4d46fa0e3224d24a4e2b42cbbb,f83baf5732ffbf88b9a448a3d9ab9fa270f7495fe44d1559c1ac49795a30881a,2bbf5eba419b0650693f1e88326107bf9a346c68,persistence_corrected_2bbf5eba419b_6ed147cd_f83baf57
Persistence,3,1,2021-11-08,2021-11-11,12.82,13.2,0.379999999999999,0.379999999999999,0.14439999999999925,0,0,0,6ed147cd585e5e8083292683f9be3cf585e97e4d46fa0e3224d24a4e2b42cbbb,f83baf5732ffbf88b9a448a3d9ab9fa270f7495fe44d1559c1ac49795a30881a,2bbf5eba419b0650693f1e88326107bf9a346c68,persistence_corrected_2bbf5eba419b_6ed147cd_f83baf57
Persistence,3,1,2021-11-09,2021-11-12,13.54,14.39,0.8500000000000014,0.8500000000000014,0.7225000000000024,0,0,0,6ed147cd585e5e8083292683f9be3cf585e97e4d46fa0e3224d24a4e2b42cbbb,f83baf5732ffbf88b9a448a3d9ab9fa270f7495fe44d1559c1ac49795a30881a,2bbf5eba419b0650693f1e88326107bf9a346c68,persistence_corrected_2bbf5eba419b_6ed147cd_f83baf57
Persistence,3,1,2021-11-10,2021-11-13,13.92,11.54,-2.380000000000001,2.380000000000001,5.664400000000004,0,0,0,6ed147cd585e5e8083292683f9be3cf585e97e4d46fa0e3224d24a4e2b42cbbb,f83baf5732ffbf88b9a448a3d9ab9fa270f7495fe44d1559c1ac49795a30881a,2bbf5eba419b0650693f1e88326107bf9a346c68,persistence_corrected_2bbf5eba419b_6ed147cd_f83baf57
Persistence,3,1,2021-11-11,2021-11-14,15.8,12.82,-2.9800000000000004,2.9800000000000004,8.880400000000003,1,0,0,6ed147cd585e5e8083292683f9be3cf585e97e4d46fa0e3224d24a4e2b42cbbb,f83baf5732ffbf88b9a448a3d9ab9fa270f7495fe44d1559c1ac49795a30881a,2bbf5eba419b0650693f1e88326107bf9a346c68,persistence_corrected_2bbf5eba419b_6ed147cd_f83baf57
Persistence,3,1,2021-11-12,2021-11-15,14.69,13.54,-1.1500000000000004,1.1500000000000004,1.322500000000001,0,0,0,6ed147cd585e5e8083292683f9be3cf585e97e4d46fa0e3224d24a4e2b42cbbb,f83baf5732ffbf88b9a448a3d9ab9fa270f7495fe44d1559c1ac49795a30881a,2bbf5eba419b0650693f1e88326107bf9a346c68,persistence_corrected_2bbf5eba419b_6ed147cd_f83baf57
Persistence,3,1,2021-11-13,2021-11-16,12.83,13.92,1.0899999999999999,1.0899999999999999,1.1880999999999997,0,0,0,6ed147cd585e5e8083292683f9be3cf585e97e4d46fa0e3224d24a4e2b42cbbb,f83baf5732ffbf88b9a448a3d9ab9fa270f7495fe44d1559c1ac49795a30881a,2bbf5eba419b0650693f1e88326107bf9a346c68,persistence_corrected_2bbf5eba419b_6ed147cd_f83baf57
Persistence,3,1,2021-11-14,2021-11-17,12.32,15.8,3.4800000000000004,3.4800000000000004,12.110400000000004,0,0,0,6ed147cd585e5e8083292683f9be3cf585e97e4d46fa0e3224d24a4e2b42cbbb,f83baf5732ffbf88b9a448a3d9ab9fa270f7495fe44d1559c1ac49795a30881a,2bbf5eba419b0650693f1e88326107bf9a346c68,persistence_corrected_2bbf5eba419b_6ed147cd_f83baf57
Persistence,3,1,2021-11-15,2021-11-18,17.99,14.69,-3.299999999999999,3.299999999999999,10.889999999999993,1,1,1,6ed147cd585e5e8083292683f9be3cf585e97e4d46fa0e3224d24a4e2b42cbbb,f83baf5732ffbf88b9a448a3d9ab9fa270f7495fe44d1559c1ac49795a30881a,2bbf5eba419b0650693f1e88326107bf9a346c68,persistence_corrected_2bbf5eba419b_6ed147cd_f83baf57
Persistence,3,1,2021-11-16,2021-11-19,17.94,12.83,-5.110000000000001,5.110000000000001,26.112100000000012,1,1,1,6ed147cd585e5e8083292683f9be3cf585e97e4d46fa0e3224d24a4e2b42cbbb,f83baf5732ffbf88b9a448a3d9ab9fa270f7495fe44d1559c1ac49795a30881a,2bbf5eba419b0650693f1e88326107bf9a346c68,persistence_corrected_2bbf5eba419b_6ed147cd_f83baf57
Persistence,3,1,2021-11-17,2021-11-20,11.8,12.32,0.5199999999999996,0.5199999999999996,0.27039999999999953,0,0,0,6ed147cd585e5e8083292683f9be3cf585e97e4d46fa0e3224d24a4e2b42cbbb,f83baf5732ffbf88b9a448a3d9ab9fa270f7495fe44d1559c1ac49795a30881a,2bbf5eba419b0650693f1e88326107bf9a346c68,persistence_corrected_2bbf5eba419b_6ed147cd_f83baf57
Persistence,3,1,2021-11-18,2021-11-21,11.89,17.99,6.099999999999998,6.099999999999998,37.20999999999997,0,0,0,6ed147cd585e5e8083292683f9be3cf585e97e4d46fa0e3224d24a4e2b42cbbb,f83baf5732ffbf88b9a448a3d9ab9fa270f7495fe44d1559c1ac49795a30881a,2bbf5eba419b0650693f1e88326107bf9a346c68,persistence_corrected_2bbf5eba419b_6ed147cd_f83baf57
Persistence,3,1,2021-11-19,2021-11-22,12.22,17.94,5.720000000000001,5.720000000000001,32.71840000000001,0,0,0,6ed147cd585e5e8083292683f9be3cf585e97e4d46fa0e3224d24a4e2b42cbbb,f83baf5732ffbf88b9a448a3d9ab9fa270f7495fe44d1559c1ac49795a30881a,2bbf5eba419b0650693f1e88326107bf9a346c68,persistence_corrected_2bbf5eba419b_6ed147cd_f83baf57
Persistence,3,1,2021-11-20,2021-11-23,13.13,11.8,-1.33,1.33,1.7689000000000001,0,0,0,6ed147cd585e5e8083292683f9be3cf585e97e4d46fa0e3224d24a4e2b42cbbb,f83baf5732ffbf88b9a448a3d9ab9fa270f7495fe44d1559c1ac49795a30881a,2bbf5eba419b0650693f1e88326107bf9a346c68,persistence_corrected_2bbf5eba419b_6ed147cd_f83baf57
Persistence,3,1,2021-11-21,2021-11-24,16.36,11.89,-4.469999999999999,4.469999999999999,19.98089999999999,1,1,0,6ed147cd585e5e8083292683f9be3cf585e97e4d46fa0e3224d24a4e2b42cbbb,f83baf5732ffbf88b9a448a3d9ab9fa270f7495fe44d1559c1ac49795a30881a,2bbf5eba419b0650693f1e88326107bf9a346c68,persistence_corrected_2bbf5eba419b_6ed147cd_f83baf57
Persistence,3,1,2021-11-22,2021-11-25,12.85,12.22,-0.629999999999999,0.629999999999999,0.39689999999999875,0,0,0,6ed147cd585e5e8083292683f9be3cf585e97e4d46fa0e3224d24a4e2b42cbbb,f83baf5732ffbf88b9a448a3d9ab9fa270f7495fe44d1559c1ac49795a30881a,2bbf5eba419b0650693f1e88326107bf9a346c68,persistence_corrected_2bbf5eba419b_6ed147cd_f83baf57
Persistence,3,1,2021-11-23,2021-11-26,11.66,13.13,1.4700000000000006,1.4700000000000006,2.160900000000002,0,0,0,6ed147cd585e5e8083292683f9be3cf585e97e4d46fa0e3224d24a4e2b42cbbb,f83baf5732ffbf88b9a448a3d9ab9fa270f7495fe44d1559c1ac49795a30881a,2bbf5eba419b0650693f1e88326107bf9a346c68,persistence_corrected_2bbf5eba419b_6ed147cd_f83baf57
Persistence,3,1,2021-11-24,2021-11-27,13.7,16.36,2.66,2.66,7.0756000000000006,0,0,0,6ed147cd585e5e8083292683f9be3cf585e97e4d46fa0e3224d24a4e2b42cbbb,f83baf5732ffbf88b9a448a3d9ab9fa270f7495fe44d1559c1ac49795a30881a,2bbf5eba419b0650693f1e88326107bf9a346c68,persistence_corrected_2bbf5eba419b_6ed147cd_f83baf57
Persistence,3,1,2021-11-25,2021-11-28,13.18,12.85,-0.33000000000000007,0.33000000000000007,0.10890000000000005,0,0,0,6ed147cd585e5e8083292683f9be3cf585e97e4d46fa0e3224d24a4e2b42cbbb,f83baf5732ffbf88b9a448a3d9ab9fa270f7495fe44d1559c1ac49795a30881a,2bbf5eba419b0650693f1e88326107bf9a346c68,persistence_corrected_2bbf5eba419b_6ed147cd_f83baf57
Persistence,3,1,2021-11-26,2021-11-29,13.79,11.66,-2.129999999999999,2.129999999999999,4.536899999999996,0,0,0,6ed147cd585e5e8083292683f9be3cf585e97e4d46fa0e3224d24a4e2b42cbbb,f83baf5732ffbf88b9a448a3d9ab9fa270f7495fe44d1559c1ac49795a30881a,2bbf5eba419b0650693f1e88326107bf9a346c68,persistence_corrected_2bbf5eba419b_6ed147cd_f83baf57
Persistence,3,1,2021-11-27,2021-11-30,12.22,13.7,1.4799999999999986,1.4799999999999986,2.190399999999996,0,0,0,6ed147cd585e5e8083292683f9be3cf585e97e4d46fa0e3224d24a4e2b42cbbb,f83baf5732ffbf88b9a448a3d9ab9fa270f7495fe44d1559c1ac49795a30881a,2bbf5eba419b0650693f1e88326107bf9a346c68,persistence_corrected_2bbf5eba419b_6ed147cd_f83baf57
Persistence,3,1,2021-11-28,2021-12-01,10.84,13.18,2.34,2.34,5.475599999999999,0,0,0,6ed147cd585e5e8083292683f9be3cf585e97e4d46fa0e3224d24a4e2b42cbbb,f83baf5732ffbf88b9a448a3d9ab9fa270f7495fe44d1559c1ac49795a30881a,2bbf5eba419b0650693f1e88326107bf9a346c68,persistence_corrected_2bbf5eba419b_6ed147cd_f83baf57
Persistence,3,1,2021-11-29,2021-12-02,13.37,13.79,0.41999999999999993,0.41999999999999993,0.17639999999999995,0,0,0,6ed147cd585e5e8083292683f9be3cf585e97e4d46fa0e3224d24a4e2b42cbbb,f83baf5732ffbf88b9a448a3d9ab9fa270f7495fe44d1559c1ac49795a30881a,2bbf5eba419b0650693f1e88326107bf9a346c68,persistence_corrected_2bbf5eba419b_6ed147cd_f83baf57
Persistence,3,1,2021-11-30,2021-12-03,10.74,12.22,1.4800000000000004,1.4800000000000004,2.1904000000000012,0,0,0,6ed147cd585e5e8083292683f9be3cf585e97e4d46fa0e3224d24a4e2b42cbbb,f83baf5732ffbf88b9a448a3d9ab9fa270f7495fe44d1559c1ac49795a30881a,2bbf5eba419b0650693f1e88326107bf9a346c68,persistence_corrected_2bbf5eba419b_6ed147cd_f83baf57
Persistence,3,1,2021-12-01,2021-12-04,11.22,10.84,-0.3800000000000008,0.3800000000000008,0.14440000000000058,0,0,0,6ed147cd585e5e8083292683f9be3cf585e97e4d46fa0e3224d24a4e2b42cbbb,f83baf5732ffbf88b9a448a3d9ab9fa270f7495fe44d1559c1ac49795a30881a,2bbf5eba419b0650693f1e88326107bf9a346c68,persistence_corrected_2bbf5eba419b_6ed147cd_f83baf57
Persistence,3,1,2021-12-02,2021-12-05,8.75,13.37,4.619999999999999,4.619999999999999,21.344399999999993,0,0,0,6ed147cd585e5e8083292683f9be3cf585e97e4d46fa0e3224d24a4e2b42cbbb,f83baf5732ffbf88b9a448a3d9ab9fa270f7495fe44d1559c1ac49795a30881a,2bbf5eba419b0650693f1e88326107bf9a346c68,persistence_corrected_2bbf5eba419b_6ed147cd_f83baf57
Persistence,3,1,2021-12-03,2021-12-06,9.91,10.74,0.8300000000000001,0.8300000000000001,0.6889000000000001,0,0,0,6ed147cd585e5e8083292683f9be3cf585e97e4d46fa0e3224d24a4e2b42cbbb,f83baf5732ffbf88b9a448a3d9ab9fa270f7495fe44d1559c1ac49795a30881a,2bbf5eba419b0650693f1e88326107bf9a346c68,persistence_corrected_2bbf5eba419b_6ed147cd_f83baf57
Persistence,3,1,2021-12-04,2021-12-07,10.34,11.22,0.8800000000000008,0.8800000000000008,0.7744000000000014,0,0,0,6ed147cd585e5e8083292683f9be3cf585e97e4d46fa0e3224d24a4e2b42cbbb,f83baf5732ffbf88b9a448a3d9ab9fa270f7495fe44d1559c1ac49795a30881a,2bbf5eba419b0650693f1e88326107bf9a346c68,persistence_corrected_2bbf5eba419b_6ed147cd_f83baf57
Persistence,3,1,2021-12-05,2021-12-08,10.51,8.75,-1.7599999999999998,1.7599999999999998,3.0975999999999995,0,0,0,6ed147cd585e5e8083292683f9be3cf585e97e4d46fa0e3224d24a4e2b42cbbb,f83baf5732ffbf88b9a448a3d9ab9fa270f7495fe44d1559c1ac49795a30881a,2bbf5eba419b0650693f1e88326107bf9a346c68,persistence_corrected_2bbf5eba419b_6ed147cd_f83baf57
Persistence,3,1,2021-12-06,2021-12-09,11.17,9.91,-1.2599999999999998,1.2599999999999998,1.5875999999999995,0,0,0,6ed147cd585e5e8083292683f9be3cf585e97e4d46fa0e3224d24a4e2b42cbbb,f83baf5732ffbf88b9a448a3d9ab9fa270f7495fe44d1559c1ac49795a30881a,2bbf5eba419b0650693f1e88326107bf9a346c68,persistence_corrected_2bbf5eba419b_6ed147cd_f83baf57
Persistence,3,1,2021-12-07,2021-12-10,11.52,10.34,-1.1799999999999997,1.1799999999999997,1.3923999999999994,0,0,0,6ed147cd585e5e8083292683f9be3cf585e97e4d46fa0e3224d24a4e2b42cbbb,f83baf5732ffbf88b9a448a3d9ab9fa270f7495fe44d1559c1ac49795a30881a,2bbf5eba419b0650693f1e88326107bf9a346c68,persistence_corrected_2bbf5eba419b_6ed147cd_f83baf57
Persistence,3,1,2021-12-08,2021-12-11,11.81,10.51,-1.3000000000000007,1.3000000000000007,1.690000000000002,0,0,0,6ed147cd585e5e8083292683f9be3cf585e97e4d46fa0e3224d24a4e2b42cbbb,f83baf5732ffbf88b9a448a3d9ab9fa270f7495fe44d1559c1ac49795a30881a,2bbf5eba419b0650693f1e88326107bf9a346c68,persistence_corrected_2bbf5eba419b_6ed147cd_f83baf57
Persistence,3,1,2021-12-09,2021-12-12,12.88,11.17,-1.7100000000000009,1.7100000000000009,2.924100000000003,0,0,0,6ed147cd585e5e8083292683f9be3cf585e97e4d46fa0e3224d24a4e2b42cbbb,f83baf5732ffbf88b9a448a3d9ab9fa270f7495fe44d1559c1ac49795a30881a,2bbf5eba419b0650693f1e88326107bf9a346c68,persistence_corrected_2bbf5eba419b_6ed147cd_f83baf57
Persistence,3,1,2021-12-10,2021-12-13,11.17,11.52,0.34999999999999964,0.34999999999999964,0.12249999999999975,0,0,0,6ed147cd585e5e8083292683f9be3cf585e97e4d46fa0e3224d24a4e2b42cbbb,f83baf5732ffbf88b9a448a3d9ab9fa270f7495fe44d1559c1ac49795a30881a,2bbf5eba419b0650693f1e88326107bf9a346c68,persistence_corrected_2bbf5eba419b_6ed147cd_f83baf57
Persistence,3,1,2021-12-11,2021-12-14,12.56,11.81,-0.75,0.75,0.5625,0,0,0,6ed147cd585e5e8083292683f9be3cf585e97e4d46fa0e3224d24a4e2b42cbbb,f83baf5732ffbf88b9a448a3d9ab9fa270f7495fe44d1559c1ac49795a30881a,2bbf5eba419b0650693f1e88326107bf9a346c68,persistence_corrected_2bbf5eba419b_6ed147cd_f83baf57
Persistence,3,1,2021-12-12,2021-12-15,12.41,12.88,0.47000000000000064,0.47000000000000064,0.2209000000000006,0,0,0,6ed147cd585e5e8083292683f9be3cf585e97e4d46fa0e3224d24a4e2b42cbbb,f83baf5732ffbf88b9a448a3d9ab9fa270f7495fe44d1559c1ac49795a30881a,2bbf5eba419b0650693f1e88326107bf9a346c68,persistence_corrected_2bbf5eba419b_6ed147cd_f83baf57
Persistence,3,1,2021-12-13,2021-12-16,12.31,11.17,-1.1400000000000006,1.1400000000000006,1.2996000000000012,0,0,0,6ed147cd585e5e8083292683f9be3cf585e97e4d46fa0e3224d24a4e2b42cbbb,f83baf5732ffbf88b9a448a3d9ab9fa270f7495fe44d1559c1ac49795a30881a,2bbf5eba419b0650693f1e88326107bf9a346c68,persistence_corrected_2bbf5eba419b_6ed147cd_f83baf57
Persistence,3,1,2021-12-14,2021-12-17,12.19,12.56,0.370000000000001,0.370000000000001,0.13690000000000074,0,0,0,6ed147cd585e5e8083292683f9be3cf585e97e4d46fa0e3224d24a4e2b42cbbb,f83baf5732ffbf88b9a448a3d9ab9fa270f7495fe44d1559c1ac49795a30881a,2bbf5eba419b0650693f1e88326107bf9a346c68,persistence_corrected_2bbf5eba419b_6ed147cd_f83baf57
Persistence,3,1,2021-12-15,2021-12-18,13.13,12.41,-0.7200000000000006,0.7200000000000006,0.518400000000001,0,0,0,6ed147cd585e5e8083292683f9be3cf585e97e4d46fa0e3224d24a4e2b42cbbb,f83baf5732ffbf88b9a448a3d9ab9fa270f7495fe44d1559c1ac49795a30881a,2bbf5eba419b0650693f1e88326107bf9a346c68,persistence_corrected_2bbf5eba419b_6ed147cd_f83baf57
Persistence,3,1,2021-12-16,2021-12-19,13.1,12.31,-0.7899999999999991,0.7899999999999991,0.6240999999999987,0,0,0,6ed147cd585e5e8083292683f9be3cf585e97e4d46fa0e3224d24a4e2b42cbbb,f83baf5732ffbf88b9a448a3d9ab9fa270f7495fe44d1559c1ac49795a30881a,2bbf5eba419b0650693f1e88326107bf9a346c68,persistence_corrected_2bbf5eba419b_6ed147cd_f83baf57
Persistence,3,1,2021-12-17,2021-12-20,11.09,12.19,1.0999999999999996,1.0999999999999996,1.2099999999999993,0,0,0,6ed147cd585e5e8083292683f9be3cf585e97e4d46fa0e3224d24a4e2b42cbbb,f83baf5732ffbf88b9a448a3d9ab9fa270f7495fe44d1559c1ac49795a30881a,2bbf5eba419b0650693f1e88326107bf9a346c68,persistence_corrected_2bbf5eba419b_6ed147cd_f83baf57
Persistence,3,1,2021-12-18,2021-12-21,11.57,13.13,1.5600000000000005,1.5600000000000005,2.4336000000000015,0,0,0,6ed147cd585e5e8083292683f9be3cf585e97e4d46fa0e3224d24a4e2b42cbbb,f83baf5732ffbf88b9a448a3d9ab9fa270f7495fe44d1559c1ac49795a30881a,2bbf5eba419b0650693f1e88326107bf9a346c68,persistence_corrected_2bbf5eba419b_6ed147cd_f83baf57
Persistence,3,1,2021-12-19,2021-12-22,12.64,13.1,0.4599999999999991,0.4599999999999991,0.21159999999999915,0,0,0,6ed147cd585e5e8083292683f9be3cf585e97e4d46fa0e3224d24a4e2b42cbbb,f83baf5732ffbf88b9a448a3d9ab9fa270f7495fe44d1559c1ac49795a30881a,2bbf5eba419b0650693f1e88326107bf9a346c68,persistence_corrected_2bbf5eba419b_6ed147cd_f83baf57
Persistence,3,1,2021-12-20,2021-12-23,17.51,11.09,-6.420000000000002,6.420000000000002,41.21640000000002,1,1,1,6ed147cd585e5e8083292683f9be3cf585e97e4d46fa0e3224d24a4e2b42cbbb,f83baf5732ffbf88b9a448a3d9ab9fa270f7495fe44d1559c1ac49795a30881a,2bbf5eba419b0650693f1e88326107bf9a346c68,persistence_corrected_2bbf5eba419b_6ed147cd_f83baf57
Persistence,3,1,2021-12-21,2021-12-24,17.98,11.57,-6.41,6.41,41.088100000000004,1,1,1,6ed147cd585e5e8083292683f9be3cf585e97e4d46fa0e3224d24a4e2b42cbbb,f83baf5732ffbf88b9a448a3d9ab9fa270f7495fe44d1559c1ac49795a30881a,2bbf5eba419b0650693f1e88326107bf9a346c68,persistence_corrected_2bbf5eba419b_6ed147cd_f83baf57
Persistence,3,1,2021-12-22,2021-12-25,13.07,12.64,-0.4299999999999997,0.4299999999999997,0.18489999999999976,0,0,0,6ed147cd585e5e8083292683f9be3cf585e97e4d46fa0e3224d24a4e2b42cbbb,f83baf5732ffbf88b9a448a3d9ab9fa270f7495fe44d1559c1ac49795a30881a,2bbf5eba419b0650693f1e88326107bf9a346c68,persistence_corrected_2bbf5eba419b_6ed147cd_f83baf57
Persistence,3,1,2021-12-23,2021-12-26,12.36,17.51,5.150000000000002,5.150000000000002,26.522500000000022,0,0,0,6ed147cd585e5e8083292683f9be3cf585e97e4d46fa0e3224d24a4e2b42cbbb,f83baf5732ffbf88b9a448a3d9ab9fa270f7495fe44d1559c1ac49795a30881a,2bbf5eba419b0650693f1e88326107bf9a346c68,persistence_corrected_2bbf5eba419b_6ed147cd_f83baf57
Persistence,3,1,2021-12-24,2021-12-27,11.88,17.98,6.1,6.1,37.209999999999994,0,0,0,6ed147cd585e5e8083292683f9be3cf585e97e4d46fa0e3224d24a4e2b42cbbb,f83baf5732ffbf88b9a448a3d9ab9fa270f7495fe44d1559c1ac49795a30881a,2bbf5eba419b0650693f1e88326107bf9a346c68,persistence_corrected_2bbf5eba419b_6ed147cd_f83baf57
Persistence,3,1,2021-12-25,2021-12-28,12.06,13.07,1.0099999999999998,1.0099999999999998,1.0200999999999996,0,0,0,6ed147cd585e5e8083292683f9be3cf585e97e4d46fa0e3224d24a4e2b42cbbb,f83baf5732ffbf88b9a448a3d9ab9fa270f7495fe44d1559c1ac49795a30881a,2bbf5eba419b0650693f1e88326107bf9a346c68,persistence_corrected_2bbf5eba419b_6ed147cd_f83baf57
Persistence,3,1,2021-12-26,2021-12-29,11.48,12.36,0.879999999999999,0.879999999999999,0.7743999999999982,0,0,0,6ed147cd585e5e8083292683f9be3cf585e97e4d46fa0e3224d24a4e2b42cbbb,f83baf5732ffbf88b9a448a3d9ab9fa270f7495fe44d1559c1ac49795a30881a,2bbf5eba419b0650693f1e88326107bf9a346c68,persistence_corrected_2bbf5eba419b_6ed147cd_f83baf57
Persistence,3,1,2021-12-27,2021-12-30,11.02,11.88,0.8600000000000012,0.8600000000000012,0.739600000000002,0,0,0,6ed147cd585e5e8083292683f9be3cf585e97e4d46fa0e3224d24a4e2b42cbbb,f83baf5732ffbf88b9a448a3d9ab9fa270f7495fe44d1559c1ac49795a30881a,2bbf5eba419b0650693f1e88326107bf9a346c68,persistence_corrected_2bbf5eba419b_6ed147cd_f83baf57
Persistence,3,1,2021-12-28,2021-12-31,12.37,12.06,-0.3099999999999987,0.3099999999999987,0.09609999999999921,0,0,0,6ed147cd585e5e8083292683f9be3cf585e97e4d46fa0e3224d24a4e2b42cbbb,f83baf5732ffbf88b9a448a3d9ab9fa270f7495fe44d1559c1ac49795a30881a,2bbf5eba419b0650693f1e88326107bf9a346c68,persistence_corrected_2bbf5eba419b_6ed147cd_f83baf57
Persistence,3,1,2021-12-29,2022-01-01,13.37,11.48,-1.8899999999999988,1.8899999999999988,3.5720999999999954,0,0,0,6ed147cd585e5e8083292683f9be3cf585e97e4d46fa0e3224d24a4e2b42cbbb,f83baf5732ffbf88b9a448a3d9ab9fa270f7495fe44d1559c1ac49795a30881a,2bbf5eba419b0650693f1e88326107bf9a346c68,persistence_corrected_2bbf5eba419b_6ed147cd_f83baf57
Persistence,3,1,2021-12-30,2022-01-02,12.34,11.02,-1.3200000000000003,1.3200000000000003,1.7424000000000008,0,0,0,6ed147cd585e5e8083292683f9be3cf585e97e4d46fa0e3224d24a4e2b42cbbb,f83baf5732ffbf88b9a448a3d9ab9fa270f7495fe44d1559c1ac49795a30881a,2bbf5eba419b0650693f1e88326107bf9a346c68,persistence_corrected_2bbf5eba419b_6ed147cd_f83baf57
Persistence,3,1,2021-12-31,2022-01-03,12.28,12.37,0.08999999999999986,0.08999999999999986,0.008099999999999975,0,0,0,6ed147cd585e5e8083292683f9be3cf585e97e4d46fa0e3224d24a4e2b42cbbb,f83baf5732ffbf88b9a448a3d9ab9fa270f7495fe44d1559c1ac49795a30881a,2bbf5eba419b0650693f1e88326107bf9a346c68,persistence_corrected_2bbf5eba419b_6ed147cd_f83baf57
Persistence,3,1,2022-01-01,2022-01-04,12.84,13.37,0.5299999999999994,0.5299999999999994,0.2808999999999993,0,0,0,6ed147cd585e5e8083292683f9be3cf585e97e4d46fa0e3224d24a4e2b42cbbb,f83baf5732ffbf88b9a448a3d9ab9fa270f7495fe44d1559c1ac49795a30881a,2bbf5eba419b0650693f1e88326107bf9a346c68,persistence_corrected_2bbf5eba419b_6ed147cd_f83baf57
Persistence,3,1,2022-01-02,2022-01-05,12.52,12.34,-0.17999999999999972,0.17999999999999972,0.0323999999999999,0,0,0,6ed147cd585e5e8083292683f9be3cf585e97e4d46fa0e3224d24a4e2b42cbbb,f83baf5732ffbf88b9a448a3d9ab9fa270f7495fe44d1559c1ac49795a30881a,2bbf5eba419b0650693f1e88326107bf9a346c68,persistence_corrected_2bbf5eba419b_6ed147cd_f83baf57
Persistence,3,1,2022-01-03,2022-01-06,12.79,12.28,-0.5099999999999998,0.5099999999999998,0.2600999999999998,0,0,0,6ed147cd585e5e8083292683f9be3cf585e97e4d46fa0e3224d24a4e2b42cbbb,f83baf5732ffbf88b9a448a3d9ab9fa270f7495fe44d1559c1ac49795a30881a,2bbf5eba419b0650693f1e88326107bf9a346c68,persistence_corrected_2bbf5eba419b_6ed147cd_f83baf57
Persistence,3,1,2022-01-04,2022-01-07,13.93,12.84,-1.0899999999999999,1.0899999999999999,1.1880999999999997,0,0,0,6ed147cd585e5e8083292683f9be3cf585e97e4d46fa0e3224d24a4e2b42cbbb,f83baf5732ffbf88b9a448a3d9ab9fa270f7495fe44d1559c1ac49795a30881a,2bbf5eba419b0650693f1e88326107bf9a346c68,persistence_corrected_2bbf5eba419b_6ed147cd_f83baf57
Persistence,3,1,2022-01-05,2022-01-08,14.05,12.52,-1.5300000000000011,1.5300000000000011,2.3409000000000035,0,0,0,6ed147cd585e5e8083292683f9be3cf585e97e4d46fa0e3224d24a4e2b42cbbb,f83baf5732ffbf88b9a448a3d9ab9fa270f7495fe44d1559c1ac49795a30881a,2bbf5eba419b0650693f1e88326107bf9a346c68,persistence_corrected_2bbf5eba419b_6ed147cd_f83baf57
Persistence,3,1,2022-01-06,2022-01-09,11.8,12.79,0.9899999999999984,0.9899999999999984,0.9800999999999969,0,0,0,6ed147cd585e5e8083292683f9be3cf585e97e4d46fa0e3224d24a4e2b42cbbb,f83baf5732ffbf88b9a448a3d9ab9fa270f7495fe44d1559c1ac49795a30881a,2bbf5eba419b0650693f1e88326107bf9a346c68,persistence_corrected_2bbf5eba419b_6ed147cd_f83baf57
Persistence,3,1,2022-01-07,2022-01-10,12.13,13.93,1.799999999999999,1.799999999999999,3.239999999999996,0,0,0,6ed147cd585e5e8083292683f9be3cf585e97e4d46fa0e3224d24a4e2b42cbbb,f83baf5732ffbf88b9a448a3d9ab9fa270f7495fe44d1559c1ac49795a30881a,2bbf5eba419b0650693f1e88326107bf9a346c68,persistence_corrected_2bbf5eba419b_6ed147cd_f83baf57
Persistence,3,1,2022-01-08,2022-01-11,11.1,14.05,2.950000000000001,2.950000000000001,8.702500000000006,0,0,0,6ed147cd585e5e8083292683f9be3cf585e97e4d46fa0e3224d24a4e2b42cbbb,f83baf5732ffbf88b9a448a3d9ab9fa270f7495fe44d1559c1ac49795a30881a,2bbf5eba419b0650693f1e88326107bf9a346c68,persistence_corrected_2bbf5eba419b_6ed147cd_f83baf57
Persistence,3,1,2022-01-09,2022-01-12,12.55,11.8,-0.75,0.75,0.5625,0,0,0,6ed147cd585e5e8083292683f9be3cf585e97e4d46fa0e3224d24a4e2b42cbbb,f83baf5732ffbf88b9a448a3d9ab9fa270f7495fe44d1559c1ac49795a30881a,2bbf5eba419b0650693f1e88326107bf9a346c68,persistence_corrected_2bbf5eba419b_6ed147cd_f83baf57
Persistence,3,1,2022-01-10,2022-01-13,15.31,12.13,-3.1799999999999997,3.1799999999999997,10.112399999999997,1,0,0,6ed147cd585e5e8083292683f9be3cf585e97e4d46fa0e3224d24a4e2b42cbbb,f83baf5732ffbf88b9a448a3d9ab9fa270f7495fe44d1559c1ac49795a30881a,2bbf5eba419b0650693f1e88326107bf9a346c68,persistence_corrected_2bbf5eba419b_6ed147cd_f83baf57
Persistence,3,1,2022-01-11,2022-01-14,15.32,11.1,-4.220000000000001,4.220000000000001,17.808400000000006,1,0,0,6ed147cd585e5e8083292683f9be3cf585e97e4d46fa0e3224d24a4e2b42cbbb,f83baf5732ffbf88b9a448a3d9ab9fa270f7495fe44d1559c1ac49795a30881a,2bbf5eba419b0650693f1e88326107bf9a346c68,persistence_corrected_2bbf5eba419b_6ed147cd_f83baf57
Persistence,3,1,2022-01-12,2022-01-15,13.61,12.55,-1.0599999999999987,1.0599999999999987,1.1235999999999973,0,0,0,6ed147cd585e5e8083292683f9be3cf585e97e4d46fa0e3224d24a4e2b42cbbb,f83baf5732ffbf88b9a448a3d9ab9fa270f7495fe44d1559c1ac49795a30881a,2bbf5eba419b0650693f1e88326107bf9a346c68,persistence_corrected_2bbf5eba419b_6ed147cd_f83baf57
Persistence,3,1,2022-01-13,2022-01-16,10.99,15.31,4.32,4.32,18.6624,0,0,0,6ed147cd585e5e8083292683f9be3cf585e97e4d46fa0e3224d24a4e2b42cbbb,f83baf5732ffbf88b9a448a3d9ab9fa270f7495fe44d1559c1ac49795a30881a,2bbf5eba419b0650693f1e88326107bf9a346c68,persistence_corrected_2bbf5eba419b_6ed147cd_f83baf57
Persistence,3,1,2022-01-14,2022-01-17,12.86,15.32,2.460000000000001,2.460000000000001,6.051600000000004,0,0,0,6ed147cd585e5e8083292683f9be3cf585e97e4d46fa0e3224d24a4e2b42cbbb,f83baf5732ffbf88b9a448a3d9ab9fa270f7495fe44d1559c1ac49795a30881a,2bbf5eba419b0650693f1e88326107bf9a346c68,persistence_corrected_2bbf5eba419b_6ed147cd_f83baf57
Persistence,3,1,2022-01-15,2022-01-18,11.89,13.61,1.7199999999999989,1.7199999999999989,2.958399999999996,0,0,0,6ed147cd585e5e8083292683f9be3cf585e97e4d46fa0e3224d24a4e2b42cbbb,f83baf5732ffbf88b9a448a3d9ab9fa270f7495fe44d1559c1ac49795a30881a,2bbf5eba419b0650693f1e88326107bf9a346c68,persistence_corrected_2bbf5eba419b_6ed147cd_f83baf57
Persistence,3,1,2022-01-16,2022-01-19,14.33,10.99,-3.34,3.34,11.1556,0,0,0,6ed147cd585e5e8083292683f9be3cf585e97e4d46fa0e3224d24a4e2b42cbbb,f83baf5732ffbf88b9a448a3d9ab9fa270f7495fe44d1559c1ac49795a30881a,2bbf5eba419b0650693f1e88326107bf9a346c68,persistence_corrected_2bbf5eba419b_6ed147cd_f83baf57
Persistence,3,1,2022-01-17,2022-01-20,12.26,12.86,0.5999999999999996,0.5999999999999996,0.3599999999999996,0,0,0,6ed147cd585e5e8083292683f9be3cf585e97e4d46fa0e3224d24a4e2b42cbbb,f83baf5732ffbf88b9a448a3d9ab9fa270f7495fe44d1559c1ac49795a30881a,2bbf5eba419b0650693f1e88326107bf9a346c68,persistence_corrected_2bbf5eba419b_6ed147cd_f83baf57
Persistence,3,1,2022-01-18,2022-01-21,13.07,11.89,-1.1799999999999997,1.1799999999999997,1.3923999999999994,0,0,0,6ed147cd585e5e8083292683f9be3cf585e97e4d46fa0e3224d24a4e2b42cbbb,f83baf5732ffbf88b9a448a3d9ab9fa270f7495fe44d1559c1ac49795a30881a,2bbf5eba419b0650693f1e88326107bf9a346c68,persistence_corrected_2bbf5eba419b_6ed147cd_f83baf57
Persistence,3,1,2022-01-19,2022-01-22,12.98,14.33,1.3499999999999996,1.3499999999999996,1.8224999999999991,0,0,0,6ed147cd585e5e8083292683f9be3cf585e97e4d46fa0e3224d24a4e2b42cbbb,f83baf5732ffbf88b9a448a3d9ab9fa270f7495fe44d1559c1ac49795a30881a,2bbf5eba419b0650693f1e88326107bf9a346c68,persistence_corrected_2bbf5eba419b_6ed147cd_f83baf57
Persistence,3,1,2022-01-20,2022-01-23,13.62,12.26,-1.3599999999999994,1.3599999999999994,1.8495999999999984,0,0,0,6ed147cd585e5e8083292683f9be3cf585e97e4d46fa0e3224d24a4e2b42cbbb,f83baf5732ffbf88b9a448a3d9ab9fa270f7495fe44d1559c1ac49795a30881a,2bbf5eba419b0650693f1e88326107bf9a346c68,persistence_corrected_2bbf5eba419b_6ed147cd_f83baf57
Persistence,3,1,2022-01-21,2022-01-24,11.05,13.07,2.0199999999999996,2.0199999999999996,4.080399999999998,0,0,0,6ed147cd585e5e8083292683f9be3cf585e97e4d46fa0e3224d24a4e2b42cbbb,f83baf5732ffbf88b9a448a3d9ab9fa270f7495fe44d1559c1ac49795a30881a,2bbf5eba419b0650693f1e88326107bf9a346c68,persistence_corrected_2bbf5eba419b_6ed147cd_f83baf57
Persistence,3,1,2022-01-22,2022-01-25,11.05,12.98,1.9299999999999997,1.9299999999999997,3.724899999999999,0,0,0,6ed147cd585e5e8083292683f9be3cf585e97e4d46fa0e3224d24a4e2b42cbbb,f83baf5732ffbf88b9a448a3d9ab9fa270f7495fe44d1559c1ac49795a30881a,2bbf5eba419b0650693f1e88326107bf9a346c68,persistence_corrected_2bbf5eba419b_6ed147cd_f83baf57
Persistence,3,1,2022-01-23,2022-01-26,15.6,13.62,-1.9800000000000004,1.9800000000000004,3.9204000000000017,1,0,0,6ed147cd585e5e8083292683f9be3cf585e97e4d46fa0e3224d24a4e2b42cbbb,f83baf5732ffbf88b9a448a3d9ab9fa270f7495fe44d1559c1ac49795a30881a,2bbf5eba419b0650693f1e88326107bf9a346c68,persistence_corrected_2bbf5eba419b_6ed147cd_f83baf57
Persistence,3,1,2022-01-24,2022-01-27,15.83,11.05,-4.779999999999999,4.779999999999999,22.848399999999994,1,0,0,6ed147cd585e5e8083292683f9be3cf585e97e4d46fa0e3224d24a4e2b42cbbb,f83baf5732ffbf88b9a448a3d9ab9fa270f7495fe44d1559c1ac49795a30881a,2bbf5eba419b0650693f1e88326107bf9a346c68,persistence_corrected_2bbf5eba419b_6ed147cd_f83baf57
Persistence,3,1,2022-01-25,2022-01-28,17.57,11.05,-6.52,6.52,42.5104,1,1,1,6ed147cd585e5e8083292683f9be3cf585e97e4d46fa0e3224d24a4e2b42cbbb,f83baf5732ffbf88b9a448a3d9ab9fa270f7495fe44d1559c1ac49795a30881a,2bbf5eba419b0650693f1e88326107bf9a346c68,persistence_corrected_2bbf5eba419b_6ed147cd_f83baf57
Persistence,3,1,2022-01-26,2022-01-29,17.94,15.6,-2.3400000000000016,2.3400000000000016,5.475600000000008,1,1,1,6ed147cd585e5e8083292683f9be3cf585e97e4d46fa0e3224d24a4e2b42cbbb,f83baf5732ffbf88b9a448a3d9ab9fa270f7495fe44d1559c1ac49795a30881a,2bbf5eba419b0650693f1e88326107bf9a346c68,persistence_corrected_2bbf5eba419b_6ed147cd_f83baf57
Persistence,3,1,2022-01-27,2022-01-30,15.82,15.83,0.009999999999999787,0.009999999999999787,9.999999999999574e-05,1,0,0,6ed147cd585e5e8083292683f9be3cf585e97e4d46fa0e3224d24a4e2b42cbbb,f83baf5732ffbf88b9a448a3d9ab9fa270f7495fe44d1559c1ac49795a30881a,2bbf5eba419b0650693f1e88326107bf9a346c68,persistence_corrected_2bbf5eba419b_6ed147cd_f83baf57
Persistence,3,1,2022-01-28,2022-01-31,17.88,17.57,-0.3099999999999987,0.3099999999999987,0.09609999999999921,1,1,1,6ed147cd585e5e8083292683f9be3cf585e97e4d46fa0e3224d24a4e2b42cbbb,f83baf5732ffbf88b9a448a3d9ab9fa270f7495fe44d1559c1ac49795a30881a,2bbf5eba419b0650693f1e88326107bf9a346c68,persistence_corrected_2bbf5eba419b_6ed147cd_f83baf57
Persistence,3,1,2022-01-29,2022-02-01,17.53,17.94,0.41000000000000014,0.41000000000000014,0.1681000000000001,1,1,1,6ed147cd585e5e8083292683f9be3cf585e97e4d46fa0e3224d24a4e2b42cbbb,f83baf5732ffbf88b9a448a3d9ab9fa270f7495fe44d1559c1ac49795a30881a,2bbf5eba419b0650693f1e88326107bf9a346c68,persistence_corrected_2bbf5eba419b_6ed147cd_f83baf57
Persistence,3,1,2022-01-30,2022-02-02,16.85,15.82,-1.0300000000000011,1.0300000000000011,1.0609000000000024,1,1,0,6ed147cd585e5e8083292683f9be3cf585e97e4d46fa0e3224d24a4e2b42cbbb,f83baf5732ffbf88b9a448a3d9ab9fa270f7495fe44d1559c1ac49795a30881a,2bbf5eba419b0650693f1e88326107bf9a346c68,persistence_corrected_2bbf5eba419b_6ed147cd_f83baf57
Persistence,3,1,2022-01-31,2022-02-03,15.86,17.88,2.0199999999999996,2.0199999999999996,4.080399999999998,1,0,0,6ed147cd585e5e8083292683f9be3cf585e97e4d46fa0e3224d24a4e2b42cbbb,f83baf5732ffbf88b9a448a3d9ab9fa270f7495fe44d1559c1ac49795a30881a,2bbf5eba419b0650693f1e88326107bf9a346c68,persistence_corrected_2bbf5eba419b_6ed147cd_f83baf57
Persistence,3,1,2022-02-01,2022-02-04,14.95,17.53,2.580000000000002,2.580000000000002,6.656400000000009,0,0,0,6ed147cd585e5e8083292683f9be3cf585e97e4d46fa0e3224d24a4e2b42cbbb,f83baf5732ffbf88b9a448a3d9ab9fa270f7495fe44d1559c1ac49795a30881a,2bbf5eba419b0650693f1e88326107bf9a346c68,persistence_corrected_2bbf5eba419b_6ed147cd_f83baf57
Persistence,3,1,2022-02-02,2022-02-05,16.84,16.85,0.010000000000001563,0.010000000000001563,0.00010000000000003127,1,1,0,6ed147cd585e5e8083292683f9be3cf585e97e4d46fa0e3224d24a4e2b42cbbb,f83baf5732ffbf88b9a448a3d9ab9fa270f7495fe44d1559c1ac49795a30881a,2bbf5eba419b0650693f1e88326107bf9a346c68,persistence_corrected_2bbf5eba419b_6ed147cd_f83baf57
Persistence,3,1,2022-02-03,2022-02-06,16.4,15.86,-0.5399999999999991,0.5399999999999991,0.2915999999999991,1,1,0,6ed147cd585e5e8083292683f9be3cf585e97e4d46fa0e3224d24a4e2b42cbbb,f83baf5732ffbf88b9a448a3d9ab9fa270f7495fe44d1559c1ac49795a30881a,2bbf5eba419b0650693f1e88326107bf9a346c68,persistence_corrected_2bbf5eba419b_6ed147cd_f83baf57
Persistence,3,1,2022-02-04,2022-02-07,16.34,14.95,-1.3900000000000006,1.3900000000000006,1.9321000000000015,1,1,0,6ed147cd585e5e8083292683f9be3cf585e97e4d46fa0e3224d24a4e2b42cbbb,f83baf5732ffbf88b9a448a3d9ab9fa270f7495fe44d1559c1ac49795a30881a,2bbf5eba419b0650693f1e88326107bf9a346c68,persistence_corrected_2bbf5eba419b_6ed147cd_f83baf57
Persistence,3,1,2022-02-05,2022-02-08,17.09,16.84,-0.25,0.25,0.0625,1,1,1,6ed147cd585e5e8083292683f9be3cf585e97e4d46fa0e3224d24a4e2b42cbbb,f83baf5732ffbf88b9a448a3d9ab9fa270f7495fe44d1559c1ac49795a30881a,2bbf5eba419b0650693f1e88326107bf9a346c68,persistence_corrected_2bbf5eba419b_6ed147cd_f83baf57
Persistence,3,1,2022-02-06,2022-02-09,16.3,16.4,0.09999999999999787,0.09999999999999787,0.009999999999999573,1,1,0,6ed147cd585e5e8083292683f9be3cf585e97e4d46fa0e3224d24a4e2b42cbbb,f83baf5732ffbf88b9a448a3d9ab9fa270f7495fe44d1559c1ac49795a30881a,2bbf5eba419b0650693f1e88326107bf9a346c68,persistence_corrected_2bbf5eba419b_6ed147cd_f83baf57
Persistence,3,1,2022-02-07,2022-02-10,16.4,16.34,-0.05999999999999872,0.05999999999999872,0.0035999999999998464,1,1,0,6ed147cd585e5e8083292683f9be3cf585e97e4d46fa0e3224d24a4e2b42cbbb,f83baf5732ffbf88b9a448a3d9ab9fa270f7495fe44d1559c1ac49795a30881a,2bbf5eba419b0650693f1e88326107bf9a346c68,persistence_corrected_2bbf5eba419b_6ed147cd_f83baf57
Persistence,3,1,2022-02-08,2022-02-11,15.29,17.09,1.8000000000000007,1.8000000000000007,3.2400000000000024,1,0,0,6ed147cd585e5e8083292683f9be3cf585e97e4d46fa0e3224d24a4e2b42cbbb,f83baf5732ffbf88b9a448a3d9ab9fa270f7495fe44d1559c1ac49795a30881a,2bbf5eba419b0650693f1e88326107bf9a346c68,persistence_corrected_2bbf5eba419b_6ed147cd_f83baf57
Persistence,3,1,2022-02-09,2022-02-12,16.08,16.3,0.22000000000000242,0.22000000000000242,0.04840000000000106,1,1,0,6ed147cd585e5e8083292683f9be3cf585e97e4d46fa0e3224d24a4e2b42cbbb,f83baf5732ffbf88b9a448a3d9ab9fa270f7495fe44d1559c1ac49795a30881a,2bbf5eba419b0650693f1e88326107bf9a346c68,persistence_corrected_2bbf5eba419b_6ed147cd_f83baf57
Persistence,3,1,2022-02-10,2022-02-13,16.36,16.4,0.03999999999999915,0.03999999999999915,0.0015999999999999318,1,1,0,6ed147cd585e5e8083292683f9be3cf585e97e4d46fa0e3224d24a4e2b42cbbb,f83baf5732ffbf88b9a448a3d9ab9fa270f7495fe44d1559c1ac49795a30881a,2bbf5eba419b0650693f1e88326107bf9a346c68,persistence_corrected_2bbf5eba419b_6ed147cd_f83baf57
Persistence,3,1,2022-02-11,2022-02-14,14.56,15.29,0.7299999999999986,0.7299999999999986,0.532899999999998,0,0,0,6ed147cd585e5e8083292683f9be3cf585e97e4d46fa0e3224d24a4e2b42cbbb,f83baf5732ffbf88b9a448a3d9ab9fa270f7495fe44d1559c1ac49795a30881a,2bbf5eba419b0650693f1e88326107bf9a346c68,persistence_corrected_2bbf5eba419b_6ed147cd_f83baf57
Persistence,3,1,2022-02-12,2022-02-15,14.23,16.08,1.8499999999999979,1.8499999999999979,3.4224999999999923,0,0,0,6ed147cd585e5e8083292683f9be3cf585e97e4d46fa0e3224d24a4e2b42cbbb,f83baf5732ffbf88b9a448a3d9ab9fa270f7495fe44d1559c1ac49795a30881a,2bbf5eba419b0650693f1e88326107bf9a346c68,persistence_corrected_2bbf5eba419b_6ed147cd_f83baf57
Persistence,3,1,2022-02-13,2022-02-16,15.74,16.36,0.6199999999999992,0.6199999999999992,0.384399999999999,1,0,0,6ed147cd585e5e8083292683f9be3cf585e97e4d46fa0e3224d24a4e2b42cbbb,f83baf5732ffbf88b9a448a3d9ab9fa270f7495fe44d1559c1ac49795a30881a,2bbf5eba419b0650693f1e88326107bf9a346c68,persistence_corrected_2bbf5eba419b_6ed147cd_f83baf57
Persistence,3,1,2022-02-14,2022-02-17,16.45,14.56,-1.8899999999999988,1.8899999999999988,3.5720999999999954,1,1,0,6ed147cd585e5e8083292683f9be3cf585e97e4d46fa0e3224d24a4e2b42cbbb,f83baf5732ffbf88b9a448a3d9ab9fa270f7495fe44d1559c1ac49795a30881a,2bbf5eba419b0650693f1e88326107bf9a346c68,persistence_corrected_2bbf5eba419b_6ed147cd_f83baf57
Persistence,3,1,2022-02-15,2022-02-18,14.24,14.23,-0.009999999999999787,0.009999999999999787,9.999999999999574e-05,0,0,0,6ed147cd585e5e8083292683f9be3cf585e97e4d46fa0e3224d24a4e2b42cbbb,f83baf5732ffbf88b9a448a3d9ab9fa270f7495fe44d1559c1ac49795a30881a,2bbf5eba419b0650693f1e88326107bf9a346c68,persistence_corrected_2bbf5eba419b_6ed147cd_f83baf57
Persistence,3,1,2022-02-16,2022-02-19,14.83,15.74,0.9100000000000001,0.9100000000000001,0.8281000000000003,0,0,0,6ed147cd585e5e8083292683f9be3cf585e97e4d46fa0e3224d24a4e2b42cbbb,f83baf5732ffbf88b9a448a3d9ab9fa270f7495fe44d1559c1ac49795a30881a,2bbf5eba419b0650693f1e88326107bf9a346c68,persistence_corrected_2bbf5eba419b_6ed147cd_f83baf57
Persistence,3,1,2022-02-17,2022-02-20,14.17,16.45,2.2799999999999994,2.2799999999999994,5.198399999999997,0,0,0,6ed147cd585e5e8083292683f9be3cf585e97e4d46fa0e3224d24a4e2b42cbbb,f83baf5732ffbf88b9a448a3d9ab9fa270f7495fe44d1559c1ac49795a30881a,2bbf5eba419b0650693f1e88326107bf9a346c68,persistence_corrected_2bbf5eba419b_6ed147cd_f83baf57
Persistence,3,1,2022-02-18,2022-02-21,12.42,14.24,1.8200000000000003,1.8200000000000003,3.312400000000001,0,0,0,6ed147cd585e5e8083292683f9be3cf585e97e4d46fa0e3224d24a4e2b42cbbb,f83baf5732ffbf88b9a448a3d9ab9fa270f7495fe44d1559c1ac49795a30881a,2bbf5eba419b0650693f1e88326107bf9a346c68,persistence_corrected_2bbf5eba419b_6ed147cd_f83baf57
Persistence,3,1,2022-02-19,2022-02-22,11.98,14.83,2.8499999999999996,2.8499999999999996,8.122499999999999,0,0,0,6ed147cd585e5e8083292683f9be3cf585e97e4d46fa0e3224d24a4e2b42cbbb,f83baf5732ffbf88b9a448a3d9ab9fa270f7495fe44d1559c1ac49795a30881a,2bbf5eba419b0650693f1e88326107bf9a346c68,persistence_corrected_2bbf5eba419b_6ed147cd_f83baf57
Persistence,3,1,2022-02-20,2022-02-23,13.84,14.17,0.33000000000000007,0.33000000000000007,0.10890000000000005,0,0,0,6ed147cd585e5e8083292683f9be3cf585e97e4d46fa0e3224d24a4e2b42cbbb,f83baf5732ffbf88b9a448a3d9ab9fa270f7495fe44d1559c1ac49795a30881a,2bbf5eba419b0650693f1e88326107bf9a346c68,persistence_corrected_2bbf5eba419b_6ed147cd_f83baf57
Persistence,3,1,2022-02-21,2022-02-24,13.06,12.42,-0.6400000000000006,0.6400000000000006,0.40960000000000074,0,0,0,6ed147cd585e5e8083292683f9be3cf585e97e4d46fa0e3224d24a4e2b42cbbb,f83baf5732ffbf88b9a448a3d9ab9fa270f7495fe44d1559c1ac49795a30881a,2bbf5eba419b0650693f1e88326107bf9a346c68,persistence_corrected_2bbf5eba419b_6ed147cd_f83baf57
Persistence,3,1,2022-02-22,2022-02-25,14.66,11.98,-2.6799999999999997,2.6799999999999997,7.182399999999999,0,0,0,6ed147cd585e5e8083292683f9be3cf585e97e4d46fa0e3224d24a4e2b42cbbb,f83baf5732ffbf88b9a448a3d9ab9fa270f7495fe44d1559c1ac49795a30881a,2bbf5eba419b0650693f1e88326107bf9a346c68,persistence_corrected_2bbf5eba419b_6ed147cd_f83baf57
Persistence,3,1,2022-02-23,2022-02-26,11.86,13.84,1.9800000000000004,1.9800000000000004,3.9204000000000017,0,0,0,6ed147cd585e5e8083292683f9be3cf585e97e4d46fa0e3224d24a4e2b42cbbb,f83baf5732ffbf88b9a448a3d9ab9fa270f7495fe44d1559c1ac49795a30881a,2bbf5eba419b0650693f1e88326107bf9a346c68,persistence_corrected_2bbf5eba419b_6ed147cd_f83baf57
Persistence,3,1,2022-02-24,2022-02-27,12.23,13.06,0.8300000000000001,0.8300000000000001,0.6889000000000001,0,0,0,6ed147cd585e5e8083292683f9be3cf585e97e4d46fa0e3224d24a4e2b42cbbb,f83baf5732ffbf88b9a448a3d9ab9fa270f7495fe44d1559c1ac49795a30881a,2bbf5eba419b0650693f1e88326107bf9a346c68,persistence_corrected_2bbf5eba419b_6ed147cd_f83baf57
Persistence,3,1,2022-02-25,2022-02-28,8.96,14.66,5.699999999999999,5.699999999999999,32.489999999999995,0,0,0,6ed147cd585e5e8083292683f9be3cf585e97e4d46fa0e3224d24a4e2b42cbbb,f83baf5732ffbf88b9a448a3d9ab9fa270f7495fe44d1559c1ac49795a30881a,2bbf5eba419b0650693f1e88326107bf9a346c68,persistence_corrected_2bbf5eba419b_6ed147cd_f83baf57
Persistence,3,1,2022-02-26,2022-03-01,10.55,11.86,1.3099999999999987,1.3099999999999987,1.7160999999999966,0,0,0,6ed147cd585e5e8083292683f9be3cf585e97e4d46fa0e3224d24a4e2b42cbbb,f83baf5732ffbf88b9a448a3d9ab9fa270f7495fe44d1559c1ac49795a30881a,2bbf5eba419b0650693f1e88326107bf9a346c68,persistence_corrected_2bbf5eba419b_6ed147cd_f83baf57
Persistence,3,1,2022-02-27,2022-03-02,10.09,12.23,2.1400000000000006,2.1400000000000006,4.579600000000003,0,0,0,6ed147cd585e5e8083292683f9be3cf585e97e4d46fa0e3224d24a4e2b42cbbb,f83baf5732ffbf88b9a448a3d9ab9fa270f7495fe44d1559c1ac49795a30881a,2bbf5eba419b0650693f1e88326107bf9a346c68,persistence_corrected_2bbf5eba419b_6ed147cd_f83baf57
Persistence,3,1,2022-02-28,2022-03-03,9.89,8.96,-0.9299999999999997,0.9299999999999997,0.8648999999999994,0,0,0,6ed147cd585e5e8083292683f9be3cf585e97e4d46fa0e3224d24a4e2b42cbbb,f83baf5732ffbf88b9a448a3d9ab9fa270f7495fe44d1559c1ac49795a30881a,2bbf5eba419b0650693f1e88326107bf9a346c68,persistence_corrected_2bbf5eba419b_6ed147cd_f83baf57
Persistence,3,1,2022-03-01,2022-03-04,12.55,10.55,-2.0,2.0,4.0,0,0,0,6ed147cd585e5e8083292683f9be3cf585e97e4d46fa0e3224d24a4e2b42cbbb,f83baf5732ffbf88b9a448a3d9ab9fa270f7495fe44d1559c1ac49795a30881a,2bbf5eba419b0650693f1e88326107bf9a346c68,persistence_corrected_2bbf5eba419b_6ed147cd_f83baf57
Persistence,3,1,2022-03-02,2022-03-05,15.67,10.09,-5.58,5.58,31.136400000000002,1,0,0,6ed147cd585e5e8083292683f9be3cf585e97e4d46fa0e3224d24a4e2b42cbbb,f83baf5732ffbf88b9a448a3d9ab9fa270f7495fe44d1559c1ac49795a30881a,2bbf5eba419b0650693f1e88326107bf9a346c68,persistence_corrected_2bbf5eba419b_6ed147cd_f83baf57
Persistence,3,1,2022-03-03,2022-03-06,14.47,9.89,-4.58,4.58,20.9764,0,0,0,6ed147cd585e5e8083292683f9be3cf585e97e4d46fa0e3224d24a4e2b42cbbb,f83baf5732ffbf88b9a448a3d9ab9fa270f7495fe44d1559c1ac49795a30881a,2bbf5eba419b0650693f1e88326107bf9a346c68,persistence_corrected_2bbf5eba419b_6ed147cd_f83baf57
Persistence,3,1,2022-03-04,2022-03-07,15.59,12.55,-3.039999999999999,3.039999999999999,9.241599999999995,1,0,0,6ed147cd585e5e8083292683f9be3cf585e97e4d46fa0e3224d24a4e2b42cbbb,f83baf5732ffbf88b9a448a3d9ab9fa270f7495fe44d1559c1ac49795a30881a,2bbf5eba419b0650693f1e88326107bf9a346c68,persistence_corrected_2bbf5eba419b_6ed147cd_f83baf57
Persistence,3,1,2022-03-05,2022-03-08,17.47,15.67,-1.799999999999999,1.799999999999999,3.239999999999996,1,1,1,6ed147cd585e5e8083292683f9be3cf585e97e4d46fa0e3224d24a4e2b42cbbb,f83baf5732ffbf88b9a448a3d9ab9fa270f7495fe44d1559c1ac49795a30881a,2bbf5eba419b0650693f1e88326107bf9a346c68,persistence_corrected_2bbf5eba419b_6ed147cd_f83baf57
Persistence,3,1,2022-03-06,2022-03-09,15.23,14.47,-0.7599999999999998,0.7599999999999998,0.5775999999999997,1,0,0,6ed147cd585e5e8083292683f9be3cf585e97e4d46fa0e3224d24a4e2b42cbbb,f83baf5732ffbf88b9a448a3d9ab9fa270f7495fe44d1559c1ac49795a30881a,2bbf5eba419b0650693f1e88326107bf9a346c68,persistence_corrected_2bbf5eba419b_6ed147cd_f83baf57
Persistence,3,1,2022-03-07,2022-03-10,15.48,15.59,0.10999999999999943,0.10999999999999943,0.012099999999999875,1,0,0,6ed147cd585e5e8083292683f9be3cf585e97e4d46fa0e3224d24a4e2b42cbbb,f83baf5732ffbf88b9a448a3d9ab9fa270f7495fe44d1559c1ac49795a30881a,2bbf5eba419b0650693f1e88326107bf9a346c68,persistence_corrected_2bbf5eba419b_6ed147cd_f83baf57
Persistence,3,1,2022-03-08,2022-03-11,16.87,17.47,0.5999999999999979,0.5999999999999979,0.35999999999999743,1,1,0,6ed147cd585e5e8083292683f9be3cf585e97e4d46fa0e3224d24a4e2b42cbbb,f83baf5732ffbf88b9a448a3d9ab9fa270f7495fe44d1559c1ac49795a30881a,2bbf5eba419b0650693f1e88326107bf9a346c68,persistence_corrected_2bbf5eba419b_6ed147cd_f83baf57
Persistence,3,1,2022-03-09,2022-03-12,16.91,15.23,-1.6799999999999997,1.6799999999999997,2.822399999999999,1,1,0,6ed147cd585e5e8083292683f9be3cf585e97e4d46fa0e3224d24a4e2b42cbbb,f83baf5732ffbf88b9a448a3d9ab9fa270f7495fe44d1559c1ac49795a30881a,2bbf5eba419b0650693f1e88326107bf9a346c68,persistence_corrected_2bbf5eba419b_6ed147cd_f83baf57
Persistence,3,1,2022-03-10,2022-03-13,16.7,15.48,-1.2199999999999989,1.2199999999999989,1.4883999999999973,1,1,0,6ed147cd585e5e8083292683f9be3cf585e97e4d46fa0e3224d24a4e2b42cbbb,f83baf5732ffbf88b9a448a3d9ab9fa270f7495fe44d1559c1ac49795a30881a,2bbf5eba419b0650693f1e88326107bf9a346c68,persistence_corrected_2bbf5eba419b_6ed147cd_f83baf57
Persistence,3,1,2022-03-11,2022-03-14,17.6,16.87,-0.7300000000000004,0.7300000000000004,0.5329000000000006,1,1,1,6ed147cd585e5e8083292683f9be3cf585e97e4d46fa0e3224d24a4e2b42cbbb,f83baf5732ffbf88b9a448a3d9ab9fa270f7495fe44d1559c1ac49795a30881a,2bbf5eba419b0650693f1e88326107bf9a346c68,persistence_corrected_2bbf5eba419b_6ed147cd_f83baf57
Persistence,3,1,2022-03-12,2022-03-15,15.05,16.91,1.8599999999999994,1.8599999999999994,3.459599999999998,1,0,0,6ed147cd585e5e8083292683f9be3cf585e97e4d46fa0e3224d24a4e2b42cbbb,f83baf5732ffbf88b9a448a3d9ab9fa270f7495fe44d1559c1ac49795a30881a,2bbf5eba419b0650693f1e88326107bf9a346c68,persistence_corrected_2bbf5eba419b_6ed147cd_f83baf57
Persistence,3,1,2022-03-13,2022-03-16,14.66,16.7,2.039999999999999,2.039999999999999,4.161599999999996,0,0,0,6ed147cd585e5e8083292683f9be3cf585e97e4d46fa0e3224d24a4e2b42cbbb,f83baf5732ffbf88b9a448a3d9ab9fa270f7495fe44d1559c1ac49795a30881a,2bbf5eba419b0650693f1e88326107bf9a346c68,persistence_corrected_2bbf5eba419b_6ed147cd_f83baf57
Persistence,3,1,2022-03-14,2022-03-17,14.99,17.6,2.610000000000001,2.610000000000001,6.812100000000006,0,0,0,6ed147cd585e5e8083292683f9be3cf585e97e4d46fa0e3224d24a4e2b42cbbb,f83baf5732ffbf88b9a448a3d9ab9fa270f7495fe44d1559c1ac49795a30881a,2bbf5eba419b0650693f1e88326107bf9a346c68,persistence_corrected_2bbf5eba419b_6ed147cd_f83baf57
Persistence,3,1,2022-03-15,2022-03-18,16.39,15.05,-1.3399999999999999,1.3399999999999999,1.7955999999999996,1,1,0,6ed147cd585e5e8083292683f9be3cf585e97e4d46fa0e3224d24a4e2b42cbbb,f83baf5732ffbf88b9a448a3d9ab9fa270f7495fe44d1559c1ac49795a30881a,2bbf5eba419b0650693f1e88326107bf9a346c68,persistence_corrected_2bbf5eba419b_6ed147cd_f83baf57
Persistence,3,1,2022-03-16,2022-03-19,14.39,14.66,0.2699999999999996,0.2699999999999996,0.07289999999999977,0,0,0,6ed147cd585e5e8083292683f9be3cf585e97e4d46fa0e3224d24a4e2b42cbbb,f83baf5732ffbf88b9a448a3d9ab9fa270f7495fe44d1559c1ac49795a30881a,2bbf5eba419b0650693f1e88326107bf9a346c68,persistence_corrected_2bbf5eba419b_6ed147cd_f83baf57
Persistence,3,1,2022-03-17,2022-03-20,14.16,14.99,0.8300000000000001,0.8300000000000001,0.6889000000000001,0,0,0,6ed147cd585e5e8083292683f9be3cf585e97e4d46fa0e3224d24a4e2b42cbbb,f83baf5732ffbf88b9a448a3d9ab9fa270f7495fe44d1559c1ac49795a30881a,2bbf5eba419b0650693f1e88326107bf9a346c68,persistence_corrected_2bbf5eba419b_6ed147cd_f83baf57
Persistence,3,1,2022-03-18,2022-03-21,15.02,16.39,1.370000000000001,1.370000000000001,1.8769000000000027,1,0,0,6ed147cd585e5e8083292683f9be3cf585e97e4d46fa0e3224d24a4e2b42cbbb,f83baf5732ffbf88b9a448a3d9ab9fa270f7495fe44d1559c1ac49795a30881a,2bbf5eba419b0650693f1e88326107bf9a346c68,persistence_corrected_2bbf5eba419b_6ed147cd_f83baf57
Persistence,3,1,2022-03-19,2022-03-22,14.66,14.39,-0.2699999999999996,0.2699999999999996,0.07289999999999977,0,0,0,6ed147cd585e5e8083292683f9be3cf585e97e4d46fa0e3224d24a4e2b42cbbb,f83baf5732ffbf88b9a448a3d9ab9fa270f7495fe44d1559c1ac49795a30881a,2bbf5eba419b0650693f1e88326107bf9a346c68,persistence_corrected_2bbf5eba419b_6ed147cd_f83baf57
Persistence,3,1,2022-03-20,2022-03-23,13.91,14.16,0.25,0.25,0.0625,0,0,0,6ed147cd585e5e8083292683f9be3cf585e97e4d46fa0e3224d24a4e2b42cbbb,f83baf5732ffbf88b9a448a3d9ab9fa270f7495fe44d1559c1ac49795a30881a,2bbf5eba419b0650693f1e88326107bf9a346c68,persistence_corrected_2bbf5eba419b_6ed147cd_f83baf57
Persistence,3,1,2022-03-21,2022-03-24,15.36,15.02,-0.33999999999999986,0.33999999999999986,0.1155999999999999,1,0,0,6ed147cd585e5e8083292683f9be3cf585e97e4d46fa0e3224d24a4e2b42cbbb,f83baf5732ffbf88b9a448a3d9ab9fa270f7495fe44d1559c1ac49795a30881a,2bbf5eba419b0650693f1e88326107bf9a346c68,persistence_corrected_2bbf5eba419b_6ed147cd_f83baf57
Persistence,3,1,2022-03-22,2022-03-25,14.02,14.66,0.6400000000000006,0.6400000000000006,0.40960000000000074,0,0,0,6ed147cd585e5e8083292683f9be3cf585e97e4d46fa0e3224d24a4e2b42cbbb,f83baf5732ffbf88b9a448a3d9ab9fa270f7495fe44d1559c1ac49795a30881a,2bbf5eba419b0650693f1e88326107bf9a346c68,persistence_corrected_2bbf5eba419b_6ed147cd_f83baf57
Persistence,3,1,2022-03-23,2022-03-26,12.34,13.91,1.5700000000000003,1.5700000000000003,2.464900000000001,0,0,0,6ed147cd585e5e8083292683f9be3cf585e97e4d46fa0e3224d24a4e2b42cbbb,f83baf5732ffbf88b9a448a3d9ab9fa270f7495fe44d1559c1ac49795a30881a,2bbf5eba419b0650693f1e88326107bf9a346c68,persistence_corrected_2bbf5eba419b_6ed147cd_f83baf57
Persistence,3,1,2022-03-24,2022-03-27,10.51,15.36,4.85,4.85,23.522499999999997,0,0,0,6ed147cd585e5e8083292683f9be3cf585e97e4d46fa0e3224d24a4e2b42cbbb,f83baf5732ffbf88b9a448a3d9ab9fa270f7495fe44d1559c1ac49795a30881a,2bbf5eba419b0650693f1e88326107bf9a346c68,persistence_corrected_2bbf5eba419b_6ed147cd_f83baf57
Persistence,3,1,2022-03-25,2022-03-28,11.68,14.02,2.34,2.34,5.475599999999999,0,0,0,6ed147cd585e5e8083292683f9be3cf585e97e4d46fa0e3224d24a4e2b42cbbb,f83baf5732ffbf88b9a448a3d9ab9fa270f7495fe44d1559c1ac49795a30881a,2bbf5eba419b0650693f1e88326107bf9a346c68,persistence_corrected_2bbf5eba419b_6ed147cd_f83baf57
Persistence,3,1,2022-03-26,2022-03-29,13.13,12.34,-0.7900000000000009,0.7900000000000009,0.6241000000000014,0,0,0,6ed147cd585e5e8083292683f9be3cf585e97e4d46fa0e3224d24a4e2b42cbbb,f83baf5732ffbf88b9a448a3d9ab9fa270f7495fe44d1559c1ac49795a30881a,2bbf5eba419b0650693f1e88326107bf9a346c68,persistence_corrected_2bbf5eba419b_6ed147cd_f83baf57
Persistence,3,1,2022-03-27,2022-03-30,9.49,10.51,1.0199999999999996,1.0199999999999996,1.040399999999999,0,0,0,6ed147cd585e5e8083292683f9be3cf585e97e4d46fa0e3224d24a4e2b42cbbb,f83baf5732ffbf88b9a448a3d9ab9fa270f7495fe44d1559c1ac49795a30881a,2bbf5eba419b0650693f1e88326107bf9a346c68,persistence_corrected_2bbf5eba419b_6ed147cd_f83baf57
Persistence,3,1,2022-03-28,2022-03-31,12.8,11.68,-1.120000000000001,1.120000000000001,1.2544000000000022,0,0,0,6ed147cd585e5e8083292683f9be3cf585e97e4d46fa0e3224d24a4e2b42cbbb,f83baf5732ffbf88b9a448a3d9ab9fa270f7495fe44d1559c1ac49795a30881a,2bbf5eba419b0650693f1e88326107bf9a346c68,persistence_corrected_2bbf5eba419b_6ed147cd_f83baf57
Persistence,3,1,2022-03-29,2022-04-01,10.76,13.13,2.370000000000001,2.370000000000001,5.616900000000005,0,0,0,6ed147cd585e5e8083292683f9be3cf585e97e4d46fa0e3224d24a4e2b42cbbb,f83baf5732ffbf88b9a448a3d9ab9fa270f7495fe44d1559c1ac49795a30881a,2bbf5eba419b0650693f1e88326107bf9a346c68,persistence_corrected_2bbf5eba419b_6ed147cd_f83baf57
Persistence,3,1,2022-03-30,2022-04-02,9.76,9.49,-0.2699999999999996,0.2699999999999996,0.07289999999999977,0,0,0,6ed147cd585e5e8083292683f9be3cf585e97e4d46fa0e3224d24a4e2b42cbbb,f83baf5732ffbf88b9a448a3d9ab9fa270f7495fe44d1559c1ac49795a30881a,2bbf5eba419b0650693f1e88326107bf9a346c68,persistence_corrected_2bbf5eba419b_6ed147cd_f83baf57
Persistence,3,1,2022-03-31,2022-04-03,11.41,12.8,1.3900000000000006,1.3900000000000006,1.9321000000000015,0,0,0,6ed147cd585e5e8083292683f9be3cf585e97e4d46fa0e3224d24a4e2b42cbbb,f83baf5732ffbf88b9a448a3d9ab9fa270f7495fe44d1559c1ac49795a30881a,2bbf5eba419b0650693f1e88326107bf9a346c68,persistence_corrected_2bbf5eba419b_6ed147cd_f83baf57
Persistence,3,1,2022-04-01,2022-04-04,12.77,10.76,-2.01,2.01,4.040099999999999,0,0,0,6ed147cd585e5e8083292683f9be3cf585e97e4d46fa0e3224d24a4e2b42cbbb,f83baf5732ffbf88b9a448a3d9ab9fa270f7495fe44d1559c1ac49795a30881a,2bbf5eba419b0650693f1e88326107bf9a346c68,persistence_corrected_2bbf5eba419b_6ed147cd_f83baf57
Persistence,3,1,2022-04-02,2022-04-05,13.25,9.76,-3.49,3.49,12.180100000000001,0,0,0,6ed147cd585e5e8083292683f9be3cf585e97e4d46fa0e3224d24a4e2b42cbbb,f83baf5732ffbf88b9a448a3d9ab9fa270f7495fe44d1559c1ac49795a30881a,2bbf5eba419b0650693f1e88326107bf9a346c68,persistence_corrected_2bbf5eba419b_6ed147cd_f83baf57
Persistence,3,1,2022-04-03,2022-04-06,12.49,11.41,-1.08,1.08,1.1664,0,0,0,6ed147cd585e5e8083292683f9be3cf585e97e4d46fa0e3224d24a4e2b42cbbb,f83baf5732ffbf88b9a448a3d9ab9fa270f7495fe44d1559c1ac49795a30881a,2bbf5eba419b0650693f1e88326107bf9a346c68,persistence_corrected_2bbf5eba419b_6ed147cd_f83baf57
Persistence,3,1,2022-04-04,2022-04-07,14.95,12.77,-2.1799999999999997,2.1799999999999997,4.752399999999999,0,0,0,6ed147cd585e5e8083292683f9be3cf585e97e4d46fa0e3224d24a4e2b42cbbb,f83baf5732ffbf88b9a448a3d9ab9fa270f7495fe44d1559c1ac49795a30881a,2bbf5eba419b0650693f1e88326107bf9a346c68,persistence_corrected_2bbf5eba419b_6ed147cd_f83baf57
Persistence,3,1,2022-04-05,2022-04-08,17.18,13.25,-3.9299999999999997,3.9299999999999997,15.444899999999997,1,1,1,6ed147cd585e5e8083292683f9be3cf585e97e4d46fa0e3224d24a4e2b42cbbb,f83baf5732ffbf88b9a448a3d9ab9fa270f7495fe44d1559c1ac49795a30881a,2bbf5eba419b0650693f1e88326107bf9a346c68,persistence_corrected_2bbf5eba419b_6ed147cd_f83baf57
Persistence,3,1,2022-04-06,2022-04-09,15.3,12.49,-2.8100000000000005,2.8100000000000005,7.896100000000003,1,0,0,6ed147cd585e5e8083292683f9be3cf585e97e4d46fa0e3224d24a4e2b42cbbb,f83baf5732ffbf88b9a448a3d9ab9fa270f7495fe44d1559c1ac49795a30881a,2bbf5eba419b0650693f1e88326107bf9a346c68,persistence_corrected_2bbf5eba419b_6ed147cd_f83baf57
Persistence,3,1,2022-04-07,2022-04-10,14.35,14.95,0.5999999999999996,0.5999999999999996,0.3599999999999996,0,0,0,6ed147cd585e5e8083292683f9be3cf585e97e4d46fa0e3224d24a4e2b42cbbb,f83baf5732ffbf88b9a448a3d9ab9fa270f7495fe44d1559c1ac49795a30881a,2bbf5eba419b0650693f1e88326107bf9a346c68,persistence_corrected_2bbf5eba419b_6ed147cd_f83baf57
Persistence,3,1,2022-04-08,2022-04-11,14.05,17.18,3.129999999999999,3.129999999999999,9.796899999999994,0,0,0,6ed147cd585e5e8083292683f9be3cf585e97e4d46fa0e3224d24a4e2b42cbbb,f83baf5732ffbf88b9a448a3d9ab9fa270f7495fe44d1559c1ac49795a30881a,2bbf5eba419b0650693f1e88326107bf9a346c68,persistence_corrected_2bbf5eba419b_6ed147cd_f83baf57
Persistence,3,1,2022-04-09,2022-04-12,12.72,15.3,2.58,2.58,6.6564000000000005,0,0,0,6ed147cd585e5e8083292683f9be3cf585e97e4d46fa0e3224d24a4e2b42cbbb,f83baf5732ffbf88b9a448a3d9ab9fa270f7495fe44d1559c1ac49795a30881a,2bbf5eba419b0650693f1e88326107bf9a346c68,persistence_corrected_2bbf5eba419b_6ed147cd_f83baf57
Persistence,3,1,2022-04-10,2022-04-13,14.57,14.35,-0.22000000000000064,0.22000000000000064,0.04840000000000028,0,0,0,6ed147cd585e5e8083292683f9be3cf585e97e4d46fa0e3224d24a4e2b42cbbb,f83baf5732ffbf88b9a448a3d9ab9fa270f7495fe44d1559c1ac49795a30881a,2bbf5eba419b0650693f1e88326107bf9a346c68,persistence_corrected_2bbf5eba419b_6ed147cd_f83baf57
Persistence,3,1,2022-04-11,2022-04-14,13.69,14.05,0.3600000000000012,0.3600000000000012,0.12960000000000088,0,0,0,6ed147cd585e5e8083292683f9be3cf585e97e4d46fa0e3224d24a4e2b42cbbb,f83baf5732ffbf88b9a448a3d9ab9fa270f7495fe44d1559c1ac49795a30881a,2bbf5eba419b0650693f1e88326107bf9a346c68,persistence_corrected_2bbf5eba419b_6ed147cd_f83baf57
Persistence,3,1,2022-04-12,2022-04-15,15.92,12.72,-3.1999999999999993,3.1999999999999993,10.239999999999995,1,0,0,6ed147cd585e5e8083292683f9be3cf585e97e4d46fa0e3224d24a4e2b42cbbb,f83baf5732ffbf88b9a448a3d9ab9fa270f7495fe44d1559c1ac49795a30881a,2bbf5eba419b0650693f1e88326107bf9a346c68,persistence_corrected_2bbf5eba419b_6ed147cd_f83baf57
Persistence,3,1,2022-04-13,2022-04-16,11.75,14.57,2.8200000000000003,2.8200000000000003,7.952400000000002,0,0,0,6ed147cd585e5e8083292683f9be3cf585e97e4d46fa0e3224d24a4e2b42cbbb,f83baf5732ffbf88b9a448a3d9ab9fa270f7495fe44d1559c1ac49795a30881a,2bbf5eba419b0650693f1e88326107bf9a346c68,persistence_corrected_2bbf5eba419b_6ed147cd_f83baf57
Persistence,3,1,2022-04-14,2022-04-17,11.92,13.69,1.7699999999999996,1.7699999999999996,3.1328999999999985,0,0,0,6ed147cd585e5e8083292683f9be3cf585e97e4d46fa0e3224d24a4e2b42cbbb,f83baf5732ffbf88b9a448a3d9ab9fa270f7495fe44d1559c1ac49795a30881a,2bbf5eba419b0650693f1e88326107bf9a346c68,persistence_corrected_2bbf5eba419b_6ed147cd_f83baf57
Persistence,3,1,2022-04-15,2022-04-18,13.1,15.92,2.8200000000000003,2.8200000000000003,7.952400000000002,0,0,0,6ed147cd585e5e8083292683f9be3cf585e97e4d46fa0e3224d24a4e2b42cbbb,f83baf5732ffbf88b9a448a3d9ab9fa270f7495fe44d1559c1ac49795a30881a,2bbf5eba419b0650693f1e88326107bf9a346c68,persistence_corrected_2bbf5eba419b_6ed147cd_f83baf57
Persistence,3,1,2022-04-16,2022-04-19,13.5,11.75,-1.75,1.75,3.0625,0,0,0,6ed147cd585e5e8083292683f9be3cf585e97e4d46fa0e3224d24a4e2b42cbbb,f83baf5732ffbf88b9a448a3d9ab9fa270f7495fe44d1559c1ac49795a30881a,2bbf5eba419b0650693f1e88326107bf9a346c68,persistence_corrected_2bbf5eba419b_6ed147cd_f83baf57
Persistence,3,1,2022-04-17,2022-04-20,13.24,11.92,-1.3200000000000003,1.3200000000000003,1.7424000000000008,0,0,0,6ed147cd585e5e8083292683f9be3cf585e97e4d46fa0e3224d24a4e2b42cbbb,f83baf5732ffbf88b9a448a3d9ab9fa270f7495fe44d1559c1ac49795a30881a,2bbf5eba419b0650693f1e88326107bf9a346c68,persistence_corrected_2bbf5eba419b_6ed147cd_f83baf57
Persistence,3,1,2022-04-18,2022-04-21,13.75,13.1,-0.6500000000000004,0.6500000000000004,0.4225000000000005,0,0,0,6ed147cd585e5e8083292683f9be3cf585e97e4d46fa0e3224d24a4e2b42cbbb,f83baf5732ffbf88b9a448a3d9ab9fa270f7495fe44d1559c1ac49795a30881a,2bbf5eba419b0650693f1e88326107bf9a346c68,persistence_corrected_2bbf5eba419b_6ed147cd_f83baf57
Persistence,3,1,2022-04-19,2022-04-22,17.64,13.5,-4.140000000000001,4.140000000000001,17.139600000000005,1,1,1,6ed147cd585e5e8083292683f9be3cf585e97e4d46fa0e3224d24a4e2b42cbbb,f83baf5732ffbf88b9a448a3d9ab9fa270f7495fe44d1559c1ac49795a30881a,2bbf5eba419b0650693f1e88326107bf9a346c68,persistence_corrected_2bbf5eba419b_6ed147cd_f83baf57
Persistence,3,1,2022-04-20,2022-04-23,11.22,13.24,2.0199999999999996,2.0199999999999996,4.080399999999998,0,0,0,6ed147cd585e5e8083292683f9be3cf585e97e4d46fa0e3224d24a4e2b42cbbb,f83baf5732ffbf88b9a448a3d9ab9fa270f7495fe44d1559c1ac49795a30881a,2bbf5eba419b0650693f1e88326107bf9a346c68,persistence_corrected_2bbf5eba419b_6ed147cd_f83baf57
Persistence,3,1,2022-04-21,2022-04-24,11.23,13.75,2.5199999999999996,2.5199999999999996,6.350399999999998,0,0,0,6ed147cd585e5e8083292683f9be3cf585e97e4d46fa0e3224d24a4e2b42cbbb,f83baf5732ffbf88b9a448a3d9ab9fa270f7495fe44d1559c1ac49795a30881a,2bbf5eba419b0650693f1e88326107bf9a346c68,persistence_corrected_2bbf5eba419b_6ed147cd_f83baf57
Persistence,3,1,2022-04-22,2022-04-25,13.46,17.64,4.18,4.18,17.472399999999997,0,0,0,6ed147cd585e5e8083292683f9be3cf585e97e4d46fa0e3224d24a4e2b42cbbb,f83baf5732ffbf88b9a448a3d9ab9fa270f7495fe44d1559c1ac49795a30881a,2bbf5eba419b0650693f1e88326107bf9a346c68,persistence_corrected_2bbf5eba419b_6ed147cd_f83baf57
Persistence,3,1,2022-04-23,2022-04-26,14.5,11.22,-3.2799999999999994,3.2799999999999994,10.758399999999996,0,0,0,6ed147cd585e5e8083292683f9be3cf585e97e4d46fa0e3224d24a4e2b42cbbb,f83baf5732ffbf88b9a448a3d9ab9fa270f7495fe44d1559c1ac49795a30881a,2bbf5eba419b0650693f1e88326107bf9a346c68,persistence_corrected_2bbf5eba419b_6ed147cd_f83baf57
Persistence,3,1,2022-04-24,2022-04-27,11.69,11.23,-0.4599999999999991,0.4599999999999991,0.21159999999999915,0,0,0,6ed147cd585e5e8083292683f9be3cf585e97e4d46fa0e3224d24a4e2b42cbbb,f83baf5732ffbf88b9a448a3d9ab9fa270f7495fe44d1559c1ac49795a30881a,2bbf5eba419b0650693f1e88326107bf9a346c68,persistence_corrected_2bbf5eba419b_6ed147cd_f83baf57
Persistence,3,1,2022-04-25,2022-04-28,11.68,13.46,1.7800000000000011,1.7800000000000011,3.168400000000004,0,0,0,6ed147cd585e5e8083292683f9be3cf585e97e4d46fa0e3224d24a4e2b42cbbb,f83baf5732ffbf88b9a448a3d9ab9fa270f7495fe44d1559c1ac49795a30881a,2bbf5eba419b0650693f1e88326107bf9a346c68,persistence_corrected_2bbf5eba419b_6ed147cd_f83baf57
Persistence,3,1,2022-04-26,2022-04-29,11.09,14.5,3.41,3.41,11.628100000000002,0,0,0,6ed147cd585e5e8083292683f9be3cf585e97e4d46fa0e3224d24a4e2b42cbbb,f83baf5732ffbf88b9a448a3d9ab9fa270f7495fe44d1559c1ac49795a30881a,2bbf5eba419b0650693f1e88326107bf9a346c68,persistence_corrected_2bbf5eba419b_6ed147cd_f83baf57
Persistence,3,1,2022-04-27,2022-04-30,8.23,11.69,3.459999999999999,3.459999999999999,11.971599999999993,0,0,0,6ed147cd585e5e8083292683f9be3cf585e97e4d46fa0e3224d24a4e2b42cbbb,f83baf5732ffbf88b9a448a3d9ab9fa270f7495fe44d1559c1ac49795a30881a,2bbf5eba419b0650693f1e88326107bf9a346c68,persistence_corrected_2bbf5eba419b_6ed147cd_f83baf57
Persistence,3,1,2022-04-28,2022-05-01,7.6,11.68,4.08,4.08,16.6464,0,0,0,6ed147cd585e5e8083292683f9be3cf585e97e4d46fa0e3224d24a4e2b42cbbb,f83baf5732ffbf88b9a448a3d9ab9fa270f7495fe44d1559c1ac49795a30881a,2bbf5eba419b0650693f1e88326107bf9a346c68,persistence_corrected_2bbf5eba419b_6ed147cd_f83baf57
Persistence,3,1,2022-04-29,2022-05-02,10.04,11.09,1.0500000000000007,1.0500000000000007,1.1025000000000016,0,0,0,6ed147cd585e5e8083292683f9be3cf585e97e4d46fa0e3224d24a4e2b42cbbb,f83baf5732ffbf88b9a448a3d9ab9fa270f7495fe44d1559c1ac49795a30881a,2bbf5eba419b0650693f1e88326107bf9a346c68,persistence_corrected_2bbf5eba419b_6ed147cd_f83baf57
Persistence,3,1,2022-04-30,2022-05-03,9.17,8.23,-0.9399999999999995,0.9399999999999995,0.883599999999999,0,0,0,6ed147cd585e5e8083292683f9be3cf585e97e4d46fa0e3224d24a4e2b42cbbb,f83baf5732ffbf88b9a448a3d9ab9fa270f7495fe44d1559c1ac49795a30881a,2bbf5eba419b0650693f1e88326107bf9a346c68,persistence_corrected_2bbf5eba419b_6ed147cd_f83baf57
Persistence,3,1,2022-05-01,2022-05-04,10.49,7.6,-2.8900000000000006,2.8900000000000006,8.352100000000004,0,0,0,6ed147cd585e5e8083292683f9be3cf585e97e4d46fa0e3224d24a4e2b42cbbb,f83baf5732ffbf88b9a448a3d9ab9fa270f7495fe44d1559c1ac49795a30881a,2bbf5eba419b0650693f1e88326107bf9a346c68,persistence_corrected_2bbf5eba419b_6ed147cd_f83baf57
Persistence,3,1,2022-05-02,2022-05-05,9.19,10.04,0.8499999999999996,0.8499999999999996,0.7224999999999994,0,0,0,6ed147cd585e5e8083292683f9be3cf585e97e4d46fa0e3224d24a4e2b42cbbb,f83baf5732ffbf88b9a448a3d9ab9fa270f7495fe44d1559c1ac49795a30881a,2bbf5eba419b0650693f1e88326107bf9a346c68,persistence_corrected_2bbf5eba419b_6ed147cd_f83baf57
Persistence,3,1,2022-05-03,2022-05-06,9.34,9.17,-0.16999999999999993,0.16999999999999993,0.028899999999999974,0,0,0,6ed147cd585e5e8083292683f9be3cf585e97e4d46fa0e3224d24a4e2b42cbbb,f83baf5732ffbf88b9a448a3d9ab9fa270f7495fe44d1559c1ac49795a30881a,2bbf5eba419b0650693f1e88326107bf9a346c68,persistence_corrected_2bbf5eba419b_6ed147cd_f83baf57
Persistence,3,1,2022-05-04,2022-05-07,10.28,10.49,0.21000000000000085,0.21000000000000085,0.04410000000000036,0,0,0,6ed147cd585e5e8083292683f9be3cf585e97e4d46fa0e3224d24a4e2b42cbbb,f83baf5732ffbf88b9a448a3d9ab9fa270f7495fe44d1559c1ac49795a30881a,2bbf5eba419b0650693f1e88326107bf9a346c68,persistence_corrected_2bbf5eba419b_6ed147cd_f83baf57
Persistence,3,1,2022-05-05,2022-05-08,10.58,9.19,-1.3900000000000006,1.3900000000000006,1.9321000000000015,0,0,0,6ed147cd585e5e8083292683f9be3cf585e97e4d46fa0e3224d24a4e2b42cbbb,f83baf5732ffbf88b9a448a3d9ab9fa270f7495fe44d1559c1ac49795a30881a,2bbf5eba419b0650693f1e88326107bf9a346c68,persistence_corrected_2bbf5eba419b_6ed147cd_f83baf57
Persistence,3,1,2022-05-06,2022-05-09,12.71,9.34,-3.370000000000001,3.370000000000001,11.356900000000007,0,0,0,6ed147cd585e5e8083292683f9be3cf585e97e4d46fa0e3224d24a4e2b42cbbb,f83baf5732ffbf88b9a448a3d9ab9fa270f7495fe44d1559c1ac49795a30881a,2bbf5eba419b0650693f1e88326107bf9a346c68,persistence_corrected_2bbf5eba419b_6ed147cd_f83baf57
Persistence,3,1,2022-05-07,2022-05-10,12.64,10.28,-2.360000000000001,2.360000000000001,5.569600000000006,0,0,0,6ed147cd585e5e8083292683f9be3cf585e97e4d46fa0e3224d24a4e2b42cbbb,f83baf5732ffbf88b9a448a3d9ab9fa270f7495fe44d1559c1ac49795a30881a,2bbf5eba419b0650693f1e88326107bf9a346c68,persistence_corrected_2bbf5eba419b_6ed147cd_f83baf57
Persistence,3,1,2022-05-08,2022-05-11,12.72,10.58,-2.1400000000000006,2.1400000000000006,4.579600000000003,0,0,0,6ed147cd585e5e8083292683f9be3cf585e97e4d46fa0e3224d24a4e2b42cbbb,f83baf5732ffbf88b9a448a3d9ab9fa270f7495fe44d1559c1ac49795a30881a,2bbf5eba419b0650693f1e88326107bf9a346c68,persistence_corrected_2bbf5eba419b_6ed147cd_f83baf57
Persistence,3,1,2022-05-09,2022-05-12,13.37,12.71,-0.6599999999999984,0.6599999999999984,0.4355999999999978,0,0,0,6ed147cd585e5e8083292683f9be3cf585e97e4d46fa0e3224d24a4e2b42cbbb,f83baf5732ffbf88b9a448a3d9ab9fa270f7495fe44d1559c1ac49795a30881a,2bbf5eba419b0650693f1e88326107bf9a346c68,persistence_corrected_2bbf5eba419b_6ed147cd_f83baf57
Persistence,3,1,2022-05-10,2022-05-13,12.94,12.64,-0.29999999999999893,0.29999999999999893,0.08999999999999936,0,0,0,6ed147cd585e5e8083292683f9be3cf585e97e4d46fa0e3224d24a4e2b42cbbb,f83baf5732ffbf88b9a448a3d9ab9fa270f7495fe44d1559c1ac49795a30881a,2bbf5eba419b0650693f1e88326107bf9a346c68,persistence_corrected_2bbf5eba419b_6ed147cd_f83baf57
Persistence,3,1,2022-05-11,2022-05-14,15.8,12.72,-3.08,3.08,9.4864,1,0,0,6ed147cd585e5e8083292683f9be3cf585e97e4d46fa0e3224d24a4e2b42cbbb,f83baf5732ffbf88b9a448a3d9ab9fa270f7495fe44d1559c1ac49795a30881a,2bbf5eba419b0650693f1e88326107bf9a346c68,persistence_corrected_2bbf5eba419b_6ed147cd_f83baf57
Persistence,3,1,2022-05-12,2022-05-15,13.32,13.37,0.049999999999998934,0.049999999999998934,0.0024999999999998934,0,0,0,6ed147cd585e5e8083292683f9be3cf585e97e4d46fa0e3224d24a4e2b42cbbb,f83baf5732ffbf88b9a448a3d9ab9fa270f7495fe44d1559c1ac49795a30881a,2bbf5eba419b0650693f1e88326107bf9a346c68,persistence_corrected_2bbf5eba419b_6ed147cd_f83baf57
Persistence,3,1,2022-05-13,2022-05-16,11.74,12.94,1.1999999999999993,1.1999999999999993,1.4399999999999984,0,0,0,6ed147cd585e5e8083292683f9be3cf585e97e4d46fa0e3224d24a4e2b42cbbb,f83baf5732ffbf88b9a448a3d9ab9fa270f7495fe44d1559c1ac49795a30881a,2bbf5eba419b0650693f1e88326107bf9a346c68,persistence_corrected_2bbf5eba419b_6ed147cd_f83baf57
Persistence,3,1,2022-05-14,2022-05-17,11.9,15.8,3.9000000000000004,3.9000000000000004,15.210000000000003,0,0,0,6ed147cd585e5e8083292683f9be3cf585e97e4d46fa0e3224d24a4e2b42cbbb,f83baf5732ffbf88b9a448a3d9ab9fa270f7495fe44d1559c1ac49795a30881a,2bbf5eba419b0650693f1e88326107bf9a346c68,persistence_corrected_2bbf5eba419b_6ed147cd_f83baf57
Persistence,3,1,2022-05-15,2022-05-18,13.99,13.32,-0.6699999999999999,0.6699999999999999,0.4488999999999999,0,0,0,6ed147cd585e5e8083292683f9be3cf585e97e4d46fa0e3224d24a4e2b42cbbb,f83baf5732ffbf88b9a448a3d9ab9fa270f7495fe44d1559c1ac49795a30881a,2bbf5eba419b0650693f1e88326107bf9a346c68,persistence_corrected_2bbf5eba419b_6ed147cd_f83baf57
Persistence,3,1,2022-05-16,2022-05-19,13.14,11.74,-1.4000000000000004,1.4000000000000004,1.960000000000001,0,0,0,6ed147cd585e5e8083292683f9be3cf585e97e4d46fa0e3224d24a4e2b42cbbb,f83baf5732ffbf88b9a448a3d9ab9fa270f7495fe44d1559c1ac49795a30881a,2bbf5eba419b0650693f1e88326107bf9a346c68,persistence_corrected_2bbf5eba419b_6ed147cd_f83baf57
Persistence,3,1,2022-05-17,2022-05-20,13.2,11.9,-1.299999999999999,1.299999999999999,1.6899999999999973,0,0,0,6ed147cd585e5e8083292683f9be3cf585e97e4d46fa0e3224d24a4e2b42cbbb,f83baf5732ffbf88b9a448a3d9ab9fa270f7495fe44d1559c1ac49795a30881a,2bbf5eba419b0650693f1e88326107bf9a346c68,persistence_corrected_2bbf5eba419b_6ed147cd_f83baf57
Persistence,3,1,2022-05-18,2022-05-21,12.84,13.99,1.1500000000000004,1.1500000000000004,1.322500000000001,0,0,0,6ed147cd585e5e8083292683f9be3cf585e97e4d46fa0e3224d24a4e2b42cbbb,f83baf5732ffbf88b9a448a3d9ab9fa270f7495fe44d1559c1ac49795a30881a,2bbf5eba419b0650693f1e88326107bf9a346c68,persistence_corrected_2bbf5eba419b_6ed147cd_f83baf57
Persistence,3,1,2022-05-19,2022-05-22,12.78,13.14,0.3600000000000012,0.3600000000000012,0.12960000000000088,0,0,0,6ed147cd585e5e8083292683f9be3cf585e97e4d46fa0e3224d24a4e2b42cbbb,f83baf5732ffbf88b9a448a3d9ab9fa270f7495fe44d1559c1ac49795a30881a,2bbf5eba419b0650693f1e88326107bf9a346c68,persistence_corrected_2bbf5eba419b_6ed147cd_f83baf57
Persistence,3,1,2022-05-20,2022-05-23,13.42,13.2,-0.22000000000000064,0.22000000000000064,0.04840000000000028,0,0,0,6ed147cd585e5e8083292683f9be3cf585e97e4d46fa0e3224d24a4e2b42cbbb,f83baf5732ffbf88b9a448a3d9ab9fa270f7495fe44d1559c1ac49795a30881a,2bbf5eba419b0650693f1e88326107bf9a346c68,persistence_corrected_2bbf5eba419b_6ed147cd_f83baf57
Persistence,3,1,2022-05-21,2022-05-24,12.91,12.84,-0.07000000000000028,0.07000000000000028,0.00490000000000004,0,0,0,6ed147cd585e5e8083292683f9be3cf585e97e4d46fa0e3224d24a4e2b42cbbb,f83baf5732ffbf88b9a448a3d9ab9fa270f7495fe44d1559c1ac49795a30881a,2bbf5eba419b0650693f1e88326107bf9a346c68,persistence_corrected_2bbf5eba419b_6ed147cd_f83baf57
Persistence,3,1,2022-05-22,2022-05-25,14.44,12.78,-1.6600000000000001,1.6600000000000001,2.7556000000000003,0,0,0,6ed147cd585e5e8083292683f9be3cf585e97e4d46fa0e3224d24a4e2b42cbbb,f83baf5732ffbf88b9a448a3d9ab9fa270f7495fe44d1559c1ac49795a30881a,2bbf5eba419b0650693f1e88326107bf9a346c68,persistence_corrected_2bbf5eba419b_6ed147cd_f83baf57
Persistence,3,1,2022-05-23,2022-05-26,13.75,13.42,-0.33000000000000007,0.33000000000000007,0.10890000000000005,0,0,0,6ed147cd585e5e8083292683f9be3cf585e97e4d46fa0e3224d24a4e2b42cbbb,f83baf5732ffbf88b9a448a3d9ab9fa270f7495fe44d1559c1ac49795a30881a,2bbf5eba419b0650693f1e88326107bf9a346c68,persistence_corrected_2bbf5eba419b_6ed147cd_f83baf57
Persistence,3,1,2022-05-24,2022-05-27,13.81,12.91,-0.9000000000000004,0.9000000000000004,0.8100000000000006,0,0,0,6ed147cd585e5e8083292683f9be3cf585e97e4d46fa0e3224d24a4e2b42cbbb,f83baf5732ffbf88b9a448a3d9ab9fa270f7495fe44d1559c1ac49795a30881a,2bbf5eba419b0650693f1e88326107bf9a346c68,persistence_corrected_2bbf5eba419b_6ed147cd_f83baf57
Persistence,3,1,2022-05-25,2022-05-28,16.48,14.44,-2.040000000000001,2.040000000000001,4.1616000000000035,1,1,0,6ed147cd585e5e8083292683f9be3cf585e97e4d46fa0e3224d24a4e2b42cbbb,f83baf5732ffbf88b9a448a3d9ab9fa270f7495fe44d1559c1ac49795a30881a,2bbf5eba419b0650693f1e88326107bf9a346c68,persistence_corrected_2bbf5eba419b_6ed147cd_f83baf57
Persistence,3,1,2022-05-26,2022-05-29,15.8,13.75,-2.0500000000000007,2.0500000000000007,4.202500000000003,1,0,0,6ed147cd585e5e8083292683f9be3cf585e97e4d46fa0e3224d24a4e2b42cbbb,f83baf5732ffbf88b9a448a3d9ab9fa270f7495fe44d1559c1ac49795a30881a,2bbf5eba419b0650693f1e88326107bf9a346c68,persistence_corrected_2bbf5eba419b_6ed147cd_f83baf57
Persistence,3,1,2022-05-27,2022-05-30,12.42,13.81,1.3900000000000006,1.3900000000000006,1.9321000000000015,0,0,0,6ed147cd585e5e8083292683f9be3cf585e97e4d46fa0e3224d24a4e2b42cbbb,f83baf5732ffbf88b9a448a3d9ab9fa270f7495fe44d1559c1ac49795a30881a,2bbf5eba419b0650693f1e88326107bf9a346c68,persistence_corrected_2bbf5eba419b_6ed147cd_f83baf57
Persistence,3,1,2022-05-28,2022-05-31,13.5,16.48,2.9800000000000004,2.9800000000000004,8.880400000000003,0,0,0,6ed147cd585e5e8083292683f9be3cf585e97e4d46fa0e3224d24a4e2b42cbbb,f83baf5732ffbf88b9a448a3d9ab9fa270f7495fe44d1559c1ac49795a30881a,2bbf5eba419b0650693f1e88326107bf9a346c68,persistence_corrected_2bbf5eba419b_6ed147cd_f83baf57
Persistence,3,1,2022-05-29,2022-06-01,12.92,15.8,2.880000000000001,2.880000000000001,8.294400000000005,0,0,0,6ed147cd585e5e8083292683f9be3cf585e97e4d46fa0e3224d24a4e2b42cbbb,f83baf5732ffbf88b9a448a3d9ab9fa270f7495fe44d1559c1ac49795a30881a,2bbf5eba419b0650693f1e88326107bf9a346c68,persistence_corrected_2bbf5eba419b_6ed147cd_f83baf57
Persistence,3,1,2022-05-30,2022-06-02,13.51,12.42,-1.0899999999999999,1.0899999999999999,1.1880999999999997,0,0,0,6ed147cd585e5e8083292683f9be3cf585e97e4d46fa0e3224d24a4e2b42cbbb,f83baf5732ffbf88b9a448a3d9ab9fa270f7495fe44d1559c1ac49795a30881a,2bbf5eba419b0650693f1e88326107bf9a346c68,persistence_corrected_2bbf5eba419b_6ed147cd_f83baf57
Persistence,3,1,2022-05-31,2022-06-03,12.24,13.5,1.2599999999999998,1.2599999999999998,1.5875999999999995,0,0,0,6ed147cd585e5e8083292683f9be3cf585e97e4d46fa0e3224d24a4e2b42cbbb,f83baf5732ffbf88b9a448a3d9ab9fa270f7495fe44d1559c1ac49795a30881a,2bbf5eba419b0650693f1e88326107bf9a346c68,persistence_corrected_2bbf5eba419b_6ed147cd_f83baf57
Persistence,3,1,2022-06-01,2022-06-04,10.24,12.92,2.6799999999999997,2.6799999999999997,7.182399999999999,0,0,0,6ed147cd585e5e8083292683f9be3cf585e97e4d46fa0e3224d24a4e2b42cbbb,f83baf5732ffbf88b9a448a3d9ab9fa270f7495fe44d1559c1ac49795a30881a,2bbf5eba419b0650693f1e88326107bf9a346c68,persistence_corrected_2bbf5eba419b_6ed147cd_f83baf57
Persistence,3,1,2022-06-02,2022-06-05,9.78,13.51,3.7300000000000004,3.7300000000000004,13.912900000000004,0,0,0,6ed147cd585e5e8083292683f9be3cf585e97e4d46fa0e3224d24a4e2b42cbbb,f83baf5732ffbf88b9a448a3d9ab9fa270f7495fe44d1559c1ac49795a30881a,2bbf5eba419b0650693f1e88326107bf9a346c68,persistence_corrected_2bbf5eba419b_6ed147cd_f83baf57
Persistence,3,1,2022-06-03,2022-06-06,8.76,12.24,3.4800000000000004,3.4800000000000004,12.110400000000004,0,0,0,6ed147cd585e5e8083292683f9be3cf585e97e4d46fa0e3224d24a4e2b42cbbb,f83baf5732ffbf88b9a448a3d9ab9fa270f7495fe44d1559c1ac49795a30881a,2bbf5eba419b0650693f1e88326107bf9a346c68,persistence_corrected_2bbf5eba419b_6ed147cd_f83baf57
Persistence,3,1,2022-06-04,2022-06-07,9.5,10.24,0.7400000000000002,0.7400000000000002,0.5476000000000003,0,0,0,6ed147cd585e5e8083292683f9be3cf585e97e4d46fa0e3224d24a4e2b42cbbb,f83baf5732ffbf88b9a448a3d9ab9fa270f7495fe44d1559c1ac49795a30881a,2bbf5eba419b0650693f1e88326107bf9a346c68,persistence_corrected_2bbf5eba419b_6ed147cd_f83baf57
Persistence,3,1,2022-06-05,2022-06-08,13.81,9.78,-4.030000000000001,4.030000000000001,16.24090000000001,0,0,0,6ed147cd585e5e8083292683f9be3cf585e97e4d46fa0e3224d24a4e2b42cbbb,f83baf5732ffbf88b9a448a3d9ab9fa270f7495fe44d1559c1ac49795a30881a,2bbf5eba419b0650693f1e88326107bf9a346c68,persistence_corrected_2bbf5eba419b_6ed147cd_f83baf57
Persistence,3,1,2022-06-06,2022-06-09,13.99,8.76,-5.23,5.23,27.352900000000005,0,0,0,6ed147cd585e5e8083292683f9be3cf585e97e4d46fa0e3224d24a4e2b42cbbb,f83baf5732ffbf88b9a448a3d9ab9fa270f7495fe44d1559c1ac49795a30881a,2bbf5eba419b0650693f1e88326107bf9a346c68,persistence_corrected_2bbf5eba419b_6ed147cd_f83baf57
Persistence,3,1,2022-06-07,2022-06-10,13.16,9.5,-3.66,3.66,13.395600000000002,0,0,0,6ed147cd585e5e8083292683f9be3cf585e97e4d46fa0e3224d24a4e2b42cbbb,f83baf5732ffbf88b9a448a3d9ab9fa270f7495fe44d1559c1ac49795a30881a,2bbf5eba419b0650693f1e88326107bf9a346c68,persistence_corrected_2bbf5eba419b_6ed147cd_f83baf57
Persistence,3,1,2022-06-08,2022-06-11,11.9,13.81,1.9100000000000001,1.9100000000000001,3.6481000000000003,0,0,0,6ed147cd585e5e8083292683f9be3cf585e97e4d46fa0e3224d24a4e2b42cbbb,f83baf5732ffbf88b9a448a3d9ab9fa270f7495fe44d1559c1ac49795a30881a,2bbf5eba419b0650693f1e88326107bf9a346c68,persistence_corrected_2bbf5eba419b_6ed147cd_f83baf57
Persistence,3,1,2022-06-09,2022-06-12,12.11,13.99,1.8800000000000008,1.8800000000000008,3.534400000000003,0,0,0,6ed147cd585e5e8083292683f9be3cf585e97e4d46fa0e3224d24a4e2b42cbbb,f83baf5732ffbf88b9a448a3d9ab9fa270f7495fe44d1559c1ac49795a30881a,2bbf5eba419b0650693f1e88326107bf9a346c68,persistence_corrected_2bbf5eba419b_6ed147cd_f83baf57
Persistence,3,1,2022-06-10,2022-06-13,10.94,13.16,2.2200000000000006,2.2200000000000006,4.928400000000003,0,0,0,6ed147cd585e5e8083292683f9be3cf585e97e4d46fa0e3224d24a4e2b42cbbb,f83baf5732ffbf88b9a448a3d9ab9fa270f7495fe44d1559c1ac49795a30881a,2bbf5eba419b0650693f1e88326107bf9a346c68,persistence_corrected_2bbf5eba419b_6ed147cd_f83baf57
Persistence,3,1,2022-06-11,2022-06-14,14.46,11.9,-2.5600000000000005,2.5600000000000005,6.553600000000003,0,0,0,6ed147cd585e5e8083292683f9be3cf585e97e4d46fa0e3224d24a4e2b42cbbb,f83baf5732ffbf88b9a448a3d9ab9fa270f7495fe44d1559c1ac49795a30881a,2bbf5eba419b0650693f1e88326107bf9a346c68,persistence_corrected_2bbf5eba419b_6ed147cd_f83baf57
Persistence,3,1,2022-06-12,2022-06-15,10.28,12.11,1.83,1.83,3.3489000000000004,0,0,0,6ed147cd585e5e8083292683f9be3cf585e97e4d46fa0e3224d24a4e2b42cbbb,f83baf5732ffbf88b9a448a3d9ab9fa270f7495fe44d1559c1ac49795a30881a,2bbf5eba419b0650693f1e88326107bf9a346c68,persistence_corrected_2bbf5eba419b_6ed147cd_f83baf57
Persistence,3,1,2022-06-13,2022-06-16,9.31,10.94,1.629999999999999,1.629999999999999,2.6568999999999967,0,0,0,6ed147cd585e5e8083292683f9be3cf585e97e4d46fa0e3224d24a4e2b42cbbb,f83baf5732ffbf88b9a448a3d9ab9fa270f7495fe44d1559c1ac49795a30881a,2bbf5eba419b0650693f1e88326107bf9a346c68,persistence_corrected_2bbf5eba419b_6ed147cd_f83baf57
Persistence,3,1,2022-06-14,2022-06-17,11.4,14.46,3.0600000000000005,3.0600000000000005,9.363600000000003,0,0,0,6ed147cd585e5e8083292683f9be3cf585e97e4d46fa0e3224d24a4e2b42cbbb,f83baf5732ffbf88b9a448a3d9ab9fa270f7495fe44d1559c1ac49795a30881a,2bbf5eba419b0650693f1e88326107bf9a346c68,persistence_corrected_2bbf5eba419b_6ed147cd_f83baf57
Persistence,3,1,2022-06-15,2022-06-18,10.92,10.28,-0.6400000000000006,0.6400000000000006,0.40960000000000074,0,0,0,6ed147cd585e5e8083292683f9be3cf585e97e4d46fa0e3224d24a4e2b42cbbb,f83baf5732ffbf88b9a448a3d9ab9fa270f7495fe44d1559c1ac49795a30881a,2bbf5eba419b0650693f1e88326107bf9a346c68,persistence_corrected_2bbf5eba419b_6ed147cd_f83baf57
Persistence,3,1,2022-06-16,2022-06-19,10.96,9.31,-1.6500000000000004,1.6500000000000004,2.722500000000001,0,0,0,6ed147cd585e5e8083292683f9be3cf585e97e4d46fa0e3224d24a4e2b42cbbb,f83baf5732ffbf88b9a448a3d9ab9fa270f7495fe44d1559c1ac49795a30881a,2bbf5eba419b0650693f1e88326107bf9a346c68,persistence_corrected_2bbf5eba419b_6ed147cd_f83baf57
Persistence,3,1,2022-06-17,2022-06-20,10.97,11.4,0.4299999999999997,0.4299999999999997,0.18489999999999976,0,0,0,6ed147cd585e5e8083292683f9be3cf585e97e4d46fa0e3224d24a4e2b42cbbb,f83baf5732ffbf88b9a448a3d9ab9fa270f7495fe44d1559c1ac49795a30881a,2bbf5eba419b0650693f1e88326107bf9a346c68,persistence_corrected_2bbf5eba419b_6ed147cd_f83baf57
Persistence,3,2,2022-06-18,2022-06-21,11.96,10.92,-1.040000000000001,1.040000000000001,1.081600000000002,0,0,0,6ed147cd585e5e8083292683f9be3cf585e97e4d46fa0e3224d24a4e2b42cbbb,f83baf5732ffbf88b9a448a3d9ab9fa270f7495fe44d1559c1ac49795a30881a,2bbf5eba419b0650693f1e88326107bf9a346c68,persistence_corrected_2bbf5eba419b_6ed147cd_f83baf57
Persistence,3,2,2022-06-19,2022-06-22,13.96,10.96,-3.0,3.0,9.0,0,0,0,6ed147cd585e5e8083292683f9be3cf585e97e4d46fa0e3224d24a4e2b42cbbb,f83baf5732ffbf88b9a448a3d9ab9fa270f7495fe44d1559c1ac49795a30881a,2bbf5eba419b0650693f1e88326107bf9a346c68,persistence_corrected_2bbf5eba419b_6ed147cd_f83baf57
Persistence,3,2,2022-06-20,2022-06-23,13.33,10.97,-2.3599999999999994,2.3599999999999994,5.569599999999998,0,0,0,6ed147cd585e5e8083292683f9be3cf585e97e4d46fa0e3224d24a4e2b42cbbb,f83baf5732ffbf88b9a448a3d9ab9fa270f7495fe44d1559c1ac49795a30881a,2bbf5eba419b0650693f1e88326107bf9a346c68,persistence_corrected_2bbf5eba419b_6ed147cd_f83baf57
Persistence,3,2,2022-06-21,2022-06-24,13.07,11.96,-1.1099999999999994,1.1099999999999994,1.2320999999999986,0,0,0,6ed147cd585e5e8083292683f9be3cf585e97e4d46fa0e3224d24a4e2b42cbbb,f83baf5732ffbf88b9a448a3d9ab9fa270f7495fe44d1559c1ac49795a30881a,2bbf5eba419b0650693f1e88326107bf9a346c68,persistence_corrected_2bbf5eba419b_6ed147cd_f83baf57
Persistence,3,2,2022-06-22,2022-06-25,11.83,13.96,2.130000000000001,2.130000000000001,4.536900000000004,0,0,0,6ed147cd585e5e8083292683f9be3cf585e97e4d46fa0e3224d24a4e2b42cbbb,f83baf5732ffbf88b9a448a3d9ab9fa270f7495fe44d1559c1ac49795a30881a,2bbf5eba419b0650693f1e88326107bf9a346c68,persistence_corrected_2bbf5eba419b_6ed147cd_f83baf57
Persistence,3,2,2022-06-23,2022-06-26,11.71,13.33,1.6199999999999992,1.6199999999999992,2.6243999999999974,0,0,0,6ed147cd585e5e8083292683f9be3cf585e97e4d46fa0e3224d24a4e2b42cbbb,f83baf5732ffbf88b9a448a3d9ab9fa270f7495fe44d1559c1ac49795a30881a,2bbf5eba419b0650693f1e88326107bf9a346c68,persistence_corrected_2bbf5eba419b_6ed147cd_f83baf57
Persistence,3,2,2022-06-24,2022-06-27,12.04,13.07,1.0300000000000011,1.0300000000000011,1.0609000000000024,0,0,0,6ed147cd585e5e8083292683f9be3cf585e97e4d46fa0e3224d24a4e2b42cbbb,f83baf5732ffbf88b9a448a3d9ab9fa270f7495fe44d1559c1ac49795a30881a,2bbf5eba419b0650693f1e88326107bf9a346c68,persistence_corrected_2bbf5eba419b_6ed147cd_f83baf57
Persistence,3,2,2022-06-25,2022-06-28,9.34,11.83,2.49,2.49,6.200100000000001,0,0,0,6ed147cd585e5e8083292683f9be3cf585e97e4d46fa0e3224d24a4e2b42cbbb,f83baf5732ffbf88b9a448a3d9ab9fa270f7495fe44d1559c1ac49795a30881a,2bbf5eba419b0650693f1e88326107bf9a346c68,persistence_corrected_2bbf5eba419b_6ed147cd_f83baf57
Persistence,3,2,2022-06-26,2022-06-29,9.1,11.71,2.610000000000001,2.610000000000001,6.812100000000006,0,0,0,6ed147cd585e5e8083292683f9be3cf585e97e4d46fa0e3224d24a4e2b42cbbb,f83baf5732ffbf88b9a448a3d9ab9fa270f7495fe44d1559c1ac49795a30881a,2bbf5eba419b0650693f1e88326107bf9a346c68,persistence_corrected_2bbf5eba419b_6ed147cd_f83baf57
Persistence,3,2,2022-06-27,2022-06-30,12.71,12.04,-0.6700000000000017,0.6700000000000017,0.4489000000000023,0,0,0,6ed147cd585e5e8083292683f9be3cf585e97e4d46fa0e3224d24a4e2b42cbbb,f83baf5732ffbf88b9a448a3d9ab9fa270f7495fe44d1559c1ac49795a30881a,2bbf5eba419b0650693f1e88326107bf9a346c68,persistence_corrected_2bbf5eba419b_6ed147cd_f83baf57
Persistence,3,2,2022-06-28,2022-07-01,12.94,9.34,-3.5999999999999996,3.5999999999999996,12.959999999999997,0,0,0,6ed147cd585e5e8083292683f9be3cf585e97e4d46fa0e3224d24a4e2b42cbbb,f83baf5732ffbf88b9a448a3d9ab9fa270f7495fe44d1559c1ac49795a30881a,2bbf5eba419b0650693f1e88326107bf9a346c68,persistence_corrected_2bbf5eba419b_6ed147cd_f83baf57
Persistence,3,2,2022-06-29,2022-07-02,10.07,9.1,-0.9700000000000006,0.9700000000000006,0.9409000000000013,0,0,0,6ed147cd585e5e8083292683f9be3cf585e97e4d46fa0e3224d24a4e2b42cbbb,f83baf5732ffbf88b9a448a3d9ab9fa270f7495fe44d1559c1ac49795a30881a,2bbf5eba419b0650693f1e88326107bf9a346c68,persistence_corrected_2bbf5eba419b_6ed147cd_f83baf57
Persistence,3,2,2022-06-30,2022-07-03,9.04,12.71,3.6700000000000017,3.6700000000000017,13.468900000000012,0,0,0,6ed147cd585e5e8083292683f9be3cf585e97e4d46fa0e3224d24a4e2b42cbbb,f83baf5732ffbf88b9a448a3d9ab9fa270f7495fe44d1559c1ac49795a30881a,2bbf5eba419b0650693f1e88326107bf9a346c68,persistence_corrected_2bbf5eba419b_6ed147cd_f83baf57
Persistence,3,2,2022-07-01,2022-07-04,11.09,12.94,1.8499999999999996,1.8499999999999996,3.4224999999999985,0,0,0,6ed147cd585e5e8083292683f9be3cf585e97e4d46fa0e3224d24a4e2b42cbbb,f83baf5732ffbf88b9a448a3d9ab9fa270f7495fe44d1559c1ac49795a30881a,2bbf5eba419b0650693f1e88326107bf9a346c68,persistence_corrected_2bbf5eba419b_6ed147cd_f83baf57
Persistence,3,2,2022-07-02,2022-07-05,11.74,10.07,-1.67,1.67,2.7889,0,0,0,6ed147cd585e5e8083292683f9be3cf585e97e4d46fa0e3224d24a4e2b42cbbb,f83baf5732ffbf88b9a448a3d9ab9fa270f7495fe44d1559c1ac49795a30881a,2bbf5eba419b0650693f1e88326107bf9a346c68,persistence_corrected_2bbf5eba419b_6ed147cd_f83baf57
Persistence,3,2,2022-07-03,2022-07-06,11.62,9.04,-2.58,2.58,6.6564000000000005,0,0,0,6ed147cd585e5e8083292683f9be3cf585e97e4d46fa0e3224d24a4e2b42cbbb,f83baf5732ffbf88b9a448a3d9ab9fa270f7495fe44d1559c1ac49795a30881a,2bbf5eba419b0650693f1e88326107bf9a346c68,persistence_corrected_2bbf5eba419b_6ed147cd_f83baf57
Persistence,3,2,2022-07-04,2022-07-07,13.14,11.09,-2.0500000000000007,2.0500000000000007,4.202500000000003,0,0,0,6ed147cd585e5e8083292683f9be3cf585e97e4d46fa0e3224d24a4e2b42cbbb,f83baf5732ffbf88b9a448a3d9ab9fa270f7495fe44d1559c1ac49795a30881a,2bbf5eba419b0650693f1e88326107bf9a346c68,persistence_corrected_2bbf5eba419b_6ed147cd_f83baf57
Persistence,3,2,2022-07-05,2022-07-08,10.84,11.74,0.9000000000000004,0.9000000000000004,0.8100000000000006,0,0,0,6ed147cd585e5e8083292683f9be3cf585e97e4d46fa0e3224d24a4e2b42cbbb,f83baf5732ffbf88b9a448a3d9ab9fa270f7495fe44d1559c1ac49795a30881a,2bbf5eba419b0650693f1e88326107bf9a346c68,persistence_corrected_2bbf5eba419b_6ed147cd_f83baf57
Persistence,3,2,2022-07-06,2022-07-09,11.6,11.62,0.019999999999999574,0.019999999999999574,0.00039999999999998294,0,0,0,6ed147cd585e5e8083292683f9be3cf585e97e4d46fa0e3224d24a4e2b42cbbb,f83baf5732ffbf88b9a448a3d9ab9fa270f7495fe44d1559c1ac49795a30881a,2bbf5eba419b0650693f1e88326107bf9a346c68,persistence_corrected_2bbf5eba419b_6ed147cd_f83baf57
Persistence,3,2,2022-07-07,2022-07-10,11.35,13.14,1.790000000000001,1.790000000000001,3.2041000000000035,0,0,0,6ed147cd585e5e8083292683f9be3cf585e97e4d46fa0e3224d24a4e2b42cbbb,f83baf5732ffbf88b9a448a3d9ab9fa270f7495fe44d1559c1ac49795a30881a,2bbf5eba419b0650693f1e88326107bf9a346c68,persistence_corrected_2bbf5eba419b_6ed147cd_f83baf57
Persistence,3,2,2022-07-08,2022-07-11,12.84,10.84,-2.0,2.0,4.0,0,0,0,6ed147cd585e5e8083292683f9be3cf585e97e4d46fa0e3224d24a4e2b42cbbb,f83baf5732ffbf88b9a448a3d9ab9fa270f7495fe44d1559c1ac49795a30881a,2bbf5eba419b0650693f1e88326107bf9a346c68,persistence_corrected_2bbf5eba419b_6ed147cd_f83baf57
Persistence,3,2,2022-07-09,2022-07-12,10.85,11.6,0.75,0.75,0.5625,0,0,0,6ed147cd585e5e8083292683f9be3cf585e97e4d46fa0e3224d24a4e2b42cbbb,f83baf5732ffbf88b9a448a3d9ab9fa270f7495fe44d1559c1ac49795a30881a,2bbf5eba419b0650693f1e88326107bf9a346c68,persistence_corrected_2bbf5eba419b_6ed147cd_f83baf57
Persistence,3,2,2022-07-10,2022-07-13,12.23,11.35,-0.8800000000000008,0.8800000000000008,0.7744000000000014,0,0,0,6ed147cd585e5e8083292683f9be3cf585e97e4d46fa0e3224d24a4e2b42cbbb,f83baf5732ffbf88b9a448a3d9ab9fa270f7495fe44d1559c1ac49795a30881a,2bbf5eba419b0650693f1e88326107bf9a346c68,persistence_corrected_2bbf5eba419b_6ed147cd_f83baf57
Persistence,3,2,2022-07-11,2022-07-14,13.62,12.84,-0.7799999999999994,0.7799999999999994,0.608399999999999,0,0,0,6ed147cd585e5e8083292683f9be3cf585e97e4d46fa0e3224d24a4e2b42cbbb,f83baf5732ffbf88b9a448a3d9ab9fa270f7495fe44d1559c1ac49795a30881a,2bbf5eba419b0650693f1e88326107bf9a346c68,persistence_corrected_2bbf5eba419b_6ed147cd_f83baf57
Persistence,3,2,2022-07-12,2022-07-15,12.58,10.85,-1.7300000000000004,1.7300000000000004,2.9929000000000014,0,0,0,6ed147cd585e5e8083292683f9be3cf585e97e4d46fa0e3224d24a4e2b42cbbb,f83baf5732ffbf88b9a448a3d9ab9fa270f7495fe44d1559c1ac49795a30881a,2bbf5eba419b0650693f1e88326107bf9a346c68,persistence_corrected_2bbf5eba419b_6ed147cd_f83baf57
Persistence,3,2,2022-07-13,2022-07-16,12.6,12.23,-0.3699999999999992,0.3699999999999992,0.1368999999999994,0,0,0,6ed147cd585e5e8083292683f9be3cf585e97e4d46fa0e3224d24a4e2b42cbbb,f83baf5732ffbf88b9a448a3d9ab9fa270f7495fe44d1559c1ac49795a30881a,2bbf5eba419b0650693f1e88326107bf9a346c68,persistence_corrected_2bbf5eba419b_6ed147cd_f83baf57
Persistence,3,2,2022-07-14,2022-07-17,11.39,13.62,2.2299999999999986,2.2299999999999986,4.972899999999994,0,0,0,6ed147cd585e5e8083292683f9be3cf585e97e4d46fa0e3224d24a4e2b42cbbb,f83baf5732ffbf88b9a448a3d9ab9fa270f7495fe44d1559c1ac49795a30881a,2bbf5eba419b0650693f1e88326107bf9a346c68,persistence_corrected_2bbf5eba419b_6ed147cd_f83baf57
Persistence,3,2,2022-07-15,2022-07-18,12.11,12.58,0.47000000000000064,0.47000000000000064,0.2209000000000006,0,0,0,6ed147cd585e5e8083292683f9be3cf585e97e4d46fa0e3224d24a4e2b42cbbb,f83baf5732ffbf88b9a448a3d9ab9fa270f7495fe44d1559c1ac49795a30881a,2bbf5eba419b0650693f1e88326107bf9a346c68,persistence_corrected_2bbf5eba419b_6ed147cd_f83baf57
Persistence,3,2,2022-07-16,2022-07-19,9.71,12.6,2.889999999999999,2.889999999999999,8.352099999999993,0,0,0,6ed147cd585e5e8083292683f9be3cf585e97e4d46fa0e3224d24a4e2b42cbbb,f83baf5732ffbf88b9a448a3d9ab9fa270f7495fe44d1559c1ac49795a30881a,2bbf5eba419b0650693f1e88326107bf9a346c68,persistence_corrected_2bbf5eba419b_6ed147cd_f83baf57
Persistence,3,2,2022-07-17,2022-07-20,12.02,11.39,-0.629999999999999,0.629999999999999,0.39689999999999875,0,0,0,6ed147cd585e5e8083292683f9be3cf585e97e4d46fa0e3224d24a4e2b42cbbb,f83baf5732ffbf88b9a448a3d9ab9fa270f7495fe44d1559c1ac49795a30881a,2bbf5eba419b0650693f1e88326107bf9a346c68,persistence_corrected_2bbf5eba419b_6ed147cd_f83baf57
Persistence,3,2,2022-07-18,2022-07-21,11.9,12.11,0.20999999999999908,0.20999999999999908,0.04409999999999961,0,0,0,6ed147cd585e5e8083292683f9be3cf585e97e4d46fa0e3224d24a4e2b42cbbb,f83baf5732ffbf88b9a448a3d9ab9fa270f7495fe44d1559c1ac49795a30881a,2bbf5eba419b0650693f1e88326107bf9a346c68,persistence_corrected_2bbf5eba419b_6ed147cd_f83baf57
Persistence,3,2,2022-07-19,2022-07-22,11.05,9.71,-1.3399999999999999,1.3399999999999999,1.7955999999999996,0,0,0,6ed147cd585e5e8083292683f9be3cf585e97e4d46fa0e3224d24a4e2b42cbbb,f83baf5732ffbf88b9a448a3d9ab9fa270f7495fe44d1559c1ac49795a30881a,2bbf5eba419b0650693f1e88326107bf9a346c68,persistence_corrected_2bbf5eba419b_6ed147cd_f83baf57
Persistence,3,2,2022-07-20,2022-07-23,11.92,12.02,0.09999999999999964,0.09999999999999964,0.009999999999999929,0,0,0,6ed147cd585e5e8083292683f9be3cf585e97e4d46fa0e3224d24a4e2b42cbbb,f83baf5732ffbf88b9a448a3d9ab9fa270f7495fe44d1559c1ac49795a30881a,2bbf5eba419b0650693f1e88326107bf9a346c68,persistence_corrected_2bbf5eba419b_6ed147cd_f83baf57
Persistence,3,2,2022-07-21,2022-07-24,11.48,11.9,0.41999999999999993,0.41999999999999993,0.17639999999999995,0,0,0,6ed147cd585e5e8083292683f9be3cf585e97e4d46fa0e3224d24a4e2b42cbbb,f83baf5732ffbf88b9a448a3d9ab9fa270f7495fe44d1559c1ac49795a30881a,2bbf5eba419b0650693f1e88326107bf9a346c68,persistence_corrected_2bbf5eba419b_6ed147cd_f83baf57
Persistence,3,2,2022-07-22,2022-07-25,10.61,11.05,0.4400000000000013,0.4400000000000013,0.19360000000000113,0,0,0,6ed147cd585e5e8083292683f9be3cf585e97e4d46fa0e3224d24a4e2b42cbbb,f83baf5732ffbf88b9a448a3d9ab9fa270f7495fe44d1559c1ac49795a30881a,2bbf5eba419b0650693f1e88326107bf9a346c68,persistence_corrected_2bbf5eba419b_6ed147cd_f83baf57
Persistence,3,2,2022-07-23,2022-07-26,9.41,11.92,2.51,2.51,6.300099999999999,0,0,0,6ed147cd585e5e8083292683f9be3cf585e97e4d46fa0e3224d24a4e2b42cbbb,f83baf5732ffbf88b9a448a3d9ab9fa270f7495fe44d1559c1ac49795a30881a,2bbf5eba419b0650693f1e88326107bf9a346c68,persistence_corrected_2bbf5eba419b_6ed147cd_f83baf57
Persistence,3,2,2022-07-24,2022-07-27,10.84,11.48,0.6400000000000006,0.6400000000000006,0.40960000000000074,0,0,0,6ed147cd585e5e8083292683f9be3cf585e97e4d46fa0e3224d24a4e2b42cbbb,f83baf5732ffbf88b9a448a3d9ab9fa270f7495fe44d1559c1ac49795a30881a,2bbf5eba419b0650693f1e88326107bf9a346c68,persistence_corrected_2bbf5eba419b_6ed147cd_f83baf57
Persistence,3,2,2022-07-25,2022-07-28,10.36,10.61,0.25,0.25,0.0625,0,0,0,6ed147cd585e5e8083292683f9be3cf585e97e4d46fa0e3224d24a4e2b42cbbb,f83baf5732ffbf88b9a448a3d9ab9fa270f7495fe44d1559c1ac49795a30881a,2bbf5eba419b0650693f1e88326107bf9a346c68,persistence_corrected_2bbf5eba419b_6ed147cd_f83baf57
Persistence,3,2,2022-07-26,2022-07-29,12.71,9.41,-3.3000000000000007,3.3000000000000007,10.890000000000004,0,0,0,6ed147cd585e5e8083292683f9be3cf585e97e4d46fa0e3224d24a4e2b42cbbb,f83baf5732ffbf88b9a448a3d9ab9fa270f7495fe44d1559c1ac49795a30881a,2bbf5eba419b0650693f1e88326107bf9a346c68,persistence_corrected_2bbf5eba419b_6ed147cd_f83baf57
Persistence,3,2,2022-07-27,2022-07-30,11.0,10.84,-0.16000000000000014,0.16000000000000014,0.025600000000000046,0,0,0,6ed147cd585e5e8083292683f9be3cf585e97e4d46fa0e3224d24a4e2b42cbbb,f83baf5732ffbf88b9a448a3d9ab9fa270f7495fe44d1559c1ac49795a30881a,2bbf5eba419b0650693f1e88326107bf9a346c68,persistence_corrected_2bbf5eba419b_6ed147cd_f83baf57
Persistence,3,2,2022-07-28,2022-07-31,11.68,10.36,-1.3200000000000003,1.3200000000000003,1.7424000000000008,0,0,0,6ed147cd585e5e8083292683f9be3cf585e97e4d46fa0e3224d24a4e2b42cbbb,f83baf5732ffbf88b9a448a3d9ab9fa270f7495fe44d1559c1ac49795a30881a,2bbf5eba419b0650693f1e88326107bf9a346c68,persistence_corrected_2bbf5eba419b_6ed147cd_f83baf57
Persistence,3,2,2022-07-29,2022-08-01,11.72,12.71,0.9900000000000002,0.9900000000000002,0.9801000000000004,0,0,0,6ed147cd585e5e8083292683f9be3cf585e97e4d46fa0e3224d24a4e2b42cbbb,f83baf5732ffbf88b9a448a3d9ab9fa270f7495fe44d1559c1ac49795a30881a,2bbf5eba419b0650693f1e88326107bf9a346c68,persistence_corrected_2bbf5eba419b_6ed147cd_f83baf57
Persistence,3,2,2022-07-30,2022-08-02,13.98,11.0,-2.9800000000000004,2.9800000000000004,8.880400000000003,0,0,0,6ed147cd585e5e8083292683f9be3cf585e97e4d46fa0e3224d24a4e2b42cbbb,f83baf5732ffbf88b9a448a3d9ab9fa270f7495fe44d1559c1ac49795a30881a,2bbf5eba419b0650693f1e88326107bf9a346c68,persistence_corrected_2bbf5eba419b_6ed147cd_f83baf57
Persistence,3,2,2022-07-31,2022-08-03,15.37,11.68,-3.6899999999999995,3.6899999999999995,13.616099999999996,1,0,0,6ed147cd585e5e8083292683f9be3cf585e97e4d46fa0e3224d24a4e2b42cbbb,f83baf5732ffbf88b9a448a3d9ab9fa270f7495fe44d1559c1ac49795a30881a,2bbf5eba419b0650693f1e88326107bf9a346c68,persistence_corrected_2bbf5eba419b_6ed147cd_f83baf57
Persistence,3,2,2022-08-01,2022-08-04,13.75,11.72,-2.0299999999999994,2.0299999999999994,4.120899999999997,0,0,0,6ed147cd585e5e8083292683f9be3cf585e97e4d46fa0e3224d24a4e2b42cbbb,f83baf5732ffbf88b9a448a3d9ab9fa270f7495fe44d1559c1ac49795a30881a,2bbf5eba419b0650693f1e88326107bf9a346c68,persistence_corrected_2bbf5eba419b_6ed147cd_f83baf57
Persistence,3,2,2022-08-02,2022-08-05,12.58,13.98,1.4000000000000004,1.4000000000000004,1.960000000000001,0,0,0,6ed147cd585e5e8083292683f9be3cf585e97e4d46fa0e3224d24a4e2b42cbbb,f83baf5732ffbf88b9a448a3d9ab9fa270f7495fe44d1559c1ac49795a30881a,2bbf5eba419b0650693f1e88326107bf9a346c68,persistence_corrected_2bbf5eba419b_6ed147cd_f83baf57
Persistence,3,2,2022-08-03,2022-08-06,11.47,15.37,3.8999999999999986,3.8999999999999986,15.209999999999988,0,0,0,6ed147cd585e5e8083292683f9be3cf585e97e4d46fa0e3224d24a4e2b42cbbb,f83baf5732ffbf88b9a448a3d9ab9fa270f7495fe44d1559c1ac49795a30881a,2bbf5eba419b0650693f1e88326107bf9a346c68,persistence_corrected_2bbf5eba419b_6ed147cd_f83baf57
Persistence,3,2,2022-08-04,2022-08-07,10.79,13.75,2.960000000000001,2.960000000000001,8.761600000000005,0,0,0,6ed147cd585e5e8083292683f9be3cf585e97e4d46fa0e3224d24a4e2b42cbbb,f83baf5732ffbf88b9a448a3d9ab9fa270f7495fe44d1559c1ac49795a30881a,2bbf5eba419b0650693f1e88326107bf9a346c68,persistence_corrected_2bbf5eba419b_6ed147cd_f83baf57
Persistence,3,2,2022-08-05,2022-08-08,11.84,12.58,0.7400000000000002,0.7400000000000002,0.5476000000000003,0,0,0,6ed147cd585e5e8083292683f9be3cf585e97e4d46fa0e3224d24a4e2b42cbbb,f83baf5732ffbf88b9a448a3d9ab9fa270f7495fe44d1559c1ac49795a30881a,2bbf5eba419b0650693f1e88326107bf9a346c68,persistence_corrected_2bbf5eba419b_6ed147cd_f83baf57
Persistence,3,2,2022-08-06,2022-08-09,11.92,11.47,-0.4499999999999993,0.4499999999999993,0.20249999999999935,0,0,0,6ed147cd585e5e8083292683f9be3cf585e97e4d46fa0e3224d24a4e2b42cbbb,f83baf5732ffbf88b9a448a3d9ab9fa270f7495fe44d1559c1ac49795a30881a,2bbf5eba419b0650693f1e88326107bf9a346c68,persistence_corrected_2bbf5eba419b_6ed147cd_f83baf57
Persistence,3,2,2022-08-07,2022-08-10,9.1,10.79,1.6899999999999995,1.6899999999999995,2.8560999999999983,0,0,0,6ed147cd585e5e8083292683f9be3cf585e97e4d46fa0e3224d24a4e2b42cbbb,f83baf5732ffbf88b9a448a3d9ab9fa270f7495fe44d1559c1ac49795a30881a,2bbf5eba419b0650693f1e88326107bf9a346c68,persistence_corrected_2bbf5eba419b_6ed147cd_f83baf57
Persistence,3,2,2022-08-08,2022-08-11,10.85,11.84,0.9900000000000002,0.9900000000000002,0.9801000000000004,0,0,0,6ed147cd585e5e8083292683f9be3cf585e97e4d46fa0e3224d24a4e2b42cbbb,f83baf5732ffbf88b9a448a3d9ab9fa270f7495fe44d1559c1ac49795a30881a,2bbf5eba419b0650693f1e88326107bf9a346c68,persistence_corrected_2bbf5eba419b_6ed147cd_f83baf57
Persistence,3,2,2022-08-09,2022-08-12,10.13,11.92,1.7899999999999991,1.7899999999999991,3.204099999999997,0,0,0,6ed147cd585e5e8083292683f9be3cf585e97e4d46fa0e3224d24a4e2b42cbbb,f83baf5732ffbf88b9a448a3d9ab9fa270f7495fe44d1559c1ac49795a30881a,2bbf5eba419b0650693f1e88326107bf9a346c68,persistence_corrected_2bbf5eba419b_6ed147cd_f83baf57
Persistence,3,2,2022-08-10,2022-08-13,9.9,9.1,-0.8000000000000007,0.8000000000000007,0.6400000000000011,0,0,0,6ed147cd585e5e8083292683f9be3cf585e97e4d46fa0e3224d24a4e2b42cbbb,f83baf5732ffbf88b9a448a3d9ab9fa270f7495fe44d1559c1ac49795a30881a,2bbf5eba419b0650693f1e88326107bf9a346c68,persistence_corrected_2bbf5eba419b_6ed147cd_f83baf57
Persistence,3,2,2022-08-11,2022-08-14,8.88,10.85,1.9699999999999989,1.9699999999999989,3.8808999999999956,0,0,0,6ed147cd585e5e8083292683f9be3cf585e97e4d46fa0e3224d24a4e2b42cbbb,f83baf5732ffbf88b9a448a3d9ab9fa270f7495fe44d1559c1ac49795a30881a,2bbf5eba419b0650693f1e88326107bf9a346c68,persistence_corrected_2bbf5eba419b_6ed147cd_f83baf57
Persistence,3,2,2022-08-12,2022-08-15,7.51,10.13,2.620000000000001,2.620000000000001,6.864400000000005,0,0,0,6ed147cd585e5e8083292683f9be3cf585e97e4d46fa0e3224d24a4e2b42cbbb,f83baf5732ffbf88b9a448a3d9ab9fa270f7495fe44d1559c1ac49795a30881a,2bbf5eba419b0650693f1e88326107bf9a346c68,persistence_corrected_2bbf5eba419b_6ed147cd_f83baf57
Persistence,3,2,2022-08-13,2022-08-16,7.97,9.9,1.9300000000000006,1.9300000000000006,3.7249000000000025,0,0,0,6ed147cd585e5e8083292683f9be3cf585e97e4d46fa0e3224d24a4e2b42cbbb,f83baf5732ffbf88b9a448a3d9ab9fa270f7495fe44d1559c1ac49795a30881a,2bbf5eba419b0650693f1e88326107bf9a346c68,persistence_corrected_2bbf5eba419b_6ed147cd_f83baf57
Persistence,3,2,2022-08-14,2022-08-17,10.81,8.88,-1.9299999999999997,1.9299999999999997,3.724899999999999,0,0,0,6ed147cd585e5e8083292683f9be3cf585e97e4d46fa0e3224d24a4e2b42cbbb,f83baf5732ffbf88b9a448a3d9ab9fa270f7495fe44d1559c1ac49795a30881a,2bbf5eba419b0650693f1e88326107bf9a346c68,persistence_corrected_2bbf5eba419b_6ed147cd_f83baf57
Persistence,3,2,2022-08-15,2022-08-18,10.51,7.51,-3.0,3.0,9.0,0,0,0,6ed147cd585e5e8083292683f9be3cf585e97e4d46fa0e3224d24a4e2b42cbbb,f83baf5732ffbf88b9a448a3d9ab9fa270f7495fe44d1559c1ac49795a30881a,2bbf5eba419b0650693f1e88326107bf9a346c68,persistence_corrected_2bbf5eba419b_6ed147cd_f83baf57
Persistence,3,2,2022-08-16,2022-08-19,8.86,7.97,-0.8899999999999997,0.8899999999999997,0.7920999999999995,0,0,0,6ed147cd585e5e8083292683f9be3cf585e97e4d46fa0e3224d24a4e2b42cbbb,f83baf5732ffbf88b9a448a3d9ab9fa270f7495fe44d1559c1ac49795a30881a,2bbf5eba419b0650693f1e88326107bf9a346c68,persistence_corrected_2bbf5eba419b_6ed147cd_f83baf57
Persistence,3,2,2022-08-17,2022-08-20,9.42,10.81,1.3900000000000006,1.3900000000000006,1.9321000000000015,0,0,0,6ed147cd585e5e8083292683f9be3cf585e97e4d46fa0e3224d24a4e2b42cbbb,f83baf5732ffbf88b9a448a3d9ab9fa270f7495fe44d1559c1ac49795a30881a,2bbf5eba419b0650693f1e88326107bf9a346c68,persistence_corrected_2bbf5eba419b_6ed147cd_f83baf57
Persistence,3,2,2022-08-18,2022-08-21,9.74,10.51,0.7699999999999996,0.7699999999999996,0.5928999999999993,0,0,0,6ed147cd585e5e8083292683f9be3cf585e97e4d46fa0e3224d24a4e2b42cbbb,f83baf5732ffbf88b9a448a3d9ab9fa270f7495fe44d1559c1ac49795a30881a,2bbf5eba419b0650693f1e88326107bf9a346c68,persistence_corrected_2bbf5eba419b_6ed147cd_f83baf57
Persistence,3,2,2022-08-19,2022-08-22,10.25,8.86,-1.3900000000000006,1.3900000000000006,1.9321000000000015,0,0,0,6ed147cd585e5e8083292683f9be3cf585e97e4d46fa0e3224d24a4e2b42cbbb,f83baf5732ffbf88b9a448a3d9ab9fa270f7495fe44d1559c1ac49795a30881a,2bbf5eba419b0650693f1e88326107bf9a346c68,persistence_corrected_2bbf5eba419b_6ed147cd_f83baf57
Persistence,3,2,2022-08-20,2022-08-23,12.0,9.42,-2.58,2.58,6.6564000000000005,0,0,0,6ed147cd585e5e8083292683f9be3cf585e97e4d46fa0e3224d24a4e2b42cbbb,f83baf5732ffbf88b9a448a3d9ab9fa270f7495fe44d1559c1ac49795a30881a,2bbf5eba419b0650693f1e88326107bf9a346c68,persistence_corrected_2bbf5eba419b_6ed147cd_f83baf57
Persistence,3,2,2022-08-21,2022-08-24,9.62,9.74,0.120000000000001,0.120000000000001,0.014400000000000239,0,0,0,6ed147cd585e5e8083292683f9be3cf585e97e4d46fa0e3224d24a4e2b42cbbb,f83baf5732ffbf88b9a448a3d9ab9fa270f7495fe44d1559c1ac49795a30881a,2bbf5eba419b0650693f1e88326107bf9a346c68,persistence_corrected_2bbf5eba419b_6ed147cd_f83baf57
Persistence,3,2,2022-08-22,2022-08-25,9.98,10.25,0.2699999999999996,0.2699999999999996,0.07289999999999977,0,0,0,6ed147cd585e5e8083292683f9be3cf585e97e4d46fa0e3224d24a4e2b42cbbb,f83baf5732ffbf88b9a448a3d9ab9fa270f7495fe44d1559c1ac49795a30881a,2bbf5eba419b0650693f1e88326107bf9a346c68,persistence_corrected_2bbf5eba419b_6ed147cd_f83baf57
Persistence,3,2,2022-08-23,2022-08-26,10.62,12.0,1.3800000000000008,1.3800000000000008,1.904400000000002,0,0,0,6ed147cd585e5e8083292683f9be3cf585e97e4d46fa0e3224d24a4e2b42cbbb,f83baf5732ffbf88b9a448a3d9ab9fa270f7495fe44d1559c1ac49795a30881a,2bbf5eba419b0650693f1e88326107bf9a346c68,persistence_corrected_2bbf5eba419b_6ed147cd_f83baf57
Persistence,3,2,2022-08-24,2022-08-27,12.52,9.62,-2.9000000000000004,2.9000000000000004,8.410000000000002,0,0,0,6ed147cd585e5e8083292683f9be3cf585e97e4d46fa0e3224d24a4e2b42cbbb,f83baf5732ffbf88b9a448a3d9ab9fa270f7495fe44d1559c1ac49795a30881a,2bbf5eba419b0650693f1e88326107bf9a346c68,persistence_corrected_2bbf5eba419b_6ed147cd_f83baf57
Persistence,3,2,2022-08-25,2022-08-28,13.15,9.98,-3.17,3.17,10.0489,0,0,0,6ed147cd585e5e8083292683f9be3cf585e97e4d46fa0e3224d24a4e2b42cbbb,f83baf5732ffbf88b9a448a3d9ab9fa270f7495fe44d1559c1ac49795a30881a,2bbf5eba419b0650693f1e88326107bf9a346c68,persistence_corrected_2bbf5eba419b_6ed147cd_f83baf57
Persistence,3,2,2022-08-26,2022-08-29,11.3,10.62,-0.6800000000000015,0.6800000000000015,0.46240000000000203,0,0,0,6ed147cd585e5e8083292683f9be3cf585e97e4d46fa0e3224d24a4e2b42cbbb,f83baf5732ffbf88b9a448a3d9ab9fa270f7495fe44d1559c1ac49795a30881a,2bbf5eba419b0650693f1e88326107bf9a346c68,persistence_corrected_2bbf5eba419b_6ed147cd_f83baf57
Persistence,3,2,2022-08-27,2022-08-30,11.58,12.52,0.9399999999999995,0.9399999999999995,0.883599999999999,0,0,0,6ed147cd585e5e8083292683f9be3cf585e97e4d46fa0e3224d24a4e2b42cbbb,f83baf5732ffbf88b9a448a3d9ab9fa270f7495fe44d1559c1ac49795a30881a,2bbf5eba419b0650693f1e88326107bf9a346c68,persistence_corrected_2bbf5eba419b_6ed147cd_f83baf57
Persistence,3,2,2022-08-28,2022-08-31,9.74,13.15,3.41,3.41,11.628100000000002,0,0,0,6ed147cd585e5e8083292683f9be3cf585e97e4d46fa0e3224d24a4e2b42cbbb,f83baf5732ffbf88b9a448a3d9ab9fa270f7495fe44d1559c1ac49795a30881a,2bbf5eba419b0650693f1e88326107bf9a346c68,persistence_corrected_2bbf5eba419b_6ed147cd_f83baf57
Persistence,3,2,2022-08-29,2022-09-01,6.86,11.3,4.44,4.44,19.713600000000003,0,0,0,6ed147cd585e5e8083292683f9be3cf585e97e4d46fa0e3224d24a4e2b42cbbb,f83baf5732ffbf88b9a448a3d9ab9fa270f7495fe44d1559c1ac49795a30881a,2bbf5eba419b0650693f1e88326107bf9a346c68,persistence_corrected_2bbf5eba419b_6ed147cd_f83baf57
Persistence,3,2,2022-08-30,2022-09-02,8.57,11.58,3.01,3.01,9.060099999999998,0,0,0,6ed147cd585e5e8083292683f9be3cf585e97e4d46fa0e3224d24a4e2b42cbbb,f83baf5732ffbf88b9a448a3d9ab9fa270f7495fe44d1559c1ac49795a30881a,2bbf5eba419b0650693f1e88326107bf9a346c68,persistence_corrected_2bbf5eba419b_6ed147cd_f83baf57
Persistence,3,2,2022-08-31,2022-09-03,11.56,9.74,-1.8200000000000003,1.8200000000000003,3.312400000000001,0,0,0,6ed147cd585e5e8083292683f9be3cf585e97e4d46fa0e3224d24a4e2b42cbbb,f83baf5732ffbf88b9a448a3d9ab9fa270f7495fe44d1559c1ac49795a30881a,2bbf5eba419b0650693f1e88326107bf9a346c68,persistence_corrected_2bbf5eba419b_6ed147cd_f83baf57
Persistence,3,2,2022-09-01,2022-09-04,9.69,6.86,-2.829999999999999,2.829999999999999,8.008899999999995,0,0,0,6ed147cd585e5e8083292683f9be3cf585e97e4d46fa0e3224d24a4e2b42cbbb,f83baf5732ffbf88b9a448a3d9ab9fa270f7495fe44d1559c1ac49795a30881a,2bbf5eba419b0650693f1e88326107bf9a346c68,persistence_corrected_2bbf5eba419b_6ed147cd_f83baf57
Persistence,3,2,2022-09-02,2022-09-05,11.27,8.57,-2.6999999999999993,2.6999999999999993,7.2899999999999965,0,0,0,6ed147cd585e5e8083292683f9be3cf585e97e4d46fa0e3224d24a4e2b42cbbb,f83baf5732ffbf88b9a448a3d9ab9fa270f7495fe44d1559c1ac49795a30881a,2bbf5eba419b0650693f1e88326107bf9a346c68,persistence_corrected_2bbf5eba419b_6ed147cd_f83baf57
Persistence,3,2,2022-09-03,2022-09-06,10.07,11.56,1.4900000000000002,1.4900000000000002,2.220100000000001,0,0,0,6ed147cd585e5e8083292683f9be3cf585e97e4d46fa0e3224d24a4e2b42cbbb,f83baf5732ffbf88b9a448a3d9ab9fa270f7495fe44d1559c1ac49795a30881a,2bbf5eba419b0650693f1e88326107bf9a346c68,persistence_corrected_2bbf5eba419b_6ed147cd_f83baf57
Persistence,3,2,2022-09-04,2022-09-07,10.8,9.69,-1.1100000000000012,1.1100000000000012,1.2321000000000026,0,0,0,6ed147cd585e5e8083292683f9be3cf585e97e4d46fa0e3224d24a4e2b42cbbb,f83baf5732ffbf88b9a448a3d9ab9fa270f7495fe44d1559c1ac49795a30881a,2bbf5eba419b0650693f1e88326107bf9a346c68,persistence_corrected_2bbf5eba419b_6ed147cd_f83baf57
Persistence,3,2,2022-09-05,2022-09-08,6.31,11.27,4.96,4.96,24.6016,0,0,0,6ed147cd585e5e8083292683f9be3cf585e97e4d46fa0e3224d24a4e2b42cbbb,f83baf5732ffbf88b9a448a3d9ab9fa270f7495fe44d1559c1ac49795a30881a,2bbf5eba419b0650693f1e88326107bf9a346c68,persistence_corrected_2bbf5eba419b_6ed147cd_f83baf57
Persistence,3,2,2022-09-06,2022-09-09,9.62,10.07,0.45000000000000107,0.45000000000000107,0.20250000000000096,0,0,0,6ed147cd585e5e8083292683f9be3cf585e97e4d46fa0e3224d24a4e2b42cbbb,f83baf5732ffbf88b9a448a3d9ab9fa270f7495fe44d1559c1ac49795a30881a,2bbf5eba419b0650693f1e88326107bf9a346c68,persistence_corrected_2bbf5eba419b_6ed147cd_f83baf57
Persistence,3,2,2022-09-07,2022-09-10,11.69,10.8,-0.8899999999999988,0.8899999999999988,0.7920999999999978,0,0,0,6ed147cd585e5e8083292683f9be3cf585e97e4d46fa0e3224d24a4e2b42cbbb,f83baf5732ffbf88b9a448a3d9ab9fa270f7495fe44d1559c1ac49795a30881a,2bbf5eba419b0650693f1e88326107bf9a346c68,persistence_corrected_2bbf5eba419b_6ed147cd_f83baf57
Persistence,3,2,2022-09-08,2022-09-11,10.96,6.31,-4.650000000000001,4.650000000000001,21.622500000000013,0,0,0,6ed147cd585e5e8083292683f9be3cf585e97e4d46fa0e3224d24a4e2b42cbbb,f83baf5732ffbf88b9a448a3d9ab9fa270f7495fe44d1559c1ac49795a30881a,2bbf5eba419b0650693f1e88326107bf9a346c68,persistence_corrected_2bbf5eba419b_6ed147cd_f83baf57
Persistence,3,2,2022-09-09,2022-09-12,12.9,9.62,-3.280000000000001,3.280000000000001,10.758400000000007,0,0,0,6ed147cd585e5e8083292683f9be3cf585e97e4d46fa0e3224d24a4e2b42cbbb,f83baf5732ffbf88b9a448a3d9ab9fa270f7495fe44d1559c1ac49795a30881a,2bbf5eba419b0650693f1e88326107bf9a346c68,persistence_corrected_2bbf5eba419b_6ed147cd_f83baf57
Persistence,3,2,2022-09-10,2022-09-13,15.26,11.69,-3.5700000000000003,3.5700000000000003,12.744900000000001,1,0,0,6ed147cd585e5e8083292683f9be3cf585e97e4d46fa0e3224d24a4e2b42cbbb,f83baf5732ffbf88b9a448a3d9ab9fa270f7495fe44d1559c1ac49795a30881a,2bbf5eba419b0650693f1e88326107bf9a346c68,persistence_corrected_2bbf5eba419b_6ed147cd_f83baf57
Persistence,3,2,2022-09-11,2022-09-14,10.7,10.96,0.26000000000000156,0.26000000000000156,0.06760000000000081,0,0,0,6ed147cd585e5e8083292683f9be3cf585e97e4d46fa0e3224d24a4e2b42cbbb,f83baf5732ffbf88b9a448a3d9ab9fa270f7495fe44d1559c1ac49795a30881a,2bbf5eba419b0650693f1e88326107bf9a346c68,persistence_corrected_2bbf5eba419b_6ed147cd_f83baf57
Persistence,3,2,2022-09-12,2022-09-15,11.9,12.9,1.0,1.0,1.0,0,0,0,6ed147cd585e5e8083292683f9be3cf585e97e4d46fa0e3224d24a4e2b42cbbb,f83baf5732ffbf88b9a448a3d9ab9fa270f7495fe44d1559c1ac49795a30881a,2bbf5eba419b0650693f1e88326107bf9a346c68,persistence_corrected_2bbf5eba419b_6ed147cd_f83baf57
Persistence,3,2,2022-09-13,2022-09-16,14.33,15.26,0.9299999999999997,0.9299999999999997,0.8648999999999994,0,0,0,6ed147cd585e5e8083292683f9be3cf585e97e4d46fa0e3224d24a4e2b42cbbb,f83baf5732ffbf88b9a448a3d9ab9fa270f7495fe44d1559c1ac49795a30881a,2bbf5eba419b0650693f1e88326107bf9a346c68,persistence_corrected_2bbf5eba419b_6ed147cd_f83baf57
Persistence,3,2,2022-09-14,2022-09-17,13.67,10.7,-2.9700000000000006,2.9700000000000006,8.820900000000004,0,0,0,6ed147cd585e5e8083292683f9be3cf585e97e4d46fa0e3224d24a4e2b42cbbb,f83baf5732ffbf88b9a448a3d9ab9fa270f7495fe44d1559c1ac49795a30881a,2bbf5eba419b0650693f1e88326107bf9a346c68,persistence_corrected_2bbf5eba419b_6ed147cd_f83baf57
Persistence,3,2,2022-09-15,2022-09-18,11.3,11.9,0.5999999999999996,0.5999999999999996,0.3599999999999996,0,0,0,6ed147cd585e5e8083292683f9be3cf585e97e4d46fa0e3224d24a4e2b42cbbb,f83baf5732ffbf88b9a448a3d9ab9fa270f7495fe44d1559c1ac49795a30881a,2bbf5eba419b0650693f1e88326107bf9a346c68,persistence_corrected_2bbf5eba419b_6ed147cd_f83baf57
Persistence,3,2,2022-09-16,2022-09-19,11.33,14.33,3.0,3.0,9.0,0,0,0,6ed147cd585e5e8083292683f9be3cf585e97e4d46fa0e3224d24a4e2b42cbbb,f83baf5732ffbf88b9a448a3d9ab9fa270f7495fe44d1559c1ac49795a30881a,2bbf5eba419b0650693f1e88326107bf9a346c68,persistence_corrected_2bbf5eba419b_6ed147cd_f83baf57
Persistence,3,2,2022-09-17,2022-09-20,9.44,13.67,4.23,4.23,17.892900000000004,0,0,0,6ed147cd585e5e8083292683f9be3cf585e97e4d46fa0e3224d24a4e2b42cbbb,f83baf5732ffbf88b9a448a3d9ab9fa270f7495fe44d1559c1ac49795a30881a,2bbf5eba419b0650693f1e88326107bf9a346c68,persistence_corrected_2bbf5eba419b_6ed147cd_f83baf57
Persistence,3,2,2022-09-18,2022-09-21,10.38,11.3,0.9199999999999999,0.9199999999999999,0.8463999999999998,0,0,0,6ed147cd585e5e8083292683f9be3cf585e97e4d46fa0e3224d24a4e2b42cbbb,f83baf5732ffbf88b9a448a3d9ab9fa270f7495fe44d1559c1ac49795a30881a,2bbf5eba419b0650693f1e88326107bf9a346c68,persistence_corrected_2bbf5eba419b_6ed147cd_f83baf57
Persistence,3,2,2022-09-19,2022-09-22,11.3,11.33,0.02999999999999936,0.02999999999999936,0.0008999999999999616,0,0,0,6ed147cd585e5e8083292683f9be3cf585e97e4d46fa0e3224d24a4e2b42cbbb,f83baf5732ffbf88b9a448a3d9ab9fa270f7495fe44d1559c1ac49795a30881a,2bbf5eba419b0650693f1e88326107bf9a346c68,persistence_corrected_2bbf5eba419b_6ed147cd_f83baf57
Persistence,3,2,2022-09-20,2022-09-23,13.42,9.44,-3.9800000000000004,3.9800000000000004,15.840400000000004,0,0,0,6ed147cd585e5e8083292683f9be3cf585e97e4d46fa0e3224d24a4e2b42cbbb,f83baf5732ffbf88b9a448a3d9ab9fa270f7495fe44d1559c1ac49795a30881a,2bbf5eba419b0650693f1e88326107bf9a346c68,persistence_corrected_2bbf5eba419b_6ed147cd_f83baf57
Persistence,3,2,2022-09-21,2022-09-24,12.35,10.38,-1.9699999999999989,1.9699999999999989,3.8808999999999956,0,0,0,6ed147cd585e5e8083292683f9be3cf585e97e4d46fa0e3224d24a4e2b42cbbb,f83baf5732ffbf88b9a448a3d9ab9fa270f7495fe44d1559c1ac49795a30881a,2bbf5eba419b0650693f1e88326107bf9a346c68,persistence_corrected_2bbf5eba419b_6ed147cd_f83baf57
Persistence,3,2,2022-09-22,2022-09-25,13.02,11.3,-1.7199999999999989,1.7199999999999989,2.958399999999996,0,0,0,6ed147cd585e5e8083292683f9be3cf585e97e4d46fa0e3224d24a4e2b42cbbb,f83baf5732ffbf88b9a448a3d9ab9fa270f7495fe44d1559c1ac49795a30881a,2bbf5eba419b0650693f1e88326107bf9a346c68,persistence_corrected_2bbf5eba419b_6ed147cd_f83baf57
Persistence,3,2,2022-09-23,2022-09-26,13.94,13.42,-0.5199999999999996,0.5199999999999996,0.27039999999999953,0,0,0,6ed147cd585e5e8083292683f9be3cf585e97e4d46fa0e3224d24a4e2b42cbbb,f83baf5732ffbf88b9a448a3d9ab9fa270f7495fe44d1559c1ac49795a30881a,2bbf5eba419b0650693f1e88326107bf9a346c68,persistence_corrected_2bbf5eba419b_6ed147cd_f83baf57
Persistence,3,2,2022-09-24,2022-09-27,13.92,12.35,-1.5700000000000003,1.5700000000000003,2.464900000000001,0,0,0,6ed147cd585e5e8083292683f9be3cf585e97e4d46fa0e3224d24a4e2b42cbbb,f83baf5732ffbf88b9a448a3d9ab9fa270f7495fe44d1559c1ac49795a30881a,2bbf5eba419b0650693f1e88326107bf9a346c68,persistence_corrected_2bbf5eba419b_6ed147cd_f83baf57
Persistence,3,2,2022-09-25,2022-09-28,11.36,13.02,1.6600000000000001,1.6600000000000001,2.7556000000000003,0,0,0,6ed147cd585e5e8083292683f9be3cf585e97e4d46fa0e3224d24a4e2b42cbbb,f83baf5732ffbf88b9a448a3d9ab9fa270f7495fe44d1559c1ac49795a30881a,2bbf5eba419b0650693f1e88326107bf9a346c68,persistence_corrected_2bbf5eba419b_6ed147cd_f83baf57
Persistence,3,2,2022-09-26,2022-09-29,12.05,13.94,1.8899999999999988,1.8899999999999988,3.5720999999999954,0,0,0,6ed147cd585e5e8083292683f9be3cf585e97e4d46fa0e3224d24a4e2b42cbbb,f83baf5732ffbf88b9a448a3d9ab9fa270f7495fe44d1559c1ac49795a30881a,2bbf5eba419b0650693f1e88326107bf9a346c68,persistence_corrected_2bbf5eba419b_6ed147cd_f83baf57
Persistence,3,2,2022-09-27,2022-09-30,13.66,13.92,0.2599999999999998,0.2599999999999998,0.06759999999999988,0,0,0,6ed147cd585e5e8083292683f9be3cf585e97e4d46fa0e3224d24a4e2b42cbbb,f83baf5732ffbf88b9a448a3d9ab9fa270f7495fe44d1559c1ac49795a30881a,2bbf5eba419b0650693f1e88326107bf9a346c68,persistence_corrected_2bbf5eba419b_6ed147cd_f83baf57
Persistence,3,2,2022-09-28,2022-10-01,13.19,11.36,-1.83,1.83,3.3489000000000004,0,0,0,6ed147cd585e5e8083292683f9be3cf585e97e4d46fa0e3224d24a4e2b42cbbb,f83baf5732ffbf88b9a448a3d9ab9fa270f7495fe44d1559c1ac49795a30881a,2bbf5eba419b0650693f1e88326107bf9a346c68,persistence_corrected_2bbf5eba419b_6ed147cd_f83baf57
Persistence,3,2,2022-09-29,2022-10-02,13.78,12.05,-1.7299999999999986,1.7299999999999986,2.9928999999999952,0,0,0,6ed147cd585e5e8083292683f9be3cf585e97e4d46fa0e3224d24a4e2b42cbbb,f83baf5732ffbf88b9a448a3d9ab9fa270f7495fe44d1559c1ac49795a30881a,2bbf5eba419b0650693f1e88326107bf9a346c68,persistence_corrected_2bbf5eba419b_6ed147cd_f83baf57
Persistence,3,2,2022-09-30,2022-10-03,14.42,13.66,-0.7599999999999998,0.7599999999999998,0.5775999999999997,0,0,0,6ed147cd585e5e8083292683f9be3cf585e97e4d46fa0e3224d24a4e2b42cbbb,f83baf5732ffbf88b9a448a3d9ab9fa270f7495fe44d1559c1ac49795a30881a,2bbf5eba419b0650693f1e88326107bf9a346c68,persistence_corrected_2bbf5eba419b_6ed147cd_f83baf57
Persistence,3,2,2022-10-01,2022-10-04,15.44,13.19,-2.25,2.25,5.0625,1,0,0,6ed147cd585e5e8083292683f9be3cf585e97e4d46fa0e3224d24a4e2b42cbbb,f83baf5732ffbf88b9a448a3d9ab9fa270f7495fe44d1559c1ac49795a30881a,2bbf5eba419b0650693f1e88326107bf9a346c68,persistence_corrected_2bbf5eba419b_6ed147cd_f83baf57
Persistence,3,2,2022-10-02,2022-10-05,10.33,13.78,3.4499999999999993,3.4499999999999993,11.902499999999995,0,0,0,6ed147cd585e5e8083292683f9be3cf585e97e4d46fa0e3224d24a4e2b42cbbb,f83baf5732ffbf88b9a448a3d9ab9fa270f7495fe44d1559c1ac49795a30881a,2bbf5eba419b0650693f1e88326107bf9a346c68,persistence_corrected_2bbf5eba419b_6ed147cd_f83baf57
Persistence,3,2,2022-10-03,2022-10-06,16.68,14.42,-2.26,2.26,5.107599999999999,1,1,0,6ed147cd585e5e8083292683f9be3cf585e97e4d46fa0e3224d24a4e2b42cbbb,f83baf5732ffbf88b9a448a3d9ab9fa270f7495fe44d1559c1ac49795a30881a,2bbf5eba419b0650693f1e88326107bf9a346c68,persistence_corrected_2bbf5eba419b_6ed147cd_f83baf57
Persistence,3,2,2022-10-04,2022-10-07,15.78,15.44,-0.33999999999999986,0.33999999999999986,0.1155999999999999,1,0,0,6ed147cd585e5e8083292683f9be3cf585e97e4d46fa0e3224d24a4e2b42cbbb,f83baf5732ffbf88b9a448a3d9ab9fa270f7495fe44d1559c1ac49795a30881a,2bbf5eba419b0650693f1e88326107bf9a346c68,persistence_corrected_2bbf5eba419b_6ed147cd_f83baf57
Persistence,3,2,2022-10-05,2022-10-08,14.52,10.33,-4.1899999999999995,4.1899999999999995,17.556099999999997,0,0,0,6ed147cd585e5e8083292683f9be3cf585e97e4d46fa0e3224d24a4e2b42cbbb,f83baf5732ffbf88b9a448a3d9ab9fa270f7495fe44d1559c1ac49795a30881a,2bbf5eba419b0650693f1e88326107bf9a346c68,persistence_corrected_2bbf5eba419b_6ed147cd_f83baf57
Persistence,3,2,2022-10-06,2022-10-09,12.31,16.68,4.369999999999999,4.369999999999999,19.096899999999994,0,0,0,6ed147cd585e5e8083292683f9be3cf585e97e4d46fa0e3224d24a4e2b42cbbb,f83baf5732ffbf88b9a448a3d9ab9fa270f7495fe44d1559c1ac49795a30881a,2bbf5eba419b0650693f1e88326107bf9a346c68,persistence_corrected_2bbf5eba419b_6ed147cd_f83baf57
Persistence,3,2,2022-10-07,2022-10-10,15.42,15.78,0.35999999999999943,0.35999999999999943,0.1295999999999996,1,0,0,6ed147cd585e5e8083292683f9be3cf585e97e4d46fa0e3224d24a4e2b42cbbb,f83baf5732ffbf88b9a448a3d9ab9fa270f7495fe44d1559c1ac49795a30881a,2bbf5eba419b0650693f1e88326107bf9a346c68,persistence_corrected_2bbf5eba419b_6ed147cd_f83baf57
Persistence,3,2,2022-10-08,2022-10-11,12.6,14.52,1.92,1.92,3.6864,0,0,0,6ed147cd585e5e8083292683f9be3cf585e97e4d46fa0e3224d24a4e2b42cbbb,f83baf5732ffbf88b9a448a3d9ab9fa270f7495fe44d1559c1ac49795a30881a,2bbf5eba419b0650693f1e88326107bf9a346c68,persistence_corrected_2bbf5eba419b_6ed147cd_f83baf57
Persistence,3,2,2022-10-09,2022-10-12,13.87,12.31,-1.5599999999999987,1.5599999999999987,2.433599999999996,0,0,0,6ed147cd585e5e8083292683f9be3cf585e97e4d46fa0e3224d24a4e2b42cbbb,f83baf5732ffbf88b9a448a3d9ab9fa270f7495fe44d1559c1ac49795a30881a,2bbf5eba419b0650693f1e88326107bf9a346c68,persistence_corrected_2bbf5eba419b_6ed147cd_f83baf57
Persistence,3,2,2022-10-10,2022-10-13,13.28,15.42,2.1400000000000006,2.1400000000000006,4.579600000000003,0,0,0,6ed147cd585e5e8083292683f9be3cf585e97e4d46fa0e3224d24a4e2b42cbbb,f83baf5732ffbf88b9a448a3d9ab9fa270f7495fe44d1559c1ac49795a30881a,2bbf5eba419b0650693f1e88326107bf9a346c68,persistence_corrected_2bbf5eba419b_6ed147cd_f83baf57
Persistence,3,2,2022-10-11,2022-10-14,13.3,12.6,-0.7000000000000011,0.7000000000000011,0.4900000000000015,0,0,0,6ed147cd585e5e8083292683f9be3cf585e97e4d46fa0e3224d24a4e2b42cbbb,f83baf5732ffbf88b9a448a3d9ab9fa270f7495fe44d1559c1ac49795a30881a,2bbf5eba419b0650693f1e88326107bf9a346c68,persistence_corrected_2bbf5eba419b_6ed147cd_f83baf57
Persistence,3,2,2022-10-12,2022-10-15,13.45,13.87,0.41999999999999993,0.41999999999999993,0.17639999999999995,0,0,0,6ed147cd585e5e8083292683f9be3cf585e97e4d46fa0e3224d24a4e2b42cbbb,f83baf5732ffbf88b9a448a3d9ab9fa270f7495fe44d1559c1ac49795a30881a,2bbf5eba419b0650693f1e88326107bf9a346c68,persistence_corrected_2bbf5eba419b_6ed147cd_f83baf57
Persistence,3,2,2022-10-13,2022-10-16,13.31,13.28,-0.030000000000001137,0.030000000000001137,0.0009000000000000682,0,0,0,6ed147cd585e5e8083292683f9be3cf585e97e4d46fa0e3224d24a4e2b42cbbb,f83baf5732ffbf88b9a448a3d9ab9fa270f7495fe44d1559c1ac49795a30881a,2bbf5eba419b0650693f1e88326107bf9a346c68,persistence_corrected_2bbf5eba419b_6ed147cd_f83baf57
Persistence,3,2,2022-10-14,2022-10-17,13.04,13.3,0.26000000000000156,0.26000000000000156,0.06760000000000081,0,0,0,6ed147cd585e5e8083292683f9be3cf585e97e4d46fa0e3224d24a4e2b42cbbb,f83baf5732ffbf88b9a448a3d9ab9fa270f7495fe44d1559c1ac49795a30881a,2bbf5eba419b0650693f1e88326107bf9a346c68,persistence_corrected_2bbf5eba419b_6ed147cd_f83baf57
Persistence,3,2,2022-10-15,2022-10-18,13.21,13.45,0.23999999999999844,0.23999999999999844,0.05759999999999925,0,0,0,6ed147cd585e5e8083292683f9be3cf585e97e4d46fa0e3224d24a4e2b42cbbb,f83baf5732ffbf88b9a448a3d9ab9fa270f7495fe44d1559c1ac49795a30881a,2bbf5eba419b0650693f1e88326107bf9a346c68,persistence_corrected_2bbf5eba419b_6ed147cd_f83baf57
Persistence,3,2,2022-10-16,2022-10-19,14.93,13.31,-1.6199999999999992,1.6199999999999992,2.6243999999999974,0,0,0,6ed147cd585e5e8083292683f9be3cf585e97e4d46fa0e3224d24a4e2b42cbbb,f83baf5732ffbf88b9a448a3d9ab9fa270f7495fe44d1559c1ac49795a30881a,2bbf5eba419b0650693f1e88326107bf9a346c68,persistence_corrected_2bbf5eba419b_6ed147cd_f83baf57
Persistence,3,2,2022-10-17,2022-10-20,14.18,13.04,-1.1400000000000006,1.1400000000000006,1.2996000000000012,0,0,0,6ed147cd585e5e8083292683f9be3cf585e97e4d46fa0e3224d24a4e2b42cbbb,f83baf5732ffbf88b9a448a3d9ab9fa270f7495fe44d1559c1ac49795a30881a,2bbf5eba419b0650693f1e88326107bf9a346c68,persistence_corrected_2bbf5eba419b_6ed147cd_f83baf57
Persistence,3,2,2022-10-18,2022-10-21,13.73,13.21,-0.5199999999999996,0.5199999999999996,0.27039999999999953,0,0,0,6ed147cd585e5e8083292683f9be3cf585e97e4d46fa0e3224d24a4e2b42cbbb,f83baf5732ffbf88b9a448a3d9ab9fa270f7495fe44d1559c1ac49795a30881a,2bbf5eba419b0650693f1e88326107bf9a346c68,persistence_corrected_2bbf5eba419b_6ed147cd_f83baf57
Persistence,3,2,2022-10-19,2022-10-22,15.16,14.93,-0.23000000000000043,0.23000000000000043,0.0529000000000002,1,0,0,6ed147cd585e5e8083292683f9be3cf585e97e4d46fa0e3224d24a4e2b42cbbb,f83baf5732ffbf88b9a448a3d9ab9fa270f7495fe44d1559c1ac49795a30881a,2bbf5eba419b0650693f1e88326107bf9a346c68,persistence_corrected_2bbf5eba419b_6ed147cd_f83baf57
Persistence,3,2,2022-10-20,2022-10-23,13.21,14.18,0.9699999999999989,0.9699999999999989,0.9408999999999978,0,0,0,6ed147cd585e5e8083292683f9be3cf585e97e4d46fa0e3224d24a4e2b42cbbb,f83baf5732ffbf88b9a448a3d9ab9fa270f7495fe44d1559c1ac49795a30881a,2bbf5eba419b0650693f1e88326107bf9a346c68,persistence_corrected_2bbf5eba419b_6ed147cd_f83baf57
Persistence,3,2,2022-10-21,2022-10-24,14.57,13.73,-0.8399999999999999,0.8399999999999999,0.7055999999999998,0,0,0,6ed147cd585e5e8083292683f9be3cf585e97e4d46fa0e3224d24a4e2b42cbbb,f83baf5732ffbf88b9a448a3d9ab9fa270f7495fe44d1559c1ac49795a30881a,2bbf5eba419b0650693f1e88326107bf9a346c68,persistence_corrected_2bbf5eba419b_6ed147cd_f83baf57
Persistence,3,2,2022-10-22,2022-10-25,16.82,15.16,-1.6600000000000001,1.6600000000000001,2.7556000000000003,1,1,0,6ed147cd585e5e8083292683f9be3cf585e97e4d46fa0e3224d24a4e2b42cbbb,f83baf5732ffbf88b9a448a3d9ab9fa270f7495fe44d1559c1ac49795a30881a,2bbf5eba419b0650693f1e88326107bf9a346c68,persistence_corrected_2bbf5eba419b_6ed147cd_f83baf57
Persistence,3,2,2022-10-23,2022-10-26,14.45,13.21,-1.2399999999999984,1.2399999999999984,1.537599999999996,0,0,0,6ed147cd585e5e8083292683f9be3cf585e97e4d46fa0e3224d24a4e2b42cbbb,f83baf5732ffbf88b9a448a3d9ab9fa270f7495fe44d1559c1ac49795a30881a,2bbf5eba419b0650693f1e88326107bf9a346c68,persistence_corrected_2bbf5eba419b_6ed147cd_f83baf57
Persistence,3,2,2022-10-24,2022-10-27,11.03,14.57,3.540000000000001,3.540000000000001,12.531600000000006,0,0,0,6ed147cd585e5e8083292683f9be3cf585e97e4d46fa0e3224d24a4e2b42cbbb,f83baf5732ffbf88b9a448a3d9ab9fa270f7495fe44d1559c1ac49795a30881a,2bbf5eba419b0650693f1e88326107bf9a346c68,persistence_corrected_2bbf5eba419b_6ed147cd_f83baf57
Persistence,3,2,2022-10-25,2022-10-28,10.85,16.82,5.970000000000001,5.970000000000001,35.64090000000001,0,0,0,6ed147cd585e5e8083292683f9be3cf585e97e4d46fa0e3224d24a4e2b42cbbb,f83baf5732ffbf88b9a448a3d9ab9fa270f7495fe44d1559c1ac49795a30881a,2bbf5eba419b0650693f1e88326107bf9a346c68,persistence_corrected_2bbf5eba419b_6ed147cd_f83baf57
Persistence,3,2,2022-10-26,2022-10-29,13.74,14.45,0.7099999999999991,0.7099999999999991,0.5040999999999987,0,0,0,6ed147cd585e5e8083292683f9be3cf585e97e4d46fa0e3224d24a4e2b42cbbb,f83baf5732ffbf88b9a448a3d9ab9fa270f7495fe44d1559c1ac49795a30881a,2bbf5eba419b0650693f1e88326107bf9a346c68,persistence_corrected_2bbf5eba419b_6ed147cd_f83baf57
Persistence,3,2,2022-10-27,2022-10-30,14.12,11.03,-3.09,3.09,9.5481,0,0,0,6ed147cd585e5e8083292683f9be3cf585e97e4d46fa0e3224d24a4e2b42cbbb,f83baf5732ffbf88b9a448a3d9ab9fa270f7495fe44d1559c1ac49795a30881a,2bbf5eba419b0650693f1e88326107bf9a346c68,persistence_corrected_2bbf5eba419b_6ed147cd_f83baf57
Persistence,3,2,2022-10-28,2022-10-31,14.54,10.85,-3.6899999999999995,3.6899999999999995,13.616099999999996,0,0,0,6ed147cd585e5e8083292683f9be3cf585e97e4d46fa0e3224d24a4e2b42cbbb,f83baf5732ffbf88b9a448a3d9ab9fa270f7495fe44d1559c1ac49795a30881a,2bbf5eba419b0650693f1e88326107bf9a346c68,persistence_corrected_2bbf5eba419b_6ed147cd_f83baf57
Persistence,3,2,2022-10-29,2022-11-01,13.16,13.74,0.5800000000000001,0.5800000000000001,0.3364000000000001,0,0,0,6ed147cd585e5e8083292683f9be3cf585e97e4d46fa0e3224d24a4e2b42cbbb,f83baf5732ffbf88b9a448a3d9ab9fa270f7495fe44d1559c1ac49795a30881a,2bbf5eba419b0650693f1e88326107bf9a346c68,persistence_corrected_2bbf5eba419b_6ed147cd_f83baf57
Persistence,3,2,2022-10-30,2022-11-02,15.91,14.12,-1.790000000000001,1.790000000000001,3.2041000000000035,1,0,0,6ed147cd585e5e8083292683f9be3cf585e97e4d46fa0e3224d24a4e2b42cbbb,f83baf5732ffbf88b9a448a3d9ab9fa270f7495fe44d1559c1ac49795a30881a,2bbf5eba419b0650693f1e88326107bf9a346c68,persistence_corrected_2bbf5eba419b_6ed147cd_f83baf57
Persistence,3,2,2022-10-31,2022-11-03,14.39,14.54,0.14999999999999858,0.14999999999999858,0.022499999999999572,0,0,0,6ed147cd585e5e8083292683f9be3cf585e97e4d46fa0e3224d24a4e2b42cbbb,f83baf5732ffbf88b9a448a3d9ab9fa270f7495fe44d1559c1ac49795a30881a,2bbf5eba419b0650693f1e88326107bf9a346c68,persistence_corrected_2bbf5eba419b_6ed147cd_f83baf57
Persistence,3,2,2022-11-01,2022-11-04,14.63,13.16,-1.4700000000000006,1.4700000000000006,2.160900000000002,0,0,0,6ed147cd585e5e8083292683f9be3cf585e97e4d46fa0e3224d24a4e2b42cbbb,f83baf5732ffbf88b9a448a3d9ab9fa270f7495fe44d1559c1ac49795a30881a,2bbf5eba419b0650693f1e88326107bf9a346c68,persistence_corrected_2bbf5eba419b_6ed147cd_f83baf57
Persistence,3,2,2022-11-02,2022-11-05,8.38,15.91,7.529999999999999,7.529999999999999,56.70089999999999,0,0,0,6ed147cd585e5e8083292683f9be3cf585e97e4d46fa0e3224d24a4e2b42cbbb,f83baf5732ffbf88b9a448a3d9ab9fa270f7495fe44d1559c1ac49795a30881a,2bbf5eba419b0650693f1e88326107bf9a346c68,persistence_corrected_2bbf5eba419b_6ed147cd_f83baf57
Persistence,3,2,2022-11-03,2022-11-06,12.91,14.39,1.4800000000000004,1.4800000000000004,2.1904000000000012,0,0,0,6ed147cd585e5e8083292683f9be3cf585e97e4d46fa0e3224d24a4e2b42cbbb,f83baf5732ffbf88b9a448a3d9ab9fa270f7495fe44d1559c1ac49795a30881a,2bbf5eba419b0650693f1e88326107bf9a346c68,persistence_corrected_2bbf5eba419b_6ed147cd_f83baf57
Persistence,3,2,2022-11-04,2022-11-07,11.06,14.63,3.5700000000000003,3.5700000000000003,12.744900000000001,0,0,0,6ed147cd585e5e8083292683f9be3cf585e97e4d46fa0e3224d24a4e2b42cbbb,f83baf5732ffbf88b9a448a3d9ab9fa270f7495fe44d1559c1ac49795a30881a,2bbf5eba419b0650693f1e88326107bf9a346c68,persistence_corrected_2bbf5eba419b_6ed147cd_f83baf57
Persistence,3,2,2022-11-05,2022-11-08,15.02,8.38,-6.639999999999999,6.639999999999999,44.08959999999998,1,0,0,6ed147cd585e5e8083292683f9be3cf585e97e4d46fa0e3224d24a4e2b42cbbb,f83baf5732ffbf88b9a448a3d9ab9fa270f7495fe44d1559c1ac49795a30881a,2bbf5eba419b0650693f1e88326107bf9a346c68,persistence_corrected_2bbf5eba419b_6ed147cd_f83baf57
Persistence,3,2,2022-11-06,2022-11-09,12.58,12.91,0.33000000000000007,0.33000000000000007,0.10890000000000005,0,0,0,6ed147cd585e5e8083292683f9be3cf585e97e4d46fa0e3224d24a4e2b42cbbb,f83baf5732ffbf88b9a448a3d9ab9fa270f7495fe44d1559c1ac49795a30881a,2bbf5eba419b0650693f1e88326107bf9a346c68,persistence_corrected_2bbf5eba419b_6ed147cd_f83baf57
Persistence,3,2,2022-11-07,2022-11-10,12.52,11.06,-1.459999999999999,1.459999999999999,2.1315999999999975,0,0,0,6ed147cd585e5e8083292683f9be3cf585e97e4d46fa0e3224d24a4e2b42cbbb,f83baf5732ffbf88b9a448a3d9ab9fa270f7495fe44d1559c1ac49795a30881a,2bbf5eba419b0650693f1e88326107bf9a346c68,persistence_corrected_2bbf5eba419b_6ed147cd_f83baf57
Persistence,3,2,2022-11-08,2022-11-11,13.76,15.02,1.2599999999999998,1.2599999999999998,1.5875999999999995,0,0,0,6ed147cd585e5e8083292683f9be3cf585e97e4d46fa0e3224d24a4e2b42cbbb,f83baf5732ffbf88b9a448a3d9ab9fa270f7495fe44d1559c1ac49795a30881a,2bbf5eba419b0650693f1e88326107bf9a346c68,persistence_corrected_2bbf5eba419b_6ed147cd_f83baf57
Persistence,3,2,2022-11-09,2022-11-12,12.56,12.58,0.019999999999999574,0.019999999999999574,0.00039999999999998294,0,0,0,6ed147cd585e5e8083292683f9be3cf585e97e4d46fa0e3224d24a4e2b42cbbb,f83baf5732ffbf88b9a448a3d9ab9fa270f7495fe44d1559c1ac49795a30881a,2bbf5eba419b0650693f1e88326107bf9a346c68,persistence_corrected_2bbf5eba419b_6ed147cd_f83baf57
Persistence,3,2,2022-11-10,2022-11-13,13.19,12.52,-0.6699999999999999,0.6699999999999999,0.4488999999999999,0,0,0,6ed147cd585e5e8083292683f9be3cf585e97e4d46fa0e3224d24a4e2b42cbbb,f83baf5732ffbf88b9a448a3d9ab9fa270f7495fe44d1559c1ac49795a30881a,2bbf5eba419b0650693f1e88326107bf9a346c68,persistence_corrected_2bbf5eba419b_6ed147cd_f83baf57
Persistence,3,2,2022-11-11,2022-11-14,13.02,13.76,0.7400000000000002,0.7400000000000002,0.5476000000000003,0,0,0,6ed147cd585e5e8083292683f9be3cf585e97e4d46fa0e3224d24a4e2b42cbbb,f83baf5732ffbf88b9a448a3d9ab9fa270f7495fe44d1559c1ac49795a30881a,2bbf5eba419b0650693f1e88326107bf9a346c68,persistence_corrected_2bbf5eba419b_6ed147cd_f83baf57
Persistence,3,2,2022-11-12,2022-11-15,12.3,12.56,0.2599999999999998,0.2599999999999998,0.06759999999999988,0,0,0,6ed147cd585e5e8083292683f9be3cf585e97e4d46fa0e3224d24a4e2b42cbbb,f83baf5732ffbf88b9a448a3d9ab9fa270f7495fe44d1559c1ac49795a30881a,2bbf5eba419b0650693f1e88326107bf9a346c68,persistence_corrected_2bbf5eba419b_6ed147cd_f83baf57
Persistence,3,2,2022-11-13,2022-11-16,12.12,13.19,1.0700000000000003,1.0700000000000003,1.1449000000000007,0,0,0,6ed147cd585e5e8083292683f9be3cf585e97e4d46fa0e3224d24a4e2b42cbbb,f83baf5732ffbf88b9a448a3d9ab9fa270f7495fe44d1559c1ac49795a30881a,2bbf5eba419b0650693f1e88326107bf9a346c68,persistence_corrected_2bbf5eba419b_6ed147cd_f83baf57
Persistence,3,2,2022-11-14,2022-11-17,11.52,13.02,1.5,1.5,2.25,0,0,0,6ed147cd585e5e8083292683f9be3cf585e97e4d46fa0e3224d24a4e2b42cbbb,f83baf5732ffbf88b9a448a3d9ab9fa270f7495fe44d1559c1ac49795a30881a,2bbf5eba419b0650693f1e88326107bf9a346c68,persistence_corrected_2bbf5eba419b_6ed147cd_f83baf57
Persistence,3,2,2022-11-15,2022-11-18,13.18,12.3,-0.879999999999999,0.879999999999999,0.7743999999999982,0,0,0,6ed147cd585e5e8083292683f9be3cf585e97e4d46fa0e3224d24a4e2b42cbbb,f83baf5732ffbf88b9a448a3d9ab9fa270f7495fe44d1559c1ac49795a30881a,2bbf5eba419b0650693f1e88326107bf9a346c68,persistence_corrected_2bbf5eba419b_6ed147cd_f83baf57
Persistence,3,2,2022-11-16,2022-11-19,12.04,12.12,0.08000000000000007,0.08000000000000007,0.006400000000000012,0,0,0,6ed147cd585e5e8083292683f9be3cf585e97e4d46fa0e3224d24a4e2b42cbbb,f83baf5732ffbf88b9a448a3d9ab9fa270f7495fe44d1559c1ac49795a30881a,2bbf5eba419b0650693f1e88326107bf9a346c68,persistence_corrected_2bbf5eba419b_6ed147cd_f83baf57
Persistence,3,2,2022-11-17,2022-11-20,11.29,11.52,0.23000000000000043,0.23000000000000043,0.0529000000000002,0,0,0,6ed147cd585e5e8083292683f9be3cf585e97e4d46fa0e3224d24a4e2b42cbbb,f83baf5732ffbf88b9a448a3d9ab9fa270f7495fe44d1559c1ac49795a30881a,2bbf5eba419b0650693f1e88326107bf9a346c68,persistence_corrected_2bbf5eba419b_6ed147cd_f83baf57
Persistence,3,2,2022-11-18,2022-11-21,14.21,13.18,-1.0300000000000011,1.0300000000000011,1.0609000000000024,0,0,0,6ed147cd585e5e8083292683f9be3cf585e97e4d46fa0e3224d24a4e2b42cbbb,f83baf5732ffbf88b9a448a3d9ab9fa270f7495fe44d1559c1ac49795a30881a,2bbf5eba419b0650693f1e88326107bf9a346c68,persistence_corrected_2bbf5eba419b_6ed147cd_f83baf57
Persistence,3,2,2022-11-19,2022-11-22,12.13,12.04,-0.09000000000000163,0.09000000000000163,0.008100000000000294,0,0,0,6ed147cd585e5e8083292683f9be3cf585e97e4d46fa0e3224d24a4e2b42cbbb,f83baf5732ffbf88b9a448a3d9ab9fa270f7495fe44d1559c1ac49795a30881a,2bbf5eba419b0650693f1e88326107bf9a346c68,persistence_corrected_2bbf5eba419b_6ed147cd_f83baf57
Persistence,3,2,2022-11-20,2022-11-23,12.79,11.29,-1.5,1.5,2.25,0,0,0,6ed147cd585e5e8083292683f9be3cf585e97e4d46fa0e3224d24a4e2b42cbbb,f83baf5732ffbf88b9a448a3d9ab9fa270f7495fe44d1559c1ac49795a30881a,2bbf5eba419b0650693f1e88326107bf9a346c68,persistence_corrected_2bbf5eba419b_6ed147cd_f83baf57
Persistence,3,2,2022-11-21,2022-11-24,14.64,14.21,-0.4299999999999997,0.4299999999999997,0.18489999999999976,0,0,0,6ed147cd585e5e8083292683f9be3cf585e97e4d46fa0e3224d24a4e2b42cbbb,f83baf5732ffbf88b9a448a3d9ab9fa270f7495fe44d1559c1ac49795a30881a,2bbf5eba419b0650693f1e88326107bf9a346c68,persistence_corrected_2bbf5eba419b_6ed147cd_f83baf57
Persistence,3,2,2022-11-22,2022-11-25,15.19,12.13,-3.0599999999999987,3.0599999999999987,9.363599999999993,1,0,0,6ed147cd585e5e8083292683f9be3cf585e97e4d46fa0e3224d24a4e2b42cbbb,f83baf5732ffbf88b9a448a3d9ab9fa270f7495fe44d1559c1ac49795a30881a,2bbf5eba419b0650693f1e88326107bf9a346c68,persistence_corrected_2bbf5eba419b_6ed147cd_f83baf57
Persistence,3,2,2022-11-23,2022-11-26,11.86,12.79,0.9299999999999997,0.9299999999999997,0.8648999999999994,0,0,0,6ed147cd585e5e8083292683f9be3cf585e97e4d46fa0e3224d24a4e2b42cbbb,f83baf5732ffbf88b9a448a3d9ab9fa270f7495fe44d1559c1ac49795a30881a,2bbf5eba419b0650693f1e88326107bf9a346c68,persistence_corrected_2bbf5eba419b_6ed147cd_f83baf57
Persistence,3,2,2022-11-24,2022-11-27,10.9,14.64,3.74,3.74,13.987600000000002,0,0,0,6ed147cd585e5e8083292683f9be3cf585e97e4d46fa0e3224d24a4e2b42cbbb,f83baf5732ffbf88b9a448a3d9ab9fa270f7495fe44d1559c1ac49795a30881a,2bbf5eba419b0650693f1e88326107bf9a346c68,persistence_corrected_2bbf5eba419b_6ed147cd_f83baf57
Persistence,3,2,2022-11-25,2022-11-28,13.08,15.19,2.1099999999999994,2.1099999999999994,4.452099999999998,0,0,0,6ed147cd585e5e8083292683f9be3cf585e97e4d46fa0e3224d24a4e2b42cbbb,f83baf5732ffbf88b9a448a3d9ab9fa270f7495fe44d1559c1ac49795a30881a,2bbf5eba419b0650693f1e88326107bf9a346c68,persistence_corrected_2bbf5eba419b_6ed147cd_f83baf57
Persistence,3,2,2022-11-26,2022-11-29,11.44,11.86,0.41999999999999993,0.41999999999999993,0.17639999999999995,0,0,0,6ed147cd585e5e8083292683f9be3cf585e97e4d46fa0e3224d24a4e2b42cbbb,f83baf5732ffbf88b9a448a3d9ab9fa270f7495fe44d1559c1ac49795a30881a,2bbf5eba419b0650693f1e88326107bf9a346c68,persistence_corrected_2bbf5eba419b_6ed147cd_f83baf57
Persistence,3,2,2022-11-27,2022-11-30,10.74,10.9,0.16000000000000014,0.16000000000000014,0.025600000000000046,0,0,0,6ed147cd585e5e8083292683f9be3cf585e97e4d46fa0e3224d24a4e2b42cbbb,f83baf5732ffbf88b9a448a3d9ab9fa270f7495fe44d1559c1ac49795a30881a,2bbf5eba419b0650693f1e88326107bf9a346c68,persistence_corrected_2bbf5eba419b_6ed147cd_f83baf57
Persistence,3,2,2022-11-28,2022-12-01,13.61,13.08,-0.5299999999999994,0.5299999999999994,0.2808999999999993,0,0,0,6ed147cd585e5e8083292683f9be3cf585e97e4d46fa0e3224d24a4e2b42cbbb,f83baf5732ffbf88b9a448a3d9ab9fa270f7495fe44d1559c1ac49795a30881a,2bbf5eba419b0650693f1e88326107bf9a346c68,persistence_corrected_2bbf5eba419b_6ed147cd_f83baf57
Persistence,3,2,2022-11-29,2022-12-02,14.66,11.44,-3.2200000000000006,3.2200000000000006,10.368400000000005,0,0,0,6ed147cd585e5e8083292683f9be3cf585e97e4d46fa0e3224d24a4e2b42cbbb,f83baf5732ffbf88b9a448a3d9ab9fa270f7495fe44d1559c1ac49795a30881a,2bbf5eba419b0650693f1e88326107bf9a346c68,persistence_corrected_2bbf5eba419b_6ed147cd_f83baf57
Persistence,3,2,2022-11-30,2022-12-03,12.89,10.74,-2.1500000000000004,2.1500000000000004,4.622500000000001,0,0,0,6ed147cd585e5e8083292683f9be3cf585e97e4d46fa0e3224d24a4e2b42cbbb,f83baf5732ffbf88b9a448a3d9ab9fa270f7495fe44d1559c1ac49795a30881a,2bbf5eba419b0650693f1e88326107bf9a346c68,persistence_corrected_2bbf5eba419b_6ed147cd_f83baf57
Persistence,3,2,2022-12-01,2022-12-04,15.41,13.61,-1.8000000000000007,1.8000000000000007,3.2400000000000024,1,0,0,6ed147cd585e5e8083292683f9be3cf585e97e4d46fa0e3224d24a4e2b42cbbb,f83baf5732ffbf88b9a448a3d9ab9fa270f7495fe44d1559c1ac49795a30881a,2bbf5eba419b0650693f1e88326107bf9a346c68,persistence_corrected_2bbf5eba419b_6ed147cd_f83baf57
Persistence,3,2,2022-12-02,2022-12-05,14.77,14.66,-0.10999999999999943,0.10999999999999943,0.012099999999999875,0,0,0,6ed147cd585e5e8083292683f9be3cf585e97e4d46fa0e3224d24a4e2b42cbbb,f83baf5732ffbf88b9a448a3d9ab9fa270f7495fe44d1559c1ac49795a30881a,2bbf5eba419b0650693f1e88326107bf9a346c68,persistence_corrected_2bbf5eba419b_6ed147cd_f83baf57
Persistence,3,2,2022-12-03,2022-12-06,12.9,12.89,-0.009999999999999787,0.009999999999999787,9.999999999999574e-05,0,0,0,6ed147cd585e5e8083292683f9be3cf585e97e4d46fa0e3224d24a4e2b42cbbb,f83baf5732ffbf88b9a448a3d9ab9fa270f7495fe44d1559c1ac49795a30881a,2bbf5eba419b0650693f1e88326107bf9a346c68,persistence_corrected_2bbf5eba419b_6ed147cd_f83baf57
Persistence,3,2,2022-12-04,2022-12-07,14.59,15.41,0.8200000000000003,0.8200000000000003,0.6724000000000004,0,0,0,6ed147cd585e5e8083292683f9be3cf585e97e4d46fa0e3224d24a4e2b42cbbb,f83baf5732ffbf88b9a448a3d9ab9fa270f7495fe44d1559c1ac49795a30881a,2bbf5eba419b0650693f1e88326107bf9a346c68,persistence_corrected_2bbf5eba419b_6ed147cd_f83baf57
Persistence,3,2,2022-12-05,2022-12-08,13.7,14.77,1.0700000000000003,1.0700000000000003,1.1449000000000007,0,0,0,6ed147cd585e5e8083292683f9be3cf585e97e4d46fa0e3224d24a4e2b42cbbb,f83baf5732ffbf88b9a448a3d9ab9fa270f7495fe44d1559c1ac49795a30881a,2bbf5eba419b0650693f1e88326107bf9a346c68,persistence_corrected_2bbf5eba419b_6ed147cd_f83baf57
Persistence,3,2,2022-12-06,2022-12-09,11.71,12.9,1.1899999999999995,1.1899999999999995,1.4160999999999988,0,0,0,6ed147cd585e5e8083292683f9be3cf585e97e4d46fa0e3224d24a4e2b42cbbb,f83baf5732ffbf88b9a448a3d9ab9fa270f7495fe44d1559c1ac49795a30881a,2bbf5eba419b0650693f1e88326107bf9a346c68,persistence_corrected_2bbf5eba419b_6ed147cd_f83baf57
Persistence,3,2,2022-12-07,2022-12-10,11.29,14.59,3.3000000000000007,3.3000000000000007,10.890000000000004,0,0,0,6ed147cd585e5e8083292683f9be3cf585e97e4d46fa0e3224d24a4e2b42cbbb,f83baf5732ffbf88b9a448a3d9ab9fa270f7495fe44d1559c1ac49795a30881a,2bbf5eba419b0650693f1e88326107bf9a346c68,persistence_corrected_2bbf5eba419b_6ed147cd_f83baf57
Persistence,3,2,2022-12-08,2022-12-11,10.86,13.7,2.84,2.84,8.0656,0,0,0,6ed147cd585e5e8083292683f9be3cf585e97e4d46fa0e3224d24a4e2b42cbbb,f83baf5732ffbf88b9a448a3d9ab9fa270f7495fe44d1559c1ac49795a30881a,2bbf5eba419b0650693f1e88326107bf9a346c68,persistence_corrected_2bbf5eba419b_6ed147cd_f83baf57
Persistence,3,2,2022-12-09,2022-12-12,12.49,11.71,-0.7799999999999994,0.7799999999999994,0.608399999999999,0,0,0,6ed147cd585e5e8083292683f9be3cf585e97e4d46fa0e3224d24a4e2b42cbbb,f83baf5732ffbf88b9a448a3d9ab9fa270f7495fe44d1559c1ac49795a30881a,2bbf5eba419b0650693f1e88326107bf9a346c68,persistence_corrected_2bbf5eba419b_6ed147cd_f83baf57
Persistence,3,2,2022-12-10,2022-12-13,14.09,11.29,-2.8000000000000007,2.8000000000000007,7.840000000000004,0,0,0,6ed147cd585e5e8083292683f9be3cf585e97e4d46fa0e3224d24a4e2b42cbbb,f83baf5732ffbf88b9a448a3d9ab9fa270f7495fe44d1559c1ac49795a30881a,2bbf5eba419b0650693f1e88326107bf9a346c68,persistence_corrected_2bbf5eba419b_6ed147cd_f83baf57
Persistence,3,2,2022-12-11,2022-12-14,14.64,10.86,-3.780000000000001,3.780000000000001,14.288400000000008,0,0,0,6ed147cd585e5e8083292683f9be3cf585e97e4d46fa0e3224d24a4e2b42cbbb,f83baf5732ffbf88b9a448a3d9ab9fa270f7495fe44d1559c1ac49795a30881a,2bbf5eba419b0650693f1e88326107bf9a346c68,persistence_corrected_2bbf5eba419b_6ed147cd_f83baf57
Persistence,3,2,2022-12-12,2022-12-15,11.76,12.49,0.7300000000000004,0.7300000000000004,0.5329000000000006,0,0,0,6ed147cd585e5e8083292683f9be3cf585e97e4d46fa0e3224d24a4e2b42cbbb,f83baf5732ffbf88b9a448a3d9ab9fa270f7495fe44d1559c1ac49795a30881a,2bbf5eba419b0650693f1e88326107bf9a346c68,persistence_corrected_2bbf5eba419b_6ed147cd_f83baf57
Persistence,3,2,2022-12-13,2022-12-16,12.11,14.09,1.9800000000000004,1.9800000000000004,3.9204000000000017,0,0,0,6ed147cd585e5e8083292683f9be3cf585e97e4d46fa0e3224d24a4e2b42cbbb,f83baf5732ffbf88b9a448a3d9ab9fa270f7495fe44d1559c1ac49795a30881a,2bbf5eba419b0650693f1e88326107bf9a346c68,persistence_corrected_2bbf5eba419b_6ed147cd_f83baf57
Persistence,3,2,2022-12-14,2022-12-17,14.6,14.64,0.040000000000000924,0.040000000000000924,0.0016000000000000738,0,0,0,6ed147cd585e5e8083292683f9be3cf585e97e4d46fa0e3224d24a4e2b42cbbb,f83baf5732ffbf88b9a448a3d9ab9fa270f7495fe44d1559c1ac49795a30881a,2bbf5eba419b0650693f1e88326107bf9a346c68,persistence_corrected_2bbf5eba419b_6ed147cd_f83baf57
Persistence,3,2,2022-12-15,2022-12-18,14.22,11.76,-2.460000000000001,2.460000000000001,6.051600000000004,0,0,0,6ed147cd585e5e8083292683f9be3cf585e97e4d46fa0e3224d24a4e2b42cbbb,f83baf5732ffbf88b9a448a3d9ab9fa270f7495fe44d1559c1ac49795a30881a,2bbf5eba419b0650693f1e88326107bf9a346c68,persistence_corrected_2bbf5eba419b_6ed147cd_f83baf57
Persistence,3,2,2022-12-16,2022-12-19,13.27,12.11,-1.1600000000000001,1.1600000000000001,1.3456000000000004,0,0,0,6ed147cd585e5e8083292683f9be3cf585e97e4d46fa0e3224d24a4e2b42cbbb,f83baf5732ffbf88b9a448a3d9ab9fa270f7495fe44d1559c1ac49795a30881a,2bbf5eba419b0650693f1e88326107bf9a346c68,persistence_corrected_2bbf5eba419b_6ed147cd_f83baf57
Persistence,3,2,2022-12-17,2022-12-20,12.58,14.6,2.0199999999999996,2.0199999999999996,4.080399999999998,0,0,0,6ed147cd585e5e8083292683f9be3cf585e97e4d46fa0e3224d24a4e2b42cbbb,f83baf5732ffbf88b9a448a3d9ab9fa270f7495fe44d1559c1ac49795a30881a,2bbf5eba419b0650693f1e88326107bf9a346c68,persistence_corrected_2bbf5eba419b_6ed147cd_f83baf57
Persistence,3,2,2022-12-18,2022-12-21,12.94,14.22,1.2800000000000011,1.2800000000000011,1.638400000000003,0,0,0,6ed147cd585e5e8083292683f9be3cf585e97e4d46fa0e3224d24a4e2b42cbbb,f83baf5732ffbf88b9a448a3d9ab9fa270f7495fe44d1559c1ac49795a30881a,2bbf5eba419b0650693f1e88326107bf9a346c68,persistence_corrected_2bbf5eba419b_6ed147cd_f83baf57
Persistence,3,2,2022-12-19,2022-12-22,12.92,13.27,0.34999999999999964,0.34999999999999964,0.12249999999999975,0,0,0,6ed147cd585e5e8083292683f9be3cf585e97e4d46fa0e3224d24a4e2b42cbbb,f83baf5732ffbf88b9a448a3d9ab9fa270f7495fe44d1559c1ac49795a30881a,2bbf5eba419b0650693f1e88326107bf9a346c68,persistence_corrected_2bbf5eba419b_6ed147cd_f83baf57
Persistence,3,2,2022-12-20,2022-12-23,14.04,12.58,-1.459999999999999,1.459999999999999,2.1315999999999975,0,0,0,6ed147cd585e5e8083292683f9be3cf585e97e4d46fa0e3224d24a4e2b42cbbb,f83baf5732ffbf88b9a448a3d9ab9fa270f7495fe44d1559c1ac49795a30881a,2bbf5eba419b0650693f1e88326107bf9a346c68,persistence_corrected_2bbf5eba419b_6ed147cd_f83baf57
Persistence,3,2,2022-12-21,2022-12-24,13.32,12.94,-0.3800000000000008,0.3800000000000008,0.14440000000000058,0,0,0,6ed147cd585e5e8083292683f9be3cf585e97e4d46fa0e3224d24a4e2b42cbbb,f83baf5732ffbf88b9a448a3d9ab9fa270f7495fe44d1559c1ac49795a30881a,2bbf5eba419b0650693f1e88326107bf9a346c68,persistence_corrected_2bbf5eba419b_6ed147cd_f83baf57
Persistence,3,2,2022-12-22,2022-12-25,12.68,12.92,0.2400000000000002,0.2400000000000002,0.0576000000000001,0,0,0,6ed147cd585e5e8083292683f9be3cf585e97e4d46fa0e3224d24a4e2b42cbbb,f83baf5732ffbf88b9a448a3d9ab9fa270f7495fe44d1559c1ac49795a30881a,2bbf5eba419b0650693f1e88326107bf9a346c68,persistence_corrected_2bbf5eba419b_6ed147cd_f83baf57
Persistence,3,2,2022-12-23,2022-12-26,15.24,14.04,-1.200000000000001,1.200000000000001,1.4400000000000026,1,0,0,6ed147cd585e5e8083292683f9be3cf585e97e4d46fa0e3224d24a4e2b42cbbb,f83baf5732ffbf88b9a448a3d9ab9fa270f7495fe44d1559c1ac49795a30881a,2bbf5eba419b0650693f1e88326107bf9a346c68,persistence_corrected_2bbf5eba419b_6ed147cd_f83baf57
Persistence,3,2,2022-12-24,2022-12-27,12.37,13.32,0.9500000000000011,0.9500000000000011,0.9025000000000021,0,0,0,6ed147cd585e5e8083292683f9be3cf585e97e4d46fa0e3224d24a4e2b42cbbb,f83baf5732ffbf88b9a448a3d9ab9fa270f7495fe44d1559c1ac49795a30881a,2bbf5eba419b0650693f1e88326107bf9a346c68,persistence_corrected_2bbf5eba419b_6ed147cd_f83baf57
Persistence,3,2,2022-12-25,2022-12-28,10.22,12.68,2.459999999999999,2.459999999999999,6.051599999999995,0,0,0,6ed147cd585e5e8083292683f9be3cf585e97e4d46fa0e3224d24a4e2b42cbbb,f83baf5732ffbf88b9a448a3d9ab9fa270f7495fe44d1559c1ac49795a30881a,2bbf5eba419b0650693f1e88326107bf9a346c68,persistence_corrected_2bbf5eba419b_6ed147cd_f83baf57
Persistence,3,2,2022-12-26,2022-12-29,10.45,15.24,4.790000000000001,4.790000000000001,22.94410000000001,0,0,0,6ed147cd585e5e8083292683f9be3cf585e97e4d46fa0e3224d24a4e2b42cbbb,f83baf5732ffbf88b9a448a3d9ab9fa270f7495fe44d1559c1ac49795a30881a,2bbf5eba419b0650693f1e88326107bf9a346c68,persistence_corrected_2bbf5eba419b_6ed147cd_f83baf57
Persistence,3,2,2022-12-27,2022-12-30,11.82,12.37,0.5499999999999989,0.5499999999999989,0.3024999999999988,0,0,0,6ed147cd585e5e8083292683f9be3cf585e97e4d46fa0e3224d24a4e2b42cbbb,f83baf5732ffbf88b9a448a3d9ab9fa270f7495fe44d1559c1ac49795a30881a,2bbf5eba419b0650693f1e88326107bf9a346c68,persistence_corrected_2bbf5eba419b_6ed147cd_f83baf57
Persistence,3,2,2022-12-28,2022-12-31,13.51,10.22,-3.289999999999999,3.289999999999999,10.824099999999994,0,0,0,6ed147cd585e5e8083292683f9be3cf585e97e4d46fa0e3224d24a4e2b42cbbb,f83baf5732ffbf88b9a448a3d9ab9fa270f7495fe44d1559c1ac49795a30881a,2bbf5eba419b0650693f1e88326107bf9a346c68,persistence_corrected_2bbf5eba419b_6ed147cd_f83baf57
Persistence,3,2,2022-12-29,2023-01-01,12.29,10.45,-1.8399999999999999,1.8399999999999999,3.3855999999999993,0,0,0,6ed147cd585e5e8083292683f9be3cf585e97e4d46fa0e3224d24a4e2b42cbbb,f83baf5732ffbf88b9a448a3d9ab9fa270f7495fe44d1559c1ac49795a30881a,2bbf5eba419b0650693f1e88326107bf9a346c68,persistence_corrected_2bbf5eba419b_6ed147cd_f83baf57
Persistence,3,2,2022-12-30,2023-01-02,13.67,11.82,-1.8499999999999996,1.8499999999999996,3.4224999999999985,0,0,0,6ed147cd585e5e8083292683f9be3cf585e97e4d46fa0e3224d24a4e2b42cbbb,f83baf5732ffbf88b9a448a3d9ab9fa270f7495fe44d1559c1ac49795a30881a,2bbf5eba419b0650693f1e88326107bf9a346c68,persistence_corrected_2bbf5eba419b_6ed147cd_f83baf57
Persistence,3,2,2022-12-31,2023-01-03,12.94,13.51,0.5700000000000003,0.5700000000000003,0.3249000000000003,0,0,0,6ed147cd585e5e8083292683f9be3cf585e97e4d46fa0e3224d24a4e2b42cbbb,f83baf5732ffbf88b9a448a3d9ab9fa270f7495fe44d1559c1ac49795a30881a,2bbf5eba419b0650693f1e88326107bf9a346c68,persistence_corrected_2bbf5eba419b_6ed147cd_f83baf57
Persistence,3,2,2023-01-01,2023-01-04,13.74,12.29,-1.450000000000001,1.450000000000001,2.102500000000003,0,0,0,6ed147cd585e5e8083292683f9be3cf585e97e4d46fa0e3224d24a4e2b42cbbb,f83baf5732ffbf88b9a448a3d9ab9fa270f7495fe44d1559c1ac49795a30881a,2bbf5eba419b0650693f1e88326107bf9a346c68,persistence_corrected_2bbf5eba419b_6ed147cd_f83baf57
Persistence,3,2,2023-01-02,2023-01-05,10.82,13.67,2.8499999999999996,2.8499999999999996,8.122499999999999,0,0,0,6ed147cd585e5e8083292683f9be3cf585e97e4d46fa0e3224d24a4e2b42cbbb,f83baf5732ffbf88b9a448a3d9ab9fa270f7495fe44d1559c1ac49795a30881a,2bbf5eba419b0650693f1e88326107bf9a346c68,persistence_corrected_2bbf5eba419b_6ed147cd_f83baf57
Persistence,3,2,2023-01-03,2023-01-06,12.01,12.94,0.9299999999999997,0.9299999999999997,0.8648999999999994,0,0,0,6ed147cd585e5e8083292683f9be3cf585e97e4d46fa0e3224d24a4e2b42cbbb,f83baf5732ffbf88b9a448a3d9ab9fa270f7495fe44d1559c1ac49795a30881a,2bbf5eba419b0650693f1e88326107bf9a346c68,persistence_corrected_2bbf5eba419b_6ed147cd_f83baf57
Persistence,3,2,2023-01-04,2023-01-07,13.3,13.74,0.4399999999999995,0.4399999999999995,0.19359999999999955,0,0,0,6ed147cd585e5e8083292683f9be3cf585e97e4d46fa0e3224d24a4e2b42cbbb,f83baf5732ffbf88b9a448a3d9ab9fa270f7495fe44d1559c1ac49795a30881a,2bbf5eba419b0650693f1e88326107bf9a346c68,persistence_corrected_2bbf5eba419b_6ed147cd_f83baf57
Persistence,3,2,2023-01-05,2023-01-08,11.75,10.82,-0.9299999999999997,0.9299999999999997,0.8648999999999994,0,0,0,6ed147cd585e5e8083292683f9be3cf585e97e4d46fa0e3224d24a4e2b42cbbb,f83baf5732ffbf88b9a448a3d9ab9fa270f7495fe44d1559c1ac49795a30881a,2bbf5eba419b0650693f1e88326107bf9a346c68,persistence_corrected_2bbf5eba419b_6ed147cd_f83baf57
Persistence,3,2,2023-01-06,2023-01-09,14.04,12.01,-2.0299999999999994,2.0299999999999994,4.120899999999997,0,0,0,6ed147cd585e5e8083292683f9be3cf585e97e4d46fa0e3224d24a4e2b42cbbb,f83baf5732ffbf88b9a448a3d9ab9fa270f7495fe44d1559c1ac49795a30881a,2bbf5eba419b0650693f1e88326107bf9a346c68,persistence_corrected_2bbf5eba419b_6ed147cd_f83baf57
Persistence,3,2,2023-01-07,2023-01-10,14.39,13.3,-1.0899999999999999,1.0899999999999999,1.1880999999999997,0,0,0,6ed147cd585e5e8083292683f9be3cf585e97e4d46fa0e3224d24a4e2b42cbbb,f83baf5732ffbf88b9a448a3d9ab9fa270f7495fe44d1559c1ac49795a30881a,2bbf5eba419b0650693f1e88326107bf9a346c68,persistence_corrected_2bbf5eba419b_6ed147cd_f83baf57
Persistence,3,2,2023-01-08,2023-01-11,10.31,11.75,1.4399999999999995,1.4399999999999995,2.0735999999999986,0,0,0,6ed147cd585e5e8083292683f9be3cf585e97e4d46fa0e3224d24a4e2b42cbbb,f83baf5732ffbf88b9a448a3d9ab9fa270f7495fe44d1559c1ac49795a30881a,2bbf5eba419b0650693f1e88326107bf9a346c68,persistence_corrected_2bbf5eba419b_6ed147cd_f83baf57
Persistence,3,2,2023-01-09,2023-01-12,12.35,14.04,1.6899999999999995,1.6899999999999995,2.8560999999999983,0,0,0,6ed147cd585e5e8083292683f9be3cf585e97e4d46fa0e3224d24a4e2b42cbbb,f83baf5732ffbf88b9a448a3d9ab9fa270f7495fe44d1559c1ac49795a30881a,2bbf5eba419b0650693f1e88326107bf9a346c68,persistence_corrected_2bbf5eba419b_6ed147cd_f83baf57
Persistence,3,2,2023-01-10,2023-01-13,13.13,14.39,1.2599999999999998,1.2599999999999998,1.5875999999999995,0,0,0,6ed147cd585e5e8083292683f9be3cf585e97e4d46fa0e3224d24a4e2b42cbbb,f83baf5732ffbf88b9a448a3d9ab9fa270f7495fe44d1559c1ac49795a30881a,2bbf5eba419b0650693f1e88326107bf9a346c68,persistence_corrected_2bbf5eba419b_6ed147cd_f83baf57
Persistence,3,2,2023-01-11,2023-01-14,6.71,10.31,3.6000000000000005,3.6000000000000005,12.960000000000004,0,0,0,6ed147cd585e5e8083292683f9be3cf585e97e4d46fa0e3224d24a4e2b42cbbb,f83baf5732ffbf88b9a448a3d9ab9fa270f7495fe44d1559c1ac49795a30881a,2bbf5eba419b0650693f1e88326107bf9a346c68,persistence_corrected_2bbf5eba419b_6ed147cd_f83baf57
Persistence,3,2,2023-01-12,2023-01-15,10.54,12.35,1.8100000000000005,1.8100000000000005,3.276100000000002,0,0,0,6ed147cd585e5e8083292683f9be3cf585e97e4d46fa0e3224d24a4e2b42cbbb,f83baf5732ffbf88b9a448a3d9ab9fa270f7495fe44d1559c1ac49795a30881a,2bbf5eba419b0650693f1e88326107bf9a346c68,persistence_corrected_2bbf5eba419b_6ed147cd_f83baf57
Persistence,3,2,2023-01-13,2023-01-16,10.56,13.13,2.5700000000000003,2.5700000000000003,6.6049000000000015,0,0,0,6ed147cd585e5e8083292683f9be3cf585e97e4d46fa0e3224d24a4e2b42cbbb,f83baf5732ffbf88b9a448a3d9ab9fa270f7495fe44d1559c1ac49795a30881a,2bbf5eba419b0650693f1e88326107bf9a346c68,persistence_corrected_2bbf5eba419b_6ed147cd_f83baf57
Persistence,3,2,2023-01-14,2023-01-17,10.38,6.71,-3.670000000000001,3.670000000000001,13.468900000000007,0,0,0,6ed147cd585e5e8083292683f9be3cf585e97e4d46fa0e3224d24a4e2b42cbbb,f83baf5732ffbf88b9a448a3d9ab9fa270f7495fe44d1559c1ac49795a30881a,2bbf5eba419b0650693f1e88326107bf9a346c68,persistence_corrected_2bbf5eba419b_6ed147cd_f83baf57
Persistence,3,2,2023-01-15,2023-01-18,11.68,10.54,-1.1400000000000006,1.1400000000000006,1.2996000000000012,0,0,0,6ed147cd585e5e8083292683f9be3cf585e97e4d46fa0e3224d24a4e2b42cbbb,f83baf5732ffbf88b9a448a3d9ab9fa270f7495fe44d1559c1ac49795a30881a,2bbf5eba419b0650693f1e88326107bf9a346c68,persistence_corrected_2bbf5eba419b_6ed147cd_f83baf57
Persistence,3,2,2023-01-16,2023-01-19,11.39,10.56,-0.8300000000000001,0.8300000000000001,0.6889000000000001,0,0,0,6ed147cd585e5e8083292683f9be3cf585e97e4d46fa0e3224d24a4e2b42cbbb,f83baf5732ffbf88b9a448a3d9ab9fa270f7495fe44d1559c1ac49795a30881a,2bbf5eba419b0650693f1e88326107bf9a346c68,persistence_corrected_2bbf5eba419b_6ed147cd_f83baf57
Persistence,3,2,2023-01-17,2023-01-20,13.84,10.38,-3.459999999999999,3.459999999999999,11.971599999999993,0,0,0,6ed147cd585e5e8083292683f9be3cf585e97e4d46fa0e3224d24a4e2b42cbbb,f83baf5732ffbf88b9a448a3d9ab9fa270f7495fe44d1559c1ac49795a30881a,2bbf5eba419b0650693f1e88326107bf9a346c68,persistence_corrected_2bbf5eba419b_6ed147cd_f83baf57
Persistence,3,2,2023-01-18,2023-01-21,9.61,11.68,2.0700000000000003,2.0700000000000003,4.284900000000001,0,0,0,6ed147cd585e5e8083292683f9be3cf585e97e4d46fa0e3224d24a4e2b42cbbb,f83baf5732ffbf88b9a448a3d9ab9fa270f7495fe44d1559c1ac49795a30881a,2bbf5eba419b0650693f1e88326107bf9a346c68,persistence_corrected_2bbf5eba419b_6ed147cd_f83baf57
Persistence,3,2,2023-01-19,2023-01-22,11.47,11.39,-0.08000000000000007,0.08000000000000007,0.006400000000000012,0,0,0,6ed147cd585e5e8083292683f9be3cf585e97e4d46fa0e3224d24a4e2b42cbbb,f83baf5732ffbf88b9a448a3d9ab9fa270f7495fe44d1559c1ac49795a30881a,2bbf5eba419b0650693f1e88326107bf9a346c68,persistence_corrected_2bbf5eba419b_6ed147cd_f83baf57
Persistence,3,2,2023-01-20,2023-01-23,9.53,13.84,4.3100000000000005,4.3100000000000005,18.576100000000004,0,0,0,6ed147cd585e5e8083292683f9be3cf585e97e4d46fa0e3224d24a4e2b42cbbb,f83baf5732ffbf88b9a448a3d9ab9fa270f7495fe44d1559c1ac49795a30881a,2bbf5eba419b0650693f1e88326107bf9a346c68,persistence_corrected_2bbf5eba419b_6ed147cd_f83baf57
Persistence,3,2,2023-01-21,2023-01-24,9.61,9.61,0.0,0.0,0.0,0,0,0,6ed147cd585e5e8083292683f9be3cf585e97e4d46fa0e3224d24a4e2b42cbbb,f83baf5732ffbf88b9a448a3d9ab9fa270f7495fe44d1559c1ac49795a30881a,2bbf5eba419b0650693f1e88326107bf9a346c68,persistence_corrected_2bbf5eba419b_6ed147cd_f83baf57
Persistence,3,2,2023-01-22,2023-01-25,13.98,11.47,-2.51,2.51,6.300099999999999,0,0,0,6ed147cd585e5e8083292683f9be3cf585e97e4d46fa0e3224d24a4e2b42cbbb,f83baf5732ffbf88b9a448a3d9ab9fa270f7495fe44d1559c1ac49795a30881a,2bbf5eba419b0650693f1e88326107bf9a346c68,persistence_corrected_2bbf5eba419b_6ed147cd_f83baf57
Persistence,3,2,2023-01-23,2023-01-26,12.46,9.53,-2.9300000000000015,2.9300000000000015,8.584900000000008,0,0,0,6ed147cd585e5e8083292683f9be3cf585e97e4d46fa0e3224d24a4e2b42cbbb,f83baf5732ffbf88b9a448a3d9ab9fa270f7495fe44d1559c1ac49795a30881a,2bbf5eba419b0650693f1e88326107bf9a346c68,persistence_corrected_2bbf5eba419b_6ed147cd_f83baf57
Persistence,3,2,2023-01-24,2023-01-27,11.69,9.61,-2.08,2.08,4.3264000000000005,0,0,0,6ed147cd585e5e8083292683f9be3cf585e97e4d46fa0e3224d24a4e2b42cbbb,f83baf5732ffbf88b9a448a3d9ab9fa270f7495fe44d1559c1ac49795a30881a,2bbf5eba419b0650693f1e88326107bf9a346c68,persistence_corrected_2bbf5eba419b_6ed147cd_f83baf57
Persistence,3,2,2023-01-25,2023-01-28,12.88,13.98,1.0999999999999996,1.0999999999999996,1.2099999999999993,0,0,0,6ed147cd585e5e8083292683f9be3cf585e97e4d46fa0e3224d24a4e2b42cbbb,f83baf5732ffbf88b9a448a3d9ab9fa270f7495fe44d1559c1ac49795a30881a,2bbf5eba419b0650693f1e88326107bf9a346c68,persistence_corrected_2bbf5eba419b_6ed147cd_f83baf57
Persistence,3,2,2023-01-26,2023-01-29,12.01,12.46,0.45000000000000107,0.45000000000000107,0.20250000000000096,0,0,0,6ed147cd585e5e8083292683f9be3cf585e97e4d46fa0e3224d24a4e2b42cbbb,f83baf5732ffbf88b9a448a3d9ab9fa270f7495fe44d1559c1ac49795a30881a,2bbf5eba419b0650693f1e88326107bf9a346c68,persistence_corrected_2bbf5eba419b_6ed147cd_f83baf57
Persistence,3,2,2023-01-27,2023-01-30,14.4,11.69,-2.710000000000001,2.710000000000001,7.3441000000000045,0,0,0,6ed147cd585e5e8083292683f9be3cf585e97e4d46fa0e3224d24a4e2b42cbbb,f83baf5732ffbf88b9a448a3d9ab9fa270f7495fe44d1559c1ac49795a30881a,2bbf5eba419b0650693f1e88326107bf9a346c68,persistence_corrected_2bbf5eba419b_6ed147cd_f83baf57
Persistence,3,2,2023-01-28,2023-01-31,14.68,12.88,-1.799999999999999,1.799999999999999,3.239999999999996,0,0,0,6ed147cd585e5e8083292683f9be3cf585e97e4d46fa0e3224d24a4e2b42cbbb,f83baf5732ffbf88b9a448a3d9ab9fa270f7495fe44d1559c1ac49795a30881a,2bbf5eba419b0650693f1e88326107bf9a346c68,persistence_corrected_2bbf5eba419b_6ed147cd_f83baf57
Persistence,3,2,2023-01-29,2023-02-01,16.7,12.01,-4.6899999999999995,4.6899999999999995,21.996099999999995,1,1,0,6ed147cd585e5e8083292683f9be3cf585e97e4d46fa0e3224d24a4e2b42cbbb,f83baf5732ffbf88b9a448a3d9ab9fa270f7495fe44d1559c1ac49795a30881a,2bbf5eba419b0650693f1e88326107bf9a346c68,persistence_corrected_2bbf5eba419b_6ed147cd_f83baf57
Persistence,3,2,2023-01-30,2023-02-02,11.45,14.4,2.950000000000001,2.950000000000001,8.702500000000006,0,0,0,6ed147cd585e5e8083292683f9be3cf585e97e4d46fa0e3224d24a4e2b42cbbb,f83baf5732ffbf88b9a448a3d9ab9fa270f7495fe44d1559c1ac49795a30881a,2bbf5eba419b0650693f1e88326107bf9a346c68,persistence_corrected_2bbf5eba419b_6ed147cd_f83baf57
Persistence,3,2,2023-01-31,2023-02-03,8.69,14.68,5.99,5.99,35.880100000000006,0,0,0,6ed147cd585e5e8083292683f9be3cf585e97e4d46fa0e3224d24a4e2b42cbbb,f83baf5732ffbf88b9a448a3d9ab9fa270f7495fe44d1559c1ac49795a30881a,2bbf5eba419b0650693f1e88326107bf9a346c68,persistence_corrected_2bbf5eba419b_6ed147cd_f83baf57
Persistence,3,2,2023-02-01,2023-02-04,16.0,16.7,0.6999999999999993,0.6999999999999993,0.489999999999999,1,1,0,6ed147cd585e5e8083292683f9be3cf585e97e4d46fa0e3224d24a4e2b42cbbb,f83baf5732ffbf88b9a448a3d9ab9fa270f7495fe44d1559c1ac49795a30881a,2bbf5eba419b0650693f1e88326107bf9a346c68,persistence_corrected_2bbf5eba419b_6ed147cd_f83baf57
Persistence,3,2,2023-02-02,2023-02-05,17.45,11.45,-6.0,6.0,36.0,1,1,1,6ed147cd585e5e8083292683f9be3cf585e97e4d46fa0e3224d24a4e2b42cbbb,f83baf5732ffbf88b9a448a3d9ab9fa270f7495fe44d1559c1ac49795a30881a,2bbf5eba419b0650693f1e88326107bf9a346c68,persistence_corrected_2bbf5eba419b_6ed147cd_f83baf57
Persistence,3,2,2023-02-03,2023-02-06,15.54,8.69,-6.85,6.85,46.92249999999999,1,0,0,6ed147cd585e5e8083292683f9be3cf585e97e4d46fa0e3224d24a4e2b42cbbb,f83baf5732ffbf88b9a448a3d9ab9fa270f7495fe44d1559c1ac49795a30881a,2bbf5eba419b0650693f1e88326107bf9a346c68,persistence_corrected_2bbf5eba419b_6ed147cd_f83baf57
Persistence,3,2,2023-02-04,2023-02-07,13.67,16.0,2.33,2.33,5.4289000000000005,0,0,0,6ed147cd585e5e8083292683f9be3cf585e97e4d46fa0e3224d24a4e2b42cbbb,f83baf5732ffbf88b9a448a3d9ab9fa270f7495fe44d1559c1ac49795a30881a,2bbf5eba419b0650693f1e88326107bf9a346c68,persistence_corrected_2bbf5eba419b_6ed147cd_f83baf57
Persistence,3,2,2023-02-05,2023-02-08,12.29,17.45,5.16,5.16,26.625600000000002,0,0,0,6ed147cd585e5e8083292683f9be3cf585e97e4d46fa0e3224d24a4e2b42cbbb,f83baf5732ffbf88b9a448a3d9ab9fa270f7495fe44d1559c1ac49795a30881a,2bbf5eba419b0650693f1e88326107bf9a346c68,persistence_corrected_2bbf5eba419b_6ed147cd_f83baf57
Persistence,3,2,2023-02-06,2023-02-09,11.92,15.54,3.619999999999999,3.619999999999999,13.104399999999995,0,0,0,6ed147cd585e5e8083292683f9be3cf585e97e4d46fa0e3224d24a4e2b42cbbb,f83baf5732ffbf88b9a448a3d9ab9fa270f7495fe44d1559c1ac49795a30881a,2bbf5eba419b0650693f1e88326107bf9a346c68,persistence_corrected_2bbf5eba419b_6ed147cd_f83baf57
Persistence,3,2,2023-02-07,2023-02-10,10.97,13.67,2.6999999999999993,2.6999999999999993,7.2899999999999965,0,0,0,6ed147cd585e5e8083292683f9be3cf585e97e4d46fa0e3224d24a4e2b42cbbb,f83baf5732ffbf88b9a448a3d9ab9fa270f7495fe44d1559c1ac49795a30881a,2bbf5eba419b0650693f1e88326107bf9a346c68,persistence_corrected_2bbf5eba419b_6ed147cd_f83baf57
Persistence,3,2,2023-02-08,2023-02-11,7.57,12.29,4.719999999999999,4.719999999999999,22.27839999999999,0,0,0,6ed147cd585e5e8083292683f9be3cf585e97e4d46fa0e3224d24a4e2b42cbbb,f83baf5732ffbf88b9a448a3d9ab9fa270f7495fe44d1559c1ac49795a30881a,2bbf5eba419b0650693f1e88326107bf9a346c68,persistence_corrected_2bbf5eba419b_6ed147cd_f83baf57
Persistence,3,2,2023-02-09,2023-02-12,7.45,11.92,4.47,4.47,19.9809,0,0,0,6ed147cd585e5e8083292683f9be3cf585e97e4d46fa0e3224d24a4e2b42cbbb,f83baf5732ffbf88b9a448a3d9ab9fa270f7495fe44d1559c1ac49795a30881a,2bbf5eba419b0650693f1e88326107bf9a346c68,persistence_corrected_2bbf5eba419b_6ed147cd_f83baf57
Persistence,3,2,2023-02-10,2023-02-13,8.88,10.97,2.09,2.09,4.368099999999999,0,0,0,6ed147cd585e5e8083292683f9be3cf585e97e4d46fa0e3224d24a4e2b42cbbb,f83baf5732ffbf88b9a448a3d9ab9fa270f7495fe44d1559c1ac49795a30881a,2bbf5eba419b0650693f1e88326107bf9a346c68,persistence_corrected_2bbf5eba419b_6ed147cd_f83baf57
Persistence,3,2,2023-02-11,2023-02-14,11.27,7.57,-3.6999999999999993,3.6999999999999993,13.689999999999994,0,0,0,6ed147cd585e5e8083292683f9be3cf585e97e4d46fa0e3224d24a4e2b42cbbb,f83baf5732ffbf88b9a448a3d9ab9fa270f7495fe44d1559c1ac49795a30881a,2bbf5eba419b0650693f1e88326107bf9a346c68,persistence_corrected_2bbf5eba419b_6ed147cd_f83baf57
Persistence,3,2,2023-02-12,2023-02-15,14.0,7.45,-6.55,6.55,42.902499999999996,0,0,0,6ed147cd585e5e8083292683f9be3cf585e97e4d46fa0e3224d24a4e2b42cbbb,f83baf5732ffbf88b9a448a3d9ab9fa270f7495fe44d1559c1ac49795a30881a,2bbf5eba419b0650693f1e88326107bf9a346c68,persistence_corrected_2bbf5eba419b_6ed147cd_f83baf57
Persistence,3,2,2023-02-13,2023-02-16,15.84,8.88,-6.959999999999999,6.959999999999999,48.44159999999999,1,0,0,6ed147cd585e5e8083292683f9be3cf585e97e4d46fa0e3224d24a4e2b42cbbb,f83baf5732ffbf88b9a448a3d9ab9fa270f7495fe44d1559c1ac49795a30881a,2bbf5eba419b0650693f1e88326107bf9a346c68,persistence_corrected_2bbf5eba419b_6ed147cd_f83baf57
Persistence,3,2,2023-02-14,2023-02-17,13.82,11.27,-2.5500000000000007,2.5500000000000007,6.502500000000004,0,0,0,6ed147cd585e5e8083292683f9be3cf585e97e4d46fa0e3224d24a4e2b42cbbb,f83baf5732ffbf88b9a448a3d9ab9fa270f7495fe44d1559c1ac49795a30881a,2bbf5eba419b0650693f1e88326107bf9a346c68,persistence_corrected_2bbf5eba419b_6ed147cd_f83baf57
Persistence,3,2,2023-02-15,2023-02-18,16.04,14.0,-2.039999999999999,2.039999999999999,4.161599999999996,1,1,0,6ed147cd585e5e8083292683f9be3cf585e97e4d46fa0e3224d24a4e2b42cbbb,f83baf5732ffbf88b9a448a3d9ab9fa270f7495fe44d1559c1ac49795a30881a,2bbf5eba419b0650693f1e88326107bf9a346c68,persistence_corrected_2bbf5eba419b_6ed147cd_f83baf57
Persistence,3,2,2023-02-16,2023-02-19,14.5,15.84,1.3399999999999999,1.3399999999999999,1.7955999999999996,0,0,0,6ed147cd585e5e8083292683f9be3cf585e97e4d46fa0e3224d24a4e2b42cbbb,f83baf5732ffbf88b9a448a3d9ab9fa270f7495fe44d1559c1ac49795a30881a,2bbf5eba419b0650693f1e88326107bf9a346c68,persistence_corrected_2bbf5eba419b_6ed147cd_f83baf57
Persistence,3,2,2023-02-17,2023-02-20,13.08,13.82,0.7400000000000002,0.7400000000000002,0.5476000000000003,0,0,0,6ed147cd585e5e8083292683f9be3cf585e97e4d46fa0e3224d24a4e2b42cbbb,f83baf5732ffbf88b9a448a3d9ab9fa270f7495fe44d1559c1ac49795a30881a,2bbf5eba419b0650693f1e88326107bf9a346c68,persistence_corrected_2bbf5eba419b_6ed147cd_f83baf57
Persistence,3,2,2023-02-18,2023-02-21,10.58,16.04,5.459999999999999,5.459999999999999,29.81159999999999,0,0,0,6ed147cd585e5e8083292683f9be3cf585e97e4d46fa0e3224d24a4e2b42cbbb,f83baf5732ffbf88b9a448a3d9ab9fa270f7495fe44d1559c1ac49795a30881a,2bbf5eba419b0650693f1e88326107bf9a346c68,persistence_corrected_2bbf5eba419b_6ed147cd_f83baf57
Persistence,3,2,2023-02-19,2023-02-22,13.94,14.5,0.5600000000000005,0.5600000000000005,0.31360000000000054,0,0,0,6ed147cd585e5e8083292683f9be3cf585e97e4d46fa0e3224d24a4e2b42cbbb,f83baf5732ffbf88b9a448a3d9ab9fa270f7495fe44d1559c1ac49795a30881a,2bbf5eba419b0650693f1e88326107bf9a346c68,persistence_corrected_2bbf5eba419b_6ed147cd_f83baf57
Persistence,3,2,2023-02-20,2023-02-23,13.76,13.08,-0.6799999999999997,0.6799999999999997,0.4623999999999996,0,0,0,6ed147cd585e5e8083292683f9be3cf585e97e4d46fa0e3224d24a4e2b42cbbb,f83baf5732ffbf88b9a448a3d9ab9fa270f7495fe44d1559c1ac49795a30881a,2bbf5eba419b0650693f1e88326107bf9a346c68,persistence_corrected_2bbf5eba419b_6ed147cd_f83baf57
Persistence,3,2,2023-02-21,2023-02-24,16.57,10.58,-5.99,5.99,35.880100000000006,1,1,0,6ed147cd585e5e8083292683f9be3cf585e97e4d46fa0e3224d24a4e2b42cbbb,f83baf5732ffbf88b9a448a3d9ab9fa270f7495fe44d1559c1ac49795a30881a,2bbf5eba419b0650693f1e88326107bf9a346c68,persistence_corrected_2bbf5eba419b_6ed147cd_f83baf57
Persistence,3,3,2023-02-22,2023-02-25,12.14,13.94,1.799999999999999,1.799999999999999,3.239999999999996,0,0,0,6ed147cd585e5e8083292683f9be3cf585e97e4d46fa0e3224d24a4e2b42cbbb,f83baf5732ffbf88b9a448a3d9ab9fa270f7495fe44d1559c1ac49795a30881a,2bbf5eba419b0650693f1e88326107bf9a346c68,persistence_corrected_2bbf5eba419b_6ed147cd_f83baf57
Persistence,3,3,2023-02-23,2023-02-26,10.48,13.76,3.2799999999999994,3.2799999999999994,10.758399999999996,0,0,0,6ed147cd585e5e8083292683f9be3cf585e97e4d46fa0e3224d24a4e2b42cbbb,f83baf5732ffbf88b9a448a3d9ab9fa270f7495fe44d1559c1ac49795a30881a,2bbf5eba419b0650693f1e88326107bf9a346c68,persistence_corrected_2bbf5eba419b_6ed147cd_f83baf57
Persistence,3,3,2023-02-24,2023-02-27,11.17,16.57,5.4,5.4,29.160000000000004,0,0,0,6ed147cd585e5e8083292683f9be3cf585e97e4d46fa0e3224d24a4e2b42cbbb,f83baf5732ffbf88b9a448a3d9ab9fa270f7495fe44d1559c1ac49795a30881a,2bbf5eba419b0650693f1e88326107bf9a346c68,persistence_corrected_2bbf5eba419b_6ed147cd_f83baf57
Persistence,3,3,2023-02-25,2023-02-28,9.76,12.14,2.380000000000001,2.380000000000001,5.664400000000004,0,0,0,6ed147cd585e5e8083292683f9be3cf585e97e4d46fa0e3224d24a4e2b42cbbb,f83baf5732ffbf88b9a448a3d9ab9fa270f7495fe44d1559c1ac49795a30881a,2bbf5eba419b0650693f1e88326107bf9a346c68,persistence_corrected_2bbf5eba419b_6ed147cd_f83baf57
Persistence,3,3,2023-02-26,2023-03-01,12.96,10.48,-2.4800000000000004,2.4800000000000004,6.150400000000002,0,0,0,6ed147cd585e5e8083292683f9be3cf585e97e4d46fa0e3224d24a4e2b42cbbb,f83baf5732ffbf88b9a448a3d9ab9fa270f7495fe44d1559c1ac49795a30881a,2bbf5eba419b0650693f1e88326107bf9a346c68,persistence_corrected_2bbf5eba419b_6ed147cd_f83baf57
Persistence,3,3,2023-02-27,2023-03-02,15.2,11.17,-4.029999999999999,4.029999999999999,16.240899999999996,1,0,0,6ed147cd585e5e8083292683f9be3cf585e97e4d46fa0e3224d24a4e2b42cbbb,f83baf5732ffbf88b9a448a3d9ab9fa270f7495fe44d1559c1ac49795a30881a,2bbf5eba419b0650693f1e88326107bf9a346c68,persistence_corrected_2bbf5eba419b_6ed147cd_f83baf57
Persistence,3,3,2023-02-28,2023-03-03,16.39,9.76,-6.630000000000001,6.630000000000001,43.95690000000001,1,1,0,6ed147cd585e5e8083292683f9be3cf585e97e4d46fa0e3224d24a4e2b42cbbb,f83baf5732ffbf88b9a448a3d9ab9fa270f7495fe44d1559c1ac49795a30881a,2bbf5eba419b0650693f1e88326107bf9a346c68,persistence_corrected_2bbf5eba419b_6ed147cd_f83baf57
Persistence,3,3,2023-03-01,2023-03-04,15.4,12.96,-2.4399999999999995,2.4399999999999995,5.953599999999998,1,0,0,6ed147cd585e5e8083292683f9be3cf585e97e4d46fa0e3224d24a4e2b42cbbb,f83baf5732ffbf88b9a448a3d9ab9fa270f7495fe44d1559c1ac49795a30881a,2bbf5eba419b0650693f1e88326107bf9a346c68,persistence_corrected_2bbf5eba419b_6ed147cd_f83baf57
Persistence,3,3,2023-03-02,2023-03-05,10.44,15.2,4.76,4.76,22.6576,0,0,0,6ed147cd585e5e8083292683f9be3cf585e97e4d46fa0e3224d24a4e2b42cbbb,f83baf5732ffbf88b9a448a3d9ab9fa270f7495fe44d1559c1ac49795a30881a,2bbf5eba419b0650693f1e88326107bf9a346c68,persistence_corrected_2bbf5eba419b_6ed147cd_f83baf57
Persistence,3,3,2023-03-03,2023-03-06,15.14,16.39,1.25,1.25,1.5625,1,0,0,6ed147cd585e5e8083292683f9be3cf585e97e4d46fa0e3224d24a4e2b42cbbb,f83baf5732ffbf88b9a448a3d9ab9fa270f7495fe44d1559c1ac49795a30881a,2bbf5eba419b0650693f1e88326107bf9a346c68,persistence_corrected_2bbf5eba419b_6ed147cd_f83baf57
Persistence,3,3,2023-03-04,2023-03-07,13.92,15.4,1.4800000000000004,1.4800000000000004,2.1904000000000012,0,0,0,6ed147cd585e5e8083292683f9be3cf585e97e4d46fa0e3224d24a4e2b42cbbb,f83baf5732ffbf88b9a448a3d9ab9fa270f7495fe44d1559c1ac49795a30881a,2bbf5eba419b0650693f1e88326107bf9a346c68,persistence_corrected_2bbf5eba419b_6ed147cd_f83baf57
Persistence,3,3,2023-03-05,2023-03-08,13.87,10.44,-3.4299999999999997,3.4299999999999997,11.764899999999997,0,0,0,6ed147cd585e5e8083292683f9be3cf585e97e4d46fa0e3224d24a4e2b42cbbb,f83baf5732ffbf88b9a448a3d9ab9fa270f7495fe44d1559c1ac49795a30881a,2bbf5eba419b0650693f1e88326107bf9a346c68,persistence_corrected_2bbf5eba419b_6ed147cd_f83baf57
Persistence,3,3,2023-03-06,2023-03-09,12.83,15.14,2.3100000000000005,2.3100000000000005,5.336100000000003,0,0,0,6ed147cd585e5e8083292683f9be3cf585e97e4d46fa0e3224d24a4e2b42cbbb,f83baf5732ffbf88b9a448a3d9ab9fa270f7495fe44d1559c1ac49795a30881a,2bbf5eba419b0650693f1e88326107bf9a346c68,persistence_corrected_2bbf5eba419b_6ed147cd_f83baf57
Persistence,3,3,2023-03-07,2023-03-10,15.48,13.92,-1.5600000000000005,1.5600000000000005,2.4336000000000015,1,0,0,6ed147cd585e5e8083292683f9be3cf585e97e4d46fa0e3224d24a4e2b42cbbb,f83baf5732ffbf88b9a448a3d9ab9fa270f7495fe44d1559c1ac49795a30881a,2bbf5eba419b0650693f1e88326107bf9a346c68,persistence_corrected_2bbf5eba419b_6ed147cd_f83baf57
Persistence,3,3,2023-03-08,2023-03-11,12.28,13.87,1.5899999999999999,1.5899999999999999,2.5280999999999993,0,0,0,6ed147cd585e5e8083292683f9be3cf585e97e4d46fa0e3224d24a4e2b42cbbb,f83baf5732ffbf88b9a448a3d9ab9fa270f7495fe44d1559c1ac49795a30881a,2bbf5eba419b0650693f1e88326107bf9a346c68,persistence_corrected_2bbf5eba419b_6ed147cd_f83baf57
Persistence,3,3,2023-03-09,2023-03-12,9.8,12.83,3.0299999999999994,3.0299999999999994,9.180899999999996,0,0,0,6ed147cd585e5e8083292683f9be3cf585e97e4d46fa0e3224d24a4e2b42cbbb,f83baf5732ffbf88b9a448a3d9ab9fa270f7495fe44d1559c1ac49795a30881a,2bbf5eba419b0650693f1e88326107bf9a346c68,persistence_corrected_2bbf5eba419b_6ed147cd_f83baf57
Persistence,3,3,2023-03-10,2023-03-13,9.82,15.48,5.66,5.66,32.0356,0,0,0,6ed147cd585e5e8083292683f9be3cf585e97e4d46fa0e3224d24a4e2b42cbbb,f83baf5732ffbf88b9a448a3d9ab9fa270f7495fe44d1559c1ac49795a30881a,2bbf5eba419b0650693f1e88326107bf9a346c68,persistence_corrected_2bbf5eba419b_6ed147cd_f83baf57
Persistence,3,3,2023-03-11,2023-03-14,11.41,12.28,0.8699999999999992,0.8699999999999992,0.7568999999999987,0,0,0,6ed147cd585e5e8083292683f9be3cf585e97e4d46fa0e3224d24a4e2b42cbbb,f83baf5732ffbf88b9a448a3d9ab9fa270f7495fe44d1559c1ac49795a30881a,2bbf5eba419b0650693f1e88326107bf9a346c68,persistence_corrected_2bbf5eba419b_6ed147cd_f83baf57
Persistence,3,3,2023-03-12,2023-03-15,14.0,9.8,-4.199999999999999,4.199999999999999,17.639999999999993,0,0,0,6ed147cd585e5e8083292683f9be3cf585e97e4d46fa0e3224d24a4e2b42cbbb,f83baf5732ffbf88b9a448a3d9ab9fa270f7495fe44d1559c1ac49795a30881a,2bbf5eba419b0650693f1e88326107bf9a346c68,persistence_corrected_2bbf5eba419b_6ed147cd_f83baf57
Persistence,3,3,2023-03-13,2023-03-16,13.31,9.82,-3.49,3.49,12.180100000000001,0,0,0,6ed147cd585e5e8083292683f9be3cf585e97e4d46fa0e3224d24a4e2b42cbbb,f83baf5732ffbf88b9a448a3d9ab9fa270f7495fe44d1559c1ac49795a30881a,2bbf5eba419b0650693f1e88326107bf9a346c68,persistence_corrected_2bbf5eba419b_6ed147cd_f83baf57
Persistence,3,3,2023-03-14,2023-03-17,14.64,11.41,-3.2300000000000004,3.2300000000000004,10.432900000000004,0,0,0,6ed147cd585e5e8083292683f9be3cf585e97e4d46fa0e3224d24a4e2b42cbbb,f83baf5732ffbf88b9a448a3d9ab9fa270f7495fe44d1559c1ac49795a30881a,2bbf5eba419b0650693f1e88326107bf9a346c68,persistence_corrected_2bbf5eba419b_6ed147cd_f83baf57
Persistence,3,3,2023-03-15,2023-03-18,10.03,14.0,3.9700000000000006,3.9700000000000006,15.760900000000005,0,0,0,6ed147cd585e5e8083292683f9be3cf585e97e4d46fa0e3224d24a4e2b42cbbb,f83baf5732ffbf88b9a448a3d9ab9fa270f7495fe44d1559c1ac49795a30881a,2bbf5eba419b0650693f1e88326107bf9a346c68,persistence_corrected_2bbf5eba419b_6ed147cd_f83baf57
Persistence,3,3,2023-03-16,2023-03-19,10.02,13.31,3.290000000000001,3.290000000000001,10.824100000000007,0,0,0,6ed147cd585e5e8083292683f9be3cf585e97e4d46fa0e3224d24a4e2b42cbbb,f83baf5732ffbf88b9a448a3d9ab9fa270f7495fe44d1559c1ac49795a30881a,2bbf5eba419b0650693f1e88326107bf9a346c68,persistence_corrected_2bbf5eba419b_6ed147cd_f83baf57
Persistence,3,3,2023-03-17,2023-03-20,10.02,14.64,4.620000000000001,4.620000000000001,21.34440000000001,0,0,0,6ed147cd585e5e8083292683f9be3cf585e97e4d46fa0e3224d24a4e2b42cbbb,f83baf5732ffbf88b9a448a3d9ab9fa270f7495fe44d1559c1ac49795a30881a,2bbf5eba419b0650693f1e88326107bf9a346c68,persistence_corrected_2bbf5eba419b_6ed147cd_f83baf57
Persistence,3,3,2023-03-18,2023-03-21,13.57,10.03,-3.540000000000001,3.540000000000001,12.531600000000006,0,0,0,6ed147cd585e5e8083292683f9be3cf585e97e4d46fa0e3224d24a4e2b42cbbb,f83baf5732ffbf88b9a448a3d9ab9fa270f7495fe44d1559c1ac49795a30881a,2bbf5eba419b0650693f1e88326107bf9a346c68,persistence_corrected_2bbf5eba419b_6ed147cd_f83baf57
Persistence,3,3,2023-03-19,2023-03-22,10.15,10.02,-0.13000000000000078,0.13000000000000078,0.016900000000000203,0,0,0,6ed147cd585e5e8083292683f9be3cf585e97e4d46fa0e3224d24a4e2b42cbbb,f83baf5732ffbf88b9a448a3d9ab9fa270f7495fe44d1559c1ac49795a30881a,2bbf5eba419b0650693f1e88326107bf9a346c68,persistence_corrected_2bbf5eba419b_6ed147cd_f83baf57
Persistence,3,3,2023-03-20,2023-03-23,15.5,10.02,-5.48,5.48,30.030400000000004,1,0,0,6ed147cd585e5e8083292683f9be3cf585e97e4d46fa0e3224d24a4e2b42cbbb,f83baf5732ffbf88b9a448a3d9ab9fa270f7495fe44d1559c1ac49795a30881a,2bbf5eba419b0650693f1e88326107bf9a346c68,persistence_corrected_2bbf5eba419b_6ed147cd_f83baf57
Persistence,3,3,2023-03-21,2023-03-24,7.22,13.57,6.3500000000000005,6.3500000000000005,40.322500000000005,0,0,0,6ed147cd585e5e8083292683f9be3cf585e97e4d46fa0e3224d24a4e2b42cbbb,f83baf5732ffbf88b9a448a3d9ab9fa270f7495fe44d1559c1ac49795a30881a,2bbf5eba419b0650693f1e88326107bf9a346c68,persistence_corrected_2bbf5eba419b_6ed147cd_f83baf57
Persistence,3,3,2023-03-22,2023-03-25,9.46,10.15,0.6899999999999995,0.6899999999999995,0.4760999999999993,0,0,0,6ed147cd585e5e8083292683f9be3cf585e97e4d46fa0e3224d24a4e2b42cbbb,f83baf5732ffbf88b9a448a3d9ab9fa270f7495fe44d1559c1ac49795a30881a,2bbf5eba419b0650693f1e88326107bf9a346c68,persistence_corrected_2bbf5eba419b_6ed147cd_f83baf57
Persistence,3,3,2023-03-23,2023-03-26,9.17,15.5,6.33,6.33,40.0689,0,0,0,6ed147cd585e5e8083292683f9be3cf585e97e4d46fa0e3224d24a4e2b42cbbb,f83baf5732ffbf88b9a448a3d9ab9fa270f7495fe44d1559c1ac49795a30881a,2bbf5eba419b0650693f1e88326107bf9a346c68,persistence_corrected_2bbf5eba419b_6ed147cd_f83baf57
Persistence,3,3,2023-03-24,2023-03-27,9.34,7.22,-2.12,2.12,4.494400000000001,0,0,0,6ed147cd585e5e8083292683f9be3cf585e97e4d46fa0e3224d24a4e2b42cbbb,f83baf5732ffbf88b9a448a3d9ab9fa270f7495fe44d1559c1ac49795a30881a,2bbf5eba419b0650693f1e88326107bf9a346c68,persistence_corrected_2bbf5eba419b_6ed147cd_f83baf57
Persistence,3,3,2023-03-25,2023-03-28,8.57,9.46,0.8900000000000006,0.8900000000000006,0.792100000000001,0,0,0,6ed147cd585e5e8083292683f9be3cf585e97e4d46fa0e3224d24a4e2b42cbbb,f83baf5732ffbf88b9a448a3d9ab9fa270f7495fe44d1559c1ac49795a30881a,2bbf5eba419b0650693f1e88326107bf9a346c68,persistence_corrected_2bbf5eba419b_6ed147cd_f83baf57
Persistence,3,3,2023-03-26,2023-03-29,10.73,9.17,-1.5600000000000005,1.5600000000000005,2.4336000000000015,0,0,0,6ed147cd585e5e8083292683f9be3cf585e97e4d46fa0e3224d24a4e2b42cbbb,f83baf5732ffbf88b9a448a3d9ab9fa270f7495fe44d1559c1ac49795a30881a,2bbf5eba419b0650693f1e88326107bf9a346c68,persistence_corrected_2bbf5eba419b_6ed147cd_f83baf57
Persistence,3,3,2023-03-27,2023-03-30,14.89,9.34,-5.550000000000001,5.550000000000001,30.80250000000001,0,0,0,6ed147cd585e5e8083292683f9be3cf585e97e4d46fa0e3224d24a4e2b42cbbb,f83baf5732ffbf88b9a448a3d9ab9fa270f7495fe44d1559c1ac49795a30881a,2bbf5eba419b0650693f1e88326107bf9a346c68,persistence_corrected_2bbf5eba419b_6ed147cd_f83baf57
Persistence,3,3,2023-03-28,2023-03-31,11.27,8.57,-2.6999999999999993,2.6999999999999993,7.2899999999999965,0,0,0,6ed147cd585e5e8083292683f9be3cf585e97e4d46fa0e3224d24a4e2b42cbbb,f83baf5732ffbf88b9a448a3d9ab9fa270f7495fe44d1559c1ac49795a30881a,2bbf5eba419b0650693f1e88326107bf9a346c68,persistence_corrected_2bbf5eba419b_6ed147cd_f83baf57
Persistence,3,3,2023-03-29,2023-04-01,11.94,10.73,-1.209999999999999,1.209999999999999,1.4640999999999977,0,0,0,6ed147cd585e5e8083292683f9be3cf585e97e4d46fa0e3224d24a4e2b42cbbb,f83baf5732ffbf88b9a448a3d9ab9fa270f7495fe44d1559c1ac49795a30881a,2bbf5eba419b0650693f1e88326107bf9a346c68,persistence_corrected_2bbf5eba419b_6ed147cd_f83baf57
Persistence,3,3,2023-03-30,2023-04-02,10.82,14.89,4.07,4.07,16.5649,0,0,0,6ed147cd585e5e8083292683f9be3cf585e97e4d46fa0e3224d24a4e2b42cbbb,f83baf5732ffbf88b9a448a3d9ab9fa270f7495fe44d1559c1ac49795a30881a,2bbf5eba419b0650693f1e88326107bf9a346c68,persistence_corrected_2bbf5eba419b_6ed147cd_f83baf57
Persistence,3,3,2023-03-31,2023-04-03,12.71,11.27,-1.4400000000000013,1.4400000000000013,2.073600000000004,0,0,0,6ed147cd585e5e8083292683f9be3cf585e97e4d46fa0e3224d24a4e2b42cbbb,f83baf5732ffbf88b9a448a3d9ab9fa270f7495fe44d1559c1ac49795a30881a,2bbf5eba419b0650693f1e88326107bf9a346c68,persistence_corrected_2bbf5eba419b_6ed147cd_f83baf57
Persistence,3,3,2023-04-01,2023-04-04,15.49,11.94,-3.5500000000000007,3.5500000000000007,12.602500000000004,1,0,0,6ed147cd585e5e8083292683f9be3cf585e97e4d46fa0e3224d24a4e2b42cbbb,f83baf5732ffbf88b9a448a3d9ab9fa270f7495fe44d1559c1ac49795a30881a,2bbf5eba419b0650693f1e88326107bf9a346c68,persistence_corrected_2bbf5eba419b_6ed147cd_f83baf57
Persistence,3,3,2023-04-02,2023-04-05,10.44,10.82,0.3800000000000008,0.3800000000000008,0.14440000000000058,0,0,0,6ed147cd585e5e8083292683f9be3cf585e97e4d46fa0e3224d24a4e2b42cbbb,f83baf5732ffbf88b9a448a3d9ab9fa270f7495fe44d1559c1ac49795a30881a,2bbf5eba419b0650693f1e88326107bf9a346c68,persistence_corrected_2bbf5eba419b_6ed147cd_f83baf57
Persistence,3,3,2023-04-03,2023-04-06,10.42,12.71,2.290000000000001,2.290000000000001,5.244100000000004,0,0,0,6ed147cd585e5e8083292683f9be3cf585e97e4d46fa0e3224d24a4e2b42cbbb,f83baf5732ffbf88b9a448a3d9ab9fa270f7495fe44d1559c1ac49795a30881a,2bbf5eba419b0650693f1e88326107bf9a346c68,persistence_corrected_2bbf5eba419b_6ed147cd_f83baf57
Persistence,3,3,2023-04-04,2023-04-07,13.7,15.49,1.790000000000001,1.790000000000001,3.2041000000000035,0,0,0,6ed147cd585e5e8083292683f9be3cf585e97e4d46fa0e3224d24a4e2b42cbbb,f83baf5732ffbf88b9a448a3d9ab9fa270f7495fe44d1559c1ac49795a30881a,2bbf5eba419b0650693f1e88326107bf9a346c68,persistence_corrected_2bbf5eba419b_6ed147cd_f83baf57
Persistence,3,3,2023-04-05,2023-04-08,15.04,10.44,-4.6,4.6,21.159999999999997,1,0,0,6ed147cd585e5e8083292683f9be3cf585e97e4d46fa0e3224d24a4e2b42cbbb,f83baf5732ffbf88b9a448a3d9ab9fa270f7495fe44d1559c1ac49795a30881a,2bbf5eba419b0650693f1e88326107bf9a346c68,persistence_corrected_2bbf5eba419b_6ed147cd_f83baf57
Persistence,3,3,2023-04-06,2023-04-09,14.68,10.42,-4.26,4.26,18.147599999999997,0,0,0,6ed147cd585e5e8083292683f9be3cf585e97e4d46fa0e3224d24a4e2b42cbbb,f83baf5732ffbf88b9a448a3d9ab9fa270f7495fe44d1559c1ac49795a30881a,2bbf5eba419b0650693f1e88326107bf9a346c68,persistence_corrected_2bbf5eba419b_6ed147cd_f83baf57
Persistence,3,3,2023-04-07,2023-04-10,13.15,13.7,0.5499999999999989,0.5499999999999989,0.3024999999999988,0,0,0,6ed147cd585e5e8083292683f9be3cf585e97e4d46fa0e3224d24a4e2b42cbbb,f83baf5732ffbf88b9a448a3d9ab9fa270f7495fe44d1559c1ac49795a30881a,2bbf5eba419b0650693f1e88326107bf9a346c68,persistence_corrected_2bbf5eba419b_6ed147cd_f83baf57
Persistence,3,3,2023-04-08,2023-04-11,16.98,15.04,-1.9400000000000013,1.9400000000000013,3.763600000000005,1,1,0,6ed147cd585e5e8083292683f9be3cf585e97e4d46fa0e3224d24a4e2b42cbbb,f83baf5732ffbf88b9a448a3d9ab9fa270f7495fe44d1559c1ac49795a30881a,2bbf5eba419b0650693f1e88326107bf9a346c68,persistence_corrected_2bbf5eba419b_6ed147cd_f83baf57
Persistence,3,3,2023-04-09,2023-04-12,14.24,14.68,0.4399999999999995,0.4399999999999995,0.19359999999999955,0,0,0,6ed147cd585e5e8083292683f9be3cf585e97e4d46fa0e3224d24a4e2b42cbbb,f83baf5732ffbf88b9a448a3d9ab9fa270f7495fe44d1559c1ac49795a30881a,2bbf5eba419b0650693f1e88326107bf9a346c68,persistence_corrected_2bbf5eba419b_6ed147cd_f83baf57
Persistence,3,3,2023-04-10,2023-04-13,12.52,13.15,0.6300000000000008,0.6300000000000008,0.396900000000001,0,0,0,6ed147cd585e5e8083292683f9be3cf585e97e4d46fa0e3224d24a4e2b42cbbb,f83baf5732ffbf88b9a448a3d9ab9fa270f7495fe44d1559c1ac49795a30881a,2bbf5eba419b0650693f1e88326107bf9a346c68,persistence_corrected_2bbf5eba419b_6ed147cd_f83baf57
Persistence,3,3,2023-04-11,2023-04-14,14.83,16.98,2.1500000000000004,2.1500000000000004,4.622500000000001,0,0,0,6ed147cd585e5e8083292683f9be3cf585e97e4d46fa0e3224d24a4e2b42cbbb,f83baf5732ffbf88b9a448a3d9ab9fa270f7495fe44d1559c1ac49795a30881a,2bbf5eba419b0650693f1e88326107bf9a346c68,persistence_corrected_2bbf5eba419b_6ed147cd_f83baf57
Persistence,3,3,2023-04-12,2023-04-15,9.9,14.24,4.34,4.34,18.8356,0,0,0,6ed147cd585e5e8083292683f9be3cf585e97e4d46fa0e3224d24a4e2b42cbbb,f83baf5732ffbf88b9a448a3d9ab9fa270f7495fe44d1559c1ac49795a30881a,2bbf5eba419b0650693f1e88326107bf9a346c68,persistence_corrected_2bbf5eba419b_6ed147cd_f83baf57
Persistence,3,3,2023-04-13,2023-04-16,10.09,12.52,2.4299999999999997,2.4299999999999997,5.904899999999999,0,0,0,6ed147cd585e5e8083292683f9be3cf585e97e4d46fa0e3224d24a4e2b42cbbb,f83baf5732ffbf88b9a448a3d9ab9fa270f7495fe44d1559c1ac49795a30881a,2bbf5eba419b0650693f1e88326107bf9a346c68,persistence_corrected_2bbf5eba419b_6ed147cd_f83baf57
Persistence,3,3,2023-04-14,2023-04-17,9.66,14.83,5.17,5.17,26.7289,0,0,0,6ed147cd585e5e8083292683f9be3cf585e97e4d46fa0e3224d24a4e2b42cbbb,f83baf5732ffbf88b9a448a3d9ab9fa270f7495fe44d1559c1ac49795a30881a,2bbf5eba419b0650693f1e88326107bf9a346c68,persistence_corrected_2bbf5eba419b_6ed147cd_f83baf57
Persistence,3,3,2023-04-15,2023-04-18,9.47,9.9,0.4299999999999997,0.4299999999999997,0.18489999999999976,0,0,0,6ed147cd585e5e8083292683f9be3cf585e97e4d46fa0e3224d24a4e2b42cbbb,f83baf5732ffbf88b9a448a3d9ab9fa270f7495fe44d1559c1ac49795a30881a,2bbf5eba419b0650693f1e88326107bf9a346c68,persistence_corrected_2bbf5eba419b_6ed147cd_f83baf57
Persistence,3,3,2023-04-16,2023-04-19,16.0,10.09,-5.91,5.91,34.9281,1,1,0,6ed147cd585e5e8083292683f9be3cf585e97e4d46fa0e3224d24a4e2b42cbbb,f83baf5732ffbf88b9a448a3d9ab9fa270f7495fe44d1559c1ac49795a30881a,2bbf5eba419b0650693f1e88326107bf9a346c68,persistence_corrected_2bbf5eba419b_6ed147cd_f83baf57
Persistence,3,3,2023-04-17,2023-04-20,14.68,9.66,-5.02,5.02,25.200399999999995,0,0,0,6ed147cd585e5e8083292683f9be3cf585e97e4d46fa0e3224d24a4e2b42cbbb,f83baf5732ffbf88b9a448a3d9ab9fa270f7495fe44d1559c1ac49795a30881a,2bbf5eba419b0650693f1e88326107bf9a346c68,persistence_corrected_2bbf5eba419b_6ed147cd_f83baf57
Persistence,3,3,2023-04-18,2023-04-21,12.62,9.47,-3.1499999999999986,3.1499999999999986,9.92249999999999,0,0,0,6ed147cd585e5e8083292683f9be3cf585e97e4d46fa0e3224d24a4e2b42cbbb,f83baf5732ffbf88b9a448a3d9ab9fa270f7495fe44d1559c1ac49795a30881a,2bbf5eba419b0650693f1e88326107bf9a346c68,persistence_corrected_2bbf5eba419b_6ed147cd_f83baf57
Persistence,3,3,2023-04-19,2023-04-22,11.22,16.0,4.779999999999999,4.779999999999999,22.848399999999994,0,0,0,6ed147cd585e5e8083292683f9be3cf585e97e4d46fa0e3224d24a4e2b42cbbb,f83baf5732ffbf88b9a448a3d9ab9fa270f7495fe44d1559c1ac49795a30881a,2bbf5eba419b0650693f1e88326107bf9a346c68,persistence_corrected_2bbf5eba419b_6ed147cd_f83baf57
Persistence,3,3,2023-04-20,2023-04-23,11.23,14.68,3.4499999999999993,3.4499999999999993,11.902499999999995,0,0,0,6ed147cd585e5e8083292683f9be3cf585e97e4d46fa0e3224d24a4e2b42cbbb,f83baf5732ffbf88b9a448a3d9ab9fa270f7495fe44d1559c1ac49795a30881a,2bbf5eba419b0650693f1e88326107bf9a346c68,persistence_corrected_2bbf5eba419b_6ed147cd_f83baf57
Persistence,3,3,2023-04-21,2023-04-24,13.46,12.62,-0.8400000000000016,0.8400000000000016,0.7056000000000028,0,0,0,6ed147cd585e5e8083292683f9be3cf585e97e4d46fa0e3224d24a4e2b42cbbb,f83baf5732ffbf88b9a448a3d9ab9fa270f7495fe44d1559c1ac49795a30881a,2bbf5eba419b0650693f1e88326107bf9a346c68,persistence_corrected_2bbf5eba419b_6ed147cd_f83baf57
Persistence,3,3,2023-04-22,2023-04-25,13.39,11.22,-2.17,2.17,4.7089,0,0,0,6ed147cd585e5e8083292683f9be3cf585e97e4d46fa0e3224d24a4e2b42cbbb,f83baf5732ffbf88b9a448a3d9ab9fa270f7495fe44d1559c1ac49795a30881a,2bbf5eba419b0650693f1e88326107bf9a346c68,persistence_corrected_2bbf5eba419b_6ed147cd_f83baf57
Persistence,3,3,2023-04-23,2023-04-26,9.76,11.23,1.4700000000000006,1.4700000000000006,2.160900000000002,0,0,0,6ed147cd585e5e8083292683f9be3cf585e97e4d46fa0e3224d24a4e2b42cbbb,f83baf5732ffbf88b9a448a3d9ab9fa270f7495fe44d1559c1ac49795a30881a,2bbf5eba419b0650693f1e88326107bf9a346c68,persistence_corrected_2bbf5eba419b_6ed147cd_f83baf57
Persistence,3,3,2023-04-24,2023-04-27,14.44,13.46,-0.9799999999999986,0.9799999999999986,0.9603999999999974,0,0,0,6ed147cd585e5e8083292683f9be3cf585e97e4d46fa0e3224d24a4e2b42cbbb,f83baf5732ffbf88b9a448a3d9ab9fa270f7495fe44d1559c1ac49795a30881a,2bbf5eba419b0650693f1e88326107bf9a346c68,persistence_corrected_2bbf5eba419b_6ed147cd_f83baf57
Persistence,3,3,2023-04-25,2023-04-28,13.68,13.39,-0.28999999999999915,0.28999999999999915,0.08409999999999951,0,0,0,6ed147cd585e5e8083292683f9be3cf585e97e4d46fa0e3224d24a4e2b42cbbb,f83baf5732ffbf88b9a448a3d9ab9fa270f7495fe44d1559c1ac49795a30881a,2bbf5eba419b0650693f1e88326107bf9a346c68,persistence_corrected_2bbf5eba419b_6ed147cd_f83baf57
Persistence,3,3,2023-04-26,2023-04-29,11.83,9.76,-2.0700000000000003,2.0700000000000003,4.284900000000001,0,0,0,6ed147cd585e5e8083292683f9be3cf585e97e4d46fa0e3224d24a4e2b42cbbb,f83baf5732ffbf88b9a448a3d9ab9fa270f7495fe44d1559c1ac49795a30881a,2bbf5eba419b0650693f1e88326107bf9a346c68,persistence_corrected_2bbf5eba419b_6ed147cd_f83baf57
Persistence,3,3,2023-04-27,2023-04-30,12.79,14.44,1.6500000000000004,1.6500000000000004,2.722500000000001,0,0,0,6ed147cd585e5e8083292683f9be3cf585e97e4d46fa0e3224d24a4e2b42cbbb,f83baf5732ffbf88b9a448a3d9ab9fa270f7495fe44d1559c1ac49795a30881a,2bbf5eba419b0650693f1e88326107bf9a346c68,persistence_corrected_2bbf5eba419b_6ed147cd_f83baf57
Persistence,3,3,2023-04-28,2023-05-01,12.88,13.68,0.7999999999999989,0.7999999999999989,0.6399999999999983,0,0,0,6ed147cd585e5e8083292683f9be3cf585e97e4d46fa0e3224d24a4e2b42cbbb,f83baf5732ffbf88b9a448a3d9ab9fa270f7495fe44d1559c1ac49795a30881a,2bbf5eba419b0650693f1e88326107bf9a346c68,persistence_corrected_2bbf5eba419b_6ed147cd_f83baf57
Persistence,3,3,2023-04-29,2023-05-02,10.51,11.83,1.3200000000000003,1.3200000000000003,1.7424000000000008,0,0,0,6ed147cd585e5e8083292683f9be3cf585e97e4d46fa0e3224d24a4e2b42cbbb,f83baf5732ffbf88b9a448a3d9ab9fa270f7495fe44d1559c1ac49795a30881a,2bbf5eba419b0650693f1e88326107bf9a346c68,persistence_corrected_2bbf5eba419b_6ed147cd_f83baf57
Persistence,3,3,2023-04-30,2023-05-03,16.52,12.79,-3.7300000000000004,3.7300000000000004,13.912900000000004,1,1,0,6ed147cd585e5e8083292683f9be3cf585e97e4d46fa0e3224d24a4e2b42cbbb,f83baf5732ffbf88b9a448a3d9ab9fa270f7495fe44d1559c1ac49795a30881a,2bbf5eba419b0650693f1e88326107bf9a346c68,persistence_corrected_2bbf5eba419b_6ed147cd_f83baf57
Persistence,3,3,2023-05-01,2023-05-04,14.09,12.88,-1.209999999999999,1.209999999999999,1.4640999999999977,0,0,0,6ed147cd585e5e8083292683f9be3cf585e97e4d46fa0e3224d24a4e2b42cbbb,f83baf5732ffbf88b9a448a3d9ab9fa270f7495fe44d1559c1ac49795a30881a,2bbf5eba419b0650693f1e88326107bf9a346c68,persistence_corrected_2bbf5eba419b_6ed147cd_f83baf57
Persistence,3,3,2023-05-02,2023-05-05,13.98,10.51,-3.4700000000000006,3.4700000000000006,12.040900000000004,0,0,0,6ed147cd585e5e8083292683f9be3cf585e97e4d46fa0e3224d24a4e2b42cbbb,f83baf5732ffbf88b9a448a3d9ab9fa270f7495fe44d1559c1ac49795a30881a,2bbf5eba419b0650693f1e88326107bf9a346c68,persistence_corrected_2bbf5eba419b_6ed147cd_f83baf57
Persistence,3,3,2023-05-03,2023-05-06,13.97,16.52,2.549999999999999,2.549999999999999,6.502499999999994,0,0,0,6ed147cd585e5e8083292683f9be3cf585e97e4d46fa0e3224d24a4e2b42cbbb,f83baf5732ffbf88b9a448a3d9ab9fa270f7495fe44d1559c1ac49795a30881a,2bbf5eba419b0650693f1e88326107bf9a346c68,persistence_corrected_2bbf5eba419b_6ed147cd_f83baf57
Persistence,3,3,2023-05-04,2023-05-07,14.0,14.09,0.08999999999999986,0.08999999999999986,0.008099999999999975,0,0,0,6ed147cd585e5e8083292683f9be3cf585e97e4d46fa0e3224d24a4e2b42cbbb,f83baf5732ffbf88b9a448a3d9ab9fa270f7495fe44d1559c1ac49795a30881a,2bbf5eba419b0650693f1e88326107bf9a346c68,persistence_corrected_2bbf5eba419b_6ed147cd_f83baf57
Persistence,3,3,2023-05-05,2023-05-08,13.94,13.98,0.040000000000000924,0.040000000000000924,0.0016000000000000738,0,0,0,6ed147cd585e5e8083292683f9be3cf585e97e4d46fa0e3224d24a4e2b42cbbb,f83baf5732ffbf88b9a448a3d9ab9fa270f7495fe44d1559c1ac49795a30881a,2bbf5eba419b0650693f1e88326107bf9a346c68,persistence_corrected_2bbf5eba419b_6ed147cd_f83baf57
Persistence,3,3,2023-05-06,2023-05-09,14.02,13.97,-0.049999999999998934,0.049999999999998934,0.0024999999999998934,0,0,0,6ed147cd585e5e8083292683f9be3cf585e97e4d46fa0e3224d24a4e2b42cbbb,f83baf5732ffbf88b9a448a3d9ab9fa270f7495fe44d1559c1ac49795a30881a,2bbf5eba419b0650693f1e88326107bf9a346c68,persistence_corrected_2bbf5eba419b_6ed147cd_f83baf57
Persistence,3,3,2023-05-07,2023-05-10,14.88,14.0,-0.8800000000000008,0.8800000000000008,0.7744000000000014,0,0,0,6ed147cd585e5e8083292683f9be3cf585e97e4d46fa0e3224d24a4e2b42cbbb,f83baf5732ffbf88b9a448a3d9ab9fa270f7495fe44d1559c1ac49795a30881a,2bbf5eba419b0650693f1e88326107bf9a346c68,persistence_corrected_2bbf5eba419b_6ed147cd_f83baf57
Persistence,3,3,2023-05-08,2023-05-11,11.52,13.94,2.42,2.42,5.8564,0,0,0,6ed147cd585e5e8083292683f9be3cf585e97e4d46fa0e3224d24a4e2b42cbbb,f83baf5732ffbf88b9a448a3d9ab9fa270f7495fe44d1559c1ac49795a30881a,2bbf5eba419b0650693f1e88326107bf9a346c68,persistence_corrected_2bbf5eba419b_6ed147cd_f83baf57
Persistence,3,3,2023-05-09,2023-05-12,13.0,14.02,1.0199999999999996,1.0199999999999996,1.040399999999999,0,0,0,6ed147cd585e5e8083292683f9be3cf585e97e4d46fa0e3224d24a4e2b42cbbb,f83baf5732ffbf88b9a448a3d9ab9fa270f7495fe44d1559c1ac49795a30881a,2bbf5eba419b0650693f1e88326107bf9a346c68,persistence_corrected_2bbf5eba419b_6ed147cd_f83baf57
Persistence,3,3,2023-05-10,2023-05-13,9.37,14.88,5.510000000000002,5.510000000000002,30.360100000000017,0,0,0,6ed147cd585e5e8083292683f9be3cf585e97e4d46fa0e3224d24a4e2b42cbbb,f83baf5732ffbf88b9a448a3d9ab9fa270f7495fe44d1559c1ac49795a30881a,2bbf5eba419b0650693f1e88326107bf9a346c68,persistence_corrected_2bbf5eba419b_6ed147cd_f83baf57
Persistence,3,3,2023-05-11,2023-05-14,12.59,11.52,-1.0700000000000003,1.0700000000000003,1.1449000000000007,0,0,0,6ed147cd585e5e8083292683f9be3cf585e97e4d46fa0e3224d24a4e2b42cbbb,f83baf5732ffbf88b9a448a3d9ab9fa270f7495fe44d1559c1ac49795a30881a,2bbf5eba419b0650693f1e88326107bf9a346c68,persistence_corrected_2bbf5eba419b_6ed147cd_f83baf57
Persistence,3,3,2023-05-12,2023-05-15,12.67,13.0,0.33000000000000007,0.33000000000000007,0.10890000000000005,0,0,0,6ed147cd585e5e8083292683f9be3cf585e97e4d46fa0e3224d24a4e2b42cbbb,f83baf5732ffbf88b9a448a3d9ab9fa270f7495fe44d1559c1ac49795a30881a,2bbf5eba419b0650693f1e88326107bf9a346c68,persistence_corrected_2bbf5eba419b_6ed147cd_f83baf57
Persistence,3,3,2023-05-13,2023-05-16,12.94,9.37,-3.5700000000000003,3.5700000000000003,12.744900000000001,0,0,0,6ed147cd585e5e8083292683f9be3cf585e97e4d46fa0e3224d24a4e2b42cbbb,f83baf5732ffbf88b9a448a3d9ab9fa270f7495fe44d1559c1ac49795a30881a,2bbf5eba419b0650693f1e88326107bf9a346c68,persistence_corrected_2bbf5eba419b_6ed147cd_f83baf57
Persistence,3,3,2023-05-14,2023-05-17,11.93,12.59,0.6600000000000001,0.6600000000000001,0.4356000000000002,0,0,0,6ed147cd585e5e8083292683f9be3cf585e97e4d46fa0e3224d24a4e2b42cbbb,f83baf5732ffbf88b9a448a3d9ab9fa270f7495fe44d1559c1ac49795a30881a,2bbf5eba419b0650693f1e88326107bf9a346c68,persistence_corrected_2bbf5eba419b_6ed147cd_f83baf57
Persistence,3,3,2023-05-15,2023-05-18,12.83,12.67,-0.16000000000000014,0.16000000000000014,0.025600000000000046,0,0,0,6ed147cd585e5e8083292683f9be3cf585e97e4d46fa0e3224d24a4e2b42cbbb,f83baf5732ffbf88b9a448a3d9ab9fa270f7495fe44d1559c1ac49795a30881a,2bbf5eba419b0650693f1e88326107bf9a346c68,persistence_corrected_2bbf5eba419b_6ed147cd_f83baf57
Persistence,3,3,2023-05-16,2023-05-19,14.46,12.94,-1.5200000000000014,1.5200000000000014,2.310400000000004,0,0,0,6ed147cd585e5e8083292683f9be3cf585e97e4d46fa0e3224d24a4e2b42cbbb,f83baf5732ffbf88b9a448a3d9ab9fa270f7495fe44d1559c1ac49795a30881a,2bbf5eba419b0650693f1e88326107bf9a346c68,persistence_corrected_2bbf5eba419b_6ed147cd_f83baf57
Persistence,3,3,2023-05-17,2023-05-20,13.25,11.93,-1.3200000000000003,1.3200000000000003,1.7424000000000008,0,0,0,6ed147cd585e5e8083292683f9be3cf585e97e4d46fa0e3224d24a4e2b42cbbb,f83baf5732ffbf88b9a448a3d9ab9fa270f7495fe44d1559c1ac49795a30881a,2bbf5eba419b0650693f1e88326107bf9a346c68,persistence_corrected_2bbf5eba419b_6ed147cd_f83baf57
Persistence,3,3,2023-05-18,2023-05-21,12.85,12.83,-0.019999999999999574,0.019999999999999574,0.00039999999999998294,0,0,0,6ed147cd585e5e8083292683f9be3cf585e97e4d46fa0e3224d24a4e2b42cbbb,f83baf5732ffbf88b9a448a3d9ab9fa270f7495fe44d1559c1ac49795a30881a,2bbf5eba419b0650693f1e88326107bf9a346c68,persistence_corrected_2bbf5eba419b_6ed147cd_f83baf57
Persistence,3,3,2023-05-19,2023-05-22,14.51,14.46,-0.049999999999998934,0.049999999999998934,0.0024999999999998934,0,0,0,6ed147cd585e5e8083292683f9be3cf585e97e4d46fa0e3224d24a4e2b42cbbb,f83baf5732ffbf88b9a448a3d9ab9fa270f7495fe44d1559c1ac49795a30881a,2bbf5eba419b0650693f1e88326107bf9a346c68,persistence_corrected_2bbf5eba419b_6ed147cd_f83baf57
Persistence,3,3,2023-05-20,2023-05-23,10.07,13.25,3.1799999999999997,3.1799999999999997,10.112399999999997,0,0,0,6ed147cd585e5e8083292683f9be3cf585e97e4d46fa0e3224d24a4e2b42cbbb,f83baf5732ffbf88b9a448a3d9ab9fa270f7495fe44d1559c1ac49795a30881a,2bbf5eba419b0650693f1e88326107bf9a346c68,persistence_corrected_2bbf5eba419b_6ed147cd_f83baf57
Persistence,3,3,2023-05-21,2023-05-24,12.91,12.85,-0.0600000000000005,0.0600000000000005,0.0036000000000000597,0,0,0,6ed147cd585e5e8083292683f9be3cf585e97e4d46fa0e3224d24a4e2b42cbbb,f83baf5732ffbf88b9a448a3d9ab9fa270f7495fe44d1559c1ac49795a30881a,2bbf5eba419b0650693f1e88326107bf9a346c68,persistence_corrected_2bbf5eba419b_6ed147cd_f83baf57
Persistence,3,3,2023-05-22,2023-05-25,13.15,14.51,1.3599999999999994,1.3599999999999994,1.8495999999999984,0,0,0,6ed147cd585e5e8083292683f9be3cf585e97e4d46fa0e3224d24a4e2b42cbbb,f83baf5732ffbf88b9a448a3d9ab9fa270f7495fe44d1559c1ac49795a30881a,2bbf5eba419b0650693f1e88326107bf9a346c68,persistence_corrected_2bbf5eba419b_6ed147cd_f83baf57
Persistence,3,3,2023-05-23,2023-05-26,14.4,10.07,-4.33,4.33,18.7489,0,0,0,6ed147cd585e5e8083292683f9be3cf585e97e4d46fa0e3224d24a4e2b42cbbb,f83baf5732ffbf88b9a448a3d9ab9fa270f7495fe44d1559c1ac49795a30881a,2bbf5eba419b0650693f1e88326107bf9a346c68,persistence_corrected_2bbf5eba419b_6ed147cd_f83baf57
Persistence,3,3,2023-05-24,2023-05-27,13.75,12.91,-0.8399999999999999,0.8399999999999999,0.7055999999999998,0,0,0,6ed147cd585e5e8083292683f9be3cf585e97e4d46fa0e3224d24a4e2b42cbbb,f83baf5732ffbf88b9a448a3d9ab9fa270f7495fe44d1559c1ac49795a30881a,2bbf5eba419b0650693f1e88326107bf9a346c68,persistence_corrected_2bbf5eba419b_6ed147cd_f83baf57
Persistence,3,3,2023-05-25,2023-05-28,12.88,13.15,0.2699999999999996,0.2699999999999996,0.07289999999999977,0,0,0,6ed147cd585e5e8083292683f9be3cf585e97e4d46fa0e3224d24a4e2b42cbbb,f83baf5732ffbf88b9a448a3d9ab9fa270f7495fe44d1559c1ac49795a30881a,2bbf5eba419b0650693f1e88326107bf9a346c68,persistence_corrected_2bbf5eba419b_6ed147cd_f83baf57
Persistence,3,3,2023-05-26,2023-05-29,12.2,14.4,2.200000000000001,2.200000000000001,4.840000000000004,0,0,0,6ed147cd585e5e8083292683f9be3cf585e97e4d46fa0e3224d24a4e2b42cbbb,f83baf5732ffbf88b9a448a3d9ab9fa270f7495fe44d1559c1ac49795a30881a,2bbf5eba419b0650693f1e88326107bf9a346c68,persistence_corrected_2bbf5eba419b_6ed147cd_f83baf57
Persistence,3,3,2023-05-27,2023-05-30,12.42,13.75,1.33,1.33,1.7689000000000001,0,0,0,6ed147cd585e5e8083292683f9be3cf585e97e4d46fa0e3224d24a4e2b42cbbb,f83baf5732ffbf88b9a448a3d9ab9fa270f7495fe44d1559c1ac49795a30881a,2bbf5eba419b0650693f1e88326107bf9a346c68,persistence_corrected_2bbf5eba419b_6ed147cd_f83baf57
Persistence,3,3,2023-05-28,2023-05-31,7.99,12.88,4.890000000000001,4.890000000000001,23.912100000000006,0,0,0,6ed147cd585e5e8083292683f9be3cf585e97e4d46fa0e3224d24a4e2b42cbbb,f83baf5732ffbf88b9a448a3d9ab9fa270f7495fe44d1559c1ac49795a30881a,2bbf5eba419b0650693f1e88326107bf9a346c68,persistence_corrected_2bbf5eba419b_6ed147cd_f83baf57
Persistence,3,3,2023-05-29,2023-06-01,10.55,12.2,1.6499999999999986,1.6499999999999986,2.7224999999999953,0,0,0,6ed147cd585e5e8083292683f9be3cf585e97e4d46fa0e3224d24a4e2b42cbbb,f83baf5732ffbf88b9a448a3d9ab9fa270f7495fe44d1559c1ac49795a30881a,2bbf5eba419b0650693f1e88326107bf9a346c68,persistence_corrected_2bbf5eba419b_6ed147cd_f83baf57
Persistence,3,3,2023-05-30,2023-06-02,9.12,12.42,3.3000000000000007,3.3000000000000007,10.890000000000004,0,0,0,6ed147cd585e5e8083292683f9be3cf585e97e4d46fa0e3224d24a4e2b42cbbb,f83baf5732ffbf88b9a448a3d9ab9fa270f7495fe44d1559c1ac49795a30881a,2bbf5eba419b0650693f1e88326107bf9a346c68,persistence_corrected_2bbf5eba419b_6ed147cd_f83baf57
Persistence,3,3,2023-05-31,2023-06-03,9.19,7.99,-1.1999999999999993,1.1999999999999993,1.4399999999999984,0,0,0,6ed147cd585e5e8083292683f9be3cf585e97e4d46fa0e3224d24a4e2b42cbbb,f83baf5732ffbf88b9a448a3d9ab9fa270f7495fe44d1559c1ac49795a30881a,2bbf5eba419b0650693f1e88326107bf9a346c68,persistence_corrected_2bbf5eba419b_6ed147cd_f83baf57
Persistence,3,3,2023-06-01,2023-06-04,9.29,10.55,1.2600000000000016,1.2600000000000016,1.587600000000004,0,0,0,6ed147cd585e5e8083292683f9be3cf585e97e4d46fa0e3224d24a4e2b42cbbb,f83baf5732ffbf88b9a448a3d9ab9fa270f7495fe44d1559c1ac49795a30881a,2bbf5eba419b0650693f1e88326107bf9a346c68,persistence_corrected_2bbf5eba419b_6ed147cd_f83baf57
Persistence,3,3,2023-06-02,2023-06-05,10.0,9.12,-0.8800000000000008,0.8800000000000008,0.7744000000000014,0,0,0,6ed147cd585e5e8083292683f9be3cf585e97e4d46fa0e3224d24a4e2b42cbbb,f83baf5732ffbf88b9a448a3d9ab9fa270f7495fe44d1559c1ac49795a30881a,2bbf5eba419b0650693f1e88326107bf9a346c68,persistence_corrected_2bbf5eba419b_6ed147cd_f83baf57
Persistence,3,3,2023-06-03,2023-06-06,13.26,9.19,-4.07,4.07,16.5649,0,0,0,6ed147cd585e5e8083292683f9be3cf585e97e4d46fa0e3224d24a4e2b42cbbb,f83baf5732ffbf88b9a448a3d9ab9fa270f7495fe44d1559c1ac49795a30881a,2bbf5eba419b0650693f1e88326107bf9a346c68,persistence_corrected_2bbf5eba419b_6ed147cd_f83baf57
Persistence,3,3,2023-06-04,2023-06-07,12.56,9.29,-3.2700000000000014,3.2700000000000014,10.692900000000009,0,0,0,6ed147cd585e5e8083292683f9be3cf585e97e4d46fa0e3224d24a4e2b42cbbb,f83baf5732ffbf88b9a448a3d9ab9fa270f7495fe44d1559c1ac49795a30881a,2bbf5eba419b0650693f1e88326107bf9a346c68,persistence_corrected_2bbf5eba419b_6ed147cd_f83baf57
Persistence,3,3,2023-06-05,2023-06-08,13.64,10.0,-3.6400000000000006,3.6400000000000006,13.249600000000004,0,0,0,6ed147cd585e5e8083292683f9be3cf585e97e4d46fa0e3224d24a4e2b42cbbb,f83baf5732ffbf88b9a448a3d9ab9fa270f7495fe44d1559c1ac49795a30881a,2bbf5eba419b0650693f1e88326107bf9a346c68,persistence_corrected_2bbf5eba419b_6ed147cd_f83baf57
Persistence,3,3,2023-06-06,2023-06-09,15.85,13.26,-2.59,2.59,6.708099999999999,1,0,0,6ed147cd585e5e8083292683f9be3cf585e97e4d46fa0e3224d24a4e2b42cbbb,f83baf5732ffbf88b9a448a3d9ab9fa270f7495fe44d1559c1ac49795a30881a,2bbf5eba419b0650693f1e88326107bf9a346c68,persistence_corrected_2bbf5eba419b_6ed147cd_f83baf57
Persistence,3,3,2023-06-07,2023-06-10,11.12,12.56,1.4400000000000013,1.4400000000000013,2.073600000000004,0,0,0,6ed147cd585e5e8083292683f9be3cf585e97e4d46fa0e3224d24a4e2b42cbbb,f83baf5732ffbf88b9a448a3d9ab9fa270f7495fe44d1559c1ac49795a30881a,2bbf5eba419b0650693f1e88326107bf9a346c68,persistence_corrected_2bbf5eba419b_6ed147cd_f83baf57
Persistence,3,3,2023-06-08,2023-06-11,10.4,13.64,3.24,3.24,10.497600000000002,0,0,0,6ed147cd585e5e8083292683f9be3cf585e97e4d46fa0e3224d24a4e2b42cbbb,f83baf5732ffbf88b9a448a3d9ab9fa270f7495fe44d1559c1ac49795a30881a,2bbf5eba419b0650693f1e88326107bf9a346c68,persistence_corrected_2bbf5eba419b_6ed147cd_f83baf57
Persistence,3,3,2023-06-09,2023-06-12,11.4,15.85,4.449999999999999,4.449999999999999,19.802499999999995,0,0,0,6ed147cd585e5e8083292683f9be3cf585e97e4d46fa0e3224d24a4e2b42cbbb,f83baf5732ffbf88b9a448a3d9ab9fa270f7495fe44d1559c1ac49795a30881a,2bbf5eba419b0650693f1e88326107bf9a346c68,persistence_corrected_2bbf5eba419b_6ed147cd_f83baf57
Persistence,3,3,2023-06-10,2023-06-13,13.16,11.12,-2.040000000000001,2.040000000000001,4.1616000000000035,0,0,0,6ed147cd585e5e8083292683f9be3cf585e97e4d46fa0e3224d24a4e2b42cbbb,f83baf5732ffbf88b9a448a3d9ab9fa270f7495fe44d1559c1ac49795a30881a,2bbf5eba419b0650693f1e88326107bf9a346c68,persistence_corrected_2bbf5eba419b_6ed147cd_f83baf57
Persistence,3,3,2023-06-11,2023-06-14,16.86,10.4,-6.459999999999999,6.459999999999999,41.731599999999986,1,1,0,6ed147cd585e5e8083292683f9be3cf585e97e4d46fa0e3224d24a4e2b42cbbb,f83baf5732ffbf88b9a448a3d9ab9fa270f7495fe44d1559c1ac49795a30881a,2bbf5eba419b0650693f1e88326107bf9a346c68,persistence_corrected_2bbf5eba419b_6ed147cd_f83baf57
Persistence,3,3,2023-06-12,2023-06-15,10.78,11.4,0.620000000000001,0.620000000000001,0.38440000000000124,0,0,0,6ed147cd585e5e8083292683f9be3cf585e97e4d46fa0e3224d24a4e2b42cbbb,f83baf5732ffbf88b9a448a3d9ab9fa270f7495fe44d1559c1ac49795a30881a,2bbf5eba419b0650693f1e88326107bf9a346c68,persistence_corrected_2bbf5eba419b_6ed147cd_f83baf57
Persistence,3,3,2023-06-13,2023-06-16,14.09,13.16,-0.9299999999999997,0.9299999999999997,0.8648999999999994,0,0,0,6ed147cd585e5e8083292683f9be3cf585e97e4d46fa0e3224d24a4e2b42cbbb,f83baf5732ffbf88b9a448a3d9ab9fa270f7495fe44d1559c1ac49795a30881a,2bbf5eba419b0650693f1e88326107bf9a346c68,persistence_corrected_2bbf5eba419b_6ed147cd_f83baf57
Persistence,3,3,2023-06-14,2023-06-17,11.4,16.86,5.459999999999999,5.459999999999999,29.81159999999999,0,0,0,6ed147cd585e5e8083292683f9be3cf585e97e4d46fa0e3224d24a4e2b42cbbb,f83baf5732ffbf88b9a448a3d9ab9fa270f7495fe44d1559c1ac49795a30881a,2bbf5eba419b0650693f1e88326107bf9a346c68,persistence_corrected_2bbf5eba419b_6ed147cd_f83baf57
Persistence,3,3,2023-06-15,2023-06-18,10.92,10.78,-0.14000000000000057,0.14000000000000057,0.01960000000000016,0,0,0,6ed147cd585e5e8083292683f9be3cf585e97e4d46fa0e3224d24a4e2b42cbbb,f83baf5732ffbf88b9a448a3d9ab9fa270f7495fe44d1559c1ac49795a30881a,2bbf5eba419b0650693f1e88326107bf9a346c68,persistence_corrected_2bbf5eba419b_6ed147cd_f83baf57
Persistence,3,3,2023-06-16,2023-06-19,14.32,14.09,-0.23000000000000043,0.23000000000000043,0.0529000000000002,0,0,0,6ed147cd585e5e8083292683f9be3cf585e97e4d46fa0e3224d24a4e2b42cbbb,f83baf5732ffbf88b9a448a3d9ab9fa270f7495fe44d1559c1ac49795a30881a,2bbf5eba419b0650693f1e88326107bf9a346c68,persistence_corrected_2bbf5eba419b_6ed147cd_f83baf57
Persistence,3,3,2023-06-17,2023-06-20,13.18,11.4,-1.7799999999999994,1.7799999999999994,3.168399999999998,0,0,0,6ed147cd585e5e8083292683f9be3cf585e97e4d46fa0e3224d24a4e2b42cbbb,f83baf5732ffbf88b9a448a3d9ab9fa270f7495fe44d1559c1ac49795a30881a,2bbf5eba419b0650693f1e88326107bf9a346c68,persistence_corrected_2bbf5eba419b_6ed147cd_f83baf57
Persistence,3,3,2023-06-18,2023-06-21,17.48,10.92,-6.5600000000000005,6.5600000000000005,43.03360000000001,1,1,1,6ed147cd585e5e8083292683f9be3cf585e97e4d46fa0e3224d24a4e2b42cbbb,f83baf5732ffbf88b9a448a3d9ab9fa270f7495fe44d1559c1ac49795a30881a,2bbf5eba419b0650693f1e88326107bf9a346c68,persistence_corrected_2bbf5eba419b_6ed147cd_f83baf57
Persistence,3,3,2023-06-19,2023-06-22,11.56,14.32,2.76,2.76,7.617599999999999,0,0,0,6ed147cd585e5e8083292683f9be3cf585e97e4d46fa0e3224d24a4e2b42cbbb,f83baf5732ffbf88b9a448a3d9ab9fa270f7495fe44d1559c1ac49795a30881a,2bbf5eba419b0650693f1e88326107bf9a346c68,persistence_corrected_2bbf5eba419b_6ed147cd_f83baf57
Persistence,3,3,2023-06-20,2023-06-23,16.33,13.18,-3.1499999999999986,3.1499999999999986,9.92249999999999,1,1,0,6ed147cd585e5e8083292683f9be3cf585e97e4d46fa0e3224d24a4e2b42cbbb,f83baf5732ffbf88b9a448a3d9ab9fa270f7495fe44d1559c1ac49795a30881a,2bbf5eba419b0650693f1e88326107bf9a346c68,persistence_corrected_2bbf5eba419b_6ed147cd_f83baf57
Persistence,3,3,2023-06-21,2023-06-24,11.51,17.48,5.970000000000001,5.970000000000001,35.64090000000001,0,0,0,6ed147cd585e5e8083292683f9be3cf585e97e4d46fa0e3224d24a4e2b42cbbb,f83baf5732ffbf88b9a448a3d9ab9fa270f7495fe44d1559c1ac49795a30881a,2bbf5eba419b0650693f1e88326107bf9a346c68,persistence_corrected_2bbf5eba419b_6ed147cd_f83baf57
Persistence,3,3,2023-06-22,2023-06-25,12.68,11.56,-1.1199999999999992,1.1199999999999992,1.2543999999999982,0,0,0,6ed147cd585e5e8083292683f9be3cf585e97e4d46fa0e3224d24a4e2b42cbbb,f83baf5732ffbf88b9a448a3d9ab9fa270f7495fe44d1559c1ac49795a30881a,2bbf5eba419b0650693f1e88326107bf9a346c68,persistence_corrected_2bbf5eba419b_6ed147cd_f83baf57
Persistence,3,3,2023-06-23,2023-06-26,12.26,16.33,4.0699999999999985,4.0699999999999985,16.564899999999987,0,0,0,6ed147cd585e5e8083292683f9be3cf585e97e4d46fa0e3224d24a4e2b42cbbb,f83baf5732ffbf88b9a448a3d9ab9fa270f7495fe44d1559c1ac49795a30881a,2bbf5eba419b0650693f1e88326107bf9a346c68,persistence_corrected_2bbf5eba419b_6ed147cd_f83baf57
Persistence,3,3,2023-06-24,2023-06-27,11.74,11.51,-0.23000000000000043,0.23000000000000043,0.0529000000000002,0,0,0,6ed147cd585e5e8083292683f9be3cf585e97e4d46fa0e3224d24a4e2b42cbbb,f83baf5732ffbf88b9a448a3d9ab9fa270f7495fe44d1559c1ac49795a30881a,2bbf5eba419b0650693f1e88326107bf9a346c68,persistence_corrected_2bbf5eba419b_6ed147cd_f83baf57
Persistence,3,3,2023-06-25,2023-06-28,8.82,12.68,3.8599999999999994,3.8599999999999994,14.899599999999996,0,0,0,6ed147cd585e5e8083292683f9be3cf585e97e4d46fa0e3224d24a4e2b42cbbb,f83baf5732ffbf88b9a448a3d9ab9fa270f7495fe44d1559c1ac49795a30881a,2bbf5eba419b0650693f1e88326107bf9a346c68,persistence_corrected_2bbf5eba419b_6ed147cd_f83baf57
Persistence,3,3,2023-06-26,2023-06-29,10.62,12.26,1.6400000000000006,1.6400000000000006,2.6896000000000018,0,0,0,6ed147cd585e5e8083292683f9be3cf585e97e4d46fa0e3224d24a4e2b42cbbb,f83baf5732ffbf88b9a448a3d9ab9fa270f7495fe44d1559c1ac49795a30881a,2bbf5eba419b0650693f1e88326107bf9a346c68,persistence_corrected_2bbf5eba419b_6ed147cd_f83baf57
Persistence,3,3,2023-06-27,2023-06-30,9.68,11.74,2.0600000000000005,2.0600000000000005,4.2436000000000025,0,0,0,6ed147cd585e5e8083292683f9be3cf585e97e4d46fa0e3224d24a4e2b42cbbb,f83baf5732ffbf88b9a448a3d9ab9fa270f7495fe44d1559c1ac49795a30881a,2bbf5eba419b0650693f1e88326107bf9a346c68,persistence_corrected_2bbf5eba419b_6ed147cd_f83baf57
Persistence,3,3,2023-06-28,2023-07-01,10.07,8.82,-1.25,1.25,1.5625,0,0,0,6ed147cd585e5e8083292683f9be3cf585e97e4d46fa0e3224d24a4e2b42cbbb,f83baf5732ffbf88b9a448a3d9ab9fa270f7495fe44d1559c1ac49795a30881a,2bbf5eba419b0650693f1e88326107bf9a346c68,persistence_corrected_2bbf5eba419b_6ed147cd_f83baf57
Persistence,3,3,2023-06-29,2023-07-02,9.04,10.62,1.58,1.58,2.4964000000000004,0,0,0,6ed147cd585e5e8083292683f9be3cf585e97e4d46fa0e3224d24a4e2b42cbbb,f83baf5732ffbf88b9a448a3d9ab9fa270f7495fe44d1559c1ac49795a30881a,2bbf5eba419b0650693f1e88326107bf9a346c68,persistence_corrected_2bbf5eba419b_6ed147cd_f83baf57
Persistence,3,3,2023-06-30,2023-07-03,11.09,9.68,-1.4100000000000001,1.4100000000000001,1.9881000000000004,0,0,0,6ed147cd585e5e8083292683f9be3cf585e97e4d46fa0e3224d24a4e2b42cbbb,f83baf5732ffbf88b9a448a3d9ab9fa270f7495fe44d1559c1ac49795a30881a,2bbf5eba419b0650693f1e88326107bf9a346c68,persistence_corrected_2bbf5eba419b_6ed147cd_f83baf57
Persistence,3,3,2023-07-01,2023-07-04,11.9,10.07,-1.83,1.83,3.3489000000000004,0,0,0,6ed147cd585e5e8083292683f9be3cf585e97e4d46fa0e3224d24a4e2b42cbbb,f83baf5732ffbf88b9a448a3d9ab9fa270f7495fe44d1559c1ac49795a30881a,2bbf5eba419b0650693f1e88326107bf9a346c68,persistence_corrected_2bbf5eba419b_6ed147cd_f83baf57
Persistence,3,3,2023-07-02,2023-07-05,13.57,9.04,-4.530000000000001,4.530000000000001,20.52090000000001,0,0,0,6ed147cd585e5e8083292683f9be3cf585e97e4d46fa0e3224d24a4e2b42cbbb,f83baf5732ffbf88b9a448a3d9ab9fa270f7495fe44d1559c1ac49795a30881a,2bbf5eba419b0650693f1e88326107bf9a346c68,persistence_corrected_2bbf5eba419b_6ed147cd_f83baf57
Persistence,3,3,2023-07-03,2023-07-06,11.6,11.09,-0.5099999999999998,0.5099999999999998,0.2600999999999998,0,0,0,6ed147cd585e5e8083292683f9be3cf585e97e4d46fa0e3224d24a4e2b42cbbb,f83baf5732ffbf88b9a448a3d9ab9fa270f7495fe44d1559c1ac49795a30881a,2bbf5eba419b0650693f1e88326107bf9a346c68,persistence_corrected_2bbf5eba419b_6ed147cd_f83baf57
Persistence,3,3,2023-07-04,2023-07-07,13.75,11.9,-1.8499999999999996,1.8499999999999996,3.4224999999999985,0,0,0,6ed147cd585e5e8083292683f9be3cf585e97e4d46fa0e3224d24a4e2b42cbbb,f83baf5732ffbf88b9a448a3d9ab9fa270f7495fe44d1559c1ac49795a30881a,2bbf5eba419b0650693f1e88326107bf9a346c68,persistence_corrected_2bbf5eba419b_6ed147cd_f83baf57
Persistence,3,3,2023-07-05,2023-07-08,11.11,13.57,2.460000000000001,2.460000000000001,6.051600000000004,0,0,0,6ed147cd585e5e8083292683f9be3cf585e97e4d46fa0e3224d24a4e2b42cbbb,f83baf5732ffbf88b9a448a3d9ab9fa270f7495fe44d1559c1ac49795a30881a,2bbf5eba419b0650693f1e88326107bf9a346c68,persistence_corrected_2bbf5eba419b_6ed147cd_f83baf57
Persistence,3,3,2023-07-06,2023-07-09,10.33,11.6,1.2699999999999996,1.2699999999999996,1.612899999999999,0,0,0,6ed147cd585e5e8083292683f9be3cf585e97e4d46fa0e3224d24a4e2b42cbbb,f83baf5732ffbf88b9a448a3d9ab9fa270f7495fe44d1559c1ac49795a30881a,2bbf5eba419b0650693f1e88326107bf9a346c68,persistence_corrected_2bbf5eba419b_6ed147cd_f83baf57
Persistence,3,3,2023-07-07,2023-07-10,11.28,13.75,2.4700000000000006,2.4700000000000006,6.100900000000003,0,0,0,6ed147cd585e5e8083292683f9be3cf585e97e4d46fa0e3224d24a4e2b42cbbb,f83baf5732ffbf88b9a448a3d9ab9fa270f7495fe44d1559c1ac49795a30881a,2bbf5eba419b0650693f1e88326107bf9a346c68,persistence_corrected_2bbf5eba419b_6ed147cd_f83baf57
Persistence,3,3,2023-07-08,2023-07-11,11.04,11.11,0.07000000000000028,0.07000000000000028,0.00490000000000004,0,0,0,6ed147cd585e5e8083292683f9be3cf585e97e4d46fa0e3224d24a4e2b42cbbb,f83baf5732ffbf88b9a448a3d9ab9fa270f7495fe44d1559c1ac49795a30881a,2bbf5eba419b0650693f1e88326107bf9a346c68,persistence_corrected_2bbf5eba419b_6ed147cd_f83baf57
Persistence,3,3,2023-07-09,2023-07-12,13.0,10.33,-2.67,2.67,7.1289,0,0,0,6ed147cd585e5e8083292683f9be3cf585e97e4d46fa0e3224d24a4e2b42cbbb,f83baf5732ffbf88b9a448a3d9ab9fa270f7495fe44d1559c1ac49795a30881a,2bbf5eba419b0650693f1e88326107bf9a346c68,persistence_corrected_2bbf5eba419b_6ed147cd_f83baf57
Persistence,3,3,2023-07-10,2023-07-13,12.89,11.28,-1.6100000000000012,1.6100000000000012,2.592100000000004,0,0,0,6ed147cd585e5e8083292683f9be3cf585e97e4d46fa0e3224d24a4e2b42cbbb,f83baf5732ffbf88b9a448a3d9ab9fa270f7495fe44d1559c1ac49795a30881a,2bbf5eba419b0650693f1e88326107bf9a346c68,persistence_corrected_2bbf5eba419b_6ed147cd_f83baf57
Persistence,3,3,2023-07-11,2023-07-14,14.05,11.04,-3.0100000000000016,3.0100000000000016,9.06010000000001,0,0,0,6ed147cd585e5e8083292683f9be3cf585e97e4d46fa0e3224d24a4e2b42cbbb,f83baf5732ffbf88b9a448a3d9ab9fa270f7495fe44d1559c1ac49795a30881a,2bbf5eba419b0650693f1e88326107bf9a346c68,persistence_corrected_2bbf5eba419b_6ed147cd_f83baf57
Persistence,3,3,2023-07-12,2023-07-15,11.64,13.0,1.3599999999999994,1.3599999999999994,1.8495999999999984,0,0,0,6ed147cd585e5e8083292683f9be3cf585e97e4d46fa0e3224d24a4e2b42cbbb,f83baf5732ffbf88b9a448a3d9ab9fa270f7495fe44d1559c1ac49795a30881a,2bbf5eba419b0650693f1e88326107bf9a346c68,persistence_corrected_2bbf5eba419b_6ed147cd_f83baf57
Persistence,3,3,2023-07-13,2023-07-16,14.52,12.89,-1.629999999999999,1.629999999999999,2.6568999999999967,0,0,0,6ed147cd585e5e8083292683f9be3cf585e97e4d46fa0e3224d24a4e2b42cbbb,f83baf5732ffbf88b9a448a3d9ab9fa270f7495fe44d1559c1ac49795a30881a,2bbf5eba419b0650693f1e88326107bf9a346c68,persistence_corrected_2bbf5eba419b_6ed147cd_f83baf57
Persistence,3,3,2023-07-14,2023-07-17,12.22,14.05,1.83,1.83,3.3489000000000004,0,0,0,6ed147cd585e5e8083292683f9be3cf585e97e4d46fa0e3224d24a4e2b42cbbb,f83baf5732ffbf88b9a448a3d9ab9fa270f7495fe44d1559c1ac49795a30881a,2bbf5eba419b0650693f1e88326107bf9a346c68,persistence_corrected_2bbf5eba419b_6ed147cd_f83baf57
Persistence,3,3,2023-07-15,2023-07-18,11.69,11.64,-0.049999999999998934,0.049999999999998934,0.0024999999999998934,0,0,0,6ed147cd585e5e8083292683f9be3cf585e97e4d46fa0e3224d24a4e2b42cbbb,f83baf5732ffbf88b9a448a3d9ab9fa270f7495fe44d1559c1ac49795a30881a,2bbf5eba419b0650693f1e88326107bf9a346c68,persistence_corrected_2bbf5eba419b_6ed147cd_f83baf57
Persistence,3,3,2023-07-16,2023-07-19,12.58,14.52,1.9399999999999995,1.9399999999999995,3.763599999999998,0,0,0,6ed147cd585e5e8083292683f9be3cf585e97e4d46fa0e3224d24a4e2b42cbbb,f83baf5732ffbf88b9a448a3d9ab9fa270f7495fe44d1559c1ac49795a30881a,2bbf5eba419b0650693f1e88326107bf9a346c68,persistence_corrected_2bbf5eba419b_6ed147cd_f83baf57
Persistence,3,3,2023-07-17,2023-07-20,11.8,12.22,0.41999999999999993,0.41999999999999993,0.17639999999999995,0,0,0,6ed147cd585e5e8083292683f9be3cf585e97e4d46fa0e3224d24a4e2b42cbbb,f83baf5732ffbf88b9a448a3d9ab9fa270f7495fe44d1559c1ac49795a30881a,2bbf5eba419b0650693f1e88326107bf9a346c68,persistence_corrected_2bbf5eba419b_6ed147cd_f83baf57
Persistence,3,3,2023-07-18,2023-07-21,13.08,11.69,-1.3900000000000006,1.3900000000000006,1.9321000000000015,0,0,0,6ed147cd585e5e8083292683f9be3cf585e97e4d46fa0e3224d24a4e2b42cbbb,f83baf5732ffbf88b9a448a3d9ab9fa270f7495fe44d1559c1ac49795a30881a,2bbf5eba419b0650693f1e88326107bf9a346c68,persistence_corrected_2bbf5eba419b_6ed147cd_f83baf57
Persistence,3,3,2023-07-19,2023-07-22,11.95,12.58,0.6300000000000008,0.6300000000000008,0.396900000000001,0,0,0,6ed147cd585e5e8083292683f9be3cf585e97e4d46fa0e3224d24a4e2b42cbbb,f83baf5732ffbf88b9a448a3d9ab9fa270f7495fe44d1559c1ac49795a30881a,2bbf5eba419b0650693f1e88326107bf9a346c68,persistence_corrected_2bbf5eba419b_6ed147cd_f83baf57
Persistence,3,3,2023-07-20,2023-07-23,12.14,11.8,-0.33999999999999986,0.33999999999999986,0.1155999999999999,0,0,0,6ed147cd585e5e8083292683f9be3cf585e97e4d46fa0e3224d24a4e2b42cbbb,f83baf5732ffbf88b9a448a3d9ab9fa270f7495fe44d1559c1ac49795a30881a,2bbf5eba419b0650693f1e88326107bf9a346c68,persistence_corrected_2bbf5eba419b_6ed147cd_f83baf57
Persistence,3,3,2023-07-21,2023-07-24,12.48,13.08,0.5999999999999996,0.5999999999999996,0.3599999999999996,0,0,0,6ed147cd585e5e8083292683f9be3cf585e97e4d46fa0e3224d24a4e2b42cbbb,f83baf5732ffbf88b9a448a3d9ab9fa270f7495fe44d1559c1ac49795a30881a,2bbf5eba419b0650693f1e88326107bf9a346c68,persistence_corrected_2bbf5eba419b_6ed147cd_f83baf57
Persistence,3,3,2023-07-22,2023-07-25,12.38444827,11.95,-0.43444827000000075,0.43444827000000075,0.18874529930599354,0,0,0,6ed147cd585e5e8083292683f9be3cf585e97e4d46fa0e3224d24a4e2b42cbbb,f83baf5732ffbf88b9a448a3d9ab9fa270f7495fe44d1559c1ac49795a30881a,2bbf5eba419b0650693f1e88326107bf9a346c68,persistence_corrected_2bbf5eba419b_6ed147cd_f83baf57
Persistence,3,3,2023-07-23,2023-07-26,12.41967703,12.14,-0.2796770300000002,0.2796770300000002,0.07821924110962102,0,0,0,6ed147cd585e5e8083292683f9be3cf585e97e4d46fa0e3224d24a4e2b42cbbb,f83baf5732ffbf88b9a448a3d9ab9fa270f7495fe44d1559c1ac49795a30881a,2bbf5eba419b0650693f1e88326107bf9a346c68,persistence_corrected_2bbf5eba419b_6ed147cd_f83baf57
Persistence,3,3,2023-07-24,2023-07-27,12.43934362,12.48,0.040656379999999714,0.040656379999999714,0.0016529412347043768,0,0,0,6ed147cd585e5e8083292683f9be3cf585e97e4d46fa0e3224d24a4e2b42cbbb,f83baf5732ffbf88b9a448a3d9ab9fa270f7495fe44d1559c1ac49795a30881a,2bbf5eba419b0650693f1e88326107bf9a346c68,persistence_corrected_2bbf5eba419b_6ed147cd_f83baf57
Persistence,3,3,2023-07-25,2023-07-28,12.31367128,12.38444827,0.0707769900000006,0.0707769900000006,0.005009382313460185,0,0,0,6ed147cd585e5e8083292683f9be3cf585e97e4d46fa0e3224d24a4e2b42cbbb,f83baf5732ffbf88b9a448a3d9ab9fa270f7495fe44d1559c1ac49795a30881a,2bbf5eba419b0650693f1e88326107bf9a346c68,persistence_corrected_2bbf5eba419b_6ed147cd_f83baf57
Persistence,3,3,2023-07-26,2023-07-29,12.47,12.41967703,-0.050322969999999856,0.050322969999999856,0.0025324013096208855,0,0,0,6ed147cd585e5e8083292683f9be3cf585e97e4d46fa0e3224d24a4e2b42cbbb,f83baf5732ffbf88b9a448a3d9ab9fa270f7495fe44d1559c1ac49795a30881a,2bbf5eba419b0650693f1e88326107bf9a346c68,persistence_corrected_2bbf5eba419b_6ed147cd_f83baf57
Persistence,3,3,2023-07-27,2023-07-30,12.85,12.43934362,-0.41065637999999893,0.41065637999999893,0.16863866243470352,0,0,0,6ed147cd585e5e8083292683f9be3cf585e97e4d46fa0e3224d24a4e2b42cbbb,f83baf5732ffbf88b9a448a3d9ab9fa270f7495fe44d1559c1ac49795a30881a,2bbf5eba419b0650693f1e88326107bf9a346c68,persistence_corrected_2bbf5eba419b_6ed147cd_f83baf57
Persistence,3,3,2023-07-28,2023-07-31,12.04,12.31367128,0.2736712800000003,0.2736712800000003,0.07489596949683856,0,0,0,6ed147cd585e5e8083292683f9be3cf585e97e4d46fa0e3224d24a4e2b42cbbb,f83baf5732ffbf88b9a448a3d9ab9fa270f7495fe44d1559c1ac49795a30881a,2bbf5eba419b0650693f1e88326107bf9a346c68,persistence_corrected_2bbf5eba419b_6ed147cd_f83baf57
Persistence,3,3,2023-07-29,2023-08-01,12.85,12.47,-0.379999999999999,0.379999999999999,0.14439999999999925,0,0,0,6ed147cd585e5e8083292683f9be3cf585e97e4d46fa0e3224d24a4e2b42cbbb,f83baf5732ffbf88b9a448a3d9ab9fa270f7495fe44d1559c1ac49795a30881a,2bbf5eba419b0650693f1e88326107bf9a346c68,persistence_corrected_2bbf5eba419b_6ed147cd_f83baf57
Persistence,3,3,2023-07-30,2023-08-02,16.85,12.85,-4.000000000000002,4.000000000000002,16.000000000000014,1,1,0,6ed147cd585e5e8083292683f9be3cf585e97e4d46fa0e3224d24a4e2b42cbbb,f83baf5732ffbf88b9a448a3d9ab9fa270f7495fe44d1559c1ac49795a30881a,2bbf5eba419b0650693f1e88326107bf9a346c68,persistence_corrected_2bbf5eba419b_6ed147cd_f83baf57
Persistence,3,3,2023-07-31,2023-08-03,16.13,12.04,-4.09,4.09,16.728099999999998,1,1,0,6ed147cd585e5e8083292683f9be3cf585e97e4d46fa0e3224d24a4e2b42cbbb,f83baf5732ffbf88b9a448a3d9ab9fa270f7495fe44d1559c1ac49795a30881a,2bbf5eba419b0650693f1e88326107bf9a346c68,persistence_corrected_2bbf5eba419b_6ed147cd_f83baf57
Persistence,3,3,2023-08-01,2023-08-04,14.14,12.85,-1.290000000000001,1.290000000000001,1.6641000000000024,0,0,0,6ed147cd585e5e8083292683f9be3cf585e97e4d46fa0e3224d24a4e2b42cbbb,f83baf5732ffbf88b9a448a3d9ab9fa270f7495fe44d1559c1ac49795a30881a,2bbf5eba419b0650693f1e88326107bf9a346c68,persistence_corrected_2bbf5eba419b_6ed147cd_f83baf57
Persistence,3,3,2023-08-02,2023-08-05,15.94,16.85,0.9100000000000019,0.9100000000000019,0.8281000000000035,1,0,0,6ed147cd585e5e8083292683f9be3cf585e97e4d46fa0e3224d24a4e2b42cbbb,f83baf5732ffbf88b9a448a3d9ab9fa270f7495fe44d1559c1ac49795a30881a,2bbf5eba419b0650693f1e88326107bf9a346c68,persistence_corrected_2bbf5eba419b_6ed147cd_f83baf57
Persistence,3,3,2023-08-03,2023-08-06,15.74,16.13,0.3899999999999988,0.3899999999999988,0.15209999999999907,1,0,0,6ed147cd585e5e8083292683f9be3cf585e97e4d46fa0e3224d24a4e2b42cbbb,f83baf5732ffbf88b9a448a3d9ab9fa270f7495fe44d1559c1ac49795a30881a,2bbf5eba419b0650693f1e88326107bf9a346c68,persistence_corrected_2bbf5eba419b_6ed147cd_f83baf57
Persistence,3,3,2023-08-04,2023-08-07,15.48,14.14,-1.3399999999999999,1.3399999999999999,1.7955999999999996,1,0,0,6ed147cd585e5e8083292683f9be3cf585e97e4d46fa0e3224d24a4e2b42cbbb,f83baf5732ffbf88b9a448a3d9ab9fa270f7495fe44d1559c1ac49795a30881a,2bbf5eba419b0650693f1e88326107bf9a346c68,persistence_corrected_2bbf5eba419b_6ed147cd_f83baf57
Persistence,3,3,2023-08-05,2023-08-08,14.32,15.94,1.6199999999999992,1.6199999999999992,2.6243999999999974,0,0,0,6ed147cd585e5e8083292683f9be3cf585e97e4d46fa0e3224d24a4e2b42cbbb,f83baf5732ffbf88b9a448a3d9ab9fa270f7495fe44d1559c1ac49795a30881a,2bbf5eba419b0650693f1e88326107bf9a346c68,persistence_corrected_2bbf5eba419b_6ed147cd_f83baf57
Persistence,3,3,2023-08-06,2023-08-09,15.96,15.74,-0.22000000000000064,0.22000000000000064,0.04840000000000028,1,0,0,6ed147cd585e5e8083292683f9be3cf585e97e4d46fa0e3224d24a4e2b42cbbb,f83baf5732ffbf88b9a448a3d9ab9fa270f7495fe44d1559c1ac49795a30881a,2bbf5eba419b0650693f1e88326107bf9a346c68,persistence_corrected_2bbf5eba419b_6ed147cd_f83baf57
Persistence,3,3,2023-08-07,2023-08-10,10.21,15.48,5.27,5.27,27.772899999999996,0,0,0,6ed147cd585e5e8083292683f9be3cf585e97e4d46fa0e3224d24a4e2b42cbbb,f83baf5732ffbf88b9a448a3d9ab9fa270f7495fe44d1559c1ac49795a30881a,2bbf5eba419b0650693f1e88326107bf9a346c68,persistence_corrected_2bbf5eba419b_6ed147cd_f83baf57
Persistence,3,3,2023-08-08,2023-08-11,9.23,14.32,5.09,5.09,25.908099999999997,0,0,0,6ed147cd585e5e8083292683f9be3cf585e97e4d46fa0e3224d24a4e2b42cbbb,f83baf5732ffbf88b9a448a3d9ab9fa270f7495fe44d1559c1ac49795a30881a,2bbf5eba419b0650693f1e88326107bf9a346c68,persistence_corrected_2bbf5eba419b_6ed147cd_f83baf57
Persistence,3,3,2023-08-09,2023-08-12,13.1,15.96,2.860000000000001,2.860000000000001,8.179600000000008,0,0,0,6ed147cd585e5e8083292683f9be3cf585e97e4d46fa0e3224d24a4e2b42cbbb,f83baf5732ffbf88b9a448a3d9ab9fa270f7495fe44d1559c1ac49795a30881a,2bbf5eba419b0650693f1e88326107bf9a346c68,persistence_corrected_2bbf5eba419b_6ed147cd_f83baf57
Persistence,3,3,2023-08-10,2023-08-13,12.5,10.21,-2.289999999999999,2.289999999999999,5.244099999999996,0,0,0,6ed147cd585e5e8083292683f9be3cf585e97e4d46fa0e3224d24a4e2b42cbbb,f83baf5732ffbf88b9a448a3d9ab9fa270f7495fe44d1559c1ac49795a30881a,2bbf5eba419b0650693f1e88326107bf9a346c68,persistence_corrected_2bbf5eba419b_6ed147cd_f83baf57
Persistence,3,3,2023-08-11,2023-08-14,13.28,9.23,-4.049999999999999,4.049999999999999,16.402499999999993,0,0,0,6ed147cd585e5e8083292683f9be3cf585e97e4d46fa0e3224d24a4e2b42cbbb,f83baf5732ffbf88b9a448a3d9ab9fa270f7495fe44d1559c1ac49795a30881a,2bbf5eba419b0650693f1e88326107bf9a346c68,persistence_corrected_2bbf5eba419b_6ed147cd_f83baf57
Persistence,3,3,2023-08-12,2023-08-15,11.7,13.1,1.4000000000000004,1.4000000000000004,1.960000000000001,0,0,0,6ed147cd585e5e8083292683f9be3cf585e97e4d46fa0e3224d24a4e2b42cbbb,f83baf5732ffbf88b9a448a3d9ab9fa270f7495fe44d1559c1ac49795a30881a,2bbf5eba419b0650693f1e88326107bf9a346c68,persistence_corrected_2bbf5eba419b_6ed147cd_f83baf57
Persistence,3,3,2023-08-13,2023-08-16,13.8,12.5,-1.3000000000000007,1.3000000000000007,1.690000000000002,0,0,0,6ed147cd585e5e8083292683f9be3cf585e97e4d46fa0e3224d24a4e2b42cbbb,f83baf5732ffbf88b9a448a3d9ab9fa270f7495fe44d1559c1ac49795a30881a,2bbf5eba419b0650693f1e88326107bf9a346c68,persistence_corrected_2bbf5eba419b_6ed147cd_f83baf57
Persistence,3,3,2023-08-14,2023-08-17,12.3,13.28,0.9799999999999986,0.9799999999999986,0.9603999999999974,0,0,0,6ed147cd585e5e8083292683f9be3cf585e97e4d46fa0e3224d24a4e2b42cbbb,f83baf5732ffbf88b9a448a3d9ab9fa270f7495fe44d1559c1ac49795a30881a,2bbf5eba419b0650693f1e88326107bf9a346c68,persistence_corrected_2bbf5eba419b_6ed147cd_f83baf57
Persistence,3,3,2023-08-15,2023-08-18,15.82,11.7,-4.120000000000001,4.120000000000001,16.97440000000001,1,0,0,6ed147cd585e5e8083292683f9be3cf585e97e4d46fa0e3224d24a4e2b42cbbb,f83baf5732ffbf88b9a448a3d9ab9fa270f7495fe44d1559c1ac49795a30881a,2bbf5eba419b0650693f1e88326107bf9a346c68,persistence_corrected_2bbf5eba419b_6ed147cd_f83baf57
Persistence,3,3,2023-08-16,2023-08-19,11.88,13.8,1.92,1.92,3.6864,0,0,0,6ed147cd585e5e8083292683f9be3cf585e97e4d46fa0e3224d24a4e2b42cbbb,f83baf5732ffbf88b9a448a3d9ab9fa270f7495fe44d1559c1ac49795a30881a,2bbf5eba419b0650693f1e88326107bf9a346c68,persistence_corrected_2bbf5eba419b_6ed147cd_f83baf57
Persistence,3,3,2023-08-17,2023-08-20,11.33,12.3,0.9700000000000006,0.9700000000000006,0.9409000000000013,0,0,0,6ed147cd585e5e8083292683f9be3cf585e97e4d46fa0e3224d24a4e2b42cbbb,f83baf5732ffbf88b9a448a3d9ab9fa270f7495fe44d1559c1ac49795a30881a,2bbf5eba419b0650693f1e88326107bf9a346c68,persistence_corrected_2bbf5eba419b_6ed147cd_f83baf57
Persistence,3,3,2023-08-18,2023-08-21,12.73,15.82,3.09,3.09,9.5481,0,0,0,6ed147cd585e5e8083292683f9be3cf585e97e4d46fa0e3224d24a4e2b42cbbb,f83baf5732ffbf88b9a448a3d9ab9fa270f7495fe44d1559c1ac49795a30881a,2bbf5eba419b0650693f1e88326107bf9a346c68,persistence_corrected_2bbf5eba419b_6ed147cd_f83baf57
Persistence,3,3,2023-08-19,2023-08-22,13.76,11.88,-1.879999999999999,1.879999999999999,3.534399999999996,0,0,0,6ed147cd585e5e8083292683f9be3cf585e97e4d46fa0e3224d24a4e2b42cbbb,f83baf5732ffbf88b9a448a3d9ab9fa270f7495fe44d1559c1ac49795a30881a,2bbf5eba419b0650693f1e88326107bf9a346c68,persistence_corrected_2bbf5eba419b_6ed147cd_f83baf57
Persistence,3,3,2023-08-20,2023-08-23,16.6,11.33,-5.270000000000001,5.270000000000001,27.772900000000014,1,1,0,6ed147cd585e5e8083292683f9be3cf585e97e4d46fa0e3224d24a4e2b42cbbb,f83baf5732ffbf88b9a448a3d9ab9fa270f7495fe44d1559c1ac49795a30881a,2bbf5eba419b0650693f1e88326107bf9a346c68,persistence_corrected_2bbf5eba419b_6ed147cd_f83baf57
Persistence,3,3,2023-08-21,2023-08-24,14.54,12.73,-1.8099999999999987,1.8099999999999987,3.2760999999999956,0,0,0,6ed147cd585e5e8083292683f9be3cf585e97e4d46fa0e3224d24a4e2b42cbbb,f83baf5732ffbf88b9a448a3d9ab9fa270f7495fe44d1559c1ac49795a30881a,2bbf5eba419b0650693f1e88326107bf9a346c68,persistence_corrected_2bbf5eba419b_6ed147cd_f83baf57
Persistence,3,3,2023-08-22,2023-08-25,10.69,13.76,3.0700000000000003,3.0700000000000003,9.424900000000001,0,0,0,6ed147cd585e5e8083292683f9be3cf585e97e4d46fa0e3224d24a4e2b42cbbb,f83baf5732ffbf88b9a448a3d9ab9fa270f7495fe44d1559c1ac49795a30881a,2bbf5eba419b0650693f1e88326107bf9a346c68,persistence_corrected_2bbf5eba419b_6ed147cd_f83baf57
Persistence,3,3,2023-08-23,2023-08-26,14.03,16.6,2.570000000000002,2.570000000000002,6.60490000000001,0,0,0,6ed147cd585e5e8083292683f9be3cf585e97e4d46fa0e3224d24a4e2b42cbbb,f83baf5732ffbf88b9a448a3d9ab9fa270f7495fe44d1559c1ac49795a30881a,2bbf5eba419b0650693f1e88326107bf9a346c68,persistence_corrected_2bbf5eba419b_6ed147cd_f83baf57
Persistence,3,3,2023-08-24,2023-08-27,14.14,14.54,0.3999999999999986,0.3999999999999986,0.15999999999999887,0,0,0,6ed147cd585e5e8083292683f9be3cf585e97e4d46fa0e3224d24a4e2b42cbbb,f83baf5732ffbf88b9a448a3d9ab9fa270f7495fe44d1559c1ac49795a30881a,2bbf5eba419b0650693f1e88326107bf9a346c68,persistence_corrected_2bbf5eba419b_6ed147cd_f83baf57
Persistence,3,3,2023-08-25,2023-08-28,14.38,10.69,-3.6900000000000013,3.6900000000000013,13.61610000000001,0,0,0,6ed147cd585e5e8083292683f9be3cf585e97e4d46fa0e3224d24a4e2b42cbbb,f83baf5732ffbf88b9a448a3d9ab9fa270f7495fe44d1559c1ac49795a30881a,2bbf5eba419b0650693f1e88326107bf9a346c68,persistence_corrected_2bbf5eba419b_6ed147cd_f83baf57
Persistence,3,3,2023-08-26,2023-08-29,17.3,14.03,-3.2700000000000014,3.2700000000000014,10.692900000000009,1,1,1,6ed147cd585e5e8083292683f9be3cf585e97e4d46fa0e3224d24a4e2b42cbbb,f83baf5732ffbf88b9a448a3d9ab9fa270f7495fe44d1559c1ac49795a30881a,2bbf5eba419b0650693f1e88326107bf9a346c68,persistence_corrected_2bbf5eba419b_6ed147cd_f83baf57
Persistence,3,3,2023-08-27,2023-08-30,17.08,14.14,-2.9399999999999977,2.9399999999999977,8.643599999999987,1,1,1,6ed147cd585e5e8083292683f9be3cf585e97e4d46fa0e3224d24a4e2b42cbbb,f83baf5732ffbf88b9a448a3d9ab9fa270f7495fe44d1559c1ac49795a30881a,2bbf5eba419b0650693f1e88326107bf9a346c68,persistence_corrected_2bbf5eba419b_6ed147cd_f83baf57
Persistence,3,3,2023-08-28,2023-08-31,15.88,14.38,-1.5,1.5,2.25,1,0,0,6ed147cd585e5e8083292683f9be3cf585e97e4d46fa0e3224d24a4e2b42cbbb,f83baf5732ffbf88b9a448a3d9ab9fa270f7495fe44d1559c1ac49795a30881a,2bbf5eba419b0650693f1e88326107bf9a346c68,persistence_corrected_2bbf5eba419b_6ed147cd_f83baf57
Persistence,3,3,2023-08-29,2023-09-01,13.38,17.3,3.92,3.92,15.366399999999999,0,0,0,6ed147cd585e5e8083292683f9be3cf585e97e4d46fa0e3224d24a4e2b42cbbb,f83baf5732ffbf88b9a448a3d9ab9fa270f7495fe44d1559c1ac49795a30881a,2bbf5eba419b0650693f1e88326107bf9a346c68,persistence_corrected_2bbf5eba419b_6ed147cd_f83baf57
Persistence,3,3,2023-08-30,2023-09-02,12.42,17.08,4.659999999999998,4.659999999999998,21.715599999999984,0,0,0,6ed147cd585e5e8083292683f9be3cf585e97e4d46fa0e3224d24a4e2b42cbbb,f83baf5732ffbf88b9a448a3d9ab9fa270f7495fe44d1559c1ac49795a30881a,2bbf5eba419b0650693f1e88326107bf9a346c68,persistence_corrected_2bbf5eba419b_6ed147cd_f83baf57
Persistence,3,3,2023-08-31,2023-09-03,12.66,15.88,3.2200000000000006,3.2200000000000006,10.368400000000005,0,0,0,6ed147cd585e5e8083292683f9be3cf585e97e4d46fa0e3224d24a4e2b42cbbb,f83baf5732ffbf88b9a448a3d9ab9fa270f7495fe44d1559c1ac49795a30881a,2bbf5eba419b0650693f1e88326107bf9a346c68,persistence_corrected_2bbf5eba419b_6ed147cd_f83baf57
Persistence,3,3,2023-09-01,2023-09-04,14.93,13.38,-1.549999999999999,1.549999999999999,2.4024999999999967,0,0,0,6ed147cd585e5e8083292683f9be3cf585e97e4d46fa0e3224d24a4e2b42cbbb,f83baf5732ffbf88b9a448a3d9ab9fa270f7495fe44d1559c1ac49795a30881a,2bbf5eba419b0650693f1e88326107bf9a346c68,persistence_corrected_2bbf5eba419b_6ed147cd_f83baf57
Persistence,3,3,2023-09-02,2023-09-05,11.88,12.42,0.5399999999999991,0.5399999999999991,0.2915999999999991,0,0,0,6ed147cd585e5e8083292683f9be3cf585e97e4d46fa0e3224d24a4e2b42cbbb,f83baf5732ffbf88b9a448a3d9ab9fa270f7495fe44d1559c1ac49795a30881a,2bbf5eba419b0650693f1e88326107bf9a346c68,persistence_corrected_2bbf5eba419b_6ed147cd_f83baf57
Persistence,3,3,2023-09-03,2023-09-06,12.06,12.66,0.5999999999999996,0.5999999999999996,0.3599999999999996,0,0,0,6ed147cd585e5e8083292683f9be3cf585e97e4d46fa0e3224d24a4e2b42cbbb,f83baf5732ffbf88b9a448a3d9ab9fa270f7495fe44d1559c1ac49795a30881a,2bbf5eba419b0650693f1e88326107bf9a346c68,persistence_corrected_2bbf5eba419b_6ed147cd_f83baf57
Persistence,3,3,2023-09-04,2023-09-07,13.74,14.93,1.1899999999999995,1.1899999999999995,1.4160999999999988,0,0,0,6ed147cd585e5e8083292683f9be3cf585e97e4d46fa0e3224d24a4e2b42cbbb,f83baf5732ffbf88b9a448a3d9ab9fa270f7495fe44d1559c1ac49795a30881a,2bbf5eba419b0650693f1e88326107bf9a346c68,persistence_corrected_2bbf5eba419b_6ed147cd_f83baf57
Persistence,3,3,2023-09-05,2023-09-08,14.08,11.88,-2.1999999999999993,2.1999999999999993,4.839999999999997,0,0,0,6ed147cd585e5e8083292683f9be3cf585e97e4d46fa0e3224d24a4e2b42cbbb,f83baf5732ffbf88b9a448a3d9ab9fa270f7495fe44d1559c1ac49795a30881a,2bbf5eba419b0650693f1e88326107bf9a346c68,persistence_corrected_2bbf5eba419b_6ed147cd_f83baf57
Persistence,3,3,2023-09-06,2023-09-09,12.62,12.06,-0.5599999999999987,0.5599999999999987,0.31359999999999855,0,0,0,6ed147cd585e5e8083292683f9be3cf585e97e4d46fa0e3224d24a4e2b42cbbb,f83baf5732ffbf88b9a448a3d9ab9fa270f7495fe44d1559c1ac49795a30881a,2bbf5eba419b0650693f1e88326107bf9a346c68,persistence_corrected_2bbf5eba419b_6ed147cd_f83baf57
Persistence,3,3,2023-09-07,2023-09-10,13.06,13.74,0.6799999999999997,0.6799999999999997,0.4623999999999996,0,0,0,6ed147cd585e5e8083292683f9be3cf585e97e4d46fa0e3224d24a4e2b42cbbb,f83baf5732ffbf88b9a448a3d9ab9fa270f7495fe44d1559c1ac49795a30881a,2bbf5eba419b0650693f1e88326107bf9a346c68,persistence_corrected_2bbf5eba419b_6ed147cd_f83baf57
Persistence,3,3,2023-09-08,2023-09-11,12.67,14.08,1.4100000000000001,1.4100000000000001,1.9881000000000004,0,0,0,6ed147cd585e5e8083292683f9be3cf585e97e4d46fa0e3224d24a4e2b42cbbb,f83baf5732ffbf88b9a448a3d9ab9fa270f7495fe44d1559c1ac49795a30881a,2bbf5eba419b0650693f1e88326107bf9a346c68,persistence_corrected_2bbf5eba419b_6ed147cd_f83baf57
Persistence,3,3,2023-09-09,2023-09-12,15.7,12.62,-3.08,3.08,9.4864,1,0,0,6ed147cd585e5e8083292683f9be3cf585e97e4d46fa0e3224d24a4e2b42cbbb,f83baf5732ffbf88b9a448a3d9ab9fa270f7495fe44d1559c1ac49795a30881a,2bbf5eba419b0650693f1e88326107bf9a346c68,persistence_corrected_2bbf5eba419b_6ed147cd_f83baf57
Persistence,3,3,2023-09-10,2023-09-13,14.26,13.06,-1.1999999999999993,1.1999999999999993,1.4399999999999984,0,0,0,6ed147cd585e5e8083292683f9be3cf585e97e4d46fa0e3224d24a4e2b42cbbb,f83baf5732ffbf88b9a448a3d9ab9fa270f7495fe44d1559c1ac49795a30881a,2bbf5eba419b0650693f1e88326107bf9a346c68,persistence_corrected_2bbf5eba419b_6ed147cd_f83baf57
Persistence,3,3,2023-09-11,2023-09-14,12.28,12.67,0.39000000000000057,0.39000000000000057,0.15210000000000046,0,0,0,6ed147cd585e5e8083292683f9be3cf585e97e4d46fa0e3224d24a4e2b42cbbb,f83baf5732ffbf88b9a448a3d9ab9fa270f7495fe44d1559c1ac49795a30881a,2bbf5eba419b0650693f1e88326107bf9a346c68,persistence_corrected_2bbf5eba419b_6ed147cd_f83baf57
Persistence,3,3,2023-09-12,2023-09-15,12.04,15.7,3.66,3.66,13.395600000000002,0,0,0,6ed147cd585e5e8083292683f9be3cf585e97e4d46fa0e3224d24a4e2b42cbbb,f83baf5732ffbf88b9a448a3d9ab9fa270f7495fe44d1559c1ac49795a30881a,2bbf5eba419b0650693f1e88326107bf9a346c68,persistence_corrected_2bbf5eba419b_6ed147cd_f83baf57
Persistence,3,3,2023-09-13,2023-09-16,9.19,14.26,5.07,5.07,25.704900000000002,0,0,0,6ed147cd585e5e8083292683f9be3cf585e97e4d46fa0e3224d24a4e2b42cbbb,f83baf5732ffbf88b9a448a3d9ab9fa270f7495fe44d1559c1ac49795a30881a,2bbf5eba419b0650693f1e88326107bf9a346c68,persistence_corrected_2bbf5eba419b_6ed147cd_f83baf57
Persistence,3,3,2023-09-14,2023-09-17,10.2,12.28,2.08,2.08,4.3264000000000005,0,0,0,6ed147cd585e5e8083292683f9be3cf585e97e4d46fa0e3224d24a4e2b42cbbb,f83baf5732ffbf88b9a448a3d9ab9fa270f7495fe44d1559c1ac49795a30881a,2bbf5eba419b0650693f1e88326107bf9a346c68,persistence_corrected_2bbf5eba419b_6ed147cd_f83baf57
Persistence,3,3,2023-09-15,2023-09-18,7.15,12.04,4.889999999999999,4.889999999999999,23.912099999999988,0,0,0,6ed147cd585e5e8083292683f9be3cf585e97e4d46fa0e3224d24a4e2b42cbbb,f83baf5732ffbf88b9a448a3d9ab9fa270f7495fe44d1559c1ac49795a30881a,2bbf5eba419b0650693f1e88326107bf9a346c68,persistence_corrected_2bbf5eba419b_6ed147cd_f83baf57
Persistence,3,3,2023-09-16,2023-09-19,12.17,9.19,-2.9800000000000004,2.9800000000000004,8.880400000000003,0,0,0,6ed147cd585e5e8083292683f9be3cf585e97e4d46fa0e3224d24a4e2b42cbbb,f83baf5732ffbf88b9a448a3d9ab9fa270f7495fe44d1559c1ac49795a30881a,2bbf5eba419b0650693f1e88326107bf9a346c68,persistence_corrected_2bbf5eba419b_6ed147cd_f83baf57
Persistence,3,3,2023-09-17,2023-09-20,11.05,10.2,-0.8500000000000014,0.8500000000000014,0.7225000000000024,0,0,0,6ed147cd585e5e8083292683f9be3cf585e97e4d46fa0e3224d24a4e2b42cbbb,f83baf5732ffbf88b9a448a3d9ab9fa270f7495fe44d1559c1ac49795a30881a,2bbf5eba419b0650693f1e88326107bf9a346c68,persistence_corrected_2bbf5eba419b_6ed147cd_f83baf57
Persistence,3,3,2023-09-18,2023-09-21,11.64,7.15,-4.49,4.49,20.160100000000003,0,0,0,6ed147cd585e5e8083292683f9be3cf585e97e4d46fa0e3224d24a4e2b42cbbb,f83baf5732ffbf88b9a448a3d9ab9fa270f7495fe44d1559c1ac49795a30881a,2bbf5eba419b0650693f1e88326107bf9a346c68,persistence_corrected_2bbf5eba419b_6ed147cd_f83baf57
Persistence,3,3,2023-09-19,2023-09-22,11.64,12.17,0.5299999999999994,0.5299999999999994,0.2808999999999993,0,0,0,6ed147cd585e5e8083292683f9be3cf585e97e4d46fa0e3224d24a4e2b42cbbb,f83baf5732ffbf88b9a448a3d9ab9fa270f7495fe44d1559c1ac49795a30881a,2bbf5eba419b0650693f1e88326107bf9a346c68,persistence_corrected_2bbf5eba419b_6ed147cd_f83baf57
Persistence,3,3,2023-09-20,2023-09-23,10.4,11.05,0.6500000000000004,0.6500000000000004,0.4225000000000005,0,0,0,6ed147cd585e5e8083292683f9be3cf585e97e4d46fa0e3224d24a4e2b42cbbb,f83baf5732ffbf88b9a448a3d9ab9fa270f7495fe44d1559c1ac49795a30881a,2bbf5eba419b0650693f1e88326107bf9a346c68,persistence_corrected_2bbf5eba419b_6ed147cd_f83baf57
Persistence,3,3,2023-09-21,2023-09-24,9.74,11.64,1.9000000000000004,1.9000000000000004,3.610000000000001,0,0,0,6ed147cd585e5e8083292683f9be3cf585e97e4d46fa0e3224d24a4e2b42cbbb,f83baf5732ffbf88b9a448a3d9ab9fa270f7495fe44d1559c1ac49795a30881a,2bbf5eba419b0650693f1e88326107bf9a346c68,persistence_corrected_2bbf5eba419b_6ed147cd_f83baf57
Persistence,3,3,2023-09-22,2023-09-25,12.97,11.64,-1.33,1.33,1.7689000000000001,0,0,0,6ed147cd585e5e8083292683f9be3cf585e97e4d46fa0e3224d24a4e2b42cbbb,f83baf5732ffbf88b9a448a3d9ab9fa270f7495fe44d1559c1ac49795a30881a,2bbf5eba419b0650693f1e88326107bf9a346c68,persistence_corrected_2bbf5eba419b_6ed147cd_f83baf57
Persistence,3,3,2023-09-23,2023-09-26,15.56,10.4,-5.16,5.16,26.625600000000002,1,0,0,6ed147cd585e5e8083292683f9be3cf585e97e4d46fa0e3224d24a4e2b42cbbb,f83baf5732ffbf88b9a448a3d9ab9fa270f7495fe44d1559c1ac49795a30881a,2bbf5eba419b0650693f1e88326107bf9a346c68,persistence_corrected_2bbf5eba419b_6ed147cd_f83baf57
Persistence,3,3,2023-09-24,2023-09-27,17.56,9.74,-7.8199999999999985,7.8199999999999985,61.15239999999998,1,1,1,6ed147cd585e5e8083292683f9be3cf585e97e4d46fa0e3224d24a4e2b42cbbb,f83baf5732ffbf88b9a448a3d9ab9fa270f7495fe44d1559c1ac49795a30881a,2bbf5eba419b0650693f1e88326107bf9a346c68,persistence_corrected_2bbf5eba419b_6ed147cd_f83baf57
Persistence,3,3,2023-09-25,2023-09-28,16.58,12.97,-3.6099999999999977,3.6099999999999977,13.032099999999984,1,1,0,6ed147cd585e5e8083292683f9be3cf585e97e4d46fa0e3224d24a4e2b42cbbb,f83baf5732ffbf88b9a448a3d9ab9fa270f7495fe44d1559c1ac49795a30881a,2bbf5eba419b0650693f1e88326107bf9a346c68,persistence_corrected_2bbf5eba419b_6ed147cd_f83baf57
Persistence,3,3,2023-09-26,2023-09-29,16.36,15.56,-0.7999999999999989,0.7999999999999989,0.6399999999999983,1,1,0,6ed147cd585e5e8083292683f9be3cf585e97e4d46fa0e3224d24a4e2b42cbbb,f83baf5732ffbf88b9a448a3d9ab9fa270f7495fe44d1559c1ac49795a30881a,2bbf5eba419b0650693f1e88326107bf9a346c68,persistence_corrected_2bbf5eba419b_6ed147cd_f83baf57
Persistence,3,3,2023-09-27,2023-09-30,15.98,17.56,1.5799999999999983,1.5799999999999983,2.4963999999999946,1,0,0,6ed147cd585e5e8083292683f9be3cf585e97e4d46fa0e3224d24a4e2b42cbbb,f83baf5732ffbf88b9a448a3d9ab9fa270f7495fe44d1559c1ac49795a30881a,2bbf5eba419b0650693f1e88326107bf9a346c68,persistence_corrected_2bbf5eba419b_6ed147cd_f83baf57
Persistence,3,3,2023-09-28,2023-10-01,10.13,16.58,6.4499999999999975,6.4499999999999975,41.60249999999997,0,0,0,6ed147cd585e5e8083292683f9be3cf585e97e4d46fa0e3224d24a4e2b42cbbb,f83baf5732ffbf88b9a448a3d9ab9fa270f7495fe44d1559c1ac49795a30881a,2bbf5eba419b0650693f1e88326107bf9a346c68,persistence_corrected_2bbf5eba419b_6ed147cd_f83baf57
Persistence,3,3,2023-09-29,2023-10-02,10.34,16.36,6.02,6.02,36.240399999999994,0,0,0,6ed147cd585e5e8083292683f9be3cf585e97e4d46fa0e3224d24a4e2b42cbbb,f83baf5732ffbf88b9a448a3d9ab9fa270f7495fe44d1559c1ac49795a30881a,2bbf5eba419b0650693f1e88326107bf9a346c68,persistence_corrected_2bbf5eba419b_6ed147cd_f83baf57
Persistence,3,3,2023-09-30,2023-10-03,15.53,15.98,0.45000000000000107,0.45000000000000107,0.20250000000000096,1,0,0,6ed147cd585e5e8083292683f9be3cf585e97e4d46fa0e3224d24a4e2b42cbbb,f83baf5732ffbf88b9a448a3d9ab9fa270f7495fe44d1559c1ac49795a30881a,2bbf5eba419b0650693f1e88326107bf9a346c68,persistence_corrected_2bbf5eba419b_6ed147cd_f83baf57
Persistence,3,3,2023-10-01,2023-10-04,17.11,10.13,-6.979999999999999,6.979999999999999,48.720399999999984,1,1,1,6ed147cd585e5e8083292683f9be3cf585e97e4d46fa0e3224d24a4e2b42cbbb,f83baf5732ffbf88b9a448a3d9ab9fa270f7495fe44d1559c1ac49795a30881a,2bbf5eba419b0650693f1e88326107bf9a346c68,persistence_corrected_2bbf5eba419b_6ed147cd_f83baf57
Persistence,3,3,2023-10-02,2023-10-05,17.09,10.34,-6.75,6.75,45.5625,1,1,1,6ed147cd585e5e8083292683f9be3cf585e97e4d46fa0e3224d24a4e2b42cbbb,f83baf5732ffbf88b9a448a3d9ab9fa270f7495fe44d1559c1ac49795a30881a,2bbf5eba419b0650693f1e88326107bf9a346c68,persistence_corrected_2bbf5eba419b_6ed147cd_f83baf57
Persistence,3,3,2023-10-03,2023-10-06,14.6,15.53,0.9299999999999997,0.9299999999999997,0.8648999999999994,0,0,0,6ed147cd585e5e8083292683f9be3cf585e97e4d46fa0e3224d24a4e2b42cbbb,f83baf5732ffbf88b9a448a3d9ab9fa270f7495fe44d1559c1ac49795a30881a,2bbf5eba419b0650693f1e88326107bf9a346c68,persistence_corrected_2bbf5eba419b_6ed147cd_f83baf57
Persistence,3,3,2023-10-04,2023-10-07,15.72,17.11,1.3899999999999988,1.3899999999999988,1.9320999999999966,1,0,0,6ed147cd585e5e8083292683f9be3cf585e97e4d46fa0e3224d24a4e2b42cbbb,f83baf5732ffbf88b9a448a3d9ab9fa270f7495fe44d1559c1ac49795a30881a,2bbf5eba419b0650693f1e88326107bf9a346c68,persistence_corrected_2bbf5eba419b_6ed147cd_f83baf57
Persistence,3,3,2023-10-05,2023-10-08,16.32,17.09,0.7699999999999996,0.7699999999999996,0.5928999999999993,1,1,0,6ed147cd585e5e8083292683f9be3cf585e97e4d46fa0e3224d24a4e2b42cbbb,f83baf5732ffbf88b9a448a3d9ab9fa270f7495fe44d1559c1ac49795a30881a,2bbf5eba419b0650693f1e88326107bf9a346c68,persistence_corrected_2bbf5eba419b_6ed147cd_f83baf57
Persistence,3,3,2023-10-06,2023-10-09,13.67,14.6,0.9299999999999997,0.9299999999999997,0.8648999999999994,0,0,0,6ed147cd585e5e8083292683f9be3cf585e97e4d46fa0e3224d24a4e2b42cbbb,f83baf5732ffbf88b9a448a3d9ab9fa270f7495fe44d1559c1ac49795a30881a,2bbf5eba419b0650693f1e88326107bf9a346c68,persistence_corrected_2bbf5eba419b_6ed147cd_f83baf57
Persistence,3,3,2023-10-07,2023-10-10,11.98,15.72,3.74,3.74,13.987600000000002,0,0,0,6ed147cd585e5e8083292683f9be3cf585e97e4d46fa0e3224d24a4e2b42cbbb,f83baf5732ffbf88b9a448a3d9ab9fa270f7495fe44d1559c1ac49795a30881a,2bbf5eba419b0650693f1e88326107bf9a346c68,persistence_corrected_2bbf5eba419b_6ed147cd_f83baf57
Persistence,3,3,2023-10-08,2023-10-11,10.32,16.32,6.0,6.0,36.0,0,0,0,6ed147cd585e5e8083292683f9be3cf585e97e4d46fa0e3224d24a4e2b42cbbb,f83baf5732ffbf88b9a448a3d9ab9fa270f7495fe44d1559c1ac49795a30881a,2bbf5eba419b0650693f1e88326107bf9a346c68,persistence_corrected_2bbf5eba419b_6ed147cd_f83baf57
Persistence,3,3,2023-10-09,2023-10-12,17.41,13.67,-3.74,3.74,13.987600000000002,1,1,1,6ed147cd585e5e8083292683f9be3cf585e97e4d46fa0e3224d24a4e2b42cbbb,f83baf5732ffbf88b9a448a3d9ab9fa270f7495fe44d1559c1ac49795a30881a,2bbf5eba419b0650693f1e88326107bf9a346c68,persistence_corrected_2bbf5eba419b_6ed147cd_f83baf57
Persistence,3,3,2023-10-10,2023-10-13,17.69,11.98,-5.710000000000001,5.710000000000001,32.60410000000001,1,1,1,6ed147cd585e5e8083292683f9be3cf585e97e4d46fa0e3224d24a4e2b42cbbb,f83baf5732ffbf88b9a448a3d9ab9fa270f7495fe44d1559c1ac49795a30881a,2bbf5eba419b0650693f1e88326107bf9a346c68,persistence_corrected_2bbf5eba419b_6ed147cd_f83baf57
Persistence,3,3,2023-10-11,2023-10-14,16.43,10.32,-6.109999999999999,6.109999999999999,37.33209999999999,1,1,0,6ed147cd585e5e8083292683f9be3cf585e97e4d46fa0e3224d24a4e2b42cbbb,f83baf5732ffbf88b9a448a3d9ab9fa270f7495fe44d1559c1ac49795a30881a,2bbf5eba419b0650693f1e88326107bf9a346c68,persistence_corrected_2bbf5eba419b_6ed147cd_f83baf57
Persistence,3,3,2023-10-12,2023-10-15,16.92,17.41,0.48999999999999844,0.48999999999999844,0.24009999999999848,1,1,0,6ed147cd585e5e8083292683f9be3cf585e97e4d46fa0e3224d24a4e2b42cbbb,f83baf5732ffbf88b9a448a3d9ab9fa270f7495fe44d1559c1ac49795a30881a,2bbf5eba419b0650693f1e88326107bf9a346c68,persistence_corrected_2bbf5eba419b_6ed147cd_f83baf57
Persistence,3,3,2023-10-13,2023-10-16,16.98,17.69,0.7100000000000009,0.7100000000000009,0.5041000000000012,1,1,0,6ed147cd585e5e8083292683f9be3cf585e97e4d46fa0e3224d24a4e2b42cbbb,f83baf5732ffbf88b9a448a3d9ab9fa270f7495fe44d1559c1ac49795a30881a,2bbf5eba419b0650693f1e88326107bf9a346c68,persistence_corrected_2bbf5eba419b_6ed147cd_f83baf57
Persistence,3,3,2023-10-14,2023-10-17,16.64,16.43,-0.21000000000000085,0.21000000000000085,0.04410000000000036,1,1,0,6ed147cd585e5e8083292683f9be3cf585e97e4d46fa0e3224d24a4e2b42cbbb,f83baf5732ffbf88b9a448a3d9ab9fa270f7495fe44d1559c1ac49795a30881a,2bbf5eba419b0650693f1e88326107bf9a346c68,persistence_corrected_2bbf5eba419b_6ed147cd_f83baf57
Persistence,3,3,2023-10-15,2023-10-18,16.4,16.92,0.5200000000000031,0.5200000000000031,0.27040000000000325,1,1,0,6ed147cd585e5e8083292683f9be3cf585e97e4d46fa0e3224d24a4e2b42cbbb,f83baf5732ffbf88b9a448a3d9ab9fa270f7495fe44d1559c1ac49795a30881a,2bbf5eba419b0650693f1e88326107bf9a346c68,persistence_corrected_2bbf5eba419b_6ed147cd_f83baf57
Persistence,3,3,2023-10-16,2023-10-19,16.8,16.98,0.17999999999999972,0.17999999999999972,0.0323999999999999,1,1,0,6ed147cd585e5e8083292683f9be3cf585e97e4d46fa0e3224d24a4e2b42cbbb,f83baf5732ffbf88b9a448a3d9ab9fa270f7495fe44d1559c1ac49795a30881a,2bbf5eba419b0650693f1e88326107bf9a346c68,persistence_corrected_2bbf5eba419b_6ed147cd_f83baf57
Persistence,3,3,2023-10-17,2023-10-20,17.82,16.64,-1.1799999999999997,1.1799999999999997,1.3923999999999994,1,1,1,6ed147cd585e5e8083292683f9be3cf585e97e4d46fa0e3224d24a4e2b42cbbb,f83baf5732ffbf88b9a448a3d9ab9fa270f7495fe44d1559c1ac49795a30881a,2bbf5eba419b0650693f1e88326107bf9a346c68,persistence_corrected_2bbf5eba419b_6ed147cd_f83baf57
Persistence,3,3,2023-10-18,2023-10-21,16.32,16.4,0.0799999999999983,0.0799999999999983,0.006399999999999727,1,1,0,6ed147cd585e5e8083292683f9be3cf585e97e4d46fa0e3224d24a4e2b42cbbb,f83baf5732ffbf88b9a448a3d9ab9fa270f7495fe44d1559c1ac49795a30881a,2bbf5eba419b0650693f1e88326107bf9a346c68,persistence_corrected_2bbf5eba419b_6ed147cd_f83baf57
Persistence,3,3,2023-10-19,2023-10-22,13.3,16.8,3.5,3.5,12.25,0,0,0,6ed147cd585e5e8083292683f9be3cf585e97e4d46fa0e3224d24a4e2b42cbbb,f83baf5732ffbf88b9a448a3d9ab9fa270f7495fe44d1559c1ac49795a30881a,2bbf5eba419b0650693f1e88326107bf9a346c68,persistence_corrected_2bbf5eba419b_6ed147cd_f83baf57
Persistence,3,3,2023-10-20,2023-10-23,15.79,17.82,2.030000000000001,2.030000000000001,4.120900000000004,1,0,0,6ed147cd585e5e8083292683f9be3cf585e97e4d46fa0e3224d24a4e2b42cbbb,f83baf5732ffbf88b9a448a3d9ab9fa270f7495fe44d1559c1ac49795a30881a,2bbf5eba419b0650693f1e88326107bf9a346c68,persistence_corrected_2bbf5eba419b_6ed147cd_f83baf57
Persistence,3,3,2023-10-21,2023-10-24,15.18,16.32,1.1400000000000006,1.1400000000000006,1.2996000000000012,1,0,0,6ed147cd585e5e8083292683f9be3cf585e97e4d46fa0e3224d24a4e2b42cbbb,f83baf5732ffbf88b9a448a3d9ab9fa270f7495fe44d1559c1ac49795a30881a,2bbf5eba419b0650693f1e88326107bf9a346c68,persistence_corrected_2bbf5eba419b_6ed147cd_f83baf57
Persistence,3,3,2023-10-22,2023-10-25,17.23,13.3,-3.9299999999999997,3.9299999999999997,15.444899999999997,1,1,1,6ed147cd585e5e8083292683f9be3cf585e97e4d46fa0e3224d24a4e2b42cbbb,f83baf5732ffbf88b9a448a3d9ab9fa270f7495fe44d1559c1ac49795a30881a,2bbf5eba419b0650693f1e88326107bf9a346c68,persistence_corrected_2bbf5eba419b_6ed147cd_f83baf57
Persistence,3,3,2023-10-23,2023-10-26,17.98,15.79,-2.1900000000000013,2.1900000000000013,4.796100000000005,1,1,1,6ed147cd585e5e8083292683f9be3cf585e97e4d46fa0e3224d24a4e2b42cbbb,f83baf5732ffbf88b9a448a3d9ab9fa270f7495fe44d1559c1ac49795a30881a,2bbf5eba419b0650693f1e88326107bf9a346c68,persistence_corrected_2bbf5eba419b_6ed147cd_f83baf57
Persistence,3,3,2023-10-24,2023-10-27,16.37,15.18,-1.1900000000000013,1.1900000000000013,1.416100000000003,1,1,0,6ed147cd585e5e8083292683f9be3cf585e97e4d46fa0e3224d24a4e2b42cbbb,f83baf5732ffbf88b9a448a3d9ab9fa270f7495fe44d1559c1ac49795a30881a,2bbf5eba419b0650693f1e88326107bf9a346c68,persistence_corrected_2bbf5eba419b_6ed147cd_f83baf57
Persistence,3,3,2023-10-25,2023-10-28,16.44,17.23,0.7899999999999991,0.7899999999999991,0.6240999999999987,1,1,0,6ed147cd585e5e8083292683f9be3cf585e97e4d46fa0e3224d24a4e2b42cbbb,f83baf5732ffbf88b9a448a3d9ab9fa270f7495fe44d1559c1ac49795a30881a,2bbf5eba419b0650693f1e88326107bf9a346c68,persistence_corrected_2bbf5eba419b_6ed147cd_f83baf57
Persistence,3,3,2023-10-26,2023-10-29,14.12,17.98,3.860000000000001,3.860000000000001,14.89960000000001,0,0,0,6ed147cd585e5e8083292683f9be3cf585e97e4d46fa0e3224d24a4e2b42cbbb,f83baf5732ffbf88b9a448a3d9ab9fa270f7495fe44d1559c1ac49795a30881a,2bbf5eba419b0650693f1e88326107bf9a346c68,persistence_corrected_2bbf5eba419b_6ed147cd_f83baf57
Persistence,3,3,2023-10-27,2023-10-30,15.59,16.37,0.7800000000000011,0.7800000000000011,0.6084000000000018,1,0,0,6ed147cd585e5e8083292683f9be3cf585e97e4d46fa0e3224d24a4e2b42cbbb,f83baf5732ffbf88b9a448a3d9ab9fa270f7495fe44d1559c1ac49795a30881a,2bbf5eba419b0650693f1e88326107bf9a346c68,persistence_corrected_2bbf5eba419b_6ed147cd_f83baf57
Persistence,3,3,2023-10-28,2023-10-31,17.76,16.44,-1.3200000000000003,1.3200000000000003,1.7424000000000008,1,1,1,6ed147cd585e5e8083292683f9be3cf585e97e4d46fa0e3224d24a4e2b42cbbb,f83baf5732ffbf88b9a448a3d9ab9fa270f7495fe44d1559c1ac49795a30881a,2bbf5eba419b0650693f1e88326107bf9a346c68,persistence_corrected_2bbf5eba419b_6ed147cd_f83baf57
Persistence,5,1,2021-10-10,2021-10-15,15.1,13.13,-1.9699999999999989,1.9699999999999989,3.8808999999999956,1,0,0,6ed147cd585e5e8083292683f9be3cf585e97e4d46fa0e3224d24a4e2b42cbbb,f83baf5732ffbf88b9a448a3d9ab9fa270f7495fe44d1559c1ac49795a30881a,2bbf5eba419b0650693f1e88326107bf9a346c68,persistence_corrected_2bbf5eba419b_6ed147cd_f83baf57
Persistence,5,1,2021-10-11,2021-10-16,11.35,14.65,3.3000000000000007,3.3000000000000007,10.890000000000004,0,0,0,6ed147cd585e5e8083292683f9be3cf585e97e4d46fa0e3224d24a4e2b42cbbb,f83baf5732ffbf88b9a448a3d9ab9fa270f7495fe44d1559c1ac49795a30881a,2bbf5eba419b0650693f1e88326107bf9a346c68,persistence_corrected_2bbf5eba419b_6ed147cd_f83baf57
Persistence,5,1,2021-10-12,2021-10-17,11.58,12.77,1.1899999999999995,1.1899999999999995,1.4160999999999988,0,0,0,6ed147cd585e5e8083292683f9be3cf585e97e4d46fa0e3224d24a4e2b42cbbb,f83baf5732ffbf88b9a448a3d9ab9fa270f7495fe44d1559c1ac49795a30881a,2bbf5eba419b0650693f1e88326107bf9a346c68,persistence_corrected_2bbf5eba419b_6ed147cd_f83baf57
Persistence,5,1,2021-10-13,2021-10-18,13.26,14.23,0.9700000000000006,0.9700000000000006,0.9409000000000013,0,0,0,6ed147cd585e5e8083292683f9be3cf585e97e4d46fa0e3224d24a4e2b42cbbb,f83baf5732ffbf88b9a448a3d9ab9fa270f7495fe44d1559c1ac49795a30881a,2bbf5eba419b0650693f1e88326107bf9a346c68,persistence_corrected_2bbf5eba419b_6ed147cd_f83baf57
Persistence,5,1,2021-10-14,2021-10-19,14.13,16.94,2.8100000000000005,2.8100000000000005,7.896100000000003,0,0,0,6ed147cd585e5e8083292683f9be3cf585e97e4d46fa0e3224d24a4e2b42cbbb,f83baf5732ffbf88b9a448a3d9ab9fa270f7495fe44d1559c1ac49795a30881a,2bbf5eba419b0650693f1e88326107bf9a346c68,persistence_corrected_2bbf5eba419b_6ed147cd_f83baf57
Persistence,5,1,2021-10-15,2021-10-20,17.01,15.1,-1.910000000000002,1.910000000000002,3.6481000000000074,1,1,1,6ed147cd585e5e8083292683f9be3cf585e97e4d46fa0e3224d24a4e2b42cbbb,f83baf5732ffbf88b9a448a3d9ab9fa270f7495fe44d1559c1ac49795a30881a,2bbf5eba419b0650693f1e88326107bf9a346c68,persistence_corrected_2bbf5eba419b_6ed147cd_f83baf57
Persistence,5,1,2021-10-16,2021-10-21,14.11,11.35,-2.76,2.76,7.617599999999999,0,0,0,6ed147cd585e5e8083292683f9be3cf585e97e4d46fa0e3224d24a4e2b42cbbb,f83baf5732ffbf88b9a448a3d9ab9fa270f7495fe44d1559c1ac49795a30881a,2bbf5eba419b0650693f1e88326107bf9a346c68,persistence_corrected_2bbf5eba419b_6ed147cd_f83baf57
Persistence,5,1,2021-10-17,2021-10-22,13.32,11.58,-1.7400000000000002,1.7400000000000002,3.027600000000001,0,0,0,6ed147cd585e5e8083292683f9be3cf585e97e4d46fa0e3224d24a4e2b42cbbb,f83baf5732ffbf88b9a448a3d9ab9fa270f7495fe44d1559c1ac49795a30881a,2bbf5eba419b0650693f1e88326107bf9a346c68,persistence_corrected_2bbf5eba419b_6ed147cd_f83baf57
Persistence,5,1,2021-10-18,2021-10-23,14.24,13.26,-0.9800000000000004,0.9800000000000004,0.9604000000000008,0,0,0,6ed147cd585e5e8083292683f9be3cf585e97e4d46fa0e3224d24a4e2b42cbbb,f83baf5732ffbf88b9a448a3d9ab9fa270f7495fe44d1559c1ac49795a30881a,2bbf5eba419b0650693f1e88326107bf9a346c68,persistence_corrected_2bbf5eba419b_6ed147cd_f83baf57
Persistence,5,1,2021-10-19,2021-10-24,15.48,14.13,-1.3499999999999996,1.3499999999999996,1.8224999999999991,1,0,0,6ed147cd585e5e8083292683f9be3cf585e97e4d46fa0e3224d24a4e2b42cbbb,f83baf5732ffbf88b9a448a3d9ab9fa270f7495fe44d1559c1ac49795a30881a,2bbf5eba419b0650693f1e88326107bf9a346c68,persistence_corrected_2bbf5eba419b_6ed147cd_f83baf57
Persistence,5,1,2021-10-20,2021-10-25,19.6,17.01,-2.59,2.59,6.708099999999999,1,1,1,6ed147cd585e5e8083292683f9be3cf585e97e4d46fa0e3224d24a4e2b42cbbb,f83baf5732ffbf88b9a448a3d9ab9fa270f7495fe44d1559c1ac49795a30881a,2bbf5eba419b0650693f1e88326107bf9a346c68,persistence_corrected_2bbf5eba419b_6ed147cd_f83baf57
Persistence,5,1,2021-10-21,2021-10-26,15.56,14.11,-1.450000000000001,1.450000000000001,2.102500000000003,1,0,0,6ed147cd585e5e8083292683f9be3cf585e97e4d46fa0e3224d24a4e2b42cbbb,f83baf5732ffbf88b9a448a3d9ab9fa270f7495fe44d1559c1ac49795a30881a,2bbf5eba419b0650693f1e88326107bf9a346c68,persistence_corrected_2bbf5eba419b_6ed147cd_f83baf57
Persistence,5,1,2021-10-22,2021-10-27,13.31,13.32,0.009999999999999787,0.009999999999999787,9.999999999999574e-05,0,0,0,6ed147cd585e5e8083292683f9be3cf585e97e4d46fa0e3224d24a4e2b42cbbb,f83baf5732ffbf88b9a448a3d9ab9fa270f7495fe44d1559c1ac49795a30881a,2bbf5eba419b0650693f1e88326107bf9a346c68,persistence_corrected_2bbf5eba419b_6ed147cd_f83baf57
Persistence,5,1,2021-10-23,2021-10-28,15.19,14.24,-0.9499999999999993,0.9499999999999993,0.9024999999999986,1,0,0,6ed147cd585e5e8083292683f9be3cf585e97e4d46fa0e3224d24a4e2b42cbbb,f83baf5732ffbf88b9a448a3d9ab9fa270f7495fe44d1559c1ac49795a30881a,2bbf5eba419b0650693f1e88326107bf9a346c68,persistence_corrected_2bbf5eba419b_6ed147cd_f83baf57
Persistence,5,1,2021-10-24,2021-10-29,17.0,15.48,-1.5199999999999996,1.5199999999999996,2.3103999999999987,1,1,1,6ed147cd585e5e8083292683f9be3cf585e97e4d46fa0e3224d24a4e2b42cbbb,f83baf5732ffbf88b9a448a3d9ab9fa270f7495fe44d1559c1ac49795a30881a,2bbf5eba419b0650693f1e88326107bf9a346c68,persistence_corrected_2bbf5eba419b_6ed147cd_f83baf57
Persistence,5,1,2021-10-25,2021-10-30,15.17,19.6,4.4300000000000015,4.4300000000000015,19.624900000000014,1,0,0,6ed147cd585e5e8083292683f9be3cf585e97e4d46fa0e3224d24a4e2b42cbbb,f83baf5732ffbf88b9a448a3d9ab9fa270f7495fe44d1559c1ac49795a30881a,2bbf5eba419b0650693f1e88326107bf9a346c68,persistence_corrected_2bbf5eba419b_6ed147cd_f83baf57
Persistence,5,1,2021-10-26,2021-10-31,14.34,15.56,1.2200000000000006,1.2200000000000006,1.4884000000000015,0,0,0,6ed147cd585e5e8083292683f9be3cf585e97e4d46fa0e3224d24a4e2b42cbbb,f83baf5732ffbf88b9a448a3d9ab9fa270f7495fe44d1559c1ac49795a30881a,2bbf5eba419b0650693f1e88326107bf9a346c68,persistence_corrected_2bbf5eba419b_6ed147cd_f83baf57
Persistence,5,1,2021-10-27,2021-11-01,15.41,13.31,-2.0999999999999996,2.0999999999999996,4.409999999999998,1,0,0,6ed147cd585e5e8083292683f9be3cf585e97e4d46fa0e3224d24a4e2b42cbbb,f83baf5732ffbf88b9a448a3d9ab9fa270f7495fe44d1559c1ac49795a30881a,2bbf5eba419b0650693f1e88326107bf9a346c68,persistence_corrected_2bbf5eba419b_6ed147cd_f83baf57
Persistence,5,1,2021-10-28,2021-11-02,15.17,15.19,0.019999999999999574,0.019999999999999574,0.00039999999999998294,1,0,0,6ed147cd585e5e8083292683f9be3cf585e97e4d46fa0e3224d24a4e2b42cbbb,f83baf5732ffbf88b9a448a3d9ab9fa270f7495fe44d1559c1ac49795a30881a,2bbf5eba419b0650693f1e88326107bf9a346c68,persistence_corrected_2bbf5eba419b_6ed147cd_f83baf57
Persistence,5,1,2021-10-29,2021-11-03,13.4,17.0,3.5999999999999996,3.5999999999999996,12.959999999999997,0,0,0,6ed147cd585e5e8083292683f9be3cf585e97e4d46fa0e3224d24a4e2b42cbbb,f83baf5732ffbf88b9a448a3d9ab9fa270f7495fe44d1559c1ac49795a30881a,2bbf5eba419b0650693f1e88326107bf9a346c68,persistence_corrected_2bbf5eba419b_6ed147cd_f83baf57
Persistence,5,1,2021-10-30,2021-11-04,15.12,15.17,0.05000000000000071,0.05000000000000071,0.002500000000000071,1,0,0,6ed147cd585e5e8083292683f9be3cf585e97e4d46fa0e3224d24a4e2b42cbbb,f83baf5732ffbf88b9a448a3d9ab9fa270f7495fe44d1559c1ac49795a30881a,2bbf5eba419b0650693f1e88326107bf9a346c68,persistence_corrected_2bbf5eba419b_6ed147cd_f83baf57
Persistence,5,1,2021-10-31,2021-11-05,12.8,14.34,1.5399999999999991,1.5399999999999991,2.3715999999999973,0,0,0,6ed147cd585e5e8083292683f9be3cf585e97e4d46fa0e3224d24a4e2b42cbbb,f83baf5732ffbf88b9a448a3d9ab9fa270f7495fe44d1559c1ac49795a30881a,2bbf5eba419b0650693f1e88326107bf9a346c68,persistence_corrected_2bbf5eba419b_6ed147cd_f83baf57
Persistence,5,1,2021-11-01,2021-11-06,12.34,15.41,3.0700000000000003,3.0700000000000003,9.424900000000001,0,0,0,6ed147cd585e5e8083292683f9be3cf585e97e4d46fa0e3224d24a4e2b42cbbb,f83baf5732ffbf88b9a448a3d9ab9fa270f7495fe44d1559c1ac49795a30881a,2bbf5eba419b0650693f1e88326107bf9a346c68,persistence_corrected_2bbf5eba419b_6ed147cd_f83baf57
Persistence,5,1,2021-11-02,2021-11-07,13.03,15.17,2.1400000000000006,2.1400000000000006,4.579600000000003,0,0,0,6ed147cd585e5e8083292683f9be3cf585e97e4d46fa0e3224d24a4e2b42cbbb,f83baf5732ffbf88b9a448a3d9ab9fa270f7495fe44d1559c1ac49795a30881a,2bbf5eba419b0650693f1e88326107bf9a346c68,persistence_corrected_2bbf5eba419b_6ed147cd_f83baf57
Persistence,5,1,2021-11-03,2021-11-08,13.2,13.4,0.20000000000000107,0.20000000000000107,0.040000000000000424,0,0,0,6ed147cd585e5e8083292683f9be3cf585e97e4d46fa0e3224d24a4e2b42cbbb,f83baf5732ffbf88b9a448a3d9ab9fa270f7495fe44d1559c1ac49795a30881a,2bbf5eba419b0650693f1e88326107bf9a346c68,persistence_corrected_2bbf5eba419b_6ed147cd_f83baf57
Persistence,5,1,2021-11-04,2021-11-09,14.39,15.12,0.7299999999999986,0.7299999999999986,0.532899999999998,0,0,0,6ed147cd585e5e8083292683f9be3cf585e97e4d46fa0e3224d24a4e2b42cbbb,f83baf5732ffbf88b9a448a3d9ab9fa270f7495fe44d1559c1ac49795a30881a,2bbf5eba419b0650693f1e88326107bf9a346c68,persistence_corrected_2bbf5eba419b_6ed147cd_f83baf57
Persistence,5,1,2021-11-05,2021-11-10,11.54,12.8,1.2600000000000016,1.2600000000000016,1.587600000000004,0,0,0,6ed147cd585e5e8083292683f9be3cf585e97e4d46fa0e3224d24a4e2b42cbbb,f83baf5732ffbf88b9a448a3d9ab9fa270f7495fe44d1559c1ac49795a30881a,2bbf5eba419b0650693f1e88326107bf9a346c68,persistence_corrected_2bbf5eba419b_6ed147cd_f83baf57
Persistence,5,1,2021-11-06,2021-11-11,12.82,12.34,-0.4800000000000004,0.4800000000000004,0.2304000000000004,0,0,0,6ed147cd585e5e8083292683f9be3cf585e97e4d46fa0e3224d24a4e2b42cbbb,f83baf5732ffbf88b9a448a3d9ab9fa270f7495fe44d1559c1ac49795a30881a,2bbf5eba419b0650693f1e88326107bf9a346c68,persistence_corrected_2bbf5eba419b_6ed147cd_f83baf57
Persistence,5,1,2021-11-07,2021-11-12,13.54,13.03,-0.5099999999999998,0.5099999999999998,0.2600999999999998,0,0,0,6ed147cd585e5e8083292683f9be3cf585e97e4d46fa0e3224d24a4e2b42cbbb,f83baf5732ffbf88b9a448a3d9ab9fa270f7495fe44d1559c1ac49795a30881a,2bbf5eba419b0650693f1e88326107bf9a346c68,persistence_corrected_2bbf5eba419b_6ed147cd_f83baf57
Persistence,5,1,2021-11-08,2021-11-13,13.92,13.2,-0.7200000000000006,0.7200000000000006,0.518400000000001,0,0,0,6ed147cd585e5e8083292683f9be3cf585e97e4d46fa0e3224d24a4e2b42cbbb,f83baf5732ffbf88b9a448a3d9ab9fa270f7495fe44d1559c1ac49795a30881a,2bbf5eba419b0650693f1e88326107bf9a346c68,persistence_corrected_2bbf5eba419b_6ed147cd_f83baf57
Persistence,5,1,2021-11-09,2021-11-14,15.8,14.39,-1.4100000000000001,1.4100000000000001,1.9881000000000004,1,0,0,6ed147cd585e5e8083292683f9be3cf585e97e4d46fa0e3224d24a4e2b42cbbb,f83baf5732ffbf88b9a448a3d9ab9fa270f7495fe44d1559c1ac49795a30881a,2bbf5eba419b0650693f1e88326107bf9a346c68,persistence_corrected_2bbf5eba419b_6ed147cd_f83baf57
Persistence,5,1,2021-11-10,2021-11-15,14.69,11.54,-3.1500000000000004,3.1500000000000004,9.922500000000003,0,0,0,6ed147cd585e5e8083292683f9be3cf585e97e4d46fa0e3224d24a4e2b42cbbb,f83baf5732ffbf88b9a448a3d9ab9fa270f7495fe44d1559c1ac49795a30881a,2bbf5eba419b0650693f1e88326107bf9a346c68,persistence_corrected_2bbf5eba419b_6ed147cd_f83baf57
Persistence,5,1,2021-11-11,2021-11-16,12.83,12.82,-0.009999999999999787,0.009999999999999787,9.999999999999574e-05,0,0,0,6ed147cd585e5e8083292683f9be3cf585e97e4d46fa0e3224d24a4e2b42cbbb,f83baf5732ffbf88b9a448a3d9ab9fa270f7495fe44d1559c1ac49795a30881a,2bbf5eba419b0650693f1e88326107bf9a346c68,persistence_corrected_2bbf5eba419b_6ed147cd_f83baf57
Persistence,5,1,2021-11-12,2021-11-17,12.32,13.54,1.2199999999999989,1.2199999999999989,1.4883999999999973,0,0,0,6ed147cd585e5e8083292683f9be3cf585e97e4d46fa0e3224d24a4e2b42cbbb,f83baf5732ffbf88b9a448a3d9ab9fa270f7495fe44d1559c1ac49795a30881a,2bbf5eba419b0650693f1e88326107bf9a346c68,persistence_corrected_2bbf5eba419b_6ed147cd_f83baf57
Persistence,5,1,2021-11-13,2021-11-18,17.99,13.92,-4.0699999999999985,4.0699999999999985,16.564899999999987,1,1,1,6ed147cd585e5e8083292683f9be3cf585e97e4d46fa0e3224d24a4e2b42cbbb,f83baf5732ffbf88b9a448a3d9ab9fa270f7495fe44d1559c1ac49795a30881a,2bbf5eba419b0650693f1e88326107bf9a346c68,persistence_corrected_2bbf5eba419b_6ed147cd_f83baf57
Persistence,5,1,2021-11-14,2021-11-19,17.94,15.8,-2.1400000000000006,2.1400000000000006,4.579600000000003,1,1,1,6ed147cd585e5e8083292683f9be3cf585e97e4d46fa0e3224d24a4e2b42cbbb,f83baf5732ffbf88b9a448a3d9ab9fa270f7495fe44d1559c1ac49795a30881a,2bbf5eba419b0650693f1e88326107bf9a346c68,persistence_corrected_2bbf5eba419b_6ed147cd_f83baf57
Persistence,5,1,2021-11-15,2021-11-20,11.8,14.69,2.889999999999999,2.889999999999999,8.352099999999993,0,0,0,6ed147cd585e5e8083292683f9be3cf585e97e4d46fa0e3224d24a4e2b42cbbb,f83baf5732ffbf88b9a448a3d9ab9fa270f7495fe44d1559c1ac49795a30881a,2bbf5eba419b0650693f1e88326107bf9a346c68,persistence_corrected_2bbf5eba419b_6ed147cd_f83baf57
Persistence,5,1,2021-11-16,2021-11-21,11.89,12.83,0.9399999999999995,0.9399999999999995,0.883599999999999,0,0,0,6ed147cd585e5e8083292683f9be3cf585e97e4d46fa0e3224d24a4e2b42cbbb,f83baf5732ffbf88b9a448a3d9ab9fa270f7495fe44d1559c1ac49795a30881a,2bbf5eba419b0650693f1e88326107bf9a346c68,persistence_corrected_2bbf5eba419b_6ed147cd_f83baf57
Persistence,5,1,2021-11-17,2021-11-22,12.22,12.32,0.09999999999999964,0.09999999999999964,0.009999999999999929,0,0,0,6ed147cd585e5e8083292683f9be3cf585e97e4d46fa0e3224d24a4e2b42cbbb,f83baf5732ffbf88b9a448a3d9ab9fa270f7495fe44d1559c1ac49795a30881a,2bbf5eba419b0650693f1e88326107bf9a346c68,persistence_corrected_2bbf5eba419b_6ed147cd_f83baf57
Persistence,5,1,2021-11-18,2021-11-23,13.13,17.99,4.859999999999998,4.859999999999998,23.619599999999977,0,0,0,6ed147cd585e5e8083292683f9be3cf585e97e4d46fa0e3224d24a4e2b42cbbb,f83baf5732ffbf88b9a448a3d9ab9fa270f7495fe44d1559c1ac49795a30881a,2bbf5eba419b0650693f1e88326107bf9a346c68,persistence_corrected_2bbf5eba419b_6ed147cd_f83baf57
Persistence,5,1,2021-11-19,2021-11-24,16.36,17.94,1.5800000000000018,1.5800000000000018,2.4964000000000057,1,1,0,6ed147cd585e5e8083292683f9be3cf585e97e4d46fa0e3224d24a4e2b42cbbb,f83baf5732ffbf88b9a448a3d9ab9fa270f7495fe44d1559c1ac49795a30881a,2bbf5eba419b0650693f1e88326107bf9a346c68,persistence_corrected_2bbf5eba419b_6ed147cd_f83baf57
Persistence,5,1,2021-11-20,2021-11-25,12.85,11.8,-1.049999999999999,1.049999999999999,1.1024999999999978,0,0,0,6ed147cd585e5e8083292683f9be3cf585e97e4d46fa0e3224d24a4e2b42cbbb,f83baf5732ffbf88b9a448a3d9ab9fa270f7495fe44d1559c1ac49795a30881a,2bbf5eba419b0650693f1e88326107bf9a346c68,persistence_corrected_2bbf5eba419b_6ed147cd_f83baf57
Persistence,5,1,2021-11-21,2021-11-26,11.66,11.89,0.23000000000000043,0.23000000000000043,0.0529000000000002,0,0,0,6ed147cd585e5e8083292683f9be3cf585e97e4d46fa0e3224d24a4e2b42cbbb,f83baf5732ffbf88b9a448a3d9ab9fa270f7495fe44d1559c1ac49795a30881a,2bbf5eba419b0650693f1e88326107bf9a346c68,persistence_corrected_2bbf5eba419b_6ed147cd_f83baf57
Persistence,5,1,2021-11-22,2021-11-27,13.7,12.22,-1.4799999999999986,1.4799999999999986,2.190399999999996,0,0,0,6ed147cd585e5e8083292683f9be3cf585e97e4d46fa0e3224d24a4e2b42cbbb,f83baf5732ffbf88b9a448a3d9ab9fa270f7495fe44d1559c1ac49795a30881a,2bbf5eba419b0650693f1e88326107bf9a346c68,persistence_corrected_2bbf5eba419b_6ed147cd_f83baf57
Persistence,5,1,2021-11-23,2021-11-28,13.18,13.13,-0.049999999999998934,0.049999999999998934,0.0024999999999998934,0,0,0,6ed147cd585e5e8083292683f9be3cf585e97e4d46fa0e3224d24a4e2b42cbbb,f83baf5732ffbf88b9a448a3d9ab9fa270f7495fe44d1559c1ac49795a30881a,2bbf5eba419b0650693f1e88326107bf9a346c68,persistence_corrected_2bbf5eba419b_6ed147cd_f83baf57
Persistence,5,1,2021-11-24,2021-11-29,13.79,16.36,2.5700000000000003,2.5700000000000003,6.6049000000000015,0,0,0,6ed147cd585e5e8083292683f9be3cf585e97e4d46fa0e3224d24a4e2b42cbbb,f83baf5732ffbf88b9a448a3d9ab9fa270f7495fe44d1559c1ac49795a30881a,2bbf5eba419b0650693f1e88326107bf9a346c68,persistence_corrected_2bbf5eba419b_6ed147cd_f83baf57
Persistence,5,1,2021-11-25,2021-11-30,12.22,12.85,0.629999999999999,0.629999999999999,0.39689999999999875,0,0,0,6ed147cd585e5e8083292683f9be3cf585e97e4d46fa0e3224d24a4e2b42cbbb,f83baf5732ffbf88b9a448a3d9ab9fa270f7495fe44d1559c1ac49795a30881a,2bbf5eba419b0650693f1e88326107bf9a346c68,persistence_corrected_2bbf5eba419b_6ed147cd_f83baf57
Persistence,5,1,2021-11-26,2021-12-01,10.84,11.66,0.8200000000000003,0.8200000000000003,0.6724000000000004,0,0,0,6ed147cd585e5e8083292683f9be3cf585e97e4d46fa0e3224d24a4e2b42cbbb,f83baf5732ffbf88b9a448a3d9ab9fa270f7495fe44d1559c1ac49795a30881a,2bbf5eba419b0650693f1e88326107bf9a346c68,persistence_corrected_2bbf5eba419b_6ed147cd_f83baf57
Persistence,5,1,2021-11-27,2021-12-02,13.37,13.7,0.33000000000000007,0.33000000000000007,0.10890000000000005,0,0,0,6ed147cd585e5e8083292683f9be3cf585e97e4d46fa0e3224d24a4e2b42cbbb,f83baf5732ffbf88b9a448a3d9ab9fa270f7495fe44d1559c1ac49795a30881a,2bbf5eba419b0650693f1e88326107bf9a346c68,persistence_corrected_2bbf5eba419b_6ed147cd_f83baf57
Persistence,5,1,2021-11-28,2021-12-03,10.74,13.18,2.4399999999999995,2.4399999999999995,5.953599999999998,0,0,0,6ed147cd585e5e8083292683f9be3cf585e97e4d46fa0e3224d24a4e2b42cbbb,f83baf5732ffbf88b9a448a3d9ab9fa270f7495fe44d1559c1ac49795a30881a,2bbf5eba419b0650693f1e88326107bf9a346c68,persistence_corrected_2bbf5eba419b_6ed147cd_f83baf57
Persistence,5,1,2021-11-29,2021-12-04,11.22,13.79,2.5699999999999985,2.5699999999999985,6.604899999999993,0,0,0,6ed147cd585e5e8083292683f9be3cf585e97e4d46fa0e3224d24a4e2b42cbbb,f83baf5732ffbf88b9a448a3d9ab9fa270f7495fe44d1559c1ac49795a30881a,2bbf5eba419b0650693f1e88326107bf9a346c68,persistence_corrected_2bbf5eba419b_6ed147cd_f83baf57
Persistence,5,1,2021-11-30,2021-12-05,8.75,12.22,3.4700000000000006,3.4700000000000006,12.040900000000004,0,0,0,6ed147cd585e5e8083292683f9be3cf585e97e4d46fa0e3224d24a4e2b42cbbb,f83baf5732ffbf88b9a448a3d9ab9fa270f7495fe44d1559c1ac49795a30881a,2bbf5eba419b0650693f1e88326107bf9a346c68,persistence_corrected_2bbf5eba419b_6ed147cd_f83baf57
Persistence,5,1,2021-12-01,2021-12-06,9.91,10.84,0.9299999999999997,0.9299999999999997,0.8648999999999994,0,0,0,6ed147cd585e5e8083292683f9be3cf585e97e4d46fa0e3224d24a4e2b42cbbb,f83baf5732ffbf88b9a448a3d9ab9fa270f7495fe44d1559c1ac49795a30881a,2bbf5eba419b0650693f1e88326107bf9a346c68,persistence_corrected_2bbf5eba419b_6ed147cd_f83baf57
Persistence,5,1,2021-12-02,2021-12-07,10.34,13.37,3.0299999999999994,3.0299999999999994,9.180899999999996,0,0,0,6ed147cd585e5e8083292683f9be3cf585e97e4d46fa0e3224d24a4e2b42cbbb,f83baf5732ffbf88b9a448a3d9ab9fa270f7495fe44d1559c1ac49795a30881a,2bbf5eba419b0650693f1e88326107bf9a346c68,persistence_corrected_2bbf5eba419b_6ed147cd_f83baf57
Persistence,5,1,2021-12-03,2021-12-08,10.51,10.74,0.23000000000000043,0.23000000000000043,0.0529000000000002,0,0,0,6ed147cd585e5e8083292683f9be3cf585e97e4d46fa0e3224d24a4e2b42cbbb,f83baf5732ffbf88b9a448a3d9ab9fa270f7495fe44d1559c1ac49795a30881a,2bbf5eba419b0650693f1e88326107bf9a346c68,persistence_corrected_2bbf5eba419b_6ed147cd_f83baf57
Persistence,5,1,2021-12-04,2021-12-09,11.17,11.22,0.05000000000000071,0.05000000000000071,0.002500000000000071,0,0,0,6ed147cd585e5e8083292683f9be3cf585e97e4d46fa0e3224d24a4e2b42cbbb,f83baf5732ffbf88b9a448a3d9ab9fa270f7495fe44d1559c1ac49795a30881a,2bbf5eba419b0650693f1e88326107bf9a346c68,persistence_corrected_2bbf5eba419b_6ed147cd_f83baf57
Persistence,5,1,2021-12-05,2021-12-10,11.52,8.75,-2.7699999999999996,2.7699999999999996,7.672899999999998,0,0,0,6ed147cd585e5e8083292683f9be3cf585e97e4d46fa0e3224d24a4e2b42cbbb,f83baf5732ffbf88b9a448a3d9ab9fa270f7495fe44d1559c1ac49795a30881a,2bbf5eba419b0650693f1e88326107bf9a346c68,persistence_corrected_2bbf5eba419b_6ed147cd_f83baf57
Persistence,5,1,2021-12-06,2021-12-11,11.81,9.91,-1.9000000000000004,1.9000000000000004,3.610000000000001,0,0,0,6ed147cd585e5e8083292683f9be3cf585e97e4d46fa0e3224d24a4e2b42cbbb,f83baf5732ffbf88b9a448a3d9ab9fa270f7495fe44d1559c1ac49795a30881a,2bbf5eba419b0650693f1e88326107bf9a346c68,persistence_corrected_2bbf5eba419b_6ed147cd_f83baf57
Persistence,5,1,2021-12-07,2021-12-12,12.88,10.34,-2.540000000000001,2.540000000000001,6.451600000000004,0,0,0,6ed147cd585e5e8083292683f9be3cf585e97e4d46fa0e3224d24a4e2b42cbbb,f83baf5732ffbf88b9a448a3d9ab9fa270f7495fe44d1559c1ac49795a30881a,2bbf5eba419b0650693f1e88326107bf9a346c68,persistence_corrected_2bbf5eba419b_6ed147cd_f83baf57
Persistence,5,1,2021-12-08,2021-12-13,11.17,10.51,-0.6600000000000001,0.6600000000000001,0.4356000000000002,0,0,0,6ed147cd585e5e8083292683f9be3cf585e97e4d46fa0e3224d24a4e2b42cbbb,f83baf5732ffbf88b9a448a3d9ab9fa270f7495fe44d1559c1ac49795a30881a,2bbf5eba419b0650693f1e88326107bf9a346c68,persistence_corrected_2bbf5eba419b_6ed147cd_f83baf57
Persistence,5,1,2021-12-09,2021-12-14,12.56,11.17,-1.3900000000000006,1.3900000000000006,1.9321000000000015,0,0,0,6ed147cd585e5e8083292683f9be3cf585e97e4d46fa0e3224d24a4e2b42cbbb,f83baf5732ffbf88b9a448a3d9ab9fa270f7495fe44d1559c1ac49795a30881a,2bbf5eba419b0650693f1e88326107bf9a346c68,persistence_corrected_2bbf5eba419b_6ed147cd_f83baf57
Persistence,5,1,2021-12-10,2021-12-15,12.41,11.52,-0.8900000000000006,0.8900000000000006,0.792100000000001,0,0,0,6ed147cd585e5e8083292683f9be3cf585e97e4d46fa0e3224d24a4e2b42cbbb,f83baf5732ffbf88b9a448a3d9ab9fa270f7495fe44d1559c1ac49795a30881a,2bbf5eba419b0650693f1e88326107bf9a346c68,persistence_corrected_2bbf5eba419b_6ed147cd_f83baf57
Persistence,5,1,2021-12-11,2021-12-16,12.31,11.81,-0.5,0.5,0.25,0,0,0,6ed147cd585e5e8083292683f9be3cf585e97e4d46fa0e3224d24a4e2b42cbbb,f83baf5732ffbf88b9a448a3d9ab9fa270f7495fe44d1559c1ac49795a30881a,2bbf5eba419b0650693f1e88326107bf9a346c68,persistence_corrected_2bbf5eba419b_6ed147cd_f83baf57
Persistence,5,1,2021-12-12,2021-12-17,12.19,12.88,0.6900000000000013,0.6900000000000013,0.47610000000000174,0,0,0,6ed147cd585e5e8083292683f9be3cf585e97e4d46fa0e3224d24a4e2b42cbbb,f83baf5732ffbf88b9a448a3d9ab9fa270f7495fe44d1559c1ac49795a30881a,2bbf5eba419b0650693f1e88326107bf9a346c68,persistence_corrected_2bbf5eba419b_6ed147cd_f83baf57
Persistence,5,1,2021-12-13,2021-12-18,13.13,11.17,-1.9600000000000009,1.9600000000000009,3.8416000000000032,0,0,0,6ed147cd585e5e8083292683f9be3cf585e97e4d46fa0e3224d24a4e2b42cbbb,f83baf5732ffbf88b9a448a3d9ab9fa270f7495fe44d1559c1ac49795a30881a,2bbf5eba419b0650693f1e88326107bf9a346c68,persistence_corrected_2bbf5eba419b_6ed147cd_f83baf57
Persistence,5,1,2021-12-14,2021-12-19,13.1,12.56,-0.5399999999999991,0.5399999999999991,0.2915999999999991,0,0,0,6ed147cd585e5e8083292683f9be3cf585e97e4d46fa0e3224d24a4e2b42cbbb,f83baf5732ffbf88b9a448a3d9ab9fa270f7495fe44d1559c1ac49795a30881a,2bbf5eba419b0650693f1e88326107bf9a346c68,persistence_corrected_2bbf5eba419b_6ed147cd_f83baf57
Persistence,5,1,2021-12-15,2021-12-20,11.09,12.41,1.3200000000000003,1.3200000000000003,1.7424000000000008,0,0,0,6ed147cd585e5e8083292683f9be3cf585e97e4d46fa0e3224d24a4e2b42cbbb,f83baf5732ffbf88b9a448a3d9ab9fa270f7495fe44d1559c1ac49795a30881a,2bbf5eba419b0650693f1e88326107bf9a346c68,persistence_corrected_2bbf5eba419b_6ed147cd_f83baf57
Persistence,5,1,2021-12-16,2021-12-21,11.57,12.31,0.7400000000000002,0.7400000000000002,0.5476000000000003,0,0,0,6ed147cd585e5e8083292683f9be3cf585e97e4d46fa0e3224d24a4e2b42cbbb,f83baf5732ffbf88b9a448a3d9ab9fa270f7495fe44d1559c1ac49795a30881a,2bbf5eba419b0650693f1e88326107bf9a346c68,persistence_corrected_2bbf5eba419b_6ed147cd_f83baf57
Persistence,5,1,2021-12-17,2021-12-22,12.64,12.19,-0.45000000000000107,0.45000000000000107,0.20250000000000096,0,0,0,6ed147cd585e5e8083292683f9be3cf585e97e4d46fa0e3224d24a4e2b42cbbb,f83baf5732ffbf88b9a448a3d9ab9fa270f7495fe44d1559c1ac49795a30881a,2bbf5eba419b0650693f1e88326107bf9a346c68,persistence_corrected_2bbf5eba419b_6ed147cd_f83baf57
Persistence,5,1,2021-12-18,2021-12-23,17.51,13.13,-4.380000000000001,4.380000000000001,19.184400000000007,1,1,1,6ed147cd585e5e8083292683f9be3cf585e97e4d46fa0e3224d24a4e2b42cbbb,f83baf5732ffbf88b9a448a3d9ab9fa270f7495fe44d1559c1ac49795a30881a,2bbf5eba419b0650693f1e88326107bf9a346c68,persistence_corrected_2bbf5eba419b_6ed147cd_f83baf57
Persistence,5,1,2021-12-19,2021-12-24,17.98,13.1,-4.880000000000001,4.880000000000001,23.814400000000006,1,1,1,6ed147cd585e5e8083292683f9be3cf585e97e4d46fa0e3224d24a4e2b42cbbb,f83baf5732ffbf88b9a448a3d9ab9fa270f7495fe44d1559c1ac49795a30881a,2bbf5eba419b0650693f1e88326107bf9a346c68,persistence_corrected_2bbf5eba419b_6ed147cd_f83baf57
Persistence,5,1,2021-12-20,2021-12-25,13.07,11.09,-1.9800000000000004,1.9800000000000004,3.9204000000000017,0,0,0,6ed147cd585e5e8083292683f9be3cf585e97e4d46fa0e3224d24a4e2b42cbbb,f83baf5732ffbf88b9a448a3d9ab9fa270f7495fe44d1559c1ac49795a30881a,2bbf5eba419b0650693f1e88326107bf9a346c68,persistence_corrected_2bbf5eba419b_6ed147cd_f83baf57
Persistence,5,1,2021-12-21,2021-12-26,12.36,11.57,-0.7899999999999991,0.7899999999999991,0.6240999999999987,0,0,0,6ed147cd585e5e8083292683f9be3cf585e97e4d46fa0e3224d24a4e2b42cbbb,f83baf5732ffbf88b9a448a3d9ab9fa270f7495fe44d1559c1ac49795a30881a,2bbf5eba419b0650693f1e88326107bf9a346c68,persistence_corrected_2bbf5eba419b_6ed147cd_f83baf57
Persistence,5,1,2021-12-22,2021-12-27,11.88,12.64,0.7599999999999998,0.7599999999999998,0.5775999999999997,0,0,0,6ed147cd585e5e8083292683f9be3cf585e97e4d46fa0e3224d24a4e2b42cbbb,f83baf5732ffbf88b9a448a3d9ab9fa270f7495fe44d1559c1ac49795a30881a,2bbf5eba419b0650693f1e88326107bf9a346c68,persistence_corrected_2bbf5eba419b_6ed147cd_f83baf57
Persistence,5,1,2021-12-23,2021-12-28,12.06,17.51,5.450000000000001,5.450000000000001,29.70250000000001,0,0,0,6ed147cd585e5e8083292683f9be3cf585e97e4d46fa0e3224d24a4e2b42cbbb,f83baf5732ffbf88b9a448a3d9ab9fa270f7495fe44d1559c1ac49795a30881a,2bbf5eba419b0650693f1e88326107bf9a346c68,persistence_corrected_2bbf5eba419b_6ed147cd_f83baf57
Persistence,5,1,2021-12-24,2021-12-29,11.48,17.98,6.5,6.5,42.25,0,0,0,6ed147cd585e5e8083292683f9be3cf585e97e4d46fa0e3224d24a4e2b42cbbb,f83baf5732ffbf88b9a448a3d9ab9fa270f7495fe44d1559c1ac49795a30881a,2bbf5eba419b0650693f1e88326107bf9a346c68,persistence_corrected_2bbf5eba419b_6ed147cd_f83baf57
Persistence,5,1,2021-12-25,2021-12-30,11.02,13.07,2.0500000000000007,2.0500000000000007,4.202500000000003,0,0,0,6ed147cd585e5e8083292683f9be3cf585e97e4d46fa0e3224d24a4e2b42cbbb,f83baf5732ffbf88b9a448a3d9ab9fa270f7495fe44d1559c1ac49795a30881a,2bbf5eba419b0650693f1e88326107bf9a346c68,persistence_corrected_2bbf5eba419b_6ed147cd_f83baf57
Persistence,5,1,2021-12-26,2021-12-31,12.37,12.36,-0.009999999999999787,0.009999999999999787,9.999999999999574e-05,0,0,0,6ed147cd585e5e8083292683f9be3cf585e97e4d46fa0e3224d24a4e2b42cbbb,f83baf5732ffbf88b9a448a3d9ab9fa270f7495fe44d1559c1ac49795a30881a,2bbf5eba419b0650693f1e88326107bf9a346c68,persistence_corrected_2bbf5eba419b_6ed147cd_f83baf57
Persistence,5,1,2021-12-27,2022-01-01,13.37,11.88,-1.4899999999999984,1.4899999999999984,2.2200999999999955,0,0,0,6ed147cd585e5e8083292683f9be3cf585e97e4d46fa0e3224d24a4e2b42cbbb,f83baf5732ffbf88b9a448a3d9ab9fa270f7495fe44d1559c1ac49795a30881a,2bbf5eba419b0650693f1e88326107bf9a346c68,persistence_corrected_2bbf5eba419b_6ed147cd_f83baf57
Persistence,5,1,2021-12-28,2022-01-02,12.34,12.06,-0.27999999999999936,0.27999999999999936,0.07839999999999964,0,0,0,6ed147cd585e5e8083292683f9be3cf585e97e4d46fa0e3224d24a4e2b42cbbb,f83baf5732ffbf88b9a448a3d9ab9fa270f7495fe44d1559c1ac49795a30881a,2bbf5eba419b0650693f1e88326107bf9a346c68,persistence_corrected_2bbf5eba419b_6ed147cd_f83baf57
Persistence,5,1,2021-12-29,2022-01-03,12.28,11.48,-0.7999999999999989,0.7999999999999989,0.6399999999999983,0,0,0,6ed147cd585e5e8083292683f9be3cf585e97e4d46fa0e3224d24a4e2b42cbbb,f83baf5732ffbf88b9a448a3d9ab9fa270f7495fe44d1559c1ac49795a30881a,2bbf5eba419b0650693f1e88326107bf9a346c68,persistence_corrected_2bbf5eba419b_6ed147cd_f83baf57
Persistence,5,1,2021-12-30,2022-01-04,12.84,11.02,-1.8200000000000003,1.8200000000000003,3.312400000000001,0,0,0,6ed147cd585e5e8083292683f9be3cf585e97e4d46fa0e3224d24a4e2b42cbbb,f83baf5732ffbf88b9a448a3d9ab9fa270f7495fe44d1559c1ac49795a30881a,2bbf5eba419b0650693f1e88326107bf9a346c68,persistence_corrected_2bbf5eba419b_6ed147cd_f83baf57
Persistence,5,1,2021-12-31,2022-01-05,12.52,12.37,-0.15000000000000036,0.15000000000000036,0.022500000000000107,0,0,0,6ed147cd585e5e8083292683f9be3cf585e97e4d46fa0e3224d24a4e2b42cbbb,f83baf5732ffbf88b9a448a3d9ab9fa270f7495fe44d1559c1ac49795a30881a,2bbf5eba419b0650693f1e88326107bf9a346c68,persistence_corrected_2bbf5eba419b_6ed147cd_f83baf57
Persistence,5,1,2022-01-01,2022-01-06,12.79,13.37,0.5800000000000001,0.5800000000000001,0.3364000000000001,0,0,0,6ed147cd585e5e8083292683f9be3cf585e97e4d46fa0e3224d24a4e2b42cbbb,f83baf5732ffbf88b9a448a3d9ab9fa270f7495fe44d1559c1ac49795a30881a,2bbf5eba419b0650693f1e88326107bf9a346c68,persistence_corrected_2bbf5eba419b_6ed147cd_f83baf57
Persistence,5,1,2022-01-02,2022-01-07,13.93,12.34,-1.5899999999999999,1.5899999999999999,2.5280999999999993,0,0,0,6ed147cd585e5e8083292683f9be3cf585e97e4d46fa0e3224d24a4e2b42cbbb,f83baf5732ffbf88b9a448a3d9ab9fa270f7495fe44d1559c1ac49795a30881a,2bbf5eba419b0650693f1e88326107bf9a346c68,persistence_corrected_2bbf5eba419b_6ed147cd_f83baf57
Persistence,5,1,2022-01-03,2022-01-08,14.05,12.28,-1.7700000000000014,1.7700000000000014,3.1329000000000047,0,0,0,6ed147cd585e5e8083292683f9be3cf585e97e4d46fa0e3224d24a4e2b42cbbb,f83baf5732ffbf88b9a448a3d9ab9fa270f7495fe44d1559c1ac49795a30881a,2bbf5eba419b0650693f1e88326107bf9a346c68,persistence_corrected_2bbf5eba419b_6ed147cd_f83baf57
Persistence,5,1,2022-01-04,2022-01-09,11.8,12.84,1.0399999999999991,1.0399999999999991,1.0815999999999981,0,0,0,6ed147cd585e5e8083292683f9be3cf585e97e4d46fa0e3224d24a4e2b42cbbb,f83baf5732ffbf88b9a448a3d9ab9fa270f7495fe44d1559c1ac49795a30881a,2bbf5eba419b0650693f1e88326107bf9a346c68,persistence_corrected_2bbf5eba419b_6ed147cd_f83baf57
Persistence,5,1,2022-01-05,2022-01-10,12.13,12.52,0.3899999999999988,0.3899999999999988,0.15209999999999907,0,0,0,6ed147cd585e5e8083292683f9be3cf585e97e4d46fa0e3224d24a4e2b42cbbb,f83baf5732ffbf88b9a448a3d9ab9fa270f7495fe44d1559c1ac49795a30881a,2bbf5eba419b0650693f1e88326107bf9a346c68,persistence_corrected_2bbf5eba419b_6ed147cd_f83baf57
Persistence,5,1,2022-01-06,2022-01-11,11.1,12.79,1.6899999999999995,1.6899999999999995,2.8560999999999983,0,0,0,6ed147cd585e5e8083292683f9be3cf585e97e4d46fa0e3224d24a4e2b42cbbb,f83baf5732ffbf88b9a448a3d9ab9fa270f7495fe44d1559c1ac49795a30881a,2bbf5eba419b0650693f1e88326107bf9a346c68,persistence_corrected_2bbf5eba419b_6ed147cd_f83baf57
Persistence,5,1,2022-01-07,2022-01-12,12.55,13.93,1.379999999999999,1.379999999999999,1.9043999999999972,0,0,0,6ed147cd585e5e8083292683f9be3cf585e97e4d46fa0e3224d24a4e2b42cbbb,f83baf5732ffbf88b9a448a3d9ab9fa270f7495fe44d1559c1ac49795a30881a,2bbf5eba419b0650693f1e88326107bf9a346c68,persistence_corrected_2bbf5eba419b_6ed147cd_f83baf57
Persistence,5,1,2022-01-08,2022-01-13,15.31,14.05,-1.2599999999999998,1.2599999999999998,1.5875999999999995,1,0,0,6ed147cd585e5e8083292683f9be3cf585e97e4d46fa0e3224d24a4e2b42cbbb,f83baf5732ffbf88b9a448a3d9ab9fa270f7495fe44d1559c1ac49795a30881a,2bbf5eba419b0650693f1e88326107bf9a346c68,persistence_corrected_2bbf5eba419b_6ed147cd_f83baf57
Persistence,5,1,2022-01-09,2022-01-14,15.32,11.8,-3.5199999999999996,3.5199999999999996,12.390399999999998,1,0,0,6ed147cd585e5e8083292683f9be3cf585e97e4d46fa0e3224d24a4e2b42cbbb,f83baf5732ffbf88b9a448a3d9ab9fa270f7495fe44d1559c1ac49795a30881a,2bbf5eba419b0650693f1e88326107bf9a346c68,persistence_corrected_2bbf5eba419b_6ed147cd_f83baf57
Persistence,5,1,2022-01-10,2022-01-15,13.61,12.13,-1.4799999999999986,1.4799999999999986,2.190399999999996,0,0,0,6ed147cd585e5e8083292683f9be3cf585e97e4d46fa0e3224d24a4e2b42cbbb,f83baf5732ffbf88b9a448a3d9ab9fa270f7495fe44d1559c1ac49795a30881a,2bbf5eba419b0650693f1e88326107bf9a346c68,persistence_corrected_2bbf5eba419b_6ed147cd_f83baf57
Persistence,5,1,2022-01-11,2022-01-16,10.99,11.1,0.10999999999999943,0.10999999999999943,0.012099999999999875,0,0,0,6ed147cd585e5e8083292683f9be3cf585e97e4d46fa0e3224d24a4e2b42cbbb,f83baf5732ffbf88b9a448a3d9ab9fa270f7495fe44d1559c1ac49795a30881a,2bbf5eba419b0650693f1e88326107bf9a346c68,persistence_corrected_2bbf5eba419b_6ed147cd_f83baf57
Persistence,5,1,2022-01-12,2022-01-17,12.86,12.55,-0.3099999999999987,0.3099999999999987,0.09609999999999921,0,0,0,6ed147cd585e5e8083292683f9be3cf585e97e4d46fa0e3224d24a4e2b42cbbb,f83baf5732ffbf88b9a448a3d9ab9fa270f7495fe44d1559c1ac49795a30881a,2bbf5eba419b0650693f1e88326107bf9a346c68,persistence_corrected_2bbf5eba419b_6ed147cd_f83baf57
Persistence,5,1,2022-01-13,2022-01-18,11.89,15.31,3.42,3.42,11.696399999999999,0,0,0,6ed147cd585e5e8083292683f9be3cf585e97e4d46fa0e3224d24a4e2b42cbbb,f83baf5732ffbf88b9a448a3d9ab9fa270f7495fe44d1559c1ac49795a30881a,2bbf5eba419b0650693f1e88326107bf9a346c68,persistence_corrected_2bbf5eba419b_6ed147cd_f83baf57
Persistence,5,1,2022-01-14,2022-01-19,14.33,15.32,0.9900000000000002,0.9900000000000002,0.9801000000000004,0,0,0,6ed147cd585e5e8083292683f9be3cf585e97e4d46fa0e3224d24a4e2b42cbbb,f83baf5732ffbf88b9a448a3d9ab9fa270f7495fe44d1559c1ac49795a30881a,2bbf5eba419b0650693f1e88326107bf9a346c68,persistence_corrected_2bbf5eba419b_6ed147cd_f83baf57
Persistence,5,1,2022-01-15,2022-01-20,12.26,13.61,1.3499999999999996,1.3499999999999996,1.8224999999999991,0,0,0,6ed147cd585e5e8083292683f9be3cf585e97e4d46fa0e3224d24a4e2b42cbbb,f83baf5732ffbf88b9a448a3d9ab9fa270f7495fe44d1559c1ac49795a30881a,2bbf5eba419b0650693f1e88326107bf9a346c68,persistence_corrected_2bbf5eba419b_6ed147cd_f83baf57
Persistence,5,1,2022-01-16,2022-01-21,13.07,10.99,-2.08,2.08,4.3264000000000005,0,0,0,6ed147cd585e5e8083292683f9be3cf585e97e4d46fa0e3224d24a4e2b42cbbb,f83baf5732ffbf88b9a448a3d9ab9fa270f7495fe44d1559c1ac49795a30881a,2bbf5eba419b0650693f1e88326107bf9a346c68,persistence_corrected_2bbf5eba419b_6ed147cd_f83baf57
Persistence,5,1,2022-01-17,2022-01-22,12.98,12.86,-0.120000000000001,0.120000000000001,0.014400000000000239,0,0,0,6ed147cd585e5e8083292683f9be3cf585e97e4d46fa0e3224d24a4e2b42cbbb,f83baf5732ffbf88b9a448a3d9ab9fa270f7495fe44d1559c1ac49795a30881a,2bbf5eba419b0650693f1e88326107bf9a346c68,persistence_corrected_2bbf5eba419b_6ed147cd_f83baf57
Persistence,5,1,2022-01-18,2022-01-23,13.62,11.89,-1.7299999999999986,1.7299999999999986,2.9928999999999952,0,0,0,6ed147cd585e5e8083292683f9be3cf585e97e4d46fa0e3224d24a4e2b42cbbb,f83baf5732ffbf88b9a448a3d9ab9fa270f7495fe44d1559c1ac49795a30881a,2bbf5eba419b0650693f1e88326107bf9a346c68,persistence_corrected_2bbf5eba419b_6ed147cd_f83baf57
Persistence,5,1,2022-01-19,2022-01-24,11.05,14.33,3.2799999999999994,3.2799999999999994,10.758399999999996,0,0,0,6ed147cd585e5e8083292683f9be3cf585e97e4d46fa0e3224d24a4e2b42cbbb,f83baf5732ffbf88b9a448a3d9ab9fa270f7495fe44d1559c1ac49795a30881a,2bbf5eba419b0650693f1e88326107bf9a346c68,persistence_corrected_2bbf5eba419b_6ed147cd_f83baf57
Persistence,5,1,2022-01-20,2022-01-25,11.05,12.26,1.209999999999999,1.209999999999999,1.4640999999999977,0,0,0,6ed147cd585e5e8083292683f9be3cf585e97e4d46fa0e3224d24a4e2b42cbbb,f83baf5732ffbf88b9a448a3d9ab9fa270f7495fe44d1559c1ac49795a30881a,2bbf5eba419b0650693f1e88326107bf9a346c68,persistence_corrected_2bbf5eba419b_6ed147cd_f83baf57
Persistence,5,1,2022-01-21,2022-01-26,15.6,13.07,-2.5299999999999994,2.5299999999999994,6.4008999999999965,1,0,0,6ed147cd585e5e8083292683f9be3cf585e97e4d46fa0e3224d24a4e2b42cbbb,f83baf5732ffbf88b9a448a3d9ab9fa270f7495fe44d1559c1ac49795a30881a,2bbf5eba419b0650693f1e88326107bf9a346c68,persistence_corrected_2bbf5eba419b_6ed147cd_f83baf57
Persistence,5,1,2022-01-22,2022-01-27,15.83,12.98,-2.8499999999999996,2.8499999999999996,8.122499999999999,1,0,0,6ed147cd585e5e8083292683f9be3cf585e97e4d46fa0e3224d24a4e2b42cbbb,f83baf5732ffbf88b9a448a3d9ab9fa270f7495fe44d1559c1ac49795a30881a,2bbf5eba419b0650693f1e88326107bf9a346c68,persistence_corrected_2bbf5eba419b_6ed147cd_f83baf57
Persistence,5,1,2022-01-23,2022-01-28,17.57,13.62,-3.950000000000001,3.950000000000001,15.602500000000008,1,1,1,6ed147cd585e5e8083292683f9be3cf585e97e4d46fa0e3224d24a4e2b42cbbb,f83baf5732ffbf88b9a448a3d9ab9fa270f7495fe44d1559c1ac49795a30881a,2bbf5eba419b0650693f1e88326107bf9a346c68,persistence_corrected_2bbf5eba419b_6ed147cd_f83baf57
Persistence,5,1,2022-01-24,2022-01-29,17.94,11.05,-6.890000000000001,6.890000000000001,47.472100000000005,1,1,1,6ed147cd585e5e8083292683f9be3cf585e97e4d46fa0e3224d24a4e2b42cbbb,f83baf5732ffbf88b9a448a3d9ab9fa270f7495fe44d1559c1ac49795a30881a,2bbf5eba419b0650693f1e88326107bf9a346c68,persistence_corrected_2bbf5eba419b_6ed147cd_f83baf57
Persistence,5,1,2022-01-25,2022-01-30,15.82,11.05,-4.77,4.77,22.752899999999997,1,0,0,6ed147cd585e5e8083292683f9be3cf585e97e4d46fa0e3224d24a4e2b42cbbb,f83baf5732ffbf88b9a448a3d9ab9fa270f7495fe44d1559c1ac49795a30881a,2bbf5eba419b0650693f1e88326107bf9a346c68,persistence_corrected_2bbf5eba419b_6ed147cd_f83baf57
Persistence,5,1,2022-01-26,2022-01-31,17.88,15.6,-2.2799999999999994,2.2799999999999994,5.198399999999997,1,1,1,6ed147cd585e5e8083292683f9be3cf585e97e4d46fa0e3224d24a4e2b42cbbb,f83baf5732ffbf88b9a448a3d9ab9fa270f7495fe44d1559c1ac49795a30881a,2bbf5eba419b0650693f1e88326107bf9a346c68,persistence_corrected_2bbf5eba419b_6ed147cd_f83baf57
Persistence,5,1,2022-01-27,2022-02-01,17.53,15.83,-1.700000000000001,1.700000000000001,2.8900000000000037,1,1,1,6ed147cd585e5e8083292683f9be3cf585e97e4d46fa0e3224d24a4e2b42cbbb,f83baf5732ffbf88b9a448a3d9ab9fa270f7495fe44d1559c1ac49795a30881a,2bbf5eba419b0650693f1e88326107bf9a346c68,persistence_corrected_2bbf5eba419b_6ed147cd_f83baf57
Persistence,5,1,2022-01-28,2022-02-02,16.85,17.57,0.7199999999999989,0.7199999999999989,0.5183999999999984,1,1,0,6ed147cd585e5e8083292683f9be3cf585e97e4d46fa0e3224d24a4e2b42cbbb,f83baf5732ffbf88b9a448a3d9ab9fa270f7495fe44d1559c1ac49795a30881a,2bbf5eba419b0650693f1e88326107bf9a346c68,persistence_corrected_2bbf5eba419b_6ed147cd_f83baf57
Persistence,5,1,2022-01-29,2022-02-03,15.86,17.94,2.080000000000002,2.080000000000002,4.326400000000008,1,0,0,6ed147cd585e5e8083292683f9be3cf585e97e4d46fa0e3224d24a4e2b42cbbb,f83baf5732ffbf88b9a448a3d9ab9fa270f7495fe44d1559c1ac49795a30881a,2bbf5eba419b0650693f1e88326107bf9a346c68,persistence_corrected_2bbf5eba419b_6ed147cd_f83baf57
Persistence,5,1,2022-01-30,2022-02-04,14.95,15.82,0.870000000000001,0.870000000000001,0.7569000000000017,0,0,0,6ed147cd585e5e8083292683f9be3cf585e97e4d46fa0e3224d24a4e2b42cbbb,f83baf5732ffbf88b9a448a3d9ab9fa270f7495fe44d1559c1ac49795a30881a,2bbf5eba419b0650693f1e88326107bf9a346c68,persistence_corrected_2bbf5eba419b_6ed147cd_f83baf57
Persistence,5,1,2022-01-31,2022-02-05,16.84,17.88,1.0399999999999991,1.0399999999999991,1.0815999999999981,1,1,0,6ed147cd585e5e8083292683f9be3cf585e97e4d46fa0e3224d24a4e2b42cbbb,f83baf5732ffbf88b9a448a3d9ab9fa270f7495fe44d1559c1ac49795a30881a,2bbf5eba419b0650693f1e88326107bf9a346c68,persistence_corrected_2bbf5eba419b_6ed147cd_f83baf57
Persistence,5,1,2022-02-01,2022-02-06,16.4,17.53,1.1300000000000026,1.1300000000000026,1.2769000000000057,1,1,0,6ed147cd585e5e8083292683f9be3cf585e97e4d46fa0e3224d24a4e2b42cbbb,f83baf5732ffbf88b9a448a3d9ab9fa270f7495fe44d1559c1ac49795a30881a,2bbf5eba419b0650693f1e88326107bf9a346c68,persistence_corrected_2bbf5eba419b_6ed147cd_f83baf57
Persistence,5,1,2022-02-02,2022-02-07,16.34,16.85,0.5100000000000016,0.5100000000000016,0.2601000000000016,1,1,0,6ed147cd585e5e8083292683f9be3cf585e97e4d46fa0e3224d24a4e2b42cbbb,f83baf5732ffbf88b9a448a3d9ab9fa270f7495fe44d1559c1ac49795a30881a,2bbf5eba419b0650693f1e88326107bf9a346c68,persistence_corrected_2bbf5eba419b_6ed147cd_f83baf57
Persistence,5,1,2022-02-03,2022-02-08,17.09,15.86,-1.2300000000000004,1.2300000000000004,1.512900000000001,1,1,1,6ed147cd585e5e8083292683f9be3cf585e97e4d46fa0e3224d24a4e2b42cbbb,f83baf5732ffbf88b9a448a3d9ab9fa270f7495fe44d1559c1ac49795a30881a,2bbf5eba419b0650693f1e88326107bf9a346c68,persistence_corrected_2bbf5eba419b_6ed147cd_f83baf57
Persistence,5,1,2022-02-04,2022-02-09,16.3,14.95,-1.3500000000000014,1.3500000000000014,1.8225000000000038,1,1,0,6ed147cd585e5e8083292683f9be3cf585e97e4d46fa0e3224d24a4e2b42cbbb,f83baf5732ffbf88b9a448a3d9ab9fa270f7495fe44d1559c1ac49795a30881a,2bbf5eba419b0650693f1e88326107bf9a346c68,persistence_corrected_2bbf5eba419b_6ed147cd_f83baf57
Persistence,5,1,2022-02-05,2022-02-10,16.4,16.84,0.4400000000000013,0.4400000000000013,0.19360000000000113,1,1,0,6ed147cd585e5e8083292683f9be3cf585e97e4d46fa0e3224d24a4e2b42cbbb,f83baf5732ffbf88b9a448a3d9ab9fa270f7495fe44d1559c1ac49795a30881a,2bbf5eba419b0650693f1e88326107bf9a346c68,persistence_corrected_2bbf5eba419b_6ed147cd_f83baf57
Persistence,5,1,2022-02-06,2022-02-11,15.29,16.4,1.1099999999999994,1.1099999999999994,1.2320999999999986,1,0,0,6ed147cd585e5e8083292683f9be3cf585e97e4d46fa0e3224d24a4e2b42cbbb,f83baf5732ffbf88b9a448a3d9ab9fa270f7495fe44d1559c1ac49795a30881a,2bbf5eba419b0650693f1e88326107bf9a346c68,persistence_corrected_2bbf5eba419b_6ed147cd_f83baf57
Persistence,5,1,2022-02-07,2022-02-12,16.08,16.34,0.26000000000000156,0.26000000000000156,0.06760000000000081,1,1,0,6ed147cd585e5e8083292683f9be3cf585e97e4d46fa0e3224d24a4e2b42cbbb,f83baf5732ffbf88b9a448a3d9ab9fa270f7495fe44d1559c1ac49795a30881a,2bbf5eba419b0650693f1e88326107bf9a346c68,persistence_corrected_2bbf5eba419b_6ed147cd_f83baf57
Persistence,5,1,2022-02-08,2022-02-13,16.36,17.09,0.7300000000000004,0.7300000000000004,0.5329000000000006,1,1,0,6ed147cd585e5e8083292683f9be3cf585e97e4d46fa0e3224d24a4e2b42cbbb,f83baf5732ffbf88b9a448a3d9ab9fa270f7495fe44d1559c1ac49795a30881a,2bbf5eba419b0650693f1e88326107bf9a346c68,persistence_corrected_2bbf5eba419b_6ed147cd_f83baf57
Persistence,5,1,2022-02-09,2022-02-14,14.56,16.3,1.7400000000000002,1.7400000000000002,3.027600000000001,0,0,0,6ed147cd585e5e8083292683f9be3cf585e97e4d46fa0e3224d24a4e2b42cbbb,f83baf5732ffbf88b9a448a3d9ab9fa270f7495fe44d1559c1ac49795a30881a,2bbf5eba419b0650693f1e88326107bf9a346c68,persistence_corrected_2bbf5eba419b_6ed147cd_f83baf57
Persistence,5,1,2022-02-10,2022-02-15,14.23,16.4,2.169999999999998,2.169999999999998,4.708899999999992,0,0,0,6ed147cd585e5e8083292683f9be3cf585e97e4d46fa0e3224d24a4e2b42cbbb,f83baf5732ffbf88b9a448a3d9ab9fa270f7495fe44d1559c1ac49795a30881a,2bbf5eba419b0650693f1e88326107bf9a346c68,persistence_corrected_2bbf5eba419b_6ed147cd_f83baf57
Persistence,5,1,2022-02-11,2022-02-16,15.74,15.29,-0.45000000000000107,0.45000000000000107,0.20250000000000096,1,0,0,6ed147cd585e5e8083292683f9be3cf585e97e4d46fa0e3224d24a4e2b42cbbb,f83baf5732ffbf88b9a448a3d9ab9fa270f7495fe44d1559c1ac49795a30881a,2bbf5eba419b0650693f1e88326107bf9a346c68,persistence_corrected_2bbf5eba419b_6ed147cd_f83baf57
Persistence,5,1,2022-02-12,2022-02-17,16.45,16.08,-0.370000000000001,0.370000000000001,0.13690000000000074,1,1,0,6ed147cd585e5e8083292683f9be3cf585e97e4d46fa0e3224d24a4e2b42cbbb,f83baf5732ffbf88b9a448a3d9ab9fa270f7495fe44d1559c1ac49795a30881a,2bbf5eba419b0650693f1e88326107bf9a346c68,persistence_corrected_2bbf5eba419b_6ed147cd_f83baf57
Persistence,5,1,2022-02-13,2022-02-18,14.24,16.36,2.119999999999999,2.119999999999999,4.494399999999997,0,0,0,6ed147cd585e5e8083292683f9be3cf585e97e4d46fa0e3224d24a4e2b42cbbb,f83baf5732ffbf88b9a448a3d9ab9fa270f7495fe44d1559c1ac49795a30881a,2bbf5eba419b0650693f1e88326107bf9a346c68,persistence_corrected_2bbf5eba419b_6ed147cd_f83baf57
Persistence,5,1,2022-02-14,2022-02-19,14.83,14.56,-0.2699999999999996,0.2699999999999996,0.07289999999999977,0,0,0,6ed147cd585e5e8083292683f9be3cf585e97e4d46fa0e3224d24a4e2b42cbbb,f83baf5732ffbf88b9a448a3d9ab9fa270f7495fe44d1559c1ac49795a30881a,2bbf5eba419b0650693f1e88326107bf9a346c68,persistence_corrected_2bbf5eba419b_6ed147cd_f83baf57
Persistence,5,1,2022-02-15,2022-02-20,14.17,14.23,0.0600000000000005,0.0600000000000005,0.0036000000000000597,0,0,0,6ed147cd585e5e8083292683f9be3cf585e97e4d46fa0e3224d24a4e2b42cbbb,f83baf5732ffbf88b9a448a3d9ab9fa270f7495fe44d1559c1ac49795a30881a,2bbf5eba419b0650693f1e88326107bf9a346c68,persistence_corrected_2bbf5eba419b_6ed147cd_f83baf57
Persistence,5,1,2022-02-16,2022-02-21,12.42,15.74,3.3200000000000003,3.3200000000000003,11.022400000000001,0,0,0,6ed147cd585e5e8083292683f9be3cf585e97e4d46fa0e3224d24a4e2b42cbbb,f83baf5732ffbf88b9a448a3d9ab9fa270f7495fe44d1559c1ac49795a30881a,2bbf5eba419b0650693f1e88326107bf9a346c68,persistence_corrected_2bbf5eba419b_6ed147cd_f83baf57
Persistence,5,1,2022-02-17,2022-02-22,11.98,16.45,4.469999999999999,4.469999999999999,19.98089999999999,0,0,0,6ed147cd585e5e8083292683f9be3cf585e97e4d46fa0e3224d24a4e2b42cbbb,f83baf5732ffbf88b9a448a3d9ab9fa270f7495fe44d1559c1ac49795a30881a,2bbf5eba419b0650693f1e88326107bf9a346c68,persistence_corrected_2bbf5eba419b_6ed147cd_f83baf57
Persistence,5,1,2022-02-18,2022-02-23,13.84,14.24,0.40000000000000036,0.40000000000000036,0.16000000000000028,0,0,0,6ed147cd585e5e8083292683f9be3cf585e97e4d46fa0e3224d24a4e2b42cbbb,f83baf5732ffbf88b9a448a3d9ab9fa270f7495fe44d1559c1ac49795a30881a,2bbf5eba419b0650693f1e88326107bf9a346c68,persistence_corrected_2bbf5eba419b_6ed147cd_f83baf57
Persistence,5,1,2022-02-19,2022-02-24,13.06,14.83,1.7699999999999996,1.7699999999999996,3.1328999999999985,0,0,0,6ed147cd585e5e8083292683f9be3cf585e97e4d46fa0e3224d24a4e2b42cbbb,f83baf5732ffbf88b9a448a3d9ab9fa270f7495fe44d1559c1ac49795a30881a,2bbf5eba419b0650693f1e88326107bf9a346c68,persistence_corrected_2bbf5eba419b_6ed147cd_f83baf57
Persistence,5,1,2022-02-20,2022-02-25,14.66,14.17,-0.4900000000000002,0.4900000000000002,0.2401000000000002,0,0,0,6ed147cd585e5e8083292683f9be3cf585e97e4d46fa0e3224d24a4e2b42cbbb,f83baf5732ffbf88b9a448a3d9ab9fa270f7495fe44d1559c1ac49795a30881a,2bbf5eba419b0650693f1e88326107bf9a346c68,persistence_corrected_2bbf5eba419b_6ed147cd_f83baf57
Persistence,5,1,2022-02-21,2022-02-26,11.86,12.42,0.5600000000000005,0.5600000000000005,0.31360000000000054,0,0,0,6ed147cd585e5e8083292683f9be3cf585e97e4d46fa0e3224d24a4e2b42cbbb,f83baf5732ffbf88b9a448a3d9ab9fa270f7495fe44d1559c1ac49795a30881a,2bbf5eba419b0650693f1e88326107bf9a346c68,persistence_corrected_2bbf5eba419b_6ed147cd_f83baf57
Persistence,5,1,2022-02-22,2022-02-27,12.23,11.98,-0.25,0.25,0.0625,0,0,0,6ed147cd585e5e8083292683f9be3cf585e97e4d46fa0e3224d24a4e2b42cbbb,f83baf5732ffbf88b9a448a3d9ab9fa270f7495fe44d1559c1ac49795a30881a,2bbf5eba419b0650693f1e88326107bf9a346c68,persistence_corrected_2bbf5eba419b_6ed147cd_f83baf57
Persistence,5,1,2022-02-23,2022-02-28,8.96,13.84,4.879999999999999,4.879999999999999,23.814399999999992,0,0,0,6ed147cd585e5e8083292683f9be3cf585e97e4d46fa0e3224d24a4e2b42cbbb,f83baf5732ffbf88b9a448a3d9ab9fa270f7495fe44d1559c1ac49795a30881a,2bbf5eba419b0650693f1e88326107bf9a346c68,persistence_corrected_2bbf5eba419b_6ed147cd_f83baf57
Persistence,5,1,2022-02-24,2022-03-01,10.55,13.06,2.51,2.51,6.300099999999999,0,0,0,6ed147cd585e5e8083292683f9be3cf585e97e4d46fa0e3224d24a4e2b42cbbb,f83baf5732ffbf88b9a448a3d9ab9fa270f7495fe44d1559c1ac49795a30881a,2bbf5eba419b0650693f1e88326107bf9a346c68,persistence_corrected_2bbf5eba419b_6ed147cd_f83baf57
Persistence,5,1,2022-02-25,2022-03-02,10.09,14.66,4.57,4.57,20.884900000000002,0,0,0,6ed147cd585e5e8083292683f9be3cf585e97e4d46fa0e3224d24a4e2b42cbbb,f83baf5732ffbf88b9a448a3d9ab9fa270f7495fe44d1559c1ac49795a30881a,2bbf5eba419b0650693f1e88326107bf9a346c68,persistence_corrected_2bbf5eba419b_6ed147cd_f83baf57
Persistence,5,1,2022-02-26,2022-03-03,9.89,11.86,1.9699999999999989,1.9699999999999989,3.8808999999999956,0,0,0,6ed147cd585e5e8083292683f9be3cf585e97e4d46fa0e3224d24a4e2b42cbbb,f83baf5732ffbf88b9a448a3d9ab9fa270f7495fe44d1559c1ac49795a30881a,2bbf5eba419b0650693f1e88326107bf9a346c68,persistence_corrected_2bbf5eba419b_6ed147cd_f83baf57
Persistence,5,1,2022-02-27,2022-03-04,12.55,12.23,-0.3200000000000003,0.3200000000000003,0.10240000000000019,0,0,0,6ed147cd585e5e8083292683f9be3cf585e97e4d46fa0e3224d24a4e2b42cbbb,f83baf5732ffbf88b9a448a3d9ab9fa270f7495fe44d1559c1ac49795a30881a,2bbf5eba419b0650693f1e88326107bf9a346c68,persistence_corrected_2bbf5eba419b_6ed147cd_f83baf57
Persistence,5,1,2022-02-28,2022-03-05,15.67,8.96,-6.709999999999999,6.709999999999999,45.02409999999999,1,0,0,6ed147cd585e5e8083292683f9be3cf585e97e4d46fa0e3224d24a4e2b42cbbb,f83baf5732ffbf88b9a448a3d9ab9fa270f7495fe44d1559c1ac49795a30881a,2bbf5eba419b0650693f1e88326107bf9a346c68,persistence_corrected_2bbf5eba419b_6ed147cd_f83baf57
Persistence,5,1,2022-03-01,2022-03-06,14.47,10.55,-3.92,3.92,15.366399999999999,0,0,0,6ed147cd585e5e8083292683f9be3cf585e97e4d46fa0e3224d24a4e2b42cbbb,f83baf5732ffbf88b9a448a3d9ab9fa270f7495fe44d1559c1ac49795a30881a,2bbf5eba419b0650693f1e88326107bf9a346c68,persistence_corrected_2bbf5eba419b_6ed147cd_f83baf57
Persistence,5,1,2022-03-02,2022-03-07,15.59,10.09,-5.5,5.5,30.25,1,0,0,6ed147cd585e5e8083292683f9be3cf585e97e4d46fa0e3224d24a4e2b42cbbb,f83baf5732ffbf88b9a448a3d9ab9fa270f7495fe44d1559c1ac49795a30881a,2bbf5eba419b0650693f1e88326107bf9a346c68,persistence_corrected_2bbf5eba419b_6ed147cd_f83baf57
Persistence,5,1,2022-03-03,2022-03-08,17.47,9.89,-7.579999999999998,7.579999999999998,57.456399999999974,1,1,1,6ed147cd585e5e8083292683f9be3cf585e97e4d46fa0e3224d24a4e2b42cbbb,f83baf5732ffbf88b9a448a3d9ab9fa270f7495fe44d1559c1ac49795a30881a,2bbf5eba419b0650693f1e88326107bf9a346c68,persistence_corrected_2bbf5eba419b_6ed147cd_f83baf57
Persistence,5,1,2022-03-04,2022-03-09,15.23,12.55,-2.6799999999999997,2.6799999999999997,7.182399999999999,1,0,0,6ed147cd585e5e8083292683f9be3cf585e97e4d46fa0e3224d24a4e2b42cbbb,f83baf5732ffbf88b9a448a3d9ab9fa270f7495fe44d1559c1ac49795a30881a,2bbf5eba419b0650693f1e88326107bf9a346c68,persistence_corrected_2bbf5eba419b_6ed147cd_f83baf57
Persistence,5,1,2022-03-05,2022-03-10,15.48,15.67,0.1899999999999995,0.1899999999999995,0.03609999999999981,1,0,0,6ed147cd585e5e8083292683f9be3cf585e97e4d46fa0e3224d24a4e2b42cbbb,f83baf5732ffbf88b9a448a3d9ab9fa270f7495fe44d1559c1ac49795a30881a,2bbf5eba419b0650693f1e88326107bf9a346c68,persistence_corrected_2bbf5eba419b_6ed147cd_f83baf57
Persistence,5,1,2022-03-06,2022-03-11,16.87,14.47,-2.4000000000000004,2.4000000000000004,5.760000000000002,1,1,0,6ed147cd585e5e8083292683f9be3cf585e97e4d46fa0e3224d24a4e2b42cbbb,f83baf5732ffbf88b9a448a3d9ab9fa270f7495fe44d1559c1ac49795a30881a,2bbf5eba419b0650693f1e88326107bf9a346c68,persistence_corrected_2bbf5eba419b_6ed147cd_f83baf57
Persistence,5,1,2022-03-07,2022-03-12,16.91,15.59,-1.3200000000000003,1.3200000000000003,1.7424000000000008,1,1,0,6ed147cd585e5e8083292683f9be3cf585e97e4d46fa0e3224d24a4e2b42cbbb,f83baf5732ffbf88b9a448a3d9ab9fa270f7495fe44d1559c1ac49795a30881a,2bbf5eba419b0650693f1e88326107bf9a346c68,persistence_corrected_2bbf5eba419b_6ed147cd_f83baf57
Persistence,5,1,2022-03-08,2022-03-13,16.7,17.47,0.7699999999999996,0.7699999999999996,0.5928999999999993,1,1,0,6ed147cd585e5e8083292683f9be3cf585e97e4d46fa0e3224d24a4e2b42cbbb,f83baf5732ffbf88b9a448a3d9ab9fa270f7495fe44d1559c1ac49795a30881a,2bbf5eba419b0650693f1e88326107bf9a346c68,persistence_corrected_2bbf5eba419b_6ed147cd_f83baf57
Persistence,5,1,2022-03-09,2022-03-14,17.6,15.23,-2.370000000000001,2.370000000000001,5.616900000000005,1,1,1,6ed147cd585e5e8083292683f9be3cf585e97e4d46fa0e3224d24a4e2b42cbbb,f83baf5732ffbf88b9a448a3d9ab9fa270f7495fe44d1559c1ac49795a30881a,2bbf5eba419b0650693f1e88326107bf9a346c68,persistence_corrected_2bbf5eba419b_6ed147cd_f83baf57
Persistence,5,1,2022-03-10,2022-03-15,15.05,15.48,0.4299999999999997,0.4299999999999997,0.18489999999999976,1,0,0,6ed147cd585e5e8083292683f9be3cf585e97e4d46fa0e3224d24a4e2b42cbbb,f83baf5732ffbf88b9a448a3d9ab9fa270f7495fe44d1559c1ac49795a30881a,2bbf5eba419b0650693f1e88326107bf9a346c68,persistence_corrected_2bbf5eba419b_6ed147cd_f83baf57
Persistence,5,1,2022-03-11,2022-03-16,14.66,16.87,2.210000000000001,2.210000000000001,4.884100000000004,0,0,0,6ed147cd585e5e8083292683f9be3cf585e97e4d46fa0e3224d24a4e2b42cbbb,f83baf5732ffbf88b9a448a3d9ab9fa270f7495fe44d1559c1ac49795a30881a,2bbf5eba419b0650693f1e88326107bf9a346c68,persistence_corrected_2bbf5eba419b_6ed147cd_f83baf57
Persistence,5,1,2022-03-12,2022-03-17,14.99,16.91,1.92,1.92,3.6864,0,0,0,6ed147cd585e5e8083292683f9be3cf585e97e4d46fa0e3224d24a4e2b42cbbb,f83baf5732ffbf88b9a448a3d9ab9fa270f7495fe44d1559c1ac49795a30881a,2bbf5eba419b0650693f1e88326107bf9a346c68,persistence_corrected_2bbf5eba419b_6ed147cd_f83baf57
Persistence,5,1,2022-03-13,2022-03-18,16.39,16.7,0.3099999999999987,0.3099999999999987,0.09609999999999921,1,1,0,6ed147cd585e5e8083292683f9be3cf585e97e4d46fa0e3224d24a4e2b42cbbb,f83baf5732ffbf88b9a448a3d9ab9fa270f7495fe44d1559c1ac49795a30881a,2bbf5eba419b0650693f1e88326107bf9a346c68,persistence_corrected_2bbf5eba419b_6ed147cd_f83baf57
Persistence,5,1,2022-03-14,2022-03-19,14.39,17.6,3.210000000000001,3.210000000000001,10.304100000000005,0,0,0,6ed147cd585e5e8083292683f9be3cf585e97e4d46fa0e3224d24a4e2b42cbbb,f83baf5732ffbf88b9a448a3d9ab9fa270f7495fe44d1559c1ac49795a30881a,2bbf5eba419b0650693f1e88326107bf9a346c68,persistence_corrected_2bbf5eba419b_6ed147cd_f83baf57
Persistence,5,1,2022-03-15,2022-03-20,14.16,15.05,0.8900000000000006,0.8900000000000006,0.792100000000001,0,0,0,6ed147cd585e5e8083292683f9be3cf585e97e4d46fa0e3224d24a4e2b42cbbb,f83baf5732ffbf88b9a448a3d9ab9fa270f7495fe44d1559c1ac49795a30881a,2bbf5eba419b0650693f1e88326107bf9a346c68,persistence_corrected_2bbf5eba419b_6ed147cd_f83baf57
Persistence,5,1,2022-03-16,2022-03-21,15.02,14.66,-0.35999999999999943,0.35999999999999943,0.1295999999999996,1,0,0,6ed147cd585e5e8083292683f9be3cf585e97e4d46fa0e3224d24a4e2b42cbbb,f83baf5732ffbf88b9a448a3d9ab9fa270f7495fe44d1559c1ac49795a30881a,2bbf5eba419b0650693f1e88326107bf9a346c68,persistence_corrected_2bbf5eba419b_6ed147cd_f83baf57
Persistence,5,1,2022-03-17,2022-03-22,14.66,14.99,0.33000000000000007,0.33000000000000007,0.10890000000000005,0,0,0,6ed147cd585e5e8083292683f9be3cf585e97e4d46fa0e3224d24a4e2b42cbbb,f83baf5732ffbf88b9a448a3d9ab9fa270f7495fe44d1559c1ac49795a30881a,2bbf5eba419b0650693f1e88326107bf9a346c68,persistence_corrected_2bbf5eba419b_6ed147cd_f83baf57
Persistence,5,1,2022-03-18,2022-03-23,13.91,16.39,2.4800000000000004,2.4800000000000004,6.150400000000002,0,0,0,6ed147cd585e5e8083292683f9be3cf585e97e4d46fa0e3224d24a4e2b42cbbb,f83baf5732ffbf88b9a448a3d9ab9fa270f7495fe44d1559c1ac49795a30881a,2bbf5eba419b0650693f1e88326107bf9a346c68,persistence_corrected_2bbf5eba419b_6ed147cd_f83baf57
Persistence,5,1,2022-03-19,2022-03-24,15.36,14.39,-0.9699999999999989,0.9699999999999989,0.9408999999999978,1,0,0,6ed147cd585e5e8083292683f9be3cf585e97e4d46fa0e3224d24a4e2b42cbbb,f83baf5732ffbf88b9a448a3d9ab9fa270f7495fe44d1559c1ac49795a30881a,2bbf5eba419b0650693f1e88326107bf9a346c68,persistence_corrected_2bbf5eba419b_6ed147cd_f83baf57
Persistence,5,1,2022-03-20,2022-03-25,14.02,14.16,0.14000000000000057,0.14000000000000057,0.01960000000000016,0,0,0,6ed147cd585e5e8083292683f9be3cf585e97e4d46fa0e3224d24a4e2b42cbbb,f83baf5732ffbf88b9a448a3d9ab9fa270f7495fe44d1559c1ac49795a30881a,2bbf5eba419b0650693f1e88326107bf9a346c68,persistence_corrected_2bbf5eba419b_6ed147cd_f83baf57
Persistence,5,1,2022-03-21,2022-03-26,12.34,15.02,2.6799999999999997,2.6799999999999997,7.182399999999999,0,0,0,6ed147cd585e5e8083292683f9be3cf585e97e4d46fa0e3224d24a4e2b42cbbb,f83baf5732ffbf88b9a448a3d9ab9fa270f7495fe44d1559c1ac49795a30881a,2bbf5eba419b0650693f1e88326107bf9a346c68,persistence_corrected_2bbf5eba419b_6ed147cd_f83baf57
Persistence,5,1,2022-03-22,2022-03-27,10.51,14.66,4.15,4.15,17.222500000000004,0,0,0,6ed147cd585e5e8083292683f9be3cf585e97e4d46fa0e3224d24a4e2b42cbbb,f83baf5732ffbf88b9a448a3d9ab9fa270f7495fe44d1559c1ac49795a30881a,2bbf5eba419b0650693f1e88326107bf9a346c68,persistence_corrected_2bbf5eba419b_6ed147cd_f83baf57
Persistence,5,1,2022-03-23,2022-03-28,11.68,13.91,2.2300000000000004,2.2300000000000004,4.972900000000002,0,0,0,6ed147cd585e5e8083292683f9be3cf585e97e4d46fa0e3224d24a4e2b42cbbb,f83baf5732ffbf88b9a448a3d9ab9fa270f7495fe44d1559c1ac49795a30881a,2bbf5eba419b0650693f1e88326107bf9a346c68,persistence_corrected_2bbf5eba419b_6ed147cd_f83baf57
Persistence,5,1,2022-03-24,2022-03-29,13.13,15.36,2.2299999999999986,2.2299999999999986,4.972899999999994,0,0,0,6ed147cd585e5e8083292683f9be3cf585e97e4d46fa0e3224d24a4e2b42cbbb,f83baf5732ffbf88b9a448a3d9ab9fa270f7495fe44d1559c1ac49795a30881a,2bbf5eba419b0650693f1e88326107bf9a346c68,persistence_corrected_2bbf5eba419b_6ed147cd_f83baf57
Persistence,5,1,2022-03-25,2022-03-30,9.49,14.02,4.529999999999999,4.529999999999999,20.520899999999994,0,0,0,6ed147cd585e5e8083292683f9be3cf585e97e4d46fa0e3224d24a4e2b42cbbb,f83baf5732ffbf88b9a448a3d9ab9fa270f7495fe44d1559c1ac49795a30881a,2bbf5eba419b0650693f1e88326107bf9a346c68,persistence_corrected_2bbf5eba419b_6ed147cd_f83baf57
Persistence,5,1,2022-03-26,2022-03-31,12.8,12.34,-0.46000000000000085,0.46000000000000085,0.2116000000000008,0,0,0,6ed147cd585e5e8083292683f9be3cf585e97e4d46fa0e3224d24a4e2b42cbbb,f83baf5732ffbf88b9a448a3d9ab9fa270f7495fe44d1559c1ac49795a30881a,2bbf5eba419b0650693f1e88326107bf9a346c68,persistence_corrected_2bbf5eba419b_6ed147cd_f83baf57
Persistence,5,1,2022-03-27,2022-04-01,10.76,10.51,-0.25,0.25,0.0625,0,0,0,6ed147cd585e5e8083292683f9be3cf585e97e4d46fa0e3224d24a4e2b42cbbb,f83baf5732ffbf88b9a448a3d9ab9fa270f7495fe44d1559c1ac49795a30881a,2bbf5eba419b0650693f1e88326107bf9a346c68,persistence_corrected_2bbf5eba419b_6ed147cd_f83baf57
Persistence,5,1,2022-03-28,2022-04-02,9.76,11.68,1.92,1.92,3.6864,0,0,0,6ed147cd585e5e8083292683f9be3cf585e97e4d46fa0e3224d24a4e2b42cbbb,f83baf5732ffbf88b9a448a3d9ab9fa270f7495fe44d1559c1ac49795a30881a,2bbf5eba419b0650693f1e88326107bf9a346c68,persistence_corrected_2bbf5eba419b_6ed147cd_f83baf57
Persistence,5,1,2022-03-29,2022-04-03,11.41,13.13,1.7200000000000006,1.7200000000000006,2.9584000000000024,0,0,0,6ed147cd585e5e8083292683f9be3cf585e97e4d46fa0e3224d24a4e2b42cbbb,f83baf5732ffbf88b9a448a3d9ab9fa270f7495fe44d1559c1ac49795a30881a,2bbf5eba419b0650693f1e88326107bf9a346c68,persistence_corrected_2bbf5eba419b_6ed147cd_f83baf57
Persistence,5,1,2022-03-30,2022-04-04,12.77,9.49,-3.2799999999999994,3.2799999999999994,10.758399999999996,0,0,0,6ed147cd585e5e8083292683f9be3cf585e97e4d46fa0e3224d24a4e2b42cbbb,f83baf5732ffbf88b9a448a3d9ab9fa270f7495fe44d1559c1ac49795a30881a,2bbf5eba419b0650693f1e88326107bf9a346c68,persistence_corrected_2bbf5eba419b_6ed147cd_f83baf57
Persistence,5,1,2022-03-31,2022-04-05,13.25,12.8,-0.4499999999999993,0.4499999999999993,0.20249999999999935,0,0,0,6ed147cd585e5e8083292683f9be3cf585e97e4d46fa0e3224d24a4e2b42cbbb,f83baf5732ffbf88b9a448a3d9ab9fa270f7495fe44d1559c1ac49795a30881a,2bbf5eba419b0650693f1e88326107bf9a346c68,persistence_corrected_2bbf5eba419b_6ed147cd_f83baf57
Persistence,5,1,2022-04-01,2022-04-06,12.49,10.76,-1.7300000000000004,1.7300000000000004,2.9929000000000014,0,0,0,6ed147cd585e5e8083292683f9be3cf585e97e4d46fa0e3224d24a4e2b42cbbb,f83baf5732ffbf88b9a448a3d9ab9fa270f7495fe44d1559c1ac49795a30881a,2bbf5eba419b0650693f1e88326107bf9a346c68,persistence_corrected_2bbf5eba419b_6ed147cd_f83baf57
Persistence,5,1,2022-04-02,2022-04-07,14.95,9.76,-5.1899999999999995,5.1899999999999995,26.936099999999996,0,0,0,6ed147cd585e5e8083292683f9be3cf585e97e4d46fa0e3224d24a4e2b42cbbb,f83baf5732ffbf88b9a448a3d9ab9fa270f7495fe44d1559c1ac49795a30881a,2bbf5eba419b0650693f1e88326107bf9a346c68,persistence_corrected_2bbf5eba419b_6ed147cd_f83baf57
Persistence,5,1,2022-04-03,2022-04-08,17.18,11.41,-5.77,5.77,33.292899999999996,1,1,1,6ed147cd585e5e8083292683f9be3cf585e97e4d46fa0e3224d24a4e2b42cbbb,f83baf5732ffbf88b9a448a3d9ab9fa270f7495fe44d1559c1ac49795a30881a,2bbf5eba419b0650693f1e88326107bf9a346c68,persistence_corrected_2bbf5eba419b_6ed147cd_f83baf57
Persistence,5,1,2022-04-04,2022-04-09,15.3,12.77,-2.530000000000001,2.530000000000001,6.400900000000005,1,0,0,6ed147cd585e5e8083292683f9be3cf585e97e4d46fa0e3224d24a4e2b42cbbb,f83baf5732ffbf88b9a448a3d9ab9fa270f7495fe44d1559c1ac49795a30881a,2bbf5eba419b0650693f1e88326107bf9a346c68,persistence_corrected_2bbf5eba419b_6ed147cd_f83baf57
Persistence,5,1,2022-04-05,2022-04-10,14.35,13.25,-1.0999999999999996,1.0999999999999996,1.2099999999999993,0,0,0,6ed147cd585e5e8083292683f9be3cf585e97e4d46fa0e3224d24a4e2b42cbbb,f83baf5732ffbf88b9a448a3d9ab9fa270f7495fe44d1559c1ac49795a30881a,2bbf5eba419b0650693f1e88326107bf9a346c68,persistence_corrected_2bbf5eba419b_6ed147cd_f83baf57
Persistence,5,1,2022-04-06,2022-04-11,14.05,12.49,-1.5600000000000005,1.5600000000000005,2.4336000000000015,0,0,0,6ed147cd585e5e8083292683f9be3cf585e97e4d46fa0e3224d24a4e2b42cbbb,f83baf5732ffbf88b9a448a3d9ab9fa270f7495fe44d1559c1ac49795a30881a,2bbf5eba419b0650693f1e88326107bf9a346c68,persistence_corrected_2bbf5eba419b_6ed147cd_f83baf57
Persistence,5,1,2022-04-07,2022-04-12,12.72,14.95,2.2299999999999986,2.2299999999999986,4.972899999999994,0,0,0,6ed147cd585e5e8083292683f9be3cf585e97e4d46fa0e3224d24a4e2b42cbbb,f83baf5732ffbf88b9a448a3d9ab9fa270f7495fe44d1559c1ac49795a30881a,2bbf5eba419b0650693f1e88326107bf9a346c68,persistence_corrected_2bbf5eba419b_6ed147cd_f83baf57
Persistence,5,1,2022-04-08,2022-04-13,14.57,17.18,2.6099999999999994,2.6099999999999994,6.812099999999997,0,0,0,6ed147cd585e5e8083292683f9be3cf585e97e4d46fa0e3224d24a4e2b42cbbb,f83baf5732ffbf88b9a448a3d9ab9fa270f7495fe44d1559c1ac49795a30881a,2bbf5eba419b0650693f1e88326107bf9a346c68,persistence_corrected_2bbf5eba419b_6ed147cd_f83baf57
Persistence,5,1,2022-04-09,2022-04-14,13.69,15.3,1.6100000000000012,1.6100000000000012,2.592100000000004,0,0,0,6ed147cd585e5e8083292683f9be3cf585e97e4d46fa0e3224d24a4e2b42cbbb,f83baf5732ffbf88b9a448a3d9ab9fa270f7495fe44d1559c1ac49795a30881a,2bbf5eba419b0650693f1e88326107bf9a346c68,persistence_corrected_2bbf5eba419b_6ed147cd_f83baf57
Persistence,5,1,2022-04-10,2022-04-15,15.92,14.35,-1.5700000000000003,1.5700000000000003,2.464900000000001,1,0,0,6ed147cd585e5e8083292683f9be3cf585e97e4d46fa0e3224d24a4e2b42cbbb,f83baf5732ffbf88b9a448a3d9ab9fa270f7495fe44d1559c1ac49795a30881a,2bbf5eba419b0650693f1e88326107bf9a346c68,persistence_corrected_2bbf5eba419b_6ed147cd_f83baf57
Persistence,5,1,2022-04-11,2022-04-16,11.75,14.05,2.3000000000000007,2.3000000000000007,5.290000000000004,0,0,0,6ed147cd585e5e8083292683f9be3cf585e97e4d46fa0e3224d24a4e2b42cbbb,f83baf5732ffbf88b9a448a3d9ab9fa270f7495fe44d1559c1ac49795a30881a,2bbf5eba419b0650693f1e88326107bf9a346c68,persistence_corrected_2bbf5eba419b_6ed147cd_f83baf57
Persistence,5,1,2022-04-12,2022-04-17,11.92,12.72,0.8000000000000007,0.8000000000000007,0.6400000000000011,0,0,0,6ed147cd585e5e8083292683f9be3cf585e97e4d46fa0e3224d24a4e2b42cbbb,f83baf5732ffbf88b9a448a3d9ab9fa270f7495fe44d1559c1ac49795a30881a,2bbf5eba419b0650693f1e88326107bf9a346c68,persistence_corrected_2bbf5eba419b_6ed147cd_f83baf57
Persistence,5,1,2022-04-13,2022-04-18,13.1,14.57,1.4700000000000006,1.4700000000000006,2.160900000000002,0,0,0,6ed147cd585e5e8083292683f9be3cf585e97e4d46fa0e3224d24a4e2b42cbbb,f83baf5732ffbf88b9a448a3d9ab9fa270f7495fe44d1559c1ac49795a30881a,2bbf5eba419b0650693f1e88326107bf9a346c68,persistence_corrected_2bbf5eba419b_6ed147cd_f83baf57
Persistence,5,1,2022-04-14,2022-04-19,13.5,13.69,0.1899999999999995,0.1899999999999995,0.03609999999999981,0,0,0,6ed147cd585e5e8083292683f9be3cf585e97e4d46fa0e3224d24a4e2b42cbbb,f83baf5732ffbf88b9a448a3d9ab9fa270f7495fe44d1559c1ac49795a30881a,2bbf5eba419b0650693f1e88326107bf9a346c68,persistence_corrected_2bbf5eba419b_6ed147cd_f83baf57
Persistence,5,1,2022-04-15,2022-04-20,13.24,15.92,2.6799999999999997,2.6799999999999997,7.182399999999999,0,0,0,6ed147cd585e5e8083292683f9be3cf585e97e4d46fa0e3224d24a4e2b42cbbb,f83baf5732ffbf88b9a448a3d9ab9fa270f7495fe44d1559c1ac49795a30881a,2bbf5eba419b0650693f1e88326107bf9a346c68,persistence_corrected_2bbf5eba419b_6ed147cd_f83baf57
Persistence,5,1,2022-04-16,2022-04-21,13.75,11.75,-2.0,2.0,4.0,0,0,0,6ed147cd585e5e8083292683f9be3cf585e97e4d46fa0e3224d24a4e2b42cbbb,f83baf5732ffbf88b9a448a3d9ab9fa270f7495fe44d1559c1ac49795a30881a,2bbf5eba419b0650693f1e88326107bf9a346c68,persistence_corrected_2bbf5eba419b_6ed147cd_f83baf57
Persistence,5,1,2022-04-17,2022-04-22,17.64,11.92,-5.720000000000001,5.720000000000001,32.71840000000001,1,1,1,6ed147cd585e5e8083292683f9be3cf585e97e4d46fa0e3224d24a4e2b42cbbb,f83baf5732ffbf88b9a448a3d9ab9fa270f7495fe44d1559c1ac49795a30881a,2bbf5eba419b0650693f1e88326107bf9a346c68,persistence_corrected_2bbf5eba419b_6ed147cd_f83baf57
Persistence,5,1,2022-04-18,2022-04-23,11.22,13.1,1.879999999999999,1.879999999999999,3.534399999999996,0,0,0,6ed147cd585e5e8083292683f9be3cf585e97e4d46fa0e3224d24a4e2b42cbbb,f83baf5732ffbf88b9a448a3d9ab9fa270f7495fe44d1559c1ac49795a30881a,2bbf5eba419b0650693f1e88326107bf9a346c68,persistence_corrected_2bbf5eba419b_6ed147cd_f83baf57
Persistence,5,1,2022-04-19,2022-04-24,11.23,13.5,2.2699999999999996,2.2699999999999996,5.152899999999998,0,0,0,6ed147cd585e5e8083292683f9be3cf585e97e4d46fa0e3224d24a4e2b42cbbb,f83baf5732ffbf88b9a448a3d9ab9fa270f7495fe44d1559c1ac49795a30881a,2bbf5eba419b0650693f1e88326107bf9a346c68,persistence_corrected_2bbf5eba419b_6ed147cd_f83baf57
Persistence,5,1,2022-04-20,2022-04-25,13.46,13.24,-0.22000000000000064,0.22000000000000064,0.04840000000000028,0,0,0,6ed147cd585e5e8083292683f9be3cf585e97e4d46fa0e3224d24a4e2b42cbbb,f83baf5732ffbf88b9a448a3d9ab9fa270f7495fe44d1559c1ac49795a30881a,2bbf5eba419b0650693f1e88326107bf9a346c68,persistence_corrected_2bbf5eba419b_6ed147cd_f83baf57
Persistence,5,1,2022-04-21,2022-04-26,14.5,13.75,-0.75,0.75,0.5625,0,0,0,6ed147cd585e5e8083292683f9be3cf585e97e4d46fa0e3224d24a4e2b42cbbb,f83baf5732ffbf88b9a448a3d9ab9fa270f7495fe44d1559c1ac49795a30881a,2bbf5eba419b0650693f1e88326107bf9a346c68,persistence_corrected_2bbf5eba419b_6ed147cd_f83baf57
Persistence,5,1,2022-04-22,2022-04-27,11.69,17.64,5.950000000000001,5.950000000000001,35.40250000000001,0,0,0,6ed147cd585e5e8083292683f9be3cf585e97e4d46fa0e3224d24a4e2b42cbbb,f83baf5732ffbf88b9a448a3d9ab9fa270f7495fe44d1559c1ac49795a30881a,2bbf5eba419b0650693f1e88326107bf9a346c68,persistence_corrected_2bbf5eba419b_6ed147cd_f83baf57
Persistence,5,1,2022-04-23,2022-04-28,11.68,11.22,-0.4599999999999991,0.4599999999999991,0.21159999999999915,0,0,0,6ed147cd585e5e8083292683f9be3cf585e97e4d46fa0e3224d24a4e2b42cbbb,f83baf5732ffbf88b9a448a3d9ab9fa270f7495fe44d1559c1ac49795a30881a,2bbf5eba419b0650693f1e88326107bf9a346c68,persistence_corrected_2bbf5eba419b_6ed147cd_f83baf57
Persistence,5,1,2022-04-24,2022-04-29,11.09,11.23,0.14000000000000057,0.14000000000000057,0.01960000000000016,0,0,0,6ed147cd585e5e8083292683f9be3cf585e97e4d46fa0e3224d24a4e2b42cbbb,f83baf5732ffbf88b9a448a3d9ab9fa270f7495fe44d1559c1ac49795a30881a,2bbf5eba419b0650693f1e88326107bf9a346c68,persistence_corrected_2bbf5eba419b_6ed147cd_f83baf57
Persistence,5,1,2022-04-25,2022-04-30,8.23,13.46,5.23,5.23,27.352900000000005,0,0,0,6ed147cd585e5e8083292683f9be3cf585e97e4d46fa0e3224d24a4e2b42cbbb,f83baf5732ffbf88b9a448a3d9ab9fa270f7495fe44d1559c1ac49795a30881a,2bbf5eba419b0650693f1e88326107bf9a346c68,persistence_corrected_2bbf5eba419b_6ed147cd_f83baf57
Persistence,5,1,2022-04-26,2022-05-01,7.6,14.5,6.9,6.9,47.61000000000001,0,0,0,6ed147cd585e5e8083292683f9be3cf585e97e4d46fa0e3224d24a4e2b42cbbb,f83baf5732ffbf88b9a448a3d9ab9fa270f7495fe44d1559c1ac49795a30881a,2bbf5eba419b0650693f1e88326107bf9a346c68,persistence_corrected_2bbf5eba419b_6ed147cd_f83baf57
Persistence,5,1,2022-04-27,2022-05-02,10.04,11.69,1.6500000000000004,1.6500000000000004,2.722500000000001,0,0,0,6ed147cd585e5e8083292683f9be3cf585e97e4d46fa0e3224d24a4e2b42cbbb,f83baf5732ffbf88b9a448a3d9ab9fa270f7495fe44d1559c1ac49795a30881a,2bbf5eba419b0650693f1e88326107bf9a346c68,persistence_corrected_2bbf5eba419b_6ed147cd_f83baf57
Persistence,5,1,2022-04-28,2022-05-03,9.17,11.68,2.51,2.51,6.300099999999999,0,0,0,6ed147cd585e5e8083292683f9be3cf585e97e4d46fa0e3224d24a4e2b42cbbb,f83baf5732ffbf88b9a448a3d9ab9fa270f7495fe44d1559c1ac49795a30881a,2bbf5eba419b0650693f1e88326107bf9a346c68,persistence_corrected_2bbf5eba419b_6ed147cd_f83baf57
Persistence,5,1,2022-04-29,2022-05-04,10.49,11.09,0.5999999999999996,0.5999999999999996,0.3599999999999996,0,0,0,6ed147cd585e5e8083292683f9be3cf585e97e4d46fa0e3224d24a4e2b42cbbb,f83baf5732ffbf88b9a448a3d9ab9fa270f7495fe44d1559c1ac49795a30881a,2bbf5eba419b0650693f1e88326107bf9a346c68,persistence_corrected_2bbf5eba419b_6ed147cd_f83baf57
Persistence,5,1,2022-04-30,2022-05-05,9.19,8.23,-0.9599999999999991,0.9599999999999991,0.9215999999999982,0,0,0,6ed147cd585e5e8083292683f9be3cf585e97e4d46fa0e3224d24a4e2b42cbbb,f83baf5732ffbf88b9a448a3d9ab9fa270f7495fe44d1559c1ac49795a30881a,2bbf5eba419b0650693f1e88326107bf9a346c68,persistence_corrected_2bbf5eba419b_6ed147cd_f83baf57
Persistence,5,1,2022-05-01,2022-05-06,9.34,7.6,-1.7400000000000002,1.7400000000000002,3.027600000000001,0,0,0,6ed147cd585e5e8083292683f9be3cf585e97e4d46fa0e3224d24a4e2b42cbbb,f83baf5732ffbf88b9a448a3d9ab9fa270f7495fe44d1559c1ac49795a30881a,2bbf5eba419b0650693f1e88326107bf9a346c68,persistence_corrected_2bbf5eba419b_6ed147cd_f83baf57
Persistence,5,1,2022-05-02,2022-05-07,10.28,10.04,-0.2400000000000002,0.2400000000000002,0.0576000000000001,0,0,0,6ed147cd585e5e8083292683f9be3cf585e97e4d46fa0e3224d24a4e2b42cbbb,f83baf5732ffbf88b9a448a3d9ab9fa270f7495fe44d1559c1ac49795a30881a,2bbf5eba419b0650693f1e88326107bf9a346c68,persistence_corrected_2bbf5eba419b_6ed147cd_f83baf57
Persistence,5,1,2022-05-03,2022-05-08,10.58,9.17,-1.4100000000000001,1.4100000000000001,1.9881000000000004,0,0,0,6ed147cd585e5e8083292683f9be3cf585e97e4d46fa0e3224d24a4e2b42cbbb,f83baf5732ffbf88b9a448a3d9ab9fa270f7495fe44d1559c1ac49795a30881a,2bbf5eba419b0650693f1e88326107bf9a346c68,persistence_corrected_2bbf5eba419b_6ed147cd_f83baf57
Persistence,5,1,2022-05-04,2022-05-09,12.71,10.49,-2.2200000000000006,2.2200000000000006,4.928400000000003,0,0,0,6ed147cd585e5e8083292683f9be3cf585e97e4d46fa0e3224d24a4e2b42cbbb,f83baf5732ffbf88b9a448a3d9ab9fa270f7495fe44d1559c1ac49795a30881a,2bbf5eba419b0650693f1e88326107bf9a346c68,persistence_corrected_2bbf5eba419b_6ed147cd_f83baf57
Persistence,5,1,2022-05-05,2022-05-10,12.64,9.19,-3.450000000000001,3.450000000000001,11.902500000000007,0,0,0,6ed147cd585e5e8083292683f9be3cf585e97e4d46fa0e3224d24a4e2b42cbbb,f83baf5732ffbf88b9a448a3d9ab9fa270f7495fe44d1559c1ac49795a30881a,2bbf5eba419b0650693f1e88326107bf9a346c68,persistence_corrected_2bbf5eba419b_6ed147cd_f83baf57
Persistence,5,1,2022-05-06,2022-05-11,12.72,9.34,-3.380000000000001,3.380000000000001,11.424400000000006,0,0,0,6ed147cd585e5e8083292683f9be3cf585e97e4d46fa0e3224d24a4e2b42cbbb,f83baf5732ffbf88b9a448a3d9ab9fa270f7495fe44d1559c1ac49795a30881a,2bbf5eba419b0650693f1e88326107bf9a346c68,persistence_corrected_2bbf5eba419b_6ed147cd_f83baf57
Persistence,5,1,2022-05-07,2022-05-12,13.37,10.28,-3.09,3.09,9.5481,0,0,0,6ed147cd585e5e8083292683f9be3cf585e97e4d46fa0e3224d24a4e2b42cbbb,f83baf5732ffbf88b9a448a3d9ab9fa270f7495fe44d1559c1ac49795a30881a,2bbf5eba419b0650693f1e88326107bf9a346c68,persistence_corrected_2bbf5eba419b_6ed147cd_f83baf57
Persistence,5,1,2022-05-08,2022-05-13,12.94,10.58,-2.3599999999999994,2.3599999999999994,5.569599999999998,0,0,0,6ed147cd585e5e8083292683f9be3cf585e97e4d46fa0e3224d24a4e2b42cbbb,f83baf5732ffbf88b9a448a3d9ab9fa270f7495fe44d1559c1ac49795a30881a,2bbf5eba419b0650693f1e88326107bf9a346c68,persistence_corrected_2bbf5eba419b_6ed147cd_f83baf57
Persistence,5,1,2022-05-09,2022-05-14,15.8,12.71,-3.09,3.09,9.5481,1,0,0,6ed147cd585e5e8083292683f9be3cf585e97e4d46fa0e3224d24a4e2b42cbbb,f83baf5732ffbf88b9a448a3d9ab9fa270f7495fe44d1559c1ac49795a30881a,2bbf5eba419b0650693f1e88326107bf9a346c68,persistence_corrected_2bbf5eba419b_6ed147cd_f83baf57
Persistence,5,1,2022-05-10,2022-05-15,13.32,12.64,-0.6799999999999997,0.6799999999999997,0.4623999999999996,0,0,0,6ed147cd585e5e8083292683f9be3cf585e97e4d46fa0e3224d24a4e2b42cbbb,f83baf5732ffbf88b9a448a3d9ab9fa270f7495fe44d1559c1ac49795a30881a,2bbf5eba419b0650693f1e88326107bf9a346c68,persistence_corrected_2bbf5eba419b_6ed147cd_f83baf57
Persistence,5,1,2022-05-11,2022-05-16,11.74,12.72,0.9800000000000004,0.9800000000000004,0.9604000000000008,0,0,0,6ed147cd585e5e8083292683f9be3cf585e97e4d46fa0e3224d24a4e2b42cbbb,f83baf5732ffbf88b9a448a3d9ab9fa270f7495fe44d1559c1ac49795a30881a,2bbf5eba419b0650693f1e88326107bf9a346c68,persistence_corrected_2bbf5eba419b_6ed147cd_f83baf57
Persistence,5,1,2022-05-12,2022-05-17,11.9,13.37,1.4699999999999989,1.4699999999999989,2.1608999999999967,0,0,0,6ed147cd585e5e8083292683f9be3cf585e97e4d46fa0e3224d24a4e2b42cbbb,f83baf5732ffbf88b9a448a3d9ab9fa270f7495fe44d1559c1ac49795a30881a,2bbf5eba419b0650693f1e88326107bf9a346c68,persistence_corrected_2bbf5eba419b_6ed147cd_f83baf57
Persistence,5,1,2022-05-13,2022-05-18,13.99,12.94,-1.0500000000000007,1.0500000000000007,1.1025000000000016,0,0,0,6ed147cd585e5e8083292683f9be3cf585e97e4d46fa0e3224d24a4e2b42cbbb,f83baf5732ffbf88b9a448a3d9ab9fa270f7495fe44d1559c1ac49795a30881a,2bbf5eba419b0650693f1e88326107bf9a346c68,persistence_corrected_2bbf5eba419b_6ed147cd_f83baf57
Persistence,5,1,2022-05-14,2022-05-19,13.14,15.8,2.66,2.66,7.0756000000000006,0,0,0,6ed147cd585e5e8083292683f9be3cf585e97e4d46fa0e3224d24a4e2b42cbbb,f83baf5732ffbf88b9a448a3d9ab9fa270f7495fe44d1559c1ac49795a30881a,2bbf5eba419b0650693f1e88326107bf9a346c68,persistence_corrected_2bbf5eba419b_6ed147cd_f83baf57
Persistence,5,1,2022-05-15,2022-05-20,13.2,13.32,0.120000000000001,0.120000000000001,0.014400000000000239,0,0,0,6ed147cd585e5e8083292683f9be3cf585e97e4d46fa0e3224d24a4e2b42cbbb,f83baf5732ffbf88b9a448a3d9ab9fa270f7495fe44d1559c1ac49795a30881a,2bbf5eba419b0650693f1e88326107bf9a346c68,persistence_corrected_2bbf5eba419b_6ed147cd_f83baf57
Persistence,5,1,2022-05-16,2022-05-21,12.84,11.74,-1.0999999999999996,1.0999999999999996,1.2099999999999993,0,0,0,6ed147cd585e5e8083292683f9be3cf585e97e4d46fa0e3224d24a4e2b42cbbb,f83baf5732ffbf88b9a448a3d9ab9fa270f7495fe44d1559c1ac49795a30881a,2bbf5eba419b0650693f1e88326107bf9a346c68,persistence_corrected_2bbf5eba419b_6ed147cd_f83baf57
Persistence,5,1,2022-05-17,2022-05-22,12.78,11.9,-0.879999999999999,0.879999999999999,0.7743999999999982,0,0,0,6ed147cd585e5e8083292683f9be3cf585e97e4d46fa0e3224d24a4e2b42cbbb,f83baf5732ffbf88b9a448a3d9ab9fa270f7495fe44d1559c1ac49795a30881a,2bbf5eba419b0650693f1e88326107bf9a346c68,persistence_corrected_2bbf5eba419b_6ed147cd_f83baf57
Persistence,5,1,2022-05-18,2022-05-23,13.42,13.99,0.5700000000000003,0.5700000000000003,0.3249000000000003,0,0,0,6ed147cd585e5e8083292683f9be3cf585e97e4d46fa0e3224d24a4e2b42cbbb,f83baf5732ffbf88b9a448a3d9ab9fa270f7495fe44d1559c1ac49795a30881a,2bbf5eba419b0650693f1e88326107bf9a346c68,persistence_corrected_2bbf5eba419b_6ed147cd_f83baf57
Persistence,5,1,2022-05-19,2022-05-24,12.91,13.14,0.23000000000000043,0.23000000000000043,0.0529000000000002,0,0,0,6ed147cd585e5e8083292683f9be3cf585e97e4d46fa0e3224d24a4e2b42cbbb,f83baf5732ffbf88b9a448a3d9ab9fa270f7495fe44d1559c1ac49795a30881a,2bbf5eba419b0650693f1e88326107bf9a346c68,persistence_corrected_2bbf5eba419b_6ed147cd_f83baf57
Persistence,5,1,2022-05-20,2022-05-25,14.44,13.2,-1.2400000000000002,1.2400000000000002,1.5376000000000005,0,0,0,6ed147cd585e5e8083292683f9be3cf585e97e4d46fa0e3224d24a4e2b42cbbb,f83baf5732ffbf88b9a448a3d9ab9fa270f7495fe44d1559c1ac49795a30881a,2bbf5eba419b0650693f1e88326107bf9a346c68,persistence_corrected_2bbf5eba419b_6ed147cd_f83baf57
Persistence,5,1,2022-05-21,2022-05-26,13.75,12.84,-0.9100000000000001,0.9100000000000001,0.8281000000000003,0,0,0,6ed147cd585e5e8083292683f9be3cf585e97e4d46fa0e3224d24a4e2b42cbbb,f83baf5732ffbf88b9a448a3d9ab9fa270f7495fe44d1559c1ac49795a30881a,2bbf5eba419b0650693f1e88326107bf9a346c68,persistence_corrected_2bbf5eba419b_6ed147cd_f83baf57
Persistence,5,1,2022-05-22,2022-05-27,13.81,12.78,-1.0300000000000011,1.0300000000000011,1.0609000000000024,0,0,0,6ed147cd585e5e8083292683f9be3cf585e97e4d46fa0e3224d24a4e2b42cbbb,f83baf5732ffbf88b9a448a3d9ab9fa270f7495fe44d1559c1ac49795a30881a,2bbf5eba419b0650693f1e88326107bf9a346c68,persistence_corrected_2bbf5eba419b_6ed147cd_f83baf57
Persistence,5,1,2022-05-23,2022-05-28,16.48,13.42,-3.0600000000000005,3.0600000000000005,9.363600000000003,1,1,0,6ed147cd585e5e8083292683f9be3cf585e97e4d46fa0e3224d24a4e2b42cbbb,f83baf5732ffbf88b9a448a3d9ab9fa270f7495fe44d1559c1ac49795a30881a,2bbf5eba419b0650693f1e88326107bf9a346c68,persistence_corrected_2bbf5eba419b_6ed147cd_f83baf57
Persistence,5,1,2022-05-24,2022-05-29,15.8,12.91,-2.8900000000000006,2.8900000000000006,8.352100000000004,1,0,0,6ed147cd585e5e8083292683f9be3cf585e97e4d46fa0e3224d24a4e2b42cbbb,f83baf5732ffbf88b9a448a3d9ab9fa270f7495fe44d1559c1ac49795a30881a,2bbf5eba419b0650693f1e88326107bf9a346c68,persistence_corrected_2bbf5eba419b_6ed147cd_f83baf57
Persistence,5,1,2022-05-25,2022-05-30,12.42,14.44,2.0199999999999996,2.0199999999999996,4.080399999999998,0,0,0,6ed147cd585e5e8083292683f9be3cf585e97e4d46fa0e3224d24a4e2b42cbbb,f83baf5732ffbf88b9a448a3d9ab9fa270f7495fe44d1559c1ac49795a30881a,2bbf5eba419b0650693f1e88326107bf9a346c68,persistence_corrected_2bbf5eba419b_6ed147cd_f83baf57
Persistence,5,1,2022-05-26,2022-05-31,13.5,13.75,0.25,0.25,0.0625,0,0,0,6ed147cd585e5e8083292683f9be3cf585e97e4d46fa0e3224d24a4e2b42cbbb,f83baf5732ffbf88b9a448a3d9ab9fa270f7495fe44d1559c1ac49795a30881a,2bbf5eba419b0650693f1e88326107bf9a346c68,persistence_corrected_2bbf5eba419b_6ed147cd_f83baf57
Persistence,5,1,2022-05-27,2022-06-01,12.92,13.81,0.8900000000000006,0.8900000000000006,0.792100000000001,0,0,0,6ed147cd585e5e8083292683f9be3cf585e97e4d46fa0e3224d24a4e2b42cbbb,f83baf5732ffbf88b9a448a3d9ab9fa270f7495fe44d1559c1ac49795a30881a,2bbf5eba419b0650693f1e88326107bf9a346c68,persistence_corrected_2bbf5eba419b_6ed147cd_f83baf57
Persistence,5,1,2022-05-28,2022-06-02,13.51,16.48,2.9700000000000006,2.9700000000000006,8.820900000000004,0,0,0,6ed147cd585e5e8083292683f9be3cf585e97e4d46fa0e3224d24a4e2b42cbbb,f83baf5732ffbf88b9a448a3d9ab9fa270f7495fe44d1559c1ac49795a30881a,2bbf5eba419b0650693f1e88326107bf9a346c68,persistence_corrected_2bbf5eba419b_6ed147cd_f83baf57
Persistence,5,1,2022-05-29,2022-06-03,12.24,15.8,3.5600000000000005,3.5600000000000005,12.673600000000004,0,0,0,6ed147cd585e5e8083292683f9be3cf585e97e4d46fa0e3224d24a4e2b42cbbb,f83baf5732ffbf88b9a448a3d9ab9fa270f7495fe44d1559c1ac49795a30881a,2bbf5eba419b0650693f1e88326107bf9a346c68,persistence_corrected_2bbf5eba419b_6ed147cd_f83baf57
Persistence,5,1,2022-05-30,2022-06-04,10.24,12.42,2.1799999999999997,2.1799999999999997,4.752399999999999,0,0,0,6ed147cd585e5e8083292683f9be3cf585e97e4d46fa0e3224d24a4e2b42cbbb,f83baf5732ffbf88b9a448a3d9ab9fa270f7495fe44d1559c1ac49795a30881a,2bbf5eba419b0650693f1e88326107bf9a346c68,persistence_corrected_2bbf5eba419b_6ed147cd_f83baf57
Persistence,5,1,2022-05-31,2022-06-05,9.78,13.5,3.7200000000000006,3.7200000000000006,13.838400000000005,0,0,0,6ed147cd585e5e8083292683f9be3cf585e97e4d46fa0e3224d24a4e2b42cbbb,f83baf5732ffbf88b9a448a3d9ab9fa270f7495fe44d1559c1ac49795a30881a,2bbf5eba419b0650693f1e88326107bf9a346c68,persistence_corrected_2bbf5eba419b_6ed147cd_f83baf57
Persistence,5,1,2022-06-01,2022-06-06,8.76,12.92,4.16,4.16,17.305600000000002,0,0,0,6ed147cd585e5e8083292683f9be3cf585e97e4d46fa0e3224d24a4e2b42cbbb,f83baf5732ffbf88b9a448a3d9ab9fa270f7495fe44d1559c1ac49795a30881a,2bbf5eba419b0650693f1e88326107bf9a346c68,persistence_corrected_2bbf5eba419b_6ed147cd_f83baf57
Persistence,5,1,2022-06-02,2022-06-07,9.5,13.51,4.01,4.01,16.080099999999998,0,0,0,6ed147cd585e5e8083292683f9be3cf585e97e4d46fa0e3224d24a4e2b42cbbb,f83baf5732ffbf88b9a448a3d9ab9fa270f7495fe44d1559c1ac49795a30881a,2bbf5eba419b0650693f1e88326107bf9a346c68,persistence_corrected_2bbf5eba419b_6ed147cd_f83baf57
Persistence,5,1,2022-06-03,2022-06-08,13.81,12.24,-1.5700000000000003,1.5700000000000003,2.464900000000001,0,0,0,6ed147cd585e5e8083292683f9be3cf585e97e4d46fa0e3224d24a4e2b42cbbb,f83baf5732ffbf88b9a448a3d9ab9fa270f7495fe44d1559c1ac49795a30881a,2bbf5eba419b0650693f1e88326107bf9a346c68,persistence_corrected_2bbf5eba419b_6ed147cd_f83baf57
Persistence,5,1,2022-06-04,2022-06-09,13.99,10.24,-3.75,3.75,14.0625,0,0,0,6ed147cd585e5e8083292683f9be3cf585e97e4d46fa0e3224d24a4e2b42cbbb,f83baf5732ffbf88b9a448a3d9ab9fa270f7495fe44d1559c1ac49795a30881a,2bbf5eba419b0650693f1e88326107bf9a346c68,persistence_corrected_2bbf5eba419b_6ed147cd_f83baf57
Persistence,5,1,2022-06-05,2022-06-10,13.16,9.78,-3.380000000000001,3.380000000000001,11.424400000000006,0,0,0,6ed147cd585e5e8083292683f9be3cf585e97e4d46fa0e3224d24a4e2b42cbbb,f83baf5732ffbf88b9a448a3d9ab9fa270f7495fe44d1559c1ac49795a30881a,2bbf5eba419b0650693f1e88326107bf9a346c68,persistence_corrected_2bbf5eba419b_6ed147cd_f83baf57
Persistence,5,1,2022-06-06,2022-06-11,11.9,8.76,-3.1400000000000006,3.1400000000000006,9.859600000000004,0,0,0,6ed147cd585e5e8083292683f9be3cf585e97e4d46fa0e3224d24a4e2b42cbbb,f83baf5732ffbf88b9a448a3d9ab9fa270f7495fe44d1559c1ac49795a30881a,2bbf5eba419b0650693f1e88326107bf9a346c68,persistence_corrected_2bbf5eba419b_6ed147cd_f83baf57
Persistence,5,1,2022-06-07,2022-06-12,12.11,9.5,-2.6099999999999994,2.6099999999999994,6.812099999999997,0,0,0,6ed147cd585e5e8083292683f9be3cf585e97e4d46fa0e3224d24a4e2b42cbbb,f83baf5732ffbf88b9a448a3d9ab9fa270f7495fe44d1559c1ac49795a30881a,2bbf5eba419b0650693f1e88326107bf9a346c68,persistence_corrected_2bbf5eba419b_6ed147cd_f83baf57
Persistence,5,1,2022-06-08,2022-06-13,10.94,13.81,2.870000000000001,2.870000000000001,8.236900000000006,0,0,0,6ed147cd585e5e8083292683f9be3cf585e97e4d46fa0e3224d24a4e2b42cbbb,f83baf5732ffbf88b9a448a3d9ab9fa270f7495fe44d1559c1ac49795a30881a,2bbf5eba419b0650693f1e88326107bf9a346c68,persistence_corrected_2bbf5eba419b_6ed147cd_f83baf57
Persistence,5,1,2022-06-09,2022-06-14,14.46,13.99,-0.47000000000000064,0.47000000000000064,0.2209000000000006,0,0,0,6ed147cd585e5e8083292683f9be3cf585e97e4d46fa0e3224d24a4e2b42cbbb,f83baf5732ffbf88b9a448a3d9ab9fa270f7495fe44d1559c1ac49795a30881a,2bbf5eba419b0650693f1e88326107bf9a346c68,persistence_corrected_2bbf5eba419b_6ed147cd_f83baf57
Persistence,5,1,2022-06-10,2022-06-15,10.28,13.16,2.880000000000001,2.880000000000001,8.294400000000005,0,0,0,6ed147cd585e5e8083292683f9be3cf585e97e4d46fa0e3224d24a4e2b42cbbb,f83baf5732ffbf88b9a448a3d9ab9fa270f7495fe44d1559c1ac49795a30881a,2bbf5eba419b0650693f1e88326107bf9a346c68,persistence_corrected_2bbf5eba419b_6ed147cd_f83baf57
Persistence,5,1,2022-06-11,2022-06-16,9.31,11.9,2.59,2.59,6.708099999999999,0,0,0,6ed147cd585e5e8083292683f9be3cf585e97e4d46fa0e3224d24a4e2b42cbbb,f83baf5732ffbf88b9a448a3d9ab9fa270f7495fe44d1559c1ac49795a30881a,2bbf5eba419b0650693f1e88326107bf9a346c68,persistence_corrected_2bbf5eba419b_6ed147cd_f83baf57
Persistence,5,1,2022-06-12,2022-06-17,11.4,12.11,0.7099999999999991,0.7099999999999991,0.5040999999999987,0,0,0,6ed147cd585e5e8083292683f9be3cf585e97e4d46fa0e3224d24a4e2b42cbbb,f83baf5732ffbf88b9a448a3d9ab9fa270f7495fe44d1559c1ac49795a30881a,2bbf5eba419b0650693f1e88326107bf9a346c68,persistence_corrected_2bbf5eba419b_6ed147cd_f83baf57
Persistence,5,1,2022-06-13,2022-06-18,10.92,10.94,0.019999999999999574,0.019999999999999574,0.00039999999999998294,0,0,0,6ed147cd585e5e8083292683f9be3cf585e97e4d46fa0e3224d24a4e2b42cbbb,f83baf5732ffbf88b9a448a3d9ab9fa270f7495fe44d1559c1ac49795a30881a,2bbf5eba419b0650693f1e88326107bf9a346c68,persistence_corrected_2bbf5eba419b_6ed147cd_f83baf57
Persistence,5,1,2022-06-14,2022-06-19,10.96,14.46,3.5,3.5,12.25,0,0,0,6ed147cd585e5e8083292683f9be3cf585e97e4d46fa0e3224d24a4e2b42cbbb,f83baf5732ffbf88b9a448a3d9ab9fa270f7495fe44d1559c1ac49795a30881a,2bbf5eba419b0650693f1e88326107bf9a346c68,persistence_corrected_2bbf5eba419b_6ed147cd_f83baf57
Persistence,5,1,2022-06-15,2022-06-20,10.97,10.28,-0.6900000000000013,0.6900000000000013,0.47610000000000174,0,0,0,6ed147cd585e5e8083292683f9be3cf585e97e4d46fa0e3224d24a4e2b42cbbb,f83baf5732ffbf88b9a448a3d9ab9fa270f7495fe44d1559c1ac49795a30881a,2bbf5eba419b0650693f1e88326107bf9a346c68,persistence_corrected_2bbf5eba419b_6ed147cd_f83baf57
Persistence,5,2,2022-06-16,2022-06-21,11.96,9.31,-2.6500000000000004,2.6500000000000004,7.022500000000002,0,0,0,6ed147cd585e5e8083292683f9be3cf585e97e4d46fa0e3224d24a4e2b42cbbb,f83baf5732ffbf88b9a448a3d9ab9fa270f7495fe44d1559c1ac49795a30881a,2bbf5eba419b0650693f1e88326107bf9a346c68,persistence_corrected_2bbf5eba419b_6ed147cd_f83baf57
Persistence,5,2,2022-06-17,2022-06-22,13.96,11.4,-2.5600000000000005,2.5600000000000005,6.553600000000003,0,0,0,6ed147cd585e5e8083292683f9be3cf585e97e4d46fa0e3224d24a4e2b42cbbb,f83baf5732ffbf88b9a448a3d9ab9fa270f7495fe44d1559c1ac49795a30881a,2bbf5eba419b0650693f1e88326107bf9a346c68,persistence_corrected_2bbf5eba419b_6ed147cd_f83baf57
Persistence,5,2,2022-06-18,2022-06-23,13.33,10.92,-2.41,2.41,5.8081000000000005,0,0,0,6ed147cd585e5e8083292683f9be3cf585e97e4d46fa0e3224d24a4e2b42cbbb,f83baf5732ffbf88b9a448a3d9ab9fa270f7495fe44d1559c1ac49795a30881a,2bbf5eba419b0650693f1e88326107bf9a346c68,persistence_corrected_2bbf5eba419b_6ed147cd_f83baf57
Persistence,5,2,2022-06-19,2022-06-24,13.07,10.96,-2.1099999999999994,2.1099999999999994,4.452099999999998,0,0,0,6ed147cd585e5e8083292683f9be3cf585e97e4d46fa0e3224d24a4e2b42cbbb,f83baf5732ffbf88b9a448a3d9ab9fa270f7495fe44d1559c1ac49795a30881a,2bbf5eba419b0650693f1e88326107bf9a346c68,persistence_corrected_2bbf5eba419b_6ed147cd_f83baf57
Persistence,5,2,2022-06-20,2022-06-25,11.83,10.97,-0.8599999999999994,0.8599999999999994,0.739599999999999,0,0,0,6ed147cd585e5e8083292683f9be3cf585e97e4d46fa0e3224d24a4e2b42cbbb,f83baf5732ffbf88b9a448a3d9ab9fa270f7495fe44d1559c1ac49795a30881a,2bbf5eba419b0650693f1e88326107bf9a346c68,persistence_corrected_2bbf5eba419b_6ed147cd_f83baf57
Persistence,5,2,2022-06-21,2022-06-26,11.71,11.96,0.25,0.25,0.0625,0,0,0,6ed147cd585e5e8083292683f9be3cf585e97e4d46fa0e3224d24a4e2b42cbbb,f83baf5732ffbf88b9a448a3d9ab9fa270f7495fe44d1559c1ac49795a30881a,2bbf5eba419b0650693f1e88326107bf9a346c68,persistence_corrected_2bbf5eba419b_6ed147cd_f83baf57
Persistence,5,2,2022-06-22,2022-06-27,12.04,13.96,1.9200000000000017,1.9200000000000017,3.6864000000000066,0,0,0,6ed147cd585e5e8083292683f9be3cf585e97e4d46fa0e3224d24a4e2b42cbbb,f83baf5732ffbf88b9a448a3d9ab9fa270f7495fe44d1559c1ac49795a30881a,2bbf5eba419b0650693f1e88326107bf9a346c68,persistence_corrected_2bbf5eba419b_6ed147cd_f83baf57
Persistence,5,2,2022-06-23,2022-06-28,9.34,13.33,3.99,3.99,15.920100000000001,0,0,0,6ed147cd585e5e8083292683f9be3cf585e97e4d46fa0e3224d24a4e2b42cbbb,f83baf5732ffbf88b9a448a3d9ab9fa270f7495fe44d1559c1ac49795a30881a,2bbf5eba419b0650693f1e88326107bf9a346c68,persistence_corrected_2bbf5eba419b_6ed147cd_f83baf57
Persistence,5,2,2022-06-24,2022-06-29,9.1,13.07,3.9700000000000006,3.9700000000000006,15.760900000000005,0,0,0,6ed147cd585e5e8083292683f9be3cf585e97e4d46fa0e3224d24a4e2b42cbbb,f83baf5732ffbf88b9a448a3d9ab9fa270f7495fe44d1559c1ac49795a30881a,2bbf5eba419b0650693f1e88326107bf9a346c68,persistence_corrected_2bbf5eba419b_6ed147cd_f83baf57
Persistence,5,2,2022-06-25,2022-06-30,12.71,11.83,-0.8800000000000008,0.8800000000000008,0.7744000000000014,0,0,0,6ed147cd585e5e8083292683f9be3cf585e97e4d46fa0e3224d24a4e2b42cbbb,f83baf5732ffbf88b9a448a3d9ab9fa270f7495fe44d1559c1ac49795a30881a,2bbf5eba419b0650693f1e88326107bf9a346c68,persistence_corrected_2bbf5eba419b_6ed147cd_f83baf57
Persistence,5,2,2022-06-26,2022-07-01,12.94,11.71,-1.2299999999999986,1.2299999999999986,1.5128999999999966,0,0,0,6ed147cd585e5e8083292683f9be3cf585e97e4d46fa0e3224d24a4e2b42cbbb,f83baf5732ffbf88b9a448a3d9ab9fa270f7495fe44d1559c1ac49795a30881a,2bbf5eba419b0650693f1e88326107bf9a346c68,persistence_corrected_2bbf5eba419b_6ed147cd_f83baf57
Persistence,5,2,2022-06-27,2022-07-02,10.07,12.04,1.9699999999999989,1.9699999999999989,3.8808999999999956,0,0,0,6ed147cd585e5e8083292683f9be3cf585e97e4d46fa0e3224d24a4e2b42cbbb,f83baf5732ffbf88b9a448a3d9ab9fa270f7495fe44d1559c1ac49795a30881a,2bbf5eba419b0650693f1e88326107bf9a346c68,persistence_corrected_2bbf5eba419b_6ed147cd_f83baf57
Persistence,5,2,2022-06-28,2022-07-03,9.04,9.34,0.3000000000000007,0.3000000000000007,0.09000000000000043,0,0,0,6ed147cd585e5e8083292683f9be3cf585e97e4d46fa0e3224d24a4e2b42cbbb,f83baf5732ffbf88b9a448a3d9ab9fa270f7495fe44d1559c1ac49795a30881a,2bbf5eba419b0650693f1e88326107bf9a346c68,persistence_corrected_2bbf5eba419b_6ed147cd_f83baf57
Persistence,5,2,2022-06-29,2022-07-04,11.09,9.1,-1.9900000000000002,1.9900000000000002,3.960100000000001,0,0,0,6ed147cd585e5e8083292683f9be3cf585e97e4d46fa0e3224d24a4e2b42cbbb,f83baf5732ffbf88b9a448a3d9ab9fa270f7495fe44d1559c1ac49795a30881a,2bbf5eba419b0650693f1e88326107bf9a346c68,persistence_corrected_2bbf5eba419b_6ed147cd_f83baf57
Persistence,5,2,2022-06-30,2022-07-05,11.74,12.71,0.9700000000000006,0.9700000000000006,0.9409000000000013,0,0,0,6ed147cd585e5e8083292683f9be3cf585e97e4d46fa0e3224d24a4e2b42cbbb,f83baf5732ffbf88b9a448a3d9ab9fa270f7495fe44d1559c1ac49795a30881a,2bbf5eba419b0650693f1e88326107bf9a346c68,persistence_corrected_2bbf5eba419b_6ed147cd_f83baf57
Persistence,5,2,2022-07-01,2022-07-06,11.62,12.94,1.3200000000000003,1.3200000000000003,1.7424000000000008,0,0,0,6ed147cd585e5e8083292683f9be3cf585e97e4d46fa0e3224d24a4e2b42cbbb,f83baf5732ffbf88b9a448a3d9ab9fa270f7495fe44d1559c1ac49795a30881a,2bbf5eba419b0650693f1e88326107bf9a346c68,persistence_corrected_2bbf5eba419b_6ed147cd_f83baf57
Persistence,5,2,2022-07-02,2022-07-07,13.14,10.07,-3.0700000000000003,3.0700000000000003,9.424900000000001,0,0,0,6ed147cd585e5e8083292683f9be3cf585e97e4d46fa0e3224d24a4e2b42cbbb,f83baf5732ffbf88b9a448a3d9ab9fa270f7495fe44d1559c1ac49795a30881a,2bbf5eba419b0650693f1e88326107bf9a346c68,persistence_corrected_2bbf5eba419b_6ed147cd_f83baf57
Persistence,5,2,2022-07-03,2022-07-08,10.84,9.04,-1.8000000000000007,1.8000000000000007,3.2400000000000024,0,0,0,6ed147cd585e5e8083292683f9be3cf585e97e4d46fa0e3224d24a4e2b42cbbb,f83baf5732ffbf88b9a448a3d9ab9fa270f7495fe44d1559c1ac49795a30881a,2bbf5eba419b0650693f1e88326107bf9a346c68,persistence_corrected_2bbf5eba419b_6ed147cd_f83baf57
Persistence,5,2,2022-07-04,2022-07-09,11.6,11.09,-0.5099999999999998,0.5099999999999998,0.2600999999999998,0,0,0,6ed147cd585e5e8083292683f9be3cf585e97e4d46fa0e3224d24a4e2b42cbbb,f83baf5732ffbf88b9a448a3d9ab9fa270f7495fe44d1559c1ac49795a30881a,2bbf5eba419b0650693f1e88326107bf9a346c68,persistence_corrected_2bbf5eba419b_6ed147cd_f83baf57
Persistence,5,2,2022-07-05,2022-07-10,11.35,11.74,0.39000000000000057,0.39000000000000057,0.15210000000000046,0,0,0,6ed147cd585e5e8083292683f9be3cf585e97e4d46fa0e3224d24a4e2b42cbbb,f83baf5732ffbf88b9a448a3d9ab9fa270f7495fe44d1559c1ac49795a30881a,2bbf5eba419b0650693f1e88326107bf9a346c68,persistence_corrected_2bbf5eba419b_6ed147cd_f83baf57
Persistence,5,2,2022-07-06,2022-07-11,12.84,11.62,-1.2200000000000006,1.2200000000000006,1.4884000000000015,0,0,0,6ed147cd585e5e8083292683f9be3cf585e97e4d46fa0e3224d24a4e2b42cbbb,f83baf5732ffbf88b9a448a3d9ab9fa270f7495fe44d1559c1ac49795a30881a,2bbf5eba419b0650693f1e88326107bf9a346c68,persistence_corrected_2bbf5eba419b_6ed147cd_f83baf57
Persistence,5,2,2022-07-07,2022-07-12,10.85,13.14,2.290000000000001,2.290000000000001,5.244100000000004,0,0,0,6ed147cd585e5e8083292683f9be3cf585e97e4d46fa0e3224d24a4e2b42cbbb,f83baf5732ffbf88b9a448a3d9ab9fa270f7495fe44d1559c1ac49795a30881a,2bbf5eba419b0650693f1e88326107bf9a346c68,persistence_corrected_2bbf5eba419b_6ed147cd_f83baf57
Persistence,5,2,2022-07-08,2022-07-13,12.23,10.84,-1.3900000000000006,1.3900000000000006,1.9321000000000015,0,0,0,6ed147cd585e5e8083292683f9be3cf585e97e4d46fa0e3224d24a4e2b42cbbb,f83baf5732ffbf88b9a448a3d9ab9fa270f7495fe44d1559c1ac49795a30881a,2bbf5eba419b0650693f1e88326107bf9a346c68,persistence_corrected_2bbf5eba419b_6ed147cd_f83baf57
Persistence,5,2,2022-07-09,2022-07-14,13.62,11.6,-2.0199999999999996,2.0199999999999996,4.080399999999998,0,0,0,6ed147cd585e5e8083292683f9be3cf585e97e4d46fa0e3224d24a4e2b42cbbb,f83baf5732ffbf88b9a448a3d9ab9fa270f7495fe44d1559c1ac49795a30881a,2bbf5eba419b0650693f1e88326107bf9a346c68,persistence_corrected_2bbf5eba419b_6ed147cd_f83baf57
Persistence,5,2,2022-07-10,2022-07-15,12.58,11.35,-1.2300000000000004,1.2300000000000004,1.512900000000001,0,0,0,6ed147cd585e5e8083292683f9be3cf585e97e4d46fa0e3224d24a4e2b42cbbb,f83baf5732ffbf88b9a448a3d9ab9fa270f7495fe44d1559c1ac49795a30881a,2bbf5eba419b0650693f1e88326107bf9a346c68,persistence_corrected_2bbf5eba419b_6ed147cd_f83baf57
Persistence,5,2,2022-07-11,2022-07-16,12.6,12.84,0.2400000000000002,0.2400000000000002,0.0576000000000001,0,0,0,6ed147cd585e5e8083292683f9be3cf585e97e4d46fa0e3224d24a4e2b42cbbb,f83baf5732ffbf88b9a448a3d9ab9fa270f7495fe44d1559c1ac49795a30881a,2bbf5eba419b0650693f1e88326107bf9a346c68,persistence_corrected_2bbf5eba419b_6ed147cd_f83baf57
Persistence,5,2,2022-07-12,2022-07-17,11.39,10.85,-0.5400000000000009,0.5400000000000009,0.291600000000001,0,0,0,6ed147cd585e5e8083292683f9be3cf585e97e4d46fa0e3224d24a4e2b42cbbb,f83baf5732ffbf88b9a448a3d9ab9fa270f7495fe44d1559c1ac49795a30881a,2bbf5eba419b0650693f1e88326107bf9a346c68,persistence_corrected_2bbf5eba419b_6ed147cd_f83baf57
Persistence,5,2,2022-07-13,2022-07-18,12.11,12.23,0.120000000000001,0.120000000000001,0.014400000000000239,0,0,0,6ed147cd585e5e8083292683f9be3cf585e97e4d46fa0e3224d24a4e2b42cbbb,f83baf5732ffbf88b9a448a3d9ab9fa270f7495fe44d1559c1ac49795a30881a,2bbf5eba419b0650693f1e88326107bf9a346c68,persistence_corrected_2bbf5eba419b_6ed147cd_f83baf57
Persistence,5,2,2022-07-14,2022-07-19,9.71,13.62,3.9099999999999984,3.9099999999999984,15.288099999999988,0,0,0,6ed147cd585e5e8083292683f9be3cf585e97e4d46fa0e3224d24a4e2b42cbbb,f83baf5732ffbf88b9a448a3d9ab9fa270f7495fe44d1559c1ac49795a30881a,2bbf5eba419b0650693f1e88326107bf9a346c68,persistence_corrected_2bbf5eba419b_6ed147cd_f83baf57
Persistence,5,2,2022-07-15,2022-07-20,12.02,12.58,0.5600000000000005,0.5600000000000005,0.31360000000000054,0,0,0,6ed147cd585e5e8083292683f9be3cf585e97e4d46fa0e3224d24a4e2b42cbbb,f83baf5732ffbf88b9a448a3d9ab9fa270f7495fe44d1559c1ac49795a30881a,2bbf5eba419b0650693f1e88326107bf9a346c68,persistence_corrected_2bbf5eba419b_6ed147cd_f83baf57
Persistence,5,2,2022-07-16,2022-07-21,11.9,12.6,0.6999999999999993,0.6999999999999993,0.489999999999999,0,0,0,6ed147cd585e5e8083292683f9be3cf585e97e4d46fa0e3224d24a4e2b42cbbb,f83baf5732ffbf88b9a448a3d9ab9fa270f7495fe44d1559c1ac49795a30881a,2bbf5eba419b0650693f1e88326107bf9a346c68,persistence_corrected_2bbf5eba419b_6ed147cd_f83baf57
Persistence,5,2,2022-07-17,2022-07-22,11.05,11.39,0.33999999999999986,0.33999999999999986,0.1155999999999999,0,0,0,6ed147cd585e5e8083292683f9be3cf585e97e4d46fa0e3224d24a4e2b42cbbb,f83baf5732ffbf88b9a448a3d9ab9fa270f7495fe44d1559c1ac49795a30881a,2bbf5eba419b0650693f1e88326107bf9a346c68,persistence_corrected_2bbf5eba419b_6ed147cd_f83baf57
Persistence,5,2,2022-07-18,2022-07-23,11.92,12.11,0.1899999999999995,0.1899999999999995,0.03609999999999981,0,0,0,6ed147cd585e5e8083292683f9be3cf585e97e4d46fa0e3224d24a4e2b42cbbb,f83baf5732ffbf88b9a448a3d9ab9fa270f7495fe44d1559c1ac49795a30881a,2bbf5eba419b0650693f1e88326107bf9a346c68,persistence_corrected_2bbf5eba419b_6ed147cd_f83baf57
Persistence,5,2,2022-07-19,2022-07-24,11.48,9.71,-1.7699999999999996,1.7699999999999996,3.1328999999999985,0,0,0,6ed147cd585e5e8083292683f9be3cf585e97e4d46fa0e3224d24a4e2b42cbbb,f83baf5732ffbf88b9a448a3d9ab9fa270f7495fe44d1559c1ac49795a30881a,2bbf5eba419b0650693f1e88326107bf9a346c68,persistence_corrected_2bbf5eba419b_6ed147cd_f83baf57
Persistence,5,2,2022-07-20,2022-07-25,10.61,12.02,1.4100000000000001,1.4100000000000001,1.9881000000000004,0,0,0,6ed147cd585e5e8083292683f9be3cf585e97e4d46fa0e3224d24a4e2b42cbbb,f83baf5732ffbf88b9a448a3d9ab9fa270f7495fe44d1559c1ac49795a30881a,2bbf5eba419b0650693f1e88326107bf9a346c68,persistence_corrected_2bbf5eba419b_6ed147cd_f83baf57
Persistence,5,2,2022-07-21,2022-07-26,9.41,11.9,2.49,2.49,6.200100000000001,0,0,0,6ed147cd585e5e8083292683f9be3cf585e97e4d46fa0e3224d24a4e2b42cbbb,f83baf5732ffbf88b9a448a3d9ab9fa270f7495fe44d1559c1ac49795a30881a,2bbf5eba419b0650693f1e88326107bf9a346c68,persistence_corrected_2bbf5eba419b_6ed147cd_f83baf57
Persistence,5,2,2022-07-22,2022-07-27,10.84,11.05,0.21000000000000085,0.21000000000000085,0.04410000000000036,0,0,0,6ed147cd585e5e8083292683f9be3cf585e97e4d46fa0e3224d24a4e2b42cbbb,f83baf5732ffbf88b9a448a3d9ab9fa270f7495fe44d1559c1ac49795a30881a,2bbf5eba419b0650693f1e88326107bf9a346c68,persistence_corrected_2bbf5eba419b_6ed147cd_f83baf57
Persistence,5,2,2022-07-23,2022-07-28,10.36,11.92,1.5600000000000005,1.5600000000000005,2.4336000000000015,0,0,0,6ed147cd585e5e8083292683f9be3cf585e97e4d46fa0e3224d24a4e2b42cbbb,f83baf5732ffbf88b9a448a3d9ab9fa270f7495fe44d1559c1ac49795a30881a,2bbf5eba419b0650693f1e88326107bf9a346c68,persistence_corrected_2bbf5eba419b_6ed147cd_f83baf57
Persistence,5,2,2022-07-24,2022-07-29,12.71,11.48,-1.2300000000000004,1.2300000000000004,1.512900000000001,0,0,0,6ed147cd585e5e8083292683f9be3cf585e97e4d46fa0e3224d24a4e2b42cbbb,f83baf5732ffbf88b9a448a3d9ab9fa270f7495fe44d1559c1ac49795a30881a,2bbf5eba419b0650693f1e88326107bf9a346c68,persistence_corrected_2bbf5eba419b_6ed147cd_f83baf57
Persistence,5,2,2022-07-25,2022-07-30,11.0,10.61,-0.39000000000000057,0.39000000000000057,0.15210000000000046,0,0,0,6ed147cd585e5e8083292683f9be3cf585e97e4d46fa0e3224d24a4e2b42cbbb,f83baf5732ffbf88b9a448a3d9ab9fa270f7495fe44d1559c1ac49795a30881a,2bbf5eba419b0650693f1e88326107bf9a346c68,persistence_corrected_2bbf5eba419b_6ed147cd_f83baf57
Persistence,5,2,2022-07-26,2022-07-31,11.68,9.41,-2.2699999999999996,2.2699999999999996,5.152899999999998,0,0,0,6ed147cd585e5e8083292683f9be3cf585e97e4d46fa0e3224d24a4e2b42cbbb,f83baf5732ffbf88b9a448a3d9ab9fa270f7495fe44d1559c1ac49795a30881a,2bbf5eba419b0650693f1e88326107bf9a346c68,persistence_corrected_2bbf5eba419b_6ed147cd_f83baf57
Persistence,5,2,2022-07-27,2022-08-01,11.72,10.84,-0.8800000000000008,0.8800000000000008,0.7744000000000014,0,0,0,6ed147cd585e5e8083292683f9be3cf585e97e4d46fa0e3224d24a4e2b42cbbb,f83baf5732ffbf88b9a448a3d9ab9fa270f7495fe44d1559c1ac49795a30881a,2bbf5eba419b0650693f1e88326107bf9a346c68,persistence_corrected_2bbf5eba419b_6ed147cd_f83baf57
Persistence,5,2,2022-07-28,2022-08-02,13.98,10.36,-3.620000000000001,3.620000000000001,13.104400000000007,0,0,0,6ed147cd585e5e8083292683f9be3cf585e97e4d46fa0e3224d24a4e2b42cbbb,f83baf5732ffbf88b9a448a3d9ab9fa270f7495fe44d1559c1ac49795a30881a,2bbf5eba419b0650693f1e88326107bf9a346c68,persistence_corrected_2bbf5eba419b_6ed147cd_f83baf57
Persistence,5,2,2022-07-29,2022-08-03,15.37,12.71,-2.6599999999999984,2.6599999999999984,7.075599999999992,1,0,0,6ed147cd585e5e8083292683f9be3cf585e97e4d46fa0e3224d24a4e2b42cbbb,f83baf5732ffbf88b9a448a3d9ab9fa270f7495fe44d1559c1ac49795a30881a,2bbf5eba419b0650693f1e88326107bf9a346c68,persistence_corrected_2bbf5eba419b_6ed147cd_f83baf57
Persistence,5,2,2022-07-30,2022-08-04,13.75,11.0,-2.75,2.75,7.5625,0,0,0,6ed147cd585e5e8083292683f9be3cf585e97e4d46fa0e3224d24a4e2b42cbbb,f83baf5732ffbf88b9a448a3d9ab9fa270f7495fe44d1559c1ac49795a30881a,2bbf5eba419b0650693f1e88326107bf9a346c68,persistence_corrected_2bbf5eba419b_6ed147cd_f83baf57
Persistence,5,2,2022-07-31,2022-08-05,12.58,11.68,-0.9000000000000004,0.9000000000000004,0.8100000000000006,0,0,0,6ed147cd585e5e8083292683f9be3cf585e97e4d46fa0e3224d24a4e2b42cbbb,f83baf5732ffbf88b9a448a3d9ab9fa270f7495fe44d1559c1ac49795a30881a,2bbf5eba419b0650693f1e88326107bf9a346c68,persistence_corrected_2bbf5eba419b_6ed147cd_f83baf57
Persistence,5,2,2022-08-01,2022-08-06,11.47,11.72,0.25,0.25,0.0625,0,0,0,6ed147cd585e5e8083292683f9be3cf585e97e4d46fa0e3224d24a4e2b42cbbb,f83baf5732ffbf88b9a448a3d9ab9fa270f7495fe44d1559c1ac49795a30881a,2bbf5eba419b0650693f1e88326107bf9a346c68,persistence_corrected_2bbf5eba419b_6ed147cd_f83baf57
Persistence,5,2,2022-08-02,2022-08-07,10.79,13.98,3.1900000000000013,3.1900000000000013,10.176100000000009,0,0,0,6ed147cd585e5e8083292683f9be3cf585e97e4d46fa0e3224d24a4e2b42cbbb,f83baf5732ffbf88b9a448a3d9ab9fa270f7495fe44d1559c1ac49795a30881a,2bbf5eba419b0650693f1e88326107bf9a346c68,persistence_corrected_2bbf5eba419b_6ed147cd_f83baf57
Persistence,5,2,2022-08-03,2022-08-08,11.84,15.37,3.5299999999999994,3.5299999999999994,12.460899999999995,0,0,0,6ed147cd585e5e8083292683f9be3cf585e97e4d46fa0e3224d24a4e2b42cbbb,f83baf5732ffbf88b9a448a3d9ab9fa270f7495fe44d1559c1ac49795a30881a,2bbf5eba419b0650693f1e88326107bf9a346c68,persistence_corrected_2bbf5eba419b_6ed147cd_f83baf57
Persistence,5,2,2022-08-04,2022-08-09,11.92,13.75,1.83,1.83,3.3489000000000004,0,0,0,6ed147cd585e5e8083292683f9be3cf585e97e4d46fa0e3224d24a4e2b42cbbb,f83baf5732ffbf88b9a448a3d9ab9fa270f7495fe44d1559c1ac49795a30881a,2bbf5eba419b0650693f1e88326107bf9a346c68,persistence_corrected_2bbf5eba419b_6ed147cd_f83baf57
Persistence,5,2,2022-08-05,2022-08-10,9.1,12.58,3.4800000000000004,3.4800000000000004,12.110400000000004,0,0,0,6ed147cd585e5e8083292683f9be3cf585e97e4d46fa0e3224d24a4e2b42cbbb,f83baf5732ffbf88b9a448a3d9ab9fa270f7495fe44d1559c1ac49795a30881a,2bbf5eba419b0650693f1e88326107bf9a346c68,persistence_corrected_2bbf5eba419b_6ed147cd_f83baf57
Persistence,5,2,2022-08-06,2022-08-11,10.85,11.47,0.620000000000001,0.620000000000001,0.38440000000000124,0,0,0,6ed147cd585e5e8083292683f9be3cf585e97e4d46fa0e3224d24a4e2b42cbbb,f83baf5732ffbf88b9a448a3d9ab9fa270f7495fe44d1559c1ac49795a30881a,2bbf5eba419b0650693f1e88326107bf9a346c68,persistence_corrected_2bbf5eba419b_6ed147cd_f83baf57
Persistence,5,2,2022-08-07,2022-08-12,10.13,10.79,0.6599999999999984,0.6599999999999984,0.4355999999999978,0,0,0,6ed147cd585e5e8083292683f9be3cf585e97e4d46fa0e3224d24a4e2b42cbbb,f83baf5732ffbf88b9a448a3d9ab9fa270f7495fe44d1559c1ac49795a30881a,2bbf5eba419b0650693f1e88326107bf9a346c68,persistence_corrected_2bbf5eba419b_6ed147cd_f83baf57
Persistence,5,2,2022-08-08,2022-08-13,9.9,11.84,1.9399999999999995,1.9399999999999995,3.763599999999998,0,0,0,6ed147cd585e5e8083292683f9be3cf585e97e4d46fa0e3224d24a4e2b42cbbb,f83baf5732ffbf88b9a448a3d9ab9fa270f7495fe44d1559c1ac49795a30881a,2bbf5eba419b0650693f1e88326107bf9a346c68,persistence_corrected_2bbf5eba419b_6ed147cd_f83baf57
Persistence,5,2,2022-08-09,2022-08-14,8.88,11.92,3.039999999999999,3.039999999999999,9.241599999999995,0,0,0,6ed147cd585e5e8083292683f9be3cf585e97e4d46fa0e3224d24a4e2b42cbbb,f83baf5732ffbf88b9a448a3d9ab9fa270f7495fe44d1559c1ac49795a30881a,2bbf5eba419b0650693f1e88326107bf9a346c68,persistence_corrected_2bbf5eba419b_6ed147cd_f83baf57
Persistence,5,2,2022-08-10,2022-08-15,7.51,9.1,1.5899999999999999,1.5899999999999999,2.5280999999999993,0,0,0,6ed147cd585e5e8083292683f9be3cf585e97e4d46fa0e3224d24a4e2b42cbbb,f83baf5732ffbf88b9a448a3d9ab9fa270f7495fe44d1559c1ac49795a30881a,2bbf5eba419b0650693f1e88326107bf9a346c68,persistence_corrected_2bbf5eba419b_6ed147cd_f83baf57
Persistence,5,2,2022-08-11,2022-08-16,7.97,10.85,2.88,2.88,8.2944,0,0,0,6ed147cd585e5e8083292683f9be3cf585e97e4d46fa0e3224d24a4e2b42cbbb,f83baf5732ffbf88b9a448a3d9ab9fa270f7495fe44d1559c1ac49795a30881a,2bbf5eba419b0650693f1e88326107bf9a346c68,persistence_corrected_2bbf5eba419b_6ed147cd_f83baf57
Persistence,5,2,2022-08-12,2022-08-17,10.81,10.13,-0.6799999999999997,0.6799999999999997,0.4623999999999996,0,0,0,6ed147cd585e5e8083292683f9be3cf585e97e4d46fa0e3224d24a4e2b42cbbb,f83baf5732ffbf88b9a448a3d9ab9fa270f7495fe44d1559c1ac49795a30881a,2bbf5eba419b0650693f1e88326107bf9a346c68,persistence_corrected_2bbf5eba419b_6ed147cd_f83baf57
Persistence,5,2,2022-08-13,2022-08-18,10.51,9.9,-0.6099999999999994,0.6099999999999994,0.3720999999999993,0,0,0,6ed147cd585e5e8083292683f9be3cf585e97e4d46fa0e3224d24a4e2b42cbbb,f83baf5732ffbf88b9a448a3d9ab9fa270f7495fe44d1559c1ac49795a30881a,2bbf5eba419b0650693f1e88326107bf9a346c68,persistence_corrected_2bbf5eba419b_6ed147cd_f83baf57
Persistence,5,2,2022-08-14,2022-08-19,8.86,8.88,0.02000000000000135,0.02000000000000135,0.000400000000000054,0,0,0,6ed147cd585e5e8083292683f9be3cf585e97e4d46fa0e3224d24a4e2b42cbbb,f83baf5732ffbf88b9a448a3d9ab9fa270f7495fe44d1559c1ac49795a30881a,2bbf5eba419b0650693f1e88326107bf9a346c68,persistence_corrected_2bbf5eba419b_6ed147cd_f83baf57
Persistence,5,2,2022-08-15,2022-08-20,9.42,7.51,-1.9100000000000001,1.9100000000000001,3.6481000000000003,0,0,0,6ed147cd585e5e8083292683f9be3cf585e97e4d46fa0e3224d24a4e2b42cbbb,f83baf5732ffbf88b9a448a3d9ab9fa270f7495fe44d1559c1ac49795a30881a,2bbf5eba419b0650693f1e88326107bf9a346c68,persistence_corrected_2bbf5eba419b_6ed147cd_f83baf57
Persistence,5,2,2022-08-16,2022-08-21,9.74,7.97,-1.7700000000000005,1.7700000000000005,3.1329000000000016,0,0,0,6ed147cd585e5e8083292683f9be3cf585e97e4d46fa0e3224d24a4e2b42cbbb,f83baf5732ffbf88b9a448a3d9ab9fa270f7495fe44d1559c1ac49795a30881a,2bbf5eba419b0650693f1e88326107bf9a346c68,persistence_corrected_2bbf5eba419b_6ed147cd_f83baf57
Persistence,5,2,2022-08-17,2022-08-22,10.25,10.81,0.5600000000000005,0.5600000000000005,0.31360000000000054,0,0,0,6ed147cd585e5e8083292683f9be3cf585e97e4d46fa0e3224d24a4e2b42cbbb,f83baf5732ffbf88b9a448a3d9ab9fa270f7495fe44d1559c1ac49795a30881a,2bbf5eba419b0650693f1e88326107bf9a346c68,persistence_corrected_2bbf5eba419b_6ed147cd_f83baf57
Persistence,5,2,2022-08-18,2022-08-23,12.0,10.51,-1.4900000000000002,1.4900000000000002,2.220100000000001,0,0,0,6ed147cd585e5e8083292683f9be3cf585e97e4d46fa0e3224d24a4e2b42cbbb,f83baf5732ffbf88b9a448a3d9ab9fa270f7495fe44d1559c1ac49795a30881a,2bbf5eba419b0650693f1e88326107bf9a346c68,persistence_corrected_2bbf5eba419b_6ed147cd_f83baf57
Persistence,5,2,2022-08-19,2022-08-24,9.62,8.86,-0.7599999999999998,0.7599999999999998,0.5775999999999997,0,0,0,6ed147cd585e5e8083292683f9be3cf585e97e4d46fa0e3224d24a4e2b42cbbb,f83baf5732ffbf88b9a448a3d9ab9fa270f7495fe44d1559c1ac49795a30881a,2bbf5eba419b0650693f1e88326107bf9a346c68,persistence_corrected_2bbf5eba419b_6ed147cd_f83baf57
Persistence,5,2,2022-08-20,2022-08-25,9.98,9.42,-0.5600000000000005,0.5600000000000005,0.31360000000000054,0,0,0,6ed147cd585e5e8083292683f9be3cf585e97e4d46fa0e3224d24a4e2b42cbbb,f83baf5732ffbf88b9a448a3d9ab9fa270f7495fe44d1559c1ac49795a30881a,2bbf5eba419b0650693f1e88326107bf9a346c68,persistence_corrected_2bbf5eba419b_6ed147cd_f83baf57
Persistence,5,2,2022-08-21,2022-08-26,10.62,9.74,-0.879999999999999,0.879999999999999,0.7743999999999982,0,0,0,6ed147cd585e5e8083292683f9be3cf585e97e4d46fa0e3224d24a4e2b42cbbb,f83baf5732ffbf88b9a448a3d9ab9fa270f7495fe44d1559c1ac49795a30881a,2bbf5eba419b0650693f1e88326107bf9a346c68,persistence_corrected_2bbf5eba419b_6ed147cd_f83baf57
Persistence,5,2,2022-08-22,2022-08-27,12.52,10.25,-2.2699999999999996,2.2699999999999996,5.152899999999998,0,0,0,6ed147cd585e5e8083292683f9be3cf585e97e4d46fa0e3224d24a4e2b42cbbb,f83baf5732ffbf88b9a448a3d9ab9fa270f7495fe44d1559c1ac49795a30881a,2bbf5eba419b0650693f1e88326107bf9a346c68,persistence_corrected_2bbf5eba419b_6ed147cd_f83baf57
Persistence,5,2,2022-08-23,2022-08-28,13.15,12.0,-1.1500000000000004,1.1500000000000004,1.322500000000001,0,0,0,6ed147cd585e5e8083292683f9be3cf585e97e4d46fa0e3224d24a4e2b42cbbb,f83baf5732ffbf88b9a448a3d9ab9fa270f7495fe44d1559c1ac49795a30881a,2bbf5eba419b0650693f1e88326107bf9a346c68,persistence_corrected_2bbf5eba419b_6ed147cd_f83baf57
Persistence,5,2,2022-08-24,2022-08-29,11.3,9.62,-1.6800000000000015,1.6800000000000015,2.822400000000005,0,0,0,6ed147cd585e5e8083292683f9be3cf585e97e4d46fa0e3224d24a4e2b42cbbb,f83baf5732ffbf88b9a448a3d9ab9fa270f7495fe44d1559c1ac49795a30881a,2bbf5eba419b0650693f1e88326107bf9a346c68,persistence_corrected_2bbf5eba419b_6ed147cd_f83baf57
Persistence,5,2,2022-08-25,2022-08-30,11.58,9.98,-1.5999999999999996,1.5999999999999996,2.5599999999999987,0,0,0,6ed147cd585e5e8083292683f9be3cf585e97e4d46fa0e3224d24a4e2b42cbbb,f83baf5732ffbf88b9a448a3d9ab9fa270f7495fe44d1559c1ac49795a30881a,2bbf5eba419b0650693f1e88326107bf9a346c68,persistence_corrected_2bbf5eba419b_6ed147cd_f83baf57
Persistence,5,2,2022-08-26,2022-08-31,9.74,10.62,0.879999999999999,0.879999999999999,0.7743999999999982,0,0,0,6ed147cd585e5e8083292683f9be3cf585e97e4d46fa0e3224d24a4e2b42cbbb,f83baf5732ffbf88b9a448a3d9ab9fa270f7495fe44d1559c1ac49795a30881a,2bbf5eba419b0650693f1e88326107bf9a346c68,persistence_corrected_2bbf5eba419b_6ed147cd_f83baf57
Persistence,5,2,2022-08-27,2022-09-01,6.86,12.52,5.659999999999999,5.659999999999999,32.03559999999999,0,0,0,6ed147cd585e5e8083292683f9be3cf585e97e4d46fa0e3224d24a4e2b42cbbb,f83baf5732ffbf88b9a448a3d9ab9fa270f7495fe44d1559c1ac49795a30881a,2bbf5eba419b0650693f1e88326107bf9a346c68,persistence_corrected_2bbf5eba419b_6ed147cd_f83baf57
Persistence,5,2,2022-08-28,2022-09-02,8.57,13.15,4.58,4.58,20.9764,0,0,0,6ed147cd585e5e8083292683f9be3cf585e97e4d46fa0e3224d24a4e2b42cbbb,f83baf5732ffbf88b9a448a3d9ab9fa270f7495fe44d1559c1ac49795a30881a,2bbf5eba419b0650693f1e88326107bf9a346c68,persistence_corrected_2bbf5eba419b_6ed147cd_f83baf57
Persistence,5,2,2022-08-29,2022-09-03,11.56,11.3,-0.2599999999999998,0.2599999999999998,0.06759999999999988,0,0,0,6ed147cd585e5e8083292683f9be3cf585e97e4d46fa0e3224d24a4e2b42cbbb,f83baf5732ffbf88b9a448a3d9ab9fa270f7495fe44d1559c1ac49795a30881a,2bbf5eba419b0650693f1e88326107bf9a346c68,persistence_corrected_2bbf5eba419b_6ed147cd_f83baf57
Persistence,5,2,2022-08-30,2022-09-04,9.69,11.58,1.8900000000000006,1.8900000000000006,3.572100000000002,0,0,0,6ed147cd585e5e8083292683f9be3cf585e97e4d46fa0e3224d24a4e2b42cbbb,f83baf5732ffbf88b9a448a3d9ab9fa270f7495fe44d1559c1ac49795a30881a,2bbf5eba419b0650693f1e88326107bf9a346c68,persistence_corrected_2bbf5eba419b_6ed147cd_f83baf57
Persistence,5,2,2022-08-31,2022-09-05,11.27,9.74,-1.5299999999999994,1.5299999999999994,2.340899999999998,0,0,0,6ed147cd585e5e8083292683f9be3cf585e97e4d46fa0e3224d24a4e2b42cbbb,f83baf5732ffbf88b9a448a3d9ab9fa270f7495fe44d1559c1ac49795a30881a,2bbf5eba419b0650693f1e88326107bf9a346c68,persistence_corrected_2bbf5eba419b_6ed147cd_f83baf57
Persistence,5,2,2022-09-01,2022-09-06,10.07,6.86,-3.21,3.21,10.3041,0,0,0,6ed147cd585e5e8083292683f9be3cf585e97e4d46fa0e3224d24a4e2b42cbbb,f83baf5732ffbf88b9a448a3d9ab9fa270f7495fe44d1559c1ac49795a30881a,2bbf5eba419b0650693f1e88326107bf9a346c68,persistence_corrected_2bbf5eba419b_6ed147cd_f83baf57
Persistence,5,2,2022-09-02,2022-09-07,10.8,8.57,-2.2300000000000004,2.2300000000000004,4.972900000000002,0,0,0,6ed147cd585e5e8083292683f9be3cf585e97e4d46fa0e3224d24a4e2b42cbbb,f83baf5732ffbf88b9a448a3d9ab9fa270f7495fe44d1559c1ac49795a30881a,2bbf5eba419b0650693f1e88326107bf9a346c68,persistence_corrected_2bbf5eba419b_6ed147cd_f83baf57
Persistence,5,2,2022-09-03,2022-09-08,6.31,11.56,5.250000000000001,5.250000000000001,27.56250000000001,0,0,0,6ed147cd585e5e8083292683f9be3cf585e97e4d46fa0e3224d24a4e2b42cbbb,f83baf5732ffbf88b9a448a3d9ab9fa270f7495fe44d1559c1ac49795a30881a,2bbf5eba419b0650693f1e88326107bf9a346c68,persistence_corrected_2bbf5eba419b_6ed147cd_f83baf57
Persistence,5,2,2022-09-04,2022-09-09,9.62,9.69,0.07000000000000028,0.07000000000000028,0.00490000000000004,0,0,0,6ed147cd585e5e8083292683f9be3cf585e97e4d46fa0e3224d24a4e2b42cbbb,f83baf5732ffbf88b9a448a3d9ab9fa270f7495fe44d1559c1ac49795a30881a,2bbf5eba419b0650693f1e88326107bf9a346c68,persistence_corrected_2bbf5eba419b_6ed147cd_f83baf57
Persistence,5,2,2022-09-05,2022-09-10,11.69,11.27,-0.41999999999999993,0.41999999999999993,0.17639999999999995,0,0,0,6ed147cd585e5e8083292683f9be3cf585e97e4d46fa0e3224d24a4e2b42cbbb,f83baf5732ffbf88b9a448a3d9ab9fa270f7495fe44d1559c1ac49795a30881a,2bbf5eba419b0650693f1e88326107bf9a346c68,persistence_corrected_2bbf5eba419b_6ed147cd_f83baf57
Persistence,5,2,2022-09-06,2022-09-11,10.96,10.07,-0.8900000000000006,0.8900000000000006,0.792100000000001,0,0,0,6ed147cd585e5e8083292683f9be3cf585e97e4d46fa0e3224d24a4e2b42cbbb,f83baf5732ffbf88b9a448a3d9ab9fa270f7495fe44d1559c1ac49795a30881a,2bbf5eba419b0650693f1e88326107bf9a346c68,persistence_corrected_2bbf5eba419b_6ed147cd_f83baf57
Persistence,5,2,2022-09-07,2022-09-12,12.9,10.8,-2.0999999999999996,2.0999999999999996,4.409999999999998,0,0,0,6ed147cd585e5e8083292683f9be3cf585e97e4d46fa0e3224d24a4e2b42cbbb,f83baf5732ffbf88b9a448a3d9ab9fa270f7495fe44d1559c1ac49795a30881a,2bbf5eba419b0650693f1e88326107bf9a346c68,persistence_corrected_2bbf5eba419b_6ed147cd_f83baf57
Persistence,5,2,2022-09-08,2022-09-13,15.26,6.31,-8.95,8.95,80.10249999999999,1,0,0,6ed147cd585e5e8083292683f9be3cf585e97e4d46fa0e3224d24a4e2b42cbbb,f83baf5732ffbf88b9a448a3d9ab9fa270f7495fe44d1559c1ac49795a30881a,2bbf5eba419b0650693f1e88326107bf9a346c68,persistence_corrected_2bbf5eba419b_6ed147cd_f83baf57
Persistence,5,2,2022-09-09,2022-09-14,10.7,9.62,-1.08,1.08,1.1664,0,0,0,6ed147cd585e5e8083292683f9be3cf585e97e4d46fa0e3224d24a4e2b42cbbb,f83baf5732ffbf88b9a448a3d9ab9fa270f7495fe44d1559c1ac49795a30881a,2bbf5eba419b0650693f1e88326107bf9a346c68,persistence_corrected_2bbf5eba419b_6ed147cd_f83baf57
Persistence,5,2,2022-09-10,2022-09-15,11.9,11.69,-0.21000000000000085,0.21000000000000085,0.04410000000000036,0,0,0,6ed147cd585e5e8083292683f9be3cf585e97e4d46fa0e3224d24a4e2b42cbbb,f83baf5732ffbf88b9a448a3d9ab9fa270f7495fe44d1559c1ac49795a30881a,2bbf5eba419b0650693f1e88326107bf9a346c68,persistence_corrected_2bbf5eba419b_6ed147cd_f83baf57
Persistence,5,2,2022-09-11,2022-09-16,14.33,10.96,-3.369999999999999,3.369999999999999,11.356899999999994,0,0,0,6ed147cd585e5e8083292683f9be3cf585e97e4d46fa0e3224d24a4e2b42cbbb,f83baf5732ffbf88b9a448a3d9ab9fa270f7495fe44d1559c1ac49795a30881a,2bbf5eba419b0650693f1e88326107bf9a346c68,persistence_corrected_2bbf5eba419b_6ed147cd_f83baf57
Persistence,5,2,2022-09-12,2022-09-17,13.67,12.9,-0.7699999999999996,0.7699999999999996,0.5928999999999993,0,0,0,6ed147cd585e5e8083292683f9be3cf585e97e4d46fa0e3224d24a4e2b42cbbb,f83baf5732ffbf88b9a448a3d9ab9fa270f7495fe44d1559c1ac49795a30881a,2bbf5eba419b0650693f1e88326107bf9a346c68,persistence_corrected_2bbf5eba419b_6ed147cd_f83baf57
Persistence,5,2,2022-09-13,2022-09-18,11.3,15.26,3.959999999999999,3.959999999999999,15.681599999999992,0,0,0,6ed147cd585e5e8083292683f9be3cf585e97e4d46fa0e3224d24a4e2b42cbbb,f83baf5732ffbf88b9a448a3d9ab9fa270f7495fe44d1559c1ac49795a30881a,2bbf5eba419b0650693f1e88326107bf9a346c68,persistence_corrected_2bbf5eba419b_6ed147cd_f83baf57
Persistence,5,2,2022-09-14,2022-09-19,11.33,10.7,-0.6300000000000008,0.6300000000000008,0.396900000000001,0,0,0,6ed147cd585e5e8083292683f9be3cf585e97e4d46fa0e3224d24a4e2b42cbbb,f83baf5732ffbf88b9a448a3d9ab9fa270f7495fe44d1559c1ac49795a30881a,2bbf5eba419b0650693f1e88326107bf9a346c68,persistence_corrected_2bbf5eba419b_6ed147cd_f83baf57
Persistence,5,2,2022-09-15,2022-09-20,9.44,11.9,2.460000000000001,2.460000000000001,6.051600000000004,0,0,0,6ed147cd585e5e8083292683f9be3cf585e97e4d46fa0e3224d24a4e2b42cbbb,f83baf5732ffbf88b9a448a3d9ab9fa270f7495fe44d1559c1ac49795a30881a,2bbf5eba419b0650693f1e88326107bf9a346c68,persistence_corrected_2bbf5eba419b_6ed147cd_f83baf57
Persistence,5,2,2022-09-16,2022-09-21,10.38,14.33,3.9499999999999993,3.9499999999999993,15.602499999999994,0,0,0,6ed147cd585e5e8083292683f9be3cf585e97e4d46fa0e3224d24a4e2b42cbbb,f83baf5732ffbf88b9a448a3d9ab9fa270f7495fe44d1559c1ac49795a30881a,2bbf5eba419b0650693f1e88326107bf9a346c68,persistence_corrected_2bbf5eba419b_6ed147cd_f83baf57
Persistence,5,2,2022-09-17,2022-09-22,11.3,13.67,2.369999999999999,2.369999999999999,5.616899999999997,0,0,0,6ed147cd585e5e8083292683f9be3cf585e97e4d46fa0e3224d24a4e2b42cbbb,f83baf5732ffbf88b9a448a3d9ab9fa270f7495fe44d1559c1ac49795a30881a,2bbf5eba419b0650693f1e88326107bf9a346c68,persistence_corrected_2bbf5eba419b_6ed147cd_f83baf57
Persistence,5,2,2022-09-18,2022-09-23,13.42,11.3,-2.119999999999999,2.119999999999999,4.494399999999997,0,0,0,6ed147cd585e5e8083292683f9be3cf585e97e4d46fa0e3224d24a4e2b42cbbb,f83baf5732ffbf88b9a448a3d9ab9fa270f7495fe44d1559c1ac49795a30881a,2bbf5eba419b0650693f1e88326107bf9a346c68,persistence_corrected_2bbf5eba419b_6ed147cd_f83baf57
Persistence,5,2,2022-09-19,2022-09-24,12.35,11.33,-1.0199999999999996,1.0199999999999996,1.040399999999999,0,0,0,6ed147cd585e5e8083292683f9be3cf585e97e4d46fa0e3224d24a4e2b42cbbb,f83baf5732ffbf88b9a448a3d9ab9fa270f7495fe44d1559c1ac49795a30881a,2bbf5eba419b0650693f1e88326107bf9a346c68,persistence_corrected_2bbf5eba419b_6ed147cd_f83baf57
Persistence,5,2,2022-09-20,2022-09-25,13.02,9.44,-3.58,3.58,12.8164,0,0,0,6ed147cd585e5e8083292683f9be3cf585e97e4d46fa0e3224d24a4e2b42cbbb,f83baf5732ffbf88b9a448a3d9ab9fa270f7495fe44d1559c1ac49795a30881a,2bbf5eba419b0650693f1e88326107bf9a346c68,persistence_corrected_2bbf5eba419b_6ed147cd_f83baf57
Persistence,5,2,2022-09-21,2022-09-26,13.94,10.38,-3.5599999999999987,3.5599999999999987,12.673599999999992,0,0,0,6ed147cd585e5e8083292683f9be3cf585e97e4d46fa0e3224d24a4e2b42cbbb,f83baf5732ffbf88b9a448a3d9ab9fa270f7495fe44d1559c1ac49795a30881a,2bbf5eba419b0650693f1e88326107bf9a346c68,persistence_corrected_2bbf5eba419b_6ed147cd_f83baf57
Persistence,5,2,2022-09-22,2022-09-27,13.92,11.3,-2.619999999999999,2.619999999999999,6.864399999999996,0,0,0,6ed147cd585e5e8083292683f9be3cf585e97e4d46fa0e3224d24a4e2b42cbbb,f83baf5732ffbf88b9a448a3d9ab9fa270f7495fe44d1559c1ac49795a30881a,2bbf5eba419b0650693f1e88326107bf9a346c68,persistence_corrected_2bbf5eba419b_6ed147cd_f83baf57
Persistence,5,2,2022-09-23,2022-09-28,11.36,13.42,2.0600000000000005,2.0600000000000005,4.2436000000000025,0,0,0,6ed147cd585e5e8083292683f9be3cf585e97e4d46fa0e3224d24a4e2b42cbbb,f83baf5732ffbf88b9a448a3d9ab9fa270f7495fe44d1559c1ac49795a30881a,2bbf5eba419b0650693f1e88326107bf9a346c68,persistence_corrected_2bbf5eba419b_6ed147cd_f83baf57
Persistence,5,2,2022-09-24,2022-09-29,12.05,12.35,0.29999999999999893,0.29999999999999893,0.08999999999999936,0,0,0,6ed147cd585e5e8083292683f9be3cf585e97e4d46fa0e3224d24a4e2b42cbbb,f83baf5732ffbf88b9a448a3d9ab9fa270f7495fe44d1559c1ac49795a30881a,2bbf5eba419b0650693f1e88326107bf9a346c68,persistence_corrected_2bbf5eba419b_6ed147cd_f83baf57
Persistence,5,2,2022-09-25,2022-09-30,13.66,13.02,-0.6400000000000006,0.6400000000000006,0.40960000000000074,0,0,0,6ed147cd585e5e8083292683f9be3cf585e97e4d46fa0e3224d24a4e2b42cbbb,f83baf5732ffbf88b9a448a3d9ab9fa270f7495fe44d1559c1ac49795a30881a,2bbf5eba419b0650693f1e88326107bf9a346c68,persistence_corrected_2bbf5eba419b_6ed147cd_f83baf57
Persistence,5,2,2022-09-26,2022-10-01,13.19,13.94,0.75,0.75,0.5625,0,0,0,6ed147cd585e5e8083292683f9be3cf585e97e4d46fa0e3224d24a4e2b42cbbb,f83baf5732ffbf88b9a448a3d9ab9fa270f7495fe44d1559c1ac49795a30881a,2bbf5eba419b0650693f1e88326107bf9a346c68,persistence_corrected_2bbf5eba419b_6ed147cd_f83baf57
Persistence,5,2,2022-09-27,2022-10-02,13.78,13.92,0.14000000000000057,0.14000000000000057,0.01960000000000016,0,0,0,6ed147cd585e5e8083292683f9be3cf585e97e4d46fa0e3224d24a4e2b42cbbb,f83baf5732ffbf88b9a448a3d9ab9fa270f7495fe44d1559c1ac49795a30881a,2bbf5eba419b0650693f1e88326107bf9a346c68,persistence_corrected_2bbf5eba419b_6ed147cd_f83baf57
Persistence,5,2,2022-09-28,2022-10-03,14.42,11.36,-3.0600000000000005,3.0600000000000005,9.363600000000003,0,0,0,6ed147cd585e5e8083292683f9be3cf585e97e4d46fa0e3224d24a4e2b42cbbb,f83baf5732ffbf88b9a448a3d9ab9fa270f7495fe44d1559c1ac49795a30881a,2bbf5eba419b0650693f1e88326107bf9a346c68,persistence_corrected_2bbf5eba419b_6ed147cd_f83baf57
Persistence,5,2,2022-09-29,2022-10-04,15.44,12.05,-3.389999999999999,3.389999999999999,11.492099999999992,1,0,0,6ed147cd585e5e8083292683f9be3cf585e97e4d46fa0e3224d24a4e2b42cbbb,f83baf5732ffbf88b9a448a3d9ab9fa270f7495fe44d1559c1ac49795a30881a,2bbf5eba419b0650693f1e88326107bf9a346c68,persistence_corrected_2bbf5eba419b_6ed147cd_f83baf57
Persistence,5,2,2022-09-30,2022-10-05,10.33,13.66,3.33,3.33,11.0889,0,0,0,6ed147cd585e5e8083292683f9be3cf585e97e4d46fa0e3224d24a4e2b42cbbb,f83baf5732ffbf88b9a448a3d9ab9fa270f7495fe44d1559c1ac49795a30881a,2bbf5eba419b0650693f1e88326107bf9a346c68,persistence_corrected_2bbf5eba419b_6ed147cd_f83baf57
Persistence,5,2,2022-10-01,2022-10-06,16.68,13.19,-3.49,3.49,12.180100000000001,1,1,0,6ed147cd585e5e8083292683f9be3cf585e97e4d46fa0e3224d24a4e2b42cbbb,f83baf5732ffbf88b9a448a3d9ab9fa270f7495fe44d1559c1ac49795a30881a,2bbf5eba419b0650693f1e88326107bf9a346c68,persistence_corrected_2bbf5eba419b_6ed147cd_f83baf57
Persistence,5,2,2022-10-02,2022-10-07,15.78,13.78,-2.0,2.0,4.0,1,0,0,6ed147cd585e5e8083292683f9be3cf585e97e4d46fa0e3224d24a4e2b42cbbb,f83baf5732ffbf88b9a448a3d9ab9fa270f7495fe44d1559c1ac49795a30881a,2bbf5eba419b0650693f1e88326107bf9a346c68,persistence_corrected_2bbf5eba419b_6ed147cd_f83baf57
Persistence,5,2,2022-10-03,2022-10-08,14.52,14.42,-0.09999999999999964,0.09999999999999964,0.009999999999999929,0,0,0,6ed147cd585e5e8083292683f9be3cf585e97e4d46fa0e3224d24a4e2b42cbbb,f83baf5732ffbf88b9a448a3d9ab9fa270f7495fe44d1559c1ac49795a30881a,2bbf5eba419b0650693f1e88326107bf9a346c68,persistence_corrected_2bbf5eba419b_6ed147cd_f83baf57
Persistence,5,2,2022-10-04,2022-10-09,12.31,15.44,3.129999999999999,3.129999999999999,9.796899999999994,0,0,0,6ed147cd585e5e8083292683f9be3cf585e97e4d46fa0e3224d24a4e2b42cbbb,f83baf5732ffbf88b9a448a3d9ab9fa270f7495fe44d1559c1ac49795a30881a,2bbf5eba419b0650693f1e88326107bf9a346c68,persistence_corrected_2bbf5eba419b_6ed147cd_f83baf57
Persistence,5,2,2022-10-05,2022-10-10,15.42,10.33,-5.09,5.09,25.908099999999997,1,0,0,6ed147cd585e5e8083292683f9be3cf585e97e4d46fa0e3224d24a4e2b42cbbb,f83baf5732ffbf88b9a448a3d9ab9fa270f7495fe44d1559c1ac49795a30881a,2bbf5eba419b0650693f1e88326107bf9a346c68,persistence_corrected_2bbf5eba419b_6ed147cd_f83baf57
Persistence,5,2,2022-10-06,2022-10-11,12.6,16.68,4.08,4.08,16.6464,0,0,0,6ed147cd585e5e8083292683f9be3cf585e97e4d46fa0e3224d24a4e2b42cbbb,f83baf5732ffbf88b9a448a3d9ab9fa270f7495fe44d1559c1ac49795a30881a,2bbf5eba419b0650693f1e88326107bf9a346c68,persistence_corrected_2bbf5eba419b_6ed147cd_f83baf57
Persistence,5,2,2022-10-07,2022-10-12,13.87,15.78,1.9100000000000001,1.9100000000000001,3.6481000000000003,0,0,0,6ed147cd585e5e8083292683f9be3cf585e97e4d46fa0e3224d24a4e2b42cbbb,f83baf5732ffbf88b9a448a3d9ab9fa270f7495fe44d1559c1ac49795a30881a,2bbf5eba419b0650693f1e88326107bf9a346c68,persistence_corrected_2bbf5eba419b_6ed147cd_f83baf57
Persistence,5,2,2022-10-08,2022-10-13,13.28,14.52,1.2400000000000002,1.2400000000000002,1.5376000000000005,0,0,0,6ed147cd585e5e8083292683f9be3cf585e97e4d46fa0e3224d24a4e2b42cbbb,f83baf5732ffbf88b9a448a3d9ab9fa270f7495fe44d1559c1ac49795a30881a,2bbf5eba419b0650693f1e88326107bf9a346c68,persistence_corrected_2bbf5eba419b_6ed147cd_f83baf57
Persistence,5,2,2022-10-09,2022-10-14,13.3,12.31,-0.9900000000000002,0.9900000000000002,0.9801000000000004,0,0,0,6ed147cd585e5e8083292683f9be3cf585e97e4d46fa0e3224d24a4e2b42cbbb,f83baf5732ffbf88b9a448a3d9ab9fa270f7495fe44d1559c1ac49795a30881a,2bbf5eba419b0650693f1e88326107bf9a346c68,persistence_corrected_2bbf5eba419b_6ed147cd_f83baf57
Persistence,5,2,2022-10-10,2022-10-15,13.45,15.42,1.9700000000000006,1.9700000000000006,3.8809000000000027,0,0,0,6ed147cd585e5e8083292683f9be3cf585e97e4d46fa0e3224d24a4e2b42cbbb,f83baf5732ffbf88b9a448a3d9ab9fa270f7495fe44d1559c1ac49795a30881a,2bbf5eba419b0650693f1e88326107bf9a346c68,persistence_corrected_2bbf5eba419b_6ed147cd_f83baf57
Persistence,5,2,2022-10-11,2022-10-16,13.31,12.6,-0.7100000000000009,0.7100000000000009,0.5041000000000012,0,0,0,6ed147cd585e5e8083292683f9be3cf585e97e4d46fa0e3224d24a4e2b42cbbb,f83baf5732ffbf88b9a448a3d9ab9fa270f7495fe44d1559c1ac49795a30881a,2bbf5eba419b0650693f1e88326107bf9a346c68,persistence_corrected_2bbf5eba419b_6ed147cd_f83baf57
Persistence,5,2,2022-10-12,2022-10-17,13.04,13.87,0.8300000000000001,0.8300000000000001,0.6889000000000001,0,0,0,6ed147cd585e5e8083292683f9be3cf585e97e4d46fa0e3224d24a4e2b42cbbb,f83baf5732ffbf88b9a448a3d9ab9fa270f7495fe44d1559c1ac49795a30881a,2bbf5eba419b0650693f1e88326107bf9a346c68,persistence_corrected_2bbf5eba419b_6ed147cd_f83baf57
Persistence,5,2,2022-10-13,2022-10-18,13.21,13.28,0.06999999999999851,0.06999999999999851,0.004899999999999791,0,0,0,6ed147cd585e5e8083292683f9be3cf585e97e4d46fa0e3224d24a4e2b42cbbb,f83baf5732ffbf88b9a448a3d9ab9fa270f7495fe44d1559c1ac49795a30881a,2bbf5eba419b0650693f1e88326107bf9a346c68,persistence_corrected_2bbf5eba419b_6ed147cd_f83baf57
Persistence,5,2,2022-10-14,2022-10-19,14.93,13.3,-1.629999999999999,1.629999999999999,2.6568999999999967,0,0,0,6ed147cd585e5e8083292683f9be3cf585e97e4d46fa0e3224d24a4e2b42cbbb,f83baf5732ffbf88b9a448a3d9ab9fa270f7495fe44d1559c1ac49795a30881a,2bbf5eba419b0650693f1e88326107bf9a346c68,persistence_corrected_2bbf5eba419b_6ed147cd_f83baf57
Persistence,5,2,2022-10-15,2022-10-20,14.18,13.45,-0.7300000000000004,0.7300000000000004,0.5329000000000006,0,0,0,6ed147cd585e5e8083292683f9be3cf585e97e4d46fa0e3224d24a4e2b42cbbb,f83baf5732ffbf88b9a448a3d9ab9fa270f7495fe44d1559c1ac49795a30881a,2bbf5eba419b0650693f1e88326107bf9a346c68,persistence_corrected_2bbf5eba419b_6ed147cd_f83baf57
Persistence,5,2,2022-10-16,2022-10-21,13.73,13.31,-0.41999999999999993,0.41999999999999993,0.17639999999999995,0,0,0,6ed147cd585e5e8083292683f9be3cf585e97e4d46fa0e3224d24a4e2b42cbbb,f83baf5732ffbf88b9a448a3d9ab9fa270f7495fe44d1559c1ac49795a30881a,2bbf5eba419b0650693f1e88326107bf9a346c68,persistence_corrected_2bbf5eba419b_6ed147cd_f83baf57
Persistence,5,2,2022-10-17,2022-10-22,15.16,13.04,-2.120000000000001,2.120000000000001,4.494400000000004,1,0,0,6ed147cd585e5e8083292683f9be3cf585e97e4d46fa0e3224d24a4e2b42cbbb,f83baf5732ffbf88b9a448a3d9ab9fa270f7495fe44d1559c1ac49795a30881a,2bbf5eba419b0650693f1e88326107bf9a346c68,persistence_corrected_2bbf5eba419b_6ed147cd_f83baf57
Persistence,5,2,2022-10-18,2022-10-23,13.21,13.21,0.0,0.0,0.0,0,0,0,6ed147cd585e5e8083292683f9be3cf585e97e4d46fa0e3224d24a4e2b42cbbb,f83baf5732ffbf88b9a448a3d9ab9fa270f7495fe44d1559c1ac49795a30881a,2bbf5eba419b0650693f1e88326107bf9a346c68,persistence_corrected_2bbf5eba419b_6ed147cd_f83baf57
Persistence,5,2,2022-10-19,2022-10-24,14.57,14.93,0.35999999999999943,0.35999999999999943,0.1295999999999996,0,0,0,6ed147cd585e5e8083292683f9be3cf585e97e4d46fa0e3224d24a4e2b42cbbb,f83baf5732ffbf88b9a448a3d9ab9fa270f7495fe44d1559c1ac49795a30881a,2bbf5eba419b0650693f1e88326107bf9a346c68,persistence_corrected_2bbf5eba419b_6ed147cd_f83baf57
Persistence,5,2,2022-10-20,2022-10-25,16.82,14.18,-2.6400000000000006,2.6400000000000006,6.969600000000003,1,1,0,6ed147cd585e5e8083292683f9be3cf585e97e4d46fa0e3224d24a4e2b42cbbb,f83baf5732ffbf88b9a448a3d9ab9fa270f7495fe44d1559c1ac49795a30881a,2bbf5eba419b0650693f1e88326107bf9a346c68,persistence_corrected_2bbf5eba419b_6ed147cd_f83baf57
Persistence,5,2,2022-10-21,2022-10-26,14.45,13.73,-0.7199999999999989,0.7199999999999989,0.5183999999999984,0,0,0,6ed147cd585e5e8083292683f9be3cf585e97e4d46fa0e3224d24a4e2b42cbbb,f83baf5732ffbf88b9a448a3d9ab9fa270f7495fe44d1559c1ac49795a30881a,2bbf5eba419b0650693f1e88326107bf9a346c68,persistence_corrected_2bbf5eba419b_6ed147cd_f83baf57
Persistence,5,2,2022-10-22,2022-10-27,11.03,15.16,4.130000000000001,4.130000000000001,17.056900000000006,0,0,0,6ed147cd585e5e8083292683f9be3cf585e97e4d46fa0e3224d24a4e2b42cbbb,f83baf5732ffbf88b9a448a3d9ab9fa270f7495fe44d1559c1ac49795a30881a,2bbf5eba419b0650693f1e88326107bf9a346c68,persistence_corrected_2bbf5eba419b_6ed147cd_f83baf57
Persistence,5,2,2022-10-23,2022-10-28,10.85,13.21,2.360000000000001,2.360000000000001,5.569600000000006,0,0,0,6ed147cd585e5e8083292683f9be3cf585e97e4d46fa0e3224d24a4e2b42cbbb,f83baf5732ffbf88b9a448a3d9ab9fa270f7495fe44d1559c1ac49795a30881a,2bbf5eba419b0650693f1e88326107bf9a346c68,persistence_corrected_2bbf5eba419b_6ed147cd_f83baf57
Persistence,5,2,2022-10-24,2022-10-29,13.74,14.57,0.8300000000000001,0.8300000000000001,0.6889000000000001,0,0,0,6ed147cd585e5e8083292683f9be3cf585e97e4d46fa0e3224d24a4e2b42cbbb,f83baf5732ffbf88b9a448a3d9ab9fa270f7495fe44d1559c1ac49795a30881a,2bbf5eba419b0650693f1e88326107bf9a346c68,persistence_corrected_2bbf5eba419b_6ed147cd_f83baf57
Persistence,5,2,2022-10-25,2022-10-30,14.12,16.82,2.700000000000001,2.700000000000001,7.290000000000005,0,0,0,6ed147cd585e5e8083292683f9be3cf585e97e4d46fa0e3224d24a4e2b42cbbb,f83baf5732ffbf88b9a448a3d9ab9fa270f7495fe44d1559c1ac49795a30881a,2bbf5eba419b0650693f1e88326107bf9a346c68,persistence_corrected_2bbf5eba419b_6ed147cd_f83baf57
Persistence,5,2,2022-10-26,2022-10-31,14.54,14.45,-0.08999999999999986,0.08999999999999986,0.008099999999999975,0,0,0,6ed147cd585e5e8083292683f9be3cf585e97e4d46fa0e3224d24a4e2b42cbbb,f83baf5732ffbf88b9a448a3d9ab9fa270f7495fe44d1559c1ac49795a30881a,2bbf5eba419b0650693f1e88326107bf9a346c68,persistence_corrected_2bbf5eba419b_6ed147cd_f83baf57
Persistence,5,2,2022-10-27,2022-11-01,13.16,11.03,-2.130000000000001,2.130000000000001,4.536900000000004,0,0,0,6ed147cd585e5e8083292683f9be3cf585e97e4d46fa0e3224d24a4e2b42cbbb,f83baf5732ffbf88b9a448a3d9ab9fa270f7495fe44d1559c1ac49795a30881a,2bbf5eba419b0650693f1e88326107bf9a346c68,persistence_corrected_2bbf5eba419b_6ed147cd_f83baf57
Persistence,5,2,2022-10-28,2022-11-02,15.91,10.85,-5.0600000000000005,5.0600000000000005,25.603600000000004,1,0,0,6ed147cd585e5e8083292683f9be3cf585e97e4d46fa0e3224d24a4e2b42cbbb,f83baf5732ffbf88b9a448a3d9ab9fa270f7495fe44d1559c1ac49795a30881a,2bbf5eba419b0650693f1e88326107bf9a346c68,persistence_corrected_2bbf5eba419b_6ed147cd_f83baf57
Persistence,5,2,2022-10-29,2022-11-03,14.39,13.74,-0.6500000000000004,0.6500000000000004,0.4225000000000005,0,0,0,6ed147cd585e5e8083292683f9be3cf585e97e4d46fa0e3224d24a4e2b42cbbb,f83baf5732ffbf88b9a448a3d9ab9fa270f7495fe44d1559c1ac49795a30881a,2bbf5eba419b0650693f1e88326107bf9a346c68,persistence_corrected_2bbf5eba419b_6ed147cd_f83baf57
Persistence,5,2,2022-10-30,2022-11-04,14.63,14.12,-0.5100000000000016,0.5100000000000016,0.2601000000000016,0,0,0,6ed147cd585e5e8083292683f9be3cf585e97e4d46fa0e3224d24a4e2b42cbbb,f83baf5732ffbf88b9a448a3d9ab9fa270f7495fe44d1559c1ac49795a30881a,2bbf5eba419b0650693f1e88326107bf9a346c68,persistence_corrected_2bbf5eba419b_6ed147cd_f83baf57
Persistence,5,2,2022-10-31,2022-11-05,8.38,14.54,6.159999999999998,6.159999999999998,37.94559999999998,0,0,0,6ed147cd585e5e8083292683f9be3cf585e97e4d46fa0e3224d24a4e2b42cbbb,f83baf5732ffbf88b9a448a3d9ab9fa270f7495fe44d1559c1ac49795a30881a,2bbf5eba419b0650693f1e88326107bf9a346c68,persistence_corrected_2bbf5eba419b_6ed147cd_f83baf57
Persistence,5,2,2022-11-01,2022-11-06,12.91,13.16,0.25,0.25,0.0625,0,0,0,6ed147cd585e5e8083292683f9be3cf585e97e4d46fa0e3224d24a4e2b42cbbb,f83baf5732ffbf88b9a448a3d9ab9fa270f7495fe44d1559c1ac49795a30881a,2bbf5eba419b0650693f1e88326107bf9a346c68,persistence_corrected_2bbf5eba419b_6ed147cd_f83baf57
Persistence,5,2,2022-11-02,2022-11-07,11.06,15.91,4.85,4.85,23.522499999999997,0,0,0,6ed147cd585e5e8083292683f9be3cf585e97e4d46fa0e3224d24a4e2b42cbbb,f83baf5732ffbf88b9a448a3d9ab9fa270f7495fe44d1559c1ac49795a30881a,2bbf5eba419b0650693f1e88326107bf9a346c68,persistence_corrected_2bbf5eba419b_6ed147cd_f83baf57
Persistence,5,2,2022-11-03,2022-11-08,15.02,14.39,-0.629999999999999,0.629999999999999,0.39689999999999875,1,0,0,6ed147cd585e5e8083292683f9be3cf585e97e4d46fa0e3224d24a4e2b42cbbb,f83baf5732ffbf88b9a448a3d9ab9fa270f7495fe44d1559c1ac49795a30881a,2bbf5eba419b0650693f1e88326107bf9a346c68,persistence_corrected_2bbf5eba419b_6ed147cd_f83baf57
Persistence,5,2,2022-11-04,2022-11-09,12.58,14.63,2.0500000000000007,2.0500000000000007,4.202500000000003,0,0,0,6ed147cd585e5e8083292683f9be3cf585e97e4d46fa0e3224d24a4e2b42cbbb,f83baf5732ffbf88b9a448a3d9ab9fa270f7495fe44d1559c1ac49795a30881a,2bbf5eba419b0650693f1e88326107bf9a346c68,persistence_corrected_2bbf5eba419b_6ed147cd_f83baf57
Persistence,5,2,2022-11-05,2022-11-10,12.52,8.38,-4.139999999999999,4.139999999999999,17.13959999999999,0,0,0,6ed147cd585e5e8083292683f9be3cf585e97e4d46fa0e3224d24a4e2b42cbbb,f83baf5732ffbf88b9a448a3d9ab9fa270f7495fe44d1559c1ac49795a30881a,2bbf5eba419b0650693f1e88326107bf9a346c68,persistence_corrected_2bbf5eba419b_6ed147cd_f83baf57
Persistence,5,2,2022-11-06,2022-11-11,13.76,12.91,-0.8499999999999996,0.8499999999999996,0.7224999999999994,0,0,0,6ed147cd585e5e8083292683f9be3cf585e97e4d46fa0e3224d24a4e2b42cbbb,f83baf5732ffbf88b9a448a3d9ab9fa270f7495fe44d1559c1ac49795a30881a,2bbf5eba419b0650693f1e88326107bf9a346c68,persistence_corrected_2bbf5eba419b_6ed147cd_f83baf57
Persistence,5,2,2022-11-07,2022-11-12,12.56,11.06,-1.5,1.5,2.25,0,0,0,6ed147cd585e5e8083292683f9be3cf585e97e4d46fa0e3224d24a4e2b42cbbb,f83baf5732ffbf88b9a448a3d9ab9fa270f7495fe44d1559c1ac49795a30881a,2bbf5eba419b0650693f1e88326107bf9a346c68,persistence_corrected_2bbf5eba419b_6ed147cd_f83baf57
Persistence,5,2,2022-11-08,2022-11-13,13.19,15.02,1.83,1.83,3.3489000000000004,0,0,0,6ed147cd585e5e8083292683f9be3cf585e97e4d46fa0e3224d24a4e2b42cbbb,f83baf5732ffbf88b9a448a3d9ab9fa270f7495fe44d1559c1ac49795a30881a,2bbf5eba419b0650693f1e88326107bf9a346c68,persistence_corrected_2bbf5eba419b_6ed147cd_f83baf57
Persistence,5,2,2022-11-09,2022-11-14,13.02,12.58,-0.4399999999999995,0.4399999999999995,0.19359999999999955,0,0,0,6ed147cd585e5e8083292683f9be3cf585e97e4d46fa0e3224d24a4e2b42cbbb,f83baf5732ffbf88b9a448a3d9ab9fa270f7495fe44d1559c1ac49795a30881a,2bbf5eba419b0650693f1e88326107bf9a346c68,persistence_corrected_2bbf5eba419b_6ed147cd_f83baf57
Persistence,5,2,2022-11-10,2022-11-15,12.3,12.52,0.21999999999999886,0.21999999999999886,0.0483999999999995,0,0,0,6ed147cd585e5e8083292683f9be3cf585e97e4d46fa0e3224d24a4e2b42cbbb,f83baf5732ffbf88b9a448a3d9ab9fa270f7495fe44d1559c1ac49795a30881a,2bbf5eba419b0650693f1e88326107bf9a346c68,persistence_corrected_2bbf5eba419b_6ed147cd_f83baf57
Persistence,5,2,2022-11-11,2022-11-16,12.12,13.76,1.6400000000000006,1.6400000000000006,2.6896000000000018,0,0,0,6ed147cd585e5e8083292683f9be3cf585e97e4d46fa0e3224d24a4e2b42cbbb,f83baf5732ffbf88b9a448a3d9ab9fa270f7495fe44d1559c1ac49795a30881a,2bbf5eba419b0650693f1e88326107bf9a346c68,persistence_corrected_2bbf5eba419b_6ed147cd_f83baf57
Persistence,5,2,2022-11-12,2022-11-17,11.52,12.56,1.040000000000001,1.040000000000001,1.081600000000002,0,0,0,6ed147cd585e5e8083292683f9be3cf585e97e4d46fa0e3224d24a4e2b42cbbb,f83baf5732ffbf88b9a448a3d9ab9fa270f7495fe44d1559c1ac49795a30881a,2bbf5eba419b0650693f1e88326107bf9a346c68,persistence_corrected_2bbf5eba419b_6ed147cd_f83baf57
Persistence,5,2,2022-11-13,2022-11-18,13.18,13.19,0.009999999999999787,0.009999999999999787,9.999999999999574e-05,0,0,0,6ed147cd585e5e8083292683f9be3cf585e97e4d46fa0e3224d24a4e2b42cbbb,f83baf5732ffbf88b9a448a3d9ab9fa270f7495fe44d1559c1ac49795a30881a,2bbf5eba419b0650693f1e88326107bf9a346c68,persistence_corrected_2bbf5eba419b_6ed147cd_f83baf57
Persistence,5,2,2022-11-14,2022-11-19,12.04,13.02,0.9800000000000004,0.9800000000000004,0.9604000000000008,0,0,0,6ed147cd585e5e8083292683f9be3cf585e97e4d46fa0e3224d24a4e2b42cbbb,f83baf5732ffbf88b9a448a3d9ab9fa270f7495fe44d1559c1ac49795a30881a,2bbf5eba419b0650693f1e88326107bf9a346c68,persistence_corrected_2bbf5eba419b_6ed147cd_f83baf57
Persistence,5,2,2022-11-15,2022-11-20,11.29,12.3,1.0100000000000016,1.0100000000000016,1.0201000000000031,0,0,0,6ed147cd585e5e8083292683f9be3cf585e97e4d46fa0e3224d24a4e2b42cbbb,f83baf5732ffbf88b9a448a3d9ab9fa270f7495fe44d1559c1ac49795a30881a,2bbf5eba419b0650693f1e88326107bf9a346c68,persistence_corrected_2bbf5eba419b_6ed147cd_f83baf57
Persistence,5,2,2022-11-16,2022-11-21,14.21,12.12,-2.0900000000000016,2.0900000000000016,4.368100000000007,0,0,0,6ed147cd585e5e8083292683f9be3cf585e97e4d46fa0e3224d24a4e2b42cbbb,f83baf5732ffbf88b9a448a3d9ab9fa270f7495fe44d1559c1ac49795a30881a,2bbf5eba419b0650693f1e88326107bf9a346c68,persistence_corrected_2bbf5eba419b_6ed147cd_f83baf57
Persistence,5,2,2022-11-17,2022-11-22,12.13,11.52,-0.6100000000000012,0.6100000000000012,0.3721000000000015,0,0,0,6ed147cd585e5e8083292683f9be3cf585e97e4d46fa0e3224d24a4e2b42cbbb,f83baf5732ffbf88b9a448a3d9ab9fa270f7495fe44d1559c1ac49795a30881a,2bbf5eba419b0650693f1e88326107bf9a346c68,persistence_corrected_2bbf5eba419b_6ed147cd_f83baf57
Persistence,5,2,2022-11-18,2022-11-23,12.79,13.18,0.39000000000000057,0.39000000000000057,0.15210000000000046,0,0,0,6ed147cd585e5e8083292683f9be3cf585e97e4d46fa0e3224d24a4e2b42cbbb,f83baf5732ffbf88b9a448a3d9ab9fa270f7495fe44d1559c1ac49795a30881a,2bbf5eba419b0650693f1e88326107bf9a346c68,persistence_corrected_2bbf5eba419b_6ed147cd_f83baf57
Persistence,5,2,2022-11-19,2022-11-24,14.64,12.04,-2.6000000000000014,2.6000000000000014,6.760000000000008,0,0,0,6ed147cd585e5e8083292683f9be3cf585e97e4d46fa0e3224d24a4e2b42cbbb,f83baf5732ffbf88b9a448a3d9ab9fa270f7495fe44d1559c1ac49795a30881a,2bbf5eba419b0650693f1e88326107bf9a346c68,persistence_corrected_2bbf5eba419b_6ed147cd_f83baf57
Persistence,5,2,2022-11-20,2022-11-25,15.19,11.29,-3.9000000000000004,3.9000000000000004,15.210000000000003,1,0,0,6ed147cd585e5e8083292683f9be3cf585e97e4d46fa0e3224d24a4e2b42cbbb,f83baf5732ffbf88b9a448a3d9ab9fa270f7495fe44d1559c1ac49795a30881a,2bbf5eba419b0650693f1e88326107bf9a346c68,persistence_corrected_2bbf5eba419b_6ed147cd_f83baf57
Persistence,5,2,2022-11-21,2022-11-26,11.86,14.21,2.3500000000000014,2.3500000000000014,5.522500000000007,0,0,0,6ed147cd585e5e8083292683f9be3cf585e97e4d46fa0e3224d24a4e2b42cbbb,f83baf5732ffbf88b9a448a3d9ab9fa270f7495fe44d1559c1ac49795a30881a,2bbf5eba419b0650693f1e88326107bf9a346c68,persistence_corrected_2bbf5eba419b_6ed147cd_f83baf57
Persistence,5,2,2022-11-22,2022-11-27,10.9,12.13,1.2300000000000004,1.2300000000000004,1.512900000000001,0,0,0,6ed147cd585e5e8083292683f9be3cf585e97e4d46fa0e3224d24a4e2b42cbbb,f83baf5732ffbf88b9a448a3d9ab9fa270f7495fe44d1559c1ac49795a30881a,2bbf5eba419b0650693f1e88326107bf9a346c68,persistence_corrected_2bbf5eba419b_6ed147cd_f83baf57
Persistence,5,2,2022-11-23,2022-11-28,13.08,12.79,-0.2900000000000009,0.2900000000000009,0.08410000000000054,0,0,0,6ed147cd585e5e8083292683f9be3cf585e97e4d46fa0e3224d24a4e2b42cbbb,f83baf5732ffbf88b9a448a3d9ab9fa270f7495fe44d1559c1ac49795a30881a,2bbf5eba419b0650693f1e88326107bf9a346c68,persistence_corrected_2bbf5eba419b_6ed147cd_f83baf57
Persistence,5,2,2022-11-24,2022-11-29,11.44,14.64,3.200000000000001,3.200000000000001,10.240000000000007,0,0,0,6ed147cd585e5e8083292683f9be3cf585e97e4d46fa0e3224d24a4e2b42cbbb,f83baf5732ffbf88b9a448a3d9ab9fa270f7495fe44d1559c1ac49795a30881a,2bbf5eba419b0650693f1e88326107bf9a346c68,persistence_corrected_2bbf5eba419b_6ed147cd_f83baf57
Persistence,5,2,2022-11-25,2022-11-30,10.74,15.19,4.449999999999999,4.449999999999999,19.802499999999995,0,0,0,6ed147cd585e5e8083292683f9be3cf585e97e4d46fa0e3224d24a4e2b42cbbb,f83baf5732ffbf88b9a448a3d9ab9fa270f7495fe44d1559c1ac49795a30881a,2bbf5eba419b0650693f1e88326107bf9a346c68,persistence_corrected_2bbf5eba419b_6ed147cd_f83baf57
Persistence,5,2,2022-11-26,2022-12-01,13.61,11.86,-1.75,1.75,3.0625,0,0,0,6ed147cd585e5e8083292683f9be3cf585e97e4d46fa0e3224d24a4e2b42cbbb,f83baf5732ffbf88b9a448a3d9ab9fa270f7495fe44d1559c1ac49795a30881a,2bbf5eba419b0650693f1e88326107bf9a346c68,persistence_corrected_2bbf5eba419b_6ed147cd_f83baf57
Persistence,5,2,2022-11-27,2022-12-02,14.66,10.9,-3.76,3.76,14.137599999999999,0,0,0,6ed147cd585e5e8083292683f9be3cf585e97e4d46fa0e3224d24a4e2b42cbbb,f83baf5732ffbf88b9a448a3d9ab9fa270f7495fe44d1559c1ac49795a30881a,2bbf5eba419b0650693f1e88326107bf9a346c68,persistence_corrected_2bbf5eba419b_6ed147cd_f83baf57
Persistence,5,2,2022-11-28,2022-12-03,12.89,13.08,0.1899999999999995,0.1899999999999995,0.03609999999999981,0,0,0,6ed147cd585e5e8083292683f9be3cf585e97e4d46fa0e3224d24a4e2b42cbbb,f83baf5732ffbf88b9a448a3d9ab9fa270f7495fe44d1559c1ac49795a30881a,2bbf5eba419b0650693f1e88326107bf9a346c68,persistence_corrected_2bbf5eba419b_6ed147cd_f83baf57
Persistence,5,2,2022-11-29,2022-12-04,15.41,11.44,-3.9700000000000006,3.9700000000000006,15.760900000000005,1,0,0,6ed147cd585e5e8083292683f9be3cf585e97e4d46fa0e3224d24a4e2b42cbbb,f83baf5732ffbf88b9a448a3d9ab9fa270f7495fe44d1559c1ac49795a30881a,2bbf5eba419b0650693f1e88326107bf9a346c68,persistence_corrected_2bbf5eba419b_6ed147cd_f83baf57
Persistence,5,2,2022-11-30,2022-12-05,14.77,10.74,-4.029999999999999,4.029999999999999,16.240899999999996,0,0,0,6ed147cd585e5e8083292683f9be3cf585e97e4d46fa0e3224d24a4e2b42cbbb,f83baf5732ffbf88b9a448a3d9ab9fa270f7495fe44d1559c1ac49795a30881a,2bbf5eba419b0650693f1e88326107bf9a346c68,persistence_corrected_2bbf5eba419b_6ed147cd_f83baf57
Persistence,5,2,2022-12-01,2022-12-06,12.9,13.61,0.7099999999999991,0.7099999999999991,0.5040999999999987,0,0,0,6ed147cd585e5e8083292683f9be3cf585e97e4d46fa0e3224d24a4e2b42cbbb,f83baf5732ffbf88b9a448a3d9ab9fa270f7495fe44d1559c1ac49795a30881a,2bbf5eba419b0650693f1e88326107bf9a346c68,persistence_corrected_2bbf5eba419b_6ed147cd_f83baf57
Persistence,5,2,2022-12-02,2022-12-07,14.59,14.66,0.07000000000000028,0.07000000000000028,0.00490000000000004,0,0,0,6ed147cd585e5e8083292683f9be3cf585e97e4d46fa0e3224d24a4e2b42cbbb,f83baf5732ffbf88b9a448a3d9ab9fa270f7495fe44d1559c1ac49795a30881a,2bbf5eba419b0650693f1e88326107bf9a346c68,persistence_corrected_2bbf5eba419b_6ed147cd_f83baf57
Persistence,5,2,2022-12-03,2022-12-08,13.7,12.89,-0.8099999999999987,0.8099999999999987,0.6560999999999979,0,0,0,6ed147cd585e5e8083292683f9be3cf585e97e4d46fa0e3224d24a4e2b42cbbb,f83baf5732ffbf88b9a448a3d9ab9fa270f7495fe44d1559c1ac49795a30881a,2bbf5eba419b0650693f1e88326107bf9a346c68,persistence_corrected_2bbf5eba419b_6ed147cd_f83baf57
Persistence,5,2,2022-12-04,2022-12-09,11.71,15.41,3.6999999999999993,3.6999999999999993,13.689999999999994,0,0,0,6ed147cd585e5e8083292683f9be3cf585e97e4d46fa0e3224d24a4e2b42cbbb,f83baf5732ffbf88b9a448a3d9ab9fa270f7495fe44d1559c1ac49795a30881a,2bbf5eba419b0650693f1e88326107bf9a346c68,persistence_corrected_2bbf5eba419b_6ed147cd_f83baf57
Persistence,5,2,2022-12-05,2022-12-10,11.29,14.77,3.4800000000000004,3.4800000000000004,12.110400000000004,0,0,0,6ed147cd585e5e8083292683f9be3cf585e97e4d46fa0e3224d24a4e2b42cbbb,f83baf5732ffbf88b9a448a3d9ab9fa270f7495fe44d1559c1ac49795a30881a,2bbf5eba419b0650693f1e88326107bf9a346c68,persistence_corrected_2bbf5eba419b_6ed147cd_f83baf57
Persistence,5,2,2022-12-06,2022-12-11,10.86,12.9,2.040000000000001,2.040000000000001,4.1616000000000035,0,0,0,6ed147cd585e5e8083292683f9be3cf585e97e4d46fa0e3224d24a4e2b42cbbb,f83baf5732ffbf88b9a448a3d9ab9fa270f7495fe44d1559c1ac49795a30881a,2bbf5eba419b0650693f1e88326107bf9a346c68,persistence_corrected_2bbf5eba419b_6ed147cd_f83baf57
Persistence,5,2,2022-12-07,2022-12-12,12.49,14.59,2.0999999999999996,2.0999999999999996,4.409999999999998,0,0,0,6ed147cd585e5e8083292683f9be3cf585e97e4d46fa0e3224d24a4e2b42cbbb,f83baf5732ffbf88b9a448a3d9ab9fa270f7495fe44d1559c1ac49795a30881a,2bbf5eba419b0650693f1e88326107bf9a346c68,persistence_corrected_2bbf5eba419b_6ed147cd_f83baf57
Persistence,5,2,2022-12-08,2022-12-13,14.09,13.7,-0.39000000000000057,0.39000000000000057,0.15210000000000046,0,0,0,6ed147cd585e5e8083292683f9be3cf585e97e4d46fa0e3224d24a4e2b42cbbb,f83baf5732ffbf88b9a448a3d9ab9fa270f7495fe44d1559c1ac49795a30881a,2bbf5eba419b0650693f1e88326107bf9a346c68,persistence_corrected_2bbf5eba419b_6ed147cd_f83baf57
Persistence,5,2,2022-12-09,2022-12-14,14.64,11.71,-2.9299999999999997,2.9299999999999997,8.584899999999998,0,0,0,6ed147cd585e5e8083292683f9be3cf585e97e4d46fa0e3224d24a4e2b42cbbb,f83baf5732ffbf88b9a448a3d9ab9fa270f7495fe44d1559c1ac49795a30881a,2bbf5eba419b0650693f1e88326107bf9a346c68,persistence_corrected_2bbf5eba419b_6ed147cd_f83baf57
Persistence,5,2,2022-12-10,2022-12-15,11.76,11.29,-0.47000000000000064,0.47000000000000064,0.2209000000000006,0,0,0,6ed147cd585e5e8083292683f9be3cf585e97e4d46fa0e3224d24a4e2b42cbbb,f83baf5732ffbf88b9a448a3d9ab9fa270f7495fe44d1559c1ac49795a30881a,2bbf5eba419b0650693f1e88326107bf9a346c68,persistence_corrected_2bbf5eba419b_6ed147cd_f83baf57
Persistence,5,2,2022-12-11,2022-12-16,12.11,10.86,-1.25,1.25,1.5625,0,0,0,6ed147cd585e5e8083292683f9be3cf585e97e4d46fa0e3224d24a4e2b42cbbb,f83baf5732ffbf88b9a448a3d9ab9fa270f7495fe44d1559c1ac49795a30881a,2bbf5eba419b0650693f1e88326107bf9a346c68,persistence_corrected_2bbf5eba419b_6ed147cd_f83baf57
Persistence,5,2,2022-12-12,2022-12-17,14.6,12.49,-2.1099999999999994,2.1099999999999994,4.452099999999998,0,0,0,6ed147cd585e5e8083292683f9be3cf585e97e4d46fa0e3224d24a4e2b42cbbb,f83baf5732ffbf88b9a448a3d9ab9fa270f7495fe44d1559c1ac49795a30881a,2bbf5eba419b0650693f1e88326107bf9a346c68,persistence_corrected_2bbf5eba419b_6ed147cd_f83baf57
Persistence,5,2,2022-12-13,2022-12-18,14.22,14.09,-0.13000000000000078,0.13000000000000078,0.016900000000000203,0,0,0,6ed147cd585e5e8083292683f9be3cf585e97e4d46fa0e3224d24a4e2b42cbbb,f83baf5732ffbf88b9a448a3d9ab9fa270f7495fe44d1559c1ac49795a30881a,2bbf5eba419b0650693f1e88326107bf9a346c68,persistence_corrected_2bbf5eba419b_6ed147cd_f83baf57
Persistence,5,2,2022-12-14,2022-12-19,13.27,14.64,1.370000000000001,1.370000000000001,1.8769000000000027,0,0,0,6ed147cd585e5e8083292683f9be3cf585e97e4d46fa0e3224d24a4e2b42cbbb,f83baf5732ffbf88b9a448a3d9ab9fa270f7495fe44d1559c1ac49795a30881a,2bbf5eba419b0650693f1e88326107bf9a346c68,persistence_corrected_2bbf5eba419b_6ed147cd_f83baf57
Persistence,5,2,2022-12-15,2022-12-20,12.58,11.76,-0.8200000000000003,0.8200000000000003,0.6724000000000004,0,0,0,6ed147cd585e5e8083292683f9be3cf585e97e4d46fa0e3224d24a4e2b42cbbb,f83baf5732ffbf88b9a448a3d9ab9fa270f7495fe44d1559c1ac49795a30881a,2bbf5eba419b0650693f1e88326107bf9a346c68,persistence_corrected_2bbf5eba419b_6ed147cd_f83baf57
Persistence,5,2,2022-12-16,2022-12-21,12.94,12.11,-0.8300000000000001,0.8300000000000001,0.6889000000000001,0,0,0,6ed147cd585e5e8083292683f9be3cf585e97e4d46fa0e3224d24a4e2b42cbbb,f83baf5732ffbf88b9a448a3d9ab9fa270f7495fe44d1559c1ac49795a30881a,2bbf5eba419b0650693f1e88326107bf9a346c68,persistence_corrected_2bbf5eba419b_6ed147cd_f83baf57
Persistence,5,2,2022-12-17,2022-12-22,12.92,14.6,1.6799999999999997,1.6799999999999997,2.822399999999999,0,0,0,6ed147cd585e5e8083292683f9be3cf585e97e4d46fa0e3224d24a4e2b42cbbb,f83baf5732ffbf88b9a448a3d9ab9fa270f7495fe44d1559c1ac49795a30881a,2bbf5eba419b0650693f1e88326107bf9a346c68,persistence_corrected_2bbf5eba419b_6ed147cd_f83baf57
Persistence,5,2,2022-12-18,2022-12-23,14.04,14.22,0.1800000000000015,0.1800000000000015,0.03240000000000054,0,0,0,6ed147cd585e5e8083292683f9be3cf585e97e4d46fa0e3224d24a4e2b42cbbb,f83baf5732ffbf88b9a448a3d9ab9fa270f7495fe44d1559c1ac49795a30881a,2bbf5eba419b0650693f1e88326107bf9a346c68,persistence_corrected_2bbf5eba419b_6ed147cd_f83baf57
Persistence,5,2,2022-12-19,2022-12-24,13.32,13.27,-0.05000000000000071,0.05000000000000071,0.002500000000000071,0,0,0,6ed147cd585e5e8083292683f9be3cf585e97e4d46fa0e3224d24a4e2b42cbbb,f83baf5732ffbf88b9a448a3d9ab9fa270f7495fe44d1559c1ac49795a30881a,2bbf5eba419b0650693f1e88326107bf9a346c68,persistence_corrected_2bbf5eba419b_6ed147cd_f83baf57
Persistence,5,2,2022-12-20,2022-12-25,12.68,12.58,-0.09999999999999964,0.09999999999999964,0.009999999999999929,0,0,0,6ed147cd585e5e8083292683f9be3cf585e97e4d46fa0e3224d24a4e2b42cbbb,f83baf5732ffbf88b9a448a3d9ab9fa270f7495fe44d1559c1ac49795a30881a,2bbf5eba419b0650693f1e88326107bf9a346c68,persistence_corrected_2bbf5eba419b_6ed147cd_f83baf57
Persistence,5,2,2022-12-21,2022-12-26,15.24,12.94,-2.3000000000000007,2.3000000000000007,5.290000000000004,1,0,0,6ed147cd585e5e8083292683f9be3cf585e97e4d46fa0e3224d24a4e2b42cbbb,f83baf5732ffbf88b9a448a3d9ab9fa270f7495fe44d1559c1ac49795a30881a,2bbf5eba419b0650693f1e88326107bf9a346c68,persistence_corrected_2bbf5eba419b_6ed147cd_f83baf57
Persistence,5,2,2022-12-22,2022-12-27,12.37,12.92,0.5500000000000007,0.5500000000000007,0.30250000000000077,0,0,0,6ed147cd585e5e8083292683f9be3cf585e97e4d46fa0e3224d24a4e2b42cbbb,f83baf5732ffbf88b9a448a3d9ab9fa270f7495fe44d1559c1ac49795a30881a,2bbf5eba419b0650693f1e88326107bf9a346c68,persistence_corrected_2bbf5eba419b_6ed147cd_f83baf57
Persistence,5,2,2022-12-23,2022-12-28,10.22,14.04,3.8199999999999985,3.8199999999999985,14.592399999999989,0,0,0,6ed147cd585e5e8083292683f9be3cf585e97e4d46fa0e3224d24a4e2b42cbbb,f83baf5732ffbf88b9a448a3d9ab9fa270f7495fe44d1559c1ac49795a30881a,2bbf5eba419b0650693f1e88326107bf9a346c68,persistence_corrected_2bbf5eba419b_6ed147cd_f83baf57
Persistence,5,2,2022-12-24,2022-12-29,10.45,13.32,2.870000000000001,2.870000000000001,8.236900000000006,0,0,0,6ed147cd585e5e8083292683f9be3cf585e97e4d46fa0e3224d24a4e2b42cbbb,f83baf5732ffbf88b9a448a3d9ab9fa270f7495fe44d1559c1ac49795a30881a,2bbf5eba419b0650693f1e88326107bf9a346c68,persistence_corrected_2bbf5eba419b_6ed147cd_f83baf57
Persistence,5,2,2022-12-25,2022-12-30,11.82,12.68,0.8599999999999994,0.8599999999999994,0.739599999999999,0,0,0,6ed147cd585e5e8083292683f9be3cf585e97e4d46fa0e3224d24a4e2b42cbbb,f83baf5732ffbf88b9a448a3d9ab9fa270f7495fe44d1559c1ac49795a30881a,2bbf5eba419b0650693f1e88326107bf9a346c68,persistence_corrected_2bbf5eba419b_6ed147cd_f83baf57
Persistence,5,2,2022-12-26,2022-12-31,13.51,15.24,1.7300000000000004,1.7300000000000004,2.9929000000000014,0,0,0,6ed147cd585e5e8083292683f9be3cf585e97e4d46fa0e3224d24a4e2b42cbbb,f83baf5732ffbf88b9a448a3d9ab9fa270f7495fe44d1559c1ac49795a30881a,2bbf5eba419b0650693f1e88326107bf9a346c68,persistence_corrected_2bbf5eba419b_6ed147cd_f83baf57
Persistence,5,2,2022-12-27,2023-01-01,12.29,12.37,0.08000000000000007,0.08000000000000007,0.006400000000000012,0,0,0,6ed147cd585e5e8083292683f9be3cf585e97e4d46fa0e3224d24a4e2b42cbbb,f83baf5732ffbf88b9a448a3d9ab9fa270f7495fe44d1559c1ac49795a30881a,2bbf5eba419b0650693f1e88326107bf9a346c68,persistence_corrected_2bbf5eba419b_6ed147cd_f83baf57
Persistence,5,2,2022-12-28,2023-01-02,13.67,10.22,-3.4499999999999993,3.4499999999999993,11.902499999999995,0,0,0,6ed147cd585e5e8083292683f9be3cf585e97e4d46fa0e3224d24a4e2b42cbbb,f83baf5732ffbf88b9a448a3d9ab9fa270f7495fe44d1559c1ac49795a30881a,2bbf5eba419b0650693f1e88326107bf9a346c68,persistence_corrected_2bbf5eba419b_6ed147cd_f83baf57
Persistence,5,2,2022-12-29,2023-01-03,12.94,10.45,-2.49,2.49,6.200100000000001,0,0,0,6ed147cd585e5e8083292683f9be3cf585e97e4d46fa0e3224d24a4e2b42cbbb,f83baf5732ffbf88b9a448a3d9ab9fa270f7495fe44d1559c1ac49795a30881a,2bbf5eba419b0650693f1e88326107bf9a346c68,persistence_corrected_2bbf5eba419b_6ed147cd_f83baf57
Persistence,5,2,2022-12-30,2023-01-04,13.74,11.82,-1.92,1.92,3.6864,0,0,0,6ed147cd585e5e8083292683f9be3cf585e97e4d46fa0e3224d24a4e2b42cbbb,f83baf5732ffbf88b9a448a3d9ab9fa270f7495fe44d1559c1ac49795a30881a,2bbf5eba419b0650693f1e88326107bf9a346c68,persistence_corrected_2bbf5eba419b_6ed147cd_f83baf57
Persistence,5,2,2022-12-31,2023-01-05,10.82,13.51,2.6899999999999995,2.6899999999999995,7.236099999999998,0,0,0,6ed147cd585e5e8083292683f9be3cf585e97e4d46fa0e3224d24a4e2b42cbbb,f83baf5732ffbf88b9a448a3d9ab9fa270f7495fe44d1559c1ac49795a30881a,2bbf5eba419b0650693f1e88326107bf9a346c68,persistence_corrected_2bbf5eba419b_6ed147cd_f83baf57
Persistence,5,2,2023-01-01,2023-01-06,12.01,12.29,0.27999999999999936,0.27999999999999936,0.07839999999999964,0,0,0,6ed147cd585e5e8083292683f9be3cf585e97e4d46fa0e3224d24a4e2b42cbbb,f83baf5732ffbf88b9a448a3d9ab9fa270f7495fe44d1559c1ac49795a30881a,2bbf5eba419b0650693f1e88326107bf9a346c68,persistence_corrected_2bbf5eba419b_6ed147cd_f83baf57
Persistence,5,2,2023-01-02,2023-01-07,13.3,13.67,0.3699999999999992,0.3699999999999992,0.1368999999999994,0,0,0,6ed147cd585e5e8083292683f9be3cf585e97e4d46fa0e3224d24a4e2b42cbbb,f83baf5732ffbf88b9a448a3d9ab9fa270f7495fe44d1559c1ac49795a30881a,2bbf5eba419b0650693f1e88326107bf9a346c68,persistence_corrected_2bbf5eba419b_6ed147cd_f83baf57
Persistence,5,2,2023-01-03,2023-01-08,11.75,12.94,1.1899999999999995,1.1899999999999995,1.4160999999999988,0,0,0,6ed147cd585e5e8083292683f9be3cf585e97e4d46fa0e3224d24a4e2b42cbbb,f83baf5732ffbf88b9a448a3d9ab9fa270f7495fe44d1559c1ac49795a30881a,2bbf5eba419b0650693f1e88326107bf9a346c68,persistence_corrected_2bbf5eba419b_6ed147cd_f83baf57
Persistence,5,2,2023-01-04,2023-01-09,14.04,13.74,-0.29999999999999893,0.29999999999999893,0.08999999999999936,0,0,0,6ed147cd585e5e8083292683f9be3cf585e97e4d46fa0e3224d24a4e2b42cbbb,f83baf5732ffbf88b9a448a3d9ab9fa270f7495fe44d1559c1ac49795a30881a,2bbf5eba419b0650693f1e88326107bf9a346c68,persistence_corrected_2bbf5eba419b_6ed147cd_f83baf57
Persistence,5,2,2023-01-05,2023-01-10,14.39,10.82,-3.5700000000000003,3.5700000000000003,12.744900000000001,0,0,0,6ed147cd585e5e8083292683f9be3cf585e97e4d46fa0e3224d24a4e2b42cbbb,f83baf5732ffbf88b9a448a3d9ab9fa270f7495fe44d1559c1ac49795a30881a,2bbf5eba419b0650693f1e88326107bf9a346c68,persistence_corrected_2bbf5eba419b_6ed147cd_f83baf57
Persistence,5,2,2023-01-06,2023-01-11,10.31,12.01,1.6999999999999993,1.6999999999999993,2.8899999999999975,0,0,0,6ed147cd585e5e8083292683f9be3cf585e97e4d46fa0e3224d24a4e2b42cbbb,f83baf5732ffbf88b9a448a3d9ab9fa270f7495fe44d1559c1ac49795a30881a,2bbf5eba419b0650693f1e88326107bf9a346c68,persistence_corrected_2bbf5eba419b_6ed147cd_f83baf57
Persistence,5,2,2023-01-07,2023-01-12,12.35,13.3,0.9500000000000011,0.9500000000000011,0.9025000000000021,0,0,0,6ed147cd585e5e8083292683f9be3cf585e97e4d46fa0e3224d24a4e2b42cbbb,f83baf5732ffbf88b9a448a3d9ab9fa270f7495fe44d1559c1ac49795a30881a,2bbf5eba419b0650693f1e88326107bf9a346c68,persistence_corrected_2bbf5eba419b_6ed147cd_f83baf57
Persistence,5,2,2023-01-08,2023-01-13,13.13,11.75,-1.3800000000000008,1.3800000000000008,1.904400000000002,0,0,0,6ed147cd585e5e8083292683f9be3cf585e97e4d46fa0e3224d24a4e2b42cbbb,f83baf5732ffbf88b9a448a3d9ab9fa270f7495fe44d1559c1ac49795a30881a,2bbf5eba419b0650693f1e88326107bf9a346c68,persistence_corrected_2bbf5eba419b_6ed147cd_f83baf57
Persistence,5,2,2023-01-09,2023-01-14,6.71,14.04,7.329999999999999,7.329999999999999,53.72889999999999,0,0,0,6ed147cd585e5e8083292683f9be3cf585e97e4d46fa0e3224d24a4e2b42cbbb,f83baf5732ffbf88b9a448a3d9ab9fa270f7495fe44d1559c1ac49795a30881a,2bbf5eba419b0650693f1e88326107bf9a346c68,persistence_corrected_2bbf5eba419b_6ed147cd_f83baf57
Persistence,5,2,2023-01-10,2023-01-15,10.54,14.39,3.8500000000000014,3.8500000000000014,14.82250000000001,0,0,0,6ed147cd585e5e8083292683f9be3cf585e97e4d46fa0e3224d24a4e2b42cbbb,f83baf5732ffbf88b9a448a3d9ab9fa270f7495fe44d1559c1ac49795a30881a,2bbf5eba419b0650693f1e88326107bf9a346c68,persistence_corrected_2bbf5eba419b_6ed147cd_f83baf57
Persistence,5,2,2023-01-11,2023-01-16,10.56,10.31,-0.25,0.25,0.0625,0,0,0,6ed147cd585e5e8083292683f9be3cf585e97e4d46fa0e3224d24a4e2b42cbbb,f83baf5732ffbf88b9a448a3d9ab9fa270f7495fe44d1559c1ac49795a30881a,2bbf5eba419b0650693f1e88326107bf9a346c68,persistence_corrected_2bbf5eba419b_6ed147cd_f83baf57
Persistence,5,2,2023-01-12,2023-01-17,10.38,12.35,1.9699999999999989,1.9699999999999989,3.8808999999999956,0,0,0,6ed147cd585e5e8083292683f9be3cf585e97e4d46fa0e3224d24a4e2b42cbbb,f83baf5732ffbf88b9a448a3d9ab9fa270f7495fe44d1559c1ac49795a30881a,2bbf5eba419b0650693f1e88326107bf9a346c68,persistence_corrected_2bbf5eba419b_6ed147cd_f83baf57
Persistence,5,2,2023-01-13,2023-01-18,11.68,13.13,1.450000000000001,1.450000000000001,2.102500000000003,0,0,0,6ed147cd585e5e8083292683f9be3cf585e97e4d46fa0e3224d24a4e2b42cbbb,f83baf5732ffbf88b9a448a3d9ab9fa270f7495fe44d1559c1ac49795a30881a,2bbf5eba419b0650693f1e88326107bf9a346c68,persistence_corrected_2bbf5eba419b_6ed147cd_f83baf57
Persistence,5,2,2023-01-14,2023-01-19,11.39,6.71,-4.680000000000001,4.680000000000001,21.902400000000007,0,0,0,6ed147cd585e5e8083292683f9be3cf585e97e4d46fa0e3224d24a4e2b42cbbb,f83baf5732ffbf88b9a448a3d9ab9fa270f7495fe44d1559c1ac49795a30881a,2bbf5eba419b0650693f1e88326107bf9a346c68,persistence_corrected_2bbf5eba419b_6ed147cd_f83baf57
Persistence,5,2,2023-01-15,2023-01-20,13.84,10.54,-3.3000000000000007,3.3000000000000007,10.890000000000004,0,0,0,6ed147cd585e5e8083292683f9be3cf585e97e4d46fa0e3224d24a4e2b42cbbb,f83baf5732ffbf88b9a448a3d9ab9fa270f7495fe44d1559c1ac49795a30881a,2bbf5eba419b0650693f1e88326107bf9a346c68,persistence_corrected_2bbf5eba419b_6ed147cd_f83baf57
Persistence,5,2,2023-01-16,2023-01-21,9.61,10.56,0.9500000000000011,0.9500000000000011,0.9025000000000021,0,0,0,6ed147cd585e5e8083292683f9be3cf585e97e4d46fa0e3224d24a4e2b42cbbb,f83baf5732ffbf88b9a448a3d9ab9fa270f7495fe44d1559c1ac49795a30881a,2bbf5eba419b0650693f1e88326107bf9a346c68,persistence_corrected_2bbf5eba419b_6ed147cd_f83baf57
Persistence,5,2,2023-01-17,2023-01-22,11.47,10.38,-1.0899999999999999,1.0899999999999999,1.1880999999999997,0,0,0,6ed147cd585e5e8083292683f9be3cf585e97e4d46fa0e3224d24a4e2b42cbbb,f83baf5732ffbf88b9a448a3d9ab9fa270f7495fe44d1559c1ac49795a30881a,2bbf5eba419b0650693f1e88326107bf9a346c68,persistence_corrected_2bbf5eba419b_6ed147cd_f83baf57
Persistence,5,2,2023-01-18,2023-01-23,9.53,11.68,2.1500000000000004,2.1500000000000004,4.622500000000001,0,0,0,6ed147cd585e5e8083292683f9be3cf585e97e4d46fa0e3224d24a4e2b42cbbb,f83baf5732ffbf88b9a448a3d9ab9fa270f7495fe44d1559c1ac49795a30881a,2bbf5eba419b0650693f1e88326107bf9a346c68,persistence_corrected_2bbf5eba419b_6ed147cd_f83baf57
Persistence,5,2,2023-01-19,2023-01-24,9.61,11.39,1.7800000000000011,1.7800000000000011,3.168400000000004,0,0,0,6ed147cd585e5e8083292683f9be3cf585e97e4d46fa0e3224d24a4e2b42cbbb,f83baf5732ffbf88b9a448a3d9ab9fa270f7495fe44d1559c1ac49795a30881a,2bbf5eba419b0650693f1e88326107bf9a346c68,persistence_corrected_2bbf5eba419b_6ed147cd_f83baf57
Persistence,5,2,2023-01-20,2023-01-25,13.98,13.84,-0.14000000000000057,0.14000000000000057,0.01960000000000016,0,0,0,6ed147cd585e5e8083292683f9be3cf585e97e4d46fa0e3224d24a4e2b42cbbb,f83baf5732ffbf88b9a448a3d9ab9fa270f7495fe44d1559c1ac49795a30881a,2bbf5eba419b0650693f1e88326107bf9a346c68,persistence_corrected_2bbf5eba419b_6ed147cd_f83baf57
Persistence,5,2,2023-01-21,2023-01-26,12.46,9.61,-2.8500000000000014,2.8500000000000014,8.122500000000008,0,0,0,6ed147cd585e5e8083292683f9be3cf585e97e4d46fa0e3224d24a4e2b42cbbb,f83baf5732ffbf88b9a448a3d9ab9fa270f7495fe44d1559c1ac49795a30881a,2bbf5eba419b0650693f1e88326107bf9a346c68,persistence_corrected_2bbf5eba419b_6ed147cd_f83baf57
Persistence,5,2,2023-01-22,2023-01-27,11.69,11.47,-0.21999999999999886,0.21999999999999886,0.0483999999999995,0,0,0,6ed147cd585e5e8083292683f9be3cf585e97e4d46fa0e3224d24a4e2b42cbbb,f83baf5732ffbf88b9a448a3d9ab9fa270f7495fe44d1559c1ac49795a30881a,2bbf5eba419b0650693f1e88326107bf9a346c68,persistence_corrected_2bbf5eba419b_6ed147cd_f83baf57
Persistence,5,2,2023-01-23,2023-01-28,12.88,9.53,-3.3500000000000014,3.3500000000000014,11.222500000000009,0,0,0,6ed147cd585e5e8083292683f9be3cf585e97e4d46fa0e3224d24a4e2b42cbbb,f83baf5732ffbf88b9a448a3d9ab9fa270f7495fe44d1559c1ac49795a30881a,2bbf5eba419b0650693f1e88326107bf9a346c68,persistence_corrected_2bbf5eba419b_6ed147cd_f83baf57
Persistence,5,2,2023-01-24,2023-01-29,12.01,9.61,-2.4000000000000004,2.4000000000000004,5.760000000000002,0,0,0,6ed147cd585e5e8083292683f9be3cf585e97e4d46fa0e3224d24a4e2b42cbbb,f83baf5732ffbf88b9a448a3d9ab9fa270f7495fe44d1559c1ac49795a30881a,2bbf5eba419b0650693f1e88326107bf9a346c68,persistence_corrected_2bbf5eba419b_6ed147cd_f83baf57
Persistence,5,2,2023-01-25,2023-01-30,14.4,13.98,-0.41999999999999993,0.41999999999999993,0.17639999999999995,0,0,0,6ed147cd585e5e8083292683f9be3cf585e97e4d46fa0e3224d24a4e2b42cbbb,f83baf5732ffbf88b9a448a3d9ab9fa270f7495fe44d1559c1ac49795a30881a,2bbf5eba419b0650693f1e88326107bf9a346c68,persistence_corrected_2bbf5eba419b_6ed147cd_f83baf57
Persistence,5,2,2023-01-26,2023-01-31,14.68,12.46,-2.219999999999999,2.219999999999999,4.928399999999995,0,0,0,6ed147cd585e5e8083292683f9be3cf585e97e4d46fa0e3224d24a4e2b42cbbb,f83baf5732ffbf88b9a448a3d9ab9fa270f7495fe44d1559c1ac49795a30881a,2bbf5eba419b0650693f1e88326107bf9a346c68,persistence_corrected_2bbf5eba419b_6ed147cd_f83baf57
Persistence,5,2,2023-01-27,2023-02-01,16.7,11.69,-5.01,5.01,25.100099999999998,1,1,0,6ed147cd585e5e8083292683f9be3cf585e97e4d46fa0e3224d24a4e2b42cbbb,f83baf5732ffbf88b9a448a3d9ab9fa270f7495fe44d1559c1ac49795a30881a,2bbf5eba419b0650693f1e88326107bf9a346c68,persistence_corrected_2bbf5eba419b_6ed147cd_f83baf57
Persistence,5,2,2023-01-28,2023-02-02,11.45,12.88,1.4300000000000015,1.4300000000000015,2.044900000000004,0,0,0,6ed147cd585e5e8083292683f9be3cf585e97e4d46fa0e3224d24a4e2b42cbbb,f83baf5732ffbf88b9a448a3d9ab9fa270f7495fe44d1559c1ac49795a30881a,2bbf5eba419b0650693f1e88326107bf9a346c68,persistence_corrected_2bbf5eba419b_6ed147cd_f83baf57
Persistence,5,2,2023-01-29,2023-02-03,8.69,12.01,3.3200000000000003,3.3200000000000003,11.022400000000001,0,0,0,6ed147cd585e5e8083292683f9be3cf585e97e4d46fa0e3224d24a4e2b42cbbb,f83baf5732ffbf88b9a448a3d9ab9fa270f7495fe44d1559c1ac49795a30881a,2bbf5eba419b0650693f1e88326107bf9a346c68,persistence_corrected_2bbf5eba419b_6ed147cd_f83baf57
Persistence,5,2,2023-01-30,2023-02-04,16.0,14.4,-1.5999999999999996,1.5999999999999996,2.5599999999999987,1,1,0,6ed147cd585e5e8083292683f9be3cf585e97e4d46fa0e3224d24a4e2b42cbbb,f83baf5732ffbf88b9a448a3d9ab9fa270f7495fe44d1559c1ac49795a30881a,2bbf5eba419b0650693f1e88326107bf9a346c68,persistence_corrected_2bbf5eba419b_6ed147cd_f83baf57
Persistence,5,2,2023-01-31,2023-02-05,17.45,14.68,-2.7699999999999996,2.7699999999999996,7.672899999999998,1,1,1,6ed147cd585e5e8083292683f9be3cf585e97e4d46fa0e3224d24a4e2b42cbbb,f83baf5732ffbf88b9a448a3d9ab9fa270f7495fe44d1559c1ac49795a30881a,2bbf5eba419b0650693f1e88326107bf9a346c68,persistence_corrected_2bbf5eba419b_6ed147cd_f83baf57
Persistence,5,2,2023-02-01,2023-02-06,15.54,16.7,1.1600000000000001,1.1600000000000001,1.3456000000000004,1,0,0,6ed147cd585e5e8083292683f9be3cf585e97e4d46fa0e3224d24a4e2b42cbbb,f83baf5732ffbf88b9a448a3d9ab9fa270f7495fe44d1559c1ac49795a30881a,2bbf5eba419b0650693f1e88326107bf9a346c68,persistence_corrected_2bbf5eba419b_6ed147cd_f83baf57
Persistence,5,2,2023-02-02,2023-02-07,13.67,11.45,-2.2200000000000006,2.2200000000000006,4.928400000000003,0,0,0,6ed147cd585e5e8083292683f9be3cf585e97e4d46fa0e3224d24a4e2b42cbbb,f83baf5732ffbf88b9a448a3d9ab9fa270f7495fe44d1559c1ac49795a30881a,2bbf5eba419b0650693f1e88326107bf9a346c68,persistence_corrected_2bbf5eba419b_6ed147cd_f83baf57
Persistence,5,2,2023-02-03,2023-02-08,12.29,8.69,-3.5999999999999996,3.5999999999999996,12.959999999999997,0,0,0,6ed147cd585e5e8083292683f9be3cf585e97e4d46fa0e3224d24a4e2b42cbbb,f83baf5732ffbf88b9a448a3d9ab9fa270f7495fe44d1559c1ac49795a30881a,2bbf5eba419b0650693f1e88326107bf9a346c68,persistence_corrected_2bbf5eba419b_6ed147cd_f83baf57
Persistence,5,2,2023-02-04,2023-02-09,11.92,16.0,4.08,4.08,16.6464,0,0,0,6ed147cd585e5e8083292683f9be3cf585e97e4d46fa0e3224d24a4e2b42cbbb,f83baf5732ffbf88b9a448a3d9ab9fa270f7495fe44d1559c1ac49795a30881a,2bbf5eba419b0650693f1e88326107bf9a346c68,persistence_corrected_2bbf5eba419b_6ed147cd_f83baf57
Persistence,5,2,2023-02-05,2023-02-10,10.97,17.45,6.479999999999999,6.479999999999999,41.99039999999998,0,0,0,6ed147cd585e5e8083292683f9be3cf585e97e4d46fa0e3224d24a4e2b42cbbb,f83baf5732ffbf88b9a448a3d9ab9fa270f7495fe44d1559c1ac49795a30881a,2bbf5eba419b0650693f1e88326107bf9a346c68,persistence_corrected_2bbf5eba419b_6ed147cd_f83baf57
Persistence,5,2,2023-02-06,2023-02-11,7.57,15.54,7.969999999999999,7.969999999999999,63.52089999999998,0,0,0,6ed147cd585e5e8083292683f9be3cf585e97e4d46fa0e3224d24a4e2b42cbbb,f83baf5732ffbf88b9a448a3d9ab9fa270f7495fe44d1559c1ac49795a30881a,2bbf5eba419b0650693f1e88326107bf9a346c68,persistence_corrected_2bbf5eba419b_6ed147cd_f83baf57
Persistence,5,2,2023-02-07,2023-02-12,7.45,13.67,6.22,6.22,38.688399999999994,0,0,0,6ed147cd585e5e8083292683f9be3cf585e97e4d46fa0e3224d24a4e2b42cbbb,f83baf5732ffbf88b9a448a3d9ab9fa270f7495fe44d1559c1ac49795a30881a,2bbf5eba419b0650693f1e88326107bf9a346c68,persistence_corrected_2bbf5eba419b_6ed147cd_f83baf57
Persistence,5,2,2023-02-08,2023-02-13,8.88,12.29,3.4099999999999984,3.4099999999999984,11.62809999999999,0,0,0,6ed147cd585e5e8083292683f9be3cf585e97e4d46fa0e3224d24a4e2b42cbbb,f83baf5732ffbf88b9a448a3d9ab9fa270f7495fe44d1559c1ac49795a30881a,2bbf5eba419b0650693f1e88326107bf9a346c68,persistence_corrected_2bbf5eba419b_6ed147cd_f83baf57
Persistence,5,2,2023-02-09,2023-02-14,11.27,11.92,0.6500000000000004,0.6500000000000004,0.4225000000000005,0,0,0,6ed147cd585e5e8083292683f9be3cf585e97e4d46fa0e3224d24a4e2b42cbbb,f83baf5732ffbf88b9a448a3d9ab9fa270f7495fe44d1559c1ac49795a30881a,2bbf5eba419b0650693f1e88326107bf9a346c68,persistence_corrected_2bbf5eba419b_6ed147cd_f83baf57
Persistence,5,2,2023-02-10,2023-02-15,14.0,10.97,-3.0299999999999994,3.0299999999999994,9.180899999999996,0,0,0,6ed147cd585e5e8083292683f9be3cf585e97e4d46fa0e3224d24a4e2b42cbbb,f83baf5732ffbf88b9a448a3d9ab9fa270f7495fe44d1559c1ac49795a30881a,2bbf5eba419b0650693f1e88326107bf9a346c68,persistence_corrected_2bbf5eba419b_6ed147cd_f83baf57
Persistence,5,2,2023-02-11,2023-02-16,15.84,7.57,-8.27,8.27,68.3929,1,0,0,6ed147cd585e5e8083292683f9be3cf585e97e4d46fa0e3224d24a4e2b42cbbb,f83baf5732ffbf88b9a448a3d9ab9fa270f7495fe44d1559c1ac49795a30881a,2bbf5eba419b0650693f1e88326107bf9a346c68,persistence_corrected_2bbf5eba419b_6ed147cd_f83baf57
Persistence,5,2,2023-02-12,2023-02-17,13.82,7.45,-6.37,6.37,40.5769,0,0,0,6ed147cd585e5e8083292683f9be3cf585e97e4d46fa0e3224d24a4e2b42cbbb,f83baf5732ffbf88b9a448a3d9ab9fa270f7495fe44d1559c1ac49795a30881a,2bbf5eba419b0650693f1e88326107bf9a346c68,persistence_corrected_2bbf5eba419b_6ed147cd_f83baf57
Persistence,5,2,2023-02-13,2023-02-18,16.04,8.88,-7.159999999999998,7.159999999999998,51.26559999999998,1,1,0,6ed147cd585e5e8083292683f9be3cf585e97e4d46fa0e3224d24a4e2b42cbbb,f83baf5732ffbf88b9a448a3d9ab9fa270f7495fe44d1559c1ac49795a30881a,2bbf5eba419b0650693f1e88326107bf9a346c68,persistence_corrected_2bbf5eba419b_6ed147cd_f83baf57
Persistence,5,2,2023-02-14,2023-02-19,14.5,11.27,-3.2300000000000004,3.2300000000000004,10.432900000000004,0,0,0,6ed147cd585e5e8083292683f9be3cf585e97e4d46fa0e3224d24a4e2b42cbbb,f83baf5732ffbf88b9a448a3d9ab9fa270f7495fe44d1559c1ac49795a30881a,2bbf5eba419b0650693f1e88326107bf9a346c68,persistence_corrected_2bbf5eba419b_6ed147cd_f83baf57
Persistence,5,2,2023-02-15,2023-02-20,13.08,14.0,0.9199999999999999,0.9199999999999999,0.8463999999999998,0,0,0,6ed147cd585e5e8083292683f9be3cf585e97e4d46fa0e3224d24a4e2b42cbbb,f83baf5732ffbf88b9a448a3d9ab9fa270f7495fe44d1559c1ac49795a30881a,2bbf5eba419b0650693f1e88326107bf9a346c68,persistence_corrected_2bbf5eba419b_6ed147cd_f83baf57
Persistence,5,2,2023-02-16,2023-02-21,10.58,15.84,5.26,5.26,27.667599999999997,0,0,0,6ed147cd585e5e8083292683f9be3cf585e97e4d46fa0e3224d24a4e2b42cbbb,f83baf5732ffbf88b9a448a3d9ab9fa270f7495fe44d1559c1ac49795a30881a,2bbf5eba419b0650693f1e88326107bf9a346c68,persistence_corrected_2bbf5eba419b_6ed147cd_f83baf57
Persistence,5,2,2023-02-17,2023-02-22,13.94,13.82,-0.11999999999999922,0.11999999999999922,0.014399999999999812,0,0,0,6ed147cd585e5e8083292683f9be3cf585e97e4d46fa0e3224d24a4e2b42cbbb,f83baf5732ffbf88b9a448a3d9ab9fa270f7495fe44d1559c1ac49795a30881a,2bbf5eba419b0650693f1e88326107bf9a346c68,persistence_corrected_2bbf5eba419b_6ed147cd_f83baf57
Persistence,5,2,2023-02-18,2023-02-23,13.76,16.04,2.2799999999999994,2.2799999999999994,5.198399999999997,0,0,0,6ed147cd585e5e8083292683f9be3cf585e97e4d46fa0e3224d24a4e2b42cbbb,f83baf5732ffbf88b9a448a3d9ab9fa270f7495fe44d1559c1ac49795a30881a,2bbf5eba419b0650693f1e88326107bf9a346c68,persistence_corrected_2bbf5eba419b_6ed147cd_f83baf57
Persistence,5,2,2023-02-19,2023-02-24,16.57,14.5,-2.0700000000000003,2.0700000000000003,4.284900000000001,1,1,0,6ed147cd585e5e8083292683f9be3cf585e97e4d46fa0e3224d24a4e2b42cbbb,f83baf5732ffbf88b9a448a3d9ab9fa270f7495fe44d1559c1ac49795a30881a,2bbf5eba419b0650693f1e88326107bf9a346c68,persistence_corrected_2bbf5eba419b_6ed147cd_f83baf57
Persistence,5,3,2023-02-20,2023-02-25,12.14,13.08,0.9399999999999995,0.9399999999999995,0.883599999999999,0,0,0,6ed147cd585e5e8083292683f9be3cf585e97e4d46fa0e3224d24a4e2b42cbbb,f83baf5732ffbf88b9a448a3d9ab9fa270f7495fe44d1559c1ac49795a30881a,2bbf5eba419b0650693f1e88326107bf9a346c68,persistence_corrected_2bbf5eba419b_6ed147cd_f83baf57
Persistence,5,3,2023-02-21,2023-02-26,10.48,10.58,0.09999999999999964,0.09999999999999964,0.009999999999999929,0,0,0,6ed147cd585e5e8083292683f9be3cf585e97e4d46fa0e3224d24a4e2b42cbbb,f83baf5732ffbf88b9a448a3d9ab9fa270f7495fe44d1559c1ac49795a30881a,2bbf5eba419b0650693f1e88326107bf9a346c68,persistence_corrected_2bbf5eba419b_6ed147cd_f83baf57
Persistence,5,3,2023-02-22,2023-02-27,11.17,13.94,2.7699999999999996,2.7699999999999996,7.672899999999998,0,0,0,6ed147cd585e5e8083292683f9be3cf585e97e4d46fa0e3224d24a4e2b42cbbb,f83baf5732ffbf88b9a448a3d9ab9fa270f7495fe44d1559c1ac49795a30881a,2bbf5eba419b0650693f1e88326107bf9a346c68,persistence_corrected_2bbf5eba419b_6ed147cd_f83baf57
Persistence,5,3,2023-02-23,2023-02-28,9.76,13.76,4.0,4.0,16.0,0,0,0,6ed147cd585e5e8083292683f9be3cf585e97e4d46fa0e3224d24a4e2b42cbbb,f83baf5732ffbf88b9a448a3d9ab9fa270f7495fe44d1559c1ac49795a30881a,2bbf5eba419b0650693f1e88326107bf9a346c68,persistence_corrected_2bbf5eba419b_6ed147cd_f83baf57
Persistence,5,3,2023-02-24,2023-03-01,12.96,16.57,3.6099999999999994,3.6099999999999994,13.032099999999996,0,0,0,6ed147cd585e5e8083292683f9be3cf585e97e4d46fa0e3224d24a4e2b42cbbb,f83baf5732ffbf88b9a448a3d9ab9fa270f7495fe44d1559c1ac49795a30881a,2bbf5eba419b0650693f1e88326107bf9a346c68,persistence_corrected_2bbf5eba419b_6ed147cd_f83baf57
Persistence,5,3,2023-02-25,2023-03-02,15.2,12.14,-3.0599999999999987,3.0599999999999987,9.363599999999993,1,0,0,6ed147cd585e5e8083292683f9be3cf585e97e4d46fa0e3224d24a4e2b42cbbb,f83baf5732ffbf88b9a448a3d9ab9fa270f7495fe44d1559c1ac49795a30881a,2bbf5eba419b0650693f1e88326107bf9a346c68,persistence_corrected_2bbf5eba419b_6ed147cd_f83baf57
Persistence,5,3,2023-02-26,2023-03-03,16.39,10.48,-5.91,5.91,34.9281,1,1,0,6ed147cd585e5e8083292683f9be3cf585e97e4d46fa0e3224d24a4e2b42cbbb,f83baf5732ffbf88b9a448a3d9ab9fa270f7495fe44d1559c1ac49795a30881a,2bbf5eba419b0650693f1e88326107bf9a346c68,persistence_corrected_2bbf5eba419b_6ed147cd_f83baf57
Persistence,5,3,2023-02-27,2023-03-04,15.4,11.17,-4.23,4.23,17.892900000000004,1,0,0,6ed147cd585e5e8083292683f9be3cf585e97e4d46fa0e3224d24a4e2b42cbbb,f83baf5732ffbf88b9a448a3d9ab9fa270f7495fe44d1559c1ac49795a30881a,2bbf5eba419b0650693f1e88326107bf9a346c68,persistence_corrected_2bbf5eba419b_6ed147cd_f83baf57
Persistence,5,3,2023-02-28,2023-03-05,10.44,9.76,-0.6799999999999997,0.6799999999999997,0.4623999999999996,0,0,0,6ed147cd585e5e8083292683f9be3cf585e97e4d46fa0e3224d24a4e2b42cbbb,f83baf5732ffbf88b9a448a3d9ab9fa270f7495fe44d1559c1ac49795a30881a,2bbf5eba419b0650693f1e88326107bf9a346c68,persistence_corrected_2bbf5eba419b_6ed147cd_f83baf57
Persistence,5,3,2023-03-01,2023-03-06,15.14,12.96,-2.1799999999999997,2.1799999999999997,4.752399999999999,1,0,0,6ed147cd585e5e8083292683f9be3cf585e97e4d46fa0e3224d24a4e2b42cbbb,f83baf5732ffbf88b9a448a3d9ab9fa270f7495fe44d1559c1ac49795a30881a,2bbf5eba419b0650693f1e88326107bf9a346c68,persistence_corrected_2bbf5eba419b_6ed147cd_f83baf57
Persistence,5,3,2023-03-02,2023-03-07,13.92,15.2,1.2799999999999994,1.2799999999999994,1.6383999999999983,0,0,0,6ed147cd585e5e8083292683f9be3cf585e97e4d46fa0e3224d24a4e2b42cbbb,f83baf5732ffbf88b9a448a3d9ab9fa270f7495fe44d1559c1ac49795a30881a,2bbf5eba419b0650693f1e88326107bf9a346c68,persistence_corrected_2bbf5eba419b_6ed147cd_f83baf57
Persistence,5,3,2023-03-03,2023-03-08,13.87,16.39,2.5200000000000014,2.5200000000000014,6.350400000000007,0,0,0,6ed147cd585e5e8083292683f9be3cf585e97e4d46fa0e3224d24a4e2b42cbbb,f83baf5732ffbf88b9a448a3d9ab9fa270f7495fe44d1559c1ac49795a30881a,2bbf5eba419b0650693f1e88326107bf9a346c68,persistence_corrected_2bbf5eba419b_6ed147cd_f83baf57
Persistence,5,3,2023-03-04,2023-03-09,12.83,15.4,2.5700000000000003,2.5700000000000003,6.6049000000000015,0,0,0,6ed147cd585e5e8083292683f9be3cf585e97e4d46fa0e3224d24a4e2b42cbbb,f83baf5732ffbf88b9a448a3d9ab9fa270f7495fe44d1559c1ac49795a30881a,2bbf5eba419b0650693f1e88326107bf9a346c68,persistence_corrected_2bbf5eba419b_6ed147cd_f83baf57
Persistence,5,3,2023-03-05,2023-03-10,15.48,10.44,-5.040000000000001,5.040000000000001,25.40160000000001,1,0,0,6ed147cd585e5e8083292683f9be3cf585e97e4d46fa0e3224d24a4e2b42cbbb,f83baf5732ffbf88b9a448a3d9ab9fa270f7495fe44d1559c1ac49795a30881a,2bbf5eba419b0650693f1e88326107bf9a346c68,persistence_corrected_2bbf5eba419b_6ed147cd_f83baf57
Persistence,5,3,2023-03-06,2023-03-11,12.28,15.14,2.860000000000001,2.860000000000001,8.179600000000008,0,0,0,6ed147cd585e5e8083292683f9be3cf585e97e4d46fa0e3224d24a4e2b42cbbb,f83baf5732ffbf88b9a448a3d9ab9fa270f7495fe44d1559c1ac49795a30881a,2bbf5eba419b0650693f1e88326107bf9a346c68,persistence_corrected_2bbf5eba419b_6ed147cd_f83baf57
Persistence,5,3,2023-03-07,2023-03-12,9.8,13.92,4.119999999999999,4.119999999999999,16.974399999999992,0,0,0,6ed147cd585e5e8083292683f9be3cf585e97e4d46fa0e3224d24a4e2b42cbbb,f83baf5732ffbf88b9a448a3d9ab9fa270f7495fe44d1559c1ac49795a30881a,2bbf5eba419b0650693f1e88326107bf9a346c68,persistence_corrected_2bbf5eba419b_6ed147cd_f83baf57
Persistence,5,3,2023-03-08,2023-03-13,9.82,13.87,4.049999999999999,4.049999999999999,16.402499999999993,0,0,0,6ed147cd585e5e8083292683f9be3cf585e97e4d46fa0e3224d24a4e2b42cbbb,f83baf5732ffbf88b9a448a3d9ab9fa270f7495fe44d1559c1ac49795a30881a,2bbf5eba419b0650693f1e88326107bf9a346c68,persistence_corrected_2bbf5eba419b_6ed147cd_f83baf57
Persistence,5,3,2023-03-09,2023-03-14,11.41,12.83,1.42,1.42,2.0164,0,0,0,6ed147cd585e5e8083292683f9be3cf585e97e4d46fa0e3224d24a4e2b42cbbb,f83baf5732ffbf88b9a448a3d9ab9fa270f7495fe44d1559c1ac49795a30881a,2bbf5eba419b0650693f1e88326107bf9a346c68,persistence_corrected_2bbf5eba419b_6ed147cd_f83baf57
Persistence,5,3,2023-03-10,2023-03-15,14.0,15.48,1.4800000000000004,1.4800000000000004,2.1904000000000012,0,0,0,6ed147cd585e5e8083292683f9be3cf585e97e4d46fa0e3224d24a4e2b42cbbb,f83baf5732ffbf88b9a448a3d9ab9fa270f7495fe44d1559c1ac49795a30881a,2bbf5eba419b0650693f1e88326107bf9a346c68,persistence_corrected_2bbf5eba419b_6ed147cd_f83baf57
Persistence,5,3,2023-03-11,2023-03-16,13.31,12.28,-1.0300000000000011,1.0300000000000011,1.0609000000000024,0,0,0,6ed147cd585e5e8083292683f9be3cf585e97e4d46fa0e3224d24a4e2b42cbbb,f83baf5732ffbf88b9a448a3d9ab9fa270f7495fe44d1559c1ac49795a30881a,2bbf5eba419b0650693f1e88326107bf9a346c68,persistence_corrected_2bbf5eba419b_6ed147cd_f83baf57
Persistence,5,3,2023-03-12,2023-03-17,14.64,9.8,-4.84,4.84,23.4256,0,0,0,6ed147cd585e5e8083292683f9be3cf585e97e4d46fa0e3224d24a4e2b42cbbb,f83baf5732ffbf88b9a448a3d9ab9fa270f7495fe44d1559c1ac49795a30881a,2bbf5eba419b0650693f1e88326107bf9a346c68,persistence_corrected_2bbf5eba419b_6ed147cd_f83baf57
Persistence,5,3,2023-03-13,2023-03-18,10.03,9.82,-0.20999999999999908,0.20999999999999908,0.04409999999999961,0,0,0,6ed147cd585e5e8083292683f9be3cf585e97e4d46fa0e3224d24a4e2b42cbbb,f83baf5732ffbf88b9a448a3d9ab9fa270f7495fe44d1559c1ac49795a30881a,2bbf5eba419b0650693f1e88326107bf9a346c68,persistence_corrected_2bbf5eba419b_6ed147cd_f83baf57
Persistence,5,3,2023-03-14,2023-03-19,10.02,11.41,1.3900000000000006,1.3900000000000006,1.9321000000000015,0,0,0,6ed147cd585e5e8083292683f9be3cf585e97e4d46fa0e3224d24a4e2b42cbbb,f83baf5732ffbf88b9a448a3d9ab9fa270f7495fe44d1559c1ac49795a30881a,2bbf5eba419b0650693f1e88326107bf9a346c68,persistence_corrected_2bbf5eba419b_6ed147cd_f83baf57
Persistence,5,3,2023-03-15,2023-03-20,10.02,14.0,3.9800000000000004,3.9800000000000004,15.840400000000004,0,0,0,6ed147cd585e5e8083292683f9be3cf585e97e4d46fa0e3224d24a4e2b42cbbb,f83baf5732ffbf88b9a448a3d9ab9fa270f7495fe44d1559c1ac49795a30881a,2bbf5eba419b0650693f1e88326107bf9a346c68,persistence_corrected_2bbf5eba419b_6ed147cd_f83baf57
Persistence,5,3,2023-03-16,2023-03-21,13.57,13.31,-0.2599999999999998,0.2599999999999998,0.06759999999999988,0,0,0,6ed147cd585e5e8083292683f9be3cf585e97e4d46fa0e3224d24a4e2b42cbbb,f83baf5732ffbf88b9a448a3d9ab9fa270f7495fe44d1559c1ac49795a30881a,2bbf5eba419b0650693f1e88326107bf9a346c68,persistence_corrected_2bbf5eba419b_6ed147cd_f83baf57
Persistence,5,3,2023-03-17,2023-03-22,10.15,14.64,4.49,4.49,20.160100000000003,0,0,0,6ed147cd585e5e8083292683f9be3cf585e97e4d46fa0e3224d24a4e2b42cbbb,f83baf5732ffbf88b9a448a3d9ab9fa270f7495fe44d1559c1ac49795a30881a,2bbf5eba419b0650693f1e88326107bf9a346c68,persistence_corrected_2bbf5eba419b_6ed147cd_f83baf57
Persistence,5,3,2023-03-18,2023-03-23,15.5,10.03,-5.470000000000001,5.470000000000001,29.920900000000007,1,0,0,6ed147cd585e5e8083292683f9be3cf585e97e4d46fa0e3224d24a4e2b42cbbb,f83baf5732ffbf88b9a448a3d9ab9fa270f7495fe44d1559c1ac49795a30881a,2bbf5eba419b0650693f1e88326107bf9a346c68,persistence_corrected_2bbf5eba419b_6ed147cd_f83baf57
Persistence,5,3,2023-03-19,2023-03-24,7.22,10.02,2.8,2.8,7.839999999999999,0,0,0,6ed147cd585e5e8083292683f9be3cf585e97e4d46fa0e3224d24a4e2b42cbbb,f83baf5732ffbf88b9a448a3d9ab9fa270f7495fe44d1559c1ac49795a30881a,2bbf5eba419b0650693f1e88326107bf9a346c68,persistence_corrected_2bbf5eba419b_6ed147cd_f83baf57
Persistence,5,3,2023-03-20,2023-03-25,9.46,10.02,0.5599999999999987,0.5599999999999987,0.31359999999999855,0,0,0,6ed147cd585e5e8083292683f9be3cf585e97e4d46fa0e3224d24a4e2b42cbbb,f83baf5732ffbf88b9a448a3d9ab9fa270f7495fe44d1559c1ac49795a30881a,2bbf5eba419b0650693f1e88326107bf9a346c68,persistence_corrected_2bbf5eba419b_6ed147cd_f83baf57
Persistence,5,3,2023-03-21,2023-03-26,9.17,13.57,4.4,4.4,19.360000000000003,0,0,0,6ed147cd585e5e8083292683f9be3cf585e97e4d46fa0e3224d24a4e2b42cbbb,f83baf5732ffbf88b9a448a3d9ab9fa270f7495fe44d1559c1ac49795a30881a,2bbf5eba419b0650693f1e88326107bf9a346c68,persistence_corrected_2bbf5eba419b_6ed147cd_f83baf57
Persistence,5,3,2023-03-22,2023-03-27,9.34,10.15,0.8100000000000005,0.8100000000000005,0.6561000000000008,0,0,0,6ed147cd585e5e8083292683f9be3cf585e97e4d46fa0e3224d24a4e2b42cbbb,f83baf5732ffbf88b9a448a3d9ab9fa270f7495fe44d1559c1ac49795a30881a,2bbf5eba419b0650693f1e88326107bf9a346c68,persistence_corrected_2bbf5eba419b_6ed147cd_f83baf57
Persistence,5,3,2023-03-23,2023-03-28,8.57,15.5,6.93,6.93,48.024899999999995,0,0,0,6ed147cd585e5e8083292683f9be3cf585e97e4d46fa0e3224d24a4e2b42cbbb,f83baf5732ffbf88b9a448a3d9ab9fa270f7495fe44d1559c1ac49795a30881a,2bbf5eba419b0650693f1e88326107bf9a346c68,persistence_corrected_2bbf5eba419b_6ed147cd_f83baf57
Persistence,5,3,2023-03-24,2023-03-29,10.73,7.22,-3.5100000000000007,3.5100000000000007,12.320100000000005,0,0,0,6ed147cd585e5e8083292683f9be3cf585e97e4d46fa0e3224d24a4e2b42cbbb,f83baf5732ffbf88b9a448a3d9ab9fa270f7495fe44d1559c1ac49795a30881a,2bbf5eba419b0650693f1e88326107bf9a346c68,persistence_corrected_2bbf5eba419b_6ed147cd_f83baf57
Persistence,5,3,2023-03-25,2023-03-30,14.89,9.46,-5.43,5.43,29.484899999999996,0,0,0,6ed147cd585e5e8083292683f9be3cf585e97e4d46fa0e3224d24a4e2b42cbbb,f83baf5732ffbf88b9a448a3d9ab9fa270f7495fe44d1559c1ac49795a30881a,2bbf5eba419b0650693f1e88326107bf9a346c68,persistence_corrected_2bbf5eba419b_6ed147cd_f83baf57
Persistence,5,3,2023-03-26,2023-03-31,11.27,9.17,-2.0999999999999996,2.0999999999999996,4.409999999999998,0,0,0,6ed147cd585e5e8083292683f9be3cf585e97e4d46fa0e3224d24a4e2b42cbbb,f83baf5732ffbf88b9a448a3d9ab9fa270f7495fe44d1559c1ac49795a30881a,2bbf5eba419b0650693f1e88326107bf9a346c68,persistence_corrected_2bbf5eba419b_6ed147cd_f83baf57
Persistence,5,3,2023-03-27,2023-04-01,11.94,9.34,-2.5999999999999996,2.5999999999999996,6.759999999999998,0,0,0,6ed147cd585e5e8083292683f9be3cf585e97e4d46fa0e3224d24a4e2b42cbbb,f83baf5732ffbf88b9a448a3d9ab9fa270f7495fe44d1559c1ac49795a30881a,2bbf5eba419b0650693f1e88326107bf9a346c68,persistence_corrected_2bbf5eba419b_6ed147cd_f83baf57
Persistence,5,3,2023-03-28,2023-04-02,10.82,8.57,-2.25,2.25,5.0625,0,0,0,6ed147cd585e5e8083292683f9be3cf585e97e4d46fa0e3224d24a4e2b42cbbb,f83baf5732ffbf88b9a448a3d9ab9fa270f7495fe44d1559c1ac49795a30881a,2bbf5eba419b0650693f1e88326107bf9a346c68,persistence_corrected_2bbf5eba419b_6ed147cd_f83baf57
Persistence,5,3,2023-03-29,2023-04-03,12.71,10.73,-1.9800000000000004,1.9800000000000004,3.9204000000000017,0,0,0,6ed147cd585e5e8083292683f9be3cf585e97e4d46fa0e3224d24a4e2b42cbbb,f83baf5732ffbf88b9a448a3d9ab9fa270f7495fe44d1559c1ac49795a30881a,2bbf5eba419b0650693f1e88326107bf9a346c68,persistence_corrected_2bbf5eba419b_6ed147cd_f83baf57
Persistence,5,3,2023-03-30,2023-04-04,15.49,14.89,-0.5999999999999996,0.5999999999999996,0.3599999999999996,1,0,0,6ed147cd585e5e8083292683f9be3cf585e97e4d46fa0e3224d24a4e2b42cbbb,f83baf5732ffbf88b9a448a3d9ab9fa270f7495fe44d1559c1ac49795a30881a,2bbf5eba419b0650693f1e88326107bf9a346c68,persistence_corrected_2bbf5eba419b_6ed147cd_f83baf57
Persistence,5,3,2023-03-31,2023-04-05,10.44,11.27,0.8300000000000001,0.8300000000000001,0.6889000000000001,0,0,0,6ed147cd585e5e8083292683f9be3cf585e97e4d46fa0e3224d24a4e2b42cbbb,f83baf5732ffbf88b9a448a3d9ab9fa270f7495fe44d1559c1ac49795a30881a,2bbf5eba419b0650693f1e88326107bf9a346c68,persistence_corrected_2bbf5eba419b_6ed147cd_f83baf57
Persistence,5,3,2023-04-01,2023-04-06,10.42,11.94,1.5199999999999996,1.5199999999999996,2.3103999999999987,0,0,0,6ed147cd585e5e8083292683f9be3cf585e97e4d46fa0e3224d24a4e2b42cbbb,f83baf5732ffbf88b9a448a3d9ab9fa270f7495fe44d1559c1ac49795a30881a,2bbf5eba419b0650693f1e88326107bf9a346c68,persistence_corrected_2bbf5eba419b_6ed147cd_f83baf57
Persistence,5,3,2023-04-02,2023-04-07,13.7,10.82,-2.879999999999999,2.879999999999999,8.294399999999994,0,0,0,6ed147cd585e5e8083292683f9be3cf585e97e4d46fa0e3224d24a4e2b42cbbb,f83baf5732ffbf88b9a448a3d9ab9fa270f7495fe44d1559c1ac49795a30881a,2bbf5eba419b0650693f1e88326107bf9a346c68,persistence_corrected_2bbf5eba419b_6ed147cd_f83baf57
Persistence,5,3,2023-04-03,2023-04-08,15.04,12.71,-2.3299999999999983,2.3299999999999983,5.428899999999992,1,0,0,6ed147cd585e5e8083292683f9be3cf585e97e4d46fa0e3224d24a4e2b42cbbb,f83baf5732ffbf88b9a448a3d9ab9fa270f7495fe44d1559c1ac49795a30881a,2bbf5eba419b0650693f1e88326107bf9a346c68,persistence_corrected_2bbf5eba419b_6ed147cd_f83baf57
Persistence,5,3,2023-04-04,2023-04-09,14.68,15.49,0.8100000000000005,0.8100000000000005,0.6561000000000008,0,0,0,6ed147cd585e5e8083292683f9be3cf585e97e4d46fa0e3224d24a4e2b42cbbb,f83baf5732ffbf88b9a448a3d9ab9fa270f7495fe44d1559c1ac49795a30881a,2bbf5eba419b0650693f1e88326107bf9a346c68,persistence_corrected_2bbf5eba419b_6ed147cd_f83baf57
Persistence,5,3,2023-04-05,2023-04-10,13.15,10.44,-2.710000000000001,2.710000000000001,7.3441000000000045,0,0,0,6ed147cd585e5e8083292683f9be3cf585e97e4d46fa0e3224d24a4e2b42cbbb,f83baf5732ffbf88b9a448a3d9ab9fa270f7495fe44d1559c1ac49795a30881a,2bbf5eba419b0650693f1e88326107bf9a346c68,persistence_corrected_2bbf5eba419b_6ed147cd_f83baf57
Persistence,5,3,2023-04-06,2023-04-11,16.98,10.42,-6.5600000000000005,6.5600000000000005,43.03360000000001,1,1,0,6ed147cd585e5e8083292683f9be3cf585e97e4d46fa0e3224d24a4e2b42cbbb,f83baf5732ffbf88b9a448a3d9ab9fa270f7495fe44d1559c1ac49795a30881a,2bbf5eba419b0650693f1e88326107bf9a346c68,persistence_corrected_2bbf5eba419b_6ed147cd_f83baf57
Persistence,5,3,2023-04-07,2023-04-12,14.24,13.7,-0.5400000000000009,0.5400000000000009,0.291600000000001,0,0,0,6ed147cd585e5e8083292683f9be3cf585e97e4d46fa0e3224d24a4e2b42cbbb,f83baf5732ffbf88b9a448a3d9ab9fa270f7495fe44d1559c1ac49795a30881a,2bbf5eba419b0650693f1e88326107bf9a346c68,persistence_corrected_2bbf5eba419b_6ed147cd_f83baf57
Persistence,5,3,2023-04-08,2023-04-13,12.52,15.04,2.5199999999999996,2.5199999999999996,6.350399999999998,0,0,0,6ed147cd585e5e8083292683f9be3cf585e97e4d46fa0e3224d24a4e2b42cbbb,f83baf5732ffbf88b9a448a3d9ab9fa270f7495fe44d1559c1ac49795a30881a,2bbf5eba419b0650693f1e88326107bf9a346c68,persistence_corrected_2bbf5eba419b_6ed147cd_f83baf57
Persistence,5,3,2023-04-09,2023-04-14,14.83,14.68,-0.15000000000000036,0.15000000000000036,0.022500000000000107,0,0,0,6ed147cd585e5e8083292683f9be3cf585e97e4d46fa0e3224d24a4e2b42cbbb,f83baf5732ffbf88b9a448a3d9ab9fa270f7495fe44d1559c1ac49795a30881a,2bbf5eba419b0650693f1e88326107bf9a346c68,persistence_corrected_2bbf5eba419b_6ed147cd_f83baf57
Persistence,5,3,2023-04-10,2023-04-15,9.9,13.15,3.25,3.25,10.5625,0,0,0,6ed147cd585e5e8083292683f9be3cf585e97e4d46fa0e3224d24a4e2b42cbbb,f83baf5732ffbf88b9a448a3d9ab9fa270f7495fe44d1559c1ac49795a30881a,2bbf5eba419b0650693f1e88326107bf9a346c68,persistence_corrected_2bbf5eba419b_6ed147cd_f83baf57
Persistence,5,3,2023-04-11,2023-04-16,10.09,16.98,6.890000000000001,6.890000000000001,47.472100000000005,0,0,0,6ed147cd585e5e8083292683f9be3cf585e97e4d46fa0e3224d24a4e2b42cbbb,f83baf5732ffbf88b9a448a3d9ab9fa270f7495fe44d1559c1ac49795a30881a,2bbf5eba419b0650693f1e88326107bf9a346c68,persistence_corrected_2bbf5eba419b_6ed147cd_f83baf57
Persistence,5,3,2023-04-12,2023-04-17,9.66,14.24,4.58,4.58,20.9764,0,0,0,6ed147cd585e5e8083292683f9be3cf585e97e4d46fa0e3224d24a4e2b42cbbb,f83baf5732ffbf88b9a448a3d9ab9fa270f7495fe44d1559c1ac49795a30881a,2bbf5eba419b0650693f1e88326107bf9a346c68,persistence_corrected_2bbf5eba419b_6ed147cd_f83baf57
Persistence,5,3,2023-04-13,2023-04-18,9.47,12.52,3.049999999999999,3.049999999999999,9.302499999999993,0,0,0,6ed147cd585e5e8083292683f9be3cf585e97e4d46fa0e3224d24a4e2b42cbbb,f83baf5732ffbf88b9a448a3d9ab9fa270f7495fe44d1559c1ac49795a30881a,2bbf5eba419b0650693f1e88326107bf9a346c68,persistence_corrected_2bbf5eba419b_6ed147cd_f83baf57
Persistence,5,3,2023-04-14,2023-04-19,16.0,14.83,-1.17,1.17,1.3688999999999998,1,1,0,6ed147cd585e5e8083292683f9be3cf585e97e4d46fa0e3224d24a4e2b42cbbb,f83baf5732ffbf88b9a448a3d9ab9fa270f7495fe44d1559c1ac49795a30881a,2bbf5eba419b0650693f1e88326107bf9a346c68,persistence_corrected_2bbf5eba419b_6ed147cd_f83baf57
Persistence,5,3,2023-04-15,2023-04-20,14.68,9.9,-4.779999999999999,4.779999999999999,22.848399999999994,0,0,0,6ed147cd585e5e8083292683f9be3cf585e97e4d46fa0e3224d24a4e2b42cbbb,f83baf5732ffbf88b9a448a3d9ab9fa270f7495fe44d1559c1ac49795a30881a,2bbf5eba419b0650693f1e88326107bf9a346c68,persistence_corrected_2bbf5eba419b_6ed147cd_f83baf57
Persistence,5,3,2023-04-16,2023-04-21,12.62,10.09,-2.5299999999999994,2.5299999999999994,6.4008999999999965,0,0,0,6ed147cd585e5e8083292683f9be3cf585e97e4d46fa0e3224d24a4e2b42cbbb,f83baf5732ffbf88b9a448a3d9ab9fa270f7495fe44d1559c1ac49795a30881a,2bbf5eba419b0650693f1e88326107bf9a346c68,persistence_corrected_2bbf5eba419b_6ed147cd_f83baf57
Persistence,5,3,2023-04-17,2023-04-22,11.22,9.66,-1.5600000000000005,1.5600000000000005,2.4336000000000015,0,0,0,6ed147cd585e5e8083292683f9be3cf585e97e4d46fa0e3224d24a4e2b42cbbb,f83baf5732ffbf88b9a448a3d9ab9fa270f7495fe44d1559c1ac49795a30881a,2bbf5eba419b0650693f1e88326107bf9a346c68,persistence_corrected_2bbf5eba419b_6ed147cd_f83baf57
Persistence,5,3,2023-04-18,2023-04-23,11.23,9.47,-1.7599999999999998,1.7599999999999998,3.0975999999999995,0,0,0,6ed147cd585e5e8083292683f9be3cf585e97e4d46fa0e3224d24a4e2b42cbbb,f83baf5732ffbf88b9a448a3d9ab9fa270f7495fe44d1559c1ac49795a30881a,2bbf5eba419b0650693f1e88326107bf9a346c68,persistence_corrected_2bbf5eba419b_6ed147cd_f83baf57
Persistence,5,3,2023-04-19,2023-04-24,13.46,16.0,2.539999999999999,2.539999999999999,6.451599999999996,0,0,0,6ed147cd585e5e8083292683f9be3cf585e97e4d46fa0e3224d24a4e2b42cbbb,f83baf5732ffbf88b9a448a3d9ab9fa270f7495fe44d1559c1ac49795a30881a,2bbf5eba419b0650693f1e88326107bf9a346c68,persistence_corrected_2bbf5eba419b_6ed147cd_f83baf57
Persistence,5,3,2023-04-20,2023-04-25,13.39,14.68,1.2899999999999991,1.2899999999999991,1.6640999999999977,0,0,0,6ed147cd585e5e8083292683f9be3cf585e97e4d46fa0e3224d24a4e2b42cbbb,f83baf5732ffbf88b9a448a3d9ab9fa270f7495fe44d1559c1ac49795a30881a,2bbf5eba419b0650693f1e88326107bf9a346c68,persistence_corrected_2bbf5eba419b_6ed147cd_f83baf57
Persistence,5,3,2023-04-21,2023-04-26,9.76,12.62,2.8599999999999994,2.8599999999999994,8.179599999999997,0,0,0,6ed147cd585e5e8083292683f9be3cf585e97e4d46fa0e3224d24a4e2b42cbbb,f83baf5732ffbf88b9a448a3d9ab9fa270f7495fe44d1559c1ac49795a30881a,2bbf5eba419b0650693f1e88326107bf9a346c68,persistence_corrected_2bbf5eba419b_6ed147cd_f83baf57
Persistence,5,3,2023-04-22,2023-04-27,14.44,11.22,-3.219999999999999,3.219999999999999,10.368399999999992,0,0,0,6ed147cd585e5e8083292683f9be3cf585e97e4d46fa0e3224d24a4e2b42cbbb,f83baf5732ffbf88b9a448a3d9ab9fa270f7495fe44d1559c1ac49795a30881a,2bbf5eba419b0650693f1e88326107bf9a346c68,persistence_corrected_2bbf5eba419b_6ed147cd_f83baf57
Persistence,5,3,2023-04-23,2023-04-28,13.68,11.23,-2.4499999999999993,2.4499999999999993,6.002499999999997,0,0,0,6ed147cd585e5e8083292683f9be3cf585e97e4d46fa0e3224d24a4e2b42cbbb,f83baf5732ffbf88b9a448a3d9ab9fa270f7495fe44d1559c1ac49795a30881a,2bbf5eba419b0650693f1e88326107bf9a346c68,persistence_corrected_2bbf5eba419b_6ed147cd_f83baf57
Persistence,5,3,2023-04-24,2023-04-29,11.83,13.46,1.6300000000000008,1.6300000000000008,2.6569000000000025,0,0,0,6ed147cd585e5e8083292683f9be3cf585e97e4d46fa0e3224d24a4e2b42cbbb,f83baf5732ffbf88b9a448a3d9ab9fa270f7495fe44d1559c1ac49795a30881a,2bbf5eba419b0650693f1e88326107bf9a346c68,persistence_corrected_2bbf5eba419b_6ed147cd_f83baf57
Persistence,5,3,2023-04-25,2023-04-30,12.79,13.39,0.6000000000000014,0.6000000000000014,0.3600000000000017,0,0,0,6ed147cd585e5e8083292683f9be3cf585e97e4d46fa0e3224d24a4e2b42cbbb,f83baf5732ffbf88b9a448a3d9ab9fa270f7495fe44d1559c1ac49795a30881a,2bbf5eba419b0650693f1e88326107bf9a346c68,persistence_corrected_2bbf5eba419b_6ed147cd_f83baf57
Persistence,5,3,2023-04-26,2023-05-01,12.88,9.76,-3.120000000000001,3.120000000000001,9.734400000000006,0,0,0,6ed147cd585e5e8083292683f9be3cf585e97e4d46fa0e3224d24a4e2b42cbbb,f83baf5732ffbf88b9a448a3d9ab9fa270f7495fe44d1559c1ac49795a30881a,2bbf5eba419b0650693f1e88326107bf9a346c68,persistence_corrected_2bbf5eba419b_6ed147cd_f83baf57
Persistence,5,3,2023-04-27,2023-05-02,10.51,14.44,3.9299999999999997,3.9299999999999997,15.444899999999997,0,0,0,6ed147cd585e5e8083292683f9be3cf585e97e4d46fa0e3224d24a4e2b42cbbb,f83baf5732ffbf88b9a448a3d9ab9fa270f7495fe44d1559c1ac49795a30881a,2bbf5eba419b0650693f1e88326107bf9a346c68,persistence_corrected_2bbf5eba419b_6ed147cd_f83baf57
Persistence,5,3,2023-04-28,2023-05-03,16.52,13.68,-2.84,2.84,8.0656,1,1,0,6ed147cd585e5e8083292683f9be3cf585e97e4d46fa0e3224d24a4e2b42cbbb,f83baf5732ffbf88b9a448a3d9ab9fa270f7495fe44d1559c1ac49795a30881a,2bbf5eba419b0650693f1e88326107bf9a346c68,persistence_corrected_2bbf5eba419b_6ed147cd_f83baf57
Persistence,5,3,2023-04-29,2023-05-04,14.09,11.83,-2.26,2.26,5.107599999999999,0,0,0,6ed147cd585e5e8083292683f9be3cf585e97e4d46fa0e3224d24a4e2b42cbbb,f83baf5732ffbf88b9a448a3d9ab9fa270f7495fe44d1559c1ac49795a30881a,2bbf5eba419b0650693f1e88326107bf9a346c68,persistence_corrected_2bbf5eba419b_6ed147cd_f83baf57
Persistence,5,3,2023-04-30,2023-05-05,13.98,12.79,-1.1900000000000013,1.1900000000000013,1.416100000000003,0,0,0,6ed147cd585e5e8083292683f9be3cf585e97e4d46fa0e3224d24a4e2b42cbbb,f83baf5732ffbf88b9a448a3d9ab9fa270f7495fe44d1559c1ac49795a30881a,2bbf5eba419b0650693f1e88326107bf9a346c68,persistence_corrected_2bbf5eba419b_6ed147cd_f83baf57
Persistence,5,3,2023-05-01,2023-05-06,13.97,12.88,-1.0899999999999999,1.0899999999999999,1.1880999999999997,0,0,0,6ed147cd585e5e8083292683f9be3cf585e97e4d46fa0e3224d24a4e2b42cbbb,f83baf5732ffbf88b9a448a3d9ab9fa270f7495fe44d1559c1ac49795a30881a,2bbf5eba419b0650693f1e88326107bf9a346c68,persistence_corrected_2bbf5eba419b_6ed147cd_f83baf57
Persistence,5,3,2023-05-02,2023-05-07,14.0,10.51,-3.49,3.49,12.180100000000001,0,0,0,6ed147cd585e5e8083292683f9be3cf585e97e4d46fa0e3224d24a4e2b42cbbb,f83baf5732ffbf88b9a448a3d9ab9fa270f7495fe44d1559c1ac49795a30881a,2bbf5eba419b0650693f1e88326107bf9a346c68,persistence_corrected_2bbf5eba419b_6ed147cd_f83baf57
Persistence,5,3,2023-05-03,2023-05-08,13.94,16.52,2.58,2.58,6.6564000000000005,0,0,0,6ed147cd585e5e8083292683f9be3cf585e97e4d46fa0e3224d24a4e2b42cbbb,f83baf5732ffbf88b9a448a3d9ab9fa270f7495fe44d1559c1ac49795a30881a,2bbf5eba419b0650693f1e88326107bf9a346c68,persistence_corrected_2bbf5eba419b_6ed147cd_f83baf57
Persistence,5,3,2023-05-04,2023-05-09,14.02,14.09,0.07000000000000028,0.07000000000000028,0.00490000000000004,0,0,0,6ed147cd585e5e8083292683f9be3cf585e97e4d46fa0e3224d24a4e2b42cbbb,f83baf5732ffbf88b9a448a3d9ab9fa270f7495fe44d1559c1ac49795a30881a,2bbf5eba419b0650693f1e88326107bf9a346c68,persistence_corrected_2bbf5eba419b_6ed147cd_f83baf57
Persistence,5,3,2023-05-05,2023-05-10,14.88,13.98,-0.9000000000000004,0.9000000000000004,0.8100000000000006,0,0,0,6ed147cd585e5e8083292683f9be3cf585e97e4d46fa0e3224d24a4e2b42cbbb,f83baf5732ffbf88b9a448a3d9ab9fa270f7495fe44d1559c1ac49795a30881a,2bbf5eba419b0650693f1e88326107bf9a346c68,persistence_corrected_2bbf5eba419b_6ed147cd_f83baf57
Persistence,5,3,2023-05-06,2023-05-11,11.52,13.97,2.450000000000001,2.450000000000001,6.002500000000005,0,0,0,6ed147cd585e5e8083292683f9be3cf585e97e4d46fa0e3224d24a4e2b42cbbb,f83baf5732ffbf88b9a448a3d9ab9fa270f7495fe44d1559c1ac49795a30881a,2bbf5eba419b0650693f1e88326107bf9a346c68,persistence_corrected_2bbf5eba419b_6ed147cd_f83baf57
Persistence,5,3,2023-05-07,2023-05-12,13.0,14.0,1.0,1.0,1.0,0,0,0,6ed147cd585e5e8083292683f9be3cf585e97e4d46fa0e3224d24a4e2b42cbbb,f83baf5732ffbf88b9a448a3d9ab9fa270f7495fe44d1559c1ac49795a30881a,2bbf5eba419b0650693f1e88326107bf9a346c68,persistence_corrected_2bbf5eba419b_6ed147cd_f83baf57
Persistence,5,3,2023-05-08,2023-05-13,9.37,13.94,4.57,4.57,20.884900000000002,0,0,0,6ed147cd585e5e8083292683f9be3cf585e97e4d46fa0e3224d24a4e2b42cbbb,f83baf5732ffbf88b9a448a3d9ab9fa270f7495fe44d1559c1ac49795a30881a,2bbf5eba419b0650693f1e88326107bf9a346c68,persistence_corrected_2bbf5eba419b_6ed147cd_f83baf57
Persistence,5,3,2023-05-09,2023-05-14,12.59,14.02,1.4299999999999997,1.4299999999999997,2.0448999999999993,0,0,0,6ed147cd585e5e8083292683f9be3cf585e97e4d46fa0e3224d24a4e2b42cbbb,f83baf5732ffbf88b9a448a3d9ab9fa270f7495fe44d1559c1ac49795a30881a,2bbf5eba419b0650693f1e88326107bf9a346c68,persistence_corrected_2bbf5eba419b_6ed147cd_f83baf57
Persistence,5,3,2023-05-10,2023-05-15,12.67,14.88,2.210000000000001,2.210000000000001,4.884100000000004,0,0,0,6ed147cd585e5e8083292683f9be3cf585e97e4d46fa0e3224d24a4e2b42cbbb,f83baf5732ffbf88b9a448a3d9ab9fa270f7495fe44d1559c1ac49795a30881a,2bbf5eba419b0650693f1e88326107bf9a346c68,persistence_corrected_2bbf5eba419b_6ed147cd_f83baf57
Persistence,5,3,2023-05-11,2023-05-16,12.94,11.52,-1.42,1.42,2.0164,0,0,0,6ed147cd585e5e8083292683f9be3cf585e97e4d46fa0e3224d24a4e2b42cbbb,f83baf5732ffbf88b9a448a3d9ab9fa270f7495fe44d1559c1ac49795a30881a,2bbf5eba419b0650693f1e88326107bf9a346c68,persistence_corrected_2bbf5eba419b_6ed147cd_f83baf57
Persistence,5,3,2023-05-12,2023-05-17,11.93,13.0,1.0700000000000003,1.0700000000000003,1.1449000000000007,0,0,0,6ed147cd585e5e8083292683f9be3cf585e97e4d46fa0e3224d24a4e2b42cbbb,f83baf5732ffbf88b9a448a3d9ab9fa270f7495fe44d1559c1ac49795a30881a,2bbf5eba419b0650693f1e88326107bf9a346c68,persistence_corrected_2bbf5eba419b_6ed147cd_f83baf57
Persistence,5,3,2023-05-13,2023-05-18,12.83,9.37,-3.460000000000001,3.460000000000001,11.971600000000006,0,0,0,6ed147cd585e5e8083292683f9be3cf585e97e4d46fa0e3224d24a4e2b42cbbb,f83baf5732ffbf88b9a448a3d9ab9fa270f7495fe44d1559c1ac49795a30881a,2bbf5eba419b0650693f1e88326107bf9a346c68,persistence_corrected_2bbf5eba419b_6ed147cd_f83baf57
Persistence,5,3,2023-05-14,2023-05-19,14.46,12.59,-1.870000000000001,1.870000000000001,3.4969000000000037,0,0,0,6ed147cd585e5e8083292683f9be3cf585e97e4d46fa0e3224d24a4e2b42cbbb,f83baf5732ffbf88b9a448a3d9ab9fa270f7495fe44d1559c1ac49795a30881a,2bbf5eba419b0650693f1e88326107bf9a346c68,persistence_corrected_2bbf5eba419b_6ed147cd_f83baf57
Persistence,5,3,2023-05-15,2023-05-20,13.25,12.67,-0.5800000000000001,0.5800000000000001,0.3364000000000001,0,0,0,6ed147cd585e5e8083292683f9be3cf585e97e4d46fa0e3224d24a4e2b42cbbb,f83baf5732ffbf88b9a448a3d9ab9fa270f7495fe44d1559c1ac49795a30881a,2bbf5eba419b0650693f1e88326107bf9a346c68,persistence_corrected_2bbf5eba419b_6ed147cd_f83baf57
Persistence,5,3,2023-05-16,2023-05-21,12.85,12.94,0.08999999999999986,0.08999999999999986,0.008099999999999975,0,0,0,6ed147cd585e5e8083292683f9be3cf585e97e4d46fa0e3224d24a4e2b42cbbb,f83baf5732ffbf88b9a448a3d9ab9fa270f7495fe44d1559c1ac49795a30881a,2bbf5eba419b0650693f1e88326107bf9a346c68,persistence_corrected_2bbf5eba419b_6ed147cd_f83baf57
Persistence,5,3,2023-05-17,2023-05-22,14.51,11.93,-2.58,2.58,6.6564000000000005,0,0,0,6ed147cd585e5e8083292683f9be3cf585e97e4d46fa0e3224d24a4e2b42cbbb,f83baf5732ffbf88b9a448a3d9ab9fa270f7495fe44d1559c1ac49795a30881a,2bbf5eba419b0650693f1e88326107bf9a346c68,persistence_corrected_2bbf5eba419b_6ed147cd_f83baf57
Persistence,5,3,2023-05-18,2023-05-23,10.07,12.83,2.76,2.76,7.617599999999999,0,0,0,6ed147cd585e5e8083292683f9be3cf585e97e4d46fa0e3224d24a4e2b42cbbb,f83baf5732ffbf88b9a448a3d9ab9fa270f7495fe44d1559c1ac49795a30881a,2bbf5eba419b0650693f1e88326107bf9a346c68,persistence_corrected_2bbf5eba419b_6ed147cd_f83baf57
Persistence,5,3,2023-05-19,2023-05-24,12.91,14.46,1.5500000000000007,1.5500000000000007,2.402500000000002,0,0,0,6ed147cd585e5e8083292683f9be3cf585e97e4d46fa0e3224d24a4e2b42cbbb,f83baf5732ffbf88b9a448a3d9ab9fa270f7495fe44d1559c1ac49795a30881a,2bbf5eba419b0650693f1e88326107bf9a346c68,persistence_corrected_2bbf5eba419b_6ed147cd_f83baf57
Persistence,5,3,2023-05-20,2023-05-25,13.15,13.25,0.09999999999999964,0.09999999999999964,0.009999999999999929,0,0,0,6ed147cd585e5e8083292683f9be3cf585e97e4d46fa0e3224d24a4e2b42cbbb,f83baf5732ffbf88b9a448a3d9ab9fa270f7495fe44d1559c1ac49795a30881a,2bbf5eba419b0650693f1e88326107bf9a346c68,persistence_corrected_2bbf5eba419b_6ed147cd_f83baf57
Persistence,5,3,2023-05-21,2023-05-26,14.4,12.85,-1.5500000000000007,1.5500000000000007,2.402500000000002,0,0,0,6ed147cd585e5e8083292683f9be3cf585e97e4d46fa0e3224d24a4e2b42cbbb,f83baf5732ffbf88b9a448a3d9ab9fa270f7495fe44d1559c1ac49795a30881a,2bbf5eba419b0650693f1e88326107bf9a346c68,persistence_corrected_2bbf5eba419b_6ed147cd_f83baf57
Persistence,5,3,2023-05-22,2023-05-27,13.75,14.51,0.7599999999999998,0.7599999999999998,0.5775999999999997,0,0,0,6ed147cd585e5e8083292683f9be3cf585e97e4d46fa0e3224d24a4e2b42cbbb,f83baf5732ffbf88b9a448a3d9ab9fa270f7495fe44d1559c1ac49795a30881a,2bbf5eba419b0650693f1e88326107bf9a346c68,persistence_corrected_2bbf5eba419b_6ed147cd_f83baf57
Persistence,5,3,2023-05-23,2023-05-28,12.88,10.07,-2.8100000000000005,2.8100000000000005,7.896100000000003,0,0,0,6ed147cd585e5e8083292683f9be3cf585e97e4d46fa0e3224d24a4e2b42cbbb,f83baf5732ffbf88b9a448a3d9ab9fa270f7495fe44d1559c1ac49795a30881a,2bbf5eba419b0650693f1e88326107bf9a346c68,persistence_corrected_2bbf5eba419b_6ed147cd_f83baf57
Persistence,5,3,2023-05-24,2023-05-29,12.2,12.91,0.7100000000000009,0.7100000000000009,0.5041000000000012,0,0,0,6ed147cd585e5e8083292683f9be3cf585e97e4d46fa0e3224d24a4e2b42cbbb,f83baf5732ffbf88b9a448a3d9ab9fa270f7495fe44d1559c1ac49795a30881a,2bbf5eba419b0650693f1e88326107bf9a346c68,persistence_corrected_2bbf5eba419b_6ed147cd_f83baf57
Persistence,5,3,2023-05-25,2023-05-30,12.42,13.15,0.7300000000000004,0.7300000000000004,0.5329000000000006,0,0,0,6ed147cd585e5e8083292683f9be3cf585e97e4d46fa0e3224d24a4e2b42cbbb,f83baf5732ffbf88b9a448a3d9ab9fa270f7495fe44d1559c1ac49795a30881a,2bbf5eba419b0650693f1e88326107bf9a346c68,persistence_corrected_2bbf5eba419b_6ed147cd_f83baf57
Persistence,5,3,2023-05-26,2023-05-31,7.99,14.4,6.41,6.41,41.088100000000004,0,0,0,6ed147cd585e5e8083292683f9be3cf585e97e4d46fa0e3224d24a4e2b42cbbb,f83baf5732ffbf88b9a448a3d9ab9fa270f7495fe44d1559c1ac49795a30881a,2bbf5eba419b0650693f1e88326107bf9a346c68,persistence_corrected_2bbf5eba419b_6ed147cd_f83baf57
Persistence,5,3,2023-05-27,2023-06-01,10.55,13.75,3.1999999999999993,3.1999999999999993,10.239999999999995,0,0,0,6ed147cd585e5e8083292683f9be3cf585e97e4d46fa0e3224d24a4e2b42cbbb,f83baf5732ffbf88b9a448a3d9ab9fa270f7495fe44d1559c1ac49795a30881a,2bbf5eba419b0650693f1e88326107bf9a346c68,persistence_corrected_2bbf5eba419b_6ed147cd_f83baf57
Persistence,5,3,2023-05-28,2023-06-02,9.12,12.88,3.7600000000000016,3.7600000000000016,14.137600000000011,0,0,0,6ed147cd585e5e8083292683f9be3cf585e97e4d46fa0e3224d24a4e2b42cbbb,f83baf5732ffbf88b9a448a3d9ab9fa270f7495fe44d1559c1ac49795a30881a,2bbf5eba419b0650693f1e88326107bf9a346c68,persistence_corrected_2bbf5eba419b_6ed147cd_f83baf57
Persistence,5,3,2023-05-29,2023-06-03,9.19,12.2,3.01,3.01,9.060099999999998,0,0,0,6ed147cd585e5e8083292683f9be3cf585e97e4d46fa0e3224d24a4e2b42cbbb,f83baf5732ffbf88b9a448a3d9ab9fa270f7495fe44d1559c1ac49795a30881a,2bbf5eba419b0650693f1e88326107bf9a346c68,persistence_corrected_2bbf5eba419b_6ed147cd_f83baf57
Persistence,5,3,2023-05-30,2023-06-04,9.29,12.42,3.130000000000001,3.130000000000001,9.796900000000004,0,0,0,6ed147cd585e5e8083292683f9be3cf585e97e4d46fa0e3224d24a4e2b42cbbb,f83baf5732ffbf88b9a448a3d9ab9fa270f7495fe44d1559c1ac49795a30881a,2bbf5eba419b0650693f1e88326107bf9a346c68,persistence_corrected_2bbf5eba419b_6ed147cd_f83baf57
Persistence,5,3,2023-05-31,2023-06-05,10.0,7.99,-2.01,2.01,4.040099999999999,0,0,0,6ed147cd585e5e8083292683f9be3cf585e97e4d46fa0e3224d24a4e2b42cbbb,f83baf5732ffbf88b9a448a3d9ab9fa270f7495fe44d1559c1ac49795a30881a,2bbf5eba419b0650693f1e88326107bf9a346c68,persistence_corrected_2bbf5eba419b_6ed147cd_f83baf57
Persistence,5,3,2023-06-01,2023-06-06,13.26,10.55,-2.709999999999999,2.709999999999999,7.344099999999995,0,0,0,6ed147cd585e5e8083292683f9be3cf585e97e4d46fa0e3224d24a4e2b42cbbb,f83baf5732ffbf88b9a448a3d9ab9fa270f7495fe44d1559c1ac49795a30881a,2bbf5eba419b0650693f1e88326107bf9a346c68,persistence_corrected_2bbf5eba419b_6ed147cd_f83baf57
Persistence,5,3,2023-06-02,2023-06-07,12.56,9.12,-3.4400000000000013,3.4400000000000013,11.83360000000001,0,0,0,6ed147cd585e5e8083292683f9be3cf585e97e4d46fa0e3224d24a4e2b42cbbb,f83baf5732ffbf88b9a448a3d9ab9fa270f7495fe44d1559c1ac49795a30881a,2bbf5eba419b0650693f1e88326107bf9a346c68,persistence_corrected_2bbf5eba419b_6ed147cd_f83baf57
Persistence,5,3,2023-06-03,2023-06-08,13.64,9.19,-4.450000000000001,4.450000000000001,19.80250000000001,0,0,0,6ed147cd585e5e8083292683f9be3cf585e97e4d46fa0e3224d24a4e2b42cbbb,f83baf5732ffbf88b9a448a3d9ab9fa270f7495fe44d1559c1ac49795a30881a,2bbf5eba419b0650693f1e88326107bf9a346c68,persistence_corrected_2bbf5eba419b_6ed147cd_f83baf57
Persistence,5,3,2023-06-04,2023-06-09,15.85,9.29,-6.5600000000000005,6.5600000000000005,43.03360000000001,1,0,0,6ed147cd585e5e8083292683f9be3cf585e97e4d46fa0e3224d24a4e2b42cbbb,f83baf5732ffbf88b9a448a3d9ab9fa270f7495fe44d1559c1ac49795a30881a,2bbf5eba419b0650693f1e88326107bf9a346c68,persistence_corrected_2bbf5eba419b_6ed147cd_f83baf57
Persistence,5,3,2023-06-05,2023-06-10,11.12,10.0,-1.1199999999999992,1.1199999999999992,1.2543999999999982,0,0,0,6ed147cd585e5e8083292683f9be3cf585e97e4d46fa0e3224d24a4e2b42cbbb,f83baf5732ffbf88b9a448a3d9ab9fa270f7495fe44d1559c1ac49795a30881a,2bbf5eba419b0650693f1e88326107bf9a346c68,persistence_corrected_2bbf5eba419b_6ed147cd_f83baf57
Persistence,5,3,2023-06-06,2023-06-11,10.4,13.26,2.8599999999999994,2.8599999999999994,8.179599999999997,0,0,0,6ed147cd585e5e8083292683f9be3cf585e97e4d46fa0e3224d24a4e2b42cbbb,f83baf5732ffbf88b9a448a3d9ab9fa270f7495fe44d1559c1ac49795a30881a,2bbf5eba419b0650693f1e88326107bf9a346c68,persistence_corrected_2bbf5eba419b_6ed147cd_f83baf57
Persistence,5,3,2023-06-07,2023-06-12,11.4,12.56,1.1600000000000001,1.1600000000000001,1.3456000000000004,0,0,0,6ed147cd585e5e8083292683f9be3cf585e97e4d46fa0e3224d24a4e2b42cbbb,f83baf5732ffbf88b9a448a3d9ab9fa270f7495fe44d1559c1ac49795a30881a,2bbf5eba419b0650693f1e88326107bf9a346c68,persistence_corrected_2bbf5eba419b_6ed147cd_f83baf57
Persistence,5,3,2023-06-08,2023-06-13,13.16,13.64,0.4800000000000004,0.4800000000000004,0.2304000000000004,0,0,0,6ed147cd585e5e8083292683f9be3cf585e97e4d46fa0e3224d24a4e2b42cbbb,f83baf5732ffbf88b9a448a3d9ab9fa270f7495fe44d1559c1ac49795a30881a,2bbf5eba419b0650693f1e88326107bf9a346c68,persistence_corrected_2bbf5eba419b_6ed147cd_f83baf57
Persistence,5,3,2023-06-09,2023-06-14,16.86,15.85,-1.0099999999999998,1.0099999999999998,1.0200999999999996,1,1,0,6ed147cd585e5e8083292683f9be3cf585e97e4d46fa0e3224d24a4e2b42cbbb,f83baf5732ffbf88b9a448a3d9ab9fa270f7495fe44d1559c1ac49795a30881a,2bbf5eba419b0650693f1e88326107bf9a346c68,persistence_corrected_2bbf5eba419b_6ed147cd_f83baf57
Persistence,5,3,2023-06-10,2023-06-15,10.78,11.12,0.33999999999999986,0.33999999999999986,0.1155999999999999,0,0,0,6ed147cd585e5e8083292683f9be3cf585e97e4d46fa0e3224d24a4e2b42cbbb,f83baf5732ffbf88b9a448a3d9ab9fa270f7495fe44d1559c1ac49795a30881a,2bbf5eba419b0650693f1e88326107bf9a346c68,persistence_corrected_2bbf5eba419b_6ed147cd_f83baf57
Persistence,5,3,2023-06-11,2023-06-16,14.09,10.4,-3.6899999999999995,3.6899999999999995,13.616099999999996,0,0,0,6ed147cd585e5e8083292683f9be3cf585e97e4d46fa0e3224d24a4e2b42cbbb,f83baf5732ffbf88b9a448a3d9ab9fa270f7495fe44d1559c1ac49795a30881a,2bbf5eba419b0650693f1e88326107bf9a346c68,persistence_corrected_2bbf5eba419b_6ed147cd_f83baf57
Persistence,5,3,2023-06-12,2023-06-17,11.4,11.4,0.0,0.0,0.0,0,0,0,6ed147cd585e5e8083292683f9be3cf585e97e4d46fa0e3224d24a4e2b42cbbb,f83baf5732ffbf88b9a448a3d9ab9fa270f7495fe44d1559c1ac49795a30881a,2bbf5eba419b0650693f1e88326107bf9a346c68,persistence_corrected_2bbf5eba419b_6ed147cd_f83baf57
Persistence,5,3,2023-06-13,2023-06-18,10.92,13.16,2.24,2.24,5.017600000000001,0,0,0,6ed147cd585e5e8083292683f9be3cf585e97e4d46fa0e3224d24a4e2b42cbbb,f83baf5732ffbf88b9a448a3d9ab9fa270f7495fe44d1559c1ac49795a30881a,2bbf5eba419b0650693f1e88326107bf9a346c68,persistence_corrected_2bbf5eba419b_6ed147cd_f83baf57
Persistence,5,3,2023-06-14,2023-06-19,14.32,16.86,2.539999999999999,2.539999999999999,6.451599999999996,0,0,0,6ed147cd585e5e8083292683f9be3cf585e97e4d46fa0e3224d24a4e2b42cbbb,f83baf5732ffbf88b9a448a3d9ab9fa270f7495fe44d1559c1ac49795a30881a,2bbf5eba419b0650693f1e88326107bf9a346c68,persistence_corrected_2bbf5eba419b_6ed147cd_f83baf57
Persistence,5,3,2023-06-15,2023-06-20,13.18,10.78,-2.4000000000000004,2.4000000000000004,5.760000000000002,0,0,0,6ed147cd585e5e8083292683f9be3cf585e97e4d46fa0e3224d24a4e2b42cbbb,f83baf5732ffbf88b9a448a3d9ab9fa270f7495fe44d1559c1ac49795a30881a,2bbf5eba419b0650693f1e88326107bf9a346c68,persistence_corrected_2bbf5eba419b_6ed147cd_f83baf57
Persistence,5,3,2023-06-16,2023-06-21,17.48,14.09,-3.3900000000000006,3.3900000000000006,11.492100000000004,1,1,1,6ed147cd585e5e8083292683f9be3cf585e97e4d46fa0e3224d24a4e2b42cbbb,f83baf5732ffbf88b9a448a3d9ab9fa270f7495fe44d1559c1ac49795a30881a,2bbf5eba419b0650693f1e88326107bf9a346c68,persistence_corrected_2bbf5eba419b_6ed147cd_f83baf57
Persistence,5,3,2023-06-17,2023-06-22,11.56,11.4,-0.16000000000000014,0.16000000000000014,0.025600000000000046,0,0,0,6ed147cd585e5e8083292683f9be3cf585e97e4d46fa0e3224d24a4e2b42cbbb,f83baf5732ffbf88b9a448a3d9ab9fa270f7495fe44d1559c1ac49795a30881a,2bbf5eba419b0650693f1e88326107bf9a346c68,persistence_corrected_2bbf5eba419b_6ed147cd_f83baf57
Persistence,5,3,2023-06-18,2023-06-23,16.33,10.92,-5.409999999999998,5.409999999999998,29.268099999999983,1,1,0,6ed147cd585e5e8083292683f9be3cf585e97e4d46fa0e3224d24a4e2b42cbbb,f83baf5732ffbf88b9a448a3d9ab9fa270f7495fe44d1559c1ac49795a30881a,2bbf5eba419b0650693f1e88326107bf9a346c68,persistence_corrected_2bbf5eba419b_6ed147cd_f83baf57
Persistence,5,3,2023-06-19,2023-06-24,11.51,14.32,2.8100000000000005,2.8100000000000005,7.896100000000003,0,0,0,6ed147cd585e5e8083292683f9be3cf585e97e4d46fa0e3224d24a4e2b42cbbb,f83baf5732ffbf88b9a448a3d9ab9fa270f7495fe44d1559c1ac49795a30881a,2bbf5eba419b0650693f1e88326107bf9a346c68,persistence_corrected_2bbf5eba419b_6ed147cd_f83baf57
Persistence,5,3,2023-06-20,2023-06-25,12.68,13.18,0.5,0.5,0.25,0,0,0,6ed147cd585e5e8083292683f9be3cf585e97e4d46fa0e3224d24a4e2b42cbbb,f83baf5732ffbf88b9a448a3d9ab9fa270f7495fe44d1559c1ac49795a30881a,2bbf5eba419b0650693f1e88326107bf9a346c68,persistence_corrected_2bbf5eba419b_6ed147cd_f83baf57
Persistence,5,3,2023-06-21,2023-06-26,12.26,17.48,5.220000000000001,5.220000000000001,27.248400000000007,0,0,0,6ed147cd585e5e8083292683f9be3cf585e97e4d46fa0e3224d24a4e2b42cbbb,f83baf5732ffbf88b9a448a3d9ab9fa270f7495fe44d1559c1ac49795a30881a,2bbf5eba419b0650693f1e88326107bf9a346c68,persistence_corrected_2bbf5eba419b_6ed147cd_f83baf57
Persistence,5,3,2023-06-22,2023-06-27,11.74,11.56,-0.17999999999999972,0.17999999999999972,0.0323999999999999,0,0,0,6ed147cd585e5e8083292683f9be3cf585e97e4d46fa0e3224d24a4e2b42cbbb,f83baf5732ffbf88b9a448a3d9ab9fa270f7495fe44d1559c1ac49795a30881a,2bbf5eba419b0650693f1e88326107bf9a346c68,persistence_corrected_2bbf5eba419b_6ed147cd_f83baf57
Persistence,5,3,2023-06-23,2023-06-28,8.82,16.33,7.509999999999998,7.509999999999998,56.40009999999997,0,0,0,6ed147cd585e5e8083292683f9be3cf585e97e4d46fa0e3224d24a4e2b42cbbb,f83baf5732ffbf88b9a448a3d9ab9fa270f7495fe44d1559c1ac49795a30881a,2bbf5eba419b0650693f1e88326107bf9a346c68,persistence_corrected_2bbf5eba419b_6ed147cd_f83baf57
Persistence,5,3,2023-06-24,2023-06-29,10.62,11.51,0.8900000000000006,0.8900000000000006,0.792100000000001,0,0,0,6ed147cd585e5e8083292683f9be3cf585e97e4d46fa0e3224d24a4e2b42cbbb,f83baf5732ffbf88b9a448a3d9ab9fa270f7495fe44d1559c1ac49795a30881a,2bbf5eba419b0650693f1e88326107bf9a346c68,persistence_corrected_2bbf5eba419b_6ed147cd_f83baf57
Persistence,5,3,2023-06-25,2023-06-30,9.68,12.68,3.0,3.0,9.0,0,0,0,6ed147cd585e5e8083292683f9be3cf585e97e4d46fa0e3224d24a4e2b42cbbb,f83baf5732ffbf88b9a448a3d9ab9fa270f7495fe44d1559c1ac49795a30881a,2bbf5eba419b0650693f1e88326107bf9a346c68,persistence_corrected_2bbf5eba419b_6ed147cd_f83baf57
Persistence,5,3,2023-06-26,2023-07-01,10.07,12.26,2.1899999999999995,2.1899999999999995,4.796099999999998,0,0,0,6ed147cd585e5e8083292683f9be3cf585e97e4d46fa0e3224d24a4e2b42cbbb,f83baf5732ffbf88b9a448a3d9ab9fa270f7495fe44d1559c1ac49795a30881a,2bbf5eba419b0650693f1e88326107bf9a346c68,persistence_corrected_2bbf5eba419b_6ed147cd_f83baf57
Persistence,5,3,2023-06-27,2023-07-02,9.04,11.74,2.700000000000001,2.700000000000001,7.290000000000005,0,0,0,6ed147cd585e5e8083292683f9be3cf585e97e4d46fa0e3224d24a4e2b42cbbb,f83baf5732ffbf88b9a448a3d9ab9fa270f7495fe44d1559c1ac49795a30881a,2bbf5eba419b0650693f1e88326107bf9a346c68,persistence_corrected_2bbf5eba419b_6ed147cd_f83baf57
Persistence,5,3,2023-06-28,2023-07-03,11.09,8.82,-2.2699999999999996,2.2699999999999996,5.152899999999998,0,0,0,6ed147cd585e5e8083292683f9be3cf585e97e4d46fa0e3224d24a4e2b42cbbb,f83baf5732ffbf88b9a448a3d9ab9fa270f7495fe44d1559c1ac49795a30881a,2bbf5eba419b0650693f1e88326107bf9a346c68,persistence_corrected_2bbf5eba419b_6ed147cd_f83baf57
Persistence,5,3,2023-06-29,2023-07-04,11.9,10.62,-1.2800000000000011,1.2800000000000011,1.638400000000003,0,0,0,6ed147cd585e5e8083292683f9be3cf585e97e4d46fa0e3224d24a4e2b42cbbb,f83baf5732ffbf88b9a448a3d9ab9fa270f7495fe44d1559c1ac49795a30881a,2bbf5eba419b0650693f1e88326107bf9a346c68,persistence_corrected_2bbf5eba419b_6ed147cd_f83baf57
Persistence,5,3,2023-06-30,2023-07-05,13.57,9.68,-3.8900000000000006,3.8900000000000006,15.132100000000005,0,0,0,6ed147cd585e5e8083292683f9be3cf585e97e4d46fa0e3224d24a4e2b42cbbb,f83baf5732ffbf88b9a448a3d9ab9fa270f7495fe44d1559c1ac49795a30881a,2bbf5eba419b0650693f1e88326107bf9a346c68,persistence_corrected_2bbf5eba419b_6ed147cd_f83baf57
Persistence,5,3,2023-07-01,2023-07-06,11.6,10.07,-1.5299999999999994,1.5299999999999994,2.340899999999998,0,0,0,6ed147cd585e5e8083292683f9be3cf585e97e4d46fa0e3224d24a4e2b42cbbb,f83baf5732ffbf88b9a448a3d9ab9fa270f7495fe44d1559c1ac49795a30881a,2bbf5eba419b0650693f1e88326107bf9a346c68,persistence_corrected_2bbf5eba419b_6ed147cd_f83baf57
Persistence,5,3,2023-07-02,2023-07-07,13.75,9.04,-4.710000000000001,4.710000000000001,22.184100000000008,0,0,0,6ed147cd585e5e8083292683f9be3cf585e97e4d46fa0e3224d24a4e2b42cbbb,f83baf5732ffbf88b9a448a3d9ab9fa270f7495fe44d1559c1ac49795a30881a,2bbf5eba419b0650693f1e88326107bf9a346c68,persistence_corrected_2bbf5eba419b_6ed147cd_f83baf57
Persistence,5,3,2023-07-03,2023-07-08,11.11,11.09,-0.019999999999999574,0.019999999999999574,0.00039999999999998294,0,0,0,6ed147cd585e5e8083292683f9be3cf585e97e4d46fa0e3224d24a4e2b42cbbb,f83baf5732ffbf88b9a448a3d9ab9fa270f7495fe44d1559c1ac49795a30881a,2bbf5eba419b0650693f1e88326107bf9a346c68,persistence_corrected_2bbf5eba419b_6ed147cd_f83baf57
Persistence,5,3,2023-07-04,2023-07-09,10.33,11.9,1.5700000000000003,1.5700000000000003,2.464900000000001,0,0,0,6ed147cd585e5e8083292683f9be3cf585e97e4d46fa0e3224d24a4e2b42cbbb,f83baf5732ffbf88b9a448a3d9ab9fa270f7495fe44d1559c1ac49795a30881a,2bbf5eba419b0650693f1e88326107bf9a346c68,persistence_corrected_2bbf5eba419b_6ed147cd_f83baf57
Persistence,5,3,2023-07-05,2023-07-10,11.28,13.57,2.290000000000001,2.290000000000001,5.244100000000004,0,0,0,6ed147cd585e5e8083292683f9be3cf585e97e4d46fa0e3224d24a4e2b42cbbb,f83baf5732ffbf88b9a448a3d9ab9fa270f7495fe44d1559c1ac49795a30881a,2bbf5eba419b0650693f1e88326107bf9a346c68,persistence_corrected_2bbf5eba419b_6ed147cd_f83baf57
Persistence,5,3,2023-07-06,2023-07-11,11.04,11.6,0.5600000000000005,0.5600000000000005,0.31360000000000054,0,0,0,6ed147cd585e5e8083292683f9be3cf585e97e4d46fa0e3224d24a4e2b42cbbb,f83baf5732ffbf88b9a448a3d9ab9fa270f7495fe44d1559c1ac49795a30881a,2bbf5eba419b0650693f1e88326107bf9a346c68,persistence_corrected_2bbf5eba419b_6ed147cd_f83baf57
Persistence,5,3,2023-07-07,2023-07-12,13.0,13.75,0.75,0.75,0.5625,0,0,0,6ed147cd585e5e8083292683f9be3cf585e97e4d46fa0e3224d24a4e2b42cbbb,f83baf5732ffbf88b9a448a3d9ab9fa270f7495fe44d1559c1ac49795a30881a,2bbf5eba419b0650693f1e88326107bf9a346c68,persistence_corrected_2bbf5eba419b_6ed147cd_f83baf57
Persistence,5,3,2023-07-08,2023-07-13,12.89,11.11,-1.7800000000000011,1.7800000000000011,3.168400000000004,0,0,0,6ed147cd585e5e8083292683f9be3cf585e97e4d46fa0e3224d24a4e2b42cbbb,f83baf5732ffbf88b9a448a3d9ab9fa270f7495fe44d1559c1ac49795a30881a,2bbf5eba419b0650693f1e88326107bf9a346c68,persistence_corrected_2bbf5eba419b_6ed147cd_f83baf57
Persistence,5,3,2023-07-09,2023-07-14,14.05,10.33,-3.7200000000000006,3.7200000000000006,13.838400000000005,0,0,0,6ed147cd585e5e8083292683f9be3cf585e97e4d46fa0e3224d24a4e2b42cbbb,f83baf5732ffbf88b9a448a3d9ab9fa270f7495fe44d1559c1ac49795a30881a,2bbf5eba419b0650693f1e88326107bf9a346c68,persistence_corrected_2bbf5eba419b_6ed147cd_f83baf57
Persistence,5,3,2023-07-10,2023-07-15,11.64,11.28,-0.3600000000000012,0.3600000000000012,0.12960000000000088,0,0,0,6ed147cd585e5e8083292683f9be3cf585e97e4d46fa0e3224d24a4e2b42cbbb,f83baf5732ffbf88b9a448a3d9ab9fa270f7495fe44d1559c1ac49795a30881a,2bbf5eba419b0650693f1e88326107bf9a346c68,persistence_corrected_2bbf5eba419b_6ed147cd_f83baf57
Persistence,5,3,2023-07-11,2023-07-16,14.52,11.04,-3.4800000000000004,3.4800000000000004,12.110400000000004,0,0,0,6ed147cd585e5e8083292683f9be3cf585e97e4d46fa0e3224d24a4e2b42cbbb,f83baf5732ffbf88b9a448a3d9ab9fa270f7495fe44d1559c1ac49795a30881a,2bbf5eba419b0650693f1e88326107bf9a346c68,persistence_corrected_2bbf5eba419b_6ed147cd_f83baf57
Persistence,5,3,2023-07-12,2023-07-17,12.22,13.0,0.7799999999999994,0.7799999999999994,0.608399999999999,0,0,0,6ed147cd585e5e8083292683f9be3cf585e97e4d46fa0e3224d24a4e2b42cbbb,f83baf5732ffbf88b9a448a3d9ab9fa270f7495fe44d1559c1ac49795a30881a,2bbf5eba419b0650693f1e88326107bf9a346c68,persistence_corrected_2bbf5eba419b_6ed147cd_f83baf57
Persistence,5,3,2023-07-13,2023-07-18,11.69,12.89,1.200000000000001,1.200000000000001,1.4400000000000026,0,0,0,6ed147cd585e5e8083292683f9be3cf585e97e4d46fa0e3224d24a4e2b42cbbb,f83baf5732ffbf88b9a448a3d9ab9fa270f7495fe44d1559c1ac49795a30881a,2bbf5eba419b0650693f1e88326107bf9a346c68,persistence_corrected_2bbf5eba419b_6ed147cd_f83baf57
Persistence,5,3,2023-07-14,2023-07-19,12.58,14.05,1.4700000000000006,1.4700000000000006,2.160900000000002,0,0,0,6ed147cd585e5e8083292683f9be3cf585e97e4d46fa0e3224d24a4e2b42cbbb,f83baf5732ffbf88b9a448a3d9ab9fa270f7495fe44d1559c1ac49795a30881a,2bbf5eba419b0650693f1e88326107bf9a346c68,persistence_corrected_2bbf5eba419b_6ed147cd_f83baf57
Persistence,5,3,2023-07-15,2023-07-20,11.8,11.64,-0.16000000000000014,0.16000000000000014,0.025600000000000046,0,0,0,6ed147cd585e5e8083292683f9be3cf585e97e4d46fa0e3224d24a4e2b42cbbb,f83baf5732ffbf88b9a448a3d9ab9fa270f7495fe44d1559c1ac49795a30881a,2bbf5eba419b0650693f1e88326107bf9a346c68,persistence_corrected_2bbf5eba419b_6ed147cd_f83baf57
Persistence,5,3,2023-07-16,2023-07-21,13.08,14.52,1.4399999999999995,1.4399999999999995,2.0735999999999986,0,0,0,6ed147cd585e5e8083292683f9be3cf585e97e4d46fa0e3224d24a4e2b42cbbb,f83baf5732ffbf88b9a448a3d9ab9fa270f7495fe44d1559c1ac49795a30881a,2bbf5eba419b0650693f1e88326107bf9a346c68,persistence_corrected_2bbf5eba419b_6ed147cd_f83baf57
Persistence,5,3,2023-07-17,2023-07-22,11.95,12.22,0.27000000000000135,0.27000000000000135,0.07290000000000073,0,0,0,6ed147cd585e5e8083292683f9be3cf585e97e4d46fa0e3224d24a4e2b42cbbb,f83baf5732ffbf88b9a448a3d9ab9fa270f7495fe44d1559c1ac49795a30881a,2bbf5eba419b0650693f1e88326107bf9a346c68,persistence_corrected_2bbf5eba419b_6ed147cd_f83baf57
Persistence,5,3,2023-07-18,2023-07-23,12.14,11.69,-0.45000000000000107,0.45000000000000107,0.20250000000000096,0,0,0,6ed147cd585e5e8083292683f9be3cf585e97e4d46fa0e3224d24a4e2b42cbbb,f83baf5732ffbf88b9a448a3d9ab9fa270f7495fe44d1559c1ac49795a30881a,2bbf5eba419b0650693f1e88326107bf9a346c68,persistence_corrected_2bbf5eba419b_6ed147cd_f83baf57
Persistence,5,3,2023-07-19,2023-07-24,12.48,12.58,0.09999999999999964,0.09999999999999964,0.009999999999999929,0,0,0,6ed147cd585e5e8083292683f9be3cf585e97e4d46fa0e3224d24a4e2b42cbbb,f83baf5732ffbf88b9a448a3d9ab9fa270f7495fe44d1559c1ac49795a30881a,2bbf5eba419b0650693f1e88326107bf9a346c68,persistence_corrected_2bbf5eba419b_6ed147cd_f83baf57
Persistence,5,3,2023-07-20,2023-07-25,12.38444827,11.8,-0.5844482699999993,0.5844482699999993,0.3415797803059921,0,0,0,6ed147cd585e5e8083292683f9be3cf585e97e4d46fa0e3224d24a4e2b42cbbb,f83baf5732ffbf88b9a448a3d9ab9fa270f7495fe44d1559c1ac49795a30881a,2bbf5eba419b0650693f1e88326107bf9a346c68,persistence_corrected_2bbf5eba419b_6ed147cd_f83baf57
Persistence,5,3,2023-07-21,2023-07-26,12.41967703,13.08,0.6603229699999993,0.6603229699999993,0.43602642470961994,0,0,0,6ed147cd585e5e8083292683f9be3cf585e97e4d46fa0e3224d24a4e2b42cbbb,f83baf5732ffbf88b9a448a3d9ab9fa270f7495fe44d1559c1ac49795a30881a,2bbf5eba419b0650693f1e88326107bf9a346c68,persistence_corrected_2bbf5eba419b_6ed147cd_f83baf57
Persistence,5,3,2023-07-22,2023-07-27,12.43934362,11.95,-0.4893436200000014,0.4893436200000014,0.2394571784347058,0,0,0,6ed147cd585e5e8083292683f9be3cf585e97e4d46fa0e3224d24a4e2b42cbbb,f83baf5732ffbf88b9a448a3d9ab9fa270f7495fe44d1559c1ac49795a30881a,2bbf5eba419b0650693f1e88326107bf9a346c68,persistence_corrected_2bbf5eba419b_6ed147cd_f83baf57
Persistence,5,3,2023-07-23,2023-07-28,12.31367128,12.14,-0.17367127999999887,0.17367127999999887,0.030161713496838008,0,0,0,6ed147cd585e5e8083292683f9be3cf585e97e4d46fa0e3224d24a4e2b42cbbb,f83baf5732ffbf88b9a448a3d9ab9fa270f7495fe44d1559c1ac49795a30881a,2bbf5eba419b0650693f1e88326107bf9a346c68,persistence_corrected_2bbf5eba419b_6ed147cd_f83baf57
Persistence,5,3,2023-07-24,2023-07-29,12.47,12.48,0.009999999999999787,0.009999999999999787,9.999999999999574e-05,0,0,0,6ed147cd585e5e8083292683f9be3cf585e97e4d46fa0e3224d24a4e2b42cbbb,f83baf5732ffbf88b9a448a3d9ab9fa270f7495fe44d1559c1ac49795a30881a,2bbf5eba419b0650693f1e88326107bf9a346c68,persistence_corrected_2bbf5eba419b_6ed147cd_f83baf57
Persistence,5,3,2023-07-25,2023-07-30,12.85,12.38444827,-0.4655517299999996,0.4655517299999996,0.21673841330599253,0,0,0,6ed147cd585e5e8083292683f9be3cf585e97e4d46fa0e3224d24a4e2b42cbbb,f83baf5732ffbf88b9a448a3d9ab9fa270f7495fe44d1559c1ac49795a30881a,2bbf5eba419b0650693f1e88326107bf9a346c68,persistence_corrected_2bbf5eba419b_6ed147cd_f83baf57
Persistence,5,3,2023-07-26,2023-07-31,12.04,12.41967703,0.37967703000000164,0.37967703000000164,0.14415464710962214,0,0,0,6ed147cd585e5e8083292683f9be3cf585e97e4d46fa0e3224d24a4e2b42cbbb,f83baf5732ffbf88b9a448a3d9ab9fa270f7495fe44d1559c1ac49795a30881a,2bbf5eba419b0650693f1e88326107bf9a346c68,persistence_corrected_2bbf5eba419b_6ed147cd_f83baf57
Persistence,5,3,2023-07-27,2023-08-01,12.85,12.43934362,-0.41065637999999893,0.41065637999999893,0.16863866243470352,0,0,0,6ed147cd585e5e8083292683f9be3cf585e97e4d46fa0e3224d24a4e2b42cbbb,f83baf5732ffbf88b9a448a3d9ab9fa270f7495fe44d1559c1ac49795a30881a,2bbf5eba419b0650693f1e88326107bf9a346c68,persistence_corrected_2bbf5eba419b_6ed147cd_f83baf57
Persistence,5,3,2023-07-28,2023-08-02,16.85,12.31367128,-4.536328720000002,4.536328720000002,20.578278255896855,1,1,0,6ed147cd585e5e8083292683f9be3cf585e97e4d46fa0e3224d24a4e2b42cbbb,f83baf5732ffbf88b9a448a3d9ab9fa270f7495fe44d1559c1ac49795a30881a,2bbf5eba419b0650693f1e88326107bf9a346c68,persistence_corrected_2bbf5eba419b_6ed147cd_f83baf57
Persistence,5,3,2023-07-29,2023-08-03,16.13,12.47,-3.6599999999999984,3.6599999999999984,13.395599999999988,1,1,0,6ed147cd585e5e8083292683f9be3cf585e97e4d46fa0e3224d24a4e2b42cbbb,f83baf5732ffbf88b9a448a3d9ab9fa270f7495fe44d1559c1ac49795a30881a,2bbf5eba419b0650693f1e88326107bf9a346c68,persistence_corrected_2bbf5eba419b_6ed147cd_f83baf57
Persistence,5,3,2023-07-30,2023-08-04,14.14,12.85,-1.290000000000001,1.290000000000001,1.6641000000000024,0,0,0,6ed147cd585e5e8083292683f9be3cf585e97e4d46fa0e3224d24a4e2b42cbbb,f83baf5732ffbf88b9a448a3d9ab9fa270f7495fe44d1559c1ac49795a30881a,2bbf5eba419b0650693f1e88326107bf9a346c68,persistence_corrected_2bbf5eba419b_6ed147cd_f83baf57
Persistence,5,3,2023-07-31,2023-08-05,15.94,12.04,-3.9000000000000004,3.9000000000000004,15.210000000000003,1,0,0,6ed147cd585e5e8083292683f9be3cf585e97e4d46fa0e3224d24a4e2b42cbbb,f83baf5732ffbf88b9a448a3d9ab9fa270f7495fe44d1559c1ac49795a30881a,2bbf5eba419b0650693f1e88326107bf9a346c68,persistence_corrected_2bbf5eba419b_6ed147cd_f83baf57
Persistence,5,3,2023-08-01,2023-08-06,15.74,12.85,-2.8900000000000006,2.8900000000000006,8.352100000000004,1,0,0,6ed147cd585e5e8083292683f9be3cf585e97e4d46fa0e3224d24a4e2b42cbbb,f83baf5732ffbf88b9a448a3d9ab9fa270f7495fe44d1559c1ac49795a30881a,2bbf5eba419b0650693f1e88326107bf9a346c68,persistence_corrected_2bbf5eba419b_6ed147cd_f83baf57
Persistence,5,3,2023-08-02,2023-08-07,15.48,16.85,1.370000000000001,1.370000000000001,1.8769000000000027,1,0,0,6ed147cd585e5e8083292683f9be3cf585e97e4d46fa0e3224d24a4e2b42cbbb,f83baf5732ffbf88b9a448a3d9ab9fa270f7495fe44d1559c1ac49795a30881a,2bbf5eba419b0650693f1e88326107bf9a346c68,persistence_corrected_2bbf5eba419b_6ed147cd_f83baf57
Persistence,5,3,2023-08-03,2023-08-08,14.32,16.13,1.8099999999999987,1.8099999999999987,3.2760999999999956,0,0,0,6ed147cd585e5e8083292683f9be3cf585e97e4d46fa0e3224d24a4e2b42cbbb,f83baf5732ffbf88b9a448a3d9ab9fa270f7495fe44d1559c1ac49795a30881a,2bbf5eba419b0650693f1e88326107bf9a346c68,persistence_corrected_2bbf5eba419b_6ed147cd_f83baf57
Persistence,5,3,2023-08-04,2023-08-09,15.96,14.14,-1.8200000000000003,1.8200000000000003,3.312400000000001,1,0,0,6ed147cd585e5e8083292683f9be3cf585e97e4d46fa0e3224d24a4e2b42cbbb,f83baf5732ffbf88b9a448a3d9ab9fa270f7495fe44d1559c1ac49795a30881a,2bbf5eba419b0650693f1e88326107bf9a346c68,persistence_corrected_2bbf5eba419b_6ed147cd_f83baf57
Persistence,5,3,2023-08-05,2023-08-10,10.21,15.94,5.729999999999999,5.729999999999999,32.83289999999999,0,0,0,6ed147cd585e5e8083292683f9be3cf585e97e4d46fa0e3224d24a4e2b42cbbb,f83baf5732ffbf88b9a448a3d9ab9fa270f7495fe44d1559c1ac49795a30881a,2bbf5eba419b0650693f1e88326107bf9a346c68,persistence_corrected_2bbf5eba419b_6ed147cd_f83baf57
Persistence,5,3,2023-08-06,2023-08-11,9.23,15.74,6.51,6.51,42.3801,0,0,0,6ed147cd585e5e8083292683f9be3cf585e97e4d46fa0e3224d24a4e2b42cbbb,f83baf5732ffbf88b9a448a3d9ab9fa270f7495fe44d1559c1ac49795a30881a,2bbf5eba419b0650693f1e88326107bf9a346c68,persistence_corrected_2bbf5eba419b_6ed147cd_f83baf57
Persistence,5,3,2023-08-07,2023-08-12,13.1,15.48,2.380000000000001,2.380000000000001,5.664400000000004,0,0,0,6ed147cd585e5e8083292683f9be3cf585e97e4d46fa0e3224d24a4e2b42cbbb,f83baf5732ffbf88b9a448a3d9ab9fa270f7495fe44d1559c1ac49795a30881a,2bbf5eba419b0650693f1e88326107bf9a346c68,persistence_corrected_2bbf5eba419b_6ed147cd_f83baf57
Persistence,5,3,2023-08-08,2023-08-13,12.5,14.32,1.8200000000000003,1.8200000000000003,3.312400000000001,0,0,0,6ed147cd585e5e8083292683f9be3cf585e97e4d46fa0e3224d24a4e2b42cbbb,f83baf5732ffbf88b9a448a3d9ab9fa270f7495fe44d1559c1ac49795a30881a,2bbf5eba419b0650693f1e88326107bf9a346c68,persistence_corrected_2bbf5eba419b_6ed147cd_f83baf57
Persistence,5,3,2023-08-09,2023-08-14,13.28,15.96,2.6800000000000015,2.6800000000000015,7.182400000000008,0,0,0,6ed147cd585e5e8083292683f9be3cf585e97e4d46fa0e3224d24a4e2b42cbbb,f83baf5732ffbf88b9a448a3d9ab9fa270f7495fe44d1559c1ac49795a30881a,2bbf5eba419b0650693f1e88326107bf9a346c68,persistence_corrected_2bbf5eba419b_6ed147cd_f83baf57
Persistence,5,3,2023-08-10,2023-08-15,11.7,10.21,-1.4899999999999984,1.4899999999999984,2.2200999999999955,0,0,0,6ed147cd585e5e8083292683f9be3cf585e97e4d46fa0e3224d24a4e2b42cbbb,f83baf5732ffbf88b9a448a3d9ab9fa270f7495fe44d1559c1ac49795a30881a,2bbf5eba419b0650693f1e88326107bf9a346c68,persistence_corrected_2bbf5eba419b_6ed147cd_f83baf57
Persistence,5,3,2023-08-11,2023-08-16,13.8,9.23,-4.57,4.57,20.884900000000002,0,0,0,6ed147cd585e5e8083292683f9be3cf585e97e4d46fa0e3224d24a4e2b42cbbb,f83baf5732ffbf88b9a448a3d9ab9fa270f7495fe44d1559c1ac49795a30881a,2bbf5eba419b0650693f1e88326107bf9a346c68,persistence_corrected_2bbf5eba419b_6ed147cd_f83baf57
Persistence,5,3,2023-08-12,2023-08-17,12.3,13.1,0.7999999999999989,0.7999999999999989,0.6399999999999983,0,0,0,6ed147cd585e5e8083292683f9be3cf585e97e4d46fa0e3224d24a4e2b42cbbb,f83baf5732ffbf88b9a448a3d9ab9fa270f7495fe44d1559c1ac49795a30881a,2bbf5eba419b0650693f1e88326107bf9a346c68,persistence_corrected_2bbf5eba419b_6ed147cd_f83baf57
Persistence,5,3,2023-08-13,2023-08-18,15.82,12.5,-3.3200000000000003,3.3200000000000003,11.022400000000001,1,0,0,6ed147cd585e5e8083292683f9be3cf585e97e4d46fa0e3224d24a4e2b42cbbb,f83baf5732ffbf88b9a448a3d9ab9fa270f7495fe44d1559c1ac49795a30881a,2bbf5eba419b0650693f1e88326107bf9a346c68,persistence_corrected_2bbf5eba419b_6ed147cd_f83baf57
Persistence,5,3,2023-08-14,2023-08-19,11.88,13.28,1.3999999999999986,1.3999999999999986,1.959999999999996,0,0,0,6ed147cd585e5e8083292683f9be3cf585e97e4d46fa0e3224d24a4e2b42cbbb,f83baf5732ffbf88b9a448a3d9ab9fa270f7495fe44d1559c1ac49795a30881a,2bbf5eba419b0650693f1e88326107bf9a346c68,persistence_corrected_2bbf5eba419b_6ed147cd_f83baf57
Persistence,5,3,2023-08-15,2023-08-20,11.33,11.7,0.3699999999999992,0.3699999999999992,0.1368999999999994,0,0,0,6ed147cd585e5e8083292683f9be3cf585e97e4d46fa0e3224d24a4e2b42cbbb,f83baf5732ffbf88b9a448a3d9ab9fa270f7495fe44d1559c1ac49795a30881a,2bbf5eba419b0650693f1e88326107bf9a346c68,persistence_corrected_2bbf5eba419b_6ed147cd_f83baf57
Persistence,5,3,2023-08-16,2023-08-21,12.73,13.8,1.0700000000000003,1.0700000000000003,1.1449000000000007,0,0,0,6ed147cd585e5e8083292683f9be3cf585e97e4d46fa0e3224d24a4e2b42cbbb,f83baf5732ffbf88b9a448a3d9ab9fa270f7495fe44d1559c1ac49795a30881a,2bbf5eba419b0650693f1e88326107bf9a346c68,persistence_corrected_2bbf5eba419b_6ed147cd_f83baf57
Persistence,5,3,2023-08-17,2023-08-22,13.76,12.3,-1.459999999999999,1.459999999999999,2.1315999999999975,0,0,0,6ed147cd585e5e8083292683f9be3cf585e97e4d46fa0e3224d24a4e2b42cbbb,f83baf5732ffbf88b9a448a3d9ab9fa270f7495fe44d1559c1ac49795a30881a,2bbf5eba419b0650693f1e88326107bf9a346c68,persistence_corrected_2bbf5eba419b_6ed147cd_f83baf57
Persistence,5,3,2023-08-18,2023-08-23,16.6,15.82,-0.7800000000000011,0.7800000000000011,0.6084000000000018,1,1,0,6ed147cd585e5e8083292683f9be3cf585e97e4d46fa0e3224d24a4e2b42cbbb,f83baf5732ffbf88b9a448a3d9ab9fa270f7495fe44d1559c1ac49795a30881a,2bbf5eba419b0650693f1e88326107bf9a346c68,persistence_corrected_2bbf5eba419b_6ed147cd_f83baf57
Persistence,5,3,2023-08-19,2023-08-24,14.54,11.88,-2.6599999999999984,2.6599999999999984,7.075599999999992,0,0,0,6ed147cd585e5e8083292683f9be3cf585e97e4d46fa0e3224d24a4e2b42cbbb,f83baf5732ffbf88b9a448a3d9ab9fa270f7495fe44d1559c1ac49795a30881a,2bbf5eba419b0650693f1e88326107bf9a346c68,persistence_corrected_2bbf5eba419b_6ed147cd_f83baf57
Persistence,5,3,2023-08-20,2023-08-25,10.69,11.33,0.6400000000000006,0.6400000000000006,0.40960000000000074,0,0,0,6ed147cd585e5e8083292683f9be3cf585e97e4d46fa0e3224d24a4e2b42cbbb,f83baf5732ffbf88b9a448a3d9ab9fa270f7495fe44d1559c1ac49795a30881a,2bbf5eba419b0650693f1e88326107bf9a346c68,persistence_corrected_2bbf5eba419b_6ed147cd_f83baf57
Persistence,5,3,2023-08-21,2023-08-26,14.03,12.73,-1.299999999999999,1.299999999999999,1.6899999999999973,0,0,0,6ed147cd585e5e8083292683f9be3cf585e97e4d46fa0e3224d24a4e2b42cbbb,f83baf5732ffbf88b9a448a3d9ab9fa270f7495fe44d1559c1ac49795a30881a,2bbf5eba419b0650693f1e88326107bf9a346c68,persistence_corrected_2bbf5eba419b_6ed147cd_f83baf57
Persistence,5,3,2023-08-22,2023-08-27,14.14,13.76,-0.3800000000000008,0.3800000000000008,0.14440000000000058,0,0,0,6ed147cd585e5e8083292683f9be3cf585e97e4d46fa0e3224d24a4e2b42cbbb,f83baf5732ffbf88b9a448a3d9ab9fa270f7495fe44d1559c1ac49795a30881a,2bbf5eba419b0650693f1e88326107bf9a346c68,persistence_corrected_2bbf5eba419b_6ed147cd_f83baf57
Persistence,5,3,2023-08-23,2023-08-28,14.38,16.6,2.2200000000000006,2.2200000000000006,4.928400000000003,0,0,0,6ed147cd585e5e8083292683f9be3cf585e97e4d46fa0e3224d24a4e2b42cbbb,f83baf5732ffbf88b9a448a3d9ab9fa270f7495fe44d1559c1ac49795a30881a,2bbf5eba419b0650693f1e88326107bf9a346c68,persistence_corrected_2bbf5eba419b_6ed147cd_f83baf57
Persistence,5,3,2023-08-24,2023-08-29,17.3,14.54,-2.7600000000000016,2.7600000000000016,7.617600000000008,1,1,1,6ed147cd585e5e8083292683f9be3cf585e97e4d46fa0e3224d24a4e2b42cbbb,f83baf5732ffbf88b9a448a3d9ab9fa270f7495fe44d1559c1ac49795a30881a,2bbf5eba419b0650693f1e88326107bf9a346c68,persistence_corrected_2bbf5eba419b_6ed147cd_f83baf57
Persistence,5,3,2023-08-25,2023-08-30,17.08,10.69,-6.389999999999999,6.389999999999999,40.83209999999998,1,1,1,6ed147cd585e5e8083292683f9be3cf585e97e4d46fa0e3224d24a4e2b42cbbb,f83baf5732ffbf88b9a448a3d9ab9fa270f7495fe44d1559c1ac49795a30881a,2bbf5eba419b0650693f1e88326107bf9a346c68,persistence_corrected_2bbf5eba419b_6ed147cd_f83baf57
Persistence,5,3,2023-08-26,2023-08-31,15.88,14.03,-1.8500000000000014,1.8500000000000014,3.422500000000005,1,0,0,6ed147cd585e5e8083292683f9be3cf585e97e4d46fa0e3224d24a4e2b42cbbb,f83baf5732ffbf88b9a448a3d9ab9fa270f7495fe44d1559c1ac49795a30881a,2bbf5eba419b0650693f1e88326107bf9a346c68,persistence_corrected_2bbf5eba419b_6ed147cd_f83baf57
Persistence,5,3,2023-08-27,2023-09-01,13.38,14.14,0.7599999999999998,0.7599999999999998,0.5775999999999997,0,0,0,6ed147cd585e5e8083292683f9be3cf585e97e4d46fa0e3224d24a4e2b42cbbb,f83baf5732ffbf88b9a448a3d9ab9fa270f7495fe44d1559c1ac49795a30881a,2bbf5eba419b0650693f1e88326107bf9a346c68,persistence_corrected_2bbf5eba419b_6ed147cd_f83baf57
Persistence,5,3,2023-08-28,2023-09-02,12.42,14.38,1.9600000000000009,1.9600000000000009,3.8416000000000032,0,0,0,6ed147cd585e5e8083292683f9be3cf585e97e4d46fa0e3224d24a4e2b42cbbb,f83baf5732ffbf88b9a448a3d9ab9fa270f7495fe44d1559c1ac49795a30881a,2bbf5eba419b0650693f1e88326107bf9a346c68,persistence_corrected_2bbf5eba419b_6ed147cd_f83baf57
Persistence,5,3,2023-08-29,2023-09-03,12.66,17.3,4.640000000000001,4.640000000000001,21.529600000000006,0,0,0,6ed147cd585e5e8083292683f9be3cf585e97e4d46fa0e3224d24a4e2b42cbbb,f83baf5732ffbf88b9a448a3d9ab9fa270f7495fe44d1559c1ac49795a30881a,2bbf5eba419b0650693f1e88326107bf9a346c68,persistence_corrected_2bbf5eba419b_6ed147cd_f83baf57
Persistence,5,3,2023-08-30,2023-09-04,14.93,17.08,2.1499999999999986,2.1499999999999986,4.622499999999994,0,0,0,6ed147cd585e5e8083292683f9be3cf585e97e4d46fa0e3224d24a4e2b42cbbb,f83baf5732ffbf88b9a448a3d9ab9fa270f7495fe44d1559c1ac49795a30881a,2bbf5eba419b0650693f1e88326107bf9a346c68,persistence_corrected_2bbf5eba419b_6ed147cd_f83baf57
Persistence,5,3,2023-08-31,2023-09-05,11.88,15.88,4.0,4.0,16.0,0,0,0,6ed147cd585e5e8083292683f9be3cf585e97e4d46fa0e3224d24a4e2b42cbbb,f83baf5732ffbf88b9a448a3d9ab9fa270f7495fe44d1559c1ac49795a30881a,2bbf5eba419b0650693f1e88326107bf9a346c68,persistence_corrected_2bbf5eba419b_6ed147cd_f83baf57
Persistence,5,3,2023-09-01,2023-09-06,12.06,13.38,1.3200000000000003,1.3200000000000003,1.7424000000000008,0,0,0,6ed147cd585e5e8083292683f9be3cf585e97e4d46fa0e3224d24a4e2b42cbbb,f83baf5732ffbf88b9a448a3d9ab9fa270f7495fe44d1559c1ac49795a30881a,2bbf5eba419b0650693f1e88326107bf9a346c68,persistence_corrected_2bbf5eba419b_6ed147cd_f83baf57
Persistence,5,3,2023-09-02,2023-09-07,13.74,12.42,-1.3200000000000003,1.3200000000000003,1.7424000000000008,0,0,0,6ed147cd585e5e8083292683f9be3cf585e97e4d46fa0e3224d24a4e2b42cbbb,f83baf5732ffbf88b9a448a3d9ab9fa270f7495fe44d1559c1ac49795a30881a,2bbf5eba419b0650693f1e88326107bf9a346c68,persistence_corrected_2bbf5eba419b_6ed147cd_f83baf57
Persistence,5,3,2023-09-03,2023-09-08,14.08,12.66,-1.42,1.42,2.0164,0,0,0,6ed147cd585e5e8083292683f9be3cf585e97e4d46fa0e3224d24a4e2b42cbbb,f83baf5732ffbf88b9a448a3d9ab9fa270f7495fe44d1559c1ac49795a30881a,2bbf5eba419b0650693f1e88326107bf9a346c68,persistence_corrected_2bbf5eba419b_6ed147cd_f83baf57
Persistence,5,3,2023-09-04,2023-09-09,12.62,14.93,2.3100000000000005,2.3100000000000005,5.336100000000003,0,0,0,6ed147cd585e5e8083292683f9be3cf585e97e4d46fa0e3224d24a4e2b42cbbb,f83baf5732ffbf88b9a448a3d9ab9fa270f7495fe44d1559c1ac49795a30881a,2bbf5eba419b0650693f1e88326107bf9a346c68,persistence_corrected_2bbf5eba419b_6ed147cd_f83baf57
Persistence,5,3,2023-09-05,2023-09-10,13.06,11.88,-1.1799999999999997,1.1799999999999997,1.3923999999999994,0,0,0,6ed147cd585e5e8083292683f9be3cf585e97e4d46fa0e3224d24a4e2b42cbbb,f83baf5732ffbf88b9a448a3d9ab9fa270f7495fe44d1559c1ac49795a30881a,2bbf5eba419b0650693f1e88326107bf9a346c68,persistence_corrected_2bbf5eba419b_6ed147cd_f83baf57
Persistence,5,3,2023-09-06,2023-09-11,12.67,12.06,-0.6099999999999994,0.6099999999999994,0.3720999999999993,0,0,0,6ed147cd585e5e8083292683f9be3cf585e97e4d46fa0e3224d24a4e2b42cbbb,f83baf5732ffbf88b9a448a3d9ab9fa270f7495fe44d1559c1ac49795a30881a,2bbf5eba419b0650693f1e88326107bf9a346c68,persistence_corrected_2bbf5eba419b_6ed147cd_f83baf57
Persistence,5,3,2023-09-07,2023-09-12,15.7,13.74,-1.959999999999999,1.959999999999999,3.8415999999999966,1,0,0,6ed147cd585e5e8083292683f9be3cf585e97e4d46fa0e3224d24a4e2b42cbbb,f83baf5732ffbf88b9a448a3d9ab9fa270f7495fe44d1559c1ac49795a30881a,2bbf5eba419b0650693f1e88326107bf9a346c68,persistence_corrected_2bbf5eba419b_6ed147cd_f83baf57
Persistence,5,3,2023-09-08,2023-09-13,14.26,14.08,-0.17999999999999972,0.17999999999999972,0.0323999999999999,0,0,0,6ed147cd585e5e8083292683f9be3cf585e97e4d46fa0e3224d24a4e2b42cbbb,f83baf5732ffbf88b9a448a3d9ab9fa270f7495fe44d1559c1ac49795a30881a,2bbf5eba419b0650693f1e88326107bf9a346c68,persistence_corrected_2bbf5eba419b_6ed147cd_f83baf57
Persistence,5,3,2023-09-09,2023-09-14,12.28,12.62,0.33999999999999986,0.33999999999999986,0.1155999999999999,0,0,0,6ed147cd585e5e8083292683f9be3cf585e97e4d46fa0e3224d24a4e2b42cbbb,f83baf5732ffbf88b9a448a3d9ab9fa270f7495fe44d1559c1ac49795a30881a,2bbf5eba419b0650693f1e88326107bf9a346c68,persistence_corrected_2bbf5eba419b_6ed147cd_f83baf57
Persistence,5,3,2023-09-10,2023-09-15,12.04,13.06,1.0200000000000014,1.0200000000000014,1.0404000000000027,0,0,0,6ed147cd585e5e8083292683f9be3cf585e97e4d46fa0e3224d24a4e2b42cbbb,f83baf5732ffbf88b9a448a3d9ab9fa270f7495fe44d1559c1ac49795a30881a,2bbf5eba419b0650693f1e88326107bf9a346c68,persistence_corrected_2bbf5eba419b_6ed147cd_f83baf57
Persistence,5,3,2023-09-11,2023-09-16,9.19,12.67,3.4800000000000004,3.4800000000000004,12.110400000000004,0,0,0,6ed147cd585e5e8083292683f9be3cf585e97e4d46fa0e3224d24a4e2b42cbbb,f83baf5732ffbf88b9a448a3d9ab9fa270f7495fe44d1559c1ac49795a30881a,2bbf5eba419b0650693f1e88326107bf9a346c68,persistence_corrected_2bbf5eba419b_6ed147cd_f83baf57
Persistence,5,3,2023-09-12,2023-09-17,10.2,15.7,5.5,5.5,30.25,0,0,0,6ed147cd585e5e8083292683f9be3cf585e97e4d46fa0e3224d24a4e2b42cbbb,f83baf5732ffbf88b9a448a3d9ab9fa270f7495fe44d1559c1ac49795a30881a,2bbf5eba419b0650693f1e88326107bf9a346c68,persistence_corrected_2bbf5eba419b_6ed147cd_f83baf57
Persistence,5,3,2023-09-13,2023-09-18,7.15,14.26,7.109999999999999,7.109999999999999,50.55209999999999,0,0,0,6ed147cd585e5e8083292683f9be3cf585e97e4d46fa0e3224d24a4e2b42cbbb,f83baf5732ffbf88b9a448a3d9ab9fa270f7495fe44d1559c1ac49795a30881a,2bbf5eba419b0650693f1e88326107bf9a346c68,persistence_corrected_2bbf5eba419b_6ed147cd_f83baf57
Persistence,5,3,2023-09-14,2023-09-19,12.17,12.28,0.10999999999999943,0.10999999999999943,0.012099999999999875,0,0,0,6ed147cd585e5e8083292683f9be3cf585e97e4d46fa0e3224d24a4e2b42cbbb,f83baf5732ffbf88b9a448a3d9ab9fa270f7495fe44d1559c1ac49795a30881a,2bbf5eba419b0650693f1e88326107bf9a346c68,persistence_corrected_2bbf5eba419b_6ed147cd_f83baf57
Persistence,5,3,2023-09-15,2023-09-20,11.05,12.04,0.9899999999999984,0.9899999999999984,0.9800999999999969,0,0,0,6ed147cd585e5e8083292683f9be3cf585e97e4d46fa0e3224d24a4e2b42cbbb,f83baf5732ffbf88b9a448a3d9ab9fa270f7495fe44d1559c1ac49795a30881a,2bbf5eba419b0650693f1e88326107bf9a346c68,persistence_corrected_2bbf5eba419b_6ed147cd_f83baf57
Persistence,5,3,2023-09-16,2023-09-21,11.64,9.19,-2.450000000000001,2.450000000000001,6.002500000000005,0,0,0,6ed147cd585e5e8083292683f9be3cf585e97e4d46fa0e3224d24a4e2b42cbbb,f83baf5732ffbf88b9a448a3d9ab9fa270f7495fe44d1559c1ac49795a30881a,2bbf5eba419b0650693f1e88326107bf9a346c68,persistence_corrected_2bbf5eba419b_6ed147cd_f83baf57
Persistence,5,3,2023-09-17,2023-09-22,11.64,10.2,-1.4400000000000013,1.4400000000000013,2.073600000000004,0,0,0,6ed147cd585e5e8083292683f9be3cf585e97e4d46fa0e3224d24a4e2b42cbbb,f83baf5732ffbf88b9a448a3d9ab9fa270f7495fe44d1559c1ac49795a30881a,2bbf5eba419b0650693f1e88326107bf9a346c68,persistence_corrected_2bbf5eba419b_6ed147cd_f83baf57
Persistence,5,3,2023-09-18,2023-09-23,10.4,7.15,-3.25,3.25,10.5625,0,0,0,6ed147cd585e5e8083292683f9be3cf585e97e4d46fa0e3224d24a4e2b42cbbb,f83baf5732ffbf88b9a448a3d9ab9fa270f7495fe44d1559c1ac49795a30881a,2bbf5eba419b0650693f1e88326107bf9a346c68,persistence_corrected_2bbf5eba419b_6ed147cd_f83baf57
Persistence,5,3,2023-09-19,2023-09-24,9.74,12.17,2.4299999999999997,2.4299999999999997,5.904899999999999,0,0,0,6ed147cd585e5e8083292683f9be3cf585e97e4d46fa0e3224d24a4e2b42cbbb,f83baf5732ffbf88b9a448a3d9ab9fa270f7495fe44d1559c1ac49795a30881a,2bbf5eba419b0650693f1e88326107bf9a346c68,persistence_corrected_2bbf5eba419b_6ed147cd_f83baf57
Persistence,5,3,2023-09-20,2023-09-25,12.97,11.05,-1.92,1.92,3.6864,0,0,0,6ed147cd585e5e8083292683f9be3cf585e97e4d46fa0e3224d24a4e2b42cbbb,f83baf5732ffbf88b9a448a3d9ab9fa270f7495fe44d1559c1ac49795a30881a,2bbf5eba419b0650693f1e88326107bf9a346c68,persistence_corrected_2bbf5eba419b_6ed147cd_f83baf57
Persistence,5,3,2023-09-21,2023-09-26,15.56,11.64,-3.92,3.92,15.366399999999999,1,0,0,6ed147cd585e5e8083292683f9be3cf585e97e4d46fa0e3224d24a4e2b42cbbb,f83baf5732ffbf88b9a448a3d9ab9fa270f7495fe44d1559c1ac49795a30881a,2bbf5eba419b0650693f1e88326107bf9a346c68,persistence_corrected_2bbf5eba419b_6ed147cd_f83baf57
Persistence,5,3,2023-09-22,2023-09-27,17.56,11.64,-5.919999999999998,5.919999999999998,35.04639999999998,1,1,1,6ed147cd585e5e8083292683f9be3cf585e97e4d46fa0e3224d24a4e2b42cbbb,f83baf5732ffbf88b9a448a3d9ab9fa270f7495fe44d1559c1ac49795a30881a,2bbf5eba419b0650693f1e88326107bf9a346c68,persistence_corrected_2bbf5eba419b_6ed147cd_f83baf57
Persistence,5,3,2023-09-23,2023-09-28,16.58,10.4,-6.179999999999998,6.179999999999998,38.19239999999998,1,1,0,6ed147cd585e5e8083292683f9be3cf585e97e4d46fa0e3224d24a4e2b42cbbb,f83baf5732ffbf88b9a448a3d9ab9fa270f7495fe44d1559c1ac49795a30881a,2bbf5eba419b0650693f1e88326107bf9a346c68,persistence_corrected_2bbf5eba419b_6ed147cd_f83baf57
Persistence,5,3,2023-09-24,2023-09-29,16.36,9.74,-6.619999999999999,6.619999999999999,43.82439999999999,1,1,0,6ed147cd585e5e8083292683f9be3cf585e97e4d46fa0e3224d24a4e2b42cbbb,f83baf5732ffbf88b9a448a3d9ab9fa270f7495fe44d1559c1ac49795a30881a,2bbf5eba419b0650693f1e88326107bf9a346c68,persistence_corrected_2bbf5eba419b_6ed147cd_f83baf57
Persistence,5,3,2023-09-25,2023-09-30,15.98,12.97,-3.01,3.01,9.060099999999998,1,0,0,6ed147cd585e5e8083292683f9be3cf585e97e4d46fa0e3224d24a4e2b42cbbb,f83baf5732ffbf88b9a448a3d9ab9fa270f7495fe44d1559c1ac49795a30881a,2bbf5eba419b0650693f1e88326107bf9a346c68,persistence_corrected_2bbf5eba419b_6ed147cd_f83baf57
Persistence,5,3,2023-09-26,2023-10-01,10.13,15.56,5.43,5.43,29.484899999999996,0,0,0,6ed147cd585e5e8083292683f9be3cf585e97e4d46fa0e3224d24a4e2b42cbbb,f83baf5732ffbf88b9a448a3d9ab9fa270f7495fe44d1559c1ac49795a30881a,2bbf5eba419b0650693f1e88326107bf9a346c68,persistence_corrected_2bbf5eba419b_6ed147cd_f83baf57
Persistence,5,3,2023-09-27,2023-10-02,10.34,17.56,7.219999999999999,7.219999999999999,52.128399999999985,0,0,0,6ed147cd585e5e8083292683f9be3cf585e97e4d46fa0e3224d24a4e2b42cbbb,f83baf5732ffbf88b9a448a3d9ab9fa270f7495fe44d1559c1ac49795a30881a,2bbf5eba419b0650693f1e88326107bf9a346c68,persistence_corrected_2bbf5eba419b_6ed147cd_f83baf57
Persistence,5,3,2023-09-28,2023-10-03,15.53,16.58,1.049999999999999,1.049999999999999,1.1024999999999978,1,0,0,6ed147cd585e5e8083292683f9be3cf585e97e4d46fa0e3224d24a4e2b42cbbb,f83baf5732ffbf88b9a448a3d9ab9fa270f7495fe44d1559c1ac49795a30881a,2bbf5eba419b0650693f1e88326107bf9a346c68,persistence_corrected_2bbf5eba419b_6ed147cd_f83baf57
Persistence,5,3,2023-09-29,2023-10-04,17.11,16.36,-0.75,0.75,0.5625,1,1,1,6ed147cd585e5e8083292683f9be3cf585e97e4d46fa0e3224d24a4e2b42cbbb,f83baf5732ffbf88b9a448a3d9ab9fa270f7495fe44d1559c1ac49795a30881a,2bbf5eba419b0650693f1e88326107bf9a346c68,persistence_corrected_2bbf5eba419b_6ed147cd_f83baf57
Persistence,5,3,2023-09-30,2023-10-05,17.09,15.98,-1.1099999999999994,1.1099999999999994,1.2320999999999986,1,1,1,6ed147cd585e5e8083292683f9be3cf585e97e4d46fa0e3224d24a4e2b42cbbb,f83baf5732ffbf88b9a448a3d9ab9fa270f7495fe44d1559c1ac49795a30881a,2bbf5eba419b0650693f1e88326107bf9a346c68,persistence_corrected_2bbf5eba419b_6ed147cd_f83baf57
Persistence,5,3,2023-10-01,2023-10-06,14.6,10.13,-4.469999999999999,4.469999999999999,19.98089999999999,0,0,0,6ed147cd585e5e8083292683f9be3cf585e97e4d46fa0e3224d24a4e2b42cbbb,f83baf5732ffbf88b9a448a3d9ab9fa270f7495fe44d1559c1ac49795a30881a,2bbf5eba419b0650693f1e88326107bf9a346c68,persistence_corrected_2bbf5eba419b_6ed147cd_f83baf57
Persistence,5,3,2023-10-02,2023-10-07,15.72,10.34,-5.380000000000001,5.380000000000001,28.94440000000001,1,0,0,6ed147cd585e5e8083292683f9be3cf585e97e4d46fa0e3224d24a4e2b42cbbb,f83baf5732ffbf88b9a448a3d9ab9fa270f7495fe44d1559c1ac49795a30881a,2bbf5eba419b0650693f1e88326107bf9a346c68,persistence_corrected_2bbf5eba419b_6ed147cd_f83baf57
Persistence,5,3,2023-10-03,2023-10-08,16.32,15.53,-0.7900000000000009,0.7900000000000009,0.6241000000000014,1,1,0,6ed147cd585e5e8083292683f9be3cf585e97e4d46fa0e3224d24a4e2b42cbbb,f83baf5732ffbf88b9a448a3d9ab9fa270f7495fe44d1559c1ac49795a30881a,2bbf5eba419b0650693f1e88326107bf9a346c68,persistence_corrected_2bbf5eba419b_6ed147cd_f83baf57
Persistence,5,3,2023-10-04,2023-10-09,13.67,17.11,3.4399999999999995,3.4399999999999995,11.833599999999997,0,0,0,6ed147cd585e5e8083292683f9be3cf585e97e4d46fa0e3224d24a4e2b42cbbb,f83baf5732ffbf88b9a448a3d9ab9fa270f7495fe44d1559c1ac49795a30881a,2bbf5eba419b0650693f1e88326107bf9a346c68,persistence_corrected_2bbf5eba419b_6ed147cd_f83baf57
Persistence,5,3,2023-10-05,2023-10-10,11.98,17.09,5.109999999999999,5.109999999999999,26.112099999999995,0,0,0,6ed147cd585e5e8083292683f9be3cf585e97e4d46fa0e3224d24a4e2b42cbbb,f83baf5732ffbf88b9a448a3d9ab9fa270f7495fe44d1559c1ac49795a30881a,2bbf5eba419b0650693f1e88326107bf9a346c68,persistence_corrected_2bbf5eba419b_6ed147cd_f83baf57
Persistence,5,3,2023-10-06,2023-10-11,10.32,14.6,4.279999999999999,4.279999999999999,18.318399999999993,0,0,0,6ed147cd585e5e8083292683f9be3cf585e97e4d46fa0e3224d24a4e2b42cbbb,f83baf5732ffbf88b9a448a3d9ab9fa270f7495fe44d1559c1ac49795a30881a,2bbf5eba419b0650693f1e88326107bf9a346c68,persistence_corrected_2bbf5eba419b_6ed147cd_f83baf57
Persistence,5,3,2023-10-07,2023-10-12,17.41,15.72,-1.6899999999999995,1.6899999999999995,2.8560999999999983,1,1,1,6ed147cd585e5e8083292683f9be3cf585e97e4d46fa0e3224d24a4e2b42cbbb,f83baf5732ffbf88b9a448a3d9ab9fa270f7495fe44d1559c1ac49795a30881a,2bbf5eba419b0650693f1e88326107bf9a346c68,persistence_corrected_2bbf5eba419b_6ed147cd_f83baf57
Persistence,5,3,2023-10-08,2023-10-13,17.69,16.32,-1.370000000000001,1.370000000000001,1.8769000000000027,1,1,1,6ed147cd585e5e8083292683f9be3cf585e97e4d46fa0e3224d24a4e2b42cbbb,f83baf5732ffbf88b9a448a3d9ab9fa270f7495fe44d1559c1ac49795a30881a,2bbf5eba419b0650693f1e88326107bf9a346c68,persistence_corrected_2bbf5eba419b_6ed147cd_f83baf57
Persistence,5,3,2023-10-09,2023-10-14,16.43,13.67,-2.76,2.76,7.617599999999999,1,1,0,6ed147cd585e5e8083292683f9be3cf585e97e4d46fa0e3224d24a4e2b42cbbb,f83baf5732ffbf88b9a448a3d9ab9fa270f7495fe44d1559c1ac49795a30881a,2bbf5eba419b0650693f1e88326107bf9a346c68,persistence_corrected_2bbf5eba419b_6ed147cd_f83baf57
Persistence,5,3,2023-10-10,2023-10-15,16.92,11.98,-4.940000000000001,4.940000000000001,24.40360000000001,1,1,0,6ed147cd585e5e8083292683f9be3cf585e97e4d46fa0e3224d24a4e2b42cbbb,f83baf5732ffbf88b9a448a3d9ab9fa270f7495fe44d1559c1ac49795a30881a,2bbf5eba419b0650693f1e88326107bf9a346c68,persistence_corrected_2bbf5eba419b_6ed147cd_f83baf57
Persistence,5,3,2023-10-11,2023-10-16,16.98,10.32,-6.66,6.66,44.3556,1,1,0,6ed147cd585e5e8083292683f9be3cf585e97e4d46fa0e3224d24a4e2b42cbbb,f83baf5732ffbf88b9a448a3d9ab9fa270f7495fe44d1559c1ac49795a30881a,2bbf5eba419b0650693f1e88326107bf9a346c68,persistence_corrected_2bbf5eba419b_6ed147cd_f83baf57
Persistence,5,3,2023-10-12,2023-10-17,16.64,17.41,0.7699999999999996,0.7699999999999996,0.5928999999999993,1,1,0,6ed147cd585e5e8083292683f9be3cf585e97e4d46fa0e3224d24a4e2b42cbbb,f83baf5732ffbf88b9a448a3d9ab9fa270f7495fe44d1559c1ac49795a30881a,2bbf5eba419b0650693f1e88326107bf9a346c68,persistence_corrected_2bbf5eba419b_6ed147cd_f83baf57
Persistence,5,3,2023-10-13,2023-10-18,16.4,17.69,1.2900000000000027,1.2900000000000027,1.664100000000007,1,1,0,6ed147cd585e5e8083292683f9be3cf585e97e4d46fa0e3224d24a4e2b42cbbb,f83baf5732ffbf88b9a448a3d9ab9fa270f7495fe44d1559c1ac49795a30881a,2bbf5eba419b0650693f1e88326107bf9a346c68,persistence_corrected_2bbf5eba419b_6ed147cd_f83baf57
Persistence,5,3,2023-10-14,2023-10-19,16.8,16.43,-0.370000000000001,0.370000000000001,0.13690000000000074,1,1,0,6ed147cd585e5e8083292683f9be3cf585e97e4d46fa0e3224d24a4e2b42cbbb,f83baf5732ffbf88b9a448a3d9ab9fa270f7495fe44d1559c1ac49795a30881a,2bbf5eba419b0650693f1e88326107bf9a346c68,persistence_corrected_2bbf5eba419b_6ed147cd_f83baf57
Persistence,5,3,2023-10-15,2023-10-20,17.82,16.92,-0.8999999999999986,0.8999999999999986,0.8099999999999974,1,1,1,6ed147cd585e5e8083292683f9be3cf585e97e4d46fa0e3224d24a4e2b42cbbb,f83baf5732ffbf88b9a448a3d9ab9fa270f7495fe44d1559c1ac49795a30881a,2bbf5eba419b0650693f1e88326107bf9a346c68,persistence_corrected_2bbf5eba419b_6ed147cd_f83baf57
Persistence,5,3,2023-10-16,2023-10-21,16.32,16.98,0.6600000000000001,0.6600000000000001,0.4356000000000002,1,1,0,6ed147cd585e5e8083292683f9be3cf585e97e4d46fa0e3224d24a4e2b42cbbb,f83baf5732ffbf88b9a448a3d9ab9fa270f7495fe44d1559c1ac49795a30881a,2bbf5eba419b0650693f1e88326107bf9a346c68,persistence_corrected_2bbf5eba419b_6ed147cd_f83baf57
Persistence,5,3,2023-10-17,2023-10-22,13.3,16.64,3.34,3.34,11.1556,0,0,0,6ed147cd585e5e8083292683f9be3cf585e97e4d46fa0e3224d24a4e2b42cbbb,f83baf5732ffbf88b9a448a3d9ab9fa270f7495fe44d1559c1ac49795a30881a,2bbf5eba419b0650693f1e88326107bf9a346c68,persistence_corrected_2bbf5eba419b_6ed147cd_f83baf57
Persistence,5,3,2023-10-18,2023-10-23,15.79,16.4,0.6099999999999994,0.6099999999999994,0.3720999999999993,1,0,0,6ed147cd585e5e8083292683f9be3cf585e97e4d46fa0e3224d24a4e2b42cbbb,f83baf5732ffbf88b9a448a3d9ab9fa270f7495fe44d1559c1ac49795a30881a,2bbf5eba419b0650693f1e88326107bf9a346c68,persistence_corrected_2bbf5eba419b_6ed147cd_f83baf57
Persistence,5,3,2023-10-19,2023-10-24,15.18,16.8,1.620000000000001,1.620000000000001,2.624400000000003,1,0,0,6ed147cd585e5e8083292683f9be3cf585e97e4d46fa0e3224d24a4e2b42cbbb,f83baf5732ffbf88b9a448a3d9ab9fa270f7495fe44d1559c1ac49795a30881a,2bbf5eba419b0650693f1e88326107bf9a346c68,persistence_corrected_2bbf5eba419b_6ed147cd_f83baf57
Persistence,5,3,2023-10-20,2023-10-25,17.23,17.82,0.5899999999999999,0.5899999999999999,0.34809999999999985,1,1,1,6ed147cd585e5e8083292683f9be3cf585e97e4d46fa0e3224d24a4e2b42cbbb,f83baf5732ffbf88b9a448a3d9ab9fa270f7495fe44d1559c1ac49795a30881a,2bbf5eba419b0650693f1e88326107bf9a346c68,persistence_corrected_2bbf5eba419b_6ed147cd_f83baf57
Persistence,5,3,2023-10-21,2023-10-26,17.98,16.32,-1.6600000000000001,1.6600000000000001,2.7556000000000003,1,1,1,6ed147cd585e5e8083292683f9be3cf585e97e4d46fa0e3224d24a4e2b42cbbb,f83baf5732ffbf88b9a448a3d9ab9fa270f7495fe44d1559c1ac49795a30881a,2bbf5eba419b0650693f1e88326107bf9a346c68,persistence_corrected_2bbf5eba419b_6ed147cd_f83baf57
Persistence,5,3,2023-10-22,2023-10-27,16.37,13.3,-3.0700000000000003,3.0700000000000003,9.424900000000001,1,1,0,6ed147cd585e5e8083292683f9be3cf585e97e4d46fa0e3224d24a4e2b42cbbb,f83baf5732ffbf88b9a448a3d9ab9fa270f7495fe44d1559c1ac49795a30881a,2bbf5eba419b0650693f1e88326107bf9a346c68,persistence_corrected_2bbf5eba419b_6ed147cd_f83baf57
Persistence,5,3,2023-10-23,2023-10-28,16.44,15.79,-0.6500000000000021,0.6500000000000021,0.42250000000000276,1,1,0,6ed147cd585e5e8083292683f9be3cf585e97e4d46fa0e3224d24a4e2b42cbbb,f83baf5732ffbf88b9a448a3d9ab9fa270f7495fe44d1559c1ac49795a30881a,2bbf5eba419b0650693f1e88326107bf9a346c68,persistence_corrected_2bbf5eba419b_6ed147cd_f83baf57
Persistence,5,3,2023-10-24,2023-10-29,14.12,15.18,1.0600000000000005,1.0600000000000005,1.123600000000001,0,0,0,6ed147cd585e5e8083292683f9be3cf585e97e4d46fa0e3224d24a4e2b42cbbb,f83baf5732ffbf88b9a448a3d9ab9fa270f7495fe44d1559c1ac49795a30881a,2bbf5eba419b0650693f1e88326107bf9a346c68,persistence_corrected_2bbf5eba419b_6ed147cd_f83baf57
Persistence,5,3,2023-10-25,2023-10-30,15.59,17.23,1.6400000000000006,1.6400000000000006,2.6896000000000018,1,0,0,6ed147cd585e5e8083292683f9be3cf585e97e4d46fa0e3224d24a4e2b42cbbb,f83baf5732ffbf88b9a448a3d9ab9fa270f7495fe44d1559c1ac49795a30881a,2bbf5eba419b0650693f1e88326107bf9a346c68,persistence_corrected_2bbf5eba419b_6ed147cd_f83baf57
Persistence,5,3,2023-10-26,2023-10-31,17.76,17.98,0.21999999999999886,0.21999999999999886,0.0483999999999995,1,1,1,6ed147cd585e5e8083292683f9be3cf585e97e4d46fa0e3224d24a4e2b42cbbb,f83baf5732ffbf88b9a448a3d9ab9fa270f7495fe44d1559c1ac49795a30881a,2bbf5eba419b0650693f1e88326107bf9a346c68,persistence_corrected_2bbf5eba419b_6ed147cd_f83baf57
