horizon,outer_fold,feature_date,target_date,y_true,event_tau15,event_tau16,event_tau17,persistence_y_pred,ridge_y_pred,elasticnet_y_pred,hgbr_y_pred,bcr_tcn_v11_y_pred,bcr_tcn_v11_p_tau15,bcr_tcn_v11_p_tau16,bcr_tcn_v11_p_tau17,dataset_sha256,split_sha256,canonical_assembly_id
5,1,2021-10-10,2021-10-15,15.1,1,0,0,13.13,12.8613289733702,12.731271446072956,13.357181964545834,0.3479867875576019,0.407137930393219,0.481563001871109,0.5320417881011963,6ed147cd585e5e8083292683f9be3cf585e97e4d46fa0e3224d24a4e2b42cbbb,f83baf5732ffbf88b9a448a3d9ab9fa270f7495fe44d1559c1ac49795a30881a,canonical_h5_cross_model_6ed147cd_f83baf57_596f1d05ff47
5,1,2021-10-11,2021-10-16,11.35,0,0,0,14.65,12.8729582759227,12.779428402631051,13.425617795977894,0.4291632771492004,0.4349258542060852,0.4385924637317657,0.5521420836448669,6ed147cd585e5e8083292683f9be3cf585e97e4d46fa0e3224d24a4e2b42cbbb,f83baf5732ffbf88b9a448a3d9ab9fa270f7495fe44d1559c1ac49795a30881a,canonical_h5_cross_model_6ed147cd_f83baf57_596f1d05ff47
5,1,2021-10-12,2021-10-17,11.58,0,0,0,12.77,13.363643941698845,13.20922839484764,13.56120330906492,0.2628487944602966,0.4447689652442932,0.4246644675731659,0.5493250489234924,6ed147cd585e5e8083292683f9be3cf585e97e4d46fa0e3224d24a4e2b42cbbb,f83baf5732ffbf88b9a448a3d9ab9fa270f7495fe44d1559c1ac49795a30881a,canonical_h5_cross_model_6ed147cd_f83baf57_596f1d05ff47
5,1,2021-10-13,2021-10-18,13.26,0,0,0,14.23,13.011576310716888,12.966960549173145,13.79217292177266,0.2155994772911071,0.4465729594230652,0.4177867472171783,0.5330119132995605,6ed147cd585e5e8083292683f9be3cf585e97e4d46fa0e3224d24a4e2b42cbbb,f83baf5732ffbf88b9a448a3d9ab9fa270f7495fe44d1559c1ac49795a30881a,canonical_h5_cross_model_6ed147cd_f83baf57_596f1d05ff47
5,1,2021-10-14,2021-10-19,14.13,0,0,0,16.94,13.206117889203064,13.434283442535373,14.23790857901838,0.4437995553016662,0.433469295501709,0.4486778676509857,0.5762916207313538,6ed147cd585e5e8083292683f9be3cf585e97e4d46fa0e3224d24a4e2b42cbbb,f83baf5732ffbf88b9a448a3d9ab9fa270f7495fe44d1559c1ac49795a30881a,canonical_h5_cross_model_6ed147cd_f83baf57_596f1d05ff47
5,1,2021-10-15,2021-10-20,17.01,1,1,1,15.1,13.754627844339934,13.958353634509916,14.101921131851071,0.3099187016487121,0.4603118002414703,0.4582898020744324,0.5890769958496094,6ed147cd585e5e8083292683f9be3cf585e97e4d46fa0e3224d24a4e2b42cbbb,f83baf5732ffbf88b9a448a3d9ab9fa270f7495fe44d1559c1ac49795a30881a,canonical_h5_cross_model_6ed147cd_f83baf57_596f1d05ff47
5,1,2021-10-16,2021-10-21,14.11,0,0,0,11.35,13.234214425499978,13.469117244486904,13.80877768802278,0.2168819308280944,0.4598873853683471,0.4641219973564148,0.5662475228309631,6ed147cd585e5e8083292683f9be3cf585e97e4d46fa0e3224d24a4e2b42cbbb,f83baf5732ffbf88b9a448a3d9ab9fa270f7495fe44d1559c1ac49795a30881a,canonical_h5_cross_model_6ed147cd_f83baf57_596f1d05ff47
5,1,2021-10-17,2021-10-22,13.32,0,0,0,11.58,12.980142443309026,13.21120285235106,13.862526860630878,0.3272301256656647,0.4655065238475799,0.4244734048843384,0.582914412021637,6ed147cd585e5e8083292683f9be3cf585e97e4d46fa0e3224d24a4e2b42cbbb,f83baf5732ffbf88b9a448a3d9ab9fa270f7495fe44d1559c1ac49795a30881a,canonical_h5_cross_model_6ed147cd_f83baf57_596f1d05ff47
5,1,2021-10-18,2021-10-23,14.24,0,0,0,13.26,12.613454554631662,12.867857614450417,13.808888371661611,0.2685322761535644,0.4674339890480041,0.4335564374923706,0.5729894042015076,6ed147cd585e5e8083292683f9be3cf585e97e4d46fa0e3224d24a4e2b42cbbb,f83baf5732ffbf88b9a448a3d9ab9fa270f7495fe44d1559c1ac49795a30881a,canonical_h5_cross_model_6ed147cd_f83baf57_596f1d05ff47
5,1,2021-10-19,2021-10-24,15.48,1,0,0,14.13,13.317240971462724,13.562745188445236,13.712785296597328,0.297293871641159,0.4705599248409271,0.4666515290737152,0.5511582493782043,6ed147cd585e5e8083292683f9be3cf585e97e4d46fa0e3224d24a4e2b42cbbb,f83baf5732ffbf88b9a448a3d9ab9fa270f7495fe44d1559c1ac49795a30881a,canonical_h5_cross_model_6ed147cd_f83baf57_596f1d05ff47
5,1,2021-10-20,2021-10-25,19.6,1,1,1,17.01,13.548879970477753,13.745843054427224,13.783218429440284,0.1452214419841766,0.4494729042053222,0.4749507009983063,0.552192211151123,6ed147cd585e5e8083292683f9be3cf585e97e4d46fa0e3224d24a4e2b42cbbb,f83baf5732ffbf88b9a448a3d9ab9fa270f7495fe44d1559c1ac49795a30881a,canonical_h5_cross_model_6ed147cd_f83baf57_596f1d05ff47
5,1,2021-10-21,2021-10-26,15.56,1,0,0,14.11,13.554305229348149,13.841754165087792,13.867345113495704,0.1735566258430481,0.4740606844425201,0.4625407755374908,0.5731742978096008,6ed147cd585e5e8083292683f9be3cf585e97e4d46fa0e3224d24a4e2b42cbbb,f83baf5732ffbf88b9a448a3d9ab9fa270f7495fe44d1559c1ac49795a30881a,canonical_h5_cross_model_6ed147cd_f83baf57_596f1d05ff47
5,1,2021-10-22,2021-10-27,13.31,0,0,0,13.32,13.251309037528245,13.391424983821327,13.712174313106674,0.1637287139892578,0.44276162981987,0.4652320146560669,0.5531005859375,6ed147cd585e5e8083292683f9be3cf585e97e4d46fa0e3224d24a4e2b42cbbb,f83baf5732ffbf88b9a448a3d9ab9fa270f7495fe44d1559c1ac49795a30881a,canonical_h5_cross_model_6ed147cd_f83baf57_596f1d05ff47
5,1,2021-10-23,2021-10-28,15.19,1,0,0,14.24,13.20822579144914,13.325944543722398,13.868483615810565,0.2326780259609222,0.4359829425811767,0.476868987083435,0.53175950050354,6ed147cd585e5e8083292683f9be3cf585e97e4d46fa0e3224d24a4e2b42cbbb,f83baf5732ffbf88b9a448a3d9ab9fa270f7495fe44d1559c1ac49795a30881a,canonical_h5_cross_model_6ed147cd_f83baf57_596f1d05ff47
5,1,2021-10-24,2021-10-29,17.0,1,1,1,15.48,13.648345943549751,13.793605613484882,14.023654416199593,0.2817120552062988,0.4288327693939209,0.4856083393096924,0.501039981842041,6ed147cd585e5e8083292683f9be3cf585e97e4d46fa0e3224d24a4e2b42cbbb,f83baf5732ffbf88b9a448a3d9ab9fa270f7495fe44d1559c1ac49795a30881a,canonical_h5_cross_model_6ed147cd_f83baf57_596f1d05ff47
5,1,2021-10-25,2021-10-30,15.17,1,0,0,19.6,14.50689368222513,14.57100905378372,14.023654416199593,0.2990671396255493,0.4000299572944641,0.4851484000682831,0.5273883938789368,6ed147cd585e5e8083292683f9be3cf585e97e4d46fa0e3224d24a4e2b42cbbb,f83baf5732ffbf88b9a448a3d9ab9fa270f7495fe44d1559c1ac49795a30881a,canonical_h5_cross_model_6ed147cd_f83baf57_596f1d05ff47
5,1,2021-10-26,2021-10-31,14.34,0,0,0,15.56,14.377127619121724,14.553439375329788,13.594523525203996,0.2424710988998413,0.4286383986473083,0.4545445144176483,0.5426072478294373,6ed147cd585e5e8083292683f9be3cf585e97e4d46fa0e3224d24a4e2b42cbbb,f83baf5732ffbf88b9a448a3d9ab9fa270f7495fe44d1559c1ac49795a30881a,canonical_h5_cross_model_6ed147cd_f83baf57_596f1d05ff47
5,1,2021-10-27,2021-11-01,15.41,1,0,0,13.31,14.478729420570057,14.576003407305318,14.023654416199593,0.4503404498100281,0.4060676991939544,0.4504046440124511,0.5580041408538818,6ed147cd585e5e8083292683f9be3cf585e97e4d46fa0e3224d24a4e2b42cbbb,f83baf5732ffbf88b9a448a3d9ab9fa270f7495fe44d1559c1ac49795a30881a,canonical_h5_cross_model_6ed147cd_f83baf57_596f1d05ff47
5,1,2021-10-28,2021-11-02,15.17,1,0,0,15.19,14.481428939188389,14.57175291794878,14.00704964994947,0.5248322486877441,0.3856854736804962,0.4403467774391174,0.5450156927108765,6ed147cd585e5e8083292683f9be3cf585e97e4d46fa0e3224d24a4e2b42cbbb,f83baf5732ffbf88b9a448a3d9ab9fa270f7495fe44d1559c1ac49795a30881a,canonical_h5_cross_model_6ed147cd_f83baf57_596f1d05ff47
5,1,2021-10-29,2021-11-03,13.4,0,0,0,17.0,14.410213550257575,14.659145214250008,14.023654416199593,0.5556659698486328,0.4186426699161529,0.4342755973339081,0.545376718044281,6ed147cd585e5e8083292683f9be3cf585e97e4d46fa0e3224d24a4e2b42cbbb,f83baf5732ffbf88b9a448a3d9ab9fa270f7495fe44d1559c1ac49795a30881a,canonical_h5_cross_model_6ed147cd_f83baf57_596f1d05ff47
5,1,2021-10-30,2021-11-04,15.12,1,0,0,15.17,14.659051347514383,15.058829739053518,13.887666969032288,0.6035751104354858,0.4340416193008423,0.4204849004745483,0.5656659603118896,6ed147cd585e5e8083292683f9be3cf585e97e4d46fa0e3224d24a4e2b42cbbb,f83baf5732ffbf88b9a448a3d9ab9fa270f7495fe44d1559c1ac49795a30881a,canonical_h5_cross_model_6ed147cd_f83baf57_596f1d05ff47
5,1,2021-10-31,2021-11-05,12.8,0,0,0,14.34,14.529194403414357,14.833138251681534,13.887666969032288,0.5905567407608032,0.4331150949001312,0.3942501246929168,0.5691402554512024,6ed147cd585e5e8083292683f9be3cf585e97e4d46fa0e3224d24a4e2b42cbbb,f83baf5732ffbf88b9a448a3d9ab9fa270f7495fe44d1559c1ac49795a30881a,canonical_h5_cross_model_6ed147cd_f83baf57_596f1d05ff47
5,1,2021-11-01,2021-11-06,12.34,0,0,0,15.41,14.296398155318876,14.497399339733755,14.002271305673151,0.5877101421356201,0.4054671227931976,0.4223805665969848,0.5877903699874878,6ed147cd585e5e8083292683f9be3cf585e97e4d46fa0e3224d24a4e2b42cbbb,f83baf5732ffbf88b9a448a3d9ab9fa270f7495fe44d1559c1ac49795a30881a,canonical_h5_cross_model_6ed147cd_f83baf57_596f1d05ff47
5,1,2021-11-02,2021-11-07,13.03,0,0,0,15.17,14.00231298524309,14.06567860661008,14.002271305673151,0.5139268636703491,0.4245929419994354,0.4243360161781311,0.5620770454406738,6ed147cd585e5e8083292683f9be3cf585e97e4d46fa0e3224d24a4e2b42cbbb,f83baf5732ffbf88b9a448a3d9ab9fa270f7495fe44d1559c1ac49795a30881a,canonical_h5_cross_model_6ed147cd_f83baf57_596f1d05ff47
5,1,2021-11-03,2021-11-08,13.2,0,0,0,13.4,13.897631504197372,13.89496708359662,14.002271305673151,0.5068979263305664,0.4413093626499176,0.4280356168746948,0.5330395102500916,6ed147cd585e5e8083292683f9be3cf585e97e4d46fa0e3224d24a4e2b42cbbb,f83baf5732ffbf88b9a448a3d9ab9fa270f7495fe44d1559c1ac49795a30881a,canonical_h5_cross_model_6ed147cd_f83baf57_596f1d05ff47
5,1,2021-11-04,2021-11-09,14.39,0,0,0,15.12,13.506692688125032,13.579332742213962,14.023654416199593,0.4335342049598694,0.4180409610271454,0.4332441389560699,0.5551672577857971,6ed147cd585e5e8083292683f9be3cf585e97e4d46fa0e3224d24a4e2b42cbbb,f83baf5732ffbf88b9a448a3d9ab9fa270f7495fe44d1559c1ac49795a30881a,canonical_h5_cross_model_6ed147cd_f83baf57_596f1d05ff47
5,1,2021-11-05,2021-11-10,11.54,0,0,0,12.8,13.284116963821754,13.385577702903756,13.594523525203996,0.3319090604782104,0.4440388083457947,0.4132784307003021,0.5419135093688965,6ed147cd585e5e8083292683f9be3cf585e97e4d46fa0e3224d24a4e2b42cbbb,f83baf5732ffbf88b9a448a3d9ab9fa270f7495fe44d1559c1ac49795a30881a,canonical_h5_cross_model_6ed147cd_f83baf57_596f1d05ff47
5,1,2021-11-06,2021-11-11,12.82,0,0,0,12.34,12.846606323664016,12.95527046037227,13.439352724814963,0.3146511614322662,0.429312527179718,0.415603369474411,0.5230404138565063,6ed147cd585e5e8083292683f9be3cf585e97e4d46fa0e3224d24a4e2b42cbbb,f83baf5732ffbf88b9a448a3d9ab9fa270f7495fe44d1559c1ac49795a30881a,canonical_h5_cross_model_6ed147cd_f83baf57_596f1d05ff47
5,1,2021-11-07,2021-11-12,13.54,0,0,0,13.03,12.859812760830543,12.917002948692582,13.74910093489338,0.2624070346355438,0.4244689345359802,0.4202300906181335,0.5168198347091675,6ed147cd585e5e8083292683f9be3cf585e97e4d46fa0e3224d24a4e2b42cbbb,f83baf5732ffbf88b9a448a3d9ab9fa270f7495fe44d1559c1ac49795a30881a,canonical_h5_cross_model_6ed147cd_f83baf57_596f1d05ff47
5,1,2021-11-08,2021-11-13,13.92,0,0,0,13.2,12.980428895828704,13.022245844093636,14.023654416199593,0.2158439755439758,0.4358691573143005,0.4336721897125244,0.529883623123169,6ed147cd585e5e8083292683f9be3cf585e97e4d46fa0e3224d24a4e2b42cbbb,f83baf5732ffbf88b9a448a3d9ab9fa270f7495fe44d1559c1ac49795a30881a,canonical_h5_cross_model_6ed147cd_f83baf57_596f1d05ff47
5,1,2021-11-09,2021-11-14,15.8,1,0,0,14.39,13.210781441497858,13.396643456563234,13.594523525203996,0.2267476022243499,0.4446250796318054,0.3988828361034393,0.5464203357696533,6ed147cd585e5e8083292683f9be3cf585e97e4d46fa0e3224d24a4e2b42cbbb,f83baf5732ffbf88b9a448a3d9ab9fa270f7495fe44d1559c1ac49795a30881a,canonical_h5_cross_model_6ed147cd_f83baf57_596f1d05ff47
5,1,2021-11-10,2021-11-15,14.69,0,0,0,11.54,13.439530181893373,13.631377589659047,13.52409039236104,0.1742655038833618,0.4429155588150024,0.4069483280181885,0.5512260794639587,6ed147cd585e5e8083292683f9be3cf585e97e4d46fa0e3224d24a4e2b42cbbb,f83baf5732ffbf88b9a448a3d9ab9fa270f7495fe44d1559c1ac49795a30881a,canonical_h5_cross_model_6ed147cd_f83baf57_596f1d05ff47
5,1,2021-11-11,2021-11-16,12.83,0,0,0,12.82,13.377588474039218,13.610297668871434,14.254624028907331,0.2662845253944397,0.4368358552455902,0.4247682094573974,0.5527676939964294,6ed147cd585e5e8083292683f9be3cf585e97e4d46fa0e3224d24a4e2b42cbbb,f83baf5732ffbf88b9a448a3d9ab9fa270f7495fe44d1559c1ac49795a30881a,canonical_h5_cross_model_6ed147cd_f83baf57_596f1d05ff47
5,1,2021-11-12,2021-11-17,12.32,0,0,0,13.54,13.534439844969564,13.824118695491102,14.325057161750289,0.1816315054893493,0.4426256716251373,0.4490722715854645,0.5613626837730408,6ed147cd585e5e8083292683f9be3cf585e97e4d46fa0e3224d24a4e2b42cbbb,f83baf5732ffbf88b9a448a3d9ab9fa270f7495fe44d1559c1ac49795a30881a,canonical_h5_cross_model_6ed147cd_f83baf57_596f1d05ff47
5,1,2021-11-13,2021-11-18,17.99,1,1,1,13.92,13.781141204996263,14.084641803685946,13.783218429440284,0.2232276201248169,0.4525846838951111,0.4318428635597229,0.5419110655784607,6ed147cd585e5e8083292683f9be3cf585e97e4d46fa0e3224d24a4e2b42cbbb,f83baf5732ffbf88b9a448a3d9ab9fa270f7495fe44d1559c1ac49795a30881a,canonical_h5_cross_model_6ed147cd_f83baf57_596f1d05ff47
5,1,2021-11-14,2021-11-19,17.94,1,1,1,15.8,13.59033380180517,13.87183396773959,13.577918758953873,0.1640777587890625,0.4572546482086181,0.4248272478580475,0.5161320567131042,6ed147cd585e5e8083292683f9be3cf585e97e4d46fa0e3224d24a4e2b42cbbb,f83baf5732ffbf88b9a448a3d9ab9fa270f7495fe44d1559c1ac49795a30881a,canonical_h5_cross_model_6ed147cd_f83baf57_596f1d05ff47
5,1,2021-11-15,2021-11-20,11.8,0,0,0,14.69,13.7109902112248,14.0175559822476,13.421609456249984,0.2542443871498108,0.4760935306549072,0.4275741875171661,0.5491663813591003,6ed147cd585e5e8083292683f9be3cf585e97e4d46fa0e3224d24a4e2b42cbbb,f83baf5732ffbf88b9a448a3d9ab9fa270f7495fe44d1559c1ac49795a30881a,canonical_h5_cross_model_6ed147cd_f83baf57_596f1d05ff47
5,1,2021-11-16,2021-11-21,11.89,0,0,0,12.83,13.369245546822306,13.72605444323031,13.594523525203996,0.2385582029819488,0.4627056419849396,0.4425651431083679,0.5545762181282043,6ed147cd585e5e8083292683f9be3cf585e97e4d46fa0e3224d24a4e2b42cbbb,f83baf5732ffbf88b9a448a3d9ab9fa270f7495fe44d1559c1ac49795a30881a,canonical_h5_cross_model_6ed147cd_f83baf57_596f1d05ff47
5,1,2021-11-17,2021-11-22,12.22,0,0,0,12.32,13.547340540454236,13.82129180422985,14.023654416199593,0.2547793984413147,0.4357347786426544,0.4637339115142822,0.5399863719940186,6ed147cd585e5e8083292683f9be3cf585e97e4d46fa0e3224d24a4e2b42cbbb,f83baf5732ffbf88b9a448a3d9ab9fa270f7495fe44d1559c1ac49795a30881a,canonical_h5_cross_model_6ed147cd_f83baf57_596f1d05ff47
5,1,2021-11-18,2021-11-23,13.13,0,0,0,17.99,13.300991973655414,13.485111051022123,14.00704964994947,0.2122660875320434,0.4690782129764557,0.4349703192710876,0.5133142471313477,6ed147cd585e5e8083292683f9be3cf585e97e4d46fa0e3224d24a4e2b42cbbb,f83baf5732ffbf88b9a448a3d9ab9fa270f7495fe44d1559c1ac49795a30881a,canonical_h5_cross_model_6ed147cd_f83baf57_596f1d05ff47
5,1,2021-11-19,2021-11-24,16.36,1,1,0,17.94,13.912352225713644,14.101448270875732,14.023654416199593,0.2306087911128997,0.4838329255580902,0.4472522139549255,0.5422866344451904,6ed147cd585e5e8083292683f9be3cf585e97e4d46fa0e3224d24a4e2b42cbbb,f83baf5732ffbf88b9a448a3d9ab9fa270f7495fe44d1559c1ac49795a30881a,canonical_h5_cross_model_6ed147cd_f83baf57_596f1d05ff47
5,1,2021-11-20,2021-11-25,12.85,0,0,0,11.8,13.422723768399091,13.6646617870118,13.577918758953873,0.2119790017604828,0.4742259681224823,0.432753324508667,0.5354973077774048,6ed147cd585e5e8083292683f9be3cf585e97e4d46fa0e3224d24a4e2b42cbbb,f83baf5732ffbf88b9a448a3d9ab9fa270f7495fe44d1559c1ac49795a30881a,canonical_h5_cross_model_6ed147cd_f83baf57_596f1d05ff47
5,1,2021-11-21,2021-11-26,11.66,0,0,0,11.89,12.738097707853454,12.88145904694825,13.594523525203996,0.2786655724048614,0.4625974893569946,0.4408600926399231,0.5308036208152771,6ed147cd585e5e8083292683f9be3cf585e97e4d46fa0e3224d24a4e2b42cbbb,f83baf5732ffbf88b9a448a3d9ab9fa270f7495fe44d1559c1ac49795a30881a,canonical_h5_cross_model_6ed147cd_f83baf57_596f1d05ff47
5,1,2021-11-22,2021-11-27,13.7,0,0,0,12.22,12.6551846329854,12.755734861066257,13.573140414677557,0.2360748946666717,0.456843614578247,0.4488226175308227,0.5424339175224304,6ed147cd585e5e8083292683f9be3cf585e97e4d46fa0e3224d24a4e2b42cbbb,f83baf5732ffbf88b9a448a3d9ab9fa270f7495fe44d1559c1ac49795a30881a,canonical_h5_cross_model_6ed147cd_f83baf57_596f1d05ff47
5,1,2021-11-23,2021-11-28,13.18,0,0,0,13.13,12.669095707351085,12.731143772991215,12.549592380247429,0.2183420956134796,0.4864436984062195,0.4432565867900848,0.4946771264076233,6ed147cd585e5e8083292683f9be3cf585e97e4d46fa0e3224d24a4e2b42cbbb,f83baf5732ffbf88b9a448a3d9ab9fa270f7495fe44d1559c1ac49795a30881a,canonical_h5_cross_model_6ed147cd_f83baf57_596f1d05ff47
5,1,2021-11-24,2021-11-29,13.79,0,0,0,16.36,12.507449487732837,12.629752305909324,12.495764013654592,0.1585501432418823,0.4803652167320251,0.4480673670768738,0.5051202774047852,6ed147cd585e5e8083292683f9be3cf585e97e4d46fa0e3224d24a4e2b42cbbb,f83baf5732ffbf88b9a448a3d9ab9fa270f7495fe44d1559c1ac49795a30881a,canonical_h5_cross_model_6ed147cd_f83baf57_596f1d05ff47
5,1,2021-11-25,2021-11-30,12.22,0,0,0,12.85,12.451720341764847,12.672611248522603,12.01310173462217,0.0929265692830085,0.4704214632511139,0.4212627112865448,0.5267489552497864,6ed147cd585e5e8083292683f9be3cf585e97e4d46fa0e3224d24a4e2b42cbbb,f83baf5732ffbf88b9a448a3d9ab9fa270f7495fe44d1559c1ac49795a30881a,canonical_h5_cross_model_6ed147cd_f83baf57_596f1d05ff47
5,1,2021-11-26,2021-12-01,10.84,0,0,0,11.66,11.83525693611328,12.019461639481094,12.2381927617699,0.1280197203159332,0.4701160490512848,0.4232740700244903,0.5338391065597534,6ed147cd585e5e8083292683f9be3cf585e97e4d46fa0e3224d24a4e2b42cbbb,f83baf5732ffbf88b9a448a3d9ab9fa270f7495fe44d1559c1ac49795a30881a,canonical_h5_cross_model_6ed147cd_f83baf57_596f1d05ff47
5,1,2021-11-27,2021-12-02,13.37,0,0,0,13.7,11.937404337124756,12.099821994365112,12.2381927617699,0.2650954723358154,0.4844022989273071,0.4458841383457184,0.5569731593132019,6ed147cd585e5e8083292683f9be3cf585e97e4d46fa0e3224d24a4e2b42cbbb,f83baf5732ffbf88b9a448a3d9ab9fa270f7495fe44d1559c1ac49795a30881a,canonical_h5_cross_model_6ed147cd_f83baf57_596f1d05ff47
5,1,2021-11-28,2021-12-03,10.74,0,0,0,13.18,12.70086219071744,12.847179467854687,12.78190533556688,0.2125800251960754,0.4914183616638183,0.4734420478343963,0.5348049402236938,6ed147cd585e5e8083292683f9be3cf585e97e4d46fa0e3224d24a4e2b42cbbb,f83baf5732ffbf88b9a448a3d9ab9fa270f7495fe44d1559c1ac49795a30881a,canonical_h5_cross_model_6ed147cd_f83baf57_596f1d05ff47
5,1,2021-11-29,2021-12-04,11.22,0,0,0,13.79,12.790046650060985,13.002775545766667,12.615146694571775,0.2601191103458404,0.5064597129821777,0.4669861197471618,0.548085629940033,6ed147cd585e5e8083292683f9be3cf585e97e4d46fa0e3224d24a4e2b42cbbb,f83baf5732ffbf88b9a448a3d9ab9fa270f7495fe44d1559c1ac49795a30881a,canonical_h5_cross_model_6ed147cd_f83baf57_596f1d05ff47
5,1,2021-11-30,2021-12-05,8.75,0,0,0,12.22,12.612978554590134,12.753082242096792,12.68392841901562,0.1710897088050842,0.4887890815734863,0.4584237039089203,0.5364193916320801,6ed147cd585e5e8083292683f9be3cf585e97e4d46fa0e3224d24a4e2b42cbbb,f83baf5732ffbf88b9a448a3d9ab9fa270f7495fe44d1559c1ac49795a30881a,canonical_h5_cross_model_6ed147cd_f83baf57_596f1d05ff47
5,1,2021-12-01,2021-12-06,9.91,0,0,0,10.84,12.489081330883394,12.612139961109015,12.081883459066011,0.1660676896572113,0.4773379862308502,0.419839084148407,0.5317931175231934,6ed147cd585e5e8083292683f9be3cf585e97e4d46fa0e3224d24a4e2b42cbbb,f83baf5732ffbf88b9a448a3d9ab9fa270f7495fe44d1559c1ac49795a30881a,canonical_h5_cross_model_6ed147cd_f83baf57_596f1d05ff47
5,1,2021-12-02,2021-12-07,10.34,0,0,0,13.37,12.6085468602141,12.69694169737078,12.51496728063838,0.1910849213600158,0.4924363493919372,0.4656471908092499,0.5280494093894958,6ed147cd585e5e8083292683f9be3cf585e97e4d46fa0e3224d24a4e2b42cbbb,f83baf5732ffbf88b9a448a3d9ab9fa270f7495fe44d1559c1ac49795a30881a,canonical_h5_cross_model_6ed147cd_f83baf57_596f1d05ff47
5,1,2021-12-03,2021-12-08,10.51,0,0,0,10.74,12.722252633100991,13.031802976325029,12.2399654744927,0.2327118515968322,0.4953696727752685,0.472168505191803,0.5391600728034973,6ed147cd585e5e8083292683f9be3cf585e97e4d46fa0e3224d24a4e2b42cbbb,f83baf5732ffbf88b9a448a3d9ab9fa270f7495fe44d1559c1ac49795a30881a,canonical_h5_cross_model_6ed147cd_f83baf57_596f1d05ff47
5,1,2021-12-04,2021-12-09,11.17,0,0,0,11.22,12.575518883378043,12.785678234961352,12.138543846711766,0.177400141954422,0.4976023435592651,0.4579760432243347,0.5009954571723938,6ed147cd585e5e8083292683f9be3cf585e97e4d46fa0e3224d24a4e2b42cbbb,f83baf5732ffbf88b9a448a3d9ab9fa270f7495fe44d1559c1ac49795a30881a,canonical_h5_cross_model_6ed147cd_f83baf57_596f1d05ff47
5,1,2021-12-05,2021-12-10,11.52,0,0,0,8.75,12.427371177134948,12.680139847664288,12.140495665787572,0.1603122055530548,0.5008098483085632,0.4511123299598694,0.5252918601036072,6ed147cd585e5e8083292683f9be3cf585e97e4d46fa0e3224d24a4e2b42cbbb,f83baf5732ffbf88b9a448a3d9ab9fa270f7495fe44d1559c1ac49795a30881a,canonical_h5_cross_model_6ed147cd_f83baf57_596f1d05ff47
5,1,2021-12-06,2021-12-11,11.81,0,0,0,9.91,11.744868108021924,11.928181099119584,11.208398233013977,0.1402078568935394,0.4901219010353088,0.4405049383640289,0.4880101680755615,6ed147cd585e5e8083292683f9be3cf585e97e4d46fa0e3224d24a4e2b42cbbb,f83baf5732ffbf88b9a448a3d9ab9fa270f7495fe44d1559c1ac49795a30881a,canonical_h5_cross_model_6ed147cd_f83baf57_596f1d05ff47
5,1,2021-12-07,2021-12-12,12.88,0,0,0,10.34,12.380115601536096,12.47974926283208,12.207701388511037,0.1934196352958679,0.5166411995887756,0.4764128029346466,0.5024526119232178,6ed147cd585e5e8083292683f9be3cf585e97e4d46fa0e3224d24a4e2b42cbbb,f83baf5732ffbf88b9a448a3d9ab9fa270f7495fe44d1559c1ac49795a30881a,canonical_h5_cross_model_6ed147cd_f83baf57_596f1d05ff47
5,1,2021-12-08,2021-12-13,11.17,0,0,0,10.51,12.119534213489649,12.19659388816281,11.915404638639842,0.1874626278877258,0.5104213953018188,0.4572565257549286,0.4845581650733948,6ed147cd585e5e8083292683f9be3cf585e97e4d46fa0e3224d24a4e2b42cbbb,f83baf5732ffbf88b9a448a3d9ab9fa270f7495fe44d1559c1ac49795a30881a,canonical_h5_cross_model_6ed147cd_f83baf57_596f1d05ff47
5,1,2021-12-09,2021-12-14,12.56,0,0,0,11.17,11.994513084232258,12.073177347735296,11.932009404889964,0.0861547663807869,0.4963206946849823,0.4489452242851257,0.4858694076538086,6ed147cd585e5e8083292683f9be3cf585e97e4d46fa0e3224d24a4e2b42cbbb,f83baf5732ffbf88b9a448a3d9ab9fa270f7495fe44d1559c1ac49795a30881a,canonical_h5_cross_model_6ed147cd_f83baf57_596f1d05ff47
5,1,2021-12-10,2021-12-15,12.41,0,0,0,11.52,11.994646520178891,11.97486205757617,12.253810737371309,0.1188597157597541,0.5223016738891602,0.44815593957901,0.4987967312335968,6ed147cd585e5e8083292683f9be3cf585e97e4d46fa0e3224d24a4e2b42cbbb,f83baf5732ffbf88b9a448a3d9ab9fa270f7495fe44d1559c1ac49795a30881a,canonical_h5_cross_model_6ed147cd_f83baf57_596f1d05ff47
5,1,2021-12-11,2021-12-16,12.31,0,0,0,11.81,11.823232714417104,11.774645250042663,11.78901303122755,0.0734863951802253,0.4999696016311645,0.4510075449943542,0.4780580103397369,6ed147cd585e5e8083292683f9be3cf585e97e4d46fa0e3224d24a4e2b42cbbb,f83baf5732ffbf88b9a448a3d9ab9fa270f7495fe44d1559c1ac49795a30881a,canonical_h5_cross_model_6ed147cd_f83baf57_596f1d05ff47
5,1,2021-12-12,2021-12-17,12.19,0,0,0,12.88,11.793641646599738,11.849512027046996,12.113023665670132,0.0888540521264076,0.4945274591445923,0.4592070579528808,0.5068688988685608,6ed147cd585e5e8083292683f9be3cf585e97e4d46fa0e3224d24a4e2b42cbbb,f83baf5732ffbf88b9a448a3d9ab9fa270f7495fe44d1559c1ac49795a30881a,canonical_h5_cross_model_6ed147cd_f83baf57_596f1d05ff47
5,1,2021-12-13,2021-12-18,13.13,0,0,0,11.17,12.028463491011278,12.12854986926267,11.941369403354663,-0.0056622326374053,0.5047321915626526,0.4560845494270324,0.4952766299247741,6ed147cd585e5e8083292683f9be3cf585e97e4d46fa0e3224d24a4e2b42cbbb,f83baf5732ffbf88b9a448a3d9ab9fa270f7495fe44d1559c1ac49795a30881a,canonical_h5_cross_model_6ed147cd_f83baf57_596f1d05ff47
5,1,2021-12-14,2021-12-19,13.1,0,0,0,12.56,11.80719164367912,12.043618957985588,11.87362939444994,0.0575031861662864,0.5178387761116028,0.449178397655487,0.5121157169342041,6ed147cd585e5e8083292683f9be3cf585e97e4d46fa0e3224d24a4e2b42cbbb,f83baf5732ffbf88b9a448a3d9ab9fa270f7495fe44d1559c1ac49795a30881a,canonical_h5_cross_model_6ed147cd_f83baf57_596f1d05ff47
5,1,2021-12-15,2021-12-20,11.09,0,0,0,12.41,12.064118126267148,12.24677252876604,12.35345965242944,-0.0121581070125103,0.5248835682868958,0.4562408328056335,0.5067087411880493,6ed147cd585e5e8083292683f9be3cf585e97e4d46fa0e3224d24a4e2b42cbbb,f83baf5732ffbf88b9a448a3d9ab9fa270f7495fe44d1559c1ac49795a30881a,canonical_h5_cross_model_6ed147cd_f83baf57_596f1d05ff47
5,1,2021-12-16,2021-12-21,11.57,0,0,0,12.31,12.119967561951697,12.347907298089057,12.422771875748545,0.0795383974909782,0.5412485003471375,0.4560922980308532,0.5139400959014893,6ed147cd585e5e8083292683f9be3cf585e97e4d46fa0e3224d24a4e2b42cbbb,f83baf5732ffbf88b9a448a3d9ab9fa270f7495fe44d1559c1ac49795a30881a,canonical_h5_cross_model_6ed147cd_f83baf57_596f1d05ff47
5,1,2021-12-17,2021-12-22,12.64,0,0,0,12.19,12.352890707648251,12.664262919120166,12.647862902896277,0.0701227262616157,0.5416229963302612,0.4595954716205597,0.5206074714660645,6ed147cd585e5e8083292683f9be3cf585e97e4d46fa0e3224d24a4e2b42cbbb,f83baf5732ffbf88b9a448a3d9ab9fa270f7495fe44d1559c1ac49795a30881a,canonical_h5_cross_model_6ed147cd_f83baf57_596f1d05ff47
5,1,2021-12-18,2021-12-23,17.51,1,1,1,13.13,12.261654311109163,12.668678782857649,12.181805390113974,0.0318325087428092,0.5350678563117981,0.4376092553138733,0.526145339012146,6ed147cd585e5e8083292683f9be3cf585e97e4d46fa0e3224d24a4e2b42cbbb,f83baf5732ffbf88b9a448a3d9ab9fa270f7495fe44d1559c1ac49795a30881a,canonical_h5_cross_model_6ed147cd_f83baf57_596f1d05ff47
5,1,2021-12-19,2021-12-24,17.98,1,1,1,13.1,12.353766965643167,12.745504076569649,12.731769660890397,0.0277763083577156,0.5439113974571228,0.4420770704746246,0.5202417969703674,6ed147cd585e5e8083292683f9be3cf585e97e4d46fa0e3224d24a4e2b42cbbb,f83baf5732ffbf88b9a448a3d9ab9fa270f7495fe44d1559c1ac49795a30881a,canonical_h5_cross_model_6ed147cd_f83baf57_596f1d05ff47
5,1,2021-12-20,2021-12-25,13.07,0,0,0,11.09,12.124764816568442,12.51820663422428,11.997756775010592,0.021249696612358,0.5356460809707642,0.4458820819854736,0.516968846321106,6ed147cd585e5e8083292683f9be3cf585e97e4d46fa0e3224d24a4e2b42cbbb,f83baf5732ffbf88b9a448a3d9ab9fa270f7495fe44d1559c1ac49795a30881a,canonical_h5_cross_model_6ed147cd_f83baf57_596f1d05ff47
5,1,2021-12-21,2021-12-26,12.36,0,0,0,11.57,11.739723761365822,12.039519168723372,11.998798490549706,0.0751800462603569,0.533814549446106,0.4539648592472076,0.4953523576259613,6ed147cd585e5e8083292683f9be3cf585e97e4d46fa0e3224d24a4e2b42cbbb,f83baf5732ffbf88b9a448a3d9ab9fa270f7495fe44d1559c1ac49795a30881a,canonical_h5_cross_model_6ed147cd_f83baf57_596f1d05ff47
5,1,2021-12-22,2021-12-27,11.88,0,0,0,12.64,12.232529676229063,12.522179144575222,12.68392841901562,0.1755493879318237,0.5632863640785217,0.4864856302738189,0.5074617862701416,6ed147cd585e5e8083292683f9be3cf585e97e4d46fa0e3224d24a4e2b42cbbb,f83baf5732ffbf88b9a448a3d9ab9fa270f7495fe44d1559c1ac49795a30881a,canonical_h5_cross_model_6ed147cd_f83baf57_596f1d05ff47
5,1,2021-12-23,2021-12-28,12.06,0,0,0,17.51,12.686481801158989,12.862887919432977,12.513925565099266,0.1615204215049743,0.5704467296600342,0.5235738158226013,0.4845747947692871,6ed147cd585e5e8083292683f9be3cf585e97e4d46fa0e3224d24a4e2b42cbbb,f83baf5732ffbf88b9a448a3d9ab9fa270f7495fe44d1559c1ac49795a30881a,canonical_h5_cross_model_6ed147cd_f83baf57_596f1d05ff47
5,1,2021-12-24,2021-12-29,11.48,0,0,0,17.98,12.687983154475136,12.843927322606794,12.394542884182082,0.1310298442840576,0.5414011478424072,0.4835151135921478,0.5190563201904297,6ed147cd585e5e8083292683f9be3cf585e97e4d46fa0e3224d24a4e2b42cbbb,f83baf5732ffbf88b9a448a3d9ab9fa270f7495fe44d1559c1ac49795a30881a,canonical_h5_cross_model_6ed147cd_f83baf57_596f1d05ff47
5,1,2021-12-25,2021-12-30,11.02,0,0,0,13.07,12.9957143776753,13.051514719503164,12.598052249154684,0.1072455719113349,0.520248293876648,0.4903706610202789,0.5098049640655518,6ed147cd585e5e8083292683f9be3cf585e97e4d46fa0e3224d24a4e2b42cbbb,f83baf5732ffbf88b9a448a3d9ab9fa270f7495fe44d1559c1ac49795a30881a,canonical_h5_cross_model_6ed147cd_f83baf57_596f1d05ff47
5,1,2021-12-26,2021-12-31,12.37,0,0,0,12.36,12.586502142937643,12.552716714869817,12.598052249154684,0.1674212217330932,0.5161429643630981,0.5001908540725708,0.5136992335319519,6ed147cd585e5e8083292683f9be3cf585e97e4d46fa0e3224d24a4e2b42cbbb,f83baf5732ffbf88b9a448a3d9ab9fa270f7495fe44d1559c1ac49795a30881a,canonical_h5_cross_model_6ed147cd_f83baf57_596f1d05ff47
5,1,2021-12-27,2022-01-01,13.37,0,0,0,11.88,12.61734503816938,12.58421576165802,12.754361551858574,0.2067316472530365,0.5038095712661743,0.5112535953521729,0.4835347235202789,6ed147cd585e5e8083292683f9be3cf585e97e4d46fa0e3224d24a4e2b42cbbb,f83baf5732ffbf88b9a448a3d9ab9fa270f7495fe44d1559c1ac49795a30881a,canonical_h5_cross_model_6ed147cd_f83baf57_596f1d05ff47
5,1,2021-12-28,2022-01-02,12.34,0,0,0,12.06,12.452012271689323,12.668979441895532,12.308625894612856,0.3030392825603485,0.4913015365600586,0.4807490706443786,0.4875202476978302,6ed147cd585e5e8083292683f9be3cf585e97e4d46fa0e3224d24a4e2b42cbbb,f83baf5732ffbf88b9a448a3d9ab9fa270f7495fe44d1559c1ac49795a30881a,canonical_h5_cross_model_6ed147cd_f83baf57_596f1d05ff47
5,1,2021-12-29,2022-01-03,12.28,0,0,0,11.48,12.77089047048195,12.829950145417516,12.325230660862978,0.1756313145160675,0.4957159161567688,0.4710193574428558,0.440748393535614,6ed147cd585e5e8083292683f9be3cf585e97e4d46fa0e3224d24a4e2b42cbbb,f83baf5732ffbf88b9a448a3d9ab9fa270f7495fe44d1559c1ac49795a30881a,canonical_h5_cross_model_6ed147cd_f83baf57_596f1d05ff47
5,1,2021-12-30,2022-01-04,12.84,0,0,0,11.02,12.575461761528008,12.919214585973164,11.983966437022383,0.2265418469905853,0.5021623969078064,0.4329259097576141,0.500644862651825,6ed147cd585e5e8083292683f9be3cf585e97e4d46fa0e3224d24a4e2b42cbbb,f83baf5732ffbf88b9a448a3d9ab9fa270f7495fe44d1559c1ac49795a30881a,canonical_h5_cross_model_6ed147cd_f83baf57_596f1d05ff47
5,1,2021-12-31,2022-01-05,12.52,0,0,0,12.37,12.497250833190051,12.861267276158811,12.15562069933785,0.1673203110694885,0.5004711151123047,0.4197067320346832,0.4884188771247864,6ed147cd585e5e8083292683f9be3cf585e97e4d46fa0e3224d24a4e2b42cbbb,f83baf5732ffbf88b9a448a3d9ab9fa270f7495fe44d1559c1ac49795a30881a,canonical_h5_cross_model_6ed147cd_f83baf57_596f1d05ff47
5,1,2022-01-01,2022-01-06,12.79,0,0,0,13.37,12.547515138172672,12.924965967463418,11.930926869642557,0.1194658651947975,0.4861396551132202,0.4199780523777008,0.4900386035442352,6ed147cd585e5e8083292683f9be3cf585e97e4d46fa0e3224d24a4e2b42cbbb,f83baf5732ffbf88b9a448a3d9ab9fa270f7495fe44d1559c1ac49795a30881a,canonical_h5_cross_model_6ed147cd_f83baf57_596f1d05ff47
5,1,2022-01-02,2022-01-07,13.93,0,0,0,12.34,12.638445155166618,12.91076339087028,11.930926869642557,0.0833899453282356,0.4973368346691131,0.4174806773662567,0.4766449630260467,6ed147cd585e5e8083292683f9be3cf585e97e4d46fa0e3224d24a4e2b42cbbb,f83baf5732ffbf88b9a448a3d9ab9fa270f7495fe44d1559c1ac49795a30881a,canonical_h5_cross_model_6ed147cd_f83baf57_596f1d05ff47
5,1,2022-01-03,2022-01-08,14.05,0,0,0,12.28,12.315411348517408,12.661701735081788,12.031658319948098,0.0366797521710395,0.4751796126365661,0.4337509572505951,0.4945475161075592,6ed147cd585e5e8083292683f9be3cf585e97e4d46fa0e3224d24a4e2b42cbbb,f83baf5732ffbf88b9a448a3d9ab9fa270f7495fe44d1559c1ac49795a30881a,canonical_h5_cross_model_6ed147cd_f83baf57_596f1d05ff47
5,1,2022-01-04,2022-01-09,11.8,0,0,0,12.84,12.412366588491697,12.52631751397812,12.444184444693573,0.0812217071652412,0.5166427493095398,0.431188553571701,0.4958262741565704,6ed147cd585e5e8083292683f9be3cf585e97e4d46fa0e3224d24a4e2b42cbbb,f83baf5732ffbf88b9a448a3d9ab9fa270f7495fe44d1559c1ac49795a30881a,canonical_h5_cross_model_6ed147cd_f83baf57_596f1d05ff47
5,1,2022-01-05,2022-01-10,12.13,0,0,0,12.52,12.602987887640678,12.702156867950292,12.617098513647584,0.0662933960556984,0.5000877976417542,0.4624896645545959,0.4870971441268921,6ed147cd585e5e8083292683f9be3cf585e97e4d46fa0e3224d24a4e2b42cbbb,f83baf5732ffbf88b9a448a3d9ab9fa270f7495fe44d1559c1ac49795a30881a,canonical_h5_cross_model_6ed147cd_f83baf57_596f1d05ff47
5,1,2022-01-06,2022-01-11,11.1,0,0,0,12.79,12.525746136403352,12.566137286398018,13.010753481720116,0.125158816576004,0.5163515210151672,0.4714407920837402,0.4958983063697815,6ed147cd585e5e8083292683f9be3cf585e97e4d46fa0e3224d24a4e2b42cbbb,f83baf5732ffbf88b9a448a3d9ab9fa270f7495fe44d1559c1ac49795a30881a,canonical_h5_cross_model_6ed147cd_f83baf57_596f1d05ff47
5,1,2022-01-07,2022-01-12,12.55,0,0,0,13.93,12.112492835870846,12.186429180535209,12.790028367006736,0.0806703642010688,0.5021210312843323,0.4445883333683014,0.4742058217525482,6ed147cd585e5e8083292683f9be3cf585e97e4d46fa0e3224d24a4e2b42cbbb,f83baf5732ffbf88b9a448a3d9ab9fa270f7495fe44d1559c1ac49795a30881a,canonical_h5_cross_model_6ed147cd_f83baf57_596f1d05ff47
5,1,2022-01-08,2022-01-13,15.31,1,0,0,14.05,12.270366835674867,12.452553166621636,12.806633133256858,0.1239755377173423,0.5051240921020508,0.4590889811515808,0.5028388500213623,6ed147cd585e5e8083292683f9be3cf585e97e4d46fa0e3224d24a4e2b42cbbb,f83baf5732ffbf88b9a448a3d9ab9fa270f7495fe44d1559c1ac49795a30881a,canonical_h5_cross_model_6ed147cd_f83baf57_596f1d05ff47
5,1,2022-01-09,2022-01-14,15.32,1,0,0,11.8,12.358390817490989,12.459785862919516,12.806633133256858,0.1261027157306671,0.4986356794834137,0.4666140377521515,0.4808856546878814,6ed147cd585e5e8083292683f9be3cf585e97e4d46fa0e3224d24a4e2b42cbbb,f83baf5732ffbf88b9a448a3d9ab9fa270f7495fe44d1559c1ac49795a30881a,canonical_h5_cross_model_6ed147cd_f83baf57_596f1d05ff47
5,1,2022-01-10,2022-01-15,13.61,0,0,0,12.13,12.171458349413143,12.338431553109906,12.806633133256858,0.1922462582588195,0.4954266846179962,0.4698165357112884,0.4953455626964569,6ed147cd585e5e8083292683f9be3cf585e97e4d46fa0e3224d24a4e2b42cbbb,f83baf5732ffbf88b9a448a3d9ab9fa270f7495fe44d1559c1ac49795a30881a,canonical_h5_cross_model_6ed147cd_f83baf57_596f1d05ff47
5,1,2022-01-11,2022-01-16,10.99,0,0,0,11.1,12.655300914422863,12.694218501446612,12.926015814174042,0.146544337272644,0.5155487656593323,0.4752629697322845,0.4861659109592438,6ed147cd585e5e8083292683f9be3cf585e97e4d46fa0e3224d24a4e2b42cbbb,f83baf5732ffbf88b9a448a3d9ab9fa270f7495fe44d1559c1ac49795a30881a,canonical_h5_cross_model_6ed147cd_f83baf57_596f1d05ff47
5,1,2022-01-12,2022-01-17,12.86,0,0,0,12.55,12.18271005249652,12.266346322997988,12.310198109027231,0.1348228454589843,0.499222069978714,0.4436558783054352,0.4654482305049896,6ed147cd585e5e8083292683f9be3cf585e97e4d46fa0e3224d24a4e2b42cbbb,f83baf5732ffbf88b9a448a3d9ab9fa270f7495fe44d1559c1ac49795a30881a,canonical_h5_cross_model_6ed147cd_f83baf57_596f1d05ff47
5,1,2022-01-13,2022-01-18,11.89,0,0,0,15.31,12.461045342358306,12.569072521603973,12.66897506116461,0.1718811690807342,0.5149919986724854,0.4541670083999634,0.4976541101932525,6ed147cd585e5e8083292683f9be3cf585e97e4d46fa0e3224d24a4e2b42cbbb,f83baf5732ffbf88b9a448a3d9ab9fa270f7495fe44d1559c1ac49795a30881a,canonical_h5_cross_model_6ed147cd_f83baf57_596f1d05ff47
5,1,2022-01-14,2022-01-19,14.33,0,0,0,15.32,12.609081239109242,12.85708415844466,12.067051405538688,0.1402035653591156,0.5146397352218628,0.4366147816181183,0.5088316202163696,6ed147cd585e5e8083292683f9be3cf585e97e4d46fa0e3224d24a4e2b42cbbb,f83baf5732ffbf88b9a448a3d9ab9fa270f7495fe44d1559c1ac49795a30881a,canonical_h5_cross_model_6ed147cd_f83baf57_596f1d05ff47
5,1,2022-01-15,2022-01-20,12.26,0,0,0,13.61,12.454935263737582,12.779601731673443,12.480401461252008,0.1372328698635101,0.495845079421997,0.451715737581253,0.5241825580596924,6ed147cd585e5e8083292683f9be3cf585e97e4d46fa0e3224d24a4e2b42cbbb,f83baf5732ffbf88b9a448a3d9ab9fa270f7495fe44d1559c1ac49795a30881a,canonical_h5_cross_model_6ed147cd_f83baf57_596f1d05ff47
5,1,2022-01-16,2022-01-21,13.07,0,0,0,10.99,12.313617696528553,12.621361945564944,12.253659025705163,0.0854058340191841,0.4944342970848083,0.448950707912445,0.5203850269317627,6ed147cd585e5e8083292683f9be3cf585e97e4d46fa0e3224d24a4e2b42cbbb,f83baf5732ffbf88b9a448a3d9ab9fa270f7495fe44d1559c1ac49795a30881a,canonical_h5_cross_model_6ed147cd_f83baf57_596f1d05ff47
5,1,2022-01-17,2022-01-22,12.98,0,0,0,12.86,12.06187157594506,12.329216433795455,12.015403256799829,0.0862403288483619,0.5004981756210327,0.4572216868400574,0.4941646456718445,6ed147cd585e5e8083292683f9be3cf585e97e4d46fa0e3224d24a4e2b42cbbb,f83baf5732ffbf88b9a448a3d9ab9fa270f7495fe44d1559c1ac49795a30881a,canonical_h5_cross_model_6ed147cd_f83baf57_596f1d05ff47
5,1,2022-01-18,2022-01-23,13.62,0,0,0,11.89,12.338094725054146,12.631300047911829,12.254797528020022,0.1157589480280876,0.5035650134086609,0.4537975788116455,0.4881221652030945,6ed147cd585e5e8083292683f9be3cf585e97e4d46fa0e3224d24a4e2b42cbbb,f83baf5732ffbf88b9a448a3d9ab9fa270f7495fe44d1559c1ac49795a30881a,canonical_h5_cross_model_6ed147cd_f83baf57_596f1d05ff47
5,1,2022-01-19,2022-01-24,11.05,0,0,0,14.33,12.26253927432513,12.610109060135436,12.014361541260714,0.1263527870178222,0.4991041421890259,0.4548448920249939,0.4656341671943664,6ed147cd585e5e8083292683f9be3cf585e97e4d46fa0e3224d24a4e2b42cbbb,f83baf5732ffbf88b9a448a3d9ab9fa270f7495fe44d1559c1ac49795a30881a,canonical_h5_cross_model_6ed147cd_f83baf57_596f1d05ff47
5,1,2022-01-20,2022-01-25,11.05,0,0,0,12.26,12.926938118103225,13.220546883033858,12.68392841901562,0.1557750105857849,0.5177216529846191,0.4787245392799377,0.504754364490509,6ed147cd585e5e8083292683f9be3cf585e97e4d46fa0e3224d24a4e2b42cbbb,f83baf5732ffbf88b9a448a3d9ab9fa270f7495fe44d1559c1ac49795a30881a,canonical_h5_cross_model_6ed147cd_f83baf57_596f1d05ff47
5,1,2022-01-21,2022-01-26,15.6,1,0,0,13.07,12.349470537742508,12.648804646166072,12.01310173462217,0.1281947195529937,0.50489741563797,0.4369075894355774,0.4882477521896362,6ed147cd585e5e8083292683f9be3cf585e97e4d46fa0e3224d24a4e2b42cbbb,f83baf5732ffbf88b9a448a3d9ab9fa270f7495fe44d1559c1ac49795a30881a,canonical_h5_cross_model_6ed147cd_f83baf57_596f1d05ff47
5,1,2022-01-22,2022-01-27,15.83,1,0,0,12.98,12.59860710337172,12.908549855168276,12.838977915080964,0.1935614645481109,0.5238293409347534,0.4738171696662903,0.5125811100006104,6ed147cd585e5e8083292683f9be3cf585e97e4d46fa0e3224d24a4e2b42cbbb,f83baf5732ffbf88b9a448a3d9ab9fa270f7495fe44d1559c1ac49795a30881a,canonical_h5_cross_model_6ed147cd_f83baf57_596f1d05ff47
5,1,2022-01-23,2022-01-28,17.57,1,1,1,13.62,12.434671681586533,12.692935732266932,12.806633133256858,0.1639670729637146,0.5073474645614624,0.4603148400783539,0.4945391118526459,6ed147cd585e5e8083292683f9be3cf585e97e4d46fa0e3224d24a4e2b42cbbb,f83baf5732ffbf88b9a448a3d9ab9fa270f7495fe44d1559c1ac49795a30881a,canonical_h5_cross_model_6ed147cd_f83baf57_596f1d05ff47
5,1,2022-01-24,2022-01-29,17.94,1,1,1,11.05,12.385408323411228,12.611807271118408,12.308625894612856,0.1119886711239814,0.5111931562423706,0.4597265422344208,0.4942618310451507,6ed147cd585e5e8083292683f9be3cf585e97e4d46fa0e3224d24a4e2b42cbbb,f83baf5732ffbf88b9a448a3d9ab9fa270f7495fe44d1559c1ac49795a30881a,canonical_h5_cross_model_6ed147cd_f83baf57_596f1d05ff47
5,1,2022-01-25,2022-01-30,15.82,1,0,0,11.05,12.220739950828628,12.369391479188502,12.841792343342878,0.1949410736560821,0.51643306016922,0.4705326855182647,0.5085896253585815,6ed147cd585e5e8083292683f9be3cf585e97e4d46fa0e3224d24a4e2b42cbbb,f83baf5732ffbf88b9a448a3d9ab9fa270f7495fe44d1559c1ac49795a30881a,canonical_h5_cross_model_6ed147cd_f83baf57_596f1d05ff47
5,1,2022-01-26,2022-01-31,17.88,1,1,1,15.6,11.805233919639251,11.905476193757517,12.39605668609716,0.0850158408284187,0.5047624707221985,0.4368182122707367,0.4859392642974853,6ed147cd585e5e8083292683f9be3cf585e97e4d46fa0e3224d24a4e2b42cbbb,f83baf5732ffbf88b9a448a3d9ab9fa270f7495fe44d1559c1ac49795a30881a,canonical_h5_cross_model_6ed147cd_f83baf57_596f1d05ff47
5,1,2022-01-27,2022-02-01,17.53,1,1,1,15.83,12.254700086878216,12.314290430502664,11.997756775010592,0.1313190758228302,0.5184112787246704,0.4599736630916595,0.5031710267066956,6ed147cd585e5e8083292683f9be3cf585e97e4d46fa0e3224d24a4e2b42cbbb,f83baf5732ffbf88b9a448a3d9ab9fa270f7495fe44d1559c1ac49795a30881a,canonical_h5_cross_model_6ed147cd_f83baf57_596f1d05ff47
5,1,2022-01-28,2022-02-02,16.85,1,1,0,17.57,12.594110620972808,12.669176385353682,12.615146694571775,0.1777388155460357,0.5349401235580444,0.469325304031372,0.5248970985412598,6ed147cd585e5e8083292683f9be3cf585e97e4d46fa0e3224d24a4e2b42cbbb,f83baf5732ffbf88b9a448a3d9ab9fa270f7495fe44d1559c1ac49795a30881a,canonical_h5_cross_model_6ed147cd_f83baf57_596f1d05ff47
5,1,2022-01-29,2022-02-03,15.86,1,0,0,17.94,12.84694461611548,12.976632255323375,12.511014350061608,0.2125435471534729,0.5605639815330505,0.4713099300861358,0.5444971919059753,6ed147cd585e5e8083292683f9be3cf585e97e4d46fa0e3224d24a4e2b42cbbb,f83baf5732ffbf88b9a448a3d9ab9fa270f7495fe44d1559c1ac49795a30881a,canonical_h5_cross_model_6ed147cd_f83baf57_596f1d05ff47
5,1,2022-01-30,2022-02-04,14.95,0,0,0,15.82,12.883442675432974,13.08940652040975,12.511014350061608,0.2579277157783508,0.5612398982048035,0.463818222284317,0.5558277368545532,6ed147cd585e5e8083292683f9be3cf585e97e4d46fa0e3224d24a4e2b42cbbb,f83baf5732ffbf88b9a448a3d9ab9fa270f7495fe44d1559c1ac49795a30881a,canonical_h5_cross_model_6ed147cd_f83baf57_596f1d05ff47
5,1,2022-01-31,2022-02-05,16.84,1,1,0,17.88,12.843154017851624,13.022246555866694,12.737756785608452,0.2873916327953338,0.5812908411026001,0.4790786504745483,0.5596491694450378,6ed147cd585e5e8083292683f9be3cf585e97e4d46fa0e3224d24a4e2b42cbbb,f83baf5732ffbf88b9a448a3d9ab9fa270f7495fe44d1559c1ac49795a30881a,canonical_h5_cross_model_6ed147cd_f83baf57_596f1d05ff47
5,1,2022-02-01,2022-02-06,16.4,1,1,0,17.53,13.15938831583787,13.436132749831769,12.737756785608452,0.3756904006004333,0.6005144715309143,0.4877940416336059,0.5727262496948242,6ed147cd585e5e8083292683f9be3cf585e97e4d46fa0e3224d24a4e2b42cbbb,f83baf5732ffbf88b9a448a3d9ab9fa270f7495fe44d1559c1ac49795a30881a,canonical_h5_cross_model_6ed147cd_f83baf57_596f1d05ff47
5,1,2022-02-02,2022-02-07,16.34,1,1,0,16.85,12.947798380613046,13.28601442065379,12.618374104691268,0.3372170925140381,0.5638808608055115,0.4686348140239715,0.562550961971283,6ed147cd585e5e8083292683f9be3cf585e97e4d46fa0e3224d24a4e2b42cbbb,f83baf5732ffbf88b9a448a3d9ab9fa270f7495fe44d1559c1ac49795a30881a,canonical_h5_cross_model_6ed147cd_f83baf57_596f1d05ff47
5,1,2022-02-03,2022-02-08,17.09,1,1,1,15.86,12.874460844794232,13.144601335524946,12.618374104691268,0.4011336266994476,0.5570760369300842,0.4730297923088074,0.5702550411224365,6ed147cd585e5e8083292683f9be3cf585e97e4d46fa0e3224d24a4e2b42cbbb,f83baf5732ffbf88b9a448a3d9ab9fa270f7495fe44d1559c1ac49795a30881a,canonical_h5_cross_model_6ed147cd_f83baf57_596f1d05ff47
5,1,2022-02-04,2022-02-09,16.3,1,1,0,14.95,12.548363600812532,12.750584652187268,12.618374104691268,0.4328407645225525,0.5636312961578369,0.4592440724372864,0.5756571888923645,6ed147cd585e5e8083292683f9be3cf585e97e4d46fa0e3224d24a4e2b42cbbb,f83baf5732ffbf88b9a448a3d9ab9fa270f7495fe44d1559c1ac49795a30881a,canonical_h5_cross_model_6ed147cd_f83baf57_596f1d05ff47
5,1,2022-02-05,2022-02-10,16.4,1,1,0,16.84,12.66794980976382,12.796992499509798,12.737756785608452,0.4534230828285217,0.571462869644165,0.4843502938747406,0.5650851130485535,6ed147cd585e5e8083292683f9be3cf585e97e4d46fa0e3224d24a4e2b42cbbb,f83baf5732ffbf88b9a448a3d9ab9fa270f7495fe44d1559c1ac49795a30881a,canonical_h5_cross_model_6ed147cd_f83baf57_596f1d05ff47
5,1,2022-02-06,2022-02-11,15.29,1,0,0,16.4,12.69570585934554,12.786036149333023,12.737756785608452,0.4605736136436462,0.5759032964706421,0.4906850159168243,0.5633013844490051,6ed147cd585e5e8083292683f9be3cf585e97e4d46fa0e3224d24a4e2b42cbbb,f83baf5732ffbf88b9a448a3d9ab9fa270f7495fe44d1559c1ac49795a30881a,canonical_h5_cross_model_6ed147cd_f83baf57_596f1d05ff47
5,1,2022-02-07,2022-02-12,16.08,1,1,0,16.34,12.637561495042553,12.704583600327796,12.737756785608452,0.4717558622360229,0.5693680047988892,0.4840516746044159,0.5727787017822266,6ed147cd585e5e8083292683f9be3cf585e97e4d46fa0e3224d24a4e2b42cbbb,f83baf5732ffbf88b9a448a3d9ab9fa270f7495fe44d1559c1ac49795a30881a,canonical_h5_cross_model_6ed147cd_f83baf57_596f1d05ff47
5,1,2022-02-08,2022-02-13,16.36,1,1,0,17.09,12.700708959552667,12.731045914900172,12.754361551858574,0.4905855059623718,0.5541538000106812,0.4915083348751068,0.5796171426773071,6ed147cd585e5e8083292683f9be3cf585e97e4d46fa0e3224d24a4e2b42cbbb,f83baf5732ffbf88b9a448a3d9ab9fa270f7495fe44d1559c1ac49795a30881a,canonical_h5_cross_model_6ed147cd_f83baf57_596f1d05ff47
5,1,2022-02-09,2022-02-14,14.56,0,0,0,16.3,12.565497537279368,12.528465566163035,12.754361551858574,0.4498022198677063,0.5405811071395874,0.4837325811386108,0.5700914859771729,6ed147cd585e5e8083292683f9be3cf585e97e4d46fa0e3224d24a4e2b42cbbb,f83baf5732ffbf88b9a448a3d9ab9fa270f7495fe44d1559c1ac49795a30881a,canonical_h5_cross_model_6ed147cd_f83baf57_596f1d05ff47
5,1,2022-02-10,2022-02-15,14.23,0,0,0,16.4,12.346198245028996,12.267122469981643,12.63497887094139,0.4486967325210571,0.5111742615699768,0.492782324552536,0.5546256899833679,6ed147cd585e5e8083292683f9be3cf585e97e4d46fa0e3224d24a4e2b42cbbb,f83baf5732ffbf88b9a448a3d9ab9fa270f7495fe44d1559c1ac49795a30881a,canonical_h5_cross_model_6ed147cd_f83baf57_596f1d05ff47
5,1,2022-02-11,2022-02-16,15.74,1,0,0,15.29,12.199748757463896,12.17415066092609,12.308625894612856,0.4585738778114319,0.5021284818649292,0.4837678372859955,0.5592612028121948,6ed147cd585e5e8083292683f9be3cf585e97e4d46fa0e3224d24a4e2b42cbbb,f83baf5732ffbf88b9a448a3d9ab9fa270f7495fe44d1559c1ac49795a30881a,canonical_h5_cross_model_6ed147cd_f83baf57_596f1d05ff47
5,1,2022-02-12,2022-02-17,16.45,1,1,0,16.08,12.41797268320888,12.288972186594968,12.666576362546614,0.4297198355197906,0.4874399602413177,0.501083254814148,0.5499243140220642,6ed147cd585e5e8083292683f9be3cf585e97e4d46fa0e3224d24a4e2b42cbbb,f83baf5732ffbf88b9a448a3d9ab9fa270f7495fe44d1559c1ac49795a30881a,canonical_h5_cross_model_6ed147cd_f83baf57_596f1d05ff47
5,1,2022-02-13,2022-02-18,14.24,0,0,0,16.36,12.497433936735218,12.38640190412437,12.649971596296492,0.4556262493133545,0.5058154463768005,0.4865269958972931,0.5516655445098877,6ed147cd585e5e8083292683f9be3cf585e97e4d46fa0e3224d24a4e2b42cbbb,f83baf5732ffbf88b9a448a3d9ab9fa270f7495fe44d1559c1ac49795a30881a,canonical_h5_cross_model_6ed147cd_f83baf57_596f1d05ff47
5,1,2022-02-14,2022-02-19,14.83,0,0,0,14.56,12.603131984153285,12.480136240157366,12.666576362546614,0.3926959037780761,0.4942134916782379,0.5014050006866455,0.5492250323295593,6ed147cd585e5e8083292683f9be3cf585e97e4d46fa0e3224d24a4e2b42cbbb,f83baf5732ffbf88b9a448a3d9ab9fa270f7495fe44d1559c1ac49795a30881a,canonical_h5_cross_model_6ed147cd_f83baf57_596f1d05ff47
5,1,2022-02-15,2022-02-20,14.17,0,0,0,14.23,12.398034031492196,12.36101349556378,12.163991064106296,0.4128654599189758,0.4987886846065521,0.4751689434051513,0.5549289584159851,6ed147cd585e5e8083292683f9be3cf585e97e4d46fa0e3224d24a4e2b42cbbb,f83baf5732ffbf88b9a448a3d9ab9fa270f7495fe44d1559c1ac49795a30881a,canonical_h5_cross_model_6ed147cd_f83baf57_596f1d05ff47
5,1,2022-02-16,2022-02-21,12.42,0,0,0,15.74,12.36177587476508,12.448320360315506,12.49034404043483,0.357645034790039,0.4862154424190521,0.469671219587326,0.5482754111289978,6ed147cd585e5e8083292683f9be3cf585e97e4d46fa0e3224d24a4e2b42cbbb,f83baf5732ffbf88b9a448a3d9ab9fa270f7495fe44d1559c1ac49795a30881a,canonical_h5_cross_model_6ed147cd_f83baf57_596f1d05ff47
5,1,2022-02-17,2022-02-22,11.98,0,0,0,16.45,13.017708235251868,13.142291314124204,11.911172616030363,0.4001863002777099,0.4978910684585571,0.4923902153968811,0.5766789317131042,6ed147cd585e5e8083292683f9be3cf585e97e4d46fa0e3224d24a4e2b42cbbb,f83baf5732ffbf88b9a448a3d9ab9fa270f7495fe44d1559c1ac49795a30881a,canonical_h5_cross_model_6ed147cd_f83baf57_596f1d05ff47
5,1,2022-02-18,2022-02-23,13.84,0,0,0,14.24,13.348374735995218,13.420636979631274,12.066343416419391,0.3842991590499878,0.4996403157711029,0.4964512288570404,0.5492832660675049,6ed147cd585e5e8083292683f9be3cf585e97e4d46fa0e3224d24a4e2b42cbbb,f83baf5732ffbf88b9a448a3d9ab9fa270f7495fe44d1559c1ac49795a30881a,canonical_h5_cross_model_6ed147cd_f83baf57_596f1d05ff47
5,1,2022-02-19,2022-02-24,13.06,0,0,0,14.83,13.059391945695277,13.183241404462654,12.049738650169273,0.4372256994247436,0.4914354085922241,0.4749127328395843,0.5601499676704407,6ed147cd585e5e8083292683f9be3cf585e97e4d46fa0e3224d24a4e2b42cbbb,f83baf5732ffbf88b9a448a3d9ab9fa270f7495fe44d1559c1ac49795a30881a,canonical_h5_cross_model_6ed147cd_f83baf57_596f1d05ff47
5,1,2022-02-20,2022-02-25,14.66,0,0,0,14.17,13.043742753156916,13.167112336289794,12.049738650169273,0.4051615297794342,0.4910719096660614,0.4594698846340179,0.5535525679588318,6ed147cd585e5e8083292683f9be3cf585e97e4d46fa0e3224d24a4e2b42cbbb,f83baf5732ffbf88b9a448a3d9ab9fa270f7495fe44d1559c1ac49795a30881a,canonical_h5_cross_model_6ed147cd_f83baf57_596f1d05ff47
5,1,2022-02-21,2022-02-26,11.86,0,0,0,12.42,12.605530352486168,12.76453412017814,11.775185168863056,0.344204843044281,0.479934811592102,0.4571051299571991,0.5395780205726624,6ed147cd585e5e8083292683f9be3cf585e97e4d46fa0e3224d24a4e2b42cbbb,f83baf5732ffbf88b9a448a3d9ab9fa270f7495fe44d1559c1ac49795a30881a,canonical_h5_cross_model_6ed147cd_f83baf57_596f1d05ff47
5,1,2022-02-22,2022-02-27,12.23,0,0,0,11.98,12.205376203046368,12.31007046318694,11.465436958784643,0.31532883644104,0.481545478105545,0.4546493589878082,0.5276138186454773,6ed147cd585e5e8083292683f9be3cf585e97e4d46fa0e3224d24a4e2b42cbbb,f83baf5732ffbf88b9a448a3d9ab9fa270f7495fe44d1559c1ac49795a30881a,canonical_h5_cross_model_6ed147cd_f83baf57_596f1d05ff47
5,1,2022-02-23,2022-02-28,8.96,0,0,0,13.84,12.363491513318642,12.479235149706067,11.89456784978024,0.2836536467075348,0.4913709461688995,0.4527384638786316,0.5365400910377502,6ed147cd585e5e8083292683f9be3cf585e97e4d46fa0e3224d24a4e2b42cbbb,f83baf5732ffbf88b9a448a3d9ab9fa270f7495fe44d1559c1ac49795a30881a,canonical_h5_cross_model_6ed147cd_f83baf57_596f1d05ff47
5,1,2022-02-24,2022-03-01,10.55,0,0,0,13.06,12.407865394087622,12.407894365778548,11.911172616030363,0.2486567199230194,0.488430380821228,0.4736250936985016,0.5206456780433655,6ed147cd585e5e8083292683f9be3cf585e97e4d46fa0e3224d24a4e2b42cbbb,f83baf5732ffbf88b9a448a3d9ab9fa270f7495fe44d1559c1ac49795a30881a,canonical_h5_cross_model_6ed147cd_f83baf57_596f1d05ff47
5,1,2022-02-25,2022-03-02,10.09,0,0,0,14.66,11.995689941590308,11.927463352403525,11.670736629271056,0.269457995891571,0.4905204474925995,0.455537885427475,0.5058379769325256,6ed147cd585e5e8083292683f9be3cf585e97e4d46fa0e3224d24a4e2b42cbbb,f83baf5732ffbf88b9a448a3d9ab9fa270f7495fe44d1559c1ac49795a30881a,canonical_h5_cross_model_6ed147cd_f83baf57_596f1d05ff47
5,1,2022-02-26,2022-03-03,9.89,0,0,0,11.86,12.032016355162606,11.895151010576484,11.89456784978024,0.2659828066825866,0.5064247250556946,0.4498043954372406,0.5169450640678406,6ed147cd585e5e8083292683f9be3cf585e97e4d46fa0e3224d24a4e2b42cbbb,f83baf5732ffbf88b9a448a3d9ab9fa270f7495fe44d1559c1ac49795a30881a,canonical_h5_cross_model_6ed147cd_f83baf57_596f1d05ff47
5,1,2022-02-27,2022-03-04,12.55,0,0,0,12.23,11.771022411870428,11.540357102402616,11.89456784978024,0.281548798084259,0.5019279718399048,0.4367389380931854,0.5128710865974426,6ed147cd585e5e8083292683f9be3cf585e97e4d46fa0e3224d24a4e2b42cbbb,f83baf5732ffbf88b9a448a3d9ab9fa270f7495fe44d1559c1ac49795a30881a,canonical_h5_cross_model_6ed147cd_f83baf57_596f1d05ff47
5,1,2022-02-28,2022-03-05,15.67,1,0,0,8.96,11.74301497778961,11.490790389499464,11.911172616030363,0.2442278563976287,0.487447440624237,0.4721410274505615,0.5019535422325134,6ed147cd585e5e8083292683f9be3cf585e97e4d46fa0e3224d24a4e2b42cbbb,f83baf5732ffbf88b9a448a3d9ab9fa270f7495fe44d1559c1ac49795a30881a,canonical_h5_cross_model_6ed147cd_f83baf57_596f1d05ff47
5,1,2022-03-01,2022-03-06,14.47,0,0,0,10.55,11.149517855641326,10.929333805917176,11.311959677133675,0.3051285743713379,0.4730792343616485,0.4504209756851196,0.4762839376926422,6ed147cd585e5e8083292683f9be3cf585e97e4d46fa0e3224d24a4e2b42cbbb,f83baf5732ffbf88b9a448a3d9ab9fa270f7495fe44d1559c1ac49795a30881a,canonical_h5_cross_model_6ed147cd_f83baf57_596f1d05ff47
5,1,2022-03-02,2022-03-07,15.59,1,0,0,10.09,11.321682184840428,11.047154054616074,10.901699942811025,0.2141033709049224,0.4887009263038635,0.439631700515747,0.4741247296333313,6ed147cd585e5e8083292683f9be3cf585e97e4d46fa0e3224d24a4e2b42cbbb,f83baf5732ffbf88b9a448a3d9ab9fa270f7495fe44d1559c1ac49795a30881a,canonical_h5_cross_model_6ed147cd_f83baf57_596f1d05ff47
5,1,2022-03-03,2022-03-08,17.47,1,1,1,9.89,10.808975831369494,10.562927391849088,10.59195173273261,0.2566132843494415,0.4709425568580627,0.4243192672729492,0.4575096666812897,6ed147cd585e5e8083292683f9be3cf585e97e4d46fa0e3224d24a4e2b42cbbb,f83baf5732ffbf88b9a448a3d9ab9fa270f7495fe44d1559c1ac49795a30881a,canonical_h5_cross_model_6ed147cd_f83baf57_596f1d05ff47
5,1,2022-03-04,2022-03-09,15.23,1,0,0,12.55,10.82833608921234,10.552390459470224,10.59195173273261,0.2061682343482971,0.4893072545528412,0.4400496184825897,0.4620125293731689,6ed147cd585e5e8083292683f9be3cf585e97e4d46fa0e3224d24a4e2b42cbbb,f83baf5732ffbf88b9a448a3d9ab9fa270f7495fe44d1559c1ac49795a30881a,canonical_h5_cross_model_6ed147cd_f83baf57_596f1d05ff47
5,1,2022-03-05,2022-03-10,15.48,1,0,0,15.67,11.307799335259832,11.103803410067496,11.00138967757745,0.2404505014419555,0.4951007664203644,0.4633865058422088,0.5002206563949585,6ed147cd585e5e8083292683f9be3cf585e97e4d46fa0e3224d24a4e2b42cbbb,f83baf5732ffbf88b9a448a3d9ab9fa270f7495fe44d1559c1ac49795a30881a,canonical_h5_cross_model_6ed147cd_f83baf57_596f1d05ff47
5,1,2022-03-06,2022-03-11,16.87,1,1,0,14.47,11.753958249944734,11.574963973042031,10.60460356840596,0.2049602568149566,0.5097774863243103,0.4481628239154815,0.5066496729850769,6ed147cd585e5e8083292683f9be3cf585e97e4d46fa0e3224d24a4e2b42cbbb,f83baf5732ffbf88b9a448a3d9ab9fa270f7495fe44d1559c1ac49795a30881a,canonical_h5_cross_model_6ed147cd_f83baf57_596f1d05ff47
5,1,2022-03-07,2022-03-12,16.91,1,1,0,15.59,12.025582801639464,11.896189948129292,11.429341246549894,0.2238238751888275,0.5355875492095947,0.4649288356304168,0.5415763258934021,6ed147cd585e5e8083292683f9be3cf585e97e4d46fa0e3224d24a4e2b42cbbb,f83baf5732ffbf88b9a448a3d9ab9fa270f7495fe44d1559c1ac49795a30881a,canonical_h5_cross_model_6ed147cd_f83baf57_596f1d05ff47
5,1,2022-03-08,2022-03-13,16.7,1,1,0,17.47,11.97103585668629,11.912396191446607,11.754863313326474,0.1757225692272186,0.5289645195007324,0.4774080812931061,0.541641891002655,6ed147cd585e5e8083292683f9be3cf585e97e4d46fa0e3224d24a4e2b42cbbb,f83baf5732ffbf88b9a448a3d9ab9fa270f7495fe44d1559c1ac49795a30881a,canonical_h5_cross_model_6ed147cd_f83baf57_596f1d05ff47
5,1,2022-03-09,2022-03-14,17.6,1,1,1,15.23,12.00348847529399,12.024129007996436,11.39500382594169,0.2103287875652313,0.5297619700431824,0.4697061479091644,0.5495710372924805,6ed147cd585e5e8083292683f9be3cf585e97e4d46fa0e3224d24a4e2b42cbbb,f83baf5732ffbf88b9a448a3d9ab9fa270f7495fe44d1559c1ac49795a30881a,canonical_h5_cross_model_6ed147cd_f83baf57_596f1d05ff47
5,1,2022-03-10,2022-03-15,15.05,1,0,0,15.48,11.793495131297972,11.9480135346901,11.39500382594169,0.2741568386554718,0.5039651989936829,0.4835458099842071,0.5367376804351807,6ed147cd585e5e8083292683f9be3cf585e97e4d46fa0e3224d24a4e2b42cbbb,f83baf5732ffbf88b9a448a3d9ab9fa270f7495fe44d1559c1ac49795a30881a,canonical_h5_cross_model_6ed147cd_f83baf57_596f1d05ff47
5,1,2022-03-11,2022-03-16,14.66,0,0,0,16.87,12.006346846534344,12.107718862047282,11.411608592191811,0.2459123134613037,0.511414647102356,0.4827407896518707,0.5515443086624146,6ed147cd585e5e8083292683f9be3cf585e97e4d46fa0e3224d24a4e2b42cbbb,f83baf5732ffbf88b9a448a3d9ab9fa270f7495fe44d1559c1ac49795a30881a,canonical_h5_cross_model_6ed147cd_f83baf57_596f1d05ff47
5,1,2022-03-12,2022-03-17,14.99,0,0,0,16.91,12.435900822265914,12.478846943270876,11.911172616030363,0.2341236174106598,0.5060318112373352,0.5106201767921448,0.5578324794769287,6ed147cd585e5e8083292683f9be3cf585e97e4d46fa0e3224d24a4e2b42cbbb,f83baf5732ffbf88b9a448a3d9ab9fa270f7495fe44d1559c1ac49795a30881a,canonical_h5_cross_model_6ed147cd_f83baf57_596f1d05ff47
5,1,2022-03-13,2022-03-18,16.39,1,1,0,16.7,12.513062196378208,12.42182777828705,11.911172616030363,0.3089624047279358,0.4904387593269348,0.5348162055015564,0.548430860042572,6ed147cd585e5e8083292683f9be3cf585e97e4d46fa0e3224d24a4e2b42cbbb,f83baf5732ffbf88b9a448a3d9ab9fa270f7495fe44d1559c1ac49795a30881a,canonical_h5_cross_model_6ed147cd_f83baf57_596f1d05ff47
5,1,2022-03-14,2022-03-19,14.39,0,0,0,17.6,12.174801977837266,11.999232594420102,11.465436958784643,0.2978679537773132,0.5000724792480469,0.5065830945968628,0.5418786406517029,6ed147cd585e5e8083292683f9be3cf585e97e4d46fa0e3224d24a4e2b42cbbb,f83baf5732ffbf88b9a448a3d9ab9fa270f7495fe44d1559c1ac49795a30881a,canonical_h5_cross_model_6ed147cd_f83baf57_596f1d05ff47
5,1,2022-03-15,2022-03-20,14.16,0,0,0,15.05,12.288672883248635,12.11162205439354,11.79178993511318,0.3204950094223022,0.4878056347370147,0.5197532773017883,0.5471826791763306,6ed147cd585e5e8083292683f9be3cf585e97e4d46fa0e3224d24a4e2b42cbbb,f83baf5732ffbf88b9a448a3d9ab9fa270f7495fe44d1559c1ac49795a30881a,canonical_h5_cross_model_6ed147cd_f83baf57_596f1d05ff47
5,1,2022-03-16,2022-03-21,15.02,1,0,0,14.66,11.831961596041344,11.55101519440042,11.79178993511318,0.3219629228115082,0.4785169661045074,0.5256297588348389,0.5500373244285583,6ed147cd585e5e8083292683f9be3cf585e97e4d46fa0e3224d24a4e2b42cbbb,f83baf5732ffbf88b9a448a3d9ab9fa270f7495fe44d1559c1ac49795a30881a,canonical_h5_cross_model_6ed147cd_f83baf57_596f1d05ff47
5,1,2022-03-17,2022-03-22,14.66,0,0,0,14.99,11.765617323630224,11.603906638042345,11.465436958784643,0.4153164029121399,0.4763765335083008,0.5166336297988892,0.5782999396324158,6ed147cd585e5e8083292683f9be3cf585e97e4d46fa0e3224d24a4e2b42cbbb,f83baf5732ffbf88b9a448a3d9ab9fa270f7495fe44d1559c1ac49795a30881a,canonical_h5_cross_model_6ed147cd_f83baf57_596f1d05ff47
5,1,2022-03-18,2022-03-23,13.91,0,0,0,16.39,11.836992103860554,11.772644158854687,11.792262021489142,0.3842764496803283,0.4627727270126343,0.4977968633174896,0.5720848441123962,6ed147cd585e5e8083292683f9be3cf585e97e4d46fa0e3224d24a4e2b42cbbb,f83baf5732ffbf88b9a448a3d9ab9fa270f7495fe44d1559c1ac49795a30881a,canonical_h5_cross_model_6ed147cd_f83baf57_596f1d05ff47
5,1,2022-03-19,2022-03-24,15.36,1,0,0,14.39,12.481572125679424,12.247019266123882,12.20365559549986,0.372642457485199,0.4857419431209564,0.4897919595241546,0.5546697378158569,6ed147cd585e5e8083292683f9be3cf585e97e4d46fa0e3224d24a4e2b42cbbb,f83baf5732ffbf88b9a448a3d9ab9fa270f7495fe44d1559c1ac49795a30881a,canonical_h5_cross_model_6ed147cd_f83baf57_596f1d05ff47
5,1,2022-03-20,2022-03-25,14.02,0,0,0,14.16,12.147741511213168,12.004013336402592,12.04818186497472,0.3898427486419678,0.4808220565319061,0.4726680815219879,0.5659688115119934,6ed147cd585e5e8083292683f9be3cf585e97e4d46fa0e3224d24a4e2b42cbbb,f83baf5732ffbf88b9a448a3d9ab9fa270f7495fe44d1559c1ac49795a30881a,canonical_h5_cross_model_6ed147cd_f83baf57_596f1d05ff47
5,1,2022-03-21,2022-03-26,12.34,0,0,0,15.02,12.07396747149755,11.945404401345415,12.0315770987246,0.3507831394672394,0.4805735945701599,0.4959876239299774,0.5735873579978943,6ed147cd585e5e8083292683f9be3cf585e97e4d46fa0e3224d24a4e2b42cbbb,f83baf5732ffbf88b9a448a3d9ab9fa270f7495fe44d1559c1ac49795a30881a,canonical_h5_cross_model_6ed147cd_f83baf57_596f1d05ff47
5,1,2022-03-22,2022-03-27,10.51,0,0,0,14.66,12.217934173435642,12.092019051816786,12.04818186497472,0.3154100179672241,0.4713076651096344,0.5027921795845032,0.562055766582489,6ed147cd585e5e8083292683f9be3cf585e97e4d46fa0e3224d24a4e2b42cbbb,f83baf5732ffbf88b9a448a3d9ab9fa270f7495fe44d1559c1ac49795a30881a,canonical_h5_cross_model_6ed147cd_f83baf57_596f1d05ff47
5,1,2022-03-23,2022-03-28,11.68,0,0,0,13.91,12.107254624080277,12.073186595325334,12.04818186497472,0.3023350834846496,0.464022696018219,0.4942807853221893,0.5593330264091492,6ed147cd585e5e8083292683f9be3cf585e97e4d46fa0e3224d24a4e2b42cbbb,f83baf5732ffbf88b9a448a3d9ab9fa270f7495fe44d1559c1ac49795a30881a,canonical_h5_cross_model_6ed147cd_f83baf57_596f1d05ff47
5,1,2022-03-24,2022-03-29,13.13,0,0,0,15.36,11.84585728506385,11.682235274019648,12.0315770987246,0.2569197416305542,0.4677537679672241,0.4845769107341766,0.5469602346420288,6ed147cd585e5e8083292683f9be3cf585e97e4d46fa0e3224d24a4e2b42cbbb,f83baf5732ffbf88b9a448a3d9ab9fa270f7495fe44d1559c1ac49795a30881a,canonical_h5_cross_model_6ed147cd_f83baf57_596f1d05ff47
5,1,2022-03-25,2022-03-30,9.49,0,0,0,14.02,11.863755072868052,11.61448653193584,12.08282687834583,0.254387766122818,0.4720041453838348,0.4958830773830414,0.5438271164894104,6ed147cd585e5e8083292683f9be3cf585e97e4d46fa0e3224d24a4e2b42cbbb,f83baf5732ffbf88b9a448a3d9ab9fa270f7495fe44d1559c1ac49795a30881a,canonical_h5_cross_model_6ed147cd_f83baf57_596f1d05ff47
5,1,2022-03-26,2022-03-31,12.8,0,0,0,12.34,11.07701844825533,10.85140958584297,11.653695987350234,0.3005458116531372,0.4423606991767883,0.4898609519004822,0.5275061726570129,6ed147cd585e5e8083292683f9be3cf585e97e4d46fa0e3224d24a4e2b42cbbb,f83baf5732ffbf88b9a448a3d9ab9fa270f7495fe44d1559c1ac49795a30881a,canonical_h5_cross_model_6ed147cd_f83baf57_596f1d05ff47
5,1,2022-03-27,2022-04-01,10.76,0,0,0,10.51,11.26217950006714,11.011171589915968,11.738433654896308,0.2820011973381042,0.4331554472446441,0.4773500561714172,0.5414287447929382,6ed147cd585e5e8083292683f9be3cf585e97e4d46fa0e3224d24a4e2b42cbbb,f83baf5732ffbf88b9a448a3d9ab9fa270f7495fe44d1559c1ac49795a30881a,canonical_h5_cross_model_6ed147cd_f83baf57_596f1d05ff47
5,1,2022-03-28,2022-04-02,9.76,0,0,0,11.68,11.279513830704436,10.973459212385208,11.808787593754529,0.2451291978359222,0.4541966021060943,0.465887188911438,0.520461916923523,6ed147cd585e5e8083292683f9be3cf585e97e4d46fa0e3224d24a4e2b42cbbb,f83baf5732ffbf88b9a448a3d9ab9fa270f7495fe44d1559c1ac49795a30881a,canonical_h5_cross_model_6ed147cd_f83baf57_596f1d05ff47
5,1,2022-03-29,2022-04-03,11.41,0,0,0,13.13,11.15572325735693,10.818424987838814,11.721828888646186,0.2424826025962829,0.4640499055385589,0.4640108346939087,0.4924616813659668,6ed147cd585e5e8083292683f9be3cf585e97e4d46fa0e3224d24a4e2b42cbbb,f83baf5732ffbf88b9a448a3d9ab9fa270f7495fe44d1559c1ac49795a30881a,canonical_h5_cross_model_6ed147cd_f83baf57_596f1d05ff47
5,1,2022-03-30,2022-04-04,12.77,0,0,0,9.49,10.914779223815518,10.647860133508985,11.481392901886878,0.3274465799331665,0.4413609206676483,0.4581511914730072,0.4841038584709167,6ed147cd585e5e8083292683f9be3cf585e97e4d46fa0e3224d24a4e2b42cbbb,f83baf5732ffbf88b9a448a3d9ab9fa270f7495fe44d1559c1ac49795a30881a,canonical_h5_cross_model_6ed147cd_f83baf57_596f1d05ff47
5,1,2022-03-31,2022-04-05,13.25,0,0,0,12.8,10.639341911859963,10.29619503075799,11.258603396916806,0.2849574685096741,0.4519629776477813,0.4604805409908294,0.4908223748207092,6ed147cd585e5e8083292683f9be3cf585e97e4d46fa0e3224d24a4e2b42cbbb,f83baf5732ffbf88b9a448a3d9ab9fa270f7495fe44d1559c1ac49795a30881a,canonical_h5_cross_model_6ed147cd_f83baf57_596f1d05ff47
5,1,2022-04-01,2022-04-06,12.49,0,0,0,10.76,11.443204627270664,11.077023568929672,11.617600275115484,0.2116115093231201,0.4458284378051758,0.4844312965869903,0.5286916494369507,6ed147cd585e5e8083292683f9be3cf585e97e4d46fa0e3224d24a4e2b42cbbb,f83baf5732ffbf88b9a448a3d9ab9fa270f7495fe44d1559c1ac49795a30881a,canonical_h5_cross_model_6ed147cd_f83baf57_596f1d05ff47
5,1,2022-04-02,2022-04-07,14.95,0,0,0,9.76,11.33292430231286,10.952364071711097,11.208203149978935,0.3046928346157074,0.4395052492618561,0.4636792540550232,0.4854581356048584,6ed147cd585e5e8083292683f9be3cf585e97e4d46fa0e3224d24a4e2b42cbbb,f83baf5732ffbf88b9a448a3d9ab9fa270f7495fe44d1559c1ac49795a30881a,canonical_h5_cross_model_6ed147cd_f83baf57_596f1d05ff47
5,1,2022-04-03,2022-04-08,17.18,1,1,1,11.41,11.07365790324021,10.557384871163324,11.604948439442136,0.2614948749542236,0.4614687263965606,0.4663932621479034,0.4689505398273468,6ed147cd585e5e8083292683f9be3cf585e97e4d46fa0e3224d24a4e2b42cbbb,f83baf5732ffbf88b9a448a3d9ab9fa270f7495fe44d1559c1ac49795a30881a,canonical_h5_cross_model_6ed147cd_f83baf57_596f1d05ff47
5,1,2022-04-04,2022-04-09,15.3,1,0,0,12.77,11.46897976681199,10.940880427755856,11.208203149978935,0.2707696557044983,0.460324615240097,0.4816099107265472,0.4783860146999359,6ed147cd585e5e8083292683f9be3cf585e97e4d46fa0e3224d24a4e2b42cbbb,f83baf5732ffbf88b9a448a3d9ab9fa270f7495fe44d1559c1ac49795a30881a,canonical_h5_cross_model_6ed147cd_f83baf57_596f1d05ff47
5,1,2022-04-05,2022-04-10,14.35,0,0,0,13.25,11.563039633885982,11.035922318261012,11.60390672390302,0.3087801933288574,0.463218629360199,0.4703364074230194,0.4549641907215118,6ed147cd585e5e8083292683f9be3cf585e97e4d46fa0e3224d24a4e2b42cbbb,f83baf5732ffbf88b9a448a3d9ab9fa270f7495fe44d1559c1ac49795a30881a,canonical_h5_cross_model_6ed147cd_f83baf57_596f1d05ff47
5,1,2022-04-06,2022-04-11,14.05,0,0,0,12.49,11.420636325951817,11.10771820263027,11.001861763953412,0.3426227271556854,0.4376178085803985,0.4452791213989258,0.479689359664917,6ed147cd585e5e8083292683f9be3cf585e97e4d46fa0e3224d24a4e2b42cbbb,f83baf5732ffbf88b9a448a3d9ab9fa270f7495fe44d1559c1ac49795a30881a,canonical_h5_cross_model_6ed147cd_f83baf57_596f1d05ff47
5,1,2022-04-07,2022-04-12,12.72,0,0,0,14.95,11.798597234412554,11.47739223390612,11.68803340795844,0.2489222884178161,0.447859525680542,0.459150493144989,0.4839152991771698,6ed147cd585e5e8083292683f9be3cf585e97e4d46fa0e3224d24a4e2b42cbbb,f83baf5732ffbf88b9a448a3d9ab9fa270f7495fe44d1559c1ac49795a30881a,canonical_h5_cross_model_6ed147cd_f83baf57_596f1d05ff47
5,1,2022-04-08,2022-04-13,14.57,0,0,0,17.18,11.82163948686213,11.466319952543415,11.552045960791132,0.2448989748954773,0.4630116522312164,0.4364158809185028,0.4822067320346832,6ed147cd585e5e8083292683f9be3cf585e97e4d46fa0e3224d24a4e2b42cbbb,f83baf5732ffbf88b9a448a3d9ab9fa270f7495fe44d1559c1ac49795a30881a,canonical_h5_cross_model_6ed147cd_f83baf57_596f1d05ff47
5,1,2022-04-09,2022-04-14,13.69,0,0,0,15.3,12.058073083522416,11.806360923316795,12.102010231567554,0.3221494555473327,0.461223840713501,0.4451967775821686,0.5035892724990845,6ed147cd585e5e8083292683f9be3cf585e97e4d46fa0e3224d24a4e2b42cbbb,f83baf5732ffbf88b9a448a3d9ab9fa270f7495fe44d1559c1ac49795a30881a,canonical_h5_cross_model_6ed147cd_f83baf57_596f1d05ff47
5,1,2022-04-10,2022-04-15,15.92,1,0,0,14.35,11.88522652961673,11.615202937419694,12.102010231567554,0.2785589098930359,0.4600479304790497,0.4506117403507232,0.5167213678359985,6ed147cd585e5e8083292683f9be3cf585e97e4d46fa0e3224d24a4e2b42cbbb,f83baf5732ffbf88b9a448a3d9ab9fa270f7495fe44d1559c1ac49795a30881a,canonical_h5_cross_model_6ed147cd_f83baf57_596f1d05ff47
5,1,2022-04-11,2022-04-16,11.75,0,0,0,14.05,11.778956232346884,11.427586215396776,12.119636864913604,0.2604618072509765,0.4867631196975708,0.4550863802433014,0.5356971621513367,6ed147cd585e5e8083292683f9be3cf585e97e4d46fa0e3224d24a4e2b42cbbb,f83baf5732ffbf88b9a448a3d9ab9fa270f7495fe44d1559c1ac49795a30881a,canonical_h5_cross_model_6ed147cd_f83baf57_596f1d05ff47
5,1,2022-04-12,2022-04-17,11.92,0,0,0,12.72,12.031203341378411,11.725034785672012,12.25562431208091,0.3091700673103332,0.4732048213481903,0.4648149311542511,0.5648703575134277,6ed147cd585e5e8083292683f9be3cf585e97e4d46fa0e3224d24a4e2b42cbbb,f83baf5732ffbf88b9a448a3d9ab9fa270f7495fe44d1559c1ac49795a30881a,canonical_h5_cross_model_6ed147cd_f83baf57_596f1d05ff47
5,1,2022-04-13,2022-04-18,13.1,0,0,0,14.57,11.373072429762528,11.098637084028905,11.809888654835191,0.2344368696212768,0.4911559820175171,0.4606093764305115,0.5152926445007324,6ed147cd585e5e8083292683f9be3cf585e97e4d46fa0e3224d24a4e2b42cbbb,f83baf5732ffbf88b9a448a3d9ab9fa270f7495fe44d1559c1ac49795a30881a,canonical_h5_cross_model_6ed147cd_f83baf57_596f1d05ff47
5,1,2022-04-14,2022-04-19,13.5,0,0,0,13.69,11.30261026369951,11.048279059050994,11.637091221100112,0.2101960182189941,0.5126926898956299,0.4675063192844391,0.5315154790878296,6ed147cd585e5e8083292683f9be3cf585e97e4d46fa0e3224d24a4e2b42cbbb,f83baf5732ffbf88b9a448a3d9ab9fa270f7495fe44d1559c1ac49795a30881a,canonical_h5_cross_model_6ed147cd_f83baf57_596f1d05ff47
5,1,2022-04-15,2022-04-20,13.24,0,0,0,15.92,11.559367926387234,11.24482594668534,12.08282687834583,0.2300499379634857,0.5097115635871887,0.4877299070358276,0.5475627183914185,6ed147cd585e5e8083292683f9be3cf585e97e4d46fa0e3224d24a4e2b42cbbb,f83baf5732ffbf88b9a448a3d9ab9fa270f7495fe44d1559c1ac49795a30881a,canonical_h5_cross_model_6ed147cd_f83baf57_596f1d05ff47
5,1,2022-04-16,2022-04-21,13.75,0,0,0,11.75,11.158724547951648,10.898932849082952,11.653695987350234,0.2312707901000976,0.4907573759555816,0.481664776802063,0.5254538655281067,6ed147cd585e5e8083292683f9be3cf585e97e4d46fa0e3224d24a4e2b42cbbb,f83baf5732ffbf88b9a448a3d9ab9fa270f7495fe44d1559c1ac49795a30881a,canonical_h5_cross_model_6ed147cd_f83baf57_596f1d05ff47
5,1,2022-04-17,2022-04-22,17.64,1,1,1,11.92,10.418116561738495,10.14425654653912,11.637091221100112,0.2450931072235107,0.4689034521579742,0.4686321318149566,0.5103120803833008,6ed147cd585e5e8083292683f9be3cf585e97e4d46fa0e3224d24a4e2b42cbbb,f83baf5732ffbf88b9a448a3d9ab9fa270f7495fe44d1559c1ac49795a30881a,canonical_h5_cross_model_6ed147cd_f83baf57_596f1d05ff47
5,1,2022-04-18,2022-04-23,11.22,0,0,0,13.1,10.50299638190004,10.110889010596528,11.114920679280344,0.1901522278785705,0.4858110249042511,0.4812291264533996,0.511945903301239,6ed147cd585e5e8083292683f9be3cf585e97e4d46fa0e3224d24a4e2b42cbbb,f83baf5732ffbf88b9a448a3d9ab9fa270f7495fe44d1559c1ac49795a30881a,canonical_h5_cross_model_6ed147cd_f83baf57_596f1d05ff47
5,1,2022-04-19,2022-04-24,11.23,0,0,0,13.5,10.375303318609753,9.95075005096982,10.462609140379897,0.2568778991699219,0.4698414206504822,0.4757556915283203,0.5080235600471497,6ed147cd585e5e8083292683f9be3cf585e97e4d46fa0e3224d24a4e2b42cbbb,f83baf5732ffbf88b9a448a3d9ab9fa270f7495fe44d1559c1ac49795a30881a,canonical_h5_cross_model_6ed147cd_f83baf57_596f1d05ff47
5,1,2022-04-20,2022-04-25,13.46,0,0,0,13.24,10.218607096906434,9.851109970339229,10.462609140379897,0.2314814329147339,0.4672900736331939,0.4821794033050537,0.504738986492157,6ed147cd585e5e8083292683f9be3cf585e97e4d46fa0e3224d24a4e2b42cbbb,f83baf5732ffbf88b9a448a3d9ab9fa270f7495fe44d1559c1ac49795a30881a,canonical_h5_cross_model_6ed147cd_f83baf57_596f1d05ff47
5,1,2022-04-21,2022-04-26,14.5,0,0,0,13.75,10.087247860030816,9.645290531814553,10.375081562119847,0.2045658230781555,0.4838172793388366,0.4841856360435486,0.5303589105606079,6ed147cd585e5e8083292683f9be3cf585e97e4d46fa0e3224d24a4e2b42cbbb,f83baf5732ffbf88b9a448a3d9ab9fa270f7495fe44d1559c1ac49795a30881a,canonical_h5_cross_model_6ed147cd_f83baf57_596f1d05ff47
5,1,2022-04-22,2022-04-27,11.69,0,0,0,17.64,10.5478942349996,9.967559880460854,10.977126522069454,0.1790268123149871,0.4940792620182037,0.501998245716095,0.549586832523346,6ed147cd585e5e8083292683f9be3cf585e97e4d46fa0e3224d24a4e2b42cbbb,f83baf5732ffbf88b9a448a3d9ab9fa270f7495fe44d1559c1ac49795a30881a,canonical_h5_cross_model_6ed147cd_f83baf57_596f1d05ff47
5,1,2022-04-23,2022-04-28,11.68,0,0,0,11.22,11.117850091587004,10.489667038131191,10.994753155415504,0.2074521780014038,0.496772289276123,0.5204702019691467,0.547008216381073,6ed147cd585e5e8083292683f9be3cf585e97e4d46fa0e3224d24a4e2b42cbbb,f83baf5732ffbf88b9a448a3d9ab9fa270f7495fe44d1559c1ac49795a30881a,canonical_h5_cross_model_6ed147cd_f83baf57_596f1d05ff47
5,1,2022-04-24,2022-04-29,11.09,0,0,0,11.23,10.27561539672335,9.651622792432708,10.825792017038266,0.2473989725112915,0.4844791293144226,0.5234377980232239,0.5070921182632446,6ed147cd585e5e8083292683f9be3cf585e97e4d46fa0e3224d24a4e2b42cbbb,f83baf5732ffbf88b9a448a3d9ab9fa270f7495fe44d1559c1ac49795a30881a,canonical_h5_cross_model_6ed147cd_f83baf57_596f1d05ff47
5,1,2022-04-25,2022-04-30,8.23,0,0,0,13.46,10.09251546770297,9.431801190343474,10.58907845211787,0.1626909077167511,0.4819109141826629,0.517241895198822,0.5093466639518738,6ed147cd585e5e8083292683f9be3cf585e97e4d46fa0e3224d24a4e2b42cbbb,f83baf5732ffbf88b9a448a3d9ab9fa270f7495fe44d1559c1ac49795a30881a,canonical_h5_cross_model_6ed147cd_f83baf57_596f1d05ff47
5,1,2022-04-26,2022-05-01,7.6,0,0,0,14.5,10.042811950938884,9.262456814687626,10.361277327268551,0.1828115284442901,0.4857045412063598,0.5180941224098206,0.5279368758201599,6ed147cd585e5e8083292683f9be3cf585e97e4d46fa0e3224d24a4e2b42cbbb,f83baf5732ffbf88b9a448a3d9ab9fa270f7495fe44d1559c1ac49795a30881a,canonical_h5_cross_model_6ed147cd_f83baf57_596f1d05ff47
5,1,2022-04-27,2022-05-02,10.04,0,0,0,11.69,10.929319671026311,10.297694623703071,10.361277327268551,0.2354862093925476,0.4517890810966491,0.485807716846466,0.5239845514297485,6ed147cd585e5e8083292683f9be3cf585e97e4d46fa0e3224d24a4e2b42cbbb,f83baf5732ffbf88b9a448a3d9ab9fa270f7495fe44d1559c1ac49795a30881a,canonical_h5_cross_model_6ed147cd_f83baf57_596f1d05ff47
5,1,2022-04-28,2022-05-03,9.17,0,0,0,11.68,10.782941273652169,10.232385868620874,10.445404011323973,0.150906890630722,0.4517521262168884,0.47493577003479,0.5257644653320312,6ed147cd585e5e8083292683f9be3cf585e97e4d46fa0e3224d24a4e2b42cbbb,f83baf5732ffbf88b9a448a3d9ab9fa270f7495fe44d1559c1ac49795a30881a,canonical_h5_cross_model_6ed147cd_f83baf57_596f1d05ff47
5,1,2022-04-29,2022-05-04,10.49,0,0,0,11.09,10.63318095944784,10.274516101226652,10.755152221402383,0.1168653294444084,0.4773160517215729,0.4982310831546783,0.5474064946174622,6ed147cd585e5e8083292683f9be3cf585e97e4d46fa0e3224d24a4e2b42cbbb,f83baf5732ffbf88b9a448a3d9ab9fa270f7495fe44d1559c1ac49795a30881a,canonical_h5_cross_model_6ed147cd_f83baf57_596f1d05ff47
5,1,2022-04-30,2022-05-05,9.19,0,0,0,8.23,11.019575671883578,10.621260791504056,10.276741594569732,0.1729783415794372,0.4757102131843567,0.4789628982543945,0.512012779712677,6ed147cd585e5e8083292683f9be3cf585e97e4d46fa0e3224d24a4e2b42cbbb,f83baf5732ffbf88b9a448a3d9ab9fa270f7495fe44d1559c1ac49795a30881a,canonical_h5_cross_model_6ed147cd_f83baf57_596f1d05ff47
5,1,2022-05-01,2022-05-06,9.34,0,0,0,7.6,10.755123704247548,10.489013858075364,10.276741594569732,0.236607164144516,0.4780894815921783,0.4874484241008758,0.4867914319038391,6ed147cd585e5e8083292683f9be3cf585e97e4d46fa0e3224d24a4e2b42cbbb,f83baf5732ffbf88b9a448a3d9ab9fa270f7495fe44d1559c1ac49795a30881a,canonical_h5_cross_model_6ed147cd_f83baf57_596f1d05ff47
5,1,2022-05-02,2022-05-07,10.28,0,0,0,10.04,10.51341438730605,10.41785773188487,9.81068408178743,0.2232983112335205,0.4674676656723022,0.4742282927036285,0.4868782758712768,6ed147cd585e5e8083292683f9be3cf585e97e4d46fa0e3224d24a4e2b42cbbb,f83baf5732ffbf88b9a448a3d9ab9fa270f7495fe44d1559c1ac49795a30881a,canonical_h5_cross_model_6ed147cd_f83baf57_596f1d05ff47
5,1,2022-05-03,2022-05-08,10.58,0,0,0,9.17,11.223998992606028,10.983947886302987,10.274157056018028,0.2222345471382141,0.4836578369140625,0.4839943647384643,0.4866721332073211,6ed147cd585e5e8083292683f9be3cf585e97e4d46fa0e3224d24a4e2b42cbbb,f83baf5732ffbf88b9a448a3d9ab9fa270f7495fe44d1559c1ac49795a30881a,canonical_h5_cross_model_6ed147cd_f83baf57_596f1d05ff47
5,1,2022-05-04,2022-05-09,12.71,0,0,0,10.49,10.695946009035422,10.397325292450711,10.2252075079438,0.3274320363998413,0.4632436633110046,0.4653367102146148,0.4515470862388611,6ed147cd585e5e8083292683f9be3cf585e97e4d46fa0e3224d24a4e2b42cbbb,f83baf5732ffbf88b9a448a3d9ab9fa270f7495fe44d1559c1ac49795a30881a,canonical_h5_cross_model_6ed147cd_f83baf57_596f1d05ff47
5,1,2022-05-05,2022-05-10,12.64,0,0,0,9.19,10.457154103044669,10.09161884061275,10.39243143073576,0.2797672152519226,0.4781226217746734,0.4534313082695007,0.4738816916942596,6ed147cd585e5e8083292683f9be3cf585e97e4d46fa0e3224d24a4e2b42cbbb,f83baf5732ffbf88b9a448a3d9ab9fa270f7495fe44d1559c1ac49795a30881a,canonical_h5_cross_model_6ed147cd_f83baf57_596f1d05ff47
5,1,2022-05-06,2022-05-11,12.72,0,0,0,9.34,10.125089103994434,9.676285585570865,10.321998297892804,0.2713605761528015,0.4864299595355987,0.4620850682258606,0.4766764342784881,6ed147cd585e5e8083292683f9be3cf585e97e4d46fa0e3224d24a4e2b42cbbb,f83baf5732ffbf88b9a448a3d9ab9fa270f7495fe44d1559c1ac49795a30881a,canonical_h5_cross_model_6ed147cd_f83baf57_596f1d05ff47
5,1,2022-05-07,2022-05-12,13.37,0,0,0,10.28,10.327953447691185,9.855920640309998,10.87337704534608,0.5062270164489746,0.4391697645187378,0.4834190905094147,0.4473583698272705,6ed147cd585e5e8083292683f9be3cf585e97e4d46fa0e3224d24a4e2b42cbbb,f83baf5732ffbf88b9a448a3d9ab9fa270f7495fe44d1559c1ac49795a30881a,canonical_h5_cross_model_6ed147cd_f83baf57_596f1d05ff47
5,1,2022-05-08,2022-05-13,12.94,0,0,0,10.58,10.876950137256454,10.29996449747104,10.87337704534608,0.4854038953781128,0.4421314597129822,0.4712130427360534,0.4411565661430359,6ed147cd585e5e8083292683f9be3cf585e97e4d46fa0e3224d24a4e2b42cbbb,f83baf5732ffbf88b9a448a3d9ab9fa270f7495fe44d1559c1ac49795a30881a,canonical_h5_cross_model_6ed147cd_f83baf57_596f1d05ff47
5,1,2022-05-09,2022-05-14,15.8,1,0,0,12.71,11.707474466147692,11.02385864047744,10.87337704534608,0.4482553005218506,0.4278557300567627,0.4750333428382873,0.4250890910625458,6ed147cd585e5e8083292683f9be3cf585e97e4d46fa0e3224d24a4e2b42cbbb,f83baf5732ffbf88b9a448a3d9ab9fa270f7495fe44d1559c1ac49795a30881a,canonical_h5_cross_model_6ed147cd_f83baf57_596f1d05ff47
5,1,2022-05-10,2022-05-15,13.32,0,0,0,12.64,11.53785351420217,10.86367170846481,11.112771316566272,0.4018610417842865,0.4364903569221496,0.4438047409057617,0.4292943775653839,6ed147cd585e5e8083292683f9be3cf585e97e4d46fa0e3224d24a4e2b42cbbb,f83baf5732ffbf88b9a448a3d9ab9fa270f7495fe44d1559c1ac49795a30881a,canonical_h5_cross_model_6ed147cd_f83baf57_596f1d05ff47
5,1,2022-05-11,2022-05-16,11.74,0,0,0,12.72,12.197021216574148,11.480909155518574,11.112771316566272,0.3315864205360412,0.4158155620098114,0.4699136018753052,0.4394508898258209,6ed147cd585e5e8083292683f9be3cf585e97e4d46fa0e3224d24a4e2b42cbbb,f83baf5732ffbf88b9a448a3d9ab9fa270f7495fe44d1559c1ac49795a30881a,canonical_h5_cross_model_6ed147cd_f83baf57_596f1d05ff47
5,1,2022-05-12,2022-05-17,11.9,0,0,0,13.37,11.687445168096357,11.38783879144214,10.924076412329985,0.5736124515533447,0.3895047605037689,0.4183873236179352,0.461009532213211,6ed147cd585e5e8083292683f9be3cf585e97e4d46fa0e3224d24a4e2b42cbbb,f83baf5732ffbf88b9a448a3d9ab9fa270f7495fe44d1559c1ac49795a30881a,canonical_h5_cross_model_6ed147cd_f83baf57_596f1d05ff47
5,1,2022-05-13,2022-05-18,13.99,0,0,0,12.94,12.279438218476995,12.03464930170026,10.907471646079864,0.538858950138092,0.4081255793571472,0.4194687902927398,0.4365882277488708,6ed147cd585e5e8083292683f9be3cf585e97e4d46fa0e3224d24a4e2b42cbbb,f83baf5732ffbf88b9a448a3d9ab9fa270f7495fe44d1559c1ac49795a30881a,canonical_h5_cross_model_6ed147cd_f83baf57_596f1d05ff47
5,1,2022-05-14,2022-05-19,13.14,0,0,0,15.8,12.644769242202624,12.600487549113884,11.373529158862164,0.482028603553772,0.4018228352069855,0.4021585881710052,0.4564003348350525,6ed147cd585e5e8083292683f9be3cf585e97e4d46fa0e3224d24a4e2b42cbbb,f83baf5732ffbf88b9a448a3d9ab9fa270f7495fe44d1559c1ac49795a30881a,canonical_h5_cross_model_6ed147cd_f83baf57_596f1d05ff47
5,1,2022-05-15,2022-05-20,13.2,0,0,0,13.32,13.06559534813108,12.997250614532629,12.448154908237797,0.4735610485076904,0.4305906295776367,0.393506646156311,0.4786984324455261,6ed147cd585e5e8083292683f9be3cf585e97e4d46fa0e3224d24a4e2b42cbbb,f83baf5732ffbf88b9a448a3d9ab9fa270f7495fe44d1559c1ac49795a30881a,canonical_h5_cross_model_6ed147cd_f83baf57_596f1d05ff47
5,1,2022-05-16,2022-05-21,12.84,0,0,0,11.74,12.505729046746763,12.482323785945802,11.9545780091173,0.4721959829330444,0.4361868798732757,0.3796406984329223,0.5033556818962097,6ed147cd585e5e8083292683f9be3cf585e97e4d46fa0e3224d24a4e2b42cbbb,f83baf5732ffbf88b9a448a3d9ab9fa270f7495fe44d1559c1ac49795a30881a,canonical_h5_cross_model_6ed147cd_f83baf57_596f1d05ff47
5,1,2022-05-17,2022-05-22,12.78,0,0,0,11.9,12.17547891158224,12.170298364259978,11.971182775367422,0.4797629117965698,0.4355030655860901,0.3993533849716186,0.517133355140686,6ed147cd585e5e8083292683f9be3cf585e97e4d46fa0e3224d24a4e2b42cbbb,f83baf5732ffbf88b9a448a3d9ab9fa270f7495fe44d1559c1ac49795a30881a,canonical_h5_cross_model_6ed147cd_f83baf57_596f1d05ff47
5,1,2022-05-18,2022-05-23,13.42,0,0,0,13.99,12.238873786170137,12.094343238354156,12.147415097479207,0.4635670781135559,0.4352922439575195,0.4088678359985351,0.5221673846244812,6ed147cd585e5e8083292683f9be3cf585e97e4d46fa0e3224d24a4e2b42cbbb,f83baf5732ffbf88b9a448a3d9ab9fa270f7495fe44d1559c1ac49795a30881a,canonical_h5_cross_model_6ed147cd_f83baf57_596f1d05ff47
5,1,2022-05-19,2022-05-24,12.91,0,0,0,13.14,11.87042743945366,11.6411165639389,11.46124345347418,0.4545240402221679,0.4588628709316253,0.4020043909549713,0.5069383382797241,6ed147cd585e5e8083292683f9be3cf585e97e4d46fa0e3224d24a4e2b42cbbb,f83baf5732ffbf88b9a448a3d9ab9fa270f7495fe44d1559c1ac49795a30881a,canonical_h5_cross_model_6ed147cd_f83baf57_596f1d05ff47
5,1,2022-05-20,2022-05-25,14.44,0,0,0,13.2,11.342692829150431,11.067026866386223,10.992973846461298,0.4572216272354126,0.4598562121391296,0.4206182360649109,0.5161907076835632,6ed147cd585e5e8083292683f9be3cf585e97e4d46fa0e3224d24a4e2b42cbbb,f83baf5732ffbf88b9a448a3d9ab9fa270f7495fe44d1559c1ac49795a30881a,canonical_h5_cross_model_6ed147cd_f83baf57_596f1d05ff47
5,1,2022-05-21,2022-05-26,13.75,0,0,0,12.84,11.211028394438786,10.837033520089289,11.522836187762437,0.3868111968040466,0.4574023783206939,0.4694070518016815,0.5298181772232056,6ed147cd585e5e8083292683f9be3cf585e97e4d46fa0e3224d24a4e2b42cbbb,f83baf5732ffbf88b9a448a3d9ab9fa270f7495fe44d1559c1ac49795a30881a,canonical_h5_cross_model_6ed147cd_f83baf57_596f1d05ff47
5,1,2022-05-22,2022-05-27,13.81,0,0,0,12.78,10.966366825362998,10.504520946988547,11.679145490466324,0.3677448332309723,0.4385521411895752,0.4640557765960693,0.5017686486244202,6ed147cd585e5e8083292683f9be3cf585e97e4d46fa0e3224d24a4e2b42cbbb,f83baf5732ffbf88b9a448a3d9ab9fa270f7495fe44d1559c1ac49795a30881a,canonical_h5_cross_model_6ed147cd_f83baf57_596f1d05ff47
5,1,2022-05-23,2022-05-28,16.48,1,1,0,13.42,10.965104496348063,10.462868522804612,11.679145490466324,0.3828464150428772,0.4352393448352813,0.4688917100429535,0.4915904700756073,6ed147cd585e5e8083292683f9be3cf585e97e4d46fa0e3224d24a4e2b42cbbb,f83baf5732ffbf88b9a448a3d9ab9fa270f7495fe44d1559c1ac49795a30881a,canonical_h5_cross_model_6ed147cd_f83baf57_596f1d05ff47
5,1,2022-05-24,2022-05-29,15.8,1,0,0,12.91,10.822355794643403,10.316789375394874,11.078239032831576,0.2677612602710724,0.4511893987655639,0.4478428959846496,0.4711696803569793,6ed147cd585e5e8083292683f9be3cf585e97e4d46fa0e3224d24a4e2b42cbbb,f83baf5732ffbf88b9a448a3d9ab9fa270f7495fe44d1559c1ac49795a30881a,canonical_h5_cross_model_6ed147cd_f83baf57_596f1d05ff47
5,1,2022-05-25,2022-05-30,12.42,0,0,0,14.44,10.996330226498475,10.544213393353049,11.115381729455004,0.2884736359119415,0.4478678703308105,0.4669748842716217,0.4929577112197876,6ed147cd585e5e8083292683f9be3cf585e97e4d46fa0e3224d24a4e2b42cbbb,f83baf5732ffbf88b9a448a3d9ab9fa270f7495fe44d1559c1ac49795a30881a,canonical_h5_cross_model_6ed147cd_f83baf57_596f1d05ff47
5,1,2022-05-26,2022-05-31,13.5,0,0,0,13.75,11.188146730744448,10.79178424763219,11.54315804329902,0.3129771947860718,0.4472468793392181,0.4580489099025726,0.5072281956672668,6ed147cd585e5e8083292683f9be3cf585e97e4d46fa0e3224d24a4e2b42cbbb,f83baf5732ffbf88b9a448a3d9ab9fa270f7495fe44d1559c1ac49795a30881a,canonical_h5_cross_model_6ed147cd_f83baf57_596f1d05ff47
5,1,2022-05-27,2022-06-01,12.92,0,0,0,13.81,11.247272748661532,10.758122372728163,11.1144290863837,0.336709052324295,0.4098823666572571,0.4698236286640167,0.4810443818569183,6ed147cd585e5e8083292683f9be3cf585e97e4d46fa0e3224d24a4e2b42cbbb,f83baf5732ffbf88b9a448a3d9ab9fa270f7495fe44d1559c1ac49795a30881a,canonical_h5_cross_model_6ed147cd_f83baf57_596f1d05ff47
5,1,2022-05-28,2022-06-02,13.51,0,0,0,16.48,11.245906183563973,10.65522367187872,10.995046405466518,0.3013598322868347,0.4300887286663055,0.4557488560676574,0.5186851024627686,6ed147cd585e5e8083292683f9be3cf585e97e4d46fa0e3224d24a4e2b42cbbb,f83baf5732ffbf88b9a448a3d9ab9fa270f7495fe44d1559c1ac49795a30881a,canonical_h5_cross_model_6ed147cd_f83baf57_596f1d05ff47
5,1,2022-05-29,2022-06-03,12.24,0,0,0,15.8,11.770190043807633,11.186833720770863,10.978441639216395,0.2936563789844513,0.4533115327358246,0.4848306179046631,0.5450621843338013,6ed147cd585e5e8083292683f9be3cf585e97e4d46fa0e3224d24a4e2b42cbbb,f83baf5732ffbf88b9a448a3d9ab9fa270f7495fe44d1559c1ac49795a30881a,canonical_h5_cross_model_6ed147cd_f83baf57_596f1d05ff47
5,1,2022-05-30,2022-06-04,10.24,0,0,0,12.42,11.570397538247647,11.140225654554747,10.978441639216395,0.3280928134918213,0.4681995511054992,0.4795592725276947,0.5511237382888794,6ed147cd585e5e8083292683f9be3cf585e97e4d46fa0e3224d24a4e2b42cbbb,f83baf5732ffbf88b9a448a3d9ab9fa270f7495fe44d1559c1ac49795a30881a,canonical_h5_cross_model_6ed147cd_f83baf57_596f1d05ff47
5,1,2022-05-31,2022-06-05,9.78,0,0,0,13.5,10.962649701405036,10.563284351677927,10.668693429137983,0.2684643864631653,0.4594449698925018,0.4736888110637665,0.5348226428031921,6ed147cd585e5e8083292683f9be3cf585e97e4d46fa0e3224d24a4e2b42cbbb,f83baf5732ffbf88b9a448a3d9ab9fa270f7495fe44d1559c1ac49795a30881a,canonical_h5_cross_model_6ed147cd_f83baf57_596f1d05ff47
5,1,2022-06-01,2022-06-06,8.76,0,0,0,12.92,11.640651409787017,11.369933355702544,11.09782432013358,0.3492806553840637,0.4499397277832031,0.4744034111499786,0.5797058343887329,6ed147cd585e5e8083292683f9be3cf585e97e4d46fa0e3224d24a4e2b42cbbb,f83baf5732ffbf88b9a448a3d9ab9fa270f7495fe44d1559c1ac49795a30881a,canonical_h5_cross_model_6ed147cd_f83baf57_596f1d05ff47
5,1,2022-06-02,2022-06-07,9.5,0,0,0,13.51,11.559006450997542,11.174136490337442,11.09782432013358,0.23092782497406,0.4499814510345459,0.4522412121295929,0.5344365239143372,6ed147cd585e5e8083292683f9be3cf585e97e4d46fa0e3224d24a4e2b42cbbb,f83baf5732ffbf88b9a448a3d9ab9fa270f7495fe44d1559c1ac49795a30881a,canonical_h5_cross_model_6ed147cd_f83baf57_596f1d05ff47
5,1,2022-06-03,2022-06-08,13.81,0,0,0,12.24,11.448967642243677,11.26009292350113,10.598260296295027,0.2112678289413452,0.4712332487106323,0.4535585045814514,0.552981972694397,6ed147cd585e5e8083292683f9be3cf585e97e4d46fa0e3224d24a4e2b42cbbb,f83baf5732ffbf88b9a448a3d9ab9fa270f7495fe44d1559c1ac49795a30881a,canonical_h5_cross_model_6ed147cd_f83baf57_596f1d05ff47
5,1,2022-06-04,2022-06-09,13.99,0,0,0,10.24,11.207636632907912,11.002118646856522,10.924613272623562,0.162771850824356,0.4618293941020965,0.4576085805892944,0.5542197227478027,6ed147cd585e5e8083292683f9be3cf585e97e4d46fa0e3224d24a4e2b42cbbb,f83baf5732ffbf88b9a448a3d9ab9fa270f7495fe44d1559c1ac49795a30881a,canonical_h5_cross_model_6ed147cd_f83baf57_596f1d05ff47
5,1,2022-06-05,2022-06-10,13.16,0,0,0,9.78,10.664697239350565,10.18863905720581,11.40540913601113,0.1469026505947113,0.4832510352134704,0.4706370234489441,0.5587688088417053,6ed147cd585e5e8083292683f9be3cf585e97e4d46fa0e3224d24a4e2b42cbbb,f83baf5732ffbf88b9a448a3d9ab9fa270f7495fe44d1559c1ac49795a30881a,canonical_h5_cross_model_6ed147cd_f83baf57_596f1d05ff47
5,1,2022-06-06,2022-06-11,11.9,0,0,0,8.76,10.701623428994306,10.169219407867104,10.255149391090615,0.1054246798157692,0.4759701192378998,0.4205251932144165,0.5351930856704712,6ed147cd585e5e8083292683f9be3cf585e97e4d46fa0e3224d24a4e2b42cbbb,f83baf5732ffbf88b9a448a3d9ab9fa270f7495fe44d1559c1ac49795a30881a,canonical_h5_cross_model_6ed147cd_f83baf57_596f1d05ff47
5,1,2022-06-07,2022-06-12,12.11,0,0,0,9.5,10.773628739048268,10.323918809475405,10.342187290183691,0.0384281724691391,0.4604020416736603,0.4403972625732422,0.5063475966453552,6ed147cd585e5e8083292683f9be3cf585e97e4d46fa0e3224d24a4e2b42cbbb,f83baf5732ffbf88b9a448a3d9ab9fa270f7495fe44d1559c1ac49795a30881a,canonical_h5_cross_model_6ed147cd_f83baf57_596f1d05ff47
5,1,2022-06-08,2022-06-13,10.94,0,0,0,13.81,10.665347466591603,10.276725453084758,10.545714247947304,0.1093012019991874,0.4682962298393249,0.4658385515213012,0.5007370710372925,6ed147cd585e5e8083292683f9be3cf585e97e4d46fa0e3224d24a4e2b42cbbb,f83baf5732ffbf88b9a448a3d9ab9fa270f7495fe44d1559c1ac49795a30881a,canonical_h5_cross_model_6ed147cd_f83baf57_596f1d05ff47
5,1,2022-06-09,2022-06-14,14.46,0,0,0,13.99,11.023286791567228,10.836900974609785,10.509416535546425,0.1365461349487304,0.4723102450370788,0.4676800072193146,0.5060551762580872,6ed147cd585e5e8083292683f9be3cf585e97e4d46fa0e3224d24a4e2b42cbbb,f83baf5732ffbf88b9a448a3d9ab9fa270f7495fe44d1559c1ac49795a30881a,canonical_h5_cross_model_6ed147cd_f83baf57_596f1d05ff47
5,1,2022-06-10,2022-06-15,10.28,0,0,0,13.16,11.15477451540772,11.019374387474434,10.199668325468012,0.1528097093105316,0.4561099410057068,0.4727733135223388,0.5030198693275452,6ed147cd585e5e8083292683f9be3cf585e97e4d46fa0e3224d24a4e2b42cbbb,f83baf5732ffbf88b9a448a3d9ab9fa270f7495fe44d1559c1ac49795a30881a,canonical_h5_cross_model_6ed147cd_f83baf57_596f1d05ff47
5,1,2022-06-11,2022-06-16,9.31,0,0,0,11.9,11.20925760518008,11.023324076072605,10.4234995459772,0.0880442187190055,0.4784534871578216,0.4783641993999481,0.5068672299385071,6ed147cd585e5e8083292683f9be3cf585e97e4d46fa0e3224d24a4e2b42cbbb,f83baf5732ffbf88b9a448a3d9ab9fa270f7495fe44d1559c1ac49795a30881a,canonical_h5_cross_model_6ed147cd_f83baf57_596f1d05ff47
5,1,2022-06-12,2022-06-17,11.4,0,0,0,12.11,10.860462915668672,10.835665808244226,10.4578416292122,0.1817621290683746,0.4905252754688263,0.4786329865455627,0.5092769861221313,6ed147cd585e5e8083292683f9be3cf585e97e4d46fa0e3224d24a4e2b42cbbb,f83baf5732ffbf88b9a448a3d9ab9fa270f7495fe44d1559c1ac49795a30881a,canonical_h5_cross_model_6ed147cd_f83baf57_596f1d05ff47
5,1,2022-06-13,2022-06-18,10.92,0,0,0,10.94,11.071001247826814,10.992395708395344,10.61415093191609,0.2499230504035949,0.4969324767589569,0.4795504808425903,0.5118616223335266,6ed147cd585e5e8083292683f9be3cf585e97e4d46fa0e3224d24a4e2b42cbbb,f83baf5732ffbf88b9a448a3d9ab9fa270f7495fe44d1559c1ac49795a30881a,canonical_h5_cross_model_6ed147cd_f83baf57_596f1d05ff47
5,1,2022-06-14,2022-06-19,10.96,0,0,0,14.46,10.689638098070956,10.611819884097294,10.289491474325615,0.2376139760017395,0.4864402711391449,0.4673926532268524,0.5199958086013794,6ed147cd585e5e8083292683f9be3cf585e97e4d46fa0e3224d24a4e2b42cbbb,f83baf5732ffbf88b9a448a3d9ab9fa270f7495fe44d1559c1ac49795a30881a,canonical_h5_cross_model_6ed147cd_f83baf57_596f1d05ff47
5,1,2022-06-15,2022-06-20,10.97,0,0,0,10.28,11.528835833269008,11.511392318797924,10.750886451302875,0.1207304373383522,0.4989736974239349,0.4632574617862701,0.5641587376594543,6ed147cd585e5e8083292683f9be3cf585e97e4d46fa0e3224d24a4e2b42cbbb,f83baf5732ffbf88b9a448a3d9ab9fa270f7495fe44d1559c1ac49795a30881a,canonical_h5_cross_model_6ed147cd_f83baf57_596f1d05ff47
5,2,2022-06-16,2022-06-21,11.96,0,0,0,9.31,11.522128911686648,11.898059972325845,12.041430646873938,0.1777206808328628,0.4807922840118408,0.4323935508728027,0.5096228122711182,6ed147cd585e5e8083292683f9be3cf585e97e4d46fa0e3224d24a4e2b42cbbb,f83baf5732ffbf88b9a448a3d9ab9fa270f7495fe44d1559c1ac49795a30881a,canonical_h5_cross_model_6ed147cd_f83baf57_596f1d05ff47
5,2,2022-06-17,2022-06-22,13.96,0,0,0,11.4,11.29270246541612,11.746909320054638,11.93727108489897,0.2056746780872345,0.5032162666320801,0.4506866931915283,0.5026834607124329,6ed147cd585e5e8083292683f9be3cf585e97e4d46fa0e3224d24a4e2b42cbbb,f83baf5732ffbf88b9a448a3d9ab9fa270f7495fe44d1559c1ac49795a30881a,canonical_h5_cross_model_6ed147cd_f83baf57_596f1d05ff47
5,2,2022-06-18,2022-06-23,13.33,0,0,0,10.92,11.57435650930404,11.98298665000953,12.017895661919,0.2136376798152923,0.4824522733688354,0.4337833225727081,0.4994245767593384,6ed147cd585e5e8083292683f9be3cf585e97e4d46fa0e3224d24a4e2b42cbbb,f83baf5732ffbf88b9a448a3d9ab9fa270f7495fe44d1559c1ac49795a30881a,canonical_h5_cross_model_6ed147cd_f83baf57_596f1d05ff47
5,2,2022-06-19,2022-06-24,13.07,0,0,0,10.96,11.712665708588757,11.987531831120217,11.222505231582923,0.282968670129776,0.4803335070610046,0.4502190947532654,0.4701102077960968,6ed147cd585e5e8083292683f9be3cf585e97e4d46fa0e3224d24a4e2b42cbbb,f83baf5732ffbf88b9a448a3d9ab9fa270f7495fe44d1559c1ac49795a30881a,canonical_h5_cross_model_6ed147cd_f83baf57_596f1d05ff47
5,2,2022-06-20,2022-06-25,11.83,0,0,0,10.97,11.687363104638598,12.03555323332533,11.193269986930384,0.2160828113555908,0.474553495645523,0.4348724484443664,0.4870493710041046,6ed147cd585e5e8083292683f9be3cf585e97e4d46fa0e3224d24a4e2b42cbbb,f83baf5732ffbf88b9a448a3d9ab9fa270f7495fe44d1559c1ac49795a30881a,canonical_h5_cross_model_6ed147cd_f83baf57_596f1d05ff47
5,2,2022-06-21,2022-06-26,11.71,0,0,0,11.96,11.646184505252958,12.05367593085377,11.5835088894346,0.2073221504688263,0.4778100848197937,0.4474939107894897,0.495853990316391,6ed147cd585e5e8083292683f9be3cf585e97e4d46fa0e3224d24a4e2b42cbbb,f83baf5732ffbf88b9a448a3d9ab9fa270f7495fe44d1559c1ac49795a30881a,canonical_h5_cross_model_6ed147cd_f83baf57_596f1d05ff47
5,2,2022-06-22,2022-06-27,12.04,0,0,0,13.96,11.746923310985538,12.149127996119836,11.607043874389538,0.4308215677738189,0.4332635402679443,0.4372357726097107,0.4639037251472473,6ed147cd585e5e8083292683f9be3cf585e97e4d46fa0e3224d24a4e2b42cbbb,f83baf5732ffbf88b9a448a3d9ab9fa270f7495fe44d1559c1ac49795a30881a,canonical_h5_cross_model_6ed147cd_f83baf57_596f1d05ff47
5,2,2022-06-23,2022-06-28,9.34,0,0,0,13.33,12.037493238592443,12.50279071004229,12.0817212462644,0.245012879371643,0.4413034617900848,0.4083343148231506,0.5047505497932434,6ed147cd585e5e8083292683f9be3cf585e97e4d46fa0e3224d24a4e2b42cbbb,f83baf5732ffbf88b9a448a3d9ab9fa270f7495fe44d1559c1ac49795a30881a,canonical_h5_cross_model_6ed147cd_f83baf57_596f1d05ff47
5,2,2022-06-24,2022-06-29,9.1,0,0,0,13.07,12.027880392002858,12.503894766609244,12.70461101785319,0.2380206286907196,0.4372906684875488,0.3976456522941589,0.5119171142578125,6ed147cd585e5e8083292683f9be3cf585e97e4d46fa0e3224d24a4e2b42cbbb,f83baf5732ffbf88b9a448a3d9ab9fa270f7495fe44d1559c1ac49795a30881a,canonical_h5_cross_model_6ed147cd_f83baf57_596f1d05ff47
5,2,2022-06-25,2022-06-30,12.71,0,0,0,11.83,12.283422168603792,12.533581032089762,12.907572035922176,0.2171226441860199,0.4631918370723724,0.4240567684173584,0.4995399117469787,6ed147cd585e5e8083292683f9be3cf585e97e4d46fa0e3224d24a4e2b42cbbb,f83baf5732ffbf88b9a448a3d9ab9fa270f7495fe44d1559c1ac49795a30881a,canonical_h5_cross_model_6ed147cd_f83baf57_596f1d05ff47
5,2,2022-06-26,2022-07-01,12.94,0,0,0,11.71,12.282076490238884,12.404549979797425,12.432894664047314,0.2990656197071075,0.4539944529533386,0.4150976836681366,0.4869236648082733,6ed147cd585e5e8083292683f9be3cf585e97e4d46fa0e3224d24a4e2b42cbbb,f83baf5732ffbf88b9a448a3d9ab9fa270f7495fe44d1559c1ac49795a30881a,canonical_h5_cross_model_6ed147cd_f83baf57_596f1d05ff47
5,2,2022-06-27,2022-07-02,10.07,0,0,0,12.04,11.397656288120665,12.177122013632433,12.205709406616553,0.3741688430309295,0.4643730223178863,0.3894450068473816,0.5213733315467834,6ed147cd585e5e8083292683f9be3cf585e97e4d46fa0e3224d24a4e2b42cbbb,f83baf5732ffbf88b9a448a3d9ab9fa270f7495fe44d1559c1ac49795a30881a,canonical_h5_cross_model_6ed147cd_f83baf57_596f1d05ff47
5,2,2022-06-28,2022-07-03,9.04,0,0,0,9.34,12.229052824266551,12.368415471028705,12.099285674166705,0.2721340954303741,0.4547638297080993,0.3812099099159241,0.5088908076286316,6ed147cd585e5e8083292683f9be3cf585e97e4d46fa0e3224d24a4e2b42cbbb,f83baf5732ffbf88b9a448a3d9ab9fa270f7495fe44d1559c1ac49795a30881a,canonical_h5_cross_model_6ed147cd_f83baf57_596f1d05ff47
5,2,2022-06-29,2022-07-04,11.09,0,0,0,9.1,11.468091080121354,11.993174253297234,12.099285674166705,0.1660760045051574,0.4731172919273376,0.3933770358562469,0.5149489045143127,6ed147cd585e5e8083292683f9be3cf585e97e4d46fa0e3224d24a4e2b42cbbb,f83baf5732ffbf88b9a448a3d9ab9fa270f7495fe44d1559c1ac49795a30881a,canonical_h5_cross_model_6ed147cd_f83baf57_596f1d05ff47
5,2,2022-06-30,2022-07-05,11.74,0,0,0,12.71,11.392606444381732,11.86624232363742,11.961339246136587,0.2153393328189849,0.4633735418319702,0.3928999900817871,0.5164229869842529,6ed147cd585e5e8083292683f9be3cf585e97e4d46fa0e3224d24a4e2b42cbbb,f83baf5732ffbf88b9a448a3d9ab9fa270f7495fe44d1559c1ac49795a30881a,canonical_h5_cross_model_6ed147cd_f83baf57_596f1d05ff47
5,2,2022-07-01,2022-07-06,11.62,0,0,0,12.94,12.14863368101595,12.272343260902858,12.501899407881748,0.2316795289516449,0.4609084725379944,0.3743560314178467,0.5239300727844238,6ed147cd585e5e8083292683f9be3cf585e97e4d46fa0e3224d24a4e2b42cbbb,f83baf5732ffbf88b9a448a3d9ab9fa270f7495fe44d1559c1ac49795a30881a,canonical_h5_cross_model_6ed147cd_f83baf57_596f1d05ff47
5,2,2022-07-02,2022-07-07,13.14,0,0,0,10.07,12.374051008401809,12.291948787927945,12.525434392836686,0.3522417545318603,0.4344744384288788,0.3800030946731567,0.5126181840896606,6ed147cd585e5e8083292683f9be3cf585e97e4d46fa0e3224d24a4e2b42cbbb,f83baf5732ffbf88b9a448a3d9ab9fa270f7495fe44d1559c1ac49795a30881a,canonical_h5_cross_model_6ed147cd_f83baf57_596f1d05ff47
5,2,2022-07-03,2022-07-08,10.84,0,0,0,9.04,11.721068519402287,11.932806537495964,12.091297963541374,0.2614903151988983,0.4458836913108825,0.3790654838085174,0.5238629579544067,6ed147cd585e5e8083292683f9be3cf585e97e4d46fa0e3224d24a4e2b42cbbb,f83baf5732ffbf88b9a448a3d9ab9fa270f7495fe44d1559c1ac49795a30881a,canonical_h5_cross_model_6ed147cd_f83baf57_596f1d05ff47
5,2,2022-07-04,2022-07-09,11.6,0,0,0,11.09,11.363899031554311,11.819647174744736,12.390660407925347,0.2192004323005676,0.453940212726593,0.3749158084392547,0.5304768085479736,6ed147cd585e5e8083292683f9be3cf585e97e4d46fa0e3224d24a4e2b42cbbb,f83baf5732ffbf88b9a448a3d9ab9fa270f7495fe44d1559c1ac49795a30881a,canonical_h5_cross_model_6ed147cd_f83baf57_596f1d05ff47
5,2,2022-07-05,2022-07-10,11.35,0,0,0,11.74,11.680471144938997,12.045329562279566,12.37511313359574,0.2725741565227508,0.4496285915374756,0.3836298584938049,0.5129603147506714,6ed147cd585e5e8083292683f9be3cf585e97e4d46fa0e3224d24a4e2b42cbbb,f83baf5732ffbf88b9a448a3d9ab9fa270f7495fe44d1559c1ac49795a30881a,canonical_h5_cross_model_6ed147cd_f83baf57_596f1d05ff47
5,2,2022-07-06,2022-07-11,12.84,0,0,0,11.62,11.729741478974736,12.141336993346307,12.278575847976605,0.3220588862895965,0.4504503905773163,0.4006444215774536,0.4880155026912689,6ed147cd585e5e8083292683f9be3cf585e97e4d46fa0e3224d24a4e2b42cbbb,f83baf5732ffbf88b9a448a3d9ab9fa270f7495fe44d1559c1ac49795a30881a,canonical_h5_cross_model_6ed147cd_f83baf57_596f1d05ff47
5,2,2022-07-07,2022-07-12,10.85,0,0,0,13.14,11.831163630832528,12.247238469459331,12.278575847976605,0.2639298141002655,0.4713263511657715,0.3943245112895965,0.5010457634925842,6ed147cd585e5e8083292683f9be3cf585e97e4d46fa0e3224d24a4e2b42cbbb,f83baf5732ffbf88b9a448a3d9ab9fa270f7495fe44d1559c1ac49795a30881a,canonical_h5_cross_model_6ed147cd_f83baf57_596f1d05ff47
5,2,2022-07-08,2022-07-13,12.23,0,0,0,10.84,12.072438720245591,12.381553087850309,12.871906239329244,0.2538369596004486,0.4708632528781891,0.4017531871795654,0.5130253434181213,6ed147cd585e5e8083292683f9be3cf585e97e4d46fa0e3224d24a4e2b42cbbb,f83baf5732ffbf88b9a448a3d9ab9fa270f7495fe44d1559c1ac49795a30881a,canonical_h5_cross_model_6ed147cd_f83baf57_596f1d05ff47
5,2,2022-07-09,2022-07-14,13.62,0,0,0,11.6,11.975528839481354,12.123993225110029,12.331346077584085,0.3279515504837036,0.4477928876876831,0.3966083526611328,0.488988995552063,6ed147cd585e5e8083292683f9be3cf585e97e4d46fa0e3224d24a4e2b42cbbb,f83baf5732ffbf88b9a448a3d9ab9fa270f7495fe44d1559c1ac49795a30881a,canonical_h5_cross_model_6ed147cd_f83baf57_596f1d05ff47
5,2,2022-07-10,2022-07-15,12.58,0,0,0,11.35,12.040083923985271,12.252310772412574,12.384999580426452,0.2458755671977996,0.4723376929759979,0.4019791185855865,0.505099356174469,6ed147cd585e5e8083292683f9be3cf585e97e4d46fa0e3224d24a4e2b42cbbb,f83baf5732ffbf88b9a448a3d9ab9fa270f7495fe44d1559c1ac49795a30881a,canonical_h5_cross_model_6ed147cd_f83baf57_596f1d05ff47
5,2,2022-07-11,2022-07-16,12.6,0,0,0,12.84,11.60474883729608,12.167735843222784,11.97921340359263,0.2018158137798309,0.4713076651096344,0.3961509466171264,0.5172103047370911,6ed147cd585e5e8083292683f9be3cf585e97e4d46fa0e3224d24a4e2b42cbbb,f83baf5732ffbf88b9a448a3d9ab9fa270f7495fe44d1559c1ac49795a30881a,canonical_h5_cross_model_6ed147cd_f83baf57_596f1d05ff47
5,2,2022-07-12,2022-07-17,11.39,0,0,0,10.85,12.052857623836545,12.32504951237807,12.51977356533779,0.178646445274353,0.4685378670692444,0.4109213650226593,0.5125459432601929,6ed147cd585e5e8083292683f9be3cf585e97e4d46fa0e3224d24a4e2b42cbbb,f83baf5732ffbf88b9a448a3d9ab9fa270f7495fe44d1559c1ac49795a30881a,canonical_h5_cross_model_6ed147cd_f83baf57_596f1d05ff47
5,2,2022-07-13,2022-07-18,12.11,0,0,0,12.23,11.474051438209166,12.076124712188854,12.03198363320011,0.1698873341083526,0.4778248071670532,0.3842857182025909,0.5264939069747925,6ed147cd585e5e8083292683f9be3cf585e97e4d46fa0e3224d24a4e2b42cbbb,f83baf5732ffbf88b9a448a3d9ab9fa270f7495fe44d1559c1ac49795a30881a,canonical_h5_cross_model_6ed147cd_f83baf57_596f1d05ff47
5,2,2022-07-14,2022-07-19,9.71,0,0,0,13.62,11.854349182586663,12.253915048112052,12.138407365649956,0.1882166713476181,0.4784477353096008,0.4007945656776428,0.5260875225067139,6ed147cd585e5e8083292683f9be3cf585e97e4d46fa0e3224d24a4e2b42cbbb,f83baf5732ffbf88b9a448a3d9ab9fa270f7495fe44d1559c1ac49795a30881a,canonical_h5_cross_model_6ed147cd_f83baf57_596f1d05ff47
5,2,2022-07-15,2022-07-20,12.02,0,0,0,12.58,12.212536830065137,12.40033932807317,12.51977356533779,0.1788449734449386,0.4636050164699554,0.4009588360786438,0.5106254816055298,6ed147cd585e5e8083292683f9be3cf585e97e4d46fa0e3224d24a4e2b42cbbb,f83baf5732ffbf88b9a448a3d9ab9fa270f7495fe44d1559c1ac49795a30881a,canonical_h5_cross_model_6ed147cd_f83baf57_596f1d05ff47
5,2,2022-07-16,2022-07-21,11.9,0,0,0,12.6,11.918325372900624,12.258298128141895,12.405362122262613,0.16276715695858,0.4683540463447571,0.4066506326198578,0.5176056623458862,6ed147cd585e5e8083292683f9be3cf585e97e4d46fa0e3224d24a4e2b42cbbb,f83baf5732ffbf88b9a448a3d9ab9fa270f7495fe44d1559c1ac49795a30881a,canonical_h5_cross_model_6ed147cd_f83baf57_596f1d05ff47
5,2,2022-07-17,2022-07-22,11.05,0,0,0,11.39,11.921014980421534,12.259106524422112,12.51178585471246,0.1391484439373016,0.4718453288078308,0.4030864238739013,0.5295190215110779,6ed147cd585e5e8083292683f9be3cf585e97e4d46fa0e3224d24a4e2b42cbbb,f83baf5732ffbf88b9a448a3d9ab9fa270f7495fe44d1559c1ac49795a30881a,canonical_h5_cross_model_6ed147cd_f83baf57_596f1d05ff47
5,2,2022-07-18,2022-07-23,11.92,0,0,0,12.11,10.668670943333352,11.911130228160935,11.971225692967298,0.2123195230960846,0.4894484579563141,0.3568318486213684,0.5611562728881836,6ed147cd585e5e8083292683f9be3cf585e97e4d46fa0e3224d24a4e2b42cbbb,f83baf5732ffbf88b9a448a3d9ab9fa270f7495fe44d1559c1ac49795a30881a,canonical_h5_cross_model_6ed147cd_f83baf57_596f1d05ff47
5,2,2022-07-19,2022-07-24,11.48,0,0,0,9.71,11.811625592545848,12.198641977960673,11.971225692967298,0.1068467497825622,0.4749463498592376,0.3698647320270538,0.524689793586731,6ed147cd585e5e8083292683f9be3cf585e97e4d46fa0e3224d24a4e2b42cbbb,f83baf5732ffbf88b9a448a3d9ab9fa270f7495fe44d1559c1ac49795a30881a,canonical_h5_cross_model_6ed147cd_f83baf57_596f1d05ff47
5,2,2022-07-20,2022-07-25,10.61,0,0,0,12.02,11.7350493683563,11.94555249998577,11.86480196051745,0.1144081056118011,0.4375587105751037,0.3739461302757263,0.4952294826507568,6ed147cd585e5e8083292683f9be3cf585e97e4d46fa0e3224d24a4e2b42cbbb,f83baf5732ffbf88b9a448a3d9ab9fa270f7495fe44d1559c1ac49795a30881a,canonical_h5_cross_model_6ed147cd_f83baf57_596f1d05ff47
5,2,2022-07-21,2022-07-26,9.41,0,0,0,11.9,11.76427023729448,12.22414084231398,11.86480196051745,0.2339553833007812,0.4552216529846191,0.3763144016265869,0.5076519846916199,6ed147cd585e5e8083292683f9be3cf585e97e4d46fa0e3224d24a4e2b42cbbb,f83baf5732ffbf88b9a448a3d9ab9fa270f7495fe44d1559c1ac49795a30881a,canonical_h5_cross_model_6ed147cd_f83baf57_596f1d05ff47
5,2,2022-07-22,2022-07-27,10.84,0,0,0,11.05,12.0319645622122,12.212547477644216,11.97921340359263,0.3398467004299164,0.4404893219470978,0.3813991844654083,0.4887906908988952,6ed147cd585e5e8083292683f9be3cf585e97e4d46fa0e3224d24a4e2b42cbbb,f83baf5732ffbf88b9a448a3d9ab9fa270f7495fe44d1559c1ac49795a30881a,canonical_h5_cross_model_6ed147cd_f83baf57_596f1d05ff47
5,2,2022-07-23,2022-07-28,10.36,0,0,0,11.92,11.707841442974,12.066252273621432,11.38031829640026,0.2513971626758575,0.4576510488986969,0.394825279712677,0.4998655617237091,6ed147cd585e5e8083292683f9be3cf585e97e4d46fa0e3224d24a4e2b42cbbb,f83baf5732ffbf88b9a448a3d9ab9fa270f7495fe44d1559c1ac49795a30881a,canonical_h5_cross_model_6ed147cd_f83baf57_596f1d05ff47
5,2,2022-07-24,2022-07-29,12.71,0,0,0,11.48,11.62835164314802,12.08573505079498,11.38031829640026,0.3096430897712707,0.4528540670871734,0.372098445892334,0.5076774954795837,6ed147cd585e5e8083292683f9be3cf585e97e4d46fa0e3224d24a4e2b42cbbb,f83baf5732ffbf88b9a448a3d9ab9fa270f7495fe44d1559c1ac49795a30881a,canonical_h5_cross_model_6ed147cd_f83baf57_596f1d05ff47
5,2,2022-07-25,2022-07-30,11.0,0,0,0,10.61,11.69617272248,12.05243350973918,11.476855582019397,0.3750103414058685,0.475888043642044,0.3929741978645324,0.4940500855445862,6ed147cd585e5e8083292683f9be3cf585e97e4d46fa0e3224d24a4e2b42cbbb,f83baf5732ffbf88b9a448a3d9ab9fa270f7495fe44d1559c1ac49795a30881a,canonical_h5_cross_model_6ed147cd_f83baf57_596f1d05ff47
5,2,2022-07-26,2022-07-31,11.68,0,0,0,9.41,11.901053977147338,12.025724722882682,11.476855582019397,0.3397050499916076,0.4522835910320282,0.3784984648227691,0.4896804988384247,6ed147cd585e5e8083292683f9be3cf585e97e4d46fa0e3224d24a4e2b42cbbb,f83baf5732ffbf88b9a448a3d9ab9fa270f7495fe44d1559c1ac49795a30881a,canonical_h5_cross_model_6ed147cd_f83baf57_596f1d05ff47
5,2,2022-07-27,2022-08-01,11.72,0,0,0,10.84,11.733876931891151,11.916671245151962,11.476855582019397,0.2868515849113464,0.4662186503410339,0.3915847539901733,0.4949527680873871,6ed147cd585e5e8083292683f9be3cf585e97e4d46fa0e3224d24a4e2b42cbbb,f83baf5732ffbf88b9a448a3d9ab9fa270f7495fe44d1559c1ac49795a30881a,canonical_h5_cross_model_6ed147cd_f83baf57_596f1d05ff47
5,2,2022-07-28,2022-08-02,13.98,0,0,0,10.36,11.461520731394012,11.942614090778354,11.43308852600774,0.245094895362854,0.4560691714286804,0.3914454877376556,0.4943155348300934,6ed147cd585e5e8083292683f9be3cf585e97e4d46fa0e3224d24a4e2b42cbbb,f83baf5732ffbf88b9a448a3d9ab9fa270f7495fe44d1559c1ac49795a30881a,canonical_h5_cross_model_6ed147cd_f83baf57_596f1d05ff47
5,2,2022-07-29,2022-08-03,15.37,1,0,0,12.71,11.370102383027326,11.832772850123952,11.44620108627056,0.3226944208145141,0.4576697051525116,0.3988959491252899,0.4886143803596496,6ed147cd585e5e8083292683f9be3cf585e97e4d46fa0e3224d24a4e2b42cbbb,f83baf5732ffbf88b9a448a3d9ab9fa270f7495fe44d1559c1ac49795a30881a,canonical_h5_cross_model_6ed147cd_f83baf57_596f1d05ff47
5,2,2022-07-30,2022-08-04,13.75,0,0,0,11.0,11.902220239147749,12.128594054325768,11.98676124801572,0.3901667892932892,0.4625220000743866,0.4010836780071258,0.4920527637004852,6ed147cd585e5e8083292683f9be3cf585e97e4d46fa0e3224d24a4e2b42cbbb,f83baf5732ffbf88b9a448a3d9ab9fa270f7495fe44d1559c1ac49795a30881a,canonical_h5_cross_model_6ed147cd_f83baf57_596f1d05ff47
5,2,2022-07-31,2022-08-05,12.58,0,0,0,11.68,11.48263999999376,11.969741916930898,11.541620763960722,0.3130338191986084,0.4788022041320801,0.3981629908084869,0.4936604499816894,6ed147cd585e5e8083292683f9be3cf585e97e4d46fa0e3224d24a4e2b42cbbb,f83baf5732ffbf88b9a448a3d9ab9fa270f7495fe44d1559c1ac49795a30881a,canonical_h5_cross_model_6ed147cd_f83baf57_596f1d05ff47
5,2,2022-08-01,2022-08-06,11.47,0,0,0,11.72,11.77066670234032,12.074465379952896,11.71392728628087,0.273864597082138,0.4695761501789093,0.4192968904972076,0.4861530661582947,6ed147cd585e5e8083292683f9be3cf585e97e4d46fa0e3224d24a4e2b42cbbb,f83baf5732ffbf88b9a448a3d9ab9fa270f7495fe44d1559c1ac49795a30881a,canonical_h5_cross_model_6ed147cd_f83baf57_596f1d05ff47
5,2,2022-08-02,2022-08-07,10.79,0,0,0,13.98,11.970420133877594,12.12222628447502,11.60750355383102,0.2783686518669128,0.4566366374492645,0.4069348871707916,0.4799351990222931,6ed147cd585e5e8083292683f9be3cf585e97e4d46fa0e3224d24a4e2b42cbbb,f83baf5732ffbf88b9a448a3d9ab9fa270f7495fe44d1559c1ac49795a30881a,canonical_h5_cross_model_6ed147cd_f83baf57_596f1d05ff47
5,2,2022-08-03,2022-08-08,11.84,0,0,0,15.37,12.111899520164505,12.358849990094129,12.148063715576182,0.2744127213954925,0.4622983038425445,0.426578938961029,0.485484778881073,6ed147cd585e5e8083292683f9be3cf585e97e4d46fa0e3224d24a4e2b42cbbb,f83baf5732ffbf88b9a448a3d9ab9fa270f7495fe44d1559c1ac49795a30881a,canonical_h5_cross_model_6ed147cd_f83baf57_596f1d05ff47
5,2,2022-08-04,2022-08-09,11.92,0,0,0,13.75,12.514031471275889,12.649526129874255,12.00965760810458,0.3029931783676147,0.4766696691513061,0.4338197708129883,0.4940045475959778,6ed147cd585e5e8083292683f9be3cf585e97e4d46fa0e3224d24a4e2b42cbbb,f83baf5732ffbf88b9a448a3d9ab9fa270f7495fe44d1559c1ac49795a30881a,canonical_h5_cross_model_6ed147cd_f83baf57_596f1d05ff47
5,2,2022-08-05,2022-08-10,9.1,0,0,0,12.58,12.477937782072958,12.578205967464909,12.230492783629607,0.2498898208141327,0.4877702891826629,0.4558673202991485,0.4903545975685119,6ed147cd585e5e8083292683f9be3cf585e97e4d46fa0e3224d24a4e2b42cbbb,f83baf5732ffbf88b9a448a3d9ab9fa270f7495fe44d1559c1ac49795a30881a,canonical_h5_cross_model_6ed147cd_f83baf57_596f1d05ff47
5,2,2022-08-06,2022-08-11,10.85,0,0,0,11.47,12.12519528354069,12.428376842134506,12.230492783629607,0.2538155019283294,0.4680714607238769,0.4542036950588226,0.4862519800662994,6ed147cd585e5e8083292683f9be3cf585e97e4d46fa0e3224d24a4e2b42cbbb,f83baf5732ffbf88b9a448a3d9ab9fa270f7495fe44d1559c1ac49795a30881a,canonical_h5_cross_model_6ed147cd_f83baf57_596f1d05ff47
5,2,2022-08-07,2022-08-12,10.13,0,0,0,10.79,11.582780532536413,12.274872942101918,11.624049832014148,0.2937357127666473,0.4794007539749145,0.4511931836605072,0.4888925552368164,6ed147cd585e5e8083292683f9be3cf585e97e4d46fa0e3224d24a4e2b42cbbb,f83baf5732ffbf88b9a448a3d9ab9fa270f7495fe44d1559c1ac49795a30881a,canonical_h5_cross_model_6ed147cd_f83baf57_596f1d05ff47
5,2,2022-08-08,2022-08-13,9.9,0,0,0,11.84,11.518665357558763,12.142730210364869,11.575521178809268,0.2872974574565887,0.4724059998989105,0.4586823880672455,0.4764994382858276,6ed147cd585e5e8083292683f9be3cf585e97e4d46fa0e3224d24a4e2b42cbbb,f83baf5732ffbf88b9a448a3d9ab9fa270f7495fe44d1559c1ac49795a30881a,canonical_h5_cross_model_6ed147cd_f83baf57_596f1d05ff47
5,2,2022-08-09,2022-08-14,8.88,0,0,0,11.92,11.729266564977994,12.235149348456792,11.40321465648912,0.234583169221878,0.4925716817378998,0.4513455927371979,0.5074434280395508,6ed147cd585e5e8083292683f9be3cf585e97e4d46fa0e3224d24a4e2b42cbbb,f83baf5732ffbf88b9a448a3d9ab9fa270f7495fe44d1559c1ac49795a30881a,canonical_h5_cross_model_6ed147cd_f83baf57_596f1d05ff47
5,2,2022-08-10,2022-08-15,7.51,0,0,0,9.1,11.708792099123386,12.208582409776191,11.4559848860966,0.2276210486888885,0.486540138721466,0.4432380497455597,0.5104876756668091,6ed147cd585e5e8083292683f9be3cf585e97e4d46fa0e3224d24a4e2b42cbbb,f83baf5732ffbf88b9a448a3d9ab9fa270f7495fe44d1559c1ac49795a30881a,canonical_h5_cross_model_6ed147cd_f83baf57_596f1d05ff47
5,2,2022-08-11,2022-08-16,7.97,0,0,0,10.85,10.806792259068295,11.742719684085976,11.40321465648912,0.2067807614803314,0.4751440286636352,0.432612806558609,0.5067588090896606,6ed147cd585e5e8083292683f9be3cf585e97e4d46fa0e3224d24a4e2b42cbbb,f83baf5732ffbf88b9a448a3d9ab9fa270f7495fe44d1559c1ac49795a30881a,canonical_h5_cross_model_6ed147cd_f83baf57_596f1d05ff47
5,2,2022-08-12,2022-08-17,10.81,0,0,0,10.13,11.274684260202005,11.87589397211936,11.4559848860966,0.2344716191291809,0.4731983244419098,0.4316702485084533,0.5072227120399475,6ed147cd585e5e8083292683f9be3cf585e97e4d46fa0e3224d24a4e2b42cbbb,f83baf5732ffbf88b9a448a3d9ab9fa270f7495fe44d1559c1ac49795a30881a,canonical_h5_cross_model_6ed147cd_f83baf57_596f1d05ff47
5,2,2022-08-13,2022-08-18,10.51,0,0,0,9.9,11.14529919334009,11.725488682690669,11.222505231582923,0.2734163403511047,0.4621666669845581,0.4225136935710907,0.4928777515888214,6ed147cd585e5e8083292683f9be3cf585e97e4d46fa0e3224d24a4e2b42cbbb,f83baf5732ffbf88b9a448a3d9ab9fa270f7495fe44d1559c1ac49795a30881a,canonical_h5_cross_model_6ed147cd_f83baf57_596f1d05ff47
5,2,2022-08-14,2022-08-19,8.86,0,0,0,8.88,10.85988075399998,11.652272043536431,11.103852212105146,0.2530106604099273,0.4657264053821563,0.4234054982662201,0.4879705905914306,6ed147cd585e5e8083292683f9be3cf585e97e4d46fa0e3224d24a4e2b42cbbb,f83baf5732ffbf88b9a448a3d9ab9fa270f7495fe44d1559c1ac49795a30881a,canonical_h5_cross_model_6ed147cd_f83baf57_596f1d05ff47
5,2,2022-08-15,2022-08-20,9.42,0,0,0,7.51,10.903891159496276,11.613712397884711,11.169735001975445,0.2464315593242645,0.4790741801261902,0.4085956215858459,0.4794056713581085,6ed147cd585e5e8083292683f9be3cf585e97e4d46fa0e3224d24a4e2b42cbbb,f83baf5732ffbf88b9a448a3d9ab9fa270f7495fe44d1559c1ac49795a30881a,canonical_h5_cross_model_6ed147cd_f83baf57_596f1d05ff47
5,2,2022-08-16,2022-08-21,9.74,0,0,0,7.97,10.25118133534005,11.283159594530384,11.169735001975445,0.4205189645290375,0.4554069936275482,0.4099077880382538,0.4671489596366882,6ed147cd585e5e8083292683f9be3cf585e97e4d46fa0e3224d24a4e2b42cbbb,f83baf5732ffbf88b9a448a3d9ab9fa270f7495fe44d1559c1ac49795a30881a,canonical_h5_cross_model_6ed147cd_f83baf57_596f1d05ff47
5,2,2022-08-17,2022-08-22,10.25,0,0,0,10.81,10.49843466506776,11.349892515070696,11.103852212105146,0.4099416732788086,0.44496950507164,0.3879482448101043,0.4563022553920746,6ed147cd585e5e8083292683f9be3cf585e97e4d46fa0e3224d24a4e2b42cbbb,f83baf5732ffbf88b9a448a3d9ab9fa270f7495fe44d1559c1ac49795a30881a,canonical_h5_cross_model_6ed147cd_f83baf57_596f1d05ff47
5,2,2022-08-18,2022-08-23,12.0,0,0,0,10.51,10.963676612598402,11.693314622396215,11.103852212105146,0.2709958255290985,0.4497446715831756,0.3976290225982666,0.4663521945476532,6ed147cd585e5e8083292683f9be3cf585e97e4d46fa0e3224d24a4e2b42cbbb,f83baf5732ffbf88b9a448a3d9ab9fa270f7495fe44d1559c1ac49795a30881a,canonical_h5_cross_model_6ed147cd_f83baf57_596f1d05ff47
5,2,2022-08-19,2022-08-24,9.62,0,0,0,8.86,10.844635022526496,11.637527407021569,11.103852212105146,0.4050919115543365,0.4325674772262573,0.3952591121196747,0.4443787932395935,6ed147cd585e5e8083292683f9be3cf585e97e4d46fa0e3224d24a4e2b42cbbb,f83baf5732ffbf88b9a448a3d9ab9fa270f7495fe44d1559c1ac49795a30881a,canonical_h5_cross_model_6ed147cd_f83baf57_596f1d05ff47
5,2,2022-08-20,2022-08-25,9.98,0,0,0,9.42,10.27474015461456,11.41075883922655,11.103852212105146,0.3623503744602203,0.4559943974018097,0.3752918839454651,0.4670751392841339,6ed147cd585e5e8083292683f9be3cf585e97e4d46fa0e3224d24a4e2b42cbbb,f83baf5732ffbf88b9a448a3d9ab9fa270f7495fe44d1559c1ac49795a30881a,canonical_h5_cross_model_6ed147cd_f83baf57_596f1d05ff47
5,2,2022-08-21,2022-08-26,10.62,0,0,0,9.74,10.73846855206053,11.54519391229335,11.38031829640026,0.3737213313579559,0.4448011815547943,0.3774212300777435,0.4538888335227966,6ed147cd585e5e8083292683f9be3cf585e97e4d46fa0e3224d24a4e2b42cbbb,f83baf5732ffbf88b9a448a3d9ab9fa270f7495fe44d1559c1ac49795a30881a,canonical_h5_cross_model_6ed147cd_f83baf57_596f1d05ff47
5,2,2022-08-22,2022-08-27,12.52,0,0,0,10.25,10.905071134144729,11.576976204284922,11.38031829640026,0.4490275681018829,0.4505432844161987,0.3798272609710693,0.4357405602931976,6ed147cd585e5e8083292683f9be3cf585e97e4d46fa0e3224d24a4e2b42cbbb,f83baf5732ffbf88b9a448a3d9ab9fa270f7495fe44d1559c1ac49795a30881a,canonical_h5_cross_model_6ed147cd_f83baf57_596f1d05ff47
5,2,2022-08-23,2022-08-28,13.15,0,0,0,12.0,11.260194723664394,11.706786224257565,11.44620108627056,0.4226615726947784,0.4435804188251495,0.3793830275535583,0.4532517790794372,6ed147cd585e5e8083292683f9be3cf585e97e4d46fa0e3224d24a4e2b42cbbb,f83baf5732ffbf88b9a448a3d9ab9fa270f7495fe44d1559c1ac49795a30881a,canonical_h5_cross_model_6ed147cd_f83baf57_596f1d05ff47
5,2,2022-08-24,2022-08-29,11.3,0,0,0,9.62,10.897616097224695,11.78554293706488,11.38031829640026,0.3243960440158844,0.4637999236583709,0.3455318510532379,0.5168001651763916,6ed147cd585e5e8083292683f9be3cf585e97e4d46fa0e3224d24a4e2b42cbbb,f83baf5732ffbf88b9a448a3d9ab9fa270f7495fe44d1559c1ac49795a30881a,canonical_h5_cross_model_6ed147cd_f83baf57_596f1d05ff47
5,2,2022-08-25,2022-08-30,11.58,0,0,0,9.98,11.003987260514297,11.605720195900648,11.38031829640026,0.2944455742835998,0.4200163185596466,0.3605307638645172,0.4741978943347931,6ed147cd585e5e8083292683f9be3cf585e97e4d46fa0e3224d24a4e2b42cbbb,f83baf5732ffbf88b9a448a3d9ab9fa270f7495fe44d1559c1ac49795a30881a,canonical_h5_cross_model_6ed147cd_f83baf57_596f1d05ff47
5,2,2022-08-26,2022-08-31,9.74,0,0,0,10.62,11.305802746135493,11.6486889018686,11.44620108627056,0.3739934861660003,0.4355383515357971,0.3731586933135986,0.4718610644340515,6ed147cd585e5e8083292683f9be3cf585e97e4d46fa0e3224d24a4e2b42cbbb,f83baf5732ffbf88b9a448a3d9ab9fa270f7495fe44d1559c1ac49795a30881a,canonical_h5_cross_model_6ed147cd_f83baf57_596f1d05ff47
5,2,2022-08-27,2022-09-01,6.86,0,0,0,12.52,11.459153321320716,11.785317197752237,11.38031829640026,0.3951782882213592,0.4559618234634399,0.3818830251693725,0.4668474495410919,6ed147cd585e5e8083292683f9be3cf585e97e4d46fa0e3224d24a4e2b42cbbb,f83baf5732ffbf88b9a448a3d9ab9fa270f7495fe44d1559c1ac49795a30881a,canonical_h5_cross_model_6ed147cd_f83baf57_596f1d05ff47
5,2,2022-08-28,2022-09-02,8.57,0,0,0,13.15,11.993607311356584,12.061637526720114,11.44620108627056,0.3601444065570831,0.4651495814323425,0.4018193483352661,0.471692830324173,6ed147cd585e5e8083292683f9be3cf585e97e4d46fa0e3224d24a4e2b42cbbb,f83baf5732ffbf88b9a448a3d9ab9fa270f7495fe44d1559c1ac49795a30881a,canonical_h5_cross_model_6ed147cd_f83baf57_596f1d05ff47
5,2,2022-08-29,2022-09-03,11.56,0,0,0,11.3,11.73208636891747,12.12807442061638,11.92087845814542,0.3095618784427643,0.4673973321914673,0.3995358943939209,0.4826575815677643,6ed147cd585e5e8083292683f9be3cf585e97e4d46fa0e3224d24a4e2b42cbbb,f83baf5732ffbf88b9a448a3d9ab9fa270f7495fe44d1559c1ac49795a30881a,canonical_h5_cross_model_6ed147cd_f83baf57_596f1d05ff47
5,2,2022-08-30,2022-09-04,9.69,0,0,0,11.58,11.235406414495063,11.866737499335692,11.486742028850108,0.2790591418743133,0.4771876633167267,0.3951505422592163,0.5031018257141113,6ed147cd585e5e8083292683f9be3cf585e97e4d46fa0e3224d24a4e2b42cbbb,f83baf5732ffbf88b9a448a3d9ab9fa270f7495fe44d1559c1ac49795a30881a,canonical_h5_cross_model_6ed147cd_f83baf57_596f1d05ff47
5,2,2022-08-31,2022-09-05,11.27,0,0,0,9.74,10.955168461307297,11.831715738932154,11.486742028850108,0.330435186624527,0.4837706983089447,0.3735910058021545,0.5293585062026978,6ed147cd585e5e8083292683f9be3cf585e97e4d46fa0e3224d24a4e2b42cbbb,f83baf5732ffbf88b9a448a3d9ab9fa270f7495fe44d1559c1ac49795a30881a,canonical_h5_cross_model_6ed147cd_f83baf57_596f1d05ff47
5,2,2022-09-01,2022-09-06,10.07,0,0,0,6.86,10.980004585129947,11.71779189933896,11.38031829640026,0.2369495928287506,0.4651452600955963,0.3837655484676361,0.4911892116069793,6ed147cd585e5e8083292683f9be3cf585e97e4d46fa0e3224d24a4e2b42cbbb,f83baf5732ffbf88b9a448a3d9ab9fa270f7495fe44d1559c1ac49795a30881a,canonical_h5_cross_model_6ed147cd_f83baf57_596f1d05ff47
5,2,2022-09-02,2022-09-07,10.8,0,0,0,8.57,10.354168529479738,11.30254942243394,11.38031829640026,0.3924343287944793,0.4500289857387543,0.3773984014987945,0.481096476316452,6ed147cd585e5e8083292683f9be3cf585e97e4d46fa0e3224d24a4e2b42cbbb,f83baf5732ffbf88b9a448a3d9ab9fa270f7495fe44d1559c1ac49795a30881a,canonical_h5_cross_model_6ed147cd_f83baf57_596f1d05ff47
5,2,2022-09-03,2022-09-08,6.31,0,0,0,11.56,10.409517190217342,11.480992546367382,11.38031829640026,0.3073138296604156,0.4786407351493835,0.3620485067367553,0.4932135045528412,6ed147cd585e5e8083292683f9be3cf585e97e4d46fa0e3224d24a4e2b42cbbb,f83baf5732ffbf88b9a448a3d9ab9fa270f7495fe44d1559c1ac49795a30881a,canonical_h5_cross_model_6ed147cd_f83baf57_596f1d05ff47
5,2,2022-09-04,2022-09-09,9.62,0,0,0,9.69,11.086071694641689,11.808281123853204,11.38031829640026,0.2752831280231476,0.4475183188915252,0.3586993813514709,0.4744429588317871,6ed147cd585e5e8083292683f9be3cf585e97e4d46fa0e3224d24a4e2b42cbbb,f83baf5732ffbf88b9a448a3d9ab9fa270f7495fe44d1559c1ac49795a30881a,canonical_h5_cross_model_6ed147cd_f83baf57_596f1d05ff47
5,2,2022-09-05,2022-09-10,11.69,0,0,0,11.27,10.658694168923866,11.53563832864218,11.38031829640026,0.4013664722442627,0.4500945210456848,0.3440116345882416,0.4766769707202911,6ed147cd585e5e8083292683f9be3cf585e97e4d46fa0e3224d24a4e2b42cbbb,f83baf5732ffbf88b9a448a3d9ab9fa270f7495fe44d1559c1ac49795a30881a,canonical_h5_cross_model_6ed147cd_f83baf57_596f1d05ff47
5,2,2022-09-06,2022-09-11,10.96,0,0,0,10.07,9.354061987383792,11.37948543228653,11.38031829640026,0.5276616811752319,0.5083319544792175,0.2665756046772003,0.5835230946540833,6ed147cd585e5e8083292683f9be3cf585e97e4d46fa0e3224d24a4e2b42cbbb,f83baf5732ffbf88b9a448a3d9ab9fa270f7495fe44d1559c1ac49795a30881a,canonical_h5_cross_model_6ed147cd_f83baf57_596f1d05ff47
5,2,2022-09-07,2022-09-12,12.9,0,0,0,10.8,11.371902631406078,11.626598724286945,11.38031829640026,0.2415915727615356,0.3781573176383972,0.3039111495018005,0.4791014194488525,6ed147cd585e5e8083292683f9be3cf585e97e4d46fa0e3224d24a4e2b42cbbb,f83baf5732ffbf88b9a448a3d9ab9fa270f7495fe44d1559c1ac49795a30881a,canonical_h5_cross_model_6ed147cd_f83baf57_596f1d05ff47
5,2,2022-09-08,2022-09-13,15.26,1,0,0,6.31,11.522382530642956,11.821523193359088,11.38031829640026,0.3551760613918304,0.4131574034690857,0.2933996319770813,0.4754341542720794,6ed147cd585e5e8083292683f9be3cf585e97e4d46fa0e3224d24a4e2b42cbbb,f83baf5732ffbf88b9a448a3d9ab9fa270f7495fe44d1559c1ac49795a30881a,canonical_h5_cross_model_6ed147cd_f83baf57_596f1d05ff47
5,2,2022-09-09,2022-09-14,10.7,0,0,0,9.62,10.371853377509126,11.28309831888009,11.38031829640026,0.5038204789161682,0.3990130722522735,0.359496146440506,0.4121315777301788,6ed147cd585e5e8083292683f9be3cf585e97e4d46fa0e3224d24a4e2b42cbbb,f83baf5732ffbf88b9a448a3d9ab9fa270f7495fe44d1559c1ac49795a30881a,canonical_h5_cross_model_6ed147cd_f83baf57_596f1d05ff47
5,2,2022-09-10,2022-09-15,11.9,0,0,0,11.69,11.130647600703814,11.62845747724842,11.44620108627056,0.5692360401153564,0.4167829155921936,0.3800506889820099,0.4170044064521789,6ed147cd585e5e8083292683f9be3cf585e97e4d46fa0e3224d24a4e2b42cbbb,f83baf5732ffbf88b9a448a3d9ab9fa270f7495fe44d1559c1ac49795a30881a,canonical_h5_cross_model_6ed147cd_f83baf57_596f1d05ff47
5,2,2022-09-11,2022-09-16,14.33,0,0,0,10.96,11.38848754320981,11.856483962794025,11.38031829640026,0.6257904767990112,0.4355171918869018,0.3696624636650085,0.4048559069633484,6ed147cd585e5e8083292683f9be3cf585e97e4d46fa0e3224d24a4e2b42cbbb,f83baf5732ffbf88b9a448a3d9ab9fa270f7495fe44d1559c1ac49795a30881a,canonical_h5_cross_model_6ed147cd_f83baf57_596f1d05ff47
5,2,2022-09-12,2022-09-17,13.67,0,0,0,12.9,11.35867715923547,11.764695174649049,11.44620108627056,0.5492196679115295,0.4459483623504638,0.378056913614273,0.4377305209636688,6ed147cd585e5e8083292683f9be3cf585e97e4d46fa0e3224d24a4e2b42cbbb,f83baf5732ffbf88b9a448a3d9ab9fa270f7495fe44d1559c1ac49795a30881a,canonical_h5_cross_model_6ed147cd_f83baf57_596f1d05ff47
5,2,2022-09-13,2022-09-18,11.3,0,0,0,15.26,11.654447115379964,12.02395087423876,12.220240902529396,0.4199159443378448,0.4977284073829651,0.3795684576034546,0.4901311993598938,6ed147cd585e5e8083292683f9be3cf585e97e4d46fa0e3224d24a4e2b42cbbb,f83baf5732ffbf88b9a448a3d9ab9fa270f7495fe44d1559c1ac49795a30881a,canonical_h5_cross_model_6ed147cd_f83baf57_596f1d05ff47
5,2,2022-09-14,2022-09-19,11.33,0,0,0,10.7,12.25937999564272,12.369898408501982,12.220240902529396,0.4268534481525421,0.470788836479187,0.3807538747787475,0.485981822013855,6ed147cd585e5e8083292683f9be3cf585e97e4d46fa0e3224d24a4e2b42cbbb,f83baf5732ffbf88b9a448a3d9ab9fa270f7495fe44d1559c1ac49795a30881a,canonical_h5_cross_model_6ed147cd_f83baf57_596f1d05ff47
5,2,2022-09-15,2022-09-20,9.44,0,0,0,11.9,11.111556974920044,11.785012342051436,11.786104473234085,0.4730772674083709,0.4794326424598694,0.4009154140949249,0.459328293800354,6ed147cd585e5e8083292683f9be3cf585e97e4d46fa0e3224d24a4e2b42cbbb,f83baf5732ffbf88b9a448a3d9ab9fa270f7495fe44d1559c1ac49795a30881a,canonical_h5_cross_model_6ed147cd_f83baf57_596f1d05ff47
5,2,2022-09-16,2022-09-21,10.38,0,0,0,14.33,11.834026567618064,12.143535450570822,11.786104473234085,0.3484325706958771,0.504949152469635,0.3965413868427276,0.4844498634338379,6ed147cd585e5e8083292683f9be3cf585e97e4d46fa0e3224d24a4e2b42cbbb,f83baf5732ffbf88b9a448a3d9ab9fa270f7495fe44d1559c1ac49795a30881a,canonical_h5_cross_model_6ed147cd_f83baf57_596f1d05ff47
5,2,2022-09-17,2022-09-22,11.3,0,0,0,13.67,12.282548523168415,12.465925606354707,12.286123692399697,0.3670986592769623,0.5056492686271667,0.4071285128593445,0.4879991710186004,6ed147cd585e5e8083292683f9be3cf585e97e4d46fa0e3224d24a4e2b42cbbb,f83baf5732ffbf88b9a448a3d9ab9fa270f7495fe44d1559c1ac49795a30881a,canonical_h5_cross_model_6ed147cd_f83baf57_596f1d05ff47
5,2,2022-09-18,2022-09-23,13.42,0,0,0,11.3,11.833868589096,12.37555640568652,11.92087845814542,0.3655916452407837,0.5024074912071228,0.4124435186386108,0.4920056760311126,6ed147cd585e5e8083292683f9be3cf585e97e4d46fa0e3224d24a4e2b42cbbb,f83baf5732ffbf88b9a448a3d9ab9fa270f7495fe44d1559c1ac49795a30881a,canonical_h5_cross_model_6ed147cd_f83baf57_596f1d05ff47
5,2,2022-09-19,2022-09-24,12.35,0,0,0,11.33,10.54935616285026,11.959940456918831,11.486742028850108,0.3184191882610321,0.5283322930335999,0.342863380908966,0.5629724264144897,6ed147cd585e5e8083292683f9be3cf585e97e4d46fa0e3224d24a4e2b42cbbb,f83baf5732ffbf88b9a448a3d9ab9fa270f7495fe44d1559c1ac49795a30881a,canonical_h5_cross_model_6ed147cd_f83baf57_596f1d05ff47
5,2,2022-09-20,2022-09-25,13.02,0,0,0,9.44,11.8547473268642,12.135800390444146,11.486742028850108,0.2486945390701294,0.4767971634864807,0.38063645362854,0.5208559036254883,6ed147cd585e5e8083292683f9be3cf585e97e4d46fa0e3224d24a4e2b42cbbb,f83baf5732ffbf88b9a448a3d9ab9fa270f7495fe44d1559c1ac49795a30881a,canonical_h5_cross_model_6ed147cd_f83baf57_596f1d05ff47
5,2,2022-09-21,2022-09-26,13.94,0,0,0,10.38,11.574847520810051,11.906558406594064,11.6976797680283,0.3216102719306946,0.4983582198619842,0.3969743549823761,0.4989297688007355,6ed147cd585e5e8083292683f9be3cf585e97e4d46fa0e3224d24a4e2b42cbbb,f83baf5732ffbf88b9a448a3d9ab9fa270f7495fe44d1559c1ac49795a30881a,canonical_h5_cross_model_6ed147cd_f83baf57_596f1d05ff47
5,2,2022-09-22,2022-09-27,13.92,0,0,0,11.3,11.677750423628128,12.017389963181826,11.7635625578986,0.3407904207706451,0.483620822429657,0.425599992275238,0.4820168018341064,6ed147cd585e5e8083292683f9be3cf585e97e4d46fa0e3224d24a4e2b42cbbb,f83baf5732ffbf88b9a448a3d9ab9fa270f7495fe44d1559c1ac49795a30881a,canonical_h5_cross_model_6ed147cd_f83baf57_596f1d05ff47
5,2,2022-09-23,2022-09-28,11.36,0,0,0,13.42,11.676217519090564,12.047882143456038,11.8030140353051,0.3810733556747436,0.4828302562236786,0.427906721830368,0.4721413850784302,6ed147cd585e5e8083292683f9be3cf585e97e4d46fa0e3224d24a4e2b42cbbb,f83baf5732ffbf88b9a448a3d9ab9fa270f7495fe44d1559c1ac49795a30881a,canonical_h5_cross_model_6ed147cd_f83baf57_596f1d05ff47
5,2,2022-09-24,2022-09-29,12.05,0,0,0,12.35,12.554486581265856,12.451702609771916,12.409456986920558,0.3416952192783355,0.5230068564414978,0.4347569346427917,0.4872410595417022,6ed147cd585e5e8083292683f9be3cf585e97e4d46fa0e3224d24a4e2b42cbbb,f83baf5732ffbf88b9a448a3d9ab9fa270f7495fe44d1559c1ac49795a30881a,canonical_h5_cross_model_6ed147cd_f83baf57_596f1d05ff47
5,2,2022-09-25,2022-09-30,13.66,0,0,0,13.02,12.595580095813192,12.448004192723294,11.868896825175398,0.3671817481517792,0.5192878842353821,0.4448094367980957,0.4801947176456451,6ed147cd585e5e8083292683f9be3cf585e97e4d46fa0e3224d24a4e2b42cbbb,f83baf5732ffbf88b9a448a3d9ab9fa270f7495fe44d1559c1ac49795a30881a,canonical_h5_cross_model_6ed147cd_f83baf57_596f1d05ff47
5,2,2022-09-26,2022-10-01,13.19,0,0,0,13.94,12.962946120204784,12.691342185346183,12.92965460682956,0.3131563067436218,0.5322704315185547,0.473791092634201,0.4919600784778595,6ed147cd585e5e8083292683f9be3cf585e97e4d46fa0e3224d24a4e2b42cbbb,f83baf5732ffbf88b9a448a3d9ab9fa270f7495fe44d1559c1ac49795a30881a,canonical_h5_cross_model_6ed147cd_f83baf57_596f1d05ff47
5,2,2022-09-27,2022-10-02,13.78,0,0,0,13.92,12.889353320497335,12.751767133507276,12.823230874379712,0.372796356678009,0.4459381103515625,0.44043630361557,0.4748540222644806,6ed147cd585e5e8083292683f9be3cf585e97e4d46fa0e3224d24a4e2b42cbbb,f83baf5732ffbf88b9a448a3d9ab9fa270f7495fe44d1559c1ac49795a30881a,canonical_h5_cross_model_6ed147cd_f83baf57_596f1d05ff47
5,2,2022-09-28,2022-10-03,14.42,0,0,0,11.36,12.934096749057808,12.921602325601835,13.348255481076452,0.2584634125232696,0.5281111598014832,0.4786882698535919,0.4844073951244354,6ed147cd585e5e8083292683f9be3cf585e97e4d46fa0e3224d24a4e2b42cbbb,f83baf5732ffbf88b9a448a3d9ab9fa270f7495fe44d1559c1ac49795a30881a,canonical_h5_cross_model_6ed147cd_f83baf57_596f1d05ff47
5,2,2022-09-29,2022-10-04,15.44,1,0,0,12.05,12.460083325509094,12.66832970233899,12.807695319331293,0.2572181522846222,0.5211858153343201,0.4643544554710388,0.4891165494918823,6ed147cd585e5e8083292683f9be3cf585e97e4d46fa0e3224d24a4e2b42cbbb,f83baf5732ffbf88b9a448a3d9ab9fa270f7495fe44d1559c1ac49795a30881a,canonical_h5_cross_model_6ed147cd_f83baf57_596f1d05ff47
5,2,2022-09-30,2022-10-05,10.33,0,0,0,13.66,12.912944145635542,12.808991345644609,12.87357810920159,0.2909854054450989,0.5180132985115051,0.4834440052509308,0.4765934944152832,6ed147cd585e5e8083292683f9be3cf585e97e4d46fa0e3224d24a4e2b42cbbb,f83baf5732ffbf88b9a448a3d9ab9fa270f7495fe44d1559c1ac49795a30881a,canonical_h5_cross_model_6ed147cd_f83baf57_596f1d05ff47
5,2,2022-10-01,2022-10-06,16.68,1,1,0,13.19,13.316068601214464,12.9445012102812,13.031248454201789,0.2968782186508178,0.5175355672836304,0.4868968725204468,0.4793027341365814,6ed147cd585e5e8083292683f9be3cf585e97e4d46fa0e3224d24a4e2b42cbbb,f83baf5732ffbf88b9a448a3d9ab9fa270f7495fe44d1559c1ac49795a30881a,canonical_h5_cross_model_6ed147cd_f83baf57_596f1d05ff47
5,2,2022-10-02,2022-10-07,15.78,1,0,0,13.78,13.117332301236486,12.820480522970035,13.031248454201789,0.3039365112781524,0.5145921111106873,0.48473060131073,0.4933842718601227,6ed147cd585e5e8083292683f9be3cf585e97e4d46fa0e3224d24a4e2b42cbbb,f83baf5732ffbf88b9a448a3d9ab9fa270f7495fe44d1559c1ac49795a30881a,canonical_h5_cross_model_6ed147cd_f83baf57_596f1d05ff47
5,2,2022-10-03,2022-10-08,14.52,0,0,0,14.42,12.86285804466851,12.78084428709426,13.023260743576458,0.1170660853385925,0.5128557682037354,0.4817823469638824,0.529633641242981,6ed147cd585e5e8083292683f9be3cf585e97e4d46fa0e3224d24a4e2b42cbbb,f83baf5732ffbf88b9a448a3d9ab9fa270f7495fe44d1559c1ac49795a30881a,canonical_h5_cross_model_6ed147cd_f83baf57_596f1d05ff47
5,2,2022-10-04,2022-10-09,12.31,0,0,0,15.44,12.80324836164913,12.8711230967229,12.772426952397362,0.129078134894371,0.5331375598907471,0.4717224240303039,0.5501765608787537,6ed147cd585e5e8083292683f9be3cf585e97e4d46fa0e3224d24a4e2b42cbbb,f83baf5732ffbf88b9a448a3d9ab9fa270f7495fe44d1559c1ac49795a30881a,canonical_h5_cross_model_6ed147cd_f83baf57_596f1d05ff47
5,2,2022-10-05,2022-10-10,15.42,1,0,0,10.33,13.214369384898346,12.991286111205394,12.828088405651732,0.1252890527248382,0.5412576794624329,0.4944446682929992,0.5467872619628906,6ed147cd585e5e8083292683f9be3cf585e97e4d46fa0e3224d24a4e2b42cbbb,f83baf5732ffbf88b9a448a3d9ab9fa270f7495fe44d1559c1ac49795a30881a,canonical_h5_cross_model_6ed147cd_f83baf57_596f1d05ff47
5,2,2022-10-06,2022-10-11,12.6,0,0,0,16.68,12.635051715151953,12.488359725147513,12.40193968698175,0.1678802818059921,0.531790018081665,0.5078758001327515,0.5102793574333191,6ed147cd585e5e8083292683f9be3cf585e97e4d46fa0e3224d24a4e2b42cbbb,f83baf5732ffbf88b9a448a3d9ab9fa270f7495fe44d1559c1ac49795a30881a,canonical_h5_cross_model_6ed147cd_f83baf57_596f1d05ff47
5,2,2022-10-07,2022-10-12,13.87,0,0,0,15.78,13.597818632956908,13.21516553879082,12.828088405651732,0.1314942836761474,0.5444649457931519,0.5202998518943787,0.5384078621864319,6ed147cd585e5e8083292683f9be3cf585e97e4d46fa0e3224d24a4e2b42cbbb,f83baf5732ffbf88b9a448a3d9ab9fa270f7495fe44d1559c1ac49795a30881a,canonical_h5_cross_model_6ed147cd_f83baf57_596f1d05ff47
5,2,2022-10-08,2022-10-13,13.28,0,0,0,14.52,13.48504414743786,13.15520511019899,12.721664673201884,0.1884457916021347,0.5492909550666809,0.5281750559806824,0.536562979221344,6ed147cd585e5e8083292683f9be3cf585e97e4d46fa0e3224d24a4e2b42cbbb,f83baf5732ffbf88b9a448a3d9ab9fa270f7495fe44d1559c1ac49795a30881a,canonical_h5_cross_model_6ed147cd_f83baf57_596f1d05ff47
5,2,2022-10-09,2022-10-14,13.3,0,0,0,12.31,13.12721905483142,13.007796656168216,13.369128485551334,0.1169647872447967,0.559552788734436,0.5422537922859192,0.5346068739891052,6ed147cd585e5e8083292683f9be3cf585e97e4d46fa0e3224d24a4e2b42cbbb,f83baf5732ffbf88b9a448a3d9ab9fa270f7495fe44d1559c1ac49795a30881a,canonical_h5_cross_model_6ed147cd_f83baf57_596f1d05ff47
5,2,2022-10-10,2022-10-15,13.45,0,0,0,15.42,12.863932221042203,12.768206404874135,12.942979766881352,0.1838429272174835,0.5424435138702393,0.5270780324935913,0.5220469832420349,6ed147cd585e5e8083292683f9be3cf585e97e4d46fa0e3224d24a4e2b42cbbb,f83baf5732ffbf88b9a448a3d9ab9fa270f7495fe44d1559c1ac49795a30881a,canonical_h5_cross_model_6ed147cd_f83baf57_596f1d05ff47
5,2,2022-10-11,2022-10-16,13.31,0,0,0,12.6,13.199297405214038,13.132826918172128,13.60260814006501,0.1422316133975982,0.574131965637207,0.5467256903648376,0.5484736561775208,6ed147cd585e5e8083292683f9be3cf585e97e4d46fa0e3224d24a4e2b42cbbb,f83baf5732ffbf88b9a448a3d9ab9fa270f7495fe44d1559c1ac49795a30881a,canonical_h5_cross_model_6ed147cd_f83baf57_596f1d05ff47
5,2,2022-10-12,2022-10-17,13.04,0,0,0,13.87,12.824688977297118,12.794607198024687,13.19199497644345,0.2697625458240509,0.5458613038063049,0.5429568886756897,0.5031183362007141,6ed147cd585e5e8083292683f9be3cf585e97e4d46fa0e3224d24a4e2b42cbbb,f83baf5732ffbf88b9a448a3d9ab9fa270f7495fe44d1559c1ac49795a30881a,canonical_h5_cross_model_6ed147cd_f83baf57_596f1d05ff47
5,2,2022-10-13,2022-10-18,13.21,0,0,0,13.28,12.845201177055271,12.895549138851193,13.18400726581812,0.1969695091247558,0.5508740544319153,0.5327659845352173,0.5364523530006409,6ed147cd585e5e8083292683f9be3cf585e97e4d46fa0e3224d24a4e2b42cbbb,f83baf5732ffbf88b9a448a3d9ab9fa270f7495fe44d1559c1ac49795a30881a,canonical_h5_cross_model_6ed147cd_f83baf57_596f1d05ff47
5,2,2022-10-14,2022-10-19,14.93,0,0,0,13.3,12.440125519826111,12.726733410355214,13.11812447594782,0.1548284292221069,0.5366485714912415,0.5172523856163025,0.5434218049049377,6ed147cd585e5e8083292683f9be3cf585e97e4d46fa0e3224d24a4e2b42cbbb,f83baf5732ffbf88b9a448a3d9ab9fa270f7495fe44d1559c1ac49795a30881a,canonical_h5_cross_model_6ed147cd_f83baf57_596f1d05ff47
5,2,2022-10-15,2022-10-20,14.18,0,0,0,13.45,12.896012703144596,12.782592141860558,13.18400726581812,0.2508505284786224,0.5531779527664185,0.5585286617279053,0.5160292983055115,6ed147cd585e5e8083292683f9be3cf585e97e4d46fa0e3224d24a4e2b42cbbb,f83baf5732ffbf88b9a448a3d9ab9fa270f7495fe44d1559c1ac49795a30881a,canonical_h5_cross_model_6ed147cd_f83baf57_596f1d05ff47
5,2,2022-10-16,2022-10-21,13.73,0,0,0,13.31,12.892824352064697,12.827387413359046,13.18400726581812,0.2692423164844513,0.5595913529396057,0.544556200504303,0.5283470749855042,6ed147cd585e5e8083292683f9be3cf585e97e4d46fa0e3224d24a4e2b42cbbb,f83baf5732ffbf88b9a448a3d9ab9fa270f7495fe44d1559c1ac49795a30881a,canonical_h5_cross_model_6ed147cd_f83baf57_596f1d05ff47
5,2,2022-10-17,2022-10-22,15.16,1,0,0,13.04,13.114647742572192,12.852468094051677,13.66849092993531,0.2510194480419159,0.5473398566246033,0.5580885410308838,0.5135465264320374,6ed147cd585e5e8083292683f9be3cf585e97e4d46fa0e3224d24a4e2b42cbbb,f83baf5732ffbf88b9a448a3d9ab9fa270f7495fe44d1559c1ac49795a30881a,canonical_h5_cross_model_6ed147cd_f83baf57_596f1d05ff47
5,2,2022-10-18,2022-10-23,13.21,0,0,0,13.21,12.92435148421774,12.774176879183536,13.18400726581812,0.2147121131420135,0.5520127415657043,0.5537284016609192,0.5182181000709534,6ed147cd585e5e8083292683f9be3cf585e97e4d46fa0e3224d24a4e2b42cbbb,f83baf5732ffbf88b9a448a3d9ab9fa270f7495fe44d1559c1ac49795a30881a,canonical_h5_cross_model_6ed147cd_f83baf57_596f1d05ff47
5,2,2022-10-19,2022-10-24,14.57,0,0,0,14.93,13.121273326123426,12.887704772471306,13.782902373010488,0.1993548572063446,0.5588882565498352,0.5717703700065613,0.5146669745445251,6ed147cd585e5e8083292683f9be3cf585e97e4d46fa0e3224d24a4e2b42cbbb,f83baf5732ffbf88b9a448a3d9ab9fa270f7495fe44d1559c1ac49795a30881a,canonical_h5_cross_model_6ed147cd_f83baf57_596f1d05ff47
5,2,2022-10-20,2022-10-25,16.82,1,1,0,14.18,13.257271064195088,13.0536147517153,13.298418708893298,0.2313375174999237,0.5386238694190979,0.5557093024253845,0.5181898474693298,6ed147cd585e5e8083292683f9be3cf585e97e4d46fa0e3224d24a4e2b42cbbb,f83baf5732ffbf88b9a448a3d9ab9fa270f7495fe44d1559c1ac49795a30881a,canonical_h5_cross_model_6ed147cd_f83baf57_596f1d05ff47
5,2,2022-10-21,2022-10-26,14.45,0,0,0,13.73,13.474129987904336,13.097704581848786,13.782902373010488,0.2480902075767517,0.5456668734550476,0.5716052055358887,0.5108724236488342,6ed147cd585e5e8083292683f9be3cf585e97e4d46fa0e3224d24a4e2b42cbbb,f83baf5732ffbf88b9a448a3d9ab9fa270f7495fe44d1559c1ac49795a30881a,canonical_h5_cross_model_6ed147cd_f83baf57_596f1d05ff47
5,2,2022-10-22,2022-10-27,11.03,0,0,0,15.16,13.204074609552167,12.99638969250813,13.298418708893298,0.2181089222431183,0.5541403889656067,0.5663449764251709,0.5049495100975037,6ed147cd585e5e8083292683f9be3cf585e97e4d46fa0e3224d24a4e2b42cbbb,f83baf5732ffbf88b9a448a3d9ab9fa270f7495fe44d1559c1ac49795a30881a,canonical_h5_cross_model_6ed147cd_f83baf57_596f1d05ff47
5,2,2022-10-23,2022-10-28,10.85,0,0,0,13.21,13.42281877910203,13.141604080553256,13.298418708893298,0.230533093214035,0.5530323386192322,0.5626137256622314,0.5144027471542358,6ed147cd585e5e8083292683f9be3cf585e97e4d46fa0e3224d24a4e2b42cbbb,f83baf5732ffbf88b9a448a3d9ab9fa270f7495fe44d1559c1ac49795a30881a,canonical_h5_cross_model_6ed147cd_f83baf57_596f1d05ff47
5,2,2022-10-24,2022-10-29,13.74,0,0,0,14.57,13.142289690458725,12.918494240630844,13.21864067751634,0.2880066335201263,0.5623318552970886,0.5680976510047913,0.5149174332618713,6ed147cd585e5e8083292683f9be3cf585e97e4d46fa0e3224d24a4e2b42cbbb,f83baf5732ffbf88b9a448a3d9ab9fa270f7495fe44d1559c1ac49795a30881a,canonical_h5_cross_model_6ed147cd_f83baf57_596f1d05ff47
5,2,2022-10-25,2022-10-30,14.12,0,0,0,16.82,14.4529020395456,13.29374516029374,13.81753578470871,0.2468990385532379,0.5255235433578491,0.5790854096412659,0.4893426895141601,6ed147cd585e5e8083292683f9be3cf585e97e4d46fa0e3224d24a4e2b42cbbb,f83baf5732ffbf88b9a448a3d9ab9fa270f7495fe44d1559c1ac49795a30881a,canonical_h5_cross_model_6ed147cd_f83baf57_596f1d05ff47
5,2,2022-10-26,2022-10-31,14.54,0,0,0,14.45,13.96026659984977,13.435454611689575,13.782902373010488,0.2266232073307037,0.5385251641273499,0.5422877073287964,0.5281435251235962,6ed147cd585e5e8083292683f9be3cf585e97e4d46fa0e3224d24a4e2b42cbbb,f83baf5732ffbf88b9a448a3d9ab9fa270f7495fe44d1559c1ac49795a30881a,canonical_h5_cross_model_6ed147cd_f83baf57_596f1d05ff47
5,2,2022-10-27,2022-11-01,13.16,0,0,0,11.03,13.646039649616096,13.205754615435575,13.782902373010488,0.2037689983844757,0.5376127362251282,0.5607343316078186,0.5096743106842041,6ed147cd585e5e8083292683f9be3cf585e97e4d46fa0e3224d24a4e2b42cbbb,f83baf5732ffbf88b9a448a3d9ab9fa270f7495fe44d1559c1ac49795a30881a,canonical_h5_cross_model_6ed147cd_f83baf57_596f1d05ff47
5,2,2022-10-28,2022-11-02,15.91,1,0,0,10.85,13.248150690105206,12.826888355818928,13.295112440872808,0.1811332106590271,0.5258055329322815,0.5666586756706238,0.4965091347694397,6ed147cd585e5e8083292683f9be3cf585e97e4d46fa0e3224d24a4e2b42cbbb,f83baf5732ffbf88b9a448a3d9ab9fa270f7495fe44d1559c1ac49795a30881a,canonical_h5_cross_model_6ed147cd_f83baf57_596f1d05ff47
5,2,2022-10-29,2022-11-03,14.39,0,0,0,13.74,12.831304394629235,12.725089995007448,13.27697562296355,0.2278949618339538,0.5395383238792419,0.549225926399231,0.4911468923091888,6ed147cd585e5e8083292683f9be3cf585e97e4d46fa0e3224d24a4e2b42cbbb,f83baf5732ffbf88b9a448a3d9ab9fa270f7495fe44d1559c1ac49795a30881a,canonical_h5_cross_model_6ed147cd_f83baf57_596f1d05ff47
5,2,2022-10-30,2022-11-04,14.63,0,0,0,14.12,13.278153868024283,13.013364424871495,13.711112052258862,0.2108624279499054,0.5345019102096558,0.5595834255218506,0.4834186434745788,6ed147cd585e5e8083292683f9be3cf585e97e4d46fa0e3224d24a4e2b42cbbb,f83baf5732ffbf88b9a448a3d9ab9fa270f7495fe44d1559c1ac49795a30881a,canonical_h5_cross_model_6ed147cd_f83baf57_596f1d05ff47
5,2,2022-10-31,2022-11-05,8.38,0,0,0,14.54,13.146918207484218,13.042874725674698,13.645229262388565,0.10477876663208,0.5219017863273621,0.5516600012779236,0.5015870332717896,6ed147cd585e5e8083292683f9be3cf585e97e4d46fa0e3224d24a4e2b42cbbb,f83baf5732ffbf88b9a448a3d9ab9fa270f7495fe44d1559c1ac49795a30881a,canonical_h5_cross_model_6ed147cd_f83baf57_596f1d05ff47
5,2,2022-11-01,2022-11-06,12.91,0,0,0,13.16,13.020046190084807,12.961942556785264,13.66849092993531,0.1060061007738113,0.5637155175209045,0.5553545951843262,0.5248352289199829,6ed147cd585e5e8083292683f9be3cf585e97e4d46fa0e3224d24a4e2b42cbbb,f83baf5732ffbf88b9a448a3d9ab9fa270f7495fe44d1559c1ac49795a30881a,canonical_h5_cross_model_6ed147cd_f83baf57_596f1d05ff47
5,2,2022-11-02,2022-11-07,11.06,0,0,0,15.91,12.887405761042649,12.81130589032795,13.18400726581812,0.1618786454200744,0.5297755002975464,0.549284040927887,0.5119055509567261,6ed147cd585e5e8083292683f9be3cf585e97e4d46fa0e3224d24a4e2b42cbbb,f83baf5732ffbf88b9a448a3d9ab9fa270f7495fe44d1559c1ac49795a30881a,canonical_h5_cross_model_6ed147cd_f83baf57_596f1d05ff47
5,2,2022-11-03,2022-11-08,15.02,1,0,0,14.39,13.339953714844754,13.12750776233376,13.66849092993531,0.1409611254930496,0.5381175875663757,0.5648335218429565,0.5099217295646667,6ed147cd585e5e8083292683f9be3cf585e97e4d46fa0e3224d24a4e2b42cbbb,f83baf5732ffbf88b9a448a3d9ab9fa270f7495fe44d1559c1ac49795a30881a,canonical_h5_cross_model_6ed147cd_f83baf57_596f1d05ff47
5,2,2022-11-04,2022-11-09,12.58,0,0,0,14.63,12.981142849513263,12.922612963480104,13.21864067751634,0.1489049196243286,0.5361700057983398,0.5587349534034729,0.5072724223136902,6ed147cd585e5e8083292683f9be3cf585e97e4d46fa0e3224d24a4e2b42cbbb,f83baf5732ffbf88b9a448a3d9ab9fa270f7495fe44d1559c1ac49795a30881a,canonical_h5_cross_model_6ed147cd_f83baf57_596f1d05ff47
5,2,2022-11-05,2022-11-10,12.52,0,0,0,8.38,13.284120541647214,13.026506110681291,13.21864067751634,0.1287936866283416,0.5509423613548279,0.5771840810775757,0.5199069976806641,6ed147cd585e5e8083292683f9be3cf585e97e4d46fa0e3224d24a4e2b42cbbb,f83baf5732ffbf88b9a448a3d9ab9fa270f7495fe44d1559c1ac49795a30881a,canonical_h5_cross_model_6ed147cd_f83baf57_596f1d05ff47
5,2,2022-11-06,2022-11-11,13.76,0,0,0,12.91,12.34949173917172,12.356995691217952,13.16256417988837,0.2282770574092865,0.5632819533348083,0.575177788734436,0.4859751760959625,6ed147cd585e5e8083292683f9be3cf585e97e4d46fa0e3224d24a4e2b42cbbb,f83baf5732ffbf88b9a448a3d9ab9fa270f7495fe44d1559c1ac49795a30881a,canonical_h5_cross_model_6ed147cd_f83baf57_596f1d05ff47
5,2,2022-11-07,2022-11-12,12.56,0,0,0,11.06,13.08877847398982,12.864474727525511,13.703124341633533,0.15764120221138,0.5585341453552246,0.568679690361023,0.5008857846260071,6ed147cd585e5e8083292683f9be3cf585e97e4d46fa0e3224d24a4e2b42cbbb,f83baf5732ffbf88b9a448a3d9ab9fa270f7495fe44d1559c1ac49795a30881a,canonical_h5_cross_model_6ed147cd_f83baf57_596f1d05ff47
5,2,2022-11-08,2022-11-13,13.19,0,0,0,15.02,12.497812298627789,12.552820686732126,12.571656783321332,0.2769234776496887,0.536422848701477,0.5465942621231079,0.4846874475479126,6ed147cd585e5e8083292683f9be3cf585e97e4d46fa0e3224d24a4e2b42cbbb,f83baf5732ffbf88b9a448a3d9ab9fa270f7495fe44d1559c1ac49795a30881a,canonical_h5_cross_model_6ed147cd_f83baf57_596f1d05ff47
5,2,2022-11-09,2022-11-14,13.02,0,0,0,12.58,13.507086930756046,13.0181942495146,13.21864067751634,0.1511307656764984,0.5415014624595642,0.5555269122123718,0.4979823231697082,6ed147cd585e5e8083292683f9be3cf585e97e4d46fa0e3224d24a4e2b42cbbb,f83baf5732ffbf88b9a448a3d9ab9fa270f7495fe44d1559c1ac49795a30881a,canonical_h5_cross_model_6ed147cd_f83baf57_596f1d05ff47
5,2,2022-11-10,2022-11-15,12.3,0,0,0,12.52,12.809351384679063,12.713285673501204,13.112216945066493,0.207084983587265,0.5626700520515442,0.5460941791534424,0.5063806176185608,6ed147cd585e5e8083292683f9be3cf585e97e4d46fa0e3224d24a4e2b42cbbb,f83baf5732ffbf88b9a448a3d9ab9fa270f7495fe44d1559c1ac49795a30881a,canonical_h5_cross_model_6ed147cd_f83baf57_596f1d05ff47
5,2,2022-11-11,2022-11-16,12.12,0,0,0,13.76,12.93473539068276,12.741924194816873,12.67808051577118,0.2018263936042785,0.5785558223724365,0.5833580493927002,0.4916165769100189,6ed147cd585e5e8083292683f9be3cf585e97e4d46fa0e3224d24a4e2b42cbbb,f83baf5732ffbf88b9a448a3d9ab9fa270f7495fe44d1559c1ac49795a30881a,canonical_h5_cross_model_6ed147cd_f83baf57_596f1d05ff47
5,2,2022-11-12,2022-11-17,11.52,0,0,0,12.56,12.93839890632666,12.87776107918442,13.21864067751634,0.2450408041477203,0.5635846257209778,0.5707336664199829,0.5040372610092163,6ed147cd585e5e8083292683f9be3cf585e97e4d46fa0e3224d24a4e2b42cbbb,f83baf5732ffbf88b9a448a3d9ab9fa270f7495fe44d1559c1ac49795a30881a,canonical_h5_cross_model_6ed147cd_f83baf57_596f1d05ff47
5,2,2022-11-13,2022-11-18,13.18,0,0,0,13.19,12.298714114575631,12.692298213570975,12.818762031563844,0.1961731016635894,0.5662267804145813,0.5608773231506348,0.5202897191047668,6ed147cd585e5e8083292683f9be3cf585e97e4d46fa0e3224d24a4e2b42cbbb,f83baf5732ffbf88b9a448a3d9ab9fa270f7495fe44d1559c1ac49795a30881a,canonical_h5_cross_model_6ed147cd_f83baf57_596f1d05ff47
5,2,2022-11-14,2022-11-19,12.04,0,0,0,13.02,13.073358176197154,12.83346658489597,12.884644821434144,0.2332889139652252,0.57320636510849,0.5829353928565979,0.5102962255477905,6ed147cd585e5e8083292683f9be3cf585e97e4d46fa0e3224d24a4e2b42cbbb,f83baf5732ffbf88b9a448a3d9ab9fa270f7495fe44d1559c1ac49795a30881a,canonical_h5_cross_model_6ed147cd_f83baf57_596f1d05ff47
5,2,2022-11-15,2022-11-20,11.29,0,0,0,12.3,13.134982275811511,12.888472440195525,12.884644821434144,0.2112340033054351,0.5773332118988037,0.5618351697921753,0.5266767144203186,6ed147cd585e5e8083292683f9be3cf585e97e4d46fa0e3224d24a4e2b42cbbb,f83baf5732ffbf88b9a448a3d9ab9fa270f7495fe44d1559c1ac49795a30881a,canonical_h5_cross_model_6ed147cd_f83baf57_596f1d05ff47
5,2,2022-11-16,2022-11-21,14.21,0,0,0,12.12,12.952992586326994,12.75417541992376,12.378718071387205,0.1794246435165405,0.5508070588111877,0.5546983480453491,0.5092341303825378,6ed147cd585e5e8083292683f9be3cf585e97e4d46fa0e3224d24a4e2b42cbbb,f83baf5732ffbf88b9a448a3d9ab9fa270f7495fe44d1559c1ac49795a30881a,canonical_h5_cross_model_6ed147cd_f83baf57_596f1d05ff47
5,2,2022-11-17,2022-11-22,12.13,0,0,0,11.52,13.017113933455796,12.757472626285413,12.378718071387205,0.2184615731239318,0.5678909420967102,0.568267822265625,0.5067052245140076,6ed147cd585e5e8083292683f9be3cf585e97e4d46fa0e3224d24a4e2b42cbbb,f83baf5732ffbf88b9a448a3d9ab9fa270f7495fe44d1559c1ac49795a30881a,canonical_h5_cross_model_6ed147cd_f83baf57_596f1d05ff47
5,2,2022-11-18,2022-11-23,12.79,0,0,0,13.18,12.58021162921893,12.589590558436406,12.168104232478107,0.1679736524820327,0.5532888174057007,0.5476487278938293,0.512840211391449,6ed147cd585e5e8083292683f9be3cf585e97e4d46fa0e3224d24a4e2b42cbbb,f83baf5732ffbf88b9a448a3d9ab9fa270f7495fe44d1559c1ac49795a30881a,canonical_h5_cross_model_6ed147cd_f83baf57_596f1d05ff47
5,2,2022-11-19,2022-11-24,14.64,0,0,0,12.04,13.187926702779082,12.835493131259769,12.708664394223268,0.2015066742897033,0.5692857503890991,0.5760284662246704,0.5023590326309204,6ed147cd585e5e8083292683f9be3cf585e97e4d46fa0e3224d24a4e2b42cbbb,f83baf5732ffbf88b9a448a3d9ab9fa270f7495fe44d1559c1ac49795a30881a,canonical_h5_cross_model_6ed147cd_f83baf57_596f1d05ff47
5,2,2022-11-20,2022-11-25,15.19,1,0,0,11.29,13.080666752291377,12.797800190413303,12.686068226396513,0.2382437586784362,0.5937742590904236,0.5827096700668335,0.5041290521621704,6ed147cd585e5e8083292683f9be3cf585e97e4d46fa0e3224d24a4e2b42cbbb,f83baf5732ffbf88b9a448a3d9ab9fa270f7495fe44d1559c1ac49795a30881a,canonical_h5_cross_model_6ed147cd_f83baf57_596f1d05ff47
5,2,2022-11-21,2022-11-26,11.86,0,0,0,14.21,12.8899888093666,12.692036393541834,13.1727855165043,0.2268648147583007,0.568668007850647,0.571982204914093,0.4987258017063141,6ed147cd585e5e8083292683f9be3cf585e97e4d46fa0e3224d24a4e2b42cbbb,f83baf5732ffbf88b9a448a3d9ab9fa270f7495fe44d1559c1ac49795a30881a,canonical_h5_cross_model_6ed147cd_f83baf57_596f1d05ff47
5,2,2022-11-22,2022-11-27,10.9,0,0,0,12.13,13.221971863665493,13.01019359130531,13.645229262388565,0.1847354769706726,0.555391788482666,0.5584267377853394,0.5147414207458496,6ed147cd585e5e8083292683f9be3cf585e97e4d46fa0e3224d24a4e2b42cbbb,f83baf5732ffbf88b9a448a3d9ab9fa270f7495fe44d1559c1ac49795a30881a,canonical_h5_cross_model_6ed147cd_f83baf57_596f1d05ff47
5,2,2022-11-23,2022-11-28,13.08,0,0,0,12.79,12.973976183305265,12.786737618600169,13.066361784054452,0.1832233369350433,0.5468882918357849,0.5575427412986755,0.4921949207782745,6ed147cd585e5e8083292683f9be3cf585e97e4d46fa0e3224d24a4e2b42cbbb,f83baf5732ffbf88b9a448a3d9ab9fa270f7495fe44d1559c1ac49795a30881a,canonical_h5_cross_model_6ed147cd_f83baf57_596f1d05ff47
5,2,2022-11-24,2022-11-29,11.44,0,0,0,14.64,12.965235256012011,12.815431003776911,13.71334567824946,0.1955170631408691,0.5484641194343567,0.5558816194534302,0.5034871697425842,6ed147cd585e5e8083292683f9be3cf585e97e4d46fa0e3224d24a4e2b42cbbb,f83baf5732ffbf88b9a448a3d9ab9fa270f7495fe44d1559c1ac49795a30881a,canonical_h5_cross_model_6ed147cd_f83baf57_596f1d05ff47
5,2,2022-11-25,2022-11-30,10.74,0,0,0,15.19,13.448240144345698,13.098561356196774,13.711112052258862,0.180404856801033,0.5496179461479187,0.5488821864128113,0.5055056810379028,6ed147cd585e5e8083292683f9be3cf585e97e4d46fa0e3224d24a4e2b42cbbb,f83baf5732ffbf88b9a448a3d9ab9fa270f7495fe44d1559c1ac49795a30881a,canonical_h5_cross_model_6ed147cd_f83baf57_596f1d05ff47
5,2,2022-11-26,2022-12-01,13.61,0,0,0,11.86,13.654632878060758,13.177709532267476,13.33305212059152,0.1884033381938934,0.5485019087791443,0.5554647445678711,0.5013830661773682,6ed147cd585e5e8083292683f9be3cf585e97e4d46fa0e3224d24a4e2b42cbbb,f83baf5732ffbf88b9a448a3d9ab9fa270f7495fe44d1559c1ac49795a30881a,canonical_h5_cross_model_6ed147cd_f83baf57_596f1d05ff47
5,2,2022-11-27,2022-12-02,14.66,0,0,0,10.9,12.80716030324778,12.68912678933468,12.67808051577118,0.1566907465457916,0.5379499197006226,0.5483185648918152,0.4995023310184479,6ed147cd585e5e8083292683f9be3cf585e97e4d46fa0e3224d24a4e2b42cbbb,f83baf5732ffbf88b9a448a3d9ab9fa270f7495fe44d1559c1ac49795a30881a,canonical_h5_cross_model_6ed147cd_f83baf57_596f1d05ff47
5,2,2022-11-28,2022-12-03,12.89,0,0,0,13.08,12.604430325565568,12.561236566642858,12.57389040931193,0.1265623420476913,0.5456485152244568,0.5473446846008301,0.4929587543010711,6ed147cd585e5e8083292683f9be3cf585e97e4d46fa0e3224d24a4e2b42cbbb,f83baf5732ffbf88b9a448a3d9ab9fa270f7495fe44d1559c1ac49795a30881a,canonical_h5_cross_model_6ed147cd_f83baf57_596f1d05ff47
5,2,2022-11-29,2022-12-04,15.41,1,0,0,11.44,12.582780125182348,12.687797808845277,12.666316589307907,0.1347422003746032,0.4920575022697449,0.5139741897583008,0.4961658120155334,6ed147cd585e5e8083292683f9be3cf585e97e4d46fa0e3224d24a4e2b42cbbb,f83baf5732ffbf88b9a448a3d9ab9fa270f7495fe44d1559c1ac49795a30881a,canonical_h5_cross_model_6ed147cd_f83baf57_596f1d05ff47
5,2,2022-11-30,2022-12-05,14.77,0,0,0,10.74,12.440624667203917,12.508441505074725,12.191639217433046,0.1554401218891143,0.5350983142852783,0.5194602608680725,0.4947958290576935,6ed147cd585e5e8083292683f9be3cf585e97e4d46fa0e3224d24a4e2b42cbbb,f83baf5732ffbf88b9a448a3d9ab9fa270f7495fe44d1559c1ac49795a30881a,canonical_h5_cross_model_6ed147cd_f83baf57_596f1d05ff47
5,2,2022-12-01,2022-12-06,12.9,0,0,0,13.61,12.471178144760012,12.436295215763325,12.298062949882894,0.1517303884029388,0.5397334098815918,0.5214900374412537,0.4991821348667145,6ed147cd585e5e8083292683f9be3cf585e97e4d46fa0e3224d24a4e2b42cbbb,f83baf5732ffbf88b9a448a3d9ab9fa270f7495fe44d1559c1ac49795a30881a,canonical_h5_cross_model_6ed147cd_f83baf57_596f1d05ff47
5,2,2022-12-02,2022-12-07,14.59,0,0,0,14.66,13.010960394511482,12.79706988291474,12.666316589307907,0.1114817857742309,0.5484887361526489,0.5341519117355347,0.5101844668388367,6ed147cd585e5e8083292683f9be3cf585e97e4d46fa0e3224d24a4e2b42cbbb,f83baf5732ffbf88b9a448a3d9ab9fa270f7495fe44d1559c1ac49795a30881a,canonical_h5_cross_model_6ed147cd_f83baf57_596f1d05ff47
5,2,2022-12-03,2022-12-08,13.7,0,0,0,12.89,13.309047160895414,12.942985108323558,12.836389485637456,0.1600883603096008,0.5650405883789062,0.5595946907997131,0.4974083006381988,6ed147cd585e5e8083292683f9be3cf585e97e4d46fa0e3224d24a4e2b42cbbb,f83baf5732ffbf88b9a448a3d9ab9fa270f7495fe44d1559c1ac49795a30881a,canonical_h5_cross_model_6ed147cd_f83baf57_596f1d05ff47
5,2,2022-12-04,2022-12-09,11.71,0,0,0,15.41,13.02343538269034,12.756585057838732,12.942813218087304,0.1772061586380005,0.5603938102722168,0.5426217913627625,0.5098334550857544,6ed147cd585e5e8083292683f9be3cf585e97e4d46fa0e3224d24a4e2b42cbbb,f83baf5732ffbf88b9a448a3d9ab9fa270f7495fe44d1559c1ac49795a30881a,canonical_h5_cross_model_6ed147cd_f83baf57_596f1d05ff47
5,2,2022-12-05,2022-12-10,11.29,0,0,0,14.77,13.752958721051204,13.122209703419587,12.942813218087304,0.1107470989227294,0.5575446486473083,0.547106146812439,0.5210863947868347,6ed147cd585e5e8083292683f9be3cf585e97e4d46fa0e3224d24a4e2b42cbbb,f83baf5732ffbf88b9a448a3d9ab9fa270f7495fe44d1559c1ac49795a30881a,canonical_h5_cross_model_6ed147cd_f83baf57_596f1d05ff47
5,2,2022-12-06,2022-12-11,10.86,0,0,0,12.9,13.664815072470414,13.082662887516063,13.24217566247128,0.145722433924675,0.5672470927238464,0.5527715682983398,0.5244107246398926,6ed147cd585e5e8083292683f9be3cf585e97e4d46fa0e3224d24a4e2b42cbbb,f83baf5732ffbf88b9a448a3d9ab9fa270f7495fe44d1559c1ac49795a30881a,canonical_h5_cross_model_6ed147cd_f83baf57_596f1d05ff47
5,2,2022-12-07,2022-12-12,12.49,0,0,0,14.59,13.269232363037467,12.90142189223025,13.24217566247128,0.1393668949604034,0.5498214364051819,0.5486574172973633,0.5128798484802246,6ed147cd585e5e8083292683f9be3cf585e97e4d46fa0e3224d24a4e2b42cbbb,f83baf5732ffbf88b9a448a3d9ab9fa270f7495fe44d1559c1ac49795a30881a,canonical_h5_cross_model_6ed147cd_f83baf57_596f1d05ff47
5,2,2022-12-08,2022-12-13,14.09,0,0,0,13.7,13.507173371214858,13.1307155315862,13.24217566247128,0.105831891298294,0.5637129545211792,0.5537651181221008,0.522311806678772,6ed147cd585e5e8083292683f9be3cf585e97e4d46fa0e3224d24a4e2b42cbbb,f83baf5732ffbf88b9a448a3d9ab9fa270f7495fe44d1559c1ac49795a30881a,canonical_h5_cross_model_6ed147cd_f83baf57_596f1d05ff47
5,2,2022-12-09,2022-12-14,14.64,0,0,0,11.71,13.189128936114765,13.01233220172842,13.17629287260098,0.1395230591297149,0.5583220720291138,0.5519000291824341,0.5162835121154785,6ed147cd585e5e8083292683f9be3cf585e97e4d46fa0e3224d24a4e2b42cbbb,f83baf5732ffbf88b9a448a3d9ab9fa270f7495fe44d1559c1ac49795a30881a,canonical_h5_cross_model_6ed147cd_f83baf57_596f1d05ff47
5,2,2022-12-10,2022-12-15,11.76,0,0,0,11.29,12.825653094948455,12.694757697983276,12.70161550072612,0.1818533390760421,0.5632597208023071,0.560673713684082,0.5029933452606201,6ed147cd585e5e8083292683f9be3cf585e97e4d46fa0e3224d24a4e2b42cbbb,f83baf5732ffbf88b9a448a3d9ab9fa270f7495fe44d1559c1ac49795a30881a,canonical_h5_cross_model_6ed147cd_f83baf57_596f1d05ff47
5,2,2022-12-11,2022-12-16,12.11,0,0,0,10.86,12.697040727782529,12.69981609123451,12.67808051577118,0.2422418892383575,0.5933231711387634,0.5870057344436646,0.5056840777397156,6ed147cd585e5e8083292683f9be3cf585e97e4d46fa0e3224d24a4e2b42cbbb,f83baf5732ffbf88b9a448a3d9ab9fa270f7495fe44d1559c1ac49795a30881a,canonical_h5_cross_model_6ed147cd_f83baf57_596f1d05ff47
5,2,2022-12-12,2022-12-17,14.6,0,0,0,12.49,12.426596275694632,12.59233893228704,12.505773993451031,0.1931292116641998,0.5757622122764587,0.571373701095581,0.5014310479164124,6ed147cd585e5e8083292683f9be3cf585e97e4d46fa0e3224d24a4e2b42cbbb,f83baf5732ffbf88b9a448a3d9ab9fa270f7495fe44d1559c1ac49795a30881a,canonical_h5_cross_model_6ed147cd_f83baf57_596f1d05ff47
5,2,2022-12-13,2022-12-18,14.22,0,0,0,14.09,12.950098513489223,12.761782626867385,12.571656783321332,0.2367629110813141,0.5660502910614014,0.5797421336174011,0.4990692734718323,6ed147cd585e5e8083292683f9be3cf585e97e4d46fa0e3224d24a4e2b42cbbb,f83baf5732ffbf88b9a448a3d9ab9fa270f7495fe44d1559c1ac49795a30881a,canonical_h5_cross_model_6ed147cd_f83baf57_596f1d05ff47
5,2,2022-12-14,2022-12-19,13.27,0,0,0,14.64,13.1902939800521,12.948283419470366,13.112216945066493,0.2159107625484466,0.5851680040359497,0.5697171092033386,0.5304647088050842,6ed147cd585e5e8083292683f9be3cf585e97e4d46fa0e3224d24a4e2b42cbbb,f83baf5732ffbf88b9a448a3d9ab9fa270f7495fe44d1559c1ac49795a30881a,canonical_h5_cross_model_6ed147cd_f83baf57_596f1d05ff47
5,2,2022-12-15,2022-12-20,12.58,0,0,0,11.76,13.435462255895116,13.062754115698574,13.112216945066493,0.1788036227226257,0.5908433198928833,0.5813567638397217,0.5287887454032898,6ed147cd585e5e8083292683f9be3cf585e97e4d46fa0e3224d24a4e2b42cbbb,f83baf5732ffbf88b9a448a3d9ab9fa270f7495fe44d1559c1ac49795a30881a,canonical_h5_cross_model_6ed147cd_f83baf57_596f1d05ff47
5,2,2022-12-16,2022-12-21,12.94,0,0,0,12.11,13.210803487551422,12.813084352442734,12.79249195884636,0.2207615971565246,0.5893558859825134,0.6007023453712463,0.4984119534492492,6ed147cd585e5e8083292683f9be3cf585e97e4d46fa0e3224d24a4e2b42cbbb,f83baf5732ffbf88b9a448a3d9ab9fa270f7495fe44d1559c1ac49795a30881a,canonical_h5_cross_model_6ed147cd_f83baf57_596f1d05ff47
5,2,2022-12-17,2022-12-22,12.92,0,0,0,14.6,13.101232913612543,12.84435551567058,12.79249195884636,0.2463995516300201,0.5788087248802185,0.5851867198944092,0.5156722664833069,6ed147cd585e5e8083292683f9be3cf585e97e4d46fa0e3224d24a4e2b42cbbb,f83baf5732ffbf88b9a448a3d9ab9fa270f7495fe44d1559c1ac49795a30881a,canonical_h5_cross_model_6ed147cd_f83baf57_596f1d05ff47
5,2,2022-12-18,2022-12-23,14.04,0,0,0,14.22,13.557249272321664,13.1052773814826,13.112216945066493,0.2187305390834808,0.5623636245727539,0.571943998336792,0.5228264927864075,6ed147cd585e5e8083292683f9be3cf585e97e4d46fa0e3224d24a4e2b42cbbb,f83baf5732ffbf88b9a448a3d9ab9fa270f7495fe44d1559c1ac49795a30881a,canonical_h5_cross_model_6ed147cd_f83baf57_596f1d05ff47
5,2,2022-12-19,2022-12-24,13.32,0,0,0,13.27,13.474733515534576,13.058984281100209,13.112216945066493,0.1999183297157287,0.570690929889679,0.5618226528167725,0.5323804020881653,6ed147cd585e5e8083292683f9be3cf585e97e4d46fa0e3224d24a4e2b42cbbb,f83baf5732ffbf88b9a448a3d9ab9fa270f7495fe44d1559c1ac49795a30881a,canonical_h5_cross_model_6ed147cd_f83baf57_596f1d05ff47
5,2,2022-12-20,2022-12-25,12.68,0,0,0,12.58,13.413610743140392,12.959897453211694,13.21864067751634,0.1776556521654129,0.5872889161109924,0.5710693001747131,0.5294893980026245,6ed147cd585e5e8083292683f9be3cf585e97e4d46fa0e3224d24a4e2b42cbbb,f83baf5732ffbf88b9a448a3d9ab9fa270f7495fe44d1559c1ac49795a30881a,canonical_h5_cross_model_6ed147cd_f83baf57_596f1d05ff47
5,2,2022-12-21,2022-12-26,15.24,1,0,0,12.94,13.332337402943232,12.918080375471437,13.080580700692828,0.2300540506839752,0.5916587114334106,0.5802859663963318,0.5234329104423523,6ed147cd585e5e8083292683f9be3cf585e97e4d46fa0e3224d24a4e2b42cbbb,f83baf5732ffbf88b9a448a3d9ab9fa270f7495fe44d1559c1ac49795a30881a,canonical_h5_cross_model_6ed147cd_f83baf57_596f1d05ff47
5,2,2022-12-22,2022-12-27,12.37,0,0,0,12.92,13.365829202136547,12.90590282413369,13.177117986311965,0.2054945528507232,0.5721772313117981,0.5620297193527222,0.5288117527961731,6ed147cd585e5e8083292683f9be3cf585e97e4d46fa0e3224d24a4e2b42cbbb,f83baf5732ffbf88b9a448a3d9ab9fa270f7495fe44d1559c1ac49795a30881a,canonical_h5_cross_model_6ed147cd_f83baf57_596f1d05ff47
5,2,2022-12-23,2022-12-28,10.22,0,0,0,14.04,13.552299922647626,12.914859973059675,13.177117986311965,0.2375232577323913,0.6032060384750366,0.5871917009353638,0.5431839227676392,6ed147cd585e5e8083292683f9be3cf585e97e4d46fa0e3224d24a4e2b42cbbb,f83baf5732ffbf88b9a448a3d9ab9fa270f7495fe44d1559c1ac49795a30881a,canonical_h5_cross_model_6ed147cd_f83baf57_596f1d05ff47
5,2,2022-12-24,2022-12-29,10.45,0,0,0,13.32,13.720530122333845,13.04574921184555,13.177117986311965,0.1569655239582061,0.594840407371521,0.5673878192901611,0.5519890785217285,6ed147cd585e5e8083292683f9be3cf585e97e4d46fa0e3224d24a4e2b42cbbb,f83baf5732ffbf88b9a448a3d9ab9fa270f7495fe44d1559c1ac49795a30881a,canonical_h5_cross_model_6ed147cd_f83baf57_596f1d05ff47
5,2,2022-12-25,2022-12-30,11.82,0,0,0,12.68,13.49809854468666,12.95541252989068,13.177117986311965,0.1834880709648132,0.5905274748802185,0.5699945688247681,0.5497448444366455,6ed147cd585e5e8083292683f9be3cf585e97e4d46fa0e3224d24a4e2b42cbbb,f83baf5732ffbf88b9a448a3d9ab9fa270f7495fe44d1559c1ac49795a30881a,canonical_h5_cross_model_6ed147cd_f83baf57_596f1d05ff47
5,2,2022-12-26,2022-12-31,13.51,0,0,0,15.24,13.391003097462953,12.896199435941185,13.177117986311965,0.2225024700164795,0.5937188267707825,0.5806350708007812,0.543339192867279,6ed147cd585e5e8083292683f9be3cf585e97e4d46fa0e3224d24a4e2b42cbbb,f83baf5732ffbf88b9a448a3d9ab9fa270f7495fe44d1559c1ac49795a30881a,canonical_h5_cross_model_6ed147cd_f83baf57_596f1d05ff47
5,2,2022-12-27,2023-01-01,12.29,0,0,0,12.37,13.850860766259135,13.173745973309735,13.177117986311965,0.1729301959276199,0.5693687796592712,0.5652084350585938,0.5430161356925964,6ed147cd585e5e8083292683f9be3cf585e97e4d46fa0e3224d24a4e2b42cbbb,f83baf5732ffbf88b9a448a3d9ab9fa270f7495fe44d1559c1ac49795a30881a,canonical_h5_cross_model_6ed147cd_f83baf57_596f1d05ff47
5,2,2022-12-28,2023-01-02,13.67,0,0,0,10.22,13.10912889266408,12.765178862164491,12.67808051577118,0.1824212819337844,0.5595265626907349,0.5571522116661072,0.5312861204147339,6ed147cd585e5e8083292683f9be3cf585e97e4d46fa0e3224d24a4e2b42cbbb,f83baf5732ffbf88b9a448a3d9ab9fa270f7495fe44d1559c1ac49795a30881a,canonical_h5_cross_model_6ed147cd_f83baf57_596f1d05ff47
5,2,2022-12-29,2023-01-03,12.94,0,0,0,10.45,12.623966896535745,12.498507536784466,12.67808051577118,0.1718974560499191,0.5723296999931335,0.5706292390823364,0.5271596312522888,6ed147cd585e5e8083292683f9be3cf585e97e4d46fa0e3224d24a4e2b42cbbb,f83baf5732ffbf88b9a448a3d9ab9fa270f7495fe44d1559c1ac49795a30881a,canonical_h5_cross_model_6ed147cd_f83baf57_596f1d05ff47
5,2,2022-12-30,2023-01-04,13.74,0,0,0,11.82,12.540426952043669,12.463155241906188,12.571656783321332,0.2262709438800811,0.5652420520782471,0.5750788450241089,0.5036455988883972,6ed147cd585e5e8083292683f9be3cf585e97e4d46fa0e3224d24a4e2b42cbbb,f83baf5732ffbf88b9a448a3d9ab9fa270f7495fe44d1559c1ac49795a30881a,canonical_h5_cross_model_6ed147cd_f83baf57_596f1d05ff47
5,2,2022-12-31,2023-01-05,10.82,0,0,0,13.51,12.838330757919056,12.65197755888415,12.571656783321332,0.2876401543617248,0.5720942616462708,0.5943112969398499,0.5037605166435242,6ed147cd585e5e8083292683f9be3cf585e97e4d46fa0e3224d24a4e2b42cbbb,f83baf5732ffbf88b9a448a3d9ab9fa270f7495fe44d1559c1ac49795a30881a,canonical_h5_cross_model_6ed147cd_f83baf57_596f1d05ff47
5,2,2023-01-01,2023-01-06,12.01,0,0,0,12.29,13.111680884709212,12.86757418242509,13.046334155196194,0.2718697786331177,0.564728856086731,0.5846062898635864,0.5113241076469421,6ed147cd585e5e8083292683f9be3cf585e97e4d46fa0e3224d24a4e2b42cbbb,f83baf5732ffbf88b9a448a3d9ab9fa270f7495fe44d1559c1ac49795a30881a,canonical_h5_cross_model_6ed147cd_f83baf57_596f1d05ff47
5,2,2023-01-02,2023-01-07,13.3,0,0,0,13.67,12.98759045150864,12.78056363089895,12.505773993451031,0.249054878950119,0.5757030248641968,0.589993953704834,0.5114823579788208,6ed147cd585e5e8083292683f9be3cf585e97e4d46fa0e3224d24a4e2b42cbbb,f83baf5732ffbf88b9a448a3d9ab9fa270f7495fe44d1559c1ac49795a30881a,canonical_h5_cross_model_6ed147cd_f83baf57_596f1d05ff47
5,2,2023-01-03,2023-01-08,11.75,0,0,0,12.94,13.453819655907033,12.982916658940605,13.33305212059152,0.2493082880973816,0.5835017561912537,0.6021106839179993,0.511660635471344,6ed147cd585e5e8083292683f9be3cf585e97e4d46fa0e3224d24a4e2b42cbbb,f83baf5732ffbf88b9a448a3d9ab9fa270f7495fe44d1559c1ac49795a30881a,canonical_h5_cross_model_6ed147cd_f83baf57_596f1d05ff47
5,2,2023-01-04,2023-01-09,14.04,0,0,0,13.74,13.28766431473612,12.925882265009154,13.226628388141672,0.2802819013595581,0.5655956268310547,0.590334951877594,0.4996569156646728,6ed147cd585e5e8083292683f9be3cf585e97e4d46fa0e3224d24a4e2b42cbbb,f83baf5732ffbf88b9a448a3d9ab9fa270f7495fe44d1559c1ac49795a30881a,canonical_h5_cross_model_6ed147cd_f83baf57_596f1d05ff47
5,2,2023-01-05,2023-01-10,14.39,0,0,0,10.82,13.42687953883564,13.04294677426773,13.33305212059152,0.2452039718627929,0.5513996481895447,0.5748417973518372,0.5055859088897705,6ed147cd585e5e8083292683f9be3cf585e97e4d46fa0e3224d24a4e2b42cbbb,f83baf5732ffbf88b9a448a3d9ab9fa270f7495fe44d1559c1ac49795a30881a,canonical_h5_cross_model_6ed147cd_f83baf57_596f1d05ff47
5,2,2023-01-06,2023-01-11,10.31,0,0,0,12.01,13.189556841667985,12.824081473008633,12.68830185238711,0.2376032471656799,0.5709704756736755,0.5954909920692444,0.4931133687496185,6ed147cd585e5e8083292683f9be3cf585e97e4d46fa0e3224d24a4e2b42cbbb,f83baf5732ffbf88b9a448a3d9ab9fa270f7495fe44d1559c1ac49795a30881a,canonical_h5_cross_model_6ed147cd_f83baf57_596f1d05ff47
5,2,2023-01-07,2023-01-12,12.35,0,0,0,13.3,13.345313120460586,12.904323199370898,13.19632050145924,0.1863830387592315,0.5453242659568787,0.5591334104537964,0.49800705909729,6ed147cd585e5e8083292683f9be3cf585e97e4d46fa0e3224d24a4e2b42cbbb,f83baf5732ffbf88b9a448a3d9ab9fa270f7495fe44d1559c1ac49795a30881a,canonical_h5_cross_model_6ed147cd_f83baf57_596f1d05ff47
5,2,2023-01-08,2023-01-13,13.13,0,0,0,11.75,13.756315821583584,13.099987172963507,13.630456930754551,0.221242755651474,0.5584467649459839,0.5808073282241821,0.4881410300731659,6ed147cd585e5e8083292683f9be3cf585e97e4d46fa0e3224d24a4e2b42cbbb,f83baf5732ffbf88b9a448a3d9ab9fa270f7495fe44d1559c1ac49795a30881a,canonical_h5_cross_model_6ed147cd_f83baf57_596f1d05ff47
5,2,2023-01-09,2023-01-14,6.71,0,0,0,14.04,13.389944643054465,12.949433089927458,13.08989676900939,0.1537977457046508,0.5624842047691345,0.585972249507904,0.4835741519927978,6ed147cd585e5e8083292683f9be3cf585e97e4d46fa0e3224d24a4e2b42cbbb,f83baf5732ffbf88b9a448a3d9ab9fa270f7495fe44d1559c1ac49795a30881a,canonical_h5_cross_model_6ed147cd_f83baf57_596f1d05ff47
5,2,2023-01-10,2023-01-15,10.54,0,0,0,14.39,13.87118235100068,13.234414190054368,13.7368806632044,0.1665164530277252,0.5679751038551331,0.5822203159332275,0.4980165064334869,6ed147cd585e5e8083292683f9be3cf585e97e4d46fa0e3224d24a4e2b42cbbb,f83baf5732ffbf88b9a448a3d9ab9fa270f7495fe44d1559c1ac49795a30881a,canonical_h5_cross_model_6ed147cd_f83baf57_596f1d05ff47
5,2,2023-01-11,2023-01-16,10.56,0,0,0,10.31,13.773941322660631,13.25353104178487,13.659692175407091,0.1639380306005478,0.5488536357879639,0.5423551201820374,0.5020720362663269,6ed147cd585e5e8083292683f9be3cf585e97e4d46fa0e3224d24a4e2b42cbbb,f83baf5732ffbf88b9a448a3d9ab9fa270f7495fe44d1559c1ac49795a30881a,canonical_h5_cross_model_6ed147cd_f83baf57_596f1d05ff47
5,2,2023-01-12,2023-01-17,10.38,0,0,0,12.35,12.687277475836895,12.726907009830429,13.203440012253138,0.1447212100028991,0.5385569930076599,0.5318864583969116,0.4904760420322418,6ed147cd585e5e8083292683f9be3cf585e97e4d46fa0e3224d24a4e2b42cbbb,f83baf5732ffbf88b9a448a3d9ab9fa270f7495fe44d1559c1ac49795a30881a,canonical_h5_cross_model_6ed147cd_f83baf57_596f1d05ff47
5,2,2023-01-13,2023-01-18,11.68,0,0,0,13.13,12.53663034369538,12.80696100709634,12.904077567869162,0.1426616013050079,0.5567708015441895,0.5347294211387634,0.5032867789268494,6ed147cd585e5e8083292683f9be3cf585e97e4d46fa0e3224d24a4e2b42cbbb,f83baf5732ffbf88b9a448a3d9ab9fa270f7495fe44d1559c1ac49795a30881a,canonical_h5_cross_model_6ed147cd_f83baf57_596f1d05ff47
5,2,2023-01-14,2023-01-19,11.39,0,0,0,6.71,13.297119749474051,12.986873215161092,13.442404103623725,0.0909027159214019,0.5397859811782837,0.5107759237289429,0.5025849938392639,6ed147cd585e5e8083292683f9be3cf585e97e4d46fa0e3224d24a4e2b42cbbb,f83baf5732ffbf88b9a448a3d9ab9fa270f7495fe44d1559c1ac49795a30881a,canonical_h5_cross_model_6ed147cd_f83baf57_596f1d05ff47
5,2,2023-01-15,2023-01-20,13.84,0,0,0,10.54,12.190339228411,12.123571940635,12.863536625289614,0.1523512750864029,0.5237486958503723,0.5256807804107666,0.4795981049537658,6ed147cd585e5e8083292683f9be3cf585e97e4d46fa0e3224d24a4e2b42cbbb,f83baf5732ffbf88b9a448a3d9ab9fa270f7495fe44d1559c1ac49795a30881a,canonical_h5_cross_model_6ed147cd_f83baf57_596f1d05ff47
5,2,2023-01-16,2023-01-21,9.61,0,0,0,10.56,12.711227920160148,12.45248326451949,12.87908389961922,0.0845942497253418,0.5336175560951233,0.5084948539733887,0.5125848054885864,6ed147cd585e5e8083292683f9be3cf585e97e4d46fa0e3224d24a4e2b42cbbb,f83baf5732ffbf88b9a448a3d9ab9fa270f7495fe44d1559c1ac49795a30881a,canonical_h5_cross_model_6ed147cd_f83baf57_596f1d05ff47
5,2,2023-01-17,2023-01-22,11.47,0,0,0,10.38,12.51310177619442,12.319441067413845,12.231620087269771,0.1404220312833786,0.5092326998710632,0.5023724436759949,0.4840693473815918,6ed147cd585e5e8083292683f9be3cf585e97e4d46fa0e3224d24a4e2b42cbbb,f83baf5732ffbf88b9a448a3d9ab9fa270f7495fe44d1559c1ac49795a30881a,canonical_h5_cross_model_6ed147cd_f83baf57_596f1d05ff47
5,2,2023-01-18,2023-01-23,9.53,0,0,0,11.68,12.420850909713062,12.27626837235951,12.231620087269771,0.1065838485956192,0.5402028560638428,0.5438284277915955,0.4988230764865875,6ed147cd585e5e8083292683f9be3cf585e97e4d46fa0e3224d24a4e2b42cbbb,f83baf5732ffbf88b9a448a3d9ab9fa270f7495fe44d1559c1ac49795a30881a,canonical_h5_cross_model_6ed147cd_f83baf57_596f1d05ff47
5,2,2023-01-19,2023-01-24,9.61,0,0,0,11.39,12.758453501568754,12.477994086031671,12.231620087269771,0.092730239033699,0.5359451174736023,0.5162193775177002,0.5097651481628418,6ed147cd585e5e8083292683f9be3cf585e97e4d46fa0e3224d24a4e2b42cbbb,f83baf5732ffbf88b9a448a3d9ab9fa270f7495fe44d1559c1ac49795a30881a,canonical_h5_cross_model_6ed147cd_f83baf57_596f1d05ff47
5,2,2023-01-20,2023-01-25,13.98,0,0,0,13.84,12.714219902995874,12.451943953864577,12.530982531653748,0.1540162563323974,0.5417312979698181,0.5288994908332825,0.5064171552658081,6ed147cd585e5e8083292683f9be3cf585e97e4d46fa0e3224d24a4e2b42cbbb,f83baf5732ffbf88b9a448a3d9ab9fa270f7495fe44d1559c1ac49795a30881a,canonical_h5_cross_model_6ed147cd_f83baf57_596f1d05ff47
5,2,2023-01-21,2023-01-26,12.46,0,0,0,9.61,13.445749938756329,12.826803282035227,13.048007708443969,0.1680672019720077,0.5556901693344116,0.5519300103187561,0.5186477303504944,6ed147cd585e5e8083292683f9be3cf585e97e4d46fa0e3224d24a4e2b42cbbb,f83baf5732ffbf88b9a448a3d9ab9fa270f7495fe44d1559c1ac49795a30881a,canonical_h5_cross_model_6ed147cd_f83baf57_596f1d05ff47
5,2,2023-01-22,2023-01-27,11.69,0,0,0,11.47,12.739005016767832,12.449386882739974,12.621858989773989,0.1619609147310257,0.5561451315879822,0.5355192422866821,0.5062784552574158,6ed147cd585e5e8083292683f9be3cf585e97e4d46fa0e3224d24a4e2b42cbbb,f83baf5732ffbf88b9a448a3d9ab9fa270f7495fe44d1559c1ac49795a30881a,canonical_h5_cross_model_6ed147cd_f83baf57_596f1d05ff47
5,2,2023-01-23,2023-01-28,12.88,0,0,0,9.53,13.34880700231748,12.732493334896484,12.728282722223836,0.1932311058044433,0.5466494560241699,0.5485019683837891,0.5076441168785095,6ed147cd585e5e8083292683f9be3cf585e97e4d46fa0e3224d24a4e2b42cbbb,f83baf5732ffbf88b9a448a3d9ab9fa270f7495fe44d1559c1ac49795a30881a,canonical_h5_cross_model_6ed147cd_f83baf57_596f1d05ff47
5,2,2023-01-24,2023-01-29,12.01,0,0,0,9.61,13.154464278826794,12.57477444395259,12.137375325656796,0.2349032461643219,0.5494044423103333,0.5436301827430725,0.497865229845047,6ed147cd585e5e8083292683f9be3cf585e97e4d46fa0e3224d24a4e2b42cbbb,f83baf5732ffbf88b9a448a3d9ab9fa270f7495fe44d1559c1ac49795a30881a,canonical_h5_cross_model_6ed147cd_f83baf57_596f1d05ff47
5,2,2023-01-25,2023-01-30,14.4,0,0,0,13.98,13.389299984293082,12.624831678359598,12.621858989773989,0.1976619362831115,0.5435788035392761,0.5447022318840027,0.4970770180225372,6ed147cd585e5e8083292683f9be3cf585e97e4d46fa0e3224d24a4e2b42cbbb,f83baf5732ffbf88b9a448a3d9ab9fa270f7495fe44d1559c1ac49795a30881a,canonical_h5_cross_model_6ed147cd_f83baf57_596f1d05ff47
5,2,2023-01-26,2023-01-31,14.68,0,0,0,12.46,14.006714739821792,13.103961503016247,13.162419151519147,0.1861201375722885,0.5476914048194885,0.51540207862854,0.5240113139152527,6ed147cd585e5e8083292683f9be3cf585e97e4d46fa0e3224d24a4e2b42cbbb,f83baf5732ffbf88b9a448a3d9ab9fa270f7495fe44d1559c1ac49795a30881a,canonical_h5_cross_model_6ed147cd_f83baf57_596f1d05ff47
5,2,2023-01-27,2023-02-01,16.7,1,1,0,11.69,13.8976842581441,12.94031808968476,12.645393974728924,0.1868153512477874,0.5257008671760559,0.5002148151397705,0.5074954032897949,6ed147cd585e5e8083292683f9be3cf585e97e4d46fa0e3224d24a4e2b42cbbb,f83baf5732ffbf88b9a448a3d9ab9fa270f7495fe44d1559c1ac49795a30881a,canonical_h5_cross_model_6ed147cd_f83baf57_596f1d05ff47
5,2,2023-01-28,2023-02-02,11.45,0,0,0,12.88,13.663830811449293,12.812108819667966,12.751817707178771,0.1556281894445419,0.5448377728462219,0.5378047227859497,0.5188559889793396,6ed147cd585e5e8083292683f9be3cf585e97e4d46fa0e3224d24a4e2b42cbbb,f83baf5732ffbf88b9a448a3d9ab9fa270f7495fe44d1559c1ac49795a30881a,canonical_h5_cross_model_6ed147cd_f83baf57_596f1d05ff47
5,2,2023-01-29,2023-02-03,8.69,0,0,0,12.01,13.752988498759162,12.955271037396988,13.185954136474086,0.168429896235466,0.5476348400115967,0.5286660194396973,0.5051802396774292,6ed147cd585e5e8083292683f9be3cf585e97e4d46fa0e3224d24a4e2b42cbbb,f83baf5732ffbf88b9a448a3d9ab9fa270f7495fe44d1559c1ac49795a30881a,canonical_h5_cross_model_6ed147cd_f83baf57_596f1d05ff47
5,2,2023-01-30,2023-02-04,16.0,1,1,0,14.4,13.68839279857747,12.86859429833005,12.645393974728924,0.2693050801753998,0.5299723744392395,0.5268006324768066,0.4971400499343872,6ed147cd585e5e8083292683f9be3cf585e97e4d46fa0e3224d24a4e2b42cbbb,f83baf5732ffbf88b9a448a3d9ab9fa270f7495fe44d1559c1ac49795a30881a,canonical_h5_cross_model_6ed147cd_f83baf57_596f1d05ff47
5,2,2023-01-31,2023-02-05,17.45,1,1,1,14.68,14.258055032375808,13.203248413338912,13.268842883968995,0.1779015213251114,0.5426770448684692,0.5416635274887085,0.5031546354293823,6ed147cd585e5e8083292683f9be3cf585e97e4d46fa0e3224d24a4e2b42cbbb,f83baf5732ffbf88b9a448a3d9ab9fa270f7495fe44d1559c1ac49795a30881a,canonical_h5_cross_model_6ed147cd_f83baf57_596f1d05ff47
5,2,2023-02-01,2023-02-06,15.54,1,0,0,16.7,14.087078344110886,13.241244804674391,13.185954136474086,0.2861807644367218,0.5453790426254272,0.4945219755172729,0.5200091600418091,6ed147cd585e5e8083292683f9be3cf585e97e4d46fa0e3224d24a4e2b42cbbb,f83baf5732ffbf88b9a448a3d9ab9fa270f7495fe44d1559c1ac49795a30881a,canonical_h5_cross_model_6ed147cd_f83baf57_596f1d05ff47
5,2,2023-02-02,2023-02-07,13.67,0,0,0,11.45,14.601962330682868,13.545363260901778,13.268842883968995,0.2211075723171234,0.5701437592506409,0.5314747095108032,0.5377167463302612,6ed147cd585e5e8083292683f9be3cf585e97e4d46fa0e3224d24a4e2b42cbbb,f83baf5732ffbf88b9a448a3d9ab9fa270f7495fe44d1559c1ac49795a30881a,canonical_h5_cross_model_6ed147cd_f83baf57_596f1d05ff47
5,2,2023-02-03,2023-02-08,12.29,0,0,0,8.69,13.608680829318782,12.961044448249268,12.728282722223836,0.164727121591568,0.5588455200195312,0.5267387628555298,0.5280628800392151,6ed147cd585e5e8083292683f9be3cf585e97e4d46fa0e3224d24a4e2b42cbbb,f83baf5732ffbf88b9a448a3d9ab9fa270f7495fe44d1559c1ac49795a30881a,canonical_h5_cross_model_6ed147cd_f83baf57_596f1d05ff47
5,2,2023-02-04,2023-02-09,11.92,0,0,0,16.0,13.265446167006736,12.632813042664043,12.728282722223836,0.1542531251907348,0.5483188033103943,0.5334393382072449,0.5194647908210754,6ed147cd585e5e8083292683f9be3cf585e97e4d46fa0e3224d24a4e2b42cbbb,f83baf5732ffbf88b9a448a3d9ab9fa270f7495fe44d1559c1ac49795a30881a,canonical_h5_cross_model_6ed147cd_f83baf57_596f1d05ff47
5,2,2023-02-05,2023-02-10,10.97,0,0,0,17.45,14.773620555870414,13.531793986772213,13.162419151519147,0.1841279715299606,0.5640453696250916,0.5459313988685608,0.5420390963554382,6ed147cd585e5e8083292683f9be3cf585e97e4d46fa0e3224d24a4e2b42cbbb,f83baf5732ffbf88b9a448a3d9ab9fa270f7495fe44d1559c1ac49795a30881a,canonical_h5_cross_model_6ed147cd_f83baf57_596f1d05ff47
5,2,2023-02-06,2023-02-11,7.57,0,0,0,15.54,14.91146562027938,13.734484787936951,13.266609257978397,0.1757979542016983,0.5731916427612305,0.5511339902877808,0.5254009366035461,6ed147cd585e5e8083292683f9be3cf585e97e4d46fa0e3224d24a4e2b42cbbb,f83baf5732ffbf88b9a448a3d9ab9fa270f7495fe44d1559c1ac49795a30881a,canonical_h5_cross_model_6ed147cd_f83baf57_596f1d05ff47
5,2,2023-02-07,2023-02-12,7.45,0,0,0,13.67,14.54679803677493,13.503058396120764,13.28499294797147,0.1954129338264465,0.5692723393440247,0.5458649396896362,0.5696248412132263,6ed147cd585e5e8083292683f9be3cf585e97e4d46fa0e3224d24a4e2b42cbbb,f83baf5732ffbf88b9a448a3d9ab9fa270f7495fe44d1559c1ac49795a30881a,canonical_h5_cross_model_6ed147cd_f83baf57_596f1d05ff47
5,2,2023-02-08,2023-02-13,8.88,0,0,0,12.29,13.916400342382689,13.260689693482265,13.28499294797147,0.2009927332401275,0.5761330723762512,0.5497437119483948,0.5626213550567627,6ed147cd585e5e8083292683f9be3cf585e97e4d46fa0e3224d24a4e2b42cbbb,f83baf5732ffbf88b9a448a3d9ab9fa270f7495fe44d1559c1ac49795a30881a,canonical_h5_cross_model_6ed147cd_f83baf57_596f1d05ff47
5,2,2023-02-09,2023-02-14,11.27,0,0,0,11.92,13.520170068542743,13.098715437944447,12.744432786226309,0.2460015416145324,0.5747584700584412,0.5947330594062805,0.5251281261444092,6ed147cd585e5e8083292683f9be3cf585e97e4d46fa0e3224d24a4e2b42cbbb,f83baf5732ffbf88b9a448a3d9ab9fa270f7495fe44d1559c1ac49795a30881a,canonical_h5_cross_model_6ed147cd_f83baf57_596f1d05ff47
5,2,2023-02-10,2023-02-15,14.0,0,0,0,10.97,13.050807405566916,12.941848874682462,12.445070341842332,0.2229078114032745,0.5463701486587524,0.5443585515022278,0.5196297764778137,6ed147cd585e5e8083292683f9be3cf585e97e4d46fa0e3224d24a4e2b42cbbb,f83baf5732ffbf88b9a448a3d9ab9fa270f7495fe44d1559c1ac49795a30881a,canonical_h5_cross_model_6ed147cd_f83baf57_596f1d05ff47
5,2,2023-02-11,2023-02-16,15.84,1,0,0,7.57,13.504308743858706,12.944397922035751,12.338646609392486,0.2114458680152893,0.5655685067176819,0.5202666521072388,0.5393310785293579,6ed147cd585e5e8083292683f9be3cf585e97e4d46fa0e3224d24a4e2b42cbbb,f83baf5732ffbf88b9a448a3d9ab9fa270f7495fe44d1559c1ac49795a30881a,canonical_h5_cross_model_6ed147cd_f83baf57_596f1d05ff47
5,2,2023-02-12,2023-02-17,13.82,0,0,0,7.45,12.701692625609557,12.43577426184016,12.338646609392486,0.1401310563087463,0.5526511073112488,0.5228994488716125,0.5172678828239441,6ed147cd585e5e8083292683f9be3cf585e97e4d46fa0e3224d24a4e2b42cbbb,f83baf5732ffbf88b9a448a3d9ab9fa270f7495fe44d1559c1ac49795a30881a,canonical_h5_cross_model_6ed147cd_f83baf57_596f1d05ff47
5,2,2023-02-13,2023-02-18,16.04,1,1,0,8.88,12.408182785500244,12.2858013760907,12.338646609392486,0.1028480678796768,0.5431861877441406,0.5245274305343628,0.5047926902770996,6ed147cd585e5e8083292683f9be3cf585e97e4d46fa0e3224d24a4e2b42cbbb,f83baf5732ffbf88b9a448a3d9ab9fa270f7495fe44d1559c1ac49795a30881a,canonical_h5_cross_model_6ed147cd_f83baf57_596f1d05ff47
5,2,2023-02-14,2023-02-19,14.5,0,0,0,11.27,12.34356799970744,12.277281174188206,12.234456502933236,0.1836694777011871,0.5307106971740723,0.5093192458152771,0.4958817362785339,6ed147cd585e5e8083292683f9be3cf585e97e4d46fa0e3224d24a4e2b42cbbb,f83baf5732ffbf88b9a448a3d9ab9fa270f7495fe44d1559c1ac49795a30881a,canonical_h5_cross_model_6ed147cd_f83baf57_596f1d05ff47
5,2,2023-02-15,2023-02-20,13.08,0,0,0,14.0,13.067258227018876,12.625476680654945,12.234456502933236,0.2798230350017547,0.5690996050834656,0.538101315498352,0.532720148563385,6ed147cd585e5e8083292683f9be3cf585e97e4d46fa0e3224d24a4e2b42cbbb,f83baf5732ffbf88b9a448a3d9ab9fa270f7495fe44d1559c1ac49795a30881a,canonical_h5_cross_model_6ed147cd_f83baf57_596f1d05ff47
5,2,2023-02-16,2023-02-21,10.58,0,0,0,15.84,13.705003800058003,12.943191751689916,12.709133874808098,0.0738891810178756,0.5547914505004883,0.5294277667999268,0.5458860993385315,6ed147cd585e5e8083292683f9be3cf585e97e4d46fa0e3224d24a4e2b42cbbb,f83baf5732ffbf88b9a448a3d9ab9fa270f7495fe44d1559c1ac49795a30881a,canonical_h5_cross_model_6ed147cd_f83baf57_596f1d05ff47
5,2,2023-02-17,2023-02-22,13.94,0,0,0,13.82,14.15041480965992,13.211676224039628,13.074379109062372,0.1314400881528854,0.5578799843788147,0.541782021522522,0.5486578941345215,6ed147cd585e5e8083292683f9be3cf585e97e4d46fa0e3224d24a4e2b42cbbb,f83baf5732ffbf88b9a448a3d9ab9fa270f7495fe44d1559c1ac49795a30881a,canonical_h5_cross_model_6ed147cd_f83baf57_596f1d05ff47
5,2,2023-02-18,2023-02-23,13.76,0,0,0,16.04,13.54326977577298,12.979463440069797,13.18080284151222,0.1454594731330871,0.541699230670929,0.5578545331954956,0.5459073185920715,6ed147cd585e5e8083292683f9be3cf585e97e4d46fa0e3224d24a4e2b42cbbb,f83baf5732ffbf88b9a448a3d9ab9fa270f7495fe44d1559c1ac49795a30881a,canonical_h5_cross_model_6ed147cd_f83baf57_596f1d05ff47
5,2,2023-02-19,2023-02-24,16.57,1,1,0,14.5,14.199167282903735,13.33779389621967,13.18080284151222,0.2737487852573395,0.5509891510009766,0.5522396564483643,0.5575752258300781,6ed147cd585e5e8083292683f9be3cf585e97e4d46fa0e3224d24a4e2b42cbbb,f83baf5732ffbf88b9a448a3d9ab9fa270f7495fe44d1559c1ac49795a30881a,canonical_h5_cross_model_6ed147cd_f83baf57_596f1d05ff47
5,3,2023-02-20,2023-02-25,12.14,0,0,0,13.08,13.678025485242024,12.670974776430398,14.016420013240994,0.2529450953006744,0.592121958732605,0.5699031949043274,0.5738519430160522,6ed147cd585e5e8083292683f9be3cf585e97e4d46fa0e3224d24a4e2b42cbbb,f83baf5732ffbf88b9a448a3d9ab9fa270f7495fe44d1559c1ac49795a30881a,canonical_h5_cross_model_6ed147cd_f83baf57_596f1d05ff47
5,3,2023-02-21,2023-02-26,10.48,0,0,0,10.58,13.697063290708362,12.648323527495409,14.391225570315362,0.309226781129837,0.6121690273284912,0.5754535794258118,0.5770461559295654,6ed147cd585e5e8083292683f9be3cf585e97e4d46fa0e3224d24a4e2b42cbbb,f83baf5732ffbf88b9a448a3d9ab9fa270f7495fe44d1559c1ac49795a30881a,canonical_h5_cross_model_6ed147cd_f83baf57_596f1d05ff47
5,3,2023-02-22,2023-02-27,11.17,0,0,0,13.94,13.175386699307303,12.530099649153874,13.618702873467512,0.290942519903183,0.585112452507019,0.5512285828590393,0.5465096831321716,6ed147cd585e5e8083292683f9be3cf585e97e4d46fa0e3224d24a4e2b42cbbb,f83baf5732ffbf88b9a448a3d9ab9fa270f7495fe44d1559c1ac49795a30881a,canonical_h5_cross_model_6ed147cd_f83baf57_596f1d05ff47
5,3,2023-02-23,2023-02-28,9.76,0,0,0,13.76,13.381978600499291,12.677268338800086,13.67787681031187,0.2946340441703796,0.6092027425765991,0.5623761415481567,0.5544596314430237,6ed147cd585e5e8083292683f9be3cf585e97e4d46fa0e3224d24a4e2b42cbbb,f83baf5732ffbf88b9a448a3d9ab9fa270f7495fe44d1559c1ac49795a30881a,canonical_h5_cross_model_6ed147cd_f83baf57_596f1d05ff47
5,3,2023-02-24,2023-03-01,12.96,0,0,0,16.57,13.320181356828968,12.648076837527553,14.345332081284926,0.2526008486747741,0.5846900939941406,0.5454107522964478,0.549213707447052,6ed147cd585e5e8083292683f9be3cf585e97e4d46fa0e3224d24a4e2b42cbbb,f83baf5732ffbf88b9a448a3d9ab9fa270f7495fe44d1559c1ac49795a30881a,canonical_h5_cross_model_6ed147cd_f83baf57_596f1d05ff47
5,3,2023-02-25,2023-03-02,15.2,1,0,0,12.14,14.219819484604546,12.79834743677364,14.270339157819386,0.1950580477714538,0.5851132273674011,0.5573986172676086,0.554725706577301,6ed147cd585e5e8083292683f9be3cf585e97e4d46fa0e3224d24a4e2b42cbbb,f83baf5732ffbf88b9a448a3d9ab9fa270f7495fe44d1559c1ac49795a30881a,canonical_h5_cross_model_6ed147cd_f83baf57_596f1d05ff47
5,3,2023-02-26,2023-03-03,16.39,1,1,0,10.48,13.369046518620554,12.563328568170256,13.88028819622538,0.2373120188713073,0.55510014295578,0.5502349734306335,0.5275046825408936,6ed147cd585e5e8083292683f9be3cf585e97e4d46fa0e3224d24a4e2b42cbbb,f83baf5732ffbf88b9a448a3d9ab9fa270f7495fe44d1559c1ac49795a30881a,canonical_h5_cross_model_6ed147cd_f83baf57_596f1d05ff47
5,3,2023-02-27,2023-03-04,15.4,1,0,0,11.17,13.050636674265778,12.44967224015198,14.445176662114722,0.3338546454906463,0.5426628589630127,0.5794198513031006,0.4847044348716736,6ed147cd585e5e8083292683f9be3cf585e97e4d46fa0e3224d24a4e2b42cbbb,f83baf5732ffbf88b9a448a3d9ab9fa270f7495fe44d1559c1ac49795a30881a,canonical_h5_cross_model_6ed147cd_f83baf57_596f1d05ff47
5,3,2023-02-28,2023-03-05,10.44,0,0,0,9.76,12.391979329704776,12.460587454261171,14.379540745362918,0.3562181293964386,0.5537462830543518,0.5869424343109131,0.4729323387145996,6ed147cd585e5e8083292683f9be3cf585e97e4d46fa0e3224d24a4e2b42cbbb,f83baf5732ffbf88b9a448a3d9ab9fa270f7495fe44d1559c1ac49795a30881a,canonical_h5_cross_model_6ed147cd_f83baf57_596f1d05ff47
5,3,2023-03-01,2023-03-06,15.14,1,0,0,12.96,12.278545629376495,12.389238274095929,13.584922316403976,0.3174550831317901,0.553243100643158,0.5913535952568054,0.4596560895442962,6ed147cd585e5e8083292683f9be3cf585e97e4d46fa0e3224d24a4e2b42cbbb,f83baf5732ffbf88b9a448a3d9ab9fa270f7495fe44d1559c1ac49795a30881a,canonical_h5_cross_model_6ed147cd_f83baf57_596f1d05ff47
5,3,2023-03-02,2023-03-07,13.92,0,0,0,15.2,12.861351637343146,12.520263906538462,13.968624695276514,0.3167167603969574,0.5671018362045288,0.5883495807647705,0.4893034100532532,6ed147cd585e5e8083292683f9be3cf585e97e4d46fa0e3224d24a4e2b42cbbb,f83baf5732ffbf88b9a448a3d9ab9fa270f7495fe44d1559c1ac49795a30881a,canonical_h5_cross_model_6ed147cd_f83baf57_596f1d05ff47
5,3,2023-03-03,2023-03-08,13.87,0,0,0,16.39,13.248344818121623,12.632455371998152,13.678040076653764,0.3215198218822479,0.5724872946739197,0.5826717019081116,0.5037887692451477,6ed147cd585e5e8083292683f9be3cf585e97e4d46fa0e3224d24a4e2b42cbbb,f83baf5732ffbf88b9a448a3d9ab9fa270f7495fe44d1559c1ac49795a30881a,canonical_h5_cross_model_6ed147cd_f83baf57_596f1d05ff47
5,3,2023-03-04,2023-03-09,12.83,0,0,0,15.4,13.980627976632324,12.682355854824149,14.572867129837308,0.3314090669155121,0.5546207427978516,0.5771915912628174,0.4996129274368286,6ed147cd585e5e8083292683f9be3cf585e97e4d46fa0e3224d24a4e2b42cbbb,f83baf5732ffbf88b9a448a3d9ab9fa270f7495fe44d1559c1ac49795a30881a,canonical_h5_cross_model_6ed147cd_f83baf57_596f1d05ff47
5,3,2023-03-05,2023-03-10,15.48,1,0,0,10.44,13.838251137693849,12.669416082513848,14.159221968150046,0.3449372351169586,0.5694195032119751,0.5834463238716125,0.5156583189964294,6ed147cd585e5e8083292683f9be3cf585e97e4d46fa0e3224d24a4e2b42cbbb,f83baf5732ffbf88b9a448a3d9ab9fa270f7495fe44d1559c1ac49795a30881a,canonical_h5_cross_model_6ed147cd_f83baf57_596f1d05ff47
5,3,2023-03-06,2023-03-11,12.28,0,0,0,15.14,13.232661974555462,12.448588497121856,14.177411068812816,0.2773924171924591,0.5553235411643982,0.5792396068572998,0.4858143031597137,6ed147cd585e5e8083292683f9be3cf585e97e4d46fa0e3224d24a4e2b42cbbb,f83baf5732ffbf88b9a448a3d9ab9fa270f7495fe44d1559c1ac49795a30881a,canonical_h5_cross_model_6ed147cd_f83baf57_596f1d05ff47
5,3,2023-03-07,2023-03-12,9.8,0,0,0,13.92,13.928232878445309,12.69429676408742,14.147697171763252,0.3324586153030395,0.5554149746894836,0.5837040543556213,0.5069876313209534,6ed147cd585e5e8083292683f9be3cf585e97e4d46fa0e3224d24a4e2b42cbbb,f83baf5732ffbf88b9a448a3d9ab9fa270f7495fe44d1559c1ac49795a30881a,canonical_h5_cross_model_6ed147cd_f83baf57_596f1d05ff47
5,3,2023-03-08,2023-03-13,9.82,0,0,0,13.87,13.400047823189617,12.679950433247452,14.413120431349244,0.2503257691860199,0.55960613489151,0.5615078806877136,0.5053856372833252,6ed147cd585e5e8083292683f9be3cf585e97e4d46fa0e3224d24a4e2b42cbbb,f83baf5732ffbf88b9a448a3d9ab9fa270f7495fe44d1559c1ac49795a30881a,canonical_h5_cross_model_6ed147cd_f83baf57_596f1d05ff47
5,3,2023-03-09,2023-03-14,11.41,0,0,0,12.83,13.349790338376147,12.685601237527926,13.7388632831503,0.2768079340457916,0.5818520188331604,0.5641079545021057,0.5231686234474182,6ed147cd585e5e8083292683f9be3cf585e97e4d46fa0e3224d24a4e2b42cbbb,f83baf5732ffbf88b9a448a3d9ab9fa270f7495fe44d1559c1ac49795a30881a,canonical_h5_cross_model_6ed147cd_f83baf57_596f1d05ff47
5,3,2023-03-10,2023-03-15,14.0,0,0,0,15.48,13.004853355519746,12.615397151958502,13.738660382975974,0.2343891561031341,0.5437212586402893,0.5304002165794373,0.54152911901474,6ed147cd585e5e8083292683f9be3cf585e97e4d46fa0e3224d24a4e2b42cbbb,f83baf5732ffbf88b9a448a3d9ab9fa270f7495fe44d1559c1ac49795a30881a,canonical_h5_cross_model_6ed147cd_f83baf57_596f1d05ff47
5,3,2023-03-11,2023-03-16,13.31,0,0,0,12.28,13.354579312965315,12.722698686452793,14.16492822999698,0.2286188900470733,0.5720747113227844,0.5603318214416504,0.5265190005302429,6ed147cd585e5e8083292683f9be3cf585e97e4d46fa0e3224d24a4e2b42cbbb,f83baf5732ffbf88b9a448a3d9ab9fa270f7495fe44d1559c1ac49795a30881a,canonical_h5_cross_model_6ed147cd_f83baf57_596f1d05ff47
5,3,2023-03-12,2023-03-17,14.64,0,0,0,9.8,12.408703316563086,12.549592895772266,13.402523326214691,0.2357679903507232,0.5511806607246399,0.5569471716880798,0.5186607837677002,6ed147cd585e5e8083292683f9be3cf585e97e4d46fa0e3224d24a4e2b42cbbb,f83baf5732ffbf88b9a448a3d9ab9fa270f7495fe44d1559c1ac49795a30881a,canonical_h5_cross_model_6ed147cd_f83baf57_596f1d05ff47
5,3,2023-03-13,2023-03-18,10.03,0,0,0,9.82,12.3150953691334,12.432566031608069,12.785102076485437,0.1861901879310608,0.5848241448402405,0.5661395788192749,0.5273805856704712,6ed147cd585e5e8083292683f9be3cf585e97e4d46fa0e3224d24a4e2b42cbbb,f83baf5732ffbf88b9a448a3d9ab9fa270f7495fe44d1559c1ac49795a30881a,canonical_h5_cross_model_6ed147cd_f83baf57_596f1d05ff47
5,3,2023-03-14,2023-03-19,10.02,0,0,0,11.41,12.14514086885402,12.380404782069531,13.159785934181956,0.1849598437547683,0.5750384330749512,0.5591028928756714,0.513690710067749,6ed147cd585e5e8083292683f9be3cf585e97e4d46fa0e3224d24a4e2b42cbbb,f83baf5732ffbf88b9a448a3d9ab9fa270f7495fe44d1559c1ac49795a30881a,canonical_h5_cross_model_6ed147cd_f83baf57_596f1d05ff47
5,3,2023-03-15,2023-03-20,10.02,0,0,0,14.0,11.889858014412184,12.425151880957694,13.564852347840452,0.1693702787160873,0.5510863065719604,0.5500427484512329,0.5114064812660217,6ed147cd585e5e8083292683f9be3cf585e97e4d46fa0e3224d24a4e2b42cbbb,f83baf5732ffbf88b9a448a3d9ab9fa270f7495fe44d1559c1ac49795a30881a,canonical_h5_cross_model_6ed147cd_f83baf57_596f1d05ff47
5,3,2023-03-16,2023-03-21,13.57,0,0,0,13.31,12.619250851187674,12.539929538438292,13.836757177114754,0.1394822895526886,0.5577669739723206,0.5541490912437439,0.5218616127967834,6ed147cd585e5e8083292683f9be3cf585e97e4d46fa0e3224d24a4e2b42cbbb,f83baf5732ffbf88b9a448a3d9ab9fa270f7495fe44d1559c1ac49795a30881a,canonical_h5_cross_model_6ed147cd_f83baf57_596f1d05ff47
5,3,2023-03-17,2023-03-22,10.15,0,0,0,14.64,12.687026481037227,12.51301334976228,13.048551085886476,0.1466725766658783,0.5857813954353333,0.5630964040756226,0.5272886157035828,6ed147cd585e5e8083292683f9be3cf585e97e4d46fa0e3224d24a4e2b42cbbb,f83baf5732ffbf88b9a448a3d9ab9fa270f7495fe44d1559c1ac49795a30881a,canonical_h5_cross_model_6ed147cd_f83baf57_596f1d05ff47
5,3,2023-03-18,2023-03-23,15.5,1,0,0,10.03,12.863049387316588,12.562559753606168,13.36462208927062,0.1185122579336166,0.550335705280304,0.5559126138687134,0.5356733798980713,6ed147cd585e5e8083292683f9be3cf585e97e4d46fa0e3224d24a4e2b42cbbb,f83baf5732ffbf88b9a448a3d9ab9fa270f7495fe44d1559c1ac49795a30881a,canonical_h5_cross_model_6ed147cd_f83baf57_596f1d05ff47
5,3,2023-03-19,2023-03-24,7.22,0,0,0,10.02,12.110571488561778,12.33553633829465,13.842655028722406,0.1939544081687927,0.544012188911438,0.5549569129943848,0.5083300471305847,6ed147cd585e5e8083292683f9be3cf585e97e4d46fa0e3224d24a4e2b42cbbb,f83baf5732ffbf88b9a448a3d9ab9fa270f7495fe44d1559c1ac49795a30881a,canonical_h5_cross_model_6ed147cd_f83baf57_596f1d05ff47
5,3,2023-03-20,2023-03-25,9.46,0,0,0,10.02,11.81346738013224,12.336148991305324,13.604678497849482,0.1646358370780944,0.5446918606758118,0.5575068593025208,0.5033825039863586,6ed147cd585e5e8083292683f9be3cf585e97e4d46fa0e3224d24a4e2b42cbbb,f83baf5732ffbf88b9a448a3d9ab9fa270f7495fe44d1559c1ac49795a30881a,canonical_h5_cross_model_6ed147cd_f83baf57_596f1d05ff47
5,3,2023-03-21,2023-03-26,9.17,0,0,0,13.57,11.898085139205532,12.337004568307286,12.767617460588763,0.2661783397197723,0.527503490447998,0.536399781703949,0.4808093607425689,6ed147cd585e5e8083292683f9be3cf585e97e4d46fa0e3224d24a4e2b42cbbb,f83baf5732ffbf88b9a448a3d9ab9fa270f7495fe44d1559c1ac49795a30881a,canonical_h5_cross_model_6ed147cd_f83baf57_596f1d05ff47
5,3,2023-03-22,2023-03-27,9.34,0,0,0,10.15,12.229854268130254,12.514061186557036,12.76812185628684,0.1807457506656646,0.5665735602378845,0.5485276579856873,0.5077768564224243,6ed147cd585e5e8083292683f9be3cf585e97e4d46fa0e3224d24a4e2b42cbbb,f83baf5732ffbf88b9a448a3d9ab9fa270f7495fe44d1559c1ac49795a30881a,canonical_h5_cross_model_6ed147cd_f83baf57_596f1d05ff47
5,3,2023-03-23,2023-03-28,8.57,0,0,0,15.5,11.377787840536142,12.324034385171869,11.825502274622693,0.2751159965991974,0.5413586497306824,0.5031223297119141,0.5161795020103455,6ed147cd585e5e8083292683f9be3cf585e97e4d46fa0e3224d24a4e2b42cbbb,f83baf5732ffbf88b9a448a3d9ab9fa270f7495fe44d1559c1ac49795a30881a,canonical_h5_cross_model_6ed147cd_f83baf57_596f1d05ff47
5,3,2023-03-24,2023-03-29,10.73,0,0,0,7.22,12.95999983666776,12.581010317155997,12.06360427461122,0.1384951323270797,0.5567408204078674,0.5344336628913879,0.5291177034378052,6ed147cd585e5e8083292683f9be3cf585e97e4d46fa0e3224d24a4e2b42cbbb,f83baf5732ffbf88b9a448a3d9ab9fa270f7495fe44d1559c1ac49795a30881a,canonical_h5_cross_model_6ed147cd_f83baf57_596f1d05ff47
5,3,2023-03-25,2023-03-30,14.89,0,0,0,9.46,11.480025324231011,12.14108647139698,11.96499400415138,0.2737314999103546,0.5371520519256592,0.5133042931556702,0.4812959432601928,6ed147cd585e5e8083292683f9be3cf585e97e4d46fa0e3224d24a4e2b42cbbb,f83baf5732ffbf88b9a448a3d9ab9fa270f7495fe44d1559c1ac49795a30881a,canonical_h5_cross_model_6ed147cd_f83baf57_596f1d05ff47
5,3,2023-03-26,2023-03-31,11.27,0,0,0,9.17,11.662403547667097,12.233501296651763,12.216442541263069,0.1843751072883606,0.5661069750785828,0.5485501885414124,0.4947469234466553,6ed147cd585e5e8083292683f9be3cf585e97e4d46fa0e3224d24a4e2b42cbbb,f83baf5732ffbf88b9a448a3d9ab9fa270f7495fe44d1559c1ac49795a30881a,canonical_h5_cross_model_6ed147cd_f83baf57_596f1d05ff47
5,3,2023-03-27,2023-04-01,11.94,0,0,0,9.34,11.815714447558484,12.211249975950183,11.902086437413187,0.3192614912986755,0.5223550796508789,0.506792426109314,0.4658785760402679,6ed147cd585e5e8083292683f9be3cf585e97e4d46fa0e3224d24a4e2b42cbbb,f83baf5732ffbf88b9a448a3d9ab9fa270f7495fe44d1559c1ac49795a30881a,canonical_h5_cross_model_6ed147cd_f83baf57_596f1d05ff47
5,3,2023-03-28,2023-04-02,10.82,0,0,0,8.57,11.76625531749638,12.211008560092038,12.348644058280533,0.2735476195812225,0.5123440027236938,0.5174233913421631,0.4739631712436676,6ed147cd585e5e8083292683f9be3cf585e97e4d46fa0e3224d24a4e2b42cbbb,f83baf5732ffbf88b9a448a3d9ab9fa270f7495fe44d1559c1ac49795a30881a,canonical_h5_cross_model_6ed147cd_f83baf57_596f1d05ff47
5,3,2023-03-29,2023-04-03,12.71,0,0,0,10.73,11.49989942822445,12.126968372618,12.38092834261228,0.2741246521472931,0.4881390035152435,0.4860984086990356,0.4723584353923797,6ed147cd585e5e8083292683f9be3cf585e97e4d46fa0e3224d24a4e2b42cbbb,f83baf5732ffbf88b9a448a3d9ab9fa270f7495fe44d1559c1ac49795a30881a,canonical_h5_cross_model_6ed147cd_f83baf57_596f1d05ff47
5,3,2023-03-30,2023-04-04,15.49,1,0,0,14.89,11.90698314997049,12.22707441684392,12.475741108572636,0.2009666562080383,0.5319907069206238,0.4878414273262024,0.493643581867218,6ed147cd585e5e8083292683f9be3cf585e97e4d46fa0e3224d24a4e2b42cbbb,f83baf5732ffbf88b9a448a3d9ab9fa270f7495fe44d1559c1ac49795a30881a,canonical_h5_cross_model_6ed147cd_f83baf57_596f1d05ff47
5,3,2023-03-31,2023-04-05,10.44,0,0,0,11.27,12.699600193986102,12.404032753447552,12.965996324901834,0.3445359766483307,0.4789340198040008,0.4890512526035309,0.4867246448993683,6ed147cd585e5e8083292683f9be3cf585e97e4d46fa0e3224d24a4e2b42cbbb,f83baf5732ffbf88b9a448a3d9ab9fa270f7495fe44d1559c1ac49795a30881a,canonical_h5_cross_model_6ed147cd_f83baf57_596f1d05ff47
5,3,2023-04-01,2023-04-06,10.42,0,0,0,11.94,11.84826966494692,12.28233418054665,12.727065045725404,0.2029320299625396,0.5289884209632874,0.505095899105072,0.5001418590545654,6ed147cd585e5e8083292683f9be3cf585e97e4d46fa0e3224d24a4e2b42cbbb,f83baf5732ffbf88b9a448a3d9ab9fa270f7495fe44d1559c1ac49795a30881a,canonical_h5_cross_model_6ed147cd_f83baf57_596f1d05ff47
5,3,2023-04-02,2023-04-07,13.7,0,0,0,10.82,11.818671345128942,12.335085966872164,13.03580715366664,0.160025268793106,0.5303114056587219,0.5001336932182312,0.5199599266052246,6ed147cd585e5e8083292683f9be3cf585e97e4d46fa0e3224d24a4e2b42cbbb,f83baf5732ffbf88b9a448a3d9ab9fa270f7495fe44d1559c1ac49795a30881a,canonical_h5_cross_model_6ed147cd_f83baf57_596f1d05ff47
5,3,2023-04-03,2023-04-08,15.04,1,0,0,12.71,11.615593748866644,12.300537662991584,12.824880078509334,0.2959886491298675,0.5226777195930481,0.5044300556182861,0.4956190884113312,6ed147cd585e5e8083292683f9be3cf585e97e4d46fa0e3224d24a4e2b42cbbb,f83baf5732ffbf88b9a448a3d9ab9fa270f7495fe44d1559c1ac49795a30881a,canonical_h5_cross_model_6ed147cd_f83baf57_596f1d05ff47
5,3,2023-04-04,2023-04-09,14.68,0,0,0,15.49,12.179554645717865,12.41595981566541,13.782696933142455,0.2351084053516388,0.5417754054069519,0.5261496305465698,0.5029195547103882,6ed147cd585e5e8083292683f9be3cf585e97e4d46fa0e3224d24a4e2b42cbbb,f83baf5732ffbf88b9a448a3d9ab9fa270f7495fe44d1559c1ac49795a30881a,canonical_h5_cross_model_6ed147cd_f83baf57_596f1d05ff47
5,3,2023-04-05,2023-04-10,13.15,0,0,0,10.44,11.98632587325129,12.605444392733355,13.43557721342482,0.1963070929050445,0.5774393677711487,0.4989694654941559,0.5535765290260315,6ed147cd585e5e8083292683f9be3cf585e97e4d46fa0e3224d24a4e2b42cbbb,f83baf5732ffbf88b9a448a3d9ab9fa270f7495fe44d1559c1ac49795a30881a,canonical_h5_cross_model_6ed147cd_f83baf57_596f1d05ff47
5,3,2023-04-06,2023-04-11,16.98,1,1,0,10.42,11.293582320705989,12.378078074538127,12.860045871049872,0.1515353173017501,0.570202112197876,0.4862344563007355,0.5497391223907471,6ed147cd585e5e8083292683f9be3cf585e97e4d46fa0e3224d24a4e2b42cbbb,f83baf5732ffbf88b9a448a3d9ab9fa270f7495fe44d1559c1ac49795a30881a,canonical_h5_cross_model_6ed147cd_f83baf57_596f1d05ff47
5,3,2023-04-07,2023-04-12,14.24,0,0,0,13.7,11.32541722344658,12.332398927727112,12.816555732401296,0.1542634963989257,0.5859789252281189,0.4765474796295166,0.5699881315231323,6ed147cd585e5e8083292683f9be3cf585e97e4d46fa0e3224d24a4e2b42cbbb,f83baf5732ffbf88b9a448a3d9ab9fa270f7495fe44d1559c1ac49795a30881a,canonical_h5_cross_model_6ed147cd_f83baf57_596f1d05ff47
5,3,2023-04-08,2023-04-13,12.52,0,0,0,15.04,12.622274880566192,12.500135859058314,13.399783280836443,0.2260099053382873,0.5743462443351746,0.5033342838287354,0.5539727807044983,6ed147cd585e5e8083292683f9be3cf585e97e4d46fa0e3224d24a4e2b42cbbb,f83baf5732ffbf88b9a448a3d9ab9fa270f7495fe44d1559c1ac49795a30881a,canonical_h5_cross_model_6ed147cd_f83baf57_596f1d05ff47
5,3,2023-04-09,2023-04-14,14.83,0,0,0,14.68,12.995548370778955,12.588595366331884,13.29948340332807,0.1612124145030975,0.5599879026412964,0.5256535410881042,0.5522197484970093,6ed147cd585e5e8083292683f9be3cf585e97e4d46fa0e3224d24a4e2b42cbbb,f83baf5732ffbf88b9a448a3d9ab9fa270f7495fe44d1559c1ac49795a30881a,canonical_h5_cross_model_6ed147cd_f83baf57_596f1d05ff47
5,3,2023-04-10,2023-04-15,9.9,0,0,0,13.15,12.987610519256894,12.609274871333207,12.888037777287526,0.1824607104063034,0.5838401913642883,0.516372561454773,0.5700077414512634,6ed147cd585e5e8083292683f9be3cf585e97e4d46fa0e3224d24a4e2b42cbbb,f83baf5732ffbf88b9a448a3d9ab9fa270f7495fe44d1559c1ac49795a30881a,canonical_h5_cross_model_6ed147cd_f83baf57_596f1d05ff47
5,3,2023-04-11,2023-04-16,10.09,0,0,0,16.98,12.553445525090616,12.544778664059397,13.111426929447768,0.0648636221885681,0.5562120079994202,0.5179532766342163,0.5629997253417969,6ed147cd585e5e8083292683f9be3cf585e97e4d46fa0e3224d24a4e2b42cbbb,f83baf5732ffbf88b9a448a3d9ab9fa270f7495fe44d1559c1ac49795a30881a,canonical_h5_cross_model_6ed147cd_f83baf57_596f1d05ff47
5,3,2023-04-12,2023-04-17,9.66,0,0,0,14.24,12.81781075326258,12.727673743991437,13.42527538325592,0.1851458400487899,0.5962594747543335,0.5617067217826843,0.5795811414718628,6ed147cd585e5e8083292683f9be3cf585e97e4d46fa0e3224d24a4e2b42cbbb,f83baf5732ffbf88b9a448a3d9ab9fa270f7495fe44d1559c1ac49795a30881a,canonical_h5_cross_model_6ed147cd_f83baf57_596f1d05ff47
5,3,2023-04-13,2023-04-18,9.47,0,0,0,12.52,12.45531231377081,12.64248450546776,13.244059871466048,0.2162713408470153,0.5878307223320007,0.542924165725708,0.5583151578903198,6ed147cd585e5e8083292683f9be3cf585e97e4d46fa0e3224d24a4e2b42cbbb,f83baf5732ffbf88b9a448a3d9ab9fa270f7495fe44d1559c1ac49795a30881a,canonical_h5_cross_model_6ed147cd_f83baf57_596f1d05ff47
5,3,2023-04-14,2023-04-19,16.0,1,1,0,14.83,12.269613538375909,12.5858133299027,12.70127483396883,0.2142511010169983,0.5874806642532349,0.544634997844696,0.5546676516532898,6ed147cd585e5e8083292683f9be3cf585e97e4d46fa0e3224d24a4e2b42cbbb,f83baf5732ffbf88b9a448a3d9ab9fa270f7495fe44d1559c1ac49795a30881a,canonical_h5_cross_model_6ed147cd_f83baf57_596f1d05ff47
5,3,2023-04-15,2023-04-20,14.68,0,0,0,9.9,12.459937071798649,12.697956993630491,12.791996166127792,0.1591534316539764,0.5801937580108643,0.5448671579360962,0.5633986592292786,6ed147cd585e5e8083292683f9be3cf585e97e4d46fa0e3224d24a4e2b42cbbb,f83baf5732ffbf88b9a448a3d9ab9fa270f7495fe44d1559c1ac49795a30881a,canonical_h5_cross_model_6ed147cd_f83baf57_596f1d05ff47
5,3,2023-04-16,2023-04-21,12.62,0,0,0,10.09,11.607577194432304,12.42853974456423,12.23602022005225,0.2721929550170898,0.5707224011421204,0.5376929640769958,0.5249507427215576,6ed147cd585e5e8083292683f9be3cf585e97e4d46fa0e3224d24a4e2b42cbbb,f83baf5732ffbf88b9a448a3d9ab9fa270f7495fe44d1559c1ac49795a30881a,canonical_h5_cross_model_6ed147cd_f83baf57_596f1d05ff47
5,3,2023-04-17,2023-04-22,11.22,0,0,0,9.66,11.323233856067036,12.391012139080631,11.895728792116492,0.1999851763248443,0.5621049404144287,0.5335740447044373,0.5354861617088318,6ed147cd585e5e8083292683f9be3cf585e97e4d46fa0e3224d24a4e2b42cbbb,f83baf5732ffbf88b9a448a3d9ab9fa270f7495fe44d1559c1ac49795a30881a,canonical_h5_cross_model_6ed147cd_f83baf57_596f1d05ff47
5,3,2023-04-18,2023-04-23,11.23,0,0,0,9.47,11.227134753143812,12.336808921872937,11.262356699692736,0.2233595848083496,0.5196051001548767,0.5084996819496155,0.5089403986930847,6ed147cd585e5e8083292683f9be3cf585e97e4d46fa0e3224d24a4e2b42cbbb,f83baf5732ffbf88b9a448a3d9ab9fa270f7495fe44d1559c1ac49795a30881a,canonical_h5_cross_model_6ed147cd_f83baf57_596f1d05ff47
5,3,2023-04-19,2023-04-24,13.46,0,0,0,16.0,11.26336207555944,12.25394880786316,11.226693897079205,0.3114206790924072,0.5627471804618835,0.5248308777809143,0.4903398156166076,6ed147cd585e5e8083292683f9be3cf585e97e4d46fa0e3224d24a4e2b42cbbb,f83baf5732ffbf88b9a448a3d9ab9fa270f7495fe44d1559c1ac49795a30881a,canonical_h5_cross_model_6ed147cd_f83baf57_596f1d05ff47
5,3,2023-04-20,2023-04-25,13.39,0,0,0,14.68,12.409995411186625,12.558968367132326,11.765968623774093,0.2473426461219787,0.5443743467330933,0.5133810639381409,0.5186375975608826,6ed147cd585e5e8083292683f9be3cf585e97e4d46fa0e3224d24a4e2b42cbbb,f83baf5732ffbf88b9a448a3d9ab9fa270f7495fe44d1559c1ac49795a30881a,canonical_h5_cross_model_6ed147cd_f83baf57_596f1d05ff47
5,3,2023-04-21,2023-04-26,9.76,0,0,0,12.62,12.298860711771963,12.52061559750069,11.686897870343415,0.1852519065141677,0.5226421356201172,0.5113189220428467,0.5232622623443604,6ed147cd585e5e8083292683f9be3cf585e97e4d46fa0e3224d24a4e2b42cbbb,f83baf5732ffbf88b9a448a3d9ab9fa270f7495fe44d1559c1ac49795a30881a,canonical_h5_cross_model_6ed147cd_f83baf57_596f1d05ff47
5,3,2023-04-22,2023-04-27,14.44,0,0,0,11.22,12.158252002601078,12.406831413131934,11.437944290920496,0.2217439711093902,0.5543097257614136,0.5395342111587524,0.5223305821418762,6ed147cd585e5e8083292683f9be3cf585e97e4d46fa0e3224d24a4e2b42cbbb,f83baf5732ffbf88b9a448a3d9ab9fa270f7495fe44d1559c1ac49795a30881a,canonical_h5_cross_model_6ed147cd_f83baf57_596f1d05ff47
5,3,2023-04-23,2023-04-28,13.68,0,0,0,11.23,12.084518821411992,12.356744776663962,11.25374813019489,0.2164041996002197,0.5385164618492126,0.5249476432800293,0.5043673515319824,6ed147cd585e5e8083292683f9be3cf585e97e4d46fa0e3224d24a4e2b42cbbb,f83baf5732ffbf88b9a448a3d9ab9fa270f7495fe44d1559c1ac49795a30881a,canonical_h5_cross_model_6ed147cd_f83baf57_596f1d05ff47
5,3,2023-04-24,2023-04-29,11.83,0,0,0,13.46,12.141173742791072,12.367285284021449,11.373592110322294,0.2667573988437652,0.5096927285194397,0.5337472558021545,0.485056072473526,6ed147cd585e5e8083292683f9be3cf585e97e4d46fa0e3224d24a4e2b42cbbb,f83baf5732ffbf88b9a448a3d9ab9fa270f7495fe44d1559c1ac49795a30881a,canonical_h5_cross_model_6ed147cd_f83baf57_596f1d05ff47
5,3,2023-04-25,2023-04-30,12.79,0,0,0,13.39,12.5905966046645,12.502038025407376,11.899807830008188,0.2497456967830658,0.5346695184707642,0.5308963656425476,0.5100708603858948,6ed147cd585e5e8083292683f9be3cf585e97e4d46fa0e3224d24a4e2b42cbbb,f83baf5732ffbf88b9a448a3d9ab9fa270f7495fe44d1559c1ac49795a30881a,canonical_h5_cross_model_6ed147cd_f83baf57_596f1d05ff47
5,3,2023-04-26,2023-05-01,12.88,0,0,0,9.76,12.53851252607041,12.536218106399364,11.184250111459155,0.1739877015352249,0.5356572866439819,0.5110622048377991,0.525462806224823,6ed147cd585e5e8083292683f9be3cf585e97e4d46fa0e3224d24a4e2b42cbbb,f83baf5732ffbf88b9a448a3d9ab9fa270f7495fe44d1559c1ac49795a30881a,canonical_h5_cross_model_6ed147cd_f83baf57_596f1d05ff47
5,3,2023-04-27,2023-05-02,10.51,0,0,0,14.44,11.92982527099178,12.313635479430571,10.681099051345676,0.1667318046092987,0.5293887257575989,0.4973652362823486,0.5045852065086365,6ed147cd585e5e8083292683f9be3cf585e97e4d46fa0e3224d24a4e2b42cbbb,f83baf5732ffbf88b9a448a3d9ab9fa270f7495fe44d1559c1ac49795a30881a,canonical_h5_cross_model_6ed147cd_f83baf57_596f1d05ff47
5,3,2023-04-28,2023-05-03,16.52,1,1,0,13.68,12.604216063898855,12.51732550032936,11.576304065445193,0.1712741255760193,0.5293610095977783,0.5053437948226929,0.528202474117279,6ed147cd585e5e8083292683f9be3cf585e97e4d46fa0e3224d24a4e2b42cbbb,f83baf5732ffbf88b9a448a3d9ab9fa270f7495fe44d1559c1ac49795a30881a,canonical_h5_cross_model_6ed147cd_f83baf57_596f1d05ff47
5,3,2023-04-29,2023-05-04,14.09,0,0,0,11.83,11.991079868713053,12.493058973727717,11.536240558217688,0.1707543432712555,0.5186989903450012,0.5039109587669373,0.5158129930496216,6ed147cd585e5e8083292683f9be3cf585e97e4d46fa0e3224d24a4e2b42cbbb,f83baf5732ffbf88b9a448a3d9ab9fa270f7495fe44d1559c1ac49795a30881a,canonical_h5_cross_model_6ed147cd_f83baf57_596f1d05ff47
5,3,2023-04-30,2023-05-05,13.98,0,0,0,12.79,11.84755696204232,12.416182272804823,11.522491543887371,0.1505175232887268,0.532095193862915,0.5120128393173218,0.5315721035003662,6ed147cd585e5e8083292683f9be3cf585e97e4d46fa0e3224d24a4e2b42cbbb,f83baf5732ffbf88b9a448a3d9ab9fa270f7495fe44d1559c1ac49795a30881a,canonical_h5_cross_model_6ed147cd_f83baf57_596f1d05ff47
5,3,2023-05-01,2023-05-06,13.97,0,0,0,12.88,11.995917105577671,12.472912745141851,11.998075980647108,0.0992424488067627,0.550540030002594,0.5007402300834656,0.5490047335624695,6ed147cd585e5e8083292683f9be3cf585e97e4d46fa0e3224d24a4e2b42cbbb,f83baf5732ffbf88b9a448a3d9ab9fa270f7495fe44d1559c1ac49795a30881a,canonical_h5_cross_model_6ed147cd_f83baf57_596f1d05ff47
5,3,2023-05-02,2023-05-07,14.0,0,0,0,10.51,12.103085419122795,12.470253254468846,11.535578484390673,0.189960092306137,0.5449985861778259,0.5159714221954346,0.5396732091903687,6ed147cd585e5e8083292683f9be3cf585e97e4d46fa0e3224d24a4e2b42cbbb,f83baf5732ffbf88b9a448a3d9ab9fa270f7495fe44d1559c1ac49795a30881a,canonical_h5_cross_model_6ed147cd_f83baf57_596f1d05ff47
5,3,2023-05-03,2023-05-08,13.94,0,0,0,16.52,11.801953546025093,12.336298518915374,12.074387238455191,0.1628566980361938,0.5237858891487122,0.5079022645950317,0.5225556492805481,6ed147cd585e5e8083292683f9be3cf585e97e4d46fa0e3224d24a4e2b42cbbb,f83baf5732ffbf88b9a448a3d9ab9fa270f7495fe44d1559c1ac49795a30881a,canonical_h5_cross_model_6ed147cd_f83baf57_596f1d05ff47
5,3,2023-05-04,2023-05-09,14.02,0,0,0,14.09,12.678606226809668,12.667282019446878,12.29173457138934,0.0927248001098632,0.5505523085594177,0.5197921395301819,0.555499792098999,6ed147cd585e5e8083292683f9be3cf585e97e4d46fa0e3224d24a4e2b42cbbb,f83baf5732ffbf88b9a448a3d9ab9fa270f7495fe44d1559c1ac49795a30881a,canonical_h5_cross_model_6ed147cd_f83baf57_596f1d05ff47
5,3,2023-05-05,2023-05-10,14.88,0,0,0,13.98,11.789530997784082,12.555414180262703,12.06694599674496,0.1760257482528686,0.5462619066238403,0.4946257770061493,0.5518114566802979,6ed147cd585e5e8083292683f9be3cf585e97e4d46fa0e3224d24a4e2b42cbbb,f83baf5732ffbf88b9a448a3d9ab9fa270f7495fe44d1559c1ac49795a30881a,canonical_h5_cross_model_6ed147cd_f83baf57_596f1d05ff47
5,3,2023-05-06,2023-05-11,11.52,0,0,0,13.97,11.599832398445274,12.552545813223364,12.397064501344778,0.14311283826828,0.5565773248672485,0.4764383435249328,0.5815212726593018,6ed147cd585e5e8083292683f9be3cf585e97e4d46fa0e3224d24a4e2b42cbbb,f83baf5732ffbf88b9a448a3d9ab9fa270f7495fe44d1559c1ac49795a30881a,canonical_h5_cross_model_6ed147cd_f83baf57_596f1d05ff47
5,3,2023-05-07,2023-05-12,13.0,0,0,0,14.0,12.633591545535973,12.572091253758254,12.262809421711555,0.1749025732278823,0.5541426539421082,0.4692091643810272,0.5755885243415833,6ed147cd585e5e8083292683f9be3cf585e97e4d46fa0e3224d24a4e2b42cbbb,f83baf5732ffbf88b9a448a3d9ab9fa270f7495fe44d1559c1ac49795a30881a,canonical_h5_cross_model_6ed147cd_f83baf57_596f1d05ff47
5,3,2023-05-08,2023-05-13,9.37,0,0,0,13.94,12.635077731872515,12.584330249582774,12.235097594616477,0.0907713621854782,0.5417640209197998,0.5084468126296997,0.5499957203865051,6ed147cd585e5e8083292683f9be3cf585e97e4d46fa0e3224d24a4e2b42cbbb,f83baf5732ffbf88b9a448a3d9ab9fa270f7495fe44d1559c1ac49795a30881a,canonical_h5_cross_model_6ed147cd_f83baf57_596f1d05ff47
5,3,2023-05-09,2023-05-14,12.59,0,0,0,14.02,12.345076779547762,12.591133324512684,12.017327100385234,0.1648935228586197,0.5460330247879028,0.5144293308258057,0.543654203414917,6ed147cd585e5e8083292683f9be3cf585e97e4d46fa0e3224d24a4e2b42cbbb,f83baf5732ffbf88b9a448a3d9ab9fa270f7495fe44d1559c1ac49795a30881a,canonical_h5_cross_model_6ed147cd_f83baf57_596f1d05ff47
5,3,2023-05-10,2023-05-15,12.67,0,0,0,14.88,12.347642689505662,12.628081036063772,11.958145926633428,0.138471782207489,0.5317044854164124,0.5101948380470276,0.539543867111206,6ed147cd585e5e8083292683f9be3cf585e97e4d46fa0e3224d24a4e2b42cbbb,f83baf5732ffbf88b9a448a3d9ab9fa270f7495fe44d1559c1ac49795a30881a,canonical_h5_cross_model_6ed147cd_f83baf57_596f1d05ff47
5,3,2023-05-11,2023-05-16,12.94,0,0,0,11.52,12.455778247628126,12.6492266940936,11.727825900955214,0.1348446309566497,0.5443979501724243,0.5203982591629028,0.543926477432251,6ed147cd585e5e8083292683f9be3cf585e97e4d46fa0e3224d24a4e2b42cbbb,f83baf5732ffbf88b9a448a3d9ab9fa270f7495fe44d1559c1ac49795a30881a,canonical_h5_cross_model_6ed147cd_f83baf57_596f1d05ff47
5,3,2023-05-12,2023-05-17,11.93,0,0,0,13.0,11.854059532960916,12.474602998138996,10.751579217606244,0.108573243021965,0.5403953790664673,0.5085042715072632,0.5356094241142273,6ed147cd585e5e8083292683f9be3cf585e97e4d46fa0e3224d24a4e2b42cbbb,f83baf5732ffbf88b9a448a3d9ab9fa270f7495fe44d1559c1ac49795a30881a,canonical_h5_cross_model_6ed147cd_f83baf57_596f1d05ff47
5,3,2023-05-13,2023-05-18,12.83,0,0,0,9.37,12.2367699564187,12.529651251561356,11.423224440351744,0.1690883636474609,0.5425509810447693,0.5103761553764343,0.549597978591919,6ed147cd585e5e8083292683f9be3cf585e97e4d46fa0e3224d24a4e2b42cbbb,f83baf5732ffbf88b9a448a3d9ab9fa270f7495fe44d1559c1ac49795a30881a,canonical_h5_cross_model_6ed147cd_f83baf57_596f1d05ff47
5,3,2023-05-14,2023-05-19,14.46,0,0,0,12.59,11.62785886715539,12.323272320646655,11.297299229016556,0.2758200466632843,0.5111750960350037,0.4981375336647033,0.5117462277412415,6ed147cd585e5e8083292683f9be3cf585e97e4d46fa0e3224d24a4e2b42cbbb,f83baf5732ffbf88b9a448a3d9ab9fa270f7495fe44d1559c1ac49795a30881a,canonical_h5_cross_model_6ed147cd_f83baf57_596f1d05ff47
5,3,2023-05-15,2023-05-20,13.25,0,0,0,12.67,11.926779256879191,12.451122829224804,11.661556553076542,0.2176119685173034,0.5128974318504333,0.5022968649864197,0.5228390097618103,6ed147cd585e5e8083292683f9be3cf585e97e4d46fa0e3224d24a4e2b42cbbb,f83baf5732ffbf88b9a448a3d9ab9fa270f7495fe44d1559c1ac49795a30881a,canonical_h5_cross_model_6ed147cd_f83baf57_596f1d05ff47
5,3,2023-05-16,2023-05-21,12.85,0,0,0,12.94,11.424713431088977,12.44143971906384,12.194486483135172,0.2288476228713989,0.525222897529602,0.4839348495006561,0.5282940864562988,6ed147cd585e5e8083292683f9be3cf585e97e4d46fa0e3224d24a4e2b42cbbb,f83baf5732ffbf88b9a448a3d9ab9fa270f7495fe44d1559c1ac49795a30881a,canonical_h5_cross_model_6ed147cd_f83baf57_596f1d05ff47
5,3,2023-05-17,2023-05-22,14.51,0,0,0,11.93,12.093731848883452,12.442032213802433,12.763382272681604,0.2050193548202514,0.5257793068885803,0.4862893521785736,0.5133340954780579,6ed147cd585e5e8083292683f9be3cf585e97e4d46fa0e3224d24a4e2b42cbbb,f83baf5732ffbf88b9a448a3d9ab9fa270f7495fe44d1559c1ac49795a30881a,canonical_h5_cross_model_6ed147cd_f83baf57_596f1d05ff47
5,3,2023-05-18,2023-05-23,10.07,0,0,0,12.83,11.79028528995175,12.367738627025602,12.699964571059324,0.2596103847026825,0.529615044593811,0.4747123122215271,0.5190626978874207,6ed147cd585e5e8083292683f9be3cf585e97e4d46fa0e3224d24a4e2b42cbbb,f83baf5732ffbf88b9a448a3d9ab9fa270f7495fe44d1559c1ac49795a30881a,canonical_h5_cross_model_6ed147cd_f83baf57_596f1d05ff47
5,3,2023-05-19,2023-05-24,12.91,0,0,0,14.46,11.785248992834994,12.419583153635283,12.419575101732802,0.1745234429836273,0.5250933170318604,0.4986336827278137,0.5324457287788391,6ed147cd585e5e8083292683f9be3cf585e97e4d46fa0e3224d24a4e2b42cbbb,f83baf5732ffbf88b9a448a3d9ab9fa270f7495fe44d1559c1ac49795a30881a,canonical_h5_cross_model_6ed147cd_f83baf57_596f1d05ff47
5,3,2023-05-20,2023-05-25,13.15,0,0,0,13.25,12.38396898320357,12.505202935194262,13.402518736113455,0.2253096401691436,0.5268535614013672,0.4940708577632904,0.5338432788848877,6ed147cd585e5e8083292683f9be3cf585e97e4d46fa0e3224d24a4e2b42cbbb,f83baf5732ffbf88b9a448a3d9ab9fa270f7495fe44d1559c1ac49795a30881a,canonical_h5_cross_model_6ed147cd_f83baf57_596f1d05ff47
5,3,2023-05-21,2023-05-26,14.4,0,0,0,12.85,12.252312349333115,12.488840607405056,13.589165388298982,0.195252925157547,0.5097542405128479,0.4883289337158203,0.5264891982078552,6ed147cd585e5e8083292683f9be3cf585e97e4d46fa0e3224d24a4e2b42cbbb,f83baf5732ffbf88b9a448a3d9ab9fa270f7495fe44d1559c1ac49795a30881a,canonical_h5_cross_model_6ed147cd_f83baf57_596f1d05ff47
5,3,2023-05-22,2023-05-27,13.75,0,0,0,14.51,12.1275408389441,12.47295594876226,13.610240406492832,0.2348290085792541,0.5185713768005371,0.486855000257492,0.5434473156929016,6ed147cd585e5e8083292683f9be3cf585e97e4d46fa0e3224d24a4e2b42cbbb,f83baf5732ffbf88b9a448a3d9ab9fa270f7495fe44d1559c1ac49795a30881a,canonical_h5_cross_model_6ed147cd_f83baf57_596f1d05ff47
5,3,2023-05-23,2023-05-28,12.88,0,0,0,10.07,12.025870087045252,12.563659648091638,12.833527716147328,0.2015029489994049,0.550601065158844,0.4977786242961883,0.5659388899803162,6ed147cd585e5e8083292683f9be3cf585e97e4d46fa0e3224d24a4e2b42cbbb,f83baf5732ffbf88b9a448a3d9ab9fa270f7495fe44d1559c1ac49795a30881a,canonical_h5_cross_model_6ed147cd_f83baf57_596f1d05ff47
5,3,2023-05-24,2023-05-29,12.2,0,0,0,12.91,11.412524964612253,12.338489940712844,12.475602978588729,0.2699134647846222,0.5345336198806763,0.4787734150886535,0.5382696390151978,6ed147cd585e5e8083292683f9be3cf585e97e4d46fa0e3224d24a4e2b42cbbb,f83baf5732ffbf88b9a448a3d9ab9fa270f7495fe44d1559c1ac49795a30881a,canonical_h5_cross_model_6ed147cd_f83baf57_596f1d05ff47
5,3,2023-05-25,2023-05-30,12.42,0,0,0,13.15,11.742140539560449,12.473024255222231,12.396479608843189,0.1825903952121734,0.548893392086029,0.4740854203701019,0.5769903063774109,6ed147cd585e5e8083292683f9be3cf585e97e4d46fa0e3224d24a4e2b42cbbb,f83baf5732ffbf88b9a448a3d9ab9fa270f7495fe44d1559c1ac49795a30881a,canonical_h5_cross_model_6ed147cd_f83baf57_596f1d05ff47
5,3,2023-05-26,2023-05-31,7.99,0,0,0,14.4,11.807559521578115,12.486100043503706,12.428650102915393,0.1794044822454452,0.5272771120071411,0.4706073403358459,0.5650747418403625,6ed147cd585e5e8083292683f9be3cf585e97e4d46fa0e3224d24a4e2b42cbbb,f83baf5732ffbf88b9a448a3d9ab9fa270f7495fe44d1559c1ac49795a30881a,canonical_h5_cross_model_6ed147cd_f83baf57_596f1d05ff47
5,3,2023-05-27,2023-06-01,10.55,0,0,0,13.75,12.051309342512496,12.540161155486064,12.530350678389407,0.2005245983600616,0.5533073544502258,0.4878081083297729,0.5738904476165771,6ed147cd585e5e8083292683f9be3cf585e97e4d46fa0e3224d24a4e2b42cbbb,f83baf5732ffbf88b9a448a3d9ab9fa270f7495fe44d1559c1ac49795a30881a,canonical_h5_cross_model_6ed147cd_f83baf57_596f1d05ff47
5,3,2023-05-28,2023-06-02,9.12,0,0,0,12.88,12.154755388239296,12.515653200709416,12.77709919526673,0.169008195400238,0.5473014116287231,0.4739927351474762,0.5817431211471558,6ed147cd585e5e8083292683f9be3cf585e97e4d46fa0e3224d24a4e2b42cbbb,f83baf5732ffbf88b9a448a3d9ab9fa270f7495fe44d1559c1ac49795a30881a,canonical_h5_cross_model_6ed147cd_f83baf57_596f1d05ff47
5,3,2023-05-29,2023-06-03,9.19,0,0,0,12.2,11.287252279976128,12.476835894832206,11.534340694123168,0.2074101269245147,0.5571893453598022,0.4377838671207428,0.5915444493293762,6ed147cd585e5e8083292683f9be3cf585e97e4d46fa0e3224d24a4e2b42cbbb,f83baf5732ffbf88b9a448a3d9ab9fa270f7495fe44d1559c1ac49795a30881a,canonical_h5_cross_model_6ed147cd_f83baf57_596f1d05ff47
5,3,2023-05-30,2023-06-04,9.29,0,0,0,12.42,12.10009417875973,12.423575910140688,11.55781174638818,0.2442612946033477,0.5447726249694824,0.4524049162864685,0.5775411128997803,6ed147cd585e5e8083292683f9be3cf585e97e4d46fa0e3224d24a4e2b42cbbb,f83baf5732ffbf88b9a448a3d9ab9fa270f7495fe44d1559c1ac49795a30881a,canonical_h5_cross_model_6ed147cd_f83baf57_596f1d05ff47
5,3,2023-05-31,2023-06-05,10.0,0,0,0,7.99,11.9700840827411,12.455682181605155,11.583842609860202,0.1663102507591247,0.5509145855903625,0.4650377631187439,0.563563346862793,6ed147cd585e5e8083292683f9be3cf585e97e4d46fa0e3224d24a4e2b42cbbb,f83baf5732ffbf88b9a448a3d9ab9fa270f7495fe44d1559c1ac49795a30881a,canonical_h5_cross_model_6ed147cd_f83baf57_596f1d05ff47
5,3,2023-06-01,2023-06-06,13.26,0,0,0,10.55,11.015589332432848,12.211050945785669,11.21627357075795,0.2331646978855133,0.5092549920082092,0.4517236649990082,0.5268743634223938,6ed147cd585e5e8083292683f9be3cf585e97e4d46fa0e3224d24a4e2b42cbbb,f83baf5732ffbf88b9a448a3d9ab9fa270f7495fe44d1559c1ac49795a30881a,canonical_h5_cross_model_6ed147cd_f83baf57_596f1d05ff47
5,3,2023-06-02,2023-06-07,12.56,0,0,0,9.12,11.171325082213867,12.298345644565948,11.03872644715246,0.14512400329113,0.4998486638069153,0.4609311819076538,0.528344988822937,6ed147cd585e5e8083292683f9be3cf585e97e4d46fa0e3224d24a4e2b42cbbb,f83baf5732ffbf88b9a448a3d9ab9fa270f7495fe44d1559c1ac49795a30881a,canonical_h5_cross_model_6ed147cd_f83baf57_596f1d05ff47
5,3,2023-06-03,2023-06-08,13.64,0,0,0,9.19,11.087570761639718,12.182951420463754,11.396847216320747,0.2810149192810058,0.4830208718776703,0.4407728016376495,0.4870007336139679,6ed147cd585e5e8083292683f9be3cf585e97e4d46fa0e3224d24a4e2b42cbbb,f83baf5732ffbf88b9a448a3d9ab9fa270f7495fe44d1559c1ac49795a30881a,canonical_h5_cross_model_6ed147cd_f83baf57_596f1d05ff47
5,3,2023-06-04,2023-06-09,15.85,1,0,0,9.29,10.920939014217376,12.14096998460958,11.536422588871789,0.2816405594348907,0.4883847534656524,0.4431994557380676,0.4872120320796966,6ed147cd585e5e8083292683f9be3cf585e97e4d46fa0e3224d24a4e2b42cbbb,f83baf5732ffbf88b9a448a3d9ab9fa270f7495fe44d1559c1ac49795a30881a,canonical_h5_cross_model_6ed147cd_f83baf57_596f1d05ff47
5,3,2023-06-05,2023-06-10,11.12,0,0,0,10.0,10.84147897936342,12.10981093962834,12.090285223220825,0.3684892654418945,0.5013830661773682,0.4220757186412811,0.4953562319278717,6ed147cd585e5e8083292683f9be3cf585e97e4d46fa0e3224d24a4e2b42cbbb,f83baf5732ffbf88b9a448a3d9ab9fa270f7495fe44d1559c1ac49795a30881a,canonical_h5_cross_model_6ed147cd_f83baf57_596f1d05ff47
5,3,2023-06-06,2023-06-11,10.4,0,0,0,13.26,10.863052119106934,12.119237733934147,11.455731913455184,0.4168963730335235,0.4806587398052215,0.4343463778495788,0.4815221428871155,6ed147cd585e5e8083292683f9be3cf585e97e4d46fa0e3224d24a4e2b42cbbb,f83baf5732ffbf88b9a448a3d9ab9fa270f7495fe44d1559c1ac49795a30881a,canonical_h5_cross_model_6ed147cd_f83baf57_596f1d05ff47
5,3,2023-06-07,2023-06-12,11.4,0,0,0,12.56,11.068775933298886,12.27119923356762,11.137183152337592,0.3552215695381164,0.4897057712078094,0.4332217872142792,0.5045038461685181,6ed147cd585e5e8083292683f9be3cf585e97e4d46fa0e3224d24a4e2b42cbbb,f83baf5732ffbf88b9a448a3d9ab9fa270f7495fe44d1559c1ac49795a30881a,canonical_h5_cross_model_6ed147cd_f83baf57_596f1d05ff47
5,3,2023-06-08,2023-06-13,13.16,0,0,0,13.64,11.130047346947755,12.284432880167111,11.246534560233412,0.3144731819629669,0.5094369053840637,0.4268937408924103,0.5136840343475342,6ed147cd585e5e8083292683f9be3cf585e97e4d46fa0e3224d24a4e2b42cbbb,f83baf5732ffbf88b9a448a3d9ab9fa270f7495fe44d1559c1ac49795a30881a,canonical_h5_cross_model_6ed147cd_f83baf57_596f1d05ff47
5,3,2023-06-09,2023-06-14,16.86,1,1,0,15.85,11.43310816128195,12.361970794824622,11.570143986672262,0.3018938302993774,0.5305671691894531,0.4246145486831665,0.5239527225494385,6ed147cd585e5e8083292683f9be3cf585e97e4d46fa0e3224d24a4e2b42cbbb,f83baf5732ffbf88b9a448a3d9ab9fa270f7495fe44d1559c1ac49795a30881a,canonical_h5_cross_model_6ed147cd_f83baf57_596f1d05ff47
5,3,2023-06-10,2023-06-15,10.78,0,0,0,11.12,11.915794041799709,12.525085187630514,11.498874724351882,0.2475828826427459,0.4938627183437347,0.4455631375312805,0.5161541104316711,6ed147cd585e5e8083292683f9be3cf585e97e4d46fa0e3224d24a4e2b42cbbb,f83baf5732ffbf88b9a448a3d9ab9fa270f7495fe44d1559c1ac49795a30881a,canonical_h5_cross_model_6ed147cd_f83baf57_596f1d05ff47
5,3,2023-06-11,2023-06-16,14.09,0,0,0,10.4,11.312597162909828,12.33428785275843,11.247648119840749,0.3622844219207763,0.4895838499069214,0.447519302368164,0.4797734320163727,6ed147cd585e5e8083292683f9be3cf585e97e4d46fa0e3224d24a4e2b42cbbb,f83baf5732ffbf88b9a448a3d9ab9fa270f7495fe44d1559c1ac49795a30881a,canonical_h5_cross_model_6ed147cd_f83baf57_596f1d05ff47
5,3,2023-06-12,2023-06-17,11.4,0,0,0,11.4,10.952641950907497,12.31290013955701,10.925225789544642,0.2871818840503692,0.4942421615123749,0.4491951465606689,0.5059894919395447,6ed147cd585e5e8083292683f9be3cf585e97e4d46fa0e3224d24a4e2b42cbbb,f83baf5732ffbf88b9a448a3d9ab9fa270f7495fe44d1559c1ac49795a30881a,canonical_h5_cross_model_6ed147cd_f83baf57_596f1d05ff47
5,3,2023-06-13,2023-06-18,10.92,0,0,0,13.16,11.09744528514635,12.370457701653804,10.33208610384815,0.3580211400985718,0.5119685530662537,0.4438905417919159,0.4987351894378662,6ed147cd585e5e8083292683f9be3cf585e97e4d46fa0e3224d24a4e2b42cbbb,f83baf5732ffbf88b9a448a3d9ab9fa270f7495fe44d1559c1ac49795a30881a,canonical_h5_cross_model_6ed147cd_f83baf57_596f1d05ff47
5,3,2023-06-14,2023-06-19,14.32,0,0,0,16.86,11.534493443080894,12.446999523152778,11.119623044619656,0.3706472218036651,0.5264378190040588,0.4481872618198395,0.5082980394363403,6ed147cd585e5e8083292683f9be3cf585e97e4d46fa0e3224d24a4e2b42cbbb,f83baf5732ffbf88b9a448a3d9ab9fa270f7495fe44d1559c1ac49795a30881a,canonical_h5_cross_model_6ed147cd_f83baf57_596f1d05ff47
5,3,2023-06-15,2023-06-20,13.18,0,0,0,10.78,12.269289108841416,12.652379162690483,10.13130253960144,0.2729943096637726,0.5421242117881775,0.4720316231250763,0.5492706894874573,6ed147cd585e5e8083292683f9be3cf585e97e4d46fa0e3224d24a4e2b42cbbb,f83baf5732ffbf88b9a448a3d9ab9fa270f7495fe44d1559c1ac49795a30881a,canonical_h5_cross_model_6ed147cd_f83baf57_596f1d05ff47
5,3,2023-06-16,2023-06-21,17.48,1,1,1,14.09,11.07333698389674,12.355145036616818,10.194853073118113,0.2552467882633209,0.5107023119926453,0.4508922100067138,0.5298629999160767,6ed147cd585e5e8083292683f9be3cf585e97e4d46fa0e3224d24a4e2b42cbbb,f83baf5732ffbf88b9a448a3d9ab9fa270f7495fe44d1559c1ac49795a30881a,canonical_h5_cross_model_6ed147cd_f83baf57_596f1d05ff47
5,3,2023-06-17,2023-06-22,11.56,0,0,0,11.4,11.696737142771156,12.484094840980724,10.932872079429972,0.2471263706684112,0.5333681702613831,0.4683819711208343,0.5363720655441284,6ed147cd585e5e8083292683f9be3cf585e97e4d46fa0e3224d24a4e2b42cbbb,f83baf5732ffbf88b9a448a3d9ab9fa270f7495fe44d1559c1ac49795a30881a,canonical_h5_cross_model_6ed147cd_f83baf57_596f1d05ff47
5,3,2023-06-18,2023-06-23,16.33,1,1,0,10.92,11.333765762425765,12.367554285538445,10.014600958575716,0.3736470937728882,0.5262415409088135,0.4408546984195709,0.4978571236133575,6ed147cd585e5e8083292683f9be3cf585e97e4d46fa0e3224d24a4e2b42cbbb,f83baf5732ffbf88b9a448a3d9ab9fa270f7495fe44d1559c1ac49795a30881a,canonical_h5_cross_model_6ed147cd_f83baf57_596f1d05ff47
5,3,2023-06-19,2023-06-24,11.51,0,0,0,14.32,11.54224657863031,12.351148789480176,10.614422149254471,0.3038990795612335,0.5447816848754883,0.4659952521324157,0.5122055411338806,6ed147cd585e5e8083292683f9be3cf585e97e4d46fa0e3224d24a4e2b42cbbb,f83baf5732ffbf88b9a448a3d9ab9fa270f7495fe44d1559c1ac49795a30881a,canonical_h5_cross_model_6ed147cd_f83baf57_596f1d05ff47
5,3,2023-06-20,2023-06-25,12.68,0,0,0,13.18,12.097181561636962,12.52986553935939,10.789330770644586,0.2231942117214203,0.5280271768569946,0.4605515897274017,0.542584240436554,6ed147cd585e5e8083292683f9be3cf585e97e4d46fa0e3224d24a4e2b42cbbb,f83baf5732ffbf88b9a448a3d9ab9fa270f7495fe44d1559c1ac49795a30881a,canonical_h5_cross_model_6ed147cd_f83baf57_596f1d05ff47
5,3,2023-06-21,2023-06-26,12.26,0,0,0,17.48,11.997666408784488,12.479413577025827,10.346010914365008,0.275534063577652,0.5306788086891174,0.4423744082450866,0.5344250798225403,6ed147cd585e5e8083292683f9be3cf585e97e4d46fa0e3224d24a4e2b42cbbb,f83baf5732ffbf88b9a448a3d9ab9fa270f7495fe44d1559c1ac49795a30881a,canonical_h5_cross_model_6ed147cd_f83baf57_596f1d05ff47
5,3,2023-06-22,2023-06-27,11.74,0,0,0,11.56,12.700778845165368,12.675510885010857,10.54138501359938,0.2322235405445099,0.5472360849380493,0.4819347262382507,0.5641173720359802,6ed147cd585e5e8083292683f9be3cf585e97e4d46fa0e3224d24a4e2b42cbbb,f83baf5732ffbf88b9a448a3d9ab9fa270f7495fe44d1559c1ac49795a30881a,canonical_h5_cross_model_6ed147cd_f83baf57_596f1d05ff47
5,3,2023-06-23,2023-06-28,8.82,0,0,0,16.33,11.908725030420038,12.421054050051604,9.651673340736984,0.2564378678798675,0.5170871615409851,0.4555595517158508,0.5299295783042908,6ed147cd585e5e8083292683f9be3cf585e97e4d46fa0e3224d24a4e2b42cbbb,f83baf5732ffbf88b9a448a3d9ab9fa270f7495fe44d1559c1ac49795a30881a,canonical_h5_cross_model_6ed147cd_f83baf57_596f1d05ff47
5,3,2023-06-24,2023-06-29,10.62,0,0,0,11.51,12.52833191691552,12.65381172100999,10.674887242428843,0.1950816810131073,0.554096519947052,0.5161543488502502,0.554579496383667,6ed147cd585e5e8083292683f9be3cf585e97e4d46fa0e3224d24a4e2b42cbbb,f83baf5732ffbf88b9a448a3d9ab9fa270f7495fe44d1559c1ac49795a30881a,canonical_h5_cross_model_6ed147cd_f83baf57_596f1d05ff47
5,3,2023-06-25,2023-06-30,9.68,0,0,0,12.68,11.290752384301353,12.441510830855355,10.229215539283231,0.2927252352237701,0.5451074838638306,0.447521299123764,0.5354234576225281,6ed147cd585e5e8083292683f9be3cf585e97e4d46fa0e3224d24a4e2b42cbbb,f83baf5732ffbf88b9a448a3d9ab9fa270f7495fe44d1559c1ac49795a30881a,canonical_h5_cross_model_6ed147cd_f83baf57_596f1d05ff47
5,3,2023-06-26,2023-07-01,10.07,0,0,0,12.26,11.353799302656732,12.510351323827836,10.63017829802046,0.2654463350772857,0.5777751803398132,0.4414562284946441,0.5637664794921875,6ed147cd585e5e8083292683f9be3cf585e97e4d46fa0e3224d24a4e2b42cbbb,f83baf5732ffbf88b9a448a3d9ab9fa270f7495fe44d1559c1ac49795a30881a,canonical_h5_cross_model_6ed147cd_f83baf57_596f1d05ff47
5,3,2023-06-27,2023-07-02,9.04,0,0,0,11.74,12.255027996349437,12.471543020439746,9.983294815284486,0.2368028461933136,0.4876928627490997,0.4373466968536377,0.5212104916572571,6ed147cd585e5e8083292683f9be3cf585e97e4d46fa0e3224d24a4e2b42cbbb,f83baf5732ffbf88b9a448a3d9ab9fa270f7495fe44d1559c1ac49795a30881a,canonical_h5_cross_model_6ed147cd_f83baf57_596f1d05ff47
5,3,2023-06-28,2023-07-03,11.09,0,0,0,8.82,11.654977634514848,12.434388032475193,10.401985400640864,0.2820873856544494,0.5496889352798462,0.4406100809574127,0.5401169657707214,6ed147cd585e5e8083292683f9be3cf585e97e4d46fa0e3224d24a4e2b42cbbb,f83baf5732ffbf88b9a448a3d9ab9fa270f7495fe44d1559c1ac49795a30881a,canonical_h5_cross_model_6ed147cd_f83baf57_596f1d05ff47
5,3,2023-06-29,2023-07-04,11.9,0,0,0,10.62,11.064519107123823,12.220527671189055,10.219443427369216,0.2878838777542114,0.5014889240264893,0.4118833243846893,0.5113973617553711,6ed147cd585e5e8083292683f9be3cf585e97e4d46fa0e3224d24a4e2b42cbbb,f83baf5732ffbf88b9a448a3d9ab9fa270f7495fe44d1559c1ac49795a30881a,canonical_h5_cross_model_6ed147cd_f83baf57_596f1d05ff47
5,3,2023-06-30,2023-07-05,13.57,0,0,0,9.68,11.342745071512171,12.29093445047107,10.730800031669904,0.1981405317783355,0.5002670884132385,0.4263630509376526,0.5168063044548035,6ed147cd585e5e8083292683f9be3cf585e97e4d46fa0e3224d24a4e2b42cbbb,f83baf5732ffbf88b9a448a3d9ab9fa270f7495fe44d1559c1ac49795a30881a,canonical_h5_cross_model_6ed147cd_f83baf57_596f1d05ff47
5,3,2023-07-01,2023-07-06,11.6,0,0,0,10.07,11.54947963969172,12.184348607430495,10.918617861930374,0.3139374256134033,0.4872583150863647,0.4156435430049896,0.4774051904678345,6ed147cd585e5e8083292683f9be3cf585e97e4d46fa0e3224d24a4e2b42cbbb,f83baf5732ffbf88b9a448a3d9ab9fa270f7495fe44d1559c1ac49795a30881a,canonical_h5_cross_model_6ed147cd_f83baf57_596f1d05ff47
5,3,2023-07-02,2023-07-07,13.75,0,0,0,9.04,11.487585857482411,12.187529473676408,10.831903189434009,0.261661022901535,0.4944091141223907,0.4315447211265564,0.482570618391037,6ed147cd585e5e8083292683f9be3cf585e97e4d46fa0e3224d24a4e2b42cbbb,f83baf5732ffbf88b9a448a3d9ab9fa270f7495fe44d1559c1ac49795a30881a,canonical_h5_cross_model_6ed147cd_f83baf57_596f1d05ff47
5,3,2023-07-03,2023-07-08,11.11,0,0,0,11.09,11.335555180191005,12.106411769311704,10.75309553572199,0.284350723028183,0.4684791266918182,0.4085243046283722,0.4628424346446991,6ed147cd585e5e8083292683f9be3cf585e97e4d46fa0e3224d24a4e2b42cbbb,f83baf5732ffbf88b9a448a3d9ab9fa270f7495fe44d1559c1ac49795a30881a,canonical_h5_cross_model_6ed147cd_f83baf57_596f1d05ff47
5,3,2023-07-04,2023-07-09,10.33,0,0,0,11.9,11.440402773737167,12.185708445371748,10.62180957180516,0.277141273021698,0.4895263612270355,0.4342765808105469,0.4815510213375091,6ed147cd585e5e8083292683f9be3cf585e97e4d46fa0e3224d24a4e2b42cbbb,f83baf5732ffbf88b9a448a3d9ab9fa270f7495fe44d1559c1ac49795a30881a,canonical_h5_cross_model_6ed147cd_f83baf57_596f1d05ff47
5,3,2023-07-05,2023-07-10,11.28,0,0,0,13.57,11.291159426213335,12.223161983368096,10.213476378356493,0.3511293530464172,0.4762186110019684,0.4014292657375335,0.4853846728801727,6ed147cd585e5e8083292683f9be3cf585e97e4d46fa0e3224d24a4e2b42cbbb,f83baf5732ffbf88b9a448a3d9ab9fa270f7495fe44d1559c1ac49795a30881a,canonical_h5_cross_model_6ed147cd_f83baf57_596f1d05ff47
5,3,2023-07-06,2023-07-11,11.04,0,0,0,11.6,12.081333072475507,12.3435311093658,11.813543100268816,0.2591946423053741,0.4914995729923248,0.4093480408191681,0.4962742626667022,6ed147cd585e5e8083292683f9be3cf585e97e4d46fa0e3224d24a4e2b42cbbb,f83baf5732ffbf88b9a448a3d9ab9fa270f7495fe44d1559c1ac49795a30881a,canonical_h5_cross_model_6ed147cd_f83baf57_596f1d05ff47
5,3,2023-07-07,2023-07-12,13.0,0,0,0,13.75,11.442961825937148,12.26604727818401,11.168195303945124,0.2903331816196441,0.4941625595092773,0.3594830930233001,0.5291235446929932,6ed147cd585e5e8083292683f9be3cf585e97e4d46fa0e3224d24a4e2b42cbbb,f83baf5732ffbf88b9a448a3d9ab9fa270f7495fe44d1559c1ac49795a30881a,canonical_h5_cross_model_6ed147cd_f83baf57_596f1d05ff47
5,3,2023-07-08,2023-07-13,12.89,0,0,0,11.11,12.330574400793134,12.401045850012622,11.476749971348022,0.1928900182247162,0.4900347590446472,0.4239421486854553,0.516790509223938,6ed147cd585e5e8083292683f9be3cf585e97e4d46fa0e3224d24a4e2b42cbbb,f83baf5732ffbf88b9a448a3d9ab9fa270f7495fe44d1559c1ac49795a30881a,canonical_h5_cross_model_6ed147cd_f83baf57_596f1d05ff47
5,3,2023-07-09,2023-07-14,14.05,0,0,0,10.33,11.900686324364308,12.2945456359539,11.060661682612585,0.2749361991882324,0.4715223014354706,0.4054107367992401,0.4964675605297088,6ed147cd585e5e8083292683f9be3cf585e97e4d46fa0e3224d24a4e2b42cbbb,f83baf5732ffbf88b9a448a3d9ab9fa270f7495fe44d1559c1ac49795a30881a,canonical_h5_cross_model_6ed147cd_f83baf57_596f1d05ff47
5,3,2023-07-10,2023-07-15,11.64,0,0,0,11.28,11.427542410342328,12.272794436582968,10.538541514632028,0.2485727667808532,0.4834877848625183,0.4168903827667236,0.4918209314346313,6ed147cd585e5e8083292683f9be3cf585e97e4d46fa0e3224d24a4e2b42cbbb,f83baf5732ffbf88b9a448a3d9ab9fa270f7495fe44d1559c1ac49795a30881a,canonical_h5_cross_model_6ed147cd_f83baf57_596f1d05ff47
5,3,2023-07-11,2023-07-16,14.52,0,0,0,11.04,11.39016280984666,12.316849898125469,10.606943720742962,0.3052240312099457,0.4696967899799347,0.3970919847488403,0.5071089267730713,6ed147cd585e5e8083292683f9be3cf585e97e4d46fa0e3224d24a4e2b42cbbb,f83baf5732ffbf88b9a448a3d9ab9fa270f7495fe44d1559c1ac49795a30881a,canonical_h5_cross_model_6ed147cd_f83baf57_596f1d05ff47
5,3,2023-07-12,2023-07-17,12.22,0,0,0,13.0,11.461713842516597,12.29801865352726,10.65906987514113,0.2517983615398407,0.4986942708492279,0.4147640168666839,0.5008553862571716,6ed147cd585e5e8083292683f9be3cf585e97e4d46fa0e3224d24a4e2b42cbbb,f83baf5732ffbf88b9a448a3d9ab9fa270f7495fe44d1559c1ac49795a30881a,canonical_h5_cross_model_6ed147cd_f83baf57_596f1d05ff47
5,3,2023-07-13,2023-07-18,11.69,0,0,0,12.89,11.453418279078674,12.379368843544388,11.056023437547315,0.2056082487106323,0.5105903148651123,0.3954122364521026,0.5291879773139954,6ed147cd585e5e8083292683f9be3cf585e97e4d46fa0e3224d24a4e2b42cbbb,f83baf5732ffbf88b9a448a3d9ab9fa270f7495fe44d1559c1ac49795a30881a,canonical_h5_cross_model_6ed147cd_f83baf57_596f1d05ff47
5,3,2023-07-14,2023-07-19,12.58,0,0,0,14.05,11.47688016767673,12.387334750841164,10.869631953018752,0.2019042074680328,0.493389368057251,0.4150524139404297,0.5304702520370483,6ed147cd585e5e8083292683f9be3cf585e97e4d46fa0e3224d24a4e2b42cbbb,f83baf5732ffbf88b9a448a3d9ab9fa270f7495fe44d1559c1ac49795a30881a,canonical_h5_cross_model_6ed147cd_f83baf57_596f1d05ff47
5,3,2023-07-15,2023-07-20,11.8,0,0,0,11.64,11.725962460717351,12.44183134132766,10.712590772529474,0.2294643223285675,0.4986694753170013,0.4246039390563965,0.5288019776344299,6ed147cd585e5e8083292683f9be3cf585e97e4d46fa0e3224d24a4e2b42cbbb,f83baf5732ffbf88b9a448a3d9ab9fa270f7495fe44d1559c1ac49795a30881a,canonical_h5_cross_model_6ed147cd_f83baf57_596f1d05ff47
5,3,2023-07-16,2023-07-21,13.08,0,0,0,14.52,11.01092582313612,12.340655972025974,10.766126668611763,0.3805044889450073,0.5133573412895203,0.3617017567157745,0.5586908459663391,6ed147cd585e5e8083292683f9be3cf585e97e4d46fa0e3224d24a4e2b42cbbb,f83baf5732ffbf88b9a448a3d9ab9fa270f7495fe44d1559c1ac49795a30881a,canonical_h5_cross_model_6ed147cd_f83baf57_596f1d05ff47
5,3,2023-07-17,2023-07-22,11.95,0,0,0,12.22,12.13456407102893,12.509293290808603,11.409230799369617,0.297067791223526,0.5110639929771423,0.3999816179275512,0.5562955141067505,6ed147cd585e5e8083292683f9be3cf585e97e4d46fa0e3224d24a4e2b42cbbb,f83baf5732ffbf88b9a448a3d9ab9fa270f7495fe44d1559c1ac49795a30881a,canonical_h5_cross_model_6ed147cd_f83baf57_596f1d05ff47
5,3,2023-07-18,2023-07-23,12.14,0,0,0,11.69,11.32747889819204,12.417027870723444,11.0544813297358,0.4388238191604614,0.5071598291397095,0.343280553817749,0.5857147574424744,6ed147cd585e5e8083292683f9be3cf585e97e4d46fa0e3224d24a4e2b42cbbb,f83baf5732ffbf88b9a448a3d9ab9fa270f7495fe44d1559c1ac49795a30881a,canonical_h5_cross_model_6ed147cd_f83baf57_596f1d05ff47
5,3,2023-07-19,2023-07-24,12.48,0,0,0,12.58,12.096611911752523,12.400252802326731,11.174627477819888,0.3545052409172058,0.480433315038681,0.375699907541275,0.5561102032661438,6ed147cd585e5e8083292683f9be3cf585e97e4d46fa0e3224d24a4e2b42cbbb,f83baf5732ffbf88b9a448a3d9ab9fa270f7495fe44d1559c1ac49795a30881a,canonical_h5_cross_model_6ed147cd_f83baf57_596f1d05ff47
5,3,2023-07-20,2023-07-25,12.38444827,0,0,0,11.8,12.162290106988657,12.435862359851662,11.657405081603136,0.3453064858913421,0.4666476845741272,0.3789657950401306,0.525394856929779,6ed147cd585e5e8083292683f9be3cf585e97e4d46fa0e3224d24a4e2b42cbbb,f83baf5732ffbf88b9a448a3d9ab9fa270f7495fe44d1559c1ac49795a30881a,canonical_h5_cross_model_6ed147cd_f83baf57_596f1d05ff47
5,3,2023-07-21,2023-07-26,12.41967703,0,0,0,13.08,11.671038084100934,12.391062168439374,10.68871494152572,0.3661103546619415,0.475307285785675,0.4215098619461059,0.4872832298278808,6ed147cd585e5e8083292683f9be3cf585e97e4d46fa0e3224d24a4e2b42cbbb,f83baf5732ffbf88b9a448a3d9ab9fa270f7495fe44d1559c1ac49795a30881a,canonical_h5_cross_model_6ed147cd_f83baf57_596f1d05ff47
5,3,2023-07-22,2023-07-27,12.43934362,0,0,0,11.95,11.927203589332642,12.438587908159509,12.120333359226048,0.3691855370998382,0.4726698398590088,0.4282285571098327,0.4943750202655792,6ed147cd585e5e8083292683f9be3cf585e97e4d46fa0e3224d24a4e2b42cbbb,f83baf5732ffbf88b9a448a3d9ab9fa270f7495fe44d1559c1ac49795a30881a,canonical_h5_cross_model_6ed147cd_f83baf57_596f1d05ff47
5,3,2023-07-23,2023-07-28,12.31367128,0,0,0,12.14,11.454726953555666,12.392019564417614,11.503007444090423,0.3534996211528778,0.4813821613788605,0.4219852685928345,0.4942942261695862,6ed147cd585e5e8083292683f9be3cf585e97e4d46fa0e3224d24a4e2b42cbbb,f83baf5732ffbf88b9a448a3d9ab9fa270f7495fe44d1559c1ac49795a30881a,canonical_h5_cross_model_6ed147cd_f83baf57_596f1d05ff47
5,3,2023-07-24,2023-07-29,12.47,0,0,0,12.48,11.461930803348055,12.377582102160128,12.094579000041769,0.4185215532779693,0.4828434884548187,0.412905752658844,0.4935418367385864,6ed147cd585e5e8083292683f9be3cf585e97e4d46fa0e3224d24a4e2b42cbbb,f83baf5732ffbf88b9a448a3d9ab9fa270f7495fe44d1559c1ac49795a30881a,canonical_h5_cross_model_6ed147cd_f83baf57_596f1d05ff47
5,3,2023-07-25,2023-07-30,12.85,0,0,0,12.38444827,11.45271015787721,12.395594432412295,11.929993837587652,0.4623247683048248,0.5025938153266907,0.4192833602428436,0.5088369250297546,6ed147cd585e5e8083292683f9be3cf585e97e4d46fa0e3224d24a4e2b42cbbb,f83baf5732ffbf88b9a448a3d9ab9fa270f7495fe44d1559c1ac49795a30881a,canonical_h5_cross_model_6ed147cd_f83baf57_596f1d05ff47
5,3,2023-07-26,2023-07-31,12.04,0,0,0,12.41967703,11.446269150918914,12.398600613058727,10.998974456497086,0.4966725409030914,0.4915689826011657,0.4172626435756683,0.5036672949790955,6ed147cd585e5e8083292683f9be3cf585e97e4d46fa0e3224d24a4e2b42cbbb,f83baf5732ffbf88b9a448a3d9ab9fa270f7495fe44d1559c1ac49795a30881a,canonical_h5_cross_model_6ed147cd_f83baf57_596f1d05ff47
5,3,2023-07-27,2023-08-01,12.85,0,0,0,12.43934362,11.427268640731768,12.399058091921262,10.912622203239607,0.4926802217960357,0.4936537146568298,0.4190828502178192,0.4973848760128021,6ed147cd585e5e8083292683f9be3cf585e97e4d46fa0e3224d24a4e2b42cbbb,f83baf5732ffbf88b9a448a3d9ab9fa270f7495fe44d1559c1ac49795a30881a,canonical_h5_cross_model_6ed147cd_f83baf57_596f1d05ff47
5,3,2023-07-28,2023-08-02,16.85,1,1,0,12.31367128,11.439614931801522,12.406658248887306,10.825420978336188,0.4933162629604339,0.4906507730484009,0.416299819946289,0.5015526413917542,6ed147cd585e5e8083292683f9be3cf585e97e4d46fa0e3224d24a4e2b42cbbb,f83baf5732ffbf88b9a448a3d9ab9fa270f7495fe44d1559c1ac49795a30881a,canonical_h5_cross_model_6ed147cd_f83baf57_596f1d05ff47
5,3,2023-07-29,2023-08-03,16.13,1,1,0,12.47,11.456526668576693,12.394110857870595,10.954572340095549,0.5519623756408691,0.5042279958724976,0.4121778905391693,0.5065683722496033,6ed147cd585e5e8083292683f9be3cf585e97e4d46fa0e3224d24a4e2b42cbbb,f83baf5732ffbf88b9a448a3d9ab9fa270f7495fe44d1559c1ac49795a30881a,canonical_h5_cross_model_6ed147cd_f83baf57_596f1d05ff47
5,3,2023-07-30,2023-08-04,14.14,0,0,0,12.85,11.54857870833546,12.406625412543258,10.954572340095549,0.4957813322544098,0.4961233139038086,0.4233406186103821,0.5137986540794373,6ed147cd585e5e8083292683f9be3cf585e97e4d46fa0e3224d24a4e2b42cbbb,f83baf5732ffbf88b9a448a3d9ab9fa270f7495fe44d1559c1ac49795a30881a,canonical_h5_cross_model_6ed147cd_f83baf57_596f1d05ff47
5,3,2023-07-31,2023-08-05,15.94,1,0,0,12.04,11.869019282873488,12.430908829469582,11.221466116814662,0.4991227686405182,0.5044483542442322,0.4286998212337494,0.518019437789917,6ed147cd585e5e8083292683f9be3cf585e97e4d46fa0e3224d24a4e2b42cbbb,f83baf5732ffbf88b9a448a3d9ab9fa270f7495fe44d1559c1ac49795a30881a,canonical_h5_cross_model_6ed147cd_f83baf57_596f1d05ff47
5,3,2023-08-01,2023-08-06,15.74,1,0,0,12.85,11.620551317465864,12.391326263340911,11.383640562340176,0.4461890757083893,0.5050089359283447,0.4148493111133575,0.5372368097305298,6ed147cd585e5e8083292683f9be3cf585e97e4d46fa0e3224d24a4e2b42cbbb,f83baf5732ffbf88b9a448a3d9ab9fa270f7495fe44d1559c1ac49795a30881a,canonical_h5_cross_model_6ed147cd_f83baf57_596f1d05ff47
5,3,2023-08-02,2023-08-07,15.48,1,0,0,16.85,11.829268647307073,12.432278102294612,11.394690229697543,0.4467058479785919,0.5018607378005981,0.4283466935157776,0.5318988561630249,6ed147cd585e5e8083292683f9be3cf585e97e4d46fa0e3224d24a4e2b42cbbb,f83baf5732ffbf88b9a448a3d9ab9fa270f7495fe44d1559c1ac49795a30881a,canonical_h5_cross_model_6ed147cd_f83baf57_596f1d05ff47
5,3,2023-08-03,2023-08-08,14.32,0,0,0,16.13,12.457641452286598,12.653113668102232,11.640045679292806,0.5127463340759277,0.5320135951042175,0.4505611956119537,0.5626497864723206,6ed147cd585e5e8083292683f9be3cf585e97e4d46fa0e3224d24a4e2b42cbbb,f83baf5732ffbf88b9a448a3d9ab9fa270f7495fe44d1559c1ac49795a30881a,canonical_h5_cross_model_6ed147cd_f83baf57_596f1d05ff47
5,3,2023-08-04,2023-08-09,15.96,1,0,0,14.14,12.44409390034037,12.657923679599286,11.897782466085276,0.4686885178089142,0.5341211557388306,0.4642019271850586,0.5589860081672668,6ed147cd585e5e8083292683f9be3cf585e97e4d46fa0e3224d24a4e2b42cbbb,f83baf5732ffbf88b9a448a3d9ab9fa270f7495fe44d1559c1ac49795a30881a,canonical_h5_cross_model_6ed147cd_f83baf57_596f1d05ff47
5,3,2023-08-05,2023-08-10,10.21,0,0,0,15.94,12.161469004985126,12.588347989125044,12.07006167321627,0.4261176288127899,0.5305784344673157,0.462001234292984,0.554756224155426,6ed147cd585e5e8083292683f9be3cf585e97e4d46fa0e3224d24a4e2b42cbbb,f83baf5732ffbf88b9a448a3d9ab9fa270f7495fe44d1559c1ac49795a30881a,canonical_h5_cross_model_6ed147cd_f83baf57_596f1d05ff47
5,3,2023-08-06,2023-08-11,9.23,0,0,0,15.74,12.43121528291922,12.702519882020477,11.830237603527657,0.447055846452713,0.5469467639923096,0.4728967845439911,0.5632230639457703,6ed147cd585e5e8083292683f9be3cf585e97e4d46fa0e3224d24a4e2b42cbbb,f83baf5732ffbf88b9a448a3d9ab9fa270f7495fe44d1559c1ac49795a30881a,canonical_h5_cross_model_6ed147cd_f83baf57_596f1d05ff47
5,3,2023-08-07,2023-08-12,13.1,0,0,0,15.48,12.663823416540389,12.72255960067698,12.096296163479703,0.4973894655704498,0.5538082718849182,0.4881204664707184,0.5472683906555176,6ed147cd585e5e8083292683f9be3cf585e97e4d46fa0e3224d24a4e2b42cbbb,f83baf5732ffbf88b9a448a3d9ab9fa270f7495fe44d1559c1ac49795a30881a,canonical_h5_cross_model_6ed147cd_f83baf57_596f1d05ff47
5,3,2023-08-08,2023-08-13,12.5,0,0,0,14.32,12.911862134208828,12.745334673517352,11.909313294704864,0.5103033185005188,0.5586835741996765,0.4893398284912109,0.5670125484466553,6ed147cd585e5e8083292683f9be3cf585e97e4d46fa0e3224d24a4e2b42cbbb,f83baf5732ffbf88b9a448a3d9ab9fa270f7495fe44d1559c1ac49795a30881a,canonical_h5_cross_model_6ed147cd_f83baf57_596f1d05ff47
5,3,2023-08-09,2023-08-14,13.28,0,0,0,15.96,12.294472883510466,12.70905968067238,12.565834008793487,0.4777231514453888,0.5532757043838501,0.4401581585407257,0.6028366088867188,6ed147cd585e5e8083292683f9be3cf585e97e4d46fa0e3224d24a4e2b42cbbb,f83baf5732ffbf88b9a448a3d9ab9fa270f7495fe44d1559c1ac49795a30881a,canonical_h5_cross_model_6ed147cd_f83baf57_596f1d05ff47
5,3,2023-08-10,2023-08-15,11.7,0,0,0,10.21,11.38848156356732,12.773613031249257,12.453613991456994,0.6814603209495544,0.5812214612960815,0.3591203093528747,0.6531727910041809,6ed147cd585e5e8083292683f9be3cf585e97e4d46fa0e3224d24a4e2b42cbbb,f83baf5732ffbf88b9a448a3d9ab9fa270f7495fe44d1559c1ac49795a30881a,canonical_h5_cross_model_6ed147cd_f83baf57_596f1d05ff47
5,3,2023-08-11,2023-08-16,13.8,0,0,0,9.23,12.64636729593076,12.462096182579137,11.658422249475128,0.6297914385795593,0.4991650283336639,0.3634184598922729,0.6068710088729858,6ed147cd585e5e8083292683f9be3cf585e97e4d46fa0e3224d24a4e2b42cbbb,f83baf5732ffbf88b9a448a3d9ab9fa270f7495fe44d1559c1ac49795a30881a,canonical_h5_cross_model_6ed147cd_f83baf57_596f1d05ff47
5,3,2023-08-12,2023-08-17,12.3,0,0,0,13.1,12.656687421932585,12.371489583120304,11.77042506042626,0.5893148183822632,0.4787495136260986,0.3919491171836853,0.5503954291343689,6ed147cd585e5e8083292683f9be3cf585e97e4d46fa0e3224d24a4e2b42cbbb,f83baf5732ffbf88b9a448a3d9ab9fa270f7495fe44d1559c1ac49795a30881a,canonical_h5_cross_model_6ed147cd_f83baf57_596f1d05ff47
5,3,2023-08-13,2023-08-18,15.82,1,0,0,12.5,12.35212769207626,12.515689673430517,12.056213314656198,0.4921475946903229,0.4908130764961242,0.4666513502597809,0.5026450753211975,6ed147cd585e5e8083292683f9be3cf585e97e4d46fa0e3224d24a4e2b42cbbb,f83baf5732ffbf88b9a448a3d9ab9fa270f7495fe44d1559c1ac49795a30881a,canonical_h5_cross_model_6ed147cd_f83baf57_596f1d05ff47
5,3,2023-08-14,2023-08-19,11.88,0,0,0,13.28,12.071937970586784,12.458241249066106,11.764204547761736,0.438122034072876,0.4888094663619995,0.4661683440208435,0.4842634499073028,6ed147cd585e5e8083292683f9be3cf585e97e4d46fa0e3224d24a4e2b42cbbb,f83baf5732ffbf88b9a448a3d9ab9fa270f7495fe44d1559c1ac49795a30881a,canonical_h5_cross_model_6ed147cd_f83baf57_596f1d05ff47
5,3,2023-08-15,2023-08-20,11.33,0,0,0,11.7,12.310341875342308,12.472020704454312,12.24002775709699,0.3700082004070282,0.5036749243736267,0.4603190124034881,0.4934761524200439,6ed147cd585e5e8083292683f9be3cf585e97e4d46fa0e3224d24a4e2b42cbbb,f83baf5732ffbf88b9a448a3d9ab9fa270f7495fe44d1559c1ac49795a30881a,canonical_h5_cross_model_6ed147cd_f83baf57_596f1d05ff47
5,3,2023-08-16,2023-08-21,12.73,0,0,0,13.8,12.036292373555083,12.377302947761542,11.452373132573896,0.4262009859085083,0.5120351910591125,0.4450911581516266,0.489700585603714,6ed147cd585e5e8083292683f9be3cf585e97e4d46fa0e3224d24a4e2b42cbbb,f83baf5732ffbf88b9a448a3d9ab9fa270f7495fe44d1559c1ac49795a30881a,canonical_h5_cross_model_6ed147cd_f83baf57_596f1d05ff47
5,3,2023-08-17,2023-08-22,13.76,0,0,0,12.3,12.281619164543187,12.449898187433242,11.714971831289532,0.5108230710029602,0.5442585349082947,0.4766327142715454,0.5206582546234131,6ed147cd585e5e8083292683f9be3cf585e97e4d46fa0e3224d24a4e2b42cbbb,f83baf5732ffbf88b9a448a3d9ab9fa270f7495fe44d1559c1ac49795a30881a,canonical_h5_cross_model_6ed147cd_f83baf57_596f1d05ff47
5,3,2023-08-18,2023-08-23,16.6,1,1,0,15.82,11.90907806126819,12.40476899192678,11.590545821037674,0.633274495601654,0.5222375392913818,0.4310969114303589,0.516319215297699,6ed147cd585e5e8083292683f9be3cf585e97e4d46fa0e3224d24a4e2b42cbbb,f83baf5732ffbf88b9a448a3d9ab9fa270f7495fe44d1559c1ac49795a30881a,canonical_h5_cross_model_6ed147cd_f83baf57_596f1d05ff47
5,3,2023-08-19,2023-08-24,14.54,0,0,0,11.88,12.729403628295536,12.625709882415888,12.400404297344304,0.5434373021125793,0.5230435729026794,0.4262226819992065,0.5599956512451172,6ed147cd585e5e8083292683f9be3cf585e97e4d46fa0e3224d24a4e2b42cbbb,f83baf5732ffbf88b9a448a3d9ab9fa270f7495fe44d1559c1ac49795a30881a,canonical_h5_cross_model_6ed147cd_f83baf57_596f1d05ff47
5,3,2023-08-20,2023-08-25,10.69,0,0,0,11.33,12.64367353985076,12.440317888449789,12.0445964428919,0.5011048913002014,0.4950246214866638,0.4105066955089569,0.5398218631744385,6ed147cd585e5e8083292683f9be3cf585e97e4d46fa0e3224d24a4e2b42cbbb,f83baf5732ffbf88b9a448a3d9ab9fa270f7495fe44d1559c1ac49795a30881a,canonical_h5_cross_model_6ed147cd_f83baf57_596f1d05ff47
5,3,2023-08-21,2023-08-26,14.03,0,0,0,12.73,12.330825825575278,12.405402043997832,11.88665539408904,0.4285468459129333,0.5131267309188843,0.4324701130390167,0.5344210863113403,6ed147cd585e5e8083292683f9be3cf585e97e4d46fa0e3224d24a4e2b42cbbb,f83baf5732ffbf88b9a448a3d9ab9fa270f7495fe44d1559c1ac49795a30881a,canonical_h5_cross_model_6ed147cd_f83baf57_596f1d05ff47
5,3,2023-08-22,2023-08-27,14.14,0,0,0,13.76,12.29798283959387,12.462825527241286,11.839937708463207,0.464448481798172,0.5033453106880188,0.4415639638900757,0.5005648732185364,6ed147cd585e5e8083292683f9be3cf585e97e4d46fa0e3224d24a4e2b42cbbb,f83baf5732ffbf88b9a448a3d9ab9fa270f7495fe44d1559c1ac49795a30881a,canonical_h5_cross_model_6ed147cd_f83baf57_596f1d05ff47
5,3,2023-08-23,2023-08-28,14.38,0,0,0,16.6,12.204601035909922,12.52939503093336,11.660902427825064,0.4189780354499817,0.5271085500717163,0.4593846499919891,0.5087493062019348,6ed147cd585e5e8083292683f9be3cf585e97e4d46fa0e3224d24a4e2b42cbbb,f83baf5732ffbf88b9a448a3d9ab9fa270f7495fe44d1559c1ac49795a30881a,canonical_h5_cross_model_6ed147cd_f83baf57_596f1d05ff47
5,3,2023-08-24,2023-08-29,17.3,1,1,1,14.54,11.785935605089122,12.6832822363237,12.66497554706654,0.5690109729766846,0.5284687280654907,0.390190452337265,0.5947436094284058,6ed147cd585e5e8083292683f9be3cf585e97e4d46fa0e3224d24a4e2b42cbbb,f83baf5732ffbf88b9a448a3d9ab9fa270f7495fe44d1559c1ac49795a30881a,canonical_h5_cross_model_6ed147cd_f83baf57_596f1d05ff47
5,3,2023-08-25,2023-08-30,17.08,1,1,1,10.69,12.653299079461425,12.61493150924414,12.19395259667922,0.410839170217514,0.4958766102790832,0.4182437658309936,0.5855919718742371,6ed147cd585e5e8083292683f9be3cf585e97e4d46fa0e3224d24a4e2b42cbbb,f83baf5732ffbf88b9a448a3d9ab9fa270f7495fe44d1559c1ac49795a30881a,canonical_h5_cross_model_6ed147cd_f83baf57_596f1d05ff47
5,3,2023-08-26,2023-08-31,15.88,1,0,0,14.03,12.273610888014437,12.395388553605557,11.868855141064676,0.5648747682571411,0.4715252518653869,0.3982770442962646,0.5690868496894836,6ed147cd585e5e8083292683f9be3cf585e97e4d46fa0e3224d24a4e2b42cbbb,f83baf5732ffbf88b9a448a3d9ab9fa270f7495fe44d1559c1ac49795a30881a,canonical_h5_cross_model_6ed147cd_f83baf57_596f1d05ff47
5,3,2023-08-27,2023-09-01,13.38,0,0,0,14.14,12.154765381376812,12.565079045647398,12.662902747794972,0.5142889618873596,0.5356679558753967,0.4625388383865356,0.5294381380081177,6ed147cd585e5e8083292683f9be3cf585e97e4d46fa0e3224d24a4e2b42cbbb,f83baf5732ffbf88b9a448a3d9ab9fa270f7495fe44d1559c1ac49795a30881a,canonical_h5_cross_model_6ed147cd_f83baf57_596f1d05ff47
5,3,2023-08-28,2023-09-02,12.42,0,0,0,14.38,12.19761215359186,12.598333024032115,12.286577927292836,0.5323626399040222,0.5185304880142212,0.477569580078125,0.5168904066085815,6ed147cd585e5e8083292683f9be3cf585e97e4d46fa0e3224d24a4e2b42cbbb,f83baf5732ffbf88b9a448a3d9ab9fa270f7495fe44d1559c1ac49795a30881a,canonical_h5_cross_model_6ed147cd_f83baf57_596f1d05ff47
5,3,2023-08-29,2023-09-03,12.66,0,0,0,17.3,12.709411921434912,12.626014345060472,12.396600508961184,0.4403512179851532,0.5375187397003174,0.4763563573360443,0.5271341800689697,6ed147cd585e5e8083292683f9be3cf585e97e4d46fa0e3224d24a4e2b42cbbb,f83baf5732ffbf88b9a448a3d9ab9fa270f7495fe44d1559c1ac49795a30881a,canonical_h5_cross_model_6ed147cd_f83baf57_596f1d05ff47
5,3,2023-08-30,2023-09-04,14.93,0,0,0,17.08,13.173593317369702,12.790737695418509,12.247069968685638,0.3878965675830841,0.537265956401825,0.4784418940544128,0.5537537932395935,6ed147cd585e5e8083292683f9be3cf585e97e4d46fa0e3224d24a4e2b42cbbb,f83baf5732ffbf88b9a448a3d9ab9fa270f7495fe44d1559c1ac49795a30881a,canonical_h5_cross_model_6ed147cd_f83baf57_596f1d05ff47
5,3,2023-08-31,2023-09-05,11.88,0,0,0,15.88,13.01203709822305,12.786656628015884,12.377916182745697,0.4586462080478668,0.5528294444084167,0.462024062871933,0.5757423639297485,6ed147cd585e5e8083292683f9be3cf585e97e4d46fa0e3224d24a4e2b42cbbb,f83baf5732ffbf88b9a448a3d9ab9fa270f7495fe44d1559c1ac49795a30881a,canonical_h5_cross_model_6ed147cd_f83baf57_596f1d05ff47
5,3,2023-09-01,2023-09-06,12.06,0,0,0,13.38,13.104286076349966,12.747632986044184,12.690658233739558,0.536851167678833,0.5439544320106506,0.4733864665031433,0.5793287754058838,6ed147cd585e5e8083292683f9be3cf585e97e4d46fa0e3224d24a4e2b42cbbb,f83baf5732ffbf88b9a448a3d9ab9fa270f7495fe44d1559c1ac49795a30881a,canonical_h5_cross_model_6ed147cd_f83baf57_596f1d05ff47
5,3,2023-09-02,2023-09-07,13.74,0,0,0,12.42,12.943787870044916,12.664297430919872,12.412059930278048,0.5661818385124207,0.5363747477531433,0.4669115841388702,0.5779581069946289,6ed147cd585e5e8083292683f9be3cf585e97e4d46fa0e3224d24a4e2b42cbbb,f83baf5732ffbf88b9a448a3d9ab9fa270f7495fe44d1559c1ac49795a30881a,canonical_h5_cross_model_6ed147cd_f83baf57_596f1d05ff47
5,3,2023-09-03,2023-09-08,14.08,0,0,0,12.66,12.63737585181362,12.607085283777742,11.803614393750472,0.5820697546005249,0.5428159832954407,0.4890021979808807,0.5470249056816101,6ed147cd585e5e8083292683f9be3cf585e97e4d46fa0e3224d24a4e2b42cbbb,f83baf5732ffbf88b9a448a3d9ab9fa270f7495fe44d1559c1ac49795a30881a,canonical_h5_cross_model_6ed147cd_f83baf57_596f1d05ff47
5,3,2023-09-04,2023-09-09,12.62,0,0,0,14.93,12.560333540923263,12.604240749270074,12.00680426936774,0.5734895467758179,0.5469922423362732,0.4901228845119476,0.5382468700408936,6ed147cd585e5e8083292683f9be3cf585e97e4d46fa0e3224d24a4e2b42cbbb,f83baf5732ffbf88b9a448a3d9ab9fa270f7495fe44d1559c1ac49795a30881a,canonical_h5_cross_model_6ed147cd_f83baf57_596f1d05ff47
5,3,2023-09-05,2023-09-10,13.06,0,0,0,11.88,12.836121497794794,12.711048234263004,12.25991010167712,0.5682618618011475,0.5481449961662292,0.4909430742263794,0.5508339405059814,6ed147cd585e5e8083292683f9be3cf585e97e4d46fa0e3224d24a4e2b42cbbb,f83baf5732ffbf88b9a448a3d9ab9fa270f7495fe44d1559c1ac49795a30881a,canonical_h5_cross_model_6ed147cd_f83baf57_596f1d05ff47
5,3,2023-09-06,2023-09-11,12.67,0,0,0,12.06,12.247219872669035,12.524171485147791,11.746161198421856,0.510546088218689,0.5372804999351501,0.4793021380901336,0.550642728805542,6ed147cd585e5e8083292683f9be3cf585e97e4d46fa0e3224d24a4e2b42cbbb,f83baf5732ffbf88b9a448a3d9ab9fa270f7495fe44d1559c1ac49795a30881a,canonical_h5_cross_model_6ed147cd_f83baf57_596f1d05ff47
5,3,2023-09-07,2023-09-12,15.7,1,0,0,13.74,12.0784156315108,12.484107613304776,12.121384786224464,0.5128881931304932,0.5508759021759033,0.4824094474315643,0.5778824687004089,6ed147cd585e5e8083292683f9be3cf585e97e4d46fa0e3224d24a4e2b42cbbb,f83baf5732ffbf88b9a448a3d9ab9fa270f7495fe44d1559c1ac49795a30881a,canonical_h5_cross_model_6ed147cd_f83baf57_596f1d05ff47
5,3,2023-09-08,2023-09-13,14.26,0,0,0,14.08,12.586864777821695,12.538552946975663,12.825024588481435,0.5622140765190125,0.5345344543457031,0.4769207239151001,0.5670987963676453,6ed147cd585e5e8083292683f9be3cf585e97e4d46fa0e3224d24a4e2b42cbbb,f83baf5732ffbf88b9a448a3d9ab9fa270f7495fe44d1559c1ac49795a30881a,canonical_h5_cross_model_6ed147cd_f83baf57_596f1d05ff47
5,3,2023-09-09,2023-09-14,12.28,0,0,0,12.62,12.784157846091851,12.561473689625291,13.026603262842103,0.5954349040985107,0.5467663407325745,0.4810243248939514,0.561513364315033,6ed147cd585e5e8083292683f9be3cf585e97e4d46fa0e3224d24a4e2b42cbbb,f83baf5732ffbf88b9a448a3d9ab9fa270f7495fe44d1559c1ac49795a30881a,canonical_h5_cross_model_6ed147cd_f83baf57_596f1d05ff47
5,3,2023-09-10,2023-09-15,12.04,0,0,0,13.06,12.599847936073676,12.499883302175576,13.238955592556186,0.4953415095806122,0.5367857217788696,0.4772189855575561,0.5554754734039307,6ed147cd585e5e8083292683f9be3cf585e97e4d46fa0e3224d24a4e2b42cbbb,f83baf5732ffbf88b9a448a3d9ab9fa270f7495fe44d1559c1ac49795a30881a,canonical_h5_cross_model_6ed147cd_f83baf57_596f1d05ff47
5,3,2023-09-11,2023-09-16,9.19,0,0,0,12.67,12.700633528151604,12.524310645856657,13.007684378882775,0.4823667109012604,0.5264589190483093,0.4817607998847961,0.5604799389839172,6ed147cd585e5e8083292683f9be3cf585e97e4d46fa0e3224d24a4e2b42cbbb,f83baf5732ffbf88b9a448a3d9ab9fa270f7495fe44d1559c1ac49795a30881a,canonical_h5_cross_model_6ed147cd_f83baf57_596f1d05ff47
5,3,2023-09-12,2023-09-17,10.2,0,0,0,15.7,12.608156348183917,12.486033697306404,12.71777540298364,0.5047465562820435,0.5334762334823608,0.4910110235214233,0.534125030040741,6ed147cd585e5e8083292683f9be3cf585e97e4d46fa0e3224d24a4e2b42cbbb,f83baf5732ffbf88b9a448a3d9ab9fa270f7495fe44d1559c1ac49795a30881a,canonical_h5_cross_model_6ed147cd_f83baf57_596f1d05ff47
5,3,2023-09-13,2023-09-18,7.15,0,0,0,14.26,12.729206233277642,12.658473613478462,13.077366377004562,0.5551908612251282,0.5387964248657227,0.4674352407455444,0.5625221133232117,6ed147cd585e5e8083292683f9be3cf585e97e4d46fa0e3224d24a4e2b42cbbb,f83baf5732ffbf88b9a448a3d9ab9fa270f7495fe44d1559c1ac49795a30881a,canonical_h5_cross_model_6ed147cd_f83baf57_596f1d05ff47
5,3,2023-09-14,2023-09-19,12.17,0,0,0,12.28,12.92290831480505,12.617335671804966,12.855399935674011,0.5213189721107483,0.53559809923172,0.4621718823909759,0.5778251886367798,6ed147cd585e5e8083292683f9be3cf585e97e4d46fa0e3224d24a4e2b42cbbb,f83baf5732ffbf88b9a448a3d9ab9fa270f7495fe44d1559c1ac49795a30881a,canonical_h5_cross_model_6ed147cd_f83baf57_596f1d05ff47
5,3,2023-09-15,2023-09-20,11.05,0,0,0,12.04,13.214002317542649,12.516551042169867,13.376293611965329,0.4982335865497589,0.5320037603378296,0.4650171995162964,0.5559489727020264,6ed147cd585e5e8083292683f9be3cf585e97e4d46fa0e3224d24a4e2b42cbbb,f83baf5732ffbf88b9a448a3d9ab9fa270f7495fe44d1559c1ac49795a30881a,canonical_h5_cross_model_6ed147cd_f83baf57_596f1d05ff47
5,3,2023-09-16,2023-09-21,11.64,0,0,0,9.19,12.462930621549193,12.487082606372612,13.42136835914804,0.4304003417491913,0.5443867444992065,0.4476377665996551,0.5604372620582581,6ed147cd585e5e8083292683f9be3cf585e97e4d46fa0e3224d24a4e2b42cbbb,f83baf5732ffbf88b9a448a3d9ab9fa270f7495fe44d1559c1ac49795a30881a,canonical_h5_cross_model_6ed147cd_f83baf57_596f1d05ff47
5,3,2023-09-17,2023-09-22,11.64,0,0,0,10.2,11.712676301263064,12.328569806893295,14.186447540126752,0.4574755728244781,0.523121178150177,0.4163205623626709,0.5521847009658813,6ed147cd585e5e8083292683f9be3cf585e97e4d46fa0e3224d24a4e2b42cbbb,f83baf5732ffbf88b9a448a3d9ab9fa270f7495fe44d1559c1ac49795a30881a,canonical_h5_cross_model_6ed147cd_f83baf57_596f1d05ff47
5,3,2023-09-18,2023-09-23,10.4,0,0,0,7.15,12.715689124508744,12.34639896906872,13.326033921305326,0.3895288407802582,0.5014287233352661,0.4463044106960296,0.5351200699806213,6ed147cd585e5e8083292683f9be3cf585e97e4d46fa0e3224d24a4e2b42cbbb,f83baf5732ffbf88b9a448a3d9ab9fa270f7495fe44d1559c1ac49795a30881a,canonical_h5_cross_model_6ed147cd_f83baf57_596f1d05ff47
5,3,2023-09-19,2023-09-24,9.74,0,0,0,12.17,12.10859062465207,12.158625220579736,13.380038279278676,0.4654195606708526,0.4958685338497162,0.4426809847354889,0.4950658679008484,6ed147cd585e5e8083292683f9be3cf585e97e4d46fa0e3224d24a4e2b42cbbb,f83baf5732ffbf88b9a448a3d9ab9fa270f7495fe44d1559c1ac49795a30881a,canonical_h5_cross_model_6ed147cd_f83baf57_596f1d05ff47
5,3,2023-09-20,2023-09-25,12.97,0,0,0,11.05,11.886965856969256,12.34731977736111,12.947909344748506,0.4100744724273681,0.507256805896759,0.4471254348754883,0.5427380800247192,6ed147cd585e5e8083292683f9be3cf585e97e4d46fa0e3224d24a4e2b42cbbb,f83baf5732ffbf88b9a448a3d9ab9fa270f7495fe44d1559c1ac49795a30881a,canonical_h5_cross_model_6ed147cd_f83baf57_596f1d05ff47
5,3,2023-09-21,2023-09-26,15.56,1,0,0,11.64,11.675160065502611,12.267508854262024,12.748224402521346,0.569507360458374,0.4958972632884979,0.4114828407764435,0.5389661192893982,6ed147cd585e5e8083292683f9be3cf585e97e4d46fa0e3224d24a4e2b42cbbb,f83baf5732ffbf88b9a448a3d9ab9fa270f7495fe44d1559c1ac49795a30881a,canonical_h5_cross_model_6ed147cd_f83baf57_596f1d05ff47
5,3,2023-09-22,2023-09-27,17.56,1,1,1,11.64,12.381850602904958,12.288464114881156,12.76260532568085,0.3470640778541565,0.4865373373031616,0.4310301542282104,0.5502485632896423,6ed147cd585e5e8083292683f9be3cf585e97e4d46fa0e3224d24a4e2b42cbbb,f83baf5732ffbf88b9a448a3d9ab9fa270f7495fe44d1559c1ac49795a30881a,canonical_h5_cross_model_6ed147cd_f83baf57_596f1d05ff47
5,3,2023-09-23,2023-09-28,16.58,1,1,0,10.4,12.28062003804349,12.285665591013233,12.732157210357462,0.4215983748435974,0.4680051207542419,0.421795904636383,0.5250634551048279,6ed147cd585e5e8083292683f9be3cf585e97e4d46fa0e3224d24a4e2b42cbbb,f83baf5732ffbf88b9a448a3d9ab9fa270f7495fe44d1559c1ac49795a30881a,canonical_h5_cross_model_6ed147cd_f83baf57_596f1d05ff47
5,3,2023-09-24,2023-09-29,16.36,1,1,0,9.74,11.472502968772462,12.243743199286262,13.951704820540629,0.444620817899704,0.4643495380878448,0.4379822909832001,0.4950098395347595,6ed147cd585e5e8083292683f9be3cf585e97e4d46fa0e3224d24a4e2b42cbbb,f83baf5732ffbf88b9a448a3d9ab9fa270f7495fe44d1559c1ac49795a30881a,canonical_h5_cross_model_6ed147cd_f83baf57_596f1d05ff47
5,3,2023-09-25,2023-09-30,15.98,1,0,0,12.97,11.601859939751323,12.21116468720623,13.429279580956472,0.595279335975647,0.460661232471466,0.4105931222438812,0.4856404364109039,6ed147cd585e5e8083292683f9be3cf585e97e4d46fa0e3224d24a4e2b42cbbb,f83baf5732ffbf88b9a448a3d9ab9fa270f7495fe44d1559c1ac49795a30881a,canonical_h5_cross_model_6ed147cd_f83baf57_596f1d05ff47
5,3,2023-09-26,2023-10-01,10.13,0,0,0,15.56,12.273667922186494,12.4120460359707,13.437261424761402,0.5190279483795166,0.4940506219863891,0.4394381046295166,0.4930168092250824,6ed147cd585e5e8083292683f9be3cf585e97e4d46fa0e3224d24a4e2b42cbbb,f83baf5732ffbf88b9a448a3d9ab9fa270f7495fe44d1559c1ac49795a30881a,canonical_h5_cross_model_6ed147cd_f83baf57_596f1d05ff47
5,3,2023-09-27,2023-10-02,10.34,0,0,0,17.56,12.994059461093295,12.560871276250328,13.75347564182198,0.5715624690055847,0.5141229629516602,0.4284246563911438,0.5096136331558228,6ed147cd585e5e8083292683f9be3cf585e97e4d46fa0e3224d24a4e2b42cbbb,f83baf5732ffbf88b9a448a3d9ab9fa270f7495fe44d1559c1ac49795a30881a,canonical_h5_cross_model_6ed147cd_f83baf57_596f1d05ff47
5,3,2023-09-28,2023-10-03,15.53,1,0,0,16.58,13.16388687376774,12.71408201337371,13.825965372338905,0.4524357616901397,0.5241531133651733,0.4725437462329864,0.5438658595085144,6ed147cd585e5e8083292683f9be3cf585e97e4d46fa0e3224d24a4e2b42cbbb,f83baf5732ffbf88b9a448a3d9ab9fa270f7495fe44d1559c1ac49795a30881a,canonical_h5_cross_model_6ed147cd_f83baf57_596f1d05ff47
5,3,2023-09-29,2023-10-04,17.11,1,1,1,16.36,13.23741887892082,12.720116713181474,13.569984847286566,0.4973615705966949,0.5153400301933289,0.4780844151973724,0.5401880145072937,6ed147cd585e5e8083292683f9be3cf585e97e4d46fa0e3224d24a4e2b42cbbb,f83baf5732ffbf88b9a448a3d9ab9fa270f7495fe44d1559c1ac49795a30881a,canonical_h5_cross_model_6ed147cd_f83baf57_596f1d05ff47
5,3,2023-09-30,2023-10-05,17.09,1,1,1,15.98,13.298838037290931,12.757625081242994,13.620826529146036,0.4444308578968048,0.5462856888771057,0.5064404606819153,0.5384922623634338,6ed147cd585e5e8083292683f9be3cf585e97e4d46fa0e3224d24a4e2b42cbbb,f83baf5732ffbf88b9a448a3d9ab9fa270f7495fe44d1559c1ac49795a30881a,canonical_h5_cross_model_6ed147cd_f83baf57_596f1d05ff47
5,3,2023-10-01,2023-10-06,14.6,0,0,0,10.13,13.321371355615804,12.796458496102971,14.15652769166401,0.5258185267448425,0.5361161828041077,0.50848788022995,0.5449776649475098,6ed147cd585e5e8083292683f9be3cf585e97e4d46fa0e3224d24a4e2b42cbbb,f83baf5732ffbf88b9a448a3d9ab9fa270f7495fe44d1559c1ac49795a30881a,canonical_h5_cross_model_6ed147cd_f83baf57_596f1d05ff47
5,3,2023-10-02,2023-10-07,15.72,1,0,0,10.34,12.349518965678897,12.5425847759636,13.709335024954068,0.5368952751159668,0.5281360149383545,0.4985643923282623,0.5386046171188354,6ed147cd585e5e8083292683f9be3cf585e97e4d46fa0e3224d24a4e2b42cbbb,f83baf5732ffbf88b9a448a3d9ab9fa270f7495fe44d1559c1ac49795a30881a,canonical_h5_cross_model_6ed147cd_f83baf57_596f1d05ff47
5,3,2023-10-03,2023-10-08,16.32,1,1,0,15.53,12.352671001893077,12.527298440620944,12.950186631367616,0.5393890142440796,0.5414581298828125,0.4960759878158569,0.5605025887489319,6ed147cd585e5e8083292683f9be3cf585e97e4d46fa0e3224d24a4e2b42cbbb,f83baf5732ffbf88b9a448a3d9ab9fa270f7495fe44d1559c1ac49795a30881a,canonical_h5_cross_model_6ed147cd_f83baf57_596f1d05ff47
5,3,2023-10-04,2023-10-09,13.67,0,0,0,17.11,13.101377953779094,12.757733459728351,13.579677908631131,0.5884270668029785,0.5555824041366577,0.5044804215431213,0.5619977116584778,6ed147cd585e5e8083292683f9be3cf585e97e4d46fa0e3224d24a4e2b42cbbb,f83baf5732ffbf88b9a448a3d9ab9fa270f7495fe44d1559c1ac49795a30881a,canonical_h5_cross_model_6ed147cd_f83baf57_596f1d05ff47
5,3,2023-10-05,2023-10-10,11.98,0,0,0,17.09,13.515710274073346,12.824355848778294,13.72437611089846,0.6061673760414124,0.5807763934135437,0.5081764459609985,0.5942187309265137,6ed147cd585e5e8083292683f9be3cf585e97e4d46fa0e3224d24a4e2b42cbbb,f83baf5732ffbf88b9a448a3d9ab9fa270f7495fe44d1559c1ac49795a30881a,canonical_h5_cross_model_6ed147cd_f83baf57_596f1d05ff47
5,3,2023-10-06,2023-10-11,10.32,0,0,0,14.6,13.753031406411068,12.829572611822364,13.555845102517372,0.4666859209537506,0.5557297468185425,0.5263086557388306,0.6019899845123291,6ed147cd585e5e8083292683f9be3cf585e97e4d46fa0e3224d24a4e2b42cbbb,f83baf5732ffbf88b9a448a3d9ab9fa270f7495fe44d1559c1ac49795a30881a,canonical_h5_cross_model_6ed147cd_f83baf57_596f1d05ff47
5,3,2023-10-07,2023-10-12,17.41,1,1,1,15.72,13.29129165744279,12.703333462728915,13.88299222618352,0.5973209142684937,0.5511555671691895,0.527292788028717,0.6045780777931213,6ed147cd585e5e8083292683f9be3cf585e97e4d46fa0e3224d24a4e2b42cbbb,f83baf5732ffbf88b9a448a3d9ab9fa270f7495fe44d1559c1ac49795a30881a,canonical_h5_cross_model_6ed147cd_f83baf57_596f1d05ff47
5,3,2023-10-08,2023-10-13,17.69,1,1,1,16.32,13.742939501967934,12.7514567677169,14.404849526604991,0.6236922740936279,0.5498435497283936,0.5426597595214844,0.5764644742012024,6ed147cd585e5e8083292683f9be3cf585e97e4d46fa0e3224d24a4e2b42cbbb,f83baf5732ffbf88b9a448a3d9ab9fa270f7495fe44d1559c1ac49795a30881a,canonical_h5_cross_model_6ed147cd_f83baf57_596f1d05ff47
5,3,2023-10-09,2023-10-14,16.43,1,1,0,13.67,13.994812327664787,12.83959670143408,14.62349127199305,0.5670577883720398,0.5590114593505859,0.5545188188552856,0.5656378865242004,6ed147cd585e5e8083292683f9be3cf585e97e4d46fa0e3224d24a4e2b42cbbb,f83baf5732ffbf88b9a448a3d9ab9fa270f7495fe44d1559c1ac49795a30881a,canonical_h5_cross_model_6ed147cd_f83baf57_596f1d05ff47
5,3,2023-10-10,2023-10-15,16.92,1,1,0,11.98,13.721768667108025,12.75600726437405,14.36770082259718,0.4581070244312286,0.5556000471115112,0.5570858120918274,0.5587248206138611,6ed147cd585e5e8083292683f9be3cf585e97e4d46fa0e3224d24a4e2b42cbbb,f83baf5732ffbf88b9a448a3d9ab9fa270f7495fe44d1559c1ac49795a30881a,canonical_h5_cross_model_6ed147cd_f83baf57_596f1d05ff47
5,3,2023-10-11,2023-10-16,16.98,1,1,0,10.32,13.46759491145326,12.647660028586094,13.334499048293145,0.512039303779602,0.5374511480331421,0.5381431579589844,0.5463512539863586,6ed147cd585e5e8083292683f9be3cf585e97e4d46fa0e3224d24a4e2b42cbbb,f83baf5732ffbf88b9a448a3d9ab9fa270f7495fe44d1559c1ac49795a30881a,canonical_h5_cross_model_6ed147cd_f83baf57_596f1d05ff47
5,3,2023-10-12,2023-10-17,16.64,1,1,0,17.41,12.870504533183851,12.508978133645416,13.369786931077066,0.5590126514434814,0.5607750415802002,0.5418356657028198,0.5330929756164551,6ed147cd585e5e8083292683f9be3cf585e97e4d46fa0e3224d24a4e2b42cbbb,f83baf5732ffbf88b9a448a3d9ab9fa270f7495fe44d1559c1ac49795a30881a,canonical_h5_cross_model_6ed147cd_f83baf57_596f1d05ff47
5,3,2023-10-13,2023-10-18,16.4,1,1,0,17.69,13.749935158383543,12.82686873005946,13.879784572321928,0.5599187612533569,0.5826099514961243,0.5541536211967468,0.5760807394981384,6ed147cd585e5e8083292683f9be3cf585e97e4d46fa0e3224d24a4e2b42cbbb,f83baf5732ffbf88b9a448a3d9ab9fa270f7495fe44d1559c1ac49795a30881a,canonical_h5_cross_model_6ed147cd_f83baf57_596f1d05ff47
5,3,2023-10-14,2023-10-19,16.8,1,1,0,16.43,13.95264989380151,12.870544548563169,14.538637642873208,0.5754571557044983,0.587230920791626,0.5429373383522034,0.5887163877487183,6ed147cd585e5e8083292683f9be3cf585e97e4d46fa0e3224d24a4e2b42cbbb,f83baf5732ffbf88b9a448a3d9ab9fa270f7495fe44d1559c1ac49795a30881a,canonical_h5_cross_model_6ed147cd_f83baf57_596f1d05ff47
5,3,2023-10-15,2023-10-20,17.82,1,1,1,16.92,13.73737983506768,12.82283054864306,14.758409537568058,0.6632353067398071,0.5842075347900391,0.5417052507400513,0.613170862197876,6ed147cd585e5e8083292683f9be3cf585e97e4d46fa0e3224d24a4e2b42cbbb,f83baf5732ffbf88b9a448a3d9ab9fa270f7495fe44d1559c1ac49795a30881a,canonical_h5_cross_model_6ed147cd_f83baf57_596f1d05ff47
5,3,2023-10-16,2023-10-21,16.32,1,1,0,16.98,13.899598178704238,12.851457742864625,14.521498015425951,0.5609986782073975,0.5852584838867188,0.541611909866333,0.6203441023826599,6ed147cd585e5e8083292683f9be3cf585e97e4d46fa0e3224d24a4e2b42cbbb,f83baf5732ffbf88b9a448a3d9ab9fa270f7495fe44d1559c1ac49795a30881a,canonical_h5_cross_model_6ed147cd_f83baf57_596f1d05ff47
5,3,2023-10-17,2023-10-22,13.3,0,0,0,16.64,13.969791515232163,12.887536468524264,15.181308983386138,0.5670639276504517,0.5984975099563599,0.5627420544624329,0.6079463362693787,6ed147cd585e5e8083292683f9be3cf585e97e4d46fa0e3224d24a4e2b42cbbb,f83baf5732ffbf88b9a448a3d9ab9fa270f7495fe44d1559c1ac49795a30881a,canonical_h5_cross_model_6ed147cd_f83baf57_596f1d05ff47
5,3,2023-10-18,2023-10-23,15.79,1,0,0,16.4,13.876294577753656,12.91910484386979,15.46275182211274,0.6329824924468994,0.621146023273468,0.5747974514961243,0.6227995753288269,6ed147cd585e5e8083292683f9be3cf585e97e4d46fa0e3224d24a4e2b42cbbb,f83baf5732ffbf88b9a448a3d9ab9fa270f7495fe44d1559c1ac49795a30881a,canonical_h5_cross_model_6ed147cd_f83baf57_596f1d05ff47
5,3,2023-10-19,2023-10-24,15.18,1,0,0,16.8,13.970220583834106,12.96896671526185,14.686633005807256,0.7141827344894409,0.6164908409118652,0.5618212223052979,0.6417651176452637,6ed147cd585e5e8083292683f9be3cf585e97e4d46fa0e3224d24a4e2b42cbbb,f83baf5732ffbf88b9a448a3d9ab9fa270f7495fe44d1559c1ac49795a30881a,canonical_h5_cross_model_6ed147cd_f83baf57_596f1d05ff47
5,3,2023-10-20,2023-10-25,17.23,1,1,1,17.82,14.617868529198825,12.98176748624994,14.88423675658552,0.7957538366317749,0.6103503108024597,0.5567227602005005,0.6289715766906738,6ed147cd585e5e8083292683f9be3cf585e97e4d46fa0e3224d24a4e2b42cbbb,f83baf5732ffbf88b9a448a3d9ab9fa270f7495fe44d1559c1ac49795a30881a,canonical_h5_cross_model_6ed147cd_f83baf57_596f1d05ff47
5,3,2023-10-21,2023-10-26,17.98,1,1,1,16.32,14.815327032275665,13.029221726212514,14.993788743016063,0.7464249730110168,0.6207666993141174,0.5637507438659668,0.6428483724594116,6ed147cd585e5e8083292683f9be3cf585e97e4d46fa0e3224d24a4e2b42cbbb,f83baf5732ffbf88b9a448a3d9ab9fa270f7495fe44d1559c1ac49795a30881a,canonical_h5_cross_model_6ed147cd_f83baf57_596f1d05ff47
5,3,2023-10-22,2023-10-27,16.37,1,1,0,13.3,14.566451627367776,12.96283863323843,15.02337413145888,0.708580493927002,0.6068392992019653,0.577375590801239,0.6259336471557617,6ed147cd585e5e8083292683f9be3cf585e97e4d46fa0e3224d24a4e2b42cbbb,f83baf5732ffbf88b9a448a3d9ab9fa270f7495fe44d1559c1ac49795a30881a,canonical_h5_cross_model_6ed147cd_f83baf57_596f1d05ff47
5,3,2023-10-23,2023-10-28,16.44,1,1,0,15.79,13.971920526627844,12.794906582522191,15.207095222039706,0.6785738468170166,0.5924490690231323,0.5675132274627686,0.611156702041626,6ed147cd585e5e8083292683f9be3cf585e97e4d46fa0e3224d24a4e2b42cbbb,f83baf5732ffbf88b9a448a3d9ab9fa270f7495fe44d1559c1ac49795a30881a,canonical_h5_cross_model_6ed147cd_f83baf57_596f1d05ff47
5,3,2023-10-24,2023-10-29,14.12,0,0,0,15.18,14.144433824274705,12.894475720226858,14.825095943090655,0.7769831418991089,0.6041672825813293,0.5755327343940735,0.6327385902404785,6ed147cd585e5e8083292683f9be3cf585e97e4d46fa0e3224d24a4e2b42cbbb,f83baf5732ffbf88b9a448a3d9ab9fa270f7495fe44d1559c1ac49795a30881a,canonical_h5_cross_model_6ed147cd_f83baf57_596f1d05ff47
5,3,2023-10-25,2023-10-30,15.59,1,0,0,17.23,14.08408172304759,12.854254048895015,14.99166978979141,0.8450093865394592,0.6125775575637817,0.5707471966743469,0.6194713115692139,6ed147cd585e5e8083292683f9be3cf585e97e4d46fa0e3224d24a4e2b42cbbb,f83baf5732ffbf88b9a448a3d9ab9fa270f7495fe44d1559c1ac49795a30881a,canonical_h5_cross_model_6ed147cd_f83baf57_596f1d05ff47
5,3,2023-10-26,2023-10-31,17.76,1,1,1,17.98,14.76170350625839,12.954079943163354,14.926796518564672,0.7946783304214478,0.6085668802261353,0.5701705813407898,0.625797688961029,6ed147cd585e5e8083292683f9be3cf585e97e4d46fa0e3224d24a4e2b42cbbb,f83baf5732ffbf88b9a448a3d9ab9fa270f7495fe44d1559c1ac49795a30881a,canonical_h5_cross_model_6ed147cd_f83baf57_596f1d05ff47
